dt,open,high,low,close,volume
2010-02-22 00:00:00+09:00,10010.0,10275.0,10010.0,10165.0,125001.0
2010-02-23 00:00:00+09:00,10165.0,10215.0,10025.0,10165.0,261358.0
2010-02-24 00:00:00+09:00,10060.0,10060.0,9865.0,9935.0,465118.0
2010-02-25 00:00:00+09:00,10050.0,10050.0,9545.0,9605.0,971853.0
2010-02-26 00:00:00+09:00,9655.0,9745.0,9585.0,9675.0,483447.0
2010-03-02 00:00:00+09:00,9855.0,10025.0,9845.0,9970.0,816285.0
2010-03-03 00:00:00+09:00,9975.0,10030.0,9935.0,10000.0,409382.0
2010-03-04 00:00:00+09:00,10010.0,10150.0,9925.0,9980.0,415601.0
2010-03-05 00:00:00+09:00,10015.0,10245.0,10015.0,10245.0,413305.0
2010-03-08 00:00:00+09:00,10450.0,10605.0,10450.0,10605.0,523893.0
2010-03-09 00:00:00+09:00,10575.0,10580.0,10515.0,10555.0,395700.0
2010-03-10 00:00:00+09:00,10605.0,10605.0,10475.0,10540.0,595403.0
2010-03-11 00:00:00+09:00,10600.0,10665.0,10465.0,10475.0,549665.0
2010-03-12 00:00:00+09:00,10570.0,10620.0,10420.0,10525.0,583673.0
2010-03-15 00:00:00+09:00,10550.0,10580.0,10220.0,10315.0,955705.0
2010-03-16 00:00:00+09:00,10355.0,10395.0,10245.0,10340.0,447756.0
2010-03-17 00:00:00+09:00,10450.0,10785.0,10450.0,10780.0,683255.0
2010-03-18 00:00:00+09:00,10680.0,10825.0,10650.0,10675.0,840897.0
2010-03-19 00:00:00+09:00,10760.0,10850.0,10680.0,10825.0,797673.0
2010-03-22 00:00:00+09:00,10745.0,10745.0,10465.0,10580.0,1254493.0
2010-03-23 00:00:00+09:00,10670.0,10840.0,10670.0,10765.0,599310.0
2010-03-24 00:00:00+09:00,10965.0,10965.0,10720.0,10765.0,1003363.0
2010-03-25 00:00:00+09:00,10765.0,10860.0,10740.0,10835.0,708843.0
2010-03-26 00:00:00+09:00,10840.0,10935.0,10685.0,10900.0,955701.0
2010-03-29 00:00:00+09:00,10740.0,10970.0,10735.0,10850.0,840254.0
2010-03-30 00:00:00+09:00,10975.0,11000.0,10930.0,10980.0,707185.0
2010-03-31 00:00:00+09:00,10985.0,11005.0,10855.0,10885.0,656581.0
2010-04-01 00:00:00+09:00,10890.0,11290.0,10890.0,11245.0,872533.0
2010-04-02 00:00:00+09:00,11310.0,11375.0,11230.0,11370.0,855473.0
2010-04-05 00:00:00+09:00,11485.0,11485.0,11330.0,11485.0,827242.0
2010-04-06 00:00:00+09:00,11515.0,11560.0,11415.0,11480.0,744603.0
2010-04-07 00:00:00+09:00,11480.0,11535.0,11450.0,11455.0,615961.0
2010-04-08 00:00:00+09:00,11390.0,11545.0,11380.0,11495.0,968367.0
2010-04-09 00:00:00+09:00,11505.0,11550.0,11195.0,11400.0,1629813.0
2010-04-12 00:00:00+09:00,11460.0,11520.0,11105.0,11210.0,1960438.0
2010-04-13 00:00:00+09:00,11245.0,11270.0,11030.0,11175.0,1739466.0
2010-04-14 00:00:00+09:00,11230.0,11545.0,11225.0,11510.0,1969678.0
2010-04-15 00:00:00+09:00,11650.0,11655.0,11460.0,11575.0,1699393.0
2010-04-16 00:00:00+09:00,11520.0,11555.0,11280.0,11410.0,1805478.0
2010-04-19 00:00:00+09:00,11180.0,11290.0,10985.0,11020.0,1963118.0
2010-04-20 00:00:00+09:00,11120.0,11225.0,11070.0,11165.0,1392466.0
2010-04-21 00:00:00+09:00,11250.0,11600.0,11250.0,11550.0,1750223.0
2010-04-22 00:00:00+09:00,11500.0,11500.0,11265.0,11410.0,1321044.0
2010-04-23 00:00:00+09:00,11500.0,11520.0,11335.0,11385.0,1514035.0
2010-04-26 00:00:00+09:00,11550.0,11750.0,11505.0,11630.0,1507517.0
2010-04-27 00:00:00+09:00,11630.0,11650.0,11515.0,11605.0,1076457.0
2010-04-28 00:00:00+09:00,11280.0,11315.0,11115.0,11300.0,2015047.0
2010-04-29 00:00:00+09:00,11370.0,11380.0,11160.0,11295.0,1505462.0
2010-04-30 00:00:00+09:00,11400.0,11525.0,11400.0,11455.0,1609796.0
2010-05-03 00:00:00+09:00,11385.0,11455.0,11100.0,11140.0,1999341.0
2010-05-04 00:00:00+09:00,11260.0,11305.0,11050.0,11115.0,1865322.0
2010-05-06 00:00:00+09:00,10660.0,11095.0,10565.0,10620.0,2407801.0
2010-05-07 00:00:00+09:00,10130.0,10285.0,9905.0,10135.0,3318924.0
2010-05-10 00:00:00+09:00,10240.0,10525.0,10215.0,10500.0,1953207.0
2010-05-11 00:00:00+09:00,10750.0,10755.0,10325.0,10355.0,2834261.0
2010-05-12 00:00:00+09:00,10445.0,10590.0,10310.0,10310.0,1891276.0
2010-05-13 00:00:00+09:00,10510.0,10800.0,10510.0,10695.0,1743660.0
2010-05-14 00:00:00+09:00,10580.0,10780.0,10420.0,10685.0,1659526.0
2010-05-17 00:00:00+09:00,10425.0,10425.0,10090.0,10160.0,2988649.0
2010-05-18 00:00:00+09:00,10235.0,10285.0,9970.0,10095.0,2712558.0
2010-05-19 00:00:00+09:00,9965.0,9970.0,9630.0,9845.0,4025330.0
2010-05-20 00:00:00+09:00,9745.0,9955.0,9465.0,9565.0,2809296.0
2010-05-24 00:00:00+09:00,9400.0,9755.0,9400.0,9635.0,2585186.0
2010-05-25 00:00:00+09:00,9485.0,9485.0,8975.0,9120.0,5817346.0
2010-05-26 00:00:00+09:00,9240.0,9420.0,9060.0,9250.0,3830423.0
2010-05-27 00:00:00+09:00,9140.0,9620.0,9100.0,9570.0,3424662.0
2010-05-28 00:00:00+09:00,9765.0,9820.0,9615.0,9800.0,3557822.0
2010-05-31 00:00:00+09:00,9730.0,9975.0,9715.0,9950.0,3062322.0
2010-06-01 00:00:00+09:00,9890.0,9995.0,9850.0,9890.0,2515831.0
2010-06-03 00:00:00+09:00,10015.0,10375.0,9980.0,10340.0,2328654.0
2010-06-04 00:00:00+09:00,10365.0,10400.0,10260.0,10360.0,2125914.0
2010-06-07 00:00:00+09:00,9920.0,10030.0,9795.0,10005.0,3179127.0
2010-06-08 00:00:00+09:00,9970.0,10265.0,9880.0,10205.0,3153983.0
2010-06-09 00:00:00+09:00,10225.0,10240.0,10020.0,10090.0,2648229.0
2010-06-10 00:00:00+09:00,10120.0,10310.0,10025.0,10200.0,3084847.0
2010-06-11 00:00:00+09:00,10425.0,10550.0,10315.0,10500.0,3503401.0
2010-06-14 00:00:00+09:00,10605.0,10845.0,10580.0,10720.0,2457916.0
2010-06-15 00:00:00+09:00,10750.0,10825.0,10620.0,10740.0,2033721.0
2010-06-16 00:00:00+09:00,11010.0,11010.0,10820.0,10900.0,2659246.0
2010-06-17 00:00:00+09:00,10905.0,10975.0,10865.0,10905.0,1500339.0
2010-06-18 00:00:00+09:00,10925.0,10970.0,10850.0,10930.0,1939285.0
2010-06-21 00:00:00+09:00,11100.0,11360.0,11090.0,11295.0,3515036.0
2010-06-22 00:00:00+09:00,11210.0,11230.0,11110.0,11180.0,1698592.0
2010-06-23 00:00:00+09:00,11020.0,11200.0,11020.0,11075.0,1985684.0
2010-06-24 00:00:00+09:00,11095.0,11300.0,11030.0,11225.0,1839712.0
2010-06-25 00:00:00+09:00,11055.0,11160.0,10975.0,11060.0,2628016.0
2010-06-28 00:00:00+09:00,11140.0,11165.0,11010.0,11115.0,1740961.0
2010-06-29 00:00:00+09:00,11135.0,11240.0,10800.0,10810.0,3360240.0
2010-06-30 00:00:00+09:00,10530.0,10640.0,10445.0,10590.0,2830728.0
2010-07-01 00:00:00+09:00,10440.0,10575.0,10140.0,10380.0,3929774.0
2010-07-02 00:00:00+09:00,10400.0,10475.0,10200.0,10240.0,2276258.0
2010-07-05 00:00:00+09:00,10260.0,10340.0,10180.0,10300.0,1390457.0
2010-07-06 00:00:00+09:00,10250.0,10435.0,9950.0,10375.0,3990453.0
2010-07-07 00:00:00+09:00,10430.0,10435.0,10150.0,10260.0,2533701.0
2010-07-08 00:00:00+09:00,10505.0,10650.0,10505.0,10630.0,2928142.0
2010-07-09 00:00:00+09:00,10760.0,10980.0,10605.0,10965.0,4127959.0
2010-07-12 00:00:00+09:00,11050.0,11065.0,10955.0,11050.0,2123613.0
2010-07-13 00:00:00+09:00,11070.0,11345.0,11070.0,11155.0,3446609.0
2010-07-14 00:00:00+09:00,11370.0,11565.0,11355.0,11480.0,2696886.0
2010-07-15 00:00:00+09:00,11425.0,11480.0,11345.0,11380.0,2345500.0
2010-07-16 00:00:00+09:00,11365.0,11405.0,11150.0,11180.0,2962303.0
2010-07-19 00:00:00+09:00,10870.0,11150.0,10840.0,11000.0,2737512.0
2010-07-20 00:00:00+09:00,11010.0,11120.0,10870.0,11055.0,2915241.0
2010-07-21 00:00:00+09:00,11240.0,11330.0,11115.0,11280.0,2846332.0
2010-07-22 00:00:00+09:00,11125.0,11315.0,11090.0,11110.0,2568602.0
2010-07-23 00:00:00+09:00,11375.0,11450.0,11265.0,11400.0,2826669.0
2010-07-26 00:00:00+09:00,11520.0,11580.0,11405.0,11560.0,2255981.0
2010-07-27 00:00:00+09:00,11640.0,11645.0,11550.0,11555.0,2226665.0
2010-07-28 00:00:00+09:00,11500.0,11680.0,11500.0,11680.0,2300548.0
2010-07-29 00:00:00+09:00,11620.0,11670.0,11570.0,11610.0,1720195.0
2010-07-30 00:00:00+09:00,11575.0,11605.0,11400.0,11410.0,2937674.0
2010-08-02 00:00:00+09:00,11525.0,11780.0,11515.0,11740.0,2307311.0
2010-08-03 00:00:00+09:00,11915.0,11915.0,11780.0,11840.0,2415887.0
2010-08-04 00:00:00+09:00,11875.0,11880.0,11660.0,11775.0,2215718.0
2010-08-05 00:00:00+09:00,11855.0,11930.0,11630.0,11760.0,3201402.0
2010-08-06 00:00:00+09:00,11705.0,11775.0,11585.0,11725.0,1905935.0
2010-08-09 00:00:00+09:00,11655.0,11795.0,11590.0,11795.0,1387908.0
2010-08-10 00:00:00+09:00,11795.0,11835.0,11640.0,11670.0,2219452.0
2010-08-11 00:00:00+09:00,11550.0,11610.0,11275.0,11280.0,3324948.0
2010-08-12 00:00:00+09:00,11045.0,11090.0,10870.0,10870.0,2423623.0
2010-08-13 00:00:00+09:00,10945.0,11130.0,10855.0,11105.0,2057113.0
2010-08-16 00:00:00+09:00,11065.0,11075.0,10715.0,11055.0,3342640.0
2010-08-17 00:00:00+09:00,11020.0,11255.0,10900.0,11255.0,2496399.0
2010-08-18 00:00:00+09:00,11285.0,11350.0,11200.0,11325.0,2794495.0
2010-08-19 00:00:00+09:00,11315.0,11675.0,11305.0,11650.0,2150478.0
2010-08-20 00:00:00+09:00,11500.0,11620.0,11440.0,11540.0,2065548.0
2010-08-23 00:00:00+09:00,11565.0,11785.0,11475.0,11500.0,3619722.0
2010-08-24 00:00:00+09:00,11445.0,11550.0,11195.0,11350.0,3398759.0
2010-08-25 00:00:00+09:00,11220.0,11270.0,11020.0,11020.0,3589358.0
2010-08-26 00:00:00+09:00,11105.0,11140.0,10955.0,10960.0,2653073.0
2010-08-27 00:00:00+09:00,10860.0,11000.0,10810.0,10930.0,2543331.0
2010-08-30 00:00:00+09:00,11180.0,11375.0,11145.0,11370.0,2380858.0
2010-08-31 00:00:00+09:00,11170.0,11250.0,11035.0,11040.0,2849817.0
2010-09-01 00:00:00+09:00,11110.0,11425.0,11110.0,11365.0,2355485.0
2010-09-02 00:00:00+09:00,11620.0,11630.0,11390.0,11520.0,3266041.0
2010-09-03 00:00:00+09:00,11575.0,11645.0,11515.0,11530.0,2345277.0
2010-09-06 00:00:00+09:00,11670.0,11715.0,11625.0,11705.0,1504725.0
2010-09-07 00:00:00+09:00,11705.0,11725.0,11625.0,11625.0,1394570.0
2010-09-08 00:00:00+09:00,11540.0,11570.0,11395.0,11485.0,2338351.0
2010-09-09 00:00:00+09:00,11525.0,11640.0,11425.0,11570.0,2873768.0
2010-09-10 00:00:00+09:00,11620.0,11920.0,11620.0,11820.0,2737790.0
2010-09-13 00:00:00+09:00,11900.0,12080.0,11900.0,12045.0,2109302.0
2010-09-14 00:00:00+09:00,12080.0,12115.0,12005.0,12030.0,3236992.0
2010-09-15 00:00:00+09:00,12045.0,12190.0,11990.0,12100.0,2666402.0
2010-09-16 00:00:00+09:00,12120.0,12130.0,11945.0,11945.0,1950046.0
2010-09-17 00:00:00+09:00,12020.0,12175.0,11970.0,12160.0,2027380.0
2010-09-20 00:00:00+09:00,12080.0,12230.0,11980.0,12160.0,2104022.0
2010-09-24 00:00:00+09:00,12105.0,12315.0,12085.0,12280.0,2221585.0
2010-09-27 00:00:00+09:00,12430.0,12515.0,12395.0,12475.0,2073888.0
2010-09-28 00:00:00+09:00,12415.0,12515.0,12415.0,12455.0,1331268.0
2010-09-29 00:00:00+09:00,12520.0,12750.0,12515.0,12615.0,1538809.0
2010-09-30 00:00:00+09:00,12640.0,12680.0,12580.0,12630.0,1658921.0
2010-10-01 00:00:00+09:00,12675.0,12880.0,12630.0,12765.0,2067292.0
2010-10-04 00:00:00+09:00,12860.0,12860.0,12730.0,12740.0,2495291.0
2010-10-05 00:00:00+09:00,12670.0,12820.0,12660.0,12790.0,2093690.0
2010-10-06 00:00:00+09:00,13010.0,13170.0,12950.0,13150.0,1692478.0
2010-10-07 00:00:00+09:00,13140.0,13150.0,13045.0,13080.0,2111649.0
2010-10-08 00:00:00+09:00,13100.0,13120.0,12950.0,13005.0,2601023.0
2010-10-11 00:00:00+09:00,13140.0,13150.0,12900.0,12900.0,1949344.0
2010-10-12 00:00:00+09:00,12900.0,13000.0,12500.0,12575.0,4169081.0
2010-10-13 00:00:00+09:00,12660.0,12750.0,12550.0,12675.0,2446414.0
2010-10-14 00:00:00+09:00,12800.0,13005.0,12785.0,13005.0,2598144.0
2010-10-15 00:00:00+09:00,13005.0,13075.0,12915.0,13055.0,2045435.0
2010-10-18 00:00:00+09:00,13060.0,13075.0,12595.0,12595.0,3526820.0
2010-10-19 00:00:00+09:00,12695.0,12720.0,12360.0,12365.0,2788030.0
2010-10-20 00:00:00+09:00,12245.0,12580.0,12075.0,12505.0,4799044.0
2010-10-21 00:00:00+09:00,12585.0,12600.0,12315.0,12590.0,3144701.0
2010-10-22 00:00:00+09:00,12650.0,12925.0,12645.0,12895.0,2858777.0
2010-10-25 00:00:00+09:00,12945.0,13245.0,12925.0,13165.0,2639229.0
2010-10-26 00:00:00+09:00,13160.0,13205.0,13070.0,13190.0,2301810.0
2010-10-27 00:00:00+09:00,13190.0,13235.0,12905.0,12955.0,3315421.0
2010-10-28 00:00:00+09:00,12975.0,13040.0,12915.0,12975.0,1538776.0
2010-10-29 00:00:00+09:00,13025.0,13065.0,12565.0,12595.0,3373185.0
2010-11-01 00:00:00+09:00,12705.0,13085.0,12585.0,13085.0,2550420.0
2010-11-02 00:00:00+09:00,13020.0,13155.0,12980.0,13100.0,2578319.0
2010-11-03 00:00:00+09:00,13180.0,13485.0,13180.0,13360.0,4270374.0
2010-11-04 00:00:00+09:00,13415.0,13500.0,13395.0,13460.0,1659885.0
2010-11-05 00:00:00+09:00,13800.0,13865.0,13465.0,13465.0,2986904.0
2010-11-08 00:00:00+09:00,13600.0,13620.0,13360.0,13550.0,1940215.0
2010-11-09 00:00:00+09:00,13600.0,13615.0,13435.0,13595.0,1485224.0
2010-11-10 00:00:00+09:00,13565.0,13930.0,13545.0,13930.0,2125803.0
2010-11-11 00:00:00+09:00,13895.0,14110.0,13835.0,13870.0,2609087.0
2010-11-12 00:00:00+09:00,13775.0,13855.0,13100.0,13225.0,6164258.0
2010-11-15 00:00:00+09:00,13185.0,13440.0,13155.0,13265.0,2899902.0
2010-11-16 00:00:00+09:00,13265.0,13340.0,12965.0,13070.0,4100986.0
2010-11-17 00:00:00+09:00,12920.0,13200.0,12825.0,13045.0,2517348.0
2010-11-18 00:00:00+09:00,13110.0,13480.0,13110.0,13470.0,2827326.0
2010-11-19 00:00:00+09:00,13540.0,13635.0,13445.0,13620.0,2675930.0
2010-11-22 00:00:00+09:00,13750.0,13860.0,13635.0,13755.0,3406364.0
2010-11-23 00:00:00+09:00,13670.0,13705.0,13365.0,13505.0,3510141.0
2010-11-24 00:00:00+09:00,13190.0,13575.0,12960.0,13540.0,4644409.0
2010-11-25 00:00:00+09:00,13615.0,13675.0,13370.0,13560.0,3130537.0
2010-11-26 00:00:00+09:00,13595.0,13680.0,13200.0,13250.0,4385016.0
2010-11-29 00:00:00+09:00,13205.0,13450.0,13070.0,13170.0,3739577.0
2010-11-30 00:00:00+09:00,13170.0,13475.0,13100.0,13340.0,4047397.0
2010-12-01 00:00:00+09:00,13350.0,13575.0,13265.0,13575.0,3347467.0
2010-12-02 00:00:00+09:00,13725.0,13910.0,13710.0,13865.0,3120879.0
2010-12-03 00:00:00+09:00,13955.0,14080.0,13950.0,14075.0,2667979.0
2010-12-06 00:00:00+09:00,14105.0,14125.0,14000.0,14085.0,1983150.0
2010-12-07 00:00:00+09:00,14085.0,14230.0,14060.0,14210.0,2166522.0
2010-12-08 00:00:00+09:00,14205.0,14290.0,14080.0,14080.0,2303519.0
2010-12-09 00:00:00+09:00,14160.0,14520.0,14150.0,14520.0,2075171.0
2010-12-10 00:00:00+09:00,14520.0,14580.0,14435.0,14565.0,2294768.0
2010-12-13 00:00:00+09:00,14660.0,14790.0,14565.0,14790.0,2202641.0
2010-12-14 00:00:00+09:00,14820.0,14915.0,14765.0,14890.0,1853290.0
2010-12-15 00:00:00+09:00,14925.0,14945.0,14825.0,14935.0,2053039.0
2010-12-16 00:00:00+09:00,14875.0,15040.0,14830.0,14885.0,2407004.0
2010-12-17 00:00:00+09:00,14950.0,15205.0,14920.0,15170.0,2312430.0
2010-12-20 00:00:00+09:00,14950.0,15170.0,14855.0,15160.0,4938442.0
2010-12-21 00:00:00+09:00,15305.0,15550.0,15300.0,15465.0,2052029.0
2010-12-22 00:00:00+09:00,15505.0,15520.0,15430.0,15495.0,1710860.0
2010-12-23 00:00:00+09:00,15515.0,15530.0,15370.0,15450.0,1969787.0
2010-12-24 00:00:00+09:00,15450.0,15530.0,15360.0,15360.0,1531166.0
2010-12-27 00:00:00+09:00,15280.0,15450.0,15230.0,15290.0,2037862.0
2010-12-28 00:00:00+09:00,15310.0,15595.0,15310.0,15520.0,2507616.0
2010-12-29 00:00:00+09:00,15600.0,15815.0,15535.0,15815.0,2003760.0
2010-12-30 00:00:00+09:00,15890.0,15995.0,15845.0,15965.0,1955026.0
2011-01-03 00:00:00+09:00,16090.0,16210.0,16055.0,16190.0,1757767.0
2011-01-04 00:00:00+09:00,16300.0,16405.0,16200.0,16405.0,1998798.0
2011-01-05 00:00:00+09:00,16390.0,16430.0,16335.0,16425.0,1646904.0
2011-01-06 00:00:00+09:00,16500.0,16570.0,16185.0,16295.0,2841958.0
2011-01-07 00:00:00+09:00,16225.0,16450.0,16190.0,16440.0,2247093.0
2011-01-10 00:00:00+09:00,16380.0,16405.0,16095.0,16240.0,2766120.0
2011-01-11 00:00:00+09:00,16250.0,16345.0,15935.0,16325.0,2880571.0
2011-01-12 00:00:00+09:00,16355.0,16470.0,16305.0,16435.0,1880001.0
2011-01-13 00:00:00+09:00,16525.0,16690.0,16290.0,16510.0,4169109.0
2011-01-14 00:00:00+09:00,16510.0,16680.0,16250.0,16655.0,3755345.0
2011-01-17 00:00:00+09:00,16720.0,16810.0,16560.0,16560.0,2421093.0
2011-01-18 00:00:00+09:00,16510.0,16745.0,16450.0,16485.0,2586934.0
2011-01-19 00:00:00+09:00,16620.0,16815.0,16325.0,16790.0,3597138.0
2011-01-20 00:00:00+09:00,16700.0,16730.0,16570.0,16620.0,2880572.0
2011-01-21 00:00:00+09:00,16545.0,16595.0,16015.0,16030.0,5432348.0
2011-01-24 00:00:00+09:00,15965.0,16205.0,15950.0,16170.0,3465434.0
2011-01-25 00:00:00+09:00,16320.0,16550.0,16275.0,16325.0,3304402.0
2011-01-26 00:00:00+09:00,16380.0,16720.0,16365.0,16700.0,2280289.0
2011-01-27 00:00:00+09:00,16740.0,16820.0,16665.0,16745.0,2231456.0
2011-01-28 00:00:00+09:00,16710.0,16795.0,16500.0,16650.0,3285737.0
2011-01-31 00:00:00+09:00,16320.0,16430.0,16110.0,16150.0,4035147.0
2011-02-01 00:00:00+09:00,16300.0,16315.0,16100.0,16150.0,1749121.0
2011-02-07 00:00:00+09:00,16470.0,16665.0,16245.0,16245.0,3048721.0
2011-02-08 00:00:00+09:00,16370.0,16380.0,16000.0,16030.0,3002822.0
2011-02-09 00:00:00+09:00,16095.0,16110.0,15600.0,15640.0,3980138.0
2011-02-10 00:00:00+09:00,15610.0,15615.0,15135.0,15180.0,5245033.0
2011-02-11 00:00:00+09:00,15180.0,15330.0,14640.0,14695.0,6058439.0
2011-02-14 00:00:00+09:00,14905.0,15220.0,14770.0,15150.0,4025137.0
2011-02-15 00:00:00+09:00,15185.0,15435.0,14985.0,15120.0,4139816.0
2011-02-16 00:00:00+09:00,15050.0,15320.0,14860.0,14875.0,3404031.0
2011-02-17 00:00:00+09:00,14950.0,15100.0,14460.0,14640.0,6161745.0
2011-02-18 00:00:00+09:00,14770.0,15170.0,14730.0,15145.0,4195365.0
2011-02-21 00:00:00+09:00,15170.0,15175.0,14785.0,14965.0,4089031.0
2011-02-22 00:00:00+09:00,14730.0,14755.0,14400.0,14475.0,6374710.0
2011-02-23 00:00:00+09:00,14380.0,14650.0,14335.0,14480.0,4190548.0
2011-02-24 00:00:00+09:00,14435.0,14580.0,14260.0,14275.0,5231525.0
2011-02-25 00:00:00+09:00,14310.0,14435.0,14205.0,14425.0,3841179.0
2011-02-28 00:00:00+09:00,14350.0,14360.0,14120.0,14150.0,5389183.0
2011-03-02 00:00:00+09:00,14000.0,14120.0,13870.0,13940.0,5106653.0
2011-03-03 00:00:00+09:00,14050.0,14505.0,14040.0,14505.0,3606165.0
2011-03-04 00:00:00+09:00,14720.0,15155.0,14705.0,15090.0,4595254.0
2011-03-07 00:00:00+09:00,14990.0,15050.0,14600.0,14600.0,4639122.0
2011-03-08 00:00:00+09:00,14575.0,15045.0,14550.0,14855.0,4229459.0
2011-03-09 00:00:00+09:00,15040.0,15185.0,14800.0,14855.0,5434903.0
2011-03-10 00:00:00+09:00,14850.0,14905.0,14465.0,14585.0,5723968.0
2011-03-11 00:00:00+09:00,14285.0,14405.0,14090.0,14150.0,7473081.0
2011-03-14 00:00:00+09:00,14160.0,14530.0,13935.0,14530.0,6756359.0
2011-03-15 00:00:00+09:00,14470.0,14745.0,13550.0,13900.0,16822123.0
2011-03-16 00:00:00+09:00,14145.0,14465.0,14005.0,14360.0,9073657.0
2011-03-17 00:00:00+09:00,13945.0,14480.0,13850.0,14430.0,8091279.0
2011-03-18 00:00:00+09:00,14560.0,14825.0,14380.0,14695.0,7836089.0
2011-03-21 00:00:00+09:00,14740.0,14955.0,14705.0,14930.0,5439207.0
2011-03-22 00:00:00+09:00,15075.0,15100.0,14955.0,15065.0,4897161.0
2011-03-23 00:00:00+09:00,15080.0,15220.0,14950.0,15045.0,4393276.0
2011-03-24 00:00:00+09:00,15140.0,15460.0,15130.0,15455.0,4530724.0
2011-03-25 00:00:00+09:00,15700.0,15815.0,15630.0,15790.0,4206090.0
2011-03-28 00:00:00+09:00,15815.0,15850.0,15720.0,15815.0,3048028.0
2011-03-29 00:00:00+09:00,15750.0,16050.0,15745.0,16050.0,4190026.0
2011-03-30 00:00:00+09:00,16100.0,16570.0,16080.0,16420.0,4235851.0
2011-03-31 00:00:00+09:00,16555.0,16580.0,16430.0,16580.0,3908361.0
2011-04-01 00:00:00+09:00,16580.0,16835.0,16570.0,16810.0,3686734.0
2011-04-04 00:00:00+09:00,16925.0,16930.0,16640.0,16770.0,4723751.0
2011-04-05 00:00:00+09:00,16770.0,17005.0,16670.0,16990.0,4561057.0
2011-04-06 00:00:00+09:00,16975.0,17115.0,16805.0,16890.0,5500255.0
2011-04-07 00:00:00+09:00,16970.0,17035.0,16675.0,16795.0,6577171.0
2011-04-08 00:00:00+09:00,16740.0,17040.0,16720.0,16835.0,6975658.0
2011-04-11 00:00:00+09:00,16820.0,16940.0,16660.0,16755.0,4703051.0
2011-04-12 00:00:00+09:00,16685.0,16685.0,16220.0,16235.0,6520589.0
2011-04-13 00:00:00+09:00,16210.0,16730.0,16080.0,16730.0,5175121.0
2011-04-14 00:00:00+09:00,16715.0,17030.0,16500.0,17000.0,7849125.0
2011-04-15 00:00:00+09:00,16955.0,17065.0,16790.0,17010.0,5132355.0
2011-04-18 00:00:00+09:00,17090.0,17105.0,16790.0,16925.0,6626493.0
2011-04-19 00:00:00+09:00,16640.0,16885.0,16540.0,16685.0,7756747.0
2011-04-20 00:00:00+09:00,16910.0,17495.0,16910.0,17485.0,5744443.0
2011-04-21 00:00:00+09:00,17800.0,18355.0,17785.0,18100.0,6640420.0
2011-04-22 00:00:00+09:00,18070.0,18150.0,17990.0,18045.0,4380245.0
2011-04-25 00:00:00+09:00,18075.0,18300.0,18030.0,18220.0,4119146.0
2011-04-26 00:00:00+09:00,18200.0,18290.0,18000.0,18095.0,4931821.0
2011-04-27 00:00:00+09:00,18335.0,18590.0,18015.0,18140.0,6734432.0
2011-04-28 00:00:00+09:00,18290.0,18425.0,17940.0,18105.0,5768259.0
2011-04-29 00:00:00+09:00,18155.0,18285.0,17755.0,17890.0,6687460.0
2011-05-02 00:00:00+09:00,17990.0,18590.0,17990.0,18575.0,6064628.0
2011-05-03 00:00:00+09:00,18515.0,18550.0,17975.0,18055.0,7462142.0
2011-05-04 00:00:00+09:00,18055.0,18075.0,17660.0,17670.0,6843952.0
2011-05-06 00:00:00+09:00,17310.0,17350.0,16975.0,17095.0,7293371.0
2011-05-09 00:00:00+09:00,17195.0,17290.0,16865.0,16890.0,6444811.0
2011-05-11 00:00:00+09:00,17140.0,17295.0,16995.0,17275.0,5719633.0
2011-05-12 00:00:00+09:00,16990.0,17080.0,16650.0,16650.0,7475082.0
2011-05-13 00:00:00+09:00,16830.0,16830.0,16325.0,16520.0,7249649.0
2011-05-16 00:00:00+09:00,16330.0,16400.0,16180.0,16240.0,4045218.0
2011-05-17 00:00:00+09:00,16100.0,16340.0,16100.0,16230.0,4458051.0
2011-05-18 00:00:00+09:00,16350.0,16810.0,16300.0,16795.0,4524832.0
2011-05-19 00:00:00+09:00,16820.0,16865.0,16100.0,16130.0,7885135.0
2011-05-20 00:00:00+09:00,16220.0,16410.0,16040.0,16385.0,6027611.0
2011-05-23 00:00:00+09:00,16200.0,16245.0,15580.0,15585.0,8482534.0
2011-05-24 00:00:00+09:00,15540.0,15730.0,15500.0,15595.0,6562596.0
2011-05-25 00:00:00+09:00,15710.0,15915.0,15165.0,15245.0,8074185.0
2011-05-26 00:00:00+09:00,15520.0,16175.0,15515.0,16135.0,6731729.0
2011-05-27 00:00:00+09:00,16015.0,16445.0,15990.0,16200.0,9582279.0
2011-05-30 00:00:00+09:00,16395.0,16500.0,15985.0,16090.0,6984127.0
2011-05-31 00:00:00+09:00,16190.0,17055.0,16180.0,16915.0,9425587.0
2011-06-01 00:00:00+09:00,17000.0,17045.0,16725.0,16910.0,8051051.0
2011-06-02 00:00:00+09:00,16400.0,16645.0,16160.0,16395.0,9236304.0
2011-06-03 00:00:00+09:00,16505.0,16665.0,16370.0,16420.0,6181717.0
2011-06-07 00:00:00+09:00,16200.0,16295.0,16045.0,16250.0,4118580.0
2011-06-08 00:00:00+09:00,16295.0,16330.0,15710.0,15885.0,9513981.0
2011-06-09 00:00:00+09:00,15770.0,15900.0,15600.0,15720.0,6100067.0
2011-06-10 00:00:00+09:00,15925.0,15950.0,15225.0,15275.0,8994350.0
2011-06-13 00:00:00+09:00,15045.0,15445.0,15025.0,15345.0,6915566.0
2011-06-14 00:00:00+09:00,15285.0,15910.0,15220.0,15800.0,9153251.0
2011-06-15 00:00:00+09:00,15935.0,15995.0,15540.0,15900.0,8908125.0
2011-06-16 00:00:00+09:00,15480.0,15640.0,15175.0,15210.0,12592418.0
2011-06-17 00:00:00+09:00,15360.0,15410.0,14645.0,14950.0,13959585.0
2011-06-20 00:00:00+09:00,15005.0,15140.0,14740.0,14740.0,10174404.0
2011-06-21 00:00:00+09:00,14940.0,15270.0,14750.0,15200.0,12464401.0
2011-06-22 00:00:00+09:00,15500.0,15630.0,15380.0,15455.0,8756404.0
2011-06-23 00:00:00+09:00,15350.0,15435.0,15190.0,15255.0,9038659.0
2011-06-24 00:00:00+09:00,15300.0,15830.0,15300.0,15820.0,8553018.0
2011-06-27 00:00:00+09:00,15590.0,15620.0,15285.0,15440.0,12951871.0
2011-06-28 00:00:00+09:00,15745.0,15930.0,15380.0,15380.0,11766906.0
2011-06-29 00:00:00+09:00,15860.0,15945.0,15705.0,15885.0,11367701.0
2011-06-30 00:00:00+09:00,16040.0,16040.0,15815.0,15915.0,9794526.0
2011-07-01 00:00:00+09:00,16260.0,16450.0,16190.0,16325.0,6670048.0
2011-07-04 00:00:00+09:00,16615.0,16825.0,16605.0,16720.0,6232569.0
2011-07-05 00:00:00+09:00,16750.0,17000.0,16730.0,17000.0,6629899.0
2011-07-06 00:00:00+09:00,16900.0,17100.0,16890.0,17100.0,4351206.0
2011-07-07 00:00:00+09:00,17025.0,17335.0,17010.0,17240.0,6614208.0
2011-07-08 00:00:00+09:00,17375.0,17385.0,17160.0,17205.0,7315324.0
2011-07-11 00:00:00+09:00,17045.0,17060.0,16755.0,16795.0,6819246.0
2011-07-12 00:00:00+09:00,16395.0,16475.0,16035.0,16035.0,14396408.0
2011-07-13 00:00:00+09:00,16120.0,16280.0,16000.0,16245.0,8544073.0
2011-07-14 00:00:00+09:00,16130.0,16160.0,15830.0,16160.0,12953726.0
2011-07-15 00:00:00+09:00,16040.0,16385.0,16030.0,16385.0,8565428.0
2011-07-18 00:00:00+09:00,16435.0,16435.0,15935.0,16025.0,10802592.0
2011-07-19 00:00:00+09:00,15885.0,16200.0,15885.0,16045.0,7902024.0
2011-07-20 00:00:00+09:00,16450.0,16600.0,16450.0,16530.0,8803083.0
2011-07-21 00:00:00+09:00,16485.0,16550.0,16275.0,16370.0,8625640.0
2011-07-22 00:00:00+09:00,16680.0,16795.0,16550.0,16750.0,8515846.0
2011-07-25 00:00:00+09:00,16545.0,16545.0,16330.0,16410.0,9323708.0
2011-07-26 00:00:00+09:00,16460.0,16680.0,16400.0,16680.0,7446200.0
2011-07-27 00:00:00+09:00,16525.0,16810.0,16420.0,16775.0,6488803.0
2011-07-28 00:00:00+09:00,16300.0,16530.0,16105.0,16415.0,10692651.0
2011-07-29 00:00:00+09:00,16420.0,16495.0,16075.0,16075.0,11543394.0
2011-08-01 00:00:00+09:00,16335.0,16765.0,16335.0,16680.0,9080309.0
2011-08-02 00:00:00+09:00,16370.0,16420.0,15810.0,15855.0,17625301.0
2011-08-03 00:00:00+09:00,15280.0,15320.0,14860.0,14940.0,19743152.0
2011-08-04 00:00:00+09:00,15070.0,15075.0,14165.0,14240.0,20287594.0
2011-08-05 00:00:00+09:00,13005.0,13585.0,13000.0,13200.0,27797693.0
2011-08-08 00:00:00+09:00,12995.0,13175.0,11160.0,12220.0,45436832.0
2011-08-09 00:00:00+09:00,11525.0,11735.0,10000.0,11400.0,83226878.0
2011-08-10 00:00:00+09:00,12250.0,12250.0,11200.0,11220.0,59295364.0
2011-08-11 00:00:00+09:00,10400.0,11615.0,10370.0,11275.0,67897575.0
2011-08-12 00:00:00+09:00,11570.0,11640.0,10925.0,10945.0,47119663.0
2011-08-16 00:00:00+09:00,11460.0,12075.0,11460.0,12040.0,33486763.0
2011-08-17 00:00:00+09:00,11865.0,12415.0,11865.0,12175.0,27306271.0
2011-08-18 00:00:00+09:00,12160.0,12200.0,11380.0,11635.0,44488930.0
2011-08-19 00:00:00+09:00,10860.0,10930.0,10230.0,10230.0,57892126.0
2011-08-22 00:00:00+09:00,10255.0,10460.0,9770.0,9930.0,33023267.0
2011-08-23 00:00:00+09:00,10105.0,10725.0,10000.0,10655.0,32344239.0
2011-08-24 00:00:00+09:00,10825.0,10900.0,10185.0,10360.0,38061952.0
2011-08-25 00:00:00+09:00,10750.0,10960.0,10485.0,10490.0,31372279.0
2011-08-26 00:00:00+09:00,10365.0,10720.0,10345.0,10700.0,20451458.0
2011-08-29 00:00:00+09:00,10995.0,11440.0,10780.0,11305.0,25915210.0
2011-08-30 00:00:00+09:00,11500.0,11735.0,11440.0,11505.0,22852623.0
2011-08-31 00:00:00+09:00,11545.0,11940.0,11430.0,11940.0,17243817.0
2011-09-01 00:00:00+09:00,11990.0,12610.0,11900.0,11950.0,32111053.0
2011-09-02 00:00:00+09:00,11830.0,12100.0,11550.0,11695.0,22511160.0
2011-09-05 00:00:00+09:00,11300.0,11335.0,10700.0,10745.0,27018792.0
2011-09-06 00:00:00+09:00,10370.0,10735.0,10205.0,10490.0,32865760.0
2011-09-07 00:00:00+09:00,10900.0,11385.0,10875.0,11385.0,27238086.0
2011-09-08 00:00:00+09:00,11605.0,11655.0,11310.0,11430.0,31577113.0
2011-09-09 00:00:00+09:00,11165.0,11520.0,11015.0,11020.0,25731599.0
2011-09-14 00:00:00+09:00,10900.0,10995.0,10230.0,10300.0,34698038.0
2011-09-15 00:00:00+09:00,10760.0,10995.0,10255.0,10610.0,42565508.0
2011-09-16 00:00:00+09:00,11080.0,11545.0,11035.0,11475.0,33210524.0
2011-09-19 00:00:00+09:00,11220.0,11410.0,11050.0,11200.0,28090800.0
2011-09-20 00:00:00+09:00,11100.0,11520.0,10885.0,11460.0,38362553.0
2011-09-21 00:00:00+09:00,11495.0,11880.0,11350.0,11640.0,34501269.0
2011-09-22 00:00:00+09:00,11070.0,11160.0,10690.0,10850.0,46838103.0
2011-09-23 00:00:00+09:00,10060.0,10230.0,9690.0,9705.0,69042467.0
2011-09-26 00:00:00+09:00,9900.0,9960.0,9150.0,9260.0,56226298.0
2011-09-27 00:00:00+09:00,9800.0,10210.0,9685.0,10210.0,42055058.0
2011-09-28 00:00:00+09:00,10325.0,10470.0,9995.0,9995.0,45929458.0
2011-09-29 00:00:00+09:00,9820.0,10560.0,9800.0,10550.0,46524518.0
2011-09-30 00:00:00+09:00,10460.0,10690.0,10220.0,10495.0,46980791.0
2011-10-04 00:00:00+09:00,9500.0,9800.0,9315.0,9800.0,56055767.0
2011-10-05 00:00:00+09:00,9860.0,9900.0,9390.0,9480.0,54481025.0
2011-10-06 00:00:00+09:00,9950.0,10290.0,9930.0,9985.0,44303325.0
2011-10-07 00:00:00+09:00,10470.0,10650.0,10445.0,10535.0,38027157.0
2011-10-10 00:00:00+09:00,10535.0,10830.0,10520.0,10595.0,31730322.0
2011-10-11 00:00:00+09:00,11100.0,11110.0,10935.0,10950.0,29260287.0
2011-10-12 00:00:00+09:00,10870.0,11135.0,10755.0,11125.0,23610591.0
2011-10-13 00:00:00+09:00,11325.0,11465.0,11275.0,11285.0,22822657.0
2011-10-14 00:00:00+09:00,11165.0,11450.0,11045.0,11380.0,25391565.0
2011-10-17 00:00:00+09:00,11610.0,11755.0,11540.0,11730.0,20793345.0
2011-10-18 00:00:00+09:00,11220.0,11490.0,11220.0,11350.0,19657132.0
2011-10-19 00:00:00+09:00,11530.0,11610.0,11315.0,11610.0,23051540.0
2011-10-20 00:00:00+09:00,11555.0,11810.0,11000.0,11015.0,28922950.0
2011-10-21 00:00:00+09:00,11290.0,11445.0,11030.0,11365.0,28651380.0
2011-10-24 00:00:00+09:00,11630.0,12180.0,11600.0,12170.0,26854746.0
2011-10-25 00:00:00+09:00,12200.0,12260.0,12025.0,12065.0,21485698.0
2011-10-26 00:00:00+09:00,11805.0,12155.0,11790.0,12125.0,21628567.0
2011-10-27 00:00:00+09:00,12280.0,12530.0,12090.0,12530.0,32797851.0
2011-10-28 00:00:00+09:00,12980.0,13070.0,12560.0,12635.0,30755455.0
2011-10-31 00:00:00+09:00,12595.0,12825.0,12280.0,12380.0,24834109.0
2011-11-01 00:00:00+09:00,12095.0,12585.0,12095.0,12375.0,23274455.0
2011-11-02 00:00:00+09:00,11815.0,12180.0,11725.0,12180.0,24503999.0
2011-11-03 00:00:00+09:00,12225.0,12225.0,11670.0,11760.0,33508041.0
2011-11-04 00:00:00+09:00,12220.0,12585.0,12215.0,12575.0,23380866.0
2011-11-07 00:00:00+09:00,12555.0,12590.0,12355.0,12385.0,19021776.0
2011-11-08 00:00:00+09:00,12455.0,12515.0,12165.0,12170.0,21118658.0
2011-11-09 00:00:00+09:00,12410.0,12520.0,12180.0,12300.0,21318943.0
2011-11-10 00:00:00+09:00,11715.0,11720.0,11150.0,11150.0,41058491.0
2011-11-11 00:00:00+09:00,11405.0,11605.0,11070.0,11575.0,33132869.0
2011-11-14 00:00:00+09:00,11860.0,12175.0,11855.0,12075.0,22286608.0
2011-11-15 00:00:00+09:00,11925.0,12050.0,11785.0,11890.0,18985897.0
2011-11-16 00:00:00+09:00,11995.0,12235.0,11395.0,11465.0,34668060.0
2011-11-17 00:00:00+09:00,11555.0,11770.0,11165.0,11760.0,34684243.0
2011-11-18 00:00:00+09:00,11290.0,11370.0,11090.0,11210.0,39051807.0
2011-11-21 00:00:00+09:00,11135.0,11135.0,10810.0,10965.0,24935848.0
2011-11-22 00:00:00+09:00,10680.0,11110.0,10640.0,11070.0,25400214.0
2011-11-23 00:00:00+09:00,11000.0,11010.0,10485.0,10530.0,32618125.0
2011-11-24 00:00:00+09:00,10420.0,10720.0,10370.0,10635.0,23177012.0
2011-11-25 00:00:00+09:00,10500.0,10570.0,10300.0,10420.0,24460289.0
2011-11-28 00:00:00+09:00,10700.0,10975.0,10700.0,10975.0,29090364.0
2011-11-29 00:00:00+09:00,11100.0,11530.0,11060.0,11510.0,35104456.0
2011-11-30 00:00:00+09:00,11370.0,11505.0,11280.0,11390.0,22482639.0
2011-12-01 00:00:00+09:00,12200.0,12485.0,12195.0,12360.0,35425814.0
2011-12-02 00:00:00+09:00,12300.0,12420.0,12205.0,12340.0,19596447.0
2011-12-05 00:00:00+09:00,12475.0,12525.0,12285.0,12430.0,17821234.0
2011-12-06 00:00:00+09:00,12340.0,12410.0,12040.0,12170.0,19535504.0
2011-12-07 00:00:00+09:00,12290.0,12435.0,12215.0,12360.0,17732901.0
2011-12-08 00:00:00+09:00,12300.0,12425.0,12055.0,12280.0,24673902.0
2011-12-09 00:00:00+09:00,11900.0,11955.0,11630.0,11665.0,40278561.0
2011-12-12 00:00:00+09:00,12060.0,12075.0,11885.0,12010.0,21853583.0
2011-12-13 00:00:00+09:00,11710.0,11750.0,11500.0,11545.0,26721774.0
2011-12-14 00:00:00+09:00,11440.0,11540.0,11310.0,11465.0,18506932.0
2011-12-15 00:00:00+09:00,11140.0,11200.0,10835.0,10900.0,32151342.0
2011-12-16 00:00:00+09:00,11005.0,11150.0,10945.0,11150.0,19216303.0
2011-12-19 00:00:00+09:00,11025.0,11030.0,10000.0,10435.0,56481697.0
2011-12-20 00:00:00+09:00,10510.0,10665.0,10435.0,10605.0,20646614.0
2011-12-21 00:00:00+09:00,11120.0,11335.0,11055.0,11265.0,28067045.0
2011-12-22 00:00:00+09:00,11180.0,11270.0,11125.0,11270.0,14056563.0
2011-12-23 00:00:00+09:00,11435.0,11645.0,11430.0,11550.0,17826629.0
2011-12-26 00:00:00+09:00,11650.0,11655.0,11350.0,11400.0,15836899.0
2011-12-27 00:00:00+09:00,11380.0,11520.0,10690.0,11160.0,27170113.0
2011-12-28 00:00:00+09:00,11155.0,11290.0,11120.0,11180.0,15010114.0
2011-12-29 00:00:00+09:00,11000.0,11270.0,10975.0,11170.0,15372875.0
2012-01-02 00:00:00+09:00,11240.0,11335.0,11045.0,11220.0,14886543.0
2012-01-03 00:00:00+09:00,11420.0,11930.0,11420.0,11915.0,24018937.0
2012-01-04 00:00:00+09:00,11985.0,12020.0,11780.0,11780.0,17397515.0
2012-01-05 00:00:00+09:00,11850.0,11915.0,11705.0,11755.0,14313069.0
2012-01-06 00:00:00+09:00,11750.0,11780.0,11135.0,11405.0,30619932.0
2012-01-09 00:00:00+09:00,11280.0,11300.0,10965.0,11145.0,25560304.0
2012-01-10 00:00:00+09:00,11250.0,11620.0,11250.0,11545.0,24370453.0
2012-01-11 00:00:00+09:00,11630.0,11635.0,11380.0,11425.0,17656515.0
2012-01-12 00:00:00+09:00,11465.0,11650.0,11325.0,11625.0,20163511.0
2012-01-13 00:00:00+09:00,11650.0,11940.0,11610.0,11855.0,20415923.0
2012-01-16 00:00:00+09:00,11710.0,11715.0,11405.0,11625.0,21607712.0
2012-01-17 00:00:00+09:00,11850.0,12095.0,11840.0,12085.0,24156256.0
2012-01-18 00:00:00+09:00,12080.0,12175.0,11975.0,12055.0,17741816.0
2012-01-19 00:00:00+09:00,12300.0,12460.0,12260.0,12445.0,20705143.0
2012-01-20 00:00:00+09:00,12525.0,13030.0,12460.0,12945.0,19805830.0
2012-01-25 00:00:00+09:00,12970.0,13355.0,12940.0,13050.0,19519307.0
2012-01-26 00:00:00+09:00,13205.0,13210.0,13005.0,13085.0,11831652.0
2012-01-27 00:00:00+09:00,13080.0,13220.0,12995.0,13120.0,12393579.0
2012-01-30 00:00:00+09:00,12995.0,13075.0,12775.0,12825.0,13455318.0
2012-01-31 00:00:00+09:00,12855.0,13095.0,12740.0,12945.0,15754739.0
2012-02-01 00:00:00+09:00,12900.0,13170.0,12780.0,12980.0,19027192.0
2012-02-02 00:00:00+09:00,13300.0,13465.0,13255.0,13310.0,17171929.0
2012-02-03 00:00:00+09:00,13300.0,13315.0,13050.0,13140.0,14192476.0
2012-02-06 00:00:00+09:00,13450.0,13475.0,13090.0,13180.0,16721555.0
2012-02-07 00:00:00+09:00,13200.0,13340.0,13160.0,13235.0,13108121.0
2012-02-08 00:00:00+09:00,13285.0,13555.0,13250.0,13555.0,14446834.0
2012-02-09 00:00:00+09:00,13555.0,13630.0,13175.0,13630.0,25436487.0
2012-02-10 00:00:00+09:00,13550.0,13615.0,13250.0,13340.0,17054805.0
2012-02-13 00:00:00+09:00,13380.0,13615.0,13345.0,13520.0,18354702.0
2012-02-14 00:00:00+09:00,13470.0,13515.0,13345.0,13440.0,15633091.0
2012-02-15 00:00:00+09:00,13475.0,13845.0,13475.0,13805.0,18220994.0
2012-02-16 00:00:00+09:00,13565.0,13600.0,13410.0,13415.0,21484374.0
2012-02-17 00:00:00+09:00,13725.0,13905.0,13725.0,13810.0,17663703.0
2012-02-20 00:00:00+09:00,14080.0,14150.0,13860.0,13875.0,13936255.0
2012-02-21 00:00:00+09:00,13875.0,13945.0,13600.0,13865.0,18009705.0
2012-02-22 00:00:00+09:00,13800.0,13890.0,13680.0,13870.0,11882894.0
2012-02-23 00:00:00+09:00,13710.0,13720.0,13500.0,13600.0,14330581.0
2012-02-24 00:00:00+09:00,13650.0,13760.0,13455.0,13725.0,14785115.0
2012-02-27 00:00:00+09:00,13650.0,13680.0,13295.0,13335.0,18525883.0
2012-02-28 00:00:00+09:00,13400.0,13590.0,13385.0,13580.0,14242250.0
2012-02-29 00:00:00+09:00,13700.0,13935.0,13690.0,13855.0,14093091.0
2012-03-02 00:00:00+09:00,13995.0,14095.0,13900.0,13905.0,9932874.0
2012-03-05 00:00:00+09:00,13855.0,13860.0,13580.0,13635.0,11069745.0
2012-03-06 00:00:00+09:00,13630.0,13750.0,13275.0,13425.0,16211214.0
2012-03-07 00:00:00+09:00,13000.0,13250.0,12970.0,13200.0,14340592.0
2012-03-08 00:00:00+09:00,13290.0,13495.0,13135.0,13480.0,15975596.0
2012-03-09 00:00:00+09:00,13650.0,13810.0,13470.0,13705.0,16529258.0
2012-03-12 00:00:00+09:00,13705.0,13755.0,13505.0,13525.0,10713767.0
2012-03-13 00:00:00+09:00,13625.0,13980.0,13620.0,13890.0,16884288.0
2012-03-14 00:00:00+09:00,14215.0,14360.0,14165.0,14170.0,16985971.0
2012-03-15 00:00:00+09:00,14165.0,14270.0,14110.0,14170.0,9780396.0
2012-03-16 00:00:00+09:00,14315.0,14335.0,14045.0,14060.0,11278821.0
2012-03-19 00:00:00+09:00,14090.0,14275.0,14025.0,14200.0,12254991.0
2012-03-20 00:00:00+09:00,14170.0,14310.0,14005.0,14105.0,12807930.0
2012-03-21 00:00:00+09:00,13930.0,14080.0,13800.0,13935.0,13600899.0
2012-03-22 00:00:00+09:00,13880.0,13990.0,13800.0,13975.0,10699531.0
2012-03-23 00:00:00+09:00,13790.0,13950.0,13735.0,13920.0,9174680.0
2012-03-26 00:00:00+09:00,14010.0,14140.0,13800.0,13875.0,15487274.0
2012-03-27 00:00:00+09:00,14150.0,14220.0,14050.0,14180.0,15540551.0
2012-03-28 00:00:00+09:00,14105.0,14145.0,14040.0,14080.0,7895025.0
2012-03-29 00:00:00+09:00,13930.0,13985.0,13765.0,13815.0,15203472.0
2012-03-30 00:00:00+09:00,13765.0,13815.0,13660.0,13740.0,9506375.0
2012-04-02 00:00:00+09:00,13840.0,14000.0,13770.0,13985.0,14319577.0
2012-04-03 00:00:00+09:00,14150.0,14370.0,14105.0,14360.0,18895978.0
2012-04-04 00:00:00+09:00,14280.0,14320.0,14005.0,14055.0,13011427.0
2012-04-05 00:00:00+09:00,13870.0,14130.0,13695.0,14115.0,22042430.0
2012-04-06 00:00:00+09:00,14050.0,14150.0,14000.0,14085.0,10837254.0
2012-04-09 00:00:00+09:00,13815.0,13840.0,13635.0,13680.0,19124623.0
2012-04-10 00:00:00+09:00,13725.0,13875.0,13620.0,13660.0,15153772.0
2012-04-12 00:00:00+09:00,13540.0,13550.0,13260.0,13490.0,21084088.0
2012-04-13 00:00:00+09:00,13720.0,13835.0,13605.0,13770.0,20155070.0
2012-04-16 00:00:00+09:00,13485.0,13580.0,13385.0,13520.0,16048740.0
2012-04-17 00:00:00+09:00,13550.0,13570.0,13370.0,13430.0,13241189.0
2012-04-18 00:00:00+09:00,13750.0,13815.0,13670.0,13695.0,14704465.0
2012-04-19 00:00:00+09:00,13600.0,13745.0,13575.0,13645.0,10090303.0
2012-04-20 00:00:00+09:00,13505.0,13510.0,13220.0,13270.0,21367760.0
2012-04-23 00:00:00+09:00,13150.0,13325.0,13110.0,13245.0,14885538.0
2012-04-24 00:00:00+09:00,13025.0,13220.0,12970.0,13110.0,18386389.0
2012-04-25 00:00:00+09:00,13290.0,13320.0,13120.0,13130.0,14461029.0
2012-04-26 00:00:00+09:00,13290.0,13330.0,13080.0,13180.0,14742731.0
2012-04-27 00:00:00+09:00,13300.0,13450.0,13250.0,13340.0,18709844.0
2012-04-30 00:00:00+09:00,13455.0,13560.0,13415.0,13450.0,11561904.0
2012-05-02 00:00:00+09:00,13595.0,13700.0,13560.0,13670.0,12823400.0
2012-05-03 00:00:00+09:00,13615.0,13660.0,13600.0,13635.0,5881904.0
2012-05-04 00:00:00+09:00,13520.0,13550.0,13405.0,13445.0,8630108.0
2012-05-07 00:00:00+09:00,13085.0,13130.0,12925.0,12955.0,17700557.0
2012-05-08 00:00:00+09:00,13080.0,13150.0,13055.0,13145.0,8540558.0
2012-05-09 00:00:00+09:00,13020.0,13060.0,12870.0,12920.0,12047923.0
2012-05-10 00:00:00+09:00,12815.0,12890.0,12705.0,12820.0,14920893.0
2012-05-11 00:00:00+09:00,12730.0,12745.0,12385.0,12385.0,19744674.0
2012-05-14 00:00:00+09:00,12370.0,12460.0,12255.0,12415.0,16630864.0
2012-05-15 00:00:00+09:00,12185.0,12320.0,12060.0,12260.0,17656851.0
2012-05-16 00:00:00+09:00,12100.0,12105.0,11460.0,11460.0,34820120.0
2012-05-17 00:00:00+09:00,11450.0,11600.0,11320.0,11460.0,24535910.0
2012-05-18 00:00:00+09:00,11020.0,11050.0,10605.0,10660.0,38425395.0
2012-05-21 00:00:00+09:00,10805.0,10955.0,10760.0,10915.0,19457266.0
2012-05-22 00:00:00+09:00,11280.0,11280.0,11055.0,11265.0,18434227.0
2012-05-23 00:00:00+09:00,11115.0,11120.0,10820.0,11000.0,25458267.0
2012-05-24 00:00:00+09:00,10970.0,11085.0,10835.0,11070.0,18685121.0
2012-05-25 00:00:00+09:00,11100.0,11280.0,11035.0,11160.0,18077048.0
2012-05-29 00:00:00+09:00,11110.0,11555.0,11065.0,11505.0,19445726.0
2012-05-30 00:00:00+09:00,11455.0,11470.0,11195.0,11390.0,20328086.0
2012-05-31 00:00:00+09:00,11040.0,11335.0,10980.0,11335.0,21078175.0
2012-06-01 00:00:00+09:00,11220.0,11345.0,11055.0,11270.0,24268372.0
2012-06-04 00:00:00+09:00,10670.0,10780.0,10575.0,10705.0,31040118.0
2012-06-05 00:00:00+09:00,10810.0,11000.0,10810.0,10955.0,20166842.0
2012-06-07 00:00:00+09:00,11400.0,11575.0,11380.0,11505.0,21208395.0
2012-06-08 00:00:00+09:00,11535.0,11585.0,11330.0,11340.0,12398278.0
2012-06-11 00:00:00+09:00,11660.0,11785.0,11660.0,11755.0,14304291.0
2012-06-12 00:00:00+09:00,11380.0,11630.0,11380.0,11570.0,14343793.0
2012-06-13 00:00:00+09:00,11710.0,11735.0,11530.0,11655.0,16556546.0
2012-06-14 00:00:00+09:00,11580.0,11705.0,11580.0,11700.0,13049916.0
2012-06-15 00:00:00+09:00,11725.0,11740.0,11460.0,11605.0,19805175.0
2012-06-18 00:00:00+09:00,11980.0,12190.0,11975.0,12050.0,20296027.0
2012-06-19 00:00:00+09:00,11950.0,12085.0,11920.0,12030.0,13964069.0
2012-06-20 00:00:00+09:00,12245.0,12275.0,12115.0,12175.0,15788020.0
2012-06-21 00:00:00+09:00,12080.0,12155.0,11885.0,11975.0,17030003.0
2012-06-22 00:00:00+09:00,11650.0,11670.0,11290.0,11305.0,37631552.0
2012-06-25 00:00:00+09:00,11300.0,11300.0,10860.0,10990.0,30237932.0
2012-06-26 00:00:00+09:00,10865.0,11000.0,10820.0,10890.0,21428679.0
2012-06-27 00:00:00+09:00,10890.0,10950.0,10605.0,10900.0,28617541.0
2012-06-28 00:00:00+09:00,10995.0,11015.0,10735.0,10910.0,25153014.0
2012-06-29 00:00:00+09:00,10755.0,11360.0,10680.0,11360.0,33331567.0
2012-07-02 00:00:00+09:00,11500.0,11510.0,11325.0,11325.0,20285274.0
2012-07-03 00:00:00+09:00,11395.0,11580.0,11390.0,11525.0,19581722.0
2012-07-04 00:00:00+09:00,11620.0,11710.0,11570.0,11610.0,17377685.0
2012-07-05 00:00:00+09:00,11550.0,11640.0,11480.0,11580.0,11398285.0
2012-07-06 00:00:00+09:00,11620.0,11640.0,11255.0,11330.0,21775575.0
2012-07-09 00:00:00+09:00,11100.0,11175.0,11025.0,11055.0,16982185.0
2012-07-10 00:00:00+09:00,11100.0,11190.0,10910.0,10980.0,19627427.0
2012-07-11 00:00:00+09:00,10915.0,10965.0,10805.0,10925.0,18723529.0
2012-07-12 00:00:00+09:00,10960.0,10970.0,10530.0,10540.0,38450143.0
2012-07-13 00:00:00+09:00,10580.0,10850.0,10355.0,10770.0,41722089.0
2012-07-16 00:00:00+09:00,10850.0,10880.0,10670.0,10810.0,22891443.0
2012-07-17 00:00:00+09:00,10705.0,11090.0,10615.0,10895.0,29482343.0
2012-07-18 00:00:00+09:00,10945.0,10980.0,10480.0,10555.0,38648253.0
2012-07-19 00:00:00+09:00,10805.0,11035.0,10805.0,10930.0,32057772.0
2012-07-20 00:00:00+09:00,10965.0,11000.0,10850.0,10900.0,16212207.0
2012-07-23 00:00:00+09:00,10600.0,10620.0,10355.0,10485.0,43853916.0
2012-07-24 00:00:00+09:00,10415.0,10575.0,10410.0,10560.0,24864532.0
2012-07-25 00:00:00+09:00,10230.0,10490.0,10100.0,10295.0,37623799.0
2012-07-26 00:00:00+09:00,10340.0,10490.0,10235.0,10435.0,27984558.0
2012-07-27 00:00:00+09:00,10845.0,11050.0,10755.0,11050.0,39658473.0
2012-07-30 00:00:00+09:00,11245.0,11310.0,11210.0,11250.0,26635683.0
2012-07-31 00:00:00+09:00,11255.0,12020.0,11230.0,11755.0,51876653.0
2012-08-01 00:00:00+09:00,11585.0,11870.0,11575.0,11775.0,29559404.0
2012-08-02 00:00:00+09:00,11795.0,11820.0,11550.0,11605.0,25152543.0
2012-08-03 00:00:00+09:00,11280.0,11535.0,11235.0,11280.0,31110277.0
2012-08-06 00:00:00+09:00,11740.0,11935.0,11730.0,11790.0,26831697.0
2012-08-07 00:00:00+09:00,11795.0,11885.0,11730.0,11825.0,18112389.0
2012-08-08 00:00:00+09:00,11905.0,12295.0,11905.0,12045.0,37660739.0
2012-08-09 00:00:00+09:00,12095.0,12675.0,12070.0,12570.0,47472661.0
2012-08-10 00:00:00+09:00,12530.0,12665.0,12490.0,12590.0,19483080.0
2012-08-13 00:00:00+09:00,12590.0,12615.0,12425.0,12425.0,18470714.0
2012-08-14 00:00:00+09:00,12520.0,12780.0,12510.0,12730.0,32679493.0
2012-08-16 00:00:00+09:00,12695.0,12795.0,12635.0,12740.0,20455445.0
2012-08-17 00:00:00+09:00,12845.0,12855.0,12520.0,12570.0,26155467.0
2012-08-20 00:00:00+09:00,12570.0,12630.0,12445.0,12545.0,16356726.0
2012-08-21 00:00:00+09:00,12645.0,12755.0,12485.0,12500.0,21285494.0
2012-08-22 00:00:00+09:00,12445.0,12545.0,12145.0,12330.0,26546850.0
2012-08-23 00:00:00+09:00,12345.0,12480.0,12220.0,12460.0,17600572.0
2012-08-24 00:00:00+09:00,12165.0,12205.0,12070.0,12120.0,30940619.0
2012-08-27 00:00:00+09:00,11980.0,12155.0,11865.0,12050.0,23610519.0
2012-08-28 00:00:00+09:00,12065.0,12135.0,11905.0,11990.0,20596736.0
2012-08-29 00:00:00+09:00,12005.0,12135.0,11975.0,12115.0,15631093.0
2012-08-30 00:00:00+09:00,12015.0,12050.0,11655.0,11770.0,32974060.0
2012-08-31 00:00:00+09:00,11630.0,11840.0,11620.0,11725.0,16764708.0
2012-09-03 00:00:00+09:00,11720.0,11945.0,11430.0,11795.0,31994029.0
2012-09-04 00:00:00+09:00,11745.0,11850.0,11695.0,11725.0,19037309.0
2012-09-05 00:00:00+09:00,11560.0,11575.0,11270.0,11270.0,37112473.0
2012-09-06 00:00:00+09:00,11350.0,11480.0,11250.0,11365.0,20351647.0
2012-09-07 00:00:00+09:00,11845.0,12040.0,11825.0,12030.0,32856783.0
2012-09-10 00:00:00+09:00,12085.0,12145.0,11975.0,11975.0,17681090.0
2012-09-11 00:00:00+09:00,11890.0,11955.0,11790.0,11875.0,15959550.0
2012-09-12 00:00:00+09:00,12020.0,12340.0,12005.0,12315.0,33698671.0
2012-09-13 00:00:00+09:00,12280.0,12345.0,12130.0,12265.0,23163712.0
2012-09-14 00:00:00+09:00,12900.0,13170.0,12890.0,13115.0,36632791.0
2012-09-17 00:00:00+09:00,13085.0,13120.0,12955.0,12980.0,19336692.0
2012-09-18 00:00:00+09:00,12965.0,13045.0,12890.0,13015.0,15276488.0
2012-09-19 00:00:00+09:00,12960.0,13170.0,12885.0,13050.0,27019288.0
2012-09-20 00:00:00+09:00,12910.0,13025.0,12800.0,12820.0,28926189.0
2012-09-21 00:00:00+09:00,12955.0,13020.0,12850.0,12940.0,21272155.0
2012-09-24 00:00:00+09:00,12840.0,12950.0,12580.0,12910.0,28033668.0
2012-09-25 00:00:00+09:00,12785.0,12945.0,12775.0,12815.0,13746238.0
2012-09-26 00:00:00+09:00,12585.0,12690.0,12470.0,12605.0,18320254.0
2012-09-27 00:00:00+09:00,12450.0,12830.0,12450.0,12805.0,16652272.0
2012-09-28 00:00:00+09:00,12890.0,12900.0,12735.0,12800.0,17249863.0
2012-10-02 00:00:00+09:00,12770.0,12900.0,12765.0,12810.0,10170624.0
2012-10-04 00:00:00+09:00,12820.0,12870.0,12600.0,12770.0,20195107.0
2012-10-05 00:00:00+09:00,12875.0,12960.0,12770.0,12785.0,15097595.0
2012-10-08 00:00:00+09:00,12760.0,12760.0,12530.0,12580.0,15018660.0
2012-10-09 00:00:00+09:00,12540.0,12755.0,12540.0,12610.0,12865335.0
2012-10-10 00:00:00+09:00,12350.0,12350.0,12110.0,12110.0,29086022.0
2012-10-11 00:00:00+09:00,11900.0,12090.0,11695.0,11915.0,35293476.0
2012-10-12 00:00:00+09:00,11935.0,11970.0,11770.0,11835.0,18034225.0
2012-10-15 00:00:00+09:00,11730.0,11920.0,11675.0,11750.0,14791705.0
2012-10-16 00:00:00+09:00,11950.0,11995.0,11855.0,11980.0,20452685.0
2012-10-17 00:00:00+09:00,12120.0,12295.0,12090.0,12140.0,21520089.0
2012-10-18 00:00:00+09:00,12235.0,12300.0,12200.0,12300.0,15993699.0
2012-10-19 00:00:00+09:00,12225.0,12275.0,12025.0,12060.0,16703727.0
2012-10-22 00:00:00+09:00,11605.0,12010.0,11575.0,11975.0,25155040.0
2012-10-23 00:00:00+09:00,11985.0,12020.0,11765.0,11765.0,13839418.0
2012-10-24 00:00:00+09:00,11565.0,11705.0,11460.0,11580.0,30317079.0
2012-10-25 00:00:00+09:00,11480.0,11735.0,11430.0,11735.0,20586546.0
2012-10-26 00:00:00+09:00,11605.0,11680.0,11315.0,11320.0,35566234.0
2012-10-29 00:00:00+09:00,11405.0,11480.0,11305.0,11365.0,18002481.0
2012-10-30 00:00:00+09:00,11375.0,11650.0,11360.0,11430.0,22599273.0
2012-10-31 00:00:00+09:00,11600.0,11675.0,11555.0,11580.0,14819300.0
2012-11-01 00:00:00+09:00,11435.0,11460.0,11240.0,11345.0,32521466.0
2012-11-02 00:00:00+09:00,11610.0,11680.0,11570.0,11645.0,22469972.0
2012-11-05 00:00:00+09:00,11490.0,11605.0,11460.0,11510.0,15876375.0
2012-11-06 00:00:00+09:00,11535.0,11775.0,11510.0,11770.0,16147913.0
2012-11-07 00:00:00+09:00,11810.0,11880.0,11605.0,11880.0,29915128.0
2012-11-08 00:00:00+09:00,11565.0,11645.0,11455.0,11520.0,27532828.0
2012-11-09 00:00:00+09:00,11260.0,11430.0,11075.0,11380.0,34761747.0
2012-11-12 00:00:00+09:00,11320.0,11395.0,11245.0,11365.0,14953182.0
2012-11-13 00:00:00+09:00,11400.0,11405.0,11135.0,11220.0,25496039.0
2012-11-14 00:00:00+09:00,11230.0,11325.0,11155.0,11325.0,22110665.0
2012-11-15 00:00:00+09:00,11050.0,11085.0,10935.0,11030.0,34913206.0
2012-11-16 00:00:00+09:00,10950.0,11035.0,10900.0,10910.0,23001341.0
2012-11-19 00:00:00+09:00,11015.0,11240.0,11010.0,11160.0,21124574.0
2012-11-20 00:00:00+09:00,11385.0,11390.0,11260.0,11305.0,20193405.0
2012-11-21 00:00:00+09:00,11390.0,11425.0,11170.0,11235.0,22389748.0
2012-11-22 00:00:00+09:00,11380.0,11530.0,11365.0,11475.0,19404453.0
2012-11-23 00:00:00+09:00,11480.0,11640.0,11445.0,11640.0,17432014.0
2012-11-26 00:00:00+09:00,11695.0,11710.0,11565.0,11585.0,16029612.0
2012-11-27 00:00:00+09:00,11710.0,11890.0,11670.0,11855.0,27053734.0
2012-11-28 00:00:00+09:00,11700.0,11730.0,11620.0,11680.0,13926162.0
2012-11-29 00:00:00+09:00,11775.0,11975.0,11775.0,11955.0,20941147.0
2012-11-30 00:00:00+09:00,11910.0,12090.0,11875.0,11975.0,19646856.0
2012-12-03 00:00:00+09:00,12000.0,12105.0,11960.0,12000.0,13435794.0
2012-12-04 00:00:00+09:00,11915.0,11980.0,11850.0,11940.0,12052141.0
2012-12-05 00:00:00+09:00,11930.0,12150.0,11905.0,12110.0,17029117.0
2012-12-06 00:00:00+09:00,12110.0,12235.0,12090.0,12165.0,14966417.0
2012-12-07 00:00:00+09:00,12190.0,12355.0,12185.0,12310.0,24834195.0
2012-12-10 00:00:00+09:00,12375.0,12470.0,12300.0,12315.0,16489645.0
2012-12-11 00:00:00+09:00,12350.0,12410.0,12310.0,12405.0,12204646.0
2012-12-12 00:00:00+09:00,12520.0,12570.0,12480.0,12565.0,14774003.0
2012-12-13 00:00:00+09:00,12570.0,12860.0,12565.0,12855.0,21934317.0
2012-12-14 00:00:00+09:00,12720.0,12975.0,12700.0,12890.0,16610240.0
2012-12-17 00:00:00+09:00,12880.0,12925.0,12710.0,12710.0,14388511.0
2012-12-18 00:00:00+09:00,12825.0,12860.0,12615.0,12845.0,13684753.0
2012-12-20 00:00:00+09:00,12895.0,12985.0,12835.0,12840.0,13575287.0
2012-12-21 00:00:00+09:00,12945.0,12965.0,12615.0,12620.0,20940998.0
2012-12-24 00:00:00+09:00,12600.0,12720.0,12600.0,12685.0,10567510.0
2012-12-26 00:00:00+09:00,12810.0,12935.0,12675.0,12700.0,11985436.0
2012-12-27 00:00:00+09:00,12700.0,12880.0,12650.0,12855.0,14838114.0
2012-12-28 00:00:00+09:00,12840.0,13025.0,12790.0,12970.0,13385107.0
2013-01-02 00:00:00+09:00,13175.0,13515.0,13170.0,13495.0,21941541.0
2013-01-03 00:00:00+09:00,13700.0,13725.0,13400.0,13400.0,18267442.0
2013-01-04 00:00:00+09:00,13375.0,13425.0,13160.0,13195.0,17868956.0
2013-01-07 00:00:00+09:00,13210.0,13265.0,13025.0,13220.0,16936925.0
2013-01-08 00:00:00+09:00,13135.0,13200.0,12955.0,12960.0,16431855.0
2013-01-09 00:00:00+09:00,12995.0,13085.0,12830.0,12850.0,17811659.0
2013-01-10 00:00:00+09:00,12875.0,13135.0,12780.0,13080.0,24645426.0
2013-01-11 00:00:00+09:00,13255.0,13260.0,12710.0,12910.0,36345728.0
2013-01-14 00:00:00+09:00,12840.0,13075.0,12760.0,13050.0,16441914.0
2013-01-15 00:00:00+09:00,12995.0,13215.0,12750.0,12765.0,29248725.0
2013-01-16 00:00:00+09:00,12835.0,12900.0,12510.0,12570.0,21579015.0
2013-01-17 00:00:00+09:00,12710.0,12740.0,12445.0,12595.0,24784439.0
2013-01-18 00:00:00+09:00,12810.0,12820.0,12560.0,12690.0,20701413.0
2013-01-21 00:00:00+09:00,12700.0,12840.0,12505.0,12735.0,24458785.0
2013-01-22 00:00:00+09:00,12755.0,12880.0,12655.0,12880.0,24866634.0
2013-01-23 00:00:00+09:00,12920.0,13000.0,12630.0,12630.0,21795128.0
2013-01-24 00:00:00+09:00,12565.0,12660.0,12390.0,12415.0,36274777.0
2013-01-25 00:00:00+09:00,12445.0,12470.0,12060.0,12140.0,39255938.0
2013-01-28 00:00:00+09:00,12045.0,12140.0,11970.0,12075.0,24835131.0
2013-01-29 00:00:00+09:00,12135.0,12325.0,12090.0,12290.0,18930644.0
2013-01-30 00:00:00+09:00,12350.0,12465.0,12195.0,12370.0,24508457.0
2013-01-31 00:00:00+09:00,12280.0,12365.0,12235.0,12315.0,16523655.0
2013-02-01 00:00:00+09:00,12340.0,12460.0,12080.0,12285.0,28383502.0
2013-02-04 00:00:00+09:00,12385.0,12440.0,12205.0,12210.0,20904780.0
2013-02-05 00:00:00+09:00,12050.0,12095.0,11895.0,12015.0,33596847.0
2013-02-06 00:00:00+09:00,12090.0,12095.0,11965.0,11985.0,17305035.0
2013-02-07 00:00:00+09:00,11995.0,12130.0,11905.0,11975.0,23582326.0
2013-02-08 00:00:00+09:00,11915.0,12310.0,11895.0,12240.0,24614979.0
2013-02-12 00:00:00+09:00,12305.0,12315.0,12165.0,12190.0,19046655.0
2013-02-13 00:00:00+09:00,12280.0,12660.0,12265.0,12650.0,31314419.0
2013-02-14 00:00:00+09:00,12650.0,12815.0,12595.0,12710.0,25475521.0
2013-02-15 00:00:00+09:00,12725.0,12755.0,12640.0,12700.0,15773253.0
2013-02-18 00:00:00+09:00,12635.0,12770.0,12545.0,12670.0,21415103.0
2013-02-19 00:00:00+09:00,12685.0,12840.0,12640.0,12750.0,21020390.0
2013-02-20 00:00:00+09:00,12875.0,13325.0,12845.0,13295.0,49157341.0
2013-02-21 00:00:00+09:00,13175.0,13280.0,13150.0,13180.0,16773480.0
2013-02-22 00:00:00+09:00,13105.0,13415.0,13095.0,13225.0,28331623.0
2013-02-25 00:00:00+09:00,13255.0,13325.0,13115.0,13135.0,24889759.0
2013-02-26 00:00:00+09:00,12935.0,13095.0,12880.0,12995.0,27986391.0
2013-02-27 00:00:00+09:00,13070.0,13120.0,12930.0,13010.0,21368177.0
2013-02-28 00:00:00+09:00,13190.0,13385.0,13165.0,13290.0,29535018.0
2013-03-04 00:00:00+09:00,13270.0,13340.0,13035.0,13055.0,21012960.0
2013-03-05 00:00:00+09:00,13160.0,13390.0,13155.0,13155.0,26420188.0
2013-03-06 00:00:00+09:00,13385.0,13420.0,13100.0,13135.0,31448929.0
2013-03-07 00:00:00+09:00,13090.0,13160.0,12880.0,12900.0,32649226.0
2013-03-08 00:00:00+09:00,12900.0,12990.0,12800.0,12885.0,21061769.0
2013-03-11 00:00:00+09:00,12850.0,12950.0,12600.0,12850.0,31425775.0
2013-03-12 00:00:00+09:00,12920.0,12970.0,12640.0,12655.0,21549796.0
2013-03-13 00:00:00+09:00,12655.0,12790.0,12610.0,12740.0,20100032.0
2013-03-14 00:00:00+09:00,12735.0,12745.0,12425.0,12740.0,45948986.0
2013-03-15 00:00:00+09:00,12835.0,12855.0,12480.0,12535.0,33999250.0
2013-03-18 00:00:00+09:00,12400.0,12455.0,12260.0,12315.0,29206448.0
2013-03-19 00:00:00+09:00,12395.0,12555.0,12330.0,12395.0,22169707.0
2013-03-20 00:00:00+09:00,12300.0,12355.0,12135.0,12160.0,37542816.0
2013-03-21 00:00:00+09:00,12275.0,12280.0,11985.0,12010.0,38836700.0
2013-03-22 00:00:00+09:00,12005.0,12040.0,11915.0,11955.0,24279453.0
2013-03-25 00:00:00+09:00,12140.0,12445.0,12135.0,12370.0,30653875.0
2013-03-26 00:00:00+09:00,12345.0,12520.0,12315.0,12415.0,23106184.0
2013-03-27 00:00:00+09:00,12500.0,12675.0,12260.0,12620.0,35474319.0
2013-03-28 00:00:00+09:00,12570.0,12655.0,12510.0,12610.0,15238796.0
2013-03-29 00:00:00+09:00,12735.0,12880.0,12720.0,12740.0,27549895.0
2013-04-01 00:00:00+09:00,12785.0,12785.0,12630.0,12660.0,11001248.0
2013-04-02 00:00:00+09:00,12640.0,12690.0,12265.0,12440.0,27295719.0
2013-04-03 00:00:00+09:00,12520.0,12520.0,12230.0,12375.0,24470072.0
2013-04-04 00:00:00+09:00,12185.0,12225.0,11910.0,12045.0,47580150.0
2013-04-05 00:00:00+09:00,11920.0,11980.0,11600.0,11690.0,49541003.0
2013-04-08 00:00:00+09:00,11715.0,11820.0,11630.0,11680.0,21271329.0
2013-04-09 00:00:00+09:00,11655.0,11885.0,11475.0,11665.0,40534091.0
2013-04-10 00:00:00+09:00,11785.0,11925.0,11660.0,11815.0,27973629.0
2013-04-11 00:00:00+09:00,11945.0,12010.0,11705.0,12010.0,30997402.0
2013-04-12 00:00:00+09:00,12010.0,12045.0,11500.0,11565.0,41380730.0
2013-04-15 00:00:00+09:00,11485.0,11685.0,11365.0,11605.0,29881331.0
2013-04-16 00:00:00+09:00,11350.0,11670.0,11220.0,11540.0,42740294.0
2013-04-17 00:00:00+09:00,11630.0,11680.0,11325.0,11530.0,24190022.0
2013-04-18 00:00:00+09:00,11380.0,11480.0,11235.0,11235.0,32594838.0
2013-04-19 00:00:00+09:00,11220.0,11370.0,11085.0,11295.0,27059487.0
2013-04-22 00:00:00+09:00,11205.0,11535.0,11180.0,11505.0,26738432.0
2013-04-23 00:00:00+09:00,11465.0,11495.0,11245.0,11400.0,26510453.0
2013-04-24 00:00:00+09:00,11520.0,11660.0,11395.0,11600.0,28915903.0
2013-04-25 00:00:00+09:00,11605.0,11760.0,11570.0,11730.0,23744073.0
2013-04-26 00:00:00+09:00,11705.0,11775.0,11655.0,11695.0,18969818.0
2013-04-29 00:00:00+09:00,11690.0,11695.0,11520.0,11620.0,16377748.0
2013-04-30 00:00:00+09:00,11695.0,11990.0,11690.0,11935.0,29014258.0
2013-05-02 00:00:00+09:00,11850.0,11925.0,11780.0,11810.0,13767537.0
2013-05-03 00:00:00+09:00,11950.0,11955.0,11750.0,11900.0,21000979.0
2013-05-06 00:00:00+09:00,12020.0,12190.0,11840.0,11840.0,29664996.0
2013-05-07 00:00:00+09:00,11840.0,11870.0,11705.0,11765.0,20332985.0
2013-05-08 00:00:00+09:00,11830.0,11900.0,11695.0,11745.0,22338730.0
2013-05-09 00:00:00+09:00,11795.0,12150.0,11770.0,12110.0,42140006.0
2013-05-10 00:00:00+09:00,12065.0,12090.0,11575.0,11590.0,47513384.0
2013-05-13 00:00:00+09:00,11510.0,11655.0,11420.0,11655.0,15274316.0
2013-05-14 00:00:00+09:00,11670.0,12010.0,11670.0,11925.0,36108623.0
2013-05-15 00:00:00+09:00,11955.0,11980.0,11825.0,11935.0,17504782.0
2013-05-16 00:00:00+09:00,11980.0,12290.0,11975.0,12155.0,42389827.0
2013-05-20 00:00:00+09:00,12215.0,12240.0,12105.0,12145.0,19245983.0
2013-05-21 00:00:00+09:00,12225.0,12350.0,12095.0,12120.0,16962493.0
2013-05-22 00:00:00+09:00,12225.0,12375.0,12190.0,12290.0,25985509.0
2013-05-23 00:00:00+09:00,12150.0,12215.0,11950.0,11950.0,30606793.0
2013-05-24 00:00:00+09:00,12060.0,12085.0,11835.0,11985.0,18834396.0
2013-05-27 00:00:00+09:00,11950.0,12170.0,11915.0,12095.0,18713065.0
2013-05-28 00:00:00+09:00,12135.0,12250.0,12020.0,12180.0,19830245.0
2013-05-29 00:00:00+09:00,12250.0,12460.0,12215.0,12385.0,34686203.0
2013-05-30 00:00:00+09:00,12355.0,12480.0,12325.0,12360.0,19163400.0
2013-05-31 00:00:00+09:00,12440.0,12565.0,12415.0,12415.0,25953108.0
2013-06-03 00:00:00+09:00,12300.0,12405.0,12275.0,12325.0,14323699.0
2013-06-04 00:00:00+09:00,12440.0,12445.0,12125.0,12265.0,23367546.0
2013-06-05 00:00:00+09:00,12250.0,12270.0,11950.0,11950.0,27120329.0
2013-06-07 00:00:00+09:00,11900.0,11930.0,11500.0,11500.0,54221834.0
2013-06-10 00:00:00+09:00,11570.0,11595.0,11450.0,11550.0,22304990.0
2013-06-11 00:00:00+09:00,11555.0,11555.0,11240.0,11385.0,32625639.0
2013-06-12 00:00:00+09:00,11280.0,11355.0,11145.0,11175.0,29575673.0
2013-06-13 00:00:00+09:00,11090.0,11145.0,10820.0,10900.0,46120935.0
2013-06-14 00:00:00+09:00,10990.0,10995.0,10765.0,10845.0,30587294.0
2013-06-17 00:00:00+09:00,10880.0,11010.0,10770.0,10835.0,23657183.0
2013-06-18 00:00:00+09:00,10890.0,10980.0,10715.0,10980.0,27124453.0
2013-06-19 00:00:00+09:00,11000.0,11000.0,10790.0,10900.0,21010294.0
2013-06-20 00:00:00+09:00,10615.0,10650.0,10325.0,10400.0,48507127.0
2013-06-21 00:00:00+09:00,10010.0,10095.0,9925.0,10060.0,44207639.0
2013-06-24 00:00:00+09:00,10085.0,10085.0,9830.0,9840.0,31208900.0
2013-06-25 00:00:00+09:00,9750.0,9985.0,9590.0,9700.0,54394727.0
2013-06-26 00:00:00+09:00,9855.0,9865.0,9585.0,9655.0,39664854.0
2013-06-27 00:00:00+09:00,9890.0,10265.0,9875.0,10225.0,37326194.0
2013-06-28 00:00:00+09:00,10290.0,10615.0,10280.0,10485.0,40001673.0
2013-07-01 00:00:00+09:00,10310.0,10540.0,10305.0,10475.0,17980840.0
2013-07-02 00:00:00+09:00,10530.0,10590.0,10370.0,10470.0,26823788.0
2013-07-03 00:00:00+09:00,10390.0,10465.0,10020.0,10080.0,36204194.0
2013-07-04 00:00:00+09:00,10095.0,10265.0,10060.0,10225.0,22512381.0
2013-07-05 00:00:00+09:00,10400.0,10460.0,10055.0,10135.0,36645210.0
2013-07-08 00:00:00+09:00,10075.0,10240.0,9845.0,9950.0,33003346.0
2013-07-09 00:00:00+09:00,10060.0,10140.0,9890.0,10125.0,27751457.0
2013-07-10 00:00:00+09:00,10125.0,10170.0,9915.0,9970.0,27611424.0
2013-07-11 00:00:00+09:00,10230.0,10695.0,10175.0,10650.0,45653694.0
2013-07-12 00:00:00+09:00,10650.0,10655.0,10485.0,10520.0,22577879.0
2013-07-15 00:00:00+09:00,10525.0,10685.0,10245.0,10590.0,41887116.0
2013-07-16 00:00:00+09:00,10595.0,10650.0,10415.0,10500.0,24170189.0
2013-07-17 00:00:00+09:00,10540.0,10845.0,10340.0,10710.0,50309973.0
2013-07-18 00:00:00+09:00,10630.0,10675.0,10490.0,10540.0,30317492.0
2013-07-19 00:00:00+09:00,10580.0,10630.0,10340.0,10510.0,36210265.0
2013-07-22 00:00:00+09:00,10610.0,10810.0,10520.0,10580.0,35932592.0
2013-07-23 00:00:00+09:00,10650.0,10925.0,10600.0,10875.0,41272747.0
2013-07-24 00:00:00+09:00,10875.0,10980.0,10825.0,10960.0,21153864.0
2013-07-25 00:00:00+09:00,10900.0,11040.0,10870.0,10950.0,22666087.0
2013-07-26 00:00:00+09:00,11030.0,11070.0,10890.0,10990.0,22061279.0
2013-07-29 00:00:00+09:00,10950.0,11030.0,10850.0,10905.0,23386903.0
2013-07-30 00:00:00+09:00,10895.0,11100.0,10875.0,11075.0,19778898.0
2013-07-31 00:00:00+09:00,11050.0,11105.0,10985.0,11020.0,13735686.0
2013-08-01 00:00:00+09:00,11025.0,11180.0,10865.0,11050.0,30364400.0
2013-08-02 00:00:00+09:00,11200.0,11280.0,11090.0,11145.0,25426871.0
2013-08-05 00:00:00+09:00,11080.0,11180.0,11030.0,11040.0,15901553.0
2013-08-06 00:00:00+09:00,10995.0,11000.0,10725.0,10825.0,29208281.0
2013-08-07 00:00:00+09:00,10675.0,10745.0,10520.0,10520.0,26398481.0
2013-08-08 00:00:00+09:00,10555.0,10720.0,10480.0,10555.0,29987098.0
2013-08-09 00:00:00+09:00,10555.0,10615.0,10445.0,10560.0,23191738.0
2013-08-12 00:00:00+09:00,10495.0,10690.0,10460.0,10595.0,21123210.0
2013-08-13 00:00:00+09:00,10650.0,10940.0,10630.0,10920.0,23931161.0
2013-08-14 00:00:00+09:00,10975.0,11090.0,10900.0,11060.0,23362460.0
2013-08-16 00:00:00+09:00,10845.0,11165.0,10790.0,11015.0,28969723.0
2013-08-19 00:00:00+09:00,10975.0,11015.0,10895.0,11005.0,15876238.0
2013-08-20 00:00:00+09:00,10895.0,11120.0,10680.0,10690.0,36419963.0
2013-08-21 00:00:00+09:00,10745.0,10745.0,10390.0,10435.0,37678222.0
2013-08-22 00:00:00+09:00,10230.0,10345.0,10115.0,10235.0,41189597.0
2013-08-23 00:00:00+09:00,10330.0,10555.0,10290.0,10495.0,29645864.0
2013-08-26 00:00:00+09:00,10530.0,10785.0,10525.0,10710.0,23526190.0
2013-08-27 00:00:00+09:00,10665.0,10820.0,10635.0,10685.0,24691460.0
2013-08-28 00:00:00+09:00,10445.0,10740.0,10435.0,10740.0,30060974.0
2013-08-29 00:00:00+09:00,10775.0,11140.0,10760.0,11065.0,43641626.0
2013-08-30 00:00:00+09:00,11170.0,11250.0,11050.0,11230.0,36028755.0
2013-09-02 00:00:00+09:00,11210.0,11370.0,11190.0,11240.0,30267042.0
2013-09-03 00:00:00+09:00,11355.0,11430.0,11280.0,11325.0,26743021.0
2013-09-04 00:00:00+09:00,11275.0,11380.0,11155.0,11330.0,25525304.0
2013-09-05 00:00:00+09:00,11410.0,11615.0,11350.0,11560.0,35967509.0
2013-09-06 00:00:00+09:00,11560.0,11720.0,11510.0,11620.0,26401122.0
2013-09-09 00:00:00+09:00,11710.0,11885.0,11680.0,11820.0,34487555.0
2013-09-10 00:00:00+09:00,11855.0,12090.0,11835.0,12080.0,39391454.0
2013-09-11 00:00:00+09:00,12120.0,12220.0,12055.0,12175.0,32941042.0
2013-09-12 00:00:00+09:00,12230.0,12465.0,12160.0,12185.0,47225138.0
2013-09-13 00:00:00+09:00,12085.0,12280.0,12055.0,12065.0,22708749.0
2013-09-16 00:00:00+09:00,12310.0,12460.0,12285.0,12340.0,24653581.0
2013-09-17 00:00:00+09:00,12300.0,12305.0,12120.0,12220.0,23369142.0
2013-09-23 00:00:00+09:00,12220.0,12420.0,12040.0,12260.0,25470540.0
2013-09-24 00:00:00+09:00,12120.0,12295.0,12070.0,12240.0,25135269.0
2013-09-25 00:00:00+09:00,12270.0,12290.0,12045.0,12085.0,28960323.0
2013-09-26 00:00:00+09:00,12035.0,12295.0,12000.0,12295.0,23578934.0
2013-09-27 00:00:00+09:00,12360.0,12365.0,12235.0,12320.0,20315484.0
2013-09-30 00:00:00+09:00,12155.0,12265.0,12040.0,12115.0,25262371.0
2013-10-01 00:00:00+09:00,12070.0,12340.0,12070.0,12160.0,24907888.0
2013-10-02 00:00:00+09:00,12305.0,12330.0,12160.0,12160.0,21125457.0
2013-10-04 00:00:00+09:00,12165.0,12235.0,11985.0,12145.0,25093342.0
2013-10-07 00:00:00+09:00,12170.0,12225.0,12075.0,12115.0,14751539.0
2013-10-08 00:00:00+09:00,12075.0,12245.0,11955.0,12245.0,24171591.0
2013-10-10 00:00:00+09:00,12235.0,12345.0,12135.0,12190.0,26660408.0
2013-10-11 00:00:00+09:00,12400.0,12645.0,12325.0,12625.0,38008652.0
2013-10-14 00:00:00+09:00,12615.0,12650.0,12540.0,12590.0,16006864.0
2013-10-15 00:00:00+09:00,12735.0,12910.0,12725.0,12780.0,25108375.0
2013-10-16 00:00:00+09:00,12835.0,12985.0,12800.0,12820.0,23980537.0
2013-10-17 00:00:00+09:00,12985.0,13025.0,12855.0,12920.0,23794540.0
2013-10-18 00:00:00+09:00,12990.0,13045.0,12950.0,13040.0,18167499.0
2013-10-21 00:00:00+09:00,13070.0,13130.0,13030.0,13035.0,13769552.0
2013-10-22 00:00:00+09:00,13015.0,13060.0,12950.0,13050.0,12458834.0
2013-10-23 00:00:00+09:00,13090.0,13130.0,12725.0,12725.0,23736415.0
2013-10-24 00:00:00+09:00,12725.0,12820.0,12650.0,12820.0,17932457.0
2013-10-25 00:00:00+09:00,12800.0,12815.0,12505.0,12615.0,23850509.0
2013-10-28 00:00:00+09:00,12690.0,12870.0,12650.0,12855.0,16812173.0
2013-10-29 00:00:00+09:00,12800.0,13000.0,12720.0,12950.0,23212230.0
2013-10-30 00:00:00+09:00,13005.0,13050.0,12835.0,13030.0,21858479.0
2013-10-31 00:00:00+09:00,12890.0,12955.0,12645.0,12645.0,21634910.0
2013-11-01 00:00:00+09:00,12710.0,12745.0,12645.0,12715.0,14530909.0
2013-11-04 00:00:00+09:00,12655.0,12665.0,12485.0,12500.0,22753241.0
2013-11-05 00:00:00+09:00,12500.0,12560.0,12305.0,12370.0,17674559.0
2013-11-06 00:00:00+09:00,12325.0,12470.0,12305.0,12375.0,15338680.0
2013-11-07 00:00:00+09:00,12390.0,12400.0,12135.0,12185.0,18365383.0
2013-11-08 00:00:00+09:00,12010.0,12120.0,11975.0,12000.0,17978438.0
2013-11-11 00:00:00+09:00,12060.0,12075.0,11920.0,11985.0,13840048.0
2013-11-12 00:00:00+09:00,11985.0,12235.0,11985.0,12180.0,14973191.0
2013-11-13 00:00:00+09:00,12100.0,12130.0,11710.0,11710.0,28405910.0
2013-11-14 00:00:00+09:00,11875.0,11935.0,11710.0,11825.0,22229341.0
2013-11-15 00:00:00+09:00,11945.0,12325.0,11935.0,12290.0,26605444.0
2013-11-18 00:00:00+09:00,12400.0,12430.0,12305.0,12345.0,16324754.0
2013-11-19 00:00:00+09:00,12320.0,12725.0,12290.0,12640.0,28618951.0
2013-11-20 00:00:00+09:00,12590.0,12625.0,12395.0,12445.0,19511252.0
2013-11-21 00:00:00+09:00,12400.0,12410.0,11955.0,12045.0,34375649.0
2013-11-22 00:00:00+09:00,12185.0,12350.0,12060.0,12240.0,23247550.0
2013-11-25 00:00:00+09:00,12340.0,12625.0,12335.0,12435.0,27819686.0
2013-11-26 00:00:00+09:00,12240.0,12525.0,12100.0,12495.0,37678123.0
2013-11-27 00:00:00+09:00,12370.0,12575.0,12260.0,12565.0,25080434.0
2013-11-28 00:00:00+09:00,12710.0,12870.0,12705.0,12800.0,29850321.0
2013-11-29 00:00:00+09:00,12750.0,12900.0,12725.0,12775.0,19002132.0
2013-12-02 00:00:00+09:00,12790.0,12915.0,12570.0,12605.0,23794862.0
2013-12-03 00:00:00+09:00,12465.0,12530.0,12280.0,12320.0,23121191.0
2013-12-04 00:00:00+09:00,12200.0,12245.0,12005.0,12020.0,33070923.0
2013-12-05 00:00:00+09:00,12050.0,12090.0,11755.0,11945.0,36512859.0
2013-12-06 00:00:00+09:00,11935.0,12030.0,11875.0,11955.0,18912696.0
2013-12-09 00:00:00+09:00,12205.0,12250.0,12115.0,12190.0,16892454.0
2013-12-10 00:00:00+09:00,12175.0,12180.0,12060.0,12100.0,13282078.0
2013-12-11 00:00:00+09:00,11970.0,12210.0,11800.0,11850.0,30610960.0
2013-12-12 00:00:00+09:00,11730.0,11795.0,11605.0,11765.0,31061212.0
2013-12-13 00:00:00+09:00,11735.0,11735.0,11460.0,11635.0,33908919.0
2013-12-16 00:00:00+09:00,11580.0,11740.0,11520.0,11655.0,19605899.0
2013-12-17 00:00:00+09:00,11840.0,11910.0,11710.0,11770.0,20149020.0
2013-12-18 00:00:00+09:00,11770.0,11970.0,11745.0,11930.0,18203120.0
2013-12-19 00:00:00+09:00,12170.0,12200.0,11765.0,11865.0,26609084.0
2013-12-20 00:00:00+09:00,11850.0,12020.0,11820.0,11950.0,18125158.0
2013-12-23 00:00:00+09:00,12060.0,12210.0,12040.0,12145.0,21266326.0
2013-12-24 00:00:00+09:00,12200.0,12300.0,12140.0,12215.0,22181357.0
2013-12-26 00:00:00+09:00,12255.0,12315.0,12155.0,12160.0,20142783.0
2013-12-27 00:00:00+09:00,12200.0,12415.0,12145.0,12365.0,22759957.0
2013-12-30 00:00:00+09:00,12455.0,12460.0,12350.0,12425.0,11862033.0
2014-01-02 00:00:00+09:00,12490.0,12500.0,11775.0,11780.0,40155543.0
2014-01-03 00:00:00+09:00,11760.0,11780.0,11375.0,11520.0,50990325.0
2014-01-06 00:00:00+09:00,11530.0,11720.0,11445.0,11585.0,29110627.0
2014-01-07 00:00:00+09:00,11450.0,11735.0,11450.0,11655.0,23200330.0
2014-01-08 00:00:00+09:00,11715.0,11760.0,11495.0,11640.0,25842194.0
2014-01-09 00:00:00+09:00,11640.0,11670.0,11515.0,11515.0,19795217.0
2014-01-10 00:00:00+09:00,11455.0,11585.0,11230.0,11335.0,41981352.0
2014-01-13 00:00:00+09:00,11400.0,11525.0,11355.0,11475.0,15068608.0
2014-01-14 00:00:00+09:00,11415.0,11665.0,11310.0,11440.0,28635314.0
2014-01-15 00:00:00+09:00,11560.0,11585.0,11435.0,11505.0,15854723.0
2014-01-16 00:00:00+09:00,11555.0,11670.0,11540.0,11605.0,17118761.0
2014-01-17 00:00:00+09:00,11590.0,11625.0,11360.0,11410.0,23919597.0
2014-01-20 00:00:00+09:00,11385.0,11580.0,11250.0,11545.0,23323738.0
2014-01-21 00:00:00+09:00,11530.0,11715.0,11485.0,11710.0,21214015.0
2014-01-22 00:00:00+09:00,11655.0,11710.0,11615.0,11690.0,13215486.0
2014-01-23 00:00:00+09:00,11715.0,11720.0,11430.0,11430.0,32151861.0
2014-01-24 00:00:00+09:00,11340.0,11390.0,11175.0,11330.0,37999777.0
2014-01-27 00:00:00+09:00,11020.0,11135.0,10885.0,11055.0,39154816.0
2014-01-28 00:00:00+09:00,10980.0,11145.0,10950.0,11130.0,14817164.0
2014-01-29 00:00:00+09:00,11205.0,11395.0,11190.0,11355.0,20574568.0
2014-02-03 00:00:00+09:00,11230.0,11265.0,11005.0,11065.0,22290595.0
2014-02-04 00:00:00+09:00,10830.0,10835.0,10605.0,10655.0,44891121.0
2014-02-05 00:00:00+09:00,10760.0,10800.0,10640.0,10740.0,20591178.0
2014-02-06 00:00:00+09:00,10795.0,10985.0,10780.0,10910.0,19856812.0
2014-02-07 00:00:00+09:00,11050.0,11120.0,10940.0,11070.0,21376938.0
2014-02-10 00:00:00+09:00,11120.0,11165.0,10990.0,11075.0,13197796.0
2014-02-11 00:00:00+09:00,11010.0,11250.0,11010.0,11200.0,18604956.0
2014-02-12 00:00:00+09:00,11285.0,11370.0,11200.0,11260.0,24949363.0
2014-02-13 00:00:00+09:00,11255.0,11345.0,11045.0,11070.0,24923181.0
2014-02-14 00:00:00+09:00,11135.0,11420.0,11120.0,11330.0,30391153.0
2014-02-17 00:00:00+09:00,11475.0,11525.0,11340.0,11360.0,20522738.0
2014-02-18 00:00:00+09:00,11345.0,11430.0,11185.0,11365.0,28391067.0
2014-02-19 00:00:00+09:00,11300.0,11315.0,11125.0,11240.0,29636793.0
2014-02-20 00:00:00+09:00,11125.0,11280.0,11050.0,11115.0,26796657.0
2014-02-21 00:00:00+09:00,11280.0,11470.0,11265.0,11465.0,28739593.0
2014-02-24 00:00:00+09:00,11450.0,11510.0,11330.0,11385.0,17913154.0
2014-02-25 00:00:00+09:00,11510.0,11620.0,11460.0,11580.0,30196331.0
2014-02-26 00:00:00+09:00,11540.0,11690.0,11500.0,11655.0,23824864.0
2014-02-27 00:00:00+09:00,11615.0,11720.0,11570.0,11700.0,21515878.0
2014-02-28 00:00:00+09:00,11700.0,11805.0,11650.0,11695.0,26011022.0
2014-03-03 00:00:00+09:00,11530.0,11600.0,11400.0,11520.0,23623716.0
2014-03-04 00:00:00+09:00,11460.0,11535.0,11420.0,11460.0,17088515.0
2014-03-05 00:00:00+09:00,11670.0,11760.0,11665.0,11695.0,21780405.0
2014-03-06 00:00:00+09:00,11675.0,11705.0,11640.0,11690.0,11222526.0
2014-03-07 00:00:00+09:00,11755.0,11795.0,11550.0,11655.0,24322489.0
2014-03-10 00:00:00+09:00,11510.0,11540.0,11340.0,11355.0,27629247.0
2014-03-11 00:00:00+09:00,11385.0,11450.0,11345.0,11435.0,13700979.0
2014-03-12 00:00:00+09:00,11350.0,11360.0,11080.0,11100.0,41149587.0
2014-03-13 00:00:00+09:00,11200.0,11220.0,11050.0,11155.0,26265866.0
2014-03-14 00:00:00+09:00,10945.0,10970.0,10815.0,10915.0,28257877.0
2014-03-17 00:00:00+09:00,10885.0,11005.0,10855.0,11005.0,12871785.0
2014-03-18 00:00:00+09:00,11160.0,11230.0,11015.0,11140.0,24765174.0
2014-03-19 00:00:00+09:00,11230.0,11270.0,11100.0,11155.0,18303042.0
2014-03-20 00:00:00+09:00,11060.0,11065.0,10845.0,10875.0,32499161.0
2014-03-21 00:00:00+09:00,10955.0,11050.0,10925.0,11050.0,15848082.0
2014-03-24 00:00:00+09:00,11080.0,11245.0,11055.0,11155.0,22437183.0
2014-03-25 00:00:00+09:00,11130.0,11215.0,11075.0,11120.0,16923572.0
2014-03-26 00:00:00+09:00,11270.0,11475.0,11265.0,11440.0,36755585.0
2014-03-27 00:00:00+09:00,11425.0,11595.0,11375.0,11565.0,27166719.0
2014-03-28 00:00:00+09:00,11550.0,11690.0,11525.0,11565.0,28896817.0
2014-03-31 00:00:00+09:00,11650.0,11700.0,11545.0,11605.0,24094790.0
2014-04-01 00:00:00+09:00,11625.0,11780.0,11535.0,11705.0,32830023.0
2014-04-02 00:00:00+09:00,11795.0,11830.0,11755.0,11780.0,21919009.0
2014-04-03 00:00:00+09:00,11795.0,11960.0,11765.0,11765.0,30679341.0
2014-04-04 00:00:00+09:00,11780.0,11920.0,11765.0,11860.0,21059623.0
2014-04-07 00:00:00+09:00,11755.0,11860.0,11690.0,11800.0,18339089.0
2014-04-08 00:00:00+09:00,11715.0,11960.0,11700.0,11930.0,16824140.0
2014-04-09 00:00:00+09:00,11985.0,12030.0,11930.0,11965.0,16083442.0
2014-04-10 00:00:00+09:00,12065.0,12105.0,11955.0,12010.0,21145676.0
2014-04-11 00:00:00+09:00,11830.0,11860.0,11740.0,11830.0,20210985.0
2014-04-14 00:00:00+09:00,11780.0,11945.0,11760.0,11900.0,12746351.0
2014-04-15 00:00:00+09:00,11965.0,11995.0,11745.0,11760.0,18655271.0
2014-04-16 00:00:00+09:00,11770.0,11885.0,11670.0,11860.0,16228657.0
2014-04-17 00:00:00+09:00,11925.0,11945.0,11750.0,11820.0,15882722.0
2014-04-18 00:00:00+09:00,11910.0,12025.0,11905.0,12005.0,20352343.0
2014-04-21 00:00:00+09:00,11980.0,12000.0,11865.0,11960.0,10844014.0
2014-04-22 00:00:00+09:00,11950.0,12000.0,11800.0,11960.0,21075582.0
2014-04-23 00:00:00+09:00,12010.0,12065.0,11890.0,11925.0,17193835.0
2014-04-24 00:00:00+09:00,11965.0,12005.0,11860.0,11915.0,13887817.0
2014-04-25 00:00:00+09:00,11865.0,11890.0,11570.0,11590.0,30426649.0
2014-04-28 00:00:00+09:00,11515.0,11625.0,11490.0,11570.0,16362300.0
2014-04-29 00:00:00+09:00,11560.0,11600.0,11430.0,11455.0,18229049.0
2014-04-30 00:00:00+09:00,11520.0,11550.0,11325.0,11345.0,18904624.0
2014-05-02 00:00:00+09:00,11425.0,11440.0,11300.0,11355.0,14027921.0
2014-05-07 00:00:00+09:00,11360.0,11405.0,11085.0,11110.0,27806965.0
2014-05-08 00:00:00+09:00,11155.0,11220.0,11015.0,11220.0,23956367.0
2014-05-09 00:00:00+09:00,11200.0,11320.0,11180.0,11245.0,15651189.0
2014-05-12 00:00:00+09:00,11245.0,11395.0,11160.0,11380.0,19499140.0
2014-05-13 00:00:00+09:00,11465.0,11765.0,11435.0,11690.0,37651922.0
2014-05-14 00:00:00+09:00,11715.0,12020.0,11715.0,12000.0,46449090.0
2014-05-15 00:00:00+09:00,12000.0,12135.0,11975.0,11995.0,36767214.0
2014-05-16 00:00:00+09:00,11900.0,12015.0,11890.0,11995.0,18108944.0
2014-05-19 00:00:00+09:00,12040.0,12050.0,11875.0,12030.0,17631423.0
2014-05-20 00:00:00+09:00,11995.0,12080.0,11980.0,12005.0,13328072.0
2014-05-21 00:00:00+09:00,11930.0,12165.0,11915.0,12020.0,22215702.0
2014-05-22 00:00:00+09:00,12100.0,12230.0,12060.0,12145.0,22485840.0
2014-05-23 00:00:00+09:00,12125.0,12165.0,12080.0,12100.0,10564383.0
2014-05-26 00:00:00+09:00,12120.0,12160.0,12030.0,12050.0,11870171.0
2014-05-27 00:00:00+09:00,12080.0,12100.0,11705.0,11810.0,26977114.0
2014-05-28 00:00:00+09:00,11800.0,12060.0,11785.0,12060.0,18284623.0
2014-05-29 00:00:00+09:00,12120.0,12125.0,11980.0,12030.0,12503009.0
2014-05-30 00:00:00+09:00,12010.0,12090.0,11840.0,11840.0,18440297.0
2014-06-02 00:00:00+09:00,11875.0,11970.0,11830.0,11880.0,10768413.0
2014-06-03 00:00:00+09:00,11920.0,11925.0,11735.0,11910.0,14785335.0
2014-06-05 00:00:00+09:00,11920.0,11950.0,11710.0,11780.0,16600996.0
2014-06-09 00:00:00+09:00,11890.0,12015.0,11760.0,11780.0,19510652.0
2014-06-10 00:00:00+09:00,11900.0,12010.0,11845.0,12010.0,14730918.0
2014-06-11 00:00:00+09:00,11985.0,12060.0,11940.0,11980.0,10495289.0
2014-06-12 00:00:00+09:00,11970.0,11990.0,11850.0,11915.0,12714799.0
2014-06-13 00:00:00+09:00,11830.0,11840.0,11545.0,11590.0,36515912.0
2014-06-16 00:00:00+09:00,11590.0,11735.0,11530.0,11725.0,15837834.0
2014-06-17 00:00:00+09:00,11710.0,11795.0,11660.0,11760.0,14961879.0
2014-06-18 00:00:00+09:00,11740.0,11755.0,11605.0,11630.0,16942566.0
2014-06-19 00:00:00+09:00,11725.0,11800.0,11610.0,11685.0,18965259.0
2014-06-20 00:00:00+09:00,11645.0,11670.0,11320.0,11435.0,43800491.0
2014-06-23 00:00:00+09:00,11465.0,11535.0,11380.0,11480.0,19282005.0
2014-06-24 00:00:00+09:00,11420.0,11790.0,11415.0,11720.0,31385987.0
2014-06-25 00:00:00+09:00,11695.0,11750.0,11540.0,11565.0,23074786.0
2014-06-26 00:00:00+09:00,11620.0,11790.0,11590.0,11730.0,26707989.0
2014-06-27 00:00:00+09:00,11720.0,11780.0,11565.0,11670.0,21832786.0
2014-06-30 00:00:00+09:00,11710.0,11820.0,11700.0,11725.0,17192966.0
2014-07-01 00:00:00+09:00,11670.0,11755.0,11565.0,11710.0,19948311.0
2014-07-02 00:00:00+09:00,11820.0,11975.0,11790.0,11885.0,36498724.0
2014-07-03 00:00:00+09:00,11900.0,11925.0,11835.0,11855.0,10070059.0
2014-07-04 00:00:00+09:00,11950.0,11970.0,11795.0,11815.0,15381071.0
2014-07-07 00:00:00+09:00,11775.0,11815.0,11610.0,11700.0,22637081.0
2014-07-08 00:00:00+09:00,11720.0,11750.0,11590.0,11685.0,18146689.0
2014-07-09 00:00:00+09:00,11580.0,11600.0,11495.0,11570.0,19453041.0
2014-07-10 00:00:00+09:00,11625.0,11680.0,11570.0,11625.0,14746879.0
2014-07-11 00:00:00+09:00,11510.0,11520.0,11375.0,11415.0,35394968.0
2014-07-14 00:00:00+09:00,11500.0,11600.0,11455.0,11515.0,19249883.0
2014-07-15 00:00:00+09:00,11600.0,11805.0,11570.0,11750.0,33648941.0
2014-07-16 00:00:00+09:00,11750.0,11835.0,11725.0,11780.0,14867540.0
2014-07-17 00:00:00+09:00,11830.0,11950.0,11825.0,11855.0,25807513.0
2014-07-18 00:00:00+09:00,11695.0,11820.0,11670.0,11820.0,17178867.0
2014-07-21 00:00:00+09:00,11910.0,12000.0,11825.0,11830.0,21115905.0
2014-07-22 00:00:00+09:00,11830.0,11985.0,11810.0,11975.0,17167294.0
2014-07-23 00:00:00+09:00,12025.0,12040.0,11935.0,11965.0,18025281.0
2014-07-24 00:00:00+09:00,11980.0,12075.0,11925.0,11970.0,19176855.0
2014-07-25 00:00:00+09:00,11990.0,12045.0,11980.0,12035.0,12965817.0
2014-07-28 00:00:00+09:00,12065.0,12290.0,12040.0,12235.0,26951694.0
2014-07-29 00:00:00+09:00,12315.0,12500.0,12295.0,12480.0,25027392.0
2014-07-30 00:00:00+09:00,12550.0,12935.0,12520.0,12770.0,35021039.0
2014-07-31 00:00:00+09:00,12735.0,12880.0,12610.0,12635.0,16647579.0
2014-08-01 00:00:00+09:00,12450.0,12665.0,12450.0,12540.0,24005744.0
2014-08-04 00:00:00+09:00,12610.0,12630.0,12455.0,12555.0,14883502.0
2014-08-05 00:00:00+09:00,12500.0,12525.0,12320.0,12370.0,22349926.0
2014-08-06 00:00:00+09:00,12340.0,12405.0,12230.0,12295.0,16242111.0
2014-08-07 00:00:00+09:00,12250.0,12295.0,12115.0,12190.0,21125866.0
2014-08-08 00:00:00+09:00,12125.0,12130.0,11835.0,11885.0,37545661.0
2014-08-11 00:00:00+09:00,12070.0,12075.0,11960.0,12020.0,15231601.0
2014-08-12 00:00:00+09:00,12065.0,12180.0,12020.0,12035.0,18011779.0
2014-08-13 00:00:00+09:00,12070.0,12150.0,12005.0,12150.0,15067859.0
2014-08-14 00:00:00+09:00,12200.0,12360.0,12130.0,12225.0,25444479.0
2014-08-18 00:00:00+09:00,12295.0,12330.0,12060.0,12095.0,20463332.0
2014-08-19 00:00:00+09:00,12155.0,12350.0,12150.0,12290.0,23653641.0
2014-08-20 00:00:00+09:00,12375.0,12395.0,12220.0,12250.0,16930305.0
2014-08-21 00:00:00+09:00,12220.0,12250.0,11825.0,11870.0,38161676.0
2014-08-22 00:00:00+09:00,11910.0,12065.0,11870.0,12030.0,20920738.0
2014-08-25 00:00:00+09:00,11995.0,12125.0,11875.0,12085.0,19205835.0
2014-08-26 00:00:00+09:00,12175.0,12250.0,12105.0,12180.0,22045613.0
2014-08-27 00:00:00+09:00,12245.0,12330.0,12175.0,12195.0,23761638.0
2014-08-28 00:00:00+09:00,12245.0,12415.0,12205.0,12215.0,27848072.0
2014-08-29 00:00:00+09:00,12155.0,12175.0,11995.0,12100.0,23309661.0
2014-09-01 00:00:00+09:00,12060.0,12145.0,12035.0,12090.0,14375190.0
2014-09-02 00:00:00+09:00,12055.0,12065.0,11825.0,11870.0,36187507.0
2014-09-03 00:00:00+09:00,11810.0,11880.0,11695.0,11815.0,26867985.0
2014-09-04 00:00:00+09:00,11925.0,12000.0,11865.0,11890.0,19417337.0
2014-09-05 00:00:00+09:00,11850.0,11940.0,11720.0,11830.0,21319225.0
2014-09-11 00:00:00+09:00,11820.0,11820.0,11690.0,11705.0,19739809.0
2014-09-12 00:00:00+09:00,11730.0,11800.0,11665.0,11755.0,16716803.0
2014-09-15 00:00:00+09:00,11680.0,11730.0,11560.0,11665.0,23379045.0
2014-09-16 00:00:00+09:00,11710.0,11780.0,11675.0,11740.0,12516474.0
2014-09-17 00:00:00+09:00,11845.0,11975.0,11840.0,11960.0,25236277.0
2014-09-18 00:00:00+09:00,11930.0,11975.0,11780.0,11820.0,19370952.0
2014-09-19 00:00:00+09:00,11910.0,11980.0,11875.0,11895.0,17744165.0
2014-09-22 00:00:00+09:00,11800.0,11805.0,11525.0,11615.0,40307739.0
2014-09-23 00:00:00+09:00,11500.0,11615.0,11475.0,11550.0,20616485.0
2014-09-24 00:00:00+09:00,11460.0,11540.0,11375.0,11525.0,26418486.0
2014-09-25 00:00:00+09:00,11600.0,11635.0,11460.0,11515.0,19962309.0
2014-09-26 00:00:00+09:00,11345.0,11440.0,11330.0,11440.0,14711095.0
2014-09-29 00:00:00+09:00,11445.0,11505.0,11335.0,11395.0,18460211.0
2014-09-30 00:00:00+09:00,11320.0,11420.0,11195.0,11275.0,27646138.0
2014-10-01 00:00:00+09:00,11180.0,11210.0,10965.0,10995.0,32668206.0
2014-10-02 00:00:00+09:00,10860.0,10885.0,10610.0,10735.0,41860863.0
2014-10-06 00:00:00+09:00,10780.0,10820.0,10640.0,10680.0,19698150.0
2014-10-07 00:00:00+09:00,10780.0,10810.0,10630.0,10705.0,18497849.0
2014-10-08 00:00:00+09:00,10585.0,10685.0,10530.0,10645.0,22575113.0
2014-10-10 00:00:00+09:00,10505.0,10510.0,10210.0,10315.0,40820757.0
2014-10-13 00:00:00+09:00,10110.0,10275.0,10040.0,10245.0,23326765.0
2014-10-14 00:00:00+09:00,10360.0,10400.0,10230.0,10250.0,25564689.0
2014-10-15 00:00:00+09:00,10200.0,10325.0,10110.0,10200.0,29665373.0
2014-10-16 00:00:00+09:00,10100.0,10155.0,9970.0,10110.0,33852990.0
2014-10-17 00:00:00+09:00,10140.0,10170.0,9840.0,9895.0,41078982.0
2014-10-20 00:00:00+09:00,10030.0,10210.0,10025.0,10140.0,26029375.0
2014-10-21 00:00:00+09:00,10090.0,10100.0,9895.0,9990.0,35170359.0
2014-10-22 00:00:00+09:00,10195.0,10235.0,10075.0,10140.0,22067004.0
2014-10-23 00:00:00+09:00,10110.0,10285.0,10075.0,10180.0,31040399.0
2014-10-24 00:00:00+09:00,10230.0,10255.0,9975.0,10085.0,25825318.0
2014-10-27 00:00:00+09:00,10160.0,10280.0,10145.0,10185.0,26345605.0
2014-10-28 00:00:00+09:00,10215.0,10235.0,10105.0,10165.0,13583936.0
2014-10-29 00:00:00+09:00,10275.0,10600.0,10220.0,10555.0,39019855.0
2014-10-30 00:00:00+09:00,10500.0,10535.0,10405.0,10535.0,16255104.0
2014-10-31 00:00:00+09:00,10605.0,10690.0,10465.0,10660.0,30974267.0
2014-11-03 00:00:00+09:00,10650.0,10655.0,10505.0,10555.0,19310161.0
2014-11-04 00:00:00+09:00,10505.0,10620.0,10330.0,10395.0,28791681.0
2014-11-05 00:00:00+09:00,10440.0,10485.0,10305.0,10350.0,19653103.0
2014-11-06 00:00:00+09:00,10300.0,10500.0,10260.0,10460.0,23869523.0
2014-11-07 00:00:00+09:00,10430.0,10510.0,10400.0,10475.0,15617359.0
2014-11-10 00:00:00+09:00,10565.0,10770.0,10555.0,10690.0,25630273.0
2014-11-11 00:00:00+09:00,10695.0,10740.0,10655.0,10670.0,13088827.0
2014-11-12 00:00:00+09:00,10665.0,10850.0,10645.0,10750.0,20205253.0
2014-11-13 00:00:00+09:00,10740.0,10810.0,10620.0,10690.0,23528884.0
2014-11-14 00:00:00+09:00,10635.0,10645.0,10400.0,10485.0,29887927.0
2014-11-17 00:00:00+09:00,10410.0,10590.0,10385.0,10545.0,21215020.0
2014-11-18 00:00:00+09:00,10545.0,10765.0,10545.0,10720.0,23919200.0
2014-11-19 00:00:00+09:00,10800.0,10800.0,10625.0,10675.0,17705958.0
2014-11-20 00:00:00+09:00,10570.0,10680.0,10520.0,10595.0,16171595.0
2014-11-21 00:00:00+09:00,10640.0,10725.0,10610.0,10660.0,14382975.0
2014-11-24 00:00:00+09:00,10825.0,10940.0,10810.0,10875.0,28660868.0
2014-11-25 00:00:00+09:00,10895.0,10905.0,10810.0,10865.0,10654876.0
2014-11-26 00:00:00+09:00,10875.0,10880.0,10725.0,10820.0,16919624.0
2014-11-27 00:00:00+09:00,10960.0,11015.0,10905.0,10950.0,29510505.0
2014-11-28 00:00:00+09:00,10925.0,10985.0,10895.0,10930.0,8595441.0
2014-12-01 00:00:00+09:00,10840.0,10845.0,10685.0,10745.0,20248008.0
2014-12-02 00:00:00+09:00,10690.0,10730.0,10625.0,10725.0,12484428.0
2014-12-03 00:00:00+09:00,10760.0,10820.0,10710.0,10775.0,11883931.0
2014-12-04 00:00:00+09:00,10770.0,11040.0,10770.0,11020.0,28131103.0
2014-12-05 00:00:00+09:00,10970.0,11060.0,10970.0,11010.0,9430710.0
2014-12-08 00:00:00+09:00,10975.0,11065.0,10950.0,10970.0,10556277.0
2014-12-09 00:00:00+09:00,10900.0,10940.0,10840.0,10905.0,10669419.0
2014-12-10 00:00:00+09:00,10835.0,10835.0,10580.0,10585.0,24591549.0
2014-12-11 00:00:00+09:00,10435.0,10500.0,10275.0,10300.0,33568789.0
2014-12-12 00:00:00+09:00,10340.0,10365.0,10245.0,10335.0,13672760.0
2014-12-15 00:00:00+09:00,10140.0,10360.0,10060.0,10360.0,20309293.0
2014-12-16 00:00:00+09:00,10250.0,10350.0,10120.0,10200.0,22583277.0
2014-12-17 00:00:00+09:00,10275.0,10280.0,10135.0,10135.0,19404971.0
2014-12-18 00:00:00+09:00,10300.0,10360.0,9970.0,10110.0,33551619.0
2014-12-19 00:00:00+09:00,10300.0,10480.0,10280.0,10415.0,30884720.0
2014-12-22 00:00:00+09:00,10480.0,10600.0,10410.0,10565.0,21769973.0
2014-12-23 00:00:00+09:00,10570.0,10595.0,10515.0,10550.0,13839169.0
2014-12-24 00:00:00+09:00,10520.0,10640.0,10490.0,10615.0,19363880.0
2014-12-26 00:00:00+09:00,10595.0,10720.0,10595.0,10620.0,22088286.0
2014-12-29 00:00:00+09:00,10700.0,10730.0,10550.0,10555.0,16180159.0
2014-12-30 00:00:00+09:00,10550.0,10615.0,10290.0,10290.0,19543895.0
2015-01-02 00:00:00+09:00,10275.0,10405.0,10235.0,10390.0,11762656.0
2015-01-05 00:00:00+09:00,10335.0,10385.0,10140.0,10355.0,24617902.0
2015-01-06 00:00:00+09:00,10110.0,10160.0,9955.0,9980.0,50232025.0
2015-01-07 00:00:00+09:00,9970.0,10035.0,9915.0,10000.0,21900545.0
2015-01-08 00:00:00+09:00,10120.0,10325.0,10105.0,10265.0,29185377.0
2015-01-09 00:00:00+09:00,10440.0,10575.0,10405.0,10495.0,37670956.0
2015-01-12 00:00:00+09:00,10390.0,10525.0,10380.0,10445.0,17582512.0
2015-01-13 00:00:00+09:00,10410.0,10545.0,10350.0,10540.0,19093638.0
2015-01-14 00:00:00+09:00,10500.0,10615.0,10440.0,10450.0,21910539.0
2015-01-15 00:00:00+09:00,10410.0,10540.0,10370.0,10510.0,20370790.0
2015-01-16 00:00:00+09:00,10400.0,10405.0,10140.0,10210.0,42236677.0
2015-01-19 00:00:00+09:00,10320.0,10480.0,10290.0,10420.0,25077131.0
2015-01-20 00:00:00+09:00,10460.0,10615.0,10460.0,10595.0,32663170.0
2015-01-21 00:00:00+09:00,10545.0,10650.0,10500.0,10650.0,23705054.0
2015-01-22 00:00:00+09:00,10740.0,10830.0,10680.0,10700.0,29401998.0
2015-01-23 00:00:00+09:00,10955.0,11000.0,10795.0,10830.0,30381845.0
2015-01-26 00:00:00+09:00,10750.0,10850.0,10660.0,10825.0,13982616.0
2015-01-27 00:00:00+09:00,10925.0,10990.0,10880.0,10985.0,23838564.0
2015-01-28 00:00:00+09:00,10870.0,11020.0,10860.0,11000.0,20486606.0
2015-01-29 00:00:00+09:00,10900.0,10995.0,10785.0,10900.0,22731680.0
2015-01-30 00:00:00+09:00,11000.0,11015.0,10860.0,10860.0,17537317.0
2015-02-02 00:00:00+09:00,10755.0,10920.0,10750.0,10835.0,12442342.0
2015-02-03 00:00:00+09:00,10925.0,10950.0,10715.0,10820.0,18278250.0
2015-02-04 00:00:00+09:00,10970.0,11060.0,10920.0,10965.0,26418983.0
2015-02-05 00:00:00+09:00,10935.0,10960.0,10730.0,10745.0,21984496.0
2015-02-06 00:00:00+09:00,10750.0,10800.0,10695.0,10785.0,13244342.0
2015-02-09 00:00:00+09:00,10710.0,10800.0,10650.0,10745.0,9235346.0
2015-02-10 00:00:00+09:00,10745.0,10845.0,10630.0,10650.0,17528439.0
2015-02-11 00:00:00+09:00,10650.0,10715.0,10620.0,10685.0,11721254.0
2015-02-12 00:00:00+09:00,10710.0,10710.0,10475.0,10590.0,22254068.0
2015-02-13 00:00:00+09:00,10690.0,10785.0,10680.0,10765.0,15697472.0
2015-02-16 00:00:00+09:00,10765.0,10835.0,10760.0,10800.0,11791138.0
2015-02-17 00:00:00+09:00,10735.0,10875.0,10700.0,10840.0,13472762.0
2015-02-23 00:00:00+09:00,10950.0,11035.0,10885.0,10895.0,15511151.0
2015-02-24 00:00:00+09:00,10910.0,10965.0,10885.0,10915.0,10325448.0
2015-02-25 00:00:00+09:00,11000.0,11050.0,10975.0,11010.0,21474889.0
2015-02-26 00:00:00+09:00,11020.0,11025.0,10945.0,11010.0,10296321.0
2015-02-27 00:00:00+09:00,10970.0,10990.0,10860.0,10915.0,15411842.0
2015-03-02 00:00:00+09:00,10980.0,11065.0,10960.0,11045.0,17399785.0
2015-03-03 00:00:00+09:00,11100.0,11165.0,11085.0,11130.0,15215506.0
2015-03-04 00:00:00+09:00,11090.0,11140.0,11090.0,11110.0,8286884.0
2015-03-05 00:00:00+09:00,11070.0,11170.0,11055.0,11145.0,9555586.0
2015-03-06 00:00:00+09:00,11150.0,11260.0,11150.0,11255.0,14060937.0
2015-03-09 00:00:00+09:00,11165.0,11200.0,10995.0,11025.0,16463085.0
2015-03-10 00:00:00+09:00,11085.0,11085.0,10935.0,10940.0,14779396.0
2015-03-11 00:00:00+09:00,10795.0,10950.0,10750.0,10935.0,16301176.0
2015-03-12 00:00:00+09:00,10895.0,10995.0,10830.0,10900.0,17558144.0
2015-03-13 00:00:00+09:00,10985.0,11015.0,10930.0,10995.0,15229370.0
2015-03-16 00:00:00+09:00,10945.0,11030.0,10915.0,11015.0,7363474.0
2015-03-17 00:00:00+09:00,11100.0,11500.0,11075.0,11475.0,53220899.0
2015-03-18 00:00:00+09:00,11500.0,11590.0,11480.0,11490.0,26851315.0
2015-03-19 00:00:00+09:00,11645.0,11675.0,11520.0,11560.0,22625051.0
2015-03-20 00:00:00+09:00,11540.0,11580.0,11450.0,11500.0,8838034.0
2015-03-23 00:00:00+09:00,11580.0,11645.0,11475.0,11510.0,15275771.0
2015-03-24 00:00:00+09:00,11495.0,11540.0,11405.0,11535.0,11317095.0
2015-03-25 00:00:00+09:00,11530.0,11625.0,11505.0,11550.0,11004386.0
2015-03-26 00:00:00+09:00,11390.0,11500.0,11290.0,11325.0,20042124.0
2015-03-27 00:00:00+09:00,11320.0,11360.0,11240.0,11265.0,12818311.0
2015-03-30 00:00:00+09:00,11240.0,11330.0,11200.0,11320.0,11503945.0
2015-03-31 00:00:00+09:00,11435.0,11455.0,11285.0,11320.0,14610168.0
2015-04-01 00:00:00+09:00,11280.0,11325.0,11145.0,11155.0,13851779.0
2015-04-02 00:00:00+09:00,11205.0,11275.0,11150.0,11180.0,9660773.0
2015-04-03 00:00:00+09:00,11210.0,11355.0,11195.0,11345.0,10138069.0
2015-04-06 00:00:00+09:00,11320.0,11445.0,11295.0,11340.0,10603791.0
2015-04-07 00:00:00+09:00,11430.0,11435.0,11285.0,11290.0,10706677.0
2015-04-08 00:00:00+09:00,11305.0,11480.0,11285.0,11460.0,15075872.0
2015-04-09 00:00:00+09:00,11410.0,11515.0,11375.0,11435.0,13565809.0
2015-04-10 00:00:00+09:00,11465.0,11785.0,11460.0,11730.0,30348668.0
2015-04-13 00:00:00+09:00,11770.0,11905.0,11740.0,11885.0,15538872.0
2015-04-14 00:00:00+09:00,11890.0,12060.0,11875.0,12010.0,22605375.0
2015-04-15 00:00:00+09:00,12050.0,12145.0,12000.0,12095.0,17348843.0
2015-04-16 00:00:00+09:00,12200.0,12295.0,12165.0,12275.0,20770791.0
2015-04-17 00:00:00+09:00,12300.0,12350.0,12245.0,12285.0,13829623.0
2015-04-20 00:00:00+09:00,12150.0,12305.0,12135.0,12260.0,14896390.0
2015-04-21 00:00:00+09:00,12320.0,12325.0,12225.0,12245.0,14674710.0
2015-04-22 00:00:00+09:00,12250.0,12550.0,12245.0,12340.0,25380487.0
2015-04-23 00:00:00+09:00,12455.0,12710.0,12365.0,12710.0,23772055.0
2015-04-24 00:00:00+09:00,12725.0,12935.0,12550.0,12550.0,27920214.0
2015-04-27 00:00:00+09:00,12665.0,12675.0,12470.0,12490.0,10948460.0
2015-04-28 00:00:00+09:00,12550.0,12580.0,12340.0,12390.0,11939778.0
2015-04-29 00:00:00+09:00,12450.0,12450.0,12150.0,12290.0,13699507.0
2015-04-30 00:00:00+09:00,12180.0,12270.0,12120.0,12175.0,8866488.0
2015-05-04 00:00:00+09:00,12240.0,12335.0,12200.0,12270.0,6239592.0
2015-05-06 00:00:00+09:00,12150.0,12180.0,11870.0,11905.0,17691484.0
2015-05-07 00:00:00+09:00,11880.0,11885.0,11615.0,11775.0,19233828.0
2015-05-08 00:00:00+09:00,11800.0,11805.0,11690.0,11690.0,9393288.0
2015-05-11 00:00:00+09:00,11845.0,11900.0,11715.0,11720.0,14746091.0
2015-05-12 00:00:00+09:00,11670.0,11750.0,11620.0,11700.0,9204285.0
2015-05-13 00:00:00+09:00,11700.0,11895.0,11700.0,11850.0,11196338.0
2015-05-14 00:00:00+09:00,11810.0,11900.0,11770.0,11880.0,11156463.0
2015-05-15 00:00:00+09:00,11970.0,12045.0,11625.0,11645.0,23364489.0
2015-05-18 00:00:00+09:00,11665.0,11705.0,11555.0,11705.0,10411830.0
2015-05-19 00:00:00+09:00,11700.0,11870.0,11625.0,11800.0,12500652.0
2015-05-20 00:00:00+09:00,11840.0,12025.0,11810.0,12020.0,18001006.0
2015-05-21 00:00:00+09:00,12000.0,12010.0,11730.0,11740.0,14726478.0
2015-05-22 00:00:00+09:00,11790.0,12060.0,11790.0,12045.0,16940423.0
2015-05-26 00:00:00+09:00,12045.0,12075.0,11905.0,11995.0,11426925.0
2015-05-27 00:00:00+09:00,11840.0,11880.0,11455.0,11500.0,29509290.0
2015-05-28 00:00:00+09:00,11600.0,11660.0,11500.0,11500.0,15868971.0
2015-05-29 00:00:00+09:00,11440.0,11710.0,11420.0,11590.0,16041951.0
2015-06-01 00:00:00+09:00,11550.0,11550.0,11260.0,11415.0,17246487.0
2015-06-02 00:00:00+09:00,11380.0,11475.0,11135.0,11190.0,19328268.0
2015-06-03 00:00:00+09:00,11230.0,11270.0,10965.0,10980.0,20117604.0
2015-06-04 00:00:00+09:00,11045.0,11220.0,10975.0,11070.0,19037425.0
2015-06-05 00:00:00+09:00,10950.0,11135.0,10940.0,11030.0,11097539.0
2015-06-08 00:00:00+09:00,11000.0,11045.0,10900.0,10990.0,9974067.0
2015-06-09 00:00:00+09:00,10950.0,11075.0,10870.0,10950.0,14950018.0
2015-06-10 00:00:00+09:00,11035.0,11075.0,10795.0,10825.0,16877239.0
2015-06-11 00:00:00+09:00,10920.0,10925.0,10780.0,10885.0,16765428.0
2015-06-12 00:00:00+09:00,10930.0,11040.0,10670.0,10720.0,20549752.0
2015-06-15 00:00:00+09:00,10600.0,10730.0,10530.0,10670.0,10452340.0
2015-06-16 00:00:00+09:00,10640.0,10675.0,10295.0,10445.0,24737635.0
2015-06-17 00:00:00+09:00,10475.0,10505.0,10355.0,10480.0,10614967.0
2015-06-18 00:00:00+09:00,10590.0,10690.0,10465.0,10550.0,15991466.0
2015-06-19 00:00:00+09:00,10675.0,10685.0,10555.0,10615.0,14170940.0
2015-06-22 00:00:00+09:00,10700.0,10810.0,10635.0,10720.0,13727477.0
2015-06-23 00:00:00+09:00,10850.0,11025.0,10775.0,10990.0,20540136.0
2015-06-24 00:00:00+09:00,11035.0,11050.0,10955.0,10990.0,9223095.0
2015-06-25 00:00:00+09:00,10900.0,11015.0,10875.0,10980.0,10135742.0
2015-06-26 00:00:00+09:00,10890.0,11040.0,10805.0,10980.0,10626117.0
2015-06-29 00:00:00+09:00,10660.0,10725.0,10580.0,10680.0,18478112.0
2015-06-30 00:00:00+09:00,10605.0,10750.0,10605.0,10750.0,10921355.0
2015-07-01 00:00:00+09:00,10740.0,11045.0,10700.0,11025.0,15085174.0
2015-07-02 00:00:00+09:00,11065.0,11115.0,11030.0,11050.0,9435379.0
2015-07-03 00:00:00+09:00,11050.0,11075.0,10895.0,10995.0,10130030.0
2015-07-06 00:00:00+09:00,10740.0,10850.0,10425.0,10440.0,27724179.0
2015-07-07 00:00:00+09:00,10550.0,10570.0,10360.0,10485.0,20541720.0
2015-07-08 00:00:00+09:00,10485.0,10505.0,10200.0,10200.0,24575720.0
2015-07-09 00:00:00+09:00,10050.0,10330.0,9945.0,10330.0,35886753.0
2015-07-10 00:00:00+09:00,10370.0,10400.0,10255.0,10360.0,16842468.0
2015-07-13 00:00:00+09:00,10315.0,10635.0,10285.0,10560.0,23694633.0
2015-07-14 00:00:00+09:00,10620.0,10620.0,10395.0,10465.0,16663714.0
2015-07-15 00:00:00+09:00,10540.0,10725.0,10445.0,10540.0,25581621.0
2015-07-16 00:00:00+09:00,10480.0,10675.0,10480.0,10675.0,16027798.0
2015-07-17 00:00:00+09:00,10785.0,10805.0,10500.0,10565.0,19267591.0
2015-07-20 00:00:00+09:00,10550.0,10655.0,10445.0,10510.0,11565031.0
2015-07-21 00:00:00+09:00,10550.0,10680.0,10440.0,10565.0,19532833.0
2015-07-22 00:00:00+09:00,10440.0,10500.0,10300.0,10355.0,18893200.0
2015-07-23 00:00:00+09:00,10390.0,10410.0,10260.0,10350.0,13001510.0
2015-07-24 00:00:00+09:00,10250.0,10270.0,10085.0,10120.0,20657697.0
2015-07-27 00:00:00+09:00,10030.0,10200.0,10000.0,10175.0,13813880.0
2015-07-28 00:00:00+09:00,10095.0,10225.0,10025.0,10195.0,13777308.0
2015-07-29 00:00:00+09:00,10270.0,10300.0,10190.0,10270.0,13343581.0
2015-07-30 00:00:00+09:00,10295.0,10320.0,10095.0,10095.0,19334360.0
2015-07-31 00:00:00+09:00,10105.0,10125.0,9935.0,10025.0,25053446.0
2015-08-03 00:00:00+09:00,10035.0,10040.0,9855.0,9915.0,16023838.0
2015-08-04 00:00:00+09:00,9910.0,10010.0,9895.0,10010.0,13493597.0
2015-08-05 00:00:00+09:00,9985.0,10085.0,9940.0,10030.0,13798564.0
2015-08-06 00:00:00+09:00,10045.0,10060.0,9785.0,9795.0,25173265.0
2015-08-07 00:00:00+09:00,9725.0,9775.0,9655.0,9745.0,12836693.0
2015-08-10 00:00:00+09:00,9710.0,9725.0,9615.0,9700.0,13069487.0
2015-08-11 00:00:00+09:00,9805.0,9925.0,9625.0,9625.0,23333789.0
2015-08-12 00:00:00+09:00,9570.0,9660.0,9365.0,9495.0,28150203.0
2015-08-13 00:00:00+09:00,9460.0,9595.0,9425.0,9580.0,16758835.0
2015-08-17 00:00:00+09:00,9605.0,9630.0,9400.0,9420.0,12023872.0
2015-08-18 00:00:00+09:00,9490.0,9510.0,9380.0,9390.0,14550757.0
2015-08-19 00:00:00+09:00,9355.0,9410.0,9185.0,9250.0,20917838.0
2015-08-20 00:00:00+09:00,9225.0,9240.0,9050.0,9050.0,20963856.0
2015-08-21 00:00:00+09:00,8750.0,8830.0,8615.0,8765.0,41525856.0
2015-08-24 00:00:00+09:00,8590.0,8680.0,8000.0,8330.0,59153134.0
2015-08-25 00:00:00+09:00,8345.0,8585.0,8050.0,8400.0,47501242.0
2015-08-26 00:00:00+09:00,8310.0,8765.0,8215.0,8715.0,42764701.0
2015-08-27 00:00:00+09:00,8800.0,8920.0,8725.0,8790.0,30996118.0
2015-08-28 00:00:00+09:00,8970.0,9050.0,8935.0,9035.0,25567991.0
2015-08-31 00:00:00+09:00,8970.0,9050.0,8900.0,9050.0,14131682.0
2015-09-01 00:00:00+09:00,8980.0,9050.0,8815.0,8835.0,19420868.0
2015-09-02 00:00:00+09:00,8630.0,8960.0,8630.0,8870.0,25076038.0
2015-09-03 00:00:00+09:00,8960.0,8995.0,8855.0,8905.0,16804731.0
2015-09-04 00:00:00+09:00,8920.0,8955.0,8690.0,8750.0,20675100.0
2015-09-07 00:00:00+09:00,8715.0,8850.0,8645.0,8705.0,16986424.0
2015-09-08 00:00:00+09:00,8745.0,8780.0,8640.0,8750.0,13772818.0
2015-09-09 00:00:00+09:00,8910.0,9275.0,8910.0,9275.0,32087134.0
2015-09-10 00:00:00+09:00,9115.0,9340.0,9095.0,9260.0,32795734.0
2015-09-11 00:00:00+09:00,9195.0,9335.0,9165.0,9165.0,17015250.0
2015-09-14 00:00:00+09:00,9250.0,9270.0,8995.0,9080.0,19329819.0
2015-09-15 00:00:00+09:00,9090.0,9185.0,9065.0,9120.0,16719653.0
2015-09-16 00:00:00+09:00,9250.0,9660.0,9245.0,9545.0,37025358.0
2015-09-17 00:00:00+09:00,9730.0,9745.0,9595.0,9625.0,21289105.0
2015-09-18 00:00:00+09:00,9600.0,9815.0,9395.0,9730.0,29921400.0
2015-09-21 00:00:00+09:00,9530.0,9580.0,9345.0,9420.0,19480042.0
2015-09-22 00:00:00+09:00,9470.0,9560.0,9390.0,9530.0,16779429.0
2015-09-23 00:00:00+09:00,9310.0,9445.0,9225.0,9255.0,24960786.0
2015-09-24 00:00:00+09:00,9320.0,9345.0,9200.0,9240.0,15496573.0
2015-09-25 00:00:00+09:00,9200.0,9300.0,9100.0,9225.0,19289155.0
2015-09-30 00:00:00+09:00,8935.0,9395.0,8930.0,9365.0,21669133.0
2015-10-01 00:00:00+09:00,9355.0,9675.0,9305.0,9560.0,27054043.0
2015-10-02 00:00:00+09:00,9555.0,9590.0,9420.0,9435.0,17978298.0
2015-10-05 00:00:00+09:00,9525.0,9705.0,9440.0,9470.0,25702355.0
2015-10-06 00:00:00+09:00,9680.0,9740.0,9615.0,9645.0,22525693.0
2015-10-07 00:00:00+09:00,9705.0,9945.0,9695.0,9910.0,32758539.0
2015-10-08 00:00:00+09:00,10010.0,10095.0,9930.0,10060.0,28582346.0
2015-10-12 00:00:00+09:00,10135.0,10300.0,10110.0,10185.0,28494702.0
2015-10-13 00:00:00+09:00,10180.0,10260.0,10090.0,10150.0,15387849.0
2015-10-14 00:00:00+09:00,10100.0,10140.0,9980.0,10090.0,18516279.0
2015-10-15 00:00:00+09:00,10065.0,10390.0,10065.0,10330.0,27303230.0
2015-10-16 00:00:00+09:00,10405.0,10405.0,10240.0,10265.0,15324187.0
2015-10-19 00:00:00+09:00,10315.0,10360.0,10190.0,10275.0,17556971.0
2015-10-20 00:00:00+09:00,10250.0,10370.0,10225.0,10345.0,12814827.0
2015-10-21 00:00:00+09:00,10345.0,10560.0,10320.0,10415.0,24490666.0
2015-10-22 00:00:00+09:00,10340.0,10420.0,10250.0,10285.0,14169701.0
2015-10-23 00:00:00+09:00,10495.0,10610.0,10420.0,10445.0,26679875.0
2015-10-26 00:00:00+09:00,10560.0,10565.0,10470.0,10500.0,11999893.0
2015-10-27 00:00:00+09:00,10485.0,10520.0,10380.0,10480.0,11717873.0
2015-10-28 00:00:00+09:00,10500.0,10505.0,10335.0,10480.0,15031946.0
2015-10-29 00:00:00+09:00,10495.0,10725.0,10370.0,10425.0,29295602.0
2015-10-30 00:00:00+09:00,10380.0,10550.0,10360.0,10490.0,16842125.0
2015-11-02 00:00:00+09:00,10455.0,10525.0,10400.0,10485.0,13652107.0
2015-11-03 00:00:00+09:00,10600.0,10740.0,10600.0,10680.0,21712820.0
2015-11-04 00:00:00+09:00,10760.0,10780.0,10595.0,10655.0,18668169.0
2015-11-05 00:00:00+09:00,10600.0,10665.0,10530.0,10650.0,14815833.0
2015-11-06 00:00:00+09:00,10600.0,10660.0,10450.0,10505.0,13687815.0
2015-11-09 00:00:00+09:00,10440.0,10485.0,10340.0,10425.0,11272818.0
2015-11-10 00:00:00+09:00,10295.0,10300.0,10100.0,10115.0,18448150.0
2015-11-11 00:00:00+09:00,10070.0,10160.0,9975.0,10095.0,16962668.0
2015-11-12 00:00:00+09:00,10070.0,10130.0,10030.0,10115.0,10455988.0
2015-11-13 00:00:00+09:00,9900.0,9965.0,9850.0,9850.0,17727282.0
2015-11-16 00:00:00+09:00,9620.0,9740.0,9590.0,9600.0,17993778.0
2015-11-17 00:00:00+09:00,9780.0,9835.0,9710.0,9775.0,13477371.0
2015-11-18 00:00:00+09:00,9735.0,9810.0,9705.0,9725.0,8961487.0
2015-11-19 00:00:00+09:00,9900.0,10000.0,9815.0,9995.0,14468022.0
2015-11-20 00:00:00+09:00,10025.0,10050.0,9985.0,10020.0,7366291.0
2015-11-23 00:00:00+09:00,10060.0,10185.0,10050.0,10150.0,11453653.0
2015-11-24 00:00:00+09:00,10145.0,10240.0,10135.0,10230.0,11363870.0
2015-11-25 00:00:00+09:00,10230.0,10235.0,10135.0,10210.0,7864653.0
2015-11-26 00:00:00+09:00,10245.0,10470.0,10225.0,10455.0,18176019.0
2015-11-27 00:00:00+09:00,10470.0,10500.0,10400.0,10410.0,9637871.0
2015-11-30 00:00:00+09:00,10320.0,10325.0,9920.0,10015.0,24931932.0
2015-12-01 00:00:00+09:00,10080.0,10340.0,10075.0,10310.0,20650860.0
2015-12-02 00:00:00+09:00,10325.0,10330.0,10170.0,10170.0,13334492.0
2015-12-03 00:00:00+09:00,10050.0,10055.0,9850.0,9990.0,23581170.0
2015-12-04 00:00:00+09:00,9790.0,9880.0,9750.0,9785.0,27584291.0
2015-12-07 00:00:00+09:00,9905.0,9915.0,9705.0,9705.0,18149258.0
2015-12-08 00:00:00+09:00,9690.0,9785.0,9575.0,9610.0,17397025.0
2015-12-09 00:00:00+09:00,9605.0,9670.0,9575.0,9610.0,13270869.0
2015-12-10 00:00:00+09:00,9590.0,9755.0,9535.0,9700.0,15925336.0
2015-12-11 00:00:00+09:00,9640.0,9800.0,9610.0,9660.0,16303417.0
2015-12-14 00:00:00+09:00,9490.0,9525.0,9365.0,9500.0,17970439.0
2015-12-15 00:00:00+09:00,9575.0,9600.0,9500.0,9560.0,11540650.0
2015-12-16 00:00:00+09:00,9710.0,9995.0,9685.0,9930.0,32728600.0
2015-12-17 00:00:00+09:00,10040.0,10080.0,9855.0,9915.0,21178791.0
2015-12-18 00:00:00+09:00,9755.0,9970.0,9730.0,9885.0,16066820.0
2015-12-21 00:00:00+09:00,9885.0,10025.0,9760.0,9955.0,17373103.0
2015-12-22 00:00:00+09:00,9915.0,10015.0,9825.0,9995.0,16503842.0
2015-12-23 00:00:00+09:00,10045.0,10235.0,10005.0,10160.0,29076210.0
2015-12-24 00:00:00+09:00,10265.0,10300.0,10070.0,10070.0,18588831.0
2015-12-28 00:00:00+09:00,10065.0,10100.0,9790.0,9790.0,18991601.0
2015-12-29 00:00:00+09:00,9835.0,9945.0,9765.0,9940.0,13458692.0
2015-12-30 00:00:00+09:00,10000.0,10050.0,9845.0,9870.0,12828202.0
2016-01-04 00:00:00+09:00,9810.0,9815.0,9470.0,9490.0,32089232.0
2016-01-05 00:00:00+09:00,9420.0,9620.0,9400.0,9525.0,28177379.0
2016-01-06 00:00:00+09:00,9550.0,9565.0,9305.0,9400.0,30356822.0
2016-01-07 00:00:00+09:00,9340.0,9430.0,9175.0,9225.0,28134816.0
2016-01-08 00:00:00+09:00,9110.0,9375.0,9070.0,9370.0,33801647.0
2016-01-11 00:00:00+09:00,9190.0,9210.0,9070.0,9150.0,30511153.0
2016-01-12 00:00:00+09:00,9240.0,9275.0,9050.0,9100.0,26151577.0
2016-01-13 00:00:00+09:00,9185.0,9390.0,9175.0,9360.0,22981637.0
2016-01-14 00:00:00+09:00,9115.0,9160.0,9000.0,9160.0,46505780.0
2016-01-15 00:00:00+09:00,9305.0,9350.0,8885.0,8970.0,45422236.0
2016-01-18 00:00:00+09:00,8790.0,8995.0,8720.0,8955.0,30847951.0
2016-01-19 00:00:00+09:00,8940.0,9040.0,8790.0,9040.0,28690152.0
2016-01-20 00:00:00+09:00,8965.0,8980.0,8535.0,8620.0,68849543.0
2016-01-21 00:00:00+09:00,8640.0,8760.0,8575.0,8600.0,36841981.0
2016-01-22 00:00:00+09:00,8765.0,8950.0,8750.0,8950.0,42642731.0
2016-01-25 00:00:00+09:00,9045.0,9160.0,8955.0,9070.0,34533654.0
2016-01-26 00:00:00+09:00,8950.0,8970.0,8710.0,8825.0,41839309.0
2016-01-27 00:00:00+09:00,8960.0,9115.0,8950.0,9075.0,40869344.0
2016-01-28 00:00:00+09:00,8945.0,9130.0,8865.0,9110.0,32749795.0
2016-01-29 00:00:00+09:00,9050.0,9140.0,8925.0,9140.0,45765542.0
2016-02-01 00:00:00+09:00,9215.0,9350.0,9195.0,9260.0,36355855.0
2016-02-02 00:00:00+09:00,9185.0,9265.0,9120.0,9140.0,28267464.0
2016-02-03 00:00:00+09:00,8950.0,8960.0,8835.0,8925.0,32157771.0
2016-02-04 00:00:00+09:00,9060.0,9275.0,9020.0,9260.0,40275899.0
2016-02-05 00:00:00+09:00,9205.0,9355.0,9205.0,9300.0,28122299.0
2016-02-11 00:00:00+09:00,8900.0,8910.0,8745.0,8795.0,57905692.0
2016-02-12 00:00:00+09:00,8690.0,8760.0,8535.0,8655.0,43172799.0
2016-02-15 00:00:00+09:00,8830.0,8935.0,8795.0,8890.0,29147096.0
2016-02-16 00:00:00+09:00,8915.0,9190.0,8900.0,9145.0,43203507.0
2016-02-17 00:00:00+09:00,9095.0,9255.0,9075.0,9165.0,33302666.0
2016-02-18 00:00:00+09:00,9390.0,9410.0,9305.0,9325.0,36953755.0
2016-02-19 00:00:00+09:00,9295.0,9385.0,9290.0,9365.0,23185652.0
2016-02-22 00:00:00+09:00,9305.0,9465.0,9290.0,9400.0,26231289.0
2016-02-23 00:00:00+09:00,9485.0,9500.0,9350.0,9400.0,26421174.0
2016-02-24 00:00:00+09:00,9365.0,9455.0,9305.0,9380.0,18789295.0
2016-02-25 00:00:00+09:00,9450.0,9555.0,9335.0,9405.0,33349525.0
2016-02-26 00:00:00+09:00,9500.0,9535.0,9415.0,9435.0,19769717.0
2016-02-29 00:00:00+09:00,9380.0,9505.0,9360.0,9395.0,15736184.0
2016-03-02 00:00:00+09:00,9625.0,9715.0,9615.0,9690.0,37441722.0
2016-03-03 00:00:00+09:00,9735.0,9755.0,9695.0,9750.0,24484354.0
2016-03-04 00:00:00+09:00,9750.0,9810.0,9730.0,9760.0,14651658.0
2016-03-07 00:00:00+09:00,9810.0,9840.0,9790.0,9795.0,13716785.0
2016-03-08 00:00:00+09:00,9830.0,9830.0,9590.0,9645.0,16079870.0
2016-03-09 00:00:00+09:00,9620.0,9725.0,9590.0,9725.0,10149219.0
2016-03-10 00:00:00+09:00,9760.0,9990.0,9755.0,9920.0,31470708.0
2016-03-11 00:00:00+09:00,9895.0,9995.0,9890.0,9950.0,17749528.0
2016-03-14 00:00:00+09:00,10050.0,10055.0,9920.0,9940.0,14411185.0
2016-03-15 00:00:00+09:00,9930.0,9995.0,9855.0,9925.0,12934836.0
2016-03-16 00:00:00+09:00,9970.0,10065.0,9925.0,9985.0,19138070.0
2016-03-17 00:00:00+09:00,10060.0,10250.0,10050.0,10070.0,33045690.0
2016-03-18 00:00:00+09:00,10165.0,10175.0,10055.0,10090.0,10752547.0
2016-03-21 00:00:00+09:00,10160.0,10220.0,10005.0,10080.0,15023455.0
2016-03-22 00:00:00+09:00,10110.0,10160.0,10080.0,10160.0,12395250.0
2016-03-23 00:00:00+09:00,10170.0,10245.0,10125.0,10145.0,13393156.0
2016-03-24 00:00:00+09:00,10080.0,10160.0,10015.0,10090.0,13415293.0
2016-03-25 00:00:00+09:00,10120.0,10140.0,10055.0,10075.0,7712962.0
2016-03-28 00:00:00+09:00,10075.0,10155.0,10055.0,10105.0,11211422.0
2016-03-29 00:00:00+09:00,10110.0,10230.0,10100.0,10185.0,15884120.0
2016-03-30 00:00:00+09:00,10275.0,10350.0,10265.0,10285.0,18356698.0
2016-03-31 00:00:00+09:00,10330.0,10330.0,10145.0,10190.0,13021394.0
2016-04-01 00:00:00+09:00,10180.0,10190.0,9910.0,9910.0,19096223.0
2016-04-04 00:00:00+09:00,9925.0,9975.0,9890.0,9950.0,7510848.0
2016-04-05 00:00:00+09:00,9890.0,9905.0,9750.0,9775.0,14873793.0
2016-04-06 00:00:00+09:00,9790.0,9910.0,9770.0,9880.0,10587359.0
2016-04-07 00:00:00+09:00,9950.0,9985.0,9805.0,9885.0,10611177.0
2016-04-08 00:00:00+09:00,9760.0,9865.0,9675.0,9855.0,16650301.0
2016-04-11 00:00:00+09:00,9835.0,9890.0,9760.0,9870.0,9625427.0
2016-04-12 00:00:00+09:00,9870.0,10025.0,9845.0,10010.0,15992694.0
2016-04-14 00:00:00+09:00,10255.0,10440.0,10255.0,10415.0,37512502.0
2016-04-15 00:00:00+09:00,10415.0,10475.0,10390.0,10410.0,13020573.0
2016-04-18 00:00:00+09:00,10250.0,10365.0,10210.0,10345.0,10729688.0
2016-04-19 00:00:00+09:00,10415.0,10465.0,10355.0,10370.0,11091916.0
2016-04-20 00:00:00+09:00,10415.0,10505.0,10300.0,10300.0,14880296.0
2016-04-21 00:00:00+09:00,10420.0,10500.0,10375.0,10470.0,15435134.0
2016-04-22 00:00:00+09:00,10390.0,10435.0,10350.0,10380.0,10970579.0
2016-04-25 00:00:00+09:00,10380.0,10395.0,10280.0,10340.0,8416958.0
2016-04-26 00:00:00+09:00,10345.0,10480.0,10330.0,10430.0,13153281.0
2016-04-27 00:00:00+09:00,10390.0,10445.0,10390.0,10415.0,6807078.0
2016-04-28 00:00:00+09:00,10495.0,10500.0,10200.0,10200.0,18157945.0
2016-04-29 00:00:00+09:00,10195.0,10210.0,10030.0,10115.0,14866594.0
2016-05-02 00:00:00+09:00,10070.0,10080.0,9955.0,9970.0,11088371.0
2016-05-03 00:00:00+09:00,10060.0,10060.0,9975.0,10030.0,10080846.0
2016-05-04 00:00:00+09:00,9920.0,9980.0,9855.0,9905.0,14683846.0
2016-05-09 00:00:00+09:00,9920.0,9935.0,9840.0,9880.0,8660972.0
2016-05-10 00:00:00+09:00,9830.0,9970.0,9825.0,9970.0,10118552.0
2016-05-11 00:00:00+09:00,10040.0,10040.0,9835.0,9935.0,17324591.0
2016-05-12 00:00:00+09:00,9860.0,9935.0,9805.0,9900.0,16294874.0
2016-05-13 00:00:00+09:00,9865.0,9890.0,9700.0,9725.0,23102949.0
2016-05-16 00:00:00+09:00,9660.0,9810.0,9655.0,9765.0,9968773.0
2016-05-17 00:00:00+09:00,9780.0,9800.0,9695.0,9765.0,12716643.0
2016-05-18 00:00:00+09:00,9710.0,9715.0,9540.0,9640.0,21216220.0
2016-05-19 00:00:00+09:00,9600.0,9635.0,9565.0,9595.0,11238631.0
2016-05-20 00:00:00+09:00,9580.0,9650.0,9550.0,9605.0,9707938.0
2016-05-23 00:00:00+09:00,9625.0,9680.0,9500.0,9660.0,15164455.0
2016-05-24 00:00:00+09:00,9610.0,9625.0,9510.0,9510.0,11927439.0
2016-05-25 00:00:00+09:00,9635.0,9800.0,9620.0,9785.0,17064513.0
2016-05-26 00:00:00+09:00,9790.0,9835.0,9730.0,9755.0,10378812.0
2016-05-27 00:00:00+09:00,9785.0,9865.0,9750.0,9840.0,14064342.0
2016-05-30 00:00:00+09:00,9830.0,9850.0,9705.0,9805.0,12837521.0
2016-05-31 00:00:00+09:00,9790.0,9950.0,9695.0,9925.0,19357282.0
2016-06-01 00:00:00+09:00,9880.0,9995.0,9860.0,9950.0,13380923.0
2016-06-02 00:00:00+09:00,9960.0,10010.0,9935.0,10000.0,9738776.0
2016-06-03 00:00:00+09:00,10035.0,10060.0,9980.0,10025.0,9524575.0
2016-06-07 00:00:00+09:00,10095.0,10295.0,10090.0,10295.0,22370606.0
2016-06-08 00:00:00+09:00,10300.0,10480.0,10290.0,10480.0,20265932.0
2016-06-09 00:00:00+09:00,10465.0,10595.0,10375.0,10455.0,23755009.0
2016-06-10 00:00:00+09:00,10480.0,10480.0,10390.0,10390.0,7479833.0
2016-06-13 00:00:00+09:00,10225.0,10255.0,9980.0,9995.0,16957827.0
2016-06-14 00:00:00+09:00,9935.0,10000.0,9840.0,9920.0,15996329.0
2016-06-15 00:00:00+09:00,9870.0,9970.0,9810.0,9890.0,15145314.0
2016-06-16 00:00:00+09:00,9910.0,9930.0,9680.0,9740.0,25956100.0
2016-06-17 00:00:00+09:00,9860.0,9950.0,9760.0,9785.0,20738148.0
2016-06-20 00:00:00+09:00,9965.0,10060.0,9935.0,10035.0,23529691.0
2016-06-21 00:00:00+09:00,10010.0,10055.0,9945.0,10035.0,17224968.0
2016-06-22 00:00:00+09:00,10040.0,10200.0,10000.0,10160.0,20431431.0
2016-06-23 00:00:00+09:00,10145.0,10190.0,10110.0,10155.0,11629269.0
2016-06-24 00:00:00+09:00,10255.0,10285.0,9265.0,9505.0,97798405.0
2016-06-27 00:00:00+09:00,9440.0,9570.0,9360.0,9570.0,32670657.0
2016-06-28 00:00:00+09:00,9395.0,9660.0,9360.0,9605.0,31030402.0
2016-06-29 00:00:00+09:00,9705.0,9920.0,9665.0,9825.0,38691707.0
2016-06-30 00:00:00+09:00,9935.0,9950.0,9820.0,9915.0,27569416.0
2016-07-01 00:00:00+09:00,9950.0,10190.0,9950.0,10130.0,36572778.0
2016-07-04 00:00:00+09:00,10140.0,10225.0,10100.0,10200.0,16449811.0
2016-07-05 00:00:00+09:00,10175.0,10200.0,10110.0,10165.0,11645807.0
2016-07-06 00:00:00+09:00,10075.0,10080.0,9680.0,9760.0,49026566.0
2016-07-07 00:00:00+09:00,9860.0,10020.0,9810.0,9975.0,30176771.0
2016-07-08 00:00:00+09:00,9930.0,10025.0,9835.0,9880.0,22805970.0
2016-07-11 00:00:00+09:00,10035.0,10210.0,10035.0,10180.0,37571816.0
2016-07-12 00:00:00+09:00,10200.0,10285.0,10115.0,10170.0,24658022.0
2016-07-13 00:00:00+09:00,10320.0,10405.0,10230.0,10305.0,29089832.0
2016-07-14 00:00:00+09:00,10315.0,10390.0,10275.0,10350.0,16090227.0
2016-07-15 00:00:00+09:00,10445.0,10530.0,10380.0,10440.0,23298626.0
2016-07-18 00:00:00+09:00,10465.0,10535.0,10445.0,10490.0,10811822.0
2016-07-19 00:00:00+09:00,10525.0,10525.0,10400.0,10445.0,11282136.0
2016-07-20 00:00:00+09:00,10435.0,10445.0,10310.0,10415.0,10292557.0
2016-07-21 00:00:00+09:00,10500.0,10515.0,10395.0,10435.0,10141278.0
2016-07-22 00:00:00+09:00,10335.0,10460.0,10300.0,10425.0,10024872.0
2016-07-25 00:00:00+09:00,10470.0,10520.0,10390.0,10440.0,12581748.0
2016-07-26 00:00:00+09:00,10415.0,10625.0,10390.0,10615.0,15813785.0
2016-07-27 00:00:00+09:00,10630.0,10670.0,10605.0,10615.0,9611261.0
2016-07-28 00:00:00+09:00,10625.0,10655.0,10500.0,10545.0,10831281.0
2016-07-29 00:00:00+09:00,10545.0,10675.0,10520.0,10550.0,15501485.0
2016-08-01 00:00:00+09:00,10620.0,10730.0,10615.0,10710.0,12493352.0
2016-08-02 00:00:00+09:00,10655.0,10675.0,10535.0,10550.0,9011101.0
2016-08-03 00:00:00+09:00,10420.0,10420.0,10270.0,10300.0,18918804.0
2016-08-04 00:00:00+09:00,10380.0,10400.0,10270.0,10330.0,13042268.0
2016-08-05 00:00:00+09:00,10365.0,10565.0,10360.0,10565.0,16729858.0
2016-08-08 00:00:00+09:00,10680.0,10745.0,10595.0,10700.0,15463977.0
2016-08-09 00:00:00+09:00,10720.0,10905.0,10705.0,10870.0,19830333.0
2016-08-10 00:00:00+09:00,10850.0,10910.0,10805.0,10805.0,12370577.0
2016-08-11 00:00:00+09:00,10805.0,10840.0,10740.0,10835.0,9252708.0
2016-08-12 00:00:00+09:00,10915.0,11035.0,10860.0,10900.0,16912741.0
2016-08-16 00:00:00+09:00,10980.0,11040.0,10900.0,10900.0,9537864.0
2016-08-17 00:00:00+09:00,10850.0,10910.0,10785.0,10870.0,9795138.0
2016-08-18 00:00:00+09:00,10885.0,11030.0,10855.0,11030.0,12168153.0
2016-08-19 00:00:00+09:00,11060.0,11085.0,11000.0,11070.0,12168851.0
2016-08-22 00:00:00+09:00,11045.0,11060.0,10940.0,10955.0,8191150.0
2016-08-23 00:00:00+09:00,10975.0,11070.0,10965.0,11070.0,9860349.0
2016-08-24 00:00:00+09:00,11040.0,11075.0,10925.0,10970.0,8661713.0
2016-08-25 00:00:00+09:00,10940.0,11035.0,10885.0,10975.0,7979945.0
2016-08-26 00:00:00+09:00,10910.0,10935.0,10800.0,10915.0,9845876.0
2016-08-29 00:00:00+09:00,10775.0,10935.0,10730.0,10905.0,8933675.0
2016-08-30 00:00:00+09:00,10970.0,11120.0,10970.0,10995.0,15053249.0
2016-08-31 00:00:00+09:00,10985.0,11010.0,10875.0,10920.0,8058033.0
2016-09-01 00:00:00+09:00,10800.0,10855.0,10700.0,10855.0,13033655.0
2016-09-02 00:00:00+09:00,10875.0,10905.0,10820.0,10905.0,7809053.0
2016-09-05 00:00:00+09:00,11005.0,11180.0,11000.0,11170.0,14046381.0
2016-09-06 00:00:00+09:00,11170.0,11255.0,11165.0,11250.0,8536534.0
2016-09-07 00:00:00+09:00,11265.0,11370.0,11200.0,11200.0,10723109.0
2016-09-08 00:00:00+09:00,11220.0,11315.0,11150.0,11205.0,9055405.0
2016-09-09 00:00:00+09:00,11055.0,11075.0,10885.0,10950.0,17297490.0
2016-09-12 00:00:00+09:00,10580.0,10650.0,10400.0,10400.0,25078756.0
2016-09-13 00:00:00+09:00,10640.0,10640.0,10470.0,10480.0,17864986.0
2016-09-19 00:00:00+09:00,10400.0,10690.0,10400.0,10685.0,11610263.0
2016-09-20 00:00:00+09:00,10600.0,10720.0,10585.0,10710.0,9907476.0
2016-09-21 00:00:00+09:00,10695.0,10845.0,10675.0,10845.0,13339677.0
2016-09-22 00:00:00+09:00,10990.0,11120.0,10985.0,11015.0,20144767.0
2016-09-23 00:00:00+09:00,11085.0,11090.0,10985.0,11010.0,8481427.0
2016-09-26 00:00:00+09:00,11000.0,11105.0,10915.0,10950.0,8975984.0
2016-09-27 00:00:00+09:00,10860.0,11135.0,10765.0,11105.0,17795333.0
2016-09-28 00:00:00+09:00,11085.0,11100.0,11010.0,11035.0,7099229.0
2016-09-29 00:00:00+09:00,11130.0,11250.0,11125.0,11195.0,13191573.0
2016-09-30 00:00:00+09:00,11025.0,11085.0,10935.0,10940.0,11400129.0
2016-10-04 00:00:00+09:00,11055.0,11135.0,11030.0,11070.0,8378604.0
2016-10-05 00:00:00+09:00,10925.0,11110.0,10865.0,11080.0,12600832.0
2016-10-06 00:00:00+09:00,11230.0,11260.0,11125.0,11225.0,12149907.0
2016-10-07 00:00:00+09:00,11215.0,11245.0,11140.0,11140.0,5258513.0
2016-10-10 00:00:00+09:00,11070.0,11205.0,10975.0,11195.0,9297628.0
2016-10-11 00:00:00+09:00,11145.0,11205.0,10850.0,10860.0,29113946.0
2016-10-12 00:00:00+09:00,10745.0,10885.0,10720.0,10860.0,16636645.0
2016-10-13 00:00:00+09:00,10810.0,10840.0,10620.0,10655.0,22044213.0
2016-10-14 00:00:00+09:00,10705.0,10815.0,10695.0,10760.0,13547647.0
2016-10-17 00:00:00+09:00,10780.0,10860.0,10605.0,10795.0,20152148.0
2016-10-18 00:00:00+09:00,10805.0,10955.0,10800.0,10950.0,12685579.0
2016-10-19 00:00:00+09:00,10905.0,11075.0,10885.0,10960.0,16535137.0
2016-10-20 00:00:00+09:00,10995.0,11075.0,10970.0,10985.0,9933090.0
2016-10-21 00:00:00+09:00,10965.0,11015.0,10875.0,10890.0,11078488.0
2016-10-24 00:00:00+09:00,10970.0,11065.0,10960.0,11045.0,15200292.0
2016-10-25 00:00:00+09:00,11025.0,11055.0,10965.0,11005.0,8885895.0
2016-10-26 00:00:00+09:00,10910.0,10920.0,10645.0,10740.0,31937842.0
2016-10-27 00:00:00+09:00,10800.0,10865.0,10770.0,10850.0,15128712.0
2016-10-28 00:00:00+09:00,10800.0,10905.0,10800.0,10840.0,11647843.0
2016-10-31 00:00:00+09:00,10735.0,10855.0,10715.0,10795.0,8300529.0
2016-11-01 00:00:00+09:00,10785.0,10815.0,10600.0,10800.0,21663007.0
2016-11-02 00:00:00+09:00,10650.0,10685.0,10520.0,10535.0,29135698.0
2016-11-03 00:00:00+09:00,10500.0,10610.0,10465.0,10580.0,18029027.0
2016-11-04 00:00:00+09:00,10545.0,10575.0,10480.0,10520.0,11018887.0
2016-11-07 00:00:00+09:00,10680.0,10760.0,10645.0,10710.0,16003241.0
2016-11-08 00:00:00+09:00,10810.0,10810.0,10645.0,10745.0,18625527.0
2016-11-09 00:00:00+09:00,10830.0,10890.0,10075.0,10295.0,92379630.0
2016-11-10 00:00:00+09:00,10590.0,10730.0,10530.0,10700.0,39321507.0
2016-11-11 00:00:00+09:00,10545.0,10605.0,10455.0,10495.0,19151265.0
2016-11-14 00:00:00+09:00,10460.0,10500.0,10310.0,10340.0,21546414.0
2016-11-15 00:00:00+09:00,10310.0,10375.0,10255.0,10255.0,16555646.0
2016-11-16 00:00:00+09:00,10360.0,10405.0,10310.0,10335.0,14363178.0
2016-11-17 00:00:00+09:00,10275.0,10345.0,10190.0,10310.0,15617394.0
2016-11-18 00:00:00+09:00,10365.0,10370.0,10225.0,10320.0,13486395.0
2016-11-21 00:00:00+09:00,10260.0,10335.0,10220.0,10255.0,13770656.0
2016-11-22 00:00:00+09:00,10330.0,10520.0,10325.0,10495.0,18999121.0
2016-11-23 00:00:00+09:00,10505.0,10650.0,10470.0,10565.0,17722924.0
2016-11-24 00:00:00+09:00,10565.0,10595.0,10415.0,10460.0,12184217.0
2016-11-25 00:00:00+09:00,10500.0,10525.0,10435.0,10470.0,9615240.0
2016-11-28 00:00:00+09:00,10475.0,10560.0,10350.0,10535.0,13635768.0
2016-11-29 00:00:00+09:00,10525.0,10575.0,10490.0,10535.0,9568808.0
2016-11-30 00:00:00+09:00,10540.0,10680.0,10525.0,10640.0,18809696.0
2016-12-01 00:00:00+09:00,10650.0,10690.0,10605.0,10650.0,10958431.0
2016-12-02 00:00:00+09:00,10570.0,10605.0,10470.0,10510.0,16761747.0
2016-12-05 00:00:00+09:00,10465.0,10520.0,10405.0,10480.0,10412107.0
2016-12-06 00:00:00+09:00,10600.0,10765.0,10600.0,10715.0,23814945.0
2016-12-07 00:00:00+09:00,10780.0,10815.0,10735.0,10775.0,12732162.0
2016-12-08 00:00:00+09:00,10970.0,11120.0,10950.0,11115.0,40536224.0
2016-12-09 00:00:00+09:00,11120.0,11165.0,11085.0,11145.0,13632335.0
2016-12-12 00:00:00+09:00,11210.0,11225.0,11065.0,11125.0,10166769.0
2016-12-13 00:00:00+09:00,11135.0,11185.0,11095.0,11175.0,7920706.0
2016-12-14 00:00:00+09:00,11260.0,11320.0,11175.0,11195.0,9783630.0
2016-12-15 00:00:00+09:00,11050.0,11235.0,11030.0,11200.0,7997965.0
2016-12-16 00:00:00+09:00,11155.0,11260.0,11145.0,11240.0,7393411.0
2016-12-19 00:00:00+09:00,11180.0,11285.0,11180.0,11245.0,5242785.0
2016-12-20 00:00:00+09:00,11265.0,11320.0,11250.0,11300.0,7742021.0
2016-12-21 00:00:00+09:00,11345.0,11410.0,11265.0,11265.0,9679076.0
2016-12-22 00:00:00+09:00,11290.0,11310.0,11235.0,11255.0,4539370.0
2016-12-23 00:00:00+09:00,11245.0,11255.0,11210.0,11225.0,3654174.0
2016-12-26 00:00:00+09:00,11245.0,11260.0,11215.0,11240.0,3121942.0
2016-12-27 00:00:00+09:00,11255.0,11295.0,11245.0,11260.0,4873050.0
2016-12-28 00:00:00+09:00,11330.0,11395.0,11325.0,11355.0,9052346.0
2016-12-29 00:00:00+09:00,11330.0,11365.0,11285.0,11365.0,4213916.0
2017-01-02 00:00:00+09:00,11365.0,11500.0,11285.0,11440.0,6384908.0
2017-01-03 00:00:00+09:00,11505.0,11625.0,11470.0,11625.0,9951600.0
2017-01-04 00:00:00+09:00,11625.0,11660.0,11600.0,11645.0,6850002.0
2017-01-05 00:00:00+09:00,11635.0,11655.0,11575.0,11580.0,6167418.0
2017-01-06 00:00:00+09:00,11630.0,11720.0,11630.0,11675.0,8497670.0
2017-01-09 00:00:00+09:00,11705.0,11765.0,11690.0,11735.0,5444061.0
2017-01-10 00:00:00+09:00,11670.0,11740.0,11650.0,11705.0,4836499.0
2017-01-11 00:00:00+09:00,11730.0,12205.0,11730.0,12135.0,19923850.0
2017-01-12 00:00:00+09:00,12170.0,12230.0,12130.0,12190.0,9967634.0
2017-01-13 00:00:00+09:00,12150.0,12180.0,12110.0,12130.0,6881093.0
2017-01-16 00:00:00+09:00,12100.0,12165.0,11920.0,11985.0,10017067.0
2017-01-17 00:00:00+09:00,12010.0,12170.0,12010.0,12070.0,8089270.0
2017-01-18 00:00:00+09:00,12070.0,12130.0,11895.0,12060.0,9685452.0
2017-01-19 00:00:00+09:00,12175.0,12310.0,11965.0,12085.0,14283320.0
2017-01-20 00:00:00+09:00,11995.0,12065.0,11975.0,12030.0,5443988.0
2017-01-23 00:00:00+09:00,12005.0,12100.0,11885.0,12010.0,7092722.0
2017-01-24 00:00:00+09:00,12065.0,12140.0,11985.0,12035.0,6491743.0
2017-01-25 00:00:00+09:00,12195.0,12195.0,12035.0,12115.0,7140600.0
2017-01-26 00:00:00+09:00,12200.0,12375.0,12135.0,12320.0,14001894.0
2017-01-31 00:00:00+09:00,12245.0,12265.0,12155.0,12170.0,6444635.0
2017-02-01 00:00:00+09:00,12225.0,12270.0,12195.0,12255.0,5346444.0
2017-02-02 00:00:00+09:00,12245.0,12390.0,12115.0,12140.0,9824249.0
2017-02-03 00:00:00+09:00,12205.0,12240.0,12055.0,12175.0,8423080.0
2017-02-06 00:00:00+09:00,12365.0,12400.0,12175.0,12230.0,9208163.0
2017-02-07 00:00:00+09:00,12260.0,12265.0,12150.0,12180.0,5979663.0
2017-02-08 00:00:00+09:00,12150.0,12150.0,11905.0,12075.0,18545100.0
2017-02-09 00:00:00+09:00,12095.0,12175.0,12025.0,12100.0,7374581.0
2017-02-10 00:00:00+09:00,12210.0,12265.0,12140.0,12155.0,9279501.0
2017-02-13 00:00:00+09:00,12140.0,12170.0,12110.0,12155.0,4496442.0
2017-02-14 00:00:00+09:00,12220.0,12225.0,12030.0,12100.0,8351179.0
2017-02-15 00:00:00+09:00,12070.0,12205.0,12030.0,12165.0,7464828.0
2017-02-16 00:00:00+09:00,12210.0,12285.0,12130.0,12160.0,6991959.0
2017-02-17 00:00:00+09:00,12085.0,12190.0,12080.0,12160.0,4337419.0
2017-02-20 00:00:00+09:00,12190.0,12235.0,12145.0,12235.0,4655725.0
2017-02-21 00:00:00+09:00,12255.0,12565.0,12235.0,12455.0,19830751.0
2017-02-22 00:00:00+09:00,12485.0,12545.0,12470.0,12505.0,6451942.0
2017-02-23 00:00:00+09:00,12505.0,12535.0,12465.0,12510.0,4189990.0
2017-02-24 00:00:00+09:00,12500.0,12530.0,12270.0,12315.0,14004349.0
2017-02-27 00:00:00+09:00,12325.0,12350.0,12160.0,12225.0,8106796.0
2017-02-28 00:00:00+09:00,12230.0,12305.0,12205.0,12255.0,4970700.0
2017-03-02 00:00:00+09:00,12425.0,12555.0,12375.0,12475.0,15232931.0
2017-03-03 00:00:00+09:00,12365.0,12395.0,12165.0,12235.0,18077236.0
2017-03-06 00:00:00+09:00,12140.0,12290.0,12110.0,12270.0,8098329.0
2017-03-07 00:00:00+09:00,12290.0,12455.0,12265.0,12400.0,12345935.0
2017-03-08 00:00:00+09:00,12375.0,12510.0,12340.0,12440.0,10576452.0
2017-03-09 00:00:00+09:00,12450.0,12490.0,12375.0,12385.0,7486869.0
2017-03-10 00:00:00+09:00,12335.0,12505.0,12255.0,12435.0,14137377.0
2017-03-13 00:00:00+09:00,12470.0,12775.0,12455.0,12700.0,19683258.0
2017-03-14 00:00:00+09:00,12780.0,12935.0,12780.0,12920.0,9638072.0
2017-03-15 00:00:00+09:00,12910.0,12980.0,12870.0,12950.0,6666284.0
2017-03-16 00:00:00+09:00,13210.0,13290.0,13095.0,13135.0,11264071.0
2017-03-17 00:00:00+09:00,13150.0,13290.0,13125.0,13265.0,9649707.0
2017-03-20 00:00:00+09:00,13240.0,13245.0,13135.0,13230.0,6653296.0
2017-03-21 00:00:00+09:00,13320.0,13555.0,13265.0,13475.0,14482728.0
2017-03-22 00:00:00+09:00,13280.0,13380.0,13240.0,13370.0,14537013.0
2017-03-23 00:00:00+09:00,13455.0,13530.0,13385.0,13410.0,10577550.0
2017-03-24 00:00:00+09:00,13435.0,13520.0,13305.0,13365.0,10280383.0
2017-03-27 00:00:00+09:00,13255.0,13320.0,13150.0,13195.0,11166336.0
2017-03-28 00:00:00+09:00,13310.0,13340.0,13215.0,13265.0,4986058.0
2017-03-29 00:00:00+09:00,13375.0,13380.0,13260.0,13330.0,5152313.0
2017-03-30 00:00:00+09:00,13350.0,13445.0,13260.0,13310.0,7542334.0
2017-03-31 00:00:00+09:00,13340.0,13365.0,13240.0,13265.0,6013342.0
2017-04-03 00:00:00+09:00,13315.0,13415.0,13270.0,13325.0,5787131.0
2017-04-04 00:00:00+09:00,13295.0,13340.0,13200.0,13255.0,5519236.0
2017-04-05 00:00:00+09:00,13270.0,13295.0,13055.0,13210.0,11254856.0
2017-04-06 00:00:00+09:00,13130.0,13135.0,12995.0,13095.0,10473873.0
2017-04-07 00:00:00+09:00,13150.0,13160.0,12960.0,13065.0,10755364.0
2017-04-10 00:00:00+09:00,13055.0,13055.0,12865.0,12905.0,11503366.0
2017-04-11 00:00:00+09:00,12845.0,12925.0,12710.0,12790.0,10722749.0
2017-04-12 00:00:00+09:00,12795.0,12820.0,12740.0,12805.0,6510668.0
2017-04-13 00:00:00+09:00,12845.0,13055.0,12795.0,13055.0,11196857.0
2017-04-14 00:00:00+09:00,12970.0,13000.0,12780.0,12930.0,9492492.0
2017-04-17 00:00:00+09:00,12960.0,13095.0,12940.0,13000.0,8344614.0
2017-04-18 00:00:00+09:00,13115.0,13135.0,12910.0,12995.0,9720904.0
2017-04-19 00:00:00+09:00,12945.0,13000.0,12785.0,12870.0,10339091.0
2017-04-20 00:00:00+09:00,12810.0,12975.0,12765.0,12955.0,8504806.0
2017-04-21 00:00:00+09:00,13075.0,13235.0,13035.0,13195.0,16277750.0
2017-04-24 00:00:00+09:00,13295.0,13365.0,13250.0,13320.0,9242417.0
2017-04-25 00:00:00+09:00,13340.0,13615.0,13335.0,13600.0,22960992.0
2017-04-26 00:00:00+09:00,13675.0,13805.0,13670.0,13750.0,18978351.0
2017-04-27 00:00:00+09:00,13720.0,13825.0,13695.0,13815.0,9368165.0
2017-04-28 00:00:00+09:00,13865.0,13960.0,13815.0,13825.0,10921010.0
2017-05-02 00:00:00+09:00,13935.0,14220.0,13935.0,14055.0,12030316.0
2017-05-04 00:00:00+09:00,14155.0,14335.0,14150.0,14335.0,10047380.0
2017-05-08 00:00:00+09:00,14410.0,15080.0,14370.0,15070.0,19000858.0
2017-05-10 00:00:00+09:00,15135.0,15635.0,14680.0,14765.0,26834728.0
2017-05-11 00:00:00+09:00,14905.0,15140.0,14785.0,15080.0,20841459.0
2017-05-12 00:00:00+09:00,15100.0,15130.0,14905.0,14940.0,11608256.0
2017-05-15 00:00:00+09:00,14970.0,15115.0,14880.0,15030.0,9905119.0
2017-05-16 00:00:00+09:00,15210.0,15290.0,14925.0,15070.0,18636165.0
2017-05-17 00:00:00+09:00,14965.0,15100.0,14915.0,15040.0,14058944.0
2017-05-18 00:00:00+09:00,14760.0,14980.0,14675.0,14975.0,20182756.0
2017-05-19 00:00:00+09:00,14950.0,15015.0,14880.0,14920.0,10811607.0
2017-05-22 00:00:00+09:00,15100.0,15170.0,15000.0,15135.0,13404923.0
2017-05-23 00:00:00+09:00,15200.0,15460.0,15160.0,15225.0,30096461.0
2017-05-24 00:00:00+09:00,15315.0,15385.0,15235.0,15275.0,11583778.0
2017-05-25 00:00:00+09:00,15400.0,15640.0,15330.0,15635.0,23288586.0
2017-05-26 00:00:00+09:00,15660.0,15965.0,15615.0,15820.0,27132907.0
2017-05-29 00:00:00+09:00,15935.0,16035.0,15615.0,15780.0,30953915.0
2017-05-30 00:00:00+09:00,15765.0,15805.0,15410.0,15575.0,27495727.0
2017-05-31 00:00:00+09:00,15500.0,15730.0,15475.0,15585.0,14809923.0
2017-06-01 00:00:00+09:00,15560.0,15625.0,15400.0,15495.0,15551699.0
2017-06-02 00:00:00+09:00,15600.0,15890.0,15600.0,15875.0,19925359.0
2017-06-05 00:00:00+09:00,15925.0,15960.0,15790.0,15820.0,14298678.0
2017-06-07 00:00:00+09:00,15770.0,15845.0,15640.0,15640.0,12840849.0
2017-06-08 00:00:00+09:00,15680.0,15785.0,15500.0,15775.0,17072035.0
2017-06-09 00:00:00+09:00,15820.0,16075.0,15800.0,16010.0,25603484.0
2017-06-12 00:00:00+09:00,15815.0,15910.0,15655.0,15685.0,22153293.0
2017-06-13 00:00:00+09:00,15705.0,15905.0,15705.0,15895.0,11538497.0
2017-06-14 00:00:00+09:00,16000.0,16085.0,15785.0,15870.0,16305955.0
2017-06-15 00:00:00+09:00,15845.0,15950.0,15570.0,15735.0,25612127.0
2017-06-16 00:00:00+09:00,15750.0,15815.0,15675.0,15755.0,9000663.0
2017-06-19 00:00:00+09:00,15765.0,15995.0,15680.0,15925.0,15375512.0
2017-06-20 00:00:00+09:00,16075.0,16095.0,15935.0,15990.0,15668631.0
2017-06-21 00:00:00+09:00,15815.0,15865.0,15690.0,15795.0,16189226.0
2017-06-22 00:00:00+09:00,15885.0,16000.0,15795.0,16000.0,12754249.0
2017-06-23 00:00:00+09:00,15990.0,16135.0,15970.0,16080.0,17169838.0
2017-06-26 00:00:00+09:00,16105.0,16275.0,16090.0,16250.0,22701165.0
2017-06-27 00:00:00+09:00,16195.0,16340.0,16175.0,16245.0,14411535.0
2017-06-28 00:00:00+09:00,16115.0,16250.0,16095.0,16160.0,10454493.0
2017-06-29 00:00:00+09:00,16315.0,16465.0,16315.0,16360.0,13387527.0
2017-06-30 00:00:00+09:00,16175.0,16275.0,16130.0,16275.0,15835757.0
2017-07-03 00:00:00+09:00,16350.0,16380.0,16205.0,16325.0,10408043.0
2017-07-04 00:00:00+09:00,16355.0,16385.0,16115.0,16160.0,23907034.0
2017-07-05 00:00:00+09:00,16095.0,16305.0,16060.0,16280.0,13805051.0
2017-07-06 00:00:00+09:00,16335.0,16345.0,16185.0,16270.0,8657707.0
2017-07-07 00:00:00+09:00,16140.0,16240.0,16065.0,16155.0,13227345.0
2017-07-10 00:00:00+09:00,16255.0,16340.0,16165.0,16245.0,10592665.0
2017-07-11 00:00:00+09:00,16275.0,16450.0,16255.0,16440.0,18320630.0
2017-07-12 00:00:00+09:00,16425.0,16500.0,16400.0,16420.0,14408383.0
2017-07-13 00:00:00+09:00,16565.0,16930.0,16565.0,16780.0,35830764.0
2017-07-14 00:00:00+09:00,16850.0,16910.0,16790.0,16810.0,9677133.0
2017-07-17 00:00:00+09:00,17020.0,17050.0,16895.0,16960.0,12274074.0
2017-07-18 00:00:00+09:00,16950.0,16970.0,16880.0,16970.0,13709972.0
2017-07-19 00:00:00+09:00,17030.0,17030.0,16880.0,16995.0,13312043.0
2017-07-20 00:00:00+09:00,17090.0,17205.0,17000.0,17170.0,12197594.0
2017-07-21 00:00:00+09:00,17130.0,17325.0,17115.0,17295.0,14176976.0
2017-07-24 00:00:00+09:00,17300.0,17320.0,17235.0,17320.0,11310807.0
2017-07-25 00:00:00+09:00,17320.0,17345.0,17145.0,17215.0,16556041.0
2017-07-26 00:00:00+09:00,17265.0,17270.0,17020.0,17080.0,23111898.0
2017-07-27 00:00:00+09:00,17170.0,17275.0,17100.0,17175.0,12936883.0
2017-07-28 00:00:00+09:00,17050.0,17055.0,16490.0,16515.0,34557940.0
2017-07-31 00:00:00+09:00,16345.0,16570.0,16345.0,16525.0,15509075.0
2017-08-01 00:00:00+09:00,16445.0,16980.0,16400.0,16800.0,16655452.0
2017-08-02 00:00:00+09:00,16905.0,16985.0,16845.0,16870.0,8546343.0
2017-08-03 00:00:00+09:00,16800.0,16805.0,16070.0,16295.0,32917200.0
2017-08-04 00:00:00+09:00,16290.0,16495.0,16255.0,16445.0,14919234.0
2017-08-07 00:00:00+09:00,16485.0,16645.0,16420.0,16465.0,11244272.0
2017-08-08 00:00:00+09:00,16540.0,16630.0,16230.0,16405.0,17238500.0
2017-08-09 00:00:00+09:00,16175.0,16265.0,15960.0,16020.0,17797764.0
2017-08-10 00:00:00+09:00,15905.0,16020.0,15620.0,15855.0,23895271.0
2017-08-11 00:00:00+09:00,15370.0,15515.0,15205.0,15285.0,27772327.0
2017-08-14 00:00:00+09:00,15490.0,15600.0,15415.0,15545.0,14301940.0
2017-08-16 00:00:00+09:00,15815.0,15885.0,15685.0,15720.0,12515498.0
2017-08-17 00:00:00+09:00,15780.0,15960.0,15710.0,15910.0,13347967.0
2017-08-18 00:00:00+09:00,15640.0,15910.0,15625.0,15865.0,10381231.0
2017-08-21 00:00:00+09:00,15940.0,15950.0,15765.0,15810.0,7852143.0
2017-08-22 00:00:00+09:00,15885.0,16010.0,15865.0,15955.0,10541036.0
2017-08-23 00:00:00+09:00,16130.0,16145.0,15905.0,15960.0,9878901.0
2017-08-24 00:00:00+09:00,15985.0,16180.0,15985.0,16100.0,13101802.0
2017-08-25 00:00:00+09:00,16195.0,16235.0,16060.0,16135.0,10901734.0
2017-08-28 00:00:00+09:00,16100.0,16190.0,15910.0,15955.0,12220586.0
2017-08-29 00:00:00+09:00,15775.0,15860.0,15405.0,15860.0,21930727.0
2017-08-30 00:00:00+09:00,15920.0,15970.0,15835.0,15970.0,6892533.0
2017-08-31 00:00:00+09:00,15970.0,16025.0,15715.0,15785.0,10279544.0
2017-09-01 00:00:00+09:00,15880.0,15915.0,15655.0,15755.0,12020348.0
2017-09-04 00:00:00+09:00,15275.0,15625.0,15265.0,15425.0,18303292.0
2017-09-05 00:00:00+09:00,15520.0,15550.0,15315.0,15390.0,11685169.0
2017-09-06 00:00:00+09:00,15350.0,15370.0,15235.0,15320.0,12933225.0
2017-09-07 00:00:00+09:00,15410.0,15735.0,15395.0,15705.0,18443658.0
2017-09-08 00:00:00+09:00,15740.0,15775.0,15655.0,15725.0,7679635.0
2017-09-11 00:00:00+09:00,15835.0,16120.0,15835.0,16000.0,15320396.0
2017-09-12 00:00:00+09:00,16135.0,16150.0,15950.0,16015.0,11555621.0
2017-09-13 00:00:00+09:00,16060.0,16190.0,15945.0,16005.0,13355624.0
2017-09-14 00:00:00+09:00,16045.0,16155.0,15965.0,16155.0,13887125.0
2017-09-15 00:00:00+09:00,16115.0,16310.0,16045.0,16300.0,14902234.0
2017-09-18 00:00:00+09:00,16345.0,16840.0,16330.0,16820.0,26784496.0
2017-09-19 00:00:00+09:00,16820.0,16875.0,16775.0,16795.0,11070561.0
2017-09-20 00:00:00+09:00,16865.0,17030.0,16685.0,16790.0,13723770.0
2017-09-21 00:00:00+09:00,16730.0,16855.0,16705.0,16795.0,10892075.0
2017-09-22 00:00:00+09:00,16755.0,16870.0,16510.0,16585.0,15832268.0
2017-09-25 00:00:00+09:00,16600.0,16650.0,16490.0,16575.0,9385105.0
2017-09-26 00:00:00+09:00,16470.0,16520.0,16335.0,16405.0,13178550.0
2017-09-27 00:00:00+09:00,16430.0,16430.0,16310.0,16340.0,6478086.0
2017-09-28 00:00:00+09:00,16390.0,16450.0,16280.0,16375.0,11396220.0
2017-09-29 00:00:00+09:00,16400.0,16615.0,16395.0,16605.0,10183165.0
2017-10-10 00:00:00+09:00,16930.0,17365.0,16920.0,17205.0,40447802.0
2017-10-11 00:00:00+09:00,17300.0,17550.0,17290.0,17520.0,23569419.0
2017-10-12 00:00:00+09:00,17550.0,17750.0,17545.0,17750.0,24684259.0
2017-10-13 00:00:00+09:00,17730.0,17810.0,17670.0,17715.0,12252765.0
2017-10-16 00:00:00+09:00,17780.0,17895.0,17720.0,17805.0,11770279.0
2017-10-17 00:00:00+09:00,17825.0,17900.0,17790.0,17860.0,11154195.0
2017-10-18 00:00:00+09:00,17810.0,17940.0,17755.0,17830.0,10232528.0
2017-10-19 00:00:00+09:00,17920.0,17950.0,17620.0,17685.0,12518525.0
2017-10-20 00:00:00+09:00,17680.0,17865.0,17680.0,17865.0,6684831.0
2017-10-23 00:00:00+09:00,17980.0,18030.0,17855.0,17955.0,10437500.0
2017-10-24 00:00:00+09:00,17925.0,18000.0,17910.0,17940.0,6489139.0
2017-10-25 00:00:00+09:00,17975.0,17995.0,17805.0,17930.0,9793889.0
2017-10-26 00:00:00+09:00,17895.0,17935.0,17700.0,17700.0,7872512.0
2017-10-27 00:00:00+09:00,17735.0,17975.0,17675.0,17925.0,10223450.0
2017-10-30 00:00:00+09:00,18100.0,18130.0,17980.0,18015.0,8176153.0
2017-10-31 00:00:00+09:00,18040.0,18455.0,17975.0,18405.0,16874801.0
2017-11-01 00:00:00+09:00,18580.0,18965.0,18560.0,18965.0,22356337.0
2017-11-02 00:00:00+09:00,18980.0,19020.0,18770.0,18860.0,12866372.0
2017-11-03 00:00:00+09:00,18965.0,19030.0,18695.0,18960.0,14365863.0
2017-11-06 00:00:00+09:00,18925.0,18980.0,18505.0,18790.0,19903767.0
2017-11-07 00:00:00+09:00,18805.0,18920.0,18700.0,18745.0,14558853.0
2017-11-08 00:00:00+09:00,18585.0,18990.0,18540.0,18875.0,14595328.0
2017-11-09 00:00:00+09:00,18950.0,18965.0,18570.0,18780.0,15097663.0
2017-11-10 00:00:00+09:00,18580.0,18730.0,18520.0,18635.0,9614641.0
2017-11-13 00:00:00+09:00,18660.0,18805.0,18430.0,18480.0,12222587.0
2017-11-14 00:00:00+09:00,18480.0,18525.0,18360.0,18425.0,9655036.0
2017-11-15 00:00:00+09:00,18370.0,18385.0,18165.0,18255.0,10529989.0
2017-11-16 00:00:00+09:00,18300.0,18520.0,18225.0,18470.0,8776308.0
2017-11-17 00:00:00+09:00,18640.0,18875.0,18460.0,18460.0,16710264.0
2017-11-20 00:00:00+09:00,18490.0,18550.0,18220.0,18280.0,8613599.0
2017-11-21 00:00:00+09:00,18400.0,18505.0,18285.0,18385.0,6320868.0
2017-11-22 00:00:00+09:00,18595.0,18750.0,18475.0,18560.0,10104304.0
2017-11-23 00:00:00+09:00,18610.0,18615.0,18430.0,18485.0,5012206.0
2017-11-24 00:00:00+09:00,18510.0,18550.0,18395.0,18550.0,4893586.0
2017-11-27 00:00:00+09:00,18595.0,18600.0,17900.0,17920.0,17423061.0
2017-11-28 00:00:00+09:00,17930.0,18120.0,17825.0,18035.0,8353695.0
2017-11-29 00:00:00+09:00,18100.0,18210.0,17985.0,18035.0,6335441.0
2017-11-30 00:00:00+09:00,17790.0,17910.0,17395.0,17395.0,15334329.0
2017-12-01 00:00:00+09:00,17550.0,17580.0,17345.0,17425.0,10737171.0
2017-12-04 00:00:00+09:00,17550.0,17750.0,17400.0,17750.0,8350341.0
2017-12-05 00:00:00+09:00,17610.0,17955.0,17530.0,17875.0,9405393.0
2017-12-06 00:00:00+09:00,17890.0,17905.0,17370.0,17370.0,9723406.0
2017-12-07 00:00:00+09:00,17445.0,17470.0,17135.0,17265.0,10556408.0
2017-12-08 00:00:00+09:00,17365.0,17445.0,17230.0,17335.0,7525011.0
2017-12-11 00:00:00+09:00,17395.0,17425.0,17225.0,17380.0,6083153.0
2017-12-12 00:00:00+09:00,17400.0,17405.0,17205.0,17250.0,6302026.0
2017-12-13 00:00:00+09:00,17300.0,17555.0,17215.0,17500.0,7742364.0
2017-12-14 00:00:00+09:00,17575.0,18010.0,17550.0,17610.0,13202157.0
2017-12-15 00:00:00+09:00,17710.0,17785.0,17455.0,17520.0,8021471.0
2017-12-18 00:00:00+09:00,17580.0,17630.0,17485.0,17585.0,5357833.0
2017-12-19 00:00:00+09:00,17685.0,17885.0,17500.0,17585.0,8433845.0
2017-12-20 00:00:00+09:00,17500.0,17670.0,17490.0,17520.0,4552535.0
2017-12-21 00:00:00+09:00,17430.0,17485.0,16840.0,16840.0,15979013.0
2017-12-22 00:00:00+09:00,16930.0,17050.0,16820.0,16985.0,8355807.0
2017-12-26 00:00:00+09:00,17050.0,17245.0,16850.0,16850.0,11265402.0
2017-12-27 00:00:00+09:00,16960.0,17210.0,16890.0,17200.0,8424247.0
2017-12-28 00:00:00+09:00,17225.0,17650.0,17220.0,17650.0,10110980.0
2018-01-02 00:00:00+09:00,17730.0,17880.0,17655.0,17800.0,7913541.0
2018-01-03 00:00:00+09:00,17930.0,18055.0,17860.0,17925.0,7838943.0
2018-01-04 00:00:00+09:00,18125.0,18150.0,17645.0,17665.0,12928940.0
2018-01-05 00:00:00+09:00,17750.0,18110.0,17750.0,18110.0,9481613.0
2018-01-08 00:00:00+09:00,18280.0,18440.0,18085.0,18360.0,15383829.0
2018-01-09 00:00:00+09:00,18295.0,18525.0,18090.0,18255.0,12909095.0
2018-01-10 00:00:00+09:00,18345.0,18360.0,17940.0,17990.0,10290704.0
2018-01-11 00:00:00+09:00,17950.0,18020.0,17725.0,17815.0,10105372.0
2018-01-12 00:00:00+09:00,17930.0,17970.0,17635.0,17890.0,11544928.0
2018-01-15 00:00:00+09:00,18060.0,18130.0,17850.0,17955.0,8489742.0
2018-01-16 00:00:00+09:00,17940.0,18295.0,17880.0,18250.0,10192757.0
2018-01-17 00:00:00+09:00,18160.0,18255.0,18035.0,18145.0,8119894.0
2018-01-18 00:00:00+09:00,18335.0,18440.0,18100.0,18140.0,11372208.0
2018-01-19 00:00:00+09:00,18195.0,18280.0,18105.0,18175.0,5732070.0
2018-01-22 00:00:00+09:00,18120.0,18135.0,17650.0,17805.0,11511571.0
2018-01-23 00:00:00+09:00,17950.0,18295.0,17920.0,18295.0,10238049.0
2018-01-24 00:00:00+09:00,18260.0,18515.0,18260.0,18355.0,10660803.0
2018-01-25 00:00:00+09:00,18295.0,18720.0,18285.0,18690.0,19058352.0
2018-01-26 00:00:00+09:00,18655.0,18805.0,18565.0,18805.0,10316275.0
2018-01-29 00:00:00+09:00,18975.0,19240.0,18975.0,19095.0,21863999.0
2018-01-30 00:00:00+09:00,19005.0,19105.0,18595.0,18605.0,14410796.0
2018-01-31 00:00:00+09:00,18430.0,19135.0,18425.0,18680.0,20387453.0
2018-02-01 00:00:00+09:00,18735.0,18825.0,18540.0,18610.0,11695148.0
2018-02-02 00:00:00+09:00,18505.0,18540.0,17815.0,17905.0,28679117.0
2018-02-05 00:00:00+09:00,17410.0,17595.0,17225.0,17495.0,22071553.0
2018-02-06 00:00:00+09:00,16805.0,17045.0,16340.0,16945.0,41553240.0
2018-02-07 00:00:00+09:00,17215.0,17295.0,16110.0,16120.0,32122967.0
2018-02-08 00:00:00+09:00,16170.0,16505.0,16035.0,16370.0,26091147.0
2018-02-09 00:00:00+09:00,15320.0,15665.0,15275.0,15540.0,30251675.0
2018-02-12 00:00:00+09:00,15720.0,16000.0,15540.0,15870.0,18267176.0
2018-02-13 00:00:00+09:00,16100.0,16465.0,15950.0,16120.0,24014804.0
2018-02-14 00:00:00+09:00,16300.0,16595.0,16300.0,16505.0,13907470.0
2018-02-19 00:00:00+09:00,16905.0,16965.0,16505.0,16700.0,18754612.0
2018-02-20 00:00:00+09:00,16575.0,16605.0,16240.0,16270.0,12291940.0
2018-02-21 00:00:00+09:00,16320.0,16530.0,16090.0,16475.0,12357472.0
2018-02-22 00:00:00+09:00,16285.0,16350.0,16110.0,16265.0,9026019.0
2018-02-23 00:00:00+09:00,16370.0,16740.0,16370.0,16740.0,13381348.0
2018-02-26 00:00:00+09:00,16865.0,16920.0,16665.0,16785.0,10400985.0
2018-02-27 00:00:00+09:00,16970.0,17140.0,16710.0,16710.0,13408874.0
2018-02-28 00:00:00+09:00,16610.0,16755.0,16275.0,16290.0,13204995.0
2018-03-02 00:00:00+09:00,15945.0,16010.0,15670.0,15855.0,23767405.0
2018-03-05 00:00:00+09:00,15775.0,15865.0,15405.0,15425.0,19884736.0
2018-03-06 00:00:00+09:00,15730.0,16055.0,15675.0,16045.0,14334983.0
2018-03-07 00:00:00+09:00,16100.0,16400.0,15885.0,16070.0,18816781.0
2018-03-08 00:00:00+09:00,16315.0,16390.0,16120.0,16390.0,12631481.0
2018-03-09 00:00:00+09:00,16555.0,17050.0,16450.0,16765.0,27145068.0
2018-03-12 00:00:00+09:00,17105.0,17195.0,16950.0,17080.0,17628997.0
2018-03-13 00:00:00+09:00,17070.0,17255.0,17020.0,17255.0,14802994.0
2018-03-14 00:00:00+09:00,17000.0,17220.0,17000.0,17215.0,12442515.0
2018-03-15 00:00:00+09:00,17240.0,17360.0,16975.0,17335.0,17378534.0
2018-03-16 00:00:00+09:00,17280.0,17350.0,17025.0,17255.0,16031335.0
2018-03-19 00:00:00+09:00,17250.0,17275.0,16955.0,17015.0,14679351.0
2018-03-20 00:00:00+09:00,16785.0,17165.0,16755.0,17165.0,11253365.0
2018-03-21 00:00:00+09:00,17185.0,17295.0,17135.0,17190.0,9529620.0
2018-03-22 00:00:00+09:00,17240.0,17515.0,17190.0,17335.0,19855893.0
2018-03-23 00:00:00+09:00,16605.0,16695.0,16080.0,16150.0,30572550.0
2018-03-26 00:00:00+09:00,16115.0,16425.0,15905.0,16425.0,19223840.0
2018-03-27 00:00:00+09:00,16625.0,16695.0,16490.0,16585.0,15096313.0
2018-03-28 00:00:00+09:00,16230.0,16245.0,15965.0,16140.0,23952244.0
2018-03-29 00:00:00+09:00,16185.0,16460.0,16060.0,16430.0,17452034.0
2018-03-30 00:00:00+09:00,16595.0,16715.0,16500.0,16500.0,12909484.0
2018-04-02 00:00:00+09:00,16505.0,16735.0,16390.0,16435.0,12302595.0
2018-04-03 00:00:00+09:00,16125.0,16330.0,16005.0,16330.0,14059051.0
2018-04-04 00:00:00+09:00,16365.0,16380.0,15790.0,15825.0,20684006.0
2018-04-05 00:00:00+09:00,16080.0,16415.0,16010.0,16300.0,19649364.0
2018-04-06 00:00:00+09:00,16085.0,16195.0,15930.0,16130.0,14362073.0
2018-04-09 00:00:00+09:00,16050.0,16375.0,16045.0,16335.0,12511200.0
2018-04-10 00:00:00+09:00,16200.0,16460.0,15930.0,16375.0,23396384.0
2018-04-11 00:00:00+09:00,16440.0,16495.0,16230.0,16265.0,12644161.0
2018-04-12 00:00:00+09:00,16370.0,16445.0,16265.0,16275.0,12307557.0
2018-04-13 00:00:00+09:00,16410.0,16505.0,16300.0,16455.0,12818779.0
2018-04-16 00:00:00+09:00,16580.0,16615.0,16390.0,16475.0,10248810.0
2018-04-17 00:00:00+09:00,16505.0,16610.0,16385.0,16445.0,10603978.0
2018-04-18 00:00:00+09:00,16625.0,16910.0,16625.0,16800.0,21005075.0
2018-04-19 00:00:00+09:00,16885.0,17045.0,16840.0,16985.0,12575783.0
2018-04-20 00:00:00+09:00,16805.0,16905.0,16710.0,16750.0,9784606.0
2018-04-23 00:00:00+09:00,16690.0,16805.0,16625.0,16730.0,7834611.0
2018-04-24 00:00:00+09:00,16785.0,16800.0,16400.0,16570.0,13374116.0
2018-04-25 00:00:00+09:00,16320.0,16385.0,16180.0,16335.0,14146709.0
2018-04-26 00:00:00+09:00,16440.0,16865.0,16420.0,16760.0,16365743.0
2018-04-27 00:00:00+09:00,17040.0,17265.0,16915.0,17055.0,21488092.0
2018-04-30 00:00:00+09:00,17185.0,17255.0,17085.0,17200.0,10358560.0
2018-05-02 00:00:00+09:00,17150.0,17190.0,16945.0,16985.0,7752917.0
2018-05-03 00:00:00+09:00,16910.0,16990.0,16765.0,16895.0,7740451.0
2018-05-04 00:00:00+09:00,16875.0,16935.0,16625.0,16640.0,13414217.0
2018-05-08 00:00:00+09:00,16770.0,16845.0,16430.0,16490.0,8314664.0
2018-05-09 00:00:00+09:00,16490.0,16535.0,16180.0,16405.0,11686025.0
2018-05-10 00:00:00+09:00,16545.0,16645.0,16455.0,16595.0,8334275.0
2018-05-11 00:00:00+09:00,16750.0,16915.0,16720.0,16790.0,9357892.0
2018-05-14 00:00:00+09:00,16855.0,16890.0,16665.0,16705.0,6692844.0
2018-05-15 00:00:00+09:00,16675.0,16760.0,16370.0,16430.0,10163697.0
2018-05-16 00:00:00+09:00,16280.0,16595.0,16260.0,16535.0,7163335.0
2018-05-17 00:00:00+09:00,16630.0,16720.0,16380.0,16380.0,6313112.0
2018-05-18 00:00:00+09:00,16450.0,16500.0,16380.0,16490.0,5328826.0
2018-05-21 00:00:00+09:00,16530.0,16635.0,16260.0,16555.0,9495567.0
2018-05-23 00:00:00+09:00,16525.0,16790.0,16490.0,16760.0,10853964.0
2018-05-24 00:00:00+09:00,16805.0,16840.0,16565.0,16650.0,9254386.0
2018-05-25 00:00:00+09:00,16490.0,16780.0,16475.0,16715.0,11110059.0
2018-05-28 00:00:00+09:00,16800.0,16885.0,16765.0,16855.0,9472023.0
2018-05-29 00:00:00+09:00,16810.0,16845.0,16525.0,16535.0,11250678.0
2018-05-30 00:00:00+09:00,16400.0,16405.0,15640.0,15825.0,40059396.0
2018-05-31 00:00:00+09:00,16015.0,16015.0,15825.0,15955.0,13258712.0
2018-06-01 00:00:00+09:00,15905.0,16255.0,15835.0,16125.0,12967452.0
2018-06-04 00:00:00+09:00,16180.0,16380.0,16155.0,16320.0,11370512.0
2018-06-05 00:00:00+09:00,16340.0,16400.0,16120.0,16395.0,11341471.0
2018-06-07 00:00:00+09:00,16505.0,16760.0,16505.0,16660.0,18502677.0
2018-06-08 00:00:00+09:00,16570.0,16605.0,16305.0,16335.0,10359368.0
2018-06-11 00:00:00+09:00,16390.0,16610.0,16315.0,16600.0,11429555.0
2018-06-12 00:00:00+09:00,16670.0,16735.0,16515.0,16565.0,12875868.0
2018-06-14 00:00:00+09:00,16370.0,16380.0,15960.0,16020.0,22126084.0
2018-06-15 00:00:00+09:00,16140.0,16140.0,15800.0,15800.0,17973224.0
2018-06-18 00:00:00+09:00,15835.0,15840.0,15280.0,15420.0,16309260.0
2018-06-19 00:00:00+09:00,15365.0,15440.0,14940.0,15020.0,15055748.0
2018-06-20 00:00:00+09:00,15105.0,15405.0,15040.0,15270.0,14804687.0
2018-06-21 00:00:00+09:00,15210.0,15330.0,14945.0,14955.0,11761176.0
2018-06-22 00:00:00+09:00,14730.0,15180.0,14685.0,15180.0,18975520.0
2018-06-25 00:00:00+09:00,15150.0,15250.0,14875.0,15200.0,12356283.0
2018-06-26 00:00:00+09:00,14900.0,15215.0,14800.0,15160.0,15817615.0
2018-06-27 00:00:00+09:00,15075.0,15230.0,15010.0,15050.0,11229818.0
2018-06-28 00:00:00+09:00,14930.0,15010.0,14685.0,14750.0,14343824.0
2018-06-29 00:00:00+09:00,14805.0,14905.0,14485.0,14815.0,15348211.0
2018-07-02 00:00:00+09:00,14780.0,14865.0,14160.0,14175.0,17360237.0
2018-07-03 00:00:00+09:00,14370.0,14375.0,13995.0,14215.0,20436233.0
2018-07-04 00:00:00+09:00,14195.0,14340.0,14085.0,14130.0,11472976.0
2018-07-05 00:00:00+09:00,14110.0,14245.0,13890.0,14050.0,14395800.0
2018-07-06 00:00:00+09:00,14020.0,14380.0,13930.0,14240.0,19733034.0
2018-07-09 00:00:00+09:00,14255.0,14560.0,14160.0,14455.0,12575030.0
2018-07-10 00:00:00+09:00,14575.0,14680.0,14485.0,14510.0,9934214.0
2018-07-11 00:00:00+09:00,14280.0,14415.0,14060.0,14340.0,14236717.0
2018-07-12 00:00:00+09:00,14400.0,14575.0,14275.0,14435.0,9209230.0
2018-07-13 00:00:00+09:00,14470.0,14800.0,14455.0,14725.0,16363186.0
2018-07-16 00:00:00+09:00,14750.0,14825.0,14605.0,14630.0,6936472.0
2018-07-17 00:00:00+09:00,14625.0,14700.0,14455.0,14595.0,10699563.0
2018-07-18 00:00:00+09:00,14750.0,14880.0,14490.0,14520.0,9727539.0
2018-07-19 00:00:00+09:00,14640.0,14680.0,14430.0,14470.0,8268779.0
2018-07-20 00:00:00+09:00,14475.0,14635.0,14295.0,14595.0,12743940.0
2018-07-23 00:00:00+09:00,14580.0,14585.0,14305.0,14365.0,11340298.0
2018-07-24 00:00:00+09:00,14395.0,14495.0,14245.0,14450.0,8360224.0
2018-07-25 00:00:00+09:00,14490.0,14615.0,14360.0,14390.0,9281661.0
2018-07-26 00:00:00+09:00,14545.0,14700.0,14425.0,14560.0,12782208.0
2018-07-27 00:00:00+09:00,14630.0,14650.0,14525.0,14650.0,7204660.0
2018-07-30 00:00:00+09:00,14595.0,14675.0,14475.0,14590.0,7518830.0
2018-07-31 00:00:00+09:00,14590.0,14650.0,14515.0,14635.0,5529453.0
2018-08-01 00:00:00+09:00,14700.0,14850.0,14675.0,14740.0,8525754.0
2018-08-02 00:00:00+09:00,14710.0,14735.0,14170.0,14225.0,15608656.0
2018-08-03 00:00:00+09:00,14300.0,14440.0,14215.0,14420.0,8920091.0
2018-08-06 00:00:00+09:00,14445.0,14595.0,14385.0,14395.0,6699977.0
2018-08-07 00:00:00+09:00,14430.0,14585.0,14305.0,14585.0,9580043.0
2018-08-08 00:00:00+09:00,14625.0,14695.0,14540.0,14575.0,5878581.0
2018-08-09 00:00:00+09:00,14580.0,14610.0,14440.0,14570.0,7083925.0
2018-08-10 00:00:00+09:00,14500.0,14500.0,14185.0,14245.0,11916830.0
2018-08-13 00:00:00+09:00,14050.0,14085.0,13720.0,13880.0,13975483.0
2018-08-14 00:00:00+09:00,13870.0,14035.0,13865.0,14005.0,8612405.0
2018-08-16 00:00:00+09:00,13635.0,13795.0,13455.0,13720.0,14520869.0
2018-08-17 00:00:00+09:00,13725.0,13795.0,13655.0,13715.0,9173633.0
2018-08-20 00:00:00+09:00,13820.0,13955.0,13700.0,13740.0,9009074.0
2018-08-21 00:00:00+09:00,13735.0,14070.0,13670.0,14035.0,10536181.0
2018-08-22 00:00:00+09:00,14090.0,14210.0,14020.0,14140.0,8173202.0
2018-08-23 00:00:00+09:00,14250.0,14280.0,14095.0,14245.0,5854288.0
2018-08-24 00:00:00+09:00,14165.0,14425.0,14095.0,14370.0,7342077.0
2018-08-27 00:00:00+09:00,14490.0,14560.0,14375.0,14515.0,8530454.0
2018-08-28 00:00:00+09:00,14670.0,14710.0,14520.0,14535.0,9306227.0
2018-08-29 00:00:00+09:00,14570.0,14650.0,14520.0,14605.0,5558089.0
2018-08-30 00:00:00+09:00,14640.0,14795.0,14550.0,14630.0,9457919.0
2018-08-31 00:00:00+09:00,14480.0,14750.0,14435.0,14735.0,7816640.0
2018-09-03 00:00:00+09:00,14705.0,14725.0,14520.0,14555.0,5716001.0
2018-09-04 00:00:00+09:00,14585.0,14715.0,14505.0,14700.0,8347771.0
2018-09-05 00:00:00+09:00,14590.0,14645.0,14260.0,14310.0,7764542.0
2018-09-06 00:00:00+09:00,14265.0,14395.0,14195.0,14255.0,6008621.0
2018-09-07 00:00:00+09:00,14080.0,14205.0,13905.0,14105.0,12430836.0
2018-09-10 00:00:00+09:00,14080.0,14215.0,14055.0,14155.0,5758395.0
2018-09-11 00:00:00+09:00,14150.0,14270.0,13980.0,14080.0,7412542.0
2018-09-12 00:00:00+09:00,14100.0,14140.0,13920.0,14040.0,7414735.0
2018-09-13 00:00:00+09:00,14070.0,14150.0,14020.0,14085.0,7806453.0
2018-09-14 00:00:00+09:00,14265.0,14560.0,14265.0,14535.0,12813599.0
2018-09-17 00:00:00+09:00,14455.0,14465.0,14220.0,14295.0,8303193.0
2018-09-18 00:00:00+09:00,14090.0,14445.0,14085.0,14430.0,9562946.0
2018-09-19 00:00:00+09:00,14530.0,14545.0,14335.0,14440.0,6290217.0
2018-09-20 00:00:00+09:00,14525.0,14825.0,14490.0,14700.0,14239966.0
2018-09-21 00:00:00+09:00,14780.0,14830.0,14690.0,14830.0,7636083.0
2018-09-27 00:00:00+09:00,14750.0,15100.0,14750.0,15055.0,11365049.0
2018-09-28 00:00:00+09:00,15065.0,15085.0,14855.0,14885.0,5651706.0
2018-10-01 00:00:00+09:00,14940.0,15005.0,14750.0,14845.0,7829404.0
2018-10-02 00:00:00+09:00,14810.0,14915.0,14470.0,14480.0,10089960.0
2018-10-04 00:00:00+09:00,14520.0,14520.0,13980.0,14015.0,13723801.0
2018-10-05 00:00:00+09:00,13975.0,14085.0,13800.0,13980.0,13466608.0
2018-10-08 00:00:00+09:00,13845.0,14055.0,13840.0,13860.0,10823033.0
2018-10-10 00:00:00+09:00,13870.0,13915.0,13565.0,13670.0,12186422.0
2018-10-11 00:00:00+09:00,13000.0,13145.0,12500.0,12550.0,32570741.0
2018-10-12 00:00:00+09:00,12595.0,12975.0,12475.0,12810.0,25216506.0
2018-10-15 00:00:00+09:00,12720.0,12755.0,12555.0,12605.0,15948208.0
2018-10-16 00:00:00+09:00,12720.0,12815.0,12515.0,12555.0,13467149.0
2018-10-17 00:00:00+09:00,12850.0,13025.0,12765.0,12870.0,15985338.0
2018-10-18 00:00:00+09:00,12775.0,12850.0,12620.0,12630.0,10121412.0
2018-10-19 00:00:00+09:00,12450.0,12765.0,12305.0,12730.0,17571655.0
2018-10-22 00:00:00+09:00,12550.0,12855.0,12500.0,12795.0,12020968.0
2018-10-23 00:00:00+09:00,12595.0,12630.0,12035.0,12185.0,23408737.0
2018-10-24 00:00:00+09:00,12355.0,12355.0,12025.0,12070.0,15936632.0
2018-10-25 00:00:00+09:00,11510.0,11700.0,11335.0,11700.0,26366500.0
2018-10-26 00:00:00+09:00,11725.0,11740.0,11110.0,11320.0,32423422.0
2018-10-29 00:00:00+09:00,11420.0,11550.0,11090.0,11110.0,28528417.0
2018-10-30 00:00:00+09:00,11050.0,11475.0,11015.0,11310.0,24615699.0
2018-10-31 00:00:00+09:00,11360.0,11470.0,11160.0,11365.0,19632804.0
2018-11-01 00:00:00+09:00,11410.0,11665.0,11290.0,11295.0,23129852.0
2018-11-02 00:00:00+09:00,11565.0,12155.0,11540.0,12115.0,27541346.0
2018-11-05 00:00:00+09:00,11940.0,11970.0,11600.0,11880.0,22014674.0
2018-11-06 00:00:00+09:00,11985.0,12070.0,11780.0,12020.0,17157287.0
2018-11-07 00:00:00+09:00,12015.0,12250.0,11860.0,11920.0,21752053.0
2018-11-08 00:00:00+09:00,12285.0,12440.0,12125.0,12125.0,17901338.0
2018-11-09 00:00:00+09:00,12080.0,12200.0,11960.0,11975.0,13334668.0
2018-11-12 00:00:00+09:00,11790.0,12085.0,11750.0,12040.0,8882387.0
2018-11-13 00:00:00+09:00,11655.0,11880.0,11435.0,11855.0,18479527.0
2018-11-14 00:00:00+09:00,11865.0,11895.0,11715.0,11785.0,10802645.0
2018-11-15 00:00:00+09:00,11740.0,12055.0,11685.0,12025.0,12736739.0
2018-11-16 00:00:00+09:00,12135.0,12185.0,11975.0,12005.0,17197289.0
2018-11-19 00:00:00+09:00,12060.0,12245.0,11980.0,12090.0,14791674.0
2018-11-20 00:00:00+09:00,11795.0,11960.0,11775.0,11850.0,10451611.0
2018-11-21 00:00:00+09:00,11560.0,11765.0,11475.0,11750.0,13970575.0
2018-11-22 00:00:00+09:00,11740.0,11810.0,11665.0,11710.0,8190994.0
2018-11-23 00:00:00+09:00,11700.0,11765.0,11460.0,11550.0,11347857.0
2018-11-26 00:00:00+09:00,11600.0,11890.0,11590.0,11880.0,10241365.0
2018-11-27 00:00:00+09:00,11970.0,12100.0,11820.0,12060.0,11699616.0
2018-11-28 00:00:00+09:00,12125.0,12205.0,12015.0,12190.0,10498705.0
2018-11-29 00:00:00+09:00,12515.0,12575.0,12190.0,12245.0,15889216.0
2018-11-30 00:00:00+09:00,12290.0,12345.0,11955.0,12020.0,9891194.0
2018-12-03 00:00:00+09:00,12355.0,12500.0,12205.0,12435.0,20340679.0
2018-12-04 00:00:00+09:00,12340.0,12365.0,12035.0,12150.0,15657331.0
2018-12-05 00:00:00+09:00,11820.0,12100.0,11820.0,12000.0,11921764.0
2018-12-06 00:00:00+09:00,11885.0,11895.0,11600.0,11645.0,14621782.0
2018-12-07 00:00:00+09:00,11755.0,11835.0,11630.0,11740.0,10691982.0
2018-12-10 00:00:00+09:00,11425.0,11550.0,11340.0,11485.0,13150852.0
2018-12-11 00:00:00+09:00,11545.0,11555.0,11370.0,11430.0,8685710.0
2018-12-12 00:00:00+09:00,11520.0,11770.0,11485.0,11750.0,9478358.0
2018-12-13 00:00:00+09:00,11760.0,11950.0,11700.0,11875.0,12930546.0
2018-12-14 00:00:00+09:00,11840.0,11860.0,11360.0,11475.0,15360629.0
2018-12-17 00:00:00+09:00,11480.0,11625.0,11480.0,11555.0,10758771.0
2018-12-18 00:00:00+09:00,11365.0,11585.0,11365.0,11465.0,10051402.0
2018-12-19 00:00:00+09:00,11510.0,11640.0,11470.0,11625.0,7665210.0
2018-12-20 00:00:00+09:00,11485.0,11525.0,11260.0,11375.0,19966374.0
2018-12-21 00:00:00+09:00,11330.0,11405.0,11275.0,11370.0,11453969.0
2018-12-24 00:00:00+09:00,11310.0,11370.0,11225.0,11360.0,8095471.0
2018-12-26 00:00:00+09:00,11065.0,11200.0,10915.0,11030.0,19752377.0
2018-12-27 00:00:00+09:00,11405.0,11430.0,11280.0,11340.0,14035695.0
2018-12-28 00:00:00+09:00,11375.0,11530.0,11370.0,11445.0,11648225.0
2019-01-02 00:00:00+09:00,11605.0,11645.0,11095.0,11160.0,16302134.0
2019-01-03 00:00:00+09:00,11135.0,11180.0,10915.0,10935.0,17210783.0
2019-01-04 00:00:00+09:00,10910.0,11130.0,10865.0,11115.0,14075987.0
2019-01-07 00:00:00+09:00,11385.0,11590.0,11370.0,11445.0,22304129.0
2019-01-08 00:00:00+09:00,11440.0,11515.0,11270.0,11270.0,14168806.0
2019-01-09 00:00:00+09:00,11370.0,11825.0,11365.0,11735.0,23324011.0
2019-01-10 00:00:00+09:00,11760.0,11880.0,11675.0,11740.0,15103253.0
2019-01-11 00:00:00+09:00,11850.0,11955.0,11765.0,11910.0,14712308.0
2019-01-14 00:00:00+09:00,11835.0,11865.0,11660.0,11685.0,9103419.0
2019-01-15 00:00:00+09:00,11760.0,12170.0,11750.0,12150.0,18223243.0
2019-01-16 00:00:00+09:00,12150.0,12265.0,12070.0,12255.0,12107461.0
2019-01-17 00:00:00+09:00,12310.0,12420.0,12215.0,12310.0,18123619.0
2019-01-18 00:00:00+09:00,12410.0,12515.0,12380.0,12505.0,16177085.0
2019-01-21 00:00:00+09:00,12650.0,12670.0,12365.0,12515.0,13571903.0
2019-01-22 00:00:00+09:00,12535.0,12580.0,12290.0,12380.0,12027386.0
2019-01-23 00:00:00+09:00,12285.0,12575.0,12265.0,12515.0,12181810.0
2019-01-24 00:00:00+09:00,12515.0,12730.0,12480.0,12720.0,16288675.0
2019-01-25 00:00:00+09:00,12795.0,13230.0,12770.0,13210.0,22737947.0
2019-01-28 00:00:00+09:00,13235.0,13380.0,13110.0,13195.0,17036037.0
2019-01-29 00:00:00+09:00,13140.0,13320.0,13030.0,13320.0,12898885.0
2019-01-30 00:00:00+09:00,13345.0,13660.0,13280.0,13660.0,19102020.0
2019-01-31 00:00:00+09:00,13910.0,13925.0,13615.0,13625.0,18513817.0
2019-02-01 00:00:00+09:00,13720.0,13845.0,13555.0,13565.0,15800938.0
2019-02-07 00:00:00+09:00,13755.0,13770.0,13500.0,13570.0,14400745.0
2019-02-08 00:00:00+09:00,13410.0,13445.0,13135.0,13195.0,15284442.0
2019-02-11 00:00:00+09:00,13195.0,13215.0,13050.0,13210.0,10440366.0
2019-02-12 00:00:00+09:00,13220.0,13440.0,13185.0,13390.0,11565292.0
2019-02-13 00:00:00+09:00,13510.0,13545.0,13425.0,13505.0,11762469.0
2019-02-14 00:00:00+09:00,13405.0,13750.0,13295.0,13750.0,13918173.0
2019-02-15 00:00:00+09:00,13635.0,13645.0,13300.0,13400.0,15706219.0
2019-02-18 00:00:00+09:00,13550.0,13700.0,13485.0,13605.0,14219313.0
2019-02-19 00:00:00+09:00,13560.0,13615.0,13320.0,13475.0,17224875.0
2019-02-20 00:00:00+09:00,13610.0,13900.0,13585.0,13795.0,18596821.0
2019-02-21 00:00:00+09:00,13715.0,13900.0,13590.0,13790.0,17299491.0
2019-02-22 00:00:00+09:00,13710.0,13810.0,13645.0,13810.0,11612693.0
2019-02-25 00:00:00+09:00,13930.0,14005.0,13765.0,13860.0,14862011.0
2019-02-26 00:00:00+09:00,13855.0,13880.0,13700.0,13755.0,13874831.0
2019-02-27 00:00:00+09:00,13850.0,13910.0,13785.0,13860.0,11349331.0
2019-02-28 00:00:00+09:00,13805.0,13840.0,13390.0,13390.0,20569012.0
2019-03-04 00:00:00+09:00,13565.0,13655.0,13235.0,13260.0,16370513.0
2019-03-05 00:00:00+09:00,13150.0,13185.0,12965.0,13050.0,13469885.0
2019-03-06 00:00:00+09:00,13045.0,13045.0,12915.0,12980.0,10128806.0
2019-03-07 00:00:00+09:00,12965.0,13095.0,12795.0,12895.0,11282966.0
2019-03-08 00:00:00+09:00,12750.0,12810.0,12545.0,12550.0,13089002.0
2019-03-11 00:00:00+09:00,12590.0,12630.0,12460.0,12550.0,9341465.0
2019-03-12 00:00:00+09:00,12735.0,12860.0,12735.0,12815.0,11905467.0
2019-03-13 00:00:00+09:00,12725.0,12730.0,12440.0,12615.0,14721022.0
2019-03-14 00:00:00+09:00,12695.0,12765.0,12525.0,12700.0,15289581.0
2019-03-15 00:00:00+09:00,12635.0,13065.0,12630.0,12975.0,18051595.0
2019-03-18 00:00:00+09:00,13045.0,13080.0,12935.0,12995.0,9395747.0
2019-03-19 00:00:00+09:00,13035.0,13045.0,12880.0,12985.0,9078548.0
2019-03-20 00:00:00+09:00,12930.0,13010.0,12670.0,13010.0,15894190.0
2019-03-21 00:00:00+09:00,13055.0,13395.0,13045.0,13180.0,25798238.0
2019-03-22 00:00:00+09:00,13300.0,13385.0,13180.0,13245.0,14087999.0
2019-03-25 00:00:00+09:00,12895.0,12925.0,12710.0,12710.0,15855015.0
2019-03-26 00:00:00+09:00,12800.0,12820.0,12700.0,12725.0,9916790.0
2019-03-27 00:00:00+09:00,12715.0,12805.0,12505.0,12735.0,16273833.0
2019-03-28 00:00:00+09:00,12550.0,12670.0,12460.0,12565.0,13775542.0
2019-03-29 00:00:00+09:00,12610.0,12730.0,12525.0,12680.0,13862178.0
2019-04-01 00:00:00+09:00,12825.0,13095.0,12820.0,13060.0,12828161.0
2019-04-02 00:00:00+09:00,13125.0,13235.0,13110.0,13160.0,11332395.0
2019-04-03 00:00:00+09:00,13180.0,13555.0,13130.0,13555.0,17311511.0
2019-04-04 00:00:00+09:00,13530.0,13765.0,13510.0,13595.0,15843186.0
2019-04-05 00:00:00+09:00,13600.0,13730.0,13570.0,13650.0,12025068.0
2019-04-08 00:00:00+09:00,13765.0,13775.0,13500.0,13580.0,12400907.0
2019-04-09 00:00:00+09:00,13615.0,13760.0,13520.0,13635.0,11306664.0
2019-04-10 00:00:00+09:00,13500.0,13770.0,13500.0,13760.0,9815207.0
2019-04-11 00:00:00+09:00,13785.0,13830.0,13615.0,13705.0,13997382.0
2019-04-12 00:00:00+09:00,13670.0,13830.0,13555.0,13765.0,13140816.0
2019-04-15 00:00:00+09:00,13865.0,14020.0,13860.0,13885.0,17461418.0
2019-04-16 00:00:00+09:00,13840.0,14015.0,13825.0,14005.0,10164905.0
2019-04-17 00:00:00+09:00,14005.0,14055.0,13940.0,13980.0,11701232.0
2019-04-18 00:00:00+09:00,14010.0,14030.0,13490.0,13530.0,18135030.0
2019-04-19 00:00:00+09:00,13625.0,13690.0,13525.0,13535.0,10175735.0
2019-04-22 00:00:00+09:00,13565.0,13695.0,13405.0,13520.0,13435849.0
2019-04-23 00:00:00+09:00,13530.0,13620.0,13480.0,13580.0,8728964.0
2019-04-24 00:00:00+09:00,13685.0,13705.0,13145.0,13285.0,25813300.0
2019-04-25 00:00:00+09:00,13280.0,13365.0,13165.0,13240.0,10632738.0
2019-04-26 00:00:00+09:00,13100.0,13185.0,12940.0,13075.0,14872469.0
2019-04-29 00:00:00+09:00,13175.0,13595.0,13130.0,13595.0,15858317.0
2019-04-30 00:00:00+09:00,13560.0,13580.0,13200.0,13415.0,19659398.0
2019-05-02 00:00:00+09:00,13270.0,13605.0,13225.0,13530.0,14302649.0
2019-05-03 00:00:00+09:00,13485.0,13500.0,13240.0,13295.0,15460211.0
2019-05-07 00:00:00+09:00,13005.0,13095.0,12820.0,13070.0,22571224.0
2019-05-08 00:00:00+09:00,12750.0,13100.0,12715.0,12950.0,15760878.0
2019-05-09 00:00:00+09:00,12850.0,12890.0,12140.0,12210.0,35934867.0
2019-05-10 00:00:00+09:00,12275.0,12405.0,11990.0,12225.0,37013993.0
2019-05-13 00:00:00+09:00,12010.0,12145.0,11900.0,11930.0,21058575.0
2019-05-14 00:00:00+09:00,11705.0,12055.0,11655.0,11900.0,25217998.0
2019-05-15 00:00:00+09:00,11925.0,12095.0,11790.0,12000.0,20912109.0
2019-05-16 00:00:00+09:00,12005.0,12005.0,11615.0,11675.0,26398132.0
2019-05-17 00:00:00+09:00,11800.0,11840.0,11480.0,11515.0,21208138.0
2019-05-20 00:00:00+09:00,11630.0,11800.0,11530.0,11565.0,20961949.0
2019-05-21 00:00:00+09:00,11585.0,11880.0,11550.0,11690.0,22802034.0
2019-05-22 00:00:00+09:00,11760.0,11790.0,11480.0,11720.0,26034291.0
2019-05-23 00:00:00+09:00,11720.0,11745.0,11525.0,11685.0,20535742.0
2019-05-24 00:00:00+09:00,11585.0,11680.0,11410.0,11525.0,24061676.0
2019-05-27 00:00:00+09:00,11495.0,11640.0,11415.0,11540.0,19285851.0
2019-05-28 00:00:00+09:00,11520.0,11655.0,11430.0,11575.0,20790693.0
2019-05-29 00:00:00+09:00,11480.0,11510.0,11150.0,11240.0,35990405.0
2019-05-30 00:00:00+09:00,11280.0,11470.0,11275.0,11455.0,22366574.0
2019-05-31 00:00:00+09:00,11400.0,11565.0,11270.0,11405.0,26228590.0
2019-06-03 00:00:00+09:00,11340.0,11825.0,11290.0,11800.0,26104266.0
2019-06-04 00:00:00+09:00,11770.0,11835.0,11695.0,11755.0,16680875.0
2019-06-05 00:00:00+09:00,11955.0,12025.0,11750.0,11775.0,21023334.0
2019-06-07 00:00:00+09:00,11800.0,11970.0,11630.0,11790.0,25882835.0
2019-06-10 00:00:00+09:00,11950.0,12170.0,11845.0,12125.0,28882750.0
2019-06-11 00:00:00+09:00,12090.0,12285.0,12050.0,12255.0,19808208.0
2019-06-12 00:00:00+09:00,12240.0,12330.0,12160.0,12170.0,14085240.0
2019-06-13 00:00:00+09:00,12130.0,12185.0,11805.0,11985.0,31324042.0
2019-06-14 00:00:00+09:00,12000.0,12105.0,11845.0,11975.0,17509413.0
2019-06-17 00:00:00+09:00,11945.0,12110.0,11905.0,11985.0,15732808.0
2019-06-18 00:00:00+09:00,11960.0,12140.0,11945.0,12095.0,14915412.0
2019-06-19 00:00:00+09:00,12355.0,12465.0,12335.0,12420.0,22536825.0
2019-06-20 00:00:00+09:00,12435.0,12510.0,12375.0,12500.0,14276631.0
2019-06-21 00:00:00+09:00,12530.0,12530.0,12385.0,12430.0,14958069.0
2019-06-24 00:00:00+09:00,12475.0,12560.0,12425.0,12460.0,14749586.0
2019-06-25 00:00:00+09:00,12460.0,12585.0,12335.0,12430.0,16685609.0
2019-06-26 00:00:00+09:00,12390.0,12515.0,12380.0,12455.0,12657234.0
2019-06-27 00:00:00+09:00,12505.0,12800.0,12475.0,12750.0,18958299.0
2019-06-28 00:00:00+09:00,12745.0,12800.0,12630.0,12695.0,9837833.0
2019-07-01 00:00:00+09:00,12900.0,12945.0,12660.0,12710.0,18728909.0
2019-07-02 00:00:00+09:00,12575.0,12700.0,12450.0,12550.0,17382884.0
2019-07-03 00:00:00+09:00,12530.0,12610.0,12180.0,12220.0,26385093.0
2019-07-04 00:00:00+09:00,12260.0,12430.0,12190.0,12420.0,17699595.0
2019-07-05 00:00:00+09:00,12450.0,12490.0,12240.0,12405.0,17774649.0
2019-07-08 00:00:00+09:00,12195.0,12195.0,11860.0,11875.0,26500612.0
2019-07-09 00:00:00+09:00,11945.0,12020.0,11815.0,11815.0,19656560.0
2019-07-10 00:00:00+09:00,11945.0,12025.0,11900.0,11920.0,14590336.0
2019-07-11 00:00:00+09:00,12025.0,12275.0,12025.0,12215.0,19635492.0
2019-07-12 00:00:00+09:00,12210.0,12295.0,12120.0,12260.0,10668092.0
2019-07-15 00:00:00+09:00,12200.0,12295.0,12100.0,12235.0,12409281.0
2019-07-16 00:00:00+09:00,12235.0,12400.0,12195.0,12360.0,15810918.0
2019-07-17 00:00:00+09:00,12230.0,12235.0,12040.0,12110.0,14866421.0
2019-07-18 00:00:00+09:00,12035.0,12150.0,11975.0,12055.0,15497387.0
2019-07-19 00:00:00+09:00,12170.0,12460.0,12170.0,12410.0,21042474.0
2019-07-22 00:00:00+09:00,12315.0,12475.0,12300.0,12395.0,11010996.0
2019-07-23 00:00:00+09:00,12450.0,12590.0,12405.0,12520.0,14903648.0
2019-07-24 00:00:00+09:00,12475.0,12575.0,12235.0,12275.0,16295473.0
2019-07-25 00:00:00+09:00,12360.0,12385.0,12100.0,12235.0,17733567.0
2019-07-26 00:00:00+09:00,12120.0,12190.0,12055.0,12170.0,12518707.0
2019-07-29 00:00:00+09:00,12165.0,12165.0,11745.0,11810.0,26694959.0
2019-07-30 00:00:00+09:00,11860.0,11960.0,11840.0,11890.0,12413574.0
2019-07-31 00:00:00+09:00,11880.0,11920.0,11560.0,11675.0,22546568.0
2019-08-01 00:00:00+09:00,11520.0,11750.0,11485.0,11615.0,15120977.0
2019-08-02 00:00:00+09:00,11400.0,11425.0,11250.0,11375.0,23074208.0
2019-08-05 00:00:00+09:00,11250.0,11250.0,10835.0,10885.0,32773134.0
2019-08-06 00:00:00+09:00,10435.0,10850.0,10340.0,10580.0,46079984.0
2019-08-07 00:00:00+09:00,10615.0,10670.0,10365.0,10440.0,24959487.0
2019-08-08 00:00:00+09:00,10620.0,10705.0,10460.0,10540.0,29042924.0
2019-08-09 00:00:00+09:00,10685.0,10760.0,10630.0,10690.0,19281300.0
2019-08-12 00:00:00+09:00,10690.0,10775.0,10615.0,10710.0,12307424.0
2019-08-13 00:00:00+09:00,10540.0,10620.0,10475.0,10495.0,17820120.0
2019-08-14 00:00:00+09:00,10720.0,10815.0,10630.0,10650.0,20609720.0
2019-08-16 00:00:00+09:00,10450.0,10555.0,10380.0,10555.0,20085781.0
2019-08-19 00:00:00+09:00,10665.0,10730.0,10605.0,10705.0,12371244.0
2019-08-20 00:00:00+09:00,10700.0,10955.0,10650.0,10920.0,21866879.0
2019-08-21 00:00:00+09:00,10865.0,11030.0,10860.0,10955.0,14903303.0
2019-08-22 00:00:00+09:00,10950.0,10965.0,10760.0,10780.0,18954833.0
2019-08-23 00:00:00+09:00,10650.0,10810.0,10645.0,10765.0,13498069.0
2019-08-26 00:00:00+09:00,10400.0,10495.0,10320.0,10455.0,17448103.0
2019-08-27 00:00:00+09:00,10525.0,10645.0,10465.0,10510.0,12460938.0
2019-08-28 00:00:00+09:00,10590.0,10725.0,10535.0,10705.0,13571673.0
2019-08-29 00:00:00+09:00,10760.0,10760.0,10540.0,10595.0,20748253.0
2019-08-30 00:00:00+09:00,10750.0,11030.0,10750.0,10970.0,19355214.0
2019-09-02 00:00:00+09:00,10895.0,11040.0,10890.0,10980.0,9076253.0
2019-09-03 00:00:00+09:00,10925.0,11040.0,10855.0,10905.0,12843933.0
2019-09-04 00:00:00+09:00,10890.0,11210.0,10860.0,11210.0,16709909.0
2019-09-05 00:00:00+09:00,11245.0,11570.0,11240.0,11420.0,26578849.0
2019-09-06 00:00:00+09:00,11560.0,11590.0,11460.0,11520.0,13851736.0
2019-09-09 00:00:00+09:00,11600.0,11800.0,11555.0,11685.0,19696730.0
2019-09-10 00:00:00+09:00,11715.0,11825.0,11685.0,11805.0,15316182.0
2019-09-11 00:00:00+09:00,11900.0,12020.0,11880.0,11970.0,18599663.0
2019-09-16 00:00:00+09:00,12080.0,12080.0,11885.0,12055.0,17063649.0
2019-09-17 00:00:00+09:00,12025.0,12100.0,11975.0,12060.0,10760241.0
2019-09-18 00:00:00+09:00,12100.0,12230.0,12000.0,12195.0,13819710.0
2019-09-19 00:00:00+09:00,12180.0,12450.0,12160.0,12350.0,18857312.0
2019-09-20 00:00:00+09:00,12340.0,12505.0,12305.0,12470.0,13411075.0
2019-09-23 00:00:00+09:00,12435.0,12530.0,12410.0,12485.0,13250637.0
2019-09-24 00:00:00+09:00,12480.0,12645.0,12410.0,12645.0,17190475.0
2019-09-25 00:00:00+09:00,12495.0,12555.0,12280.0,12295.0,14164961.0
2019-09-26 00:00:00+09:00,12390.0,12480.0,12220.0,12330.0,13103094.0
2019-09-27 00:00:00+09:00,12280.0,12280.0,11995.0,12080.0,12341070.0
2019-09-30 00:00:00+09:00,12005.0,12300.0,11965.0,12255.0,14247583.0
2019-10-01 00:00:00+09:00,12245.0,12445.0,12215.0,12350.0,13615694.0
2019-10-02 00:00:00+09:00,12150.0,12160.0,11815.0,11815.0,18828245.0
2019-10-04 00:00:00+09:00,11755.0,11955.0,11720.0,11720.0,19074976.0
2019-10-07 00:00:00+09:00,11860.0,11915.0,11675.0,11755.0,16060497.0
2019-10-08 00:00:00+09:00,11790.0,12095.0,11790.0,12070.0,21136026.0
2019-10-10 00:00:00+09:00,11840.0,11995.0,11590.0,11900.0,32348608.0
2019-10-11 00:00:00+09:00,12135.0,12165.0,11995.0,12065.0,21600380.0
2019-10-14 00:00:00+09:00,12345.0,12435.0,12300.0,12320.0,17085213.0
2019-10-15 00:00:00+09:00,12295.0,12385.0,12275.0,12340.0,13136007.0
2019-10-16 00:00:00+09:00,12495.0,12610.0,12405.0,12485.0,20216119.0
2019-10-17 00:00:00+09:00,12525.0,12535.0,12355.0,12400.0,10130590.0
2019-10-18 00:00:00+09:00,12450.0,12560.0,12150.0,12160.0,16040085.0
2019-10-21 00:00:00+09:00,12200.0,12300.0,12185.0,12285.0,9240835.0
2019-10-22 00:00:00+09:00,12425.0,12660.0,12395.0,12625.0,17336459.0
2019-10-23 00:00:00+09:00,12570.0,12605.0,12420.0,12470.0,11377061.0
2019-10-24 00:00:00+09:00,12580.0,12610.0,12325.0,12540.0,15204678.0
2019-10-25 00:00:00+09:00,12605.0,12625.0,12440.0,12555.0,10825206.0
2019-10-28 00:00:00+09:00,12670.0,12765.0,12585.0,12635.0,11796892.0
2019-10-29 00:00:00+09:00,12740.0,12780.0,12550.0,12590.0,13566288.0
2019-10-30 00:00:00+09:00,12610.0,12625.0,12365.0,12390.0,13971218.0
2019-10-31 00:00:00+09:00,12530.0,12730.0,12450.0,12470.0,16166499.0
2019-11-01 00:00:00+09:00,12470.0,12670.0,12415.0,12665.0,10318602.0
2019-11-04 00:00:00+09:00,12800.0,13060.0,12800.0,13050.0,17094394.0
2019-11-05 00:00:00+09:00,13080.0,13235.0,13040.0,13210.0,15246844.0
2019-11-06 00:00:00+09:00,13220.0,13400.0,13175.0,13225.0,19255550.0
2019-11-07 00:00:00+09:00,13185.0,13265.0,13100.0,13195.0,10729631.0
2019-11-08 00:00:00+09:00,13345.0,13380.0,13075.0,13100.0,14478508.0
2019-11-11 00:00:00+09:00,13110.0,13110.0,12855.0,12880.0,10990680.0
2019-11-12 00:00:00+09:00,12980.0,13145.0,12895.0,13140.0,9551978.0
2019-11-13 00:00:00+09:00,13055.0,13055.0,12855.0,12910.0,13937695.0
2019-11-14 00:00:00+09:00,12940.0,13100.0,12910.0,13100.0,12975608.0
2019-11-15 00:00:00+09:00,13180.0,13520.0,13115.0,13480.0,22993642.0
2019-11-18 00:00:00+09:00,13510.0,13510.0,13375.0,13455.0,11366122.0
2019-11-19 00:00:00+09:00,13315.0,13380.0,13150.0,13340.0,16348186.0
2019-11-20 00:00:00+09:00,13205.0,13275.0,12990.0,13015.0,14188155.0
2019-11-21 00:00:00+09:00,12960.0,12995.0,12545.0,12610.0,23528284.0
2019-11-22 00:00:00+09:00,12650.0,12780.0,12625.0,12740.0,10989342.0
2019-11-25 00:00:00+09:00,12875.0,13105.0,12875.0,13015.0,13123270.0
2019-11-26 00:00:00+09:00,13095.0,13235.0,13020.0,13025.0,20976137.0
2019-11-27 00:00:00+09:00,13100.0,13190.0,12915.0,13040.0,12329260.0
2019-11-28 00:00:00+09:00,12900.0,13030.0,12865.0,12925.0,8720603.0
2019-11-29 00:00:00+09:00,12970.0,13015.0,12455.0,12470.0,21332558.0
2019-12-02 00:00:00+09:00,12630.0,12720.0,12535.0,12575.0,11259136.0
2019-12-03 00:00:00+09:00,12335.0,12470.0,12225.0,12440.0,15083737.0
2019-12-04 00:00:00+09:00,12260.0,12305.0,12125.0,12255.0,16391520.0
2019-12-05 00:00:00+09:00,12390.0,12465.0,12115.0,12220.0,17344067.0
2019-12-06 00:00:00+09:00,12305.0,12515.0,12305.0,12480.0,13758595.0
2019-12-09 00:00:00+09:00,12580.0,12655.0,12505.0,12605.0,11181598.0
2019-12-10 00:00:00+09:00,12550.0,12735.0,12490.0,12730.0,10713113.0
2019-12-11 00:00:00+09:00,12700.0,12855.0,12640.0,12830.0,14309724.0
2019-12-12 00:00:00+09:00,12950.0,13265.0,12915.0,13265.0,17018885.0
2019-12-13 00:00:00+09:00,13570.0,13725.0,13560.0,13720.0,22113574.0
2019-12-16 00:00:00+09:00,13685.0,13785.0,13675.0,13690.0,15927755.0
2019-12-17 00:00:00+09:00,13800.0,14105.0,13745.0,14065.0,22756663.0
2019-12-18 00:00:00+09:00,14090.0,14230.0,13990.0,14050.0,15466984.0
2019-12-19 00:00:00+09:00,14165.0,14225.0,13955.0,14080.0,13986524.0
2019-12-20 00:00:00+09:00,14190.0,14210.0,14050.0,14145.0,12985650.0
2019-12-23 00:00:00+09:00,14255.0,14270.0,14050.0,14125.0,10422755.0
2019-12-24 00:00:00+09:00,14145.0,14165.0,13925.0,13930.0,8808411.0
2019-12-26 00:00:00+09:00,13940.0,14125.0,13845.0,14045.0,9833293.0
2019-12-27 00:00:00+09:00,14175.0,14700.0,14135.0,14485.0,25871608.0
2019-12-30 00:00:00+09:00,14470.0,14555.0,14400.0,14425.0,7844724.0
2020-01-02 00:00:00+09:00,14425.0,14470.0,14015.0,14060.0,12770663.0
2020-01-03 00:00:00+09:00,14305.0,14465.0,13910.0,14070.0,22193579.0
2020-01-06 00:00:00+09:00,13820.0,13950.0,13785.0,13840.0,11065698.0
2020-01-07 00:00:00+09:00,13990.0,14230.0,13955.0,14115.0,12317210.0
2020-01-08 00:00:00+09:00,13905.0,14090.0,13750.0,13955.0,15903202.0
2020-01-09 00:00:00+09:00,14300.0,14395.0,14210.0,14395.0,12209364.0
2020-01-10 00:00:00+09:00,14420.0,14670.0,14395.0,14650.0,19235749.0
2020-01-13 00:00:00+09:00,14660.0,14970.0,14630.0,14970.0,18529542.0
2020-01-14 00:00:00+09:00,15130.0,15300.0,15060.0,15100.0,20708630.0
2020-01-15 00:00:00+09:00,15020.0,15060.0,14855.0,14910.0,10481844.0
2020-01-16 00:00:00+09:00,14910.0,15250.0,14875.0,15250.0,11889208.0
2020-01-17 00:00:00+09:00,15395.0,15550.0,15225.0,15305.0,15733296.0
2020-01-20 00:00:00+09:00,15420.0,15695.0,15415.0,15535.0,17193413.0
2020-01-21 00:00:00+09:00,15475.0,15550.0,15140.0,15160.0,10821776.0
2020-01-22 00:00:00+09:00,15070.0,15595.0,15060.0,15570.0,15833417.0
2020-01-23 00:00:00+09:00,15375.0,15410.0,15150.0,15190.0,14456065.0
2020-01-28 00:00:00+09:00,14465.0,14610.0,14155.0,14315.0,19627071.0
2020-01-29 00:00:00+09:00,14420.0,14485.0,14195.0,14355.0,18747378.0
2020-01-30 00:00:00+09:00,14310.0,14355.0,13700.0,13800.0,21511988.0
2020-01-31 00:00:00+09:00,13965.0,14065.0,13495.0,13500.0,23114273.0
2020-02-03 00:00:00+09:00,13155.0,13620.0,13040.0,13505.0,38933231.0
2020-02-04 00:00:00+09:00,13510.0,14050.0,13490.0,13995.0,32558778.0
2020-02-05 00:00:00+09:00,14275.0,14335.0,13970.0,14115.0,25175014.0
2020-02-06 00:00:00+09:00,14395.0,14990.0,14370.0,14960.0,33957205.0
2020-02-07 00:00:00+09:00,14850.0,14875.0,14505.0,14690.0,24263145.0
2020-02-10 00:00:00+09:00,14340.0,14560.0,14230.0,14520.0,22381920.0
2020-02-11 00:00:00+09:00,14585.0,14995.0,14585.0,14815.0,25870152.0
2020-02-12 00:00:00+09:00,14760.0,15115.0,14690.0,15075.0,24018614.0
2020-02-13 00:00:00+09:00,15160.0,15320.0,14915.0,14980.0,30836951.0
2020-02-14 00:00:00+09:00,14945.0,15295.0,14785.0,15165.0,26682334.0
2020-02-17 00:00:00+09:00,15140.0,15280.0,14995.0,15165.0,20306585.0
2020-02-18 00:00:00+09:00,14950.0,14995.0,14615.0,14660.0,26924962.0
2020-02-19 00:00:00+09:00,14815.0,14880.0,14430.0,14715.0,31402123.0
2020-02-20 00:00:00+09:00,14915.0,14980.0,14380.0,14570.0,34087399.0
2020-02-21 00:00:00+09:00,14130.0,14395.0,14060.0,14115.0,27280886.0
2020-02-24 00:00:00+09:00,13565.0,13585.0,13050.0,13090.0,54223745.0
2020-02-25 00:00:00+09:00,12980.0,13350.0,12925.0,13350.0,46092725.0
2020-02-26 00:00:00+09:00,12830.0,13115.0,12750.0,12990.0,50965815.0
2020-02-27 00:00:00+09:00,12900.0,13025.0,12600.0,12680.0,56420786.0
2020-02-28 00:00:00+09:00,12340.0,12400.0,11810.0,11890.0,77195789.0
2020-03-02 00:00:00+09:00,12005.0,12235.0,11680.0,12100.0,67379180.0
2020-03-03 00:00:00+09:00,12600.0,12670.0,12070.0,12170.0,62804661.0
2020-03-04 00:00:00+09:00,11995.0,12780.0,11995.0,12735.0,56395689.0
2020-03-05 00:00:00+09:00,12900.0,13085.0,12680.0,12960.0,52569104.0
2020-03-06 00:00:00+09:00,12650.0,12740.0,12330.0,12440.0,53915669.0
2020-03-09 00:00:00+09:00,11850.0,11880.0,11305.0,11505.0,81658729.0
2020-03-10 00:00:00+09:00,11420.0,11590.0,11215.0,11570.0,89474734.0
2020-03-11 00:00:00+09:00,11460.0,11530.0,10730.0,10870.0,85614537.0
2020-03-12 00:00:00+09:00,10650.0,10710.0,9705.0,9985.0,149276466.0
2020-03-13 00:00:00+09:00,8615.0,9970.0,8520.0,9535.0,217764791.0
2020-03-16 00:00:00+09:00,9620.0,9900.0,8795.0,8800.0,139803278.0
2020-03-17 00:00:00+09:00,8130.0,8960.0,8070.0,8485.0,276339551.0
2020-03-18 00:00:00+09:00,8490.0,8600.0,7535.0,7535.0,207660013.0
2020-03-19 00:00:00+09:00,7875.0,7965.0,6165.0,6450.0,348129036.0
2020-03-20 00:00:00+09:00,6840.0,7350.0,6470.0,7350.0,317997413.0
2020-03-23 00:00:00+09:00,6415.0,6845.0,6285.0,6490.0,254018216.0
2020-03-24 00:00:00+09:00,6835.0,7670.0,6645.0,7670.0,321288874.0
2020-03-25 00:00:00+09:00,8065.0,8500.0,7835.0,8410.0,359958109.0
2020-03-26 00:00:00+09:00,8410.0,8735.0,8115.0,8115.0,283611698.0
2020-03-27 00:00:00+09:00,8835.0,8930.0,8010.0,8490.0,258365393.0
2020-03-30 00:00:00+09:00,8050.0,8660.0,7930.0,8450.0,239716673.0
2020-03-31 00:00:00+09:00,8615.0,8815.0,8460.0,8720.0,187071260.0
2020-04-01 00:00:00+09:00,8585.0,8795.0,7945.0,7945.0,140887045.0
2020-04-02 00:00:00+09:00,8050.0,8435.0,7805.0,8400.0,237250899.0
2020-04-03 00:00:00+09:00,8405.0,8575.0,8190.0,8380.0,150449062.0
2020-04-06 00:00:00+09:00,8565.0,9130.0,8550.0,9070.0,175582249.0
2020-04-07 00:00:00+09:00,9415.0,9585.0,9060.0,9395.0,221737182.0
2020-04-08 00:00:00+09:00,9290.0,9545.0,9120.0,9120.0,169280171.0
2020-04-09 00:00:00+09:00,9470.0,9480.0,9215.0,9390.0,147405268.0
2020-04-10 00:00:00+09:00,9350.0,9550.0,9285.0,9530.0,111280201.0
2020-04-13 00:00:00+09:00,9435.0,9465.0,9195.0,9200.0,95006089.0
2020-04-14 00:00:00+09:00,9370.0,9645.0,9295.0,9545.0,111920517.0
2020-04-16 00:00:00+09:00,9375.0,9585.0,9230.0,9540.0,103662353.0
2020-04-17 00:00:00+09:00,9915.0,10320.0,9910.0,10145.0,151077291.0
2020-04-20 00:00:00+09:00,10100.0,10190.0,9850.0,9915.0,79246350.0
2020-04-21 00:00:00+09:00,9765.0,9880.0,9350.0,9680.0,185576837.0
2020-04-22 00:00:00+09:00,9400.0,9895.0,9305.0,9855.0,122360265.0
2020-04-23 00:00:00+09:00,9950.0,10130.0,9820.0,10030.0,127948825.0
2020-04-24 00:00:00+09:00,9895.0,9950.0,9645.0,9715.0,106138677.0
2020-04-27 00:00:00+09:00,9800.0,10200.0,9765.0,10115.0,100714810.0
2020-04-28 00:00:00+09:00,10175.0,10295.0,9980.0,10235.0,104981824.0
2020-04-29 00:00:00+09:00,10250.0,10515.0,10200.0,10375.0,97467704.0
2020-05-04 00:00:00+09:00,9885.0,10025.0,9740.0,9770.0,109536575.0
2020-05-06 00:00:00+09:00,10025.0,10100.0,9825.0,10100.0,92909407.0
2020-05-07 00:00:00+09:00,10005.0,10210.0,9970.0,10085.0,65709449.0
2020-05-08 00:00:00+09:00,10215.0,10385.0,10215.0,10260.0,66911814.0
2020-05-11 00:00:00+09:00,10315.0,10425.0,10075.0,10100.0,73558479.0
2020-05-12 00:00:00+09:00,10100.0,10145.0,9795.0,9960.0,93311711.0
2020-05-13 00:00:00+09:00,9710.0,10175.0,9695.0,10175.0,82152449.0
2020-05-14 00:00:00+09:00,10000.0,10060.0,9865.0,9945.0,87705201.0
2020-05-15 00:00:00+09:00,10105.0,10130.0,9880.0,10020.0,89647332.0
2020-05-18 00:00:00+09:00,10115.0,10210.0,9960.0,10165.0,71733450.0
2020-05-19 00:00:00+09:00,10575.0,10725.0,10535.0,10680.0,83759982.0
2020-05-20 00:00:00+09:00,10580.0,10790.0,10570.0,10730.0,56503649.0
2020-05-21 00:00:00+09:00,10865.0,10900.0,10775.0,10810.0,62085428.0
2020-05-22 00:00:00+09:00,10815.0,10845.0,10370.0,10460.0,83440623.0
2020-05-25 00:00:00+09:00,10570.0,10725.0,10420.0,10725.0,59046348.0
2020-05-26 00:00:00+09:00,10765.0,11110.0,10740.0,11110.0,78303825.0
2020-05-27 00:00:00+09:00,11000.0,11245.0,10975.0,11130.0,76566667.0
2020-05-28 00:00:00+09:00,11295.0,11425.0,10935.0,11185.0,99287996.0
2020-05-29 00:00:00+09:00,11055.0,11285.0,10940.0,11160.0,78824764.0
2020-06-01 00:00:00+09:00,11215.0,11585.0,11200.0,11585.0,70554789.0
2020-06-02 00:00:00+09:00,11585.0,11870.0,11525.0,11835.0,71398141.0
2020-06-03 00:00:00+09:00,12050.0,12850.0,12050.0,12680.0,120807314.0
2020-06-04 00:00:00+09:00,13000.0,13300.0,12645.0,12720.0,123866486.0
2020-06-05 00:00:00+09:00,12650.0,13175.0,12585.0,13160.0,93994027.0
2020-06-08 00:00:00+09:00,13610.0,13630.0,13035.0,13125.0,104294349.0
2020-06-09 00:00:00+09:00,13330.0,13490.0,12865.0,13110.0,96774783.0
2020-06-10 00:00:00+09:00,13110.0,13305.0,13010.0,13210.0,76089189.0
2020-06-11 00:00:00+09:00,12985.0,13225.0,12500.0,12720.0,98193329.0
2020-06-12 00:00:00+09:00,11950.0,12310.0,11810.0,12235.0,120787610.0
2020-06-15 00:00:00+09:00,11980.0,12155.0,11010.0,11010.0,108611045.0
2020-06-16 00:00:00+09:00,11625.0,12315.0,11520.0,12315.0,108269670.0
2020-06-17 00:00:00+09:00,12250.0,12470.0,11885.0,12300.0,128431599.0
2020-06-18 00:00:00+09:00,12185.0,12325.0,12030.0,12230.0,76589759.0
2020-06-19 00:00:00+09:00,12480.0,12500.0,11915.0,12285.0,101170381.0
2020-06-22 00:00:00+09:00,12075.0,12350.0,12060.0,12175.0,70244628.0
2020-06-23 00:00:00+09:00,12345.0,12545.0,11970.0,12210.0,119401529.0
2020-06-24 00:00:00+09:00,12360.0,12750.0,12310.0,12630.0,77302757.0
2020-06-25 00:00:00+09:00,12210.0,12395.0,11955.0,11955.0,101259290.0
2020-06-26 00:00:00+09:00,12230.0,12395.0,12035.0,12280.0,81060229.0
2020-06-29 00:00:00+09:00,11990.0,12195.0,11800.0,11890.0,85554037.0
2020-06-30 00:00:00+09:00,12260.0,12380.0,12085.0,12090.0,77695103.0
2020-07-01 00:00:00+09:00,12300.0,12380.0,12040.0,12090.0,76737865.0
2020-07-02 00:00:00+09:00,12180.0,12380.0,12150.0,12380.0,59745604.0
2020-07-03 00:00:00+09:00,12485.0,12630.0,12380.0,12615.0,58097741.0
2020-07-06 00:00:00+09:00,12680.0,13080.0,12635.0,13025.0,62830887.0
2020-07-07 00:00:00+09:00,13260.0,13260.0,12695.0,12710.0,82053964.0
2020-07-08 00:00:00+09:00,12740.0,12825.0,12560.0,12645.0,54518282.0
2020-07-09 00:00:00+09:00,12760.0,12935.0,12725.0,12765.0,51287364.0
2020-07-10 00:00:00+09:00,12780.0,12815.0,12390.0,12495.0,68754452.0
2020-07-13 00:00:00+09:00,12740.0,12990.0,12660.0,12975.0,51767755.0
2020-07-14 00:00:00+09:00,12805.0,12950.0,12690.0,12950.0,53720171.0
2020-07-15 00:00:00+09:00,13200.0,13370.0,13065.0,13185.0,65487268.0
2020-07-16 00:00:00+09:00,13170.0,13205.0,12830.0,12915.0,52371577.0
2020-07-17 00:00:00+09:00,12925.0,13140.0,12925.0,13105.0,46871952.0
2020-07-20 00:00:00+09:00,13190.0,13210.0,12870.0,13040.0,41137758.0
2020-07-21 00:00:00+09:00,13285.0,13510.0,13245.0,13415.0,55016827.0
2020-07-22 00:00:00+09:00,13400.0,13500.0,13270.0,13315.0,40381939.0
2020-07-23 00:00:00+09:00,13315.0,13320.0,12980.0,13150.0,61632754.0
2020-07-24 00:00:00+09:00,12910.0,13175.0,12890.0,13010.0,46100490.0
2020-07-27 00:00:00+09:00,12960.0,13395.0,12960.0,13260.0,44526952.0
2020-07-28 00:00:00+09:00,13500.0,13950.0,13465.0,13800.0,58274268.0
2020-07-29 00:00:00+09:00,13850.0,14125.0,13780.0,13945.0,58330753.0
2020-07-30 00:00:00+09:00,14090.0,14200.0,13985.0,13985.0,45354566.0
2020-07-31 00:00:00+09:00,14095.0,14210.0,13730.0,13780.0,58384016.0
2020-08-03 00:00:00+09:00,13780.0,13850.0,13595.0,13760.0,37650559.0
2020-08-04 00:00:00+09:00,13920.0,14195.0,13915.0,14085.0,48974360.0
2020-08-05 00:00:00+09:00,14155.0,14405.0,14070.0,14405.0,42466107.0
2020-08-06 00:00:00+09:00,14540.0,15025.0,14500.0,14865.0,64415044.0
2020-08-07 00:00:00+09:00,14960.0,15150.0,14725.0,15000.0,57017058.0
2020-08-10 00:00:00+09:00,14935.0,15465.0,14900.0,15420.0,47177636.0
2020-08-11 00:00:00+09:00,15455.0,15985.0,15435.0,15840.0,63221443.0
2020-08-12 00:00:00+09:00,15700.0,15995.0,15465.0,15995.0,46870422.0
2020-08-13 00:00:00+09:00,16220.0,16330.0,15650.0,15990.0,57331158.0
2020-08-14 00:00:00+09:00,15935.0,15985.0,15370.0,15640.0,54149649.0
2020-08-18 00:00:00+09:00,15800.0,15885.0,14905.0,15010.0,50533337.0
2020-08-19 00:00:00+09:00,15265.0,15410.0,15060.0,15120.0,39800081.0
2020-08-20 00:00:00+09:00,14885.0,14995.0,13890.0,13960.0,88667816.0
2020-08-21 00:00:00+09:00,14250.0,14690.0,14065.0,14360.0,88176084.0
2020-08-24 00:00:00+09:00,14390.0,14730.0,14105.0,14675.0,57328722.0
2020-08-25 00:00:00+09:00,14935.0,15110.0,14755.0,15070.0,57873117.0
2020-08-26 00:00:00+09:00,15030.0,15175.0,14680.0,15065.0,54938457.0
2020-08-27 00:00:00+09:00,15150.0,15175.0,14800.0,14800.0,50977486.0
2020-08-28 00:00:00+09:00,15005.0,15275.0,14780.0,14935.0,63893453.0
2020-08-31 00:00:00+09:00,15170.0,15290.0,14470.0,14485.0,67380017.0
2020-09-01 00:00:00+09:00,14485.0,14790.0,14460.0,14690.0,50091935.0
2020-09-02 00:00:00+09:00,14885.0,14965.0,14550.0,14825.0,55011791.0
2020-09-03 00:00:00+09:00,15100.0,15390.0,15085.0,15285.0,51655860.0
2020-09-04 00:00:00+09:00,14500.0,14910.0,14485.0,14855.0,53496348.0
2020-09-07 00:00:00+09:00,14890.0,15065.0,14735.0,14980.0,37397858.0
2020-09-08 00:00:00+09:00,15235.0,15365.0,15110.0,15365.0,42357668.0
2020-09-09 00:00:00+09:00,15010.0,15210.0,14940.0,15020.0,40643337.0
2020-09-10 00:00:00+09:00,15300.0,15380.0,15180.0,15295.0,37269157.0
2020-09-11 00:00:00+09:00,15155.0,15280.0,14945.0,15250.0,46390128.0
2020-09-14 00:00:00+09:00,15525.0,15720.0,15465.0,15685.0,35420567.0
2020-09-15 00:00:00+09:00,15795.0,15950.0,15645.0,15930.0,47126371.0
2020-09-16 00:00:00+09:00,15875.0,16015.0,15765.0,15825.0,44113563.0
2020-09-17 00:00:00+09:00,15770.0,15795.0,15290.0,15350.0,67294499.0
2020-09-18 00:00:00+09:00,15480.0,15535.0,15265.0,15465.0,53904047.0
2020-09-21 00:00:00+09:00,15400.0,15685.0,15105.0,15190.0,54772040.0
2020-09-22 00:00:00+09:00,15135.0,15195.0,14340.0,14475.0,87031205.0
2020-09-23 00:00:00+09:00,14650.0,14715.0,13995.0,14565.0,118073758.0
2020-09-24 00:00:00+09:00,14185.0,14295.0,13870.0,13915.0,93336355.0
2020-09-25 00:00:00+09:00,14090.0,14155.0,13890.0,14040.0,70132452.0
2020-09-28 00:00:00+09:00,14305.0,14505.0,14175.0,14450.0,47310986.0
2020-09-29 00:00:00+09:00,14735.0,14810.0,14560.0,14645.0,60068100.0
2020-10-05 00:00:00+09:00,14685.0,15120.0,14615.0,15030.0,51672946.0
2020-10-06 00:00:00+09:00,15165.0,15290.0,14980.0,15085.0,51113915.0
2020-10-07 00:00:00+09:00,14880.0,15390.0,14850.0,15390.0,46505350.0
2020-10-08 00:00:00+09:00,15630.0,15660.0,15300.0,15415.0,54250155.0
2020-10-12 00:00:00+09:00,15555.0,15635.0,15425.0,15530.0,42688597.0
2020-10-13 00:00:00+09:00,15710.0,15745.0,15320.0,15545.0,57859984.0
2020-10-14 00:00:00+09:00,15565.0,15595.0,15180.0,15240.0,58906471.0
2020-10-15 00:00:00+09:00,15180.0,15220.0,14875.0,15015.0,60844042.0
2020-10-16 00:00:00+09:00,15060.0,15150.0,14635.0,14835.0,62520768.0
2020-10-19 00:00:00+09:00,14985.0,15135.0,14885.0,14910.0,45888489.0
2020-10-20 00:00:00+09:00,14755.0,15115.0,14665.0,15115.0,62337674.0
2020-10-21 00:00:00+09:00,15150.0,15290.0,15065.0,15220.0,48358813.0
2020-10-22 00:00:00+09:00,15060.0,15065.0,14815.0,15000.0,53780739.0
2020-10-23 00:00:00+09:00,15120.0,15205.0,14875.0,15105.0,50517474.0
2020-10-26 00:00:00+09:00,15170.0,15300.0,15005.0,15015.0,47012732.0
2020-10-27 00:00:00+09:00,14840.0,15005.0,14710.0,14800.0,46822611.0
2020-10-28 00:00:00+09:00,14660.0,14945.0,14585.0,14945.0,34500757.0
2020-10-29 00:00:00+09:00,14545.0,14645.0,14295.0,14625.0,68556019.0
2020-10-30 00:00:00+09:00,14500.0,14515.0,13820.0,13860.0,69968858.0
2020-11-02 00:00:00+09:00,13885.0,14270.0,13855.0,14240.0,47810267.0
2020-11-03 00:00:00+09:00,14340.0,14850.0,14335.0,14820.0,49844786.0
2020-11-04 00:00:00+09:00,15085.0,15175.0,14765.0,15000.0,119623105.0
2020-11-05 00:00:00+09:00,15195.0,15695.0,15135.0,15670.0,68150084.0
2020-11-06 00:00:00+09:00,15800.0,16000.0,15665.0,15765.0,62338330.0
2020-11-09 00:00:00+09:00,16060.0,16385.0,16040.0,16165.0,66381491.0
2020-11-10 00:00:00+09:00,16280.0,16285.0,15925.0,16140.0,71041610.0
2020-11-11 00:00:00+09:00,16220.0,16695.0,16220.0,16665.0,60856969.0
2020-11-12 00:00:00+09:00,16610.0,16690.0,16405.0,16510.0,55794618.0
2020-11-13 00:00:00+09:00,16360.0,16860.0,16345.0,16840.0,54863087.0
2020-11-16 00:00:00+09:00,17020.0,17650.0,16980.0,17570.0,70135877.0
2020-11-17 00:00:00+09:00,17605.0,17770.0,17450.0,17550.0,64994143.0
2020-11-18 00:00:00+09:00,17555.0,17705.0,17420.0,17495.0,49798181.0
2020-11-19 00:00:00+09:00,17365.0,17535.0,17265.0,17535.0,46182385.0
2020-11-20 00:00:00+09:00,17430.0,17690.0,17375.0,17565.0,57151296.0
2020-11-23 00:00:00+09:00,17665.0,18400.0,17590.0,18350.0,66558284.0
2020-11-24 00:00:00+09:00,18505.0,18800.0,18395.0,18610.0,70018228.0
2020-11-25 00:00:00+09:00,18830.0,18960.0,18185.0,18395.0,81235044.0
2020-11-26 00:00:00+09:00,18380.0,18755.0,18275.0,18755.0,52898522.0
2020-11-27 00:00:00+09:00,18720.0,18895.0,18630.0,18850.0,48784438.0
2020-11-30 00:00:00+09:00,18965.0,19100.0,18330.0,18330.0,60792923.0
2020-12-01 00:00:00+09:00,18520.0,18925.0,18475.0,18840.0,50686032.0
2020-12-02 00:00:00+09:00,18980.0,19505.0,18940.0,19480.0,72364869.0
2020-12-03 00:00:00+09:00,19545.0,19770.0,19430.0,19730.0,62986423.0
2020-12-04 00:00:00+09:00,19885.0,20670.0,19880.0,20455.0,72300631.0
2020-12-07 00:00:00+09:00,20750.0,20860.0,20180.0,20650.0,80589125.0
2020-12-08 00:00:00+09:00,20550.0,20630.0,19985.0,19990.0,72233743.0
2020-12-09 00:00:00+09:00,20170.0,20850.0,20140.0,20850.0,69067841.0
2020-12-10 00:00:00+09:00,20410.0,20920.0,20190.0,20595.0,86399159.0
2020-12-11 00:00:00+09:00,20870.0,21145.0,20815.0,20940.0,67535083.0
2020-12-14 00:00:00+09:00,21080.0,21170.0,20720.0,20800.0,56597663.0
2020-12-15 00:00:00+09:00,20815.0,20860.0,20325.0,20790.0,58116950.0
2020-12-16 00:00:00+09:00,21055.0,21195.0,20820.0,20950.0,41428819.0
2020-12-17 00:00:00+09:00,20945.0,20975.0,20460.0,20910.0,55642580.0
2020-12-18 00:00:00+09:00,20970.0,21035.0,20760.0,20840.0,43882977.0
2020-12-21 00:00:00+09:00,20890.0,20920.0,20390.0,20855.0,51147462.0
2020-12-22 00:00:00+09:00,20700.0,20825.0,20210.0,20235.0,55670138.0
2020-12-23 00:00:00+09:00,20405.0,20810.0,20050.0,20775.0,52005722.0
2020-12-24 00:00:00+09:00,20890.0,21725.0,20865.0,21545.0,61410948.0
2020-12-28 00:00:00+09:00,21920.0,22180.0,21630.0,21800.0,57482972.0
2020-12-29 00:00:00+09:00,22075.0,22555.0,21980.0,22450.0,63443120.0
2020-12-30 00:00:00+09:00,22310.0,23630.0,22240.0,23555.0,82665235.0
2021-01-04 00:00:00+09:00,23605.0,24865.0,23400.0,24830.0,47006539.0
2021-01-05 00:00:00+09:00,24470.0,25575.0,24375.0,25575.0,61802611.0
2021-01-06 00:00:00+09:00,25745.0,26240.0,24875.0,25045.0,77182322.0
2021-01-07 00:00:00+09:00,25700.0,26670.0,25610.0,26265.0,64213048.0
2021-01-08 00:00:00+09:00,26935.0,28905.0,26765.0,28660.0,82580037.0
2021-01-11 00:00:00+09:00,29235.0,31030.0,27790.0,28830.0,106595339.0
2021-01-12 00:00:00+09:00,28435.0,28810.0,26675.0,28245.0,71900133.0
2021-01-13 00:00:00+09:00,28245.0,29035.0,27890.0,28585.0,62416313.0
2021-01-14 00:00:00+09:00,28235.0,28770.0,28170.0,28505.0,36143296.0
2021-01-15 00:00:00+09:00,28745.0,29420.0,27250.0,27315.0,60344002.0
2021-01-18 00:00:00+09:00,26705.0,27175.0,25800.0,25985.0,51188340.0
2021-01-19 00:00:00+09:00,26265.0,27730.0,25990.0,27385.0,50743899.0
2021-01-20 00:00:00+09:00,28280.0,28430.0,27075.0,27680.0,43972411.0
2021-01-21 00:00:00+09:00,28100.0,28550.0,27805.0,28500.0,42355957.0
2021-01-22 00:00:00+09:00,28650.0,28980.0,28075.0,28110.0,40157143.0
2021-01-25 00:00:00+09:00,28285.0,29485.0,28105.0,29435.0,32979184.0
2021-01-26 00:00:00+09:00,29300.0,29325.0,27600.0,27865.0,42364091.0
2021-01-27 00:00:00+09:00,28230.0,28795.0,27465.0,27620.0,45821696.0
2021-01-28 00:00:00+09:00,26295.0,27220.0,26160.0,26610.0,47377915.0
2021-01-29 00:00:00+09:00,27125.0,27210.0,25105.0,25340.0,57505130.0
2021-02-01 00:00:00+09:00,25240.0,26600.0,24795.0,26585.0,53778379.0
2021-02-02 00:00:00+09:00,27090.0,28150.0,26770.0,27350.0,56183878.0
2021-02-03 00:00:00+09:00,27785.0,28155.0,27105.0,27825.0,46360819.0
2021-02-04 00:00:00+09:00,27630.0,27640.0,26470.0,26870.0,42249353.0
2021-02-05 00:00:00+09:00,27245.0,27640.0,26820.0,27545.0,47684907.0
2021-02-08 00:00:00+09:00,27480.0,27705.0,26920.0,27020.0,40121460.0
2021-02-09 00:00:00+09:00,27340.0,27760.0,26840.0,26840.0,37805382.0
2021-02-10 00:00:00+09:00,27025.0,27330.0,26450.0,27195.0,30047576.0
2021-02-15 00:00:00+09:00,27965.0,28240.0,27775.0,28010.0,33073310.0
2021-02-16 00:00:00+09:00,28130.0,28720.0,27975.0,28240.0,37361793.0
2021-02-17 00:00:00+09:00,27860.0,27890.0,27195.0,27600.0,32446979.0
2021-02-18 00:00:00+09:00,27435.0,27710.0,26750.0,26805.0,33226326.0
2021-02-19 00:00:00+09:00,26835.0,27295.0,25915.0,27250.0,47141287.0
2021-02-22 00:00:00+09:00,27580.0,27860.0,26620.0,26700.0,37326621.0
2021-02-23 00:00:00+09:00,26290.0,27040.0,25935.0,26620.0,39592896.0
2021-02-24 00:00:00+09:00,26595.0,27100.0,25460.0,25510.0,49977421.0
2021-02-25 00:00:00+09:00,26275.0,27380.0,26210.0,27330.0,39211065.0
2021-02-26 00:00:00+09:00,26075.0,26210.0,25370.0,25880.0,48357169.0
2021-03-02 00:00:00+09:00,27010.0,27330.0,26010.0,26410.0,44977787.0
2021-03-03 00:00:00+09:00,26300.0,27015.0,26110.0,27015.0,32148964.0
2021-03-04 00:00:00+09:00,26270.0,26755.0,25945.0,26335.0,38674679.0
2021-03-05 00:00:00+09:00,25630.0,26235.0,25280.0,26065.0,45133641.0
2021-03-08 00:00:00+09:00,26535.0,26540.0,25485.0,25595.0,42006234.0
2021-03-09 00:00:00+09:00,25595.0,25655.0,24475.0,25250.0,57374495.0
2021-03-10 00:00:00+09:00,25885.0,25900.0,24835.0,24945.0,38650686.0
2021-03-11 00:00:00+09:00,25130.0,26100.0,25125.0,26000.0,37068944.0
2021-03-12 00:00:00+09:00,26460.0,26710.0,26240.0,26430.0,38050501.0
2021-03-15 00:00:00+09:00,26500.0,26595.0,26110.0,26135.0,30380710.0
2021-03-16 00:00:00+09:00,26370.0,26710.0,26295.0,26580.0,30289170.0
2021-03-17 00:00:00+09:00,26585.0,26640.0,25840.0,26210.0,32995019.0
2021-03-18 00:00:00+09:00,26600.0,27065.0,26550.0,26570.0,32567970.0
2021-03-19 00:00:00+09:00,25820.0,26250.0,25725.0,26000.0,29806972.0
2021-03-22 00:00:00+09:00,26150.0,26255.0,25675.0,26060.0,26958064.0
2021-03-23 00:00:00+09:00,26365.0,26500.0,25535.0,25580.0,35583949.0
2021-03-24 00:00:00+09:00,25250.0,25565.0,24945.0,25360.0,24848051.0
2021-03-25 00:00:00+09:00,25225.0,25895.0,25190.0,25555.0,27515998.0
2021-03-26 00:00:00+09:00,25740.0,26075.0,25635.0,26050.0,29749705.0
2021-03-29 00:00:00+09:00,26180.0,26220.0,25735.0,25950.0,26928462.0
2021-03-30 00:00:00+09:00,26110.0,26700.0,26070.0,26540.0,26283292.0
2021-03-31 00:00:00+09:00,26605.0,27020.0,26375.0,26395.0,24582880.0
2021-04-01 00:00:00+09:00,26750.0,26970.0,26555.0,26870.0,24184724.0
2021-04-02 00:00:00+09:00,27285.0,27645.0,27285.0,27485.0,24139746.0
2021-04-05 00:00:00+09:00,27650.0,27745.0,27270.0,27590.0,20547666.0
2021-04-06 00:00:00+09:00,27950.0,27950.0,27380.0,27675.0,24988158.0
2021-04-07 00:00:00+09:00,27760.0,27980.0,27590.0,27755.0,20754192.0
2021-04-08 00:00:00+09:00,27690.0,27845.0,27475.0,27760.0,19711704.0
2021-04-09 00:00:00+09:00,27765.0,27985.0,27320.0,27455.0,27115091.0
2021-04-12 00:00:00+09:00,27625.0,27685.0,27310.0,27445.0,19471437.0
2021-04-13 00:00:00+09:00,27455.0,28255.0,27420.0,28075.0,25702399.0
2021-04-14 00:00:00+09:00,28185.0,28540.0,28000.0,28470.0,27672640.0
2021-04-15 00:00:00+09:00,28350.0,28865.0,28335.0,28555.0,31057720.0
2021-04-16 00:00:00+09:00,28710.0,28740.0,28315.0,28495.0,23986694.0
2021-04-19 00:00:00+09:00,28490.0,28810.0,28325.0,28505.0,23443553.0
2021-04-20 00:00:00+09:00,28390.0,28890.0,28370.0,28835.0,21641489.0
2021-04-21 00:00:00+09:00,28530.0,28530.0,27615.0,27820.0,29138901.0
2021-04-22 00:00:00+09:00,28020.0,28235.0,27810.0,27880.0,21765163.0
2021-04-23 00:00:00+09:00,27590.0,28065.0,27245.0,27920.0,22177237.0
2021-04-26 00:00:00+09:00,28100.0,28425.0,27990.0,28395.0,19801238.0
2021-04-27 00:00:00+09:00,28460.0,28525.0,28230.0,28500.0,18554058.0
2021-04-28 00:00:00+09:00,28415.0,28420.0,27755.0,27875.0,21343808.0
2021-04-29 00:00:00+09:00,28030.0,28220.0,27570.0,27650.0,28336691.0
2021-04-30 00:00:00+09:00,27555.0,27735.0,27075.0,27220.0,22059948.0
2021-05-03 00:00:00+09:00,27220.0,27715.0,26875.0,26955.0,21960649.0
2021-05-04 00:00:00+09:00,27000.0,27385.0,26810.0,27375.0,17860423.0
2021-05-06 00:00:00+09:00,27140.0,27735.0,27090.0,27700.0,16561641.0
2021-05-07 00:00:00+09:00,27775.0,28250.0,27715.0,28085.0,15577931.0
2021-05-10 00:00:00+09:00,28400.0,29170.0,28265.0,29020.0,22633219.0
2021-05-11 00:00:00+09:00,28600.0,28725.0,27800.0,28020.0,23006723.0
2021-05-12 00:00:00+09:00,27985.0,28030.0,26705.0,27090.0,35097167.0
2021-05-13 00:00:00+09:00,26320.0,26995.0,26225.0,26475.0,29424881.0
2021-05-14 00:00:00+09:00,26705.0,27125.0,26595.0,26995.0,26719900.0
2021-05-17 00:00:00+09:00,27235.0,27235.0,26415.0,26710.0,22293993.0
2021-05-18 00:00:00+09:00,26835.0,27425.0,26835.0,27350.0,20043412.0
2021-05-20 00:00:00+09:00,26850.0,27290.0,26805.0,27155.0,17122045.0
2021-05-21 00:00:00+09:00,27445.0,27915.0,27025.0,27145.0,33421406.0
2021-05-24 00:00:00+09:00,27060.0,27275.0,26840.0,26975.0,20055709.0
2021-05-25 00:00:00+09:00,27210.0,27565.0,27110.0,27495.0,20816162.0
2021-05-26 00:00:00+09:00,27530.0,27710.0,27265.0,27360.0,18253444.0
2021-05-27 00:00:00+09:00,27400.0,27475.0,26900.0,27320.0,24728052.0
2021-05-28 00:00:00+09:00,27475.0,27850.0,27365.0,27650.0,19262977.0
2021-05-31 00:00:00+09:00,27765.0,27840.0,27430.0,27840.0,17739979.0
2021-06-01 00:00:00+09:00,27875.0,28450.0,27775.0,28165.0,22476857.0
2021-06-02 00:00:00+09:00,28185.0,28500.0,28065.0,28125.0,18284351.0
2021-06-03 00:00:00+09:00,28240.0,28850.0,28220.0,28645.0,19345065.0
2021-06-04 00:00:00+09:00,28360.0,28520.0,28050.0,28375.0,18268063.0
2021-06-07 00:00:00+09:00,28760.0,28850.0,28245.0,28590.0,20223549.0
2021-06-08 00:00:00+09:00,28575.0,28740.0,28405.0,28490.0,15550340.0
2021-06-09 00:00:00+09:00,28420.0,28420.0,27880.0,27880.0,16971807.0
2021-06-10 00:00:00+09:00,27895.0,28220.0,27805.0,28055.0,13855404.0
2021-06-11 00:00:00+09:00,28170.0,28550.0,28165.0,28450.0,19567411.0
2021-06-14 00:00:00+09:00,28505.0,28510.0,28250.0,28455.0,10911607.0
2021-06-15 00:00:00+09:00,28505.0,28670.0,28390.0,28590.0,13518658.0
2021-06-16 00:00:00+09:00,28520.0,29010.0,28505.0,28925.0,14909521.0
2021-06-17 00:00:00+09:00,28605.0,28685.0,28370.0,28590.0,14511487.0
2021-06-18 00:00:00+09:00,28695.0,28900.0,28590.0,28750.0,13983412.0
2021-06-21 00:00:00+09:00,28210.0,28385.0,27935.0,28165.0,18169567.0
2021-06-22 00:00:00+09:00,28465.0,28650.0,28425.0,28580.0,13781909.0
2021-06-23 00:00:00+09:00,28780.0,28965.0,28640.0,28905.0,13823713.0
2021-06-24 00:00:00+09:00,28990.0,29260.0,28970.0,29105.0,13849785.0
2021-06-25 00:00:00+09:00,29375.0,29695.0,29290.0,29405.0,16884200.0
2021-06-28 00:00:00+09:00,29470.0,29535.0,29190.0,29340.0,10046256.0
2021-06-29 00:00:00+09:00,29385.0,29415.0,28935.0,29120.0,12565844.0
2021-06-30 00:00:00+09:00,29250.0,29460.0,29190.0,29300.0,11091821.0
2021-07-01 00:00:00+09:00,29280.0,29285.0,28840.0,28925.0,12170213.0
2021-07-02 00:00:00+09:00,28875.0,29145.0,28825.0,28850.0,9693606.0
2021-07-05 00:00:00+09:00,29065.0,29275.0,29000.0,29135.0,10021440.0
2021-07-06 00:00:00+09:00,29270.0,29540.0,29265.0,29385.0,10886402.0
2021-07-07 00:00:00+09:00,29170.0,29190.0,28855.0,29000.0,12991470.0
2021-07-08 00:00:00+09:00,29085.0,29225.0,28410.0,28410.0,18625677.0
2021-07-09 00:00:00+09:00,27905.0,28105.0,27290.0,27760.0,25551462.0
2021-07-12 00:00:00+09:00,28065.0,28345.0,28065.0,28290.0,12621823.0
2021-07-13 00:00:00+09:00,28550.0,28785.0,28550.0,28775.0,10068046.0
2021-07-14 00:00:00+09:00,28500.0,28650.0,28320.0,28555.0,10497368.0
2021-07-15 00:00:00+09:00,28700.0,28980.0,28540.0,28970.0,12200476.0
2021-07-16 00:00:00+09:00,28655.0,28760.0,28465.0,28690.0,11280791.0
2021-07-19 00:00:00+09:00,28200.0,28215.0,27925.0,28055.0,13996417.0
2021-07-20 00:00:00+09:00,27650.0,27920.0,27580.0,27895.0,14707012.0
2021-07-21 00:00:00+09:00,28200.0,28210.0,27520.0,27570.0,18124463.0
2021-07-22 00:00:00+09:00,27885.0,28360.0,27885.0,28245.0,15262238.0
2021-07-23 00:00:00+09:00,28330.0,28500.0,28170.0,28335.0,10513559.0
2021-07-26 00:00:00+09:00,28475.0,28475.0,27765.0,27765.0,12061510.0
2021-07-27 00:00:00+09:00,28055.0,28250.0,27840.0,27865.0,11594052.0
2021-07-28 00:00:00+09:00,27755.0,28095.0,27545.0,27990.0,13397382.0
2021-07-29 00:00:00+09:00,28105.0,28260.0,27880.0,28070.0,13485226.0
2021-07-30 00:00:00+09:00,27875.0,27875.0,27360.0,27390.0,17980812.0
2021-08-02 00:00:00+09:00,27670.0,27750.0,27265.0,27680.0,14173619.0
2021-08-03 00:00:00+09:00,27585.0,28145.0,27555.0,28145.0,13891236.0
2021-08-04 00:00:00+09:00,28280.0,28995.0,28180.0,28925.0,20572321.0
2021-08-05 00:00:00+09:00,28950.0,29160.0,28730.0,28820.0,15219536.0
2021-08-06 00:00:00+09:00,28810.0,28965.0,28440.0,28570.0,14151012.0
2021-08-09 00:00:00+09:00,28270.0,28525.0,28100.0,28330.0,11269289.0
2021-08-10 00:00:00+09:00,28500.0,28530.0,27745.0,27920.0,15818197.0
2021-08-11 00:00:00+09:00,27715.0,27960.0,27400.0,27470.0,18165286.0
2021-08-12 00:00:00+09:00,27390.0,27535.0,27050.0,27215.0,17240806.0
2021-08-13 00:00:00+09:00,27155.0,27155.0,26115.0,26375.0,27283491.0
2021-08-17 00:00:00+09:00,26355.0,26535.0,25665.0,25765.0,18550336.0
2021-08-18 00:00:00+09:00,25770.0,26260.0,25485.0,26055.0,17333392.0
2021-08-19 00:00:00+09:00,25645.0,25935.0,25000.0,25000.0,23008753.0
2021-08-20 00:00:00+09:00,25160.0,25370.0,24285.0,24485.0,30210823.0
2021-08-23 00:00:00+09:00,24870.0,25315.0,24620.0,24950.0,19130182.0
2021-08-24 00:00:00+09:00,25400.0,25915.0,25350.0,25890.0,17730525.0
2021-08-25 00:00:00+09:00,26040.0,26295.0,25690.0,26075.0,19482466.0
2021-08-26 00:00:00+09:00,26125.0,26290.0,25575.0,25675.0,15882733.0
2021-08-27 00:00:00+09:00,25470.0,25825.0,25245.0,25640.0,14860446.0
2021-08-30 00:00:00+09:00,26150.0,26240.0,25625.0,25755.0,12991016.0
2021-08-31 00:00:00+09:00,25805.0,26760.0,25535.0,26760.0,20795203.0
2021-09-01 00:00:00+09:00,26630.0,26985.0,26460.0,26850.0,17493693.0
2021-09-02 00:00:00+09:00,26730.0,26830.0,26180.0,26365.0,16553512.0
2021-09-03 00:00:00+09:00,26495.0,26800.0,26355.0,26700.0,17121606.0
2021-09-06 00:00:00+09:00,26685.0,26925.0,26565.0,26860.0,12580123.0
2021-09-07 00:00:00+09:00,26765.0,26815.0,26370.0,26550.0,14010273.0
2021-09-08 00:00:00+09:00,26335.0,26535.0,26010.0,26095.0,14233664.0
2021-09-09 00:00:00+09:00,25800.0,25995.0,25160.0,25195.0,18163417.0
2021-09-10 00:00:00+09:00,25225.0,25530.0,25105.0,25440.0,13559987.0
2021-09-13 00:00:00+09:00,25180.0,25710.0,25165.0,25540.0,14352545.0
2021-09-14 00:00:00+09:00,25745.0,26170.0,25720.0,25885.0,13965831.0
2021-09-15 00:00:00+09:00,25885.0,26135.0,25655.0,25975.0,11602317.0
2021-09-16 00:00:00+09:00,26105.0,26145.0,25395.0,25505.0,15631709.0
2021-09-17 00:00:00+09:00,25480.0,25705.0,25135.0,25625.0,15552777.0
2021-09-23 00:00:00+09:00,25250.0,25655.0,25210.0,25515.0,12334253.0
2021-09-24 00:00:00+09:00,25685.0,25850.0,25410.0,25490.0,14965885.0
2021-09-27 00:00:00+09:00,25355.0,25885.0,25355.0,25635.0,12705690.0
2021-09-28 00:00:00+09:00,25535.0,25555.0,24975.0,24980.0,17932982.0
2021-09-29 00:00:00+09:00,24340.0,24590.0,23900.0,24365.0,28915938.0
2021-09-30 00:00:00+09:00,24215.0,24635.0,24055.0,24560.0,18594589.0
2021-10-01 00:00:00+09:00,24250.0,24370.0,23570.0,23610.0,23726053.0
2021-10-05 00:00:00+09:00,23250.0,23365.0,22515.0,22905.0,29829090.0
2021-10-06 00:00:00+09:00,23180.0,23355.0,22205.0,22205.0,30114117.0
2021-10-07 00:00:00+09:00,22600.0,23025.0,22555.0,22915.0,22276511.0
2021-10-08 00:00:00+09:00,23120.0,23190.0,22740.0,22825.0,18653484.0
2021-10-12 00:00:00+09:00,22695.0,22710.0,21845.0,22025.0,24660629.0
2021-10-13 00:00:00+09:00,21985.0,22630.0,21910.0,22490.0,15235196.0
2021-10-14 00:00:00+09:00,22790.0,23070.0,22720.0,23050.0,15016154.0
2021-10-15 00:00:00+09:00,23380.0,23650.0,23325.0,23535.0,19271818.0
2021-10-18 00:00:00+09:00,23505.0,23615.0,23050.0,23380.0,14739272.0
2021-10-19 00:00:00+09:00,23655.0,23850.0,23530.0,23775.0,15625672.0
2021-10-20 00:00:00+09:00,23950.0,24090.0,23570.0,23570.0,14368305.0
2021-10-21 00:00:00+09:00,23565.0,23775.0,23425.0,23490.0,12613191.0
2021-10-22 00:00:00+09:00,23365.0,23705.0,23315.0,23525.0,12771263.0
2021-10-25 00:00:00+09:00,23370.0,23825.0,23120.0,23750.0,14116976.0
2021-10-26 00:00:00+09:00,24005.0,24275.0,23885.0,24225.0,14535394.0
2021-10-27 00:00:00+09:00,24065.0,24125.0,23630.0,23795.0,15653774.0
2021-10-28 00:00:00+09:00,23675.0,23990.0,23620.0,23675.0,13891820.0
2021-10-29 00:00:00+09:00,23780.0,23885.0,22810.0,22935.0,24389422.0
2021-11-01 00:00:00+09:00,23200.0,23315.0,23050.0,23125.0,13732541.0
2021-11-02 00:00:00+09:00,23350.0,24090.0,23350.0,23725.0,19031083.0
2021-11-03 00:00:00+09:00,23815.0,23830.0,22920.0,23025.0,22370085.0
2021-11-04 00:00:00+09:00,23475.0,23745.0,23220.0,23310.0,19770595.0
2021-11-05 00:00:00+09:00,23700.0,23715.0,22830.0,23100.0,22735187.0
2021-11-08 00:00:00+09:00,23100.0,23200.0,22575.0,23050.0,18830942.0
2021-11-09 00:00:00+09:00,23055.0,23505.0,22895.0,23155.0,19059403.0
2021-11-10 00:00:00+09:00,22950.0,23160.0,22605.0,22670.0,19494245.0
2021-11-11 00:00:00+09:00,22355.0,22645.0,22235.0,22645.0,14301496.0
2021-11-12 00:00:00+09:00,22940.0,23285.0,22760.0,23130.0,17722959.0
2021-11-15 00:00:00+09:00,23425.0,23740.0,23330.0,23645.0,12670223.0
2021-11-16 00:00:00+09:00,23520.0,23850.0,23380.0,23565.0,14505262.0
2021-11-17 00:00:00+09:00,23620.0,23665.0,22910.0,22990.0,16491645.0
2021-11-18 00:00:00+09:00,22925.0,23060.0,22670.0,22805.0,12943468.0
2021-11-19 00:00:00+09:00,22790.0,23190.0,22710.0,23115.0,16759421.0
2021-11-22 00:00:00+09:00,23445.0,24210.0,23335.0,24170.0,18044376.0
2021-11-23 00:00:00+09:00,24095.0,24130.0,23685.0,23760.0,11751288.0
2021-11-24 00:00:00+09:00,23915.0,24125.0,23405.0,23665.0,14776639.0
2021-11-25 00:00:00+09:00,23700.0,23740.0,23220.0,23315.0,12599010.0
2021-11-26 00:00:00+09:00,23145.0,23315.0,22360.0,22460.0,27682489.0
2021-11-29 00:00:00+09:00,21985.0,22425.0,21940.0,22075.0,21646091.0
2021-11-30 00:00:00+09:00,22395.0,22545.0,20780.0,21165.0,30652365.0
2021-12-01 00:00:00+09:00,21420.0,22255.0,21155.0,22180.0,26215376.0
2021-12-02 00:00:00+09:00,21815.0,22890.0,21785.0,22840.0,26711706.0
2021-12-03 00:00:00+09:00,22615.0,23340.0,22500.0,23210.0,22543847.0
2021-12-06 00:00:00+09:00,22955.0,23495.0,22655.0,23275.0,21148873.0
2021-12-07 00:00:00+09:00,23265.0,23700.0,23030.0,23665.0,17561848.0
2021-12-08 00:00:00+09:00,24100.0,24415.0,23705.0,23850.0,20600638.0
2021-12-09 00:00:00+09:00,23870.0,24150.0,23760.0,24050.0,15093653.0
2021-12-10 00:00:00+09:00,23785.0,23975.0,23645.0,23765.0,10548504.0
2021-12-13 00:00:00+09:00,23960.0,24525.0,23725.0,23795.0,16837313.0
2021-12-14 00:00:00+09:00,23440.0,23750.0,23285.0,23470.0,15704898.0
2021-12-15 00:00:00+09:00,23270.0,23510.0,23160.0,23485.0,10027378.0
2021-12-16 00:00:00+09:00,23860.0,23990.0,23470.0,23780.0,16515739.0
2021-12-17 00:00:00+09:00,23410.0,23915.0,23340.0,23880.0,12737983.0
2021-12-20 00:00:00+09:00,23590.0,23620.0,22885.0,22970.0,19814859.0
2021-12-21 00:00:00+09:00,23275.0,23495.0,23010.0,23360.0,18304987.0
2021-12-22 00:00:00+09:00,23580.0,23805.0,23425.0,23575.0,13183715.0
2021-12-23 00:00:00+09:00,23810.0,23855.0,23560.0,23820.0,12806276.0
2021-12-24 00:00:00+09:00,23995.0,24360.0,23995.0,24180.0,12209425.0
2021-12-27 00:00:00+09:00,24180.0,24225.0,23895.0,23905.0,9652409.0
2021-12-28 00:00:00+09:00,24050.0,24230.0,23720.0,24225.0,12921114.0
2021-12-29 00:00:00+09:00,24290.0,24485.0,24125.0,24165.0,13426106.0
2021-12-30 00:00:00+09:00,24230.0,24355.0,23805.0,23870.0,14075485.0
2022-01-03 00:00:00+09:00,24145.0,24455.0,23840.0,23990.0,15020352.0
2022-01-04 00:00:00+09:00,24030.0,24120.0,23700.0,23945.0,14785180.0
2022-01-05 00:00:00+09:00,23820.0,23885.0,23005.0,23265.0,18355778.0
2022-01-06 00:00:00+09:00,22920.0,23370.0,22800.0,22850.0,21266589.0
2022-01-07 00:00:00+09:00,23120.0,23475.0,23035.0,23380.0,14437013.0
2022-01-10 00:00:00+09:00,23295.0,23335.0,22670.0,22985.0,16135231.0
2022-01-11 00:00:00+09:00,23090.0,23345.0,22885.0,23135.0,15460780.0
2022-01-12 00:00:00+09:00,23465.0,23930.0,23465.0,23910.0,15721323.0
2022-01-13 00:00:00+09:00,23985.0,24040.0,23620.0,23655.0,9852017.0
2022-01-14 00:00:00+09:00,23385.0,23385.0,22845.0,22930.0,19928098.0
2022-01-17 00:00:00+09:00,22930.0,22975.0,22335.0,22620.0,20576706.0
2022-01-18 00:00:00+09:00,22740.0,22810.0,22115.0,22265.0,17672517.0
2022-01-19 00:00:00+09:00,21920.0,22360.0,21770.0,21925.0,17884989.0
2022-01-20 00:00:00+09:00,21935.0,22185.0,21745.0,22175.0,16587457.0
2022-01-21 00:00:00+09:00,21730.0,21840.0,21400.0,21675.0,25150888.0
2022-01-24 00:00:00+09:00,21580.0,21685.0,21000.0,21170.0,23687147.0
2022-01-25 00:00:00+09:00,21105.0,21105.0,19940.0,20155.0,45862746.0
2022-01-26 00:00:00+09:00,20340.0,20485.0,19955.0,20005.0,26430673.0
2022-01-27 00:00:00+09:00,20100.0,20175.0,18690.0,18715.0,42182962.0
2022-01-28 00:00:00+09:00,18900.0,19755.0,18555.0,19700.0,37275436.0
2022-02-03 00:00:00+09:00,20340.0,20555.0,20050.0,20050.0,25380391.0
2022-02-04 00:00:00+09:00,20195.0,20585.0,20050.0,20530.0,24106136.0
2022-02-07 00:00:00+09:00,20310.0,20365.0,19760.0,20125.0,24357074.0
2022-02-08 00:00:00+09:00,20465.0,20635.0,19935.0,20215.0,19572808.0
2022-02-09 00:00:00+09:00,20585.0,20790.0,20470.0,20780.0,18359218.0
2022-02-10 00:00:00+09:00,21070.0,21215.0,20840.0,21110.0,19862514.0
2022-02-11 00:00:00+09:00,20700.0,21040.0,20545.0,20740.0,15228987.0
2022-02-14 00:00:00+09:00,20375.0,20500.0,19875.0,20165.0,21057688.0
2022-02-15 00:00:00+09:00,20280.0,20335.0,19715.0,19920.0,16894274.0
2022-02-16 00:00:00+09:00,20365.0,20660.0,20325.0,20640.0,13988490.0
2022-02-17 00:00:00+09:00,20700.0,21275.0,20450.0,20905.0,32906369.0
2022-02-18 00:00:00+09:00,20450.0,20870.0,20335.0,20750.0,19937577.0
2022-02-21 00:00:00+09:00,20080.0,20770.0,19915.0,20770.0,19271863.0
2022-02-22 00:00:00+09:00,20055.0,20345.0,19890.0,20170.0,28977063.0
2022-02-23 00:00:00+09:00,20470.0,20540.0,20095.0,20320.0,18999803.0
2022-02-24 00:00:00+09:00,19775.0,19885.0,19125.0,19225.0,38103281.0
2022-02-25 00:00:00+09:00,19600.0,19880.0,19460.0,19655.0,25931482.0
2022-02-28 00:00:00+09:00,19445.0,19935.0,19315.0,19935.0,19748801.0
2022-03-02 00:00:00+09:00,19990.0,20090.0,19755.0,19830.0,15887427.0
2022-03-03 00:00:00+09:00,20150.0,20585.0,20105.0,20530.0,17166383.0
2022-03-04 00:00:00+09:00,20390.0,20390.0,19770.0,19925.0,24287370.0
2022-03-07 00:00:00+09:00,19200.0,19255.0,18820.0,18990.0,24974732.0
2022-03-08 00:00:00+09:00,18450.0,18960.0,18360.0,18525.0,20678392.0
2022-03-10 00:00:00+09:00,19280.0,19485.0,19230.0,19325.0,17339239.0
2022-03-11 00:00:00+09:00,19245.0,19310.0,18945.0,19150.0,18554961.0
2022-03-14 00:00:00+09:00,19100.0,19300.0,18915.0,19095.0,17391410.0
2022-03-15 00:00:00+09:00,18910.0,19015.0,18625.0,18750.0,16827155.0
2022-03-16 00:00:00+09:00,19145.0,19340.0,18850.0,19290.0,23073666.0
2022-03-17 00:00:00+09:00,19995.0,20180.0,19860.0,19860.0,24281075.0
2022-03-18 00:00:00+09:00,19755.0,19990.0,19675.0,19960.0,19741915.0
2022-03-21 00:00:00+09:00,20090.0,20135.0,19520.0,19555.0,19520948.0
2022-03-22 00:00:00+09:00,19535.0,19940.0,19530.0,19905.0,14264498.0
2022-03-23 00:00:00+09:00,20115.0,20425.0,20040.0,20230.0,20369628.0
2022-03-24 00:00:00+09:00,19895.0,20075.0,19755.0,20050.0,11729947.0
2022-03-25 00:00:00+09:00,20190.0,20195.0,19825.0,19915.0,17333818.0
2022-03-28 00:00:00+09:00,19730.0,20030.0,19550.0,19940.0,13510483.0
2022-03-29 00:00:00+09:00,20150.0,20320.0,19990.0,20115.0,14829497.0
2022-03-30 00:00:00+09:00,20465.0,20540.0,20210.0,20255.0,18143915.0
2022-03-31 00:00:00+09:00,20215.0,20580.0,20210.0,20390.0,15020402.0
2022-04-01 00:00:00+09:00,20165.0,20210.0,19905.0,20105.0,11811809.0
2022-04-04 00:00:00+09:00,19930.0,20325.0,19810.0,20305.0,10471018.0
2022-04-05 00:00:00+09:00,20445.0,20510.0,20150.0,20280.0,11652397.0
2022-04-06 00:00:00+09:00,19975.0,20055.0,19810.0,19840.0,14118743.0
2022-04-07 00:00:00+09:00,19530.0,19590.0,19200.0,19280.0,17045371.0
2022-04-08 00:00:00+09:00,19355.0,19405.0,19085.0,19325.0,15956735.0
2022-04-11 00:00:00+09:00,19105.0,19460.0,19015.0,19300.0,12602548.0
2022-04-12 00:00:00+09:00,19020.0,19195.0,18790.0,18935.0,19387013.0
2022-04-13 00:00:00+09:00,19075.0,19665.0,18990.0,19635.0,15863463.0
2022-04-14 00:00:00+09:00,19580.0,19610.0,19300.0,19445.0,12252671.0
2022-04-15 00:00:00+09:00,19100.0,19165.0,18900.0,19010.0,17374654.0
2022-04-18 00:00:00+09:00,18765.0,19115.0,18685.0,19005.0,9241936.0
2022-04-19 00:00:00+09:00,19190.0,19530.0,19145.0,19415.0,12154624.0
2022-04-20 00:00:00+09:00,19350.0,19495.0,19130.0,19395.0,12809321.0
2022-04-21 00:00:00+09:00,19550.0,19795.0,19500.0,19590.0,12141671.0
2022-04-22 00:00:00+09:00,19200.0,19260.0,18990.0,19150.0,16071019.0
2022-04-25 00:00:00+09:00,18705.0,18830.0,18510.0,18530.0,17772967.0
2022-04-26 00:00:00+09:00,18665.0,18855.0,18615.0,18680.0,13611831.0
2022-04-27 00:00:00+09:00,18020.0,18260.0,17930.0,18225.0,21586989.0
2022-04-28 00:00:00+09:00,18395.0,18585.0,18150.0,18585.0,17097932.0
2022-04-29 00:00:00+09:00,18585.0,19175.0,18485.0,19150.0,19226716.0
2022-05-02 00:00:00+09:00,18775.0,19060.0,18770.0,19010.0,12572813.0
2022-05-03 00:00:00+09:00,19000.0,19280.0,18895.0,18930.0,17237146.0
2022-05-04 00:00:00+09:00,19080.0,19205.0,18855.0,18980.0,12879291.0
2022-05-06 00:00:00+09:00,18570.0,18585.0,18355.0,18475.0,16342705.0
2022-05-09 00:00:00+09:00,18275.0,18480.0,18050.0,18105.0,20102034.0
2022-05-10 00:00:00+09:00,17825.0,17985.0,17365.0,17930.0,32486233.0
2022-05-11 00:00:00+09:00,17765.0,17950.0,17635.0,17895.0,18777499.0
2022-05-12 00:00:00+09:00,17500.0,17820.0,17290.0,17320.0,24216466.0
2022-05-13 00:00:00+09:00,17560.0,18165.0,17505.0,18135.0,20107885.0
2022-05-16 00:00:00+09:00,18400.0,18470.0,17920.0,17980.0,20348447.0
2022-05-17 00:00:00+09:00,18055.0,18380.0,18040.0,18330.0,15228206.0
2022-05-18 00:00:00+09:00,18515.0,18700.0,18300.0,18405.0,21621566.0
2022-05-19 00:00:00+09:00,17600.0,17950.0,17555.0,17840.0,23421870.0
2022-05-20 00:00:00+09:00,18015.0,18545.0,17995.0,18525.0,17937092.0
2022-05-23 00:00:00+09:00,18730.0,18730.0,18440.0,18635.0,16824427.0
2022-05-24 00:00:00+09:00,18470.0,18555.0,17970.0,17970.0,18588229.0
2022-05-25 00:00:00+09:00,18175.0,18335.0,17925.0,18115.0,17633261.0
2022-05-26 00:00:00+09:00,18085.0,18465.0,17840.0,17975.0,20592891.0
2022-05-27 00:00:00+09:00,18400.0,18495.0,18295.0,18370.0,18914687.0
2022-05-30 00:00:00+09:00,18750.0,18870.0,18590.0,18845.0,21093524.0
2022-05-31 00:00:00+09:00,18820.0,19055.0,18600.0,18995.0,18266961.0
2022-06-02 00:00:00+09:00,18735.0,18815.0,18500.0,18575.0,18195822.0
2022-06-03 00:00:00+09:00,18880.0,18965.0,18695.0,18785.0,16152175.0
2022-06-07 00:00:00+09:00,18535.0,18580.0,18030.0,18095.0,18756749.0
2022-06-08 00:00:00+09:00,18150.0,18330.0,18070.0,18165.0,12436688.0
2022-06-09 00:00:00+09:00,18055.0,18175.0,17890.0,18080.0,15801188.0
2022-06-10 00:00:00+09:00,17740.0,17805.0,17515.0,17660.0,21081994.0
2022-06-13 00:00:00+09:00,16945.0,17035.0,16425.0,16425.0,34435084.0
2022-06-14 00:00:00+09:00,16000.0,16355.0,15855.0,16280.0,35641315.0
2022-06-15 00:00:00+09:00,16185.0,16260.0,15480.0,15685.0,37271149.0
2022-06-16 00:00:00+09:00,16040.0,16295.0,15625.0,15670.0,36024066.0
2022-06-17 00:00:00+09:00,15105.0,15510.0,14995.0,15425.0,40023050.0
2022-06-20 00:00:00+09:00,15605.0,15630.0,14695.0,14950.0,52735622.0
2022-06-21 00:00:00+09:00,15100.0,15345.0,14900.0,15135.0,40974055.0
2022-06-22 00:00:00+09:00,15285.0,15300.0,14320.0,14320.0,44761367.0
2022-06-23 00:00:00+09:00,14385.0,14590.0,14000.0,14135.0,57281418.0
2022-06-24 00:00:00+09:00,14255.0,14835.0,14180.0,14740.0,46830980.0
2022-06-27 00:00:00+09:00,14940.0,15330.0,14670.0,15080.0,43062903.0
2022-06-28 00:00:00+09:00,15120.0,15320.0,14975.0,15320.0,28934446.0
2022-06-29 00:00:00+09:00,15020.0,15065.0,14785.0,14820.0,30816921.0
2022-06-30 00:00:00+09:00,14655.0,14685.0,14305.0,14305.0,32945136.0
2022-07-01 00:00:00+09:00,14460.0,14600.0,13805.0,14005.0,46736613.0
2022-07-04 00:00:00+09:00,14015.0,14175.0,13735.0,14015.0,37294696.0
2022-07-05 00:00:00+09:00,14265.0,14560.0,14140.0,14460.0,39109045.0
2022-07-06 00:00:00+09:00,14245.0,14335.0,13780.0,13810.0,46229517.0
2022-07-07 00:00:00+09:00,14020.0,14530.0,13970.0,14370.0,36540661.0
2022-07-08 00:00:00+09:00,14580.0,14805.0,14520.0,14520.0,33772188.0
2022-07-11 00:00:00+09:00,14600.0,14700.0,14330.0,14345.0,24036497.0
2022-07-12 00:00:00+09:00,14235.0,14305.0,13915.0,14070.0,25550347.0
2022-07-13 00:00:00+09:00,14140.0,14405.0,14070.0,14225.0,29322321.0
2022-07-14 00:00:00+09:00,13985.0,14325.0,13930.0,14105.0,29100528.0
2022-07-15 00:00:00+09:00,14290.0,14325.0,13770.0,14295.0,48029861.0
2022-07-18 00:00:00+09:00,14590.0,14955.0,14540.0,14930.0,35240665.0
2022-07-19 00:00:00+09:00,14810.0,14845.0,14650.0,14810.0,21144443.0
2022-07-20 00:00:00+09:00,15295.0,15375.0,14990.0,15040.0,34719345.0
2022-07-21 00:00:00+09:00,15100.0,15400.0,15050.0,15370.0,28007280.0
2022-07-22 00:00:00+09:00,15295.0,15505.0,15145.0,15180.0,27900894.0
2022-07-25 00:00:00+09:00,15070.0,15440.0,15050.0,15290.0,26333623.0
2022-07-26 00:00:00+09:00,15180.0,15420.0,15130.0,15400.0,16064927.0
2022-07-27 00:00:00+09:00,15380.0,15415.0,15185.0,15395.0,22545475.0
2022-07-28 00:00:00+09:00,15670.0,15820.0,15505.0,15585.0,30062444.0
2022-07-29 00:00:00+09:00,15825.0,16010.0,15630.0,15730.0,29840248.0
2022-08-01 00:00:00+09:00,15680.0,15855.0,15505.0,15705.0,22393212.0
2022-08-02 00:00:00+09:00,15675.0,15675.0,15445.0,15555.0,20449364.0
2022-08-03 00:00:00+09:00,15560.0,15760.0,15440.0,15760.0,19027203.0
2022-08-04 00:00:00+09:00,15985.0,16025.0,15815.0,15920.0,22002631.0
2022-08-05 00:00:00+09:00,16010.0,16230.0,16010.0,16140.0,20523546.0
2022-08-08 00:00:00+09:00,15940.0,16100.0,15885.0,16060.0,13898686.0
2022-08-09 00:00:00+09:00,16095.0,16220.0,15915.0,16180.0,20693875.0
2022-08-10 00:00:00+09:00,15990.0,16045.0,15755.0,15790.0,19745146.0
2022-08-11 00:00:00+09:00,16150.0,16315.0,16140.0,16310.0,21840168.0
2022-08-12 00:00:00+09:00,16295.0,16480.0,16270.0,16435.0,18673576.0
2022-08-16 00:00:00+09:00,16650.0,16705.0,16490.0,16530.0,16490523.0
2022-08-17 00:00:00+09:00,16600.0,16675.0,16320.0,16360.0,17277885.0
2022-08-18 00:00:00+09:00,16105.0,16295.0,15970.0,16235.0,18202707.0
2022-08-19 00:00:00+09:00,16240.0,16240.0,15995.0,16035.0,15094655.0
2022-08-22 00:00:00+09:00,15665.0,15780.0,15550.0,15615.0,17787376.0
2022-08-23 00:00:00+09:00,15400.0,15515.0,15185.0,15215.0,21784794.0
2022-08-24 00:00:00+09:00,15300.0,15415.0,15195.0,15335.0,17096790.0
2022-08-25 00:00:00+09:00,15430.0,15705.0,15425.0,15705.0,15827923.0
2022-08-26 00:00:00+09:00,15835.0,15980.0,15690.0,15720.0,15454712.0
2022-08-29 00:00:00+09:00,14940.0,15080.0,14900.0,14970.0,19459348.0
2022-08-30 00:00:00+09:00,15100.0,15290.0,15045.0,15290.0,16748440.0
2022-08-31 00:00:00+09:00,14980.0,15630.0,14945.0,15510.0,20616200.0
2022-09-01 00:00:00+09:00,15095.0,15130.0,14765.0,14775.0,26337404.0
2022-09-02 00:00:00+09:00,14890.0,14935.0,14500.0,14620.0,26139881.0
2022-09-05 00:00:00+09:00,14635.0,14880.0,14500.0,14620.0,22465883.0
2022-09-06 00:00:00+09:00,14670.0,14830.0,14515.0,14625.0,22557031.0
2022-09-07 00:00:00+09:00,14420.0,14420.0,14030.0,14210.0,30747396.0
2022-09-08 00:00:00+09:00,14390.0,14420.0,14200.0,14280.0,22736726.0
2022-09-13 00:00:00+09:00,14790.0,15240.0,14750.0,15170.0,24070343.0
2022-09-14 00:00:00+09:00,14290.0,14690.0,14230.0,14570.0,27123300.0
2022-09-15 00:00:00+09:00,14645.0,14660.0,14360.0,14400.0,17793752.0
2022-09-16 00:00:00+09:00,14090.0,14235.0,14020.0,14165.0,18114600.0
2022-09-19 00:00:00+09:00,14250.0,14295.0,13920.0,13980.0,21917571.0
2022-09-20 00:00:00+09:00,14160.0,14310.0,14030.0,14080.0,21497336.0
2022-09-21 00:00:00+09:00,13895.0,13960.0,13750.0,13825.0,21993800.0
2022-09-22 00:00:00+09:00,13465.0,13575.0,13325.0,13515.0,27879499.0
2022-09-23 00:00:00+09:00,13515.0,13555.0,13100.0,13180.0,26913446.0
2022-09-26 00:00:00+09:00,12800.0,12880.0,12465.0,12515.0,39022214.0
2022-09-27 00:00:00+09:00,12510.0,12585.0,12275.0,12570.0,38682053.0
2022-09-28 00:00:00+09:00,12310.0,12470.0,11755.0,11955.0,59438829.0
2022-09-29 00:00:00+09:00,12265.0,12390.0,11970.0,11970.0,43113981.0
2022-09-30 00:00:00+09:00,11885.0,12110.0,11630.0,11840.0,55876774.0
2022-10-04 00:00:00+09:00,12215.0,12485.0,12175.0,12445.0,32950708.0
2022-10-05 00:00:00+09:00,12815.0,12855.0,12325.0,12430.0,39269519.0
2022-10-06 00:00:00+09:00,12600.0,12825.0,12530.0,12685.0,36735834.0
2022-10-07 00:00:00+09:00,12385.0,12730.0,12370.0,12575.0,27399661.0
2022-10-11 00:00:00+09:00,12040.0,12095.0,11860.0,12075.0,33997225.0
2022-10-12 00:00:00+09:00,12055.0,12280.0,12015.0,12275.0,33269027.0
2022-10-13 00:00:00+09:00,12200.0,12200.0,11900.0,11900.0,25150469.0
2022-10-14 00:00:00+09:00,12245.0,12560.0,12220.0,12480.0,29894677.0
2022-10-17 00:00:00+09:00,12160.0,12520.0,12075.0,12475.0,25454652.0
2022-10-18 00:00:00+09:00,12815.0,12845.0,12495.0,12805.0,38660056.0
2022-10-19 00:00:00+09:00,12805.0,12960.0,12580.0,12595.0,38916502.0
2022-10-20 00:00:00+09:00,12465.0,12485.0,12195.0,12335.0,41432134.0
2022-10-21 00:00:00+09:00,12255.0,12530.0,12240.0,12385.0,27264275.0
2022-10-24 00:00:00+09:00,12815.0,12880.0,12545.0,12625.0,34789630.0
2022-10-25 00:00:00+09:00,12650.0,12845.0,12585.0,12665.0,35804520.0
2022-10-26 00:00:00+09:00,12665.0,12965.0,12615.0,12835.0,32072080.0
2022-10-27 00:00:00+09:00,13000.0,13315.0,12950.0,13280.0,30902889.0
2022-10-28 00:00:00+09:00,13105.0,13260.0,12930.0,12935.0,25503830.0
2022-10-31 00:00:00+09:00,13220.0,13385.0,13070.0,13335.0,28950697.0
2022-11-01 00:00:00+09:00,13400.0,13730.0,13360.0,13715.0,29783900.0
2022-11-02 00:00:00+09:00,13600.0,13800.0,13530.0,13685.0,23864778.0
2022-11-03 00:00:00+09:00,13215.0,13690.0,13115.0,13515.0,31935141.0
2022-11-04 00:00:00+09:00,13415.0,13735.0,13305.0,13735.0,29732910.0
2022-11-07 00:00:00+09:00,13810.0,14095.0,13765.0,14055.0,32540602.0
2022-11-08 00:00:00+09:00,14235.0,14510.0,14200.0,14455.0,31096039.0
2022-11-09 00:00:00+09:00,14600.0,14865.0,14535.0,14750.0,33725652.0
2022-11-10 00:00:00+09:00,14505.0,14730.0,14410.0,14410.0,28445545.0
2022-11-11 00:00:00+09:00,15260.0,15560.0,15250.0,15530.0,40794216.0
2022-11-14 00:00:00+09:00,15530.0,15650.0,15290.0,15290.0,23595873.0
2022-11-15 00:00:00+09:00,15405.0,15485.0,15210.0,15420.0,21751057.0
2022-11-16 00:00:00+09:00,15475.0,15475.0,15020.0,15355.0,35656868.0
2022-11-17 00:00:00+09:00,15200.0,15215.0,14910.0,14945.0,28191534.0
2022-11-18 00:00:00+09:00,14925.0,15235.0,14855.0,14885.0,28042925.0
2022-11-21 00:00:00+09:00,14880.0,14955.0,14540.0,14635.0,23914527.0
2022-11-22 00:00:00+09:00,14560.0,14710.0,14420.0,14420.0,26500512.0
2022-11-23 00:00:00+09:00,14580.0,14695.0,14500.0,14610.0,26968755.0
2022-11-24 00:00:00+09:00,14830.0,14905.0,14715.0,14895.0,22971864.0
2022-11-25 00:00:00+09:00,14910.0,14940.0,14760.0,14760.0,15578566.0
2022-11-28 00:00:00+09:00,14590.0,14600.0,14320.0,14395.0,20335730.0
2022-11-29 00:00:00+09:00,14390.0,14725.0,14320.0,14715.0,15771101.0
2022-11-30 00:00:00+09:00,14555.0,15150.0,14555.0,15150.0,20985242.0
2022-12-01 00:00:00+09:00,15570.0,15670.0,15270.0,15340.0,28020474.0
2022-12-02 00:00:00+09:00,15215.0,15215.0,14650.0,14655.0,26565889.0
2022-12-05 00:00:00+09:00,14750.0,14845.0,14475.0,14550.0,29973001.0
2022-12-06 00:00:00+09:00,14330.0,14480.0,14165.0,14185.0,22234025.0
2022-12-07 00:00:00+09:00,14060.0,14205.0,14010.0,14035.0,23524093.0
2022-12-08 00:00:00+09:00,14035.0,14090.0,13845.0,14015.0,21144388.0
2022-12-09 00:00:00+09:00,14145.0,14380.0,14050.0,14350.0,33161779.0
2022-12-12 00:00:00+09:00,14135.0,14225.0,14065.0,14155.0,16904082.0
2022-12-13 00:00:00+09:00,14295.0,14340.0,14035.0,14135.0,22732643.0
2022-12-14 00:00:00+09:00,14230.0,14475.0,14225.0,14435.0,20171316.0
2022-12-15 00:00:00+09:00,14260.0,14310.0,13965.0,13965.0,21988612.0
2022-12-16 00:00:00+09:00,13530.0,13865.0,13525.0,13820.0,19526268.0
2022-12-19 00:00:00+09:00,13750.0,13930.0,13705.0,13805.0,12007205.0
2022-12-20 00:00:00+09:00,13720.0,13800.0,13470.0,13570.0,23602372.0
2022-12-21 00:00:00+09:00,13720.0,13730.0,13480.0,13500.0,17982317.0
2022-12-22 00:00:00+09:00,13615.0,13845.0,13565.0,13845.0,17465021.0
2022-12-23 00:00:00+09:00,13555.0,13605.0,13340.0,13375.0,21293163.0
2022-12-26 00:00:00+09:00,13375.0,13425.0,13280.0,13375.0,10881566.0
2022-12-27 00:00:00+09:00,13495.0,13645.0,13450.0,13560.0,17776955.0
2022-12-28 00:00:00+09:00,13460.0,13495.0,13265.0,13285.0,16378432.0
2022-12-29 00:00:00+09:00,13100.0,13165.0,12805.0,12805.0,18306241.0
2023-01-02 00:00:00+09:00,12900.0,13000.0,12620.0,12645.0,17733207.0
2023-01-03 00:00:00+09:00,12685.0,12735.0,12145.0,12640.0,39825281.0
2023-01-04 00:00:00+09:00,12500.0,13220.0,12455.0,13150.0,29802655.0
2023-01-05 00:00:00+09:00,13310.0,13495.0,13165.0,13355.0,27136791.0
2023-01-06 00:00:00+09:00,13205.0,13805.0,13185.0,13655.0,31562850.0
2023-01-09 00:00:00+09:00,13995.0,14435.0,13925.0,14415.0,30659218.0
2023-01-10 00:00:00+09:00,14310.0,14655.0,14300.0,14440.0,27652043.0
2023-01-11 00:00:00+09:00,14575.0,14680.0,14365.0,14525.0,22298234.0
2023-01-12 00:00:00+09:00,14675.0,14725.0,14435.0,14580.0,18818331.0
2023-01-13 00:00:00+09:00,14660.0,14970.0,14645.0,14805.0,23016613.0
2023-01-16 00:00:00+09:00,14850.0,15170.0,14830.0,15040.0,20619334.0
2023-01-17 00:00:00+09:00,15040.0,15070.0,14755.0,14785.0,18520159.0
2023-01-18 00:00:00+09:00,14755.0,14830.0,14440.0,14600.0,19604577.0
2023-01-19 00:00:00+09:00,14455.0,14780.0,14405.0,14780.0,13312168.0
2023-01-20 00:00:00+09:00,14775.0,14985.0,14670.0,14970.0,25034788.0
2023-01-25 00:00:00+09:00,15310.0,15520.0,15305.0,15425.0,16303604.0
2023-01-26 00:00:00+09:00,15490.0,15890.0,15380.0,15855.0,17738334.0
2023-01-27 00:00:00+09:00,15900.0,16315.0,15790.0,16120.0,30627396.0
2023-01-30 00:00:00+09:00,16120.0,16200.0,15580.0,15600.0,21790617.0
2023-01-31 00:00:00+09:00,15565.0,15655.0,15060.0,15090.0,24865236.0
2023-02-01 00:00:00+09:00,15310.0,15495.0,15200.0,15425.0,24114996.0
2023-02-02 00:00:00+09:00,15895.0,15985.0,15510.0,15770.0,32514968.0
2023-02-03 00:00:00+09:00,15645.0,15980.0,15560.0,15880.0,24991920.0
2023-02-06 00:00:00+09:00,15600.0,15670.0,15165.0,15165.0,21880520.0
2023-02-07 00:00:00+09:00,15180.0,15430.0,15090.0,15345.0,18083168.0
2023-02-08 00:00:00+09:00,15575.0,15910.0,15520.0,15815.0,20750728.0
2023-02-09 00:00:00+09:00,15650.0,15835.0,15540.0,15695.0,19041605.0
2023-02-10 00:00:00+09:00,15550.0,15640.0,15380.0,15595.0,18227153.0
2023-02-13 00:00:00+09:00,15480.0,15520.0,15210.0,15430.0,22797078.0
2023-02-14 00:00:00+09:00,15650.0,15825.0,15540.0,15610.0,21417460.0
2023-02-15 00:00:00+09:00,15710.0,15710.0,14990.0,15010.0,30898538.0
2023-02-16 00:00:00+09:00,15205.0,15670.0,15190.0,15600.0,24355471.0
2023-02-17 00:00:00+09:00,15215.0,15595.0,15200.0,15310.0,21346918.0
2023-02-20 00:00:00+09:00,15380.0,15530.0,15045.0,15440.0,20137420.0
2023-02-21 00:00:00+09:00,15405.0,15510.0,15220.0,15365.0,23585532.0
2023-02-22 00:00:00+09:00,15040.0,15105.0,14820.0,14850.0,29418897.0
2023-02-23 00:00:00+09:00,14960.0,15330.0,14955.0,15225.0,22972623.0
2023-02-24 00:00:00+09:00,15180.0,15340.0,14920.0,14945.0,20926813.0
2023-02-27 00:00:00+09:00,14680.0,14680.0,14410.0,14645.0,26282525.0
2023-02-28 00:00:00+09:00,14795.0,14995.0,14660.0,14740.0,19010753.0
2023-03-02 00:00:00+09:00,14770.0,15085.0,14660.0,14810.0,25056436.0
2023-03-03 00:00:00+09:00,15000.0,15035.0,14755.0,14880.0,23082069.0
2023-03-06 00:00:00+09:00,15185.0,15310.0,15005.0,15305.0,23910032.0
2023-03-07 00:00:00+09:00,15245.0,15400.0,15150.0,15150.0,16212545.0
2023-03-08 00:00:00+09:00,14855.0,14885.0,14660.0,14705.0,23779053.0
2023-03-09 00:00:00+09:00,14805.0,14885.0,14610.0,14620.0,14315293.0
2023-03-10 00:00:00+09:00,14260.0,14380.0,14130.0,14285.0,21365759.0
2023-03-13 00:00:00+09:00,14365.0,14585.0,14070.0,14530.0,31186375.0
2023-03-14 00:00:00+09:00,14265.0,14265.0,13815.0,13830.0,39402817.0
2023-03-15 00:00:00+09:00,14120.0,14355.0,14045.0,14180.0,33091834.0
2023-03-16 00:00:00+09:00,13890.0,14160.0,13745.0,14090.0,33785538.0
2023-03-17 00:00:00+09:00,14415.0,14475.0,14205.0,14415.0,30319730.0
2023-03-20 00:00:00+09:00,14385.0,14545.0,14185.0,14190.0,24797439.0
2023-03-21 00:00:00+09:00,14355.0,14415.0,14200.0,14265.0,25958484.0
2023-03-22 00:00:00+09:00,14490.0,14630.0,14420.0,14625.0,24330015.0
2023-03-23 00:00:00+09:00,14410.0,14725.0,14375.0,14705.0,19643755.0
2023-03-24 00:00:00+09:00,14725.0,14745.0,14445.0,14615.0,22161982.0
2023-03-27 00:00:00+09:00,14710.0,14715.0,14310.0,14500.0,26872747.0
2023-03-28 00:00:00+09:00,14595.0,14800.0,14540.0,14800.0,22502050.0
2023-03-29 00:00:00+09:00,14775.0,14865.0,14670.0,14850.0,20009933.0
2023-03-30 00:00:00+09:00,15005.0,15170.0,14890.0,15050.0,25347929.0
2023-03-31 00:00:00+09:00,15155.0,15475.0,15120.0,15410.0,22437120.0
2023-04-03 00:00:00+09:00,15515.0,15530.0,15195.0,15245.0,19488587.0
2023-04-04 00:00:00+09:00,15285.0,15480.0,15230.0,15385.0,19410815.0
2023-04-05 00:00:00+09:00,15390.0,15600.0,15340.0,15560.0,16617221.0
2023-04-06 00:00:00+09:00,15435.0,15435.0,14980.0,15005.0,19976918.0
2023-04-07 00:00:00+09:00,15220.0,15555.0,15215.0,15515.0,18959142.0
2023-04-10 00:00:00+09:00,15500.0,15950.0,15450.0,15790.0,21987417.0
2023-04-11 00:00:00+09:00,15900.0,16310.0,15870.0,16225.0,22232185.0
2023-04-12 00:00:00+09:00,16175.0,16430.0,16155.0,16335.0,21761250.0
2023-04-13 00:00:00+09:00,16150.0,16430.0,16105.0,16390.0,14600869.0
2023-04-14 00:00:00+09:00,16625.0,16710.0,16415.0,16525.0,21631364.0
2023-04-17 00:00:00+09:00,16500.0,16570.0,16365.0,16520.0,12415761.0
2023-04-18 00:00:00+09:00,16525.0,16590.0,16260.0,16465.0,15052665.0
2023-04-19 00:00:00+09:00,16465.0,16615.0,16430.0,16495.0,12399188.0
2023-04-20 00:00:00+09:00,16355.0,16490.0,16265.0,16375.0,11734057.0
2023-04-21 00:00:00+09:00,16320.0,16380.0,16100.0,16220.0,15751237.0
2023-04-24 00:00:00+09:00,16105.0,16155.0,15960.0,15980.0,10958640.0
2023-04-25 00:00:00+09:00,16050.0,16095.0,15405.0,15580.0,20316638.0
2023-04-26 00:00:00+09:00,15505.0,15675.0,15470.0,15550.0,14625992.0
2023-04-27 00:00:00+09:00,15535.0,15655.0,15265.0,15645.0,17205279.0
2023-04-28 00:00:00+09:00,15805.0,15950.0,15565.0,15685.0,21756498.0
2023-05-02 00:00:00+09:00,15775.0,16000.0,15735.0,16000.0,15699514.0
2023-05-03 00:00:00+09:00,15800.0,15870.0,15670.0,15715.0,12056676.0
2023-05-04 00:00:00+09:00,15600.0,15690.0,15505.0,15645.0,13715564.0
2023-05-08 00:00:00+09:00,15940.0,16095.0,15905.0,15995.0,13616065.0
2023-05-09 00:00:00+09:00,15940.0,15965.0,15800.0,15885.0,11643301.0
2023-05-10 00:00:00+09:00,15870.0,15870.0,15580.0,15695.0,11496183.0
2023-05-11 00:00:00+09:00,15785.0,15920.0,15630.0,15630.0,12450901.0
2023-05-12 00:00:00+09:00,15500.0,15615.0,15400.0,15445.0,13990209.0
2023-05-15 00:00:00+09:00,15375.0,15545.0,15260.0,15540.0,11704476.0
2023-05-16 00:00:00+09:00,15725.0,15845.0,15555.0,15610.0,14966566.0
2023-05-17 00:00:00+09:00,15580.0,15820.0,15550.0,15720.0,9792984.0
2023-05-18 00:00:00+09:00,15870.0,16050.0,15825.0,16035.0,16176691.0
2023-05-19 00:00:00+09:00,16265.0,16500.0,16265.0,16465.0,15572268.0
2023-05-22 00:00:00+09:00,16480.0,16825.0,16405.0,16700.0,14917406.0
2023-05-23 00:00:00+09:00,16785.0,16910.0,16700.0,16775.0,12178409.0
2023-05-24 00:00:00+09:00,16600.0,16800.0,16570.0,16680.0,8919385.0
2023-05-25 00:00:00+09:00,16815.0,16855.0,16550.0,16620.0,14476790.0
2023-05-26 00:00:00+09:00,16660.0,16845.0,16620.0,16745.0,10313644.0
2023-05-30 00:00:00+09:00,17060.0,17190.0,16990.0,17185.0,11818046.0
2023-05-31 00:00:00+09:00,17140.0,17270.0,16925.0,16925.0,10536123.0
2023-06-01 00:00:00+09:00,16860.0,16980.0,16740.0,16830.0,11845439.0
2023-06-02 00:00:00+09:00,17025.0,17265.0,17025.0,17265.0,9833446.0
2023-06-05 00:00:00+09:00,17470.0,17480.0,17330.0,17400.0,8621217.0
2023-06-07 00:00:00+09:00,17500.0,17565.0,17300.0,17300.0,9273765.0
2023-06-08 00:00:00+09:00,17185.0,17270.0,17075.0,17245.0,10005156.0
2023-06-09 00:00:00+09:00,17415.0,17765.0,17310.0,17720.0,15494999.0
2023-06-12 00:00:00+09:00,17805.0,17840.0,17380.0,17470.0,13760047.0
2023-06-13 00:00:00+09:00,17665.0,17750.0,17535.0,17645.0,15200669.0
2023-06-14 00:00:00+09:00,17650.0,17675.0,17395.0,17435.0,16757348.0
2023-06-15 00:00:00+09:00,17540.0,17660.0,17285.0,17330.0,14954489.0
2023-06-16 00:00:00+09:00,17510.0,17530.0,17300.0,17485.0,11107747.0
2023-06-19 00:00:00+09:00,17430.0,17435.0,17200.0,17310.0,10405572.0
2023-06-20 00:00:00+09:00,17210.0,17290.0,17100.0,17235.0,8643399.0
2023-06-21 00:00:00+09:00,17185.0,17190.0,16900.0,16925.0,11296176.0
2023-06-22 00:00:00+09:00,16840.0,17115.0,16835.0,16990.0,11896750.0
2023-06-23 00:00:00+09:00,17100.0,17155.0,16785.0,16820.0,11684588.0
2023-06-26 00:00:00+09:00,16785.0,17020.0,16725.0,16980.0,8847042.0
2023-06-27 00:00:00+09:00,16925.0,16990.0,16800.0,16960.0,8098706.0
2023-06-28 00:00:00+09:00,17075.0,17100.0,16720.0,16770.0,13420218.0
2023-06-29 00:00:00+09:00,16890.0,17070.0,16770.0,16770.0,16696597.0
2023-06-30 00:00:00+09:00,16775.0,16940.0,16525.0,16855.0,14242735.0
2023-07-03 00:00:00+09:00,17015.0,17395.0,17010.0,17380.0,15253286.0
2023-07-04 00:00:00+09:00,17375.0,17415.0,17215.0,17220.0,8851654.0
2023-07-05 00:00:00+09:00,17175.0,17315.0,16910.0,16910.0,14671843.0
2023-07-06 00:00:00+09:00,16865.0,16895.0,16600.0,16645.0,15275397.0
2023-07-07 00:00:00+09:00,16465.0,16465.0,16070.0,16150.0,23026326.0
2023-07-10 00:00:00+09:00,16210.0,16355.0,16040.0,16110.0,14671944.0
2023-07-11 00:00:00+09:00,16335.0,16695.0,16300.0,16695.0,14784257.0
2023-07-12 00:00:00+09:00,16690.0,16925.0,16610.0,16915.0,12965210.0
2023-07-13 00:00:00+09:00,17170.0,17300.0,17140.0,17175.0,16208523.0
2023-07-14 00:00:00+09:00,17355.0,17705.0,17300.0,17705.0,18723140.0
2023-07-17 00:00:00+09:00,17505.0,17715.0,17485.0,17585.0,9575130.0
2023-07-18 00:00:00+09:00,17655.0,17705.0,17300.0,17340.0,12361864.0
2023-07-19 00:00:00+09:00,17540.0,17555.0,17185.0,17305.0,13587340.0
2023-07-20 00:00:00+09:00,17055.0,17320.0,17040.0,17180.0,10505297.0
2023-07-21 00:00:00+09:00,16935.0,17215.0,16730.0,17215.0,13487215.0
2023-07-24 00:00:00+09:00,17210.0,17545.0,17030.0,17435.0,17306049.0
2023-07-25 00:00:00+09:00,17555.0,17595.0,17265.0,17480.0,11040924.0
2023-07-26 00:00:00+09:00,17475.0,17535.0,16990.0,17045.0,20149623.0
2023-07-27 00:00:00+09:00,17145.0,17495.0,17065.0,17455.0,17925734.0
2023-07-28 00:00:00+09:00,17300.0,17415.0,17115.0,17350.0,18354062.0
2023-07-31 00:00:00+09:00,17595.0,17670.0,17440.0,17520.0,14254941.0
2023-08-01 00:00:00+09:00,17590.0,18100.0,17590.0,18085.0,16745012.0
2023-08-02 00:00:00+09:00,17845.0,17900.0,17260.0,17300.0,16489874.0
2023-08-03 00:00:00+09:00,17340.0,17395.0,16930.0,17075.0,16307221.0
2023-08-04 00:00:00+09:00,17135.0,17170.0,16960.0,17065.0,13114914.0
2023-08-07 00:00:00+09:00,16895.0,17235.0,16850.0,16975.0,14389506.0
2023-08-08 00:00:00+09:00,17145.0,17150.0,16620.0,16700.0,19292245.0
2023-08-09 00:00:00+09:00,16770.0,17120.0,16740.0,17060.0,13511616.0
2023-08-10 00:00:00+09:00,16850.0,16930.0,16800.0,16915.0,9133225.0
2023-08-11 00:00:00+09:00,17000.0,17190.0,16800.0,16810.0,13366053.0
2023-08-14 00:00:00+09:00,16740.0,16815.0,16405.0,16510.0,14253942.0
2023-08-16 00:00:00+09:00,16280.0,16280.0,15985.0,16040.0,19528504.0
2023-08-17 00:00:00+09:00,15900.0,15930.0,15500.0,15930.0,24582419.0
2023-08-18 00:00:00+09:00,15575.0,15935.0,15515.0,15770.0,19701322.0
2023-08-21 00:00:00+09:00,15855.0,16005.0,15750.0,15785.0,17333890.0
2023-08-22 00:00:00+09:00,15980.0,16105.0,15780.0,15920.0,20790783.0
2023-08-23 00:00:00+09:00,15775.0,15915.0,15705.0,15825.0,13765912.0
2023-08-24 00:00:00+09:00,16150.0,16275.0,16115.0,16255.0,20304240.0
2023-08-25 00:00:00+09:00,15800.0,16025.0,15785.0,15890.0,15342316.0
2023-08-28 00:00:00+09:00,16085.0,16140.0,15970.0,16115.0,12787672.0
2023-08-29 00:00:00+09:00,16225.0,16315.0,16140.0,16265.0,13796682.0
2023-08-30 00:00:00+09:00,16550.0,16615.0,16355.0,16355.0,11864853.0
2023-08-31 00:00:00+09:00,16410.0,16465.0,16225.0,16370.0,9542135.0
2023-09-01 00:00:00+09:00,16275.0,16755.0,16265.0,16690.0,12233252.0
2023-09-04 00:00:00+09:00,16805.0,16895.0,16635.0,16890.0,9556995.0
2023-09-05 00:00:00+09:00,16815.0,16970.0,16790.0,16865.0,7474509.0
2023-09-06 00:00:00+09:00,16825.0,16890.0,16595.0,16620.0,7952141.0
2023-09-07 00:00:00+09:00,16495.0,16630.0,16375.0,16450.0,10880254.0
2023-09-08 00:00:00+09:00,16485.0,16510.0,16260.0,16510.0,9806123.0
2023-09-11 00:00:00+09:00,16515.0,16605.0,16390.0,16600.0,10102758.0
2023-09-12 00:00:00+09:00,16700.0,16735.0,16400.0,16410.0,9799418.0
2023-09-13 00:00:00+09:00,16410.0,16585.0,16330.0,16430.0,8962524.0
2023-09-14 00:00:00+09:00,16550.0,16875.0,16505.0,16875.0,8960480.0
2023-09-15 00:00:00+09:00,16945.0,17465.0,16910.0,17320.0,14717410.0
2023-09-18 00:00:00+09:00,17100.0,17235.0,16920.0,16945.0,8951399.0
2023-09-19 00:00:00+09:00,16955.0,17005.0,16620.0,16670.0,9962244.0
2023-09-20 00:00:00+09:00,16665.0,16775.0,16580.0,16695.0,10413349.0
2023-09-21 00:00:00+09:00,16505.0,16530.0,16105.0,16120.0,20204922.0
2023-09-22 00:00:00+09:00,15805.0,16080.0,15740.0,16015.0,18682553.0
2023-09-25 00:00:00+09:00,15950.0,16070.0,15855.0,16015.0,10256194.0
2023-09-26 00:00:00+09:00,16025.0,16025.0,15600.0,15610.0,18860466.0
2023-09-27 00:00:00+09:00,15495.0,15655.0,15400.0,15615.0,13871828.0
2023-10-04 00:00:00+09:00,15235.0,15235.0,14815.0,14835.0,17681254.0
2023-10-05 00:00:00+09:00,15045.0,15050.0,14800.0,14850.0,14681595.0
2023-10-06 00:00:00+09:00,14920.0,15020.0,14815.0,14880.0,10649874.0
2023-10-10 00:00:00+09:00,15195.0,15410.0,14930.0,14970.0,15716362.0
2023-10-11 00:00:00+09:00,15345.0,15645.0,15340.0,15470.0,17137364.0
2023-10-12 00:00:00+09:00,15605.0,15805.0,15605.0,15800.0,13320108.0
2023-10-13 00:00:00+09:00,15505.0,15630.0,15440.0,15510.0,9377841.0
2023-10-16 00:00:00+09:00,15360.0,15495.0,15080.0,15280.0,11590957.0
2023-10-17 00:00:00+09:00,15500.0,15715.0,15420.0,15645.0,14178910.0
2023-10-18 00:00:00+09:00,15530.0,15800.0,15530.0,15760.0,9804433.0
2023-10-19 00:00:00+09:00,15380.0,15395.0,15150.0,15180.0,14239933.0
2023-10-20 00:00:00+09:00,14920.0,14950.0,14585.0,14710.0,19521389.0
2023-10-23 00:00:00+09:00,14695.0,14740.0,14485.0,14540.0,13977937.0
2023-10-24 00:00:00+09:00,14675.0,14770.0,14160.0,14770.0,23123195.0
2023-10-25 00:00:00+09:00,14835.0,14850.0,14575.0,14590.0,13298470.0
2023-10-26 00:00:00+09:00,14150.0,14205.0,13820.0,13830.0,22309634.0
2023-10-27 00:00:00+09:00,13960.0,14020.0,13755.0,13850.0,17759419.0
2023-10-30 00:00:00+09:00,13740.0,14000.0,13695.0,13970.0,15447462.0
2023-10-31 00:00:00+09:00,14100.0,14140.0,13565.0,13580.0,23463582.0
2023-11-01 00:00:00+09:00,13750.0,14030.0,13750.0,14000.0,19509075.0
2023-11-02 00:00:00+09:00,14400.0,14580.0,14375.0,14400.0,18778808.0
2023-11-03 00:00:00+09:00,14685.0,14780.0,14575.0,14715.0,18743061.0
2023-11-06 00:00:00+09:00,15110.0,15995.0,15095.0,15995.0,34572056.0
2023-11-07 00:00:00+09:00,15800.0,15875.0,15200.0,15495.0,25411857.0
2023-11-08 00:00:00+09:00,15725.0,15795.0,15145.0,15220.0,18046231.0
2023-11-09 00:00:00+09:00,15255.0,15490.0,15170.0,15375.0,12411086.0
2023-11-10 00:00:00+09:00,15090.0,15215.0,14960.0,15190.0,11467686.0
2023-11-13 00:00:00+09:00,15495.0,15510.0,15060.0,15175.0,13770808.0
2023-11-14 00:00:00+09:00,15400.0,15570.0,15395.0,15490.0,14647753.0
2023-11-15 00:00:00+09:00,15980.0,16150.0,15870.0,16120.0,24732106.0
2023-11-16 00:00:00+09:00,16105.0,16200.0,15950.0,16105.0,13224367.0
2023-11-17 00:00:00+09:00,16065.0,16100.0,15840.0,15915.0,11610337.0
2023-11-20 00:00:00+09:00,15860.0,16275.0,15835.0,16175.0,13859015.0
2023-11-21 00:00:00+09:00,16350.0,16465.0,16270.0,16320.0,20186051.0
2023-11-22 00:00:00+09:00,16100.0,16445.0,16045.0,16380.0,13602439.0
2023-11-23 00:00:00+09:00,16385.0,16490.0,16260.0,16385.0,10225963.0
2023-11-24 00:00:00+09:00,16395.0,16450.0,16120.0,16120.0,8617909.0
2023-11-27 00:00:00+09:00,16115.0,16290.0,15970.0,16070.0,9795073.0
2023-11-28 00:00:00+09:00,16195.0,16435.0,16160.0,16430.0,9298759.0
2023-11-29 00:00:00+09:00,16345.0,16385.0,16105.0,16320.0,11258078.0
2023-11-30 00:00:00+09:00,16265.0,16490.0,16165.0,16490.0,11016855.0
2023-12-01 00:00:00+09:00,16340.0,16345.0,16120.0,16125.0,13798715.0
2023-12-04 00:00:00+09:00,16350.0,16430.0,16225.0,16290.0,13510732.0
2023-12-05 00:00:00+09:00,16125.0,16160.0,15940.0,15940.0,12981917.0
2023-12-06 00:00:00+09:00,16085.0,16215.0,16035.0,16035.0,12152830.0
2023-12-07 00:00:00+09:00,15920.0,16045.0,15810.0,15910.0,13922179.0
2023-12-08 00:00:00+09:00,16165.0,16370.0,16140.0,16345.0,14340960.0
2023-12-11 00:00:00+09:00,16415.0,16445.0,16215.0,16435.0,11943407.0
2023-12-12 00:00:00+09:00,16540.0,16685.0,16525.0,16580.0,14713283.0
2023-12-13 00:00:00+09:00,16550.0,16570.0,16280.0,16280.0,9166354.0
2023-12-14 00:00:00+09:00,16725.0,16895.0,16600.0,16695.0,17928451.0
2023-12-15 00:00:00+09:00,16880.0,17210.0,16855.0,16955.0,16074358.0
2023-12-18 00:00:00+09:00,17060.0,17075.0,16860.0,17020.0,9570824.0
2023-12-19 00:00:00+09:00,16920.0,17105.0,16850.0,17105.0,9472578.0
2023-12-20 00:00:00+09:00,17360.0,17735.0,17325.0,17715.0,14996361.0
2023-12-21 00:00:00+09:00,17470.0,17630.0,17345.0,17505.0,10413136.0
2023-12-22 00:00:00+09:00,17825.0,17895.0,17595.0,17595.0,9938908.0
2023-12-26 00:00:00+09:00,17790.0,17840.0,17570.0,17720.0,9656740.0
2023-12-27 00:00:00+09:00,17820.0,18130.0,17740.0,18130.0,13445833.0
2023-12-28 00:00:00+09:00,18160.0,18705.0,18085.0,18705.0,14383818.0
2024-01-02 00:00:00+09:00,18450.0,19105.0,18415.0,18985.0,14759657.0
2024-01-03 00:00:00+09:00,18485.0,18500.0,17915.0,17915.0,17371540.0
2024-01-04 00:00:00+09:00,17610.0,17870.0,17470.0,17590.0,19681113.0
2024-01-05 00:00:00+09:00,17570.0,17655.0,17410.0,17490.0,15352184.0
2024-01-08 00:00:00+09:00,17635.0,17735.0,17310.0,17365.0,18168536.0
2024-01-09 00:00:00+09:00,17780.0,17840.0,17115.0,17230.0,29242098.0
2024-01-10 00:00:00+09:00,17230.0,17285.0,16810.0,16860.0,19333802.0
2024-01-11 00:00:00+09:00,16890.0,17100.0,16785.0,16950.0,21265446.0
2024-01-12 00:00:00+09:00,16785.0,16920.0,16520.0,16590.0,23764085.0
2024-01-15 00:00:00+09:00,16660.0,16850.0,16585.0,16720.0,17103272.0
2024-01-16 00:00:00+09:00,16550.0,16650.0,16210.0,16260.0,25386965.0
2024-01-17 00:00:00+09:00,16395.0,16430.0,15460.0,15480.0,43672978.0
2024-01-18 00:00:00+09:00,15550.0,15720.0,15400.0,15615.0,26990217.0
2024-01-19 00:00:00+09:00,15955.0,16120.0,15890.0,16065.0,28232360.0
2024-01-22 00:00:00+09:00,16400.0,16405.0,16100.0,16100.0,23689477.0
2024-01-23 00:00:00+09:00,16230.0,16315.0,16050.0,16270.0,23702694.0
2024-01-24 00:00:00+09:00,16270.0,16270.0,15875.0,16120.0,21698811.0
2024-01-25 00:00:00+09:00,16145.0,16215.0,15970.0,16145.0,17289973.0
2024-01-26 00:00:00+09:00,15945.0,16520.0,15870.0,16170.0,18912545.0
2024-01-29 00:00:00+09:00,16290.0,16735.0,16215.0,16525.0,24930526.0
2024-01-30 00:00:00+09:00,16725.0,16825.0,16405.0,16495.0,21067976.0
2024-01-31 00:00:00+09:00,16240.0,16410.0,16200.0,16305.0,12330315.0
2024-02-01 00:00:00+09:00,16255.0,16890.0,16250.0,16840.0,23762254.0
2024-02-02 00:00:00+09:00,17000.0,17985.0,17000.0,17910.0,42509126.0
2024-02-05 00:00:00+09:00,17795.0,17820.0,17055.0,17505.0,30622667.0
2024-02-06 00:00:00+09:00,17330.0,17645.0,17145.0,17365.0,24181930.0
2024-02-07 00:00:00+09:00,17545.0,18115.0,17515.0,17855.0,25754923.0
2024-02-08 00:00:00+09:00,17975.0,18145.0,17840.0,17905.0,21838745.0
2024-02-13 00:00:00+09:00,18200.0,18515.0,18180.0,18280.0,21107582.0
2024-02-14 00:00:00+09:00,17730.0,17945.0,17630.0,17815.0,24636889.0
2024-02-15 00:00:00+09:00,18190.0,18220.0,17740.0,17775.0,16347333.0
2024-02-16 00:00:00+09:00,18030.0,18140.0,17845.0,18125.0,17703042.0
2024-02-19 00:00:00+09:00,18200.0,18740.0,18195.0,18675.0,20951344.0
2024-02-20 00:00:00+09:00,18590.0,18595.0,18035.0,18225.0,20972985.0
2024-02-21 00:00:00+09:00,18260.0,18475.0,18030.0,18140.0,24367274.0
2024-02-22 00:00:00+09:00,18470.0,18510.0,18190.0,18345.0,20348205.0
2024-02-23 00:00:00+09:00,18610.0,18870.0,18390.0,18440.0,32994773.0
2024-02-26 00:00:00+09:00,18250.0,18295.0,17835.0,18135.0,21005461.0
2024-02-27 00:00:00+09:00,18100.0,18235.0,17790.0,17815.0,27398656.0
2024-02-28 00:00:00+09:00,17935.0,18370.0,17825.0,18270.0,18474284.0
2024-02-29 00:00:00+09:00,18095.0,18260.0,17925.0,18155.0,17173626.0
2024-03-04 00:00:00+09:00,18505.0,18860.0,18460.0,18670.0,21855534.0
2024-03-05 00:00:00+09:00,18520.0,18870.0,18340.0,18340.0,13827173.0
2024-03-06 00:00:00+09:00,18160.0,18295.0,18045.0,18225.0,16171409.0
2024-03-07 00:00:00+09:00,18380.0,18490.0,18080.0,18250.0,20628002.0
2024-03-08 00:00:00+09:00,18700.0,18895.0,18625.0,18765.0,22681185.0
2024-03-11 00:00:00+09:00,18525.0,18670.0,18390.0,18445.0,17610341.0
2024-03-12 00:00:00+09:00,18545.0,18820.0,18370.0,18745.0,17169303.0
2024-03-13 00:00:00+09:00,18900.0,19060.0,18740.0,18900.0,19591542.0
2024-03-14 00:00:00+09:00,18995.0,19275.0,18980.0,19265.0,16586280.0
2024-03-15 00:00:00+09:00,18990.0,19025.0,18545.0,18545.0,21919941.0
2024-03-18 00:00:00+09:00,18650.0,18760.0,18420.0,18740.0,16472723.0
2024-03-19 00:00:00+09:00,18490.0,18490.0,18105.0,18305.0,26973266.0
2024-03-20 00:00:00+09:00,18555.0,18945.0,18555.0,18925.0,22788610.0
2024-03-21 00:00:00+09:00,19600.0,20045.0,19535.0,19980.0,24239807.0
2024-03-22 00:00:00+09:00,19945.0,20190.0,19705.0,19865.0,15501214.0
2024-03-25 00:00:00+09:00,20010.0,20165.0,19620.0,19735.0,14504432.0
2024-03-26 00:00:00+09:00,20050.0,20500.0,19995.0,20100.0,20869890.0
2024-03-27 00:00:00+09:00,19885.0,20220.0,19835.0,20095.0,10663453.0
2024-03-28 00:00:00+09:00,20060.0,20280.0,19975.0,20085.0,11940232.0
2024-03-29 00:00:00+09:00,20280.0,20370.0,20015.0,20210.0,12879973.0
2024-04-01 00:00:00+09:00,20610.0,20635.0,20235.0,20240.0,13869594.0
2024-04-02 00:00:00+09:00,20180.0,20530.0,20105.0,20370.0,14989521.0
2024-04-03 00:00:00+09:00,20050.0,20100.0,19710.0,19720.0,13122139.0
2024-04-04 00:00:00+09:00,20200.0,20340.0,20085.0,20315.0,14100932.0
2024-04-05 00:00:00+09:00,19855.0,20130.0,19700.0,19860.0,13215637.0
2024-04-08 00:00:00+09:00,19945.0,20100.0,19830.0,20020.0,9711765.0
2024-04-09 00:00:00+09:00,20205.0,20310.0,19715.0,19775.0,14243993.0
2024-04-11 00:00:00+09:00,19120.0,19905.0,19060.0,19745.0,14428943.0
2024-04-12 00:00:00+09:00,19720.0,19770.0,19305.0,19345.0,14589633.0
2024-04-15 00:00:00+09:00,19075.0,19165.0,18675.0,19155.0,20407082.0
2024-04-16 00:00:00+09:00,18700.0,18775.0,18080.0,18255.0,29862678.0
2024-04-17 00:00:00+09:00,18350.0,18435.0,17855.0,17875.0,25765950.0
2024-04-18 00:00:00+09:00,17985.0,18545.0,17905.0,18495.0,20265108.0
2024-04-19 00:00:00+09:00,18015.0,18025.0,17265.0,17775.0,52999229.0
2024-04-22 00:00:00+09:00,18110.0,18330.0,17930.0,18255.0,29228860.0
2024-04-23 00:00:00+09:00,18280.0,18405.0,18120.0,18200.0,24381242.0
2024-04-24 00:00:00+09:00,18750.0,18965.0,18730.0,18880.0,25784960.0
2024-04-25 00:00:00+09:00,18400.0,18550.0,18210.0,18220.0,21971418.0
2024-04-26 00:00:00+09:00,18560.0,18730.0,18375.0,18605.0,26481580.0
2024-04-29 00:00:00+09:00,18875.0,19005.0,18770.0,18970.0,19272606.0
2024-04-30 00:00:00+09:00,18980.0,19335.0,18910.0,19080.0,20045562.0
2024-05-02 00:00:00+09:00,18800.0,19055.0,18775.0,18940.0,12241860.0
2024-05-03 00:00:00+09:00,19340.0,19370.0,18910.0,18935.0,16894333.0
2024-05-07 00:00:00+09:00,19555.0,19835.0,19550.0,19805.0,15497632.0
2024-05-08 00:00:00+09:00,19800.0,19985.0,19725.0,19955.0,10574888.0
2024-05-09 00:00:00+09:00,19945.0,20005.0,19435.0,19495.0,14595582.0
2024-05-10 00:00:00+09:00,19820.0,19960.0,19610.0,19680.0,13786733.0
2024-05-13 00:00:00+09:00,19775.0,19870.0,19425.0,19580.0,13627184.0
2024-05-14 00:00:00+09:00,19685.0,19730.0,19545.0,19625.0,14352233.0
2024-05-16 00:00:00+09:00,20340.0,20425.0,20020.0,20060.0,18267605.0
2024-05-17 00:00:00+09:00,19975.0,20005.0,19570.0,19570.0,11566330.0
2024-05-20 00:00:00+09:00,19895.0,20140.0,19775.0,19895.0,14989481.0
2024-05-21 00:00:00+09:00,19760.0,19850.0,19630.0,19680.0,11055657.0
2024-05-22 00:00:00+09:00,19605.0,19800.0,19335.0,19690.0,14671848.0
2024-05-23 00:00:00+09:00,19610.0,19865.0,19380.0,19715.0,15737884.0
2024-05-24 00:00:00+09:00,19200.0,19200.0,18970.0,19065.0,18734620.0
2024-05-27 00:00:00+09:00,19155.0,19675.0,19075.0,19590.0,13846581.0
2024-05-28 00:00:00+09:00,19475.0,19700.0,19410.0,19610.0,10473178.0
2024-05-29 00:00:00+09:00,19480.0,19570.0,18960.0,19030.0,17366288.0
2024-05-30 00:00:00+09:00,18705.0,18725.0,18310.0,18365.0,19877654.0
2024-05-31 00:00:00+09:00,18605.0,18725.0,18315.0,18375.0,15408397.0
2024-06-03 00:00:00+09:00,18580.0,19120.0,18560.0,18995.0,16439311.0
2024-06-04 00:00:00+09:00,18725.0,18895.0,18620.0,18690.0,14035901.0
2024-06-05 00:00:00+09:00,19000.0,19175.0,18730.0,19070.0,15505798.0
2024-06-07 00:00:00+09:00,19425.0,19725.0,19320.0,19580.0,17967371.0
2024-06-10 00:00:00+09:00,19120.0,19440.0,19005.0,19235.0,14586766.0
2024-06-11 00:00:00+09:00,19295.0,19335.0,19050.0,19245.0,14492266.0
2024-06-12 00:00:00+09:00,19210.0,19590.0,19170.0,19575.0,12440917.0
2024-06-13 00:00:00+09:00,20080.0,20295.0,19895.0,19895.0,21775636.0
2024-06-14 00:00:00+09:00,19860.0,20110.0,19790.0,19970.0,12560000.0
2024-06-17 00:00:00+09:00,19840.0,19940.0,19680.0,19765.0,11548048.0
2024-06-18 00:00:00+09:00,20025.0,20230.0,19915.0,20145.0,11421243.0
2024-06-19 00:00:00+09:00,20500.0,20800.0,20500.0,20795.0,13082447.0
2024-06-20 00:00:00+09:00,20750.0,21050.0,20685.0,20950.0,10522339.0
2024-06-21 00:00:00+09:00,20620.0,20695.0,20360.0,20555.0,10230019.0
2024-06-24 00:00:00+09:00,20275.0,20380.0,20080.0,20245.0,12429212.0
2024-06-25 00:00:00+09:00,20230.0,20460.0,20200.0,20380.0,8296421.0
2024-06-26 00:00:00+09:00,20195.0,20680.0,20100.0,20680.0,11384942.0
2024-06-27 00:00:00+09:00,20270.0,20650.0,20165.0,20640.0,12844999.0
2024-06-28 00:00:00+09:00,20775.0,20885.0,20615.0,20880.0,10745410.0
2024-07-01 00:00:00+09:00,20695.0,20980.0,20670.0,20950.0,11026384.0
2024-07-02 00:00:00+09:00,20730.0,20895.0,20520.0,20640.0,13380950.0
2024-07-03 00:00:00+09:00,20805.0,20825.0,20465.0,20815.0,14038053.0
2024-07-04 00:00:00+09:00,21180.0,21380.0,21155.0,21380.0,10193960.0
2024-07-05 00:00:00+09:00,21610.0,22350.0,21595.0,22190.0,18141519.0
2024-07-08 00:00:00+09:00,22165.0,22280.0,22035.0,22040.0,9466410.0
2024-07-09 00:00:00+09:00,22305.0,22330.0,21930.0,22185.0,10616482.0
2024-07-10 00:00:00+09:00,22025.0,22225.0,22000.0,22160.0,8209119.0
2024-07-11 00:00:00+09:00,22525.0,22675.0,22315.0,22430.0,10175837.0
2024-07-12 00:00:00+09:00,22055.0,22155.0,21615.0,21790.0,12797582.0
2024-07-15 00:00:00+09:00,22040.0,22080.0,21685.0,22075.0,10421207.0
2024-07-16 00:00:00+09:00,21940.0,22240.0,21885.0,22095.0,10658846.0
2024-07-17 00:00:00+09:00,22100.0,22135.0,21695.0,21705.0,10710402.0
2024-07-18 00:00:00+09:00,21150.0,21365.0,20970.0,21365.0,14690804.0
2024-07-19 00:00:00+09:00,20870.0,20990.0,20580.0,20865.0,19045349.0
2024-07-22 00:00:00+09:00,20840.0,20880.0,20235.0,20450.0,20104952.0
2024-07-23 00:00:00+09:00,20750.0,20920.0,20475.0,20570.0,15411962.0
2024-07-24 00:00:00+09:00,20250.0,20605.0,20125.0,20325.0,14597369.0
2024-07-25 00:00:00+09:00,19800.0,19850.0,19435.0,19585.0,25964822.0
2024-07-26 00:00:00+09:00,19685.0,19910.0,19575.0,19790.0,14505673.0
2024-07-29 00:00:00+09:00,20025.0,20410.0,19930.0,20255.0,13238380.0
2024-07-30 00:00:00+09:00,19790.0,19960.0,19720.0,19875.0,13790627.0
2024-07-31 00:00:00+09:00,19910.0,20420.0,19780.0,20420.0,16998874.0
2024-08-01 00:00:00+09:00,20770.0,20810.0,20445.0,20490.0,18756692.0
2024-08-02 00:00:00+09:00,19595.0,19610.0,18695.0,18845.0,32242985.0
2024-08-05 00:00:00+09:00,18030.0,18030.0,14640.0,15730.0,66255315.0
2024-08-06 00:00:00+09:00,16710.0,17150.0,15900.0,16350.0,57563760.0
2024-08-07 00:00:00+09:00,16045.0,17375.0,16010.0,16975.0,42727701.0
2024-08-08 00:00:00+09:00,16415.0,17000.0,16255.0,16715.0,36251972.0
2024-08-09 00:00:00+09:00,17355.0,17410.0,17040.0,17200.0,33800675.0
2024-08-12 00:00:00+09:00,17450.0,17725.0,17370.0,17585.0,17492422.0
2024-08-13 00:00:00+09:00,17705.0,17885.0,17535.0,17710.0,22102343.0
2024-08-14 00:00:00+09:00,18135.0,18230.0,17925.0,18025.0,21841574.0
2024-08-16 00:00:00+09:00,18780.0,18940.0,18660.0,18855.0,22438775.0
2024-08-19 00:00:00+09:00,18960.0,18990.0,18375.0,18520.0,16564360.0
2024-08-20 00:00:00+09:00,18930.0,19055.0,18750.0,18870.0,15479919.0
2024-08-21 00:00:00+09:00,18680.0,18905.0,18640.0,18825.0,11114565.0
2024-08-22 00:00:00+09:00,18935.0,19000.0,18675.0,18865.0,15869187.0
2024-08-23 00:00:00+09:00,18635.0,18990.0,18625.0,18855.0,12451353.0
2024-08-26 00:00:00+09:00,18965.0,19000.0,18530.0,18635.0,15520616.0
2024-08-27 00:00:00+09:00,18595.0,18620.0,18365.0,18450.0,11408916.0
2024-08-28 00:00:00+09:00,18450.0,18520.0,18200.0,18520.0,13947447.0
2024-08-29 00:00:00+09:00,17930.0,18150.0,17830.0,18015.0,17487205.0
2024-08-30 00:00:00+09:00,18225.0,18325.0,18070.0,18195.0,13439288.0
2024-09-02 00:00:00+09:00,18200.0,18240.0,17765.0,18155.0,13707123.0
2024-09-03 00:00:00+09:00,18155.0,18320.0,17845.0,17865.0,13226530.0
2024-09-04 00:00:00+09:00,16785.0,17050.0,16550.0,16615.0,28855561.0
2024-09-05 00:00:00+09:00,16795.0,17050.0,16370.0,16560.0,21313402.0
2024-09-06 00:00:00+09:00,16585.0,16585.0,16005.0,16250.0,24139075.0
2024-09-09 00:00:00+09:00,15655.0,16155.0,15470.0,16080.0,24159000.0
2024-09-10 00:00:00+09:00,16080.0,16125.0,15795.0,15890.0,16811017.0
2024-09-11 00:00:00+09:00,15835.0,15855.0,15345.0,15625.0,20804241.0
2024-09-12 00:00:00+09:00,16025.0,16340.0,15970.0,16340.0,18141988.0
2024-09-13 00:00:00+09:00,16325.0,16530.0,16145.0,16370.0,16012508.0
2024-09-19 00:00:00+09:00,16535.0,16585.0,15890.0,16325.0,29307939.0
2024-09-20 00:00:00+09:00,16690.0,16860.0,16415.0,16415.0,22855219.0
2024-09-23 00:00:00+09:00,16470.0,16570.0,16365.0,16520.0,12342914.0
2024-09-24 00:00:00+09:00,16675.0,16875.0,16415.0,16875.0,23225882.0
2024-09-25 00:00:00+09:00,17170.0,17365.0,16430.0,16430.0,24729750.0
2024-09-26 00:00:00+09:00,16940.0,17495.0,16940.0,17495.0,25298004.0
2024-09-27 00:00:00+09:00,17635.0,17805.0,17335.0,17335.0,18457956.0
2024-09-30 00:00:00+09:00,17570.0,17615.0,16570.0,16575.0,24522245.0
2024-10-02 00:00:00+09:00,16045.0,16505.0,15960.0,16155.0,23974194.0
2024-10-04 00:00:00+09:00,16190.0,16475.0,16005.0,16205.0,22509153.0
2024-10-07 00:00:00+09:00,16285.0,16760.0,16025.0,16680.0,25749457.0
2024-10-08 00:00:00+09:00,16415.0,16535.0,16265.0,16415.0,21109077.0
2024-10-10 00:00:00+09:00,16680.0,16730.0,16440.0,16500.0,20108455.0
2024-10-11 00:00:00+09:00,16670.0,16830.0,16465.0,16500.0,20615492.0
2024-10-14 00:00:00+09:00,16555.0,17015.0,16550.0,16905.0,22693141.0
2024-10-15 00:00:00+09:00,17090.0,17095.0,16815.0,17025.0,19494971.0
2024-10-16 00:00:00+09:00,16555.0,16840.0,16465.0,16720.0,19515876.0
2024-10-17 00:00:00+09:00,16810.0,16840.0,16600.0,16770.0,20067929.0
2024-10-18 00:00:00+09:00,16830.0,16880.0,16420.0,16550.0,23455668.0
2024-10-21 00:00:00+09:00,16600.0,16805.0,16470.0,16655.0,13987916.0
2024-10-22 00:00:00+09:00,16540.0,16560.0,16100.0,16185.0,21600908.0
2024-10-23 00:00:00+09:00,16205.0,16700.0,16070.0,16595.0,21533546.0
2024-10-24 00:00:00+09:00,16395.0,16515.0,16245.0,16310.0,16399255.0
2024-10-25 00:00:00+09:00,16345.0,16625.0,16210.0,16315.0,16718782.0
2024-10-28 00:00:00+09:00,16355.0,16675.0,16335.0,16635.0,16449284.0
2024-10-29 00:00:00+09:00,16560.0,16700.0,16385.0,16700.0,17394034.0
2024-10-30 00:00:00+09:00,16570.0,16655.0,16310.0,16395.0,19370764.0
2024-10-31 00:00:00+09:00,16100.0,16230.0,15895.0,15970.0,23506073.0
2024-11-01 00:00:00+09:00,15725.0,15920.0,15625.0,15730.0,13138350.0
2024-11-04 00:00:00+09:00,15800.0,16265.0,15710.0,16240.0,19242739.0
2024-11-05 00:00:00+09:00,15975.0,16195.0,15900.0,16075.0,14488232.0
2024-11-06 00:00:00+09:00,16235.0,16300.0,15730.0,15985.0,26436847.0
2024-11-07 00:00:00+09:00,15850.0,16190.0,15680.0,15995.0,21827352.0
2024-11-08 00:00:00+09:00,16270.0,16375.0,15850.0,15945.0,20473312.0
2024-11-11 00:00:00+09:00,15720.0,15750.0,15315.0,15445.0,19470010.0
2024-11-12 00:00:00+09:00,15295.0,15340.0,14740.0,14795.0,26344056.0
2024-11-13 00:00:00+09:00,14505.0,14705.0,13965.0,14005.0,30326026.0
2024-11-14 00:00:00+09:00,14055.0,14230.0,13845.0,13890.0,23942671.0
2024-11-15 00:00:00+09:00,13905.0,14260.0,13735.0,14090.0,22389907.0
2024-11-18 00:00:00+09:00,14310.0,14960.0,14310.0,14720.0,23598219.0
2024-11-19 00:00:00+09:00,14660.0,14890.0,14660.0,14835.0,14859277.0
2024-11-20 00:00:00+09:00,14775.0,14945.0,14700.0,14875.0,12272872.0
2024-11-21 00:00:00+09:00,14735.0,15080.0,14710.0,14930.0,11685226.0
2024-11-22 00:00:00+09:00,15050.0,15310.0,15000.0,15170.0,15811271.0
2024-11-25 00:00:00+09:00,15430.0,15650.0,15335.0,15530.0,15365674.0
2024-11-26 00:00:00+09:00,15320.0,15455.0,15280.0,15410.0,11843375.0
2024-11-27 00:00:00+09:00,15325.0,15445.0,15095.0,15180.0,13309556.0
2024-11-28 00:00:00+09:00,15085.0,15230.0,15030.0,15095.0,12044847.0
2024-11-29 00:00:00+09:00,14975.0,14975.0,14335.0,14555.0,23684465.0
2024-12-02 00:00:00+09:00,14800.0,14870.0,14465.0,14580.0,18240833.0
2024-12-03 00:00:00+09:00,14715.0,15075.0,14715.0,15035.0,16086102.0
2024-12-04 00:00:00+09:00,14620.0,14830.0,14390.0,14620.0,29168131.0
2024-12-05 00:00:00+09:00,14630.0,14660.0,14275.0,14390.0,21522947.0
2024-12-06 00:00:00+09:00,14460.0,14585.0,13800.0,14245.0,30319003.0
2024-12-09 00:00:00+09:00,13830.0,13950.0,13515.0,13535.0,28284960.0
2024-12-10 00:00:00+09:00,13795.0,14130.0,13780.0,14090.0,16598724.0
2024-12-11 00:00:00+09:00,13965.0,14370.0,13940.0,14350.0,14700178.0
2024-12-12 00:00:00+09:00,14510.0,14845.0,14425.0,14800.0,25373283.0
2024-12-13 00:00:00+09:00,14655.0,15025.0,14615.0,14900.0,17633851.0
2024-12-16 00:00:00+09:00,15065.0,15180.0,14725.0,14795.0,15248302.0
2024-12-17 00:00:00+09:00,14745.0,14755.0,14395.0,14450.0,13628648.0
2024-12-18 00:00:00+09:00,14520.0,14930.0,14515.0,14860.0,13943927.0
2024-12-19 00:00:00+09:00,14100.0,14325.0,14045.0,14185.0,21159313.0
2024-12-20 00:00:00+09:00,14020.0,14030.0,13570.0,13775.0,22961497.0
2024-12-23 00:00:00+09:00,13985.0,14310.0,13895.0,14230.0,18384688.0
2024-12-24 00:00:00+09:00,14335.0,14375.0,14115.0,14230.0,12266727.0
2024-12-26 00:00:00+09:00,14330.0,14335.0,14045.0,14080.0,13820327.0
2024-12-27 00:00:00+09:00,13985.0,14140.0,13765.0,13995.0,15019619.0
2024-12-30 00:00:00+09:00,13905.0,14235.0,13800.0,13915.0,13783156.0
2025-01-02 00:00:00+09:00,13800.0,13915.0,13605.0,13830.0,20482441.0
2025-01-03 00:00:00+09:00,13835.0,14570.0,13810.0,14380.0,26629256.0
2025-01-06 00:00:00+09:00,14480.0,15050.0,14410.0,14965.0,22626159.0
2025-01-07 00:00:00+09:00,15255.0,15460.0,14985.0,15005.0,21620437.0
2025-01-08 00:00:00+09:00,14750.0,15440.0,14735.0,15285.0,23478853.0
2025-01-09 00:00:00+09:00,15250.0,15555.0,15225.0,15265.0,19669768.0
2025-01-10 00:00:00+09:00,15270.0,15420.0,15080.0,15230.0,11528964.0
2025-01-13 00:00:00+09:00,15035.0,15135.0,14735.0,14825.0,15637805.0
2025-01-14 00:00:00+09:00,14965.0,14980.0,14705.0,14940.0,13761588.0
2025-01-15 00:00:00+09:00,15060.0,15285.0,14825.0,14875.0,15336282.0
2025-01-16 00:00:00+09:00,15250.0,15420.0,15200.0,15310.0,16340699.0
2025-01-17 00:00:00+09:00,15200.0,15325.0,15085.0,15240.0,11244472.0
2025-01-20 00:00:00+09:00,15365.0,15400.0,15130.0,15190.0,11234569.0
2025-01-21 00:00:00+09:00,15360.0,15610.0,15040.0,15225.0,21213577.0
2025-01-22 00:00:00+09:00,15435.0,15655.0,15270.0,15580.0,19516118.0
2025-01-23 00:00:00+09:00,15550.0,15550.0,15180.0,15220.0,14976128.0
2025-01-24 00:00:00+09:00,15300.0,15520.0,15245.0,15410.0,15646553.0
2025-01-31 00:00:00+09:00,15085.0,15145.0,14850.0,15095.0,20762531.0
2025-02-03 00:00:00+09:00,14450.0,14465.0,14075.0,14275.0,26044503.0
2025-02-04 00:00:00+09:00,14590.0,15040.0,14525.0,14645.0,26685209.0
2025-02-05 00:00:00+09:00,14930.0,15115.0,14875.0,14975.0,16330787.0
2025-02-06 00:00:00+09:00,15195.0,15290.0,15035.0,15280.0,13118118.0
2025-02-07 00:00:00+09:00,15290.0,15310.0,15035.0,15070.0,11266072.0
2025-02-10 00:00:00+09:00,14905.0,15190.0,14765.0,15120.0,13920373.0
2025-02-11 00:00:00+09:00,15265.0,15485.0,15175.0,15345.0,17072450.0
2025-02-12 00:00:00+09:00,15270.0,15425.0,15125.0,15390.0,10295886.0
2025-02-13 00:00:00+09:00,15530.0,15715.0,15460.0,15700.0,12381826.0
2025-02-14 00:00:00+09:00,15790.0,16035.0,15740.0,15900.0,14298890.0
2025-02-17 00:00:00+09:00,15985.0,16140.0,15920.0,16120.0,11331044.0
2025-02-18 00:00:00+09:00,16145.0,16395.0,16050.0,16350.0,16089954.0
2025-02-19 00:00:00+09:00,16465.0,17145.0,16455.0,17010.0,22916256.0
2025-02-20 00:00:00+09:00,16915.0,16960.0,16670.0,16720.0,12351065.0
2025-02-21 00:00:00+09:00,16745.0,16770.0,16515.0,16760.0,10899373.0
2025-02-24 00:00:00+09:00,16450.0,16530.0,16315.0,16530.0,13055036.0
2025-02-25 00:00:00+09:00,16120.0,16465.0,16105.0,16380.0,10758010.0
2025-02-26 00:00:00+09:00,16330.0,16620.0,16180.0,16530.0,12081902.0
2025-02-27 00:00:00+09:00,16585.0,16585.0,16210.0,16360.0,14003235.0
2025-02-28 00:00:00+09:00,15920.0,15925.0,15200.0,15295.0,30262633.0
2025-03-04 00:00:00+09:00,15080.0,15425.0,14990.0,15205.0,18237391.0
2025-03-05 00:00:00+09:00,15430.0,15600.0,15180.0,15460.0,20950352.0
2025-03-06 00:00:00+09:00,15600.0,15835.0,15545.0,15725.0,16763661.0
2025-03-07 00:00:00+09:00,15475.0,15745.0,15290.0,15610.0,13224147.0
2025-03-10 00:00:00+09:00,15425.0,15755.0,15370.0,15680.0,8899427.0
2025-03-11 00:00:00+09:00,14950.0,15400.0,14845.0,15350.0,26051991.0
2025-03-12 00:00:00+09:00,15400.0,15860.0,15300.0,15810.0,18158479.0
2025-03-13 00:00:00+09:00,16010.0,16140.0,15590.0,15640.0,21272083.0
2025-03-14 00:00:00+09:00,15655.0,15895.0,15605.0,15805.0,12151253.0
2025-03-17 00:00:00+09:00,16070.0,16470.0,16065.0,16410.0,17625597.0
2025-03-18 00:00:00+09:00,16810.0,16920.0,16430.0,16505.0,17919062.0
2025-03-19 00:00:00+09:00,16520.0,16985.0,16520.0,16790.0,15591699.0
2025-03-20 00:00:00+09:00,17030.0,17150.0,16850.0,17035.0,15716329.0
2025-03-21 00:00:00+09:00,16910.0,17230.0,16865.0,17175.0,15180678.0
2025-03-24 00:00:00+09:00,17020.0,17275.0,16935.0,17055.0,11135463.0
2025-03-25 00:00:00+09:00,17220.0,17260.0,16825.0,16895.0,14839205.0
2025-03-26 00:00:00+09:00,17025.0,17290.0,16915.0,17190.0,15007314.0
2025-03-27 00:00:00+09:00,16880.0,17075.0,16730.0,16760.0,16349056.0
2025-03-28 00:00:00+09:00,16580.0,16595.0,16070.0,16205.0,26447089.0
2025-03-31 00:00:00+09:00,15640.0,15685.0,15245.0,15295.0,26227869.0
2025-04-01 00:00:00+09:00,15510.0,15865.0,15370.0,15765.0,25785941.0
2025-04-02 00:00:00+09:00,15825.0,15825.0,15440.0,15570.0,15703090.0
2025-04-03 00:00:00+09:00,14750.0,15230.0,14580.0,15165.0,31738304.0
2025-04-04 00:00:00+09:00,14820.0,15440.0,14530.0,14900.0,58012617.0
2025-04-07 00:00:00+09:00,14000.0,14335.0,13070.0,13195.0,61515170.0
2025-04-08 00:00:00+09:00,13715.0,13735.0,13050.0,13165.0,45954156.0
2025-04-09 00:00:00+09:00,13075.0,13180.0,12570.0,12715.0,44928317.0
2025-04-10 00:00:00+09:00,13995.0,14265.0,13805.0,14260.0,43024031.0
2025-04-11 00:00:00+09:00,13820.0,14180.0,13710.0,14175.0,26733986.0
2025-04-14 00:00:00+09:00,14300.0,14530.0,14265.0,14370.0,20460920.0
2025-04-15 00:00:00+09:00,14450.0,14710.0,14435.0,14635.0,17719499.0
2025-04-16 00:00:00+09:00,14485.0,14565.0,14160.0,14185.0,16456556.0
2025-04-17 00:00:00+09:00,14275.0,14515.0,14190.0,14480.0,15488370.0
2025-04-18 00:00:00+09:00,14490.0,14660.0,14415.0,14650.0,12991230.0
2025-04-21 00:00:00+09:00,14680.0,14835.0,14570.0,14695.0,15561447.0
2025-04-22 00:00:00+09:00,14585.0,14750.0,14545.0,14610.0,11925427.0
2025-04-23 00:00:00+09:00,15085.0,15175.0,14935.0,15155.0,20810772.0
2025-04-24 00:00:00+09:00,15125.0,15185.0,14890.0,15080.0,18311427.0
2025-04-25 00:00:00+09:00,15385.0,15505.0,15260.0,15365.0,24467524.0
2025-04-28 00:00:00+09:00,15390.0,15525.0,15330.0,15390.0,13675688.0
2025-04-29 00:00:00+09:00,15440.0,15750.0,15355.0,15590.0,16311600.0
2025-04-30 00:00:00+09:00,15525.0,15700.0,15375.0,15550.0,15973578.0
2025-05-02 00:00:00+09:00,15565.0,15680.0,15295.0,15550.0,15264588.0
2025-05-07 00:00:00+09:00,15880.0,15935.0,15605.0,15780.0,16031374.0
2025-05-08 00:00:00+09:00,15860.0,16000.0,15800.0,15800.0,14837508.0
2025-05-09 00:00:00+09:00,15860.0,15945.0,15705.0,15800.0,13659598.0
2025-05-12 00:00:00+09:00,16030.0,16250.0,15960.0,16235.0,15058837.0
2025-05-13 00:00:00+09:00,16395.0,16530.0,16255.0,16320.0,17102543.0
2025-05-14 00:00:00+09:00,16610.0,16900.0,16545.0,16750.0,21846820.0
2025-05-15 00:00:00+09:00,16660.0,16825.0,16460.0,16540.0,13668086.0
2025-05-16 00:00:00+09:00,16615.0,16715.0,16535.0,16635.0,11307074.0
2025-05-19 00:00:00+09:00,16410.0,16485.0,16120.0,16230.0,14699314.0
2025-05-20 00:00:00+09:00,16480.0,16567.0,16270.0,16280.0,12363932.0
2025-05-21 00:00:00+09:00,16445.0,16685.0,16445.0,16515.0,11939704.0
2025-05-22 00:00:00+09:00,16340.0,16360.0,16015.0,16080.0,12808964.0
2025-05-23 00:00:00+09:00,16160.0,16245.0,16090.0,16100.0,11129640.0
2025-05-26 00:00:00+09:00,16200.0,16650.0,16165.0,16625.0,11745546.0
2025-05-27 00:00:00+09:00,16540.0,16750.0,16495.0,16705.0,13542062.0
2025-05-28 00:00:00+09:00,16825.0,17485.0,16780.0,17180.0,25028363.0
2025-05-29 00:00:00+09:00,17530.0,17875.0,17420.0,17865.0,22052196.0
2025-05-30 00:00:00+09:00,17705.0,17825.0,17450.0,17475.0,13812577.0
2025-06-02 00:00:00+09:00,17375.0,17825.0,17315.0,17485.0,18218842.0
2025-06-04 00:00:00+09:00,17960.0,18490.0,17955.0,18455.0,21898692.0
2025-06-05 00:00:00+09:00,18745.0,19490.0,18720.0,19125.0,29171889.0
2025-06-09 00:00:00+09:00,19730.0,20015.0,19605.0,19750.0,25410193.0
2025-06-10 00:00:00+09:00,19995.0,20205.0,19645.0,19955.0,26317112.0
2025-06-11 00:00:00+09:00,20180.0,20530.0,20100.0,20500.0,23760125.0
2025-06-12 00:00:00+09:00,20470.0,20840.0,20450.0,20575.0,20455300.0
2025-06-13 00:00:00+09:00,20710.0,20760.0,19995.0,20190.0,27101608.0
2025-06-16 00:00:00+09:00,20390.0,20975.0,20070.0,20925.0,24213396.0
2025-06-17 00:00:00+09:00,21075.0,21825.0,20770.0,21045.0,38523752.0
2025-06-18 00:00:00+09:00,20720.0,21570.0,20645.0,21415.0,25757622.0
2025-06-19 00:00:00+09:00,21680.0,21790.0,21120.0,21480.0,23060797.0
2025-06-20 00:00:00+09:00,21645.0,22090.0,21425.0,22065.0,30235345.0
2025-06-23 00:00:00+09:00,21650.0,22080.0,21220.0,22010.0,25612253.0
2025-06-24 00:00:00+09:00,22755.0,23500.0,22735.0,23475.0,34507473.0
2025-06-25 00:00:00+09:00,23840.0,23950.0,23195.0,23630.0,29845530.0
2025-06-26 00:00:00+09:00,23580.0,23725.0,22580.0,23175.0,35473795.0
2025-06-27 00:00:00+09:00,23185.0,23455.0,22725.0,22915.0,27277255.0
2025-06-30 00:00:00+09:00,23205.0,23425.0,23000.0,23180.0,21939231.0
2025-07-01 00:00:00+09:00,23400.0,24110.0,23310.0,23310.0,30196119.0
2025-07-02 00:00:00+09:00,23215.0,23365.0,22530.0,23120.0,31324385.0
2025-07-03 00:00:00+09:00,23435.0,23840.0,23265.0,23835.0,25863127.0
2025-07-04 00:00:00+09:00,24025.0,24030.0,22900.0,22900.0,28999918.0
2025-07-07 00:00:00+09:00,22625.0,23135.0,22460.0,22960.0,21927090.0
2025-07-08 00:00:00+09:00,23100.0,23880.0,23070.0,23830.0,28027068.0
2025-07-09 00:00:00+09:00,23885.0,24065.0,23605.0,23940.0,21100693.0
2025-07-10 00:00:00+09:00,24070.0,24615.0,23885.0,24595.0,25222092.0
2025-07-11 00:00:00+09:00,24720.0,25330.0,24535.0,24625.0,32679977.0
2025-07-14 00:00:00+09:00,24470.0,25145.0,24470.0,25090.0,20570358.0
2025-07-15 00:00:00+09:00,24925.0,25400.0,24755.0,25390.0,28292639.0
2025-07-16 00:00:00+09:00,25220.0,25270.0,24755.0,24900.0,23484077.0
2025-07-17 00:00:00+09:00,25100.0,25115.0,24345.0,25030.0,31844153.0
2025-07-18 00:00:00+09:00,25120.0,25285.0,24700.0,24970.0,25292602.0
2025-07-21 00:00:00+09:00,24905.0,25420.0,24905.0,25335.0,20101569.0
2025-07-22 00:00:00+09:00,25325.0,25495.0,24410.0,24645.0,28917760.0
2025-07-23 00:00:00+09:00,24920.0,25090.0,24185.0,24830.0,30005210.0
2025-07-24 00:00:00+09:00,25170.0,25680.0,24730.0,24760.0,37741100.0
2025-07-25 00:00:00+09:00,24620.0,25090.0,24610.0,24880.0,19939512.0
2025-07-28 00:00:00+09:00,25330.0,25460.0,24635.0,25135.0,25215698.0
2025-07-29 00:00:00+09:00,24940.0,25555.0,24470.0,25465.0,31479770.0
2025-07-30 00:00:00+09:00,25470.0,26235.0,25430.0,25905.0,27665542.0
2025-07-31 00:00:00+09:00,26285.0,26500.0,25560.0,25765.0,28463407.0
2025-08-01 00:00:00+09:00,25025.0,25140.0,23635.0,23635.0,42359946.0
2025-08-04 00:00:00+09:00,23540.0,24350.0,23435.0,24230.0,25867899.0
2025-08-05 00:00:00+09:00,24750.0,25150.0,24500.0,24880.0,25560146.0
2025-08-06 00:00:00+09:00,24515.0,24850.0,24420.0,24825.0,17204174.0
2025-08-07 00:00:00+09:00,25135.0,25250.0,24795.0,25230.0,19907557.0
2025-08-08 00:00:00+09:00,25290.0,25450.0,24970.0,25100.0,22130621.0
2025-08-11 00:00:00+09:00,25230.0,25300.0,24970.0,25100.0,15390970.0
2025-08-12 00:00:00+09:00,25155.0,25765.0,24920.0,24955.0,24501183.0
2025-08-13 00:00:00+09:00,25435.0,25520.0,24965.0,25490.0,20212296.0
2025-08-14 00:00:00+09:00,25605.0,25745.0,25250.0,25455.0,14796848.0
2025-08-18 00:00:00+09:00,25155.0,25155.0,24660.0,24660.0,18560672.0
2025-08-19 00:00:00+09:00,24795.0,24845.0,24175.0,24285.0,18020877.0
2025-08-20 00:00:00+09:00,23825.0,24045.0,23260.0,24015.0,31743783.0
2025-08-21 00:00:00+09:00,24125.0,24515.0,24030.0,24115.0,16925780.0
2025-08-22 00:00:00+09:00,24440.0,24770.0,24390.0,24540.0,18780333.0
2025-08-25 00:00:00+09:00,24935.0,25135.0,24725.0,25115.0,15750728.0
2025-08-26 00:00:00+09:00,24985.0,24985.0,24550.0,24670.0,20564197.0
2025-08-27 00:00:00+09:00,24700.0,24755.0,24360.0,24740.0,13838888.0
2025-08-28 00:00:00+09:00,24540.0,25210.0,24317.0,24985.0,15036611.0
2025-08-29 00:00:00+09:00,25155.0,25235.0,24745.0,24765.0,14778415.0
2025-09-01 00:00:00+09:00,24315.0,24535.0,23830.0,23950.0,18985171.0
2025-09-02 00:00:00+09:00,24035.0,24525.0,24035.0,24470.0,16430535.0
2025-09-03 00:00:00+09:00,24470.0,24775.0,24380.0,24710.0,14273382.0
2025-09-04 00:00:00+09:00,24700.0,25080.0,24685.0,24895.0,18906272.0
2025-09-05 00:00:00+09:00,25070.0,25240.0,24900.0,25075.0,16686797.0
2025-09-08 00:00:00+09:00,25160.0,25295.0,25030.0,25280.0,12344004.0
2025-09-09 00:00:00+09:00,25420.0,25985.0,25270.0,25940.0,17137773.0
2025-09-10 00:00:00+09:00,26120.0,27110.0,26110.0,27045.0,22069178.0
2025-09-11 00:00:00+09:00,27355.0,27585.0,26975.0,27440.0,21438572.0
2025-09-12 00:00:00+09:00,28100.0,28605.0,27895.0,28570.0,21605096.0
2025-09-15 00:00:00+09:00,28950.0,29175.0,28560.0,28850.0,19494130.0
2025-09-16 00:00:00+09:00,28980.0,29895.0,28900.0,29790.0,22740892.0
2025-09-17 00:00:00+09:00,29480.0,29480.0,28905.0,29060.0,19016478.0
2025-09-18 00:00:00+09:00,29430.0,30120.0,29210.0,30070.0,19826192.0
2025-09-19 00:00:00+09:00,30195.0,30335.0,29700.0,29850.0,18103497.0
2025-09-22 00:00:00+09:00,30195.0,30770.0,30195.0,30440.0,21661031.0
2025-09-23 00:00:00+09:00,30860.0,31080.0,30490.0,30920.0,20676221.0
2025-09-24 00:00:00+09:00,30965.0,31160.0,30170.0,30730.0,20107912.0
2025-09-25 00:00:00+09:00,30400.0,30880.0,30300.0,30735.0,15695961.0
2025-09-26 00:00:00+09:00,30150.0,30150.0,28780.0,29205.0,32873534.0
2025-09-29 00:00:00+09:00,29665.0,30250.0,29610.0,30135.0,19551713.0
2025-09-30 00:00:00+09:00,30120.0,30290.0,29845.0,29930.0,15846212.0
2025-10-01 00:00:00+09:00,30200.0,30685.0,30195.0,30575.0,17203652.0
2025-10-02 00:00:00+09:00,32115.0,33050.0,31855.0,32460.0,22071806.0
2025-10-10 00:00:00+09:00,33735.0,34375.0,33250.0,34070.0,20879739.0
2025-10-13 00:00:00+09:00,32875.0,33390.0,32115.0,33390.0,24100179.0
2025-10-14 00:00:00+09:00,33780.0,34695.0,32205.0,32715.0,37336884.0
2025-10-15 00:00:00+09:00,33015.0,34610.0,32990.0,34585.0,21520983.0
2025-10-16 00:00:00+09:00,34775.0,36355.0,34775.0,36355.0,27502667.0
2025-10-17 00:00:00+09:00,36000.0,37590.0,35915.0,36560.0,28611558.0
2025-10-20 00:00:00+09:00,37210.0,37955.0,36055.0,37955.0,29438722.0
2025-10-21 00:00:00+09:00,38645.0,39685.0,37890.0,38095.0,29544585.0
2025-10-22 00:00:00+09:00,37825.0,38965.0,37120.0,38965.0,20568168.0
2025-10-23 00:00:00+09:00,37785.0,39415.0,37540.0,38145.0,29522213.0
2025-10-24 00:00:00+09:00,39090.0,40270.0,38875.0,40100.0,27597779.0
2025-10-27 00:00:00+09:00,41440.0,42355.0,41300.0,42355.0,26942443.0
2025-10-28 00:00:00+09:00,41575.0,41730.0,40640.0,41515.0,29022566.0
2025-10-29 00:00:00+09:00,42475.0,43280.0,41390.0,43250.0,32102934.0
2025-10-30 00:00:00+09:00,44055.0,44895.0,43235.0,43510.0,38600701.0
2025-10-31 00:00:00+09:00,43665.0,44605.0,43040.0,44535.0,26000803.0
2025-11-03 00:00:00+09:00,44700.0,47300.0,44485.0,47300.0,29754499.0
2025-11-04 00:00:00+09:00,47165.0,47415.0,44605.0,44605.0,35496208.0
2025-11-05 00:00:00+09:00,43115.0,43185.0,38845.0,42145.0,67235953.0
2025-11-06 00:00:00+09:00,44250.0,44465.0,41590.0,42640.0,40560986.0
2025-11-07 00:00:00+09:00,41095.0,42840.0,39640.0,41060.0,43730120.0
2025-11-10 00:00:00+09:00,41920.0,44090.0,41655.0,43600.0,25575468.0
2025-11-11 00:00:00+09:00,44800.0,46420.0,43600.0,44430.0,35605843.0
2025-11-12 00:00:00+09:00,44175.0,45550.0,43855.0,45350.0,23935310.0
2025-11-13 00:00:00+09:00,44730.0,46190.0,44620.0,45800.0,22013727.0
2025-11-14 00:00:00+09:00,42960.0,43610.0,41715.0,41715.0,38248674.0
2025-11-17 00:00:00+09:00,43180.0,43615.0,42545.0,43480.0,23805215.0
2025-11-18 00:00:00+09:00,42385.0,43165.0,40500.0,40585.0,28933194.0
2025-11-19 00:00:00+09:00,40775.0,40810.0,38450.0,40030.0,32734753.0
2025-11-20 00:00:00+09:00,42300.0,43030.0,41610.0,41795.0,28552710.0
2025-11-21 00:00:00+09:00,38035.0,38880.0,37815.0,38230.0,37269113.0
2025-11-24 00:00:00+09:00,39315.0,39805.0,38075.0,38235.0,31975455.0
2025-11-25 00:00:00+09:00,40370.0,40595.0,38190.0,38700.0,32539330.0
2025-11-26 00:00:00+09:00,39440.0,40845.0,38870.0,40845.0,23307553.0
2025-11-27 00:00:00+09:00,41570.0,42400.0,41015.0,41405.0,25858382.0
2025-11-28 00:00:00+09:00,41795.0,41835.0,40040.0,40225.0,20165364.0
2025-12-01 00:00:00+09:00,40920.0,41270.0,39310.0,40055.0,21533256.0
2025-12-02 00:00:00+09:00,40510.0,41820.0,40390.0,41635.0,18344803.0
2025-12-03 00:00:00+09:00,41965.0,43015.0,41510.0,42600.0,23806735.0
2025-12-04 00:00:00+09:00,42080.0,42330.0,41265.0,42330.0,17116633.0
2025-12-05 00:00:00+09:00,42115.0,43960.0,41745.0,43960.0,21921195.0
2025-12-08 00:00:00+09:00,44470.0,45140.0,43455.0,45135.0,20453107.0
2025-12-09 00:00:00+09:00,44780.0,45175.0,44275.0,44625.0,16898996.0
2025-12-10 00:00:00+09:00,44935.0,45540.0,44410.0,44620.0,18822075.0
2025-12-11 00:00:00+09:00,45290.0,45555.0,43800.0,43800.0,18252024.0
2025-12-12 00:00:00+09:00,44160.0,45180.0,43905.0,45065.0,15931218.0
2025-12-15 00:00:00+09:00,42830.0,43720.0,42565.0,43005.0,19112616.0
2025-12-16 00:00:00+09:00,42825.0,43175.0,41030.0,41080.0,23184926.0
2025-12-17 00:00:00+09:00,41470.0,42725.0,41000.0,42690.0,20775343.0
2025-12-18 00:00:00+09:00,41320.0,42320.0,41025.0,41675.0,23030957.0
2025-12-19 00:00:00+09:00,42990.0,43170.0,41730.0,42100.0,19815936.0
2025-12-22 00:00:00+09:00,43805.0,44170.0,43570.0,44105.0,18798439.0
2025-12-23 00:00:00+09:00,44460.0,45060.0,44275.0,44370.0,15430385.0
2025-12-24 00:00:00+09:00,44765.0,44925.0,44315.0,44370.0,10826006.0
2025-12-26 00:00:00+09:00,44735.0,45560.0,44660.0,45105.0,17269909.0
2025-12-29 00:00:00+09:00,46120.0,47560.0,45975.0,47540.0,16367355.0
2025-12-30 00:00:00+09:00,47345.0,48200.0,46925.0,47785.0,14129917.0
2026-01-02 00:00:00+09:00,48000.0,50765.0,47920.0,50645.0,19285920.0
2026-01-05 00:00:00+09:00,52795.0,54550.0,52600.0,54495.0,20426409.0
2026-01-06 00:00:00+09:00,54025.0,56375.0,52815.0,56375.0,24414839.0
2026-01-07 00:00:00+09:00,57685.0,59100.0,55535.0,57195.0,28814361.0
2026-01-08 00:00:00+09:00,56335.0,59390.0,56330.0,57000.0,22638562.0
2026-01-09 00:00:00+09:00,56390.0,58330.0,55625.0,57975.0,16239377.0
2026-01-12 00:00:00+09:00,59345.0,59720.0,57310.0,58625.0,22777416.0
2026-01-13 00:00:00+09:00,59600.0,60265.0,58805.0,60140.0,22092048.0
2026-01-14 00:00:00+09:00,59860.0,60930.0,59645.0,60805.0,18939916.0
2026-01-15 00:00:00+09:00,60380.0,62905.0,60255.0,62880.0,21379157.0
2026-01-16 00:00:00+09:00,63690.0,64890.0,62925.0,64310.0,25499904.0
2026-01-19 00:00:00+09:00,63830.0,66650.0,63785.0,66060.0,21650716.0
2026-01-20 00:00:00+09:00,65805.0,66655.0,63600.0,65085.0,24990684.0
2026-01-21 00:00:00+09:00,62845.0,66355.0,62795.0,66115.0,26812708.0
2026-01-22 00:00:00+09:00,68810.0,69700.0,67010.0,67535.0,24982615.0
2026-01-23 00:00:00+09:00,68270.0,69465.0,66720.0,68410.0,22363570.0
2026-01-26 00:00:00+09:00,68460.0,69440.0,66890.0,66995.0,18465412.0
2026-01-27 00:00:00+09:00,66500.0,71725.0,65400.0,71725.0,21360644.0
2026-01-28 00:00:00+09:00,73580.0,74935.0,72710.0,74210.0,23522753.0
2026-01-29 00:00:00+09:00,76700.0,77100.0,71200.0,75905.0,24409873.0
2026-01-30 00:00:00+09:00,74935.0,79365.0,74900.0,76385.0,23787448.0
2026-02-02 00:00:00+09:00,72905.0,75310.0,67120.0,67460.0,34945408.0
2026-02-03 00:00:00+09:00,72525.0,78000.0,72100.0,78000.0,23174792.0
2026-02-04 00:00:00+09:00,76485.0,80380.0,75790.0,80035.0,25442140.0
2026-02-05 00:00:00+09:00,75700.0,77535.0,72385.0,73250.0,31486642.0
2026-02-06 00:00:00+09:00,68175.0,72405.0,65600.0,71605.0,32752546.0
2026-02-09 00:00:00+09:00,77800.0,78745.0,76890.0,77685.0,21794873.0
2026-02-10 00:00:00+09:00,79320.0,79880.0,77600.0,77750.0,19184231.0
2026-02-11 00:00:00+09:00,77290.0,80000.0,76100.0,79090.0,16907347.0
2026-02-12 00:00:00+09:00,81490.0,84865.0,80705.0,84800.0,18624317.0
2026-02-13 00:00:00+09:00,84330.0,87190.0,83555.0,84615.0,21068368.0
2026-02-19 00:00:00+09:00,89000.0,90090.0,87730.0,89800.0,17265544.0
2026-02-20 00:00:00+09:00,90335.0,94180.0,89835.0,93980.0,18298385.0
2026-02-23 00:00:00+09:00,97640.0,98600.0,93475.0,95195.0,17474569.0
2026-02-24 00:00:00+09:00,95545.0,100070.0,92920.0,100005.0,21166603.0
2026-02-25 00:00:00+09:00,101655.0,106200.0,100390.0,104070.0,22331997.0
2026-02-26 00:00:00+09:00,105400.0,113680.0,104800.0,113520.0,25655606.0
2026-02-27 00:00:00+09:00,109020.0,115010.0,107395.0,111280.0,27245925.0
2026-03-03 00:00:00+09:00,106400.0,108120.0,93195.0,93195.0,31216233.0
2026-03-04 00:00:00+09:00,85140.0,90280.0,69655.0,70500.0,53684342.0
2026-03-05 00:00:00+09:00,84620.0,88800.0,81810.0,84485.0,30694820.0
2026-03-06 00:00:00+09:00,80105.0,84735.0,77505.0,84000.0,20817487.0
2026-03-09 00:00:00+09:00,71605.0,74940.0,68045.0,72850.0,28601477.0
2026-03-10 00:00:00+09:00,81020.0,84040.0,78500.0,82075.0,28572961.0
2026-03-11 00:00:00+09:00,86180.0,88425.0,82425.0,84000.0,22152043.0
2026-03-12 00:00:00+09:00,82150.0,84590.0,81100.0,82620.0,14092346.0
2026-03-13 00:00:00+09:00,77000.0,81375.0,76270.0,79725.0,18258132.0
2026-03-16 00:00:00+09:00,80235.0,82420.0,78690.0,82055.0,19319000.0
2026-03-17 00:00:00+09:00,87365.0,87890.0,85225.0,85450.0,16938894.0
2026-03-18 00:00:00+09:00,89545.0,95500.0,89350.0,95240.0,19199652.0
2026-03-19 00:00:00+09:00,89050.0,92950.0,88405.0,89505.0,20442102.0
2026-03-20 00:00:00+09:00,90665.0,91505.0,89050.0,89320.0,16106183.0
2026-03-23 00:00:00+09:00,81795.0,82500.0,76720.0,77305.0,27528050.0
2026-03-24 00:00:00+09:00,84550.0,84775.0,77185.0,82305.0,29110886.0
2026-03-25 00:00:00+09:00,85760.0,88120.0,83890.0,84380.0,22594391.0
2026-03-26 00:00:00+09:00,82440.0,82775.0,77750.0,78500.0,21042379.0
2026-03-27 00:00:00+09:00,73025.0,78305.0,71005.0,77690.0,25759797.0
2026-03-30 00:00:00+09:00,70090.0,73680.0,68960.0,72895.0,24651179.0
2026-03-31 00:00:00+09:00,68415.0,71600.0,66180.0,66510.0,37121594.0
2026-04-01 00:00:00+09:00,73050.0,79905.0,72810.0,78830.0,29178661.0
2026-04-02 00:00:00+09:00,80980.0,81845.0,68800.0,71095.0,41303554.0
2026-04-03 00:00:00+09:00,74695.0,76400.0,73520.0,75240.0,21371737.0
2026-04-06 00:00:00+09:00,76495.0,79490.0,75775.0,77285.0,23807964.0
2026-04-07 00:00:00+09:00,80900.0,82425.0,77325.0,79400.0,23562629.0
2026-04-08 00:00:00+09:00,90015.0,93500.0,88580.0,91395.0,26861287.0
2026-04-09 00:00:00+09:00,89900.0,90880.0,87465.0,87790.0,16634353.0
2026-04-10 00:00:00+09:00,91000.0,92925.0,90360.0,90650.0,15901440.0
2026-04-13 00:00:00+09:00,86205.0,89450.0,86080.0,88845.0,10780468.0
2026-04-14 00:00:00+09:00,93810.0,96600.0,93200.0,94185.0,16855831.0
2026-04-15 00:00:00+09:00,100600.0,102050.0,98000.0,99035.0,18125300.0
2026-04-16 00:00:00+09:00,100165.0,103320.0,99690.0,103135.0,14972794.0
2026-04-17 00:00:00+09:00,102710.0,103140.0,100840.0,101915.0,11919356.0
2026-04-20 00:00:00+09:00,102500.0,104720.0,101115.0,102900.0,13572653.0
2026-04-21 00:00:00+09:00,105135.0,108270.0,105120.0,108270.0,17359984.0
2026-04-22 00:00:00+09:00,108215.0,109000.0,105510.0,108810.0,15823851.0
2026-04-23 00:00:00+09:00,111800.0,114550.0,105145.0,111210.0,25693844.0
2026-04-24 00:00:00+09:00,111890.0,112680.0,107840.0,110215.0,15504651.0
2026-04-27 00:00:00+09:00,112705.0,117305.0,112250.0,115355.0,17740017.0
2026-04-28 00:00:00+09:00,116660.0,119415.0,115675.0,116325.0,17020254.0
2026-04-29 00:00:00+09:00,115225.0,118600.0,114525.0,118075.0,14299146.0
2026-04-30 00:00:00+09:00,119365.0,120785.0,115190.0,115450.0,16897451.0
2026-05-04 00:00:00+09:00,120860.0,127815.0,119800.0,127790.0,19656465.0
2026-05-06 00:00:00+09:00,144155.0,149630.0,140500.0,147355.0,22088178.0
2026-05-07 00:00:00+09:00,152470.0,154505.0,143000.0,153105.0,21615215.0
2026-05-08 00:00:00+09:00,145460.0,153695.0,145235.0,153695.0,20326758.0
2026-05-11 00:00:00+09:00,166550.0,173350.0,164400.0,170735.0,22648780.0
2026-05-12 00:00:00+09:00,175725.0,177735.0,150000.0,161650.0,25224255.0
2026-05-13 00:00:00+09:00,153830.0,171900.0,150550.0,171900.0,18705733.0
2026-05-14 00:00:00+09:00,171965.0,179000.0,171282.0,177100.0,18718453.0
2026-05-15 00:00:00+09:00,176560.0,181190.0,149740.0,155000.0,25190349.0
2026-05-18 00:00:00+09:00,152000.0,162955.0,140670.0,157350.0,21080183.0
2026-05-19 00:00:00+09:00,152425.0,153855.0,141200.0,148185.0,19581527.0
2026-05-20 00:00:00+09:00,149185.0,149985.0,138150.0,145095.0,22645271.0
2026-05-21 00:00:00+09:00,156055.0,171185.0,156055.0,170660.0,16449002.0
2026-05-22 00:00:00+09:00,173610.0,173610.0,167880.0,171400.0,12434633.0
2026-05-26 00:00:00+09:00,179995.0,184995.0,178355.0,181075.0,16480748.0
2026-05-27 00:00:00+09:00,198945.0,203340.0,191380.0,191505.0,20698969.0
2026-05-28 00:00:00+09:00,188000.0,193440.0,172880.0,189460.0,16084746.0
2026-05-29 00:00:00+09:00,199000.0,204445.0,195485.0,204400.0,15444857.0
2026-06-01 00:00:00+09:00,204000.0,226700.0,203750.0,225500.0,16248841.0
2026-06-02 00:00:00+09:00,228475.0,231260.0,205750.0,224490.0,16956981.0
2026-06-04 00:00:00+09:00,214000.0,222370.0,211280.0,215360.0,10765660.0
2026-06-05 00:00:00+09:00,200000.0,202110.0,183145.0,189830.0,17275580.0
2026-06-08 00:00:00+09:00,156000.0,175150.0,155600.0,158165.0,21939061.0
2026-06-09 00:00:00+09:00,171000.0,186095.0,161960.0,185885.0,16489551.0
2026-06-10 00:00:00+09:00,175605.0,179340.0,157400.0,167100.0,17042169.0
2026-06-11 00:00:00+09:00,157000.0,169685.0,150955.0,166730.0,13182792.0
2026-06-12 00:00:00+09:00,191000.0,198880.0,182370.0,182370.0,16086983.0
2026-06-15 00:00:00+09:00,200000.0,207190.0,199970.0,203030.0,11126189.0
2026-06-16 00:00:00+09:00,210100.0,214705.0,203445.0,211510.0,12157526.0
2026-06-17 00:00:00+09:00,205695.0,220560.0,205660.0,219385.0,10462492.0
2026-06-18 00:00:00+09:00,219435.0,235190.0,219230.0,234825.0,13613473.0
2026-06-19 00:00:00+09:00,247365.0,252500.0,222630.0,235130.0,17516801.0
2026-06-22 00:00:00+09:00,227120.0,246440.0,226275.0,239000.0,10955558.0
2026-06-23 00:00:00+09:00,238760.0,241505.0,188470.0,188990.0,15600402.0
2026-06-24 00:00:00+09:00,194460.0,207100.0,183005.0,202380.0,14594300.0
2026-06-25 00:00:00+09:00,226985.0,233285.0,218500.0,227365.0,11181538.0
2026-06-26 00:00:00+09:00,220440.0,222645.0,184860.0,199990.0,15867536.0
2026-06-29 00:00:00+09:00,197010.0,203385.0,183620.0,198700.0,10285686.0
2026-06-30 00:00:00+09:00,196735.0,210570.0,187900.0,202385.0,10788517.0
2026-07-01 00:00:00+09:00,205320.0,208845.0,182585.0,190705.0,10387690.0
2026-07-02 00:00:00+09:00,170215.0,181995.0,157000.0,160235.0,15550258.0
2026-07-03 00:00:00+09:00,161405.0,181725.0,147680.0,179260.0,15393410.0
2026-07-06 00:00:00+09:00,183725.0,189830.0,165710.0,176630.0,12252330.0
2026-07-07 00:00:00+09:00,170580.0,173175.0,146440.0,158895.0,16418087.0
2026-07-08 00:00:00+09:00,149250.0,165280.0,138800.0,142500.0,14301419.0
2026-07-09 00:00:00+09:00,152650.0,154860.0,134750.0,144420.0,14805217.0
2026-07-10 00:00:00+09:00,155500.0,160440.0,149025.0,150695.0,10913326.0
2026-07-13 00:00:00+09:00,148880.0,153330.0,120090.0,121900.0,19344138.0
2026-07-14 00:00:00+09:00,121170.0,128450.0,108820.0,123580.0,25001562.0
2026-07-15 00:00:00+09:00,139110.0,145520.0,136525.0,139470.0,13343663.0
2026-07-16 00:00:00+09:00,125780.0,127330.0,116295.0,120500.0,14337492.0
2026-07-20 00:00:00+09:00,109865.0,120340.0,107355.0,109435.0,16028390.0
2026-07-21 00:00:00+09:00,109115.0,121475.0,106000.0,118065.0,13464765.0
2026-07-22 00:00:00+09:00,129210.0,133150.0,118480.0,118480.0,13424734.0
2026-07-23 00:00:00+09:00,125000.0,130000.0,122470.0,128950.0,11046324.0
2026-07-24 00:00:00+09:00,125230.0,125820.0,111305.0,113390.0,13089108.0
2026-07-27 00:00:00+09:00,118855.0,118860.0,108380.0,116435.0,13040502.0
2026-07-28 00:00:00+09:00,102265.0,103700.0,88570.0,90130.0,20468795.0
2026-07-29 00:00:00+09:00,92015.0,96290.0,65665.0,79020.0,36420487.0
2026-07-30 00:00:00+09:00,78850.0,87395.0,74190.0,75595.0,26094099.0
2026-07-31 00:00:00+09:00,91500.0,111065.0,88775.0,110945.0,30763087.0
2026-08-03 00:00:00+09:00,100005.0,101120.0,92200.0,93670.0,21196865.0
2026-08-04 00:00:00+09:00,96090.0,96680.0,86650.0,95335.0,23861092.0
2026-08-05 00:00:00+09:00,104000.0,105420.0,101005.0,102755.0,19669439.0
2026-08-06 00:00:00+09:00,98760.0,100745.0,90290.0,92200.0,18014690.0
2026-08-07 00:00:00+09:00,93920.0,95830.0,87660.0,90690.0,17070059.0
2026-08-10 00:00:00+09:00,91610.0,94710.0,89070.0,90770.0,16814002.0
2026-08-11 00:00:00+09:00,89705.0,94790.0,88005.0,92580.0,16799016.0
2026-08-12 00:00:00+09:00,95000.0,103500.0,94530.0,100300.0,20595774.0
2026-08-13 00:00:00+09:00,107465.0,111180.0,106415.0,107975.0,22227357.0
2026-08-14 00:00:00+09:00,113990.0,115020.0,109740.0,113525.0,16579077.0
2026-08-18 00:00:00+09:00,119500.0,123110.0,107875.0,110465.0,18487460.0
2026-08-19 00:00:00+09:00,98000.0,101205.0,94350.0,96740.0,19036901.0
2026-08-20 00:00:00+09:00,102650.0,110895.0,100130.0,108710.0,20226681.0
2026-08-21 00:00:00+09:00,105840.0,113955.0,105115.0,112240.0,21976347.0
2026-08-24 00:00:00+09:00,111200.0,111290.0,102645.0,104015.0,16317281.0
2026-08-25 00:00:00+09:00,98280.0,105550.0,94430.0,105550.0,20794098.0
2026-08-26 00:00:00+09:00,105005.0,110190.0,103700.0,107495.0,17519790.0
2026-08-27 00:00:00+09:00,113665.0,113900.0,108380.0,110390.0,17179267.0
2026-08-28 00:00:00+09:00,108010.0,110490.0,106010.0,106370.0,16379743.0
