dt,open,high,low,close,volume
2010-10-01 00:00:00+09:00,9930.0,9955.0,9930.0,9945.0,53897.0
2010-10-04 00:00:00+09:00,10005.0,10015.0,9990.0,10015.0,68309.0
2010-10-05 00:00:00+09:00,9990.0,10015.0,9970.0,10015.0,13959.0
2010-10-06 00:00:00+09:00,10174.0,10244.0,10169.0,10234.0,12265.0
2010-10-07 00:00:00+09:00,10219.0,10288.0,10209.0,10283.0,17316.0
2010-10-08 00:00:00+09:00,10139.0,10149.0,10084.0,10119.0,24342.0
2010-10-11 00:00:00+09:00,10293.0,10293.0,10254.0,10283.0,6586.0
2010-10-12 00:00:00+09:00,10283.0,10283.0,10224.0,10224.0,26269.0
2010-10-13 00:00:00+09:00,10259.0,10298.0,10259.0,10293.0,6531.0
2010-10-14 00:00:00+09:00,10433.0,10478.0,10428.0,10473.0,41105.0
2010-10-15 00:00:00+09:00,10482.0,10482.0,10438.0,10468.0,24143.0
2010-10-18 00:00:00+09:00,10373.0,10373.0,10293.0,10333.0,32898.0
2010-10-19 00:00:00+09:00,10383.0,10393.0,10348.0,10358.0,30061.0
2010-10-20 00:00:00+09:00,10124.0,10184.0,10119.0,10164.0,21134.0
2010-10-21 00:00:00+09:00,10224.0,10229.0,10169.0,10184.0,13074.0
2010-10-22 00:00:00+09:00,10065.0,10079.0,10050.0,10079.0,13113.0
2010-10-25 00:00:00+09:00,10124.0,10179.0,10109.0,10179.0,8420.0
2010-10-26 00:00:00+09:00,10174.0,10194.0,10149.0,10159.0,14655.0
2010-10-27 00:00:00+09:00,10169.0,10194.0,10114.0,10114.0,15068.0
2010-10-28 00:00:00+09:00,10060.0,10075.0,10045.0,10065.0,17506.0
2010-10-29 00:00:00+09:00,10184.0,10189.0,10164.0,10189.0,7434.0
2010-11-01 00:00:00+09:00,10333.0,10343.0,10298.0,10338.0,7765.0
2010-11-02 00:00:00+09:00,10348.0,10348.0,10264.0,10288.0,7228.0
2010-11-03 00:00:00+09:00,10303.0,10303.0,10254.0,10283.0,11568.0
2010-11-04 00:00:00+09:00,10244.0,10288.0,10224.0,10283.0,20330.0
2010-11-05 00:00:00+09:00,10532.0,10567.0,10517.0,10557.0,19194.0
2010-11-08 00:00:00+09:00,10587.0,10622.0,10542.0,10567.0,122073.0
2010-11-09 00:00:00+09:00,10657.0,10731.0,10652.0,10716.0,11463.0
2010-11-10 00:00:00+09:00,10607.0,10662.0,10592.0,10627.0,30720.0
2010-11-11 00:00:00+09:00,10622.0,10677.0,10602.0,10667.0,6649.0
2010-11-12 00:00:00+09:00,10677.0,10681.0,10487.0,10512.0,72965.0
2010-11-15 00:00:00+09:00,10388.0,10448.0,10363.0,10368.0,18577.0
2010-11-16 00:00:00+09:00,10303.0,10343.0,10269.0,10328.0,5647.0
2010-11-17 00:00:00+09:00,10139.0,10149.0,10079.0,10124.0,25094.0
2010-11-18 00:00:00+09:00,10189.0,10269.0,10189.0,10269.0,24810.0
2010-11-19 00:00:00+09:00,10313.0,10333.0,10259.0,10269.0,7300.0
2010-11-22 00:00:00+09:00,10308.0,10333.0,10283.0,10333.0,6275.0
2010-11-23 00:00:00+09:00,10328.0,10348.0,10293.0,10293.0,4700.0
2010-11-24 00:00:00+09:00,10413.0,10438.0,10383.0,10438.0,16304.0
2010-11-25 00:00:00+09:00,10408.0,10418.0,10378.0,10398.0,3550.0
2010-11-26 00:00:00+09:00,10378.0,10393.0,10358.0,10368.0,9350.0
2010-11-29 00:00:00+09:00,10249.0,10293.0,10199.0,10269.0,4542.0
2010-11-30 00:00:00+09:00,10343.0,10373.0,10323.0,10348.0,3012.0
2010-12-01 00:00:00+09:00,10418.0,10547.0,10418.0,10542.0,23024.0
2010-12-02 00:00:00+09:00,10512.0,10547.0,10512.0,10532.0,9277.0
2010-12-03 00:00:00+09:00,10522.0,10552.0,10507.0,10537.0,4863.0
2010-12-06 00:00:00+09:00,10677.0,10706.0,10667.0,10696.0,10142.0
2010-12-07 00:00:00+09:00,10786.0,10786.0,10741.0,10766.0,13920.0
2010-12-08 00:00:00+09:00,10622.0,10637.0,10537.0,10547.0,28703.0
2010-12-09 00:00:00+09:00,10482.0,10517.0,10473.0,10507.0,14068.0
2010-12-10 00:00:00+09:00,10492.0,10542.0,10492.0,10542.0,5925.0
2010-12-13 00:00:00+09:00,10482.0,10517.0,10473.0,10517.0,8404.0
2010-12-14 00:00:00+09:00,10567.0,10647.0,10537.0,10627.0,80019.0
2010-12-15 00:00:00+09:00,10592.0,10592.0,10547.0,10562.0,17193.0
2010-12-16 00:00:00+09:00,10512.0,10522.0,10453.0,10468.0,33375.0
2010-12-17 00:00:00+09:00,10388.0,10428.0,10363.0,10423.0,23257.0
2010-12-20 00:00:00+09:00,10458.0,10527.0,10458.0,10497.0,78658.0
2010-12-21 00:00:00+09:00,10497.0,10512.0,10482.0,10487.0,5936.0
2010-12-22 00:00:00+09:00,10522.0,10537.0,10512.0,10527.0,11809.0
2010-12-23 00:00:00+09:00,10512.0,10522.0,10497.0,10517.0,5293.0
2010-12-24 00:00:00+09:00,10468.0,10478.0,10468.0,10478.0,12731.0
2010-12-27 00:00:00+09:00,10368.0,10448.0,10353.0,10448.0,3813.0
2010-12-28 00:00:00+09:00,10487.0,10552.0,10487.0,10537.0,11587.0
2010-12-29 00:00:00+09:00,10667.0,10696.0,10632.0,10667.0,66942.0
2010-12-30 00:00:00+09:00,10706.0,10726.0,10686.0,10726.0,5435.0
2011-01-03 00:00:00+09:00,10776.0,10801.0,10776.0,10801.0,10228.0
2011-01-04 00:00:00+09:00,10731.0,10751.0,10706.0,10751.0,31074.0
2011-01-05 00:00:00+09:00,10487.0,10487.0,10433.0,10482.0,40013.0
2011-01-06 00:00:00+09:00,10443.0,10448.0,10408.0,10443.0,30614.0
2011-01-07 00:00:00+09:00,10398.0,10398.0,10353.0,10353.0,22344.0
2011-01-10 00:00:00+09:00,10393.0,10428.0,10368.0,10413.0,16048.0
2011-01-11 00:00:00+09:00,10428.0,10443.0,10403.0,10433.0,15930.0
2011-01-12 00:00:00+09:00,10473.0,10507.0,10458.0,10492.0,16928.0
2011-01-13 00:00:00+09:00,10497.0,10507.0,10478.0,10478.0,12413.0
2011-01-14 00:00:00+09:00,10428.0,10438.0,10403.0,10438.0,23416.0
2011-01-17 00:00:00+09:00,10328.0,10328.0,10278.0,10298.0,39602.0
2011-01-18 00:00:00+09:00,10119.0,10144.0,10099.0,10124.0,44213.0
2011-01-19 00:00:00+09:00,10343.0,10393.0,10343.0,10388.0,14722.0
2011-01-20 00:00:00+09:00,10378.0,10378.0,10338.0,10373.0,8359.0
2011-01-21 00:00:00+09:00,10229.0,10229.0,10179.0,10184.0,14654.0
2011-01-24 00:00:00+09:00,10094.0,10283.0,10094.0,10224.0,7814.0
2011-01-25 00:00:00+09:00,10139.0,10139.0,10060.0,10089.0,28740.0
2011-01-26 00:00:00+09:00,10070.0,10099.0,10070.0,10089.0,4259.0
2011-01-27 00:00:00+09:00,10179.0,10194.0,10154.0,10194.0,5776.0
2011-01-28 00:00:00+09:00,9975.0,10000.0,9900.0,9930.0,40411.0
2011-01-31 00:00:00+09:00,10159.0,10189.0,10070.0,10109.0,13746.0
2011-02-01 00:00:00+09:00,10099.0,10134.0,10070.0,10119.0,11445.0
2011-02-07 00:00:00+09:00,10169.0,10219.0,10169.0,10219.0,30664.0
2011-02-08 00:00:00+09:00,10239.0,10239.0,10209.0,10219.0,3301.0
2011-02-09 00:00:00+09:00,10298.0,10323.0,10293.0,10318.0,8457.0
2011-02-10 00:00:00+09:00,10318.0,10328.0,10293.0,10308.0,40369.0
2011-02-11 00:00:00+09:00,10303.0,10333.0,10298.0,10308.0,8819.0
2011-02-14 00:00:00+09:00,10278.0,10303.0,10249.0,10303.0,6934.0
2011-02-15 00:00:00+09:00,10328.0,10343.0,10288.0,10343.0,4884.0
2011-02-16 00:00:00+09:00,10368.0,10388.0,10368.0,10388.0,19514.0
2011-02-17 00:00:00+09:00,10393.0,10433.0,10393.0,10418.0,6467.0
2011-02-18 00:00:00+09:00,10468.0,10497.0,10463.0,10473.0,21680.0
2011-02-21 00:00:00+09:00,10512.0,10572.0,10512.0,10532.0,15365.0
2011-02-22 00:00:00+09:00,10627.0,10657.0,10582.0,10607.0,31049.0
2011-02-23 00:00:00+09:00,10612.0,10612.0,10557.0,10597.0,22073.0
2011-02-24 00:00:00+09:00,10681.0,10716.0,10662.0,10681.0,17354.0
2011-02-25 00:00:00+09:00,10597.0,10637.0,10597.0,10627.0,8745.0
2011-02-28 00:00:00+09:00,10597.0,10711.0,10597.0,10711.0,27140.0
2011-03-02 00:00:00+09:00,10836.0,10866.0,10816.0,10851.0,23145.0
2011-03-03 00:00:00+09:00,10876.0,10881.0,10851.0,10851.0,30218.0
2011-03-04 00:00:00+09:00,10706.0,10741.0,10677.0,10736.0,26732.0
2011-03-07 00:00:00+09:00,10856.0,10910.0,10851.0,10905.0,19172.0
2011-03-08 00:00:00+09:00,10871.0,10876.0,10836.0,10846.0,14622.0
2011-03-09 00:00:00+09:00,10836.0,10846.0,10796.0,10806.0,22319.0
2011-03-10 00:00:00+09:00,10851.0,10856.0,10806.0,10831.0,18272.0
2011-03-11 00:00:00+09:00,10716.0,10746.0,10706.0,10731.0,18738.0
2011-03-14 00:00:00+09:00,10831.0,10836.0,10761.0,10796.0,9127.0
2011-03-15 00:00:00+09:00,10841.0,10841.0,10691.0,10746.0,17786.0
2011-03-16 00:00:00+09:00,10572.0,10647.0,10567.0,10627.0,34351.0
2011-03-17 00:00:00+09:00,10527.0,10597.0,10527.0,10577.0,6386.0
2011-03-18 00:00:00+09:00,10681.0,10716.0,10677.0,10716.0,10802.0
2011-03-21 00:00:00+09:00,10796.0,10841.0,10796.0,10836.0,11454.0
2011-03-22 00:00:00+09:00,10841.0,10846.0,10816.0,10836.0,11407.0
2011-03-23 00:00:00+09:00,10831.0,10831.0,10806.0,10821.0,7765.0
2011-03-24 00:00:00+09:00,10890.0,10910.0,10885.0,10910.0,19885.0
2011-03-25 00:00:00+09:00,10871.0,10885.0,10861.0,10871.0,27282.0
2011-03-28 00:00:00+09:00,10826.0,10851.0,10786.0,10801.0,87165.0
2011-03-29 00:00:00+09:00,10786.0,10786.0,10741.0,10771.0,12961.0
2011-03-30 00:00:00+09:00,10761.0,10771.0,10696.0,10771.0,8118.0
2011-03-31 00:00:00+09:00,10786.0,10836.0,10776.0,10831.0,6053.0
2011-04-01 00:00:00+09:00,10871.0,10885.0,10846.0,10885.0,14424.0
2011-04-04 00:00:00+09:00,10851.0,10856.0,10811.0,10851.0,20574.0
2011-04-05 00:00:00+09:00,10856.0,10905.0,10856.0,10895.0,23248.0
2011-04-06 00:00:00+09:00,11005.0,11144.0,10995.0,11035.0,142872.0
2011-04-07 00:00:00+09:00,11065.0,11080.0,11035.0,11045.0,107279.0
2011-04-08 00:00:00+09:00,11084.0,11139.0,11065.0,11129.0,7336.0
2011-04-11 00:00:00+09:00,11189.0,11219.0,11174.0,11204.0,18982.0
2011-04-12 00:00:00+09:00,11119.0,11119.0,11035.0,11060.0,26947.0
2011-04-13 00:00:00+09:00,11005.0,11060.0,11000.0,11055.0,11013.0
2011-04-14 00:00:00+09:00,11055.0,11099.0,11025.0,11099.0,3592.0
2011-04-15 00:00:00+09:00,11194.0,11224.0,11159.0,11204.0,6613.0
2011-04-18 00:00:00+09:00,11269.0,11293.0,11249.0,11274.0,17457.0
2011-04-19 00:00:00+09:00,11348.0,11348.0,11274.0,11308.0,20739.0
2011-04-20 00:00:00+09:00,11343.0,11373.0,11328.0,11373.0,20414.0
2011-04-21 00:00:00+09:00,11393.0,11433.0,11393.0,11433.0,23698.0
2011-04-22 00:00:00+09:00,11453.0,11453.0,11383.0,11418.0,10880.0
2011-04-25 00:00:00+09:00,11473.0,11512.0,11448.0,11483.0,21237.0
2011-04-26 00:00:00+09:00,11428.0,11433.0,11323.0,11363.0,70067.0
2011-04-27 00:00:00+09:00,11438.0,11438.0,11393.0,11428.0,14060.0
2011-04-28 00:00:00+09:00,11542.0,11617.0,11473.0,11607.0,57602.0
2011-04-29 00:00:00+09:00,11667.0,11672.0,11612.0,11637.0,25847.0
2011-05-02 00:00:00+09:00,11786.0,11786.0,11682.0,11751.0,50059.0
2011-05-03 00:00:00+09:00,11667.0,11746.0,11652.0,11731.0,22116.0
2011-05-04 00:00:00+09:00,11612.0,11622.0,11567.0,11582.0,71614.0
2011-05-06 00:00:00+09:00,11144.0,11274.0,11139.0,11244.0,87233.0
2011-05-09 00:00:00+09:00,11284.0,11368.0,11279.0,11353.0,59294.0
2011-05-11 00:00:00+09:00,11463.0,11537.0,11463.0,11522.0,34689.0
2011-05-12 00:00:00+09:00,11383.0,11413.0,11293.0,11353.0,80219.0
2011-05-13 00:00:00+09:00,11393.0,11423.0,11368.0,11423.0,73058.0
2011-05-16 00:00:00+09:00,11313.0,11318.0,11274.0,11303.0,17480.0
2011-05-17 00:00:00+09:00,11298.0,11323.0,11284.0,11323.0,4965.0
2011-05-18 00:00:00+09:00,11269.0,11303.0,11244.0,11298.0,6462.0
2011-05-19 00:00:00+09:00,11343.0,11373.0,11328.0,11348.0,72661.0
2011-05-20 00:00:00+09:00,11343.0,11353.0,11308.0,11348.0,2057.0
2011-05-23 00:00:00+09:00,11483.0,11487.0,11428.0,11443.0,9684.0
2011-05-24 00:00:00+09:00,11473.0,11502.0,11468.0,11487.0,13571.0
2011-05-25 00:00:00+09:00,11542.0,11557.0,11537.0,11542.0,6770.0
2011-05-26 00:00:00+09:00,11577.0,11592.0,11562.0,11582.0,4698.0
2011-05-27 00:00:00+09:00,11562.0,11562.0,11542.0,11562.0,8750.0
2011-05-30 00:00:00+09:00,11652.0,11667.0,11647.0,11652.0,18231.0
2011-05-31 00:00:00+09:00,11682.0,11696.0,11637.0,11657.0,22245.0
2011-06-01 00:00:00+09:00,11662.0,11662.0,11602.0,11627.0,104224.0
2011-06-02 00:00:00+09:00,11701.0,11711.0,11657.0,11672.0,5722.0
2011-06-03 00:00:00+09:00,11642.0,11647.0,11597.0,11612.0,5297.0
2011-06-07 00:00:00+09:00,11701.0,11721.0,11701.0,11716.0,5302.0
2011-06-08 00:00:00+09:00,11731.0,11731.0,11682.0,11682.0,5526.0
2011-06-09 00:00:00+09:00,11667.0,11687.0,11642.0,11647.0,15582.0
2011-06-10 00:00:00+09:00,11687.0,11711.0,11687.0,11706.0,2770.0
2011-06-13 00:00:00+09:00,11612.0,11637.0,11602.0,11617.0,9289.0
2011-06-14 00:00:00+09:00,11532.0,11542.0,11497.0,11542.0,21860.0
2011-06-15 00:00:00+09:00,11592.0,11607.0,11552.0,11582.0,10850.0
2011-06-16 00:00:00+09:00,11602.0,11612.0,11562.0,11587.0,26937.0
2011-06-17 00:00:00+09:00,11597.0,11607.0,11572.0,11572.0,40365.0
2011-06-20 00:00:00+09:00,11662.0,11682.0,11647.0,11672.0,25278.0
2011-06-21 00:00:00+09:00,11691.0,11716.0,11682.0,11716.0,9330.0
2011-06-22 00:00:00+09:00,11726.0,11746.0,11716.0,11726.0,16434.0
2011-06-23 00:00:00+09:00,11756.0,11756.0,11726.0,11751.0,41813.0
2011-06-24 00:00:00+09:00,11577.0,11577.0,11537.0,11552.0,20161.0
2011-06-27 00:00:00+09:00,11413.0,11433.0,11373.0,11408.0,41084.0
2011-06-28 00:00:00+09:00,11398.0,11398.0,11368.0,11378.0,16395.0
2011-06-29 00:00:00+09:00,11398.0,11438.0,11393.0,11423.0,4867.0
2011-06-30 00:00:00+09:00,11473.0,11502.0,11458.0,11473.0,5134.0
2011-07-01 00:00:00+09:00,11408.0,11408.0,11368.0,11388.0,26944.0
2011-07-04 00:00:00+09:00,11313.0,11343.0,11293.0,11343.0,11299.0
2011-07-05 00:00:00+09:00,11368.0,11388.0,11353.0,11358.0,13307.0
2011-07-06 00:00:00+09:00,11463.0,11522.0,11463.0,11507.0,28826.0
2011-07-07 00:00:00+09:00,11592.0,11657.0,11577.0,11657.0,27250.0
2011-07-08 00:00:00+09:00,11632.0,11637.0,11617.0,11617.0,5072.0
2011-07-11 00:00:00+09:00,11711.0,11746.0,11711.0,11741.0,14217.0
2011-07-12 00:00:00+09:00,11781.0,11816.0,11761.0,11786.0,17114.0
2011-07-13 00:00:00+09:00,11900.0,11940.0,11881.0,11900.0,30608.0
2011-07-14 00:00:00+09:00,12060.0,12085.0,12020.0,12050.0,18018.0
2011-07-15 00:00:00+09:00,12060.0,12065.0,12000.0,12030.0,35385.0
2011-07-18 00:00:00+09:00,12134.0,12134.0,12094.0,12134.0,18450.0
2011-07-19 00:00:00+09:00,12199.0,12209.0,12159.0,12199.0,33481.0
2011-07-20 00:00:00+09:00,12085.0,12114.0,12070.0,12090.0,36330.0
2011-07-21 00:00:00+09:00,12144.0,12169.0,12119.0,12159.0,19025.0
2011-07-22 00:00:00+09:00,12109.0,12109.0,12070.0,12070.0,20941.0
2011-07-25 00:00:00+09:00,12269.0,12289.0,12224.0,12284.0,24901.0
2011-07-26 00:00:00+09:00,12284.0,12289.0,12254.0,12289.0,10571.0
2011-07-27 00:00:00+09:00,12293.0,12363.0,12293.0,12358.0,23079.0
2011-07-28 00:00:00+09:00,12279.0,12298.0,12269.0,12298.0,29122.0
2011-07-29 00:00:00+09:00,12284.0,12308.0,12259.0,12259.0,20900.0
2011-08-01 00:00:00+09:00,12293.0,12298.0,12224.0,12264.0,35882.0
2011-08-02 00:00:00+09:00,12308.0,12363.0,12293.0,12363.0,46485.0
2011-08-03 00:00:00+09:00,12597.0,12652.0,12557.0,12652.0,89399.0
2011-08-04 00:00:00+09:00,12652.0,12716.0,12607.0,12672.0,115776.0
2011-08-05 00:00:00+09:00,12502.0,12652.0,12453.0,12652.0,122393.0
2011-08-08 00:00:00+09:00,12831.0,13030.0,12796.0,13025.0,287029.0
2011-08-09 00:00:00+09:00,13129.0,13498.0,13124.0,13363.0,497431.0
2011-08-10 00:00:00+09:00,13423.0,13463.0,13219.0,13313.0,282773.0
2011-08-11 00:00:00+09:00,13756.0,13781.0,13542.0,13622.0,397352.0
2011-08-12 00:00:00+09:00,13378.0,13493.0,13328.0,13488.0,187874.0
2011-08-16 00:00:00+09:00,13483.0,13483.0,13413.0,13458.0,135998.0
2011-08-17 00:00:00+09:00,13632.0,13642.0,13602.0,13642.0,120068.0
2011-08-18 00:00:00+09:00,13647.0,13702.0,13607.0,13702.0,125268.0
2011-08-19 00:00:00+09:00,13930.0,14085.0,13930.0,14085.0,279272.0
2011-08-22 00:00:00+09:00,14299.0,14393.0,14244.0,14393.0,442908.0
2011-08-23 00:00:00+09:00,14592.0,14592.0,14438.0,14512.0,342827.0
2011-08-24 00:00:00+09:00,14035.0,14159.0,14015.0,14085.0,397014.0
2011-08-25 00:00:00+09:00,13294.0,13453.0,13169.0,13184.0,369504.0
2011-08-26 00:00:00+09:00,13458.0,13602.0,13403.0,13572.0,256259.0
2011-08-29 00:00:00+09:00,13930.0,13945.0,13791.0,13896.0,202451.0
2011-08-30 00:00:00+09:00,13711.0,13776.0,13657.0,13741.0,101345.0
2011-08-31 00:00:00+09:00,13940.0,14020.0,13930.0,14000.0,124007.0
2011-09-01 00:00:00+09:00,13940.0,13970.0,13886.0,13891.0,221246.0
2011-09-02 00:00:00+09:00,13915.0,13965.0,13901.0,13945.0,58589.0
2011-09-05 00:00:00+09:00,14408.0,14413.0,14308.0,14358.0,209346.0
2011-09-06 00:00:00+09:00,14517.0,14677.0,14468.0,14667.0,245374.0
2011-09-07 00:00:00+09:00,14348.0,14368.0,13891.0,14070.0,350314.0
2011-09-08 00:00:00+09:00,13826.0,14075.0,13826.0,14035.0,222123.0
2011-09-09 00:00:00+09:00,14254.0,14304.0,14159.0,14294.0,116994.0
2011-09-14 00:00:00+09:00,14060.0,14114.0,13980.0,14000.0,212887.0
2011-09-15 00:00:00+09:00,13915.0,13925.0,13746.0,13786.0,189390.0
2011-09-16 00:00:00+09:00,13612.0,13617.0,13443.0,13502.0,215066.0
2011-09-19 00:00:00+09:00,13925.0,13950.0,13861.0,13930.0,201150.0
2011-09-20 00:00:00+09:00,13607.0,13622.0,13517.0,13537.0,164601.0
2011-09-21 00:00:00+09:00,13716.0,13846.0,13692.0,13821.0,98539.0
2011-09-22 00:00:00+09:00,13632.0,13632.0,13537.0,13562.0,198441.0
2011-09-23 00:00:00+09:00,13209.0,13323.0,13040.0,13065.0,483864.0
2011-09-26 00:00:00+09:00,12512.0,12637.0,12010.0,12010.0,379998.0
2011-09-27 00:00:00+09:00,12284.0,12557.0,12139.0,12557.0,124465.0
2011-09-28 00:00:00+09:00,12547.0,12572.0,12438.0,12512.0,77660.0
2011-09-29 00:00:00+09:00,12104.0,12388.0,12055.0,12388.0,277481.0
2011-09-30 00:00:00+09:00,12358.0,12458.0,12293.0,12388.0,129707.0
2011-10-04 00:00:00+09:00,12657.0,12726.0,12612.0,12716.0,107439.0
2011-10-05 00:00:00+09:00,12368.0,12423.0,12303.0,12328.0,195804.0
2011-10-06 00:00:00+09:00,12423.0,12537.0,12413.0,12497.0,58429.0
2011-10-07 00:00:00+09:00,12537.0,12692.0,12532.0,12632.0,46279.0
2011-10-10 00:00:00+09:00,12527.0,12572.0,12488.0,12542.0,32543.0
2011-10-11 00:00:00+09:00,12721.0,12821.0,12682.0,12796.0,36646.0
2011-10-12 00:00:00+09:00,12682.0,12726.0,12652.0,12692.0,13130.0
2011-10-13 00:00:00+09:00,12756.0,12841.0,12736.0,12746.0,34621.0
2011-10-14 00:00:00+09:00,12716.0,12716.0,12632.0,12667.0,20648.0
2011-10-17 00:00:00+09:00,12771.0,12821.0,12761.0,12806.0,24343.0
2011-10-18 00:00:00+09:00,12711.0,12766.0,12696.0,12731.0,113759.0
2011-10-19 00:00:00+09:00,12587.0,12677.0,12582.0,12642.0,18898.0
2011-10-20 00:00:00+09:00,12532.0,12532.0,12259.0,12298.0,152025.0
2011-10-21 00:00:00+09:00,12298.0,12393.0,12219.0,12393.0,65331.0
2011-10-24 00:00:00+09:00,12478.0,12562.0,12443.0,12557.0,33438.0
2011-10-25 00:00:00+09:00,12577.0,12627.0,12522.0,12622.0,81047.0
2011-10-26 00:00:00+09:00,12910.0,13090.0,12910.0,13090.0,40360.0
2011-10-27 00:00:00+09:00,13134.0,13144.0,13085.0,13104.0,16837.0
2011-10-28 00:00:00+09:00,13254.0,13348.0,13214.0,13264.0,51815.0
2011-10-31 00:00:00+09:00,13264.0,13274.0,13000.0,13040.0,27813.0
2011-11-01 00:00:00+09:00,13055.0,13109.0,13035.0,13050.0,21438.0
2011-11-02 00:00:00+09:00,13025.0,13134.0,13025.0,13119.0,31263.0
2011-11-03 00:00:00+09:00,13179.0,13219.0,13114.0,13184.0,23046.0
2011-11-04 00:00:00+09:00,13373.0,13403.0,13343.0,13398.0,28712.0
2011-11-07 00:00:00+09:00,13383.0,13483.0,13353.0,13483.0,12342.0
2011-11-08 00:00:00+09:00,13617.0,13652.0,13602.0,13632.0,25262.0
2011-11-09 00:00:00+09:00,13647.0,13652.0,13602.0,13637.0,12142.0
2011-11-10 00:00:00+09:00,13502.0,13502.0,13338.0,13383.0,38404.0
2011-11-11 00:00:00+09:00,13318.0,13448.0,13299.0,13443.0,20995.0
2011-11-14 00:00:00+09:00,13632.0,13652.0,13612.0,13632.0,22243.0
2011-11-15 00:00:00+09:00,13532.0,13557.0,13423.0,13493.0,18400.0
2011-11-16 00:00:00+09:00,13507.0,13547.0,13433.0,13433.0,20984.0
2011-11-17 00:00:00+09:00,13423.0,13438.0,13373.0,13433.0,15880.0
2011-11-18 00:00:00+09:00,13109.0,13139.0,13035.0,13124.0,332293.0
2011-11-21 00:00:00+09:00,13114.0,13144.0,13050.0,13099.0,14661.0
2011-11-22 00:00:00+09:00,12736.0,12871.0,12736.0,12831.0,49187.0
2011-11-23 00:00:00+09:00,12980.0,13015.0,12930.0,13005.0,67659.0
2011-11-24 00:00:00+09:00,12856.0,12910.0,12836.0,12905.0,34468.0
2011-11-25 00:00:00+09:00,12910.0,12915.0,12861.0,12876.0,47950.0
2011-11-28 00:00:00+09:00,12910.0,13010.0,12861.0,12975.0,43356.0
2011-11-29 00:00:00+09:00,13015.0,13020.0,12975.0,13020.0,10166.0
2011-11-30 00:00:00+09:00,13060.0,13139.0,13050.0,13080.0,83231.0
2011-12-01 00:00:00+09:00,13318.0,13318.0,13254.0,13279.0,80144.0
2011-12-02 00:00:00+09:00,13294.0,13294.0,13209.0,13284.0,29543.0
2011-12-05 00:00:00+09:00,13368.0,13373.0,13249.0,13284.0,18774.0
2011-12-06 00:00:00+09:00,13070.0,13109.0,12985.0,13010.0,64683.0
2011-12-07 00:00:00+09:00,13104.0,13154.0,13104.0,13134.0,11087.0
2011-12-08 00:00:00+09:00,13219.0,13239.0,13209.0,13209.0,17287.0
2011-12-09 00:00:00+09:00,13035.0,13075.0,12990.0,13005.0,33912.0
2011-12-12 00:00:00+09:00,13060.0,13075.0,12836.0,12886.0,36751.0
2011-12-13 00:00:00+09:00,12696.0,12696.0,12542.0,12582.0,84904.0
2011-12-14 00:00:00+09:00,12413.0,12483.0,12398.0,12463.0,48320.0
2011-12-15 00:00:00+09:00,11985.0,12010.0,11895.0,11920.0,126817.0
2011-12-16 00:00:00+09:00,11985.0,12085.0,11955.0,12070.0,147210.0
2011-12-19 00:00:00+09:00,12139.0,12179.0,12030.0,12050.0,44703.0
2011-12-20 00:00:00+09:00,12119.0,12159.0,12070.0,12159.0,30407.0
2011-12-21 00:00:00+09:00,12279.0,12373.0,12279.0,12363.0,27961.0
2011-12-22 00:00:00+09:00,12239.0,12269.0,12194.0,12199.0,32842.0
2011-12-23 00:00:00+09:00,12239.0,12244.0,12189.0,12244.0,94299.0
2011-12-26 00:00:00+09:00,12234.0,12234.0,12159.0,12164.0,24396.0
2011-12-27 00:00:00+09:00,12164.0,12164.0,12060.0,12114.0,24029.0
2011-12-28 00:00:00+09:00,12109.0,12109.0,12040.0,12090.0,13288.0
2011-12-29 00:00:00+09:00,11846.0,11861.0,11791.0,11821.0,39466.0
2012-01-02 00:00:00+09:00,11861.0,11915.0,11861.0,11915.0,16628.0
2012-01-03 00:00:00+09:00,11955.0,12080.0,11945.0,12050.0,31438.0
2012-01-04 00:00:00+09:00,12189.0,12189.0,12099.0,12109.0,25645.0
2012-01-05 00:00:00+09:00,12214.0,12318.0,12204.0,12318.0,21881.0
2012-01-06 00:00:00+09:00,12289.0,12338.0,12259.0,12328.0,27706.0
2012-01-09 00:00:00+09:00,12284.0,12284.0,12219.0,12254.0,13680.0
2012-01-10 00:00:00+09:00,12254.0,12338.0,12219.0,12328.0,27146.0
2012-01-11 00:00:00+09:00,12433.0,12443.0,12388.0,12428.0,22382.0
2012-01-12 00:00:00+09:00,12458.0,12497.0,12458.0,12488.0,8391.0
2012-01-13 00:00:00+09:00,12497.0,12517.0,12423.0,12483.0,18656.0
2012-01-16 00:00:00+09:00,12443.0,12448.0,12388.0,12438.0,27227.0
2012-01-17 00:00:00+09:00,12463.0,12587.0,12463.0,12587.0,25537.0
2012-01-18 00:00:00+09:00,12602.0,12607.0,12522.0,12607.0,16090.0
2012-01-19 00:00:00+09:00,12627.0,12637.0,12587.0,12637.0,22007.0
2012-01-20 00:00:00+09:00,12602.0,12607.0,12547.0,12602.0,25868.0
2012-01-25 00:00:00+09:00,12642.0,12662.0,12632.0,12652.0,18155.0
2012-01-26 00:00:00+09:00,12950.0,13025.0,12940.0,12990.0,103984.0
2012-01-27 00:00:00+09:00,13055.0,13095.0,13030.0,13070.0,31215.0
2012-01-30 00:00:00+09:00,13179.0,13214.0,13154.0,13159.0,32668.0
2012-01-31 00:00:00+09:00,13129.0,13214.0,13119.0,13199.0,22203.0
2012-02-01 00:00:00+09:00,13189.0,13204.0,13169.0,13189.0,19830.0
2012-02-02 00:00:00+09:00,13234.0,13323.0,13234.0,13289.0,39738.0
2012-02-03 00:00:00+09:00,13333.0,13378.0,13313.0,13328.0,33547.0
2012-02-06 00:00:00+09:00,13134.0,13189.0,13134.0,13154.0,26691.0
2012-02-07 00:00:00+09:00,13035.0,13070.0,13020.0,13045.0,77709.0
2012-02-08 00:00:00+09:00,13234.0,13269.0,13224.0,13259.0,51052.0
2012-02-09 00:00:00+09:00,13184.0,13189.0,13124.0,13189.0,10259.0
2012-02-10 00:00:00+09:00,13134.0,13194.0,13129.0,13174.0,12894.0
2012-02-13 00:00:00+09:00,13134.0,13139.0,13080.0,13109.0,11577.0
2012-02-14 00:00:00+09:00,13085.0,13085.0,13005.0,13020.0,19569.0
2012-02-15 00:00:00+09:00,13045.0,13095.0,13045.0,13095.0,14622.0
2012-02-16 00:00:00+09:00,13109.0,13114.0,13050.0,13075.0,19273.0
2012-02-17 00:00:00+09:00,13109.0,13164.0,13099.0,13154.0,21141.0
2012-02-20 00:00:00+09:00,13154.0,13209.0,13144.0,13169.0,20761.0
2012-02-21 00:00:00+09:00,13169.0,13204.0,13154.0,13194.0,9155.0
2012-02-22 00:00:00+09:00,13338.0,13348.0,13313.0,13348.0,25341.0
2012-02-23 00:00:00+09:00,13468.0,13502.0,13463.0,13502.0,21186.0
2012-02-24 00:00:00+09:00,13532.0,13557.0,13507.0,13537.0,70434.0
2012-02-27 00:00:00+09:00,13488.0,13527.0,13468.0,13498.0,17317.0
2012-02-28 00:00:00+09:00,13413.0,13463.0,13413.0,13453.0,6875.0
2012-02-29 00:00:00+09:00,13542.0,13602.0,13542.0,13557.0,106449.0
2012-03-02 00:00:00+09:00,13090.0,13119.0,13060.0,13090.0,94775.0
2012-03-05 00:00:00+09:00,13040.0,13050.0,13005.0,13035.0,57354.0
2012-03-06 00:00:00+09:00,12990.0,13000.0,12945.0,12965.0,22898.0
2012-03-07 00:00:00+09:00,12746.0,12771.0,12721.0,12761.0,32289.0
2012-03-08 00:00:00+09:00,12786.0,12851.0,12786.0,12826.0,23338.0
2012-03-09 00:00:00+09:00,12935.0,12975.0,12925.0,12975.0,11226.0
2012-03-12 00:00:00+09:00,13035.0,13045.0,12965.0,12965.0,31886.0
2012-03-13 00:00:00+09:00,12960.0,12960.0,12910.0,12950.0,22428.0
2012-03-14 00:00:00+09:00,12761.0,12791.0,12736.0,12751.0,75482.0
2012-03-15 00:00:00+09:00,12497.0,12502.0,12438.0,12478.0,69511.0
2012-03-16 00:00:00+09:00,12612.0,12612.0,12567.0,12592.0,69024.0
2012-03-19 00:00:00+09:00,12597.0,12657.0,12587.0,12602.0,45158.0
2012-03-20 00:00:00+09:00,12672.0,12672.0,12547.0,12567.0,20785.0
2012-03-21 00:00:00+09:00,12557.0,12572.0,12527.0,12562.0,19608.0
2012-03-22 00:00:00+09:00,12517.0,12572.0,12493.0,12497.0,26581.0
2012-03-23 00:00:00+09:00,12522.0,12537.0,12488.0,12502.0,17991.0
2012-03-26 00:00:00+09:00,12652.0,12657.0,12612.0,12637.0,12939.0
2012-03-27 00:00:00+09:00,12806.0,12836.0,12806.0,12826.0,22857.0
2012-03-28 00:00:00+09:00,12806.0,12811.0,12756.0,12781.0,14262.0
2012-03-29 00:00:00+09:00,12672.0,12672.0,12587.0,12612.0,40901.0
2012-03-30 00:00:00+09:00,12607.0,12657.0,12602.0,12657.0,9323.0
2012-04-02 00:00:00+09:00,12736.0,12736.0,12696.0,12701.0,30483.0
2012-04-03 00:00:00+09:00,12736.0,12791.0,12736.0,12756.0,16510.0
2012-04-04 00:00:00+09:00,12537.0,12542.0,12483.0,12493.0,73729.0
2012-04-05 00:00:00+09:00,12338.0,12358.0,12298.0,12353.0,33887.0
2012-04-06 00:00:00+09:00,12353.0,12413.0,12353.0,12413.0,10784.0
2012-04-09 00:00:00+09:00,12488.0,12488.0,12423.0,12458.0,18452.0
2012-04-10 00:00:00+09:00,12512.0,12572.0,12468.0,12572.0,20218.0
2012-04-12 00:00:00+09:00,12597.0,12607.0,12567.0,12577.0,23873.0
2012-04-13 00:00:00+09:00,12706.0,12736.0,12692.0,12736.0,14791.0
2012-04-16 00:00:00+09:00,12587.0,12587.0,12532.0,12547.0,20572.0
2012-04-17 00:00:00+09:00,12527.0,12547.0,12507.0,12517.0,15957.0
2012-04-18 00:00:00+09:00,12572.0,12572.0,12527.0,12547.0,20943.0
2012-04-19 00:00:00+09:00,12507.0,12507.0,12453.0,12458.0,10420.0
2012-04-20 00:00:00+09:00,12502.0,12512.0,12448.0,12512.0,23942.0
2012-04-23 00:00:00+09:00,12507.0,12512.0,12468.0,12502.0,16840.0
2012-04-24 00:00:00+09:00,12438.0,12473.0,12438.0,12448.0,20791.0
2012-04-25 00:00:00+09:00,12517.0,12517.0,12463.0,12468.0,7137.0
2012-04-26 00:00:00+09:00,12478.0,12517.0,12468.0,12517.0,13250.0
2012-04-27 00:00:00+09:00,12572.0,12627.0,12572.0,12602.0,13625.0
2012-04-30 00:00:00+09:00,12632.0,12682.0,12622.0,12677.0,21353.0
2012-05-02 00:00:00+09:00,12682.0,12682.0,12597.0,12602.0,10811.0
2012-05-03 00:00:00+09:00,12587.0,12602.0,12547.0,12567.0,9156.0
2012-05-04 00:00:00+09:00,12488.0,12493.0,12443.0,12468.0,7387.0
2012-05-07 00:00:00+09:00,12493.0,12522.0,12488.0,12502.0,10069.0
2012-05-08 00:00:00+09:00,12512.0,12512.0,12478.0,12493.0,5755.0
2012-05-09 00:00:00+09:00,12249.0,12259.0,12114.0,12174.0,69977.0
2012-05-10 00:00:00+09:00,12149.0,12189.0,12129.0,12179.0,16898.0
2012-05-11 00:00:00+09:00,12179.0,12179.0,12080.0,12104.0,53247.0
2012-05-14 00:00:00+09:00,12070.0,12090.0,12020.0,12055.0,85854.0
2012-05-15 00:00:00+09:00,11856.0,11910.0,11816.0,11851.0,35960.0
2012-05-16 00:00:00+09:00,11786.0,11786.0,11667.0,11682.0,37675.0
2012-05-17 00:00:00+09:00,11706.0,11821.0,11706.0,11821.0,27231.0
2012-05-18 00:00:00+09:00,11995.0,12045.0,11970.0,12000.0,50901.0
2012-05-21 00:00:00+09:00,12149.0,12219.0,12149.0,12204.0,36275.0
2012-05-22 00:00:00+09:00,12184.0,12184.0,12124.0,12154.0,14272.0
2012-05-23 00:00:00+09:00,11980.0,11980.0,11895.0,11925.0,77471.0
2012-05-24 00:00:00+09:00,11905.0,11920.0,11856.0,11890.0,32487.0
2012-05-25 00:00:00+09:00,11900.0,11905.0,11851.0,11890.0,16989.0
2012-05-29 00:00:00+09:00,12010.0,12020.0,11975.0,12010.0,28253.0
2012-05-30 00:00:00+09:00,11876.0,11881.0,11806.0,11846.0,27061.0
2012-05-31 00:00:00+09:00,11905.0,11950.0,11895.0,11950.0,16185.0
2012-06-01 00:00:00+09:00,11881.0,11900.0,11856.0,11866.0,13373.0
2012-06-04 00:00:00+09:00,12318.0,12438.0,12318.0,12423.0,84440.0
2012-06-05 00:00:00+09:00,12293.0,12388.0,12293.0,12383.0,25213.0
2012-06-07 00:00:00+09:00,12388.0,12428.0,12368.0,12403.0,36862.0
2012-06-08 00:00:00+09:00,12159.0,12159.0,11890.0,12015.0,97171.0
2012-06-11 00:00:00+09:00,12224.0,12234.0,12169.0,12224.0,17562.0
2012-06-12 00:00:00+09:00,12169.0,12189.0,12139.0,12169.0,13384.0
2012-06-13 00:00:00+09:00,12269.0,12289.0,12264.0,12264.0,12953.0
2012-06-14 00:00:00+09:00,12323.0,12418.0,12323.0,12398.0,37050.0
2012-06-15 00:00:00+09:00,12403.0,12418.0,12358.0,12413.0,84623.0
2012-06-18 00:00:00+09:00,12338.0,12438.0,12338.0,12363.0,29973.0
2012-06-19 00:00:00+09:00,12438.0,12453.0,12413.0,12433.0,11241.0
2012-06-20 00:00:00+09:00,12403.0,12408.0,12368.0,12388.0,18403.0
2012-06-21 00:00:00+09:00,12279.0,12279.0,12214.0,12239.0,27877.0
2012-06-22 00:00:00+09:00,12005.0,12005.0,11925.0,11925.0,61678.0
2012-06-25 00:00:00+09:00,11990.0,12030.0,11990.0,12020.0,21750.0
2012-06-26 00:00:00+09:00,12114.0,12144.0,12094.0,12119.0,6039.0
2012-06-27 00:00:00+09:00,12030.0,12030.0,11990.0,12010.0,8954.0
2012-06-28 00:00:00+09:00,12030.0,12040.0,12015.0,12025.0,5788.0
2012-06-29 00:00:00+09:00,11890.0,12005.0,11871.0,12000.0,36392.0
2012-07-02 00:00:00+09:00,12209.0,12209.0,12134.0,12159.0,12316.0
2012-07-03 00:00:00+09:00,12184.0,12269.0,12179.0,12244.0,31243.0
2012-07-04 00:00:00+09:00,12378.0,12388.0,12348.0,12353.0,27332.0
2012-07-05 00:00:00+09:00,12353.0,12358.0,12323.0,12353.0,28443.0
2012-07-06 00:00:00+09:00,12293.0,12293.0,12249.0,12264.0,19320.0
2012-07-09 00:00:00+09:00,12085.0,12109.0,12060.0,12070.0,9221.0
2012-07-10 00:00:00+09:00,12114.0,12129.0,12094.0,12109.0,14397.0
2012-07-11 00:00:00+09:00,12030.0,12060.0,12020.0,12040.0,9000.0
2012-07-12 00:00:00+09:00,12060.0,12060.0,11990.0,11995.0,16586.0
2012-07-13 00:00:00+09:00,11965.0,12035.0,11965.0,12030.0,14862.0
2012-07-16 00:00:00+09:00,12149.0,12164.0,12104.0,12129.0,21052.0
2012-07-17 00:00:00+09:00,12139.0,12199.0,12139.0,12169.0,19502.0
2012-07-18 00:00:00+09:00,12134.0,12134.0,12060.0,12085.0,19669.0
2012-07-19 00:00:00+09:00,12055.0,12090.0,12030.0,12085.0,16908.0
2012-07-20 00:00:00+09:00,12094.0,12124.0,12090.0,12119.0,13315.0
2012-07-23 00:00:00+09:00,12114.0,12114.0,12060.0,12090.0,22307.0
2012-07-24 00:00:00+09:00,12080.0,12090.0,12045.0,12070.0,12264.0
2012-07-25 00:00:00+09:00,12099.0,12129.0,12070.0,12090.0,27662.0
2012-07-26 00:00:00+09:00,12239.0,12279.0,12234.0,12264.0,18331.0
2012-07-27 00:00:00+09:00,12323.0,12358.0,12313.0,12358.0,14609.0
2012-07-30 00:00:00+09:00,12398.0,12418.0,12373.0,12383.0,24152.0
2012-07-31 00:00:00+09:00,12383.0,12428.0,12378.0,12428.0,48545.0
2012-08-01 00:00:00+09:00,12363.0,12363.0,12318.0,12363.0,13627.0
2012-08-02 00:00:00+09:00,12274.0,12279.0,12249.0,12249.0,11952.0
2012-08-03 00:00:00+09:00,12179.0,12184.0,12159.0,12179.0,2203.0
2012-08-06 00:00:00+09:00,12259.0,12303.0,12259.0,12298.0,17491.0
2012-08-07 00:00:00+09:00,12313.0,12338.0,12303.0,12333.0,4826.0
2012-08-08 00:00:00+09:00,12333.0,12333.0,12289.0,12293.0,7885.0
2012-08-09 00:00:00+09:00,12353.0,12358.0,12313.0,12348.0,24627.0
2012-08-10 00:00:00+09:00,12358.0,12358.0,12328.0,12328.0,6292.0
2012-08-13 00:00:00+09:00,12388.0,12438.0,12363.0,12413.0,10472.0
2012-08-14 00:00:00+09:00,12338.0,12363.0,12333.0,12348.0,7581.0
2012-08-16 00:00:00+09:00,12289.0,12303.0,12249.0,12284.0,21501.0
2012-08-17 00:00:00+09:00,12338.0,12378.0,12338.0,12368.0,18184.0
2012-08-20 00:00:00+09:00,12388.0,12388.0,12363.0,12383.0,18525.0
2012-08-21 00:00:00+09:00,12398.0,12408.0,12368.0,12408.0,23758.0
2012-08-22 00:00:00+09:00,12512.0,12552.0,12502.0,12552.0,63281.0
2012-08-23 00:00:00+09:00,12637.0,12751.0,12637.0,12751.0,29380.0
2012-08-24 00:00:00+09:00,12791.0,12801.0,12756.0,12761.0,27353.0
2012-08-27 00:00:00+09:00,12806.0,12836.0,12806.0,12836.0,30943.0
2012-08-28 00:00:00+09:00,12756.0,12756.0,12677.0,12726.0,31925.0
2012-08-29 00:00:00+09:00,12731.0,12756.0,12716.0,12746.0,29681.0
2012-08-30 00:00:00+09:00,12701.0,12701.0,12647.0,12677.0,31260.0
2012-08-31 00:00:00+09:00,12657.0,12687.0,12642.0,12687.0,12679.0
2012-09-03 00:00:00+09:00,12930.0,12990.0,12851.0,12900.0,124306.0
2012-09-04 00:00:00+09:00,12925.0,12985.0,12925.0,12975.0,20145.0
2012-09-05 00:00:00+09:00,12975.0,12985.0,12935.0,12955.0,26809.0
2012-09-06 00:00:00+09:00,12955.0,13000.0,12925.0,12985.0,13651.0
2012-09-07 00:00:00+09:00,13000.0,13030.0,12935.0,12945.0,51892.0
2012-09-10 00:00:00+09:00,13269.0,13313.0,13259.0,13313.0,71904.0
2012-09-11 00:00:00+09:00,13259.0,13269.0,13219.0,13219.0,24241.0
2012-09-12 00:00:00+09:00,13249.0,13313.0,13244.0,13313.0,30399.0
2012-09-13 00:00:00+09:00,13284.0,13284.0,13239.0,13269.0,16715.0
2012-09-14 00:00:00+09:00,13562.0,13622.0,13532.0,13622.0,110770.0
2012-09-17 00:00:00+09:00,13602.0,13617.0,13582.0,13607.0,59804.0
2012-09-18 00:00:00+09:00,13502.0,13502.0,13438.0,13463.0,51542.0
2012-09-19 00:00:00+09:00,13552.0,13617.0,13488.0,13617.0,50258.0
2012-09-20 00:00:00+09:00,13567.0,13592.0,13473.0,13483.0,77030.0
2012-09-21 00:00:00+09:00,13527.0,13597.0,13527.0,13547.0,32053.0
2012-09-24 00:00:00+09:00,13552.0,13562.0,13478.0,13488.0,41258.0
2012-09-25 00:00:00+09:00,13488.0,13517.0,13483.0,13502.0,38751.0
2012-09-26 00:00:00+09:00,13463.0,13502.0,13453.0,13488.0,24569.0
2012-09-27 00:00:00+09:00,13453.0,13488.0,13413.0,13478.0,26151.0
2012-09-28 00:00:00+09:00,13587.0,13652.0,13582.0,13652.0,41329.0
2012-10-02 00:00:00+09:00,13632.0,13642.0,13622.0,13642.0,17053.0
2012-10-04 00:00:00+09:00,13642.0,13662.0,13632.0,13662.0,25733.0
2012-10-05 00:00:00+09:00,13731.0,13781.0,13731.0,13756.0,48709.0
2012-10-08 00:00:00+09:00,13647.0,13652.0,13552.0,13577.0,48646.0
2012-10-09 00:00:00+09:00,13632.0,13652.0,13592.0,13622.0,23932.0
2012-10-10 00:00:00+09:00,13527.0,13537.0,13493.0,13517.0,30352.0
2012-10-11 00:00:00+09:00,13478.0,13547.0,13473.0,13517.0,36975.0
2012-10-12 00:00:00+09:00,13577.0,13577.0,13522.0,13552.0,41324.0
2012-10-15 00:00:00+09:00,13378.0,13388.0,13338.0,13353.0,29613.0
2012-10-16 00:00:00+09:00,13323.0,13323.0,13279.0,13294.0,39766.0
2012-10-17 00:00:00+09:00,13388.0,13438.0,13383.0,13438.0,18709.0
2012-10-18 00:00:00+09:00,13423.0,13428.0,13388.0,13428.0,10798.0
2012-10-19 00:00:00+09:00,13363.0,13368.0,13294.0,13343.0,29216.0
2012-10-22 00:00:00+09:00,13184.0,13249.0,13144.0,13239.0,29411.0
2012-10-23 00:00:00+09:00,13353.0,13363.0,13224.0,13229.0,23974.0
2012-10-24 00:00:00+09:00,13144.0,13149.0,13104.0,13119.0,47404.0
2012-10-25 00:00:00+09:00,13090.0,13129.0,13085.0,13129.0,23979.0
2012-10-26 00:00:00+09:00,13119.0,13159.0,13050.0,13070.0,50213.0
2012-10-29 00:00:00+09:00,13134.0,13164.0,13119.0,13154.0,26280.0
2012-10-30 00:00:00+09:00,13119.0,13139.0,13095.0,13109.0,10266.0
2012-10-31 00:00:00+09:00,13144.0,13234.0,13109.0,13234.0,16981.0
2012-11-01 00:00:00+09:00,13209.0,13219.0,13174.0,13214.0,12440.0
2012-11-02 00:00:00+09:00,13179.0,13179.0,13104.0,13119.0,25599.0
2012-11-05 00:00:00+09:00,12915.0,12930.0,12871.0,12891.0,40927.0
2012-11-06 00:00:00+09:00,12925.0,12950.0,12896.0,12950.0,21780.0
2012-11-07 00:00:00+09:00,13114.0,13234.0,13099.0,13234.0,19735.0
2012-11-08 00:00:00+09:00,13154.0,13209.0,13154.0,13194.0,28634.0
2012-11-09 00:00:00+09:00,13303.0,13338.0,13284.0,13338.0,61297.0
2012-11-12 00:00:00+09:00,13328.0,13333.0,13299.0,13333.0,22355.0
2012-11-13 00:00:00+09:00,13234.0,13259.0,13214.0,13254.0,18561.0
2012-11-14 00:00:00+09:00,13254.0,13274.0,13224.0,13269.0,21107.0
2012-11-15 00:00:00+09:00,13239.0,13254.0,13204.0,13239.0,14234.0
2012-11-16 00:00:00+09:00,13174.0,13174.0,13129.0,13144.0,16572.0
2012-11-19 00:00:00+09:00,13154.0,13224.0,13144.0,13224.0,12951.0
2012-11-20 00:00:00+09:00,13284.0,13323.0,13254.0,13313.0,42061.0
2012-11-21 00:00:00+09:00,13269.0,13269.0,13194.0,13209.0,25637.0
2012-11-22 00:00:00+09:00,13259.0,13308.0,13249.0,13303.0,58067.0
2012-11-23 00:00:00+09:00,13294.0,13299.0,13269.0,13279.0,41810.0
2012-11-26 00:00:00+09:00,13413.0,13433.0,13408.0,13433.0,37223.0
2012-11-27 00:00:00+09:00,13438.0,13453.0,13408.0,13448.0,26816.0
2012-11-28 00:00:00+09:00,13388.0,13393.0,13343.0,13353.0,21755.0
2012-11-29 00:00:00+09:00,13234.0,13239.0,13199.0,13204.0,45758.0
2012-11-30 00:00:00+09:00,13249.0,13294.0,13219.0,13294.0,19344.0
2012-12-03 00:00:00+09:00,13149.0,13204.0,13144.0,13164.0,32172.0
2012-12-04 00:00:00+09:00,13164.0,13184.0,13045.0,13045.0,29762.0
2012-12-05 00:00:00+09:00,13015.0,13070.0,12985.0,13035.0,23450.0
2012-12-06 00:00:00+09:00,12965.0,13030.0,12950.0,12950.0,32591.0
2012-12-07 00:00:00+09:00,13015.0,13065.0,13015.0,13065.0,21463.0
2012-12-10 00:00:00+09:00,13070.0,13085.0,13045.0,13080.0,21456.0
2012-12-11 00:00:00+09:00,13109.0,13134.0,13090.0,13129.0,27998.0
2012-12-12 00:00:00+09:00,13129.0,13134.0,13095.0,13124.0,11590.0
2012-12-13 00:00:00+09:00,13129.0,13134.0,12995.0,13045.0,41350.0
2012-12-14 00:00:00+09:00,13030.0,13045.0,13000.0,13035.0,28608.0
2012-12-17 00:00:00+09:00,13030.0,13030.0,12965.0,12985.0,33626.0
2012-12-18 00:00:00+09:00,12995.0,13080.0,12990.0,13065.0,17003.0
2012-12-20 00:00:00+09:00,12816.0,12831.0,12771.0,12771.0,78427.0
2012-12-21 00:00:00+09:00,12642.0,12642.0,12547.0,12607.0,44367.0
2012-12-24 00:00:00+09:00,12701.0,12736.0,12687.0,12736.0,18271.0
2012-12-26 00:00:00+09:00,12687.0,12711.0,12667.0,12696.0,34367.0
2012-12-27 00:00:00+09:00,12706.0,12746.0,12706.0,12731.0,17438.0
2012-12-28 00:00:00+09:00,12746.0,12791.0,12746.0,12751.0,9306.0
2013-01-02 00:00:00+09:00,12816.0,12910.0,12816.0,12910.0,36809.0
2013-01-03 00:00:00+09:00,12925.0,12985.0,12925.0,12955.0,36343.0
2013-01-04 00:00:00+09:00,12766.0,12786.0,12652.0,12682.0,58418.0
2013-01-07 00:00:00+09:00,12721.0,12746.0,12687.0,12726.0,21463.0
2013-01-08 00:00:00+09:00,12652.0,12696.0,12652.0,12667.0,15778.0
2013-01-09 00:00:00+09:00,12776.0,12776.0,12706.0,12736.0,17268.0
2013-01-10 00:00:00+09:00,12731.0,12731.0,12677.0,12716.0,16419.0
2013-01-11 00:00:00+09:00,12826.0,12861.0,12816.0,12861.0,22876.0
2013-01-14 00:00:00+09:00,12766.0,12816.0,12756.0,12791.0,17830.0
2013-01-15 00:00:00+09:00,12796.0,12831.0,12786.0,12831.0,13626.0
2013-01-16 00:00:00+09:00,12876.0,12930.0,12876.0,12886.0,24063.0
2013-01-17 00:00:00+09:00,12886.0,12896.0,12856.0,12856.0,26316.0
2013-01-18 00:00:00+09:00,12930.0,12960.0,12925.0,12955.0,25124.0
2013-01-21 00:00:00+09:00,12985.0,12985.0,12940.0,12980.0,11203.0
2013-01-22 00:00:00+09:00,12980.0,12985.0,12955.0,12985.0,20564.0
2013-01-23 00:00:00+09:00,12985.0,13010.0,12980.0,12990.0,7081.0
2013-01-24 00:00:00+09:00,12955.0,12955.0,12896.0,12896.0,31084.0
2013-01-25 00:00:00+09:00,12786.0,12841.0,12786.0,12841.0,11363.0
2013-01-28 00:00:00+09:00,12761.0,12766.0,12731.0,12751.0,22705.0
2013-01-29 00:00:00+09:00,12731.0,12761.0,12716.0,12746.0,20612.0
2013-01-30 00:00:00+09:00,12791.0,12806.0,12751.0,12806.0,23547.0
2013-01-31 00:00:00+09:00,12871.0,12915.0,12856.0,12915.0,28863.0
2013-02-01 00:00:00+09:00,12776.0,12776.0,12726.0,12756.0,55617.0
2013-02-04 00:00:00+09:00,12771.0,12846.0,12761.0,12806.0,24973.0
2013-02-05 00:00:00+09:00,12821.0,12856.0,12811.0,12846.0,33701.0
2013-02-06 00:00:00+09:00,12826.0,12846.0,12811.0,12826.0,26253.0
2013-02-07 00:00:00+09:00,12866.0,12876.0,12846.0,12871.0,29952.0
2013-02-08 00:00:00+09:00,12846.0,12846.0,12791.0,12806.0,22002.0
2013-02-12 00:00:00+09:00,12657.0,12677.0,12627.0,12652.0,80323.0
2013-02-13 00:00:00+09:00,12657.0,12692.0,12657.0,12677.0,17283.0
2013-02-14 00:00:00+09:00,12642.0,12642.0,12592.0,12617.0,75052.0
2013-02-15 00:00:00+09:00,12562.0,12567.0,12522.0,12527.0,45045.0
2013-02-18 00:00:00+09:00,12398.0,12443.0,12383.0,12413.0,57743.0
2013-02-19 00:00:00+09:00,12378.0,12403.0,12373.0,12398.0,21237.0
2013-02-20 00:00:00+09:00,12343.0,12343.0,12318.0,12323.0,41012.0
2013-02-21 00:00:00+09:00,12080.0,12080.0,11965.0,12015.0,152913.0
2013-02-22 00:00:00+09:00,12080.0,12184.0,12080.0,12184.0,39839.0
2013-02-25 00:00:00+09:00,12144.0,12179.0,12080.0,12169.0,23363.0
2013-02-26 00:00:00+09:00,12244.0,12293.0,12219.0,12259.0,35003.0
2013-02-27 00:00:00+09:00,12373.0,12418.0,12373.0,12383.0,26615.0
2013-02-28 00:00:00+09:00,12279.0,12532.0,12269.0,12532.0,46804.0
2013-03-04 00:00:00+09:00,12154.0,12194.0,12124.0,12149.0,68204.0
2013-03-05 00:00:00+09:00,12129.0,12159.0,12124.0,12144.0,24296.0
2013-03-06 00:00:00+09:00,12144.0,12149.0,12129.0,12149.0,14446.0
2013-03-07 00:00:00+09:00,12179.0,12184.0,12149.0,12184.0,11430.0
2013-03-08 00:00:00+09:00,12154.0,12164.0,12129.0,12144.0,33395.0
2013-03-11 00:00:00+09:00,12139.0,12179.0,12119.0,12174.0,31707.0
2013-03-12 00:00:00+09:00,12174.0,12174.0,12134.0,12154.0,19182.0
2013-03-13 00:00:00+09:00,12209.0,12244.0,12209.0,12239.0,16082.0
2013-03-14 00:00:00+09:00,12174.0,12214.0,12169.0,12214.0,23747.0
2013-03-15 00:00:00+09:00,12239.0,12259.0,12189.0,12259.0,14442.0
2013-03-18 00:00:00+09:00,12289.0,12323.0,12249.0,12284.0,44520.0
2013-03-19 00:00:00+09:00,12338.0,12353.0,12308.0,12333.0,29389.0
2013-03-20 00:00:00+09:00,12393.0,12393.0,12348.0,12373.0,41890.0
2013-03-21 00:00:00+09:00,12368.0,12368.0,12303.0,12333.0,42636.0
2013-03-22 00:00:00+09:00,12383.0,12408.0,12373.0,12383.0,20750.0
2013-03-25 00:00:00+09:00,12333.0,12373.0,12308.0,12348.0,24807.0
2013-03-26 00:00:00+09:00,12338.0,12348.0,12298.0,12318.0,15958.0
2013-03-27 00:00:00+09:00,12293.0,12308.0,12274.0,12293.0,15176.0
2013-03-28 00:00:00+09:00,12308.0,12363.0,12308.0,12358.0,18155.0
2013-03-29 00:00:00+09:00,12308.0,12323.0,12244.0,12323.0,16292.0
2013-04-01 00:00:00+09:00,12269.0,12298.0,12269.0,12289.0,9238.0
2013-04-02 00:00:00+09:00,12293.0,12318.0,12289.0,12289.0,16027.0
2013-04-03 00:00:00+09:00,12139.0,12139.0,12025.0,12060.0,69055.0
2013-04-04 00:00:00+09:00,11975.0,11975.0,11851.0,11930.0,69163.0
2013-04-05 00:00:00+09:00,11930.0,11950.0,11905.0,11925.0,13794.0
2013-04-08 00:00:00+09:00,12094.0,12124.0,12094.0,12094.0,53977.0
2013-04-09 00:00:00+09:00,12094.0,12109.0,12075.0,12099.0,12071.0
2013-04-10 00:00:00+09:00,12194.0,12194.0,12159.0,12184.0,50619.0
2013-04-11 00:00:00+09:00,11970.0,12010.0,11935.0,12005.0,35339.0
2013-04-12 00:00:00+09:00,12025.0,12025.0,11980.0,12010.0,17060.0
2013-04-15 00:00:00+09:00,11463.0,11487.0,10950.0,11149.0,241613.0
2013-04-16 00:00:00+09:00,10408.0,10517.0,10179.0,10478.0,300993.0
2013-04-17 00:00:00+09:00,10567.0,10647.0,10482.0,10562.0,121470.0
2013-04-18 00:00:00+09:00,10562.0,10562.0,10278.0,10512.0,77786.0
2013-04-19 00:00:00+09:00,10686.0,10831.0,10627.0,10831.0,79255.0
2013-04-22 00:00:00+09:00,10746.0,10950.0,10731.0,10910.0,49173.0
2013-04-23 00:00:00+09:00,10935.0,10990.0,10900.0,10960.0,68679.0
2013-04-24 00:00:00+09:00,10885.0,11005.0,10856.0,10995.0,34384.0
2013-04-25 00:00:00+09:00,11015.0,11134.0,10985.0,11134.0,28282.0
2013-04-26 00:00:00+09:00,11303.0,11408.0,11293.0,11343.0,46786.0
2013-04-29 00:00:00+09:00,11338.0,11338.0,11244.0,11269.0,47013.0
2013-04-30 00:00:00+09:00,11338.0,11338.0,11259.0,11274.0,24896.0
2013-05-02 00:00:00+09:00,11184.0,11214.0,11144.0,11174.0,43180.0
2013-05-03 00:00:00+09:00,11298.0,11358.0,11274.0,11343.0,36071.0
2013-05-06 00:00:00+09:00,11318.0,11363.0,11288.0,11348.0,19216.0
2013-05-07 00:00:00+09:00,11293.0,11303.0,11219.0,11249.0,16297.0
2013-05-08 00:00:00+09:00,11174.0,11204.0,11129.0,11149.0,29146.0
2013-05-09 00:00:00+09:00,11298.0,11338.0,11284.0,11318.0,34361.0
2013-05-10 00:00:00+09:00,11164.0,11244.0,11124.0,11244.0,42077.0
2013-05-13 00:00:00+09:00,11060.0,11070.0,10970.0,11030.0,69369.0
2013-05-14 00:00:00+09:00,11030.0,11094.0,11015.0,11080.0,18546.0
2013-05-15 00:00:00+09:00,11000.0,11000.0,10935.0,10940.0,36610.0
2013-05-16 00:00:00+09:00,10741.0,10746.0,10652.0,10736.0,65358.0
2013-05-20 00:00:00+09:00,10363.0,10388.0,10288.0,10338.0,143401.0
2013-05-21 00:00:00+09:00,10632.0,10736.0,10602.0,10731.0,75392.0
2013-05-22 00:00:00+09:00,10577.0,10617.0,10562.0,10602.0,72356.0
2013-05-23 00:00:00+09:00,10453.0,10562.0,10433.0,10562.0,45563.0
2013-05-24 00:00:00+09:00,10642.0,10716.0,10642.0,10706.0,52509.0
2013-05-27 00:00:00+09:00,10672.0,10696.0,10627.0,10696.0,18910.0
2013-05-28 00:00:00+09:00,10721.0,10721.0,10642.0,10672.0,24688.0
2013-05-29 00:00:00+09:00,10617.0,10672.0,10597.0,10617.0,35189.0
2013-05-30 00:00:00+09:00,10681.0,10796.0,10662.0,10756.0,27752.0
2013-05-31 00:00:00+09:00,10856.0,10930.0,10831.0,10876.0,91945.0
2013-06-03 00:00:00+09:00,10716.0,10746.0,10701.0,10746.0,27131.0
2013-06-04 00:00:00+09:00,10841.0,10861.0,10801.0,10801.0,34604.0
2013-06-05 00:00:00+09:00,10751.0,10826.0,10716.0,10806.0,31068.0
2013-06-07 00:00:00+09:00,10826.0,10885.0,10826.0,10881.0,41997.0
2013-06-10 00:00:00+09:00,10657.0,10672.0,10622.0,10622.0,62322.0
2013-06-11 00:00:00+09:00,10647.0,10647.0,10597.0,10617.0,11129.0
2013-06-12 00:00:00+09:00,10592.0,10602.0,10537.0,10572.0,41129.0
2013-06-13 00:00:00+09:00,10622.0,10691.0,10612.0,10672.0,49558.0
2013-06-14 00:00:00+09:00,10622.0,10647.0,10597.0,10642.0,21550.0
2013-06-17 00:00:00+09:00,10667.0,10696.0,10642.0,10657.0,24699.0
2013-06-18 00:00:00+09:00,10657.0,10657.0,10607.0,10617.0,20192.0
2013-06-19 00:00:00+09:00,10542.0,10542.0,10492.0,10507.0,7051.0
2013-06-20 00:00:00+09:00,10368.0,10368.0,10283.0,10288.0,42154.0
2013-06-21 00:00:00+09:00,9756.0,9975.0,9731.0,9975.0,85060.0
2013-06-24 00:00:00+09:00,9950.0,9970.0,9821.0,9826.0,32734.0
2013-06-25 00:00:00+09:00,9821.0,9861.0,9751.0,9801.0,33199.0
2013-06-26 00:00:00+09:00,9801.0,9801.0,9552.0,9582.0,56211.0
2013-06-27 00:00:00+09:00,9443.0,9557.0,9443.0,9532.0,40084.0
2013-06-28 00:00:00+09:00,9254.0,9298.0,9065.0,9293.0,150875.0
2013-07-01 00:00:00+09:00,9477.0,9552.0,9403.0,9547.0,46675.0
2013-07-02 00:00:00+09:00,9602.0,9686.0,9592.0,9676.0,78668.0
2013-07-03 00:00:00+09:00,9562.0,9587.0,9527.0,9532.0,18319.0
2013-07-04 00:00:00+09:00,9607.0,9647.0,9597.0,9612.0,10864.0
2013-07-05 00:00:00+09:00,9592.0,9592.0,9517.0,9552.0,15828.0
2013-07-08 00:00:00+09:00,9358.0,9383.0,9318.0,9373.0,30678.0
2013-07-09 00:00:00+09:00,9463.0,9662.0,9463.0,9662.0,37725.0
2013-07-10 00:00:00+09:00,9582.0,9587.0,9522.0,9562.0,15642.0
2013-07-11 00:00:00+09:00,9816.0,9925.0,9796.0,9925.0,39596.0
2013-07-12 00:00:00+09:00,9871.0,9885.0,9796.0,9831.0,42988.0
2013-07-15 00:00:00+09:00,9866.0,9910.0,9861.0,9895.0,40270.0
2013-07-16 00:00:00+09:00,9851.0,9851.0,9796.0,9846.0,40933.0
2013-07-17 00:00:00+09:00,9871.0,9905.0,9866.0,9895.0,12903.0
2013-07-18 00:00:00+09:00,9766.0,9796.0,9766.0,9791.0,20970.0
2013-07-19 00:00:00+09:00,9826.0,9920.0,9816.0,9905.0,19589.0
2013-07-22 00:00:00+09:00,10045.0,10104.0,10035.0,10104.0,33558.0
2013-07-23 00:00:00+09:00,10244.0,10249.0,10199.0,10199.0,21454.0
2013-07-24 00:00:00+09:00,10269.0,10303.0,10234.0,10254.0,24021.0
2013-07-25 00:00:00+09:00,10094.0,10139.0,10094.0,10139.0,16859.0
2013-07-26 00:00:00+09:00,10214.0,10259.0,10204.0,10244.0,20098.0
2013-07-29 00:00:00+09:00,10214.0,10214.0,10164.0,10169.0,10896.0
2013-07-30 00:00:00+09:00,10179.0,10189.0,10169.0,10169.0,4498.0
2013-07-31 00:00:00+09:00,10184.0,10229.0,10149.0,10209.0,10424.0
2013-08-01 00:00:00+09:00,10149.0,10194.0,10084.0,10099.0,12622.0
2013-08-02 00:00:00+09:00,10035.0,10174.0,9841.0,9890.0,151508.0
2013-08-05 00:00:00+09:00,10030.0,10104.0,10030.0,10070.0,10746.0
2013-08-06 00:00:00+09:00,9975.0,10010.0,9861.0,9880.0,34250.0
2013-08-07 00:00:00+09:00,9796.0,9826.0,9751.0,9791.0,11479.0
2013-08-08 00:00:00+09:00,9821.0,9930.0,9821.0,9930.0,15719.0
2013-08-09 00:00:00+09:00,10065.0,10079.0,10015.0,10035.0,18151.0
2013-08-12 00:00:00+09:00,10199.0,10199.0,10154.0,10194.0,21886.0
2013-08-13 00:00:00+09:00,10194.0,10244.0,10194.0,10234.0,18912.0
2013-08-14 00:00:00+09:00,10134.0,10154.0,10079.0,10119.0,44278.0
2013-08-16 00:00:00+09:00,10418.0,10522.0,10418.0,10448.0,76718.0
2013-08-19 00:00:00+09:00,10537.0,10597.0,10522.0,10587.0,83635.0
2013-08-20 00:00:00+09:00,10492.0,10497.0,10383.0,10418.0,32500.0
2013-08-21 00:00:00+09:00,10463.0,10507.0,10463.0,10478.0,28438.0
2013-08-22 00:00:00+09:00,10383.0,10453.0,10368.0,10448.0,24122.0
2013-08-23 00:00:00+09:00,10517.0,10547.0,10497.0,10527.0,32054.0
2013-08-26 00:00:00+09:00,10711.0,10716.0,10652.0,10711.0,57857.0
2013-08-27 00:00:00+09:00,10726.0,10761.0,10686.0,10711.0,113979.0
2013-08-28 00:00:00+09:00,10856.0,10945.0,10841.0,10940.0,90073.0
2013-08-29 00:00:00+09:00,10866.0,10866.0,10761.0,10761.0,54993.0
2013-08-30 00:00:00+09:00,10761.0,10796.0,10731.0,10796.0,35876.0
2013-09-02 00:00:00+09:00,10587.0,10716.0,10572.0,10716.0,29746.0
2013-09-03 00:00:00+09:00,10662.0,10706.0,10662.0,10677.0,10567.0
2013-09-04 00:00:00+09:00,10796.0,10841.0,10771.0,10771.0,26966.0
2013-09-05 00:00:00+09:00,10691.0,10696.0,10587.0,10612.0,28089.0
2013-09-06 00:00:00+09:00,10478.0,10537.0,10478.0,10527.0,20636.0
2013-09-09 00:00:00+09:00,10622.0,10652.0,10612.0,10622.0,24588.0
2013-09-10 00:00:00+09:00,10647.0,10647.0,10552.0,10552.0,13194.0
2013-09-11 00:00:00+09:00,10453.0,10487.0,10408.0,10463.0,30936.0
2013-09-12 00:00:00+09:00,10478.0,10478.0,10408.0,10418.0,28800.0
2013-09-13 00:00:00+09:00,10194.0,10209.0,10040.0,10065.0,99211.0
2013-09-16 00:00:00+09:00,10189.0,10194.0,10154.0,10194.0,27734.0
2013-09-17 00:00:00+09:00,10089.0,10114.0,10050.0,10070.0,37880.0
2013-09-23 00:00:00+09:00,10164.0,10189.0,10070.0,10149.0,26569.0
2013-09-24 00:00:00+09:00,10149.0,10184.0,10139.0,10184.0,20609.0
2013-09-25 00:00:00+09:00,10179.0,10179.0,10134.0,10154.0,8900.0
2013-09-26 00:00:00+09:00,10199.0,10244.0,10199.0,10209.0,24791.0
2013-09-27 00:00:00+09:00,10174.0,10184.0,10139.0,10179.0,10430.0
2013-09-30 00:00:00+09:00,10264.0,10283.0,10259.0,10283.0,15915.0
2013-10-01 00:00:00+09:00,10189.0,10219.0,10179.0,10199.0,18532.0
2013-10-02 00:00:00+09:00,9910.0,9935.0,9826.0,9930.0,79297.0
2013-10-04 00:00:00+09:00,10089.0,10104.0,10079.0,10104.0,40158.0
2013-10-07 00:00:00+09:00,10070.0,10089.0,10060.0,10079.0,8416.0
2013-10-08 00:00:00+09:00,10134.0,10174.0,10129.0,10174.0,18784.0
2013-10-10 00:00:00+09:00,10015.0,10035.0,9990.0,10035.0,29102.0
2013-10-11 00:00:00+09:00,9895.0,9935.0,9875.0,9920.0,71800.0
2013-10-14 00:00:00+09:00,9786.0,9786.0,9736.0,9766.0,80183.0
2013-10-15 00:00:00+09:00,9766.0,9781.0,9716.0,9751.0,119351.0
2013-10-16 00:00:00+09:00,9756.0,9836.0,9756.0,9836.0,57569.0
2013-10-17 00:00:00+09:00,9821.0,9861.0,9791.0,9796.0,36055.0
2013-10-18 00:00:00+09:00,10075.0,10099.0,10065.0,10084.0,129187.0
2013-10-21 00:00:00+09:00,10079.0,10129.0,10070.0,10109.0,28795.0
2013-10-22 00:00:00+09:00,10099.0,10099.0,10060.0,10089.0,12703.0
2013-10-23 00:00:00+09:00,10254.0,10288.0,10244.0,10254.0,44188.0
2013-10-24 00:00:00+09:00,10229.0,10249.0,10219.0,10249.0,8826.0
2013-10-25 00:00:00+09:00,10313.0,10338.0,10288.0,10288.0,23955.0
2013-10-28 00:00:00+09:00,10323.0,10368.0,10323.0,10358.0,22820.0
2013-10-29 00:00:00+09:00,10358.0,10423.0,10358.0,10383.0,53059.0
2013-10-30 00:00:00+09:00,10313.0,10318.0,10264.0,10308.0,31550.0
2013-10-31 00:00:00+09:00,10244.0,10378.0,10239.0,10378.0,41880.0
2013-11-01 00:00:00+09:00,10159.0,10174.0,10144.0,10174.0,15627.0
2013-11-04 00:00:00+09:00,10094.0,10104.0,10070.0,10079.0,19921.0
2013-11-05 00:00:00+09:00,10104.0,10109.0,10075.0,10075.0,10411.0
2013-11-06 00:00:00+09:00,10079.0,10079.0,10040.0,10079.0,7258.0
2013-11-07 00:00:00+09:00,10119.0,10119.0,10075.0,10109.0,22864.0
2013-11-08 00:00:00+09:00,10055.0,10060.0,10015.0,10060.0,5932.0
2013-11-11 00:00:00+09:00,9851.0,9880.0,9836.0,9866.0,46021.0
2013-11-12 00:00:00+09:00,9846.0,9846.0,9796.0,9811.0,50676.0
2013-11-13 00:00:00+09:00,9726.0,9751.0,9711.0,9741.0,42228.0
2013-11-14 00:00:00+09:00,9836.0,9875.0,9816.0,9875.0,33086.0
2013-11-15 00:00:00+09:00,9880.0,9900.0,9851.0,9895.0,21210.0
2013-11-18 00:00:00+09:00,9856.0,9890.0,9851.0,9890.0,9789.0
2013-11-19 00:00:00+09:00,9781.0,9786.0,9746.0,9771.0,55589.0
2013-11-20 00:00:00+09:00,9771.0,9781.0,9766.0,9781.0,5135.0
2013-11-21 00:00:00+09:00,9572.0,9587.0,9567.0,9577.0,105185.0
2013-11-22 00:00:00+09:00,9542.0,9562.0,9502.0,9547.0,32534.0
2013-11-25 00:00:00+09:00,9512.0,9547.0,9482.0,9522.0,31157.0
2013-11-26 00:00:00+09:00,9592.0,9597.0,9562.0,9577.0,45084.0
2013-11-27 00:00:00+09:00,9572.0,9572.0,9522.0,9527.0,36804.0
2013-11-28 00:00:00+09:00,9517.0,9522.0,9472.0,9517.0,19998.0
2013-11-29 00:00:00+09:00,9552.0,9552.0,9512.0,9542.0,22069.0
2013-12-02 00:00:00+09:00,9547.0,9582.0,9542.0,9577.0,14116.0
2013-12-03 00:00:00+09:00,9403.0,9413.0,9378.0,9378.0,65275.0
2013-12-04 00:00:00+09:00,9393.0,9403.0,9343.0,9393.0,23093.0
2013-12-05 00:00:00+09:00,9512.0,9522.0,9477.0,9497.0,34465.0
2013-12-06 00:00:00+09:00,9363.0,9443.0,9353.0,9423.0,24224.0
2013-12-09 00:00:00+09:00,9398.0,9443.0,9393.0,9443.0,16470.0
2013-12-10 00:00:00+09:00,9472.0,9502.0,9472.0,9502.0,15319.0
2013-12-11 00:00:00+09:00,9642.0,9652.0,9607.0,9647.0,57144.0
2013-12-12 00:00:00+09:00,9622.0,9652.0,9612.0,9627.0,29957.0
2013-12-13 00:00:00+09:00,9453.0,9458.0,9393.0,9433.0,50371.0
2013-12-16 00:00:00+09:00,9463.0,9507.0,9463.0,9497.0,8981.0
2013-12-17 00:00:00+09:00,9547.0,9547.0,9497.0,9542.0,11885.0
2013-12-18 00:00:00+09:00,9443.0,9492.0,9443.0,9492.0,17851.0
2013-12-19 00:00:00+09:00,9388.0,9438.0,9373.0,9398.0,27332.0
2013-12-20 00:00:00+09:00,9164.0,9194.0,9154.0,9189.0,71030.0
2013-12-23 00:00:00+09:00,9249.0,9259.0,9219.0,9234.0,23272.0
2013-12-24 00:00:00+09:00,9214.0,9239.0,9154.0,9169.0,52394.0
2013-12-26 00:00:00+09:00,9224.0,9254.0,9204.0,9214.0,19226.0
2013-12-27 00:00:00+09:00,9269.0,9308.0,9259.0,9283.0,18328.0
2013-12-30 00:00:00+09:00,9308.0,9313.0,9259.0,9293.0,13379.0
2014-01-02 00:00:00+09:00,9293.0,9403.0,9249.0,9383.0,31974.0
2014-01-03 00:00:00+09:00,9378.0,9492.0,9378.0,9443.0,20218.0
2014-01-06 00:00:00+09:00,9453.0,9517.0,9453.0,9487.0,20856.0
2014-01-07 00:00:00+09:00,9502.0,9527.0,9482.0,9522.0,12180.0
2014-01-08 00:00:00+09:00,9472.0,9472.0,9408.0,9443.0,6614.0
2014-01-09 00:00:00+09:00,9443.0,9443.0,9383.0,9403.0,7595.0
2014-01-10 00:00:00+09:00,9413.0,9502.0,9408.0,9502.0,22459.0
2014-01-13 00:00:00+09:00,9557.0,9607.0,9557.0,9572.0,17063.0
2014-01-14 00:00:00+09:00,9597.0,9607.0,9577.0,9592.0,59500.0
2014-01-15 00:00:00+09:00,9527.0,9562.0,9507.0,9542.0,21987.0
2014-01-16 00:00:00+09:00,9507.0,9537.0,9502.0,9527.0,9063.0
2014-01-17 00:00:00+09:00,9552.0,9562.0,9507.0,9527.0,16576.0
2014-01-20 00:00:00+09:00,9627.0,9627.0,9602.0,9607.0,18142.0
2014-01-21 00:00:00+09:00,9607.0,9622.0,9577.0,9602.0,7357.0
2014-01-22 00:00:00+09:00,9562.0,9562.0,9502.0,9522.0,5410.0
2014-01-23 00:00:00+09:00,9517.0,9517.0,9453.0,9468.0,4698.0
2014-01-24 00:00:00+09:00,9657.0,9662.0,9632.0,9642.0,25856.0
2014-01-27 00:00:00+09:00,9771.0,9791.0,9741.0,9746.0,30880.0
2014-01-28 00:00:00+09:00,9691.0,9696.0,9632.0,9696.0,35486.0
2014-01-29 00:00:00+09:00,9647.0,9647.0,9622.0,9637.0,5843.0
2014-02-03 00:00:00+09:00,9592.0,9602.0,9537.0,9537.0,11127.0
2014-02-04 00:00:00+09:00,9652.0,9667.0,9612.0,9632.0,14883.0
2014-02-05 00:00:00+09:00,9652.0,9667.0,9612.0,9657.0,36496.0
2014-02-06 00:00:00+09:00,9662.0,9691.0,9637.0,9657.0,7336.0
2014-02-07 00:00:00+09:00,9681.0,9686.0,9652.0,9667.0,10227.0
2014-02-10 00:00:00+09:00,9706.0,9741.0,9706.0,9731.0,11523.0
2014-02-11 00:00:00+09:00,9766.0,9871.0,9761.0,9846.0,27188.0
2014-02-12 00:00:00+09:00,9925.0,9925.0,9851.0,9871.0,13424.0
2014-02-13 00:00:00+09:00,9895.0,9945.0,9895.0,9915.0,19996.0
2014-02-14 00:00:00+09:00,9960.0,10020.0,9960.0,10000.0,36449.0
2014-02-17 00:00:00+09:00,10139.0,10204.0,10124.0,10204.0,47763.0
2014-02-18 00:00:00+09:00,10209.0,10229.0,10094.0,10094.0,30286.0
2014-02-19 00:00:00+09:00,10149.0,10174.0,10114.0,10119.0,19996.0
2014-02-20 00:00:00+09:00,10099.0,10099.0,10040.0,10060.0,31095.0
2014-02-21 00:00:00+09:00,10109.0,10129.0,10079.0,10089.0,16162.0
2014-02-24 00:00:00+09:00,10149.0,10184.0,10119.0,10169.0,21723.0
2014-02-25 00:00:00+09:00,10234.0,10274.0,10234.0,10259.0,34655.0
2014-02-26 00:00:00+09:00,10278.0,10298.0,10269.0,10298.0,10498.0
2014-02-27 00:00:00+09:00,10259.0,10264.0,10189.0,10204.0,9897.0
2014-02-28 00:00:00+09:00,10209.0,10269.0,10209.0,10264.0,23544.0
2014-03-03 00:00:00+09:00,10274.0,10353.0,10274.0,10353.0,69382.0
2014-03-04 00:00:00+09:00,10413.0,10418.0,10368.0,10413.0,24909.0
2014-03-05 00:00:00+09:00,10298.0,10298.0,10259.0,10278.0,22752.0
2014-03-06 00:00:00+09:00,10249.0,10278.0,10249.0,10269.0,11599.0
2014-03-07 00:00:00+09:00,10353.0,10408.0,10343.0,10398.0,15559.0
2014-03-10 00:00:00+09:00,10288.0,10288.0,10239.0,10259.0,14497.0
2014-03-11 00:00:00+09:00,10323.0,10323.0,10264.0,10318.0,18571.0
2014-03-12 00:00:00+09:00,10333.0,10448.0,10333.0,10413.0,30724.0
2014-03-13 00:00:00+09:00,10463.0,10562.0,10458.0,10527.0,16837.0
2014-03-14 00:00:00+09:00,10517.0,10562.0,10497.0,10507.0,25188.0
2014-03-17 00:00:00+09:00,10637.0,10662.0,10627.0,10662.0,34146.0
2014-03-18 00:00:00+09:00,10487.0,10537.0,10448.0,10487.0,38494.0
2014-03-19 00:00:00+09:00,10448.0,10448.0,10398.0,10448.0,15521.0
2014-03-20 00:00:00+09:00,10239.0,10264.0,10199.0,10204.0,56358.0
2014-03-21 00:00:00+09:00,10209.0,10288.0,10204.0,10224.0,18703.0
2014-03-24 00:00:00+09:00,10283.0,10283.0,10179.0,10189.0,15820.0
2014-03-25 00:00:00+09:00,10114.0,10119.0,10040.0,10109.0,14290.0
2014-03-26 00:00:00+09:00,10070.0,10109.0,10055.0,10109.0,19412.0
2014-03-27 00:00:00+09:00,10084.0,10084.0,10005.0,10040.0,14960.0
2014-03-28 00:00:00+09:00,9955.0,9970.0,9915.0,9955.0,22778.0
2014-03-31 00:00:00+09:00,9955.0,9990.0,9950.0,9990.0,13673.0
2014-04-01 00:00:00+09:00,9905.0,9905.0,9851.0,9905.0,26265.0
2014-04-02 00:00:00+09:00,9856.0,9895.0,9856.0,9895.0,11777.0
2014-04-03 00:00:00+09:00,9915.0,9965.0,9910.0,9950.0,8209.0
2014-04-04 00:00:00+09:00,9910.0,9930.0,9895.0,9925.0,8140.0
2014-04-07 00:00:00+09:00,9995.0,10025.0,9995.0,10020.0,17656.0
2014-04-08 00:00:00+09:00,10015.0,10025.0,9970.0,10025.0,16997.0
2014-04-09 00:00:00+09:00,10060.0,10099.0,10040.0,10099.0,16712.0
2014-04-10 00:00:00+09:00,10075.0,10119.0,10060.0,10094.0,10386.0
2014-04-11 00:00:00+09:00,10119.0,10179.0,10114.0,10179.0,18492.0
2014-04-14 00:00:00+09:00,10179.0,10224.0,10179.0,10224.0,11265.0
2014-04-15 00:00:00+09:00,10224.0,10224.0,10149.0,10174.0,24012.0
2014-04-16 00:00:00+09:00,10050.0,10050.0,9990.0,9990.0,13974.0
2014-04-17 00:00:00+09:00,10030.0,10030.0,9995.0,10010.0,4812.0
2014-04-18 00:00:00+09:00,9985.0,9985.0,9950.0,9965.0,11996.0
2014-04-21 00:00:00+09:00,9970.0,10000.0,9885.0,9920.0,13938.0
2014-04-22 00:00:00+09:00,9930.0,9945.0,9915.0,9920.0,4918.0
2014-04-23 00:00:00+09:00,9910.0,9910.0,9880.0,9910.0,7604.0
2014-04-24 00:00:00+09:00,9915.0,9935.0,9866.0,9895.0,12901.0
2014-04-25 00:00:00+09:00,9945.0,9950.0,9905.0,9950.0,7505.0
2014-04-28 00:00:00+09:00,10015.0,10045.0,10005.0,10030.0,15032.0
2014-04-29 00:00:00+09:00,9970.0,10000.0,9955.0,9960.0,5957.0
2014-04-30 00:00:00+09:00,9955.0,9990.0,9935.0,9965.0,5820.0
2014-05-02 00:00:00+09:00,9920.0,9920.0,9866.0,9900.0,9095.0
2014-05-07 00:00:00+09:00,10050.0,10089.0,10040.0,10089.0,24043.0
2014-05-08 00:00:00+09:00,9930.0,9955.0,9925.0,9940.0,12113.0
2014-05-09 00:00:00+09:00,9960.0,9960.0,9925.0,9950.0,1132.0
2014-05-12 00:00:00+09:00,9910.0,9950.0,9866.0,9905.0,12885.0
2014-05-13 00:00:00+09:00,9955.0,9985.0,9935.0,9950.0,23945.0
2014-05-14 00:00:00+09:00,9950.0,9970.0,9930.0,9950.0,5760.0
2014-05-15 00:00:00+09:00,10030.0,10045.0,10010.0,10010.0,8253.0
2014-05-16 00:00:00+09:00,9960.0,10000.0,9960.0,9985.0,3821.0
2014-05-19 00:00:00+09:00,9970.0,9970.0,9935.0,9950.0,3880.0
2014-05-20 00:00:00+09:00,9950.0,9960.0,9930.0,9945.0,6029.0
2014-05-21 00:00:00+09:00,9945.0,9995.0,9945.0,9980.0,4500.0
2014-05-22 00:00:00+09:00,9970.0,9970.0,9910.0,9950.0,8664.0
2014-05-23 00:00:00+09:00,9990.0,9990.0,9940.0,9960.0,4685.0
2014-05-26 00:00:00+09:00,9960.0,9965.0,9940.0,9945.0,4276.0
2014-05-27 00:00:00+09:00,9950.0,9960.0,9925.0,9930.0,6772.0
2014-05-28 00:00:00+09:00,9761.0,9771.0,9736.0,9771.0,31263.0
2014-05-29 00:00:00+09:00,9716.0,9726.0,9701.0,9711.0,19667.0
2014-05-30 00:00:00+09:00,9711.0,9711.0,9676.0,9691.0,11183.0
2014-06-02 00:00:00+09:00,9637.0,9637.0,9592.0,9592.0,23149.0
2014-06-03 00:00:00+09:00,9592.0,9612.0,9577.0,9607.0,5411.0
2014-06-05 00:00:00+09:00,9607.0,9612.0,9582.0,9612.0,11188.0
2014-06-09 00:00:00+09:00,9672.0,9676.0,9632.0,9672.0,16614.0
2014-06-10 00:00:00+09:00,9672.0,9691.0,9662.0,9691.0,11337.0
2014-06-11 00:00:00+09:00,9716.0,9731.0,9696.0,9711.0,8712.0
2014-06-12 00:00:00+09:00,9711.0,9741.0,9696.0,9701.0,7205.0
2014-06-13 00:00:00+09:00,9786.0,9836.0,9786.0,9826.0,18703.0
2014-06-16 00:00:00+09:00,9880.0,9895.0,9861.0,9890.0,25392.0
2014-06-17 00:00:00+09:00,9831.0,9841.0,9756.0,9771.0,8864.0
2014-06-18 00:00:00+09:00,9771.0,9801.0,9771.0,9771.0,2641.0
2014-06-19 00:00:00+09:00,9831.0,9875.0,9826.0,9871.0,9478.0
2014-06-20 00:00:00+09:00,10109.0,10149.0,10084.0,10104.0,49744.0
2014-06-23 00:00:00+09:00,10104.0,10144.0,10089.0,10139.0,22457.0
2014-06-24 00:00:00+09:00,10139.0,10144.0,10109.0,10109.0,21697.0
2014-06-25 00:00:00+09:00,10149.0,10164.0,10084.0,10104.0,12108.0
2014-06-26 00:00:00+09:00,10139.0,10159.0,10129.0,10129.0,23154.0
2014-06-27 00:00:00+09:00,10119.0,10179.0,10119.0,10154.0,14014.0
2014-06-30 00:00:00+09:00,10129.0,10164.0,10119.0,10164.0,20470.0
2014-07-01 00:00:00+09:00,10199.0,10254.0,10194.0,10234.0,18740.0
2014-07-02 00:00:00+09:00,10209.0,10239.0,10204.0,10204.0,28539.0
2014-07-03 00:00:00+09:00,10204.0,10214.0,10189.0,10189.0,6683.0
2014-07-04 00:00:00+09:00,10159.0,10184.0,10149.0,10149.0,16457.0
2014-07-07 00:00:00+09:00,10184.0,10194.0,10104.0,10104.0,11800.0
2014-07-08 00:00:00+09:00,10149.0,10179.0,10139.0,10149.0,12024.0
2014-07-09 00:00:00+09:00,10149.0,10199.0,10149.0,10194.0,20745.0
2014-07-10 00:00:00+09:00,10229.0,10288.0,10219.0,10288.0,26150.0
2014-07-11 00:00:00+09:00,10308.0,10343.0,10288.0,10338.0,22703.0
2014-07-14 00:00:00+09:00,10303.0,10353.0,10229.0,10229.0,14577.0
2014-07-15 00:00:00+09:00,10114.0,10114.0,10070.0,10084.0,18419.0
2014-07-16 00:00:00+09:00,9965.0,10035.0,9965.0,10035.0,17488.0
2014-07-17 00:00:00+09:00,10040.0,10104.0,10000.0,10094.0,10061.0
2014-07-18 00:00:00+09:00,10194.0,10194.0,10114.0,10139.0,22110.0
2014-07-21 00:00:00+09:00,10139.0,10139.0,10079.0,10094.0,15435.0
2014-07-22 00:00:00+09:00,10099.0,10134.0,10079.0,10079.0,5239.0
2014-07-23 00:00:00+09:00,10104.0,10104.0,10055.0,10094.0,4713.0
2014-07-24 00:00:00+09:00,10084.0,10084.0,9985.0,9990.0,8381.0
2014-07-25 00:00:00+09:00,10000.0,10000.0,9950.0,9985.0,5837.0
2014-07-28 00:00:00+09:00,10060.0,10114.0,10030.0,10050.0,11513.0
2014-07-29 00:00:00+09:00,10035.0,10089.0,10035.0,10065.0,7545.0
2014-07-30 00:00:00+09:00,10045.0,10045.0,9990.0,10000.0,9667.0
2014-07-31 00:00:00+09:00,9960.0,10005.0,9960.0,9995.0,4885.0
2014-08-01 00:00:00+09:00,9915.0,9925.0,9895.0,9925.0,19976.0
2014-08-04 00:00:00+09:00,9950.0,9995.0,9950.0,9950.0,7571.0
2014-08-05 00:00:00+09:00,9950.0,9960.0,9915.0,9930.0,4515.0
2014-08-06 00:00:00+09:00,9955.0,9960.0,9930.0,9930.0,2498.0
2014-08-07 00:00:00+09:00,10050.0,10109.0,10050.0,10055.0,19289.0
2014-08-08 00:00:00+09:00,10089.0,10174.0,10079.0,10159.0,30743.0
2014-08-11 00:00:00+09:00,10099.0,10104.0,10070.0,10084.0,14748.0
2014-08-12 00:00:00+09:00,10099.0,10099.0,10060.0,10060.0,6481.0
2014-08-13 00:00:00+09:00,10065.0,10084.0,10065.0,10079.0,6920.0
2014-08-14 00:00:00+09:00,10134.0,10134.0,10089.0,10114.0,13528.0
2014-08-18 00:00:00+09:00,10065.0,10065.0,10000.0,10035.0,9615.0
2014-08-19 00:00:00+09:00,10040.0,10040.0,10005.0,10040.0,7735.0
2014-08-20 00:00:00+09:00,10015.0,10015.0,9990.0,10000.0,5345.0
2014-08-21 00:00:00+09:00,9980.0,9980.0,9910.0,9945.0,16657.0
2014-08-22 00:00:00+09:00,9880.0,9890.0,9856.0,9880.0,18958.0
2014-08-25 00:00:00+09:00,9900.0,9900.0,9871.0,9890.0,11602.0
2014-08-26 00:00:00+09:00,9871.0,9920.0,9846.0,9915.0,7464.0
2014-08-27 00:00:00+09:00,9900.0,9905.0,9875.0,9885.0,4077.0
2014-08-28 00:00:00+09:00,9885.0,9940.0,9885.0,9940.0,5349.0
2014-08-29 00:00:00+09:00,9975.0,9975.0,9930.0,9960.0,5823.0
2014-09-01 00:00:00+09:00,9950.0,9955.0,9920.0,9940.0,5248.0
2014-09-02 00:00:00+09:00,9950.0,9950.0,9890.0,9920.0,5253.0
2014-09-03 00:00:00+09:00,9801.0,9806.0,9776.0,9806.0,23605.0
2014-09-04 00:00:00+09:00,9811.0,9811.0,9791.0,9811.0,31491.0
2014-09-05 00:00:00+09:00,9741.0,9776.0,9721.0,9776.0,13823.0
2014-09-11 00:00:00+09:00,9667.0,9667.0,9622.0,9647.0,44312.0
2014-09-12 00:00:00+09:00,9602.0,9602.0,9517.0,9542.0,52172.0
2014-09-15 00:00:00+09:00,9477.0,9547.0,9472.0,9537.0,12758.0
2014-09-16 00:00:00+09:00,9537.0,9567.0,9522.0,9557.0,13492.0
2014-09-17 00:00:00+09:00,9552.0,9577.0,9537.0,9577.0,10580.0
2014-09-18 00:00:00+09:00,9428.0,9468.0,9428.0,9468.0,26035.0
2014-09-19 00:00:00+09:00,9468.0,9487.0,9413.0,9458.0,55316.0
2014-09-22 00:00:00+09:00,9398.0,9408.0,9338.0,9353.0,66338.0
2014-09-23 00:00:00+09:00,9343.0,9428.0,9343.0,9423.0,106453.0
2014-09-24 00:00:00+09:00,9443.0,9458.0,9423.0,9443.0,8458.0
2014-09-25 00:00:00+09:00,9398.0,9398.0,9353.0,9368.0,20116.0
2014-09-26 00:00:00+09:00,9388.0,9443.0,9388.0,9403.0,60885.0
2014-09-29 00:00:00+09:00,9353.0,9408.0,9353.0,9403.0,12514.0
2014-09-30 00:00:00+09:00,9413.0,9418.0,9383.0,9408.0,23236.0
2014-10-01 00:00:00+09:00,9343.0,9343.0,9308.0,9308.0,22859.0
2014-10-02 00:00:00+09:00,9353.0,9403.0,9348.0,9403.0,66342.0
2014-10-06 00:00:00+09:00,9273.0,9278.0,9134.0,9184.0,57570.0
2014-10-07 00:00:00+09:00,9293.0,9298.0,9254.0,9273.0,15203.0
2014-10-08 00:00:00+09:00,9338.0,9348.0,9328.0,9348.0,17165.0
2014-10-10 00:00:00+09:00,9403.0,9423.0,9378.0,9408.0,40560.0
2014-10-13 00:00:00+09:00,9458.0,9527.0,9453.0,9477.0,70451.0
2014-10-14 00:00:00+09:00,9507.0,9537.0,9482.0,9492.0,29495.0
2014-10-15 00:00:00+09:00,9453.0,9487.0,9453.0,9453.0,23674.0
2014-10-16 00:00:00+09:00,9552.0,9597.0,9537.0,9577.0,39752.0
2014-10-17 00:00:00+09:00,9572.0,9577.0,9507.0,9557.0,21637.0
2014-10-20 00:00:00+09:00,9492.0,9552.0,9487.0,9537.0,18580.0
2014-10-21 00:00:00+09:00,9592.0,9627.0,9592.0,9622.0,21793.0
2014-10-22 00:00:00+09:00,9622.0,9647.0,9592.0,9612.0,18589.0
2014-10-23 00:00:00+09:00,9607.0,9607.0,9547.0,9562.0,18125.0
2014-10-24 00:00:00+09:00,9487.0,9497.0,9477.0,9487.0,9030.0
2014-10-27 00:00:00+09:00,9492.0,9507.0,9472.0,9487.0,9700.0
2014-10-28 00:00:00+09:00,9482.0,9482.0,9438.0,9453.0,8260.0
2014-10-29 00:00:00+09:00,9468.0,9482.0,9448.0,9468.0,13724.0
2014-10-30 00:00:00+09:00,9368.0,9373.0,9323.0,9338.0,21822.0
2014-10-31 00:00:00+09:00,9269.0,9278.0,9164.0,9194.0,77354.0
2014-11-03 00:00:00+09:00,9104.0,9109.0,8965.0,9030.0,53955.0
2014-11-04 00:00:00+09:00,9005.0,9015.0,8985.0,8990.0,44056.0
2014-11-05 00:00:00+09:00,8990.0,9015.0,8890.0,8920.0,40057.0
2014-11-06 00:00:00+09:00,8811.0,8861.0,8786.0,8851.0,55506.0
2014-11-07 00:00:00+09:00,8811.0,8821.0,8721.0,8721.0,92201.0
2014-11-10 00:00:00+09:00,9005.0,9045.0,8980.0,9040.0,46972.0
2014-11-11 00:00:00+09:00,8915.0,8935.0,8861.0,8905.0,48183.0
2014-11-12 00:00:00+09:00,8955.0,9000.0,8920.0,9000.0,28644.0
2014-11-13 00:00:00+09:00,8955.0,8985.0,8925.0,8955.0,17541.0
2014-11-14 00:00:00+09:00,8960.0,8965.0,8915.0,8940.0,25446.0
2014-11-17 00:00:00+09:00,9094.0,9189.0,9094.0,9174.0,44499.0
2014-11-18 00:00:00+09:00,9124.0,9159.0,9109.0,9159.0,18763.0
2014-11-19 00:00:00+09:00,9219.0,9224.0,9179.0,9194.0,20765.0
2014-11-20 00:00:00+09:00,9114.0,9134.0,9060.0,9124.0,12912.0
2014-11-21 00:00:00+09:00,9154.0,9209.0,9149.0,9179.0,23590.0
2014-11-24 00:00:00+09:00,9224.0,9264.0,9224.0,9264.0,18985.0
2014-11-25 00:00:00+09:00,9249.0,9254.0,9199.0,9224.0,23999.0
2014-11-26 00:00:00+09:00,9273.0,9273.0,9224.0,9259.0,14513.0
2014-11-27 00:00:00+09:00,9254.0,9254.0,9124.0,9169.0,28557.0
2014-11-28 00:00:00+09:00,9159.0,9189.0,9094.0,9189.0,11922.0
2014-12-01 00:00:00+09:00,8890.0,8905.0,8851.0,8885.0,67468.0
2014-12-02 00:00:00+09:00,9244.0,9298.0,9229.0,9264.0,64211.0
2014-12-03 00:00:00+09:00,9239.0,9239.0,9189.0,9234.0,6569.0
2014-12-04 00:00:00+09:00,9273.0,9333.0,9269.0,9303.0,15621.0
2014-12-05 00:00:00+09:00,9259.0,9303.0,9254.0,9269.0,15876.0
2014-12-08 00:00:00+09:00,9144.0,9234.0,9144.0,9174.0,12086.0
2014-12-09 00:00:00+09:00,9244.0,9288.0,9234.0,9278.0,11817.0
2014-12-10 00:00:00+09:00,9453.0,9502.0,9448.0,9492.0,52330.0
2014-12-11 00:00:00+09:00,9453.0,9492.0,9448.0,9463.0,51576.0
2014-12-12 00:00:00+09:00,9463.0,9482.0,9403.0,9443.0,16451.0
2014-12-15 00:00:00+09:00,9433.0,9433.0,9358.0,9413.0,30525.0
2014-12-16 00:00:00+09:00,9259.0,9264.0,9214.0,9234.0,18445.0
2014-12-17 00:00:00+09:00,9234.0,9259.0,9194.0,9259.0,14604.0
2014-12-18 00:00:00+09:00,9214.0,9278.0,9179.0,9264.0,25941.0
2014-12-19 00:00:00+09:00,9234.0,9264.0,9204.0,9264.0,11365.0
2014-12-22 00:00:00+09:00,9254.0,9273.0,9234.0,9264.0,6123.0
2014-12-23 00:00:00+09:00,9189.0,9189.0,9074.0,9119.0,31628.0
2014-12-24 00:00:00+09:00,9109.0,9114.0,9089.0,9114.0,17173.0
2014-12-26 00:00:00+09:00,9084.0,9149.0,9084.0,9134.0,13186.0
2014-12-29 00:00:00+09:00,9204.0,9229.0,9194.0,9224.0,14095.0
2014-12-30 00:00:00+09:00,9129.0,9169.0,9129.0,9154.0,16118.0
2015-01-02 00:00:00+09:00,9134.0,9144.0,9099.0,9134.0,33782.0
2015-01-05 00:00:00+09:00,9159.0,9209.0,9109.0,9194.0,29829.0
2015-01-06 00:00:00+09:00,9259.0,9318.0,9244.0,9293.0,29956.0
2015-01-07 00:00:00+09:00,9418.0,9418.0,9353.0,9373.0,24814.0
2015-01-08 00:00:00+09:00,9373.0,9373.0,9313.0,9328.0,12417.0
2015-01-09 00:00:00+09:00,9358.0,9358.0,9303.0,9353.0,13603.0
2015-01-12 00:00:00+09:00,9423.0,9463.0,9418.0,9458.0,33640.0
2015-01-13 00:00:00+09:00,9482.0,9547.0,9482.0,9547.0,54396.0
2015-01-14 00:00:00+09:00,9547.0,9547.0,9463.0,9492.0,18646.0
2015-01-15 00:00:00+09:00,9482.0,9502.0,9458.0,9492.0,12544.0
2015-01-16 00:00:00+09:00,9696.0,9736.0,9676.0,9721.0,79087.0
2015-01-19 00:00:00+09:00,9821.0,9866.0,9811.0,9826.0,59703.0
2015-01-20 00:00:00+09:00,9831.0,9861.0,9816.0,9856.0,24219.0
2015-01-21 00:00:00+09:00,9925.0,10070.0,9915.0,10055.0,87138.0
2015-01-22 00:00:00+09:00,9995.0,10015.0,9965.0,9985.0,51218.0
2015-01-23 00:00:00+09:00,10005.0,10055.0,10005.0,10015.0,59723.0
2015-01-26 00:00:00+09:00,10015.0,10020.0,9965.0,10015.0,47513.0
2015-01-27 00:00:00+09:00,9866.0,9871.0,9836.0,9851.0,27739.0
2015-01-28 00:00:00+09:00,9960.0,9995.0,9950.0,9965.0,27830.0
2015-01-29 00:00:00+09:00,9915.0,9950.0,9841.0,9871.0,45866.0
2015-01-30 00:00:00+09:00,9701.0,9761.0,9691.0,9761.0,37712.0
2015-02-02 00:00:00+09:00,9856.0,9915.0,9851.0,9880.0,33544.0
2015-02-03 00:00:00+09:00,9846.0,9846.0,9811.0,9811.0,17794.0
2015-02-04 00:00:00+09:00,9741.0,9761.0,9706.0,9741.0,35379.0
2015-02-05 00:00:00+09:00,9781.0,9836.0,9781.0,9821.0,22782.0
2015-02-06 00:00:00+09:00,9801.0,9821.0,9751.0,9821.0,41127.0
2015-02-09 00:00:00+09:00,9587.0,9612.0,9567.0,9612.0,44713.0
2015-02-10 00:00:00+09:00,9587.0,9612.0,9582.0,9607.0,66409.0
2015-02-11 00:00:00+09:00,9547.0,9567.0,9532.0,9557.0,27319.0
2015-02-12 00:00:00+09:00,9453.0,9472.0,9443.0,9453.0,45071.0
2015-02-13 00:00:00+09:00,9477.0,9502.0,9463.0,9497.0,23517.0
2015-02-16 00:00:00+09:00,9517.0,9552.0,9502.0,9537.0,42412.0
2015-02-17 00:00:00+09:00,9537.0,9607.0,9537.0,9607.0,23572.0
2015-02-23 00:00:00+09:00,9482.0,9582.0,9303.0,9323.0,124307.0
2015-02-24 00:00:00+09:00,9318.0,9328.0,9283.0,9303.0,67158.0
2015-02-25 00:00:00+09:00,9328.0,9373.0,9328.0,9373.0,56594.0
2015-02-26 00:00:00+09:00,9343.0,9358.0,9333.0,9358.0,25795.0
2015-02-27 00:00:00+09:00,9373.0,9378.0,9348.0,9373.0,46880.0
2015-03-02 00:00:00+09:00,9343.0,9458.0,9343.0,9413.0,46363.0
2015-03-03 00:00:00+09:00,9353.0,9373.0,9273.0,9343.0,66446.0
2015-03-04 00:00:00+09:00,9303.0,9338.0,9303.0,9333.0,24795.0
2015-03-05 00:00:00+09:00,9323.0,9328.0,9288.0,9313.0,33012.0
2015-03-06 00:00:00+09:00,9283.0,9283.0,9259.0,9273.0,35341.0
2015-03-09 00:00:00+09:00,9055.0,9074.0,9040.0,9069.0,169154.0
2015-03-10 00:00:00+09:00,9030.0,9040.0,8975.0,8995.0,141465.0
2015-03-11 00:00:00+09:00,8970.0,9010.0,8970.0,9000.0,49517.0
2015-03-12 00:00:00+09:00,8935.0,8935.0,8880.0,8920.0,150064.0
2015-03-13 00:00:00+09:00,8930.0,8975.0,8925.0,8965.0,34834.0
2015-03-16 00:00:00+09:00,8935.0,8980.0,8920.0,8980.0,64795.0
2015-03-17 00:00:00+09:00,8940.0,8940.0,8885.0,8885.0,110028.0
2015-03-18 00:00:00+09:00,9055.0,9055.0,8866.0,8870.0,79084.0
2015-03-19 00:00:00+09:00,9055.0,9055.0,9000.0,9055.0,118475.0
2015-03-20 00:00:00+09:00,9065.0,9065.0,9005.0,9040.0,42922.0
2015-03-23 00:00:00+09:00,9114.0,9124.0,9099.0,9119.0,56737.0
2015-03-24 00:00:00+09:00,9134.0,9154.0,9134.0,9149.0,75625.0
2015-03-25 00:00:00+09:00,9189.0,9204.0,9154.0,9159.0,51512.0
2015-03-26 00:00:00+09:00,9194.0,9224.0,9179.0,9214.0,87683.0
2015-03-27 00:00:00+09:00,9249.0,9254.0,9229.0,9244.0,45618.0
2015-03-30 00:00:00+09:00,9244.0,9244.0,9164.0,9169.0,56121.0
2015-03-31 00:00:00+09:00,9169.0,9169.0,9089.0,9124.0,28956.0
2015-04-01 00:00:00+09:00,9099.0,9144.0,9099.0,9129.0,27840.0
2015-04-02 00:00:00+09:00,9239.0,9254.0,9224.0,9244.0,72824.0
2015-04-03 00:00:00+09:00,9249.0,9249.0,9209.0,9234.0,38690.0
2015-04-06 00:00:00+09:00,9343.0,9393.0,9338.0,9338.0,106821.0
2015-04-07 00:00:00+09:00,9353.0,9363.0,9318.0,9353.0,28089.0
2015-04-08 00:00:00+09:00,9353.0,9353.0,9283.0,9288.0,22610.0
2015-04-09 00:00:00+09:00,9283.0,9283.0,9184.0,9219.0,43035.0
2015-04-10 00:00:00+09:00,9209.0,9239.0,9164.0,9229.0,39057.0
2015-04-13 00:00:00+09:00,9269.0,9303.0,9239.0,9264.0,32577.0
2015-04-14 00:00:00+09:00,9264.0,9278.0,9209.0,9244.0,61364.0
2015-04-15 00:00:00+09:00,9204.0,9224.0,9189.0,9209.0,38313.0
2015-04-16 00:00:00+09:00,9254.0,9298.0,9234.0,9273.0,47010.0
2015-04-17 00:00:00+09:00,9259.0,9259.0,9214.0,9254.0,28069.0
2015-04-20 00:00:00+09:00,9273.0,9308.0,9269.0,9269.0,41757.0
2015-04-21 00:00:00+09:00,9244.0,9244.0,9179.0,9214.0,33332.0
2015-04-22 00:00:00+09:00,9219.0,9259.0,9219.0,9249.0,44338.0
2015-04-23 00:00:00+09:00,9189.0,9189.0,9129.0,9164.0,66050.0
2015-04-24 00:00:00+09:00,9164.0,9179.0,9144.0,9174.0,28104.0
2015-04-27 00:00:00+09:00,9104.0,9119.0,9079.0,9119.0,88146.0
2015-04-28 00:00:00+09:00,9214.0,9234.0,9199.0,9224.0,47580.0
2015-04-29 00:00:00+09:00,9298.0,9313.0,9293.0,9298.0,82783.0
2015-04-30 00:00:00+09:00,9293.0,9293.0,9254.0,9259.0,27176.0
2015-05-04 00:00:00+09:00,9089.0,9129.0,9069.0,9119.0,114524.0
2015-05-06 00:00:00+09:00,9174.0,9224.0,9174.0,9214.0,55454.0
2015-05-07 00:00:00+09:00,9189.0,9189.0,9139.0,9159.0,49386.0
2015-05-08 00:00:00+09:00,9139.0,9139.0,9099.0,9104.0,76850.0
2015-05-11 00:00:00+09:00,9134.0,9154.0,9134.0,9144.0,29303.0
2015-05-12 00:00:00+09:00,9119.0,9124.0,9094.0,9104.0,52480.0
2015-05-13 00:00:00+09:00,9159.0,9174.0,9144.0,9169.0,49705.0
2015-05-14 00:00:00+09:00,9318.0,9348.0,9308.0,9328.0,155061.0
2015-05-15 00:00:00+09:00,9393.0,9403.0,9358.0,9358.0,46351.0
2015-05-18 00:00:00+09:00,9398.0,9438.0,9378.0,9438.0,76872.0
2015-05-19 00:00:00+09:00,9423.0,9433.0,9378.0,9388.0,33533.0
2015-05-20 00:00:00+09:00,9298.0,9313.0,9283.0,9293.0,68227.0
2015-05-21 00:00:00+09:00,9328.0,9328.0,9298.0,9318.0,11385.0
2015-05-22 00:00:00+09:00,9373.0,9373.0,9269.0,9288.0,32623.0
2015-05-26 00:00:00+09:00,9308.0,9308.0,9269.0,9278.0,51759.0
2015-05-27 00:00:00+09:00,9164.0,9164.0,9134.0,9159.0,120756.0
2015-05-28 00:00:00+09:00,9164.0,9164.0,9134.0,9149.0,40705.0
2015-05-29 00:00:00+09:00,9154.0,9204.0,9149.0,9204.0,24165.0
2015-06-01 00:00:00+09:00,9184.0,9189.0,9164.0,9184.0,30405.0
2015-06-02 00:00:00+09:00,9184.0,9184.0,9129.0,9149.0,45106.0
2015-06-03 00:00:00+09:00,9129.0,9189.0,9129.0,9189.0,28200.0
2015-06-04 00:00:00+09:00,9134.0,9134.0,9099.0,9119.0,72095.0
2015-06-05 00:00:00+09:00,9104.0,9104.0,9060.0,9074.0,62013.0
2015-06-08 00:00:00+09:00,9065.0,9065.0,9010.0,9025.0,110481.0
2015-06-09 00:00:00+09:00,9035.0,9050.0,9020.0,9050.0,47955.0
2015-06-10 00:00:00+09:00,9069.0,9079.0,9035.0,9074.0,39214.0
2015-06-11 00:00:00+09:00,9134.0,9134.0,9099.0,9134.0,40973.0
2015-06-12 00:00:00+09:00,9094.0,9109.0,9094.0,9094.0,26401.0
2015-06-15 00:00:00+09:00,9094.0,9104.0,9074.0,9084.0,25628.0
2015-06-16 00:00:00+09:00,9104.0,9129.0,9099.0,9124.0,35991.0
2015-06-17 00:00:00+09:00,9104.0,9104.0,9074.0,9089.0,30254.0
2015-06-18 00:00:00+09:00,9099.0,9129.0,9099.0,9129.0,29852.0
2015-06-19 00:00:00+09:00,9219.0,9239.0,9209.0,9224.0,133104.0
2015-06-22 00:00:00+09:00,9229.0,9229.0,9189.0,9209.0,36596.0
2015-06-23 00:00:00+09:00,9119.0,9149.0,9099.0,9129.0,46115.0
2015-06-24 00:00:00+09:00,9084.0,9084.0,9060.0,9069.0,44420.0
2015-06-25 00:00:00+09:00,9055.0,9069.0,9045.0,9065.0,71786.0
2015-06-26 00:00:00+09:00,9050.0,9055.0,9035.0,9035.0,72377.0
2015-06-29 00:00:00+09:00,9074.0,9114.0,9074.0,9109.0,79728.0
2015-06-30 00:00:00+09:00,9079.0,9094.0,9050.0,9079.0,78981.0
2015-07-01 00:00:00+09:00,9074.0,9074.0,9030.0,9035.0,82252.0
2015-07-02 00:00:00+09:00,9000.0,9000.0,8980.0,8990.0,69533.0
2015-07-03 00:00:00+09:00,8980.0,8990.0,8975.0,8990.0,50580.0
2015-07-06 00:00:00+09:00,9030.0,9035.0,8975.0,8985.0,83066.0
2015-07-07 00:00:00+09:00,8985.0,9000.0,8965.0,8985.0,49333.0
2015-07-08 00:00:00+09:00,8955.0,8955.0,8861.0,8885.0,139352.0
2015-07-09 00:00:00+09:00,8895.0,8935.0,8880.0,8920.0,81383.0
2015-07-10 00:00:00+09:00,8920.0,8940.0,8895.0,8935.0,44169.0
2015-07-13 00:00:00+09:00,8935.0,8950.0,8910.0,8930.0,60233.0
2015-07-14 00:00:00+09:00,8905.0,8905.0,8885.0,8895.0,40719.0
2015-07-15 00:00:00+09:00,8870.0,8895.0,8870.0,8885.0,39106.0
2015-07-16 00:00:00+09:00,8846.0,8846.0,8816.0,8831.0,76050.0
2015-07-17 00:00:00+09:00,8806.0,8811.0,8786.0,8806.0,51589.0
2015-07-20 00:00:00+09:00,8706.0,8706.0,8378.0,8502.0,315761.0
2015-07-21 00:00:00+09:00,8433.0,8492.0,8418.0,8472.0,136179.0
2015-07-22 00:00:00+09:00,8458.0,8458.0,8378.0,8383.0,147874.0
2015-07-23 00:00:00+09:00,8383.0,8443.0,8378.0,8438.0,66209.0
2015-07-24 00:00:00+09:00,8458.0,8458.0,8268.0,8333.0,171809.0
2015-07-27 00:00:00+09:00,8413.0,8438.0,8388.0,8438.0,90098.0
2015-07-28 00:00:00+09:00,8458.0,8458.0,8383.0,8433.0,77131.0
2015-07-29 00:00:00+09:00,8428.0,8433.0,8398.0,8428.0,46848.0
2015-07-30 00:00:00+09:00,8428.0,8433.0,8383.0,8398.0,47707.0
2015-07-31 00:00:00+09:00,8373.0,8378.0,8308.0,8333.0,96951.0
2015-08-03 00:00:00+09:00,8398.0,8413.0,8368.0,8398.0,47697.0
2015-08-04 00:00:00+09:00,8323.0,8328.0,8293.0,8328.0,56064.0
2015-08-05 00:00:00+09:00,8338.0,8348.0,8313.0,8348.0,18228.0
2015-08-06 00:00:00+09:00,8328.0,8338.0,8303.0,8338.0,30370.0
2015-08-07 00:00:00+09:00,8353.0,8363.0,8338.0,8348.0,85156.0
2015-08-10 00:00:00+09:00,8368.0,8418.0,8353.0,8418.0,48991.0
2015-08-11 00:00:00+09:00,8458.0,8482.0,8393.0,8453.0,66528.0
2015-08-12 00:00:00+09:00,8492.0,8527.0,8443.0,8517.0,92048.0
2015-08-13 00:00:00+09:00,8632.0,8637.0,8597.0,8607.0,77186.0
2015-08-17 00:00:00+09:00,8567.0,8592.0,8542.0,8587.0,44863.0
2015-08-18 00:00:00+09:00,8587.0,8587.0,8562.0,8587.0,50074.0
2015-08-19 00:00:00+09:00,8562.0,8592.0,8557.0,8582.0,28949.0
2015-08-20 00:00:00+09:00,8652.0,8766.0,8652.0,8746.0,90836.0
2015-08-21 00:00:00+09:00,8890.0,8965.0,8841.0,8935.0,194014.0
2015-08-24 00:00:00+09:00,8935.0,8935.0,8870.0,8895.0,181298.0
2015-08-25 00:00:00+09:00,8846.0,8875.0,8836.0,8841.0,154679.0
2015-08-26 00:00:00+09:00,8781.0,8806.0,8691.0,8711.0,97568.0
2015-08-27 00:00:00+09:00,8617.0,8662.0,8612.0,8637.0,45554.0
2015-08-28 00:00:00+09:00,8642.0,8701.0,8642.0,8676.0,26418.0
2015-08-31 00:00:00+09:00,8711.0,8726.0,8681.0,8721.0,19898.0
2015-09-01 00:00:00+09:00,8716.0,8786.0,8706.0,8766.0,35668.0
2015-09-02 00:00:00+09:00,8766.0,8766.0,8721.0,8766.0,41646.0
2015-09-03 00:00:00+09:00,8716.0,8716.0,8686.0,8691.0,36034.0
2015-09-04 00:00:00+09:00,8662.0,8662.0,8627.0,8632.0,18610.0
2015-09-07 00:00:00+09:00,8617.0,8637.0,8587.0,8637.0,17725.0
2015-09-08 00:00:00+09:00,8617.0,8617.0,8582.0,8597.0,20887.0
2015-09-09 00:00:00+09:00,8607.0,8647.0,8602.0,8632.0,24594.0
2015-09-10 00:00:00+09:00,8522.0,8522.0,8482.0,8517.0,66537.0
2015-09-11 00:00:00+09:00,8552.0,8562.0,8537.0,8547.0,71034.0
2015-09-14 00:00:00+09:00,8497.0,8532.0,8477.0,8517.0,40273.0
2015-09-15 00:00:00+09:00,8517.0,8532.0,8507.0,8522.0,22285.0
2015-09-16 00:00:00+09:00,8502.0,8502.0,8487.0,8502.0,23062.0
2015-09-17 00:00:00+09:00,8592.0,8617.0,8592.0,8617.0,29269.0
2015-09-18 00:00:00+09:00,8671.0,8691.0,8662.0,8676.0,33307.0
2015-09-21 00:00:00+09:00,8761.0,8766.0,8726.0,8761.0,52129.0
2015-09-22 00:00:00+09:00,8716.0,8726.0,8706.0,8711.0,30002.0
2015-09-23 00:00:00+09:00,8652.0,8662.0,8622.0,8662.0,38761.0
2015-09-24 00:00:00+09:00,8696.0,8721.0,8671.0,8721.0,32615.0
2015-09-25 00:00:00+09:00,8816.0,8836.0,8796.0,8806.0,55427.0
2015-09-30 00:00:00+09:00,8666.0,8696.0,8642.0,8696.0,53237.0
2015-10-01 00:00:00+09:00,8582.0,8587.0,8562.0,8572.0,48198.0
2015-10-02 00:00:00+09:00,8577.0,8577.0,8547.0,8557.0,30522.0
2015-10-05 00:00:00+09:00,8706.0,8741.0,8706.0,8711.0,62351.0
2015-10-06 00:00:00+09:00,8716.0,8741.0,8716.0,8731.0,55245.0
2015-10-07 00:00:00+09:00,8781.0,8841.0,8781.0,8836.0,51616.0
2015-10-08 00:00:00+09:00,8786.0,8806.0,8771.0,8791.0,30266.0
2015-10-12 00:00:00+09:00,8866.0,8955.0,8866.0,8955.0,50531.0
2015-10-13 00:00:00+09:00,8910.0,8945.0,8861.0,8875.0,53891.0
2015-10-14 00:00:00+09:00,8960.0,9020.0,8955.0,9010.0,102517.0
2015-10-15 00:00:00+09:00,9089.0,9114.0,9074.0,9104.0,99049.0
2015-10-16 00:00:00+09:00,9109.0,9109.0,9035.0,9055.0,57957.0
2015-10-19 00:00:00+09:00,9040.0,9045.0,8990.0,9010.0,29112.0
2015-10-20 00:00:00+09:00,8990.0,8990.0,8960.0,8970.0,21894.0
2015-10-21 00:00:00+09:00,9035.0,9055.0,9025.0,9025.0,78273.0
2015-10-22 00:00:00+09:00,8970.0,9015.0,8945.0,8965.0,146922.0
2015-10-23 00:00:00+09:00,8965.0,8990.0,8940.0,8990.0,29938.0
2015-10-26 00:00:00+09:00,8970.0,8970.0,8920.0,8955.0,42402.0
2015-10-27 00:00:00+09:00,8935.0,8955.0,8930.0,8955.0,6871.0
2015-10-28 00:00:00+09:00,8955.0,8985.0,8945.0,8985.0,15142.0
2015-10-29 00:00:00+09:00,8910.0,8935.0,8895.0,8920.0,16162.0
2015-10-30 00:00:00+09:00,8811.0,8861.0,8786.0,8861.0,30074.0
2015-11-02 00:00:00+09:00,8761.0,8776.0,8736.0,8771.0,24061.0
2015-11-03 00:00:00+09:00,8711.0,8741.0,8706.0,8741.0,28435.0
2015-11-04 00:00:00+09:00,8612.0,8627.0,8597.0,8612.0,65942.0
2015-11-05 00:00:00+09:00,8537.0,8542.0,8517.0,8522.0,122760.0
2015-11-06 00:00:00+09:00,8502.0,8527.0,8497.0,8527.0,54121.0
2015-11-09 00:00:00+09:00,8378.0,8408.0,8368.0,8403.0,100775.0
2015-11-10 00:00:00+09:00,8398.0,8403.0,8378.0,8393.0,45124.0
2015-11-11 00:00:00+09:00,8378.0,8398.0,8363.0,8398.0,43755.0
2015-11-12 00:00:00+09:00,8358.0,8368.0,8353.0,8358.0,51016.0
2015-11-13 00:00:00+09:00,8328.0,8338.0,8293.0,8323.0,69080.0
2015-11-16 00:00:00+09:00,8363.0,8418.0,8363.0,8418.0,68659.0
2015-11-17 00:00:00+09:00,8323.0,8328.0,8278.0,8283.0,99199.0
2015-11-18 00:00:00+09:00,8219.0,8224.0,8174.0,8204.0,99452.0
2015-11-19 00:00:00+09:00,8209.0,8283.0,8209.0,8268.0,121257.0
2015-11-20 00:00:00+09:00,8308.0,8328.0,8298.0,8323.0,23074.0
2015-11-23 00:00:00+09:00,8268.0,8268.0,8194.0,8214.0,60452.0
2015-11-24 00:00:00+09:00,8219.0,8229.0,8199.0,8224.0,29040.0
2015-11-25 00:00:00+09:00,8268.0,8308.0,8199.0,8283.0,64270.0
2015-11-26 00:00:00+09:00,8219.0,8249.0,8214.0,8229.0,34522.0
2015-11-27 00:00:00+09:00,8229.0,8234.0,8184.0,8199.0,56474.0
2015-11-30 00:00:00+09:00,8114.0,8119.0,8074.0,8109.0,109723.0
2015-12-01 00:00:00+09:00,8144.0,8234.0,8144.0,8214.0,37739.0
2015-12-02 00:00:00+09:00,8214.0,8219.0,8189.0,8199.0,22041.0
2015-12-03 00:00:00+09:00,8094.0,8099.0,8035.0,8079.0,251199.0
2015-12-04 00:00:00+09:00,8149.0,8159.0,8124.0,8139.0,21816.0
2015-12-07 00:00:00+09:00,8293.0,8318.0,8293.0,8308.0,114556.0
2015-12-08 00:00:00+09:00,8219.0,8234.0,8189.0,8229.0,35956.0
2015-12-09 00:00:00+09:00,8234.0,8259.0,8234.0,8254.0,34787.0
2015-12-10 00:00:00+09:00,8234.0,8254.0,8214.0,8239.0,258581.0
2015-12-11 00:00:00+09:00,8224.0,8229.0,8164.0,8204.0,22933.0
2015-12-14 00:00:00+09:00,8179.0,8254.0,8179.0,8239.0,44131.0
2015-12-15 00:00:00+09:00,8149.0,8169.0,8144.0,8159.0,17813.0
2015-12-16 00:00:00+09:00,8144.0,8174.0,8144.0,8174.0,75736.0
2015-12-17 00:00:00+09:00,8204.0,8219.0,8169.0,8184.0,26564.0
2015-12-18 00:00:00+09:00,8079.0,8104.0,8060.0,8104.0,66461.0
2015-12-21 00:00:00+09:00,8154.0,8204.0,8144.0,8189.0,31257.0
2015-12-22 00:00:00+09:00,8249.0,8273.0,8249.0,8259.0,31429.0
2015-12-23 00:00:00+09:00,8234.0,8254.0,8224.0,8254.0,14840.0
2015-12-24 00:00:00+09:00,8209.0,8249.0,8209.0,8239.0,15913.0
2015-12-28 00:00:00+09:00,8234.0,8244.0,8209.0,8229.0,20577.0
2015-12-29 00:00:00+09:00,8199.0,8234.0,8189.0,8219.0,14245.0
2015-12-30 00:00:00+09:00,8209.0,8214.0,8179.0,8209.0,16319.0
2016-01-04 00:00:00+09:00,8174.0,8229.0,8134.0,8179.0,119223.0
2016-01-05 00:00:00+09:00,8214.0,8263.0,8214.0,8263.0,42033.0
2016-01-06 00:00:00+09:00,8259.0,8268.0,8249.0,8263.0,36491.0
2016-01-07 00:00:00+09:00,8373.0,8448.0,8363.0,8413.0,135163.0
2016-01-08 00:00:00+09:00,8497.0,8532.0,8448.0,8467.0,190653.0
2016-01-11 00:00:00+09:00,8487.0,8502.0,8463.0,8472.0,39654.0
2016-01-12 00:00:00+09:00,8428.0,8433.0,8398.0,8408.0,38680.0
2016-01-13 00:00:00+09:00,8348.0,8353.0,8308.0,8323.0,34111.0
2016-01-14 00:00:00+09:00,8398.0,8408.0,8378.0,8383.0,46032.0
2016-01-15 00:00:00+09:00,8283.0,8323.0,8259.0,8308.0,38150.0
2016-01-18 00:00:00+09:00,8373.0,8393.0,8353.0,8373.0,63367.0
2016-01-19 00:00:00+09:00,8363.0,8373.0,8323.0,8363.0,30461.0
2016-01-20 00:00:00+09:00,8343.0,8388.0,8343.0,8373.0,45394.0
2016-01-21 00:00:00+09:00,8423.0,8458.0,8413.0,8453.0,101083.0
2016-01-22 00:00:00+09:00,8448.0,8448.0,8418.0,8438.0,277513.0
2016-01-25 00:00:00+09:00,8438.0,8467.0,8423.0,8463.0,100569.0
2016-01-26 00:00:00+09:00,8507.0,8552.0,8502.0,8547.0,74205.0
2016-01-27 00:00:00+09:00,8587.0,8617.0,8577.0,8607.0,67988.0
2016-01-28 00:00:00+09:00,8627.0,8632.0,8592.0,8602.0,23985.0
2016-01-29 00:00:00+09:00,8577.0,8582.0,8532.0,8567.0,37930.0
2016-02-01 00:00:00+09:00,8592.0,8612.0,8567.0,8607.0,51062.0
2016-02-02 00:00:00+09:00,8657.0,8671.0,8627.0,8637.0,30314.0
2016-02-03 00:00:00+09:00,8666.0,8676.0,8647.0,8666.0,110443.0
2016-02-04 00:00:00+09:00,8766.0,8776.0,8751.0,8771.0,108803.0
2016-02-05 00:00:00+09:00,8866.0,8885.0,8856.0,8861.0,107142.0
2016-02-11 00:00:00+09:00,9189.0,9303.0,9189.0,9259.0,481894.0
2016-02-12 00:00:00+09:00,9512.0,9542.0,9458.0,9512.0,380626.0
2016-02-15 00:00:00+09:00,9468.0,9477.0,9338.0,9373.0,326639.0
2016-02-16 00:00:00+09:00,9288.0,9288.0,9139.0,9184.0,262973.0
2016-02-17 00:00:00+09:00,9229.0,9303.0,9189.0,9259.0,180501.0
2016-02-18 00:00:00+09:00,9264.0,9298.0,9264.0,9283.0,119984.0
2016-02-19 00:00:00+09:00,9453.0,9463.0,9408.0,9418.0,104041.0
2016-02-22 00:00:00+09:00,9423.0,9438.0,9353.0,9353.0,98094.0
2016-02-23 00:00:00+09:00,9283.0,9398.0,9278.0,9358.0,143038.0
2016-02-24 00:00:00+09:00,9448.0,9463.0,9408.0,9433.0,164406.0
2016-02-25 00:00:00+09:00,9428.0,9507.0,9413.0,9502.0,113567.0
2016-02-26 00:00:00+09:00,9482.0,9532.0,9472.0,9527.0,73164.0
2016-02-29 00:00:00+09:00,9398.0,9448.0,9378.0,9448.0,59916.0
2016-03-02 00:00:00+09:00,9477.0,9482.0,9413.0,9423.0,192597.0
2016-03-03 00:00:00+09:00,9537.0,9552.0,9512.0,9522.0,77744.0
2016-03-04 00:00:00+09:00,9676.0,9706.0,9652.0,9696.0,142863.0
2016-03-07 00:00:00+09:00,9706.0,9741.0,9662.0,9676.0,67725.0
2016-03-08 00:00:00+09:00,9721.0,9766.0,9711.0,9741.0,126837.0
2016-03-09 00:00:00+09:00,9706.0,9726.0,9622.0,9637.0,47298.0
2016-03-10 00:00:00+09:00,9632.0,9642.0,9587.0,9592.0,34197.0
2016-03-11 00:00:00+09:00,9751.0,9846.0,9741.0,9786.0,151295.0
2016-03-14 00:00:00+09:00,9617.0,9647.0,9607.0,9632.0,52761.0
2016-03-15 00:00:00+09:00,9468.0,9482.0,9403.0,9413.0,113908.0
2016-03-16 00:00:00+09:00,9443.0,9468.0,9428.0,9453.0,50303.0
2016-03-17 00:00:00+09:00,9672.0,9691.0,9637.0,9672.0,113043.0
2016-03-18 00:00:00+09:00,9706.0,9761.0,9686.0,9741.0,172161.0
2016-03-21 00:00:00+09:00,9622.0,9637.0,9552.0,9552.0,46379.0
2016-03-22 00:00:00+09:00,9537.0,9582.0,9537.0,9572.0,64974.0
2016-03-23 00:00:00+09:00,9592.0,9592.0,9463.0,9472.0,44113.0
2016-03-24 00:00:00+09:00,9383.0,9383.0,9318.0,9348.0,63350.0
2016-03-25 00:00:00+09:00,9348.0,9497.0,9333.0,9487.0,111195.0
2016-03-28 00:00:00+09:00,9453.0,9453.0,9278.0,9338.0,99160.0
2016-03-29 00:00:00+09:00,9348.0,9388.0,9343.0,9358.0,31715.0
2016-03-30 00:00:00+09:00,9492.0,9532.0,9463.0,9497.0,61669.0
2016-03-31 00:00:00+09:00,9418.0,9443.0,9403.0,9443.0,16686.0
2016-04-01 00:00:00+09:00,9433.0,9472.0,9433.0,9458.0,84564.0
2016-04-04 00:00:00+09:00,9378.0,9378.0,9323.0,9333.0,64619.0
2016-04-05 00:00:00+09:00,9338.0,9413.0,9308.0,9403.0,25216.0
2016-04-06 00:00:00+09:00,9443.0,9453.0,9423.0,9438.0,16498.0
2016-04-07 00:00:00+09:00,9413.0,9448.0,9388.0,9443.0,18089.0
2016-04-08 00:00:00+09:00,9497.0,9497.0,9477.0,9482.0,12213.0
2016-04-11 00:00:00+09:00,9542.0,9617.0,9537.0,9577.0,43304.0
2016-04-12 00:00:00+09:00,9652.0,9652.0,9602.0,9622.0,27634.0
2016-04-14 00:00:00+09:00,9468.0,9592.0,9443.0,9487.0,67651.0
2016-04-15 00:00:00+09:00,9448.0,9448.0,9408.0,9448.0,45994.0
2016-04-18 00:00:00+09:00,9507.0,9507.0,9448.0,9463.0,43567.0
2016-04-19 00:00:00+09:00,9443.0,9472.0,9423.0,9472.0,34414.0
2016-04-20 00:00:00+09:00,9577.0,9642.0,9567.0,9567.0,82963.0
2016-04-21 00:00:00+09:00,9537.0,9622.0,9537.0,9622.0,54220.0
2016-04-22 00:00:00+09:00,9577.0,9597.0,9542.0,9567.0,36835.0
2016-04-25 00:00:00+09:00,9472.0,9487.0,9443.0,9487.0,17744.0
2016-04-26 00:00:00+09:00,9487.0,9512.0,9472.0,9487.0,17732.0
2016-04-27 00:00:00+09:00,9517.0,9552.0,9517.0,9532.0,7719.0
2016-04-28 00:00:00+09:00,9552.0,9602.0,9507.0,9602.0,35102.0
2016-04-29 00:00:00+09:00,9691.0,9821.0,9691.0,9771.0,158058.0
2016-05-02 00:00:00+09:00,9915.0,9945.0,9895.0,9920.0,89736.0
2016-05-03 00:00:00+09:00,9910.0,9945.0,9880.0,9880.0,67138.0
2016-05-04 00:00:00+09:00,9861.0,9866.0,9801.0,9811.0,132762.0
2016-05-09 00:00:00+09:00,9851.0,9875.0,9806.0,9806.0,67497.0
2016-05-10 00:00:00+09:00,9691.0,9721.0,9662.0,9701.0,78971.0
2016-05-11 00:00:00+09:00,9701.0,9756.0,9686.0,9741.0,50641.0
2016-05-12 00:00:00+09:00,9786.0,9816.0,9746.0,9751.0,55050.0
2016-05-13 00:00:00+09:00,9726.0,9771.0,9706.0,9771.0,14323.0
2016-05-16 00:00:00+09:00,9776.0,9801.0,9741.0,9786.0,35185.0
2016-05-17 00:00:00+09:00,9786.0,9826.0,9761.0,9806.0,29193.0
2016-05-18 00:00:00+09:00,9821.0,9821.0,9751.0,9751.0,32152.0
2016-05-19 00:00:00+09:00,9657.0,9672.0,9597.0,9622.0,78821.0
2016-05-20 00:00:00+09:00,9612.0,9642.0,9602.0,9602.0,27782.0
2016-05-23 00:00:00+09:00,9587.0,9622.0,9582.0,9582.0,22834.0
2016-05-24 00:00:00+09:00,9617.0,9617.0,9537.0,9552.0,16708.0
2016-05-25 00:00:00+09:00,9403.0,9433.0,9383.0,9403.0,50297.0
2016-05-26 00:00:00+09:00,9383.0,9453.0,9373.0,9438.0,137384.0
2016-05-27 00:00:00+09:00,9418.0,9418.0,9298.0,9358.0,38010.0
2016-05-30 00:00:00+09:00,9254.0,9269.0,9194.0,9214.0,57638.0
2016-05-31 00:00:00+09:00,9254.0,9293.0,9254.0,9278.0,16096.0
2016-06-01 00:00:00+09:00,9303.0,9333.0,9293.0,9313.0,20034.0
2016-06-02 00:00:00+09:00,9313.0,9313.0,9273.0,9298.0,10595.0
2016-06-03 00:00:00+09:00,9264.0,9298.0,9239.0,9269.0,40476.0
2016-06-07 00:00:00+09:00,9522.0,9552.0,9507.0,9512.0,42840.0
2016-06-08 00:00:00+09:00,9512.0,9562.0,9512.0,9562.0,23376.0
2016-06-09 00:00:00+09:00,9672.0,9691.0,9652.0,9652.0,41804.0
2016-06-10 00:00:00+09:00,9716.0,9716.0,9681.0,9706.0,53328.0
2016-06-13 00:00:00+09:00,9771.0,9816.0,9741.0,9816.0,97406.0
2016-06-14 00:00:00+09:00,9841.0,9841.0,9786.0,9786.0,77649.0
2016-06-15 00:00:00+09:00,9836.0,9866.0,9816.0,9866.0,58058.0
2016-06-16 00:00:00+09:00,9895.0,10000.0,9895.0,9970.0,206286.0
2016-06-17 00:00:00+09:00,9816.0,9861.0,9801.0,9851.0,101649.0
2016-06-20 00:00:00+09:00,9861.0,9885.0,9801.0,9811.0,77068.0
2016-06-21 00:00:00+09:00,9861.0,9915.0,9831.0,9846.0,96712.0
2016-06-22 00:00:00+09:00,9726.0,9731.0,9662.0,9662.0,88301.0
2016-06-23 00:00:00+09:00,9686.0,9711.0,9652.0,9696.0,112219.0
2016-06-24 00:00:00+09:00,9691.0,10418.0,9691.0,10139.0,669817.0
2016-06-27 00:00:00+09:00,10413.0,10547.0,10154.0,10209.0,567709.0
2016-06-28 00:00:00+09:00,10214.0,10224.0,10070.0,10114.0,209383.0
2016-06-29 00:00:00+09:00,10070.0,10139.0,10065.0,10134.0,119442.0
2016-06-30 00:00:00+09:00,10114.0,10114.0,10055.0,10075.0,89915.0
2016-07-01 00:00:00+09:00,10109.0,10239.0,10104.0,10229.0,128759.0
2016-07-04 00:00:00+09:00,10278.0,10393.0,10264.0,10328.0,139418.0
2016-07-05 00:00:00+09:00,10343.0,10388.0,10259.0,10313.0,113119.0
2016-07-06 00:00:00+09:00,10433.0,10512.0,10428.0,10507.0,145775.0
2016-07-07 00:00:00+09:00,10497.0,10512.0,10468.0,10502.0,91111.0
2016-07-08 00:00:00+09:00,10448.0,10448.0,10383.0,10418.0,79084.0
2016-07-11 00:00:00+09:00,10487.0,10517.0,10443.0,10448.0,134820.0
2016-07-12 00:00:00+09:00,10368.0,10418.0,10353.0,10373.0,65382.0
2016-07-13 00:00:00+09:00,10169.0,10274.0,10169.0,10269.0,177308.0
2016-07-14 00:00:00+09:00,10328.0,10328.0,10219.0,10224.0,29859.0
2016-07-15 00:00:00+09:00,10224.0,10229.0,10144.0,10229.0,48302.0
2016-07-18 00:00:00+09:00,10194.0,10209.0,10144.0,10179.0,40117.0
2016-07-19 00:00:00+09:00,10179.0,10194.0,10139.0,10184.0,43178.0
2016-07-20 00:00:00+09:00,10229.0,10229.0,10159.0,10159.0,28548.0
2016-07-21 00:00:00+09:00,10075.0,10084.0,10040.0,10070.0,32569.0
2016-07-22 00:00:00+09:00,10184.0,10199.0,10139.0,10149.0,45054.0
2016-07-25 00:00:00+09:00,10149.0,10149.0,10050.0,10075.0,27922.0
2016-07-26 00:00:00+09:00,10075.0,10119.0,10060.0,10084.0,25046.0
2016-07-27 00:00:00+09:00,10104.0,10109.0,10070.0,10075.0,17105.0
2016-07-28 00:00:00+09:00,10234.0,10249.0,10219.0,10244.0,79455.0
2016-07-29 00:00:00+09:00,10249.0,10274.0,10189.0,10239.0,42760.0
2016-08-01 00:00:00+09:00,10303.0,10333.0,10288.0,10288.0,51934.0
2016-08-02 00:00:00+09:00,10333.0,10343.0,10293.0,10343.0,97294.0
2016-08-03 00:00:00+09:00,10403.0,10443.0,10403.0,10443.0,67798.0
2016-08-04 00:00:00+09:00,10368.0,10398.0,10308.0,10313.0,32891.0
2016-08-05 00:00:00+09:00,10423.0,10428.0,10383.0,10428.0,53952.0
2016-08-08 00:00:00+09:00,10214.0,10224.0,10189.0,10214.0,40444.0
2016-08-09 00:00:00+09:00,10194.0,10209.0,10154.0,10154.0,17696.0
2016-08-10 00:00:00+09:00,10239.0,10343.0,10239.0,10338.0,61310.0
2016-08-11 00:00:00+09:00,10313.0,10313.0,10244.0,10244.0,87467.0
2016-08-12 00:00:00+09:00,10219.0,10249.0,10199.0,10229.0,17332.0
2016-08-16 00:00:00+09:00,10259.0,10308.0,10239.0,10308.0,33138.0
2016-08-17 00:00:00+09:00,10308.0,10308.0,10239.0,10249.0,84312.0
2016-08-18 00:00:00+09:00,10303.0,10343.0,10303.0,10313.0,26634.0
2016-08-19 00:00:00+09:00,10328.0,10328.0,10269.0,10313.0,22027.0
2016-08-22 00:00:00+09:00,10184.0,10209.0,10159.0,10174.0,21991.0
2016-08-23 00:00:00+09:00,10214.0,10229.0,10194.0,10209.0,15674.0
2016-08-24 00:00:00+09:00,10204.0,10229.0,10184.0,10184.0,13225.0
2016-08-25 00:00:00+09:00,10129.0,10129.0,10079.0,10099.0,36885.0
2016-08-26 00:00:00+09:00,10060.0,10109.0,10060.0,10075.0,70335.0
2016-08-29 00:00:00+09:00,10070.0,10099.0,10030.0,10045.0,26367.0
2016-08-30 00:00:00+09:00,10079.0,10089.0,10055.0,10055.0,47884.0
2016-08-31 00:00:00+09:00,9990.0,10040.0,9985.0,10000.0,237361.0
2016-09-01 00:00:00+09:00,10000.0,10000.0,9965.0,9990.0,8085.0
2016-09-02 00:00:00+09:00,10055.0,10055.0,9980.0,9980.0,15306.0
2016-09-05 00:00:00+09:00,10079.0,10114.0,10075.0,10114.0,44762.0
2016-09-06 00:00:00+09:00,10114.0,10139.0,10099.0,10114.0,10690.0
2016-09-07 00:00:00+09:00,10283.0,10323.0,10278.0,10303.0,56904.0
2016-09-08 00:00:00+09:00,10249.0,10283.0,10244.0,10278.0,10993.0
2016-09-09 00:00:00+09:00,10224.0,10224.0,10179.0,10199.0,17201.0
2016-09-12 00:00:00+09:00,10159.0,10159.0,10099.0,10109.0,29199.0
2016-09-13 00:00:00+09:00,10124.0,10144.0,10114.0,10119.0,20639.0
2016-09-19 00:00:00+09:00,10020.0,10040.0,9980.0,10040.0,26629.0
2016-09-20 00:00:00+09:00,9995.0,10050.0,9995.0,10045.0,6920.0
2016-09-21 00:00:00+09:00,10050.0,10060.0,9985.0,10050.0,18451.0
2016-09-22 00:00:00+09:00,10149.0,10194.0,10144.0,10184.0,21272.0
2016-09-23 00:00:00+09:00,10189.0,10224.0,10134.0,10179.0,164711.0
2016-09-26 00:00:00+09:00,10189.0,10234.0,10149.0,10179.0,48070.0
2016-09-27 00:00:00+09:00,10184.0,10199.0,10154.0,10189.0,40857.0
2016-09-28 00:00:00+09:00,10129.0,10129.0,10079.0,10114.0,13832.0
2016-09-29 00:00:00+09:00,10109.0,10109.0,10070.0,10094.0,10871.0
2016-09-30 00:00:00+09:00,10099.0,10124.0,10075.0,10124.0,12560.0
2016-10-04 00:00:00+09:00,10015.0,10015.0,9965.0,9975.0,81937.0
2016-10-05 00:00:00+09:00,9691.0,9736.0,9652.0,9676.0,91017.0
2016-10-06 00:00:00+09:00,9681.0,9681.0,9632.0,9657.0,70314.0
2016-10-07 00:00:00+09:00,9557.0,9587.0,9517.0,9547.0,41968.0
2016-10-10 00:00:00+09:00,9622.0,9637.0,9552.0,9637.0,43214.0
2016-10-11 00:00:00+09:00,9572.0,9597.0,9547.0,9582.0,77725.0
2016-10-12 00:00:00+09:00,9532.0,9572.0,9532.0,9552.0,180193.0
2016-10-13 00:00:00+09:00,9562.0,9612.0,9532.0,9612.0,57214.0
2016-10-14 00:00:00+09:00,9587.0,9592.0,9532.0,9547.0,10596.0
2016-10-17 00:00:00+09:00,9552.0,9552.0,9512.0,9542.0,10841.0
2016-10-18 00:00:00+09:00,9527.0,9602.0,9527.0,9567.0,27365.0
2016-10-19 00:00:00+09:00,9597.0,9627.0,9587.0,9602.0,20709.0
2016-10-20 00:00:00+09:00,9681.0,9696.0,9642.0,9681.0,30185.0
2016-10-21 00:00:00+09:00,9642.0,9647.0,9592.0,9632.0,15201.0
2016-10-24 00:00:00+09:00,9632.0,9632.0,9597.0,9622.0,12508.0
2016-10-25 00:00:00+09:00,9632.0,9647.0,9597.0,9647.0,24873.0
2016-10-26 00:00:00+09:00,9681.0,9716.0,9667.0,9706.0,39166.0
2016-10-27 00:00:00+09:00,9652.0,9667.0,9617.0,9652.0,34378.0
2016-10-28 00:00:00+09:00,9672.0,9686.0,9637.0,9652.0,32388.0
2016-10-31 00:00:00+09:00,9711.0,9756.0,9701.0,9741.0,30272.0
2016-11-01 00:00:00+09:00,9731.0,9741.0,9701.0,9731.0,13951.0
2016-11-02 00:00:00+09:00,9776.0,9856.0,9776.0,9856.0,97479.0
2016-11-03 00:00:00+09:00,9861.0,9950.0,9861.0,9910.0,78995.0
2016-11-04 00:00:00+09:00,9930.0,9930.0,9861.0,9875.0,26948.0
2016-11-07 00:00:00+09:00,9831.0,9856.0,9791.0,9806.0,62946.0
2016-11-08 00:00:00+09:00,9776.0,9781.0,9726.0,9751.0,32850.0
2016-11-09 00:00:00+09:00,9711.0,10204.0,9667.0,10035.0,410262.0
2016-11-10 00:00:00+09:00,9691.0,9821.0,9637.0,9806.0,116514.0
2016-11-11 00:00:00+09:00,9617.0,9637.0,9542.0,9622.0,155129.0
2016-11-14 00:00:00+09:00,9353.0,9358.0,9214.0,9278.0,166183.0
2016-11-15 00:00:00+09:00,9303.0,9368.0,9303.0,9343.0,51126.0
2016-11-16 00:00:00+09:00,9343.0,9388.0,9328.0,9383.0,46389.0
2016-11-17 00:00:00+09:00,9343.0,9348.0,9308.0,9333.0,41857.0
2016-11-18 00:00:00+09:00,9249.0,9273.0,9144.0,9154.0,113126.0
2016-11-21 00:00:00+09:00,9184.0,9234.0,9164.0,9234.0,50049.0
2016-11-22 00:00:00+09:00,9234.0,9293.0,9234.0,9273.0,158393.0
2016-11-23 00:00:00+09:00,9229.0,9249.0,9209.0,9209.0,100713.0
2016-11-24 00:00:00+09:00,9050.0,9050.0,8985.0,8995.0,151152.0
2016-11-25 00:00:00+09:00,9010.0,9030.0,8905.0,8980.0,100858.0
2016-11-28 00:00:00+09:00,8975.0,9089.0,8975.0,9050.0,60286.0
2016-11-29 00:00:00+09:00,9050.0,9094.0,9040.0,9065.0,59448.0
2016-11-30 00:00:00+09:00,9040.0,9065.0,9005.0,9030.0,67090.0
2016-12-01 00:00:00+09:00,8915.0,8945.0,8836.0,8945.0,172031.0
2016-12-02 00:00:00+09:00,8920.0,8945.0,8895.0,8920.0,66380.0
2016-12-05 00:00:00+09:00,8975.0,8985.0,8905.0,8950.0,66648.0
2016-12-06 00:00:00+09:00,8890.0,8925.0,8885.0,8885.0,81151.0
2016-12-07 00:00:00+09:00,8895.0,8900.0,8866.0,8890.0,56864.0
2016-12-08 00:00:00+09:00,8935.0,8955.0,8910.0,8945.0,34333.0
2016-12-09 00:00:00+09:00,8945.0,8950.0,8856.0,8875.0,131744.0
2016-12-12 00:00:00+09:00,8811.0,8811.0,8766.0,8791.0,102687.0
2016-12-13 00:00:00+09:00,8836.0,8861.0,8811.0,8826.0,184406.0
2016-12-14 00:00:00+09:00,8821.0,8826.0,8791.0,8821.0,472317.0
2016-12-15 00:00:00+09:00,8696.0,8701.0,8617.0,8686.0,306887.0
2016-12-16 00:00:00+09:00,8557.0,8607.0,8537.0,8607.0,220940.0
2016-12-19 00:00:00+09:00,8617.0,8671.0,8617.0,8671.0,132575.0
2016-12-20 00:00:00+09:00,8666.0,8676.0,8632.0,8637.0,122904.0
2016-12-21 00:00:00+09:00,8612.0,8642.0,8592.0,8642.0,92229.0
2016-12-22 00:00:00+09:00,8617.0,8617.0,8572.0,8587.0,139702.0
2016-12-23 00:00:00+09:00,8582.0,8602.0,8567.0,8597.0,95753.0
2016-12-26 00:00:00+09:00,8647.0,8796.0,8627.0,8781.0,65910.0
2016-12-27 00:00:00+09:00,8637.0,8676.0,8607.0,8676.0,241213.0
2016-12-28 00:00:00+09:00,8666.0,8691.0,8657.0,8691.0,87877.0
2016-12-29 00:00:00+09:00,8686.0,8741.0,8681.0,8736.0,122425.0
2017-01-02 00:00:00+09:00,8766.0,8890.0,8766.0,8856.0,206597.0
2017-01-03 00:00:00+09:00,8751.0,8806.0,8736.0,8801.0,258086.0
2017-01-04 00:00:00+09:00,8801.0,8846.0,8791.0,8846.0,180791.0
2017-01-05 00:00:00+09:00,8861.0,8950.0,8861.0,8945.0,165681.0
2017-01-06 00:00:00+09:00,8990.0,8990.0,8935.0,8945.0,254980.0
2017-01-09 00:00:00+09:00,8915.0,8935.0,8905.0,8920.0,108761.0
2017-01-10 00:00:00+09:00,8960.0,9025.0,8950.0,9015.0,131127.0
2017-01-11 00:00:00+09:00,9015.0,9035.0,8985.0,9030.0,138097.0
2017-01-12 00:00:00+09:00,9030.0,9094.0,9025.0,9094.0,172638.0
2017-01-13 00:00:00+09:00,9084.0,9084.0,9000.0,9045.0,336519.0
2017-01-16 00:00:00+09:00,9079.0,9109.0,9055.0,9094.0,110789.0
2017-01-17 00:00:00+09:00,9114.0,9174.0,9099.0,9174.0,146474.0
2017-01-18 00:00:00+09:00,9194.0,9229.0,9189.0,9204.0,166996.0
2017-01-19 00:00:00+09:00,9174.0,9174.0,9079.0,9119.0,153279.0
2017-01-20 00:00:00+09:00,9104.0,9159.0,9089.0,9159.0,94784.0
2017-01-23 00:00:00+09:00,9184.0,9239.0,9179.0,9234.0,108094.0
2017-01-24 00:00:00+09:00,9244.0,9254.0,9194.0,9224.0,137580.0
2017-01-25 00:00:00+09:00,9174.0,9174.0,9104.0,9104.0,91415.0
2017-01-26 00:00:00+09:00,9069.0,9094.0,9035.0,9045.0,202644.0
2017-01-31 00:00:00+09:00,9045.0,9124.0,9025.0,9124.0,144953.0
2017-02-01 00:00:00+09:00,9169.0,9184.0,9129.0,9134.0,148590.0
2017-02-02 00:00:00+09:00,9119.0,9214.0,9119.0,9214.0,152831.0
2017-02-03 00:00:00+09:00,9249.0,9249.0,9164.0,9214.0,130193.0
2017-02-06 00:00:00+09:00,9239.0,9283.0,9214.0,9278.0,119547.0
2017-02-07 00:00:00+09:00,9303.0,9363.0,9293.0,9333.0,161403.0
2017-02-08 00:00:00+09:00,9348.0,9363.0,9288.0,9353.0,123588.0
2017-02-09 00:00:00+09:00,9368.0,9403.0,9353.0,9403.0,175521.0
2017-02-10 00:00:00+09:00,9293.0,9298.0,9229.0,9273.0,298484.0
2017-02-13 00:00:00+09:00,9278.0,9328.0,9269.0,9323.0,82040.0
2017-02-14 00:00:00+09:00,9283.0,9303.0,9259.0,9288.0,93020.0
2017-02-15 00:00:00+09:00,9283.0,9283.0,9254.0,9259.0,131747.0
2017-02-16 00:00:00+09:00,9288.0,9348.0,9288.0,9338.0,97701.0
2017-02-17 00:00:00+09:00,9378.0,9383.0,9338.0,9338.0,108747.0
2017-02-20 00:00:00+09:00,9338.0,9353.0,9308.0,9333.0,90170.0
2017-02-21 00:00:00+09:00,9353.0,9373.0,9293.0,9338.0,86759.0
2017-02-22 00:00:00+09:00,9353.0,9363.0,9313.0,9318.0,56578.0
2017-02-23 00:00:00+09:00,9333.0,9358.0,9328.0,9348.0,54946.0
2017-02-24 00:00:00+09:00,9423.0,9453.0,9398.0,9453.0,310314.0
2017-02-27 00:00:00+09:00,9468.0,9507.0,9468.0,9502.0,134948.0
2017-02-28 00:00:00+09:00,9458.0,9482.0,9448.0,9463.0,130626.0
2017-03-02 00:00:00+09:00,9433.0,9433.0,9388.0,9413.0,104703.0
2017-03-03 00:00:00+09:00,9318.0,9353.0,9283.0,9298.0,111829.0
2017-03-06 00:00:00+09:00,9328.0,9338.0,9283.0,9288.0,166168.0
2017-03-07 00:00:00+09:00,9293.0,9298.0,9239.0,9249.0,46901.0
2017-03-08 00:00:00+09:00,9159.0,9204.0,9154.0,9199.0,51083.0
2017-03-09 00:00:00+09:00,9139.0,9139.0,9094.0,9104.0,82104.0
2017-03-10 00:00:00+09:00,9074.0,9084.0,9055.0,9069.0,105021.0
2017-03-13 00:00:00+09:00,9104.0,9139.0,9099.0,9139.0,150784.0
2017-03-14 00:00:00+09:00,9094.0,9119.0,9094.0,9099.0,89208.0
2017-03-15 00:00:00+09:00,9094.0,9154.0,9065.0,9109.0,115695.0
2017-03-16 00:00:00+09:00,9219.0,9273.0,9204.0,9264.0,92462.0
2017-03-17 00:00:00+09:00,9269.0,9298.0,9249.0,9298.0,79050.0
2017-03-20 00:00:00+09:00,9293.0,9348.0,9293.0,9333.0,90013.0
2017-03-21 00:00:00+09:00,9333.0,9338.0,9244.0,9283.0,123702.0
2017-03-22 00:00:00+09:00,9388.0,9398.0,9363.0,9373.0,213659.0
2017-03-23 00:00:00+09:00,9368.0,9428.0,9368.0,9398.0,74677.0
2017-03-24 00:00:00+09:00,9393.0,9408.0,9363.0,9383.0,35836.0
2017-03-27 00:00:00+09:00,9433.0,9512.0,9433.0,9512.0,189607.0
2017-03-28 00:00:00+09:00,9482.0,9482.0,9433.0,9443.0,101882.0
2017-03-29 00:00:00+09:00,9423.0,9428.0,9383.0,9418.0,89563.0
2017-03-30 00:00:00+09:00,9413.0,9453.0,9403.0,9423.0,42636.0
2017-03-31 00:00:00+09:00,9348.0,9398.0,9333.0,9343.0,72844.0
2017-04-03 00:00:00+09:00,9403.0,9413.0,9378.0,9388.0,45712.0
2017-04-04 00:00:00+09:00,9443.0,9487.0,9438.0,9482.0,140517.0
2017-04-05 00:00:00+09:00,9453.0,9482.0,9433.0,9477.0,172150.0
2017-04-06 00:00:00+09:00,9463.0,9482.0,9428.0,9428.0,68603.0
2017-04-07 00:00:00+09:00,9423.0,9562.0,9418.0,9517.0,140006.0
2017-04-10 00:00:00+09:00,9527.0,9527.0,9418.0,9453.0,134831.0
2017-04-11 00:00:00+09:00,9448.0,9482.0,9438.0,9482.0,47543.0
2017-04-12 00:00:00+09:00,9622.0,9642.0,9592.0,9597.0,280006.0
2017-04-13 00:00:00+09:00,9662.0,9706.0,9657.0,9686.0,215964.0
2017-04-14 00:00:00+09:00,9686.0,9711.0,9647.0,9652.0,166237.0
2017-04-17 00:00:00+09:00,9746.0,9761.0,9686.0,9721.0,257037.0
2017-04-18 00:00:00+09:00,9602.0,9696.0,9597.0,9667.0,273961.0
2017-04-19 00:00:00+09:00,9686.0,9711.0,9657.0,9686.0,182960.0
2017-04-20 00:00:00+09:00,9632.0,9667.0,9617.0,9652.0,139362.0
2017-04-21 00:00:00+09:00,9637.0,9667.0,9622.0,9647.0,122628.0
2017-04-24 00:00:00+09:00,9612.0,9622.0,9577.0,9577.0,57102.0
2017-04-25 00:00:00+09:00,9607.0,9622.0,9572.0,9572.0,76957.0
2017-04-26 00:00:00+09:00,9502.0,9542.0,9487.0,9522.0,130214.0
2017-04-27 00:00:00+09:00,9602.0,9602.0,9507.0,9537.0,44355.0
2017-04-28 00:00:00+09:00,9552.0,9572.0,9507.0,9572.0,61932.0
2017-05-02 00:00:00+09:00,9487.0,9492.0,9448.0,9453.0,116563.0
2017-05-04 00:00:00+09:00,9343.0,9363.0,9308.0,9323.0,70251.0
2017-05-08 00:00:00+09:00,9303.0,9308.0,9254.0,9269.0,74604.0
2017-05-10 00:00:00+09:00,9269.0,9269.0,9229.0,9229.0,59055.0
2017-05-11 00:00:00+09:00,9194.0,9229.0,9189.0,9229.0,60422.0
2017-05-12 00:00:00+09:00,9244.0,9269.0,9219.0,9269.0,69176.0
2017-05-15 00:00:00+09:00,9303.0,9303.0,9244.0,9298.0,66203.0
2017-05-16 00:00:00+09:00,9273.0,9318.0,9264.0,9318.0,65592.0
2017-05-17 00:00:00+09:00,9358.0,9378.0,9338.0,9378.0,37961.0
2017-05-18 00:00:00+09:00,9472.0,9502.0,9458.0,9472.0,79716.0
2017-05-19 00:00:00+09:00,9423.0,9433.0,9388.0,9428.0,38003.0
2017-05-22 00:00:00+09:00,9448.0,9482.0,9423.0,9453.0,46008.0
2017-05-23 00:00:00+09:00,9492.0,9507.0,9482.0,9482.0,81836.0
2017-05-24 00:00:00+09:00,9438.0,9443.0,9408.0,9423.0,35182.0
2017-05-25 00:00:00+09:00,9458.0,9477.0,9443.0,9458.0,77188.0
2017-05-26 00:00:00+09:00,9463.0,9463.0,9403.0,9438.0,58731.0
2017-05-29 00:00:00+09:00,9527.0,9547.0,9512.0,9537.0,68096.0
2017-05-30 00:00:00+09:00,9537.0,9557.0,9507.0,9547.0,45583.0
2017-05-31 00:00:00+09:00,9542.0,9542.0,9463.0,9517.0,24073.0
2017-06-01 00:00:00+09:00,9552.0,9567.0,9517.0,9547.0,29129.0
2017-06-02 00:00:00+09:00,9492.0,9537.0,9458.0,9463.0,43444.0
2017-06-05 00:00:00+09:00,9602.0,9647.0,9597.0,9647.0,107698.0
2017-06-07 00:00:00+09:00,9691.0,9726.0,9676.0,9701.0,144231.0
2017-06-08 00:00:00+09:00,9701.0,9721.0,9652.0,9686.0,95227.0
2017-06-09 00:00:00+09:00,9632.0,9632.0,9562.0,9577.0,47358.0
2017-06-12 00:00:00+09:00,9552.0,9562.0,9522.0,9557.0,33138.0
2017-06-13 00:00:00+09:00,9492.0,9537.0,9492.0,9537.0,31253.0
2017-06-14 00:00:00+09:00,9532.0,9577.0,9522.0,9567.0,16818.0
2017-06-15 00:00:00+09:00,9532.0,9542.0,9497.0,9512.0,31672.0
2017-06-16 00:00:00+09:00,9433.0,9448.0,9413.0,9448.0,22039.0
2017-06-19 00:00:00+09:00,9448.0,9458.0,9418.0,9433.0,47819.0
2017-06-20 00:00:00+09:00,9358.0,9398.0,9353.0,9398.0,46653.0
2017-06-21 00:00:00+09:00,9358.0,9398.0,9358.0,9393.0,43734.0
2017-06-22 00:00:00+09:00,9383.0,9448.0,9373.0,9398.0,49395.0
2017-06-23 00:00:00+09:00,9428.0,9443.0,9388.0,9443.0,45642.0
2017-06-26 00:00:00+09:00,9482.0,9482.0,9438.0,9453.0,43079.0
2017-06-27 00:00:00+09:00,9398.0,9433.0,9318.0,9433.0,58262.0
2017-06-28 00:00:00+09:00,9408.0,9433.0,9393.0,9423.0,23495.0
2017-06-29 00:00:00+09:00,9413.0,9433.0,9388.0,9418.0,44429.0
2017-06-30 00:00:00+09:00,9428.0,9428.0,9363.0,9363.0,37197.0
2017-07-03 00:00:00+09:00,9348.0,9348.0,9278.0,9298.0,95204.0
2017-07-04 00:00:00+09:00,9204.0,9229.0,9184.0,9224.0,90662.0
2017-07-05 00:00:00+09:00,9259.0,9264.0,9204.0,9234.0,69385.0
2017-07-06 00:00:00+09:00,9224.0,9234.0,9199.0,9229.0,72654.0
2017-07-07 00:00:00+09:00,9204.0,9209.0,9174.0,9194.0,67097.0
2017-07-10 00:00:00+09:00,9139.0,9139.0,9069.0,9074.0,94415.0
2017-07-11 00:00:00+09:00,9104.0,9134.0,9099.0,9114.0,46875.0
2017-07-12 00:00:00+09:00,9134.0,9184.0,9134.0,9179.0,49632.0
2017-07-13 00:00:00+09:00,9179.0,9199.0,9159.0,9194.0,93637.0
2017-07-14 00:00:00+09:00,9164.0,9164.0,9124.0,9164.0,29887.0
2017-07-17 00:00:00+09:00,9239.0,9264.0,9224.0,9249.0,51269.0
2017-07-18 00:00:00+09:00,9273.0,9298.0,9249.0,9298.0,21739.0
2017-07-19 00:00:00+09:00,9313.0,9328.0,9303.0,9318.0,30643.0
2017-07-20 00:00:00+09:00,9318.0,9328.0,9273.0,9298.0,53027.0
2017-07-21 00:00:00+09:00,9313.0,9353.0,9303.0,9353.0,72290.0
2017-07-24 00:00:00+09:00,9398.0,9418.0,9378.0,9408.0,81821.0
2017-07-25 00:00:00+09:00,9393.0,9428.0,9388.0,9418.0,67280.0
2017-07-26 00:00:00+09:00,9378.0,9378.0,9323.0,9358.0,30458.0
2017-07-27 00:00:00+09:00,9428.0,9482.0,9428.0,9482.0,97604.0
2017-07-28 00:00:00+09:00,9453.0,9458.0,9423.0,9458.0,42119.0
2017-07-31 00:00:00+09:00,9512.0,9517.0,9487.0,9517.0,62604.0
2017-08-01 00:00:00+09:00,9517.0,9532.0,9487.0,9497.0,64670.0
2017-08-02 00:00:00+09:00,9512.0,9517.0,9468.0,9482.0,30985.0
2017-08-03 00:00:00+09:00,9453.0,9472.0,9443.0,9448.0,45867.0
2017-08-04 00:00:00+09:00,9502.0,9522.0,9487.0,9517.0,44845.0
2017-08-07 00:00:00+09:00,9458.0,9458.0,9413.0,9453.0,32116.0
2017-08-08 00:00:00+09:00,9458.0,9458.0,9408.0,9453.0,16777.0
2017-08-09 00:00:00+09:00,9482.0,9487.0,9448.0,9487.0,52079.0
2017-08-10 00:00:00+09:00,9522.0,9592.0,9522.0,9592.0,107500.0
2017-08-11 00:00:00+09:00,9672.0,9672.0,9612.0,9652.0,123827.0
2017-08-14 00:00:00+09:00,9642.0,9686.0,9617.0,9662.0,136422.0
2017-08-16 00:00:00+09:00,9552.0,9552.0,9517.0,9547.0,65186.0
2017-08-17 00:00:00+09:00,9597.0,9662.0,9572.0,9632.0,104591.0
2017-08-18 00:00:00+09:00,9691.0,9691.0,9632.0,9672.0,64810.0
2017-08-21 00:00:00+09:00,9647.0,9667.0,9607.0,9667.0,50538.0
2017-08-22 00:00:00+09:00,9681.0,9681.0,9632.0,9637.0,49032.0
2017-08-23 00:00:00+09:00,9632.0,9642.0,9597.0,9627.0,47476.0
2017-08-24 00:00:00+09:00,9652.0,9667.0,9632.0,9657.0,45001.0
2017-08-25 00:00:00+09:00,9652.0,9662.0,9622.0,9662.0,170833.0
2017-08-28 00:00:00+09:00,9662.0,9736.0,9662.0,9736.0,53493.0
2017-08-29 00:00:00+09:00,9801.0,9885.0,9801.0,9885.0,244090.0
2017-08-30 00:00:00+09:00,9811.0,9861.0,9776.0,9826.0,95398.0
2017-08-31 00:00:00+09:00,9811.0,9811.0,9731.0,9771.0,80175.0
2017-09-01 00:00:00+09:00,9885.0,9900.0,9866.0,9890.0,119570.0
2017-09-04 00:00:00+09:00,9985.0,10040.0,9975.0,10040.0,184408.0
2017-09-05 00:00:00+09:00,10015.0,10040.0,9980.0,9995.0,71893.0
2017-09-06 00:00:00+09:00,10040.0,10050.0,10015.0,10015.0,69386.0
2017-09-07 00:00:00+09:00,10010.0,10015.0,9975.0,9985.0,82903.0
2017-09-08 00:00:00+09:00,10079.0,10164.0,10079.0,10119.0,153118.0
2017-09-11 00:00:00+09:00,10040.0,10040.0,9995.0,10020.0,55342.0
2017-09-12 00:00:00+09:00,9940.0,9955.0,9900.0,9940.0,59279.0
2017-09-13 00:00:00+09:00,9945.0,9970.0,9940.0,9960.0,58847.0
2017-09-14 00:00:00+09:00,9890.0,9905.0,9871.0,9880.0,67556.0
2017-09-15 00:00:00+09:00,10020.0,10020.0,9935.0,9970.0,49885.0
2017-09-18 00:00:00+09:00,9841.0,9890.0,9841.0,9875.0,69978.0
2017-09-19 00:00:00+09:00,9821.0,9821.0,9786.0,9816.0,25028.0
2017-09-20 00:00:00+09:00,9791.0,9856.0,9791.0,9816.0,47760.0
2017-09-21 00:00:00+09:00,9736.0,9746.0,9706.0,9731.0,120575.0
2017-09-22 00:00:00+09:00,9676.0,9711.0,9647.0,9711.0,58857.0
2017-09-25 00:00:00+09:00,9686.0,9701.0,9642.0,9696.0,90906.0
2017-09-26 00:00:00+09:00,9776.0,9841.0,9776.0,9826.0,34246.0
2017-09-27 00:00:00+09:00,9691.0,9711.0,9672.0,9696.0,108144.0
2017-09-28 00:00:00+09:00,9627.0,9627.0,9557.0,9557.0,52322.0
2017-09-29 00:00:00+09:00,9607.0,9642.0,9582.0,9597.0,101084.0
2017-10-10 00:00:00+09:00,9622.0,9662.0,9597.0,9652.0,59468.0
2017-10-11 00:00:00+09:00,9662.0,9672.0,9632.0,9657.0,59644.0
2017-10-12 00:00:00+09:00,9681.0,9706.0,9652.0,9706.0,46069.0
2017-10-13 00:00:00+09:00,9706.0,9706.0,9662.0,9696.0,113130.0
2017-10-16 00:00:00+09:00,9736.0,9756.0,9711.0,9756.0,57795.0
2017-10-17 00:00:00+09:00,9701.0,9701.0,9657.0,9657.0,32880.0
2017-10-18 00:00:00+09:00,9642.0,9642.0,9587.0,9612.0,26422.0
2017-10-19 00:00:00+09:00,9582.0,9582.0,9532.0,9532.0,34159.0
2017-10-20 00:00:00+09:00,9632.0,9667.0,9577.0,9592.0,39941.0
2017-10-23 00:00:00+09:00,9547.0,9557.0,9532.0,9552.0,27275.0
2017-10-24 00:00:00+09:00,9572.0,9602.0,9567.0,9582.0,28749.0
2017-10-25 00:00:00+09:00,9557.0,9562.0,9512.0,9537.0,27396.0
2017-10-26 00:00:00+09:00,9542.0,9577.0,9537.0,9577.0,19056.0
2017-10-27 00:00:00+09:00,9552.0,9552.0,9458.0,9472.0,42835.0
2017-10-30 00:00:00+09:00,9487.0,9517.0,9477.0,9477.0,28278.0
2017-10-31 00:00:00+09:00,9497.0,9547.0,9497.0,9542.0,76484.0
2017-11-01 00:00:00+09:00,9547.0,9547.0,9463.0,9527.0,48321.0
2017-11-02 00:00:00+09:00,9527.0,9572.0,9507.0,9562.0,18271.0
2017-11-03 00:00:00+09:00,9552.0,9552.0,9527.0,9537.0,26743.0
2017-11-06 00:00:00+09:00,9497.0,9497.0,9458.0,9492.0,41536.0
2017-11-07 00:00:00+09:00,9552.0,9567.0,9537.0,9562.0,17338.0
2017-11-08 00:00:00+09:00,9547.0,9547.0,9517.0,9537.0,13760.0
2017-11-09 00:00:00+09:00,9577.0,9582.0,9552.0,9567.0,59071.0
2017-11-10 00:00:00+09:00,9577.0,9597.0,9572.0,9597.0,42750.0
2017-11-13 00:00:00+09:00,9527.0,9542.0,9497.0,9542.0,34847.0
2017-11-14 00:00:00+09:00,9552.0,9552.0,9522.0,9542.0,19173.0
2017-11-15 00:00:00+09:00,9542.0,9572.0,9542.0,9572.0,31274.0
2017-11-16 00:00:00+09:00,9552.0,9552.0,9522.0,9527.0,14634.0
2017-11-17 00:00:00+09:00,9527.0,9587.0,9527.0,9582.0,30303.0
2017-11-20 00:00:00+09:00,9637.0,9642.0,9612.0,9637.0,98455.0
2017-11-21 00:00:00+09:00,9637.0,9637.0,9527.0,9532.0,49160.0
2017-11-22 00:00:00+09:00,9547.0,9567.0,9532.0,9567.0,35385.0
2017-11-23 00:00:00+09:00,9607.0,9632.0,9602.0,9627.0,41866.0
2017-11-24 00:00:00+09:00,9637.0,9637.0,9607.0,9612.0,14139.0
2017-11-27 00:00:00+09:00,9607.0,9632.0,9582.0,9632.0,57380.0
2017-11-28 00:00:00+09:00,9627.0,9667.0,9627.0,9647.0,26204.0
2017-11-29 00:00:00+09:00,9657.0,9672.0,9632.0,9647.0,51116.0
2017-11-30 00:00:00+09:00,9582.0,9592.0,9557.0,9572.0,24428.0
2017-12-01 00:00:00+09:00,9522.0,9527.0,9502.0,9522.0,54395.0
2017-12-04 00:00:00+09:00,9507.0,9512.0,9482.0,9507.0,33958.0
2017-12-05 00:00:00+09:00,9522.0,9527.0,9497.0,9512.0,16252.0
2017-12-06 00:00:00+09:00,9458.0,9458.0,9423.0,9438.0,55208.0
2017-12-07 00:00:00+09:00,9428.0,9428.0,9388.0,9398.0,16726.0
2017-12-08 00:00:00+09:00,9303.0,9318.0,9293.0,9313.0,37904.0
2017-12-11 00:00:00+09:00,9313.0,9318.0,9288.0,9318.0,46354.0
2017-12-12 00:00:00+09:00,9269.0,9283.0,9259.0,9283.0,50729.0
2017-12-13 00:00:00+09:00,9273.0,9278.0,9259.0,9264.0,21096.0
2017-12-14 00:00:00+09:00,9343.0,9383.0,9333.0,9383.0,20062.0
2017-12-15 00:00:00+09:00,9358.0,9373.0,9338.0,9373.0,17219.0
2017-12-18 00:00:00+09:00,9328.0,9373.0,9318.0,9373.0,60713.0
2017-12-19 00:00:00+09:00,9383.0,9423.0,9378.0,9423.0,30387.0
2017-12-20 00:00:00+09:00,9413.0,9428.0,9393.0,9428.0,14299.0
2017-12-21 00:00:00+09:00,9433.0,9458.0,9418.0,9418.0,50012.0
2017-12-22 00:00:00+09:00,9423.0,9458.0,9413.0,9433.0,20954.0
2017-12-26 00:00:00+09:00,9487.0,9552.0,9482.0,9552.0,36630.0
2017-12-27 00:00:00+09:00,9552.0,9567.0,9542.0,9562.0,21726.0
2017-12-28 00:00:00+09:00,9572.0,9637.0,9572.0,9637.0,59793.0
2018-01-02 00:00:00+09:00,9711.0,9756.0,9696.0,9756.0,121693.0
2018-01-03 00:00:00+09:00,9801.0,9826.0,9751.0,9786.0,69019.0
2018-01-04 00:00:00+09:00,9771.0,9771.0,9706.0,9756.0,79756.0
2018-01-05 00:00:00+09:00,9816.0,9841.0,9801.0,9821.0,138540.0
2018-01-08 00:00:00+09:00,9826.0,9831.0,9786.0,9821.0,38544.0
2018-01-09 00:00:00+09:00,9806.0,9821.0,9781.0,9786.0,50384.0
2018-01-10 00:00:00+09:00,9756.0,9766.0,9726.0,9751.0,55419.0
2018-01-11 00:00:00+09:00,9786.0,9811.0,9776.0,9786.0,46306.0
2018-01-12 00:00:00+09:00,9821.0,9895.0,9821.0,9895.0,68772.0
2018-01-15 00:00:00+09:00,9925.0,10005.0,9920.0,10005.0,73172.0
2018-01-16 00:00:00+09:00,9990.0,10045.0,9945.0,9975.0,200876.0
2018-01-17 00:00:00+09:00,9990.0,9995.0,9920.0,9930.0,85212.0
2018-01-18 00:00:00+09:00,9895.0,9895.0,9841.0,9885.0,29535.0
2018-01-19 00:00:00+09:00,9875.0,9890.0,9846.0,9880.0,34301.0
2018-01-22 00:00:00+09:00,9900.0,9910.0,9875.0,9910.0,44953.0
2018-01-23 00:00:00+09:00,9910.0,9945.0,9895.0,9945.0,25179.0
2018-01-24 00:00:00+09:00,9955.0,9975.0,9945.0,9955.0,36799.0
2018-01-25 00:00:00+09:00,10065.0,10164.0,10065.0,10164.0,133482.0
2018-01-26 00:00:00+09:00,10015.0,10065.0,10000.0,10065.0,43219.0
2018-01-29 00:00:00+09:00,10045.0,10050.0,10000.0,10020.0,34293.0
2018-01-30 00:00:00+09:00,9970.0,9970.0,9895.0,9920.0,38364.0
2018-01-31 00:00:00+09:00,9930.0,9985.0,9910.0,9985.0,70750.0
2018-02-01 00:00:00+09:00,9995.0,10000.0,9950.0,9960.0,104305.0
2018-02-02 00:00:00+09:00,9995.0,10020.0,9985.0,10005.0,41690.0
2018-02-05 00:00:00+09:00,9895.0,9895.0,9856.0,9871.0,38662.0
2018-02-06 00:00:00+09:00,9930.0,9995.0,9915.0,9975.0,152371.0
2018-02-07 00:00:00+09:00,9851.0,9885.0,9831.0,9885.0,51463.0
2018-02-08 00:00:00+09:00,9796.0,9796.0,9701.0,9741.0,42507.0
2018-02-09 00:00:00+09:00,9821.0,9821.0,9751.0,9786.0,41352.0
2018-02-12 00:00:00+09:00,9781.0,9836.0,9771.0,9836.0,44132.0
2018-02-13 00:00:00+09:00,9836.0,9866.0,9796.0,9861.0,121808.0
2018-02-14 00:00:00+09:00,9885.0,9920.0,9866.0,9905.0,69411.0
2018-02-19 00:00:00+09:00,9995.0,10423.0,9975.0,10020.0,343323.0
2018-02-20 00:00:00+09:00,9995.0,9995.0,9925.0,9950.0,79984.0
2018-02-21 00:00:00+09:00,9851.0,9871.0,9831.0,9851.0,121636.0
2018-02-22 00:00:00+09:00,9851.0,9851.0,9801.0,9801.0,151904.0
2018-02-23 00:00:00+09:00,9856.0,9885.0,9831.0,9831.0,36866.0
2018-02-26 00:00:00+09:00,9851.0,9940.0,9826.0,9940.0,54906.0
2018-02-27 00:00:00+09:00,9945.0,9945.0,9871.0,9905.0,30785.0
2018-02-28 00:00:00+09:00,9776.0,9786.0,9746.0,9776.0,59447.0
2018-03-02 00:00:00+09:00,9776.0,9781.0,9746.0,9776.0,22760.0
2018-03-05 00:00:00+09:00,9811.0,9856.0,9796.0,9851.0,32856.0
2018-03-06 00:00:00+09:00,9801.0,9816.0,9771.0,9816.0,157980.0
2018-03-07 00:00:00+09:00,9910.0,9925.0,9866.0,9875.0,30766.0
2018-03-08 00:00:00+09:00,9826.0,9841.0,9796.0,9816.0,18890.0
2018-03-09 00:00:00+09:00,9771.0,9801.0,9736.0,9746.0,74218.0
2018-03-12 00:00:00+09:00,9786.0,9811.0,9771.0,9811.0,63488.0
2018-03-13 00:00:00+09:00,9831.0,9831.0,9761.0,9761.0,22041.0
2018-03-14 00:00:00+09:00,9806.0,9846.0,9791.0,9806.0,119545.0
2018-03-15 00:00:00+09:00,9806.0,9846.0,9801.0,9831.0,37325.0
2018-03-16 00:00:00+09:00,9756.0,9761.0,9731.0,9741.0,12638.0
2018-03-19 00:00:00+09:00,9741.0,9741.0,9681.0,9696.0,14084.0
2018-03-20 00:00:00+09:00,9756.0,9756.0,9726.0,9751.0,18581.0
2018-03-21 00:00:00+09:00,9721.0,9736.0,9691.0,9736.0,17966.0
2018-03-22 00:00:00+09:00,9846.0,9875.0,9821.0,9831.0,35511.0
2018-03-23 00:00:00+09:00,9885.0,9940.0,9856.0,9940.0,58116.0
2018-03-26 00:00:00+09:00,10000.0,10000.0,9940.0,9970.0,79234.0
2018-03-27 00:00:00+09:00,10000.0,10030.0,9995.0,10005.0,103222.0
2018-03-28 00:00:00+09:00,9970.0,9970.0,9930.0,9935.0,29778.0
2018-03-29 00:00:00+09:00,9826.0,9836.0,9811.0,9821.0,22598.0
2018-03-30 00:00:00+09:00,9806.0,9895.0,9806.0,9895.0,12793.0
2018-04-02 00:00:00+09:00,9836.0,9856.0,9806.0,9851.0,86098.0
2018-04-03 00:00:00+09:00,9915.0,9940.0,9885.0,9910.0,27211.0
2018-04-04 00:00:00+09:00,9895.0,9895.0,9851.0,9880.0,42676.0
2018-04-05 00:00:00+09:00,9875.0,9875.0,9826.0,9826.0,98643.0
2018-04-06 00:00:00+09:00,9861.0,9861.0,9821.0,9821.0,10855.0
2018-04-09 00:00:00+09:00,9841.0,9866.0,9831.0,9856.0,11141.0
2018-04-10 00:00:00+09:00,9890.0,9890.0,9841.0,9861.0,55413.0
2018-04-11 00:00:00+09:00,9900.0,9960.0,9895.0,9960.0,34693.0
2018-04-12 00:00:00+09:00,9995.0,10015.0,9965.0,9975.0,104507.0
2018-04-13 00:00:00+09:00,9875.0,9915.0,9875.0,9895.0,28599.0
2018-04-16 00:00:00+09:00,9950.0,9960.0,9915.0,9940.0,27653.0
2018-04-17 00:00:00+09:00,9950.0,9960.0,9915.0,9930.0,29158.0
2018-04-18 00:00:00+09:00,9940.0,9955.0,9915.0,9925.0,32756.0
2018-04-19 00:00:00+09:00,9965.0,9995.0,9955.0,9980.0,50728.0
2018-04-20 00:00:00+09:00,9945.0,9945.0,9905.0,9940.0,43157.0
2018-04-23 00:00:00+09:00,9851.0,9875.0,9836.0,9871.0,29925.0
2018-04-24 00:00:00+09:00,9801.0,9806.0,9771.0,9786.0,36785.0
2018-04-25 00:00:00+09:00,9816.0,9831.0,9781.0,9801.0,22602.0
2018-04-26 00:00:00+09:00,9771.0,9776.0,9751.0,9751.0,27891.0
2018-04-27 00:00:00+09:00,9756.0,9756.0,9716.0,9736.0,24756.0
2018-04-30 00:00:00+09:00,9756.0,9781.0,9716.0,9716.0,26204.0
2018-05-02 00:00:00+09:00,9647.0,9676.0,9632.0,9647.0,65506.0
2018-05-03 00:00:00+09:00,9657.0,9676.0,9642.0,9667.0,14601.0
2018-05-04 00:00:00+09:00,9696.0,9706.0,9676.0,9696.0,81107.0
2018-05-08 00:00:00+09:00,9696.0,9711.0,9676.0,9696.0,27725.0
2018-05-09 00:00:00+09:00,9701.0,9706.0,9667.0,9672.0,19537.0
2018-05-10 00:00:00+09:00,9681.0,9701.0,9667.0,9701.0,28676.0
2018-05-11 00:00:00+09:00,9746.0,9751.0,9716.0,9751.0,29176.0
2018-05-14 00:00:00+09:00,9741.0,9756.0,9726.0,9751.0,14107.0
2018-05-15 00:00:00+09:00,9711.0,9711.0,9676.0,9686.0,12119.0
2018-05-16 00:00:00+09:00,9552.0,9562.0,9522.0,9552.0,51100.0
2018-05-17 00:00:00+09:00,9542.0,9552.0,9482.0,9482.0,26662.0
2018-05-18 00:00:00+09:00,9507.0,9517.0,9492.0,9517.0,20029.0
2018-05-21 00:00:00+09:00,9537.0,9537.0,9458.0,9477.0,33968.0
2018-05-23 00:00:00+09:00,9517.0,9542.0,9487.0,9512.0,42766.0
2018-05-24 00:00:00+09:00,9547.0,9562.0,9522.0,9527.0,118027.0
2018-05-25 00:00:00+09:00,9612.0,9612.0,9572.0,9612.0,49621.0
2018-05-28 00:00:00+09:00,9557.0,9582.0,9542.0,9562.0,42735.0
2018-05-29 00:00:00+09:00,9562.0,9592.0,9537.0,9542.0,22246.0
2018-05-30 00:00:00+09:00,9572.0,9582.0,9547.0,9562.0,26827.0
2018-05-31 00:00:00+09:00,9572.0,9602.0,9572.0,9597.0,16298.0
2018-06-01 00:00:00+09:00,9597.0,9597.0,9552.0,9552.0,35091.0
2018-06-04 00:00:00+09:00,9532.0,9532.0,9487.0,9492.0,99444.0
2018-06-05 00:00:00+09:00,9522.0,9522.0,9487.0,9517.0,38252.0
2018-06-07 00:00:00+09:00,9537.0,9567.0,9537.0,9537.0,28588.0
2018-06-08 00:00:00+09:00,9537.0,9552.0,9522.0,9522.0,16190.0
2018-06-11 00:00:00+09:00,9552.0,9577.0,9547.0,9572.0,13645.0
2018-06-12 00:00:00+09:00,9572.0,9572.0,9547.0,9562.0,7673.0
2018-06-14 00:00:00+09:00,9562.0,9597.0,9537.0,9597.0,9933.0
2018-06-15 00:00:00+09:00,9602.0,9602.0,9542.0,9542.0,16723.0
2018-06-18 00:00:00+09:00,9438.0,9438.0,9413.0,9433.0,81266.0
2018-06-19 00:00:00+09:00,9438.0,9453.0,9408.0,9418.0,76197.0
2018-06-20 00:00:00+09:00,9368.0,9393.0,9363.0,9383.0,15386.0
2018-06-21 00:00:00+09:00,9353.0,9353.0,9293.0,9298.0,23176.0
2018-06-22 00:00:00+09:00,9303.0,9343.0,9298.0,9343.0,11780.0
2018-06-25 00:00:00+09:00,9363.0,9368.0,9303.0,9313.0,27339.0
2018-06-26 00:00:00+09:00,9318.0,9318.0,9288.0,9303.0,24461.0
2018-06-27 00:00:00+09:00,9269.0,9269.0,9219.0,9244.0,53564.0
2018-06-28 00:00:00+09:00,9219.0,9224.0,9194.0,9214.0,14380.0
2018-06-29 00:00:00+09:00,9189.0,9204.0,9159.0,9204.0,10223.0
2018-07-02 00:00:00+09:00,9219.0,9224.0,9169.0,9179.0,97864.0
2018-07-03 00:00:00+09:00,9149.0,9149.0,9104.0,9124.0,37134.0
2018-07-04 00:00:00+09:00,9204.0,9264.0,9204.0,9244.0,17242.0
2018-07-05 00:00:00+09:00,9229.0,9259.0,9219.0,9244.0,85296.0
2018-07-06 00:00:00+09:00,9254.0,9254.0,9194.0,9244.0,19484.0
2018-07-09 00:00:00+09:00,9214.0,9283.0,9214.0,9283.0,19038.0
2018-07-10 00:00:00+09:00,9254.0,9264.0,9219.0,9239.0,13426.0
2018-07-11 00:00:00+09:00,9234.0,9234.0,9164.0,9184.0,23184.0
2018-07-12 00:00:00+09:00,9134.0,9149.0,9124.0,9144.0,17800.0
2018-07-13 00:00:00+09:00,9149.0,9174.0,9134.0,9159.0,15875.0
2018-07-16 00:00:00+09:00,9119.0,9144.0,9109.0,9139.0,22023.0
2018-07-17 00:00:00+09:00,9124.0,9129.0,9089.0,9129.0,19272.0
2018-07-18 00:00:00+09:00,9010.0,9015.0,8980.0,8980.0,32427.0
2018-07-19 00:00:00+09:00,8990.0,9015.0,8965.0,8990.0,17923.0
2018-07-20 00:00:00+09:00,8980.0,8985.0,8920.0,8975.0,33341.0
2018-07-23 00:00:00+09:00,9055.0,9065.0,9020.0,9035.0,33216.0
2018-07-24 00:00:00+09:00,8990.0,8990.0,8935.0,8955.0,59624.0
2018-07-25 00:00:00+09:00,9000.0,9010.0,8960.0,9010.0,19700.0
2018-07-26 00:00:00+09:00,9050.0,9055.0,9010.0,9030.0,23497.0
2018-07-27 00:00:00+09:00,8980.0,8990.0,8965.0,8975.0,24069.0
2018-07-30 00:00:00+09:00,8975.0,8980.0,8945.0,8955.0,27130.0
2018-07-31 00:00:00+09:00,8955.0,8975.0,8945.0,8965.0,14107.0
2018-08-01 00:00:00+09:00,8975.0,8980.0,8950.0,8960.0,64385.0
2018-08-02 00:00:00+09:00,8935.0,8950.0,8905.0,8945.0,117335.0
2018-08-03 00:00:00+09:00,8870.0,8880.0,8831.0,8851.0,82833.0
2018-08-06 00:00:00+09:00,8905.0,8920.0,8875.0,8900.0,42625.0
2018-08-07 00:00:00+09:00,8870.0,8880.0,8831.0,8866.0,125986.0
2018-08-08 00:00:00+09:00,8890.0,8900.0,8875.0,8895.0,16784.0
2018-08-09 00:00:00+09:00,8875.0,8920.0,8875.0,8915.0,54211.0
2018-08-10 00:00:00+09:00,8890.0,8895.0,8841.0,8856.0,75538.0
2018-08-13 00:00:00+09:00,8861.0,8890.0,8836.0,8866.0,53733.0
2018-08-14 00:00:00+09:00,8741.0,8766.0,8726.0,8746.0,52296.0
2018-08-16 00:00:00+09:00,8582.0,8632.0,8482.0,8617.0,123698.0
2018-08-17 00:00:00+09:00,8592.0,8637.0,8582.0,8617.0,137904.0
2018-08-20 00:00:00+09:00,8652.0,8691.0,8652.0,8686.0,43660.0
2018-08-21 00:00:00+09:00,8741.0,8771.0,8711.0,8771.0,68290.0
2018-08-22 00:00:00+09:00,8766.0,8781.0,8741.0,8746.0,61814.0
2018-08-23 00:00:00+09:00,8756.0,8756.0,8721.0,8741.0,24267.0
2018-08-24 00:00:00+09:00,8681.0,8716.0,8666.0,8711.0,43052.0
2018-08-27 00:00:00+09:00,8821.0,8851.0,8811.0,8841.0,87816.0
2018-08-28 00:00:00+09:00,8856.0,8875.0,8846.0,8861.0,102136.0
2018-08-29 00:00:00+09:00,8816.0,8826.0,8801.0,8821.0,36860.0
2018-08-30 00:00:00+09:00,8821.0,8836.0,8776.0,8796.0,32543.0
2018-08-31 00:00:00+09:00,8796.0,8821.0,8761.0,8821.0,31187.0
2018-09-03 00:00:00+09:00,8791.0,8796.0,8746.0,8796.0,139349.0
2018-09-04 00:00:00+09:00,8791.0,8796.0,8761.0,8761.0,17702.0
2018-09-05 00:00:00+09:00,8741.0,8751.0,8701.0,8731.0,32585.0
2018-09-06 00:00:00+09:00,8766.0,8786.0,8751.0,8766.0,9543.0
2018-09-07 00:00:00+09:00,8801.0,8806.0,8776.0,8796.0,16339.0
2018-09-10 00:00:00+09:00,8756.0,8756.0,8721.0,8736.0,42692.0
2018-09-11 00:00:00+09:00,8731.0,8761.0,8731.0,8761.0,15909.0
2018-09-12 00:00:00+09:00,8761.0,8761.0,8716.0,8736.0,32892.0
2018-09-13 00:00:00+09:00,8806.0,8816.0,8796.0,8806.0,29300.0
2018-09-14 00:00:00+09:00,8796.0,8821.0,8776.0,8816.0,17999.0
2018-09-17 00:00:00+09:00,8736.0,8761.0,8716.0,8761.0,21630.0
2018-09-18 00:00:00+09:00,8771.0,8776.0,8736.0,8746.0,182117.0
2018-09-19 00:00:00+09:00,8756.0,8801.0,8751.0,8781.0,10418.0
2018-09-20 00:00:00+09:00,8811.0,8826.0,8796.0,8816.0,20551.0
2018-09-21 00:00:00+09:00,8821.0,8856.0,8811.0,8851.0,21298.0
2018-09-27 00:00:00+09:00,8771.0,8776.0,8746.0,8746.0,165298.0
2018-09-28 00:00:00+09:00,8726.0,8726.0,8642.0,8642.0,64336.0
2018-10-01 00:00:00+09:00,8686.0,8711.0,8686.0,8696.0,36287.0
2018-10-02 00:00:00+09:00,8686.0,8731.0,8676.0,8731.0,43636.0
2018-10-04 00:00:00+09:00,8756.0,8766.0,8741.0,8761.0,107916.0
2018-10-05 00:00:00+09:00,8761.0,8781.0,8756.0,8781.0,74719.0
2018-10-08 00:00:00+09:00,8796.0,8811.0,8746.0,8751.0,66927.0
2018-10-10 00:00:00+09:00,8701.0,8711.0,8686.0,8701.0,76715.0
2018-10-11 00:00:00+09:00,8746.0,8746.0,8711.0,8741.0,110064.0
2018-10-12 00:00:00+09:00,8915.0,8940.0,8895.0,8895.0,156507.0
2018-10-15 00:00:00+09:00,8900.0,8955.0,8900.0,8955.0,66259.0
2018-10-16 00:00:00+09:00,8975.0,8985.0,8945.0,8960.0,35165.0
2018-10-17 00:00:00+09:00,8955.0,8965.0,8915.0,8935.0,267564.0
2018-10-18 00:00:00+09:00,8920.0,8935.0,8905.0,8920.0,77494.0
2018-10-19 00:00:00+09:00,8940.0,8980.0,8940.0,8960.0,53852.0
2018-10-22 00:00:00+09:00,8960.0,8985.0,8955.0,8970.0,66087.0
2018-10-23 00:00:00+09:00,8945.0,8980.0,8920.0,8980.0,96478.0
2018-10-24 00:00:00+09:00,9000.0,9015.0,8985.0,9000.0,93981.0
2018-10-25 00:00:00+09:00,9005.0,9060.0,9005.0,9060.0,202444.0
2018-10-26 00:00:00+09:00,9005.0,9035.0,8980.0,9035.0,145929.0
2018-10-29 00:00:00+09:00,9020.0,9040.0,8990.0,9010.0,120854.0
2018-10-30 00:00:00+09:00,8965.0,8985.0,8940.0,8955.0,104585.0
2018-10-31 00:00:00+09:00,8940.0,8940.0,8861.0,8900.0,185790.0
2018-11-01 00:00:00+09:00,8875.0,8925.0,8856.0,8925.0,342659.0
2018-11-02 00:00:00+09:00,8990.0,9020.0,8980.0,9010.0,126752.0
2018-11-05 00:00:00+09:00,9010.0,9020.0,8990.0,9005.0,79646.0
2018-11-06 00:00:00+09:00,8995.0,8995.0,8965.0,8965.0,73362.0
2018-11-07 00:00:00+09:00,8975.0,8990.0,8930.0,8980.0,126822.0
2018-11-08 00:00:00+09:00,8955.0,8955.0,8905.0,8940.0,180559.0
2018-11-09 00:00:00+09:00,8905.0,8925.0,8890.0,8905.0,73732.0
2018-11-12 00:00:00+09:00,8831.0,8836.0,8796.0,8811.0,64688.0
2018-11-13 00:00:00+09:00,8761.0,8806.0,8761.0,8791.0,39278.0
2018-11-14 00:00:00+09:00,8776.0,8791.0,8761.0,8786.0,36430.0
2018-11-15 00:00:00+09:00,8846.0,8856.0,8806.0,8856.0,89594.0
2018-11-16 00:00:00+09:00,8856.0,8885.0,8841.0,8861.0,18419.0
2018-11-19 00:00:00+09:00,8905.0,8920.0,8870.0,8875.0,28088.0
2018-11-20 00:00:00+09:00,8925.0,8925.0,8900.0,8910.0,34867.0
2018-11-21 00:00:00+09:00,8910.0,8915.0,8875.0,8910.0,44849.0
2018-11-22 00:00:00+09:00,8925.0,8965.0,8925.0,8965.0,24677.0
2018-11-23 00:00:00+09:00,8980.0,8985.0,8935.0,8960.0,18531.0
2018-11-26 00:00:00+09:00,8940.0,8940.0,8905.0,8940.0,28083.0
2018-11-27 00:00:00+09:00,8925.0,8925.0,8900.0,8915.0,15003.0
2018-11-28 00:00:00+09:00,8866.0,8866.0,8846.0,8866.0,30579.0
2018-11-29 00:00:00+09:00,8915.0,8945.0,8880.0,8945.0,53035.0
2018-11-30 00:00:00+09:00,8930.0,8930.0,8910.0,8925.0,75634.0
2018-12-03 00:00:00+09:00,8915.0,8950.0,8890.0,8950.0,66736.0
2018-12-04 00:00:00+09:00,8960.0,9030.0,8950.0,9030.0,59126.0
2018-12-05 00:00:00+09:00,9030.0,9035.0,8980.0,9005.0,50460.0
2018-12-06 00:00:00+09:00,9010.0,9045.0,9005.0,9025.0,54992.0
2018-12-07 00:00:00+09:00,9030.0,9035.0,9010.0,9025.0,25576.0
2018-12-10 00:00:00+09:00,9094.0,9109.0,9079.0,9109.0,348135.0
2018-12-11 00:00:00+09:00,9079.0,9099.0,9050.0,9099.0,64463.0
2018-12-12 00:00:00+09:00,9069.0,9089.0,9045.0,9045.0,131361.0
2018-12-13 00:00:00+09:00,9065.0,9084.0,9045.0,9050.0,122919.0
2018-12-14 00:00:00+09:00,9050.0,9055.0,9015.0,9015.0,55741.0
2018-12-17 00:00:00+09:00,8990.0,9025.0,8990.0,9020.0,34549.0
2018-12-18 00:00:00+09:00,9065.0,9104.0,9060.0,9060.0,86389.0
2018-12-19 00:00:00+09:00,9094.0,9109.0,9079.0,9084.0,94977.0
2018-12-20 00:00:00+09:00,9050.0,9065.0,9040.0,9060.0,48414.0
2018-12-21 00:00:00+09:00,9159.0,9194.0,9149.0,9169.0,189996.0
2018-12-24 00:00:00+09:00,9164.0,9204.0,9154.0,9194.0,56874.0
2018-12-26 00:00:00+09:00,9224.0,9278.0,9204.0,9278.0,424878.0
2018-12-27 00:00:00+09:00,9239.0,9259.0,9219.0,9239.0,27904.0
2018-12-28 00:00:00+09:00,9259.0,9303.0,9254.0,9303.0,88843.0
2019-01-02 00:00:00+09:00,9298.0,9363.0,9283.0,9353.0,218846.0
2019-01-03 00:00:00+09:00,9353.0,9393.0,9328.0,9393.0,204872.0
2019-01-04 00:00:00+09:00,9403.0,9443.0,9403.0,9413.0,297747.0
2019-01-07 00:00:00+09:00,9333.0,9393.0,9303.0,9378.0,273219.0
2019-01-08 00:00:00+09:00,9358.0,9373.0,9308.0,9333.0,97893.0
2019-01-09 00:00:00+09:00,9323.0,9353.0,9298.0,9303.0,83626.0
2019-01-10 00:00:00+09:00,9398.0,9428.0,9383.0,9413.0,110816.0
2019-01-11 00:00:00+09:00,9363.0,9413.0,9343.0,9403.0,104492.0
2019-01-14 00:00:00+09:00,9358.0,9393.0,9343.0,9388.0,51149.0
2019-01-15 00:00:00+09:00,9393.0,9398.0,9363.0,9383.0,135661.0
2019-01-16 00:00:00+09:00,9353.0,9388.0,9343.0,9383.0,131784.0
2019-01-17 00:00:00+09:00,9373.0,9398.0,9368.0,9383.0,59374.0
2019-01-18 00:00:00+09:00,9378.0,9388.0,9358.0,9383.0,73268.0
2019-01-21 00:00:00+09:00,9323.0,9323.0,9293.0,9323.0,78304.0
2019-01-22 00:00:00+09:00,9288.0,9288.0,9264.0,9264.0,36782.0
2019-01-23 00:00:00+09:00,9308.0,9328.0,9298.0,9328.0,56386.0
2019-01-24 00:00:00+09:00,9303.0,9318.0,9283.0,9293.0,23828.0
2019-01-25 00:00:00+09:00,9303.0,9308.0,9273.0,9308.0,32964.0
2019-01-28 00:00:00+09:00,9418.0,9463.0,9413.0,9453.0,145954.0
2019-01-29 00:00:00+09:00,9453.0,9468.0,9443.0,9463.0,21707.0
2019-01-30 00:00:00+09:00,9492.0,9537.0,9492.0,9537.0,59029.0
2019-01-31 00:00:00+09:00,9562.0,9587.0,9542.0,9577.0,93525.0
2019-02-01 00:00:00+09:00,9582.0,9592.0,9552.0,9567.0,90347.0
2019-02-07 00:00:00+09:00,9472.0,9472.0,9438.0,9458.0,57590.0
2019-02-08 00:00:00+09:00,9497.0,9497.0,9472.0,9477.0,73661.0
2019-02-11 00:00:00+09:00,9507.0,9527.0,9497.0,9517.0,49061.0
2019-02-12 00:00:00+09:00,9468.0,9492.0,9458.0,9492.0,208879.0
2019-02-13 00:00:00+09:00,9482.0,9522.0,9477.0,9522.0,30151.0
2019-02-14 00:00:00+09:00,9472.0,9482.0,9463.0,9482.0,36345.0
2019-02-15 00:00:00+09:00,9487.0,9507.0,9487.0,9502.0,48552.0
2019-02-18 00:00:00+09:00,9557.0,9602.0,9557.0,9587.0,47366.0
2019-02-19 00:00:00+09:00,9602.0,9607.0,9587.0,9597.0,60800.0
2019-02-20 00:00:00+09:00,9691.0,9756.0,9691.0,9706.0,135386.0
2019-02-21 00:00:00+09:00,9716.0,9716.0,9676.0,9701.0,74943.0
2019-02-22 00:00:00+09:00,9592.0,9602.0,9582.0,9592.0,33120.0
2019-02-25 00:00:00+09:00,9607.0,9652.0,9602.0,9652.0,32618.0
2019-02-26 00:00:00+09:00,9617.0,9627.0,9597.0,9617.0,42371.0
2019-02-27 00:00:00+09:00,9617.0,9632.0,9597.0,9612.0,24910.0
2019-02-28 00:00:00+09:00,9562.0,9562.0,9522.0,9527.0,86160.0
2019-03-04 00:00:00+09:00,9373.0,9393.0,9348.0,9358.0,107885.0
2019-03-05 00:00:00+09:00,9313.0,9313.0,9278.0,9293.0,83373.0
2019-03-06 00:00:00+09:00,9303.0,9333.0,9298.0,9323.0,69807.0
2019-03-07 00:00:00+09:00,9303.0,9323.0,9288.0,9303.0,33684.0
2019-03-08 00:00:00+09:00,9298.0,9353.0,9293.0,9353.0,38030.0
2019-03-11 00:00:00+09:00,9373.0,9403.0,9373.0,9403.0,101856.0
2019-03-12 00:00:00+09:00,9338.0,9373.0,9323.0,9373.0,40589.0
2019-03-13 00:00:00+09:00,9413.0,9453.0,9413.0,9448.0,237910.0
2019-03-14 00:00:00+09:00,9453.0,9472.0,9418.0,9418.0,211297.0
2019-03-15 00:00:00+09:00,9383.0,9413.0,9343.0,9413.0,60107.0
2019-03-18 00:00:00+09:00,9413.0,9413.0,9388.0,9403.0,28483.0
2019-03-19 00:00:00+09:00,9423.0,9448.0,9403.0,9443.0,24661.0
2019-03-20 00:00:00+09:00,9428.0,9448.0,9423.0,9448.0,224345.0
2019-03-21 00:00:00+09:00,9492.0,9547.0,9492.0,9542.0,103563.0
2019-03-22 00:00:00+09:00,9472.0,9487.0,9453.0,9487.0,30505.0
2019-03-25 00:00:00+09:00,9492.0,9532.0,9477.0,9527.0,92391.0
2019-03-26 00:00:00+09:00,9562.0,9572.0,9532.0,9552.0,52763.0
2019-03-27 00:00:00+09:00,9522.0,9532.0,9487.0,9497.0,96953.0
2019-03-28 00:00:00+09:00,9477.0,9477.0,9438.0,9472.0,34926.0
2019-03-29 00:00:00+09:00,9338.0,9338.0,9283.0,9303.0,220472.0
2019-04-01 00:00:00+09:00,9318.0,9353.0,9313.0,9328.0,103394.0
2019-04-02 00:00:00+09:00,9288.0,9308.0,9273.0,9298.0,94570.0
2019-04-03 00:00:00+09:00,9313.0,9343.0,9313.0,9343.0,83079.0
2019-04-04 00:00:00+09:00,9303.0,9343.0,9303.0,9338.0,142147.0
2019-04-05 00:00:00+09:00,9318.0,9338.0,9298.0,9308.0,65844.0
2019-04-08 00:00:00+09:00,9313.0,9368.0,9313.0,9368.0,54223.0
2019-04-09 00:00:00+09:00,9373.0,9393.0,9363.0,9378.0,44544.0
2019-04-10 00:00:00+09:00,9408.0,9423.0,9393.0,9423.0,41504.0
2019-04-11 00:00:00+09:00,9438.0,9448.0,9428.0,9438.0,81045.0
2019-04-12 00:00:00+09:00,9328.0,9343.0,9313.0,9343.0,61574.0
2019-04-15 00:00:00+09:00,9313.0,9313.0,9278.0,9293.0,123478.0
2019-04-16 00:00:00+09:00,9283.0,9293.0,9254.0,9269.0,61185.0
2019-04-17 00:00:00+09:00,9209.0,9224.0,9184.0,9214.0,115330.0
2019-04-18 00:00:00+09:00,9189.0,9194.0,9149.0,9149.0,74457.0
2019-04-19 00:00:00+09:00,9184.0,9194.0,9154.0,9194.0,14712.0
2019-04-22 00:00:00+09:00,9204.0,9234.0,9194.0,9229.0,74401.0
2019-04-23 00:00:00+09:00,9199.0,9204.0,9169.0,9174.0,37763.0
2019-04-24 00:00:00+09:00,9164.0,9174.0,9144.0,9154.0,43702.0
2019-04-25 00:00:00+09:00,9199.0,9204.0,9174.0,9204.0,43000.0
2019-04-26 00:00:00+09:00,9224.0,9239.0,9209.0,9239.0,57065.0
2019-04-29 00:00:00+09:00,9269.0,9273.0,9249.0,9264.0,110344.0
2019-04-30 00:00:00+09:00,9229.0,9259.0,9224.0,9254.0,80802.0
2019-05-02 00:00:00+09:00,9204.0,9204.0,9159.0,9169.0,331393.0
2019-05-03 00:00:00+09:00,9149.0,9169.0,9144.0,9154.0,43008.0
2019-05-07 00:00:00+09:00,9234.0,9254.0,9219.0,9254.0,87632.0
2019-05-08 00:00:00+09:00,9259.0,9273.0,9254.0,9269.0,38270.0
2019-05-09 00:00:00+09:00,9239.0,9249.0,9214.0,9244.0,392393.0
2019-05-10 00:00:00+09:00,9254.0,9269.0,9234.0,9259.0,59237.0
2019-05-13 00:00:00+09:00,9259.0,9278.0,9234.0,9254.0,75208.0
2019-05-14 00:00:00+09:00,9373.0,9393.0,9353.0,9358.0,103899.0
2019-05-15 00:00:00+09:00,9353.0,9353.0,9323.0,9328.0,40841.0
2019-05-16 00:00:00+09:00,9343.0,9343.0,9328.0,9343.0,22784.0
2019-05-17 00:00:00+09:00,9269.0,9283.0,9249.0,9278.0,109290.0
2019-05-20 00:00:00+09:00,9199.0,9209.0,9179.0,9194.0,133112.0
2019-05-21 00:00:00+09:00,9204.0,9204.0,9174.0,9184.0,51212.0
2019-05-22 00:00:00+09:00,9164.0,9179.0,9159.0,9164.0,39978.0
2019-05-23 00:00:00+09:00,9169.0,9179.0,9154.0,9179.0,25487.0
2019-05-24 00:00:00+09:00,9234.0,9249.0,9224.0,9239.0,101698.0
2019-05-27 00:00:00+09:00,9254.0,9269.0,9234.0,9264.0,81503.0
2019-05-28 00:00:00+09:00,9244.0,9259.0,9224.0,9239.0,44298.0
2019-05-29 00:00:00+09:00,9214.0,9239.0,9199.0,9239.0,29941.0
2019-05-30 00:00:00+09:00,9214.0,9214.0,9184.0,9194.0,42618.0
2019-05-31 00:00:00+09:00,9273.0,9313.0,9273.0,9303.0,63778.0
2019-06-03 00:00:00+09:00,9413.0,9453.0,9413.0,9443.0,94826.0
2019-06-04 00:00:00+09:00,9537.0,9552.0,9502.0,9547.0,124648.0
2019-06-05 00:00:00+09:00,9527.0,9572.0,9527.0,9572.0,121425.0
2019-06-07 00:00:00+09:00,9587.0,9597.0,9557.0,9557.0,99294.0
2019-06-10 00:00:00+09:00,9587.0,9607.0,9527.0,9532.0,130004.0
2019-06-11 00:00:00+09:00,9542.0,9562.0,9537.0,9547.0,111239.0
2019-06-12 00:00:00+09:00,9537.0,9617.0,9527.0,9607.0,65713.0
2019-06-13 00:00:00+09:00,9597.0,9622.0,9572.0,9622.0,120104.0
2019-06-14 00:00:00+09:00,9647.0,9701.0,9647.0,9701.0,110254.0
2019-06-17 00:00:00+09:00,9637.0,9652.0,9612.0,9637.0,86897.0
2019-06-18 00:00:00+09:00,9622.0,9691.0,9617.0,9691.0,35584.0
2019-06-19 00:00:00+09:00,9681.0,9681.0,9652.0,9672.0,82412.0
2019-06-20 00:00:00+09:00,9746.0,9995.0,9746.0,9940.0,388408.0
2019-06-21 00:00:00+09:00,9985.0,10144.0,9985.0,10030.0,808324.0
2019-06-24 00:00:00+09:00,10109.0,10134.0,10070.0,10099.0,154589.0
2019-06-25 00:00:00+09:00,10229.0,10333.0,10199.0,10259.0,196778.0
2019-06-26 00:00:00+09:00,10194.0,10199.0,10079.0,10119.0,173271.0
2019-06-27 00:00:00+09:00,10119.0,10139.0,10079.0,10094.0,95613.0
2019-06-28 00:00:00+09:00,10119.0,10229.0,10119.0,10169.0,104816.0
2019-07-01 00:00:00+09:00,9980.0,10025.0,9945.0,9945.0,170641.0
2019-07-02 00:00:00+09:00,9945.0,10005.0,9930.0,9985.0,97508.0
2019-07-03 00:00:00+09:00,10264.0,10303.0,10194.0,10239.0,131146.0
2019-07-04 00:00:00+09:00,10194.0,10209.0,10149.0,10164.0,91504.0
2019-07-05 00:00:00+09:00,10199.0,10209.0,10144.0,10144.0,122699.0
2019-07-08 00:00:00+09:00,10025.0,10089.0,10015.0,10079.0,69020.0
2019-07-09 00:00:00+09:00,10020.0,10025.0,9980.0,10005.0,135748.0
2019-07-10 00:00:00+09:00,10010.0,10015.0,9975.0,9990.0,65398.0
2019-07-11 00:00:00+09:00,10189.0,10234.0,10184.0,10184.0,70059.0
2019-07-12 00:00:00+09:00,10079.0,10114.0,10070.0,10104.0,45602.0
2019-07-15 00:00:00+09:00,10149.0,10169.0,10114.0,10154.0,35824.0
2019-07-16 00:00:00+09:00,10159.0,10159.0,10119.0,10144.0,131305.0
2019-07-17 00:00:00+09:00,10094.0,10094.0,10070.0,10084.0,33506.0
2019-07-18 00:00:00+09:00,10214.0,10244.0,10179.0,10194.0,465411.0
2019-07-19 00:00:00+09:00,10348.0,10373.0,10338.0,10358.0,191054.0
2019-07-22 00:00:00+09:00,10348.0,10348.0,10209.0,10239.0,122451.0
2019-07-23 00:00:00+09:00,10214.0,10219.0,10144.0,10169.0,375293.0
2019-07-24 00:00:00+09:00,10164.0,10194.0,10149.0,10194.0,156605.0
2019-07-25 00:00:00+09:00,10209.0,10229.0,10189.0,10214.0,76946.0
2019-07-26 00:00:00+09:00,10149.0,10169.0,10124.0,10154.0,60969.0
2019-07-29 00:00:00+09:00,10169.0,10209.0,10159.0,10159.0,45354.0
2019-07-30 00:00:00+09:00,10204.0,10214.0,10184.0,10209.0,212709.0
2019-07-31 00:00:00+09:00,10259.0,10269.0,10229.0,10259.0,64400.0
2019-08-01 00:00:00+09:00,10129.0,10129.0,10070.0,10094.0,189924.0
2019-08-02 00:00:00+09:00,10283.0,10323.0,10234.0,10274.0,120297.0
2019-08-05 00:00:00+09:00,10333.0,10468.0,10308.0,10468.0,393182.0
2019-08-06 00:00:00+09:00,10537.0,10572.0,10433.0,10487.0,856758.0
2019-08-07 00:00:00+09:00,10577.0,10681.0,10567.0,10677.0,473499.0
2019-08-08 00:00:00+09:00,10741.0,10796.0,10686.0,10751.0,308022.0
2019-08-09 00:00:00+09:00,10761.0,10796.0,10736.0,10766.0,316986.0
2019-08-12 00:00:00+09:00,10761.0,10761.0,10706.0,10716.0,311796.0
2019-08-13 00:00:00+09:00,10816.0,10910.0,10816.0,10910.0,653084.0
2019-08-14 00:00:00+09:00,10761.0,10761.0,10696.0,10731.0,687427.0
2019-08-16 00:00:00+09:00,10930.0,10935.0,10851.0,10851.0,545646.0
2019-08-19 00:00:00+09:00,10806.0,10821.0,10766.0,10776.0,723062.0
2019-08-20 00:00:00+09:00,10716.0,10731.0,10686.0,10721.0,771314.0
2019-08-21 00:00:00+09:00,10766.0,10786.0,10731.0,10756.0,353069.0
2019-08-22 00:00:00+09:00,10746.0,10761.0,10726.0,10751.0,162028.0
2019-08-23 00:00:00+09:00,10721.0,10721.0,10681.0,10681.0,243789.0
2019-08-26 00:00:00+09:00,11050.0,11070.0,11000.0,11035.0,461175.0
2019-08-27 00:00:00+09:00,10950.0,10985.0,10915.0,10985.0,452142.0
2019-08-28 00:00:00+09:00,11050.0,11055.0,10960.0,11020.0,390401.0
2019-08-29 00:00:00+09:00,11015.0,11065.0,11000.0,11060.0,217974.0
2019-08-30 00:00:00+09:00,10935.0,10965.0,10890.0,10950.0,293164.0
2019-09-02 00:00:00+09:00,10945.0,10945.0,10885.0,10905.0,383326.0
2019-09-03 00:00:00+09:00,10930.0,10940.0,10895.0,10920.0,213880.0
2019-09-04 00:00:00+09:00,11089.0,11089.0,11000.0,11000.0,393387.0
2019-09-05 00:00:00+09:00,11080.0,11099.0,11020.0,11055.0,288208.0
2019-09-06 00:00:00+09:00,10846.0,10871.0,10816.0,10836.0,505058.0
2019-09-09 00:00:00+09:00,10761.0,10821.0,10751.0,10791.0,394796.0
2019-09-10 00:00:00+09:00,10701.0,10706.0,10622.0,10657.0,180783.0
2019-09-11 00:00:00+09:00,10622.0,10677.0,10622.0,10667.0,150254.0
2019-09-16 00:00:00+09:00,10751.0,10791.0,10721.0,10771.0,244583.0
2019-09-17 00:00:00+09:00,10711.0,10721.0,10681.0,10696.0,100557.0
2019-09-18 00:00:00+09:00,10711.0,10736.0,10711.0,10716.0,64984.0
2019-09-19 00:00:00+09:00,10657.0,10706.0,10642.0,10681.0,110898.0
2019-09-20 00:00:00+09:00,10701.0,10756.0,10691.0,10741.0,152222.0
2019-09-23 00:00:00+09:00,10811.0,10856.0,10801.0,10831.0,212482.0
2019-09-24 00:00:00+09:00,10861.0,10881.0,10856.0,10876.0,131295.0
2019-09-25 00:00:00+09:00,10940.0,10970.0,10915.0,10930.0,312479.0
2019-09-26 00:00:00+09:00,10766.0,10796.0,10761.0,10786.0,188386.0
2019-09-27 00:00:00+09:00,10771.0,10771.0,10736.0,10746.0,217447.0
2019-09-30 00:00:00+09:00,10691.0,10691.0,10637.0,10637.0,194030.0
2019-10-01 00:00:00+09:00,10527.0,10532.0,10428.0,10443.0,309678.0
2019-10-02 00:00:00+09:00,10577.0,10587.0,10532.0,10542.0,217260.0
2019-10-04 00:00:00+09:00,10756.0,10781.0,10751.0,10766.0,294921.0
2019-10-07 00:00:00+09:00,10766.0,10776.0,10736.0,10751.0,54437.0
2019-10-08 00:00:00+09:00,10652.0,10662.0,10617.0,10632.0,157979.0
2019-10-10 00:00:00+09:00,10786.0,10796.0,10736.0,10736.0,438546.0
2019-10-11 00:00:00+09:00,10672.0,10696.0,10637.0,10696.0,91845.0
2019-10-14 00:00:00+09:00,10597.0,10622.0,10582.0,10622.0,202105.0
2019-10-15 00:00:00+09:00,10642.0,10667.0,10632.0,10632.0,164080.0
2019-10-16 00:00:00+09:00,10572.0,10592.0,10552.0,10552.0,147667.0
2019-10-17 00:00:00+09:00,10622.0,10647.0,10607.0,10642.0,91972.0
2019-10-18 00:00:00+09:00,10642.0,10652.0,10627.0,10627.0,68438.0
2019-10-21 00:00:00+09:00,10632.0,10652.0,10612.0,10637.0,64160.0
2019-10-22 00:00:00+09:00,10587.0,10592.0,10557.0,10587.0,127478.0
2019-10-23 00:00:00+09:00,10602.0,10627.0,10602.0,10622.0,166009.0
2019-10-24 00:00:00+09:00,10642.0,10647.0,10622.0,10637.0,192740.0
2019-10-25 00:00:00+09:00,10706.0,10731.0,10691.0,10731.0,307870.0
2019-10-28 00:00:00+09:00,10726.0,10731.0,10706.0,10721.0,116585.0
2019-10-29 00:00:00+09:00,10637.0,10642.0,10617.0,10622.0,112352.0
2019-10-30 00:00:00+09:00,10597.0,10612.0,10587.0,10602.0,140430.0
2019-10-31 00:00:00+09:00,10647.0,10681.0,10637.0,10677.0,161991.0
2019-11-01 00:00:00+09:00,10771.0,10781.0,10751.0,10761.0,135068.0
2019-11-04 00:00:00+09:00,10776.0,10786.0,10761.0,10766.0,175149.0
2019-11-05 00:00:00+09:00,10726.0,10741.0,10706.0,10716.0,190165.0
2019-11-06 00:00:00+09:00,10577.0,10592.0,10562.0,10582.0,114755.0
2019-11-07 00:00:00+09:00,10607.0,10632.0,10607.0,10627.0,67753.0
2019-11-08 00:00:00+09:00,10577.0,10597.0,10443.0,10482.0,256161.0
2019-11-11 00:00:00+09:00,10413.0,10433.0,10398.0,10428.0,84362.0
2019-11-12 00:00:00+09:00,10423.0,10423.0,10323.0,10323.0,97506.0
2019-11-13 00:00:00+09:00,10373.0,10413.0,10373.0,10413.0,167257.0
2019-11-14 00:00:00+09:00,10418.0,10448.0,10403.0,10448.0,51948.0
2019-11-15 00:00:00+09:00,10453.0,10463.0,10413.0,10423.0,86347.0
2019-11-18 00:00:00+09:00,10453.0,10458.0,10423.0,10433.0,88093.0
2019-11-19 00:00:00+09:00,10468.0,10502.0,10453.0,10482.0,213890.0
2019-11-20 00:00:00+09:00,10492.0,10502.0,10473.0,10497.0,218892.0
2019-11-21 00:00:00+09:00,10482.0,10507.0,10458.0,10473.0,203863.0
2019-11-22 00:00:00+09:00,10468.0,10468.0,10418.0,10438.0,83645.0
2019-11-25 00:00:00+09:00,10398.0,10408.0,10368.0,10378.0,60714.0
2019-11-26 00:00:00+09:00,10348.0,10378.0,10328.0,10368.0,155425.0
2019-11-27 00:00:00+09:00,10393.0,10398.0,10373.0,10383.0,36462.0
2019-11-28 00:00:00+09:00,10373.0,10373.0,10353.0,10368.0,59578.0
2019-11-29 00:00:00+09:00,10318.0,10383.0,10303.0,10378.0,66361.0
2019-12-02 00:00:00+09:00,10393.0,10408.0,10378.0,10378.0,63634.0
2019-12-03 00:00:00+09:00,10408.0,10413.0,10383.0,10388.0,59573.0
2019-12-04 00:00:00+09:00,10492.0,10537.0,10492.0,10527.0,132844.0
2019-12-05 00:00:00+09:00,10522.0,10522.0,10478.0,10502.0,102365.0
2019-12-06 00:00:00+09:00,10497.0,10497.0,10468.0,10473.0,188398.0
2019-12-09 00:00:00+09:00,10378.0,10393.0,10368.0,10393.0,99378.0
2019-12-10 00:00:00+09:00,10398.0,10398.0,10373.0,10398.0,124858.0
2019-12-11 00:00:00+09:00,10398.0,10413.0,10388.0,10403.0,41551.0
2019-12-12 00:00:00+09:00,10473.0,10487.0,10473.0,10482.0,206569.0
2019-12-13 00:00:00+09:00,10423.0,10453.0,10408.0,10433.0,131697.0
2019-12-16 00:00:00+09:00,10468.0,10502.0,10468.0,10502.0,48503.0
2019-12-17 00:00:00+09:00,10492.0,10507.0,10478.0,10507.0,52777.0
2019-12-18 00:00:00+09:00,10502.0,10502.0,10478.0,10502.0,41088.0
2019-12-19 00:00:00+09:00,10492.0,10502.0,10473.0,10492.0,56091.0
2019-12-20 00:00:00+09:00,10492.0,10517.0,10492.0,10512.0,49210.0
2019-12-23 00:00:00+09:00,10512.0,10522.0,10497.0,10522.0,83884.0
2019-12-24 00:00:00+09:00,10542.0,10602.0,10542.0,10602.0,302133.0
2019-12-26 00:00:00+09:00,10647.0,10696.0,10642.0,10691.0,214734.0
2019-12-27 00:00:00+09:00,10731.0,10761.0,10721.0,10726.0,129601.0
2019-12-30 00:00:00+09:00,10736.0,10766.0,10736.0,10756.0,160975.0
2020-01-02 00:00:00+09:00,10776.0,10796.0,10766.0,10791.0,222306.0
2020-01-03 00:00:00+09:00,10841.0,10955.0,10841.0,10945.0,260065.0
2020-01-06 00:00:00+09:00,11040.0,11214.0,11040.0,11189.0,660192.0
2020-01-07 00:00:00+09:00,11104.0,11124.0,11035.0,11124.0,370680.0
2020-01-08 00:00:00+09:00,11288.0,11433.0,11239.0,11303.0,699766.0
2020-01-09 00:00:00+09:00,11035.0,11065.0,11000.0,11000.0,344873.0
2020-01-10 00:00:00+09:00,11000.0,11015.0,10960.0,10980.0,301859.0
2020-01-13 00:00:00+09:00,11045.0,11060.0,11015.0,11025.0,159959.0
2020-01-14 00:00:00+09:00,10975.0,10975.0,10885.0,10920.0,376986.0
2020-01-15 00:00:00+09:00,10980.0,11015.0,10960.0,11005.0,302963.0
2020-01-16 00:00:00+09:00,11005.0,11045.0,10995.0,11005.0,520817.0
2020-01-17 00:00:00+09:00,11005.0,11040.0,10980.0,11020.0,164472.0
2020-01-20 00:00:00+09:00,11015.0,11084.0,11015.0,11084.0,648541.0
2020-01-21 00:00:00+09:00,11070.0,11119.0,11055.0,11099.0,204788.0
2020-01-22 00:00:00+09:00,11015.0,11045.0,10985.0,10995.0,187233.0
2020-01-23 00:00:00+09:00,11055.0,11075.0,11020.0,11025.0,180448.0
2020-01-28 00:00:00+09:00,11184.0,11219.0,11184.0,11194.0,399123.0
2020-01-29 00:00:00+09:00,11129.0,11129.0,11080.0,11104.0,246449.0
2020-01-30 00:00:00+09:00,11164.0,11189.0,11154.0,11169.0,433734.0
2020-01-31 00:00:00+09:00,11164.0,11164.0,11124.0,11154.0,227399.0
2020-02-03 00:00:00+09:00,11249.0,11254.0,11174.0,11184.0,314024.0
2020-02-04 00:00:00+09:00,11184.0,11194.0,11124.0,11124.0,490822.0
2020-02-05 00:00:00+09:00,11010.0,11050.0,10990.0,11040.0,298887.0
2020-02-06 00:00:00+09:00,11035.0,11035.0,11000.0,11025.0,301388.0
2020-02-07 00:00:00+09:00,11075.0,11109.0,11070.0,11070.0,541304.0
2020-02-10 00:00:00+09:00,11134.0,11149.0,11099.0,11124.0,229250.0
2020-02-11 00:00:00+09:00,11124.0,11134.0,11089.0,11109.0,325909.0
2020-02-12 00:00:00+09:00,11094.0,11104.0,11070.0,11075.0,141247.0
2020-02-13 00:00:00+09:00,11099.0,11154.0,11099.0,11154.0,188336.0
2020-02-14 00:00:00+09:00,11154.0,11169.0,11134.0,11154.0,288519.0
2020-02-17 00:00:00+09:00,11204.0,11209.0,11189.0,11199.0,132970.0
2020-02-18 00:00:00+09:00,11214.0,11239.0,11204.0,11224.0,188031.0
2020-02-19 00:00:00+09:00,11313.0,11353.0,11308.0,11348.0,264489.0
2020-02-20 00:00:00+09:00,11383.0,11403.0,11368.0,11383.0,866595.0
2020-02-21 00:00:00+09:00,11468.0,11542.0,11458.0,11542.0,345210.0
2020-02-24 00:00:00+09:00,11766.0,11801.0,11731.0,11771.0,639395.0
2020-02-25 00:00:00+09:00,11701.0,11741.0,11582.0,11582.0,433061.0
2020-02-26 00:00:00+09:00,11592.0,11642.0,11577.0,11637.0,395626.0
2020-02-27 00:00:00+09:00,11617.0,11687.0,11617.0,11687.0,184214.0
2020-02-28 00:00:00+09:00,11652.0,11662.0,11507.0,11557.0,581312.0
2020-03-02 00:00:00+09:00,11204.0,11368.0,11194.0,11348.0,573406.0
2020-03-03 00:00:00+09:00,11269.0,11343.0,11264.0,11308.0,328268.0
2020-03-04 00:00:00+09:00,11652.0,11657.0,11597.0,11617.0,315703.0
2020-03-05 00:00:00+09:00,11572.0,11612.0,11572.0,11602.0,260573.0
2020-03-06 00:00:00+09:00,11826.0,11890.0,11791.0,11851.0,466364.0
2020-03-09 00:00:00+09:00,12020.0,12055.0,11731.0,11821.0,707918.0
2020-03-10 00:00:00+09:00,11806.0,11836.0,11677.0,11746.0,518583.0
2020-03-11 00:00:00+09:00,11687.0,11786.0,11672.0,11751.0,198277.0
2020-03-12 00:00:00+09:00,11607.0,11662.0,11517.0,11547.0,634485.0
2020-03-13 00:00:00+09:00,11134.0,11244.0,10995.0,11234.0,860222.0
2020-03-16 00:00:00+09:00,11020.0,11030.0,10751.0,10910.0,1328522.0
2020-03-17 00:00:00+09:00,10632.0,10736.0,10473.0,10517.0,1308010.0
2020-03-18 00:00:00+09:00,10856.0,10876.0,10672.0,10672.0,602786.0
2020-03-19 00:00:00+09:00,10597.0,10602.0,10353.0,10482.0,427926.0
2020-03-20 00:00:00+09:00,10433.0,10602.0,10403.0,10602.0,216030.0
2020-03-23 00:00:00+09:00,10547.0,10612.0,10517.0,10557.0,346933.0
2020-03-24 00:00:00+09:00,11159.0,11343.0,11109.0,11214.0,821316.0
2020-03-25 00:00:00+09:00,11895.0,11920.0,11622.0,11672.0,1292061.0
2020-03-26 00:00:00+09:00,11522.0,11557.0,11383.0,11408.0,451826.0
2020-03-27 00:00:00+09:00,11562.0,11657.0,11552.0,11617.0,617974.0
2020-03-30 00:00:00+09:00,11667.0,11691.0,11487.0,11542.0,438370.0
2020-03-31 00:00:00+09:00,11492.0,11522.0,11478.0,11487.0,219176.0
2020-04-01 00:00:00+09:00,11199.0,11259.0,11164.0,11254.0,423763.0
2020-04-02 00:00:00+09:00,11269.0,11288.0,11214.0,11249.0,265101.0
2020-04-03 00:00:00+09:00,11492.0,11507.0,11428.0,11443.0,463273.0
2020-04-06 00:00:00+09:00,11572.0,11607.0,11507.0,11582.0,460776.0
2020-04-07 00:00:00+09:00,12109.0,12174.0,11970.0,12050.0,861305.0
2020-04-08 00:00:00+09:00,11801.0,11871.0,11726.0,11816.0,346883.0
2020-04-09 00:00:00+09:00,11791.0,11846.0,11786.0,11841.0,200747.0
2020-04-10 00:00:00+09:00,12169.0,12438.0,12159.0,12438.0,463733.0
2020-04-13 00:00:00+09:00,12199.0,12224.0,12080.0,12179.0,735503.0
2020-04-14 00:00:00+09:00,12403.0,12517.0,12383.0,12388.0,576579.0
2020-04-16 00:00:00+09:00,12234.0,12318.0,12209.0,12303.0,261557.0
2020-04-17 00:00:00+09:00,12164.0,12189.0,11960.0,12030.0,688237.0
2020-04-20 00:00:00+09:00,11866.0,11940.0,11831.0,11886.0,501326.0
2020-04-21 00:00:00+09:00,12000.0,12015.0,11960.0,12015.0,327686.0
2020-04-22 00:00:00+09:00,11975.0,12035.0,11905.0,11975.0,399190.0
2020-04-23 00:00:00+09:00,12174.0,12254.0,12149.0,12234.0,364352.0
2020-04-24 00:00:00+09:00,12274.0,12293.0,12234.0,12274.0,364783.0
2020-04-27 00:00:00+09:00,12254.0,12259.0,12214.0,12229.0,339569.0
2020-04-28 00:00:00+09:00,12090.0,12109.0,11985.0,12025.0,393703.0
2020-04-29 00:00:00+09:00,12080.0,12144.0,12080.0,12104.0,272601.0
2020-05-04 00:00:00+09:00,12000.0,12030.0,11960.0,12030.0,312583.0
2020-05-06 00:00:00+09:00,12020.0,12055.0,12005.0,12015.0,280422.0
2020-05-07 00:00:00+09:00,11900.0,11930.0,11871.0,11871.0,399604.0
2020-05-08 00:00:00+09:00,12104.0,12159.0,12085.0,12149.0,301156.0
2020-05-11 00:00:00+09:00,12005.0,12025.0,11960.0,11980.0,296382.0
2020-05-12 00:00:00+09:00,11945.0,11990.0,11900.0,11955.0,254158.0
2020-05-13 00:00:00+09:00,11980.0,12015.0,11940.0,11975.0,264504.0
2020-05-14 00:00:00+09:00,12099.0,12119.0,12050.0,12080.0,303564.0
2020-05-15 00:00:00+09:00,12229.0,12269.0,12199.0,12264.0,310482.0
2020-05-18 00:00:00+09:00,12393.0,12463.0,12388.0,12443.0,286300.0
2020-05-19 00:00:00+09:00,12199.0,12234.0,12189.0,12199.0,283589.0
2020-05-20 00:00:00+09:00,12284.0,12338.0,12279.0,12303.0,306388.0
2020-05-21 00:00:00+09:00,12303.0,12313.0,12224.0,12239.0,265306.0
2020-05-22 00:00:00+09:00,12139.0,12214.0,12124.0,12199.0,327593.0
2020-05-25 00:00:00+09:00,12184.0,12209.0,12154.0,12179.0,305711.0
2020-05-26 00:00:00+09:00,12179.0,12244.0,12164.0,12214.0,177821.0
2020-05-27 00:00:00+09:00,12045.0,12065.0,11945.0,11995.0,445635.0
2020-05-28 00:00:00+09:00,12015.0,12094.0,11995.0,12080.0,354897.0
2020-05-29 00:00:00+09:00,12099.0,12119.0,12040.0,12080.0,274498.0
2020-06-01 00:00:00+09:00,12244.0,12284.0,12184.0,12259.0,303014.0
2020-06-02 00:00:00+09:00,12239.0,12254.0,12169.0,12194.0,211618.0
2020-06-03 00:00:00+09:00,12099.0,12099.0,12035.0,12060.0,290253.0
2020-06-04 00:00:00+09:00,11890.0,11930.0,11871.0,11890.0,399716.0
2020-06-05 00:00:00+09:00,11980.0,12020.0,11950.0,11960.0,246433.0
2020-06-08 00:00:00+09:00,11756.0,11851.0,11751.0,11851.0,363383.0
2020-06-09 00:00:00+09:00,11876.0,11935.0,11856.0,11866.0,378476.0
2020-06-10 00:00:00+09:00,11990.0,12050.0,11990.0,12040.0,302184.0
2020-06-11 00:00:00+09:00,12169.0,12189.0,12119.0,12129.0,401709.0
2020-06-12 00:00:00+09:00,12114.0,12134.0,12075.0,12129.0,283553.0
2020-06-15 00:00:00+09:00,12144.0,12149.0,12015.0,12030.0,282829.0
2020-06-16 00:00:00+09:00,12065.0,12144.0,12060.0,12065.0,286446.0
2020-06-17 00:00:00+09:00,12099.0,12129.0,12075.0,12114.0,172625.0
2020-06-18 00:00:00+09:00,12114.0,12129.0,12080.0,12104.0,152811.0
2020-06-19 00:00:00+09:00,12085.0,12139.0,12060.0,12139.0,92728.0
2020-06-22 00:00:00+09:00,12289.0,12388.0,12289.0,12313.0,290827.0
2020-06-23 00:00:00+09:00,12328.0,12388.0,12284.0,12318.0,210217.0
2020-06-24 00:00:00+09:00,12443.0,12493.0,12438.0,12458.0,378980.0
2020-06-25 00:00:00+09:00,12358.0,12388.0,12333.0,12388.0,232638.0
2020-06-26 00:00:00+09:00,12378.0,12388.0,12313.0,12348.0,229974.0
2020-06-29 00:00:00+09:00,12443.0,12483.0,12428.0,12463.0,237715.0
2020-06-30 00:00:00+09:00,12453.0,12468.0,12418.0,12468.0,154202.0
2020-07-01 00:00:00+09:00,12542.0,12582.0,12532.0,12572.0,321540.0
2020-07-02 00:00:00+09:00,12408.0,12408.0,12363.0,12388.0,367142.0
2020-07-03 00:00:00+09:00,12458.0,12478.0,12443.0,12453.0,236347.0
2020-07-06 00:00:00+09:00,12468.0,12473.0,12408.0,12448.0,264237.0
2020-07-07 00:00:00+09:00,12517.0,12537.0,12497.0,12517.0,189427.0
2020-07-08 00:00:00+09:00,12602.0,12617.0,12582.0,12607.0,219345.0
2020-07-09 00:00:00+09:00,12677.0,12721.0,12672.0,12706.0,272152.0
2020-07-10 00:00:00+09:00,12622.0,12622.0,12557.0,12572.0,385942.0
2020-07-13 00:00:00+09:00,12577.0,12647.0,12577.0,12642.0,193376.0
2020-07-14 00:00:00+09:00,12597.0,12597.0,12542.0,12582.0,243500.0
2020-07-15 00:00:00+09:00,12622.0,12642.0,12607.0,12617.0,264681.0
2020-07-16 00:00:00+09:00,12657.0,12662.0,12602.0,12612.0,308375.0
2020-07-17 00:00:00+09:00,12527.0,12542.0,12502.0,12532.0,317168.0
2020-07-20 00:00:00+09:00,12587.0,12602.0,12567.0,12592.0,222521.0
2020-07-21 00:00:00+09:00,12662.0,12667.0,12632.0,12652.0,258903.0
2020-07-22 00:00:00+09:00,12831.0,13005.0,12826.0,12950.0,563674.0
2020-07-23 00:00:00+09:00,13010.0,13065.0,12975.0,13060.0,556315.0
2020-07-24 00:00:00+09:00,13114.0,13159.0,13099.0,13149.0,745996.0
2020-07-27 00:00:00+09:00,13289.0,13498.0,13289.0,13438.0,1082061.0
2020-07-28 00:00:00+09:00,13602.0,13726.0,13408.0,13473.0,1430965.0
2020-07-29 00:00:00+09:00,13522.0,13567.0,13483.0,13542.0,769933.0
2020-07-30 00:00:00+09:00,13602.0,13642.0,13537.0,13567.0,700319.0
2020-07-31 00:00:00+09:00,13542.0,13711.0,13537.0,13682.0,651276.0
2020-08-03 00:00:00+09:00,13726.0,13731.0,13642.0,13697.0,628823.0
2020-08-04 00:00:00+09:00,13682.0,13697.0,13652.0,13682.0,411224.0
2020-08-05 00:00:00+09:00,13990.0,14035.0,13920.0,14030.0,768341.0
2020-08-06 00:00:00+09:00,14070.0,14189.0,14070.0,14174.0,994083.0
2020-08-07 00:00:00+09:00,14279.0,14299.0,14105.0,14229.0,1251502.0
2020-08-10 00:00:00+09:00,13985.0,14040.0,13975.0,14040.0,667330.0
2020-08-11 00:00:00+09:00,14000.0,14000.0,13766.0,13766.0,981365.0
2020-08-12 00:00:00+09:00,13174.0,13274.0,12871.0,13109.0,3115403.0
2020-08-13 00:00:00+09:00,13244.0,13393.0,13239.0,13333.0,594066.0
2020-08-14 00:00:00+09:00,13483.0,13502.0,13398.0,13443.0,566900.0
2020-08-18 00:00:00+09:00,13657.0,13801.0,13642.0,13801.0,852759.0
2020-08-19 00:00:00+09:00,13806.0,13821.0,13672.0,13726.0,608103.0
2020-08-20 00:00:00+09:00,13279.0,13473.0,13259.0,13428.0,487653.0
2020-08-21 00:00:00+09:00,13433.0,13463.0,13373.0,13383.0,429959.0
2020-08-24 00:00:00+09:00,13333.0,13343.0,13299.0,13328.0,543597.0
2020-08-25 00:00:00+09:00,13279.0,13338.0,13259.0,13308.0,257237.0
2020-08-26 00:00:00+09:00,13274.0,13289.0,13179.0,13219.0,252045.0
2020-08-27 00:00:00+09:00,13453.0,13468.0,13338.0,13368.0,282921.0
2020-08-28 00:00:00+09:00,13264.0,13393.0,13234.0,13383.0,272078.0
2020-08-31 00:00:00+09:00,13597.0,13627.0,13532.0,13532.0,311205.0
2020-09-01 00:00:00+09:00,13547.0,13706.0,13532.0,13682.0,271106.0
2020-09-02 00:00:00+09:00,13582.0,13587.0,13488.0,13522.0,311022.0
2020-09-03 00:00:00+09:00,13388.0,13418.0,13294.0,13313.0,289582.0
2020-09-04 00:00:00+09:00,13269.0,13368.0,13269.0,13333.0,387048.0
2020-09-07 00:00:00+09:00,13318.0,13358.0,13274.0,13289.0,324742.0
2020-09-08 00:00:00+09:00,13294.0,13323.0,13224.0,13303.0,236646.0
2020-09-09 00:00:00+09:00,13294.0,13313.0,13239.0,13279.0,208508.0
2020-09-10 00:00:00+09:00,13403.0,13433.0,13393.0,13393.0,221111.0
2020-09-11 00:00:00+09:00,13393.0,13418.0,13338.0,13383.0,328776.0
2020-09-14 00:00:00+09:00,13363.0,13443.0,13348.0,13393.0,283902.0
2020-09-15 00:00:00+09:00,13478.0,13572.0,13468.0,13557.0,253810.0
2020-09-16 00:00:00+09:00,13458.0,13517.0,13423.0,13488.0,143529.0
2020-09-17 00:00:00+09:00,13488.0,13498.0,13328.0,13373.0,421215.0
2020-09-18 00:00:00+09:00,13393.0,13463.0,13393.0,13438.0,187524.0
2020-09-21 00:00:00+09:00,13413.0,13458.0,13398.0,13438.0,169049.0
2020-09-22 00:00:00+09:00,13184.0,13204.0,13095.0,13095.0,390614.0
2020-09-23 00:00:00+09:00,13095.0,13099.0,12881.0,12886.0,687160.0
2020-09-24 00:00:00+09:00,12736.0,12836.0,12696.0,12746.0,473153.0
2020-09-25 00:00:00+09:00,12831.0,12866.0,12786.0,12846.0,229526.0
2020-09-28 00:00:00+09:00,12796.0,12801.0,12741.0,12781.0,185103.0
2020-09-29 00:00:00+09:00,12930.0,12970.0,12896.0,12930.0,269174.0
2020-10-05 00:00:00+09:00,13050.0,13075.0,13000.0,13005.0,447941.0
2020-10-06 00:00:00+09:00,13129.0,13159.0,13109.0,13124.0,360951.0
2020-10-07 00:00:00+09:00,12905.0,12975.0,12861.0,12975.0,312904.0
2020-10-08 00:00:00+09:00,12955.0,12975.0,12930.0,12970.0,139879.0
2020-10-12 00:00:00+09:00,13249.0,13284.0,13204.0,13254.0,381269.0
2020-10-13 00:00:00+09:00,13229.0,13229.0,13124.0,13179.0,152469.0
2020-10-14 00:00:00+09:00,13000.0,13025.0,12920.0,13020.0,133855.0
2020-10-15 00:00:00+09:00,13035.0,13060.0,12990.0,13045.0,139286.0
2020-10-16 00:00:00+09:00,13095.0,13124.0,13070.0,13070.0,91953.0
2020-10-19 00:00:00+09:00,13055.0,13124.0,13020.0,13124.0,245397.0
2020-10-20 00:00:00+09:00,13070.0,13070.0,13000.0,13055.0,224901.0
2020-10-21 00:00:00+09:00,13099.0,13184.0,13095.0,13164.0,94179.0
2020-10-22 00:00:00+09:00,13179.0,13189.0,13109.0,13139.0,146351.0
2020-10-23 00:00:00+09:00,13070.0,13085.0,13040.0,13060.0,117241.0
2020-10-26 00:00:00+09:00,13015.0,13050.0,12990.0,13015.0,100012.0
2020-10-27 00:00:00+09:00,13055.0,13109.0,13050.0,13104.0,160884.0
2020-10-28 00:00:00+09:00,13075.0,13104.0,13050.0,13099.0,83548.0
2020-10-29 00:00:00+09:00,12886.0,12915.0,12851.0,12910.0,219595.0
2020-10-30 00:00:00+09:00,12806.0,12871.0,12771.0,12806.0,558960.0
2020-11-02 00:00:00+09:00,12851.0,12920.0,12836.0,12910.0,192188.0
2020-11-03 00:00:00+09:00,12990.0,13010.0,12955.0,12970.0,198746.0
2020-11-04 00:00:00+09:00,13114.0,13139.0,12896.0,13035.0,853762.0
2020-11-05 00:00:00+09:00,13040.0,13095.0,13035.0,13085.0,382833.0
2020-11-06 00:00:00+09:00,13333.0,13348.0,13269.0,13284.0,397851.0
2020-11-09 00:00:00+09:00,13408.0,13468.0,13383.0,13428.0,237850.0
2020-11-10 00:00:00+09:00,12806.0,12900.0,12781.0,12881.0,608721.0
2020-11-11 00:00:00+09:00,12861.0,12886.0,12846.0,12871.0,453729.0
2020-11-12 00:00:00+09:00,12766.0,12811.0,12741.0,12776.0,514678.0
2020-11-13 00:00:00+09:00,12826.0,12881.0,12826.0,12856.0,1525466.0
2020-11-16 00:00:00+09:00,12930.0,12990.0,12910.0,12920.0,735074.0
2020-11-17 00:00:00+09:00,12925.0,12945.0,12881.0,12900.0,816780.0
2020-11-18 00:00:00+09:00,12876.0,12886.0,12826.0,12841.0,225359.0
2020-11-19 00:00:00+09:00,12796.0,12801.0,12706.0,12731.0,187274.0
2020-11-20 00:00:00+09:00,12731.0,12781.0,12726.0,12771.0,732355.0
2020-11-23 00:00:00+09:00,12791.0,12826.0,12786.0,12821.0,165059.0
2020-11-24 00:00:00+09:00,12552.0,12552.0,12443.0,12488.0,530278.0
2020-11-25 00:00:00+09:00,12358.0,12388.0,12308.0,12348.0,471424.0
2020-11-26 00:00:00+09:00,12373.0,12398.0,12353.0,12383.0,242038.0
2020-11-27 00:00:00+09:00,12388.0,12398.0,12328.0,12373.0,229251.0
2020-11-30 00:00:00+09:00,12214.0,12214.0,12060.0,12124.0,396970.0
2020-12-01 00:00:00+09:00,12179.0,12214.0,12139.0,12209.0,240691.0
2020-12-02 00:00:00+09:00,12373.0,12408.0,12343.0,12388.0,254750.0
2020-12-03 00:00:00+09:00,12478.0,12557.0,12478.0,12552.0,198880.0
2020-12-04 00:00:00+09:00,12567.0,12607.0,12562.0,12587.0,225055.0
2020-12-07 00:00:00+09:00,12547.0,12592.0,12532.0,12582.0,208713.0
2020-12-08 00:00:00+09:00,12726.0,12786.0,12716.0,12766.0,241383.0
2020-12-09 00:00:00+09:00,12776.0,12786.0,12682.0,12736.0,214585.0
2020-12-10 00:00:00+09:00,12537.0,12592.0,12532.0,12562.0,179213.0
2020-12-11 00:00:00+09:00,12547.0,12577.0,12532.0,12537.0,198242.0
2020-12-14 00:00:00+09:00,12552.0,12557.0,12522.0,12527.0,120921.0
2020-12-15 00:00:00+09:00,12488.0,12577.0,12468.0,12572.0,89888.0
2020-12-16 00:00:00+09:00,12652.0,12696.0,12647.0,12692.0,156245.0
2020-12-17 00:00:00+09:00,12736.0,12791.0,12726.0,12791.0,142955.0
2020-12-18 00:00:00+09:00,12886.0,12900.0,12851.0,12866.0,359890.0
2020-12-21 00:00:00+09:00,12876.0,13035.0,12871.0,13035.0,415655.0
2020-12-22 00:00:00+09:00,12856.0,12886.0,12801.0,12836.0,472068.0
2020-12-23 00:00:00+09:00,12746.0,12771.0,12721.0,12746.0,191175.0
2020-12-24 00:00:00+09:00,12801.0,12856.0,12786.0,12831.0,155907.0
2020-12-28 00:00:00+09:00,12905.0,12990.0,12891.0,12891.0,394968.0
2020-12-29 00:00:00+09:00,12831.0,12861.0,12811.0,12841.0,223429.0
2020-12-30 00:00:00+09:00,12836.0,12886.0,12821.0,12861.0,220359.0
2021-01-04 00:00:00+09:00,13080.0,13159.0,13065.0,13159.0,643468.0
2021-01-05 00:00:00+09:00,13254.0,13279.0,13224.0,13259.0,695805.0
2021-01-06 00:00:00+09:00,13313.0,13353.0,13254.0,13284.0,494704.0
2021-01-07 00:00:00+09:00,13129.0,13134.0,13065.0,13109.0,483285.0
2021-01-08 00:00:00+09:00,13085.0,13085.0,13005.0,13025.0,365977.0
2021-01-11 00:00:00+09:00,12597.0,12637.0,12388.0,12567.0,1133809.0
2021-01-12 00:00:00+09:00,12602.0,12667.0,12547.0,12662.0,397805.0
2021-01-13 00:00:00+09:00,12662.0,12696.0,12637.0,12682.0,309528.0
2021-01-14 00:00:00+09:00,12592.0,12627.0,12488.0,12537.0,434042.0
2021-01-15 00:00:00+09:00,12572.0,12642.0,12572.0,12597.0,216253.0
2021-01-18 00:00:00+09:00,12343.0,12537.0,12338.0,12517.0,329750.0
2021-01-19 00:00:00+09:00,12512.0,12552.0,12493.0,12512.0,152123.0
2021-01-20 00:00:00+09:00,12522.0,12617.0,12522.0,12617.0,223522.0
2021-01-21 00:00:00+09:00,12731.0,12771.0,12716.0,12766.0,354980.0
2021-01-22 00:00:00+09:00,12726.0,12741.0,12647.0,12662.0,245074.0
2021-01-25 00:00:00+09:00,12652.0,12662.0,12602.0,12607.0,183372.0
2021-01-26 00:00:00+09:00,12622.0,12667.0,12612.0,12627.0,294694.0
2021-01-27 00:00:00+09:00,12602.0,12602.0,12547.0,12592.0,203157.0
2021-01-28 00:00:00+09:00,12512.0,12527.0,12483.0,12502.0,184586.0
2021-01-29 00:00:00+09:00,12537.0,12562.0,12507.0,12557.0,187296.0
2021-02-01 00:00:00+09:00,12637.0,12692.0,12587.0,12692.0,671875.0
2021-02-02 00:00:00+09:00,12647.0,12682.0,12607.0,12627.0,203113.0
2021-02-03 00:00:00+09:00,12497.0,12542.0,12488.0,12502.0,220781.0
2021-02-04 00:00:00+09:00,12483.0,12483.0,12348.0,12393.0,380095.0
2021-02-05 00:00:00+09:00,12204.0,12229.0,12179.0,12224.0,321435.0
2021-02-08 00:00:00+09:00,12348.0,12363.0,12289.0,12328.0,354391.0
2021-02-09 00:00:00+09:00,12438.0,12527.0,12438.0,12497.0,286509.0
2021-02-10 00:00:00+09:00,12478.0,12542.0,12463.0,12522.0,192371.0
2021-02-15 00:00:00+09:00,12378.0,12408.0,12358.0,12368.0,214757.0
2021-02-16 00:00:00+09:00,12358.0,12413.0,12353.0,12378.0,164802.0
2021-02-17 00:00:00+09:00,12154.0,12189.0,12134.0,12154.0,318957.0
2021-02-18 00:00:00+09:00,12080.0,12124.0,12070.0,12109.0,353321.0
2021-02-19 00:00:00+09:00,12025.0,12060.0,11955.0,12035.0,389322.0
2021-02-22 00:00:00+09:00,12119.0,12179.0,12085.0,12179.0,320334.0
2021-02-23 00:00:00+09:00,12293.0,12338.0,12274.0,12298.0,280527.0
2021-02-24 00:00:00+09:00,12274.0,12318.0,12259.0,12279.0,165425.0
2021-02-25 00:00:00+09:00,12239.0,12254.0,12179.0,12199.0,218772.0
2021-02-26 00:00:00+09:00,12030.0,12055.0,11935.0,11965.0,466433.0
2021-03-02 00:00:00+09:00,11696.0,11726.0,11582.0,11662.0,482522.0
2021-03-03 00:00:00+09:00,11771.0,11796.0,11736.0,11741.0,322010.0
2021-03-04 00:00:00+09:00,11602.0,11667.0,11572.0,11642.0,213264.0
2021-03-05 00:00:00+09:00,11492.0,11512.0,11433.0,11507.0,272575.0
2021-03-08 00:00:00+09:00,11562.0,11617.0,11542.0,11562.0,260245.0
2021-03-09 00:00:00+09:00,11418.0,11458.0,11383.0,11458.0,273319.0
2021-03-10 00:00:00+09:00,11612.0,11647.0,11582.0,11587.0,137576.0
2021-03-11 00:00:00+09:00,11652.0,11771.0,11652.0,11751.0,180239.0
2021-03-12 00:00:00+09:00,11691.0,11711.0,11602.0,11617.0,166467.0
2021-03-15 00:00:00+09:00,11682.0,11756.0,11662.0,11672.0,203510.0
2021-03-16 00:00:00+09:00,11726.0,11781.0,11721.0,11766.0,125932.0
2021-03-17 00:00:00+09:00,11741.0,11781.0,11721.0,11781.0,154872.0
2021-03-18 00:00:00+09:00,11846.0,11895.0,11841.0,11861.0,175721.0
2021-03-19 00:00:00+09:00,11771.0,11826.0,11721.0,11826.0,121340.0
2021-03-22 00:00:00+09:00,11791.0,11816.0,11731.0,11756.0,166029.0
2021-03-23 00:00:00+09:00,11791.0,11806.0,11736.0,11781.0,89492.0
2021-03-24 00:00:00+09:00,11711.0,11761.0,11696.0,11736.0,85923.0
2021-03-25 00:00:00+09:00,11761.0,11791.0,11741.0,11761.0,104628.0
2021-03-26 00:00:00+09:00,11711.0,11726.0,11677.0,11716.0,93886.0
2021-03-29 00:00:00+09:00,11726.0,11751.0,11691.0,11701.0,97624.0
2021-03-30 00:00:00+09:00,11607.0,11617.0,11542.0,11567.0,188757.0
2021-03-31 00:00:00+09:00,11423.0,11428.0,11363.0,11423.0,280688.0
2021-04-01 00:00:00+09:00,11572.0,11627.0,11557.0,11602.0,273231.0
2021-04-02 00:00:00+09:00,11617.0,11647.0,11602.0,11642.0,97698.0
2021-04-05 00:00:00+09:00,11701.0,11726.0,11662.0,11687.0,122417.0
2021-04-06 00:00:00+09:00,11716.0,11786.0,11706.0,11756.0,163315.0
2021-04-07 00:00:00+09:00,11806.0,11821.0,11761.0,11781.0,112089.0
2021-04-08 00:00:00+09:00,11761.0,11826.0,11741.0,11806.0,73258.0
2021-04-09 00:00:00+09:00,11876.0,11905.0,11841.0,11841.0,128583.0
2021-04-12 00:00:00+09:00,11806.0,11811.0,11751.0,11786.0,146905.0
2021-04-13 00:00:00+09:00,11736.0,11761.0,11677.0,11687.0,141296.0
2021-04-14 00:00:00+09:00,11826.0,11851.0,11791.0,11821.0,144319.0
2021-04-15 00:00:00+09:00,11766.0,11806.0,11746.0,11806.0,210579.0
2021-04-16 00:00:00+09:00,11955.0,11965.0,11920.0,11945.0,198811.0
2021-04-19 00:00:00+09:00,12040.0,12080.0,12015.0,12060.0,195322.0
2021-04-20 00:00:00+09:00,11995.0,12020.0,11955.0,11985.0,140964.0
2021-04-21 00:00:00+09:00,12025.0,12104.0,12025.0,12099.0,227069.0
2021-04-22 00:00:00+09:00,12149.0,12179.0,12114.0,12134.0,359688.0
2021-04-23 00:00:00+09:00,12085.0,12124.0,12075.0,12090.0,139063.0
2021-04-26 00:00:00+09:00,12030.0,12080.0,12020.0,12045.0,178967.0
2021-04-27 00:00:00+09:00,12050.0,12085.0,12015.0,12065.0,134912.0
2021-04-28 00:00:00+09:00,12025.0,12025.0,11960.0,11980.0,214388.0
2021-04-29 00:00:00+09:00,12075.0,12124.0,12060.0,12060.0,201128.0
2021-04-30 00:00:00+09:00,12015.0,12015.0,11955.0,11995.0,141067.0
2021-05-03 00:00:00+09:00,11970.0,12045.0,11970.0,12045.0,124410.0
2021-05-04 00:00:00+09:00,12139.0,12149.0,12080.0,12090.0,246299.0
2021-05-06 00:00:00+09:00,12090.0,12144.0,12070.0,12144.0,194880.0
2021-05-07 00:00:00+09:00,12284.0,12343.0,12279.0,12318.0,339408.0
2021-05-10 00:00:00+09:00,12428.0,12458.0,12393.0,12443.0,242219.0
2021-05-11 00:00:00+09:00,12438.0,12448.0,12398.0,12423.0,194718.0
2021-05-12 00:00:00+09:00,12438.0,12438.0,12363.0,12418.0,222671.0
2021-05-13 00:00:00+09:00,12289.0,12353.0,12279.0,12328.0,203890.0
2021-05-14 00:00:00+09:00,12338.0,12408.0,12323.0,12408.0,105515.0
2021-05-17 00:00:00+09:00,12497.0,12567.0,12488.0,12557.0,836964.0
2021-05-18 00:00:00+09:00,12652.0,12696.0,12642.0,12672.0,498462.0
2021-05-20 00:00:00+09:00,12642.0,12721.0,12627.0,12701.0,332067.0
2021-05-21 00:00:00+09:00,12687.0,12711.0,12657.0,12696.0,273943.0
2021-05-24 00:00:00+09:00,12751.0,12786.0,12736.0,12751.0,401502.0
2021-05-25 00:00:00+09:00,12716.0,12746.0,12687.0,12726.0,254065.0
2021-05-26 00:00:00+09:00,12836.0,12920.0,12836.0,12891.0,353187.0
2021-05-27 00:00:00+09:00,12831.0,12891.0,12816.0,12866.0,230770.0
2021-05-28 00:00:00+09:00,12836.0,12861.0,12791.0,12806.0,304712.0
2021-05-31 00:00:00+09:00,12886.0,12935.0,12871.0,12915.0,340682.0
2021-06-01 00:00:00+09:00,12915.0,12960.0,12905.0,12960.0,194071.0
2021-06-02 00:00:00+09:00,12861.0,12876.0,12826.0,12846.0,341761.0
2021-06-03 00:00:00+09:00,12910.0,12925.0,12846.0,12846.0,162781.0
2021-06-04 00:00:00+09:00,12667.0,12672.0,12562.0,12662.0,348580.0
2021-06-07 00:00:00+09:00,12781.0,12806.0,12746.0,12746.0,245414.0
2021-06-08 00:00:00+09:00,12846.0,12886.0,12826.0,12831.0,206495.0
2021-06-09 00:00:00+09:00,12826.0,12836.0,12801.0,12801.0,122754.0
2021-06-10 00:00:00+09:00,12786.0,12796.0,12746.0,12766.0,155769.0
2021-06-11 00:00:00+09:00,12846.0,12876.0,12841.0,12871.0,163144.0
2021-06-14 00:00:00+09:00,12687.0,12687.0,12592.0,12597.0,279428.0
2021-06-15 00:00:00+09:00,12617.0,12647.0,12567.0,12632.0,163337.0
2021-06-16 00:00:00+09:00,12572.0,12587.0,12537.0,12577.0,115439.0
2021-06-17 00:00:00+09:00,12303.0,12343.0,12254.0,12259.0,318359.0
2021-06-18 00:00:00+09:00,12000.0,12070.0,11990.0,12065.0,395543.0
2021-06-21 00:00:00+09:00,11955.0,12010.0,11930.0,12005.0,295819.0
2021-06-22 00:00:00+09:00,12040.0,12090.0,12015.0,12030.0,170169.0
2021-06-23 00:00:00+09:00,12000.0,12045.0,12000.0,12025.0,119393.0
2021-06-24 00:00:00+09:00,12005.0,12020.0,11975.0,12005.0,151492.0
2021-06-25 00:00:00+09:00,11975.0,12025.0,11970.0,12010.0,155130.0
2021-06-28 00:00:00+09:00,12025.0,12055.0,11950.0,12050.0,167017.0
2021-06-29 00:00:00+09:00,12005.0,12010.0,11975.0,11995.0,126847.0
2021-06-30 00:00:00+09:00,11895.0,11915.0,11846.0,11881.0,1186298.0
2021-07-01 00:00:00+09:00,11910.0,12010.0,11910.0,12010.0,302109.0
2021-07-02 00:00:00+09:00,11990.0,12020.0,11980.0,12005.0,161898.0
2021-07-05 00:00:00+09:00,12055.0,12085.0,12045.0,12060.0,179687.0
2021-07-06 00:00:00+09:00,12090.0,12199.0,12090.0,12199.0,161316.0
2021-07-07 00:00:00+09:00,12124.0,12174.0,12109.0,12174.0,163831.0
2021-07-08 00:00:00+09:00,12179.0,12189.0,12124.0,12144.0,148835.0
2021-07-09 00:00:00+09:00,12174.0,12204.0,12144.0,12144.0,248078.0
2021-07-12 00:00:00+09:00,12194.0,12229.0,12154.0,12164.0,198112.0
2021-07-13 00:00:00+09:00,12194.0,12244.0,12194.0,12234.0,131793.0
2021-07-14 00:00:00+09:00,12209.0,12254.0,12189.0,12249.0,133485.0
2021-07-15 00:00:00+09:00,12333.0,12378.0,12318.0,12378.0,202213.0
2021-07-16 00:00:00+09:00,12363.0,12368.0,12313.0,12333.0,111257.0
2021-07-19 00:00:00+09:00,12264.0,12269.0,12179.0,12189.0,150007.0
2021-07-20 00:00:00+09:00,12224.0,12284.0,12224.0,12274.0,173743.0
2021-07-21 00:00:00+09:00,12224.0,12244.0,12189.0,12244.0,156552.0
2021-07-22 00:00:00+09:00,12169.0,12169.0,12129.0,12154.0,183901.0
2021-07-23 00:00:00+09:00,12199.0,12209.0,12159.0,12199.0,76196.0
2021-07-26 00:00:00+09:00,12199.0,12219.0,12144.0,12204.0,106544.0
2021-07-27 00:00:00+09:00,12139.0,12149.0,12109.0,12114.0,108391.0
2021-07-28 00:00:00+09:00,12144.0,12204.0,12129.0,12189.0,99126.0
2021-07-29 00:00:00+09:00,12214.0,12274.0,12204.0,12264.0,223820.0
2021-07-30 00:00:00+09:00,12353.0,12358.0,12328.0,12343.0,284985.0
2021-08-02 00:00:00+09:00,12234.0,12254.0,12194.0,12199.0,147193.0
2021-08-03 00:00:00+09:00,12224.0,12234.0,12204.0,12204.0,85368.0
2021-08-04 00:00:00+09:00,12209.0,12239.0,12194.0,12229.0,157205.0
2021-08-05 00:00:00+09:00,12214.0,12219.0,12189.0,12209.0,68532.0
2021-08-06 00:00:00+09:00,12159.0,12164.0,12124.0,12139.0,111989.0
2021-08-09 00:00:00+09:00,11602.0,11771.0,11522.0,11766.0,1092332.0
2021-08-10 00:00:00+09:00,11672.0,11711.0,11657.0,11701.0,278855.0
2021-08-11 00:00:00+09:00,11632.0,11691.0,11617.0,11662.0,232567.0
2021-08-12 00:00:00+09:00,11801.0,11816.0,11781.0,11816.0,146125.0
2021-08-13 00:00:00+09:00,11826.0,11856.0,11806.0,11856.0,171793.0
2021-08-17 00:00:00+09:00,12045.0,12085.0,12025.0,12085.0,339631.0
2021-08-18 00:00:00+09:00,12050.0,12085.0,12030.0,12085.0,120098.0
2021-08-19 00:00:00+09:00,12055.0,12055.0,11960.0,11985.0,235876.0
2021-08-20 00:00:00+09:00,11995.0,12060.0,11995.0,12055.0,175821.0
2021-08-23 00:00:00+09:00,11980.0,12055.0,11965.0,12040.0,219928.0
2021-08-24 00:00:00+09:00,12159.0,12169.0,12139.0,12164.0,287672.0
2021-08-25 00:00:00+09:00,12139.0,12154.0,12075.0,12114.0,350310.0
2021-08-26 00:00:00+09:00,12070.0,12080.0,12025.0,12035.0,81015.0
2021-08-27 00:00:00+09:00,12085.0,12164.0,12085.0,12164.0,188317.0
2021-08-30 00:00:00+09:00,12254.0,12293.0,12224.0,12234.0,185591.0
2021-08-31 00:00:00+09:00,12209.0,12254.0,12199.0,12254.0,120712.0
2021-09-01 00:00:00+09:00,12239.0,12249.0,12204.0,12249.0,108501.0
2021-09-02 00:00:00+09:00,12209.0,12239.0,12199.0,12234.0,59569.0
2021-09-03 00:00:00+09:00,12189.0,12229.0,12189.0,12224.0,72567.0
2021-09-06 00:00:00+09:00,12308.0,12318.0,12298.0,12318.0,130703.0
2021-09-07 00:00:00+09:00,12293.0,12313.0,12239.0,12249.0,70658.0
2021-09-08 00:00:00+09:00,12104.0,12134.0,12090.0,12099.0,101914.0
2021-09-09 00:00:00+09:00,12055.0,12065.0,12035.0,12040.0,69730.0
2021-09-10 00:00:00+09:00,12085.0,12154.0,12075.0,12144.0,73457.0
2021-09-13 00:00:00+09:00,12040.0,12085.0,12020.0,12060.0,157535.0
2021-09-14 00:00:00+09:00,12070.0,12085.0,12055.0,12075.0,55385.0
2021-09-15 00:00:00+09:00,12144.0,12154.0,12134.0,12139.0,63800.0
2021-09-16 00:00:00+09:00,12080.0,12099.0,12015.0,12025.0,71278.0
2021-09-17 00:00:00+09:00,11816.0,11876.0,11811.0,11871.0,179467.0
2021-09-23 00:00:00+09:00,11890.0,11905.0,11846.0,11876.0,135698.0
2021-09-24 00:00:00+09:00,11756.0,11821.0,11746.0,11816.0,84331.0
2021-09-27 00:00:00+09:00,11781.0,11846.0,11761.0,11826.0,103914.0
2021-09-28 00:00:00+09:00,11786.0,11806.0,11721.0,11721.0,135373.0
2021-09-29 00:00:00+09:00,11672.0,11721.0,11667.0,11706.0,176219.0
2021-09-30 00:00:00+09:00,11637.0,11672.0,11627.0,11642.0,171370.0
2021-10-01 00:00:00+09:00,11796.0,11831.0,11776.0,11811.0,265777.0
2021-10-05 00:00:00+09:00,11895.0,11900.0,11821.0,11836.0,195706.0
2021-10-06 00:00:00+09:00,11846.0,11846.0,11786.0,11796.0,163503.0
2021-10-07 00:00:00+09:00,11866.0,11876.0,11816.0,11856.0,125638.0
2021-10-08 00:00:00+09:00,11816.0,11851.0,11801.0,11841.0,94133.0
2021-10-12 00:00:00+09:00,11801.0,11866.0,11781.0,11866.0,107305.0
2021-10-13 00:00:00+09:00,11851.0,11866.0,11836.0,11866.0,143746.0
2021-10-14 00:00:00+09:00,12055.0,12070.0,12030.0,12070.0,148430.0
2021-10-15 00:00:00+09:00,12075.0,12090.0,12055.0,12060.0,65734.0
2021-10-18 00:00:00+09:00,11920.0,11925.0,11846.0,11871.0,207475.0
2021-10-19 00:00:00+09:00,11861.0,11970.0,11856.0,11970.0,113625.0
2021-10-20 00:00:00+09:00,11890.0,11965.0,11886.0,11950.0,55366.0
2021-10-21 00:00:00+09:00,11980.0,12040.0,11980.0,12020.0,80208.0
2021-10-22 00:00:00+09:00,12020.0,12035.0,12000.0,12030.0,66824.0
2021-10-25 00:00:00+09:00,12080.0,12124.0,12060.0,12094.0,237873.0
2021-10-26 00:00:00+09:00,12164.0,12174.0,12124.0,12154.0,208775.0
2021-10-27 00:00:00+09:00,12080.0,12080.0,12015.0,12040.0,105172.0
2021-10-28 00:00:00+09:00,12080.0,12134.0,12070.0,12129.0,119500.0
2021-10-29 00:00:00+09:00,12114.0,12114.0,12060.0,12085.0,103981.0
2021-11-01 00:00:00+09:00,11965.0,12030.0,11965.0,12000.0,193497.0
2021-11-02 00:00:00+09:00,12045.0,12070.0,12030.0,12065.0,244540.0
2021-11-03 00:00:00+09:00,12025.0,12030.0,11955.0,11965.0,190993.0
2021-11-04 00:00:00+09:00,11965.0,11965.0,11910.0,11915.0,122381.0
2021-11-05 00:00:00+09:00,12045.0,12090.0,12040.0,12090.0,89496.0
2021-11-08 00:00:00+09:00,12214.0,12254.0,12194.0,12239.0,236812.0
2021-11-09 00:00:00+09:00,12264.0,12303.0,12249.0,12289.0,255023.0
2021-11-10 00:00:00+09:00,12303.0,12318.0,12279.0,12289.0,223956.0
2021-11-11 00:00:00+09:00,12428.0,12493.0,12408.0,12483.0,496194.0
2021-11-12 00:00:00+09:00,12532.0,12542.0,12488.0,12507.0,383511.0
2021-11-15 00:00:00+09:00,12557.0,12567.0,12497.0,12507.0,281721.0
2021-11-16 00:00:00+09:00,12527.0,12582.0,12527.0,12562.0,151601.0
2021-11-17 00:00:00+09:00,12458.0,12497.0,12448.0,12488.0,216516.0
2021-11-18 00:00:00+09:00,12587.0,12597.0,12537.0,12562.0,205945.0
2021-11-19 00:00:00+09:00,12527.0,12547.0,12502.0,12537.0,112845.0
2021-11-22 00:00:00+09:00,12423.0,12448.0,12408.0,12423.0,185149.0
2021-11-23 00:00:00+09:00,12169.0,12189.0,12144.0,12149.0,318085.0
2021-11-24 00:00:00+09:00,12055.0,12085.0,12040.0,12065.0,136565.0
2021-11-25 00:00:00+09:00,12045.0,12070.0,12040.0,12060.0,107744.0
2021-11-26 00:00:00+09:00,12060.0,12114.0,12050.0,12114.0,257262.0
2021-11-29 00:00:00+09:00,12075.0,12075.0,12040.0,12075.0,191500.0
2021-11-30 00:00:00+09:00,12020.0,12070.0,11985.0,12055.0,219083.0
2021-12-01 00:00:00+09:00,11920.0,12050.0,11910.0,12015.0,245928.0
2021-12-02 00:00:00+09:00,11980.0,11980.0,11925.0,11945.0,187771.0
2021-12-03 00:00:00+09:00,11890.0,11935.0,11876.0,11915.0,99692.0
2021-12-06 00:00:00+09:00,11970.0,12015.0,11965.0,11990.0,107530.0
2021-12-07 00:00:00+09:00,11970.0,11985.0,11940.0,11980.0,91018.0
2021-12-08 00:00:00+09:00,11995.0,12040.0,11985.0,12040.0,102180.0
2021-12-09 00:00:00+09:00,11990.0,12015.0,11975.0,12015.0,58873.0
2021-12-10 00:00:00+09:00,11940.0,11960.0,11905.0,11905.0,104861.0
2021-12-13 00:00:00+09:00,11975.0,12015.0,11970.0,12000.0,93328.0
2021-12-14 00:00:00+09:00,12000.0,12020.0,11985.0,12015.0,54418.0
2021-12-15 00:00:00+09:00,11915.0,11925.0,11881.0,11890.0,131049.0
2021-12-16 00:00:00+09:00,11950.0,11995.0,11935.0,11995.0,92722.0
2021-12-17 00:00:00+09:00,12090.0,12139.0,12080.0,12134.0,111820.0
2021-12-20 00:00:00+09:00,12129.0,12134.0,12080.0,12109.0,92694.0
2021-12-21 00:00:00+09:00,12040.0,12045.0,12015.0,12025.0,88861.0
2021-12-22 00:00:00+09:00,12025.0,12025.0,12000.0,12000.0,39015.0
2021-12-23 00:00:00+09:00,12109.0,12149.0,12109.0,12134.0,89027.0
2021-12-24 00:00:00+09:00,12099.0,12139.0,12099.0,12139.0,40672.0
2021-12-27 00:00:00+09:00,12139.0,12169.0,12134.0,12159.0,81725.0
2021-12-28 00:00:00+09:00,12169.0,12184.0,12144.0,12174.0,65587.0
2021-12-29 00:00:00+09:00,12139.0,12144.0,12119.0,12144.0,73693.0
2021-12-30 00:00:00+09:00,12129.0,12129.0,12070.0,12075.0,138650.0
2022-01-03 00:00:00+09:00,12269.0,12298.0,12249.0,12259.0,151122.0
2022-01-04 00:00:00+09:00,12119.0,12139.0,12104.0,12114.0,92295.0
2022-01-05 00:00:00+09:00,12179.0,12209.0,12174.0,12209.0,87488.0
2022-01-06 00:00:00+09:00,12159.0,12164.0,12094.0,12109.0,126059.0
2022-01-07 00:00:00+09:00,12015.0,12030.0,12005.0,12020.0,84380.0
2022-01-10 00:00:00+09:00,12050.0,12060.0,12020.0,12035.0,112595.0
2022-01-11 00:00:00+09:00,12090.0,12154.0,12090.0,12154.0,65608.0
2022-01-12 00:00:00+09:00,12219.0,12239.0,12204.0,12234.0,98802.0
2022-01-13 00:00:00+09:00,12249.0,12279.0,12244.0,12259.0,78919.0
2022-01-14 00:00:00+09:00,12229.0,12279.0,12219.0,12269.0,63406.0
2022-01-17 00:00:00+09:00,12189.0,12224.0,12174.0,12219.0,51135.0
2022-01-18 00:00:00+09:00,12209.0,12229.0,12184.0,12194.0,44252.0
2022-01-19 00:00:00+09:00,12174.0,12179.0,12144.0,12169.0,69322.0
2022-01-20 00:00:00+09:00,12343.0,12383.0,12338.0,12358.0,149474.0
2022-01-21 00:00:00+09:00,12358.0,12373.0,12328.0,12363.0,145279.0
2022-01-24 00:00:00+09:00,12328.0,12348.0,12308.0,12348.0,102030.0
2022-01-25 00:00:00+09:00,12373.0,12378.0,12348.0,12373.0,164977.0
2022-01-26 00:00:00+09:00,12413.0,12423.0,12388.0,12418.0,74228.0
2022-01-27 00:00:00+09:00,12413.0,12413.0,12139.0,12164.0,128806.0
2022-01-28 00:00:00+09:00,12045.0,12075.0,12045.0,12060.0,142947.0
2022-02-03 00:00:00+09:00,12114.0,12129.0,12099.0,12109.0,113525.0
2022-02-04 00:00:00+09:00,12119.0,12134.0,12109.0,12124.0,65678.0
2022-02-07 00:00:00+09:00,12134.0,12174.0,12134.0,12149.0,225598.0
2022-02-08 00:00:00+09:00,12219.0,12234.0,12209.0,12219.0,218015.0
2022-02-09 00:00:00+09:00,12249.0,12274.0,12244.0,12259.0,195992.0
2022-02-10 00:00:00+09:00,12289.0,12323.0,12289.0,12318.0,218362.0
2022-02-11 00:00:00+09:00,12249.0,12264.0,12224.0,12234.0,63791.0
2022-02-14 00:00:00+09:00,12468.0,12483.0,12413.0,12433.0,239796.0
2022-02-15 00:00:00+09:00,12562.0,12627.0,12552.0,12622.0,356693.0
2022-02-16 00:00:00+09:00,12428.0,12443.0,12413.0,12443.0,231871.0
2022-02-17 00:00:00+09:00,12547.0,12602.0,12532.0,12597.0,252882.0
2022-02-18 00:00:00+09:00,12751.0,12771.0,12667.0,12696.0,286075.0
2022-02-21 00:00:00+09:00,12796.0,12816.0,12682.0,12682.0,212325.0
2022-02-22 00:00:00+09:00,12811.0,12846.0,12786.0,12826.0,228130.0
2022-02-23 00:00:00+09:00,12756.0,12761.0,12706.0,12731.0,164793.0
2022-02-24 00:00:00+09:00,12821.0,13085.0,12821.0,13035.0,503286.0
2022-02-25 00:00:00+09:00,12801.0,12886.0,12771.0,12866.0,394339.0
2022-02-28 00:00:00+09:00,12811.0,12871.0,12776.0,12811.0,212015.0
2022-03-02 00:00:00+09:00,13040.0,13050.0,12960.0,13005.0,345268.0
2022-03-03 00:00:00+09:00,12950.0,12975.0,12905.0,12935.0,159540.0
2022-03-04 00:00:00+09:00,13000.0,13114.0,12965.0,13005.0,417258.0
2022-03-07 00:00:00+09:00,13358.0,13448.0,13294.0,13328.0,543675.0
2022-03-08 00:00:00+09:00,13428.0,13458.0,13328.0,13453.0,431186.0
2022-03-10 00:00:00+09:00,13378.0,13393.0,13259.0,13378.0,1257233.0
2022-03-11 00:00:00+09:00,13438.0,13448.0,13333.0,13373.0,229819.0
2022-03-14 00:00:00+09:00,13269.0,13313.0,13244.0,13284.0,225635.0
2022-03-15 00:00:00+09:00,13149.0,13149.0,12965.0,12980.0,185744.0
2022-03-16 00:00:00+09:00,12856.0,12935.0,12851.0,12886.0,168215.0
2022-03-17 00:00:00+09:00,12940.0,13025.0,12930.0,12975.0,110280.0
2022-03-18 00:00:00+09:00,13070.0,13085.0,12975.0,13015.0,127041.0
2022-03-21 00:00:00+09:00,12900.0,12965.0,12886.0,12930.0,94106.0
2022-03-22 00:00:00+09:00,13005.0,13040.0,12965.0,13030.0,119399.0
2022-03-23 00:00:00+09:00,12905.0,12940.0,12871.0,12900.0,177824.0
2022-03-24 00:00:00+09:00,13070.0,13095.0,13025.0,13050.0,119528.0
2022-03-25 00:00:00+09:00,13169.0,13214.0,13164.0,13179.0,112601.0
2022-03-28 00:00:00+09:00,13144.0,13164.0,12985.0,13020.0,314025.0
2022-03-29 00:00:00+09:00,12935.0,12960.0,12900.0,12920.0,69002.0
2022-03-30 00:00:00+09:00,12856.0,12950.0,12856.0,12930.0,235918.0
2022-03-31 00:00:00+09:00,12990.0,12995.0,12896.0,12935.0,147950.0
2022-04-01 00:00:00+09:00,13000.0,13035.0,12985.0,13015.0,158792.0
2022-04-04 00:00:00+09:00,12915.0,12935.0,12861.0,12905.0,76798.0
2022-04-05 00:00:00+09:00,12965.0,12985.0,12930.0,12975.0,82121.0
2022-04-06 00:00:00+09:00,12900.0,12930.0,12871.0,12891.0,164469.0
2022-04-07 00:00:00+09:00,12910.0,12940.0,12886.0,12920.0,78926.0
2022-04-08 00:00:00+09:00,12975.0,12995.0,12935.0,12965.0,54078.0
2022-04-11 00:00:00+09:00,13055.0,13080.0,13020.0,13045.0,131003.0
2022-04-12 00:00:00+09:00,13109.0,13169.0,13090.0,13149.0,100622.0
2022-04-13 00:00:00+09:00,13209.0,13254.0,13179.0,13219.0,119910.0
2022-04-14 00:00:00+09:00,13264.0,13289.0,13229.0,13244.0,95537.0
2022-04-15 00:00:00+09:00,13229.0,13229.0,13189.0,13224.0,27968.0
2022-04-18 00:00:00+09:00,13348.0,13358.0,13313.0,13358.0,132788.0
2022-04-19 00:00:00+09:00,13279.0,13289.0,13239.0,13264.0,50147.0
2022-04-20 00:00:00+09:00,13080.0,13080.0,13015.0,13020.0,79182.0
2022-04-21 00:00:00+09:00,13119.0,13134.0,13075.0,13099.0,38794.0
2022-04-22 00:00:00+09:00,13090.0,13134.0,13070.0,13124.0,55131.0
2022-04-25 00:00:00+09:00,12955.0,12955.0,12831.0,12846.0,76114.0
2022-04-26 00:00:00+09:00,12736.0,12791.0,12721.0,12771.0,55801.0
2022-04-27 00:00:00+09:00,12776.0,12781.0,12701.0,12746.0,57002.0
2022-04-28 00:00:00+09:00,12647.0,12647.0,12547.0,12577.0,127885.0
2022-04-29 00:00:00+09:00,12706.0,12836.0,12706.0,12836.0,157223.0
2022-05-02 00:00:00+09:00,12731.0,12731.0,12627.0,12657.0,72124.0
2022-05-03 00:00:00+09:00,12488.0,12507.0,12438.0,12453.0,106495.0
2022-05-04 00:00:00+09:00,12517.0,12532.0,12478.0,12502.0,112497.0
2022-05-06 00:00:00+09:00,12567.0,12582.0,12512.0,12582.0,60288.0
2022-05-09 00:00:00+09:00,12602.0,12612.0,12537.0,12557.0,53652.0
2022-05-10 00:00:00+09:00,12433.0,12502.0,12408.0,12488.0,66181.0
2022-05-11 00:00:00+09:00,12284.0,12343.0,12269.0,12343.0,32874.0
2022-05-12 00:00:00+09:00,12413.0,12458.0,12378.0,12413.0,99005.0
2022-05-13 00:00:00+09:00,12209.0,12239.0,12194.0,12219.0,60284.0
2022-05-16 00:00:00+09:00,12134.0,12164.0,12080.0,12094.0,76615.0
2022-05-17 00:00:00+09:00,12224.0,12259.0,12204.0,12249.0,102853.0
2022-05-18 00:00:00+09:00,12159.0,12174.0,12104.0,12139.0,86422.0
2022-05-19 00:00:00+09:00,12144.0,12159.0,12129.0,12139.0,52174.0
2022-05-20 00:00:00+09:00,12308.0,12373.0,12279.0,12373.0,35379.0
2022-05-23 00:00:00+09:00,12363.0,12438.0,12358.0,12413.0,108965.0
2022-05-24 00:00:00+09:00,12413.0,12428.0,12378.0,12393.0,31172.0
2022-05-25 00:00:00+09:00,12488.0,12502.0,12428.0,12433.0,62558.0
2022-05-26 00:00:00+09:00,12413.0,12413.0,12328.0,12358.0,91483.0
2022-05-27 00:00:00+09:00,12398.0,12418.0,12368.0,12413.0,25411.0
2022-05-30 00:00:00+09:00,12363.0,12473.0,12358.0,12468.0,62980.0
2022-05-31 00:00:00+09:00,12368.0,12393.0,12333.0,12383.0,50622.0
2022-06-02 00:00:00+09:00,12343.0,12373.0,12318.0,12373.0,242249.0
2022-06-03 00:00:00+09:00,12493.0,12527.0,12473.0,12488.0,75582.0
2022-06-07 00:00:00+09:00,12298.0,12328.0,12269.0,12303.0,100056.0
2022-06-08 00:00:00+09:00,12378.0,12388.0,12333.0,12368.0,50789.0
2022-06-09 00:00:00+09:00,12373.0,12403.0,12363.0,12368.0,28734.0
2022-06-10 00:00:00+09:00,12333.0,12348.0,12318.0,12328.0,33725.0
2022-06-13 00:00:00+09:00,12547.0,12557.0,12438.0,12478.0,254719.0
2022-06-14 00:00:00+09:00,12174.0,12229.0,12149.0,12229.0,188704.0
2022-06-15 00:00:00+09:00,12099.0,12159.0,12085.0,12159.0,157404.0
2022-06-16 00:00:00+09:00,12249.0,12279.0,12219.0,12244.0,135124.0
2022-06-17 00:00:00+09:00,12363.0,12373.0,12308.0,12353.0,97499.0
2022-06-20 00:00:00+09:00,12289.0,12338.0,12259.0,12313.0,72503.0
2022-06-21 00:00:00+09:00,12289.0,12303.0,12249.0,12264.0,218427.0
2022-06-22 00:00:00+09:00,12239.0,12239.0,12179.0,12194.0,98942.0
2022-06-23 00:00:00+09:00,12254.0,12269.0,12224.0,12244.0,63284.0
2022-06-24 00:00:00+09:00,12174.0,12199.0,12164.0,12179.0,69224.0
2022-06-27 00:00:00+09:00,12229.0,12274.0,12209.0,12269.0,154640.0
2022-06-28 00:00:00+09:00,12179.0,12214.0,12169.0,12214.0,212119.0
2022-06-29 00:00:00+09:00,12139.0,12179.0,12139.0,12159.0,273752.0
2022-06-30 00:00:00+09:00,12154.0,12159.0,12109.0,12124.0,53505.0
2022-07-01 00:00:00+09:00,12065.0,12065.0,11975.0,12000.0,135088.0
2022-07-04 00:00:00+09:00,12060.0,12109.0,12050.0,12090.0,68059.0
2022-07-05 00:00:00+09:00,12090.0,12104.0,12060.0,12080.0,45085.0
2022-07-06 00:00:00+09:00,11796.0,11816.0,11746.0,11776.0,145201.0
2022-07-07 00:00:00+09:00,11602.0,11652.0,11572.0,11642.0,164060.0
2022-07-08 00:00:00+09:00,11617.0,11642.0,11592.0,11622.0,60655.0
2022-07-11 00:00:00+09:00,11602.0,11612.0,11582.0,11597.0,86253.0
2022-07-12 00:00:00+09:00,11552.0,11612.0,11483.0,11522.0,135603.0
2022-07-13 00:00:00+09:00,11492.0,11517.0,11473.0,11487.0,64774.0
2022-07-14 00:00:00+09:00,11532.0,11547.0,11487.0,11487.0,41710.0
2022-07-15 00:00:00+09:00,11408.0,11428.0,11358.0,11358.0,119832.0
2022-07-18 00:00:00+09:00,11378.0,11428.0,11368.0,11408.0,88178.0
2022-07-19 00:00:00+09:00,11363.0,11393.0,11348.0,11378.0,75820.0
2022-07-20 00:00:00+09:00,11383.0,11398.0,11348.0,11363.0,70238.0
2022-07-21 00:00:00+09:00,11284.0,11284.0,11244.0,11244.0,91099.0
2022-07-22 00:00:00+09:00,11428.0,11448.0,11398.0,11448.0,98989.0
2022-07-25 00:00:00+09:00,11473.0,11507.0,11453.0,11483.0,101772.0
2022-07-26 00:00:00+09:00,11438.0,11502.0,11438.0,11473.0,29615.0
2022-07-27 00:00:00+09:00,11433.0,11453.0,11408.0,11448.0,34021.0
2022-07-28 00:00:00+09:00,11567.0,11592.0,11547.0,11587.0,56665.0
2022-07-29 00:00:00+09:00,11682.0,11766.0,11672.0,11761.0,80715.0
2022-08-01 00:00:00+09:00,11726.0,11761.0,11701.0,11731.0,150554.0
2022-08-02 00:00:00+09:00,11791.0,11851.0,11786.0,11806.0,224659.0
2022-08-03 00:00:00+09:00,11687.0,11781.0,11682.0,11771.0,76016.0
2022-08-04 00:00:00+09:00,11736.0,11806.0,11731.0,11771.0,81090.0
2022-08-05 00:00:00+09:00,11925.0,11945.0,11910.0,11910.0,61751.0
2022-08-08 00:00:00+09:00,11816.0,11816.0,11786.0,11811.0,54519.0
2022-08-09 00:00:00+09:00,11910.0,11910.0,11871.0,11886.0,66433.0
2022-08-10 00:00:00+09:00,11935.0,11945.0,11900.0,11905.0,70920.0
2022-08-11 00:00:00+09:00,11915.0,11925.0,11866.0,11890.0,61278.0
2022-08-12 00:00:00+09:00,11895.0,11925.0,11886.0,11915.0,66517.0
2022-08-16 00:00:00+09:00,11831.0,11861.0,11821.0,11846.0,119665.0
2022-08-17 00:00:00+09:00,11811.0,11856.0,11796.0,11831.0,75488.0
2022-08-18 00:00:00+09:00,11741.0,11756.0,11711.0,11726.0,80526.0
2022-08-19 00:00:00+09:00,11691.0,11691.0,11647.0,11677.0,137018.0
2022-08-22 00:00:00+09:00,11602.0,11627.0,11577.0,11592.0,66910.0
2022-08-23 00:00:00+09:00,11532.0,11572.0,11527.0,11532.0,56525.0
2022-08-24 00:00:00+09:00,11597.0,11617.0,11587.0,11597.0,60172.0
2022-08-25 00:00:00+09:00,11627.0,11691.0,11627.0,11691.0,44433.0
2022-08-26 00:00:00+09:00,11682.0,11687.0,11652.0,11687.0,51360.0
2022-08-29 00:00:00+09:00,11512.0,11527.0,11428.0,11443.0,135433.0
2022-08-30 00:00:00+09:00,11552.0,11562.0,11512.0,11517.0,119073.0
2022-08-31 00:00:00+09:00,11438.0,11463.0,11423.0,11438.0,61015.0
2022-09-01 00:00:00+09:00,11348.0,11348.0,11298.0,11313.0,184407.0
2022-09-02 00:00:00+09:00,11269.0,11303.0,11259.0,11293.0,77933.0
2022-09-05 00:00:00+09:00,11328.0,11383.0,11328.0,11353.0,92965.0
2022-09-06 00:00:00+09:00,11378.0,11458.0,11373.0,11408.0,85633.0
2022-09-07 00:00:00+09:00,11303.0,11313.0,11229.0,11269.0,141367.0
2022-09-08 00:00:00+09:00,11393.0,11423.0,11383.0,11423.0,65505.0
2022-09-13 00:00:00+09:00,11458.0,11473.0,11418.0,11443.0,226682.0
2022-09-14 00:00:00+09:00,11303.0,11318.0,11269.0,11293.0,109518.0
2022-09-15 00:00:00+09:00,11259.0,11269.0,11184.0,11199.0,125911.0
2022-09-16 00:00:00+09:00,11025.0,11060.0,11015.0,11015.0,165625.0
2022-09-19 00:00:00+09:00,11124.0,11139.0,11035.0,11045.0,124434.0
2022-09-20 00:00:00+09:00,11109.0,11144.0,11075.0,11099.0,108515.0
2022-09-21 00:00:00+09:00,11045.0,11119.0,11020.0,11119.0,133181.0
2022-09-22 00:00:00+09:00,11045.0,11050.0,10985.0,11005.0,143608.0
2022-09-23 00:00:00+09:00,11089.0,11114.0,11060.0,11104.0,148606.0
2022-09-26 00:00:00+09:00,10890.0,10905.0,10786.0,10861.0,284830.0
2022-09-27 00:00:00+09:00,10781.0,10846.0,10781.0,10846.0,53613.0
2022-09-28 00:00:00+09:00,10786.0,10796.0,10731.0,10746.0,191633.0
2022-09-29 00:00:00+09:00,10970.0,10990.0,10881.0,10890.0,131469.0
2022-09-30 00:00:00+09:00,11025.0,11065.0,11000.0,11045.0,200609.0
2022-10-04 00:00:00+09:00,11274.0,11303.0,11239.0,11293.0,286387.0
2022-10-05 00:00:00+09:00,11438.0,11443.0,11393.0,11428.0,303350.0
2022-10-06 00:00:00+09:00,11398.0,11438.0,11388.0,11413.0,92025.0
2022-10-07 00:00:00+09:00,11343.0,11363.0,11328.0,11338.0,142161.0
2022-10-11 00:00:00+09:00,11065.0,11084.0,11005.0,11055.0,290408.0
2022-10-12 00:00:00+09:00,11020.0,11080.0,11005.0,11080.0,187607.0
2022-10-13 00:00:00+09:00,11084.0,11089.0,11040.0,11045.0,76000.0
2022-10-14 00:00:00+09:00,11015.0,11065.0,10995.0,11065.0,129004.0
2022-10-17 00:00:00+09:00,10900.0,10950.0,10890.0,10935.0,137568.0
2022-10-18 00:00:00+09:00,10925.0,10995.0,10920.0,10960.0,71736.0
2022-10-19 00:00:00+09:00,10930.0,10940.0,10876.0,10876.0,75063.0
2022-10-20 00:00:00+09:00,10771.0,10821.0,10726.0,10791.0,61373.0
2022-10-21 00:00:00+09:00,10761.0,10771.0,10711.0,10726.0,82590.0
2022-10-24 00:00:00+09:00,10980.0,10995.0,10930.0,10950.0,316867.0
2022-10-25 00:00:00+09:00,10920.0,10945.0,10895.0,10925.0,113412.0
2022-10-26 00:00:00+09:00,10925.0,11005.0,10910.0,11000.0,169185.0
2022-10-27 00:00:00+09:00,11030.0,11050.0,10995.0,11010.0,210626.0
2022-10-28 00:00:00+09:00,10980.0,11025.0,10960.0,10975.0,128938.0
2022-10-31 00:00:00+09:00,10861.0,10881.0,10841.0,10851.0,114842.0
2022-11-01 00:00:00+09:00,10791.0,10866.0,10781.0,10861.0,191778.0
2022-11-02 00:00:00+09:00,10876.0,10920.0,10876.0,10915.0,133408.0
2022-11-03 00:00:00+09:00,10791.0,10846.0,10786.0,10801.0,97756.0
2022-11-04 00:00:00+09:00,10766.0,10890.0,10756.0,10876.0,181980.0
2022-11-07 00:00:00+09:00,11055.0,11075.0,11040.0,11050.0,276709.0
2022-11-08 00:00:00+09:00,11060.0,11075.0,11020.0,11035.0,161097.0
2022-11-09 00:00:00+09:00,11298.0,11318.0,11279.0,11293.0,216130.0
2022-11-10 00:00:00+09:00,11264.0,11313.0,11259.0,11293.0,102719.0
2022-11-11 00:00:00+09:00,11567.0,11652.0,11537.0,11617.0,556271.0
2022-11-14 00:00:00+09:00,11632.0,11662.0,11607.0,11632.0,127929.0
2022-11-15 00:00:00+09:00,11672.0,11706.0,11662.0,11691.0,249818.0
2022-11-16 00:00:00+09:00,11751.0,11756.0,11682.0,11716.0,319680.0
2022-11-17 00:00:00+09:00,11701.0,11716.0,11622.0,11652.0,252719.0
2022-11-18 00:00:00+09:00,11607.0,11652.0,11607.0,11642.0,120456.0
2022-11-21 00:00:00+09:00,11567.0,11567.0,11502.0,11522.0,108398.0
2022-11-22 00:00:00+09:00,11468.0,11507.0,11458.0,11487.0,83880.0
2022-11-23 00:00:00+09:00,11473.0,11487.0,11428.0,11453.0,108990.0
2022-11-24 00:00:00+09:00,11552.0,11587.0,11547.0,11567.0,89259.0
2022-11-25 00:00:00+09:00,11567.0,11617.0,11552.0,11582.0,147870.0
2022-11-28 00:00:00+09:00,11542.0,11572.0,11512.0,11552.0,58572.0
2022-11-29 00:00:00+09:00,11473.0,11567.0,11473.0,11557.0,155135.0
2022-11-30 00:00:00+09:00,11517.0,11567.0,11507.0,11557.0,49673.0
2022-12-01 00:00:00+09:00,11682.0,11741.0,11677.0,11741.0,136836.0
2022-12-02 00:00:00+09:00,11881.0,11886.0,11841.0,11871.0,148104.0
2022-12-05 00:00:00+09:00,11846.0,11915.0,11841.0,11890.0,145727.0
2022-12-06 00:00:00+09:00,11642.0,11691.0,11637.0,11652.0,255607.0
2022-12-07 00:00:00+09:00,11652.0,11677.0,11637.0,11662.0,86756.0
2022-12-08 00:00:00+09:00,11761.0,11771.0,11721.0,11751.0,190602.0
2022-12-09 00:00:00+09:00,11771.0,11836.0,11766.0,11816.0,84388.0
2022-12-12 00:00:00+09:00,11806.0,11806.0,11746.0,11761.0,149533.0
2022-12-13 00:00:00+09:00,11726.0,11751.0,11711.0,11746.0,88789.0
2022-12-14 00:00:00+09:00,11905.0,11930.0,11900.0,11920.0,151637.0
2022-12-15 00:00:00+09:00,11895.0,11895.0,11766.0,11791.0,147130.0
2022-12-16 00:00:00+09:00,11672.0,11736.0,11672.0,11716.0,110779.0
2022-12-19 00:00:00+09:00,11766.0,11811.0,11766.0,11786.0,77083.0
2022-12-20 00:00:00+09:00,11741.0,11806.0,11731.0,11776.0,115774.0
2022-12-21 00:00:00+09:00,11945.0,11965.0,11920.0,11940.0,102998.0
2022-12-22 00:00:00+09:00,11930.0,11960.0,11925.0,11950.0,91950.0
2022-12-23 00:00:00+09:00,11786.0,11796.0,11761.0,11791.0,93456.0
2022-12-26 00:00:00+09:00,11806.0,11841.0,11771.0,11826.0,55371.0
2022-12-27 00:00:00+09:00,11836.0,11876.0,11826.0,11866.0,184892.0
2022-12-28 00:00:00+09:00,11900.0,11915.0,11881.0,11890.0,118766.0
2022-12-29 00:00:00+09:00,11851.0,11881.0,11841.0,11876.0,58337.0
2023-01-02 00:00:00+09:00,11945.0,12169.0,11910.0,12159.0,81230.0
2023-01-03 00:00:00+09:00,12015.0,12109.0,11995.0,12099.0,317231.0
2023-01-04 00:00:00+09:00,12060.0,12139.0,12055.0,12139.0,253529.0
2023-01-05 00:00:00+09:00,12174.0,12199.0,12139.0,12169.0,169496.0
2023-01-06 00:00:00+09:00,12030.0,12080.0,12015.0,12065.0,145269.0
2023-01-09 00:00:00+09:00,12264.0,12338.0,12249.0,12328.0,172667.0
2023-01-10 00:00:00+09:00,12269.0,12308.0,12254.0,12289.0,171287.0
2023-01-11 00:00:00+09:00,12318.0,12368.0,12279.0,12358.0,148086.0
2023-01-12 00:00:00+09:00,12313.0,12363.0,12298.0,12358.0,76433.0
2023-01-13 00:00:00+09:00,12443.0,12468.0,12403.0,12423.0,109897.0
2023-01-16 00:00:00+09:00,12567.0,12647.0,12567.0,12572.0,137373.0
2023-01-17 00:00:00+09:00,12572.0,12582.0,12502.0,12522.0,128736.0
2023-01-18 00:00:00+09:00,12517.0,12522.0,12428.0,12468.0,239334.0
2023-01-19 00:00:00+09:00,12488.0,12517.0,12448.0,12507.0,117927.0
2023-01-20 00:00:00+09:00,12652.0,12682.0,12602.0,12637.0,252827.0
2023-01-25 00:00:00+09:00,12692.0,12711.0,12617.0,12647.0,219338.0
2023-01-26 00:00:00+09:00,12766.0,12771.0,12721.0,12761.0,177543.0
2023-01-27 00:00:00+09:00,12647.0,12677.0,12577.0,12607.0,238775.0
2023-01-30 00:00:00+09:00,12627.0,12662.0,12597.0,12637.0,298177.0
2023-01-31 00:00:00+09:00,12582.0,12612.0,12512.0,12532.0,164103.0
2023-02-01 00:00:00+09:00,12612.0,12627.0,12602.0,12617.0,212049.0
2023-02-02 00:00:00+09:00,12796.0,12816.0,12771.0,12776.0,361872.0
2023-02-03 00:00:00+09:00,12537.0,12557.0,12527.0,12537.0,238294.0
2023-02-06 00:00:00+09:00,12199.0,12289.0,12189.0,12289.0,178986.0
2023-02-07 00:00:00+09:00,12209.0,12259.0,12209.0,12254.0,123023.0
2023-02-08 00:00:00+09:00,12244.0,12284.0,12239.0,12279.0,65386.0
2023-02-09 00:00:00+09:00,12254.0,12293.0,12234.0,12289.0,68170.0
2023-02-10 00:00:00+09:00,12154.0,12189.0,12104.0,12149.0,169560.0
2023-02-13 00:00:00+09:00,12164.0,12179.0,12134.0,12174.0,100187.0
2023-02-14 00:00:00+09:00,12109.0,12154.0,12109.0,12154.0,70981.0
2023-02-15 00:00:00+09:00,12119.0,12149.0,12050.0,12060.0,157013.0
2023-02-16 00:00:00+09:00,11995.0,12030.0,11980.0,11985.0,88072.0
2023-02-17 00:00:00+09:00,11965.0,11970.0,11905.0,11910.0,124980.0
2023-02-20 00:00:00+09:00,11995.0,12045.0,11990.0,12035.0,83895.0
2023-02-21 00:00:00+09:00,12015.0,12040.0,11990.0,12005.0,48246.0
2023-02-22 00:00:00+09:00,11980.0,12005.0,11975.0,11990.0,38658.0
2023-02-23 00:00:00+09:00,11900.0,11945.0,11895.0,11945.0,60920.0
2023-02-24 00:00:00+09:00,11890.0,11920.0,11890.0,11910.0,73633.0
2023-02-27 00:00:00+09:00,11816.0,11836.0,11786.0,11806.0,132155.0
2023-02-28 00:00:00+09:00,11846.0,11866.0,11816.0,11831.0,97620.0
2023-03-02 00:00:00+09:00,11975.0,11985.0,11940.0,11955.0,104035.0
2023-03-03 00:00:00+09:00,11995.0,12010.0,11980.0,12010.0,186329.0
2023-03-06 00:00:00+09:00,12075.0,12104.0,12070.0,12090.0,141214.0
2023-03-07 00:00:00+09:00,12040.0,12070.0,12025.0,12050.0,122918.0
2023-03-08 00:00:00+09:00,11816.0,11821.0,11786.0,11806.0,61087.0
2023-03-09 00:00:00+09:00,11816.0,11826.0,11796.0,11816.0,118677.0
2023-03-10 00:00:00+09:00,11925.0,11955.0,11900.0,11935.0,93853.0
2023-03-13 00:00:00+09:00,12214.0,12298.0,12189.0,12229.0,204247.0
2023-03-14 00:00:00+09:00,12453.0,12473.0,12383.0,12433.0,186976.0
2023-03-15 00:00:00+09:00,12378.0,12408.0,12363.0,12368.0,131676.0
2023-03-16 00:00:00+09:00,12512.0,12532.0,12423.0,12478.0,219520.0
2023-03-17 00:00:00+09:00,12502.0,12577.0,12483.0,12577.0,105433.0
2023-03-20 00:00:00+09:00,12861.0,12975.0,12816.0,12950.0,311500.0
2023-03-21 00:00:00+09:00,12866.0,12915.0,12851.0,12871.0,209005.0
2023-03-22 00:00:00+09:00,12647.0,12672.0,12612.0,12637.0,243119.0
2023-03-23 00:00:00+09:00,12816.0,12900.0,12791.0,12900.0,391398.0
2023-03-24 00:00:00+09:00,12960.0,12985.0,12935.0,12935.0,174850.0
2023-03-27 00:00:00+09:00,12856.0,12876.0,12796.0,12801.0,262988.0
2023-03-28 00:00:00+09:00,12731.0,12766.0,12701.0,12711.0,1118742.0
2023-03-29 00:00:00+09:00,12816.0,12826.0,12741.0,12741.0,321001.0
2023-03-30 00:00:00+09:00,12751.0,12786.0,12706.0,12781.0,568926.0
2023-03-31 00:00:00+09:00,12851.0,12891.0,12846.0,12881.0,154380.0
2023-04-03 00:00:00+09:00,12716.0,12766.0,12667.0,12701.0,177412.0
2023-04-04 00:00:00+09:00,12891.0,12896.0,12846.0,12861.0,196331.0
2023-04-05 00:00:00+09:00,13129.0,13159.0,13119.0,13159.0,193620.0
2023-04-06 00:00:00+09:00,13124.0,13124.0,13040.0,13085.0,415304.0
2023-04-07 00:00:00+09:00,13050.0,13099.0,12990.0,13099.0,63671.0
2023-04-10 00:00:00+09:00,13025.0,13025.0,12910.0,12950.0,185989.0
2023-04-11 00:00:00+09:00,12940.0,12990.0,12910.0,12990.0,180157.0
2023-04-12 00:00:00+09:00,13015.0,13124.0,13010.0,13085.0,169854.0
2023-04-13 00:00:00+09:00,13090.0,13114.0,13075.0,13114.0,172002.0
2023-04-14 00:00:00+09:00,13234.0,13289.0,13234.0,13264.0,310533.0
2023-04-17 00:00:00+09:00,12995.0,13060.0,12945.0,13060.0,144716.0
2023-04-18 00:00:00+09:00,12930.0,12985.0,12925.0,12970.0,138854.0
2023-04-19 00:00:00+09:00,13005.0,13020.0,12900.0,12905.0,181751.0
2023-04-20 00:00:00+09:00,12920.0,12955.0,12905.0,12950.0,222223.0
2023-04-21 00:00:00+09:00,12995.0,13005.0,12886.0,12886.0,350051.0
2023-04-24 00:00:00+09:00,12851.0,12856.0,12806.0,12836.0,302959.0
2023-04-25 00:00:00+09:00,12925.0,12965.0,12896.0,12930.0,337165.0
2023-04-26 00:00:00+09:00,12955.0,12970.0,12915.0,12940.0,353644.0
2023-04-27 00:00:00+09:00,12896.0,12970.0,12886.0,12965.0,337164.0
2023-04-28 00:00:00+09:00,12876.0,12891.0,12841.0,12871.0,150462.0
2023-05-02 00:00:00+09:00,12861.0,12861.0,12816.0,12851.0,137643.0
2023-05-03 00:00:00+09:00,13060.0,13080.0,13045.0,13055.0,529645.0
2023-05-04 00:00:00+09:00,13284.0,13318.0,13199.0,13204.0,517271.0
2023-05-08 00:00:00+09:00,13045.0,13104.0,13045.0,13085.0,253956.0
2023-05-09 00:00:00+09:00,13085.0,13129.0,13065.0,13119.0,356020.0
2023-05-10 00:00:00+09:00,13169.0,13189.0,13119.0,13124.0,314331.0
2023-05-11 00:00:00+09:00,13144.0,13169.0,13124.0,13149.0,165251.0
2023-05-12 00:00:00+09:00,13035.0,13045.0,12975.0,12990.0,427444.0
2023-05-15 00:00:00+09:00,12985.0,13050.0,12985.0,13030.0,80135.0
2023-05-16 00:00:00+09:00,13025.0,13045.0,12970.0,12970.0,248172.0
2023-05-17 00:00:00+09:00,12866.0,12881.0,12841.0,12846.0,62664.0
2023-05-18 00:00:00+09:00,12801.0,12826.0,12771.0,12791.0,258474.0
2023-05-19 00:00:00+09:00,12652.0,12716.0,12622.0,12716.0,158706.0
2023-05-22 00:00:00+09:00,12786.0,12796.0,12726.0,12751.0,167591.0
2023-05-23 00:00:00+09:00,12726.0,12726.0,12647.0,12672.0,233509.0
2023-05-24 00:00:00+09:00,12746.0,12786.0,12736.0,12766.0,193127.0
2023-05-25 00:00:00+09:00,12652.0,12652.0,12617.0,12632.0,172889.0
2023-05-26 00:00:00+09:00,12517.0,12587.0,12497.0,12587.0,205254.0
2023-05-30 00:00:00+09:00,12532.0,12582.0,12458.0,12478.0,219300.0
2023-05-31 00:00:00+09:00,12637.0,12682.0,12607.0,12662.0,100258.0
2023-06-01 00:00:00+09:00,12662.0,12692.0,12647.0,12657.0,145812.0
2023-06-02 00:00:00+09:00,12746.0,12791.0,12731.0,12756.0,153779.0
2023-06-05 00:00:00+09:00,12572.0,12572.0,12522.0,12527.0,669919.0
2023-06-07 00:00:00+09:00,12657.0,12677.0,12637.0,12637.0,338270.0
2023-06-08 00:00:00+09:00,12527.0,12552.0,12517.0,12522.0,450314.0
2023-06-09 00:00:00+09:00,12652.0,12662.0,12637.0,12657.0,307680.0
2023-06-12 00:00:00+09:00,12627.0,12632.0,12587.0,12632.0,162018.0
2023-06-13 00:00:00+09:00,12617.0,12632.0,12592.0,12632.0,275870.0
2023-06-14 00:00:00+09:00,12517.0,12557.0,12512.0,12532.0,203258.0
2023-06-15 00:00:00+09:00,12517.0,12522.0,12418.0,12453.0,349620.0
2023-06-16 00:00:00+09:00,12597.0,12622.0,12572.0,12622.0,221391.0
2023-06-19 00:00:00+09:00,12597.0,12607.0,12572.0,12582.0,104983.0
2023-06-20 00:00:00+09:00,12567.0,12572.0,12517.0,12562.0,122167.0
2023-06-21 00:00:00+09:00,12468.0,12473.0,12423.0,12448.0,134171.0
2023-06-22 00:00:00+09:00,12428.0,12438.0,12393.0,12413.0,79773.0
2023-06-23 00:00:00+09:00,12318.0,12333.0,12279.0,12318.0,104771.0
2023-06-26 00:00:00+09:00,12373.0,12398.0,12363.0,12368.0,227809.0
2023-06-27 00:00:00+09:00,12368.0,12408.0,12358.0,12383.0,58612.0
2023-06-28 00:00:00+09:00,12313.0,12323.0,12293.0,12298.0,66625.0
2023-06-29 00:00:00+09:00,12269.0,12289.0,12224.0,12229.0,92315.0
2023-06-30 00:00:00+09:00,12259.0,12269.0,12234.0,12244.0,53837.0
2023-07-03 00:00:00+09:00,12318.0,12338.0,12298.0,12298.0,161005.0
2023-07-04 00:00:00+09:00,12338.0,12378.0,12333.0,12378.0,113956.0
2023-07-05 00:00:00+09:00,12383.0,12383.0,12353.0,12353.0,51749.0
2023-07-06 00:00:00+09:00,12313.0,12333.0,12298.0,12333.0,191823.0
2023-07-07 00:00:00+09:00,12274.0,12289.0,12254.0,12289.0,153484.0
2023-07-10 00:00:00+09:00,12353.0,12368.0,12318.0,12343.0,93205.0
2023-07-11 00:00:00+09:00,12353.0,12408.0,12353.0,12408.0,222708.0
2023-07-12 00:00:00+09:00,12408.0,12463.0,12408.0,12443.0,47780.0
2023-07-13 00:00:00+09:00,12557.0,12592.0,12547.0,12592.0,98465.0
2023-07-14 00:00:00+09:00,12582.0,12592.0,12552.0,12557.0,90122.0
2023-07-17 00:00:00+09:00,12532.0,12547.0,12512.0,12532.0,107844.0
2023-07-18 00:00:00+09:00,12537.0,12582.0,12532.0,12567.0,172966.0
2023-07-19 00:00:00+09:00,12682.0,12701.0,12662.0,12677.0,53492.0
2023-07-20 00:00:00+09:00,12682.0,12736.0,12667.0,12706.0,67678.0
2023-07-21 00:00:00+09:00,12642.0,12652.0,12607.0,12632.0,59552.0
2023-07-24 00:00:00+09:00,12562.0,12582.0,12547.0,12572.0,151776.0
2023-07-25 00:00:00+09:00,12522.0,12582.0,12517.0,12577.0,55804.0
2023-07-26 00:00:00+09:00,12592.0,12627.0,12567.0,12627.0,102735.0
2023-07-27 00:00:00+09:00,12632.0,12696.0,12627.0,12647.0,167428.0
2023-07-28 00:00:00+09:00,12483.0,12527.0,12468.0,12488.0,92998.0
2023-07-31 00:00:00+09:00,12532.0,12542.0,12497.0,12527.0,75089.0
2023-08-01 00:00:00+09:00,12572.0,12587.0,12527.0,12537.0,89628.0
2023-08-02 00:00:00+09:00,12493.0,12493.0,12448.0,12473.0,133587.0
2023-08-03 00:00:00+09:00,12383.0,12403.0,12363.0,12373.0,89607.0
2023-08-04 00:00:00+09:00,12383.0,12393.0,12358.0,12363.0,114612.0
2023-08-07 00:00:00+09:00,12428.0,12443.0,12378.0,12388.0,145063.0
2023-08-08 00:00:00+09:00,12388.0,12393.0,12348.0,12363.0,80633.0
2023-08-09 00:00:00+09:00,12318.0,12358.0,12303.0,12343.0,155318.0
2023-08-10 00:00:00+09:00,12254.0,12264.0,12239.0,12259.0,41979.0
2023-08-11 00:00:00+09:00,12224.0,12249.0,12214.0,12249.0,65330.0
2023-08-14 00:00:00+09:00,12224.0,12229.0,12204.0,12229.0,39633.0
2023-08-16 00:00:00+09:00,12154.0,12174.0,12139.0,12174.0,80148.0
2023-08-17 00:00:00+09:00,12090.0,12090.0,12065.0,12090.0,35300.0
2023-08-18 00:00:00+09:00,12075.0,12094.0,12070.0,12085.0,167209.0
2023-08-21 00:00:00+09:00,12065.0,12090.0,12030.0,12060.0,56584.0
2023-08-22 00:00:00+09:00,12085.0,12129.0,12080.0,12129.0,80238.0
2023-08-23 00:00:00+09:00,12119.0,12149.0,12109.0,12149.0,39939.0
2023-08-24 00:00:00+09:00,12229.0,12269.0,12229.0,12249.0,76360.0
2023-08-25 00:00:00+09:00,12229.0,12234.0,12199.0,12219.0,66865.0
2023-08-28 00:00:00+09:00,12214.0,12234.0,12209.0,12234.0,59886.0
2023-08-29 00:00:00+09:00,12249.0,12289.0,12249.0,12269.0,69747.0
2023-08-30 00:00:00+09:00,12343.0,12358.0,12338.0,12358.0,134549.0
2023-08-31 00:00:00+09:00,12393.0,12418.0,12388.0,12403.0,38276.0
2023-09-01 00:00:00+09:00,12358.0,12398.0,12353.0,12363.0,102027.0
2023-09-04 00:00:00+09:00,12368.0,12413.0,12363.0,12413.0,61980.0
2023-09-05 00:00:00+09:00,12358.0,12363.0,12333.0,12333.0,64151.0
2023-09-06 00:00:00+09:00,12274.0,12293.0,12264.0,12269.0,50291.0
2023-09-07 00:00:00+09:00,12219.0,12234.0,12199.0,12229.0,30800.0
2023-09-08 00:00:00+09:00,12224.0,12279.0,12224.0,12274.0,108735.0
2023-09-11 00:00:00+09:00,12224.0,12284.0,12214.0,12279.0,52259.0
2023-09-12 00:00:00+09:00,12244.0,12259.0,12224.0,12229.0,26813.0
2023-09-13 00:00:00+09:00,12184.0,12189.0,12149.0,12164.0,37633.0
2023-09-14 00:00:00+09:00,12159.0,12179.0,12139.0,12144.0,54752.0
2023-09-15 00:00:00+09:00,12154.0,12219.0,12154.0,12219.0,153472.0
2023-09-18 00:00:00+09:00,12234.0,12289.0,12234.0,12279.0,122255.0
2023-09-19 00:00:00+09:00,12318.0,12318.0,12284.0,12284.0,28244.0
2023-09-20 00:00:00+09:00,12289.0,12298.0,12274.0,12293.0,41897.0
2023-09-21 00:00:00+09:00,12269.0,12274.0,12239.0,12274.0,132578.0
2023-09-22 00:00:00+09:00,12214.0,12244.0,12214.0,12244.0,113683.0
2023-09-25 00:00:00+09:00,12239.0,12254.0,12214.0,12224.0,38663.0
2023-09-26 00:00:00+09:00,12189.0,12189.0,12149.0,12164.0,27158.0
2023-09-27 00:00:00+09:00,12094.0,12099.0,12050.0,12060.0,58794.0
2023-10-04 00:00:00+09:00,11940.0,12060.0,11552.0,11552.0,102020.0
2023-10-05 00:00:00+09:00,11567.0,11617.0,11567.0,11577.0,71637.0
2023-10-06 00:00:00+09:00,11567.0,11587.0,11547.0,11547.0,58850.0
2023-10-10 00:00:00+09:00,11816.0,11841.0,11791.0,11796.0,167381.0
2023-10-11 00:00:00+09:00,11801.0,11821.0,11796.0,11811.0,73430.0
2023-10-12 00:00:00+09:00,11890.0,11935.0,11890.0,11935.0,57544.0
2023-10-13 00:00:00+09:00,11876.0,11920.0,11861.0,11910.0,24055.0
2023-10-16 00:00:00+09:00,12209.0,12219.0,12129.0,12139.0,119405.0
2023-10-17 00:00:00+09:00,12174.0,12184.0,12134.0,12174.0,43300.0
2023-10-18 00:00:00+09:00,12209.0,12328.0,12204.0,12298.0,116814.0
2023-10-19 00:00:00+09:00,12368.0,12388.0,12333.0,12348.0,259523.0
2023-10-20 00:00:00+09:00,12537.0,12572.0,12512.0,12542.0,230051.0
2023-10-23 00:00:00+09:00,12502.0,12547.0,12463.0,12547.0,91684.0
2023-10-24 00:00:00+09:00,12517.0,12562.0,12507.0,12542.0,79672.0
2023-10-25 00:00:00+09:00,12502.0,12532.0,12493.0,12527.0,49609.0
2023-10-26 00:00:00+09:00,12567.0,12617.0,12562.0,12592.0,93031.0
2023-10-27 00:00:00+09:00,12587.0,12612.0,12562.0,12612.0,181095.0
2023-10-30 00:00:00+09:00,12701.0,12726.0,12672.0,12677.0,281091.0
2023-10-31 00:00:00+09:00,12647.0,12667.0,12627.0,12642.0,241945.0
2023-11-01 00:00:00+09:00,12577.0,12577.0,12507.0,12547.0,178124.0
2023-11-02 00:00:00+09:00,12572.0,12592.0,12562.0,12582.0,127863.0
2023-11-03 00:00:00+09:00,12582.0,12592.0,12557.0,12592.0,72715.0
2023-11-06 00:00:00+09:00,12587.0,12627.0,12552.0,12577.0,166874.0
2023-11-07 00:00:00+09:00,12507.0,12522.0,12473.0,12478.0,92868.0
2023-11-08 00:00:00+09:00,12468.0,12473.0,12438.0,12458.0,55912.0
2023-11-09 00:00:00+09:00,12343.0,12373.0,12328.0,12343.0,89614.0
2023-11-10 00:00:00+09:00,12388.0,12403.0,12373.0,12388.0,64009.0
2023-11-13 00:00:00+09:00,12274.0,12284.0,12229.0,12269.0,62845.0
2023-11-14 00:00:00+09:00,12308.0,12328.0,12293.0,12308.0,58325.0
2023-11-15 00:00:00+09:00,12423.0,12468.0,12403.0,12468.0,46554.0
2023-11-16 00:00:00+09:00,12393.0,12433.0,12363.0,12418.0,103031.0
2023-11-17 00:00:00+09:00,12522.0,12557.0,12517.0,12532.0,45621.0
2023-11-20 00:00:00+09:00,12488.0,12547.0,12468.0,12522.0,165769.0
2023-11-21 00:00:00+09:00,12522.0,12597.0,12512.0,12587.0,127977.0
2023-11-22 00:00:00+09:00,12622.0,12637.0,12602.0,12632.0,42880.0
2023-11-23 00:00:00+09:00,12582.0,12622.0,12572.0,12607.0,76512.0
2023-11-24 00:00:00+09:00,12597.0,12607.0,12582.0,12597.0,91865.0
2023-11-27 00:00:00+09:00,12652.0,12756.0,12652.0,12706.0,131538.0
2023-11-28 00:00:00+09:00,12726.0,12746.0,12716.0,12736.0,119262.0
2023-11-29 00:00:00+09:00,12910.0,12955.0,12905.0,12925.0,133044.0
2023-11-30 00:00:00+09:00,12915.0,12930.0,12886.0,12905.0,71944.0
2023-12-01 00:00:00+09:00,12871.0,12900.0,12871.0,12900.0,134706.0
2023-12-04 00:00:00+09:00,13338.0,13358.0,13134.0,13154.0,155045.0
2023-12-05 00:00:00+09:00,12846.0,12891.0,12816.0,12841.0,104073.0
2023-12-06 00:00:00+09:00,12746.0,12786.0,12736.0,12786.0,170519.0
2023-12-07 00:00:00+09:00,12786.0,12806.0,12776.0,12786.0,85092.0
2023-12-08 00:00:00+09:00,12786.0,12826.0,12786.0,12806.0,54660.0
2023-12-11 00:00:00+09:00,12662.0,12667.0,12582.0,12607.0,69539.0
2023-12-12 00:00:00+09:00,12512.0,12542.0,12502.0,12542.0,87983.0
2023-12-13 00:00:00+09:00,12507.0,12507.0,12453.0,12453.0,64578.0
2023-12-14 00:00:00+09:00,12806.0,12856.0,12791.0,12841.0,221576.0
2023-12-15 00:00:00+09:00,12841.0,12856.0,12811.0,12846.0,98557.0
2023-12-18 00:00:00+09:00,12716.0,12751.0,12701.0,12751.0,39464.0
2023-12-19 00:00:00+09:00,12766.0,12786.0,12736.0,12756.0,80885.0
2023-12-20 00:00:00+09:00,12861.0,12866.0,12831.0,12861.0,55669.0
2023-12-21 00:00:00+09:00,12781.0,12826.0,12781.0,12806.0,57102.0
2023-12-22 00:00:00+09:00,12910.0,12920.0,12876.0,12891.0,84052.0
2023-12-26 00:00:00+09:00,12930.0,13005.0,12925.0,13005.0,127564.0
2023-12-27 00:00:00+09:00,13005.0,13010.0,12975.0,13010.0,43924.0
2023-12-28 00:00:00+09:00,13085.0,13149.0,13085.0,13134.0,88472.0
2024-01-02 00:00:00+09:00,12945.0,13050.0,12945.0,13050.0,122499.0
2024-01-03 00:00:00+09:00,12950.0,12985.0,12940.0,12985.0,100055.0
2024-01-04 00:00:00+09:00,12841.0,12861.0,12816.0,12861.0,183476.0
2024-01-05 00:00:00+09:00,12846.0,12871.0,12836.0,12841.0,53583.0
2024-01-08 00:00:00+09:00,12836.0,12856.0,12736.0,12766.0,159755.0
2024-01-09 00:00:00+09:00,12756.0,12786.0,12756.0,12771.0,41548.0
2024-01-10 00:00:00+09:00,12776.0,12781.0,12726.0,12746.0,96062.0
2024-01-11 00:00:00+09:00,12741.0,12771.0,12592.0,12771.0,280637.0
2024-01-12 00:00:00+09:00,12781.0,12791.0,12746.0,12786.0,108657.0
2024-01-15 00:00:00+09:00,12856.0,12925.0,12841.0,12920.0,75109.0
2024-01-16 00:00:00+09:00,12886.0,12900.0,12851.0,12866.0,78878.0
2024-01-17 00:00:00+09:00,12731.0,12761.0,12657.0,12657.0,69113.0
2024-01-18 00:00:00+09:00,12597.0,12622.0,12577.0,12622.0,79797.0
2024-01-19 00:00:00+09:00,12682.0,12701.0,12667.0,12692.0,114622.0
2024-01-22 00:00:00+09:00,12711.0,12746.0,12667.0,12701.0,62136.0
2024-01-23 00:00:00+09:00,12662.0,12736.0,12657.0,12721.0,55280.0
2024-01-24 00:00:00+09:00,12726.0,12726.0,12682.0,12706.0,46308.0
2024-01-25 00:00:00+09:00,12627.0,12642.0,12617.0,12632.0,77289.0
2024-01-26 00:00:00+09:00,12652.0,12677.0,12647.0,12672.0,33671.0
2024-01-29 00:00:00+09:00,12667.0,12696.0,12647.0,12696.0,30132.0
2024-01-30 00:00:00+09:00,12726.0,12756.0,12711.0,12756.0,61881.0
2024-01-31 00:00:00+09:00,12756.0,12771.0,12731.0,12751.0,89546.0
2024-02-01 00:00:00+09:00,12776.0,12831.0,12766.0,12791.0,171400.0
2024-02-02 00:00:00+09:00,12856.0,12876.0,12841.0,12871.0,122820.0
2024-02-05 00:00:00+09:00,12781.0,12781.0,12692.0,12716.0,68315.0
2024-02-06 00:00:00+09:00,12687.0,12701.0,12662.0,12692.0,30566.0
2024-02-07 00:00:00+09:00,12731.0,12746.0,12721.0,12726.0,21557.0
2024-02-08 00:00:00+09:00,12751.0,12751.0,12701.0,12721.0,71668.0
2024-02-13 00:00:00+09:00,12647.0,12647.0,12602.0,12647.0,39108.0
2024-02-14 00:00:00+09:00,12478.0,12478.0,12438.0,12463.0,98013.0
2024-02-15 00:00:00+09:00,12463.0,12468.0,12433.0,12453.0,99095.0
2024-02-16 00:00:00+09:00,12512.0,12537.0,12507.0,12522.0,58660.0
2024-02-19 00:00:00+09:00,12562.0,12637.0,12562.0,12622.0,80837.0
2024-02-20 00:00:00+09:00,12612.0,12622.0,12587.0,12622.0,41798.0
2024-02-21 00:00:00+09:00,12642.0,12701.0,12632.0,12687.0,76988.0
2024-02-22 00:00:00+09:00,12657.0,12682.0,12642.0,12682.0,52338.0
2024-02-23 00:00:00+09:00,12637.0,12667.0,12617.0,12617.0,42141.0
2024-02-26 00:00:00+09:00,12682.0,12706.0,12677.0,12701.0,49919.0
2024-02-27 00:00:00+09:00,12696.0,12706.0,12682.0,12701.0,62143.0
2024-02-28 00:00:00+09:00,12682.0,12701.0,12667.0,12692.0,21773.0
2024-02-29 00:00:00+09:00,12687.0,12711.0,12687.0,12711.0,82669.0
2024-03-04 00:00:00+09:00,12985.0,13010.0,12721.0,12990.0,131221.0
2024-03-05 00:00:00+09:00,13194.0,13234.0,13174.0,13219.0,147359.0
2024-03-06 00:00:00+09:00,13279.0,13284.0,13259.0,13274.0,107443.0
2024-03-07 00:00:00+09:00,13398.0,13483.0,13378.0,13448.0,215433.0
2024-03-08 00:00:00+09:00,13483.0,13488.0,13433.0,13448.0,128338.0
2024-03-11 00:00:00+09:00,13607.0,13657.0,13577.0,13587.0,135178.0
2024-03-12 00:00:00+09:00,13612.0,13627.0,13562.0,13567.0,93634.0
2024-03-13 00:00:00+09:00,13463.0,13483.0,13448.0,13473.0,106039.0
2024-03-14 00:00:00+09:00,13532.0,13572.0,13502.0,13522.0,106962.0
2024-03-15 00:00:00+09:00,13468.0,13527.0,13463.0,13522.0,40920.0
2024-03-18 00:00:00+09:00,13453.0,13453.0,13373.0,13393.0,43993.0
2024-03-19 00:00:00+09:00,13478.0,13478.0,13423.0,13438.0,92794.0
2024-03-20 00:00:00+09:00,13443.0,13468.0,13433.0,13448.0,42649.0
2024-03-21 00:00:00+09:00,13721.0,13776.0,13657.0,13741.0,172364.0
2024-03-22 00:00:00+09:00,13597.0,13632.0,13537.0,13552.0,61446.0
2024-03-25 00:00:00+09:00,13507.0,13567.0,13483.0,13507.0,71235.0
2024-03-26 00:00:00+09:00,13537.0,13542.0,13502.0,13532.0,119026.0
2024-03-27 00:00:00+09:00,13552.0,13567.0,13522.0,13557.0,114526.0
2024-03-28 00:00:00+09:00,13622.0,13692.0,13602.0,13682.0,88618.0
2024-03-29 00:00:00+09:00,13776.0,13846.0,13682.0,13841.0,83467.0
2024-04-01 00:00:00+09:00,13866.0,14105.0,13866.0,14085.0,515335.0
2024-04-02 00:00:00+09:00,13995.0,14060.0,13985.0,14040.0,125014.0
2024-04-03 00:00:00+09:00,14179.0,14239.0,14169.0,14204.0,242315.0
2024-04-04 00:00:00+09:00,14294.0,14338.0,14279.0,14284.0,211777.0
2024-04-05 00:00:00+09:00,14229.0,14239.0,14105.0,14174.0,139847.0
2024-04-08 00:00:00+09:00,14363.0,14612.0,14318.0,14532.0,219225.0
2024-04-09 00:00:00+09:00,14547.0,14587.0,14527.0,14582.0,127909.0
2024-04-11 00:00:00+09:00,14517.0,14582.0,14483.0,14522.0,427775.0
2024-04-12 00:00:00+09:00,14751.0,14881.0,14741.0,14836.0,305487.0
2024-04-15 00:00:00+09:00,14721.0,14721.0,14607.0,14667.0,151935.0
2024-04-16 00:00:00+09:00,14791.0,14846.0,14786.0,14801.0,176977.0
2024-04-17 00:00:00+09:00,14831.0,14836.0,14761.0,14781.0,201186.0
2024-04-18 00:00:00+09:00,14731.0,14786.0,14692.0,14781.0,54051.0
2024-04-19 00:00:00+09:00,14781.0,15025.0,14746.0,14806.0,256984.0
2024-04-22 00:00:00+09:00,14806.0,14816.0,14662.0,14687.0,162829.0
2024-04-23 00:00:00+09:00,14478.0,14498.0,14259.0,14299.0,140636.0
2024-04-24 00:00:00+09:00,14428.0,14483.0,14229.0,14453.0,99262.0
2024-04-25 00:00:00+09:00,14403.0,14408.0,14313.0,14398.0,149632.0
2024-04-26 00:00:00+09:00,14468.0,14542.0,14448.0,14532.0,142291.0
2024-04-29 00:00:00+09:00,14512.0,14512.0,14413.0,14473.0,233650.0
2024-04-30 00:00:00+09:00,14478.0,14503.0,14398.0,14408.0,49218.0
2024-05-02 00:00:00+09:00,14408.0,14438.0,14338.0,14378.0,153250.0
2024-05-03 00:00:00+09:00,14313.0,14328.0,14269.0,14294.0,48515.0
2024-05-07 00:00:00+09:00,14299.0,14458.0,14299.0,14398.0,61654.0
2024-05-08 00:00:00+09:00,14373.0,14398.0,14308.0,14363.0,96929.0
2024-05-09 00:00:00+09:00,14323.0,14383.0,14299.0,14348.0,21808.0
2024-05-10 00:00:00+09:00,14532.0,14632.0,14522.0,14632.0,59253.0
2024-05-13 00:00:00+09:00,14632.0,14662.0,14567.0,14592.0,66934.0
2024-05-14 00:00:00+09:00,14498.0,14537.0,14473.0,14512.0,37107.0
2024-05-16 00:00:00+09:00,14796.0,14856.0,14791.0,14796.0,127385.0
2024-05-17 00:00:00+09:00,14741.0,14781.0,14707.0,14781.0,61386.0
2024-05-20 00:00:00+09:00,14990.0,15184.0,14970.0,15134.0,232170.0
2024-05-21 00:00:00+09:00,15040.0,15070.0,14901.0,14965.0,121665.0
2024-05-22 00:00:00+09:00,14995.0,15030.0,14940.0,14960.0,109024.0
2024-05-23 00:00:00+09:00,14751.0,14756.0,14582.0,14652.0,86463.0
2024-05-24 00:00:00+09:00,14418.0,14473.0,14388.0,14463.0,106742.0
2024-05-27 00:00:00+09:00,14463.0,14537.0,14458.0,14517.0,58274.0
2024-05-28 00:00:00+09:00,14707.0,14711.0,14503.0,14503.0,75312.0
2024-05-29 00:00:00+09:00,14597.0,14617.0,14572.0,14572.0,45928.0
2024-05-30 00:00:00+09:00,14453.0,14483.0,14363.0,14408.0,85777.0
2024-05-31 00:00:00+09:00,14483.0,14517.0,14453.0,14493.0,59153.0
2024-06-03 00:00:00+09:00,14378.0,14423.0,14323.0,14323.0,143459.0
2024-06-04 00:00:00+09:00,14403.0,14547.0,14403.0,14527.0,179482.0
2024-06-05 00:00:00+09:00,14408.0,14478.0,14373.0,14418.0,76882.0
2024-06-07 00:00:00+09:00,14677.0,14751.0,14642.0,14672.0,148727.0
2024-06-10 00:00:00+09:00,14199.0,14209.0,14159.0,14159.0,156108.0
2024-06-11 00:00:00+09:00,14244.0,14274.0,14179.0,14224.0,77284.0
2024-06-12 00:00:00+09:00,14313.0,14313.0,14279.0,14308.0,71266.0
2024-06-13 00:00:00+09:00,14313.0,14343.0,14254.0,14289.0,84495.0
2024-06-14 00:00:00+09:00,14194.0,14269.0,14194.0,14269.0,48078.0
2024-06-17 00:00:00+09:00,14358.0,14383.0,14299.0,14323.0,63714.0
2024-06-18 00:00:00+09:00,14348.0,14363.0,14323.0,14333.0,108702.0
2024-06-19 00:00:00+09:00,14413.0,14413.0,14363.0,14383.0,81525.0
2024-06-20 00:00:00+09:00,14378.0,14473.0,14363.0,14473.0,70926.0
2024-06-21 00:00:00+09:00,14577.0,14597.0,14547.0,14577.0,47925.0
2024-06-24 00:00:00+09:00,14318.0,14363.0,14304.0,14348.0,95127.0
2024-06-25 00:00:00+09:00,14378.0,14388.0,14333.0,14353.0,81228.0
2024-06-26 00:00:00+09:00,14323.0,14333.0,14249.0,14274.0,168795.0
2024-06-27 00:00:00+09:00,14164.0,14194.0,14159.0,14194.0,31956.0
2024-06-28 00:00:00+09:00,14338.0,14353.0,14294.0,14353.0,60249.0
2024-07-01 00:00:00+09:00,14323.0,14363.0,14299.0,14348.0,107875.0
2024-07-02 00:00:00+09:00,14383.0,14383.0,14328.0,14358.0,90909.0
2024-07-03 00:00:00+09:00,14373.0,14398.0,14343.0,14393.0,81102.0
2024-07-04 00:00:00+09:00,14527.0,14562.0,14512.0,14512.0,107777.0
2024-07-05 00:00:00+09:00,14512.0,14582.0,14512.0,14567.0,182142.0
2024-07-08 00:00:00+09:00,14692.0,14731.0,14587.0,14677.0,200469.0
2024-07-09 00:00:00+09:00,14542.0,14597.0,14542.0,14577.0,113630.0
2024-07-10 00:00:00+09:00,14572.0,14607.0,14562.0,14607.0,143953.0
2024-07-11 00:00:00+09:00,14612.0,14682.0,14607.0,14662.0,183518.0
2024-07-12 00:00:00+09:00,14866.0,14871.0,14806.0,14811.0,93755.0
2024-07-15 00:00:00+09:00,14811.0,14861.0,14801.0,14801.0,108649.0
2024-07-16 00:00:00+09:00,14901.0,14980.0,14891.0,14960.0,199664.0
2024-07-17 00:00:00+09:00,15179.0,15274.0,15149.0,15154.0,621928.0
2024-07-18 00:00:00+09:00,15164.0,15209.0,15134.0,15209.0,144386.0
2024-07-19 00:00:00+09:00,15065.0,15075.0,14866.0,14881.0,316711.0
2024-07-22 00:00:00+09:00,14836.0,14841.0,14756.0,14781.0,80531.0
2024-07-23 00:00:00+09:00,14751.0,14791.0,14697.0,14697.0,98989.0
2024-07-24 00:00:00+09:00,14801.0,14876.0,14796.0,14861.0,99100.0
2024-07-25 00:00:00+09:00,14736.0,14756.0,14542.0,14592.0,170887.0
2024-07-26 00:00:00+09:00,14517.0,14612.0,14473.0,14547.0,112359.0
2024-07-29 00:00:00+09:00,14726.0,14761.0,14687.0,14707.0,126094.0
2024-07-30 00:00:00+09:00,14687.0,14687.0,14607.0,14682.0,79241.0
2024-07-31 00:00:00+09:00,14791.0,14891.0,14766.0,14891.0,135131.0
2024-08-01 00:00:00+09:00,15015.0,15085.0,14960.0,15020.0,194824.0
2024-08-02 00:00:00+09:00,15030.0,15159.0,14955.0,15144.0,147297.0
2024-08-05 00:00:00+09:00,14985.0,15085.0,14811.0,14891.0,369555.0
2024-08-06 00:00:00+09:00,14751.0,14851.0,14697.0,14766.0,151771.0
2024-08-07 00:00:00+09:00,14627.0,14697.0,14592.0,14697.0,69494.0
2024-08-08 00:00:00+09:00,14612.0,14697.0,14612.0,14697.0,36106.0
2024-08-09 00:00:00+09:00,14846.0,14891.0,14816.0,14831.0,232378.0
2024-08-12 00:00:00+09:00,14881.0,14930.0,14856.0,14925.0,112796.0
2024-08-13 00:00:00+09:00,15169.0,15179.0,15075.0,15100.0,181837.0
2024-08-14 00:00:00+09:00,15100.0,15154.0,15055.0,15114.0,159434.0
2024-08-16 00:00:00+09:00,15060.0,15070.0,15010.0,15055.0,102593.0
2024-08-19 00:00:00+09:00,15169.0,15363.0,15169.0,15343.0,116136.0
2024-08-20 00:00:00+09:00,15338.0,15368.0,15299.0,15343.0,216480.0
2024-08-21 00:00:00+09:00,15383.0,15438.0,15378.0,15433.0,141177.0
2024-08-22 00:00:00+09:00,15393.0,15398.0,15304.0,15363.0,125246.0
2024-08-23 00:00:00+09:00,15224.0,15269.0,15214.0,15269.0,102875.0
2024-08-26 00:00:00+09:00,15393.0,15403.0,15353.0,15383.0,112318.0
2024-08-27 00:00:00+09:00,15388.0,15413.0,15333.0,15413.0,93074.0
2024-08-28 00:00:00+09:00,15443.0,15453.0,15318.0,15353.0,203078.0
2024-08-29 00:00:00+09:00,15343.0,15423.0,15338.0,15423.0,93367.0
2024-08-30 00:00:00+09:00,15408.0,15413.0,15363.0,15413.0,46790.0
2024-09-02 00:00:00+09:00,15408.0,15408.0,15224.0,15294.0,104611.0
2024-09-03 00:00:00+09:00,15294.0,15294.0,15229.0,15279.0,53571.0
2024-09-04 00:00:00+09:00,15254.0,15269.0,15229.0,15229.0,48415.0
2024-09-05 00:00:00+09:00,15259.0,15318.0,15239.0,15318.0,68719.0
2024-09-06 00:00:00+09:00,15368.0,15408.0,15358.0,15403.0,50673.0
2024-09-09 00:00:00+09:00,15259.0,15274.0,15194.0,15194.0,55707.0
2024-09-10 00:00:00+09:00,15304.0,15314.0,15269.0,15304.0,93889.0
2024-09-11 00:00:00+09:00,15378.0,15438.0,15363.0,15433.0,72394.0
2024-09-12 00:00:00+09:00,15348.0,15403.0,15328.0,15398.0,53494.0
2024-09-13 00:00:00+09:00,15617.0,15702.0,15607.0,15672.0,142228.0
2024-09-19 00:00:00+09:00,15617.0,15721.0,15562.0,15717.0,100223.0
2024-09-20 00:00:00+09:00,15756.0,15856.0,15756.0,15856.0,83766.0
2024-09-23 00:00:00+09:00,15960.0,16045.0,15955.0,16025.0,133217.0
2024-09-24 00:00:00+09:00,16005.0,16110.0,16005.0,16040.0,102231.0
2024-09-25 00:00:00+09:00,16199.0,16274.0,16184.0,16204.0,172084.0
2024-09-26 00:00:00+09:00,16209.0,16244.0,16194.0,16229.0,108591.0
2024-09-27 00:00:00+09:00,16269.0,16299.0,16219.0,16259.0,79869.0
2024-09-30 00:00:00+09:00,16244.0,16254.0,16139.0,16209.0,93593.0
2024-10-02 00:00:00+09:00,16214.0,16224.0,16120.0,16144.0,93120.0
2024-10-04 00:00:00+09:00,16164.0,16254.0,16164.0,16234.0,210837.0
2024-10-07 00:00:00+09:00,16149.0,16154.0,16085.0,16085.0,112547.0
2024-10-08 00:00:00+09:00,16090.0,16129.0,16040.0,16090.0,126310.0
2024-10-10 00:00:00+09:00,15886.0,15935.0,15856.0,15935.0,127189.0
2024-10-11 00:00:00+09:00,16025.0,16110.0,16020.0,16095.0,106511.0
2024-10-14 00:00:00+09:00,16110.0,16219.0,16085.0,16219.0,126594.0
2024-10-15 00:00:00+09:00,16129.0,16144.0,16060.0,16105.0,107311.0
2024-10-16 00:00:00+09:00,16184.0,16289.0,16174.0,16289.0,108939.0
2024-10-17 00:00:00+09:00,16279.0,16333.0,16269.0,16333.0,119688.0
2024-10-18 00:00:00+09:00,16383.0,16518.0,16383.0,16458.0,116088.0
2024-10-21 00:00:00+09:00,16562.0,16627.0,16557.0,16602.0,131467.0
2024-10-22 00:00:00+09:00,16562.0,16652.0,16552.0,16647.0,103580.0
2024-10-23 00:00:00+09:00,16712.0,16746.0,16657.0,16741.0,120191.0
2024-10-24 00:00:00+09:00,16547.0,16627.0,16532.0,16627.0,97236.0
2024-10-25 00:00:00+09:00,16622.0,16632.0,16562.0,16592.0,60565.0
2024-10-28 00:00:00+09:00,16622.0,16682.0,16562.0,16677.0,103548.0
2024-10-29 00:00:00+09:00,16677.0,16776.0,16677.0,16741.0,89209.0
2024-10-30 00:00:00+09:00,16861.0,16945.0,16861.0,16945.0,104625.0
2024-10-31 00:00:00+09:00,16940.0,16970.0,16916.0,16935.0,88899.0
2024-11-01 00:00:00+09:00,16687.0,16746.0,16672.0,16717.0,156445.0
2024-11-04 00:00:00+09:00,16647.0,16667.0,16622.0,16647.0,110558.0
2024-11-05 00:00:00+09:00,16617.0,16622.0,16552.0,16607.0,81885.0
2024-11-06 00:00:00+09:00,16647.0,16712.0,16597.0,16597.0,120526.0
2024-11-07 00:00:00+09:00,16174.0,16174.0,16045.0,16129.0,214951.0
2024-11-08 00:00:00+09:00,16418.0,16448.0,16314.0,16319.0,112004.0
2024-11-11 00:00:00+09:00,16314.0,16314.0,16189.0,16229.0,145984.0
2024-11-12 00:00:00+09:00,15925.0,15940.0,15801.0,15836.0,141624.0
2024-11-13 00:00:00+09:00,15766.0,15856.0,15761.0,15816.0,170986.0
2024-11-14 00:00:00+09:00,15607.0,15607.0,15463.0,15498.0,166138.0
2024-11-15 00:00:00+09:00,15557.0,15597.0,15498.0,15517.0,87236.0
2024-11-18 00:00:00+09:00,15592.0,15756.0,15592.0,15697.0,157576.0
2024-11-19 00:00:00+09:00,15836.0,15925.0,15836.0,15911.0,130736.0
2024-11-20 00:00:00+09:00,15965.0,16020.0,15945.0,15960.0,131745.0
2024-11-21 00:00:00+09:00,16085.0,16134.0,16070.0,16134.0,104674.0
2024-11-22 00:00:00+09:00,16169.0,16319.0,16164.0,16284.0,94874.0
2024-11-25 00:00:00+09:00,16478.0,16488.0,16105.0,16169.0,250128.0
2024-11-26 00:00:00+09:00,15816.0,15950.0,15806.0,15896.0,91823.0
2024-11-27 00:00:00+09:00,15955.0,16035.0,15925.0,16035.0,89466.0
2024-11-28 00:00:00+09:00,15975.0,16269.0,15891.0,15975.0,132908.0
2024-11-29 00:00:00+09:00,15995.0,16164.0,15955.0,16149.0,138757.0
2024-12-02 00:00:00+09:00,16040.0,16040.0,15886.0,15906.0,165817.0
2024-12-03 00:00:00+09:00,15995.0,16055.0,15955.0,16055.0,64877.0
2024-12-04 00:00:00+09:00,16020.0,16060.0,15975.0,16055.0,63308.0
2024-12-05 00:00:00+09:00,16060.0,16100.0,16030.0,16065.0,52103.0
2024-12-06 00:00:00+09:00,15970.0,16015.0,15836.0,16000.0,152259.0
2024-12-09 00:00:00+09:00,15990.0,16060.0,15925.0,16000.0,135064.0
2024-12-10 00:00:00+09:00,16110.0,16199.0,16105.0,16174.0,171925.0
2024-12-11 00:00:00+09:00,16353.0,16463.0,16348.0,16413.0,249957.0
2024-12-12 00:00:00+09:00,16552.0,16592.0,16488.0,16523.0,184298.0
2024-12-13 00:00:00+09:00,16259.0,16323.0,16234.0,16264.0,60788.0
2024-12-16 00:00:00+09:00,16045.0,16075.0,15995.0,16075.0,55498.0
2024-12-17 00:00:00+09:00,16045.0,16080.0,16025.0,16025.0,52115.0
2024-12-18 00:00:00+09:00,16010.0,16030.0,15980.0,16010.0,61098.0
2024-12-19 00:00:00+09:00,15657.0,15816.0,15632.0,15766.0,87081.0
2024-12-20 00:00:00+09:00,15667.0,15717.0,15632.0,15717.0,73314.0
2024-12-23 00:00:00+09:00,15871.0,15901.0,15841.0,15891.0,64731.0
2024-12-24 00:00:00+09:00,15816.0,15841.0,15796.0,15826.0,57842.0
2024-12-26 00:00:00+09:00,15836.0,15911.0,15836.0,15886.0,65416.0
2024-12-27 00:00:00+09:00,15935.0,15955.0,15911.0,15935.0,60296.0
2024-12-30 00:00:00+09:00,15891.0,15891.0,15836.0,15836.0,72642.0
2025-01-02 00:00:00+09:00,15866.0,15930.0,15866.0,15920.0,99822.0
2025-01-03 00:00:00+09:00,16055.0,16124.0,16055.0,16080.0,119245.0
2025-01-06 00:00:00+09:00,15970.0,16020.0,15906.0,15906.0,149975.0
2025-01-07 00:00:00+09:00,15911.0,15995.0,15901.0,15995.0,108484.0
2025-01-08 00:00:00+09:00,16020.0,16050.0,16000.0,16050.0,90140.0
2025-01-09 00:00:00+09:00,16115.0,16129.0,16095.0,16115.0,69622.0
2025-01-10 00:00:00+09:00,16204.0,16264.0,16199.0,16264.0,77851.0
2025-01-13 00:00:00+09:00,16358.0,16393.0,16304.0,16343.0,100913.0
2025-01-14 00:00:00+09:00,16184.0,16189.0,16149.0,16159.0,90690.0
2025-01-15 00:00:00+09:00,16199.0,16229.0,16169.0,16229.0,107821.0
2025-01-16 00:00:00+09:00,16383.0,16438.0,16363.0,16388.0,115827.0
2025-01-17 00:00:00+09:00,16438.0,16523.0,16438.0,16493.0,59194.0
2025-01-20 00:00:00+09:00,16468.0,16557.0,16438.0,16557.0,82272.0
2025-01-21 00:00:00+09:00,16428.0,16547.0,16368.0,16547.0,79168.0
2025-01-22 00:00:00+09:00,16572.0,16662.0,16572.0,16627.0,148788.0
2025-01-23 00:00:00+09:00,16627.0,16642.0,16597.0,16627.0,72404.0
2025-01-24 00:00:00+09:00,16627.0,16761.0,16617.0,16756.0,83417.0
2025-01-31 00:00:00+09:00,17020.0,17045.0,16955.0,16985.0,185432.0
2025-02-03 00:00:00+09:00,16906.0,16930.0,16712.0,16806.0,265215.0
2025-02-04 00:00:00+09:00,16990.0,17055.0,16955.0,16965.0,110727.0
2025-02-05 00:00:00+09:00,17129.0,17234.0,17125.0,17234.0,189825.0
2025-02-06 00:00:00+09:00,17214.0,17249.0,17204.0,17234.0,146224.0
2025-02-07 00:00:00+09:00,17199.0,17249.0,17184.0,17219.0,106639.0
2025-02-10 00:00:00+09:00,17259.0,17378.0,17249.0,17378.0,188354.0
2025-02-11 00:00:00+09:00,17567.0,17712.0,17518.0,17592.0,604536.0
2025-02-12 00:00:00+09:00,17468.0,17473.0,17348.0,17408.0,393952.0
2025-02-13 00:00:00+09:00,17478.0,17602.0,17468.0,17557.0,240901.0
2025-02-14 00:00:00+09:00,17647.0,17702.0,17622.0,17702.0,394134.0
2025-02-17 00:00:00+09:00,17274.0,17423.0,17264.0,17338.0,265689.0
2025-02-18 00:00:00+09:00,17373.0,17488.0,17343.0,17478.0,192408.0
2025-02-19 00:00:00+09:00,17612.0,17662.0,17572.0,17622.0,309709.0
2025-02-20 00:00:00+09:00,17617.0,17687.0,17617.0,17672.0,227204.0
2025-02-21 00:00:00+09:00,17672.0,17702.0,17552.0,17582.0,395076.0
2025-02-24 00:00:00+09:00,17597.0,17657.0,17532.0,17642.0,336201.0
2025-02-25 00:00:00+09:00,17697.0,17722.0,17617.0,17622.0,151767.0
2025-02-26 00:00:00+09:00,17498.0,17562.0,17453.0,17463.0,161601.0
2025-02-27 00:00:00+09:00,17508.0,17518.0,17333.0,17368.0,175494.0
2025-02-28 00:00:00+09:00,17229.0,17289.0,17125.0,17194.0,296333.0
2025-03-04 00:00:00+09:00,17304.0,17338.0,17264.0,17314.0,302532.0
2025-03-05 00:00:00+09:00,17453.0,17508.0,17393.0,17493.0,243481.0
2025-03-06 00:00:00+09:00,17473.0,17532.0,17458.0,17503.0,118279.0
2025-03-07 00:00:00+09:00,17413.0,17438.0,17348.0,17423.0,443763.0
2025-03-10 00:00:00+09:00,17448.0,17473.0,17393.0,17423.0,188223.0
2025-03-11 00:00:00+09:00,17249.0,17338.0,17224.0,17324.0,226694.0
2025-03-12 00:00:00+09:00,17443.0,17468.0,17418.0,17453.0,140165.0
2025-03-13 00:00:00+09:00,17582.0,17657.0,17582.0,17612.0,150600.0
2025-03-14 00:00:00+09:00,17891.0,17945.0,17881.0,17891.0,496919.0
2025-03-17 00:00:00+09:00,17891.0,17916.0,17861.0,17896.0,131867.0
2025-03-18 00:00:00+09:00,17955.0,18060.0,17955.0,18025.0,177526.0
2025-03-19 00:00:00+09:00,18130.0,18229.0,18125.0,18194.0,152663.0
2025-03-20 00:00:00+09:00,18264.0,18299.0,18229.0,18254.0,209017.0
2025-03-21 00:00:00+09:00,18234.0,18244.0,18090.0,18139.0,171784.0
2025-03-24 00:00:00+09:00,18100.0,18105.0,18035.0,18085.0,182768.0
2025-03-25 00:00:00+09:00,18005.0,18070.0,17990.0,18060.0,259243.0
2025-03-26 00:00:00+09:00,18075.0,18100.0,18025.0,18080.0,99130.0
2025-03-27 00:00:00+09:00,18075.0,18184.0,18070.0,18144.0,134746.0
2025-03-28 00:00:00+09:00,18334.0,18478.0,18329.0,18478.0,232492.0
2025-03-31 00:00:00+09:00,18493.0,18687.0,18423.0,18657.0,418283.0
2025-04-01 00:00:00+09:00,18672.0,18801.0,18672.0,18727.0,477171.0
2025-04-02 00:00:00+09:00,18637.0,18727.0,18587.0,18632.0,317905.0
2025-04-03 00:00:00+09:00,18871.0,18886.0,18607.0,18607.0,426081.0
2025-04-04 00:00:00+09:00,18547.0,18572.0,18403.0,18478.0,230359.0
2025-04-07 00:00:00+09:00,17886.0,18259.0,17692.0,17985.0,769230.0
2025-04-08 00:00:00+09:00,17766.0,17950.0,17741.0,17950.0,185624.0
2025-04-09 00:00:00+09:00,17717.0,18045.0,17702.0,18045.0,206496.0
2025-04-10 00:00:00+09:00,18363.0,18657.0,18338.0,18597.0,344271.0
2025-04-11 00:00:00+09:00,19005.0,19199.0,18985.0,19080.0,605616.0
2025-04-14 00:00:00+09:00,19174.0,19299.0,19130.0,19249.0,237590.0
2025-04-15 00:00:00+09:00,19110.0,19224.0,19080.0,19189.0,169674.0
2025-04-16 00:00:00+09:00,19348.0,19582.0,19348.0,19582.0,274854.0
2025-04-17 00:00:00+09:00,19891.0,19941.0,19722.0,19806.0,438549.0
2025-04-18 00:00:00+09:00,19712.0,19881.0,19677.0,19851.0,254495.0
2025-04-21 00:00:00+09:00,19911.0,20135.0,19901.0,20135.0,357214.0
2025-04-22 00:00:00+09:00,20413.0,20771.0,20269.0,20707.0,489338.0
2025-04-23 00:00:00+09:00,19781.0,20095.0,19632.0,19727.0,657367.0
2025-04-24 00:00:00+09:00,19682.0,19965.0,19657.0,19702.0,436124.0
2025-04-25 00:00:00+09:00,19861.0,19960.0,19508.0,19562.0,448091.0
2025-04-28 00:00:00+09:00,19587.0,19682.0,19403.0,19533.0,244946.0
2025-04-29 00:00:00+09:00,19806.0,19821.0,19622.0,19732.0,207979.0
2025-04-30 00:00:00+09:00,19702.0,19761.0,19602.0,19627.0,170249.0
2025-05-02 00:00:00+09:00,19229.0,19348.0,19149.0,19348.0,436868.0
2025-05-07 00:00:00+09:00,20174.0,20179.0,19941.0,20140.0,356891.0
2025-05-08 00:00:00+09:00,20030.0,20254.0,19776.0,19811.0,384122.0
2025-05-09 00:00:00+09:00,19637.0,19732.0,19388.0,19682.0,294301.0
2025-05-12 00:00:00+09:00,19483.0,19503.0,19314.0,19423.0,420007.0
2025-05-13 00:00:00+09:00,19189.0,19309.0,19055.0,19294.0,206006.0
2025-05-14 00:00:00+09:00,19279.0,19279.0,19080.0,19125.0,291666.0
2025-05-15 00:00:00+09:00,18871.0,18906.0,18483.0,18602.0,381594.0
2025-05-16 00:00:00+09:00,19154.0,19204.0,18980.0,19080.0,269436.0
2025-05-19 00:00:00+09:00,19149.0,19239.0,18985.0,19120.0,284505.0
2025-05-20 00:00:00+09:00,19065.0,19140.0,18975.0,19045.0,221662.0
2025-05-21 00:00:00+09:00,19468.0,19642.0,19443.0,19637.0,209380.0
2025-05-22 00:00:00+09:00,19652.0,19806.0,19652.0,19732.0,213615.0
2025-05-23 00:00:00+09:00,19518.0,19707.0,19448.0,19687.0,135514.0
2025-05-26 00:00:00+09:00,19761.0,19851.0,19687.0,19761.0,144663.0
2025-05-27 00:00:00+09:00,19766.0,19806.0,19602.0,19632.0,133175.0
2025-05-28 00:00:00+09:00,19562.0,19602.0,19453.0,19533.0,784401.0
2025-05-29 00:00:00+09:00,19244.0,19373.0,19174.0,19344.0,273418.0
2025-05-30 00:00:00+09:00,19572.0,19617.0,19433.0,19433.0,197800.0
2025-06-02 00:00:00+09:00,19547.0,19732.0,19503.0,19732.0,143280.0
2025-06-04 00:00:00+09:00,19846.0,19926.0,19776.0,19821.0,147578.0
2025-06-05 00:00:00+09:00,19941.0,19995.0,19841.0,19886.0,194009.0
2025-06-09 00:00:00+09:00,19602.0,19602.0,19438.0,19592.0,153288.0
2025-06-10 00:00:00+09:00,19622.0,19642.0,19493.0,19622.0,258125.0
2025-06-11 00:00:00+09:00,19632.0,19732.0,19622.0,19687.0,178882.0
2025-06-12 00:00:00+09:00,19866.0,19946.0,19841.0,19911.0,252642.0
2025-06-13 00:00:00+09:00,20050.0,20358.0,20035.0,20244.0,554238.0
2025-06-16 00:00:00+09:00,20319.0,20383.0,20154.0,20159.0,360136.0
2025-06-17 00:00:00+09:00,20075.0,20090.0,19906.0,20000.0,234829.0
2025-06-18 00:00:00+09:00,19965.0,20050.0,19886.0,19975.0,141379.0
2025-06-19 00:00:00+09:00,19901.0,19970.0,19751.0,19751.0,183652.0
2025-06-20 00:00:00+09:00,19841.0,19856.0,19702.0,19712.0,178566.0
2025-06-23 00:00:00+09:00,19896.0,19896.0,19717.0,19791.0,238820.0
2025-06-24 00:00:00+09:00,19727.0,19786.0,19582.0,19602.0,299600.0
2025-06-25 00:00:00+09:00,19582.0,19662.0,19577.0,19632.0,142284.0
2025-06-26 00:00:00+09:00,19672.0,19717.0,19627.0,19667.0,94749.0
2025-06-27 00:00:00+09:00,19557.0,19582.0,19393.0,19428.0,230375.0
2025-06-30 00:00:00+09:00,19239.0,19393.0,19209.0,19388.0,136253.0
2025-07-01 00:00:00+09:00,19513.0,19642.0,19503.0,19617.0,168126.0
2025-07-02 00:00:00+09:00,19657.0,19707.0,19617.0,19662.0,184341.0
2025-07-03 00:00:00+09:00,19722.0,19816.0,19692.0,19801.0,122332.0
2025-07-04 00:00:00+09:00,19632.0,19702.0,19587.0,19702.0,141312.0
2025-07-07 00:00:00+09:00,19617.0,19617.0,19463.0,19513.0,124389.0
2025-07-08 00:00:00+09:00,19632.0,19662.0,19607.0,19637.0,111005.0
2025-07-09 00:00:00+09:00,19458.0,19488.0,19348.0,19363.0,154697.0
2025-07-10 00:00:00+09:00,19518.0,19582.0,19513.0,19577.0,228331.0
2025-07-11 00:00:00+09:00,19577.0,19712.0,19577.0,19712.0,141675.0
2025-07-14 00:00:00+09:00,19866.0,19906.0,19786.0,19826.0,145942.0
2025-07-15 00:00:00+09:00,19712.0,19826.0,19697.0,19801.0,100729.0
2025-07-16 00:00:00+09:00,19617.0,19672.0,19572.0,19672.0,93892.0
2025-07-17 00:00:00+09:00,19692.0,19702.0,19607.0,19607.0,147601.0
2025-07-18 00:00:00+09:00,19647.0,19682.0,19607.0,19657.0,72217.0
2025-07-21 00:00:00+09:00,19712.0,19856.0,19702.0,19856.0,124587.0
2025-07-22 00:00:00+09:00,20030.0,20040.0,19960.0,19975.0,159434.0
2025-07-23 00:00:00+09:00,20209.0,20284.0,20154.0,20199.0,226627.0
2025-07-24 00:00:00+09:00,19975.0,19980.0,19856.0,19856.0,112333.0
2025-07-25 00:00:00+09:00,19816.0,19841.0,19722.0,19747.0,94563.0
2025-07-28 00:00:00+09:00,19602.0,19672.0,19567.0,19637.0,175227.0
2025-07-29 00:00:00+09:00,19468.0,19518.0,19438.0,19518.0,137913.0
2025-07-30 00:00:00+09:00,19547.0,19587.0,19518.0,19533.0,97278.0
2025-07-31 00:00:00+09:00,19289.0,19388.0,19274.0,19383.0,155499.0
2025-08-01 00:00:00+09:00,19294.0,19353.0,19244.0,19319.0,196308.0
2025-08-04 00:00:00+09:00,19727.0,19737.0,19637.0,19697.0,178738.0
2025-08-05 00:00:00+09:00,19831.0,19871.0,19786.0,19796.0,135754.0
2025-08-06 00:00:00+09:00,19866.0,19886.0,19806.0,19861.0,166055.0
2025-08-07 00:00:00+09:00,19861.0,19955.0,19846.0,19955.0,110468.0
2025-08-08 00:00:00+09:00,20199.0,20314.0,20115.0,20209.0,323668.0
2025-08-11 00:00:00+09:00,19985.0,19985.0,19821.0,19821.0,196707.0
2025-08-12 00:00:00+09:00,19647.0,19707.0,19612.0,19622.0,191619.0
2025-08-13 00:00:00+09:00,19657.0,19702.0,19617.0,19697.0,97556.0
2025-08-14 00:00:00+09:00,19737.0,19811.0,19692.0,19717.0,120855.0
2025-08-18 00:00:00+09:00,19503.0,19697.0,19493.0,19647.0,156549.0
2025-08-19 00:00:00+09:00,19533.0,19592.0,19508.0,19562.0,83935.0
2025-08-20 00:00:00+09:00,19428.0,19493.0,19403.0,19478.0,131561.0
2025-08-21 00:00:00+09:00,19592.0,19607.0,19543.0,19543.0,76827.0
2025-08-22 00:00:00+09:00,19557.0,19577.0,19498.0,19503.0,72506.0
2025-08-25 00:00:00+09:00,19747.0,19761.0,19702.0,19751.0,108481.0
2025-08-26 00:00:00+09:00,19657.0,19871.0,19647.0,19791.0,117995.0
2025-08-27 00:00:00+09:00,19891.0,19911.0,19811.0,19846.0,82883.0
2025-08-28 00:00:00+09:00,19960.0,19980.0,19911.0,19960.0,143140.0
2025-08-29 00:00:00+09:00,20095.0,20125.0,20055.0,20080.0,168258.0
2025-09-01 00:00:00+09:00,20289.0,20557.0,20279.0,20557.0,486574.0
2025-09-02 00:00:00+09:00,20557.0,20697.0,20528.0,20582.0,242468.0
2025-09-03 00:00:00+09:00,20791.0,20921.0,20781.0,20831.0,219966.0
2025-09-04 00:00:00+09:00,20921.0,20960.0,20682.0,20796.0,217850.0
2025-09-05 00:00:00+09:00,20896.0,20941.0,20861.0,20886.0,187070.0
2025-09-08 00:00:00+09:00,21010.0,21050.0,20965.0,21050.0,258239.0
2025-09-09 00:00:00+09:00,21259.0,21413.0,21254.0,21299.0,427456.0
2025-09-10 00:00:00+09:00,21259.0,21344.0,21174.0,21329.0,254194.0
2025-09-11 00:00:00+09:00,21314.0,21344.0,21189.0,21259.0,243809.0
2025-09-12 00:00:00+09:00,21249.0,21393.0,21234.0,21368.0,138568.0
2025-09-15 00:00:00+09:00,21274.0,21334.0,21209.0,21314.0,251739.0
2025-09-16 00:00:00+09:00,21508.0,21587.0,21493.0,21558.0,422713.0
2025-09-17 00:00:00+09:00,21602.0,21622.0,21493.0,21508.0,227136.0
2025-09-18 00:00:00+09:00,21443.0,21448.0,21239.0,21274.0,211111.0
2025-09-19 00:00:00+09:00,21259.0,21388.0,21214.0,21329.0,201057.0
2025-09-22 00:00:00+09:00,21538.0,21662.0,21533.0,21662.0,254701.0
2025-09-23 00:00:00+09:00,21906.0,21985.0,21856.0,21951.0,327323.0
2025-09-24 00:00:00+09:00,21970.0,22065.0,21911.0,22045.0,238853.0
2025-09-25 00:00:00+09:00,21856.0,21896.0,21771.0,21871.0,310312.0
2025-09-26 00:00:00+09:00,21866.0,21901.0,21796.0,21901.0,326422.0
2025-09-29 00:00:00+09:00,21975.0,22279.0,21965.0,22254.0,412353.0
2025-09-30 00:00:00+09:00,22339.0,22572.0,22334.0,22568.0,406372.0
2025-10-01 00:00:00+09:00,22533.0,22607.0,22488.0,22528.0,542678.0
2025-10-02 00:00:00+09:00,22513.0,22592.0,22458.0,22592.0,657692.0
2025-10-10 00:00:00+09:00,23174.0,23224.0,22941.0,23090.0,616859.0
2025-10-13 00:00:00+09:00,23473.0,23742.0,23433.0,23697.0,730790.0
2025-10-14 00:00:00+09:00,24050.0,24289.0,23881.0,23946.0,1079457.0
2025-10-15 00:00:00+09:00,24209.0,24403.0,24180.0,24398.0,685609.0
2025-10-16 00:00:00+09:00,24488.0,24667.0,24438.0,24583.0,796133.0
2025-10-17 00:00:00+09:00,25403.0,25463.0,24881.0,25384.0,1334939.0
2025-10-20 00:00:00+09:00,24642.0,24836.0,24528.0,24592.0,1216830.0
2025-10-21 00:00:00+09:00,25359.0,25448.0,25120.0,25170.0,517444.0
2025-10-22 00:00:00+09:00,23811.0,24135.0,23324.0,24125.0,1653644.0
2025-10-23 00:00:00+09:00,23791.0,24060.0,23652.0,23995.0,1709713.0
2025-10-24 00:00:00+09:00,23980.0,24115.0,23757.0,23806.0,1720749.0
2025-10-27 00:00:00+09:00,23662.0,23831.0,23563.0,23742.0,1177417.0
2025-10-28 00:00:00+09:00,23244.0,23374.0,22980.0,22980.0,958979.0
2025-10-29 00:00:00+09:00,23055.0,23155.0,22941.0,23085.0,586747.0
2025-10-30 00:00:00+09:00,22971.0,23155.0,22762.0,23065.0,860481.0
2025-10-31 00:00:00+09:00,23433.0,23458.0,23174.0,23309.0,500882.0
2025-11-03 00:00:00+09:00,23135.0,23359.0,23030.0,23359.0,360858.0
2025-11-04 00:00:00+09:00,23249.0,23264.0,23055.0,23115.0,282973.0
2025-11-05 00:00:00+09:00,22851.0,23110.0,22826.0,23055.0,509462.0
2025-11-06 00:00:00+09:00,23065.0,23184.0,23035.0,23165.0,153202.0
2025-11-07 00:00:00+09:00,23165.0,23249.0,23140.0,23209.0,148625.0
2025-11-10 00:00:00+09:00,23294.0,23662.0,23294.0,23662.0,220574.0
2025-11-11 00:00:00+09:00,23906.0,24085.0,23901.0,24030.0,266093.0
2025-11-12 00:00:00+09:00,24055.0,24080.0,23796.0,23901.0,226399.0
2025-11-13 00:00:00+09:00,24413.0,24498.0,24269.0,24483.0,359660.0
2025-11-14 00:00:00+09:00,24279.0,24433.0,24209.0,24249.0,314744.0
2025-11-17 00:00:00+09:00,23767.0,23796.0,23488.0,23563.0,278755.0
2025-11-18 00:00:00+09:00,23418.0,23463.0,23229.0,23289.0,941762.0
2025-11-19 00:00:00+09:00,23612.0,23767.0,23523.0,23737.0,153985.0
2025-11-20 00:00:00+09:00,23816.0,23836.0,23418.0,23573.0,212393.0
2025-11-21 00:00:00+09:00,23662.0,23672.0,23388.0,23388.0,164236.0
2025-11-24 00:00:00+09:00,23632.0,23647.0,23433.0,23518.0,91675.0
2025-11-25 00:00:00+09:00,24010.0,24100.0,23921.0,24025.0,215136.0
2025-11-26 00:00:00+09:00,24000.0,24204.0,23980.0,24140.0,136520.0
2025-11-27 00:00:00+09:00,24150.0,24150.0,24015.0,24100.0,169576.0
2025-11-28 00:00:00+09:00,24145.0,24319.0,24130.0,24319.0,100851.0
2025-12-01 00:00:00+09:00,24498.0,24687.0,24448.0,24553.0,268023.0
2025-12-02 00:00:00+09:00,24508.0,24523.0,24249.0,24388.0,238101.0
2025-12-03 00:00:00+09:00,24393.0,24508.0,24364.0,24388.0,134455.0
2025-12-04 00:00:00+09:00,24388.0,24438.0,24194.0,24254.0,156223.0
2025-12-05 00:00:00+09:00,24364.0,24508.0,24304.0,24508.0,181657.0
2025-12-08 00:00:00+09:00,24344.0,24453.0,24324.0,24453.0,95654.0
2025-12-09 00:00:00+09:00,24309.0,24324.0,24160.0,24209.0,106690.0
2025-12-10 00:00:00+09:00,24388.0,24448.0,24349.0,24383.0,131515.0
2025-12-11 00:00:00+09:00,24528.0,24622.0,24364.0,24403.0,141647.0
2025-12-12 00:00:00+09:00,24782.0,24826.0,24732.0,24816.0,157012.0
2025-12-15 00:00:00+09:00,24961.0,25204.0,24926.0,25199.0,328702.0
2025-12-16 00:00:00+09:00,24956.0,25010.0,24742.0,24856.0,207070.0
2025-12-17 00:00:00+09:00,24981.0,25185.0,24966.0,25135.0,163050.0
2025-12-18 00:00:00+09:00,25155.0,25194.0,25080.0,25125.0,141552.0
2025-12-19 00:00:00+09:00,25130.0,25150.0,24966.0,25080.0,165635.0
2025-12-22 00:00:00+09:00,25249.0,25573.0,25244.0,25533.0,246790.0
2025-12-23 00:00:00+09:00,25846.0,26085.0,25846.0,25976.0,309231.0
2025-12-24 00:00:00+09:00,26110.0,26224.0,25916.0,25986.0,304690.0
2025-12-26 00:00:00+09:00,26050.0,26264.0,26035.0,26195.0,278288.0
2025-12-29 00:00:00+09:00,26215.0,26215.0,25860.0,25955.0,265236.0
2025-12-30 00:00:00+09:00,25095.0,25300.0,24975.0,25235.0,340121.0
2026-01-02 00:00:00+09:00,25130.0,25310.0,25085.0,25310.0,316035.0
2026-01-05 00:00:00+09:00,25230.0,25525.0,25200.0,25525.0,318307.0
2026-01-06 00:00:00+09:00,25625.0,25830.0,25565.0,25760.0,191602.0
2026-01-07 00:00:00+09:00,25935.0,25955.0,25655.0,25705.0,216724.0
2026-01-08 00:00:00+09:00,25745.0,25775.0,25480.0,25550.0,186951.0
2026-01-09 00:00:00+09:00,25820.0,25835.0,25695.0,25805.0,209844.0
2026-01-12 00:00:00+09:00,26200.0,26575.0,26195.0,26405.0,431199.0
2026-01-13 00:00:00+09:00,26525.0,26560.0,26410.0,26495.0,221228.0
2026-01-14 00:00:00+09:00,26520.0,26770.0,26520.0,26740.0,257827.0
2026-01-15 00:00:00+09:00,26635.0,26645.0,26415.0,26575.0,241980.0
2026-01-16 00:00:00+09:00,26575.0,26620.0,26475.0,26555.0,183607.0
2026-01-19 00:00:00+09:00,26960.0,27020.0,26855.0,26945.0,178578.0
2026-01-20 00:00:00+09:00,26935.0,27220.0,26895.0,27195.0,270476.0
2026-01-21 00:00:00+09:00,27545.0,28160.0,27510.0,28160.0,489528.0
2026-01-22 00:00:00+09:00,27575.0,27825.0,27510.0,27825.0,429316.0
2026-01-23 00:00:00+09:00,28570.0,28635.0,28465.0,28555.0,395583.0
2026-01-26 00:00:00+09:00,29035.0,29345.0,28985.0,29275.0,719190.0
2026-01-27 00:00:00+09:00,29015.0,29275.0,28860.0,29275.0,532352.0
2026-01-28 00:00:00+09:00,29750.0,30290.0,29675.0,30240.0,544349.0
2026-01-29 00:00:00+09:00,31660.0,32125.0,31305.0,32125.0,1138083.0
2026-01-30 00:00:00+09:00,31290.0,31355.0,29430.0,29680.0,1707381.0
2026-02-02 00:00:00+09:00,27145.0,28085.0,25845.0,25845.0,2578195.0
2026-02-03 00:00:00+09:00,27300.0,27880.0,27185.0,27880.0,1053011.0
2026-02-04 00:00:00+09:00,28310.0,29095.0,28310.0,28965.0,494294.0
2026-02-05 00:00:00+09:00,28685.0,28695.0,27390.0,28180.0,1265623.0
2026-02-06 00:00:00+09:00,26900.0,28015.0,26590.0,27760.0,543903.0
2026-02-09 00:00:00+09:00,28775.0,28845.0,28415.0,28740.0,335438.0
2026-02-10 00:00:00+09:00,28765.0,28920.0,28655.0,28795.0,167122.0
2026-02-11 00:00:00+09:00,28820.0,28965.0,28755.0,28940.0,223753.0
2026-02-12 00:00:00+09:00,28945.0,29025.0,28845.0,28925.0,186967.0
2026-02-13 00:00:00+09:00,28090.0,28555.0,28085.0,28330.0,285370.0
2026-02-19 00:00:00+09:00,28420.0,28590.0,28350.0,28590.0,179187.0
2026-02-20 00:00:00+09:00,28545.0,28730.0,28485.0,28730.0,169402.0
2026-02-23 00:00:00+09:00,29550.0,29620.0,29350.0,29495.0,399391.0
2026-02-24 00:00:00+09:00,29895.0,29945.0,29415.0,29585.0,537309.0
2026-02-25 00:00:00+09:00,29440.0,29800.0,29370.0,29695.0,253313.0
2026-02-26 00:00:00+09:00,29515.0,29750.0,29465.0,29695.0,247355.0
2026-02-27 00:00:00+09:00,29615.0,29710.0,29520.0,29690.0,217091.0
2026-03-03 00:00:00+09:00,30505.0,30735.0,30180.0,30365.0,859220.0
2026-03-04 00:00:00+09:00,29280.0,29660.0,29170.0,29345.0,527946.0
2026-03-05 00:00:00+09:00,29455.0,29640.0,29215.0,29350.0,262545.0
2026-03-06 00:00:00+09:00,28985.0,29345.0,28910.0,29225.0,254016.0
2026-03-09 00:00:00+09:00,28975.0,29320.0,28615.0,29260.0,351726.0
2026-03-10 00:00:00+09:00,29320.0,29610.0,29270.0,29575.0,368794.0
2026-03-11 00:00:00+09:00,29655.0,29820.0,29605.0,29740.0,148797.0
2026-03-12 00:00:00+09:00,29295.0,29500.0,29230.0,29410.0,140006.0
2026-03-13 00:00:00+09:00,29070.0,29230.0,29040.0,29045.0,135889.0
2026-03-16 00:00:00+09:00,28485.0,28690.0,28395.0,28635.0,196036.0
2026-03-17 00:00:00+09:00,28570.0,28730.0,28455.0,28550.0,236961.0
2026-03-18 00:00:00+09:00,28520.0,28595.0,28390.0,28565.0,138826.0
2026-03-19 00:00:00+09:00,27560.0,27725.0,27420.0,27420.0,351275.0
2026-03-20 00:00:00+09:00,26445.0,26970.0,26425.0,26710.0,442096.0
2026-03-23 00:00:00+09:00,25445.0,25480.0,24200.0,24200.0,905427.0
2026-03-24 00:00:00+09:00,25265.0,25340.0,24530.0,25000.0,445645.0
2026-03-25 00:00:00+09:00,25925.0,26180.0,25805.0,25915.0,292543.0
2026-03-26 00:00:00+09:00,25610.0,25850.0,25115.0,25255.0,245936.0
2026-03-27 00:00:00+09:00,25065.0,25450.0,24875.0,25390.0,253267.0
2026-03-30 00:00:00+09:00,25240.0,25790.0,25130.0,25760.0,550781.0
2026-03-31 00:00:00+09:00,25645.0,26275.0,25500.0,25930.0,191556.0
2026-04-01 00:00:00+09:00,26690.0,26850.0,26530.0,26755.0,324888.0
2026-04-02 00:00:00+09:00,27160.0,27265.0,25910.0,26095.0,475489.0
2026-04-03 00:00:00+09:00,26250.0,26670.0,26250.0,26585.0,85443.0
2026-04-06 00:00:00+09:00,26220.0,26585.0,26160.0,26485.0,417951.0
2026-04-07 00:00:00+09:00,26480.0,26515.0,26235.0,26390.0,281715.0
2026-04-08 00:00:00+09:00,27460.0,27575.0,27220.0,27495.0,315290.0
2026-04-09 00:00:00+09:00,26810.0,26895.0,26695.0,26815.0,169171.0
2026-04-10 00:00:00+09:00,27030.0,27135.0,26905.0,27025.0,277971.0
2026-04-13 00:00:00+09:00,26515.0,26870.0,26490.0,26870.0,178386.0
2026-04-14 00:00:00+09:00,27020.0,27130.0,27000.0,27075.0,152217.0
2026-04-15 00:00:00+09:00,27465.0,27675.0,27345.0,27365.0,178351.0
2026-04-16 00:00:00+09:00,27405.0,27480.0,27320.0,27355.0,262113.0
2026-04-17 00:00:00+09:00,27200.0,27280.0,27065.0,27170.0,108779.0
2026-04-20 00:00:00+09:00,26970.0,27330.0,26935.0,27175.0,141982.0
2026-04-21 00:00:00+09:00,27385.0,27430.0,27115.0,27140.0,97871.0
2026-04-22 00:00:00+09:00,26915.0,27090.0,26890.0,27090.0,123716.0
2026-04-23 00:00:00+09:00,26835.0,26965.0,26620.0,26715.0,179259.0
2026-04-24 00:00:00+09:00,26655.0,26740.0,26430.0,26525.0,211050.0
2026-04-27 00:00:00+09:00,26545.0,26835.0,26520.0,26755.0,147534.0
2026-04-28 00:00:00+09:00,26640.0,26685.0,26230.0,26295.0,187367.0
2026-04-29 00:00:00+09:00,26080.0,26165.0,25960.0,25990.0,147963.0
2026-04-30 00:00:00+09:00,25925.0,25990.0,25735.0,25935.0,124222.0
2026-05-04 00:00:00+09:00,26160.0,26175.0,26015.0,26065.0,294746.0
2026-05-06 00:00:00+09:00,26035.0,26445.0,26010.0,26435.0,179443.0
2026-05-07 00:00:00+09:00,26635.0,26775.0,26555.0,26730.0,147559.0
2026-05-08 00:00:00+09:00,26720.0,26820.0,26620.0,26820.0,151605.0
2026-05-11 00:00:00+09:00,26590.0,26685.0,26350.0,26465.0,206129.0
2026-05-12 00:00:00+09:00,27005.0,27060.0,26635.0,26635.0,194669.0
2026-05-13 00:00:00+09:00,26750.0,26800.0,26580.0,26700.0,195263.0
2026-05-14 00:00:00+09:00,26630.0,26705.0,26465.0,26590.0,130461.0
2026-05-15 00:00:00+09:00,26340.0,26380.0,25790.0,25920.0,340313.0
2026-05-18 00:00:00+09:00,25710.0,25775.0,25380.0,25705.0,214545.0
2026-05-19 00:00:00+09:00,25925.0,25985.0,25665.0,25750.0,106719.0
2026-05-20 00:00:00+09:00,25420.0,25525.0,25210.0,25320.0,174896.0
2026-05-21 00:00:00+09:00,25700.0,25870.0,25560.0,25660.0,119006.0
2026-05-22 00:00:00+09:00,25660.0,25700.0,25515.0,25600.0,119084.0
2026-05-26 00:00:00+09:00,25755.0,25795.0,25587.0,25640.0,154673.0
2026-05-27 00:00:00+09:00,25540.0,25600.0,25390.0,25390.0,182627.0
2026-05-28 00:00:00+09:00,25170.0,25200.0,24690.0,24790.0,422744.0
2026-05-29 00:00:00+09:00,25395.0,25570.0,25395.0,25535.0,134020.0
2026-06-01 00:00:00+09:00,25655.0,25700.0,25490.0,25530.0,134574.0
2026-06-02 00:00:00+09:00,25380.0,25650.0,25255.0,25650.0,112061.0
2026-06-04 00:00:00+09:00,25175.0,25340.0,25110.0,25245.0,195737.0
2026-06-05 00:00:00+09:00,25190.0,25245.0,25040.0,25080.0,99487.0
2026-06-08 00:00:00+09:00,24555.0,24600.0,24125.0,24350.0,124601.0
2026-06-09 00:00:00+09:00,24380.0,24585.0,24365.0,24525.0,117888.0
2026-06-10 00:00:00+09:00,23835.0,23890.0,23560.0,23795.0,193114.0
2026-06-11 00:00:00+09:00,22910.0,23255.0,22805.0,23095.0,238392.0
2026-06-12 00:00:00+09:00,23830.0,23875.0,23540.0,23620.0,216699.0
2026-06-15 00:00:00+09:00,24225.0,24475.0,24200.0,24315.0,80801.0
2026-06-16 00:00:00+09:00,24345.0,24450.0,24300.0,24375.0,77253.0
2026-06-17 00:00:00+09:00,24425.0,24555.0,24370.0,24410.0,43288.0
2026-06-18 00:00:00+09:00,24150.0,24440.0,24140.0,24290.0,95447.0
2026-06-19 00:00:00+09:00,23620.0,23685.0,23250.0,23400.0,129393.0
2026-06-22 00:00:00+09:00,23340.0,23800.0,23340.0,23685.0,123082.0
2026-06-23 00:00:00+09:00,23635.0,23670.0,23190.0,23230.0,112782.0
2026-06-24 00:00:00+09:00,23105.0,23195.0,22835.0,23035.0,82714.0
2026-06-25 00:00:00+09:00,22605.0,22630.0,22330.0,22460.0,164707.0
2026-06-26 00:00:00+09:00,22610.0,22700.0,22470.0,22665.0,153918.0
2026-06-29 00:00:00+09:00,22840.0,22960.0,22760.0,22870.0,67557.0
2026-06-30 00:00:00+09:00,22630.0,22640.0,22225.0,22590.0,85105.0
2026-07-01 00:00:00+09:00,22550.0,22590.0,22330.0,22330.0,117428.0
2026-07-02 00:00:00+09:00,22710.0,22945.0,22690.0,22945.0,174863.0
2026-07-03 00:00:00+09:00,23265.0,23635.0,23230.0,23475.0,165468.0
2026-07-06 00:00:00+09:00,23575.0,23670.0,23340.0,23420.0,134864.0
2026-07-07 00:00:00+09:00,23420.0,23450.0,23180.0,23225.0,130956.0
2026-07-08 00:00:00+09:00,23105.0,23265.0,23050.0,23240.0,153742.0
2026-07-09 00:00:00+09:00,22935.0,23090.0,22805.0,23090.0,106613.0
2026-07-10 00:00:00+09:00,23200.0,23265.0,23110.0,23175.0,163908.0
2026-07-13 00:00:00+09:00,22960.0,23020.0,22770.0,22830.0,63385.0
2026-07-14 00:00:00+09:00,22530.0,22695.0,22420.0,22655.0,79977.0
2026-07-15 00:00:00+09:00,22825.0,22860.0,22635.0,22670.0,80236.0
2026-07-16 00:00:00+09:00,22815.0,22850.0,22635.0,22680.0,41945.0
2026-07-20 00:00:00+09:00,22460.0,22670.0,22420.0,22545.0,146336.0
2026-07-21 00:00:00+09:00,22545.0,22905.0,22520.0,22900.0,133281.0
2026-07-22 00:00:00+09:00,22935.0,23290.0,22925.0,23165.0,149780.0
2026-07-23 00:00:00+09:00,23260.0,23285.0,23120.0,23170.0,51698.0
2026-07-24 00:00:00+09:00,22770.0,22775.0,22610.0,22705.0,100097.0
2026-07-27 00:00:00+09:00,23055.0,23170.0,22970.0,23060.0,57287.0
2026-07-28 00:00:00+09:00,22895.0,22920.0,22690.0,22745.0,46695.0
2026-07-29 00:00:00+09:00,22600.0,22725.0,22555.0,22725.0,151782.0
2026-07-30 00:00:00+09:00,22965.0,23010.0,22660.0,22695.0,67834.0
2026-07-31 00:00:00+09:00,23115.0,23115.0,22895.0,22960.0,58701.0
2026-08-03 00:00:00+09:00,22920.0,22940.0,22755.0,22885.0,50590.0
2026-08-04 00:00:00+09:00,22780.0,22870.0,22725.0,22830.0,83434.0
2026-08-05 00:00:00+09:00,22885.0,23490.0,22885.0,23455.0,44504.0
2026-08-06 00:00:00+09:00,24020.0,24200.0,23890.0,23955.0,179363.0
2026-08-07 00:00:00+09:00,23915.0,24135.0,23785.0,24080.0,35810.0
2026-08-10 00:00:00+09:00,24350.0,24470.0,24260.0,24460.0,104433.0
2026-08-11 00:00:00+09:00,24740.0,24940.0,24550.0,24550.0,91883.0
2026-08-12 00:00:00+09:00,24555.0,24820.0,24550.0,24680.0,66160.0
2026-08-13 00:00:00+09:00,24820.0,25000.0,24570.0,24600.0,159820.0
2026-08-14 00:00:00+09:00,24480.0,24500.0,24220.0,24335.0,82360.0
2026-08-18 00:00:00+09:00,24855.0,24925.0,24635.0,24700.0,88316.0
2026-08-19 00:00:00+09:00,24320.0,24495.0,24290.0,24400.0,105730.0
2026-08-20 00:00:00+09:00,25335.0,25405.0,25165.0,25260.0,115714.0
2026-08-21 00:00:00+09:00,25415.0,25595.0,25325.0,25595.0,239319.0
2026-08-24 00:00:00+09:00,25975.0,26160.0,25820.0,26060.0,516118.0
2026-08-25 00:00:00+09:00,26270.0,26375.0,25925.0,26095.0,609962.0
2026-08-26 00:00:00+09:00,26130.0,26220.0,25980.0,25980.0,174936.0
2026-08-27 00:00:00+09:00,25930.0,26060.0,25810.0,25865.0,172019.0
2026-08-28 00:00:00+09:00,25785.0,25830.0,25650.0,25710.0,68178.0
