dt,open,high,low,close,volume
2016-06-21 00:00:00+09:00,219000.0,221000.0,217000.0,218000.0,22474.0
2016-06-22 00:00:00+09:00,217000.0,218000.0,214000.0,218000.0,20374.0
2016-06-23 00:00:00+09:00,215500.0,218000.0,214500.0,217500.0,15190.0
2016-06-24 00:00:00+09:00,215000.0,216500.0,205000.0,210000.0,44498.0
2016-06-27 00:00:00+09:00,204000.0,213500.0,204000.0,213000.0,26288.0
2016-06-28 00:00:00+09:00,210000.0,214000.0,206500.0,211000.0,21331.0
2016-06-29 00:00:00+09:00,210000.0,214500.0,209000.0,211500.0,23954.0
2016-06-30 00:00:00+09:00,212500.0,217500.0,211500.0,217000.0,28051.0
2016-07-01 00:00:00+09:00,215000.0,220000.0,215000.0,218000.0,22075.0
2016-07-04 00:00:00+09:00,216000.0,216000.0,214000.0,215000.0,14047.0
2016-07-05 00:00:00+09:00,214000.0,217500.0,211500.0,216500.0,19102.0
2016-07-06 00:00:00+09:00,218000.0,218000.0,207500.0,209000.0,53776.0
2016-07-07 00:00:00+09:00,208500.0,215500.0,208500.0,213500.0,19896.0
2016-07-08 00:00:00+09:00,211500.0,219500.0,211500.0,219000.0,35341.0
2016-07-11 00:00:00+09:00,221000.0,229500.0,220000.0,228500.0,39983.0
2016-07-12 00:00:00+09:00,225500.0,230500.0,221500.0,223500.0,35573.0
2016-07-13 00:00:00+09:00,224000.0,229500.0,222500.0,224000.0,24001.0
2016-07-14 00:00:00+09:00,228000.0,228000.0,219500.0,224000.0,24681.0
2016-07-15 00:00:00+09:00,224000.0,228500.0,221500.0,222000.0,29558.0
2016-07-18 00:00:00+09:00,220000.0,224000.0,219000.0,221000.0,21229.0
2016-07-19 00:00:00+09:00,221000.0,222500.0,217500.0,220500.0,19345.0
2016-07-20 00:00:00+09:00,218500.0,218500.0,214000.0,218000.0,28963.0
2016-07-21 00:00:00+09:00,218000.0,219500.0,214000.0,219000.0,24077.0
2016-07-22 00:00:00+09:00,219500.0,219500.0,215000.0,215000.0,21959.0
2016-07-25 00:00:00+09:00,215500.0,218500.0,213000.0,215500.0,17711.0
2016-07-26 00:00:00+09:00,215500.0,217500.0,214500.0,216500.0,17124.0
2016-07-27 00:00:00+09:00,216500.0,217500.0,214500.0,215500.0,22636.0
2016-07-28 00:00:00+09:00,215500.0,216000.0,208000.0,210000.0,42759.0
2016-07-29 00:00:00+09:00,209500.0,209500.0,198500.0,200500.0,89591.0
2016-08-01 00:00:00+09:00,201000.0,203500.0,199000.0,202500.0,55696.0
2016-08-02 00:00:00+09:00,201500.0,214000.0,201500.0,212500.0,74667.0
2016-08-03 00:00:00+09:00,210500.0,213000.0,210500.0,212500.0,30059.0
2016-08-04 00:00:00+09:00,214000.0,216500.0,209000.0,214000.0,41120.0
2016-08-05 00:00:00+09:00,213000.0,219500.0,209500.0,212000.0,43904.0
2016-08-08 00:00:00+09:00,213500.0,216500.0,212000.0,215500.0,31020.0
2016-08-09 00:00:00+09:00,217000.0,217500.0,214000.0,217500.0,22730.0
2016-08-10 00:00:00+09:00,216000.0,220500.0,215500.0,220000.0,36034.0
2016-08-11 00:00:00+09:00,219000.0,219000.0,213500.0,217000.0,31981.0
2016-08-12 00:00:00+09:00,217000.0,219500.0,214500.0,217000.0,23831.0
2016-08-16 00:00:00+09:00,218500.0,218500.0,210500.0,210500.0,35223.0
2016-08-17 00:00:00+09:00,211000.0,213000.0,206000.0,212500.0,38397.0
2016-08-18 00:00:00+09:00,212000.0,212500.0,206000.0,207000.0,26943.0
2016-08-19 00:00:00+09:00,207000.0,207000.0,202500.0,203000.0,40196.0
2016-08-22 00:00:00+09:00,201000.0,203500.0,199000.0,202500.0,31588.0
2016-08-23 00:00:00+09:00,202000.0,210000.0,201000.0,209000.0,48419.0
2016-08-24 00:00:00+09:00,208000.0,209500.0,205500.0,209500.0,28534.0
2016-08-25 00:00:00+09:00,210000.0,212500.0,206000.0,207500.0,30803.0
2016-08-26 00:00:00+09:00,206000.0,209000.0,206000.0,208000.0,19436.0
2016-08-29 00:00:00+09:00,208000.0,209000.0,204000.0,206500.0,25595.0
2016-08-30 00:00:00+09:00,205500.0,209000.0,205500.0,206500.0,15458.0
2016-08-31 00:00:00+09:00,208000.0,208000.0,200500.0,201000.0,39438.0
2016-09-01 00:00:00+09:00,203000.0,204000.0,196000.0,197500.0,77279.0
2016-09-02 00:00:00+09:00,198500.0,201500.0,197000.0,201500.0,36360.0
2016-09-05 00:00:00+09:00,202500.0,203500.0,201000.0,202500.0,21183.0
2016-09-06 00:00:00+09:00,202500.0,203000.0,199500.0,200000.0,31618.0
2016-09-07 00:00:00+09:00,201000.0,201000.0,197500.0,200000.0,47177.0
2016-09-08 00:00:00+09:00,200000.0,203500.0,199000.0,199000.0,35877.0
2016-09-09 00:00:00+09:00,202000.0,204000.0,199500.0,201500.0,37223.0
2016-09-12 00:00:00+09:00,201500.0,202500.0,199000.0,201500.0,27534.0
2016-09-13 00:00:00+09:00,201500.0,203000.0,200000.0,201500.0,36182.0
2016-09-19 00:00:00+09:00,199500.0,203000.0,199000.0,202500.0,23749.0
2016-09-20 00:00:00+09:00,200500.0,205000.0,199000.0,204500.0,33972.0
2016-09-21 00:00:00+09:00,204500.0,205500.0,202000.0,205500.0,23570.0
2016-09-22 00:00:00+09:00,205500.0,207000.0,204000.0,206500.0,33996.0
2016-09-23 00:00:00+09:00,209000.0,209500.0,206500.0,209000.0,21204.0
2016-09-26 00:00:00+09:00,209000.0,215500.0,209000.0,214500.0,45189.0
2016-09-27 00:00:00+09:00,215000.0,222000.0,213000.0,221000.0,58249.0
2016-09-28 00:00:00+09:00,221000.0,224000.0,217500.0,218500.0,44415.0
2016-09-29 00:00:00+09:00,218500.0,221500.0,214500.0,217000.0,29017.0
2016-09-30 00:00:00+09:00,217000.0,219500.0,212500.0,215500.0,29883.0
2016-10-04 00:00:00+09:00,214000.0,216500.0,212500.0,213000.0,17119.0
2016-10-05 00:00:00+09:00,212500.0,214500.0,209500.0,211500.0,27561.0
2016-10-06 00:00:00+09:00,213000.0,214000.0,209500.0,212500.0,19296.0
2016-10-07 00:00:00+09:00,210500.0,212000.0,208500.0,210000.0,29500.0
2016-10-10 00:00:00+09:00,213000.0,214500.0,208500.0,211000.0,29336.0
2016-10-11 00:00:00+09:00,213500.0,214500.0,210000.0,210000.0,28733.0
2016-10-12 00:00:00+09:00,212500.0,214000.0,210000.0,213500.0,32742.0
2016-10-13 00:00:00+09:00,212000.0,215000.0,211000.0,213000.0,23785.0
2016-10-14 00:00:00+09:00,212500.0,215500.0,212000.0,212500.0,22613.0
2016-10-17 00:00:00+09:00,212500.0,213000.0,207000.0,212500.0,35360.0
2016-10-18 00:00:00+09:00,212500.0,214000.0,210500.0,214000.0,17199.0
2016-10-19 00:00:00+09:00,213000.0,214500.0,210000.0,211000.0,14950.0
2016-10-20 00:00:00+09:00,210000.0,213500.0,209500.0,213000.0,13885.0
2016-10-21 00:00:00+09:00,213000.0,215500.0,210000.0,211500.0,25986.0
2016-10-24 00:00:00+09:00,210500.0,212500.0,209500.0,212000.0,15275.0
2016-10-25 00:00:00+09:00,211500.0,212000.0,210000.0,211500.0,38462.0
2016-10-26 00:00:00+09:00,210500.0,211500.0,207500.0,210000.0,29103.0
2016-10-27 00:00:00+09:00,209500.0,210500.0,208500.0,210000.0,18229.0
2016-10-28 00:00:00+09:00,209000.0,209500.0,205000.0,205500.0,27108.0
2016-10-31 00:00:00+09:00,203500.0,205500.0,200500.0,201000.0,45079.0
2016-11-01 00:00:00+09:00,202000.0,207000.0,201500.0,206000.0,23610.0
2016-11-02 00:00:00+09:00,208500.0,208500.0,200000.0,201000.0,45402.0
2016-11-03 00:00:00+09:00,200000.0,204500.0,195500.0,204000.0,38157.0
2016-11-04 00:00:00+09:00,204000.0,206500.0,202000.0,206000.0,26676.0
2016-11-07 00:00:00+09:00,207500.0,207500.0,201000.0,203000.0,20630.0
2016-11-08 00:00:00+09:00,204000.0,204000.0,197000.0,199500.0,36915.0
2016-11-09 00:00:00+09:00,199500.0,200000.0,191000.0,196500.0,45252.0
2016-11-10 00:00:00+09:00,198500.0,199000.0,195000.0,197500.0,43168.0
2016-11-11 00:00:00+09:00,198000.0,198500.0,189000.0,190500.0,65169.0
2016-11-14 00:00:00+09:00,190000.0,191500.0,187500.0,190500.0,42664.0
2016-11-15 00:00:00+09:00,190500.0,191000.0,188000.0,188500.0,36738.0
2016-11-16 00:00:00+09:00,190000.0,192500.0,188500.0,190500.0,39736.0
2016-11-17 00:00:00+09:00,190000.0,190500.0,187000.0,187500.0,52912.0
2016-11-18 00:00:00+09:00,188000.0,193000.0,186500.0,193000.0,31169.0
2016-11-21 00:00:00+09:00,195000.0,195000.0,191500.0,194500.0,54916.0
2016-11-22 00:00:00+09:00,196000.0,199000.0,192000.0,197000.0,54825.0
2016-11-23 00:00:00+09:00,194000.0,197000.0,193000.0,193500.0,30931.0
2016-11-24 00:00:00+09:00,192500.0,195000.0,191500.0,194000.0,42376.0
2016-11-25 00:00:00+09:00,195000.0,195000.0,188500.0,189000.0,38574.0
2016-11-28 00:00:00+09:00,189000.0,190000.0,186500.0,187000.0,45400.0
2016-11-29 00:00:00+09:00,187000.0,188000.0,184000.0,185000.0,41931.0
2016-11-30 00:00:00+09:00,187000.0,187000.0,182500.0,184000.0,109628.0
2016-12-01 00:00:00+09:00,184500.0,185000.0,178000.0,178000.0,45065.0
2016-12-02 00:00:00+09:00,178500.0,180500.0,173000.0,178500.0,47063.0
2016-12-05 00:00:00+09:00,178500.0,183500.0,176500.0,182000.0,37562.0
2016-12-06 00:00:00+09:00,184000.0,184000.0,179000.0,181500.0,41957.0
2016-12-07 00:00:00+09:00,183000.0,184500.0,179000.0,184500.0,35285.0
2016-12-08 00:00:00+09:00,185000.0,188000.0,182000.0,188000.0,46031.0
2016-12-09 00:00:00+09:00,188000.0,188000.0,185000.0,186500.0,36944.0
2016-12-12 00:00:00+09:00,188000.0,188000.0,182000.0,182000.0,19204.0
2016-12-13 00:00:00+09:00,182500.0,183500.0,182000.0,182500.0,18020.0
2016-12-14 00:00:00+09:00,183000.0,184000.0,181500.0,182500.0,19280.0
2016-12-15 00:00:00+09:00,181000.0,184000.0,181000.0,182500.0,22494.0
2016-12-16 00:00:00+09:00,182500.0,183000.0,179000.0,180000.0,34748.0
2016-12-19 00:00:00+09:00,180500.0,181000.0,178500.0,179000.0,17186.0
2016-12-20 00:00:00+09:00,179500.0,180500.0,178500.0,179500.0,18436.0
2016-12-21 00:00:00+09:00,179000.0,180000.0,177000.0,178000.0,27061.0
2016-12-22 00:00:00+09:00,178000.0,179000.0,176000.0,178500.0,24515.0
2016-12-23 00:00:00+09:00,177500.0,181000.0,176500.0,179500.0,17325.0
2016-12-26 00:00:00+09:00,179500.0,181000.0,175500.0,177000.0,29721.0
2016-12-27 00:00:00+09:00,178500.0,179500.0,175500.0,177000.0,31421.0
2016-12-28 00:00:00+09:00,176000.0,177500.0,174500.0,175500.0,26775.0
2016-12-29 00:00:00+09:00,176000.0,179500.0,174000.0,179000.0,26928.0
2017-01-02 00:00:00+09:00,177500.0,180500.0,177500.0,179500.0,22044.0
2017-01-03 00:00:00+09:00,179500.0,181000.0,176000.0,176500.0,35591.0
2017-01-04 00:00:00+09:00,176500.0,178000.0,174000.0,175500.0,45309.0
2017-01-05 00:00:00+09:00,176000.0,176000.0,173500.0,175500.0,44590.0
2017-01-06 00:00:00+09:00,175500.0,177500.0,174000.0,177500.0,25870.0
2017-01-09 00:00:00+09:00,176000.0,177500.0,171000.0,171500.0,49083.0
2017-01-10 00:00:00+09:00,171500.0,171500.0,166000.0,168000.0,65054.0
2017-01-11 00:00:00+09:00,167500.0,171000.0,165000.0,165500.0,58968.0
2017-01-12 00:00:00+09:00,164500.0,167000.0,163500.0,164000.0,72573.0
2017-01-13 00:00:00+09:00,163500.0,166000.0,163000.0,164000.0,51458.0
2017-01-16 00:00:00+09:00,165500.0,169500.0,165000.0,166500.0,66794.0
2017-01-17 00:00:00+09:00,167000.0,168500.0,166000.0,167000.0,35536.0
2017-01-18 00:00:00+09:00,169000.0,169000.0,166500.0,166500.0,40507.0
2017-01-19 00:00:00+09:00,166500.0,171000.0,166500.0,169500.0,70843.0
2017-01-20 00:00:00+09:00,169500.0,174000.0,169500.0,170500.0,70772.0
2017-01-23 00:00:00+09:00,171500.0,173000.0,169500.0,172000.0,41699.0
2017-01-24 00:00:00+09:00,173000.0,173000.0,167000.0,167000.0,54346.0
2017-01-25 00:00:00+09:00,167500.0,168000.0,163500.0,165500.0,34161.0
2017-01-26 00:00:00+09:00,165500.0,166000.0,161000.0,162500.0,58802.0
2017-01-31 00:00:00+09:00,161000.0,163000.0,160500.0,163000.0,30339.0
2017-02-01 00:00:00+09:00,163500.0,163500.0,159000.0,160000.0,51618.0
2017-02-02 00:00:00+09:00,160000.0,161000.0,155000.0,155500.0,87857.0
2017-02-03 00:00:00+09:00,155000.0,157500.0,155000.0,155500.0,55625.0
2017-02-06 00:00:00+09:00,157000.0,159000.0,155500.0,158500.0,35982.0
2017-02-07 00:00:00+09:00,159500.0,159500.0,157000.0,158000.0,45619.0
2017-02-08 00:00:00+09:00,158000.0,159500.0,156000.0,158500.0,50215.0
2017-02-09 00:00:00+09:00,159000.0,160500.0,156500.0,159500.0,66218.0
2017-02-10 00:00:00+09:00,161000.0,161000.0,156000.0,156500.0,55507.0
2017-02-13 00:00:00+09:00,157500.0,158000.0,155000.0,156000.0,46005.0
2017-02-14 00:00:00+09:00,157000.0,157500.0,155000.0,156500.0,42715.0
2017-02-15 00:00:00+09:00,157500.0,169500.0,157000.0,169000.0,190723.0
2017-02-16 00:00:00+09:00,169500.0,171000.0,166500.0,170500.0,98341.0
2017-02-17 00:00:00+09:00,169000.0,169500.0,166000.0,168000.0,49831.0
2017-02-20 00:00:00+09:00,167000.0,168000.0,166000.0,167500.0,26956.0
2017-02-21 00:00:00+09:00,167500.0,169000.0,164500.0,168500.0,57179.0
2017-02-22 00:00:00+09:00,167000.0,170000.0,166000.0,170000.0,49957.0
2017-02-23 00:00:00+09:00,170500.0,170500.0,167500.0,169000.0,38626.0
2017-02-24 00:00:00+09:00,169000.0,169500.0,167000.0,169500.0,29537.0
2017-02-27 00:00:00+09:00,171000.0,171000.0,168500.0,171000.0,30973.0
2017-02-28 00:00:00+09:00,171000.0,172500.0,166500.0,172500.0,55009.0
2017-03-02 00:00:00+09:00,173500.0,174500.0,169000.0,171000.0,52849.0
2017-03-03 00:00:00+09:00,170000.0,170000.0,165500.0,166000.0,48451.0
2017-03-06 00:00:00+09:00,166000.0,166000.0,157500.0,163000.0,82223.0
2017-03-07 00:00:00+09:00,163500.0,164000.0,160500.0,161000.0,43813.0
2017-03-08 00:00:00+09:00,163000.0,169000.0,163000.0,167000.0,58172.0
2017-03-09 00:00:00+09:00,167000.0,167000.0,164500.0,166000.0,31916.0
2017-03-10 00:00:00+09:00,165000.0,166000.0,162500.0,165500.0,36551.0
2017-03-13 00:00:00+09:00,165000.0,168500.0,163500.0,167500.0,40232.0
2017-03-14 00:00:00+09:00,167500.0,167500.0,163500.0,164000.0,35143.0
2017-03-15 00:00:00+09:00,164000.0,164500.0,162000.0,163500.0,20492.0
2017-03-16 00:00:00+09:00,162500.0,166500.0,161500.0,164000.0,32417.0
2017-03-17 00:00:00+09:00,164500.0,164500.0,162000.0,164500.0,21638.0
2017-03-20 00:00:00+09:00,163500.0,165000.0,162000.0,162500.0,13824.0
2017-03-21 00:00:00+09:00,164000.0,166000.0,163000.0,164000.0,27045.0
2017-03-22 00:00:00+09:00,164500.0,165500.0,158500.0,160000.0,46552.0
2017-03-23 00:00:00+09:00,161000.0,166000.0,160000.0,165500.0,43260.0
2017-03-24 00:00:00+09:00,166000.0,172500.0,165500.0,171000.0,79115.0
2017-03-27 00:00:00+09:00,172000.0,174000.0,167000.0,168000.0,41259.0
2017-03-28 00:00:00+09:00,169000.0,170000.0,168000.0,170000.0,24696.0
2017-03-29 00:00:00+09:00,171000.0,173000.0,168500.0,169000.0,33408.0
2017-03-30 00:00:00+09:00,169000.0,169000.0,165500.0,168000.0,28636.0
2017-03-31 00:00:00+09:00,167500.0,167500.0,165500.0,166500.0,23697.0
2017-04-03 00:00:00+09:00,165500.0,167500.0,164000.0,167000.0,31550.0
2017-04-04 00:00:00+09:00,166000.0,166500.0,162500.0,164000.0,46696.0
2017-04-05 00:00:00+09:00,164000.0,164000.0,160000.0,161000.0,59777.0
2017-04-06 00:00:00+09:00,161000.0,162500.0,159000.0,161000.0,53483.0
2017-04-07 00:00:00+09:00,162000.0,163000.0,161000.0,162000.0,20946.0
2017-04-10 00:00:00+09:00,161500.0,162000.0,159000.0,160000.0,20042.0
2017-04-11 00:00:00+09:00,159000.0,160500.0,158000.0,159500.0,22295.0
2017-04-12 00:00:00+09:00,160000.0,160500.0,158000.0,160000.0,31202.0
2017-04-13 00:00:00+09:00,160500.0,161500.0,158500.0,160500.0,27765.0
2017-04-14 00:00:00+09:00,160000.0,160000.0,158000.0,158000.0,24906.0
2017-04-17 00:00:00+09:00,159500.0,162000.0,158500.0,161500.0,23851.0
2017-04-18 00:00:00+09:00,162500.0,162500.0,160000.0,160000.0,25136.0
2017-04-19 00:00:00+09:00,159500.0,161000.0,159000.0,160000.0,26534.0
2017-04-20 00:00:00+09:00,160000.0,161500.0,159000.0,160000.0,80220.0
2017-04-21 00:00:00+09:00,160500.0,170000.0,160500.0,169500.0,107319.0
2017-04-24 00:00:00+09:00,169000.0,173000.0,167500.0,170000.0,61925.0
2017-04-25 00:00:00+09:00,170500.0,171000.0,169000.0,170500.0,32699.0
2017-04-26 00:00:00+09:00,171000.0,171000.0,165000.0,166500.0,93115.0
2017-04-27 00:00:00+09:00,167500.0,169000.0,165500.0,166500.0,39983.0
2017-04-28 00:00:00+09:00,165000.0,167500.0,165000.0,166500.0,30029.0
2017-05-02 00:00:00+09:00,166500.0,169500.0,166500.0,168000.0,48300.0
2017-05-04 00:00:00+09:00,167000.0,171000.0,167000.0,168000.0,41962.0
2017-05-08 00:00:00+09:00,168500.0,172000.0,167500.0,172000.0,62651.0
2017-05-10 00:00:00+09:00,172000.0,179000.0,171500.0,178500.0,133117.0
2017-05-11 00:00:00+09:00,178500.0,184000.0,175000.0,184000.0,148838.0
2017-05-12 00:00:00+09:00,183000.0,183000.0,177000.0,178500.0,57388.0
2017-05-15 00:00:00+09:00,178500.0,179500.0,176000.0,176500.0,40147.0
2017-05-16 00:00:00+09:00,178000.0,184000.0,177000.0,179500.0,102999.0
2017-05-17 00:00:00+09:00,180000.0,180500.0,176500.0,178000.0,87196.0
2017-05-18 00:00:00+09:00,178000.0,179000.0,175000.0,176500.0,34509.0
2017-05-19 00:00:00+09:00,178500.0,180000.0,176500.0,179000.0,32490.0
2017-05-22 00:00:00+09:00,180000.0,182000.0,179000.0,180500.0,40295.0
2017-05-23 00:00:00+09:00,180500.0,182000.0,178500.0,180500.0,41470.0
2017-05-24 00:00:00+09:00,181500.0,183000.0,180500.0,181000.0,41072.0
2017-05-25 00:00:00+09:00,181000.0,186000.0,180500.0,186000.0,102245.0
2017-05-26 00:00:00+09:00,187500.0,192000.0,187500.0,192000.0,105260.0
2017-05-29 00:00:00+09:00,190500.0,191500.0,186500.0,186500.0,53749.0
2017-05-30 00:00:00+09:00,187000.0,190000.0,186500.0,188000.0,31718.0
2017-05-31 00:00:00+09:00,188000.0,193000.0,186500.0,192500.0,111185.0
2017-06-01 00:00:00+09:00,192500.0,192500.0,188500.0,192000.0,53189.0
2017-06-02 00:00:00+09:00,192000.0,199500.0,192000.0,199500.0,76373.0
2017-06-05 00:00:00+09:00,199500.0,199500.0,196000.0,198500.0,35346.0
2017-06-07 00:00:00+09:00,196000.0,200000.0,195500.0,197500.0,41672.0
2017-06-08 00:00:00+09:00,199000.0,199000.0,193500.0,195500.0,51295.0
2017-06-09 00:00:00+09:00,196000.0,196500.0,193000.0,196000.0,21010.0
2017-06-12 00:00:00+09:00,194500.0,197000.0,190500.0,192500.0,29180.0
2017-06-13 00:00:00+09:00,192000.0,197000.0,192000.0,197000.0,25555.0
2017-06-14 00:00:00+09:00,195000.0,197000.0,193000.0,194000.0,25927.0
2017-06-15 00:00:00+09:00,192000.0,196000.0,191500.0,193500.0,22746.0
2017-06-16 00:00:00+09:00,193000.0,194000.0,192000.0,193500.0,24957.0
2017-06-19 00:00:00+09:00,192500.0,195000.0,189500.0,191000.0,19330.0
2017-06-20 00:00:00+09:00,189500.0,191000.0,185500.0,186500.0,47872.0
2017-06-21 00:00:00+09:00,187000.0,190500.0,184500.0,189500.0,31201.0
2017-06-22 00:00:00+09:00,188000.0,189000.0,184000.0,186500.0,35468.0
2017-06-23 00:00:00+09:00,188500.0,189000.0,185000.0,188000.0,27111.0
2017-06-26 00:00:00+09:00,189500.0,191500.0,186000.0,188000.0,46891.0
2017-06-27 00:00:00+09:00,186500.0,187500.0,182000.0,182000.0,45776.0
2017-06-28 00:00:00+09:00,182500.0,182500.0,181500.0,182000.0,24156.0
2017-06-29 00:00:00+09:00,182500.0,182500.0,178500.0,179000.0,51327.0
2017-06-30 00:00:00+09:00,179500.0,181000.0,179000.0,180500.0,42052.0
2017-07-03 00:00:00+09:00,181500.0,183000.0,180500.0,182500.0,41557.0
2017-07-04 00:00:00+09:00,182500.0,182500.0,179500.0,181500.0,18108.0
2017-07-05 00:00:00+09:00,179500.0,181500.0,179000.0,180000.0,19982.0
2017-07-06 00:00:00+09:00,180000.0,183500.0,179500.0,180000.0,30196.0
2017-07-07 00:00:00+09:00,179000.0,184500.0,178500.0,181000.0,41749.0
2017-07-10 00:00:00+09:00,180000.0,181500.0,178000.0,178500.0,32131.0
2017-07-11 00:00:00+09:00,178500.0,180000.0,178000.0,178500.0,16605.0
2017-07-12 00:00:00+09:00,178500.0,180500.0,178500.0,179000.0,25782.0
2017-07-13 00:00:00+09:00,180500.0,180500.0,178500.0,178500.0,41583.0
2017-07-14 00:00:00+09:00,179000.0,182000.0,178000.0,180000.0,40459.0
2017-07-17 00:00:00+09:00,181500.0,184500.0,179500.0,180000.0,34357.0
2017-07-18 00:00:00+09:00,181500.0,184000.0,180000.0,184000.0,38709.0
2017-07-19 00:00:00+09:00,185000.0,185000.0,180000.0,181000.0,45078.0
2017-07-20 00:00:00+09:00,181500.0,181500.0,177500.0,178500.0,59473.0
2017-07-21 00:00:00+09:00,178000.0,179000.0,175500.0,176000.0,40432.0
2017-07-24 00:00:00+09:00,177500.0,180500.0,177000.0,179500.0,18777.0
2017-07-25 00:00:00+09:00,180000.0,181000.0,178500.0,180000.0,23422.0
2017-07-26 00:00:00+09:00,181500.0,181500.0,180000.0,181000.0,24218.0
2017-07-27 00:00:00+09:00,181500.0,183500.0,180500.0,183500.0,26063.0
2017-07-28 00:00:00+09:00,182000.0,185000.0,182000.0,184000.0,36922.0
2017-07-31 00:00:00+09:00,185500.0,188000.0,184000.0,186500.0,32315.0
2017-08-01 00:00:00+09:00,186500.0,187000.0,182500.0,183500.0,33147.0
2017-08-02 00:00:00+09:00,183000.0,183500.0,180500.0,181000.0,31981.0
2017-08-03 00:00:00+09:00,181000.0,182500.0,178500.0,182000.0,39088.0
2017-08-04 00:00:00+09:00,182000.0,186500.0,182000.0,185000.0,49315.0
2017-08-07 00:00:00+09:00,185500.0,185500.0,178000.0,180000.0,80388.0
2017-08-08 00:00:00+09:00,179000.0,181000.0,171000.0,172000.0,146438.0
2017-08-09 00:00:00+09:00,170000.0,173500.0,170000.0,171000.0,38455.0
2017-08-10 00:00:00+09:00,171000.0,174000.0,170500.0,174000.0,30575.0
2017-08-11 00:00:00+09:00,170500.0,173500.0,167500.0,168500.0,37694.0
2017-08-14 00:00:00+09:00,168500.0,171000.0,168500.0,169000.0,15011.0
2017-08-16 00:00:00+09:00,170500.0,172000.0,169000.0,169500.0,23765.0
2017-08-17 00:00:00+09:00,169000.0,172000.0,168500.0,171500.0,28040.0
2017-08-18 00:00:00+09:00,170000.0,171500.0,169500.0,170000.0,20917.0
2017-08-21 00:00:00+09:00,169500.0,170000.0,167000.0,168500.0,24898.0
2017-08-22 00:00:00+09:00,169000.0,170500.0,168000.0,168500.0,15810.0
2017-08-23 00:00:00+09:00,168000.0,169500.0,166500.0,167500.0,23884.0
2017-08-24 00:00:00+09:00,167000.0,168500.0,166500.0,167000.0,19803.0
2017-08-25 00:00:00+09:00,167000.0,167000.0,164000.0,165500.0,39943.0
2017-08-28 00:00:00+09:00,165500.0,168000.0,165000.0,167000.0,29786.0
2017-08-29 00:00:00+09:00,167500.0,167500.0,164000.0,166500.0,28460.0
2017-08-30 00:00:00+09:00,165000.0,170000.0,165000.0,170000.0,28714.0
2017-08-31 00:00:00+09:00,169500.0,170500.0,168000.0,169000.0,18002.0
2017-09-01 00:00:00+09:00,168500.0,168500.0,165500.0,166000.0,20090.0
2017-09-04 00:00:00+09:00,164500.0,166000.0,164500.0,165000.0,21247.0
2017-09-05 00:00:00+09:00,165500.0,167000.0,165000.0,166500.0,13130.0
2017-09-06 00:00:00+09:00,166500.0,166500.0,165000.0,166000.0,38215.0
2017-09-07 00:00:00+09:00,167000.0,168000.0,165500.0,166500.0,12030.0
2017-09-08 00:00:00+09:00,167500.0,168000.0,165000.0,166000.0,13459.0
2017-09-11 00:00:00+09:00,167000.0,171000.0,166500.0,167500.0,41196.0
2017-09-12 00:00:00+09:00,168500.0,170000.0,165500.0,166000.0,23331.0
2017-09-13 00:00:00+09:00,166000.0,166500.0,163500.0,164500.0,26990.0
2017-09-14 00:00:00+09:00,163500.0,165000.0,162000.0,163500.0,33516.0
2017-09-15 00:00:00+09:00,164000.0,164500.0,161500.0,162500.0,42270.0
2017-09-18 00:00:00+09:00,162500.0,162500.0,161000.0,161500.0,35512.0
2017-09-19 00:00:00+09:00,161000.0,162500.0,161000.0,162000.0,25542.0
2017-09-20 00:00:00+09:00,162500.0,163000.0,159000.0,159500.0,32075.0
2017-09-21 00:00:00+09:00,159500.0,160500.0,156500.0,157000.0,51155.0
2017-09-22 00:00:00+09:00,156000.0,159000.0,156000.0,157000.0,36872.0
2017-09-25 00:00:00+09:00,157500.0,158000.0,150500.0,152000.0,66749.0
2017-09-26 00:00:00+09:00,152000.0,154500.0,151000.0,154000.0,59540.0
2017-09-27 00:00:00+09:00,155000.0,160000.0,154500.0,160000.0,72153.0
2017-09-28 00:00:00+09:00,160000.0,161000.0,157000.0,160000.0,39601.0
2017-09-29 00:00:00+09:00,161000.0,163500.0,160000.0,163500.0,37193.0
2017-10-10 00:00:00+09:00,163500.0,168000.0,163500.0,166500.0,50431.0
2017-10-11 00:00:00+09:00,165000.0,167000.0,164000.0,166500.0,87197.0
2017-10-12 00:00:00+09:00,165500.0,166000.0,164500.0,165500.0,28296.0
2017-10-13 00:00:00+09:00,164500.0,165500.0,161500.0,164000.0,35224.0
2017-10-16 00:00:00+09:00,164000.0,165000.0,162000.0,164000.0,19888.0
2017-10-17 00:00:00+09:00,163500.0,164500.0,161000.0,162000.0,23863.0
2017-10-18 00:00:00+09:00,162000.0,164000.0,161000.0,161500.0,19948.0
2017-10-19 00:00:00+09:00,162000.0,166000.0,161500.0,162500.0,27159.0
2017-10-20 00:00:00+09:00,162500.0,163000.0,161500.0,163000.0,25366.0
2017-10-23 00:00:00+09:00,162500.0,163000.0,161000.0,161500.0,20325.0
2017-10-24 00:00:00+09:00,161500.0,162000.0,160500.0,161000.0,17498.0
2017-10-25 00:00:00+09:00,161000.0,162000.0,157000.0,157500.0,74706.0
2017-10-26 00:00:00+09:00,157000.0,160500.0,156500.0,160500.0,46246.0
2017-10-27 00:00:00+09:00,159500.0,162500.0,159500.0,161000.0,31194.0
2017-10-30 00:00:00+09:00,161500.0,161500.0,157000.0,158000.0,29272.0
2017-10-31 00:00:00+09:00,158000.0,159000.0,156500.0,157000.0,39647.0
2017-11-01 00:00:00+09:00,156500.0,157500.0,155000.0,155500.0,37702.0
2017-11-02 00:00:00+09:00,154500.0,156000.0,153500.0,154500.0,42446.0
2017-11-03 00:00:00+09:00,155500.0,158500.0,155500.0,157500.0,28737.0
2017-11-06 00:00:00+09:00,156500.0,157500.0,155000.0,157000.0,20386.0
2017-11-07 00:00:00+09:00,156000.0,159000.0,156000.0,158500.0,25311.0
2017-11-08 00:00:00+09:00,158000.0,160000.0,155500.0,156500.0,53011.0
2017-11-09 00:00:00+09:00,156500.0,157000.0,153500.0,154000.0,68101.0
2017-11-10 00:00:00+09:00,154000.0,154500.0,151000.0,151500.0,55222.0
2017-11-13 00:00:00+09:00,151500.0,154500.0,151500.0,153000.0,33329.0
2017-11-14 00:00:00+09:00,153000.0,155000.0,152000.0,154500.0,28711.0
2017-11-15 00:00:00+09:00,154000.0,154500.0,151500.0,152000.0,31599.0
2017-11-16 00:00:00+09:00,152500.0,152500.0,150500.0,152000.0,46952.0
2017-11-17 00:00:00+09:00,153000.0,155500.0,153000.0,154000.0,61441.0
2017-11-20 00:00:00+09:00,155000.0,156500.0,154500.0,155000.0,41450.0
2017-11-21 00:00:00+09:00,155500.0,155500.0,153000.0,153500.0,23742.0
2017-11-22 00:00:00+09:00,153500.0,153500.0,151000.0,151500.0,29680.0
2017-11-23 00:00:00+09:00,151500.0,152000.0,151000.0,151000.0,21280.0
2017-11-24 00:00:00+09:00,152000.0,152000.0,149500.0,150500.0,58236.0
2017-11-27 00:00:00+09:00,150000.0,151500.0,149500.0,150000.0,24728.0
2017-11-28 00:00:00+09:00,150000.0,152500.0,150000.0,152500.0,30655.0
2017-11-29 00:00:00+09:00,152000.0,152500.0,149500.0,151000.0,53261.0
2017-11-30 00:00:00+09:00,151500.0,155000.0,150000.0,152000.0,84415.0
2017-12-01 00:00:00+09:00,152500.0,153500.0,150500.0,152500.0,30724.0
2017-12-04 00:00:00+09:00,153500.0,155000.0,152500.0,154000.0,31445.0
2017-12-05 00:00:00+09:00,154000.0,155500.0,154000.0,155000.0,35924.0
2017-12-06 00:00:00+09:00,155000.0,155000.0,152500.0,154000.0,22978.0
2017-12-07 00:00:00+09:00,153000.0,154500.0,152000.0,154500.0,25448.0
2017-12-08 00:00:00+09:00,154500.0,154500.0,150500.0,151000.0,35828.0
2017-12-11 00:00:00+09:00,151000.0,151500.0,149000.0,151000.0,27852.0
2017-12-12 00:00:00+09:00,150000.0,151000.0,149500.0,151000.0,23485.0
2017-12-13 00:00:00+09:00,151000.0,152500.0,150500.0,151500.0,24735.0
2017-12-14 00:00:00+09:00,152000.0,152000.0,150000.0,150000.0,43486.0
2017-12-15 00:00:00+09:00,151000.0,152000.0,150500.0,152000.0,26440.0
2017-12-18 00:00:00+09:00,152000.0,152000.0,150000.0,152000.0,27142.0
2017-12-19 00:00:00+09:00,151000.0,153500.0,149500.0,150000.0,43087.0
2017-12-20 00:00:00+09:00,150000.0,150000.0,140500.0,143000.0,91757.0
2017-12-21 00:00:00+09:00,142000.0,143000.0,140000.0,141000.0,62398.0
2017-12-22 00:00:00+09:00,141000.0,141000.0,137000.0,139500.0,53306.0
2017-12-26 00:00:00+09:00,139500.0,141000.0,138500.0,140000.0,38895.0
2017-12-27 00:00:00+09:00,140000.0,140500.0,137500.0,140000.0,31803.0
2017-12-28 00:00:00+09:00,140500.0,142500.0,139500.0,140000.0,34056.0
2018-01-02 00:00:00+09:00,140500.0,145000.0,140500.0,144000.0,48837.0
2018-01-03 00:00:00+09:00,143000.0,147000.0,143000.0,145000.0,51940.0
2018-01-04 00:00:00+09:00,145000.0,145500.0,144000.0,145000.0,50162.0
2018-01-05 00:00:00+09:00,145500.0,145500.0,141000.0,141500.0,44078.0
2018-01-08 00:00:00+09:00,142500.0,142500.0,139000.0,139000.0,35192.0
2018-01-09 00:00:00+09:00,139000.0,140000.0,138500.0,139500.0,54072.0
2018-01-10 00:00:00+09:00,139500.0,142000.0,139000.0,139000.0,55805.0
2018-01-11 00:00:00+09:00,140000.0,140000.0,139000.0,139500.0,32011.0
2018-01-12 00:00:00+09:00,139500.0,141000.0,138000.0,138000.0,39903.0
2018-01-15 00:00:00+09:00,138000.0,139000.0,135000.0,137000.0,58077.0
2018-01-16 00:00:00+09:00,135500.0,140000.0,135500.0,138000.0,37913.0
2018-01-17 00:00:00+09:00,137000.0,138000.0,135000.0,135500.0,53073.0
2018-01-18 00:00:00+09:00,135000.0,136500.0,133500.0,134000.0,45350.0
2018-01-19 00:00:00+09:00,133500.0,136000.0,133500.0,135000.0,26553.0
2018-01-22 00:00:00+09:00,136000.0,137000.0,134500.0,135000.0,49550.0
2018-01-23 00:00:00+09:00,135000.0,135500.0,132500.0,134000.0,72851.0
2018-01-24 00:00:00+09:00,134000.0,135000.0,133500.0,134000.0,62350.0
2018-01-25 00:00:00+09:00,133500.0,135000.0,133500.0,134000.0,64256.0
2018-01-26 00:00:00+09:00,134500.0,137000.0,134000.0,136000.0,137649.0
2018-01-29 00:00:00+09:00,138000.0,142500.0,137000.0,140500.0,119793.0
2018-01-30 00:00:00+09:00,140500.0,147000.0,140500.0,144500.0,156033.0
2018-01-31 00:00:00+09:00,145500.0,146500.0,142000.0,145000.0,131108.0
2018-02-01 00:00:00+09:00,143500.0,145500.0,143000.0,143500.0,48476.0
2018-02-02 00:00:00+09:00,143500.0,145500.0,143000.0,144500.0,60432.0
2018-02-05 00:00:00+09:00,144500.0,144500.0,139000.0,142000.0,57346.0
2018-02-06 00:00:00+09:00,137500.0,141500.0,136000.0,140500.0,68728.0
2018-02-07 00:00:00+09:00,141000.0,142500.0,137500.0,137500.0,58335.0
2018-02-08 00:00:00+09:00,138000.0,139500.0,133000.0,135000.0,67214.0
2018-02-09 00:00:00+09:00,132500.0,132500.0,130000.0,130500.0,77944.0
2018-02-12 00:00:00+09:00,130500.0,131500.0,128000.0,130000.0,63252.0
2018-02-13 00:00:00+09:00,131000.0,131500.0,129500.0,129500.0,40477.0
2018-02-14 00:00:00+09:00,130000.0,130000.0,128000.0,129000.0,63596.0
2018-02-19 00:00:00+09:00,130000.0,131500.0,129000.0,131000.0,37931.0
2018-02-20 00:00:00+09:00,130500.0,131500.0,129500.0,130000.0,37934.0
2018-02-21 00:00:00+09:00,130500.0,133000.0,128500.0,133000.0,40655.0
2018-02-22 00:00:00+09:00,132500.0,133500.0,130500.0,132000.0,29161.0
2018-02-23 00:00:00+09:00,132500.0,133500.0,131000.0,133500.0,31560.0
2018-02-26 00:00:00+09:00,134500.0,138000.0,133000.0,136500.0,65224.0
2018-02-27 00:00:00+09:00,135500.0,137000.0,132500.0,135000.0,48394.0
2018-02-28 00:00:00+09:00,135000.0,136500.0,131500.0,132500.0,41175.0
2018-03-02 00:00:00+09:00,130000.0,131500.0,129000.0,131500.0,36875.0
2018-03-05 00:00:00+09:00,130500.0,131000.0,128000.0,128500.0,42044.0
2018-03-06 00:00:00+09:00,129000.0,129500.0,126000.0,126000.0,51005.0
2018-03-07 00:00:00+09:00,126000.0,126500.0,123500.0,124000.0,59577.0
2018-03-08 00:00:00+09:00,123500.0,124500.0,119500.0,122000.0,143355.0
2018-03-09 00:00:00+09:00,122500.0,128500.0,122000.0,128000.0,155426.0
2018-03-12 00:00:00+09:00,128500.0,130000.0,126500.0,127500.0,76883.0
2018-03-13 00:00:00+09:00,127000.0,129000.0,126500.0,128000.0,25139.0
2018-03-14 00:00:00+09:00,127000.0,130000.0,126500.0,129000.0,33296.0
2018-03-15 00:00:00+09:00,128500.0,131500.0,127000.0,130500.0,37912.0
2018-03-16 00:00:00+09:00,127500.0,131500.0,127000.0,130500.0,1061689.0
2018-03-19 00:00:00+09:00,132500.0,137000.0,130500.0,136000.0,271858.0
2018-03-20 00:00:00+09:00,135000.0,138000.0,134000.0,137500.0,115686.0
2018-03-21 00:00:00+09:00,137500.0,139000.0,136000.0,137000.0,77270.0
2018-03-22 00:00:00+09:00,137000.0,137500.0,133500.0,134500.0,89693.0
2018-03-23 00:00:00+09:00,132500.0,134000.0,130000.0,130000.0,75470.0
2018-03-26 00:00:00+09:00,129500.0,134500.0,128500.0,132000.0,115234.0
2018-03-27 00:00:00+09:00,133000.0,134500.0,131000.0,134000.0,48996.0
2018-03-28 00:00:00+09:00,133000.0,134500.0,130000.0,130500.0,42602.0
2018-03-29 00:00:00+09:00,131000.0,137500.0,131000.0,137500.0,116257.0
2018-03-30 00:00:00+09:00,139000.0,139000.0,136000.0,137500.0,91920.0
2018-04-02 00:00:00+09:00,138500.0,142000.0,137500.0,138000.0,71402.0
2018-04-03 00:00:00+09:00,136500.0,141000.0,136000.0,139000.0,64027.0
2018-04-04 00:00:00+09:00,140000.0,140500.0,135500.0,136000.0,46748.0
2018-04-05 00:00:00+09:00,137500.0,138500.0,135000.0,136000.0,46080.0
2018-04-06 00:00:00+09:00,136000.0,138000.0,134000.0,136500.0,25714.0
2018-04-09 00:00:00+09:00,136500.0,139500.0,135000.0,139000.0,42339.0
2018-04-10 00:00:00+09:00,138000.0,139000.0,136000.0,137500.0,41781.0
2018-04-11 00:00:00+09:00,136000.0,138000.0,136000.0,137000.0,39431.0
2018-04-12 00:00:00+09:00,136000.0,136000.0,133500.0,135000.0,53844.0
2018-04-13 00:00:00+09:00,134500.0,145500.0,133500.0,144000.0,247237.0
2018-04-16 00:00:00+09:00,144000.0,147000.0,142500.0,145000.0,109794.0
2018-04-17 00:00:00+09:00,144500.0,148000.0,144000.0,146500.0,120082.0
2018-04-18 00:00:00+09:00,148500.0,151500.0,146500.0,149500.0,133603.0
2018-04-19 00:00:00+09:00,150000.0,151500.0,145000.0,150500.0,97546.0
2018-04-20 00:00:00+09:00,151500.0,155500.0,148000.0,155000.0,131724.0
2018-04-23 00:00:00+09:00,156000.0,157500.0,152500.0,155500.0,112277.0
2018-04-24 00:00:00+09:00,156000.0,157500.0,151500.0,155000.0,78876.0
2018-04-25 00:00:00+09:00,154500.0,156000.0,151000.0,152000.0,59592.0
2018-04-26 00:00:00+09:00,152000.0,157500.0,148500.0,154500.0,83566.0
2018-04-27 00:00:00+09:00,154500.0,157500.0,152500.0,153000.0,42752.0
2018-04-30 00:00:00+09:00,158500.0,160500.0,155000.0,156500.0,126458.0
2018-05-02 00:00:00+09:00,159000.0,162500.0,153500.0,157000.0,125323.0
2018-05-03 00:00:00+09:00,156000.0,157000.0,152500.0,153000.0,53857.0
2018-05-04 00:00:00+09:00,151000.0,158000.0,150500.0,154000.0,50952.0
2018-05-08 00:00:00+09:00,155500.0,155500.0,150000.0,152000.0,52189.0
2018-05-09 00:00:00+09:00,151000.0,154000.0,145000.0,154000.0,77339.0
2018-05-10 00:00:00+09:00,152000.0,167500.0,151500.0,165500.0,279750.0
2018-05-11 00:00:00+09:00,167500.0,176000.0,166500.0,174500.0,251545.0
2018-05-14 00:00:00+09:00,175000.0,175500.0,171000.0,175000.0,114754.0
2018-05-15 00:00:00+09:00,174000.0,175500.0,171500.0,171500.0,137327.0
2018-05-16 00:00:00+09:00,168000.0,170000.0,160500.0,164500.0,123020.0
2018-05-17 00:00:00+09:00,163500.0,167000.0,160000.0,161500.0,58990.0
2018-05-18 00:00:00+09:00,162500.0,163500.0,160500.0,162000.0,31313.0
2018-05-21 00:00:00+09:00,162000.0,162500.0,157000.0,158000.0,53452.0
2018-05-23 00:00:00+09:00,155500.0,156500.0,151000.0,156000.0,81346.0
2018-05-24 00:00:00+09:00,157000.0,162500.0,155500.0,156000.0,67584.0
2018-05-25 00:00:00+09:00,152000.0,155500.0,148500.0,150500.0,77630.0
2018-05-28 00:00:00+09:00,157000.0,166500.0,156000.0,157000.0,129638.0
2018-05-29 00:00:00+09:00,158500.0,158500.0,151000.0,151000.0,62416.0
2018-05-30 00:00:00+09:00,150000.0,151500.0,146000.0,148000.0,70991.0
2018-05-31 00:00:00+09:00,150000.0,152000.0,148000.0,149500.0,60187.0
2018-06-01 00:00:00+09:00,149500.0,152500.0,147000.0,148000.0,54814.0
2018-06-04 00:00:00+09:00,151500.0,158000.0,151500.0,153000.0,108756.0
2018-06-05 00:00:00+09:00,154500.0,154500.0,150500.0,152500.0,55147.0
2018-06-07 00:00:00+09:00,152000.0,157500.0,151000.0,154000.0,89568.0
2018-06-08 00:00:00+09:00,157000.0,157000.0,151000.0,154000.0,99739.0
2018-06-11 00:00:00+09:00,156500.0,162500.0,156500.0,161500.0,119811.0
2018-06-12 00:00:00+09:00,163500.0,164500.0,159500.0,161500.0,101297.0
2018-06-14 00:00:00+09:00,157500.0,160000.0,156000.0,156500.0,70171.0
2018-06-15 00:00:00+09:00,156000.0,156000.0,150500.0,152000.0,95614.0
2018-06-18 00:00:00+09:00,152000.0,156500.0,151500.0,153000.0,56907.0
2018-06-19 00:00:00+09:00,152000.0,155000.0,151500.0,154000.0,60192.0
2018-06-20 00:00:00+09:00,152000.0,157000.0,151500.0,155500.0,38152.0
2018-06-21 00:00:00+09:00,156000.0,162000.0,155000.0,158500.0,83759.0
2018-06-22 00:00:00+09:00,159000.0,166500.0,156000.0,164000.0,173681.0
2018-06-25 00:00:00+09:00,164500.0,166500.0,164000.0,164500.0,91672.0
2018-06-26 00:00:00+09:00,161000.0,163000.0,159500.0,160000.0,592452.0
2018-06-27 00:00:00+09:00,160500.0,163500.0,158000.0,160000.0,109656.0
2018-06-28 00:00:00+09:00,162000.0,166500.0,161000.0,163000.0,88803.0
2018-06-29 00:00:00+09:00,165500.0,169000.0,163000.0,168000.0,90031.0
2018-07-02 00:00:00+09:00,167000.0,169000.0,161500.0,163000.0,104205.0
2018-07-03 00:00:00+09:00,163000.0,169000.0,163000.0,167500.0,73375.0
2018-07-04 00:00:00+09:00,166000.0,176500.0,165500.0,172500.0,146237.0
2018-07-05 00:00:00+09:00,173000.0,174000.0,165500.0,169500.0,96180.0
2018-07-06 00:00:00+09:00,169500.0,171000.0,167500.0,168500.0,65635.0
2018-07-09 00:00:00+09:00,168500.0,174500.0,168500.0,173000.0,104318.0
2018-07-10 00:00:00+09:00,174500.0,177500.0,171500.0,173000.0,53437.0
2018-07-11 00:00:00+09:00,172000.0,173500.0,167000.0,172500.0,64514.0
2018-07-12 00:00:00+09:00,174000.0,174000.0,169000.0,170500.0,44448.0
2018-07-13 00:00:00+09:00,169500.0,171000.0,167000.0,170000.0,57474.0
2018-07-16 00:00:00+09:00,169500.0,171500.0,166000.0,168000.0,67668.0
2018-07-17 00:00:00+09:00,168000.0,171500.0,167500.0,167500.0,71752.0
2018-07-18 00:00:00+09:00,169000.0,172000.0,166500.0,167000.0,50799.0
2018-07-19 00:00:00+09:00,167000.0,168000.0,151500.0,155000.0,163439.0
2018-07-20 00:00:00+09:00,155000.0,161500.0,155000.0,161500.0,64697.0
2018-07-23 00:00:00+09:00,163500.0,164000.0,158000.0,161000.0,49062.0
2018-07-24 00:00:00+09:00,160000.0,161000.0,154000.0,155500.0,105740.0
2018-07-25 00:00:00+09:00,154500.0,157000.0,153000.0,156500.0,70571.0
2018-07-26 00:00:00+09:00,158500.0,159000.0,155000.0,157500.0,64871.0
2018-07-27 00:00:00+09:00,158500.0,158500.0,155000.0,156500.0,54995.0
2018-07-30 00:00:00+09:00,155000.0,155500.0,152000.0,154000.0,54634.0
2018-07-31 00:00:00+09:00,154000.0,154000.0,149500.0,151000.0,85640.0
2018-08-01 00:00:00+09:00,152000.0,153500.0,151000.0,152000.0,44268.0
2018-08-02 00:00:00+09:00,152000.0,157500.0,150000.0,151500.0,66864.0
2018-08-03 00:00:00+09:00,152500.0,154500.0,150000.0,154000.0,34246.0
2018-08-06 00:00:00+09:00,153500.0,155000.0,151000.0,151500.0,43608.0
2018-08-07 00:00:00+09:00,150500.0,153000.0,150000.0,152500.0,31841.0
2018-08-08 00:00:00+09:00,151500.0,152500.0,149000.0,150500.0,60843.0
2018-08-09 00:00:00+09:00,149500.0,152500.0,149000.0,151000.0,108258.0
2018-08-10 00:00:00+09:00,151000.0,152000.0,149000.0,150500.0,64637.0
2018-08-13 00:00:00+09:00,149000.0,149500.0,143000.0,143500.0,115677.0
2018-08-14 00:00:00+09:00,142500.0,146500.0,142500.0,144500.0,67326.0
2018-08-16 00:00:00+09:00,142500.0,146000.0,142000.0,145000.0,60659.0
2018-08-17 00:00:00+09:00,145500.0,147000.0,143000.0,143500.0,85051.0
2018-08-20 00:00:00+09:00,144500.0,148000.0,144000.0,147500.0,72411.0
2018-08-21 00:00:00+09:00,148500.0,153500.0,147000.0,152000.0,109993.0
2018-08-22 00:00:00+09:00,152000.0,158000.0,150500.0,154500.0,131177.0
2018-08-23 00:00:00+09:00,156500.0,158500.0,154500.0,157000.0,75861.0
2018-08-24 00:00:00+09:00,156000.0,156500.0,154000.0,154500.0,34446.0
2018-08-27 00:00:00+09:00,153500.0,156000.0,152500.0,154000.0,53811.0
2018-08-28 00:00:00+09:00,154500.0,157000.0,153000.0,153500.0,47368.0
2018-08-29 00:00:00+09:00,154000.0,155000.0,151000.0,153500.0,64046.0
2018-08-30 00:00:00+09:00,153000.0,154000.0,151500.0,153000.0,54666.0
2018-08-31 00:00:00+09:00,153500.0,154500.0,151500.0,154000.0,40701.0
2018-09-03 00:00:00+09:00,153000.0,153500.0,151000.0,152000.0,27295.0
2018-09-04 00:00:00+09:00,151500.0,151500.0,147500.0,148000.0,70080.0
2018-09-05 00:00:00+09:00,148000.0,154000.0,148000.0,152000.0,71284.0
2018-09-06 00:00:00+09:00,152000.0,159500.0,151500.0,155500.0,124179.0
2018-09-07 00:00:00+09:00,156000.0,163000.0,156000.0,161500.0,119869.0
2018-09-10 00:00:00+09:00,159500.0,170000.0,159500.0,167000.0,155554.0
2018-09-11 00:00:00+09:00,168500.0,168500.0,164000.0,165000.0,50483.0
2018-09-12 00:00:00+09:00,165000.0,170000.0,164000.0,166500.0,65848.0
2018-09-13 00:00:00+09:00,166500.0,168500.0,165000.0,166000.0,41177.0
2018-09-14 00:00:00+09:00,167000.0,169500.0,164500.0,165500.0,50711.0
2018-09-17 00:00:00+09:00,166000.0,166500.0,161000.0,164500.0,57236.0
2018-09-18 00:00:00+09:00,163000.0,164000.0,159500.0,162000.0,73456.0
2018-09-19 00:00:00+09:00,162000.0,163000.0,157500.0,162000.0,70517.0
2018-09-20 00:00:00+09:00,160500.0,163000.0,157000.0,158000.0,74294.0
2018-09-21 00:00:00+09:00,160500.0,161500.0,156500.0,158000.0,63165.0
2018-09-27 00:00:00+09:00,158000.0,161500.0,154500.0,156000.0,121596.0
2018-09-28 00:00:00+09:00,155000.0,159000.0,152500.0,158000.0,86219.0
2018-10-01 00:00:00+09:00,157000.0,160500.0,157000.0,158000.0,43030.0
2018-10-02 00:00:00+09:00,157500.0,162000.0,157500.0,161000.0,62755.0
2018-10-04 00:00:00+09:00,161500.0,161500.0,150000.0,151000.0,133334.0
2018-10-05 00:00:00+09:00,151000.0,155000.0,147000.0,153500.0,79004.0
2018-10-08 00:00:00+09:00,153500.0,156000.0,151500.0,153000.0,32164.0
2018-10-10 00:00:00+09:00,150500.0,154500.0,146000.0,148000.0,63328.0
2018-10-11 00:00:00+09:00,144500.0,146500.0,139500.0,140000.0,112513.0
2018-10-12 00:00:00+09:00,144000.0,152500.0,140500.0,147500.0,118772.0
2018-10-15 00:00:00+09:00,147500.0,154000.0,147000.0,152000.0,68454.0
2018-10-16 00:00:00+09:00,152000.0,153000.0,149000.0,150000.0,45169.0
2018-10-17 00:00:00+09:00,152500.0,155000.0,149000.0,151500.0,65518.0
2018-10-18 00:00:00+09:00,151000.0,153500.0,149500.0,152500.0,54852.0
2018-10-19 00:00:00+09:00,150500.0,167000.0,148000.0,162000.0,261489.0
2018-10-22 00:00:00+09:00,162000.0,168500.0,161500.0,163000.0,191750.0
2018-10-23 00:00:00+09:00,162000.0,166000.0,161000.0,162000.0,118774.0
2018-10-24 00:00:00+09:00,163500.0,167000.0,161000.0,161500.0,101837.0
2018-10-25 00:00:00+09:00,158500.0,163500.0,155000.0,162500.0,112362.0
2018-10-26 00:00:00+09:00,161500.0,165000.0,155500.0,157500.0,54468.0
2018-10-29 00:00:00+09:00,158000.0,161000.0,153500.0,155000.0,60376.0
2018-10-30 00:00:00+09:00,155000.0,157000.0,150000.0,152000.0,66093.0
2018-10-31 00:00:00+09:00,152000.0,162000.0,150000.0,158500.0,103777.0
2018-11-01 00:00:00+09:00,158500.0,160500.0,156000.0,157000.0,73108.0
2018-11-02 00:00:00+09:00,155500.0,160500.0,155500.0,159500.0,65340.0
2018-11-05 00:00:00+09:00,158000.0,162500.0,153500.0,155500.0,62446.0
2018-11-06 00:00:00+09:00,157000.0,158500.0,152500.0,157000.0,41561.0
2018-11-07 00:00:00+09:00,157000.0,158500.0,153000.0,154500.0,65062.0
2018-11-08 00:00:00+09:00,156000.0,166000.0,156000.0,159000.0,120394.0
2018-11-09 00:00:00+09:00,158000.0,160500.0,147500.0,155500.0,139032.0
2018-11-12 00:00:00+09:00,155500.0,157000.0,147000.0,148000.0,78325.0
2018-11-13 00:00:00+09:00,145500.0,149500.0,145000.0,149000.0,43437.0
2018-11-14 00:00:00+09:00,151000.0,151000.0,143500.0,150000.0,101989.0
2018-11-15 00:00:00+09:00,149000.0,150500.0,147500.0,150000.0,63861.0
2018-11-16 00:00:00+09:00,150000.0,152500.0,146500.0,149500.0,74425.0
2018-11-19 00:00:00+09:00,148500.0,151000.0,148500.0,149500.0,38480.0
2018-11-20 00:00:00+09:00,149000.0,150000.0,144500.0,147000.0,84354.0
2018-11-21 00:00:00+09:00,146500.0,147500.0,143500.0,147500.0,54518.0
2018-11-22 00:00:00+09:00,147000.0,148000.0,144500.0,145500.0,83605.0
2018-11-23 00:00:00+09:00,144000.0,146500.0,144000.0,145500.0,30666.0
2018-11-26 00:00:00+09:00,146500.0,152000.0,146500.0,147000.0,55568.0
2018-11-27 00:00:00+09:00,148000.0,152000.0,147000.0,151000.0,53524.0
2018-11-28 00:00:00+09:00,152500.0,153000.0,148000.0,149000.0,39237.0
2018-11-29 00:00:00+09:00,151500.0,157000.0,151500.0,155000.0,64216.0
2018-11-30 00:00:00+09:00,154500.0,160000.0,153500.0,159000.0,82264.0
2018-12-03 00:00:00+09:00,161000.0,161000.0,155500.0,156500.0,56348.0
2018-12-04 00:00:00+09:00,155500.0,159500.0,154500.0,158500.0,40511.0
2018-12-05 00:00:00+09:00,157000.0,157500.0,154500.0,156000.0,32309.0
2018-12-06 00:00:00+09:00,158000.0,163000.0,156000.0,158000.0,89852.0
2018-12-07 00:00:00+09:00,160000.0,162500.0,158500.0,160500.0,105767.0
2018-12-10 00:00:00+09:00,157500.0,161000.0,156500.0,159000.0,37967.0
2018-12-11 00:00:00+09:00,157500.0,161500.0,157500.0,159500.0,63220.0
2018-12-12 00:00:00+09:00,163000.0,165000.0,160500.0,162500.0,119735.0
2018-12-13 00:00:00+09:00,163000.0,170500.0,163000.0,166500.0,106902.0
2018-12-14 00:00:00+09:00,167000.0,170000.0,164000.0,167000.0,40571.0
2018-12-17 00:00:00+09:00,168500.0,169000.0,165000.0,168000.0,32714.0
2018-12-18 00:00:00+09:00,169500.0,169500.0,165500.0,169000.0,50657.0
2018-12-19 00:00:00+09:00,169500.0,171500.0,169000.0,171500.0,60953.0
2018-12-20 00:00:00+09:00,172000.0,172000.0,165000.0,170500.0,48599.0
2018-12-21 00:00:00+09:00,170500.0,171500.0,169500.0,170500.0,56708.0
2018-12-24 00:00:00+09:00,170500.0,170500.0,165000.0,167000.0,35558.0
2018-12-26 00:00:00+09:00,165000.0,167000.0,163500.0,165000.0,48387.0
2018-12-27 00:00:00+09:00,164000.0,169500.0,164000.0,168500.0,36451.0
2018-12-28 00:00:00+09:00,169500.0,169500.0,165500.0,167000.0,28950.0
2019-01-02 00:00:00+09:00,166000.0,168000.0,163000.0,166500.0,35501.0
2019-01-03 00:00:00+09:00,167000.0,167500.0,162500.0,163000.0,38021.0
2019-01-04 00:00:00+09:00,162000.0,164000.0,161000.0,163500.0,34069.0
2019-01-07 00:00:00+09:00,166000.0,168500.0,160500.0,162000.0,39074.0
2019-01-08 00:00:00+09:00,164000.0,164500.0,160500.0,161500.0,35181.0
2019-01-09 00:00:00+09:00,162500.0,165500.0,162500.0,165500.0,37579.0
2019-01-10 00:00:00+09:00,163000.0,165500.0,162500.0,163000.0,32185.0
2019-01-11 00:00:00+09:00,163000.0,169000.0,162000.0,168500.0,73512.0
2019-01-14 00:00:00+09:00,167500.0,169500.0,166500.0,169000.0,40172.0
2019-01-15 00:00:00+09:00,169000.0,171000.0,166000.0,170500.0,66344.0
2019-01-16 00:00:00+09:00,170000.0,177500.0,170000.0,174000.0,147165.0
2019-01-17 00:00:00+09:00,174500.0,176000.0,170000.0,172500.0,52997.0
2019-01-18 00:00:00+09:00,174000.0,174500.0,168500.0,173500.0,57874.0
2019-01-21 00:00:00+09:00,173500.0,173500.0,167500.0,168500.0,75936.0
2019-01-22 00:00:00+09:00,168000.0,170000.0,167500.0,169000.0,35585.0
2019-01-23 00:00:00+09:00,169000.0,171500.0,167500.0,170500.0,40542.0
2019-01-24 00:00:00+09:00,169000.0,170000.0,165500.0,168000.0,67110.0
2019-01-25 00:00:00+09:00,167000.0,169000.0,166500.0,167000.0,50388.0
2019-01-28 00:00:00+09:00,166000.0,168000.0,164000.0,166500.0,57970.0
2019-01-29 00:00:00+09:00,167500.0,168500.0,166000.0,168000.0,43412.0
2019-01-30 00:00:00+09:00,168500.0,170000.0,165000.0,166500.0,62176.0
2019-01-31 00:00:00+09:00,168000.0,169000.0,165500.0,168000.0,62318.0
2019-02-01 00:00:00+09:00,168000.0,169000.0,164500.0,164500.0,76594.0
2019-02-07 00:00:00+09:00,166000.0,166000.0,162000.0,164000.0,53520.0
2019-02-08 00:00:00+09:00,166500.0,175000.0,163500.0,174000.0,173157.0
2019-02-11 00:00:00+09:00,175500.0,180500.0,174000.0,178500.0,178558.0
2019-02-12 00:00:00+09:00,179500.0,180000.0,172000.0,173000.0,81747.0
2019-02-13 00:00:00+09:00,174500.0,177000.0,173000.0,175500.0,56672.0
2019-02-14 00:00:00+09:00,174000.0,180500.0,173000.0,180500.0,69130.0
2019-02-15 00:00:00+09:00,180500.0,180500.0,177000.0,179000.0,37137.0
2019-02-18 00:00:00+09:00,179000.0,179000.0,173500.0,177000.0,54513.0
2019-02-19 00:00:00+09:00,175000.0,180500.0,174000.0,177500.0,79543.0
2019-02-20 00:00:00+09:00,180000.0,183500.0,178500.0,181000.0,120323.0
2019-02-21 00:00:00+09:00,180500.0,183000.0,179000.0,183000.0,60174.0
2019-02-22 00:00:00+09:00,183000.0,184500.0,182500.0,184500.0,64124.0
2019-02-25 00:00:00+09:00,186000.0,195000.0,185000.0,189000.0,132498.0
2019-02-26 00:00:00+09:00,187000.0,191000.0,186500.0,188000.0,57470.0
2019-02-27 00:00:00+09:00,190000.0,192500.0,189000.0,190500.0,62401.0
2019-02-28 00:00:00+09:00,190500.0,190500.0,188000.0,190000.0,76705.0
2019-03-04 00:00:00+09:00,190000.0,191500.0,188000.0,189500.0,43896.0
2019-03-05 00:00:00+09:00,188000.0,190500.0,188000.0,190500.0,55860.0
2019-03-06 00:00:00+09:00,190500.0,190500.0,186500.0,189500.0,48103.0
2019-03-07 00:00:00+09:00,189000.0,190500.0,185000.0,188000.0,47988.0
2019-03-08 00:00:00+09:00,188000.0,188000.0,179500.0,181500.0,74898.0
2019-03-11 00:00:00+09:00,181500.0,184000.0,180000.0,182500.0,47554.0
2019-03-12 00:00:00+09:00,182500.0,185500.0,181500.0,183000.0,39299.0
2019-03-13 00:00:00+09:00,185000.0,185000.0,179000.0,180500.0,49373.0
2019-03-14 00:00:00+09:00,183500.0,186000.0,180500.0,182500.0,54860.0
2019-03-15 00:00:00+09:00,186000.0,186000.0,181500.0,184500.0,85714.0
2019-03-18 00:00:00+09:00,184500.0,185500.0,181500.0,183500.0,28796.0
2019-03-19 00:00:00+09:00,185000.0,185000.0,178500.0,180000.0,59507.0
2019-03-20 00:00:00+09:00,178500.0,178500.0,174000.0,176500.0,64838.0
2019-03-21 00:00:00+09:00,176500.0,179500.0,172000.0,173000.0,61380.0
2019-03-22 00:00:00+09:00,171000.0,175500.0,171000.0,173000.0,38952.0
2019-03-25 00:00:00+09:00,170500.0,172000.0,168500.0,170500.0,38741.0
2019-03-26 00:00:00+09:00,169000.0,170000.0,165500.0,167000.0,96003.0
2019-03-27 00:00:00+09:00,168500.0,169000.0,163000.0,164500.0,85404.0
2019-03-28 00:00:00+09:00,163500.0,163500.0,159500.0,161500.0,99344.0
2019-03-29 00:00:00+09:00,162500.0,167000.0,162000.0,165500.0,68466.0
2019-04-01 00:00:00+09:00,167000.0,171500.0,165500.0,169500.0,75471.0
2019-04-02 00:00:00+09:00,169000.0,170500.0,167000.0,170000.0,72177.0
2019-04-03 00:00:00+09:00,168000.0,171500.0,167000.0,170000.0,77892.0
2019-04-04 00:00:00+09:00,171000.0,171000.0,167000.0,167500.0,74502.0
2019-04-05 00:00:00+09:00,168500.0,169000.0,166500.0,168000.0,53889.0
2019-04-08 00:00:00+09:00,168000.0,171000.0,168000.0,170000.0,48557.0
2019-04-09 00:00:00+09:00,171000.0,171000.0,167500.0,169000.0,48446.0
2019-04-10 00:00:00+09:00,168000.0,169500.0,167000.0,169500.0,65666.0
2019-04-11 00:00:00+09:00,169000.0,170000.0,167000.0,167500.0,48669.0
2019-04-12 00:00:00+09:00,167000.0,169000.0,167000.0,168500.0,47485.0
2019-04-15 00:00:00+09:00,167500.0,180000.0,165500.0,176500.0,205268.0
2019-04-16 00:00:00+09:00,175500.0,175500.0,167500.0,168500.0,192274.0
2019-04-17 00:00:00+09:00,168500.0,168500.0,162000.0,163500.0,137677.0
2019-04-18 00:00:00+09:00,164000.0,164500.0,160000.0,160500.0,76537.0
2019-04-19 00:00:00+09:00,160000.0,161500.0,159500.0,160500.0,39510.0
2019-04-22 00:00:00+09:00,161500.0,162000.0,159000.0,161000.0,57503.0
2019-04-23 00:00:00+09:00,159500.0,161500.0,157500.0,159000.0,66207.0
2019-04-24 00:00:00+09:00,159500.0,159500.0,155500.0,156500.0,56649.0
2019-04-25 00:00:00+09:00,156000.0,157000.0,154500.0,155000.0,46157.0
2019-04-26 00:00:00+09:00,155000.0,160500.0,155000.0,158000.0,62654.0
2019-04-29 00:00:00+09:00,157000.0,158500.0,155500.0,158500.0,67626.0
2019-04-30 00:00:00+09:00,157000.0,159500.0,156000.0,157500.0,44564.0
2019-05-02 00:00:00+09:00,156500.0,163000.0,155000.0,163000.0,95426.0
2019-05-03 00:00:00+09:00,163000.0,168500.0,161000.0,168000.0,159751.0
2019-05-07 00:00:00+09:00,165500.0,167000.0,161000.0,161500.0,101836.0
2019-05-08 00:00:00+09:00,161000.0,161500.0,159000.0,160000.0,56375.0
2019-05-09 00:00:00+09:00,161500.0,162000.0,154500.0,155500.0,58230.0
2019-05-10 00:00:00+09:00,155500.0,157000.0,152000.0,156000.0,75399.0
2019-05-13 00:00:00+09:00,152500.0,153500.0,150000.0,150000.0,74707.0
2019-05-14 00:00:00+09:00,148000.0,154500.0,148000.0,151500.0,74122.0
2019-05-15 00:00:00+09:00,151500.0,154500.0,150500.0,154000.0,46114.0
2019-05-16 00:00:00+09:00,154000.0,155000.0,150500.0,152500.0,37323.0
2019-05-17 00:00:00+09:00,153000.0,154000.0,150000.0,150000.0,38762.0
2019-05-20 00:00:00+09:00,152000.0,154500.0,151000.0,151500.0,27221.0
2019-05-21 00:00:00+09:00,150000.0,154000.0,150000.0,153000.0,22594.0
2019-05-22 00:00:00+09:00,152500.0,154500.0,148000.0,148500.0,43002.0
2019-05-23 00:00:00+09:00,146500.0,148500.0,144500.0,146000.0,74164.0
2019-05-24 00:00:00+09:00,146500.0,149500.0,146500.0,148500.0,37840.0
2019-05-27 00:00:00+09:00,147500.0,151000.0,147500.0,149500.0,30093.0
2019-05-28 00:00:00+09:00,149500.0,153000.0,149000.0,152000.0,105124.0
2019-05-29 00:00:00+09:00,153500.0,154500.0,149000.0,152000.0,36431.0
2019-05-30 00:00:00+09:00,152000.0,152000.0,148500.0,150500.0,31730.0
2019-05-31 00:00:00+09:00,149500.0,159500.0,149500.0,159500.0,74130.0
2019-06-03 00:00:00+09:00,157000.0,160000.0,155500.0,159000.0,42093.0
2019-06-04 00:00:00+09:00,160500.0,160500.0,156500.0,159500.0,61722.0
2019-06-05 00:00:00+09:00,160000.0,160000.0,153000.0,153500.0,72137.0
2019-06-07 00:00:00+09:00,155000.0,159500.0,155000.0,156000.0,48136.0
2019-06-10 00:00:00+09:00,157500.0,158500.0,153000.0,154500.0,46185.0
2019-06-11 00:00:00+09:00,154000.0,156000.0,153500.0,154500.0,30712.0
2019-06-12 00:00:00+09:00,153500.0,156000.0,152500.0,154500.0,32749.0
2019-06-13 00:00:00+09:00,154500.0,157000.0,154000.0,157000.0,41588.0
2019-06-14 00:00:00+09:00,156500.0,156500.0,152000.0,152500.0,55118.0
2019-06-17 00:00:00+09:00,152500.0,153500.0,150000.0,150500.0,23551.0
2019-06-18 00:00:00+09:00,150000.0,152500.0,150000.0,151500.0,43379.0
2019-06-19 00:00:00+09:00,152500.0,153500.0,150500.0,151500.0,38525.0
2019-06-20 00:00:00+09:00,150500.0,154500.0,150500.0,154000.0,36955.0
2019-06-21 00:00:00+09:00,153500.0,155000.0,152500.0,154500.0,33702.0
2019-06-24 00:00:00+09:00,155000.0,155000.0,152000.0,153000.0,23238.0
2019-06-25 00:00:00+09:00,153000.0,154000.0,144500.0,144500.0,133333.0
2019-06-26 00:00:00+09:00,143500.0,144500.0,132000.0,133000.0,320260.0
2019-06-27 00:00:00+09:00,133500.0,135000.0,131500.0,132500.0,193763.0
2019-06-28 00:00:00+09:00,132500.0,135500.0,132000.0,134500.0,118591.0
2019-07-01 00:00:00+09:00,136500.0,137000.0,133000.0,136000.0,62513.0
2019-07-02 00:00:00+09:00,134500.0,135500.0,132000.0,132500.0,73249.0
2019-07-03 00:00:00+09:00,133500.0,134500.0,131500.0,132500.0,49806.0
2019-07-04 00:00:00+09:00,133500.0,133500.0,130500.0,133500.0,42080.0
2019-07-05 00:00:00+09:00,133000.0,135000.0,133000.0,133500.0,43697.0
2019-07-08 00:00:00+09:00,134000.0,134000.0,131000.0,132000.0,27498.0
2019-07-09 00:00:00+09:00,132000.0,133000.0,130000.0,130500.0,32854.0
2019-07-10 00:00:00+09:00,129500.0,131500.0,129000.0,131000.0,28998.0
2019-07-11 00:00:00+09:00,131500.0,135000.0,131500.0,134500.0,33854.0
2019-07-12 00:00:00+09:00,136500.0,139500.0,135500.0,135500.0,109507.0
2019-07-15 00:00:00+09:00,135500.0,137500.0,134500.0,135000.0,32685.0
2019-07-16 00:00:00+09:00,136500.0,137500.0,133500.0,136500.0,37678.0
2019-07-17 00:00:00+09:00,136000.0,139000.0,135000.0,139000.0,48706.0
2019-07-18 00:00:00+09:00,138000.0,141000.0,137000.0,140500.0,50420.0
2019-07-19 00:00:00+09:00,140000.0,140500.0,138000.0,138500.0,44878.0
2019-07-22 00:00:00+09:00,138500.0,140000.0,137000.0,139000.0,17778.0
2019-07-23 00:00:00+09:00,138000.0,140000.0,138000.0,139000.0,30304.0
2019-07-24 00:00:00+09:00,138500.0,140500.0,137000.0,138000.0,30426.0
2019-07-25 00:00:00+09:00,139000.0,139000.0,134000.0,138000.0,53239.0
2019-07-26 00:00:00+09:00,138000.0,139000.0,135500.0,136000.0,25746.0
2019-07-29 00:00:00+09:00,135000.0,137000.0,131000.0,133000.0,47078.0
2019-07-30 00:00:00+09:00,132500.0,135000.0,131500.0,134000.0,24602.0
2019-07-31 00:00:00+09:00,135000.0,138000.0,133000.0,137000.0,41348.0
2019-08-01 00:00:00+09:00,136500.0,139000.0,135000.0,138000.0,42684.0
2019-08-02 00:00:00+09:00,137000.0,140000.0,136500.0,139000.0,62927.0
2019-08-05 00:00:00+09:00,139000.0,139000.0,134000.0,136500.0,46643.0
2019-08-06 00:00:00+09:00,134000.0,137000.0,131000.0,133000.0,49843.0
2019-08-07 00:00:00+09:00,132500.0,135000.0,131000.0,131000.0,30673.0
2019-08-08 00:00:00+09:00,132000.0,141500.0,130500.0,137000.0,129505.0
2019-08-09 00:00:00+09:00,140000.0,140500.0,136000.0,137500.0,67559.0
2019-08-12 00:00:00+09:00,136500.0,142000.0,136000.0,141000.0,58334.0
2019-08-13 00:00:00+09:00,139500.0,141500.0,138500.0,141500.0,38829.0
2019-08-14 00:00:00+09:00,142000.0,142500.0,140500.0,142000.0,36303.0
2019-08-16 00:00:00+09:00,142000.0,142000.0,135000.0,137500.0,70348.0
2019-08-19 00:00:00+09:00,137500.0,140000.0,137500.0,140000.0,28551.0
2019-08-20 00:00:00+09:00,139000.0,141500.0,139000.0,140500.0,19479.0
2019-08-21 00:00:00+09:00,141500.0,142500.0,140500.0,141500.0,17740.0
2019-08-22 00:00:00+09:00,141500.0,142000.0,139500.0,140000.0,20173.0
2019-08-23 00:00:00+09:00,138500.0,143000.0,137500.0,143000.0,30483.0
2019-08-26 00:00:00+09:00,141000.0,142000.0,139000.0,141000.0,14665.0
2019-08-27 00:00:00+09:00,141500.0,143500.0,138500.0,139500.0,46127.0
2019-08-28 00:00:00+09:00,139000.0,141000.0,137500.0,139000.0,28330.0
2019-08-29 00:00:00+09:00,140000.0,142000.0,139500.0,140500.0,33731.0
2019-08-30 00:00:00+09:00,141500.0,143000.0,141000.0,143000.0,26985.0
2019-09-02 00:00:00+09:00,142500.0,147000.0,142000.0,146000.0,48293.0
2019-09-03 00:00:00+09:00,145500.0,146000.0,141500.0,142000.0,48218.0
2019-09-04 00:00:00+09:00,142000.0,143000.0,140500.0,142500.0,46107.0
2019-09-05 00:00:00+09:00,141500.0,142500.0,139500.0,140000.0,70325.0
2019-09-06 00:00:00+09:00,139500.0,141000.0,136000.0,136500.0,56699.0
2019-09-09 00:00:00+09:00,136500.0,138500.0,135000.0,135500.0,44017.0
2019-09-10 00:00:00+09:00,136000.0,137500.0,135500.0,137000.0,45867.0
2019-09-11 00:00:00+09:00,137500.0,139500.0,137000.0,139500.0,109783.0
2019-09-16 00:00:00+09:00,139500.0,140500.0,137500.0,140500.0,36523.0
2019-09-17 00:00:00+09:00,138500.0,140500.0,138500.0,140000.0,44497.0
2019-09-18 00:00:00+09:00,140500.0,144000.0,140000.0,143500.0,62522.0
2019-09-19 00:00:00+09:00,143000.0,144000.0,140000.0,141000.0,28886.0
2019-09-20 00:00:00+09:00,141000.0,143000.0,140000.0,142500.0,43555.0
2019-09-23 00:00:00+09:00,143500.0,145000.0,143000.0,144000.0,49333.0
2019-09-24 00:00:00+09:00,144500.0,147000.0,144000.0,146000.0,59692.0
2019-09-25 00:00:00+09:00,146000.0,149000.0,144500.0,145000.0,74680.0
2019-09-26 00:00:00+09:00,146000.0,149500.0,145500.0,149000.0,115112.0
2019-09-27 00:00:00+09:00,149000.0,149500.0,146500.0,146500.0,39555.0
2019-09-30 00:00:00+09:00,145500.0,147500.0,144000.0,144500.0,35245.0
2019-10-01 00:00:00+09:00,144500.0,146000.0,142000.0,142500.0,43493.0
2019-10-02 00:00:00+09:00,142500.0,143000.0,140000.0,141000.0,52832.0
2019-10-04 00:00:00+09:00,140000.0,145500.0,139500.0,140500.0,49714.0
2019-10-07 00:00:00+09:00,141000.0,142500.0,139000.0,141500.0,38890.0
2019-10-08 00:00:00+09:00,143000.0,146500.0,141000.0,145500.0,56181.0
2019-10-10 00:00:00+09:00,144000.0,146000.0,142000.0,144500.0,60952.0
2019-10-11 00:00:00+09:00,145500.0,146000.0,142500.0,145000.0,39342.0
2019-10-14 00:00:00+09:00,146000.0,147000.0,145500.0,145500.0,26946.0
2019-10-15 00:00:00+09:00,145500.0,147000.0,143000.0,144500.0,29628.0
2019-10-16 00:00:00+09:00,144500.0,146000.0,143500.0,144500.0,25335.0
2019-10-17 00:00:00+09:00,144500.0,150000.0,144500.0,149000.0,114137.0
2019-10-18 00:00:00+09:00,150500.0,157000.0,150000.0,155500.0,193462.0
2019-10-21 00:00:00+09:00,157000.0,157000.0,153000.0,157000.0,44607.0
2019-10-22 00:00:00+09:00,157000.0,159500.0,156000.0,158500.0,52582.0
2019-10-23 00:00:00+09:00,158500.0,159000.0,156500.0,159000.0,30607.0
2019-10-24 00:00:00+09:00,157000.0,157000.0,154000.0,156000.0,37066.0
2019-10-25 00:00:00+09:00,158000.0,158000.0,155500.0,157500.0,20397.0
2019-10-28 00:00:00+09:00,158000.0,158000.0,154000.0,155500.0,24555.0
2019-10-29 00:00:00+09:00,157500.0,157500.0,153000.0,153500.0,34613.0
2019-10-30 00:00:00+09:00,152000.0,155500.0,151500.0,153500.0,37226.0
2019-10-31 00:00:00+09:00,154000.0,158000.0,153000.0,157500.0,44559.0
2019-11-01 00:00:00+09:00,157000.0,159000.0,155000.0,157500.0,32891.0
2019-11-04 00:00:00+09:00,158500.0,163500.0,158500.0,163500.0,99150.0
2019-11-05 00:00:00+09:00,164000.0,164000.0,161000.0,162500.0,34408.0
2019-11-06 00:00:00+09:00,161500.0,166000.0,161000.0,165000.0,70477.0
2019-11-07 00:00:00+09:00,167500.0,169000.0,158500.0,163000.0,165321.0
2019-11-08 00:00:00+09:00,162500.0,162500.0,155500.0,157500.0,123966.0
2019-11-11 00:00:00+09:00,157500.0,159500.0,155500.0,157500.0,47512.0
2019-11-12 00:00:00+09:00,157000.0,159500.0,155000.0,159500.0,56895.0
2019-11-13 00:00:00+09:00,158500.0,159500.0,156500.0,158000.0,42131.0
2019-11-14 00:00:00+09:00,158500.0,159500.0,157000.0,159000.0,35599.0
2019-11-15 00:00:00+09:00,160000.0,161000.0,157500.0,158000.0,55995.0
2019-11-18 00:00:00+09:00,157500.0,161000.0,157500.0,159000.0,39520.0
2019-11-19 00:00:00+09:00,159000.0,160000.0,157000.0,160000.0,35649.0
2019-11-20 00:00:00+09:00,158500.0,160000.0,157500.0,159000.0,33124.0
2019-11-21 00:00:00+09:00,161000.0,161000.0,157000.0,158000.0,35242.0
2019-11-22 00:00:00+09:00,158000.0,158500.0,156000.0,158000.0,25198.0
2019-11-25 00:00:00+09:00,158000.0,159500.0,158000.0,159500.0,30871.0
2019-11-26 00:00:00+09:00,159500.0,160000.0,157000.0,157000.0,73335.0
2019-11-27 00:00:00+09:00,158000.0,160000.0,158000.0,158000.0,51587.0
2019-11-28 00:00:00+09:00,157500.0,160500.0,156500.0,160000.0,29733.0
2019-11-29 00:00:00+09:00,158500.0,159500.0,157000.0,157500.0,34400.0
2019-12-02 00:00:00+09:00,158500.0,158500.0,154000.0,154000.0,35910.0
2019-12-03 00:00:00+09:00,153500.0,154000.0,151500.0,153500.0,29185.0
2019-12-04 00:00:00+09:00,152000.0,153500.0,150000.0,151000.0,29191.0
2019-12-05 00:00:00+09:00,151000.0,152500.0,148000.0,149000.0,37412.0
2019-12-06 00:00:00+09:00,150000.0,151500.0,149000.0,150500.0,37037.0
2019-12-09 00:00:00+09:00,151000.0,152000.0,150000.0,151500.0,37794.0
2019-12-10 00:00:00+09:00,150000.0,157000.0,150000.0,157000.0,41683.0
2019-12-11 00:00:00+09:00,157500.0,158000.0,154500.0,155000.0,27078.0
2019-12-12 00:00:00+09:00,156000.0,156500.0,153500.0,154500.0,78105.0
2019-12-13 00:00:00+09:00,154500.0,157000.0,154500.0,155000.0,29921.0
2019-12-16 00:00:00+09:00,155500.0,157000.0,154500.0,154500.0,20639.0
2019-12-17 00:00:00+09:00,154000.0,156000.0,152000.0,152500.0,33368.0
2019-12-18 00:00:00+09:00,151000.0,153500.0,150500.0,152000.0,33348.0
2019-12-19 00:00:00+09:00,151500.0,153500.0,151500.0,152000.0,25008.0
2019-12-20 00:00:00+09:00,153500.0,153500.0,151500.0,153500.0,40208.0
2019-12-23 00:00:00+09:00,154500.0,154500.0,151500.0,151500.0,30087.0
2019-12-24 00:00:00+09:00,151000.0,152000.0,149500.0,150000.0,18895.0
2019-12-26 00:00:00+09:00,151000.0,151000.0,149000.0,150000.0,24767.0
2019-12-27 00:00:00+09:00,149000.0,156000.0,148500.0,154500.0,51508.0
2019-12-30 00:00:00+09:00,155500.0,156000.0,153000.0,155000.0,63767.0
2020-01-02 00:00:00+09:00,155000.0,155500.0,152500.0,152500.0,24403.0
2020-01-03 00:00:00+09:00,153500.0,153500.0,147000.0,148000.0,72998.0
2020-01-06 00:00:00+09:00,147500.0,149000.0,144500.0,147000.0,67028.0
2020-01-07 00:00:00+09:00,147000.0,147500.0,145000.0,147000.0,25991.0
2020-01-08 00:00:00+09:00,144500.0,145500.0,141000.0,143500.0,46281.0
2020-01-09 00:00:00+09:00,143500.0,145500.0,142500.0,143500.0,57391.0
2020-01-10 00:00:00+09:00,142000.0,145000.0,141500.0,143500.0,47173.0
2020-01-13 00:00:00+09:00,143500.0,146000.0,142500.0,145500.0,30864.0
2020-01-14 00:00:00+09:00,145500.0,147000.0,144500.0,145000.0,40149.0
2020-01-15 00:00:00+09:00,145000.0,147000.0,144000.0,145500.0,31200.0
2020-01-16 00:00:00+09:00,145000.0,145500.0,143500.0,145000.0,31334.0
2020-01-17 00:00:00+09:00,144500.0,146000.0,143000.0,144000.0,25778.0
2020-01-20 00:00:00+09:00,143500.0,146500.0,143500.0,145500.0,34966.0
2020-01-21 00:00:00+09:00,147000.0,147500.0,145000.0,146000.0,20999.0
2020-01-22 00:00:00+09:00,145500.0,147000.0,143000.0,143500.0,47698.0
2020-01-23 00:00:00+09:00,143000.0,146000.0,141000.0,142000.0,98867.0
2020-01-28 00:00:00+09:00,138000.0,139500.0,135500.0,136000.0,49609.0
2020-01-29 00:00:00+09:00,137000.0,140000.0,134000.0,139000.0,45905.0
2020-01-30 00:00:00+09:00,140000.0,147500.0,140000.0,143000.0,92106.0
2020-01-31 00:00:00+09:00,142000.0,147000.0,142000.0,146000.0,59914.0
2020-02-03 00:00:00+09:00,149500.0,153000.0,142500.0,142500.0,126962.0
2020-02-04 00:00:00+09:00,142500.0,143500.0,138500.0,141500.0,72637.0
2020-02-05 00:00:00+09:00,141500.0,144000.0,141500.0,143000.0,45135.0
2020-02-06 00:00:00+09:00,144500.0,147000.0,142500.0,145500.0,52474.0
2020-02-07 00:00:00+09:00,145500.0,151500.0,144500.0,147000.0,83620.0
2020-02-10 00:00:00+09:00,147000.0,150000.0,143500.0,146500.0,96252.0
2020-02-11 00:00:00+09:00,146500.0,148500.0,143000.0,143500.0,70741.0
2020-02-12 00:00:00+09:00,143500.0,145500.0,142500.0,145000.0,62098.0
2020-02-13 00:00:00+09:00,145000.0,148000.0,143500.0,148000.0,62816.0
2020-02-14 00:00:00+09:00,147000.0,147500.0,143500.0,143500.0,50615.0
2020-02-17 00:00:00+09:00,144500.0,145000.0,141000.0,141500.0,56942.0
2020-02-18 00:00:00+09:00,141000.0,141500.0,139500.0,140000.0,40040.0
2020-02-19 00:00:00+09:00,142000.0,142000.0,138000.0,139000.0,46195.0
2020-02-20 00:00:00+09:00,139000.0,140000.0,136000.0,137000.0,47111.0
2020-02-21 00:00:00+09:00,136500.0,139000.0,136000.0,136500.0,48417.0
2020-02-24 00:00:00+09:00,138000.0,143000.0,134000.0,134500.0,193266.0
2020-02-25 00:00:00+09:00,136000.0,139000.0,134500.0,136500.0,64852.0
2020-02-26 00:00:00+09:00,139000.0,139000.0,135500.0,137000.0,63000.0
2020-02-27 00:00:00+09:00,137000.0,139000.0,136500.0,137500.0,48639.0
2020-02-28 00:00:00+09:00,134500.0,137000.0,132500.0,133500.0,88109.0
2020-03-02 00:00:00+09:00,134500.0,135500.0,130000.0,132000.0,46323.0
2020-03-03 00:00:00+09:00,134500.0,137000.0,133000.0,135000.0,57397.0
2020-03-04 00:00:00+09:00,136000.0,142500.0,135000.0,142000.0,71964.0
2020-03-05 00:00:00+09:00,143000.0,143000.0,140000.0,142000.0,45374.0
2020-03-06 00:00:00+09:00,141500.0,141500.0,138000.0,140500.0,32271.0
2020-03-09 00:00:00+09:00,141000.0,141500.0,134000.0,135500.0,64111.0
2020-03-10 00:00:00+09:00,135500.0,138500.0,135500.0,137000.0,44224.0
2020-03-11 00:00:00+09:00,136500.0,139000.0,134500.0,136500.0,52057.0
2020-03-12 00:00:00+09:00,138000.0,138000.0,130000.0,132000.0,64481.0
2020-03-13 00:00:00+09:00,122000.0,125000.0,110000.0,122000.0,145289.0
2020-03-16 00:00:00+09:00,126500.0,129000.0,118000.0,119500.0,89164.0
2020-03-17 00:00:00+09:00,113000.0,120500.0,112000.0,118500.0,110094.0
2020-03-18 00:00:00+09:00,122000.0,131000.0,121500.0,125500.0,112702.0
2020-03-19 00:00:00+09:00,128000.0,137000.0,118000.0,127000.0,181614.0
2020-03-20 00:00:00+09:00,130500.0,133500.0,124500.0,133500.0,109678.0
2020-03-23 00:00:00+09:00,127000.0,134500.0,123500.0,132000.0,76485.0
2020-03-24 00:00:00+09:00,133000.0,134500.0,130500.0,132000.0,99427.0
2020-03-25 00:00:00+09:00,133500.0,135000.0,128500.0,131000.0,122132.0
2020-03-26 00:00:00+09:00,131500.0,132500.0,129000.0,129500.0,77888.0
2020-03-27 00:00:00+09:00,132000.0,132500.0,126500.0,129500.0,103550.0
2020-03-30 00:00:00+09:00,126500.0,133000.0,125500.0,132500.0,67910.0
2020-03-31 00:00:00+09:00,133500.0,136000.0,132000.0,136000.0,83500.0
2020-04-01 00:00:00+09:00,135500.0,136000.0,128000.0,128000.0,72016.0
2020-04-02 00:00:00+09:00,129000.0,133000.0,126000.0,131000.0,68311.0
2020-04-03 00:00:00+09:00,130000.0,130500.0,125500.0,127000.0,105709.0
2020-04-06 00:00:00+09:00,128500.0,131500.0,127500.0,131500.0,74357.0
2020-04-07 00:00:00+09:00,133000.0,136000.0,131500.0,135000.0,93191.0
2020-04-08 00:00:00+09:00,134500.0,138000.0,133500.0,136000.0,70682.0
2020-04-09 00:00:00+09:00,137000.0,137000.0,134500.0,136500.0,89270.0
2020-04-10 00:00:00+09:00,136000.0,136000.0,132500.0,135000.0,51587.0
2020-04-13 00:00:00+09:00,135000.0,135500.0,130500.0,131000.0,41272.0
2020-04-14 00:00:00+09:00,133000.0,135000.0,132000.0,133500.0,46245.0
2020-04-16 00:00:00+09:00,133500.0,147000.0,133500.0,143000.0,168418.0
2020-04-17 00:00:00+09:00,145000.0,148000.0,142000.0,147500.0,109994.0
2020-04-20 00:00:00+09:00,149500.0,150000.0,144000.0,144500.0,57152.0
2020-04-21 00:00:00+09:00,145500.0,145500.0,138500.0,142500.0,67556.0
2020-04-22 00:00:00+09:00,141000.0,148000.0,140000.0,148000.0,81220.0
2020-04-23 00:00:00+09:00,147000.0,150000.0,145000.0,148000.0,77878.0
2020-04-24 00:00:00+09:00,148000.0,148000.0,143500.0,146000.0,42807.0
2020-04-27 00:00:00+09:00,147000.0,152500.0,145500.0,150000.0,98372.0
2020-04-28 00:00:00+09:00,150000.0,150000.0,145000.0,146500.0,53535.0
2020-04-29 00:00:00+09:00,147500.0,150000.0,147000.0,148000.0,55060.0
2020-05-04 00:00:00+09:00,144000.0,145000.0,141500.0,141500.0,86017.0
2020-05-06 00:00:00+09:00,144000.0,147500.0,142500.0,146000.0,101053.0
2020-05-07 00:00:00+09:00,145500.0,146500.0,144000.0,145000.0,51369.0
2020-05-08 00:00:00+09:00,145000.0,147000.0,144000.0,144000.0,58485.0
2020-05-11 00:00:00+09:00,144000.0,146000.0,143000.0,143000.0,66650.0
2020-05-12 00:00:00+09:00,143000.0,144000.0,140500.0,141000.0,63085.0
2020-05-13 00:00:00+09:00,141000.0,149500.0,141000.0,148500.0,196654.0
2020-05-14 00:00:00+09:00,149500.0,149500.0,142000.0,144500.0,148524.0
2020-05-15 00:00:00+09:00,146000.0,148500.0,141500.0,148500.0,155712.0
2020-05-18 00:00:00+09:00,149500.0,156500.0,147000.0,155000.0,232708.0
2020-05-19 00:00:00+09:00,155500.0,156500.0,151500.0,155000.0,133656.0
2020-05-20 00:00:00+09:00,155500.0,157000.0,152000.0,156500.0,84190.0
2020-05-21 00:00:00+09:00,156000.0,157000.0,153500.0,156000.0,67089.0
2020-05-22 00:00:00+09:00,157500.0,160000.0,154000.0,155500.0,130720.0
2020-05-25 00:00:00+09:00,158000.0,159500.0,154500.0,159500.0,60144.0
2020-05-26 00:00:00+09:00,159500.0,159500.0,156000.0,157500.0,46891.0
2020-05-27 00:00:00+09:00,158000.0,158000.0,153500.0,154000.0,73142.0
2020-05-28 00:00:00+09:00,157000.0,157500.0,153500.0,155500.0,78357.0
2020-05-29 00:00:00+09:00,157000.0,161000.0,155000.0,161000.0,108672.0
2020-06-01 00:00:00+09:00,159000.0,163500.0,158500.0,163500.0,51806.0
2020-06-02 00:00:00+09:00,161500.0,168000.0,161000.0,163500.0,72153.0
2020-06-03 00:00:00+09:00,165500.0,168500.0,164000.0,165000.0,76596.0
2020-06-04 00:00:00+09:00,166000.0,166000.0,160500.0,165000.0,56818.0
2020-06-05 00:00:00+09:00,165000.0,165000.0,162000.0,164000.0,55237.0
2020-06-08 00:00:00+09:00,165500.0,167000.0,161000.0,161000.0,60056.0
2020-06-09 00:00:00+09:00,164000.0,164000.0,159000.0,161000.0,52292.0
2020-06-10 00:00:00+09:00,161000.0,166000.0,160000.0,165000.0,60960.0
2020-06-11 00:00:00+09:00,162500.0,166500.0,160500.0,164500.0,76412.0
2020-06-12 00:00:00+09:00,159000.0,163000.0,158000.0,161000.0,53410.0
2020-06-15 00:00:00+09:00,161000.0,165000.0,155500.0,155500.0,61292.0
2020-06-16 00:00:00+09:00,158000.0,163500.0,158000.0,163000.0,53450.0
2020-06-17 00:00:00+09:00,162500.0,165000.0,161000.0,162500.0,38741.0
2020-06-18 00:00:00+09:00,161000.0,166000.0,161000.0,163000.0,54164.0
2020-06-19 00:00:00+09:00,165500.0,165500.0,160500.0,162500.0,30020.0
2020-06-22 00:00:00+09:00,161000.0,162500.0,159000.0,159000.0,37377.0
2020-06-23 00:00:00+09:00,159000.0,161000.0,157000.0,157500.0,46616.0
2020-06-24 00:00:00+09:00,156500.0,161000.0,156500.0,159500.0,56467.0
2020-06-25 00:00:00+09:00,157500.0,161500.0,156500.0,159000.0,38219.0
2020-06-26 00:00:00+09:00,159000.0,161500.0,157500.0,161500.0,31230.0
2020-06-29 00:00:00+09:00,158500.0,160500.0,155500.0,156500.0,50075.0
2020-06-30 00:00:00+09:00,157500.0,161500.0,157000.0,157500.0,50811.0
2020-07-01 00:00:00+09:00,158000.0,159000.0,157000.0,157500.0,23277.0
2020-07-02 00:00:00+09:00,158500.0,160500.0,158000.0,160500.0,31775.0
2020-07-03 00:00:00+09:00,160500.0,162000.0,159000.0,161500.0,29672.0
2020-07-06 00:00:00+09:00,162500.0,167000.0,161500.0,167000.0,57053.0
2020-07-07 00:00:00+09:00,167000.0,167000.0,163500.0,166000.0,51214.0
2020-07-08 00:00:00+09:00,167000.0,168000.0,161500.0,163000.0,47104.0
2020-07-09 00:00:00+09:00,164000.0,166500.0,162000.0,166000.0,48159.0
2020-07-10 00:00:00+09:00,166000.0,166000.0,162500.0,166000.0,39101.0
2020-07-13 00:00:00+09:00,167000.0,167000.0,163000.0,164000.0,37458.0
2020-07-14 00:00:00+09:00,162500.0,163000.0,159000.0,160500.0,35883.0
2020-07-15 00:00:00+09:00,163000.0,163000.0,160500.0,161000.0,28359.0
2020-07-16 00:00:00+09:00,160500.0,163000.0,160500.0,163000.0,32680.0
2020-07-17 00:00:00+09:00,162000.0,163500.0,159500.0,160000.0,23708.0
2020-07-20 00:00:00+09:00,160000.0,162500.0,157500.0,161500.0,52071.0
2020-07-21 00:00:00+09:00,161000.0,163000.0,160000.0,161500.0,44223.0
2020-07-22 00:00:00+09:00,161000.0,162500.0,154500.0,155000.0,91319.0
2020-07-23 00:00:00+09:00,155000.0,155500.0,150000.0,150500.0,84648.0
2020-07-24 00:00:00+09:00,150000.0,154000.0,149000.0,152500.0,67592.0
2020-07-27 00:00:00+09:00,152500.0,156000.0,152000.0,154500.0,68008.0
2020-07-28 00:00:00+09:00,153500.0,158000.0,152500.0,155000.0,102547.0
2020-07-29 00:00:00+09:00,154000.0,156500.0,153000.0,155000.0,51037.0
2020-07-30 00:00:00+09:00,154000.0,155500.0,152000.0,152000.0,48392.0
2020-07-31 00:00:00+09:00,152000.0,154000.0,151500.0,153000.0,48334.0
2020-08-03 00:00:00+09:00,153000.0,153000.0,150500.0,151000.0,36909.0
2020-08-04 00:00:00+09:00,151000.0,153500.0,151000.0,152500.0,41764.0
2020-08-05 00:00:00+09:00,152000.0,153000.0,150500.0,152000.0,61416.0
2020-08-06 00:00:00+09:00,151000.0,155500.0,150500.0,153000.0,77997.0
2020-08-07 00:00:00+09:00,155500.0,158000.0,150000.0,150500.0,147020.0
2020-08-10 00:00:00+09:00,150500.0,151000.0,148500.0,150000.0,169343.0
2020-08-11 00:00:00+09:00,151000.0,155000.0,150000.0,154500.0,137374.0
2020-08-12 00:00:00+09:00,154500.0,157500.0,152000.0,157000.0,85712.0
2020-08-13 00:00:00+09:00,157000.0,157500.0,153000.0,154500.0,124211.0
2020-08-14 00:00:00+09:00,154500.0,156000.0,152500.0,154000.0,49459.0
2020-08-18 00:00:00+09:00,154000.0,155000.0,150500.0,151500.0,64502.0
2020-08-19 00:00:00+09:00,151000.0,152500.0,150500.0,152000.0,45677.0
2020-08-20 00:00:00+09:00,150500.0,152000.0,145000.0,145500.0,92023.0
2020-08-21 00:00:00+09:00,145500.0,148500.0,145000.0,147500.0,49497.0
2020-08-24 00:00:00+09:00,147500.0,148500.0,145000.0,146000.0,59749.0
2020-08-25 00:00:00+09:00,147000.0,149500.0,146000.0,149000.0,51829.0
2020-08-26 00:00:00+09:00,148500.0,150000.0,147000.0,150000.0,43631.0
2020-08-27 00:00:00+09:00,148500.0,151500.0,147000.0,149500.0,60946.0
2020-08-28 00:00:00+09:00,152000.0,153500.0,148000.0,149500.0,82901.0
2020-08-31 00:00:00+09:00,151500.0,154500.0,150500.0,151500.0,97195.0
2020-09-01 00:00:00+09:00,154000.0,162000.0,153500.0,156500.0,154707.0
2020-09-02 00:00:00+09:00,158000.0,159000.0,155000.0,159000.0,72831.0
2020-09-03 00:00:00+09:00,157500.0,159000.0,156500.0,159000.0,68585.0
2020-09-04 00:00:00+09:00,155500.0,159500.0,155000.0,158500.0,75056.0
2020-09-07 00:00:00+09:00,161000.0,161500.0,158500.0,160000.0,67442.0
2020-09-08 00:00:00+09:00,161000.0,161000.0,156000.0,156000.0,60326.0
2020-09-09 00:00:00+09:00,155000.0,158000.0,154000.0,158000.0,36353.0
2020-09-10 00:00:00+09:00,157000.0,159500.0,155000.0,156000.0,69745.0
2020-09-11 00:00:00+09:00,155500.0,156500.0,154500.0,156500.0,34534.0
2020-09-14 00:00:00+09:00,158000.0,158000.0,156500.0,158000.0,37545.0
2020-09-15 00:00:00+09:00,157000.0,166000.0,155000.0,162500.0,177451.0
2020-09-16 00:00:00+09:00,163000.0,185000.0,163000.0,177500.0,514853.0
2020-09-17 00:00:00+09:00,179500.0,182000.0,173500.0,179500.0,192425.0
2020-09-18 00:00:00+09:00,179500.0,182000.0,176500.0,182000.0,138109.0
2020-09-21 00:00:00+09:00,181500.0,183000.0,172500.0,177000.0,141232.0
2020-09-22 00:00:00+09:00,173500.0,176000.0,168000.0,168500.0,123811.0
2020-09-23 00:00:00+09:00,170000.0,174500.0,166500.0,169500.0,104907.0
2020-09-24 00:00:00+09:00,168000.0,173500.0,164000.0,170000.0,143177.0
2020-09-25 00:00:00+09:00,170500.0,174000.0,168500.0,169500.0,73251.0
2020-09-28 00:00:00+09:00,170000.0,177500.0,168500.0,172000.0,74447.0
2020-09-29 00:00:00+09:00,175000.0,180000.0,173500.0,177500.0,102032.0
2020-10-05 00:00:00+09:00,177500.0,182000.0,173000.0,182000.0,102663.0
2020-10-06 00:00:00+09:00,183000.0,183500.0,176000.0,179000.0,79140.0
2020-10-07 00:00:00+09:00,179000.0,185000.0,179000.0,183000.0,107720.0
2020-10-08 00:00:00+09:00,185000.0,190000.0,182500.0,184000.0,96198.0
2020-10-12 00:00:00+09:00,183500.0,190500.0,183000.0,188500.0,85669.0
2020-10-13 00:00:00+09:00,187000.0,189000.0,183000.0,186500.0,86811.0
2020-10-14 00:00:00+09:00,193000.0,193500.0,177000.0,180500.0,252777.0
2020-10-15 00:00:00+09:00,183500.0,185500.0,179000.0,181500.0,138315.0
2020-10-16 00:00:00+09:00,183500.0,183500.0,178000.0,181000.0,60771.0
2020-10-19 00:00:00+09:00,183000.0,184000.0,178500.0,181500.0,66424.0
2020-10-20 00:00:00+09:00,181500.0,187000.0,179500.0,182500.0,76105.0
2020-10-21 00:00:00+09:00,182000.0,184000.0,177500.0,179000.0,57818.0
2020-10-22 00:00:00+09:00,178000.0,178000.0,168500.0,170000.0,114299.0
2020-10-23 00:00:00+09:00,171500.0,172000.0,165500.0,167500.0,127101.0
2020-10-26 00:00:00+09:00,166000.0,166500.0,161000.0,163500.0,113145.0
2020-10-27 00:00:00+09:00,164000.0,165500.0,159000.0,160500.0,1884952.0
2020-10-28 00:00:00+09:00,159000.0,162000.0,157500.0,161000.0,87836.0
2020-10-29 00:00:00+09:00,159000.0,161000.0,157000.0,159000.0,88707.0
2020-10-30 00:00:00+09:00,160000.0,161000.0,155500.0,159500.0,83732.0
2020-11-02 00:00:00+09:00,160000.0,161000.0,159000.0,161000.0,35714.0
2020-11-03 00:00:00+09:00,160000.0,165000.0,160000.0,163000.0,71879.0
2020-11-04 00:00:00+09:00,163500.0,164500.0,160500.0,162000.0,55479.0
2020-11-05 00:00:00+09:00,163000.0,166000.0,162000.0,166000.0,89516.0
2020-11-06 00:00:00+09:00,166000.0,166000.0,158500.0,160000.0,173140.0
2020-11-09 00:00:00+09:00,160500.0,162500.0,160000.0,162000.0,102846.0
2020-11-10 00:00:00+09:00,161000.0,161500.0,153500.0,155500.0,237909.0
2020-11-11 00:00:00+09:00,155500.0,158000.0,155500.0,158000.0,86741.0
2020-11-12 00:00:00+09:00,158000.0,161000.0,156000.0,161000.0,94750.0
2020-11-13 00:00:00+09:00,160500.0,162500.0,158000.0,161000.0,96404.0
2020-11-16 00:00:00+09:00,162500.0,162500.0,159500.0,159500.0,73300.0
2020-11-17 00:00:00+09:00,159500.0,160000.0,157000.0,157000.0,69739.0
2020-11-18 00:00:00+09:00,158500.0,164500.0,157000.0,164000.0,151690.0
2020-11-19 00:00:00+09:00,163500.0,171500.0,162000.0,166000.0,212258.0
2020-11-20 00:00:00+09:00,167000.0,171000.0,167000.0,169500.0,112262.0
2020-11-23 00:00:00+09:00,169500.0,169500.0,164500.0,169000.0,88154.0
2020-11-24 00:00:00+09:00,168500.0,168500.0,165000.0,165500.0,82112.0
2020-11-25 00:00:00+09:00,165500.0,166000.0,162500.0,163500.0,94025.0
2020-11-26 00:00:00+09:00,162500.0,166000.0,162500.0,166000.0,59500.0
2020-11-27 00:00:00+09:00,166000.0,166000.0,161500.0,162500.0,72347.0
2020-11-30 00:00:00+09:00,164500.0,166000.0,162500.0,166000.0,118430.0
2020-12-01 00:00:00+09:00,166000.0,166000.0,164000.0,164500.0,49589.0
2020-12-02 00:00:00+09:00,164500.0,164500.0,161500.0,162000.0,96844.0
2020-12-03 00:00:00+09:00,161500.0,162500.0,160500.0,162500.0,74693.0
2020-12-04 00:00:00+09:00,162500.0,163000.0,160500.0,161500.0,64608.0
2020-12-07 00:00:00+09:00,159500.0,160000.0,157500.0,158000.0,112933.0
2020-12-08 00:00:00+09:00,159000.0,160500.0,158000.0,159500.0,70202.0
2020-12-09 00:00:00+09:00,159000.0,161000.0,158500.0,160500.0,76452.0
2020-12-10 00:00:00+09:00,162000.0,162000.0,158500.0,161500.0,135637.0
2020-12-11 00:00:00+09:00,161500.0,162500.0,161000.0,161000.0,75168.0
2020-12-14 00:00:00+09:00,162500.0,162500.0,160000.0,161500.0,66886.0
2020-12-15 00:00:00+09:00,161500.0,162500.0,160500.0,161000.0,53821.0
2020-12-16 00:00:00+09:00,161500.0,162500.0,160500.0,161500.0,74179.0
2020-12-17 00:00:00+09:00,162500.0,162500.0,160500.0,160500.0,49182.0
2020-12-18 00:00:00+09:00,161000.0,163500.0,160500.0,163500.0,83471.0
2020-12-21 00:00:00+09:00,164000.0,164000.0,161000.0,163500.0,60695.0
2020-12-22 00:00:00+09:00,163000.0,165000.0,161500.0,161500.0,74180.0
2020-12-23 00:00:00+09:00,162500.0,164000.0,162000.0,163000.0,45348.0
2020-12-24 00:00:00+09:00,163000.0,164000.0,161000.0,163500.0,62372.0
2020-12-28 00:00:00+09:00,163500.0,164500.0,161000.0,164000.0,101842.0
2020-12-29 00:00:00+09:00,162500.0,164500.0,162000.0,164000.0,65749.0
2020-12-30 00:00:00+09:00,164000.0,166500.0,163000.0,165500.0,70687.0
2021-01-04 00:00:00+09:00,167500.0,169000.0,163500.0,168500.0,118757.0
2021-01-05 00:00:00+09:00,168000.0,179000.0,167500.0,177000.0,275065.0
2021-01-06 00:00:00+09:00,177000.0,177000.0,170500.0,172000.0,133609.0
2021-01-07 00:00:00+09:00,174000.0,177000.0,172000.0,174500.0,111350.0
2021-01-08 00:00:00+09:00,175000.0,175000.0,170500.0,173000.0,119868.0
2021-01-11 00:00:00+09:00,173000.0,173500.0,167500.0,170000.0,138200.0
2021-01-12 00:00:00+09:00,171500.0,172000.0,168000.0,172000.0,88355.0
2021-01-13 00:00:00+09:00,173000.0,173000.0,170000.0,170500.0,71433.0
2021-01-14 00:00:00+09:00,169500.0,172500.0,168500.0,171000.0,97606.0
2021-01-15 00:00:00+09:00,172000.0,176500.0,169000.0,169000.0,146533.0
2021-01-18 00:00:00+09:00,167500.0,168500.0,161000.0,161500.0,124302.0
2021-01-19 00:00:00+09:00,163000.0,167000.0,163000.0,165000.0,74337.0
2021-01-20 00:00:00+09:00,165500.0,167500.0,163500.0,167000.0,72783.0
2021-01-21 00:00:00+09:00,167500.0,169500.0,167000.0,169000.0,79789.0
2021-01-22 00:00:00+09:00,171000.0,172000.0,166500.0,171000.0,109649.0
2021-01-25 00:00:00+09:00,172000.0,173000.0,169500.0,172000.0,70851.0
2021-01-26 00:00:00+09:00,172000.0,172000.0,169000.0,169500.0,62947.0
2021-01-27 00:00:00+09:00,171000.0,172000.0,167500.0,169000.0,83331.0
2021-01-28 00:00:00+09:00,167000.0,177000.0,165000.0,173500.0,186405.0
2021-01-29 00:00:00+09:00,175500.0,175500.0,166500.0,168000.0,158729.0
2021-02-01 00:00:00+09:00,169500.0,171000.0,164500.0,170000.0,64790.0
2021-02-02 00:00:00+09:00,170000.0,176000.0,169000.0,174000.0,122668.0
2021-02-03 00:00:00+09:00,176500.0,191500.0,174000.0,189500.0,469408.0
2021-02-04 00:00:00+09:00,193000.0,194500.0,185500.0,188500.0,198308.0
2021-02-05 00:00:00+09:00,189000.0,189000.0,182500.0,184000.0,92775.0
2021-02-08 00:00:00+09:00,185500.0,186500.0,178500.0,180000.0,109852.0
2021-02-09 00:00:00+09:00,180000.0,181000.0,176000.0,177000.0,69934.0
2021-02-10 00:00:00+09:00,177000.0,177000.0,172000.0,173500.0,118702.0
2021-02-15 00:00:00+09:00,176000.0,176000.0,172500.0,173500.0,95929.0
2021-02-16 00:00:00+09:00,174500.0,179000.0,173500.0,179000.0,102372.0
2021-02-17 00:00:00+09:00,179500.0,179500.0,173000.0,174500.0,90898.0
2021-02-18 00:00:00+09:00,175500.0,176000.0,171500.0,171500.0,73557.0
2021-02-19 00:00:00+09:00,171500.0,173500.0,168500.0,170500.0,71528.0
2021-02-22 00:00:00+09:00,172000.0,174500.0,171500.0,171500.0,53738.0
2021-02-23 00:00:00+09:00,172000.0,172500.0,169000.0,170500.0,66345.0
2021-02-24 00:00:00+09:00,170500.0,171000.0,165500.0,165500.0,79450.0
2021-02-25 00:00:00+09:00,166500.0,168000.0,162500.0,167500.0,92447.0
2021-02-26 00:00:00+09:00,165500.0,166000.0,162500.0,164000.0,71990.0
2021-03-02 00:00:00+09:00,166000.0,166500.0,162000.0,163000.0,57658.0
2021-03-03 00:00:00+09:00,163000.0,170000.0,163000.0,168000.0,67078.0
2021-03-04 00:00:00+09:00,168000.0,172500.0,166000.0,170500.0,104989.0
2021-03-05 00:00:00+09:00,170500.0,170500.0,166500.0,167000.0,55587.0
2021-03-08 00:00:00+09:00,168000.0,170500.0,167000.0,168000.0,35081.0
2021-03-09 00:00:00+09:00,169000.0,170500.0,164000.0,165000.0,74939.0
2021-03-10 00:00:00+09:00,167000.0,169500.0,165000.0,166500.0,47118.0
2021-03-11 00:00:00+09:00,167000.0,171000.0,167000.0,169000.0,65418.0
2021-03-12 00:00:00+09:00,171000.0,171000.0,169500.0,170500.0,37967.0
2021-03-15 00:00:00+09:00,170000.0,172000.0,168000.0,172000.0,42498.0
2021-03-16 00:00:00+09:00,173000.0,176500.0,172500.0,176000.0,127553.0
2021-03-17 00:00:00+09:00,176500.0,176500.0,174000.0,176000.0,48787.0
2021-03-18 00:00:00+09:00,176500.0,178500.0,174000.0,174000.0,61926.0
2021-03-19 00:00:00+09:00,172000.0,172500.0,169000.0,169500.0,62610.0
2021-03-22 00:00:00+09:00,171000.0,174000.0,169500.0,174000.0,51633.0
2021-03-23 00:00:00+09:00,174500.0,175500.0,171500.0,173500.0,42919.0
2021-03-24 00:00:00+09:00,173500.0,182500.0,173000.0,180000.0,149224.0
2021-03-25 00:00:00+09:00,181500.0,186000.0,172000.0,178500.0,209785.0
2021-03-26 00:00:00+09:00,180500.0,187000.0,180500.0,185000.0,152253.0
2021-03-29 00:00:00+09:00,185000.0,190000.0,185000.0,189500.0,107560.0
2021-03-30 00:00:00+09:00,190000.0,190500.0,184000.0,186500.0,78020.0
2021-03-31 00:00:00+09:00,186500.0,187000.0,181000.0,183000.0,71655.0
2021-04-01 00:00:00+09:00,182500.0,185500.0,178500.0,180500.0,74956.0
2021-04-02 00:00:00+09:00,179500.0,183000.0,179500.0,182000.0,43726.0
2021-04-05 00:00:00+09:00,181500.0,182000.0,179500.0,180500.0,29617.0
2021-04-06 00:00:00+09:00,180000.0,183500.0,178000.0,183500.0,48109.0
2021-04-07 00:00:00+09:00,182000.0,183500.0,180500.0,183000.0,37515.0
2021-04-08 00:00:00+09:00,183000.0,183000.0,179000.0,179000.0,47903.0
2021-04-09 00:00:00+09:00,179000.0,180000.0,177500.0,178000.0,50022.0
2021-04-12 00:00:00+09:00,178500.0,180000.0,177000.0,178000.0,33527.0
2021-04-13 00:00:00+09:00,178500.0,178500.0,175000.0,175000.0,69826.0
2021-04-14 00:00:00+09:00,175500.0,177500.0,175500.0,176000.0,30917.0
2021-04-15 00:00:00+09:00,176000.0,176500.0,174500.0,174500.0,43076.0
2021-04-16 00:00:00+09:00,174500.0,180500.0,174500.0,179500.0,66232.0
2021-04-19 00:00:00+09:00,180000.0,180500.0,178500.0,179000.0,27927.0
2021-04-20 00:00:00+09:00,180000.0,181000.0,178000.0,180000.0,48302.0
2021-04-21 00:00:00+09:00,181000.0,181000.0,176000.0,178500.0,53612.0
2021-04-22 00:00:00+09:00,178000.0,179500.0,177000.0,177000.0,31722.0
2021-04-23 00:00:00+09:00,177000.0,178500.0,175500.0,176000.0,32772.0
2021-04-26 00:00:00+09:00,176500.0,181000.0,176000.0,180500.0,48585.0
2021-04-27 00:00:00+09:00,180500.0,180500.0,177500.0,179000.0,28245.0
2021-04-28 00:00:00+09:00,180500.0,180500.0,178500.0,178500.0,28790.0
2021-04-29 00:00:00+09:00,178500.0,179500.0,173000.0,174000.0,52779.0
2021-04-30 00:00:00+09:00,173000.0,176500.0,171000.0,171500.0,40781.0
2021-05-03 00:00:00+09:00,171500.0,173000.0,167500.0,167500.0,54026.0
2021-05-04 00:00:00+09:00,167000.0,169000.0,166000.0,168500.0,46680.0
2021-05-06 00:00:00+09:00,168500.0,170000.0,167000.0,170000.0,46901.0
2021-05-07 00:00:00+09:00,170500.0,175000.0,168500.0,168500.0,78677.0
2021-05-10 00:00:00+09:00,169000.0,174500.0,169000.0,172500.0,101583.0
2021-05-11 00:00:00+09:00,173000.0,174500.0,169000.0,170500.0,76682.0
2021-05-12 00:00:00+09:00,170500.0,170500.0,165500.0,168500.0,73294.0
2021-05-13 00:00:00+09:00,166000.0,171500.0,165500.0,171500.0,68299.0
2021-05-14 00:00:00+09:00,170000.0,171000.0,168500.0,170000.0,36920.0
2021-05-17 00:00:00+09:00,170000.0,170000.0,168500.0,169500.0,26626.0
2021-05-18 00:00:00+09:00,170500.0,171500.0,170000.0,171500.0,33343.0
2021-05-20 00:00:00+09:00,169500.0,171000.0,168000.0,170000.0,29555.0
2021-05-21 00:00:00+09:00,170500.0,171500.0,169000.0,169500.0,31253.0
2021-05-24 00:00:00+09:00,169000.0,170000.0,165000.0,166500.0,43526.0
2021-05-25 00:00:00+09:00,167000.0,169500.0,167000.0,169500.0,40048.0
2021-05-26 00:00:00+09:00,170500.0,174000.0,169500.0,170500.0,45148.0
2021-05-27 00:00:00+09:00,169500.0,171500.0,168000.0,171500.0,78104.0
2021-05-28 00:00:00+09:00,171500.0,171500.0,169500.0,170000.0,29812.0
2021-05-31 00:00:00+09:00,171000.0,171000.0,168000.0,170000.0,44536.0
2021-06-01 00:00:00+09:00,170000.0,170500.0,168500.0,169500.0,46783.0
2021-06-02 00:00:00+09:00,169500.0,170500.0,168000.0,168500.0,48773.0
2021-06-03 00:00:00+09:00,168500.0,170000.0,168000.0,170000.0,46776.0
2021-06-04 00:00:00+09:00,168500.0,169500.0,166500.0,167000.0,76675.0
2021-06-07 00:00:00+09:00,167000.0,168000.0,166000.0,166500.0,49827.0
2021-06-08 00:00:00+09:00,167500.0,168500.0,166500.0,168000.0,30942.0
2021-06-09 00:00:00+09:00,168000.0,168000.0,166000.0,166000.0,27831.0
2021-06-10 00:00:00+09:00,166500.0,167000.0,164000.0,165000.0,68888.0
2021-06-11 00:00:00+09:00,165000.0,167000.0,165000.0,166500.0,28849.0
2021-06-14 00:00:00+09:00,166500.0,168000.0,165500.0,167000.0,37022.0
2021-06-15 00:00:00+09:00,167000.0,167500.0,166000.0,166000.0,49236.0
2021-06-16 00:00:00+09:00,166500.0,175000.0,166500.0,175000.0,217574.0
2021-06-17 00:00:00+09:00,175000.0,180000.0,175000.0,177500.0,124205.0
2021-06-18 00:00:00+09:00,180000.0,180000.0,175500.0,178000.0,100079.0
2021-06-21 00:00:00+09:00,178500.0,179000.0,175500.0,177500.0,61518.0
2021-06-22 00:00:00+09:00,177000.0,178500.0,175000.0,175500.0,38956.0
2021-06-23 00:00:00+09:00,175500.0,178000.0,172500.0,177500.0,68832.0
2021-06-24 00:00:00+09:00,177000.0,178000.0,174500.0,177500.0,53072.0
2021-06-25 00:00:00+09:00,176000.0,178500.0,175500.0,178500.0,59354.0
2021-06-28 00:00:00+09:00,179500.0,181000.0,177000.0,180000.0,68684.0
2021-06-29 00:00:00+09:00,180000.0,180000.0,177500.0,178000.0,40550.0
2021-06-30 00:00:00+09:00,176500.0,179500.0,176500.0,177000.0,41456.0
2021-07-01 00:00:00+09:00,177000.0,183500.0,176500.0,182000.0,78265.0
2021-07-02 00:00:00+09:00,182000.0,182000.0,178000.0,180000.0,35058.0
2021-07-05 00:00:00+09:00,180000.0,181500.0,178500.0,179500.0,20634.0
2021-07-06 00:00:00+09:00,180500.0,182000.0,179500.0,181000.0,27924.0
2021-07-07 00:00:00+09:00,180000.0,182000.0,178500.0,180500.0,39502.0
2021-07-08 00:00:00+09:00,180000.0,182000.0,178000.0,179000.0,43288.0
2021-07-09 00:00:00+09:00,179500.0,183500.0,175500.0,181500.0,64849.0
2021-07-12 00:00:00+09:00,181000.0,182500.0,179500.0,181000.0,23593.0
2021-07-13 00:00:00+09:00,182000.0,186000.0,182000.0,185000.0,63597.0
2021-07-14 00:00:00+09:00,184000.0,184500.0,181500.0,183500.0,32888.0
2021-07-15 00:00:00+09:00,183500.0,184500.0,182000.0,183000.0,37571.0
2021-07-16 00:00:00+09:00,182000.0,184500.0,181000.0,184500.0,20627.0
2021-07-19 00:00:00+09:00,182000.0,185000.0,180000.0,183500.0,25442.0
2021-07-20 00:00:00+09:00,182000.0,183500.0,179000.0,179500.0,27843.0
2021-07-21 00:00:00+09:00,180000.0,180500.0,178000.0,179000.0,26001.0
2021-07-22 00:00:00+09:00,179000.0,184000.0,177500.0,183500.0,64909.0
2021-07-23 00:00:00+09:00,183500.0,184500.0,181500.0,183000.0,29164.0
2021-07-26 00:00:00+09:00,185500.0,186000.0,180500.0,181500.0,41183.0
2021-07-27 00:00:00+09:00,180500.0,184000.0,180500.0,182500.0,23938.0
2021-07-28 00:00:00+09:00,185000.0,185000.0,179500.0,181000.0,20303.0
2021-07-29 00:00:00+09:00,180500.0,182500.0,179500.0,180000.0,26871.0
2021-07-30 00:00:00+09:00,179000.0,179500.0,175000.0,176000.0,38404.0
2021-08-02 00:00:00+09:00,177500.0,178000.0,175000.0,176500.0,20504.0
2021-08-03 00:00:00+09:00,175000.0,176500.0,172000.0,175000.0,50217.0
2021-08-04 00:00:00+09:00,174000.0,178000.0,174000.0,176500.0,24167.0
2021-08-05 00:00:00+09:00,176500.0,183000.0,174500.0,183000.0,49068.0
2021-08-06 00:00:00+09:00,183000.0,183000.0,174000.0,175500.0,109660.0
2021-08-09 00:00:00+09:00,175000.0,175000.0,168500.0,169500.0,119689.0
2021-08-10 00:00:00+09:00,170000.0,170000.0,167500.0,169000.0,46566.0
2021-08-11 00:00:00+09:00,169000.0,169000.0,167000.0,167500.0,50267.0
2021-08-12 00:00:00+09:00,168000.0,170000.0,168000.0,169000.0,46668.0
2021-08-13 00:00:00+09:00,170000.0,170000.0,165000.0,165500.0,62208.0
2021-08-17 00:00:00+09:00,165500.0,167500.0,165500.0,166000.0,31727.0
2021-08-18 00:00:00+09:00,167000.0,169500.0,165000.0,168500.0,31617.0
2021-08-19 00:00:00+09:00,166500.0,169000.0,165500.0,167000.0,30748.0
2021-08-20 00:00:00+09:00,167000.0,168500.0,164000.0,164000.0,42918.0
2021-08-23 00:00:00+09:00,166000.0,169000.0,165000.0,168000.0,29075.0
2021-08-24 00:00:00+09:00,168500.0,169500.0,167500.0,169000.0,33950.0
2021-08-25 00:00:00+09:00,167500.0,169500.0,167000.0,168000.0,116814.0
2021-08-26 00:00:00+09:00,167000.0,168500.0,166500.0,167500.0,30024.0
2021-08-27 00:00:00+09:00,168000.0,170500.0,167500.0,169500.0,30210.0
2021-08-30 00:00:00+09:00,170000.0,170500.0,168500.0,170000.0,21496.0
2021-08-31 00:00:00+09:00,169500.0,171000.0,168000.0,171000.0,43992.0
2021-09-01 00:00:00+09:00,169000.0,170500.0,168500.0,169000.0,76897.0
2021-09-02 00:00:00+09:00,169000.0,170500.0,168500.0,170000.0,21066.0
2021-09-03 00:00:00+09:00,169000.0,172000.0,169000.0,171000.0,29168.0
2021-09-06 00:00:00+09:00,171000.0,171500.0,170000.0,171500.0,18436.0
2021-09-07 00:00:00+09:00,170000.0,171500.0,168500.0,171000.0,35936.0
2021-09-08 00:00:00+09:00,169500.0,171500.0,169500.0,171500.0,29840.0
2021-09-09 00:00:00+09:00,171500.0,171500.0,169000.0,169500.0,38859.0
2021-09-10 00:00:00+09:00,169000.0,171000.0,168500.0,170000.0,31484.0
2021-09-13 00:00:00+09:00,170000.0,170000.0,168500.0,170000.0,18376.0
2021-09-14 00:00:00+09:00,170500.0,171500.0,170000.0,170500.0,28265.0
2021-09-15 00:00:00+09:00,169500.0,170500.0,169500.0,170500.0,25755.0
2021-09-16 00:00:00+09:00,169500.0,170000.0,167500.0,168000.0,26390.0
2021-09-17 00:00:00+09:00,167000.0,171000.0,166000.0,169000.0,35040.0
2021-09-23 00:00:00+09:00,167000.0,168000.0,165000.0,167500.0,27795.0
2021-09-24 00:00:00+09:00,167000.0,168000.0,165500.0,166500.0,28332.0
2021-09-27 00:00:00+09:00,165000.0,166500.0,163000.0,163000.0,51438.0
2021-09-28 00:00:00+09:00,163000.0,163500.0,158500.0,159500.0,57434.0
2021-09-29 00:00:00+09:00,159000.0,159500.0,155000.0,156500.0,49522.0
2021-09-30 00:00:00+09:00,155500.0,156000.0,153000.0,153000.0,124960.0
2021-10-01 00:00:00+09:00,152000.0,154500.0,150500.0,150500.0,33394.0
2021-10-05 00:00:00+09:00,150000.0,153500.0,150000.0,151000.0,37823.0
2021-10-06 00:00:00+09:00,152500.0,153500.0,147500.0,150500.0,48434.0
2021-10-07 00:00:00+09:00,151500.0,153000.0,151000.0,151000.0,26794.0
2021-10-08 00:00:00+09:00,151000.0,151500.0,147000.0,147000.0,44615.0
2021-10-12 00:00:00+09:00,146500.0,146500.0,143500.0,144500.0,42138.0
2021-10-13 00:00:00+09:00,143500.0,150000.0,143500.0,149000.0,53264.0
2021-10-14 00:00:00+09:00,149500.0,150000.0,147000.0,148000.0,38259.0
2021-10-15 00:00:00+09:00,148000.0,149500.0,147500.0,148000.0,47746.0
2021-10-18 00:00:00+09:00,148000.0,148500.0,145500.0,147000.0,34951.0
2021-10-19 00:00:00+09:00,148500.0,149500.0,147000.0,149500.0,31879.0
2021-10-20 00:00:00+09:00,150000.0,151500.0,149000.0,149500.0,31259.0
2021-10-21 00:00:00+09:00,149000.0,152500.0,148000.0,151500.0,31848.0
2021-10-22 00:00:00+09:00,150000.0,151500.0,148000.0,149000.0,34204.0
2021-10-25 00:00:00+09:00,149000.0,151000.0,147500.0,150000.0,18707.0
2021-10-26 00:00:00+09:00,151000.0,151000.0,148500.0,149000.0,29927.0
2021-10-27 00:00:00+09:00,149500.0,150000.0,147500.0,148000.0,23925.0
2021-10-28 00:00:00+09:00,148500.0,148500.0,145500.0,145500.0,26432.0
2021-10-29 00:00:00+09:00,145500.0,146500.0,142000.0,142000.0,45515.0
2021-11-01 00:00:00+09:00,143000.0,147000.0,142500.0,146000.0,27212.0
2021-11-02 00:00:00+09:00,146500.0,149500.0,146000.0,148500.0,32006.0
2021-11-03 00:00:00+09:00,150000.0,150000.0,145000.0,145500.0,20155.0
2021-11-04 00:00:00+09:00,146500.0,149000.0,144000.0,145000.0,33636.0
2021-11-05 00:00:00+09:00,145000.0,146000.0,143000.0,144500.0,20873.0
2021-11-08 00:00:00+09:00,145000.0,145000.0,142000.0,143500.0,29202.0
2021-11-09 00:00:00+09:00,144000.0,145500.0,139500.0,141000.0,44971.0
2021-11-10 00:00:00+09:00,138000.0,140500.0,138000.0,138500.0,33784.0
2021-11-11 00:00:00+09:00,138500.0,138500.0,135500.0,137500.0,29588.0
2021-11-12 00:00:00+09:00,137500.0,140000.0,137500.0,139000.0,21930.0
2021-11-15 00:00:00+09:00,140000.0,140500.0,138000.0,140000.0,19222.0
2021-11-16 00:00:00+09:00,139000.0,142000.0,137000.0,140500.0,21419.0
2021-11-17 00:00:00+09:00,139000.0,139500.0,137500.0,137500.0,18157.0
2021-11-18 00:00:00+09:00,137500.0,140000.0,136000.0,136000.0,27606.0
2021-11-19 00:00:00+09:00,136000.0,138500.0,135500.0,136500.0,16378.0
2021-11-22 00:00:00+09:00,136000.0,138000.0,135500.0,137500.0,21104.0
2021-11-23 00:00:00+09:00,136000.0,137000.0,134500.0,135000.0,29028.0
2021-11-24 00:00:00+09:00,135000.0,136000.0,133500.0,135000.0,28007.0
2021-11-25 00:00:00+09:00,133500.0,134500.0,131000.0,131000.0,37820.0
2021-11-26 00:00:00+09:00,131000.0,131500.0,129500.0,129500.0,36146.0
2021-11-29 00:00:00+09:00,129000.0,133000.0,129000.0,129000.0,46563.0
2021-11-30 00:00:00+09:00,129000.0,130500.0,124000.0,124000.0,72044.0
2021-12-01 00:00:00+09:00,124000.0,126000.0,123000.0,125000.0,60420.0
2021-12-02 00:00:00+09:00,123500.0,130500.0,123000.0,129000.0,52668.0
2021-12-03 00:00:00+09:00,128500.0,132000.0,127500.0,131000.0,33274.0
2021-12-06 00:00:00+09:00,131500.0,131500.0,128000.0,130000.0,34541.0
2021-12-07 00:00:00+09:00,129500.0,132500.0,129000.0,131500.0,30366.0
2021-12-08 00:00:00+09:00,133000.0,135000.0,131500.0,133500.0,47265.0
2021-12-09 00:00:00+09:00,135000.0,136000.0,133000.0,134500.0,41935.0
2021-12-10 00:00:00+09:00,134500.0,136000.0,133000.0,135000.0,24775.0
2021-12-13 00:00:00+09:00,135000.0,136000.0,133000.0,134000.0,35184.0
2021-12-14 00:00:00+09:00,133000.0,135000.0,131500.0,131500.0,25931.0
2021-12-15 00:00:00+09:00,131500.0,133500.0,131000.0,131500.0,16396.0
2021-12-16 00:00:00+09:00,132000.0,133000.0,130500.0,132000.0,17275.0
2021-12-17 00:00:00+09:00,132000.0,134000.0,131000.0,133500.0,31490.0
2021-12-20 00:00:00+09:00,133500.0,133500.0,130000.0,130000.0,25528.0
2021-12-21 00:00:00+09:00,130500.0,132000.0,129500.0,129500.0,23377.0
2021-12-22 00:00:00+09:00,129500.0,131000.0,129000.0,130000.0,16556.0
2021-12-23 00:00:00+09:00,131000.0,131500.0,130000.0,130500.0,18977.0
2021-12-24 00:00:00+09:00,130500.0,131500.0,129000.0,129500.0,29213.0
2021-12-27 00:00:00+09:00,130000.0,131000.0,128500.0,129000.0,29982.0
2021-12-28 00:00:00+09:00,129000.0,129500.0,123500.0,125000.0,190152.0
2021-12-29 00:00:00+09:00,125000.0,128000.0,124000.0,126500.0,58042.0
2021-12-30 00:00:00+09:00,126500.0,126500.0,124500.0,126000.0,66720.0
2022-01-03 00:00:00+09:00,125500.0,130000.0,125500.0,129000.0,48010.0
2022-01-04 00:00:00+09:00,129500.0,129500.0,127500.0,129000.0,29849.0
2022-01-05 00:00:00+09:00,128000.0,129500.0,126000.0,126500.0,59947.0
2022-01-06 00:00:00+09:00,126500.0,127500.0,125000.0,125500.0,50687.0
2022-01-07 00:00:00+09:00,125500.0,127500.0,125000.0,127500.0,32423.0
2022-01-10 00:00:00+09:00,126500.0,127500.0,125000.0,126000.0,26951.0
2022-01-11 00:00:00+09:00,125000.0,126500.0,124500.0,126000.0,36051.0
2022-01-12 00:00:00+09:00,126500.0,127500.0,126000.0,127500.0,27916.0
2022-01-13 00:00:00+09:00,128000.0,128000.0,127000.0,128000.0,23848.0
2022-01-14 00:00:00+09:00,128000.0,128000.0,124500.0,124500.0,37157.0
2022-01-17 00:00:00+09:00,124500.0,125000.0,122500.0,123500.0,36572.0
2022-01-18 00:00:00+09:00,124000.0,124000.0,121000.0,121500.0,31556.0
2022-01-19 00:00:00+09:00,120500.0,121500.0,119000.0,120000.0,40836.0
2022-01-20 00:00:00+09:00,120500.0,125000.0,120000.0,124000.0,35024.0
2022-01-21 00:00:00+09:00,122500.0,125500.0,122500.0,124000.0,35527.0
2022-01-24 00:00:00+09:00,125000.0,125500.0,120500.0,121000.0,32670.0
2022-01-25 00:00:00+09:00,121000.0,121000.0,117000.0,117500.0,44706.0
2022-01-26 00:00:00+09:00,117000.0,118500.0,117000.0,117000.0,27250.0
2022-01-27 00:00:00+09:00,116500.0,117500.0,112000.0,113000.0,60702.0
2022-01-28 00:00:00+09:00,113500.0,117000.0,113000.0,116000.0,40308.0
2022-02-03 00:00:00+09:00,116000.0,121500.0,116000.0,119000.0,35595.0
2022-02-04 00:00:00+09:00,119000.0,122000.0,119000.0,121000.0,31654.0
2022-02-07 00:00:00+09:00,121000.0,121500.0,118500.0,121000.0,28257.0
2022-02-08 00:00:00+09:00,122000.0,124000.0,121000.0,122000.0,31727.0
2022-02-09 00:00:00+09:00,124000.0,125500.0,122500.0,125000.0,24623.0
2022-02-10 00:00:00+09:00,124000.0,128000.0,124000.0,127500.0,48321.0
2022-02-11 00:00:00+09:00,127000.0,127000.0,124000.0,124500.0,38299.0
2022-02-14 00:00:00+09:00,120500.0,122000.0,116000.0,117500.0,69980.0
2022-02-15 00:00:00+09:00,118000.0,125000.0,117500.0,122000.0,61383.0
2022-02-16 00:00:00+09:00,122000.0,124500.0,120000.0,123500.0,39305.0
2022-02-17 00:00:00+09:00,124000.0,125500.0,120500.0,123000.0,43336.0
2022-02-18 00:00:00+09:00,121500.0,124500.0,121000.0,124500.0,22205.0
2022-02-21 00:00:00+09:00,121500.0,126000.0,121500.0,125000.0,30671.0
2022-02-22 00:00:00+09:00,125000.0,126000.0,123000.0,125000.0,37730.0
2022-02-23 00:00:00+09:00,126500.0,126500.0,123500.0,124000.0,37535.0
2022-02-24 00:00:00+09:00,123500.0,125000.0,122000.0,123500.0,37325.0
2022-02-25 00:00:00+09:00,124000.0,125000.0,123000.0,123500.0,29933.0
2022-02-28 00:00:00+09:00,123500.0,125000.0,122000.0,124000.0,37907.0
2022-03-02 00:00:00+09:00,124500.0,133000.0,124000.0,131000.0,136465.0
2022-03-03 00:00:00+09:00,133000.0,134000.0,131000.0,131500.0,77408.0
2022-03-04 00:00:00+09:00,131500.0,134500.0,131000.0,132000.0,62447.0
2022-03-07 00:00:00+09:00,131500.0,132500.0,129000.0,130000.0,62195.0
2022-03-08 00:00:00+09:00,127500.0,131000.0,125000.0,128000.0,58777.0
2022-03-10 00:00:00+09:00,130000.0,134000.0,129500.0,133000.0,71427.0
2022-03-11 00:00:00+09:00,132500.0,135000.0,131000.0,134000.0,73432.0
2022-03-14 00:00:00+09:00,133500.0,138000.0,132000.0,137500.0,95012.0
2022-03-15 00:00:00+09:00,137000.0,137000.0,132500.0,133500.0,61811.0
2022-03-16 00:00:00+09:00,133500.0,135500.0,133500.0,134500.0,25623.0
2022-03-17 00:00:00+09:00,137000.0,138000.0,134000.0,134000.0,42514.0
2022-03-18 00:00:00+09:00,134000.0,136500.0,133000.0,135500.0,68348.0
2022-03-21 00:00:00+09:00,135500.0,135500.0,131000.0,131000.0,37265.0
2022-03-22 00:00:00+09:00,130500.0,133000.0,130500.0,132000.0,18726.0
2022-03-23 00:00:00+09:00,132000.0,133500.0,132000.0,132500.0,28272.0
2022-03-24 00:00:00+09:00,131000.0,133500.0,130500.0,132000.0,26991.0
2022-03-25 00:00:00+09:00,132000.0,132000.0,127000.0,127500.0,58671.0
2022-03-28 00:00:00+09:00,127000.0,130500.0,126000.0,130000.0,27455.0
2022-03-29 00:00:00+09:00,131000.0,131500.0,129000.0,130500.0,33944.0
2022-03-30 00:00:00+09:00,131500.0,131500.0,130500.0,131000.0,22188.0
2022-03-31 00:00:00+09:00,131500.0,132000.0,128000.0,129500.0,38131.0
2022-04-01 00:00:00+09:00,128000.0,128500.0,126500.0,126500.0,40994.0
2022-04-04 00:00:00+09:00,126500.0,127500.0,125000.0,127000.0,30107.0
2022-04-05 00:00:00+09:00,127000.0,128000.0,126000.0,128000.0,26338.0
2022-04-06 00:00:00+09:00,127500.0,128500.0,126500.0,127000.0,25328.0
2022-04-07 00:00:00+09:00,125500.0,127000.0,125000.0,125500.0,29713.0
2022-04-08 00:00:00+09:00,125500.0,126000.0,121500.0,122000.0,52197.0
2022-04-11 00:00:00+09:00,121500.0,122500.0,119500.0,122000.0,53137.0
2022-04-12 00:00:00+09:00,121000.0,125500.0,121000.0,123000.0,50776.0
2022-04-13 00:00:00+09:00,124500.0,129000.0,123000.0,127500.0,120438.0
2022-04-14 00:00:00+09:00,126500.0,130000.0,126000.0,129000.0,67263.0
2022-04-15 00:00:00+09:00,127000.0,131500.0,126500.0,130000.0,60779.0
2022-04-18 00:00:00+09:00,129500.0,132500.0,128000.0,132000.0,54533.0
2022-04-19 00:00:00+09:00,132500.0,133000.0,129500.0,130000.0,60688.0
2022-04-20 00:00:00+09:00,129000.0,129500.0,127000.0,128000.0,65182.0
2022-04-21 00:00:00+09:00,129000.0,129500.0,127000.0,127000.0,46930.0
2022-04-22 00:00:00+09:00,127000.0,128000.0,125000.0,125000.0,44550.0
2022-04-25 00:00:00+09:00,124000.0,124000.0,121500.0,122000.0,40942.0
2022-04-26 00:00:00+09:00,122500.0,123500.0,120500.0,121000.0,49158.0
2022-04-27 00:00:00+09:00,117500.0,121000.0,117000.0,119500.0,37442.0
2022-04-28 00:00:00+09:00,119000.0,122500.0,118000.0,121500.0,37567.0
2022-04-29 00:00:00+09:00,121000.0,123500.0,121000.0,123000.0,27947.0
2022-05-02 00:00:00+09:00,122500.0,123500.0,121000.0,122500.0,18957.0
2022-05-03 00:00:00+09:00,122000.0,123500.0,120500.0,121000.0,31103.0
2022-05-04 00:00:00+09:00,121000.0,122000.0,120500.0,122000.0,23075.0
2022-05-06 00:00:00+09:00,120500.0,122000.0,119500.0,120500.0,27226.0
2022-05-09 00:00:00+09:00,120000.0,120500.0,117500.0,118500.0,35737.0
2022-05-10 00:00:00+09:00,119000.0,122500.0,115500.0,121500.0,71519.0
2022-05-11 00:00:00+09:00,121000.0,128000.0,120000.0,127000.0,138674.0
2022-05-12 00:00:00+09:00,127500.0,131500.0,126000.0,129000.0,114004.0
2022-05-13 00:00:00+09:00,131000.0,132000.0,130000.0,131000.0,74074.0
2022-05-16 00:00:00+09:00,131000.0,133000.0,129500.0,131500.0,63712.0
2022-05-17 00:00:00+09:00,131000.0,132500.0,130500.0,131500.0,22972.0
2022-05-18 00:00:00+09:00,131000.0,133000.0,129000.0,132500.0,38045.0
2022-05-19 00:00:00+09:00,131000.0,131000.0,125500.0,125500.0,76344.0
2022-05-20 00:00:00+09:00,126500.0,127500.0,123000.0,124500.0,80555.0
2022-05-23 00:00:00+09:00,124500.0,124500.0,122000.0,123000.0,42648.0
2022-05-24 00:00:00+09:00,122500.0,126000.0,122500.0,125500.0,39830.0
2022-05-25 00:00:00+09:00,126500.0,128000.0,124000.0,125500.0,35812.0
2022-05-26 00:00:00+09:00,124000.0,127500.0,124000.0,127500.0,36138.0
2022-05-27 00:00:00+09:00,128000.0,130500.0,126500.0,129000.0,39071.0
2022-05-30 00:00:00+09:00,130000.0,130500.0,129000.0,129500.0,21877.0
2022-05-31 00:00:00+09:00,129500.0,130000.0,128000.0,129500.0,55135.0
2022-06-02 00:00:00+09:00,128000.0,128000.0,125000.0,125500.0,37414.0
2022-06-03 00:00:00+09:00,127000.0,129500.0,126000.0,129000.0,27737.0
2022-06-07 00:00:00+09:00,128000.0,128500.0,124000.0,124000.0,42315.0
2022-06-08 00:00:00+09:00,124000.0,125000.0,122000.0,122500.0,36951.0
2022-06-09 00:00:00+09:00,122000.0,122500.0,119500.0,121000.0,76240.0
2022-06-10 00:00:00+09:00,119500.0,122000.0,119000.0,120500.0,31332.0
2022-06-13 00:00:00+09:00,119500.0,120000.0,114000.0,115500.0,72356.0
2022-06-14 00:00:00+09:00,114500.0,115000.0,110500.0,112000.0,72224.0
2022-06-15 00:00:00+09:00,113000.0,116500.0,110500.0,112500.0,75713.0
2022-06-16 00:00:00+09:00,113500.0,115000.0,113000.0,114000.0,32809.0
2022-06-17 00:00:00+09:00,111500.0,111500.0,109500.0,111000.0,93726.0
2022-06-20 00:00:00+09:00,111500.0,113000.0,110000.0,112000.0,39203.0
2022-06-21 00:00:00+09:00,113000.0,113500.0,111000.0,111500.0,24775.0
2022-06-22 00:00:00+09:00,112000.0,112000.0,109500.0,110000.0,22901.0
2022-06-23 00:00:00+09:00,110500.0,113000.0,109500.0,110000.0,43502.0
2022-06-24 00:00:00+09:00,109000.0,113500.0,109000.0,112500.0,31371.0
2022-06-27 00:00:00+09:00,112500.0,115500.0,111500.0,115500.0,32090.0
2022-06-28 00:00:00+09:00,115500.0,117000.0,113500.0,114500.0,27768.0
2022-06-29 00:00:00+09:00,114500.0,116000.0,113500.0,115000.0,17981.0
2022-06-30 00:00:00+09:00,115500.0,116000.0,113500.0,114000.0,38856.0
2022-07-01 00:00:00+09:00,117000.0,117000.0,113000.0,114000.0,31916.0
2022-07-04 00:00:00+09:00,115500.0,119500.0,115000.0,117500.0,59687.0
2022-07-05 00:00:00+09:00,118500.0,122000.0,118000.0,121500.0,45775.0
2022-07-06 00:00:00+09:00,120000.0,121000.0,118000.0,118000.0,31135.0
2022-07-07 00:00:00+09:00,120000.0,120500.0,117000.0,117000.0,34175.0
2022-07-08 00:00:00+09:00,117500.0,122500.0,117500.0,122000.0,42152.0
2022-07-11 00:00:00+09:00,120500.0,121000.0,115500.0,116000.0,52801.0
2022-07-12 00:00:00+09:00,116000.0,116000.0,111000.0,112500.0,45482.0
2022-07-13 00:00:00+09:00,114000.0,117000.0,113500.0,115000.0,38124.0
2022-07-14 00:00:00+09:00,113500.0,115500.0,113500.0,115000.0,29343.0
2022-07-15 00:00:00+09:00,115000.0,115000.0,111000.0,111500.0,36943.0
2022-07-18 00:00:00+09:00,112000.0,113500.0,111000.0,113000.0,42909.0
2022-07-19 00:00:00+09:00,112500.0,114000.0,112000.0,113000.0,33156.0
2022-07-20 00:00:00+09:00,114500.0,115000.0,112000.0,113000.0,45939.0
2022-07-21 00:00:00+09:00,113000.0,116500.0,112500.0,115500.0,57115.0
2022-07-22 00:00:00+09:00,114500.0,117500.0,114000.0,116500.0,36704.0
2022-07-25 00:00:00+09:00,116500.0,117500.0,115500.0,116000.0,26155.0
2022-07-26 00:00:00+09:00,115000.0,119500.0,115000.0,118000.0,47196.0
2022-07-27 00:00:00+09:00,118500.0,119500.0,117000.0,118000.0,31991.0
2022-07-28 00:00:00+09:00,118000.0,119500.0,115000.0,116000.0,43085.0
2022-07-29 00:00:00+09:00,117000.0,117000.0,115000.0,116500.0,39535.0
2022-08-01 00:00:00+09:00,116000.0,116000.0,113500.0,114500.0,39794.0
2022-08-02 00:00:00+09:00,113500.0,114000.0,112000.0,113500.0,51539.0
2022-08-03 00:00:00+09:00,112500.0,115500.0,112500.0,115500.0,38494.0
2022-08-04 00:00:00+09:00,115500.0,115500.0,114000.0,115000.0,28882.0
2022-08-05 00:00:00+09:00,115000.0,116500.0,114000.0,114500.0,35495.0
2022-08-08 00:00:00+09:00,114000.0,115000.0,113000.0,115000.0,35349.0
2022-08-09 00:00:00+09:00,116500.0,123000.0,116500.0,122500.0,152700.0
2022-08-10 00:00:00+09:00,122500.0,127500.0,122000.0,125500.0,111423.0
2022-08-11 00:00:00+09:00,125500.0,128000.0,123500.0,125500.0,67539.0
2022-08-12 00:00:00+09:00,125500.0,127500.0,124500.0,127500.0,57587.0
2022-08-16 00:00:00+09:00,127500.0,129000.0,126000.0,128000.0,44182.0
2022-08-17 00:00:00+09:00,129000.0,129000.0,125500.0,127500.0,27923.0
2022-08-18 00:00:00+09:00,126000.0,128000.0,125500.0,126500.0,31318.0
2022-08-19 00:00:00+09:00,126500.0,126500.0,123000.0,124500.0,27613.0
2022-08-22 00:00:00+09:00,123000.0,126000.0,121500.0,125000.0,41145.0
2022-08-23 00:00:00+09:00,123000.0,125000.0,121500.0,121500.0,19310.0
2022-08-24 00:00:00+09:00,122500.0,123000.0,120500.0,121500.0,32027.0
2022-08-25 00:00:00+09:00,122000.0,122500.0,121000.0,122000.0,18160.0
2022-08-26 00:00:00+09:00,122000.0,123500.0,120500.0,121500.0,28282.0
2022-08-29 00:00:00+09:00,118000.0,120000.0,117500.0,119500.0,30333.0
2022-08-30 00:00:00+09:00,118500.0,119500.0,117500.0,119000.0,33594.0
2022-08-31 00:00:00+09:00,118500.0,119500.0,118000.0,118500.0,40918.0
2022-09-01 00:00:00+09:00,118500.0,120000.0,117000.0,118000.0,38686.0
2022-09-02 00:00:00+09:00,118000.0,119000.0,116500.0,117500.0,24217.0
2022-09-05 00:00:00+09:00,118000.0,120000.0,115500.0,116500.0,20918.0
2022-09-06 00:00:00+09:00,117500.0,118500.0,115500.0,116500.0,24938.0
2022-09-07 00:00:00+09:00,115500.0,116000.0,112500.0,113500.0,33634.0
2022-09-08 00:00:00+09:00,114000.0,115500.0,112500.0,113500.0,31824.0
2022-09-13 00:00:00+09:00,115000.0,117000.0,114500.0,116500.0,37930.0
2022-09-14 00:00:00+09:00,115000.0,115000.0,112000.0,112500.0,49252.0
2022-09-15 00:00:00+09:00,112500.0,113500.0,112000.0,113000.0,39694.0
2022-09-16 00:00:00+09:00,112500.0,113000.0,107000.0,108500.0,101006.0
2022-09-19 00:00:00+09:00,108000.0,108500.0,104500.0,106500.0,64435.0
2022-09-20 00:00:00+09:00,108000.0,108500.0,106000.0,106500.0,46936.0
2022-09-21 00:00:00+09:00,106000.0,107500.0,104500.0,106000.0,45406.0
2022-09-22 00:00:00+09:00,105000.0,105000.0,103000.0,103500.0,57898.0
2022-09-23 00:00:00+09:00,104500.0,104500.0,100500.0,100500.0,50854.0
2022-09-26 00:00:00+09:00,99900.0,100500.0,95300.0,96000.0,99928.0
2022-09-27 00:00:00+09:00,96000.0,97000.0,93500.0,95700.0,98001.0
2022-09-28 00:00:00+09:00,94500.0,97500.0,93900.0,97200.0,119909.0
2022-09-29 00:00:00+09:00,97400.0,98100.0,93700.0,94500.0,99381.0
2022-09-30 00:00:00+09:00,94200.0,94300.0,90000.0,90400.0,116038.0
2022-10-04 00:00:00+09:00,90600.0,93100.0,90600.0,92000.0,72918.0
2022-10-05 00:00:00+09:00,92800.0,93500.0,85400.0,86600.0,168098.0
2022-10-06 00:00:00+09:00,86600.0,86900.0,85700.0,85900.0,115356.0
2022-10-07 00:00:00+09:00,85800.0,85800.0,82000.0,83200.0,154247.0
2022-10-11 00:00:00+09:00,80900.0,81500.0,78100.0,80300.0,214064.0
2022-10-12 00:00:00+09:00,79900.0,81000.0,78100.0,78600.0,159247.0
2022-10-13 00:00:00+09:00,78800.0,79400.0,77000.0,77500.0,111133.0
2022-10-14 00:00:00+09:00,78000.0,81000.0,77200.0,81000.0,139784.0
2022-10-17 00:00:00+09:00,79400.0,79800.0,77900.0,78400.0,68385.0
2022-10-18 00:00:00+09:00,79800.0,84100.0,79500.0,84100.0,110364.0
2022-10-19 00:00:00+09:00,84300.0,84400.0,82600.0,83200.0,60961.0
2022-10-20 00:00:00+09:00,83100.0,85000.0,82900.0,85000.0,88815.0
2022-10-21 00:00:00+09:00,84700.0,84800.0,82200.0,82300.0,66799.0
2022-10-24 00:00:00+09:00,84200.0,84200.0,82300.0,82400.0,30003.0
2022-10-25 00:00:00+09:00,82500.0,82600.0,79700.0,79800.0,35761.0
2022-10-26 00:00:00+09:00,79800.0,80500.0,78900.0,80100.0,24498.0
2022-10-27 00:00:00+09:00,80800.0,85000.0,80600.0,85000.0,93351.0
2022-10-28 00:00:00+09:00,83900.0,87200.0,83800.0,86900.0,61613.0
2022-10-31 00:00:00+09:00,87800.0,87900.0,84800.0,87900.0,62078.0
2022-11-01 00:00:00+09:00,87600.0,88800.0,86000.0,86100.0,55215.0
2022-11-02 00:00:00+09:00,85200.0,87800.0,83800.0,87500.0,74431.0
2022-11-03 00:00:00+09:00,85300.0,86400.0,84700.0,85000.0,62159.0
2022-11-04 00:00:00+09:00,84200.0,86300.0,83900.0,86300.0,61870.0
2022-11-07 00:00:00+09:00,86500.0,87900.0,85700.0,87900.0,60393.0
2022-11-08 00:00:00+09:00,88500.0,89400.0,86900.0,88500.0,83995.0
2022-11-09 00:00:00+09:00,88500.0,88600.0,86500.0,86800.0,100133.0
2022-11-10 00:00:00+09:00,85900.0,86100.0,84000.0,84200.0,127591.0
2022-11-11 00:00:00+09:00,86500.0,88700.0,83800.0,86600.0,211458.0
2022-11-14 00:00:00+09:00,86600.0,91000.0,86600.0,90000.0,149101.0
2022-11-15 00:00:00+09:00,91000.0,91900.0,88500.0,91700.0,111815.0
2022-11-16 00:00:00+09:00,92000.0,92400.0,88800.0,90600.0,95430.0
2022-11-17 00:00:00+09:00,90600.0,92600.0,89800.0,91400.0,75085.0
2022-11-18 00:00:00+09:00,91600.0,91600.0,89500.0,89500.0,61414.0
2022-11-21 00:00:00+09:00,89900.0,89900.0,87400.0,88300.0,70263.0
2022-11-22 00:00:00+09:00,88700.0,89400.0,87200.0,88700.0,54516.0
2022-11-23 00:00:00+09:00,88700.0,90500.0,88500.0,89900.0,51134.0
2022-11-24 00:00:00+09:00,89600.0,90800.0,88600.0,90700.0,47482.0
2022-11-25 00:00:00+09:00,90700.0,92500.0,90100.0,92300.0,62954.0
2022-11-28 00:00:00+09:00,91900.0,92000.0,89700.0,91400.0,68525.0
2022-11-29 00:00:00+09:00,91600.0,94200.0,90600.0,92500.0,97710.0
2022-11-30 00:00:00+09:00,92500.0,92800.0,88400.0,88400.0,1264673.0
2022-12-01 00:00:00+09:00,89500.0,92700.0,89500.0,89900.0,172695.0
2022-12-02 00:00:00+09:00,90500.0,90500.0,87900.0,88000.0,75783.0
2022-12-05 00:00:00+09:00,88700.0,89500.0,87200.0,87400.0,57403.0
2022-12-06 00:00:00+09:00,87400.0,87800.0,84600.0,84600.0,115145.0
2022-12-07 00:00:00+09:00,84800.0,85200.0,83300.0,84400.0,80145.0
2022-12-08 00:00:00+09:00,84600.0,87900.0,84200.0,86700.0,76908.0
2022-12-09 00:00:00+09:00,86800.0,91700.0,86800.0,90700.0,123633.0
2022-12-12 00:00:00+09:00,91000.0,91600.0,89700.0,89800.0,54343.0
2022-12-13 00:00:00+09:00,90800.0,90800.0,89000.0,90000.0,38408.0
2022-12-14 00:00:00+09:00,90700.0,91800.0,89600.0,91400.0,65864.0
2022-12-15 00:00:00+09:00,91000.0,93400.0,90500.0,92400.0,77477.0
2022-12-16 00:00:00+09:00,91600.0,92700.0,90300.0,91700.0,55107.0
2022-12-19 00:00:00+09:00,91200.0,91400.0,89200.0,89600.0,51162.0
2022-12-20 00:00:00+09:00,90300.0,91500.0,89100.0,90000.0,55064.0
2022-12-21 00:00:00+09:00,90900.0,90900.0,89300.0,89700.0,20204.0
2022-12-22 00:00:00+09:00,90300.0,94500.0,90300.0,93400.0,101336.0
2022-12-23 00:00:00+09:00,92800.0,94800.0,92400.0,93200.0,58368.0
2022-12-26 00:00:00+09:00,93200.0,94300.0,92400.0,93400.0,43590.0
2022-12-27 00:00:00+09:00,94100.0,95700.0,93400.0,94800.0,67834.0
2022-12-28 00:00:00+09:00,93800.0,95900.0,92500.0,94600.0,53721.0
2022-12-29 00:00:00+09:00,95600.0,97500.0,93300.0,93700.0,68572.0
2023-01-02 00:00:00+09:00,95100.0,95100.0,89700.0,91000.0,35326.0
2023-01-03 00:00:00+09:00,91600.0,92200.0,88800.0,89700.0,42142.0
2023-01-04 00:00:00+09:00,90300.0,90300.0,87200.0,87700.0,69220.0
2023-01-05 00:00:00+09:00,87700.0,90000.0,86800.0,89300.0,56368.0
2023-01-06 00:00:00+09:00,87400.0,89300.0,87400.0,88700.0,45634.0
2023-01-09 00:00:00+09:00,89700.0,91300.0,88800.0,90600.0,31060.0
2023-01-10 00:00:00+09:00,90500.0,90500.0,88800.0,89200.0,36055.0
2023-01-11 00:00:00+09:00,89600.0,89700.0,88200.0,89700.0,57368.0
2023-01-12 00:00:00+09:00,89600.0,90300.0,88800.0,88800.0,57982.0
2023-01-13 00:00:00+09:00,90000.0,93100.0,89900.0,92700.0,83787.0
2023-01-16 00:00:00+09:00,92400.0,93500.0,91600.0,93000.0,34112.0
2023-01-17 00:00:00+09:00,92000.0,92900.0,90800.0,91700.0,30514.0
2023-01-18 00:00:00+09:00,91700.0,93500.0,91300.0,93500.0,31968.0
2023-01-19 00:00:00+09:00,92100.0,94000.0,92100.0,93000.0,34301.0
2023-01-20 00:00:00+09:00,92200.0,92700.0,91200.0,92300.0,44209.0
2023-01-25 00:00:00+09:00,92500.0,93000.0,90200.0,90400.0,53685.0
2023-01-26 00:00:00+09:00,90300.0,90900.0,89500.0,90200.0,69383.0
2023-01-27 00:00:00+09:00,90000.0,92000.0,89900.0,91500.0,51994.0
2023-01-30 00:00:00+09:00,91500.0,91900.0,90200.0,90300.0,29220.0
2023-01-31 00:00:00+09:00,90900.0,90900.0,89900.0,90200.0,43132.0
2023-02-01 00:00:00+09:00,90200.0,90300.0,89400.0,90100.0,46094.0
2023-02-02 00:00:00+09:00,90700.0,91300.0,90000.0,90400.0,55464.0
2023-02-03 00:00:00+09:00,90400.0,93300.0,89800.0,91900.0,65516.0
2023-02-06 00:00:00+09:00,91400.0,91400.0,89700.0,89700.0,57365.0
2023-02-07 00:00:00+09:00,89700.0,89900.0,89100.0,89600.0,41820.0
2023-02-08 00:00:00+09:00,89600.0,90400.0,89100.0,89800.0,51566.0
2023-02-09 00:00:00+09:00,90000.0,90700.0,89100.0,89100.0,51224.0
2023-02-10 00:00:00+09:00,89100.0,89300.0,86800.0,87200.0,91269.0
2023-02-13 00:00:00+09:00,87200.0,87900.0,86200.0,86500.0,44503.0
2023-02-14 00:00:00+09:00,87000.0,87100.0,85900.0,86500.0,34389.0
2023-02-15 00:00:00+09:00,86600.0,86600.0,83000.0,83500.0,109662.0
2023-02-16 00:00:00+09:00,83700.0,84800.0,83700.0,84400.0,31805.0
2023-02-17 00:00:00+09:00,83700.0,84500.0,82900.0,83600.0,37878.0
2023-02-20 00:00:00+09:00,83600.0,85100.0,83000.0,84100.0,46005.0
2023-02-21 00:00:00+09:00,84000.0,85000.0,83400.0,84800.0,32581.0
2023-02-22 00:00:00+09:00,84200.0,84200.0,83100.0,83400.0,41104.0
2023-02-23 00:00:00+09:00,83400.0,84500.0,83300.0,83800.0,24913.0
2023-02-24 00:00:00+09:00,83600.0,84300.0,83300.0,83300.0,35878.0
2023-02-27 00:00:00+09:00,82800.0,82900.0,81500.0,82500.0,40057.0
2023-02-28 00:00:00+09:00,82600.0,83600.0,81700.0,81700.0,45978.0
2023-03-02 00:00:00+09:00,82000.0,84600.0,81800.0,83600.0,57904.0
2023-03-03 00:00:00+09:00,83600.0,83900.0,82100.0,82900.0,30126.0
2023-03-06 00:00:00+09:00,83500.0,83500.0,82300.0,82400.0,27357.0
2023-03-07 00:00:00+09:00,82500.0,83100.0,82200.0,82200.0,31380.0
2023-03-08 00:00:00+09:00,81700.0,82100.0,80600.0,81000.0,46254.0
2023-03-09 00:00:00+09:00,81000.0,81700.0,80500.0,80800.0,43228.0
2023-03-10 00:00:00+09:00,80600.0,80700.0,79300.0,79300.0,47171.0
2023-03-13 00:00:00+09:00,79900.0,79900.0,77500.0,79000.0,42525.0
2023-03-14 00:00:00+09:00,78200.0,78900.0,77300.0,77800.0,35409.0
2023-03-15 00:00:00+09:00,78700.0,78700.0,77200.0,77500.0,51730.0
2023-03-16 00:00:00+09:00,76800.0,77200.0,75900.0,76900.0,42435.0
2023-03-17 00:00:00+09:00,77600.0,78900.0,76800.0,78900.0,54526.0
2023-03-20 00:00:00+09:00,79400.0,79500.0,77700.0,78500.0,21912.0
2023-03-21 00:00:00+09:00,78900.0,79100.0,78100.0,78700.0,25089.0
2023-03-22 00:00:00+09:00,79000.0,79100.0,78100.0,78600.0,26852.0
2023-03-23 00:00:00+09:00,78600.0,79300.0,77600.0,79200.0,42967.0
2023-03-24 00:00:00+09:00,78500.0,79200.0,78000.0,78400.0,32799.0
2023-03-27 00:00:00+09:00,78900.0,78900.0,76700.0,77400.0,31564.0
2023-03-28 00:00:00+09:00,77500.0,78200.0,77200.0,78000.0,31205.0
2023-03-29 00:00:00+09:00,78300.0,79000.0,77600.0,78100.0,31765.0
2023-03-30 00:00:00+09:00,78200.0,79700.0,77800.0,79100.0,40029.0
2023-03-31 00:00:00+09:00,79300.0,80500.0,78400.0,79900.0,47718.0
2023-04-03 00:00:00+09:00,80000.0,80100.0,78100.0,78100.0,41598.0
2023-04-04 00:00:00+09:00,78600.0,79400.0,77700.0,79300.0,48867.0
2023-04-05 00:00:00+09:00,79600.0,80200.0,78300.0,79000.0,50000.0
2023-04-06 00:00:00+09:00,78800.0,78900.0,78000.0,78100.0,40794.0
2023-04-07 00:00:00+09:00,78200.0,78600.0,77400.0,78100.0,23099.0
2023-04-10 00:00:00+09:00,77900.0,77900.0,77000.0,77000.0,36755.0
2023-04-11 00:00:00+09:00,77000.0,78300.0,77000.0,78300.0,34157.0
2023-04-12 00:00:00+09:00,78600.0,79200.0,78100.0,79000.0,44483.0
2023-04-13 00:00:00+09:00,78900.0,79400.0,78000.0,79300.0,43548.0
2023-04-14 00:00:00+09:00,79500.0,81700.0,79300.0,81000.0,100564.0
2023-04-17 00:00:00+09:00,81200.0,81200.0,79600.0,79900.0,35423.0
2023-04-18 00:00:00+09:00,79600.0,80400.0,79100.0,80100.0,44577.0
2023-04-19 00:00:00+09:00,80100.0,80500.0,79200.0,79300.0,37560.0
2023-04-20 00:00:00+09:00,79400.0,79800.0,78600.0,79700.0,29580.0
2023-04-21 00:00:00+09:00,79400.0,79700.0,78600.0,79400.0,49369.0
2023-04-24 00:00:00+09:00,79400.0,79400.0,77500.0,77700.0,36888.0
2023-04-25 00:00:00+09:00,78000.0,78800.0,77500.0,77900.0,29634.0
2023-04-26 00:00:00+09:00,77900.0,78400.0,77200.0,77300.0,34918.0
2023-04-27 00:00:00+09:00,77300.0,77300.0,75200.0,75900.0,78354.0
2023-04-28 00:00:00+09:00,75900.0,78100.0,75900.0,77100.0,45457.0
2023-05-02 00:00:00+09:00,76800.0,78100.0,76300.0,77500.0,24638.0
2023-05-03 00:00:00+09:00,77500.0,78300.0,76900.0,77900.0,33753.0
2023-05-04 00:00:00+09:00,77000.0,79700.0,76500.0,79500.0,53844.0
2023-05-08 00:00:00+09:00,78800.0,80200.0,78400.0,80200.0,52094.0
2023-05-09 00:00:00+09:00,79900.0,83200.0,79800.0,82300.0,121139.0
2023-05-10 00:00:00+09:00,82700.0,84300.0,82300.0,82900.0,91266.0
2023-05-11 00:00:00+09:00,82900.0,84100.0,82500.0,83700.0,63280.0
2023-05-12 00:00:00+09:00,83900.0,83900.0,82000.0,82500.0,34980.0
2023-05-15 00:00:00+09:00,81800.0,82000.0,80500.0,81400.0,23257.0
2023-05-16 00:00:00+09:00,81700.0,81900.0,80900.0,81400.0,21461.0
2023-05-17 00:00:00+09:00,81400.0,82100.0,81000.0,81600.0,19145.0
2023-05-18 00:00:00+09:00,81400.0,81800.0,80400.0,81200.0,28734.0
2023-05-19 00:00:00+09:00,81200.0,81500.0,80600.0,81300.0,37957.0
2023-05-22 00:00:00+09:00,81300.0,83700.0,81300.0,83100.0,48338.0
2023-05-23 00:00:00+09:00,83100.0,85100.0,82500.0,84200.0,45524.0
2023-05-24 00:00:00+09:00,83700.0,85800.0,83500.0,85600.0,57215.0
2023-05-25 00:00:00+09:00,84600.0,85400.0,83000.0,83000.0,48707.0
2023-05-26 00:00:00+09:00,82600.0,84100.0,82100.0,83700.0,26045.0
2023-05-30 00:00:00+09:00,83700.0,84300.0,82100.0,82200.0,31575.0
2023-05-31 00:00:00+09:00,82200.0,83200.0,80700.0,81500.0,67357.0
2023-06-01 00:00:00+09:00,81500.0,82400.0,81000.0,81400.0,35143.0
2023-06-02 00:00:00+09:00,81400.0,81500.0,80400.0,80900.0,45467.0
2023-06-05 00:00:00+09:00,80900.0,82300.0,80500.0,81400.0,44355.0
2023-06-07 00:00:00+09:00,81900.0,81900.0,81200.0,81700.0,51871.0
2023-06-08 00:00:00+09:00,82600.0,84700.0,82200.0,83000.0,97848.0
2023-06-09 00:00:00+09:00,83800.0,83800.0,81300.0,81400.0,68236.0
2023-06-12 00:00:00+09:00,82000.0,82300.0,80800.0,81400.0,55969.0
2023-06-13 00:00:00+09:00,82000.0,82900.0,81000.0,81100.0,75737.0
2023-06-14 00:00:00+09:00,80700.0,81400.0,80100.0,80600.0,60216.0
2023-06-15 00:00:00+09:00,80600.0,81100.0,79100.0,79900.0,73776.0
2023-06-16 00:00:00+09:00,80000.0,81500.0,80000.0,80700.0,65196.0
2023-06-19 00:00:00+09:00,80700.0,81300.0,79100.0,79300.0,53730.0
2023-06-20 00:00:00+09:00,79300.0,79800.0,78100.0,78300.0,59064.0
2023-06-21 00:00:00+09:00,78300.0,78300.0,77100.0,77600.0,54229.0
2023-06-22 00:00:00+09:00,77100.0,77700.0,76600.0,77200.0,131213.0
2023-06-23 00:00:00+09:00,77000.0,77200.0,76100.0,76600.0,93656.0
2023-06-26 00:00:00+09:00,76300.0,76600.0,74400.0,74600.0,82392.0
2023-06-27 00:00:00+09:00,74300.0,75500.0,74300.0,74800.0,43968.0
2023-06-28 00:00:00+09:00,74800.0,78300.0,74800.0,78300.0,68198.0
2023-06-29 00:00:00+09:00,78400.0,78700.0,76400.0,76500.0,52712.0
2023-06-30 00:00:00+09:00,77400.0,77400.0,75300.0,76400.0,32606.0
2023-07-03 00:00:00+09:00,76300.0,77100.0,75600.0,76000.0,49011.0
2023-07-04 00:00:00+09:00,76000.0,76500.0,75600.0,76000.0,25723.0
2023-07-05 00:00:00+09:00,75800.0,75800.0,70500.0,70800.0,258958.0
2023-07-06 00:00:00+09:00,70800.0,71700.0,69000.0,71400.0,93776.0
2023-07-07 00:00:00+09:00,70500.0,70600.0,69000.0,69800.0,82882.0
2023-07-10 00:00:00+09:00,69800.0,71400.0,69200.0,70800.0,30241.0
2023-07-11 00:00:00+09:00,71500.0,72000.0,70800.0,71700.0,43499.0
2023-07-12 00:00:00+09:00,71600.0,73100.0,70900.0,72800.0,57556.0
2023-07-13 00:00:00+09:00,73500.0,73800.0,72000.0,72100.0,60147.0
2023-07-14 00:00:00+09:00,72800.0,75500.0,72600.0,75200.0,87991.0
2023-07-17 00:00:00+09:00,75000.0,75600.0,73400.0,75200.0,37849.0
2023-07-18 00:00:00+09:00,75600.0,75600.0,72200.0,72800.0,92386.0
2023-07-19 00:00:00+09:00,72800.0,76400.0,72800.0,75200.0,112247.0
2023-07-20 00:00:00+09:00,75200.0,77700.0,75000.0,77400.0,129682.0
2023-07-21 00:00:00+09:00,77400.0,77500.0,75100.0,75700.0,71192.0
2023-07-24 00:00:00+09:00,75200.0,75400.0,73700.0,74400.0,80791.0
2023-07-25 00:00:00+09:00,74000.0,74500.0,73200.0,73700.0,58818.0
2023-07-26 00:00:00+09:00,73200.0,73600.0,70200.0,71300.0,111592.0
2023-07-27 00:00:00+09:00,71300.0,73700.0,71300.0,73700.0,79191.0
2023-07-28 00:00:00+09:00,72600.0,73400.0,72400.0,73000.0,38308.0
2023-07-31 00:00:00+09:00,73300.0,73900.0,71800.0,72000.0,84872.0
2023-08-01 00:00:00+09:00,71800.0,74600.0,71500.0,73000.0,132488.0
2023-08-02 00:00:00+09:00,72900.0,74200.0,72900.0,73300.0,125972.0
2023-08-03 00:00:00+09:00,73600.0,76600.0,72900.0,74600.0,271536.0
2023-08-04 00:00:00+09:00,74700.0,82600.0,74600.0,82500.0,349188.0
2023-08-07 00:00:00+09:00,81600.0,81600.0,77900.0,80800.0,172998.0
2023-08-08 00:00:00+09:00,78400.0,79200.0,76300.0,77700.0,221927.0
2023-08-09 00:00:00+09:00,77500.0,79600.0,77000.0,78300.0,99930.0
2023-08-10 00:00:00+09:00,78100.0,80800.0,78100.0,80500.0,79702.0
2023-08-11 00:00:00+09:00,80100.0,83100.0,79700.0,83000.0,134174.0
2023-08-14 00:00:00+09:00,83100.0,83300.0,80800.0,81300.0,74704.0
2023-08-16 00:00:00+09:00,81400.0,81500.0,79800.0,80800.0,96434.0
2023-08-17 00:00:00+09:00,80600.0,80600.0,78100.0,78900.0,67895.0
2023-08-18 00:00:00+09:00,77600.0,81600.0,77600.0,81100.0,85431.0
2023-08-21 00:00:00+09:00,81100.0,81500.0,79600.0,80000.0,37677.0
2023-08-22 00:00:00+09:00,79500.0,80600.0,78400.0,79200.0,47945.0
2023-08-23 00:00:00+09:00,78400.0,80300.0,78300.0,79500.0,36365.0
2023-08-24 00:00:00+09:00,79700.0,80000.0,78400.0,78600.0,45532.0
2023-08-25 00:00:00+09:00,77800.0,80100.0,77800.0,78700.0,31754.0
2023-08-28 00:00:00+09:00,79900.0,82300.0,79900.0,81000.0,55307.0
2023-08-29 00:00:00+09:00,81100.0,82200.0,80400.0,80600.0,29817.0
2023-08-30 00:00:00+09:00,81400.0,81400.0,79300.0,79400.0,34374.0
2023-08-31 00:00:00+09:00,79400.0,79900.0,78600.0,78900.0,29460.0
2023-09-01 00:00:00+09:00,78200.0,82900.0,78100.0,82300.0,125807.0
2023-09-04 00:00:00+09:00,82500.0,83000.0,81200.0,82500.0,56550.0
2023-09-05 00:00:00+09:00,81700.0,82800.0,80800.0,81000.0,43153.0
2023-09-06 00:00:00+09:00,80800.0,81300.0,79200.0,79700.0,47399.0
2023-09-07 00:00:00+09:00,79300.0,80500.0,79000.0,79200.0,26128.0
2023-09-08 00:00:00+09:00,80200.0,81400.0,79200.0,81100.0,30816.0
2023-09-11 00:00:00+09:00,81100.0,81500.0,80100.0,80800.0,32573.0
2023-09-12 00:00:00+09:00,81300.0,82100.0,79700.0,79700.0,30545.0
2023-09-13 00:00:00+09:00,79500.0,80200.0,79100.0,79300.0,28438.0
2023-09-14 00:00:00+09:00,80000.0,80700.0,79300.0,80600.0,55400.0
2023-09-15 00:00:00+09:00,80400.0,80500.0,79200.0,79800.0,64185.0
2023-09-18 00:00:00+09:00,79800.0,86500.0,79800.0,85600.0,225600.0
2023-09-19 00:00:00+09:00,85400.0,86400.0,83800.0,84400.0,64319.0
2023-09-20 00:00:00+09:00,83700.0,84900.0,81600.0,82100.0,57548.0
2023-09-21 00:00:00+09:00,82800.0,82800.0,81000.0,81100.0,35067.0
2023-09-22 00:00:00+09:00,80100.0,82300.0,79800.0,81500.0,45987.0
2023-09-25 00:00:00+09:00,81100.0,81700.0,79500.0,79800.0,28361.0
2023-09-26 00:00:00+09:00,79200.0,81400.0,78600.0,80600.0,41008.0
2023-09-27 00:00:00+09:00,79700.0,81800.0,79000.0,80800.0,31789.0
2023-10-04 00:00:00+09:00,80100.0,82900.0,79700.0,81300.0,68692.0
2023-10-05 00:00:00+09:00,81200.0,84100.0,80700.0,83600.0,67039.0
2023-10-06 00:00:00+09:00,84000.0,84000.0,82700.0,82900.0,34724.0
2023-10-10 00:00:00+09:00,83000.0,84000.0,80600.0,81200.0,45116.0
2023-10-11 00:00:00+09:00,81000.0,82400.0,80300.0,80400.0,33266.0
2023-10-12 00:00:00+09:00,81300.0,81300.0,79000.0,79300.0,64674.0
2023-10-13 00:00:00+09:00,79100.0,79800.0,77500.0,78600.0,34951.0
2023-10-16 00:00:00+09:00,77900.0,78200.0,76000.0,76700.0,136225.0
2023-10-17 00:00:00+09:00,77900.0,78600.0,76800.0,78000.0,34781.0
2023-10-18 00:00:00+09:00,77800.0,79500.0,77200.0,79400.0,52491.0
2023-10-19 00:00:00+09:00,79300.0,79300.0,77600.0,78100.0,31445.0
2023-10-20 00:00:00+09:00,78200.0,78200.0,75000.0,76000.0,51586.0
2023-10-23 00:00:00+09:00,75900.0,75900.0,73100.0,74300.0,25845.0
2023-10-24 00:00:00+09:00,75000.0,76200.0,72600.0,75400.0,87128.0
2023-10-25 00:00:00+09:00,75100.0,76400.0,75000.0,76100.0,42010.0
2023-10-26 00:00:00+09:00,76400.0,76400.0,74500.0,75100.0,41743.0
2023-10-27 00:00:00+09:00,76600.0,76600.0,74100.0,74400.0,34648.0
2023-10-30 00:00:00+09:00,74400.0,76000.0,73500.0,75600.0,33015.0
2023-10-31 00:00:00+09:00,76300.0,76800.0,75500.0,75900.0,36674.0
2023-11-01 00:00:00+09:00,76800.0,76800.0,75000.0,76200.0,33418.0
2023-11-02 00:00:00+09:00,76400.0,76500.0,75400.0,75900.0,49731.0
2023-11-03 00:00:00+09:00,76000.0,77000.0,74500.0,75900.0,48021.0
2023-11-06 00:00:00+09:00,76800.0,78400.0,76300.0,78400.0,56413.0
2023-11-07 00:00:00+09:00,77700.0,78700.0,77000.0,77500.0,74956.0
2023-11-08 00:00:00+09:00,78500.0,81200.0,77000.0,80500.0,117110.0
2023-11-09 00:00:00+09:00,80000.0,80900.0,78700.0,79600.0,74416.0
2023-11-10 00:00:00+09:00,78700.0,80600.0,78700.0,79600.0,66853.0
2023-11-13 00:00:00+09:00,80000.0,80300.0,78900.0,79200.0,40518.0
2023-11-14 00:00:00+09:00,79900.0,81000.0,79500.0,79500.0,48365.0
2023-11-15 00:00:00+09:00,80900.0,81300.0,78800.0,79700.0,113333.0
2023-11-16 00:00:00+09:00,79700.0,80200.0,78700.0,79200.0,59650.0
2023-11-17 00:00:00+09:00,79900.0,89900.0,79800.0,87400.0,465532.0
2023-11-20 00:00:00+09:00,87400.0,92900.0,86500.0,89900.0,309613.0
2023-11-21 00:00:00+09:00,90400.0,92500.0,88800.0,91900.0,113742.0
2023-11-22 00:00:00+09:00,91500.0,94900.0,90700.0,93500.0,152348.0
2023-11-23 00:00:00+09:00,93000.0,97200.0,92400.0,96300.0,196841.0
2023-11-24 00:00:00+09:00,96900.0,97200.0,95000.0,95800.0,84624.0
2023-11-27 00:00:00+09:00,95600.0,103800.0,95100.0,103500.0,219967.0
2023-11-28 00:00:00+09:00,103500.0,104300.0,101300.0,103100.0,113375.0
2023-11-29 00:00:00+09:00,103200.0,108000.0,101900.0,107200.0,230705.0
2023-11-30 00:00:00+09:00,107200.0,114700.0,105500.0,113100.0,319834.0
2023-12-01 00:00:00+09:00,114000.0,121000.0,112200.0,113800.0,406167.0
2023-12-04 00:00:00+09:00,113100.0,115400.0,111000.0,112800.0,175801.0
2023-12-05 00:00:00+09:00,112700.0,119600.0,112100.0,113500.0,230581.0
2023-12-06 00:00:00+09:00,114600.0,119500.0,113700.0,117500.0,192719.0
2023-12-07 00:00:00+09:00,117600.0,119600.0,114700.0,115500.0,134962.0
2023-12-08 00:00:00+09:00,116600.0,121200.0,115800.0,118600.0,217167.0
2023-12-11 00:00:00+09:00,117600.0,121400.0,116400.0,120800.0,94733.0
2023-12-12 00:00:00+09:00,120800.0,125200.0,118700.0,119500.0,139623.0
2023-12-13 00:00:00+09:00,120000.0,123300.0,119300.0,119800.0,85786.0
2023-12-14 00:00:00+09:00,122900.0,123000.0,118100.0,121800.0,173903.0
2023-12-15 00:00:00+09:00,121100.0,121700.0,113700.0,118200.0,283258.0
2023-12-18 00:00:00+09:00,118200.0,118200.0,115500.0,116500.0,117367.0
2023-12-19 00:00:00+09:00,117000.0,122000.0,115400.0,117000.0,99972.0
2023-12-20 00:00:00+09:00,118100.0,126500.0,117000.0,125300.0,236364.0
2023-12-21 00:00:00+09:00,124300.0,125300.0,121000.0,123800.0,166202.0
2023-12-22 00:00:00+09:00,124000.0,129600.0,122500.0,126300.0,106048.0
2023-12-26 00:00:00+09:00,126700.0,128400.0,124300.0,125600.0,45760.0
2023-12-27 00:00:00+09:00,125600.0,129600.0,125300.0,129000.0,75777.0
2023-12-28 00:00:00+09:00,128000.0,129500.0,126500.0,127200.0,79844.0
2024-01-02 00:00:00+09:00,127100.0,131400.0,126900.0,127900.0,111937.0
2024-01-03 00:00:00+09:00,127900.0,130000.0,125100.0,125100.0,85241.0
2024-01-04 00:00:00+09:00,125000.0,128200.0,123500.0,126200.0,80355.0
2024-01-05 00:00:00+09:00,126300.0,128000.0,124900.0,125100.0,51587.0
2024-01-08 00:00:00+09:00,125600.0,128900.0,124500.0,128000.0,90676.0
2024-01-09 00:00:00+09:00,129300.0,129300.0,126300.0,128400.0,57047.0
2024-01-10 00:00:00+09:00,129300.0,134100.0,128800.0,133000.0,125306.0
2024-01-11 00:00:00+09:00,134100.0,136500.0,131300.0,132500.0,118432.0
2024-01-12 00:00:00+09:00,132500.0,132800.0,129000.0,131500.0,65378.0
2024-01-15 00:00:00+09:00,131500.0,132000.0,125500.0,126000.0,131203.0
2024-01-16 00:00:00+09:00,124800.0,127800.0,120200.0,124100.0,101585.0
2024-01-17 00:00:00+09:00,123500.0,124400.0,120100.0,123000.0,89943.0
2024-01-18 00:00:00+09:00,122100.0,124400.0,122000.0,122400.0,34205.0
2024-01-19 00:00:00+09:00,123000.0,124800.0,119000.0,121900.0,93183.0
2024-01-22 00:00:00+09:00,123100.0,128900.0,122000.0,126000.0,88133.0
2024-01-23 00:00:00+09:00,126000.0,127300.0,124000.0,124700.0,46147.0
2024-01-24 00:00:00+09:00,125500.0,125500.0,121200.0,122500.0,43983.0
2024-01-25 00:00:00+09:00,122500.0,131400.0,121500.0,129600.0,166402.0
2024-01-26 00:00:00+09:00,130000.0,136600.0,129400.0,136000.0,154588.0
2024-01-29 00:00:00+09:00,136100.0,138700.0,135300.0,136900.0,96053.0
2024-01-30 00:00:00+09:00,137100.0,139100.0,133000.0,133600.0,82859.0
2024-01-31 00:00:00+09:00,133000.0,136600.0,132900.0,135800.0,85465.0
2024-02-01 00:00:00+09:00,135700.0,138500.0,134500.0,137400.0,145952.0
2024-02-02 00:00:00+09:00,136000.0,148600.0,134500.0,148500.0,236800.0
2024-02-05 00:00:00+09:00,146000.0,146500.0,140000.0,143100.0,96853.0
2024-02-06 00:00:00+09:00,142900.0,146700.0,140000.0,142800.0,69554.0
2024-02-07 00:00:00+09:00,144900.0,147800.0,142800.0,145300.0,80158.0
2024-02-08 00:00:00+09:00,147100.0,147500.0,135100.0,139100.0,146222.0
2024-02-13 00:00:00+09:00,141900.0,142600.0,131800.0,134900.0,124475.0
2024-02-14 00:00:00+09:00,133200.0,140400.0,131400.0,138600.0,102592.0
2024-02-15 00:00:00+09:00,139900.0,140500.0,135500.0,135800.0,59891.0
2024-02-16 00:00:00+09:00,137800.0,139400.0,136400.0,139300.0,75064.0
2024-02-19 00:00:00+09:00,139300.0,140000.0,131600.0,134000.0,153198.0
2024-02-20 00:00:00+09:00,134000.0,134000.0,128700.0,130500.0,122012.0
2024-02-21 00:00:00+09:00,131600.0,132900.0,129400.0,132700.0,77588.0
2024-02-22 00:00:00+09:00,132700.0,132900.0,127700.0,129200.0,127334.0
2024-02-23 00:00:00+09:00,129000.0,132600.0,127200.0,128300.0,136717.0
2024-02-26 00:00:00+09:00,129300.0,129500.0,126900.0,128300.0,59908.0
2024-02-27 00:00:00+09:00,128300.0,129000.0,123600.0,125400.0,96726.0
2024-02-28 00:00:00+09:00,126000.0,126500.0,123400.0,124800.0,70894.0
2024-02-29 00:00:00+09:00,124100.0,125700.0,121900.0,124400.0,95419.0
2024-03-04 00:00:00+09:00,125900.0,126500.0,123200.0,124000.0,105514.0
2024-03-05 00:00:00+09:00,125400.0,139300.0,124500.0,134100.0,274781.0
2024-03-06 00:00:00+09:00,134200.0,134300.0,130400.0,132700.0,85715.0
2024-03-07 00:00:00+09:00,131700.0,133400.0,129400.0,130400.0,79988.0
2024-03-08 00:00:00+09:00,132300.0,135900.0,124300.0,127600.0,129731.0
2024-03-11 00:00:00+09:00,124300.0,126900.0,118800.0,123200.0,246086.0
2024-03-12 00:00:00+09:00,123700.0,125200.0,120100.0,121400.0,120575.0
2024-03-13 00:00:00+09:00,123000.0,123100.0,120400.0,120900.0,57733.0
2024-03-14 00:00:00+09:00,121600.0,127200.0,121500.0,126100.0,195471.0
2024-03-15 00:00:00+09:00,122800.0,126200.0,120100.0,124600.0,100113.0
2024-03-18 00:00:00+09:00,125800.0,131900.0,125000.0,127900.0,90085.0
2024-03-19 00:00:00+09:00,126400.0,134100.0,126400.0,129400.0,138879.0
2024-03-20 00:00:00+09:00,130600.0,130700.0,127000.0,128700.0,46641.0
2024-03-21 00:00:00+09:00,122100.0,125000.0,115500.0,120000.0,740352.0
2024-03-22 00:00:00+09:00,121300.0,123100.0,118000.0,118200.0,152984.0
2024-03-25 00:00:00+09:00,117300.0,118200.0,113700.0,116700.0,149251.0
2024-03-26 00:00:00+09:00,116900.0,119100.0,116800.0,117100.0,88668.0
2024-03-27 00:00:00+09:00,117800.0,123900.0,117800.0,123000.0,178069.0
2024-03-28 00:00:00+09:00,123000.0,123400.0,119100.0,119700.0,88994.0
2024-03-29 00:00:00+09:00,119500.0,119900.0,114600.0,114900.0,109719.0
2024-04-01 00:00:00+09:00,115900.0,119600.0,115600.0,119100.0,85636.0
2024-04-02 00:00:00+09:00,117700.0,118700.0,115700.0,118000.0,59430.0
2024-04-03 00:00:00+09:00,117000.0,119200.0,116600.0,119000.0,63056.0
2024-04-04 00:00:00+09:00,119700.0,120000.0,116100.0,117400.0,41751.0
2024-04-05 00:00:00+09:00,116300.0,120000.0,116000.0,120000.0,62962.0
2024-04-08 00:00:00+09:00,118900.0,119400.0,114000.0,117800.0,82746.0
2024-04-09 00:00:00+09:00,118700.0,120400.0,117000.0,117800.0,65587.0
2024-04-11 00:00:00+09:00,115500.0,125500.0,115400.0,123300.0,157033.0
2024-04-12 00:00:00+09:00,123100.0,124500.0,117800.0,118200.0,71897.0
2024-04-15 00:00:00+09:00,118500.0,120300.0,116600.0,119400.0,62428.0
2024-04-16 00:00:00+09:00,118300.0,119300.0,112600.0,113800.0,85509.0
2024-04-17 00:00:00+09:00,113900.0,116200.0,113600.0,116000.0,69842.0
2024-04-18 00:00:00+09:00,116800.0,123200.0,116000.0,123000.0,172346.0
2024-04-19 00:00:00+09:00,120700.0,121700.0,117600.0,118400.0,70141.0
2024-04-22 00:00:00+09:00,120800.0,124300.0,119200.0,123500.0,57537.0
2024-04-23 00:00:00+09:00,123500.0,125100.0,120400.0,125100.0,51720.0
2024-04-24 00:00:00+09:00,126200.0,126200.0,122900.0,125000.0,72162.0
2024-04-25 00:00:00+09:00,123100.0,129500.0,123100.0,127200.0,69035.0
2024-04-26 00:00:00+09:00,127200.0,128200.0,124800.0,125100.0,44598.0
2024-04-29 00:00:00+09:00,126300.0,127500.0,123800.0,124200.0,49167.0
2024-04-30 00:00:00+09:00,123100.0,124200.0,122000.0,122600.0,64460.0
2024-05-02 00:00:00+09:00,121900.0,124400.0,119600.0,120600.0,52564.0
2024-05-03 00:00:00+09:00,121900.0,122000.0,119600.0,121800.0,38494.0
2024-05-07 00:00:00+09:00,122900.0,124000.0,119200.0,120800.0,50917.0
2024-05-08 00:00:00+09:00,121600.0,129900.0,120000.0,129900.0,139408.0
2024-05-09 00:00:00+09:00,130000.0,131000.0,121700.0,122900.0,136675.0
2024-05-10 00:00:00+09:00,124200.0,126700.0,119000.0,119400.0,126970.0
2024-05-13 00:00:00+09:00,119400.0,121600.0,115500.0,117800.0,148956.0
2024-05-14 00:00:00+09:00,117700.0,118300.0,111400.0,114000.0,240499.0
2024-05-16 00:00:00+09:00,114600.0,115500.0,113300.0,114600.0,74760.0
2024-05-17 00:00:00+09:00,111700.0,114000.0,111700.0,113000.0,82545.0
2024-05-20 00:00:00+09:00,115000.0,117600.0,112600.0,112900.0,72180.0
2024-05-21 00:00:00+09:00,112900.0,113200.0,110700.0,111400.0,98299.0
2024-05-22 00:00:00+09:00,111400.0,111800.0,109300.0,109900.0,90875.0
2024-05-23 00:00:00+09:00,109600.0,112200.0,109500.0,110500.0,49989.0
2024-05-24 00:00:00+09:00,110500.0,110900.0,108900.0,109900.0,56348.0
2024-05-27 00:00:00+09:00,110100.0,111700.0,109600.0,109800.0,37122.0
2024-05-28 00:00:00+09:00,109600.0,110000.0,104400.0,105200.0,201408.0
2024-05-29 00:00:00+09:00,104200.0,105700.0,101900.0,104600.0,124051.0
2024-05-30 00:00:00+09:00,103700.0,104600.0,101900.0,103200.0,72870.0
2024-05-31 00:00:00+09:00,104800.0,106200.0,103100.0,103700.0,96423.0
2024-06-03 00:00:00+09:00,104900.0,105100.0,102000.0,103700.0,87465.0
2024-06-04 00:00:00+09:00,102700.0,103300.0,101800.0,101800.0,42592.0
2024-06-05 00:00:00+09:00,102800.0,103400.0,100400.0,101800.0,55357.0
2024-06-07 00:00:00+09:00,103200.0,104400.0,102000.0,103100.0,44026.0
2024-06-10 00:00:00+09:00,102100.0,102200.0,99800.0,101100.0,39699.0
2024-06-11 00:00:00+09:00,101100.0,101500.0,99900.0,100700.0,46909.0
2024-06-12 00:00:00+09:00,100900.0,101100.0,96800.0,97400.0,132849.0
2024-06-13 00:00:00+09:00,98000.0,102700.0,98000.0,99500.0,160592.0
2024-06-14 00:00:00+09:00,100400.0,103500.0,99300.0,99300.0,103769.0
2024-06-17 00:00:00+09:00,100000.0,101300.0,98800.0,99400.0,63084.0
2024-06-18 00:00:00+09:00,100100.0,100100.0,97700.0,98600.0,68141.0
2024-06-19 00:00:00+09:00,99000.0,99000.0,96700.0,98900.0,65710.0
2024-06-20 00:00:00+09:00,98700.0,99700.0,97500.0,98100.0,41041.0
2024-06-21 00:00:00+09:00,97900.0,98400.0,97000.0,97600.0,55514.0
2024-06-24 00:00:00+09:00,97100.0,97600.0,94800.0,95200.0,86404.0
2024-06-25 00:00:00+09:00,95800.0,97300.0,95500.0,97200.0,65363.0
2024-06-26 00:00:00+09:00,97200.0,97300.0,94900.0,96000.0,79214.0
2024-06-27 00:00:00+09:00,95100.0,96000.0,93600.0,94200.0,62754.0
2024-06-28 00:00:00+09:00,94300.0,96000.0,94300.0,95100.0,65917.0
2024-07-01 00:00:00+09:00,94500.0,95900.0,94100.0,95300.0,39208.0
2024-07-02 00:00:00+09:00,94800.0,94800.0,92200.0,92700.0,91403.0
2024-07-03 00:00:00+09:00,93200.0,95300.0,92100.0,94300.0,77262.0
2024-07-04 00:00:00+09:00,95500.0,95600.0,93600.0,94700.0,43644.0
2024-07-05 00:00:00+09:00,95000.0,95600.0,92100.0,93400.0,57148.0
2024-07-08 00:00:00+09:00,92800.0,93300.0,91800.0,92600.0,31739.0
2024-07-09 00:00:00+09:00,93000.0,93800.0,92300.0,93200.0,46913.0
2024-07-10 00:00:00+09:00,93700.0,93800.0,91800.0,91900.0,45050.0
2024-07-11 00:00:00+09:00,92200.0,94400.0,91800.0,91900.0,113223.0
2024-07-12 00:00:00+09:00,92300.0,92900.0,91600.0,92200.0,29244.0
2024-07-15 00:00:00+09:00,93000.0,93700.0,90300.0,90600.0,72220.0
2024-07-16 00:00:00+09:00,91100.0,93300.0,90700.0,91600.0,68660.0
2024-07-17 00:00:00+09:00,91800.0,92500.0,89700.0,90300.0,104786.0
2024-07-18 00:00:00+09:00,90400.0,91200.0,89100.0,90700.0,63235.0
2024-07-19 00:00:00+09:00,91300.0,93500.0,89800.0,93200.0,94759.0
2024-07-22 00:00:00+09:00,93200.0,93200.0,90900.0,91200.0,48072.0
2024-07-23 00:00:00+09:00,91200.0,95300.0,90900.0,93100.0,108741.0
2024-07-24 00:00:00+09:00,92300.0,97000.0,91600.0,96000.0,138210.0
2024-07-25 00:00:00+09:00,95900.0,97400.0,94100.0,94500.0,87113.0
2024-07-26 00:00:00+09:00,94600.0,95100.0,93300.0,94200.0,47625.0
2024-07-29 00:00:00+09:00,94200.0,96900.0,94000.0,95500.0,44652.0
2024-07-30 00:00:00+09:00,95200.0,99300.0,94700.0,97300.0,130288.0
2024-07-31 00:00:00+09:00,97300.0,100500.0,96600.0,98500.0,133032.0
2024-08-01 00:00:00+09:00,98500.0,100500.0,97600.0,98800.0,100389.0
2024-08-02 00:00:00+09:00,97700.0,101800.0,96700.0,99700.0,156302.0
2024-08-05 00:00:00+09:00,99700.0,100000.0,91000.0,93300.0,102931.0
2024-08-06 00:00:00+09:00,94200.0,99400.0,94200.0,96700.0,73926.0
2024-08-07 00:00:00+09:00,96100.0,100300.0,95800.0,97900.0,73964.0
2024-08-08 00:00:00+09:00,98000.0,101000.0,97400.0,99200.0,130553.0
2024-08-09 00:00:00+09:00,100200.0,101600.0,98500.0,98600.0,78408.0
2024-08-12 00:00:00+09:00,100000.0,101500.0,99500.0,100300.0,81752.0
2024-08-13 00:00:00+09:00,100300.0,101100.0,94000.0,94000.0,143072.0
2024-08-14 00:00:00+09:00,95000.0,96000.0,93200.0,96000.0,94050.0
2024-08-16 00:00:00+09:00,96900.0,96900.0,93900.0,93900.0,97479.0
2024-08-19 00:00:00+09:00,94300.0,95100.0,92800.0,94600.0,65741.0
2024-08-20 00:00:00+09:00,94700.0,95200.0,93400.0,93800.0,76247.0
2024-08-21 00:00:00+09:00,94200.0,96200.0,93500.0,93500.0,69450.0
2024-08-22 00:00:00+09:00,93500.0,94200.0,91400.0,91800.0,77812.0
2024-08-23 00:00:00+09:00,92300.0,94100.0,92100.0,93800.0,55912.0
2024-08-26 00:00:00+09:00,94000.0,97000.0,93500.0,96400.0,76500.0
2024-08-27 00:00:00+09:00,96600.0,97800.0,93700.0,97400.0,100473.0
2024-08-28 00:00:00+09:00,97400.0,97400.0,94200.0,95900.0,69260.0
2024-08-29 00:00:00+09:00,95000.0,95300.0,93300.0,93400.0,71651.0
2024-08-30 00:00:00+09:00,94300.0,96000.0,93600.0,94300.0,84169.0
2024-09-02 00:00:00+09:00,95100.0,95700.0,93600.0,94100.0,48478.0
2024-09-03 00:00:00+09:00,93800.0,96900.0,93800.0,96500.0,56391.0
2024-09-04 00:00:00+09:00,95000.0,95000.0,91600.0,92100.0,90424.0
2024-09-05 00:00:00+09:00,93000.0,98300.0,92200.0,97400.0,122622.0
2024-09-06 00:00:00+09:00,97400.0,102500.0,97100.0,100800.0,229007.0
2024-09-09 00:00:00+09:00,99800.0,102000.0,97800.0,101500.0,101881.0
2024-09-10 00:00:00+09:00,101100.0,103700.0,98400.0,98500.0,112656.0
2024-09-11 00:00:00+09:00,99900.0,105400.0,99700.0,104000.0,184153.0
2024-09-12 00:00:00+09:00,104400.0,105100.0,99700.0,101700.0,158310.0
2024-09-13 00:00:00+09:00,102000.0,102000.0,100100.0,101400.0,41872.0
2024-09-19 00:00:00+09:00,102200.0,102300.0,98500.0,99700.0,59675.0
2024-09-20 00:00:00+09:00,100200.0,100600.0,96700.0,96700.0,113030.0
2024-09-23 00:00:00+09:00,97500.0,99300.0,96400.0,98400.0,71386.0
2024-09-24 00:00:00+09:00,98900.0,99300.0,97700.0,98300.0,39208.0
2024-09-25 00:00:00+09:00,99100.0,100000.0,97100.0,97100.0,58256.0
2024-09-26 00:00:00+09:00,97900.0,97900.0,96100.0,97200.0,59291.0
2024-09-27 00:00:00+09:00,97900.0,99000.0,96500.0,97600.0,54008.0
2024-09-30 00:00:00+09:00,98500.0,98800.0,93100.0,93100.0,106076.0
2024-10-02 00:00:00+09:00,92000.0,93600.0,90600.0,92900.0,63640.0
2024-10-04 00:00:00+09:00,92300.0,93600.0,91300.0,92700.0,44562.0
2024-10-07 00:00:00+09:00,93200.0,93200.0,91700.0,92000.0,40658.0
2024-10-08 00:00:00+09:00,92000.0,92200.0,89500.0,89800.0,102652.0
2024-10-10 00:00:00+09:00,90700.0,91000.0,89100.0,90500.0,107033.0
2024-10-11 00:00:00+09:00,91000.0,91300.0,89200.0,89500.0,45708.0
2024-10-14 00:00:00+09:00,89500.0,90400.0,89100.0,90200.0,41381.0
2024-10-15 00:00:00+09:00,90200.0,90400.0,87900.0,89000.0,86115.0
2024-10-16 00:00:00+09:00,88500.0,89100.0,86700.0,88800.0,96762.0
2024-10-17 00:00:00+09:00,89100.0,89300.0,87600.0,88100.0,59951.0
2024-10-18 00:00:00+09:00,88300.0,89300.0,87900.0,89300.0,53969.0
2024-10-21 00:00:00+09:00,89500.0,89500.0,87700.0,88300.0,64787.0
2024-10-22 00:00:00+09:00,88300.0,88300.0,84200.0,87100.0,127463.0
2024-10-23 00:00:00+09:00,86400.0,90300.0,86400.0,89200.0,102370.0
2024-10-24 00:00:00+09:00,89600.0,90500.0,87700.0,90500.0,59926.0
2024-10-25 00:00:00+09:00,90600.0,90600.0,88300.0,88700.0,82686.0
2024-10-28 00:00:00+09:00,88700.0,89900.0,88300.0,89200.0,29943.0
2024-10-29 00:00:00+09:00,89200.0,90500.0,87800.0,90500.0,39903.0
2024-10-30 00:00:00+09:00,89900.0,90000.0,86400.0,87300.0,93158.0
2024-10-31 00:00:00+09:00,87200.0,88200.0,85400.0,87800.0,71793.0
2024-11-01 00:00:00+09:00,87100.0,90000.0,86200.0,88400.0,61976.0
2024-11-04 00:00:00+09:00,88100.0,89400.0,87800.0,89000.0,39487.0
2024-11-05 00:00:00+09:00,88200.0,90600.0,88200.0,88600.0,51628.0
2024-11-06 00:00:00+09:00,88700.0,89400.0,87700.0,88900.0,51365.0
2024-11-07 00:00:00+09:00,88100.0,88500.0,86100.0,86200.0,69878.0
2024-11-08 00:00:00+09:00,87000.0,90600.0,86400.0,88300.0,83856.0
2024-11-11 00:00:00+09:00,86800.0,87400.0,82700.0,83100.0,122353.0
2024-11-12 00:00:00+09:00,82500.0,83100.0,80200.0,80200.0,83160.0
2024-11-13 00:00:00+09:00,78300.0,80600.0,78300.0,79600.0,47375.0
2024-11-14 00:00:00+09:00,79600.0,80500.0,78300.0,78900.0,55067.0
2024-11-15 00:00:00+09:00,78900.0,79300.0,76800.0,77900.0,310316.0
2024-11-18 00:00:00+09:00,77300.0,79700.0,77300.0,78900.0,48141.0
2024-11-19 00:00:00+09:00,79000.0,79800.0,78000.0,79600.0,31015.0
2024-11-20 00:00:00+09:00,79700.0,81800.0,79100.0,81300.0,48211.0
2024-11-21 00:00:00+09:00,81600.0,81600.0,79200.0,79200.0,44463.0
2024-11-22 00:00:00+09:00,79300.0,80300.0,78900.0,79400.0,34189.0
2024-11-25 00:00:00+09:00,80200.0,80800.0,79400.0,80000.0,44999.0
2024-11-26 00:00:00+09:00,79500.0,81500.0,78800.0,81400.0,54833.0
2024-11-27 00:00:00+09:00,81500.0,82400.0,80400.0,80800.0,47011.0
2024-11-28 00:00:00+09:00,81400.0,84400.0,80400.0,82900.0,71800.0
2024-11-29 00:00:00+09:00,83000.0,83200.0,81600.0,81900.0,34329.0
2024-12-02 00:00:00+09:00,82700.0,83500.0,81800.0,82000.0,41669.0
2024-12-03 00:00:00+09:00,83000.0,85100.0,82100.0,84400.0,55276.0
2024-12-04 00:00:00+09:00,83800.0,84400.0,82200.0,83000.0,36911.0
2024-12-05 00:00:00+09:00,82400.0,82600.0,80700.0,81500.0,30893.0
2024-12-06 00:00:00+09:00,80700.0,82100.0,79600.0,81100.0,38827.0
2024-12-09 00:00:00+09:00,80500.0,80600.0,78100.0,79200.0,44266.0
2024-12-10 00:00:00+09:00,79500.0,82600.0,79500.0,82100.0,50514.0
2024-12-11 00:00:00+09:00,81500.0,83700.0,81100.0,83000.0,41849.0
2024-12-12 00:00:00+09:00,83200.0,85700.0,82800.0,83700.0,81364.0
2024-12-13 00:00:00+09:00,83700.0,86300.0,83400.0,85700.0,65244.0
2024-12-16 00:00:00+09:00,85700.0,86200.0,83500.0,84000.0,38349.0
2024-12-17 00:00:00+09:00,84000.0,84300.0,82600.0,82600.0,43784.0
2024-12-18 00:00:00+09:00,83300.0,84600.0,82700.0,84200.0,35583.0
2024-12-19 00:00:00+09:00,83200.0,83400.0,81500.0,81600.0,49319.0
2024-12-20 00:00:00+09:00,81600.0,82200.0,80200.0,80900.0,48838.0
2024-12-23 00:00:00+09:00,81600.0,82800.0,80400.0,82500.0,38073.0
2024-12-24 00:00:00+09:00,82700.0,83400.0,81800.0,82200.0,30324.0
2024-12-26 00:00:00+09:00,83000.0,83200.0,81000.0,81200.0,34883.0
2024-12-27 00:00:00+09:00,86500.0,91000.0,85200.0,85700.0,435740.0
2024-12-30 00:00:00+09:00,84900.0,85600.0,82800.0,84400.0,93648.0
2025-01-02 00:00:00+09:00,84600.0,85900.0,81300.0,84100.0,77119.0
2025-01-03 00:00:00+09:00,83700.0,87400.0,83500.0,85100.0,52667.0
2025-01-06 00:00:00+09:00,86300.0,88300.0,84800.0,87000.0,76586.0
2025-01-07 00:00:00+09:00,89000.0,89000.0,85600.0,85700.0,79305.0
2025-01-08 00:00:00+09:00,85200.0,87000.0,84700.0,86100.0,59463.0
2025-01-09 00:00:00+09:00,85800.0,87300.0,85500.0,85500.0,73607.0
2025-01-10 00:00:00+09:00,85500.0,86900.0,84800.0,84800.0,49717.0
2025-01-13 00:00:00+09:00,84700.0,85200.0,83200.0,84300.0,42444.0
2025-01-14 00:00:00+09:00,84700.0,84700.0,81500.0,81800.0,80181.0
2025-01-15 00:00:00+09:00,82000.0,83300.0,81200.0,81600.0,54682.0
2025-01-16 00:00:00+09:00,82300.0,82300.0,80200.0,80900.0,125545.0
2025-01-17 00:00:00+09:00,80600.0,81700.0,80300.0,80600.0,60543.0
2025-01-20 00:00:00+09:00,81100.0,81100.0,79400.0,80200.0,62941.0
2025-01-21 00:00:00+09:00,80700.0,80800.0,79500.0,80400.0,60702.0
2025-01-22 00:00:00+09:00,80700.0,81400.0,80200.0,81200.0,40206.0
2025-01-23 00:00:00+09:00,81500.0,81500.0,80300.0,80300.0,55999.0
2025-01-24 00:00:00+09:00,81000.0,81000.0,79500.0,79500.0,54721.0
2025-01-31 00:00:00+09:00,80200.0,81600.0,79300.0,79800.0,72513.0
2025-02-03 00:00:00+09:00,79300.0,79600.0,77500.0,78500.0,80213.0
2025-02-04 00:00:00+09:00,79000.0,81500.0,78800.0,79800.0,75040.0
2025-02-05 00:00:00+09:00,80600.0,81400.0,80100.0,80300.0,32525.0
2025-02-06 00:00:00+09:00,81200.0,81800.0,80500.0,81200.0,48371.0
2025-02-07 00:00:00+09:00,81200.0,82300.0,80000.0,81800.0,54057.0
2025-02-10 00:00:00+09:00,81900.0,86000.0,81900.0,84100.0,117158.0
2025-02-11 00:00:00+09:00,84100.0,89300.0,83400.0,88900.0,203915.0
2025-02-12 00:00:00+09:00,90400.0,94800.0,88800.0,94300.0,286213.0
2025-02-13 00:00:00+09:00,93700.0,96400.0,92700.0,95200.0,138884.0
2025-02-14 00:00:00+09:00,94500.0,95900.0,93800.0,95300.0,105149.0
2025-02-17 00:00:00+09:00,96100.0,97000.0,94400.0,96200.0,73116.0
2025-02-18 00:00:00+09:00,95600.0,96700.0,94700.0,96100.0,62685.0
2025-02-19 00:00:00+09:00,94700.0,98500.0,94700.0,95400.0,84446.0
2025-02-20 00:00:00+09:00,94200.0,97500.0,93800.0,97500.0,92617.0
2025-02-21 00:00:00+09:00,97500.0,97700.0,95000.0,97100.0,58345.0
2025-02-24 00:00:00+09:00,95600.0,97700.0,95400.0,96200.0,53956.0
2025-02-25 00:00:00+09:00,95500.0,97500.0,94200.0,96600.0,79827.0
2025-02-26 00:00:00+09:00,98200.0,98200.0,95400.0,96500.0,59701.0
2025-02-27 00:00:00+09:00,95600.0,97100.0,94800.0,95700.0,62978.0
2025-02-28 00:00:00+09:00,95600.0,95600.0,92300.0,93600.0,75436.0
2025-03-04 00:00:00+09:00,93600.0,93600.0,89500.0,89700.0,68318.0
2025-03-05 00:00:00+09:00,91100.0,94000.0,89400.0,93200.0,103675.0
2025-03-06 00:00:00+09:00,94800.0,96400.0,92700.0,96200.0,81628.0
2025-03-07 00:00:00+09:00,96200.0,96500.0,94800.0,94900.0,40792.0
2025-03-10 00:00:00+09:00,94400.0,98200.0,94400.0,96800.0,69807.0
2025-03-11 00:00:00+09:00,94800.0,94800.0,93300.0,94100.0,84575.0
2025-03-12 00:00:00+09:00,93600.0,94500.0,92600.0,92800.0,35929.0
2025-03-13 00:00:00+09:00,92800.0,93500.0,90300.0,90300.0,81010.0
2025-03-14 00:00:00+09:00,89900.0,92300.0,89900.0,90400.0,41134.0
2025-03-17 00:00:00+09:00,90700.0,91500.0,88800.0,89500.0,54341.0
2025-03-18 00:00:00+09:00,90400.0,91300.0,88200.0,88600.0,57112.0
2025-03-19 00:00:00+09:00,87900.0,90300.0,87600.0,88900.0,42373.0
2025-03-20 00:00:00+09:00,89200.0,89900.0,87550.0,87800.0,57359.0
2025-03-21 00:00:00+09:00,87800.0,89400.0,85800.0,87400.0,113193.0
2025-03-24 00:00:00+09:00,87400.0,89000.0,87100.0,87700.0,38986.0
2025-03-25 00:00:00+09:00,87100.0,87700.0,85200.0,86500.0,69957.0
2025-03-26 00:00:00+09:00,86700.0,87300.0,85500.0,86300.0,30449.0
2025-03-27 00:00:00+09:00,85700.0,86300.0,85100.0,85300.0,40332.0
2025-03-28 00:00:00+09:00,85300.0,85600.0,83700.0,85600.0,41332.0
2025-03-31 00:00:00+09:00,84900.0,86300.0,83700.0,86300.0,56072.0
2025-04-01 00:00:00+09:00,86300.0,86600.0,85000.0,85800.0,32716.0
2025-04-02 00:00:00+09:00,85900.0,86200.0,84600.0,84900.0,31267.0
2025-04-03 00:00:00+09:00,84200.0,84200.0,81800.0,82900.0,45291.0
2025-04-04 00:00:00+09:00,83400.0,89700.0,82600.0,89400.0,98545.0
2025-04-07 00:00:00+09:00,86600.0,87200.0,84600.0,85700.0,52379.0
2025-04-08 00:00:00+09:00,85900.0,86500.0,79800.0,80000.0,102484.0
2025-04-09 00:00:00+09:00,79800.0,81800.0,79600.0,81300.0,45268.0
2025-04-10 00:00:00+09:00,82300.0,83600.0,81400.0,82200.0,80871.0
2025-04-11 00:00:00+09:00,81400.0,84000.0,81400.0,82700.0,73356.0
2025-04-14 00:00:00+09:00,82700.0,83000.0,81600.0,82100.0,65190.0
2025-04-15 00:00:00+09:00,82200.0,83300.0,81700.0,82600.0,43652.0
2025-04-16 00:00:00+09:00,83400.0,83500.0,81600.0,81800.0,39146.0
2025-04-17 00:00:00+09:00,82400.0,82500.0,81200.0,81900.0,42019.0
2025-04-18 00:00:00+09:00,82100.0,84100.0,81300.0,83500.0,45415.0
2025-04-21 00:00:00+09:00,83900.0,85700.0,83000.0,85000.0,44815.0
2025-04-22 00:00:00+09:00,84900.0,85400.0,82700.0,83400.0,69178.0
2025-04-23 00:00:00+09:00,84300.0,85500.0,84100.0,84500.0,61834.0
2025-04-24 00:00:00+09:00,84800.0,84900.0,82900.0,83200.0,46814.0
2025-04-25 00:00:00+09:00,83700.0,83800.0,82500.0,82500.0,55975.0
2025-04-28 00:00:00+09:00,82900.0,83100.0,82500.0,82900.0,40107.0
2025-04-29 00:00:00+09:00,83000.0,83000.0,82200.0,82400.0,44499.0
2025-04-30 00:00:00+09:00,82500.0,83300.0,82400.0,83200.0,46289.0
2025-05-02 00:00:00+09:00,83200.0,83300.0,81900.0,81900.0,49850.0
2025-05-07 00:00:00+09:00,82700.0,84800.0,82500.0,84100.0,81638.0
2025-05-08 00:00:00+09:00,83500.0,86100.0,83000.0,83000.0,81614.0
2025-05-09 00:00:00+09:00,83200.0,85000.0,83000.0,84200.0,37769.0
2025-05-12 00:00:00+09:00,85000.0,85800.0,84600.0,85500.0,34014.0
2025-05-13 00:00:00+09:00,84700.0,85600.0,82600.0,82900.0,92836.0
2025-05-14 00:00:00+09:00,83200.0,83600.0,80900.0,81000.0,168141.0
2025-05-15 00:00:00+09:00,81100.0,81100.0,79200.0,79200.0,130764.0
2025-05-16 00:00:00+09:00,79700.0,79800.0,78700.0,79500.0,68841.0
2025-05-19 00:00:00+09:00,79500.0,80900.0,79000.0,79200.0,60700.0
2025-05-20 00:00:00+09:00,79500.0,79500.0,77700.0,77900.0,89912.0
2025-05-21 00:00:00+09:00,78100.0,78500.0,77500.0,77600.0,58144.0
2025-05-22 00:00:00+09:00,77600.0,80400.0,77400.0,79100.0,108270.0
2025-05-23 00:00:00+09:00,79200.0,80500.0,78900.0,80100.0,57906.0
2025-05-26 00:00:00+09:00,80100.0,80400.0,79300.0,80100.0,52510.0
2025-05-27 00:00:00+09:00,79600.0,80300.0,79300.0,79800.0,36609.0
2025-05-28 00:00:00+09:00,79800.0,80900.0,79800.0,80500.0,55246.0
2025-05-29 00:00:00+09:00,80900.0,81500.0,80200.0,81200.0,62629.0
2025-05-30 00:00:00+09:00,80700.0,81800.0,80400.0,80400.0,55967.0
2025-06-02 00:00:00+09:00,80100.0,80800.0,79500.0,79900.0,47431.0
2025-06-04 00:00:00+09:00,80700.0,84100.0,80500.0,83500.0,147399.0
2025-06-05 00:00:00+09:00,82900.0,85000.0,82800.0,84500.0,102961.0
2025-06-09 00:00:00+09:00,85000.0,88200.0,84800.0,87400.0,117615.0
2025-06-10 00:00:00+09:00,88700.0,88900.0,86100.0,87300.0,112937.0
2025-06-11 00:00:00+09:00,87200.0,88400.0,86600.0,87500.0,51859.0
2025-06-12 00:00:00+09:00,87000.0,88300.0,85900.0,85900.0,101235.0
2025-06-13 00:00:00+09:00,86300.0,87800.0,84800.0,85100.0,90796.0
2025-06-16 00:00:00+09:00,84500.0,85800.0,83500.0,84300.0,60652.0
2025-06-17 00:00:00+09:00,84800.0,85000.0,82900.0,83500.0,62615.0
2025-06-18 00:00:00+09:00,82800.0,85100.0,82800.0,84900.0,52308.0
2025-06-19 00:00:00+09:00,85100.0,86050.0,84700.0,85500.0,58706.0
2025-06-20 00:00:00+09:00,85900.0,92300.0,85300.0,90700.0,221613.0
2025-06-23 00:00:00+09:00,89800.0,89900.0,86900.0,87900.0,73989.0
2025-06-24 00:00:00+09:00,91200.0,91200.0,88300.0,88900.0,97012.0
2025-06-25 00:00:00+09:00,89800.0,90000.0,88500.0,89200.0,49547.0
2025-06-26 00:00:00+09:00,89200.0,89200.0,86300.0,87300.0,69915.0
2025-06-27 00:00:00+09:00,87400.0,88400.0,86300.0,87500.0,54219.0
2025-06-30 00:00:00+09:00,88400.0,88700.0,87200.0,87400.0,40476.0
2025-07-01 00:00:00+09:00,87400.0,90100.0,87400.0,88600.0,86275.0
2025-07-02 00:00:00+09:00,89100.0,90700.0,88100.0,90400.0,55210.0
2025-07-03 00:00:00+09:00,91200.0,91800.0,89700.0,91400.0,88099.0
2025-07-04 00:00:00+09:00,91900.0,91900.0,89800.0,90700.0,56909.0
2025-07-07 00:00:00+09:00,90800.0,92500.0,90000.0,90900.0,45536.0
2025-07-08 00:00:00+09:00,91500.0,91500.0,88800.0,89700.0,86978.0
2025-07-09 00:00:00+09:00,89900.0,93700.0,89500.0,93600.0,117478.0
2025-07-10 00:00:00+09:00,92900.0,93700.0,92400.0,92800.0,85246.0
2025-07-11 00:00:00+09:00,92900.0,95300.0,92600.0,94000.0,101464.0
2025-07-14 00:00:00+09:00,94000.0,95000.0,92300.0,94800.0,49181.0
2025-07-15 00:00:00+09:00,94600.0,95500.0,93200.0,94100.0,56707.0
2025-07-16 00:00:00+09:00,94100.0,94100.0,92500.0,92600.0,50209.0
2025-07-17 00:00:00+09:00,93200.0,94400.0,92100.0,94400.0,55692.0
2025-07-18 00:00:00+09:00,94300.0,94800.0,91800.0,92300.0,56103.0
2025-07-21 00:00:00+09:00,91400.0,93000.0,91100.0,92200.0,42828.0
2025-07-22 00:00:00+09:00,92200.0,93200.0,91600.0,92500.0,53301.0
2025-07-23 00:00:00+09:00,93100.0,93100.0,90800.0,91500.0,59784.0
2025-07-24 00:00:00+09:00,91100.0,92200.0,88900.0,89800.0,67631.0
2025-07-25 00:00:00+09:00,89000.0,90500.0,88900.0,90000.0,48693.0
2025-07-28 00:00:00+09:00,89700.0,90900.0,87700.0,88700.0,54068.0
2025-07-29 00:00:00+09:00,88200.0,89600.0,87400.0,89200.0,48866.0
2025-07-30 00:00:00+09:00,88600.0,90400.0,88600.0,89600.0,38067.0
2025-07-31 00:00:00+09:00,89900.0,90300.0,88500.0,89000.0,50538.0
2025-08-01 00:00:00+09:00,88200.0,88800.0,86100.0,86100.0,78318.0
2025-08-04 00:00:00+09:00,85700.0,88100.0,85400.0,87600.0,55865.0
2025-08-05 00:00:00+09:00,88300.0,89000.0,85500.0,86300.0,64038.0
2025-08-06 00:00:00+09:00,86000.0,88400.0,85900.0,88200.0,51142.0
2025-08-07 00:00:00+09:00,88600.0,88600.0,87100.0,88000.0,62564.0
2025-08-08 00:00:00+09:00,88300.0,90800.0,86100.0,87200.0,104057.0
2025-08-11 00:00:00+09:00,87300.0,87300.0,84000.0,84600.0,106316.0
2025-08-12 00:00:00+09:00,84500.0,85100.0,83400.0,83600.0,77246.0
2025-08-13 00:00:00+09:00,84300.0,84400.0,82300.0,83400.0,53489.0
2025-08-14 00:00:00+09:00,83700.0,83900.0,82700.0,83100.0,69678.0
2025-08-18 00:00:00+09:00,83500.0,83900.0,82600.0,82900.0,42797.0
2025-08-19 00:00:00+09:00,83400.0,83600.0,81700.0,82200.0,58079.0
2025-08-20 00:00:00+09:00,82800.0,83200.0,81000.0,83100.0,56197.0
2025-08-21 00:00:00+09:00,83600.0,84000.0,82400.0,82700.0,49511.0
2025-08-22 00:00:00+09:00,82900.0,83400.0,82000.0,82300.0,28956.0
2025-08-25 00:00:00+09:00,83100.0,84200.0,82600.0,84100.0,51210.0
2025-08-26 00:00:00+09:00,83900.0,83900.0,82800.0,83500.0,44745.0
2025-08-27 00:00:00+09:00,83600.0,84200.0,82600.0,83000.0,36510.0
2025-08-28 00:00:00+09:00,83000.0,84700.0,82300.0,83800.0,60892.0
2025-08-29 00:00:00+09:00,84400.0,84500.0,82900.0,83500.0,44514.0
2025-09-01 00:00:00+09:00,84000.0,84000.0,82500.0,82700.0,37411.0
2025-09-02 00:00:00+09:00,82500.0,83100.0,81800.0,82200.0,46622.0
2025-09-03 00:00:00+09:00,81900.0,82500.0,81800.0,81900.0,43239.0
2025-09-04 00:00:00+09:00,82000.0,82900.0,81600.0,82500.0,60672.0
2025-09-05 00:00:00+09:00,82500.0,84200.0,82500.0,83500.0,81684.0
2025-09-08 00:00:00+09:00,83500.0,83600.0,82700.0,83100.0,32443.0
2025-09-09 00:00:00+09:00,83600.0,83600.0,82400.0,83500.0,32965.0
2025-09-10 00:00:00+09:00,83300.0,84000.0,83300.0,83500.0,47848.0
2025-09-11 00:00:00+09:00,83500.0,84000.0,82400.0,83100.0,79140.0
2025-09-12 00:00:00+09:00,83400.0,84100.0,83100.0,83700.0,62306.0
2025-09-15 00:00:00+09:00,83800.0,87500.0,83700.0,86500.0,108668.0
2025-09-16 00:00:00+09:00,86500.0,86600.0,85300.0,85400.0,42042.0
2025-09-17 00:00:00+09:00,85400.0,85500.0,84300.0,85100.0,39828.0
2025-09-18 00:00:00+09:00,84800.0,86200.0,84800.0,85500.0,34581.0
2025-09-19 00:00:00+09:00,85100.0,85500.0,84000.0,84400.0,35332.0
2025-09-22 00:00:00+09:00,84800.0,84800.0,83200.0,83400.0,33564.0
2025-09-23 00:00:00+09:00,83100.0,83400.0,82400.0,82700.0,56673.0
2025-09-24 00:00:00+09:00,83400.0,83500.0,82300.0,82400.0,55554.0
2025-09-25 00:00:00+09:00,83000.0,83100.0,82100.0,83000.0,29477.0
2025-09-26 00:00:00+09:00,82700.0,83200.0,82000.0,82300.0,41815.0
2025-09-29 00:00:00+09:00,83400.0,85900.0,83300.0,85200.0,73617.0
2025-09-30 00:00:00+09:00,84700.0,85200.0,84100.0,84200.0,27766.0
2025-10-01 00:00:00+09:00,84600.0,84700.0,83500.0,83800.0,38043.0
2025-10-02 00:00:00+09:00,84000.0,85200.0,83600.0,83900.0,76042.0
2025-10-10 00:00:00+09:00,83500.0,84400.0,82700.0,82800.0,37074.0
2025-10-13 00:00:00+09:00,82800.0,83200.0,81500.0,82600.0,43275.0
2025-10-14 00:00:00+09:00,82300.0,84200.0,82300.0,83100.0,44599.0
2025-10-15 00:00:00+09:00,83000.0,83900.0,82400.0,82400.0,57034.0
2025-10-16 00:00:00+09:00,82700.0,83700.0,81100.0,81500.0,142109.0
2025-10-17 00:00:00+09:00,81700.0,82100.0,81000.0,81000.0,83036.0
2025-10-20 00:00:00+09:00,81700.0,82300.0,80700.0,81900.0,61762.0
2025-10-21 00:00:00+09:00,82000.0,82500.0,81300.0,81900.0,88673.0
2025-10-22 00:00:00+09:00,81900.0,84000.0,81600.0,84000.0,104273.0
2025-10-23 00:00:00+09:00,83300.0,84000.0,82900.0,83300.0,40316.0
2025-10-24 00:00:00+09:00,83400.0,83600.0,82000.0,82600.0,51847.0
2025-10-27 00:00:00+09:00,82300.0,83200.0,82300.0,82800.0,65295.0
2025-10-28 00:00:00+09:00,83000.0,84200.0,82700.0,83700.0,60633.0
2025-10-29 00:00:00+09:00,84000.0,84000.0,82200.0,82600.0,58943.0
2025-10-30 00:00:00+09:00,82400.0,83400.0,82000.0,82100.0,42276.0
2025-10-31 00:00:00+09:00,82300.0,82600.0,82000.0,82400.0,41063.0
2025-11-03 00:00:00+09:00,82300.0,82800.0,80800.0,80800.0,88489.0
2025-11-04 00:00:00+09:00,80900.0,81500.0,80700.0,81000.0,43417.0
2025-11-05 00:00:00+09:00,81500.0,81700.0,79300.0,80000.0,91010.0
2025-11-06 00:00:00+09:00,80400.0,83600.0,80400.0,82300.0,77565.0
2025-11-07 00:00:00+09:00,82400.0,84200.0,82200.0,83400.0,115245.0
2025-11-10 00:00:00+09:00,84500.0,91700.0,84200.0,91100.0,389666.0
2025-11-11 00:00:00+09:00,90000.0,93300.0,89500.0,92900.0,141069.0
2025-11-12 00:00:00+09:00,92100.0,95400.0,90000.0,95400.0,114586.0
2025-11-13 00:00:00+09:00,95000.0,97000.0,94400.0,95900.0,118268.0
2025-11-14 00:00:00+09:00,95000.0,96400.0,94000.0,94500.0,62013.0
2025-11-17 00:00:00+09:00,94200.0,95000.0,92800.0,94400.0,51727.0
2025-11-18 00:00:00+09:00,93300.0,94000.0,91800.0,92000.0,59822.0
2025-11-19 00:00:00+09:00,92800.0,93600.0,90600.0,93200.0,77570.0
2025-11-20 00:00:00+09:00,93200.0,95000.0,92300.0,93900.0,50456.0
2025-11-21 00:00:00+09:00,93900.0,95500.0,92800.0,94500.0,53660.0
2025-11-24 00:00:00+09:00,95500.0,95800.0,92800.0,93000.0,61810.0
2025-11-25 00:00:00+09:00,93500.0,93900.0,92100.0,92700.0,31129.0
2025-11-26 00:00:00+09:00,93500.0,94000.0,92200.0,92900.0,49663.0
2025-11-27 00:00:00+09:00,92200.0,93200.0,91500.0,92400.0,28388.0
2025-11-28 00:00:00+09:00,92500.0,92600.0,91100.0,91300.0,28970.0
2025-12-01 00:00:00+09:00,93400.0,94100.0,91600.0,93300.0,78355.0
2025-12-02 00:00:00+09:00,93800.0,93900.0,91900.0,93400.0,45346.0
2025-12-03 00:00:00+09:00,93400.0,100500.0,93400.0,100500.0,241533.0
2025-12-04 00:00:00+09:00,100500.0,101000.0,97000.0,99300.0,86527.0
2025-12-05 00:00:00+09:00,100200.0,101800.0,96600.0,97500.0,64594.0
2025-12-08 00:00:00+09:00,97900.0,98300.0,94900.0,96200.0,101031.0
2025-12-09 00:00:00+09:00,96900.0,97200.0,94800.0,95800.0,51159.0
2025-12-10 00:00:00+09:00,96300.0,96300.0,94300.0,94700.0,45860.0
2025-12-11 00:00:00+09:00,95700.0,96100.0,91100.0,93600.0,148509.0
2025-12-12 00:00:00+09:00,94500.0,95900.0,94000.0,95300.0,54695.0
2025-12-15 00:00:00+09:00,95100.0,98200.0,93800.0,95600.0,59089.0
2025-12-16 00:00:00+09:00,95600.0,96500.0,94500.0,94700.0,40699.0
2025-12-17 00:00:00+09:00,95900.0,96200.0,94100.0,96000.0,44299.0
2025-12-18 00:00:00+09:00,96500.0,102100.0,96500.0,100900.0,189847.0
2025-12-19 00:00:00+09:00,101300.0,101300.0,95100.0,95500.0,97528.0
2025-12-22 00:00:00+09:00,97400.0,97400.0,94300.0,94900.0,49123.0
2025-12-23 00:00:00+09:00,95500.0,95700.0,92900.0,93700.0,42768.0
2025-12-24 00:00:00+09:00,93900.0,96600.0,93900.0,95200.0,43224.0
2025-12-26 00:00:00+09:00,96200.0,97200.0,93600.0,94400.0,77131.0
2025-12-29 00:00:00+09:00,93500.0,93500.0,91600.0,93200.0,43866.0
2025-12-30 00:00:00+09:00,93200.0,95300.0,92800.0,94600.0,49711.0
2026-01-02 00:00:00+09:00,97400.0,101100.0,95000.0,95000.0,112810.0
2026-01-05 00:00:00+09:00,96000.0,96400.0,94100.0,94900.0,65197.0
2026-01-06 00:00:00+09:00,95200.0,95600.0,93800.0,94300.0,68233.0
2026-01-07 00:00:00+09:00,93500.0,96800.0,93500.0,96000.0,102861.0
2026-01-08 00:00:00+09:00,96000.0,96100.0,91900.0,93900.0,161458.0
2026-01-09 00:00:00+09:00,94200.0,97100.0,93300.0,93500.0,89911.0
2026-01-12 00:00:00+09:00,93800.0,99500.0,93500.0,98300.0,120835.0
2026-01-13 00:00:00+09:00,98300.0,98300.0,96100.0,98100.0,67365.0
2026-01-14 00:00:00+09:00,98500.0,100100.0,96100.0,99600.0,98771.0
2026-01-15 00:00:00+09:00,99500.0,101900.0,97500.0,98400.0,90338.0
2026-01-16 00:00:00+09:00,99200.0,99200.0,97100.0,97400.0,54014.0
2026-01-19 00:00:00+09:00,97400.0,98600.0,97000.0,97400.0,46557.0
2026-01-20 00:00:00+09:00,96700.0,98100.0,96200.0,96900.0,70429.0
2026-01-21 00:00:00+09:00,96200.0,98900.0,94200.0,98000.0,80656.0
2026-01-22 00:00:00+09:00,97400.0,103500.0,97000.0,100300.0,98360.0
2026-01-23 00:00:00+09:00,101700.0,102900.0,99600.0,102700.0,86940.0
2026-01-26 00:00:00+09:00,102700.0,103900.0,99100.0,99100.0,72165.0
2026-01-27 00:00:00+09:00,99800.0,99800.0,97600.0,98200.0,59216.0
2026-01-28 00:00:00+09:00,98500.0,101000.0,97700.0,99300.0,48885.0
2026-01-29 00:00:00+09:00,99600.0,103900.0,98300.0,102900.0,98881.0
2026-01-30 00:00:00+09:00,102400.0,106200.0,101800.0,103800.0,104373.0
2026-02-02 00:00:00+09:00,104800.0,104800.0,98500.0,99000.0,62315.0
2026-02-03 00:00:00+09:00,100500.0,102700.0,99700.0,102300.0,56433.0
2026-02-04 00:00:00+09:00,102300.0,108000.0,102300.0,103400.0,87776.0
2026-02-05 00:00:00+09:00,103500.0,113600.0,103000.0,109400.0,280903.0
2026-02-06 00:00:00+09:00,113100.0,113800.0,107100.0,108800.0,166540.0
2026-02-09 00:00:00+09:00,114300.0,120000.0,111500.0,117100.0,291765.0
2026-02-10 00:00:00+09:00,118900.0,141000.0,115800.0,136700.0,665296.0
2026-02-11 00:00:00+09:00,154000.0,154000.0,144300.0,145700.0,461651.0
2026-02-12 00:00:00+09:00,146500.0,148000.0,137400.0,142800.0,253054.0
2026-02-13 00:00:00+09:00,139600.0,145500.0,135000.0,140400.0,123705.0
2026-02-19 00:00:00+09:00,138800.0,141200.0,135600.0,140100.0,93444.0
2026-02-20 00:00:00+09:00,140800.0,143800.0,137700.0,138800.0,90895.0
2026-02-23 00:00:00+09:00,139200.0,139900.0,137100.0,138400.0,61557.0
2026-02-24 00:00:00+09:00,138100.0,139500.0,137300.0,138800.0,51045.0
2026-02-25 00:00:00+09:00,138800.0,139000.0,135500.0,136000.0,83691.0
2026-02-26 00:00:00+09:00,136100.0,137200.0,133000.0,134500.0,81582.0
2026-02-27 00:00:00+09:00,134500.0,135500.0,131600.0,132000.0,89959.0
2026-03-03 00:00:00+09:00,131500.0,136400.0,127500.0,127800.0,83533.0
2026-03-04 00:00:00+09:00,125000.0,125000.0,110000.0,110500.0,104078.0
2026-03-05 00:00:00+09:00,116700.0,117500.0,111300.0,114200.0,115578.0
2026-03-06 00:00:00+09:00,111700.0,122300.0,111700.0,119400.0,85169.0
2026-03-09 00:00:00+09:00,111300.0,111300.0,105000.0,108900.0,143701.0
2026-03-10 00:00:00+09:00,112500.0,115200.0,110500.0,113800.0,80907.0
2026-03-11 00:00:00+09:00,116000.0,118400.0,115000.0,116900.0,89489.0
2026-03-12 00:00:00+09:00,116400.0,117700.0,111500.0,115600.0,71226.0
2026-03-13 00:00:00+09:00,113000.0,114900.0,110500.0,111900.0,60102.0
2026-03-16 00:00:00+09:00,111400.0,113400.0,109200.0,110000.0,90195.0
2026-03-17 00:00:00+09:00,111200.0,115700.0,110100.0,114400.0,58470.0
2026-03-18 00:00:00+09:00,116000.0,118800.0,114100.0,117900.0,93416.0
2026-03-19 00:00:00+09:00,115000.0,115200.0,111600.0,112800.0,63921.0
2026-03-20 00:00:00+09:00,113100.0,116600.0,113100.0,113800.0,48159.0
2026-03-23 00:00:00+09:00,109600.0,110900.0,105700.0,106800.0,49025.0
2026-03-24 00:00:00+09:00,110400.0,112500.0,105800.0,109100.0,35057.0
2026-03-25 00:00:00+09:00,111500.0,112500.0,110400.0,112100.0,34040.0
2026-03-26 00:00:00+09:00,113200.0,113200.0,106600.0,108000.0,68267.0
2026-03-27 00:00:00+09:00,107100.0,108200.0,104300.0,108200.0,41005.0
2026-03-30 00:00:00+09:00,103300.0,106100.0,101600.0,105300.0,43444.0
2026-03-31 00:00:00+09:00,102800.0,106500.0,101000.0,103400.0,89625.0
2026-04-01 00:00:00+09:00,107600.0,109600.0,104500.0,108900.0,69032.0
2026-04-02 00:00:00+09:00,109500.0,111000.0,102000.0,103000.0,69143.0
2026-04-03 00:00:00+09:00,104000.0,105100.0,103300.0,103300.0,28643.0
2026-04-06 00:00:00+09:00,104300.0,106500.0,103200.0,105100.0,32589.0
2026-04-07 00:00:00+09:00,104300.0,105600.0,101900.0,102000.0,49900.0
2026-04-08 00:00:00+09:00,106400.0,108400.0,103900.0,104400.0,54487.0
2026-04-09 00:00:00+09:00,103300.0,106400.0,103000.0,103400.0,86360.0
2026-04-10 00:00:00+09:00,103700.0,109300.0,103700.0,106800.0,65942.0
2026-04-13 00:00:00+09:00,105800.0,105800.0,102200.0,103100.0,74288.0
2026-04-14 00:00:00+09:00,104100.0,105600.0,102300.0,104200.0,83638.0
2026-04-15 00:00:00+09:00,105800.0,106300.0,102400.0,103600.0,114526.0
2026-04-16 00:00:00+09:00,103900.0,106200.0,103900.0,105500.0,98102.0
2026-04-17 00:00:00+09:00,105400.0,107900.0,104500.0,106800.0,66222.0
2026-04-20 00:00:00+09:00,108000.0,108800.0,106200.0,107200.0,51712.0
2026-04-21 00:00:00+09:00,108800.0,109100.0,106500.0,107000.0,57615.0
2026-04-22 00:00:00+09:00,106700.0,106700.0,102100.0,103900.0,149363.0
2026-04-23 00:00:00+09:00,104700.0,105400.0,100900.0,102100.0,94559.0
2026-04-24 00:00:00+09:00,102200.0,102800.0,101000.0,102400.0,66837.0
2026-04-27 00:00:00+09:00,102600.0,103600.0,101300.0,103000.0,68430.0
2026-04-28 00:00:00+09:00,103000.0,103200.0,100900.0,101200.0,79525.0
2026-04-29 00:00:00+09:00,101800.0,102900.0,100700.0,101800.0,59655.0
2026-04-30 00:00:00+09:00,102200.0,103000.0,100900.0,101100.0,50132.0
2026-05-04 00:00:00+09:00,102000.0,102700.0,101000.0,101300.0,52193.0
2026-05-06 00:00:00+09:00,101300.0,101300.0,99600.0,99700.0,90684.0
2026-05-07 00:00:00+09:00,100800.0,101600.0,99600.0,100800.0,84323.0
2026-05-08 00:00:00+09:00,100700.0,101000.0,99800.0,100600.0,49889.0
2026-05-11 00:00:00+09:00,100400.0,100400.0,96700.0,97200.0,110961.0
2026-05-12 00:00:00+09:00,97800.0,97800.0,93500.0,95700.0,106422.0
2026-05-13 00:00:00+09:00,95700.0,98200.0,94000.0,95400.0,82603.0
2026-05-14 00:00:00+09:00,95600.0,95700.0,90600.0,94800.0,123199.0
2026-05-15 00:00:00+09:00,95500.0,96500.0,91600.0,92400.0,89149.0
2026-05-18 00:00:00+09:00,92400.0,94500.0,89000.0,89200.0,80470.0
2026-05-19 00:00:00+09:00,90100.0,90800.0,87200.0,88600.0,59233.0
2026-05-20 00:00:00+09:00,89600.0,89700.0,84500.0,85700.0,92164.0
2026-05-21 00:00:00+09:00,87000.0,89700.0,86500.0,89000.0,76337.0
2026-05-22 00:00:00+09:00,90300.0,90900.0,88600.0,89600.0,77523.0
2026-05-26 00:00:00+09:00,91200.0,91500.0,88600.0,89000.0,68009.0
2026-05-27 00:00:00+09:00,88900.0,89100.0,85300.0,85800.0,83615.0
2026-05-28 00:00:00+09:00,86600.0,86800.0,83200.0,85500.0,87116.0
2026-05-29 00:00:00+09:00,86100.0,86700.0,82800.0,85500.0,87111.0
2026-06-01 00:00:00+09:00,85300.0,85800.0,83500.0,84400.0,71967.0
2026-06-02 00:00:00+09:00,85500.0,85500.0,82700.0,83900.0,62401.0
2026-06-04 00:00:00+09:00,83900.0,84300.0,82300.0,82600.0,47193.0
2026-06-05 00:00:00+09:00,83400.0,83400.0,80600.0,81900.0,73850.0
2026-06-08 00:00:00+09:00,81000.0,81000.0,76200.0,77600.0,118143.0
2026-06-09 00:00:00+09:00,78300.0,81700.0,78200.0,80700.0,72742.0
2026-06-10 00:00:00+09:00,79800.0,80700.0,78300.0,80300.0,77786.0
2026-06-11 00:00:00+09:00,79200.0,80600.0,78350.0,79800.0,87377.0
2026-06-12 00:00:00+09:00,82500.0,84800.0,81700.0,82700.0,81520.0
2026-06-15 00:00:00+09:00,86500.0,86700.0,84700.0,85300.0,39161.0
2026-06-16 00:00:00+09:00,85700.0,88200.0,85300.0,87300.0,59145.0
2026-06-17 00:00:00+09:00,87000.0,87200.0,84600.0,84700.0,36663.0
2026-06-18 00:00:00+09:00,84000.0,84600.0,81400.0,81400.0,38487.0
2026-06-19 00:00:00+09:00,81900.0,82500.0,78600.0,80300.0,59099.0
2026-06-22 00:00:00+09:00,79900.0,80000.0,76800.0,76800.0,53159.0
2026-06-23 00:00:00+09:00,77400.0,77400.0,73100.0,73400.0,52421.0
2026-06-24 00:00:00+09:00,74100.0,75600.0,72400.0,74600.0,63727.0
2026-06-25 00:00:00+09:00,74600.0,77200.0,73900.0,74100.0,59220.0
2026-06-26 00:00:00+09:00,74800.0,74800.0,69500.0,71800.0,63515.0
2026-06-29 00:00:00+09:00,71800.0,77400.0,71700.0,77100.0,56125.0
2026-06-30 00:00:00+09:00,77100.0,77100.0,73200.0,74100.0,50943.0
2026-07-01 00:00:00+09:00,75100.0,76300.0,74100.0,75300.0,42340.0
2026-07-02 00:00:00+09:00,75400.0,78400.0,73200.0,76100.0,75955.0
2026-07-03 00:00:00+09:00,77200.0,77400.0,74800.0,76600.0,46305.0
2026-07-06 00:00:00+09:00,76400.0,78000.0,75200.0,76400.0,35494.0
2026-07-07 00:00:00+09:00,75400.0,77300.0,74000.0,76700.0,56743.0
2026-07-08 00:00:00+09:00,76300.0,76400.0,72200.0,74300.0,66280.0
2026-07-09 00:00:00+09:00,74800.0,74800.0,71100.0,71900.0,78777.0
2026-07-10 00:00:00+09:00,73100.0,75900.0,72100.0,73900.0,56493.0
2026-07-13 00:00:00+09:00,74500.0,75900.0,72900.0,73600.0,58115.0
2026-07-14 00:00:00+09:00,73300.0,73700.0,71600.0,71700.0,53215.0
2026-07-15 00:00:00+09:00,72800.0,73500.0,71400.0,71700.0,44395.0
2026-07-16 00:00:00+09:00,72400.0,73900.0,71500.0,72500.0,47662.0
2026-07-20 00:00:00+09:00,73000.0,73000.0,71000.0,71500.0,37159.0
2026-07-21 00:00:00+09:00,71500.0,72300.0,70600.0,71300.0,26822.0
2026-07-22 00:00:00+09:00,72300.0,73900.0,71700.0,72100.0,32192.0
2026-07-23 00:00:00+09:00,72400.0,77000.0,72300.0,76700.0,44259.0
2026-07-24 00:00:00+09:00,75500.0,77900.0,75400.0,77300.0,40872.0
2026-07-27 00:00:00+09:00,77200.0,77700.0,74500.0,75000.0,52027.0
2026-07-28 00:00:00+09:00,74500.0,74700.0,72400.0,73100.0,39664.0
2026-07-29 00:00:00+09:00,74200.0,75000.0,69400.0,70700.0,71319.0
2026-07-30 00:00:00+09:00,70100.0,76400.0,69700.0,73400.0,72341.0
2026-07-31 00:00:00+09:00,73100.0,75200.0,72100.0,74500.0,59163.0
2026-08-03 00:00:00+09:00,73600.0,75300.0,73100.0,73900.0,29880.0
2026-08-04 00:00:00+09:00,73500.0,76100.0,73400.0,76000.0,44047.0
2026-08-05 00:00:00+09:00,75900.0,78000.0,75600.0,76900.0,58896.0
2026-08-06 00:00:00+09:00,76400.0,78400.0,75500.0,78200.0,51741.0
2026-08-07 00:00:00+09:00,77000.0,79300.0,76700.0,79000.0,44484.0
2026-08-10 00:00:00+09:00,78600.0,79400.0,77600.0,78700.0,33011.0
2026-08-11 00:00:00+09:00,78500.0,79800.0,77400.0,77400.0,48054.0
2026-08-12 00:00:00+09:00,77600.0,79400.0,74100.0,74100.0,130979.0
2026-08-13 00:00:00+09:00,74600.0,75400.0,73600.0,74000.0,72274.0
2026-08-14 00:00:00+09:00,73900.0,77200.0,73800.0,77200.0,54113.0
2026-08-18 00:00:00+09:00,76600.0,77200.0,74200.0,75300.0,53917.0
2026-08-19 00:00:00+09:00,73800.0,74700.0,72300.0,73000.0,48637.0
2026-08-20 00:00:00+09:00,73300.0,74400.0,73300.0,73500.0,30901.0
2026-08-21 00:00:00+09:00,72800.0,73500.0,71900.0,73400.0,27623.0
2026-08-24 00:00:00+09:00,72400.0,74800.0,72400.0,73900.0,34682.0
2026-08-25 00:00:00+09:00,73200.0,73700.0,72500.0,73500.0,34840.0
2026-08-26 00:00:00+09:00,73800.0,74700.0,73700.0,74600.0,21669.0
2026-08-27 00:00:00+09:00,74700.0,75500.0,73000.0,73300.0,36388.0
2026-08-28 00:00:00+09:00,73100.0,74800.0,72800.0,74700.0,37022.0
