dt,open,high,low,close,volume
2016-06-21 00:00:00+09:00,25950.0,26000.0,25300.0,25450.0,60808.0
2016-06-22 00:00:00+09:00,25250.0,25950.0,25100.0,25400.0,50793.0
2016-06-23 00:00:00+09:00,25400.0,25700.0,25300.0,25650.0,19425.0
2016-06-24 00:00:00+09:00,25650.0,25950.0,24050.0,24450.0,89421.0
2016-06-27 00:00:00+09:00,23750.0,25150.0,23600.0,25050.0,60959.0
2016-06-28 00:00:00+09:00,24600.0,25000.0,24550.0,24600.0,35189.0
2016-06-29 00:00:00+09:00,24800.0,25000.0,24650.0,24700.0,66284.0
2016-06-30 00:00:00+09:00,24800.0,25000.0,24550.0,24850.0,37947.0
2016-07-01 00:00:00+09:00,25100.0,25450.0,24900.0,25050.0,29767.0
2016-07-04 00:00:00+09:00,25200.0,25750.0,25200.0,25700.0,58837.0
2016-07-05 00:00:00+09:00,25850.0,26100.0,25550.0,25650.0,47755.0
2016-07-06 00:00:00+09:00,25750.0,25800.0,24900.0,25100.0,61328.0
2016-07-07 00:00:00+09:00,25200.0,25900.0,25200.0,25700.0,41914.0
2016-07-08 00:00:00+09:00,25750.0,26000.0,25300.0,25700.0,50477.0
2016-07-11 00:00:00+09:00,26050.0,26500.0,25950.0,26450.0,34491.0
2016-07-12 00:00:00+09:00,26100.0,26200.0,25650.0,25750.0,69822.0
2016-07-13 00:00:00+09:00,25750.0,27350.0,25750.0,26600.0,163782.0
2016-07-14 00:00:00+09:00,26650.0,27400.0,26600.0,27150.0,121773.0
2016-07-15 00:00:00+09:00,27150.0,27500.0,26650.0,26850.0,80615.0
2016-07-18 00:00:00+09:00,27100.0,27100.0,26550.0,26600.0,37247.0
2016-07-19 00:00:00+09:00,26500.0,26600.0,25800.0,25850.0,60269.0
2016-07-20 00:00:00+09:00,26000.0,26800.0,25600.0,26750.0,63110.0
2016-07-21 00:00:00+09:00,26800.0,27000.0,26550.0,26650.0,37045.0
2016-07-22 00:00:00+09:00,26600.0,26800.0,26250.0,26400.0,37261.0
2016-07-25 00:00:00+09:00,26300.0,26550.0,26050.0,26200.0,22632.0
2016-07-26 00:00:00+09:00,26200.0,26600.0,26150.0,26450.0,26160.0
2016-07-27 00:00:00+09:00,26450.0,26900.0,26300.0,26350.0,40177.0
2016-07-28 00:00:00+09:00,26300.0,26650.0,26100.0,26400.0,30655.0
2016-07-29 00:00:00+09:00,26150.0,27000.0,25150.0,26800.0,188637.0
2016-08-01 00:00:00+09:00,27100.0,27350.0,26600.0,27200.0,91308.0
2016-08-02 00:00:00+09:00,27400.0,27400.0,26900.0,27050.0,59094.0
2016-08-03 00:00:00+09:00,26750.0,27100.0,26400.0,26450.0,36407.0
2016-08-04 00:00:00+09:00,26300.0,26500.0,26000.0,26100.0,43360.0
2016-08-05 00:00:00+09:00,26100.0,26300.0,25950.0,26000.0,27750.0
2016-08-08 00:00:00+09:00,26100.0,26500.0,26050.0,26250.0,33106.0
2016-08-09 00:00:00+09:00,26250.0,26700.0,26100.0,26500.0,30824.0
2016-08-10 00:00:00+09:00,26350.0,26850.0,26000.0,26450.0,56644.0
2016-08-11 00:00:00+09:00,26450.0,26550.0,26050.0,26500.0,55350.0
2016-08-12 00:00:00+09:00,26500.0,26850.0,26150.0,26850.0,61186.0
2016-08-16 00:00:00+09:00,26900.0,26900.0,26400.0,26400.0,47833.0
2016-08-17 00:00:00+09:00,26200.0,26350.0,26000.0,26100.0,33855.0
2016-08-18 00:00:00+09:00,26050.0,26100.0,25600.0,25600.0,49949.0
2016-08-19 00:00:00+09:00,25500.0,25500.0,24850.0,24950.0,77973.0
2016-08-22 00:00:00+09:00,24800.0,24900.0,24400.0,24600.0,54189.0
2016-08-23 00:00:00+09:00,24600.0,25350.0,24300.0,25200.0,89234.0
2016-08-24 00:00:00+09:00,24950.0,25400.0,24950.0,25100.0,41814.0
2016-08-25 00:00:00+09:00,25200.0,25200.0,24600.0,24700.0,54692.0
2016-08-26 00:00:00+09:00,24700.0,24850.0,24500.0,24800.0,30211.0
2016-08-29 00:00:00+09:00,24700.0,24700.0,24000.0,24200.0,65906.0
2016-08-30 00:00:00+09:00,24200.0,24750.0,24200.0,24350.0,42470.0
2016-08-31 00:00:00+09:00,24250.0,24600.0,24100.0,24100.0,57866.0
2016-09-01 00:00:00+09:00,24100.0,24350.0,23900.0,24200.0,37334.0
2016-09-02 00:00:00+09:00,24200.0,24850.0,24050.0,24600.0,46129.0
2016-09-05 00:00:00+09:00,24900.0,25200.0,24700.0,24900.0,36323.0
2016-09-06 00:00:00+09:00,25150.0,25150.0,24900.0,25100.0,38351.0
2016-09-07 00:00:00+09:00,25200.0,25600.0,25050.0,25450.0,41298.0
2016-09-08 00:00:00+09:00,25550.0,25550.0,24950.0,25300.0,53601.0
2016-09-09 00:00:00+09:00,25300.0,25400.0,25050.0,25200.0,40865.0
2016-09-12 00:00:00+09:00,25150.0,25300.0,24800.0,25150.0,30840.0
2016-09-13 00:00:00+09:00,25350.0,25350.0,24650.0,24700.0,49790.0
2016-09-19 00:00:00+09:00,24400.0,24750.0,24200.0,24650.0,54684.0
2016-09-20 00:00:00+09:00,24500.0,24600.0,24150.0,24350.0,40444.0
2016-09-21 00:00:00+09:00,24300.0,24650.0,24100.0,24500.0,58184.0
2016-09-22 00:00:00+09:00,24600.0,25000.0,24350.0,24500.0,64914.0
2016-09-23 00:00:00+09:00,24700.0,25400.0,24450.0,25350.0,79299.0
2016-09-26 00:00:00+09:00,25350.0,25350.0,24850.0,24950.0,42535.0
2016-09-27 00:00:00+09:00,25100.0,25350.0,24650.0,25200.0,37793.0
2016-09-28 00:00:00+09:00,25300.0,25350.0,24850.0,25050.0,20917.0
2016-09-29 00:00:00+09:00,25150.0,25500.0,24950.0,25200.0,26863.0
2016-09-30 00:00:00+09:00,25200.0,25300.0,24950.0,25050.0,33557.0
2016-10-04 00:00:00+09:00,25050.0,25300.0,24900.0,25100.0,25108.0
2016-10-05 00:00:00+09:00,24800.0,25000.0,24600.0,24700.0,53539.0
2016-10-06 00:00:00+09:00,24650.0,25050.0,24500.0,24950.0,51817.0
2016-10-07 00:00:00+09:00,24700.0,24900.0,24400.0,24400.0,63994.0
2016-10-10 00:00:00+09:00,24700.0,25150.0,24450.0,24900.0,37278.0
2016-10-11 00:00:00+09:00,25150.0,25250.0,24900.0,25200.0,49938.0
2016-10-12 00:00:00+09:00,25250.0,25800.0,25200.0,25650.0,85160.0
2016-10-13 00:00:00+09:00,25450.0,25650.0,24800.0,24800.0,52032.0
2016-10-14 00:00:00+09:00,24800.0,25050.0,24400.0,24450.0,55523.0
2016-10-17 00:00:00+09:00,24550.0,24700.0,24300.0,24450.0,43200.0
2016-10-18 00:00:00+09:00,24350.0,24750.0,24350.0,24700.0,23827.0
2016-10-19 00:00:00+09:00,24500.0,25050.0,24400.0,25050.0,43798.0
2016-10-20 00:00:00+09:00,24750.0,25000.0,24700.0,25000.0,35062.0
2016-10-21 00:00:00+09:00,25050.0,25050.0,24600.0,25050.0,57755.0
2016-10-24 00:00:00+09:00,24800.0,25000.0,24600.0,24700.0,37386.0
2016-10-25 00:00:00+09:00,24650.0,24950.0,24550.0,24800.0,28231.0
2016-10-26 00:00:00+09:00,24800.0,24800.0,24300.0,24500.0,37156.0
2016-10-27 00:00:00+09:00,24350.0,24550.0,24300.0,24350.0,36067.0
2016-10-28 00:00:00+09:00,24300.0,24350.0,23800.0,23800.0,53109.0
2016-10-31 00:00:00+09:00,23900.0,23900.0,23150.0,23200.0,56709.0
2016-11-01 00:00:00+09:00,23200.0,23500.0,23050.0,23500.0,17993.0
2016-11-02 00:00:00+09:00,23250.0,23450.0,23100.0,23300.0,36978.0
2016-11-03 00:00:00+09:00,23000.0,24300.0,23000.0,23900.0,57303.0
2016-11-04 00:00:00+09:00,23900.0,24200.0,23450.0,24100.0,37333.0
2016-11-07 00:00:00+09:00,24250.0,24250.0,23600.0,24000.0,57138.0
2016-11-08 00:00:00+09:00,23900.0,23900.0,23350.0,23650.0,57515.0
2016-11-09 00:00:00+09:00,23700.0,23800.0,22600.0,23450.0,90796.0
2016-11-10 00:00:00+09:00,23500.0,24100.0,23200.0,24100.0,33785.0
2016-11-11 00:00:00+09:00,23700.0,24900.0,23700.0,24900.0,69073.0
2016-11-14 00:00:00+09:00,24750.0,25200.0,24650.0,25200.0,46584.0
2016-11-15 00:00:00+09:00,25150.0,25300.0,24550.0,25000.0,65429.0
2016-11-16 00:00:00+09:00,25000.0,25150.0,24800.0,25150.0,37242.0
2016-11-17 00:00:00+09:00,25000.0,25500.0,24900.0,25350.0,54097.0
2016-11-18 00:00:00+09:00,25500.0,25500.0,25200.0,25450.0,46816.0
2016-11-21 00:00:00+09:00,25550.0,25600.0,24700.0,25000.0,24408.0
2016-11-22 00:00:00+09:00,24850.0,25800.0,24850.0,25300.0,64235.0
2016-11-23 00:00:00+09:00,25300.0,25700.0,25100.0,25500.0,39462.0
2016-11-24 00:00:00+09:00,25800.0,25900.0,25350.0,25700.0,34309.0
2016-11-25 00:00:00+09:00,25800.0,25800.0,25300.0,25750.0,29983.0
2016-11-28 00:00:00+09:00,25650.0,25800.0,25350.0,25700.0,22027.0
2016-11-29 00:00:00+09:00,25450.0,25450.0,24900.0,25000.0,49448.0
2016-11-30 00:00:00+09:00,25150.0,25200.0,24050.0,24650.0,87536.0
2016-12-01 00:00:00+09:00,24400.0,25350.0,24400.0,25200.0,38501.0
2016-12-02 00:00:00+09:00,24900.0,25650.0,24900.0,25500.0,41425.0
2016-12-05 00:00:00+09:00,25400.0,25750.0,25000.0,25750.0,43082.0
2016-12-06 00:00:00+09:00,25800.0,26550.0,25750.0,26450.0,69809.0
2016-12-07 00:00:00+09:00,26500.0,26650.0,25900.0,26650.0,61029.0
2016-12-08 00:00:00+09:00,26850.0,26950.0,26400.0,26950.0,72046.0
2016-12-09 00:00:00+09:00,26500.0,27100.0,26250.0,27000.0,84257.0
2016-12-12 00:00:00+09:00,27100.0,27200.0,26300.0,26450.0,63281.0
2016-12-13 00:00:00+09:00,26500.0,26650.0,25800.0,25800.0,101861.0
2016-12-14 00:00:00+09:00,25950.0,26150.0,25450.0,25700.0,75921.0
2016-12-15 00:00:00+09:00,25650.0,25850.0,25250.0,25400.0,54947.0
2016-12-16 00:00:00+09:00,25350.0,25900.0,25300.0,25900.0,55962.0
2016-12-19 00:00:00+09:00,25950.0,25950.0,25200.0,25700.0,63362.0
2016-12-20 00:00:00+09:00,25550.0,25800.0,25300.0,25600.0,44718.0
2016-12-21 00:00:00+09:00,25700.0,26100.0,25550.0,25650.0,42956.0
2016-12-22 00:00:00+09:00,25650.0,26150.0,25600.0,26150.0,53570.0
2016-12-23 00:00:00+09:00,26150.0,26250.0,25850.0,26200.0,50109.0
2016-12-26 00:00:00+09:00,26250.0,26250.0,25650.0,26250.0,82758.0
2016-12-27 00:00:00+09:00,26350.0,26350.0,25950.0,26050.0,49663.0
2016-12-28 00:00:00+09:00,25450.0,25850.0,25400.0,25600.0,44139.0
2016-12-29 00:00:00+09:00,25600.0,25800.0,25250.0,25550.0,30549.0
2017-01-02 00:00:00+09:00,25600.0,25600.0,24800.0,24900.0,46227.0
2017-01-03 00:00:00+09:00,24900.0,25500.0,24450.0,25300.0,71562.0
2017-01-04 00:00:00+09:00,25100.0,25500.0,24650.0,25300.0,121741.0
2017-01-05 00:00:00+09:00,25050.0,25300.0,24350.0,24600.0,119850.0
2017-01-06 00:00:00+09:00,24800.0,24800.0,24450.0,24550.0,31861.0
2017-01-09 00:00:00+09:00,24550.0,24600.0,24100.0,24350.0,34372.0
2017-01-10 00:00:00+09:00,24200.0,24400.0,24100.0,24100.0,44807.0
2017-01-11 00:00:00+09:00,24050.0,25200.0,24050.0,25100.0,97040.0
2017-01-12 00:00:00+09:00,25200.0,25800.0,25100.0,25750.0,101625.0
2017-01-13 00:00:00+09:00,25750.0,25800.0,25350.0,25750.0,46178.0
2017-01-16 00:00:00+09:00,25850.0,25850.0,25350.0,25750.0,53728.0
2017-01-17 00:00:00+09:00,25900.0,26150.0,25600.0,25650.0,36089.0
2017-01-18 00:00:00+09:00,25650.0,25800.0,25450.0,25800.0,35196.0
2017-01-19 00:00:00+09:00,25600.0,26100.0,25600.0,25700.0,33103.0
2017-01-20 00:00:00+09:00,25850.0,25850.0,25450.0,25600.0,12739.0
2017-01-23 00:00:00+09:00,25450.0,25600.0,25250.0,25350.0,31469.0
2017-01-24 00:00:00+09:00,25200.0,25800.0,24700.0,25800.0,52236.0
2017-01-25 00:00:00+09:00,25800.0,25900.0,25150.0,25150.0,41223.0
2017-01-26 00:00:00+09:00,25300.0,25550.0,24800.0,25150.0,37980.0
2017-01-31 00:00:00+09:00,25000.0,25000.0,24700.0,24850.0,22277.0
2017-02-01 00:00:00+09:00,24550.0,24900.0,24550.0,24900.0,25228.0
2017-02-02 00:00:00+09:00,24800.0,24900.0,24450.0,24600.0,37311.0
2017-02-03 00:00:00+09:00,24800.0,24800.0,24400.0,24450.0,28609.0
2017-02-06 00:00:00+09:00,24800.0,24850.0,24300.0,24300.0,37742.0
2017-02-07 00:00:00+09:00,24400.0,24800.0,24150.0,24800.0,32709.0
2017-02-08 00:00:00+09:00,24600.0,25050.0,24400.0,24650.0,52011.0
2017-02-09 00:00:00+09:00,24700.0,24900.0,24450.0,24650.0,42799.0
2017-02-10 00:00:00+09:00,24800.0,25400.0,24700.0,25400.0,56788.0
2017-02-13 00:00:00+09:00,25350.0,25750.0,25200.0,25700.0,49757.0
2017-02-14 00:00:00+09:00,25800.0,26650.0,25750.0,26600.0,154183.0
2017-02-15 00:00:00+09:00,26700.0,27050.0,26650.0,27000.0,75252.0
2017-02-16 00:00:00+09:00,26800.0,27000.0,26250.0,26850.0,52009.0
2017-02-17 00:00:00+09:00,26350.0,26900.0,26350.0,26750.0,34952.0
2017-02-20 00:00:00+09:00,27050.0,27050.0,26400.0,26900.0,46338.0
2017-02-21 00:00:00+09:00,26900.0,27050.0,26600.0,26950.0,49781.0
2017-02-22 00:00:00+09:00,27100.0,27100.0,26550.0,26700.0,29923.0
2017-02-23 00:00:00+09:00,27000.0,27000.0,26150.0,26600.0,36848.0
2017-02-24 00:00:00+09:00,26650.0,26650.0,25900.0,26000.0,41995.0
2017-02-27 00:00:00+09:00,25750.0,26500.0,25750.0,26250.0,39573.0
2017-02-28 00:00:00+09:00,26050.0,26550.0,26000.0,26050.0,58646.0
2017-03-02 00:00:00+09:00,26550.0,27900.0,26200.0,27900.0,179127.0
2017-03-03 00:00:00+09:00,27850.0,28300.0,26400.0,26800.0,161069.0
2017-03-06 00:00:00+09:00,26750.0,27300.0,26550.0,27150.0,73317.0
2017-03-07 00:00:00+09:00,27250.0,27800.0,27000.0,27650.0,66409.0
2017-03-08 00:00:00+09:00,27850.0,28350.0,27450.0,28150.0,83002.0
2017-03-09 00:00:00+09:00,28350.0,28400.0,27500.0,28050.0,82713.0
2017-03-10 00:00:00+09:00,28300.0,28550.0,27900.0,28400.0,60212.0
2017-03-13 00:00:00+09:00,28400.0,28500.0,27750.0,27850.0,45917.0
2017-03-14 00:00:00+09:00,27900.0,28000.0,27300.0,27350.0,61970.0
2017-03-15 00:00:00+09:00,27250.0,27700.0,26950.0,27050.0,41697.0
2017-03-16 00:00:00+09:00,27600.0,28200.0,27300.0,27650.0,58041.0
2017-03-17 00:00:00+09:00,28000.0,28100.0,27300.0,27650.0,89021.0
2017-03-20 00:00:00+09:00,27850.0,28600.0,27450.0,28450.0,80450.0
2017-03-21 00:00:00+09:00,28600.0,28600.0,27700.0,27700.0,75959.0
2017-03-22 00:00:00+09:00,27850.0,27900.0,27100.0,27400.0,78156.0
2017-03-23 00:00:00+09:00,27950.0,29100.0,27750.0,28600.0,95033.0
2017-03-24 00:00:00+09:00,28900.0,28900.0,27750.0,28300.0,75136.0
2017-03-27 00:00:00+09:00,28050.0,28150.0,27600.0,28100.0,32374.0
2017-03-28 00:00:00+09:00,28000.0,28400.0,27550.0,28400.0,62822.0
2017-03-29 00:00:00+09:00,28550.0,28900.0,27900.0,28700.0,70189.0
2017-03-30 00:00:00+09:00,28600.0,28650.0,28000.0,28050.0,51540.0
2017-03-31 00:00:00+09:00,28300.0,28350.0,27650.0,28200.0,48949.0
2017-04-03 00:00:00+09:00,27850.0,28000.0,27450.0,27600.0,49644.0
2017-04-04 00:00:00+09:00,27600.0,27750.0,27000.0,27500.0,56204.0
2017-04-05 00:00:00+09:00,27700.0,27700.0,27150.0,27300.0,37101.0
2017-04-06 00:00:00+09:00,27350.0,27950.0,27150.0,27800.0,36693.0
2017-04-07 00:00:00+09:00,27800.0,27950.0,27250.0,27300.0,33964.0
2017-04-10 00:00:00+09:00,27300.0,27700.0,26850.0,27250.0,47752.0
2017-04-11 00:00:00+09:00,27250.0,27600.0,26800.0,27200.0,47375.0
2017-04-12 00:00:00+09:00,27400.0,27400.0,26850.0,27050.0,29983.0
2017-04-13 00:00:00+09:00,27350.0,27350.0,26700.0,27000.0,36371.0
2017-04-14 00:00:00+09:00,27000.0,27000.0,26400.0,26550.0,38676.0
2017-04-17 00:00:00+09:00,26700.0,27150.0,26350.0,26550.0,41156.0
2017-04-18 00:00:00+09:00,26800.0,26800.0,25800.0,26000.0,120361.0
2017-04-19 00:00:00+09:00,25900.0,26450.0,25900.0,26150.0,61859.0
2017-04-20 00:00:00+09:00,26100.0,26600.0,26000.0,26500.0,38355.0
2017-04-21 00:00:00+09:00,26550.0,26700.0,26200.0,26550.0,27545.0
2017-04-24 00:00:00+09:00,26650.0,27050.0,26600.0,27050.0,68055.0
2017-04-25 00:00:00+09:00,26900.0,27050.0,26450.0,26750.0,53729.0
2017-04-26 00:00:00+09:00,26850.0,27650.0,26750.0,27350.0,57384.0
2017-04-27 00:00:00+09:00,27200.0,28250.0,27050.0,28200.0,94144.0
2017-04-28 00:00:00+09:00,27750.0,28400.0,27650.0,27900.0,70275.0
2017-05-02 00:00:00+09:00,27900.0,28700.0,27550.0,28550.0,85667.0
2017-05-04 00:00:00+09:00,28150.0,28700.0,27800.0,28050.0,82476.0
2017-05-08 00:00:00+09:00,28200.0,28200.0,27200.0,28050.0,75291.0
2017-05-10 00:00:00+09:00,28250.0,28700.0,27950.0,28050.0,50107.0
2017-05-11 00:00:00+09:00,28400.0,28400.0,27700.0,28400.0,60956.0
2017-05-12 00:00:00+09:00,28100.0,28150.0,27650.0,27650.0,36721.0
2017-05-15 00:00:00+09:00,27800.0,28050.0,27350.0,27750.0,47185.0
2017-05-16 00:00:00+09:00,27750.0,27900.0,27450.0,27900.0,32082.0
2017-05-17 00:00:00+09:00,27550.0,27600.0,27100.0,27300.0,45136.0
2017-05-18 00:00:00+09:00,27000.0,27250.0,26700.0,27100.0,49186.0
2017-05-19 00:00:00+09:00,27000.0,27500.0,26850.0,27300.0,46252.0
2017-05-22 00:00:00+09:00,27550.0,28050.0,27300.0,27850.0,59489.0
2017-05-23 00:00:00+09:00,28050.0,28600.0,27800.0,28300.0,88083.0
2017-05-24 00:00:00+09:00,28500.0,28500.0,27700.0,28100.0,41857.0
2017-05-25 00:00:00+09:00,28150.0,28350.0,27850.0,28300.0,69329.0
2017-05-26 00:00:00+09:00,28700.0,28700.0,27950.0,28150.0,49292.0
2017-05-29 00:00:00+09:00,28400.0,28400.0,27700.0,28050.0,62753.0
2017-05-30 00:00:00+09:00,28050.0,28200.0,27650.0,28000.0,41997.0
2017-05-31 00:00:00+09:00,27750.0,28450.0,27650.0,28450.0,112546.0
2017-06-01 00:00:00+09:00,28500.0,28500.0,27900.0,28050.0,47963.0
2017-06-02 00:00:00+09:00,28350.0,29000.0,28150.0,28900.0,156627.0
2017-06-05 00:00:00+09:00,28900.0,28950.0,28100.0,28150.0,81950.0
2017-06-07 00:00:00+09:00,28050.0,28300.0,27800.0,28300.0,79528.0
2017-06-08 00:00:00+09:00,28200.0,28350.0,27950.0,28050.0,100357.0
2017-06-09 00:00:00+09:00,28450.0,28550.0,28200.0,28500.0,55680.0
2017-06-12 00:00:00+09:00,28550.0,28750.0,28350.0,28550.0,33363.0
2017-06-13 00:00:00+09:00,28650.0,28850.0,28350.0,28850.0,78976.0
2017-06-14 00:00:00+09:00,28850.0,29000.0,28400.0,28600.0,50107.0
2017-06-15 00:00:00+09:00,28400.0,28600.0,27900.0,28100.0,53539.0
2017-06-16 00:00:00+09:00,27900.0,28400.0,27900.0,28000.0,35454.0
2017-06-19 00:00:00+09:00,27900.0,28050.0,27500.0,27500.0,67577.0
2017-06-20 00:00:00+09:00,27500.0,27550.0,26900.0,27350.0,85777.0
2017-06-21 00:00:00+09:00,27200.0,27500.0,26900.0,27400.0,41566.0
2017-06-22 00:00:00+09:00,27100.0,27750.0,26950.0,27500.0,40592.0
2017-06-23 00:00:00+09:00,27800.0,27850.0,27150.0,27250.0,29362.0
2017-06-26 00:00:00+09:00,27050.0,27650.0,27050.0,27450.0,24116.0
2017-06-27 00:00:00+09:00,27350.0,27650.0,27200.0,27650.0,20551.0
2017-06-28 00:00:00+09:00,27600.0,28100.0,27300.0,27800.0,44868.0
2017-06-29 00:00:00+09:00,28150.0,29750.0,27850.0,29550.0,258790.0
2017-06-30 00:00:00+09:00,29400.0,30650.0,29400.0,30550.0,197346.0
2017-07-03 00:00:00+09:00,30600.0,31500.0,30400.0,31450.0,190386.0
2017-07-04 00:00:00+09:00,31100.0,31450.0,30100.0,30700.0,108649.0
2017-07-05 00:00:00+09:00,30650.0,31450.0,30250.0,31100.0,111570.0
2017-07-06 00:00:00+09:00,31100.0,31150.0,30050.0,30400.0,100526.0
2017-07-07 00:00:00+09:00,30400.0,31150.0,30200.0,30400.0,57697.0
2017-07-10 00:00:00+09:00,30400.0,30800.0,30300.0,30600.0,43814.0
2017-07-11 00:00:00+09:00,30600.0,32000.0,30300.0,31300.0,130800.0
2017-07-12 00:00:00+09:00,31300.0,31400.0,30500.0,31000.0,72749.0
2017-07-13 00:00:00+09:00,31300.0,31500.0,30550.0,31300.0,62068.0
2017-07-14 00:00:00+09:00,31300.0,32350.0,31300.0,32200.0,116058.0
2017-07-17 00:00:00+09:00,32300.0,32550.0,31750.0,32300.0,62415.0
2017-07-18 00:00:00+09:00,32300.0,32300.0,31500.0,31750.0,45026.0
2017-07-19 00:00:00+09:00,31900.0,32150.0,31350.0,31550.0,33081.0
2017-07-20 00:00:00+09:00,31500.0,32250.0,31300.0,31900.0,1690379.0
2017-07-21 00:00:00+09:00,31750.0,31900.0,30550.0,30900.0,73990.0
2017-07-24 00:00:00+09:00,31000.0,31050.0,30300.0,30800.0,49058.0
2017-07-25 00:00:00+09:00,30800.0,31500.0,30500.0,31000.0,69622.0
2017-07-26 00:00:00+09:00,31350.0,31700.0,31250.0,31350.0,54368.0
2017-07-27 00:00:00+09:00,31500.0,32950.0,31500.0,32900.0,173118.0
2017-07-28 00:00:00+09:00,33000.0,33900.0,31750.0,32650.0,152510.0
2017-07-31 00:00:00+09:00,32500.0,35000.0,32400.0,34850.0,197859.0
2017-08-01 00:00:00+09:00,34850.0,36300.0,34600.0,36150.0,151925.0
2017-08-02 00:00:00+09:00,36450.0,36450.0,35200.0,36050.0,115975.0
2017-08-03 00:00:00+09:00,36000.0,36050.0,33550.0,33750.0,213768.0
2017-08-04 00:00:00+09:00,33700.0,36350.0,33650.0,36100.0,211260.0
2017-08-07 00:00:00+09:00,36100.0,36400.0,34900.0,35400.0,98324.0
2017-08-08 00:00:00+09:00,35600.0,35700.0,34150.0,34900.0,109086.0
2017-08-09 00:00:00+09:00,34150.0,35400.0,34150.0,34650.0,102424.0
2017-08-10 00:00:00+09:00,34250.0,35200.0,33750.0,35200.0,92469.0
2017-08-11 00:00:00+09:00,34500.0,34850.0,33650.0,33750.0,74952.0
2017-08-14 00:00:00+09:00,33800.0,34250.0,33250.0,33950.0,88944.0
2017-08-16 00:00:00+09:00,33900.0,34200.0,33050.0,33400.0,87465.0
2017-08-17 00:00:00+09:00,33450.0,35200.0,33450.0,35000.0,97076.0
2017-08-18 00:00:00+09:00,34800.0,35750.0,34400.0,35450.0,110006.0
2017-08-21 00:00:00+09:00,35600.0,35600.0,34700.0,35100.0,59986.0
2017-08-22 00:00:00+09:00,35450.0,35600.0,34900.0,35550.0,46877.0
2017-08-23 00:00:00+09:00,35450.0,35600.0,34850.0,35350.0,62123.0
2017-08-24 00:00:00+09:00,35050.0,35600.0,34450.0,34650.0,54695.0
2017-08-25 00:00:00+09:00,34700.0,35700.0,34500.0,34900.0,58828.0
2017-08-28 00:00:00+09:00,35350.0,36650.0,35350.0,36550.0,114749.0
2017-08-29 00:00:00+09:00,36300.0,36550.0,35200.0,35850.0,79269.0
2017-08-30 00:00:00+09:00,36000.0,36150.0,35200.0,35350.0,47746.0
2017-08-31 00:00:00+09:00,35200.0,35650.0,35000.0,35450.0,39838.0
2017-09-01 00:00:00+09:00,35450.0,36350.0,35250.0,35450.0,75140.0
2017-09-04 00:00:00+09:00,34000.0,35200.0,33900.0,34400.0,45154.0
2017-09-05 00:00:00+09:00,34650.0,34850.0,33850.0,34400.0,40307.0
2017-09-06 00:00:00+09:00,34500.0,34650.0,33900.0,34350.0,41672.0
2017-09-07 00:00:00+09:00,34700.0,34750.0,33550.0,34300.0,46978.0
2017-09-08 00:00:00+09:00,34150.0,35250.0,34100.0,34400.0,47250.0
2017-09-11 00:00:00+09:00,34400.0,34800.0,33600.0,34650.0,47250.0
2017-09-12 00:00:00+09:00,34300.0,34400.0,33650.0,33900.0,79598.0
2017-09-13 00:00:00+09:00,33750.0,33950.0,32650.0,33250.0,80396.0
2017-09-14 00:00:00+09:00,32800.0,34150.0,32800.0,33650.0,111562.0
2017-09-15 00:00:00+09:00,33650.0,33800.0,31650.0,32600.0,140125.0
2017-09-18 00:00:00+09:00,32600.0,32750.0,31950.0,32200.0,53435.0
2017-09-19 00:00:00+09:00,32100.0,32650.0,32000.0,32100.0,55519.0
2017-09-20 00:00:00+09:00,32100.0,32700.0,31800.0,31800.0,83722.0
2017-09-21 00:00:00+09:00,31700.0,32250.0,31050.0,31800.0,56056.0
2017-09-22 00:00:00+09:00,31500.0,31750.0,30300.0,30650.0,104883.0
2017-09-25 00:00:00+09:00,30800.0,30800.0,29800.0,30150.0,66975.0
2017-09-26 00:00:00+09:00,30100.0,31300.0,30100.0,30850.0,42467.0
2017-09-27 00:00:00+09:00,30550.0,30650.0,29700.0,30150.0,47761.0
2017-09-28 00:00:00+09:00,29800.0,31150.0,29750.0,31050.0,56949.0
2017-09-29 00:00:00+09:00,31400.0,31600.0,31050.0,31450.0,47302.0
2017-10-10 00:00:00+09:00,31500.0,32300.0,31200.0,31950.0,60947.0
2017-10-11 00:00:00+09:00,31900.0,31900.0,30800.0,30900.0,90602.0
2017-10-12 00:00:00+09:00,30900.0,31000.0,30200.0,30700.0,90285.0
2017-10-13 00:00:00+09:00,30700.0,31150.0,30500.0,30550.0,62352.0
2017-10-16 00:00:00+09:00,30600.0,33450.0,30600.0,32900.0,151843.0
2017-10-17 00:00:00+09:00,33250.0,33250.0,32050.0,32150.0,75561.0
2017-10-18 00:00:00+09:00,32100.0,32500.0,31500.0,31900.0,32226.0
2017-10-19 00:00:00+09:00,32450.0,32800.0,31750.0,32550.0,72362.0
2017-10-20 00:00:00+09:00,32500.0,33000.0,31850.0,32600.0,112589.0
2017-10-23 00:00:00+09:00,32600.0,32800.0,32050.0,32600.0,52814.0
2017-10-24 00:00:00+09:00,32450.0,33750.0,32250.0,33400.0,66656.0
2017-10-25 00:00:00+09:00,33200.0,33900.0,33150.0,33750.0,69537.0
2017-10-26 00:00:00+09:00,33750.0,33750.0,32650.0,33150.0,41817.0
2017-10-27 00:00:00+09:00,32900.0,33300.0,32650.0,32950.0,42854.0
2017-10-30 00:00:00+09:00,33000.0,33250.0,32200.0,32450.0,33610.0
2017-10-31 00:00:00+09:00,32450.0,32500.0,31700.0,31750.0,48694.0
2017-11-01 00:00:00+09:00,31850.0,32450.0,31800.0,32250.0,72576.0
2017-11-02 00:00:00+09:00,32100.0,32950.0,31900.0,32900.0,81758.0
2017-11-03 00:00:00+09:00,33000.0,33250.0,32550.0,32700.0,48491.0
2017-11-06 00:00:00+09:00,32700.0,32700.0,31700.0,32150.0,61781.0
2017-11-07 00:00:00+09:00,32000.0,32550.0,31900.0,32100.0,32424.0
2017-11-08 00:00:00+09:00,32100.0,32150.0,31650.0,31850.0,31917.0
2017-11-09 00:00:00+09:00,32050.0,32200.0,31200.0,31550.0,74566.0
2017-11-10 00:00:00+09:00,31600.0,32300.0,31250.0,32000.0,61202.0
2017-11-13 00:00:00+09:00,31800.0,32000.0,30750.0,31050.0,65219.0
2017-11-14 00:00:00+09:00,31050.0,31700.0,30500.0,31700.0,61062.0
2017-11-15 00:00:00+09:00,31900.0,31900.0,31250.0,31250.0,53746.0
2017-11-16 00:00:00+09:00,31600.0,31600.0,31050.0,31100.0,44476.0
2017-11-17 00:00:00+09:00,31050.0,31450.0,30750.0,30800.0,38550.0
2017-11-20 00:00:00+09:00,30850.0,31450.0,30550.0,30650.0,71944.0
2017-11-21 00:00:00+09:00,30650.0,31750.0,30600.0,30750.0,62940.0
2017-11-22 00:00:00+09:00,30650.0,31150.0,30550.0,30650.0,73962.0
2017-11-23 00:00:00+09:00,30700.0,30800.0,30400.0,30500.0,43633.0
2017-11-24 00:00:00+09:00,30650.0,30950.0,30250.0,30600.0,45613.0
2017-11-27 00:00:00+09:00,30800.0,31100.0,30600.0,30600.0,29860.0
2017-11-28 00:00:00+09:00,30550.0,30700.0,30350.0,30500.0,27278.0
2017-11-29 00:00:00+09:00,30400.0,30600.0,30350.0,30350.0,28611.0
2017-11-30 00:00:00+09:00,30850.0,31850.0,30150.0,30150.0,140382.0
2017-12-01 00:00:00+09:00,30500.0,30500.0,29400.0,29400.0,93491.0
2017-12-04 00:00:00+09:00,29450.0,30350.0,29150.0,30050.0,49838.0
2017-12-05 00:00:00+09:00,30050.0,30800.0,30050.0,30750.0,52414.0
2017-12-06 00:00:00+09:00,30950.0,30950.0,30200.0,30300.0,42362.0
2017-12-07 00:00:00+09:00,30300.0,30450.0,29800.0,29950.0,36831.0
2017-12-08 00:00:00+09:00,30050.0,30300.0,29600.0,29700.0,35599.0
2017-12-11 00:00:00+09:00,29500.0,29650.0,29100.0,29250.0,52264.0
2017-12-12 00:00:00+09:00,29250.0,29800.0,29200.0,29700.0,31461.0
2017-12-13 00:00:00+09:00,29450.0,29900.0,29250.0,29600.0,53978.0
2017-12-14 00:00:00+09:00,29600.0,30000.0,29000.0,29000.0,91781.0
2017-12-15 00:00:00+09:00,29350.0,29400.0,28950.0,28950.0,64421.0
2017-12-18 00:00:00+09:00,29000.0,29050.0,28400.0,28650.0,74169.0
2017-12-19 00:00:00+09:00,28850.0,29000.0,28400.0,28400.0,53076.0
2017-12-20 00:00:00+09:00,28400.0,29450.0,28350.0,29300.0,65317.0
2017-12-21 00:00:00+09:00,29250.0,29600.0,29000.0,29400.0,39165.0
2017-12-22 00:00:00+09:00,29400.0,29400.0,28750.0,29000.0,33319.0
2017-12-26 00:00:00+09:00,29400.0,29900.0,29100.0,29650.0,44686.0
2017-12-27 00:00:00+09:00,29200.0,29200.0,28500.0,28700.0,45179.0
2017-12-28 00:00:00+09:00,28800.0,29300.0,28750.0,29050.0,33479.0
2018-01-02 00:00:00+09:00,29100.0,29350.0,28550.0,29050.0,35599.0
2018-01-03 00:00:00+09:00,28750.0,31000.0,28750.0,30550.0,143152.0
2018-01-04 00:00:00+09:00,30900.0,31750.0,30650.0,31000.0,113173.0
2018-01-05 00:00:00+09:00,31500.0,31500.0,30500.0,30850.0,48054.0
2018-01-08 00:00:00+09:00,30850.0,31250.0,30000.0,31050.0,63024.0
2018-01-09 00:00:00+09:00,31050.0,31100.0,30350.0,30850.0,46860.0
2018-01-10 00:00:00+09:00,30650.0,31450.0,30450.0,30850.0,51490.0
2018-01-11 00:00:00+09:00,31100.0,31400.0,30300.0,30550.0,57804.0
2018-01-12 00:00:00+09:00,30500.0,31150.0,30500.0,30600.0,37532.0
2018-01-15 00:00:00+09:00,30900.0,31250.0,30450.0,30900.0,64816.0
2018-01-16 00:00:00+09:00,30750.0,30900.0,29800.0,30150.0,68838.0
2018-01-17 00:00:00+09:00,30150.0,30200.0,29800.0,30050.0,32623.0
2018-01-18 00:00:00+09:00,30000.0,30350.0,29600.0,29600.0,48773.0
2018-01-19 00:00:00+09:00,29600.0,30400.0,29300.0,30400.0,63325.0
2018-01-22 00:00:00+09:00,30500.0,30650.0,29700.0,30300.0,41429.0
2018-01-23 00:00:00+09:00,30150.0,31200.0,30150.0,30450.0,49731.0
2018-01-24 00:00:00+09:00,30400.0,31150.0,30400.0,31100.0,46370.0
2018-01-25 00:00:00+09:00,31000.0,31600.0,31000.0,31500.0,67042.0
2018-01-26 00:00:00+09:00,31550.0,31550.0,30850.0,31250.0,45769.0
2018-01-29 00:00:00+09:00,31500.0,32300.0,31250.0,32250.0,98085.0
2018-01-30 00:00:00+09:00,32350.0,32400.0,31500.0,31500.0,55764.0
2018-01-31 00:00:00+09:00,31100.0,31950.0,30600.0,31750.0,64744.0
2018-02-01 00:00:00+09:00,31400.0,32650.0,31400.0,32400.0,69369.0
2018-02-02 00:00:00+09:00,32150.0,32150.0,30900.0,30900.0,64994.0
2018-02-05 00:00:00+09:00,30000.0,30650.0,29950.0,30250.0,60551.0
2018-02-06 00:00:00+09:00,30500.0,30800.0,29100.0,29850.0,73584.0
2018-02-07 00:00:00+09:00,29900.0,30000.0,29000.0,29050.0,48173.0
2018-02-08 00:00:00+09:00,29150.0,29700.0,29000.0,29000.0,53378.0
2018-02-09 00:00:00+09:00,28500.0,30000.0,28200.0,30000.0,86692.0
2018-02-12 00:00:00+09:00,30000.0,30000.0,28800.0,29150.0,51436.0
2018-02-13 00:00:00+09:00,29150.0,29250.0,28050.0,28350.0,86102.0
2018-02-14 00:00:00+09:00,28750.0,28750.0,27350.0,27650.0,74850.0
2018-02-19 00:00:00+09:00,26850.0,28350.0,25700.0,28200.0,102841.0
2018-02-20 00:00:00+09:00,28000.0,28800.0,27750.0,28600.0,35824.0
2018-02-21 00:00:00+09:00,28550.0,28550.0,27500.0,27900.0,46045.0
2018-02-22 00:00:00+09:00,27700.0,27750.0,27100.0,27400.0,44733.0
2018-02-23 00:00:00+09:00,27700.0,27750.0,27300.0,27550.0,16821.0
2018-02-26 00:00:00+09:00,27550.0,27650.0,27250.0,27550.0,46937.0
2018-02-27 00:00:00+09:00,27500.0,28150.0,27500.0,28000.0,26018.0
2018-02-28 00:00:00+09:00,27550.0,28800.0,27550.0,28500.0,71903.0
2018-03-02 00:00:00+09:00,27550.0,28200.0,27200.0,27600.0,41276.0
2018-03-05 00:00:00+09:00,27400.0,27600.0,26100.0,26300.0,38791.0
2018-03-06 00:00:00+09:00,26400.0,26950.0,26350.0,26700.0,36540.0
2018-03-07 00:00:00+09:00,26450.0,27500.0,26300.0,26800.0,47442.0
2018-03-08 00:00:00+09:00,27000.0,27750.0,26700.0,27500.0,48169.0
2018-03-09 00:00:00+09:00,27100.0,27300.0,26500.0,26600.0,41646.0
2018-03-12 00:00:00+09:00,26850.0,27000.0,26300.0,26750.0,34385.0
2018-03-13 00:00:00+09:00,26550.0,26900.0,26300.0,26550.0,46369.0
2018-03-14 00:00:00+09:00,26300.0,27350.0,26250.0,27150.0,41419.0
2018-03-15 00:00:00+09:00,27300.0,27300.0,26300.0,26700.0,40710.0
2018-03-16 00:00:00+09:00,26600.0,26950.0,26400.0,26800.0,23365.0
2018-03-19 00:00:00+09:00,27100.0,27650.0,26850.0,26900.0,54940.0
2018-03-20 00:00:00+09:00,26950.0,27350.0,26700.0,27200.0,29663.0
2018-03-21 00:00:00+09:00,27000.0,27300.0,26750.0,27200.0,22119.0
2018-03-22 00:00:00+09:00,27250.0,27300.0,26500.0,26500.0,42551.0
2018-03-23 00:00:00+09:00,26950.0,27350.0,25550.0,25550.0,57582.0
2018-03-26 00:00:00+09:00,25600.0,27200.0,25600.0,26800.0,54478.0
2018-03-27 00:00:00+09:00,26850.0,27000.0,26400.0,26650.0,26804.0
2018-03-28 00:00:00+09:00,26250.0,26650.0,26150.0,26650.0,22445.0
2018-03-29 00:00:00+09:00,26500.0,26800.0,26000.0,26400.0,23954.0
2018-03-30 00:00:00+09:00,26700.0,26700.0,25600.0,25800.0,77835.0
2018-04-02 00:00:00+09:00,25650.0,26150.0,25500.0,25650.0,41932.0
2018-04-03 00:00:00+09:00,25700.0,26450.0,25200.0,25850.0,50787.0
2018-04-04 00:00:00+09:00,25950.0,26100.0,25450.0,25600.0,29930.0
2018-04-05 00:00:00+09:00,25600.0,25850.0,25500.0,25550.0,24024.0
2018-04-06 00:00:00+09:00,25500.0,25800.0,25350.0,25600.0,20443.0
2018-04-09 00:00:00+09:00,25500.0,25750.0,25200.0,25500.0,25940.0
2018-04-10 00:00:00+09:00,25300.0,25400.0,25050.0,25050.0,32099.0
2018-04-11 00:00:00+09:00,25000.0,25200.0,24700.0,24900.0,40888.0
2018-04-12 00:00:00+09:00,25000.0,25450.0,24750.0,24900.0,44631.0
2018-04-13 00:00:00+09:00,24900.0,25000.0,24650.0,24800.0,56796.0
2018-04-16 00:00:00+09:00,24800.0,25000.0,24550.0,24700.0,27248.0
2018-04-17 00:00:00+09:00,24650.0,24900.0,24500.0,24650.0,42372.0
2018-04-18 00:00:00+09:00,24700.0,25350.0,24400.0,25200.0,61532.0
2018-04-19 00:00:00+09:00,25400.0,25750.0,25200.0,25550.0,55323.0
2018-04-20 00:00:00+09:00,25700.0,26200.0,25400.0,26200.0,44892.0
2018-04-23 00:00:00+09:00,26250.0,26800.0,26050.0,26750.0,48585.0
2018-04-24 00:00:00+09:00,26800.0,26800.0,26000.0,26650.0,32622.0
2018-04-25 00:00:00+09:00,26650.0,26650.0,25750.0,25900.0,33096.0
2018-04-26 00:00:00+09:00,25750.0,26450.0,25650.0,25950.0,32747.0
2018-04-27 00:00:00+09:00,25850.0,26450.0,25850.0,26250.0,34813.0
2018-04-30 00:00:00+09:00,26700.0,27150.0,26400.0,27000.0,64636.0
2018-05-02 00:00:00+09:00,27000.0,27900.0,26200.0,26500.0,99582.0
2018-05-03 00:00:00+09:00,26700.0,26800.0,26300.0,26400.0,27775.0
2018-05-04 00:00:00+09:00,26000.0,27150.0,25900.0,26500.0,67150.0
2018-05-08 00:00:00+09:00,26600.0,26800.0,26000.0,26250.0,44765.0
2018-05-09 00:00:00+09:00,26250.0,26600.0,26000.0,26100.0,39400.0
2018-05-10 00:00:00+09:00,26050.0,26500.0,25900.0,26500.0,41834.0
2018-05-11 00:00:00+09:00,26850.0,26850.0,26350.0,26800.0,39763.0
2018-05-14 00:00:00+09:00,26900.0,27500.0,26900.0,27250.0,50527.0
2018-05-15 00:00:00+09:00,27250.0,27600.0,26600.0,26750.0,36002.0
2018-05-16 00:00:00+09:00,26600.0,26700.0,25850.0,25900.0,50064.0
2018-05-17 00:00:00+09:00,25950.0,26650.0,25950.0,26200.0,28347.0
2018-05-18 00:00:00+09:00,26100.0,26550.0,25850.0,26550.0,17366.0
2018-05-21 00:00:00+09:00,26550.0,26550.0,25100.0,25150.0,138618.0
2018-05-23 00:00:00+09:00,25000.0,25150.0,24550.0,24900.0,66898.0
2018-05-24 00:00:00+09:00,24900.0,25250.0,24650.0,24900.0,36620.0
2018-05-25 00:00:00+09:00,24500.0,24900.0,24000.0,24300.0,74547.0
2018-05-28 00:00:00+09:00,24650.0,25300.0,24450.0,24900.0,91018.0
2018-05-29 00:00:00+09:00,24950.0,24950.0,24200.0,24200.0,86299.0
2018-05-30 00:00:00+09:00,24050.0,24150.0,23350.0,23500.0,94858.0
2018-05-31 00:00:00+09:00,23550.0,23800.0,23000.0,23400.0,94074.0
2018-06-01 00:00:00+09:00,23600.0,23800.0,23100.0,23500.0,56848.0
2018-06-04 00:00:00+09:00,23750.0,23950.0,23500.0,23850.0,44869.0
2018-06-05 00:00:00+09:00,24100.0,24200.0,23750.0,24100.0,50153.0
2018-06-07 00:00:00+09:00,24100.0,24650.0,24100.0,24450.0,47756.0
2018-06-08 00:00:00+09:00,24600.0,24700.0,23900.0,23950.0,59977.0
2018-06-11 00:00:00+09:00,24150.0,24500.0,23900.0,24300.0,38370.0
2018-06-12 00:00:00+09:00,24450.0,24450.0,23950.0,24150.0,39271.0
2018-06-14 00:00:00+09:00,23900.0,23900.0,23250.0,23500.0,78848.0
2018-06-15 00:00:00+09:00,23500.0,24000.0,23200.0,23800.0,68976.0
2018-06-18 00:00:00+09:00,23950.0,24050.0,23500.0,23600.0,34572.0
2018-06-19 00:00:00+09:00,23400.0,23600.0,22750.0,23200.0,72076.0
2018-06-20 00:00:00+09:00,23200.0,23250.0,22800.0,22850.0,37714.0
2018-06-21 00:00:00+09:00,22800.0,22800.0,22150.0,22200.0,65473.0
2018-06-22 00:00:00+09:00,22100.0,22400.0,21800.0,22000.0,48799.0
2018-06-25 00:00:00+09:00,21850.0,22650.0,21750.0,22550.0,32677.0
2018-06-26 00:00:00+09:00,22500.0,22750.0,22200.0,22550.0,40160.0
2018-06-27 00:00:00+09:00,22300.0,22450.0,22000.0,22000.0,35420.0
2018-06-28 00:00:00+09:00,21800.0,22300.0,21700.0,21850.0,41541.0
2018-06-29 00:00:00+09:00,21800.0,21950.0,21450.0,21450.0,89295.0
2018-07-02 00:00:00+09:00,21450.0,21700.0,20950.0,21000.0,42240.0
2018-07-03 00:00:00+09:00,20850.0,21700.0,20800.0,21050.0,32909.0
2018-07-04 00:00:00+09:00,20950.0,21100.0,20600.0,20900.0,34453.0
2018-07-05 00:00:00+09:00,20750.0,21050.0,20350.0,20550.0,47723.0
2018-07-06 00:00:00+09:00,20500.0,20900.0,20500.0,20650.0,25248.0
2018-07-09 00:00:00+09:00,20650.0,20650.0,20000.0,20450.0,66798.0
2018-07-10 00:00:00+09:00,20450.0,20900.0,20350.0,20450.0,49066.0
2018-07-11 00:00:00+09:00,20300.0,20400.0,19950.0,20150.0,83481.0
2018-07-12 00:00:00+09:00,20200.0,20350.0,20050.0,20200.0,34589.0
2018-07-13 00:00:00+09:00,20400.0,20650.0,20250.0,20450.0,38348.0
2018-07-16 00:00:00+09:00,20300.0,20700.0,20250.0,20700.0,42934.0
2018-07-17 00:00:00+09:00,20550.0,20800.0,20400.0,20750.0,32330.0
2018-07-18 00:00:00+09:00,20550.0,20900.0,20450.0,20750.0,28531.0
2018-07-19 00:00:00+09:00,20550.0,20950.0,20550.0,20600.0,19837.0
2018-07-20 00:00:00+09:00,20600.0,20800.0,20050.0,20050.0,41114.0
2018-07-23 00:00:00+09:00,20050.0,21600.0,20050.0,20350.0,82535.0
2018-07-24 00:00:00+09:00,20550.0,21100.0,20550.0,20800.0,26531.0
2018-07-25 00:00:00+09:00,20800.0,21400.0,20800.0,21000.0,66571.0
2018-07-26 00:00:00+09:00,21050.0,21500.0,20800.0,21050.0,24193.0
2018-07-27 00:00:00+09:00,21300.0,21300.0,20700.0,20950.0,16232.0
2018-07-30 00:00:00+09:00,20700.0,21150.0,20700.0,21150.0,18267.0
2018-07-31 00:00:00+09:00,21150.0,21450.0,20900.0,21450.0,18655.0
2018-08-01 00:00:00+09:00,21600.0,21600.0,21050.0,21050.0,31907.0
2018-08-02 00:00:00+09:00,20950.0,21200.0,20400.0,20450.0,54296.0
2018-08-03 00:00:00+09:00,20500.0,20900.0,20400.0,20550.0,36388.0
2018-08-06 00:00:00+09:00,20650.0,21350.0,20600.0,21150.0,31989.0
2018-08-07 00:00:00+09:00,21150.0,21350.0,20950.0,21000.0,31702.0
2018-08-08 00:00:00+09:00,20750.0,21150.0,20550.0,20550.0,43390.0
2018-08-09 00:00:00+09:00,20550.0,21100.0,20300.0,20550.0,55156.0
2018-08-10 00:00:00+09:00,20600.0,20700.0,20250.0,20300.0,53742.0
2018-08-13 00:00:00+09:00,20350.0,20650.0,20200.0,20550.0,40319.0
2018-08-14 00:00:00+09:00,20550.0,20650.0,20300.0,20550.0,24861.0
2018-08-16 00:00:00+09:00,20250.0,20700.0,20000.0,20300.0,51221.0
2018-08-17 00:00:00+09:00,20300.0,20550.0,20200.0,20350.0,21608.0
2018-08-20 00:00:00+09:00,20300.0,20750.0,20300.0,20650.0,29143.0
2018-08-21 00:00:00+09:00,20500.0,21000.0,20400.0,20500.0,58289.0
2018-08-22 00:00:00+09:00,20500.0,20600.0,20300.0,20300.0,29986.0
2018-08-23 00:00:00+09:00,20250.0,20450.0,20050.0,20100.0,38942.0
2018-08-24 00:00:00+09:00,20100.0,20200.0,19950.0,20050.0,48897.0
2018-08-27 00:00:00+09:00,19950.0,20200.0,19950.0,20050.0,27035.0
2018-08-28 00:00:00+09:00,20050.0,20300.0,19950.0,20250.0,39817.0
2018-08-29 00:00:00+09:00,20150.0,21000.0,20150.0,20400.0,67977.0
2018-08-30 00:00:00+09:00,20400.0,21200.0,20250.0,20600.0,94527.0
2018-08-31 00:00:00+09:00,20600.0,20750.0,20400.0,20750.0,51167.0
2018-09-03 00:00:00+09:00,20700.0,20750.0,20350.0,20550.0,31502.0
2018-09-04 00:00:00+09:00,20650.0,20650.0,20050.0,20150.0,84866.0
2018-09-05 00:00:00+09:00,20150.0,20400.0,20050.0,20350.0,36309.0
2018-09-06 00:00:00+09:00,20200.0,20550.0,20000.0,20050.0,68168.0
2018-09-07 00:00:00+09:00,20200.0,20250.0,20000.0,20150.0,44956.0
2018-09-10 00:00:00+09:00,20050.0,20300.0,20050.0,20200.0,30008.0
2018-09-11 00:00:00+09:00,20200.0,20300.0,19850.0,19900.0,70385.0
2018-09-12 00:00:00+09:00,19900.0,20150.0,19700.0,20000.0,46531.0
2018-09-13 00:00:00+09:00,20050.0,20250.0,19750.0,20200.0,50081.0
2018-09-14 00:00:00+09:00,20250.0,20550.0,20100.0,20450.0,48556.0
2018-09-17 00:00:00+09:00,20450.0,20550.0,20100.0,20150.0,21839.0
2018-09-18 00:00:00+09:00,20100.0,20300.0,19850.0,20050.0,47540.0
2018-09-19 00:00:00+09:00,20000.0,20100.0,19450.0,19550.0,77204.0
2018-09-20 00:00:00+09:00,19650.0,19650.0,19450.0,19450.0,41730.0
2018-09-21 00:00:00+09:00,19650.0,19850.0,19100.0,19100.0,86377.0
2018-09-27 00:00:00+09:00,19150.0,19600.0,19150.0,19500.0,44165.0
2018-09-28 00:00:00+09:00,19550.0,19650.0,19300.0,19500.0,27741.0
2018-10-01 00:00:00+09:00,19500.0,19750.0,19250.0,19750.0,43924.0
2018-10-02 00:00:00+09:00,19600.0,19750.0,19100.0,19300.0,56215.0
2018-10-04 00:00:00+09:00,19300.0,19350.0,18700.0,18900.0,60937.0
2018-10-05 00:00:00+09:00,19000.0,19100.0,18500.0,18950.0,41812.0
2018-10-08 00:00:00+09:00,18750.0,18950.0,18650.0,18650.0,18194.0
2018-10-10 00:00:00+09:00,18500.0,18800.0,18200.0,18200.0,48524.0
2018-10-11 00:00:00+09:00,18000.0,18200.0,16700.0,17000.0,154718.0
2018-10-12 00:00:00+09:00,17000.0,17100.0,16650.0,17000.0,62411.0
2018-10-15 00:00:00+09:00,16800.0,17250.0,16800.0,17200.0,29323.0
2018-10-16 00:00:00+09:00,17300.0,17600.0,17000.0,17450.0,33902.0
2018-10-17 00:00:00+09:00,17600.0,17700.0,17200.0,17500.0,19950.0
2018-10-18 00:00:00+09:00,17350.0,17900.0,17300.0,17800.0,58668.0
2018-10-19 00:00:00+09:00,17800.0,17900.0,17100.0,17900.0,125907.0
2018-10-22 00:00:00+09:00,17850.0,17850.0,17200.0,17300.0,34278.0
2018-10-23 00:00:00+09:00,17300.0,17400.0,16800.0,16950.0,43879.0
2018-10-24 00:00:00+09:00,17150.0,17200.0,16750.0,17200.0,35462.0
2018-10-25 00:00:00+09:00,16700.0,17350.0,16700.0,17300.0,83129.0
2018-10-26 00:00:00+09:00,17150.0,17250.0,16800.0,17150.0,49834.0
2018-10-29 00:00:00+09:00,16700.0,17250.0,16150.0,16200.0,76011.0
2018-10-30 00:00:00+09:00,16100.0,16450.0,15750.0,16000.0,74657.0
2018-10-31 00:00:00+09:00,16000.0,16200.0,15750.0,16200.0,64511.0
2018-11-01 00:00:00+09:00,16100.0,16300.0,16000.0,16100.0,57004.0
2018-11-02 00:00:00+09:00,16000.0,16550.0,15900.0,16200.0,91045.0
2018-11-05 00:00:00+09:00,16200.0,16350.0,15150.0,15250.0,195198.0
2018-11-06 00:00:00+09:00,15300.0,15950.0,15300.0,15600.0,94792.0
2018-11-07 00:00:00+09:00,15600.0,16200.0,15400.0,15550.0,103211.0
2018-11-08 00:00:00+09:00,15850.0,16250.0,15750.0,16100.0,105330.0
2018-11-09 00:00:00+09:00,15950.0,16400.0,15800.0,16150.0,49934.0
2018-11-12 00:00:00+09:00,16150.0,16200.0,15850.0,16100.0,39113.0
2018-11-13 00:00:00+09:00,16050.0,16100.0,15550.0,15850.0,61713.0
2018-11-14 00:00:00+09:00,15850.0,15850.0,15350.0,15500.0,82215.0
2018-11-15 00:00:00+09:00,15550.0,15800.0,15450.0,15650.0,60504.0
2018-11-16 00:00:00+09:00,15700.0,16100.0,15600.0,16100.0,40234.0
2018-11-19 00:00:00+09:00,16000.0,16350.0,16000.0,16200.0,39319.0
2018-11-20 00:00:00+09:00,16000.0,16250.0,15950.0,16200.0,31008.0
2018-11-21 00:00:00+09:00,16100.0,16400.0,15900.0,16300.0,37462.0
2018-11-22 00:00:00+09:00,16500.0,16500.0,16000.0,16150.0,33244.0
2018-11-23 00:00:00+09:00,16250.0,16250.0,15800.0,15950.0,21818.0
2018-11-26 00:00:00+09:00,16000.0,16100.0,15800.0,15900.0,39266.0
2018-11-27 00:00:00+09:00,15900.0,16050.0,15800.0,15950.0,46851.0
2018-11-28 00:00:00+09:00,16000.0,16250.0,15900.0,15950.0,84762.0
2018-11-29 00:00:00+09:00,16100.0,16950.0,16100.0,16350.0,122206.0
2018-11-30 00:00:00+09:00,16450.0,16750.0,16000.0,16700.0,137858.0
2018-12-03 00:00:00+09:00,16900.0,17150.0,16650.0,17000.0,59109.0
2018-12-04 00:00:00+09:00,17000.0,17100.0,16600.0,16800.0,29400.0
2018-12-05 00:00:00+09:00,16350.0,16800.0,16350.0,16550.0,45809.0
2018-12-06 00:00:00+09:00,16550.0,16600.0,16150.0,16500.0,50420.0
2018-12-07 00:00:00+09:00,16400.0,16450.0,15850.0,16050.0,123220.0
2018-12-10 00:00:00+09:00,15900.0,16000.0,15700.0,15950.0,51339.0
2018-12-11 00:00:00+09:00,15800.0,15950.0,15750.0,15850.0,41381.0
2018-12-12 00:00:00+09:00,15800.0,16150.0,15750.0,16100.0,44032.0
2018-12-13 00:00:00+09:00,16050.0,16350.0,15950.0,16100.0,87224.0
2018-12-14 00:00:00+09:00,16050.0,17400.0,16000.0,17400.0,150726.0
2018-12-17 00:00:00+09:00,17250.0,18000.0,17100.0,18000.0,200439.0
2018-12-18 00:00:00+09:00,17800.0,19450.0,17600.0,19050.0,403075.0
2018-12-19 00:00:00+09:00,19050.0,19100.0,18200.0,18450.0,71994.0
2018-12-20 00:00:00+09:00,18450.0,18650.0,18050.0,18400.0,63190.0
2018-12-21 00:00:00+09:00,18500.0,18550.0,18000.0,18300.0,42399.0
2018-12-24 00:00:00+09:00,18400.0,18400.0,17650.0,18050.0,54428.0
2018-12-26 00:00:00+09:00,17700.0,18300.0,17350.0,18250.0,70416.0
2018-12-27 00:00:00+09:00,18150.0,18300.0,17500.0,18300.0,83676.0
2018-12-28 00:00:00+09:00,18050.0,18300.0,17450.0,17700.0,57604.0
2019-01-02 00:00:00+09:00,17650.0,17750.0,17150.0,17550.0,36109.0
2019-01-03 00:00:00+09:00,17650.0,17700.0,16400.0,16450.0,70668.0
2019-01-04 00:00:00+09:00,16300.0,16700.0,16000.0,16050.0,85076.0
2019-01-07 00:00:00+09:00,16150.0,16550.0,16150.0,16150.0,61185.0
2019-01-08 00:00:00+09:00,16400.0,16400.0,15900.0,15950.0,61151.0
2019-01-09 00:00:00+09:00,16000.0,16750.0,16000.0,16600.0,64482.0
2019-01-10 00:00:00+09:00,16550.0,16700.0,16300.0,16550.0,44374.0
2019-01-11 00:00:00+09:00,16500.0,16850.0,16350.0,16600.0,67917.0
2019-01-14 00:00:00+09:00,16700.0,16700.0,16350.0,16450.0,42679.0
2019-01-15 00:00:00+09:00,16600.0,16800.0,16450.0,16500.0,49643.0
2019-01-16 00:00:00+09:00,16500.0,16800.0,16350.0,16450.0,42137.0
2019-01-17 00:00:00+09:00,16500.0,16650.0,16400.0,16500.0,34737.0
2019-01-18 00:00:00+09:00,16600.0,16950.0,16550.0,16750.0,35783.0
2019-01-21 00:00:00+09:00,16900.0,17200.0,16850.0,16900.0,40450.0
2019-01-22 00:00:00+09:00,17100.0,17100.0,16750.0,16900.0,29575.0
2019-01-23 00:00:00+09:00,16900.0,17250.0,16800.0,16850.0,56205.0
2019-01-24 00:00:00+09:00,16850.0,17100.0,16650.0,16900.0,44954.0
2019-01-25 00:00:00+09:00,16800.0,17450.0,16750.0,17250.0,73991.0
2019-01-28 00:00:00+09:00,17250.0,17500.0,17100.0,17300.0,52108.0
2019-01-29 00:00:00+09:00,17300.0,17300.0,16950.0,17150.0,36393.0
2019-01-30 00:00:00+09:00,17250.0,17400.0,17050.0,17350.0,37937.0
2019-01-31 00:00:00+09:00,17500.0,17800.0,17150.0,17750.0,71686.0
2019-02-01 00:00:00+09:00,17750.0,17800.0,17450.0,17700.0,39097.0
2019-02-07 00:00:00+09:00,17800.0,18150.0,17400.0,18100.0,59957.0
2019-02-08 00:00:00+09:00,18000.0,18050.0,17450.0,17550.0,46119.0
2019-02-11 00:00:00+09:00,17400.0,18100.0,17250.0,18050.0,61820.0
2019-02-12 00:00:00+09:00,18050.0,18200.0,17800.0,17800.0,27693.0
2019-02-13 00:00:00+09:00,17800.0,18000.0,17750.0,17800.0,34047.0
2019-02-14 00:00:00+09:00,17650.0,18150.0,17500.0,18150.0,55197.0
2019-02-15 00:00:00+09:00,18150.0,18150.0,17700.0,17850.0,34157.0
2019-02-18 00:00:00+09:00,18000.0,18250.0,17700.0,18250.0,49539.0
2019-02-19 00:00:00+09:00,18350.0,18750.0,18050.0,18750.0,60159.0
2019-02-20 00:00:00+09:00,18750.0,18950.0,18400.0,18750.0,51177.0
2019-02-21 00:00:00+09:00,18600.0,19000.0,18600.0,18800.0,33234.0
2019-02-22 00:00:00+09:00,18800.0,19600.0,18800.0,19000.0,94691.0
2019-02-25 00:00:00+09:00,19000.0,19300.0,18750.0,19100.0,45568.0
2019-02-26 00:00:00+09:00,18950.0,19450.0,18950.0,19350.0,40837.0
2019-02-27 00:00:00+09:00,19350.0,19700.0,19300.0,19600.0,58614.0
2019-02-28 00:00:00+09:00,19700.0,19900.0,19300.0,19300.0,120439.0
2019-03-04 00:00:00+09:00,19300.0,20300.0,19300.0,20000.0,88619.0
2019-03-05 00:00:00+09:00,20000.0,20200.0,19600.0,20100.0,70155.0
2019-03-06 00:00:00+09:00,20050.0,20650.0,19750.0,20300.0,113943.0
2019-03-07 00:00:00+09:00,20300.0,20750.0,20300.0,20450.0,99151.0
2019-03-08 00:00:00+09:00,20350.0,20450.0,19700.0,19850.0,93301.0
2019-03-11 00:00:00+09:00,19750.0,20250.0,19500.0,20100.0,60601.0
2019-03-12 00:00:00+09:00,20250.0,20350.0,19800.0,20100.0,47328.0
2019-03-13 00:00:00+09:00,20300.0,20300.0,19700.0,20100.0,56214.0
2019-03-14 00:00:00+09:00,20250.0,20250.0,19800.0,20250.0,54993.0
2019-03-15 00:00:00+09:00,20300.0,20900.0,20050.0,20900.0,114902.0
2019-03-18 00:00:00+09:00,20900.0,20900.0,20300.0,20400.0,49585.0
2019-03-19 00:00:00+09:00,20400.0,20400.0,19850.0,19900.0,38023.0
2019-03-20 00:00:00+09:00,19850.0,19950.0,19250.0,19800.0,49759.0
2019-03-21 00:00:00+09:00,19800.0,20000.0,19250.0,19300.0,35226.0
2019-03-22 00:00:00+09:00,19500.0,19600.0,19050.0,19100.0,40460.0
2019-03-25 00:00:00+09:00,18800.0,19150.0,18800.0,18950.0,28388.0
2019-03-26 00:00:00+09:00,18850.0,19250.0,18850.0,18950.0,20020.0
2019-03-27 00:00:00+09:00,19650.0,19650.0,19100.0,19400.0,41951.0
2019-03-28 00:00:00+09:00,19100.0,19450.0,18600.0,19400.0,53188.0
2019-03-29 00:00:00+09:00,19450.0,19550.0,18950.0,19150.0,30233.0
2019-04-01 00:00:00+09:00,19150.0,19900.0,18850.0,19900.0,56138.0
2019-04-02 00:00:00+09:00,19650.0,19850.0,19250.0,19600.0,44693.0
2019-04-03 00:00:00+09:00,19450.0,19950.0,19400.0,19950.0,36275.0
2019-04-04 00:00:00+09:00,19950.0,21600.0,19950.0,21550.0,190716.0
2019-04-05 00:00:00+09:00,21550.0,21550.0,21000.0,21450.0,66386.0
2019-04-08 00:00:00+09:00,21400.0,21550.0,21200.0,21450.0,48367.0
2019-04-09 00:00:00+09:00,21550.0,21550.0,21050.0,21150.0,48904.0
2019-04-10 00:00:00+09:00,20950.0,21350.0,20600.0,21250.0,60972.0
2019-04-11 00:00:00+09:00,20950.0,21150.0,20850.0,21000.0,54137.0
2019-04-12 00:00:00+09:00,21000.0,21050.0,20750.0,20950.0,58522.0
2019-04-15 00:00:00+09:00,21000.0,21300.0,20800.0,21000.0,49029.0
2019-04-16 00:00:00+09:00,20800.0,21100.0,20700.0,21100.0,22458.0
2019-04-17 00:00:00+09:00,21250.0,21250.0,20800.0,21200.0,19689.0
2019-04-18 00:00:00+09:00,21100.0,21150.0,20700.0,20700.0,34206.0
2019-04-19 00:00:00+09:00,20750.0,21350.0,20700.0,21200.0,63495.0
2019-04-22 00:00:00+09:00,21300.0,21300.0,20700.0,20800.0,36939.0
2019-04-23 00:00:00+09:00,20700.0,21200.0,20500.0,21150.0,36939.0
2019-04-24 00:00:00+09:00,21100.0,21600.0,21000.0,21300.0,66836.0
2019-04-25 00:00:00+09:00,21500.0,21500.0,20250.0,20350.0,39004.0
2019-04-26 00:00:00+09:00,20300.0,20900.0,20100.0,20300.0,45018.0
2019-04-29 00:00:00+09:00,20300.0,20600.0,19900.0,20600.0,30863.0
2019-04-30 00:00:00+09:00,20550.0,20550.0,19500.0,19650.0,69397.0
2019-05-02 00:00:00+09:00,19700.0,20050.0,19600.0,19900.0,25607.0
2019-05-03 00:00:00+09:00,19700.0,19800.0,19450.0,19550.0,32578.0
2019-05-07 00:00:00+09:00,19400.0,19600.0,18800.0,19350.0,59239.0
2019-05-08 00:00:00+09:00,18900.0,20150.0,18900.0,19750.0,47242.0
2019-05-09 00:00:00+09:00,19750.0,19950.0,19250.0,19250.0,54376.0
2019-05-10 00:00:00+09:00,19050.0,19600.0,18250.0,18850.0,102617.0
2019-05-13 00:00:00+09:00,18500.0,18750.0,17950.0,18100.0,58880.0
2019-05-14 00:00:00+09:00,18050.0,18250.0,17650.0,18050.0,63461.0
2019-05-15 00:00:00+09:00,17850.0,17950.0,17400.0,17950.0,83344.0
2019-05-16 00:00:00+09:00,17950.0,18250.0,17750.0,18150.0,53596.0
2019-05-17 00:00:00+09:00,18300.0,18800.0,18200.0,18400.0,44184.0
2019-05-20 00:00:00+09:00,18200.0,18500.0,17950.0,18200.0,22889.0
2019-05-21 00:00:00+09:00,18000.0,18500.0,17950.0,18200.0,28751.0
2019-05-22 00:00:00+09:00,18150.0,18650.0,18050.0,18450.0,27841.0
2019-05-23 00:00:00+09:00,18600.0,18600.0,17950.0,17950.0,22924.0
2019-05-24 00:00:00+09:00,17950.0,18700.0,17950.0,18650.0,29857.0
2019-05-27 00:00:00+09:00,18750.0,18900.0,18400.0,18900.0,19941.0
2019-05-28 00:00:00+09:00,19050.0,19100.0,18000.0,18000.0,63855.0
2019-05-29 00:00:00+09:00,18250.0,18350.0,17400.0,17450.0,51543.0
2019-05-30 00:00:00+09:00,17350.0,17650.0,17100.0,17200.0,39923.0
2019-05-31 00:00:00+09:00,17100.0,17350.0,16850.0,17150.0,59151.0
2019-06-03 00:00:00+09:00,17000.0,17400.0,16550.0,17300.0,81727.0
2019-06-04 00:00:00+09:00,17300.0,17650.0,16950.0,17000.0,45893.0
2019-06-05 00:00:00+09:00,17050.0,17300.0,16950.0,17050.0,31622.0
2019-06-07 00:00:00+09:00,17000.0,17200.0,16750.0,16800.0,44979.0
2019-06-10 00:00:00+09:00,16950.0,17400.0,16650.0,17200.0,50657.0
2019-06-11 00:00:00+09:00,17050.0,17500.0,17050.0,17350.0,40952.0
2019-06-12 00:00:00+09:00,17500.0,17650.0,17300.0,17550.0,44956.0
2019-06-13 00:00:00+09:00,17600.0,17850.0,17150.0,17850.0,106691.0
2019-06-14 00:00:00+09:00,17850.0,17850.0,17200.0,17400.0,100704.0
2019-06-17 00:00:00+09:00,17500.0,17600.0,17300.0,17300.0,49958.0
2019-06-18 00:00:00+09:00,17500.0,18900.0,17300.0,17750.0,265844.0
2019-06-19 00:00:00+09:00,17700.0,17900.0,17500.0,17700.0,39741.0
2019-06-20 00:00:00+09:00,17850.0,18200.0,17500.0,17750.0,51158.0
2019-06-21 00:00:00+09:00,17750.0,18050.0,17650.0,17850.0,56935.0
2019-06-24 00:00:00+09:00,18050.0,18300.0,17900.0,18250.0,35996.0
2019-06-25 00:00:00+09:00,18300.0,18400.0,18100.0,18100.0,20336.0
2019-06-26 00:00:00+09:00,17950.0,18200.0,17900.0,18200.0,23170.0
2019-06-27 00:00:00+09:00,18000.0,18450.0,17800.0,18400.0,44198.0
2019-06-28 00:00:00+09:00,18100.0,18400.0,17900.0,18400.0,35772.0
2019-07-01 00:00:00+09:00,18400.0,18700.0,18250.0,18450.0,23589.0
2019-07-02 00:00:00+09:00,18250.0,18750.0,18250.0,18550.0,34808.0
2019-07-03 00:00:00+09:00,18700.0,18800.0,18500.0,18600.0,32738.0
2019-07-04 00:00:00+09:00,18800.0,18800.0,18350.0,18500.0,17381.0
2019-07-05 00:00:00+09:00,18700.0,18800.0,18150.0,18750.0,19540.0
2019-07-08 00:00:00+09:00,18800.0,18800.0,17950.0,17950.0,18896.0
2019-07-09 00:00:00+09:00,17900.0,18100.0,17400.0,17400.0,26091.0
2019-07-10 00:00:00+09:00,17450.0,17850.0,17300.0,17650.0,23342.0
2019-07-11 00:00:00+09:00,17800.0,18200.0,17650.0,17800.0,16819.0
2019-07-12 00:00:00+09:00,17750.0,17900.0,17500.0,17650.0,12259.0
2019-07-15 00:00:00+09:00,17600.0,17700.0,17300.0,17350.0,10363.0
2019-07-16 00:00:00+09:00,17700.0,17700.0,17050.0,17250.0,30685.0
2019-07-17 00:00:00+09:00,17100.0,17400.0,17000.0,17150.0,18625.0
2019-07-18 00:00:00+09:00,17050.0,17300.0,16700.0,16850.0,30650.0
2019-07-19 00:00:00+09:00,17000.0,17450.0,16950.0,17250.0,18512.0
2019-07-22 00:00:00+09:00,17200.0,17250.0,16900.0,17100.0,18808.0
2019-07-23 00:00:00+09:00,17000.0,17300.0,16900.0,17200.0,23401.0
2019-07-24 00:00:00+09:00,17100.0,17400.0,17000.0,17250.0,13424.0
2019-07-25 00:00:00+09:00,17250.0,17300.0,16850.0,17050.0,25235.0
2019-07-26 00:00:00+09:00,17050.0,17300.0,16750.0,16800.0,32615.0
2019-07-29 00:00:00+09:00,17000.0,17000.0,16200.0,16250.0,32393.0
2019-07-30 00:00:00+09:00,16000.0,16650.0,16000.0,16400.0,16319.0
2019-07-31 00:00:00+09:00,16800.0,16800.0,16150.0,16200.0,37837.0
2019-08-01 00:00:00+09:00,16100.0,16500.0,16000.0,16250.0,19287.0
2019-08-02 00:00:00+09:00,16000.0,16450.0,15950.0,16000.0,32047.0
2019-08-05 00:00:00+09:00,16000.0,16250.0,15550.0,15600.0,43945.0
2019-08-06 00:00:00+09:00,15300.0,15900.0,15300.0,15700.0,47455.0
2019-08-07 00:00:00+09:00,15350.0,15700.0,15100.0,15550.0,64008.0
2019-08-08 00:00:00+09:00,15800.0,16100.0,15500.0,16100.0,46455.0
2019-08-09 00:00:00+09:00,16100.0,16100.0,15700.0,15800.0,33353.0
2019-08-12 00:00:00+09:00,15550.0,15850.0,15550.0,15700.0,15381.0
2019-08-13 00:00:00+09:00,15700.0,15900.0,15350.0,15500.0,30989.0
2019-08-14 00:00:00+09:00,15500.0,15750.0,15500.0,15600.0,27818.0
2019-08-16 00:00:00+09:00,15450.0,15750.0,15400.0,15550.0,20756.0
2019-08-19 00:00:00+09:00,15700.0,15800.0,15500.0,15800.0,24247.0
2019-08-20 00:00:00+09:00,15700.0,16050.0,15600.0,15950.0,28265.0
2019-08-21 00:00:00+09:00,15950.0,16100.0,15850.0,16100.0,18547.0
2019-08-22 00:00:00+09:00,16050.0,16150.0,15900.0,16050.0,20831.0
2019-08-23 00:00:00+09:00,16000.0,16150.0,15750.0,15800.0,21745.0
2019-08-26 00:00:00+09:00,15500.0,15950.0,15500.0,15850.0,21702.0
2019-08-27 00:00:00+09:00,16100.0,16100.0,15650.0,15800.0,19870.0
2019-08-28 00:00:00+09:00,15550.0,15900.0,15550.0,15900.0,17246.0
2019-08-29 00:00:00+09:00,15800.0,15950.0,15750.0,15950.0,20911.0
2019-08-30 00:00:00+09:00,15800.0,16500.0,15800.0,16150.0,37531.0
2019-09-02 00:00:00+09:00,16050.0,16400.0,16050.0,16300.0,13138.0
2019-09-03 00:00:00+09:00,16100.0,16700.0,16100.0,16500.0,35658.0
2019-09-04 00:00:00+09:00,16300.0,16650.0,16300.0,16600.0,29315.0
2019-09-05 00:00:00+09:00,16600.0,17200.0,16450.0,16800.0,58633.0
2019-09-06 00:00:00+09:00,16800.0,17100.0,16650.0,16700.0,22668.0
2019-09-09 00:00:00+09:00,16500.0,17000.0,16250.0,16300.0,29081.0
2019-09-10 00:00:00+09:00,16300.0,16700.0,16300.0,16650.0,23092.0
2019-09-11 00:00:00+09:00,16750.0,17150.0,16700.0,17150.0,49114.0
2019-09-16 00:00:00+09:00,16950.0,17400.0,16950.0,17200.0,14557.0
2019-09-17 00:00:00+09:00,16900.0,17250.0,16850.0,17050.0,14738.0
2019-09-18 00:00:00+09:00,17100.0,17300.0,17000.0,17050.0,9622.0
2019-09-19 00:00:00+09:00,17000.0,17200.0,16950.0,16950.0,16414.0
2019-09-20 00:00:00+09:00,16850.0,17100.0,16850.0,16950.0,20142.0
2019-09-23 00:00:00+09:00,17100.0,17150.0,16800.0,17150.0,18581.0
2019-09-24 00:00:00+09:00,17000.0,17200.0,16700.0,16900.0,40308.0
2019-09-25 00:00:00+09:00,16850.0,17200.0,16450.0,16500.0,42576.0
2019-09-26 00:00:00+09:00,16450.0,16650.0,16150.0,16350.0,23105.0
2019-09-27 00:00:00+09:00,16550.0,16550.0,15950.0,16000.0,24314.0
2019-09-30 00:00:00+09:00,16000.0,16400.0,15950.0,16400.0,16990.0
2019-10-01 00:00:00+09:00,16150.0,16550.0,16150.0,16450.0,22415.0
2019-10-02 00:00:00+09:00,16200.0,16450.0,16000.0,16200.0,24581.0
2019-10-04 00:00:00+09:00,16300.0,16350.0,16100.0,16100.0,16590.0
2019-10-07 00:00:00+09:00,16100.0,16350.0,15900.0,15950.0,17130.0
2019-10-08 00:00:00+09:00,16050.0,16350.0,15700.0,15900.0,29670.0
2019-10-10 00:00:00+09:00,15750.0,15900.0,15450.0,15450.0,54335.0
2019-10-11 00:00:00+09:00,15650.0,15700.0,15450.0,15600.0,38059.0
2019-10-14 00:00:00+09:00,15650.0,16200.0,15600.0,16100.0,29036.0
2019-10-15 00:00:00+09:00,15950.0,16350.0,15900.0,16150.0,22166.0
2019-10-16 00:00:00+09:00,16250.0,16400.0,16150.0,16200.0,12079.0
2019-10-17 00:00:00+09:00,16100.0,16350.0,15800.0,15900.0,32284.0
2019-10-18 00:00:00+09:00,15850.0,16200.0,15450.0,15750.0,137117.0
2019-10-21 00:00:00+09:00,15750.0,15850.0,15600.0,15800.0,29895.0
2019-10-22 00:00:00+09:00,15750.0,16100.0,15750.0,15850.0,45472.0
2019-10-23 00:00:00+09:00,15850.0,16050.0,15850.0,15900.0,21999.0
2019-10-24 00:00:00+09:00,15800.0,16000.0,15700.0,15950.0,21842.0
2019-10-25 00:00:00+09:00,15900.0,16050.0,15750.0,16050.0,17359.0
2019-10-28 00:00:00+09:00,16100.0,16400.0,16100.0,16300.0,32342.0
2019-10-29 00:00:00+09:00,16350.0,16350.0,16050.0,16100.0,19780.0
2019-10-30 00:00:00+09:00,16000.0,16300.0,15900.0,16100.0,26836.0
2019-10-31 00:00:00+09:00,16100.0,16450.0,15950.0,16000.0,44651.0
2019-11-01 00:00:00+09:00,15950.0,16350.0,15800.0,16250.0,36399.0
2019-11-04 00:00:00+09:00,16250.0,16900.0,16150.0,16800.0,88155.0
2019-11-05 00:00:00+09:00,16550.0,16750.0,16450.0,16650.0,28153.0
2019-11-06 00:00:00+09:00,16600.0,16750.0,16500.0,16500.0,32125.0
2019-11-07 00:00:00+09:00,16300.0,16650.0,16300.0,16500.0,25777.0
2019-11-08 00:00:00+09:00,16650.0,16950.0,16400.0,16650.0,50001.0
2019-11-11 00:00:00+09:00,16900.0,16900.0,16400.0,16550.0,31006.0
2019-11-12 00:00:00+09:00,16500.0,16950.0,16400.0,16750.0,36800.0
2019-11-13 00:00:00+09:00,16750.0,16900.0,16600.0,16700.0,19725.0
2019-11-14 00:00:00+09:00,16850.0,17100.0,16600.0,16950.0,42886.0
2019-11-15 00:00:00+09:00,16850.0,17150.0,16550.0,16800.0,48195.0
2019-11-18 00:00:00+09:00,16850.0,16950.0,16600.0,16700.0,19128.0
2019-11-19 00:00:00+09:00,16550.0,16800.0,16450.0,16700.0,18170.0
2019-11-20 00:00:00+09:00,16700.0,16700.0,16400.0,16500.0,22106.0
2019-11-21 00:00:00+09:00,16800.0,16800.0,16100.0,16200.0,28906.0
2019-11-22 00:00:00+09:00,16250.0,16300.0,15900.0,16000.0,35114.0
2019-11-25 00:00:00+09:00,16000.0,16500.0,16000.0,16400.0,38791.0
2019-11-26 00:00:00+09:00,16700.0,16700.0,16250.0,16350.0,41456.0
2019-11-27 00:00:00+09:00,16350.0,16750.0,16350.0,16700.0,25262.0
2019-11-28 00:00:00+09:00,16650.0,16650.0,16400.0,16400.0,16882.0
2019-11-29 00:00:00+09:00,16550.0,16550.0,15800.0,15850.0,67940.0
2019-12-02 00:00:00+09:00,15900.0,16000.0,15750.0,15850.0,22743.0
2019-12-03 00:00:00+09:00,15800.0,15800.0,15550.0,15650.0,31165.0
2019-12-04 00:00:00+09:00,15500.0,15650.0,15300.0,15350.0,48444.0
2019-12-05 00:00:00+09:00,15350.0,15600.0,15200.0,15450.0,37568.0
2019-12-06 00:00:00+09:00,15500.0,15650.0,15450.0,15600.0,26597.0
2019-12-09 00:00:00+09:00,15550.0,15700.0,15400.0,15450.0,35418.0
2019-12-10 00:00:00+09:00,15450.0,15550.0,15400.0,15500.0,26686.0
2019-12-11 00:00:00+09:00,15600.0,15650.0,15300.0,15450.0,39165.0
2019-12-12 00:00:00+09:00,15600.0,15950.0,15450.0,15950.0,91818.0
2019-12-13 00:00:00+09:00,16000.0,16200.0,15500.0,15500.0,152289.0
2019-12-16 00:00:00+09:00,15650.0,15850.0,15350.0,15350.0,126357.0
2019-12-17 00:00:00+09:00,15400.0,15450.0,14700.0,14900.0,329050.0
2019-12-18 00:00:00+09:00,14950.0,15300.0,14850.0,15200.0,98457.0
2019-12-19 00:00:00+09:00,15250.0,15500.0,15100.0,15500.0,68787.0
2019-12-20 00:00:00+09:00,15550.0,15800.0,15400.0,15800.0,69066.0
2019-12-23 00:00:00+09:00,15800.0,16050.0,15650.0,15950.0,64742.0
2019-12-24 00:00:00+09:00,15950.0,16150.0,15800.0,15950.0,35815.0
2019-12-26 00:00:00+09:00,16200.0,16400.0,16050.0,16400.0,80392.0
2019-12-27 00:00:00+09:00,15600.0,15700.0,15250.0,15400.0,126320.0
2019-12-30 00:00:00+09:00,15400.0,15450.0,15150.0,15250.0,46305.0
2020-01-02 00:00:00+09:00,15250.0,15300.0,14900.0,15000.0,54360.0
2020-01-03 00:00:00+09:00,15000.0,15250.0,14750.0,14900.0,116220.0
2020-01-06 00:00:00+09:00,14700.0,14850.0,14450.0,14550.0,76416.0
2020-01-07 00:00:00+09:00,14500.0,14700.0,14450.0,14450.0,51058.0
2020-01-08 00:00:00+09:00,14350.0,14450.0,13800.0,13800.0,117651.0
2020-01-09 00:00:00+09:00,14000.0,14100.0,13750.0,13850.0,68011.0
2020-01-10 00:00:00+09:00,13800.0,13900.0,13750.0,13800.0,58646.0
2020-01-13 00:00:00+09:00,13800.0,14100.0,13750.0,14050.0,34060.0
2020-01-14 00:00:00+09:00,14050.0,14300.0,13950.0,14200.0,49767.0
2020-01-15 00:00:00+09:00,14200.0,14250.0,14000.0,14200.0,30386.0
2020-01-16 00:00:00+09:00,14150.0,14250.0,14050.0,14150.0,26023.0
2020-01-17 00:00:00+09:00,14150.0,14250.0,13950.0,14000.0,44796.0
2020-01-20 00:00:00+09:00,14000.0,14100.0,13900.0,14000.0,25546.0
2020-01-21 00:00:00+09:00,14000.0,14100.0,13900.0,14000.0,38042.0
2020-01-22 00:00:00+09:00,14050.0,14200.0,13900.0,14150.0,25035.0
2020-01-23 00:00:00+09:00,14150.0,14300.0,14000.0,14150.0,30801.0
2020-01-28 00:00:00+09:00,13850.0,14000.0,13500.0,13650.0,53318.0
2020-01-29 00:00:00+09:00,13650.0,13650.0,13450.0,13500.0,30464.0
2020-01-30 00:00:00+09:00,13450.0,13600.0,13250.0,13250.0,44109.0
2020-01-31 00:00:00+09:00,13250.0,13350.0,12800.0,12900.0,53952.0
2020-02-03 00:00:00+09:00,12700.0,12850.0,12500.0,12600.0,49275.0
2020-02-04 00:00:00+09:00,12500.0,12800.0,12400.0,12550.0,76279.0
2020-02-05 00:00:00+09:00,12600.0,12650.0,12300.0,12400.0,85269.0
2020-02-06 00:00:00+09:00,12450.0,12950.0,12450.0,12950.0,57968.0
2020-02-07 00:00:00+09:00,12950.0,13000.0,12700.0,12850.0,29774.0
2020-02-10 00:00:00+09:00,12750.0,12800.0,12550.0,12700.0,21093.0
2020-02-11 00:00:00+09:00,12700.0,13100.0,12700.0,13000.0,31553.0
2020-02-12 00:00:00+09:00,12900.0,13100.0,12900.0,13050.0,30032.0
2020-02-13 00:00:00+09:00,13050.0,13100.0,12900.0,12950.0,34266.0
2020-02-14 00:00:00+09:00,12900.0,12950.0,12700.0,12700.0,30878.0
2020-02-17 00:00:00+09:00,12700.0,12800.0,12500.0,12600.0,44283.0
2020-02-18 00:00:00+09:00,12500.0,12550.0,12400.0,12550.0,27901.0
2020-02-19 00:00:00+09:00,12550.0,12600.0,12250.0,12300.0,33267.0
2020-02-20 00:00:00+09:00,12250.0,12400.0,11950.0,12000.0,77962.0
2020-02-21 00:00:00+09:00,12000.0,12000.0,11700.0,11800.0,56722.0
2020-02-24 00:00:00+09:00,11550.0,11750.0,10700.0,11100.0,190600.0
2020-02-25 00:00:00+09:00,11600.0,11700.0,11050.0,11250.0,79107.0
2020-02-26 00:00:00+09:00,11000.0,11250.0,10950.0,11150.0,67043.0
2020-02-27 00:00:00+09:00,11250.0,11400.0,11100.0,11400.0,39771.0
2020-02-28 00:00:00+09:00,11250.0,11250.0,10800.0,10900.0,72798.0
2020-03-02 00:00:00+09:00,10800.0,11000.0,10750.0,10900.0,42453.0
2020-03-03 00:00:00+09:00,11050.0,11200.0,10750.0,11000.0,41013.0
2020-03-04 00:00:00+09:00,11000.0,11100.0,10850.0,10900.0,43978.0
2020-03-05 00:00:00+09:00,11000.0,11150.0,10900.0,11000.0,67045.0
2020-03-06 00:00:00+09:00,10850.0,10950.0,10350.0,10600.0,102800.0
2020-03-09 00:00:00+09:00,10400.0,10400.0,9930.0,10050.0,119155.0
2020-03-10 00:00:00+09:00,9900.0,10100.0,9890.0,10050.0,60315.0
2020-03-11 00:00:00+09:00,10000.0,10150.0,9750.0,9820.0,62825.0
2020-03-12 00:00:00+09:00,9820.0,9820.0,8940.0,9070.0,178497.0
2020-03-13 00:00:00+09:00,8210.0,8600.0,8010.0,8490.0,184720.0
2020-03-16 00:00:00+09:00,8420.0,8600.0,8020.0,8090.0,169395.0
2020-03-17 00:00:00+09:00,7360.0,8000.0,7350.0,7830.0,137038.0
2020-03-18 00:00:00+09:00,7770.0,8000.0,7190.0,7190.0,100017.0
2020-03-19 00:00:00+09:00,7180.0,7350.0,5350.0,5650.0,352792.0
2020-03-20 00:00:00+09:00,5700.0,6080.0,5500.0,5840.0,279281.0
2020-03-23 00:00:00+09:00,5500.0,5600.0,5250.0,5360.0,192605.0
2020-03-24 00:00:00+09:00,5530.0,5790.0,5410.0,5730.0,132684.0
2020-03-25 00:00:00+09:00,5930.0,6700.0,5810.0,6620.0,264404.0
2020-03-26 00:00:00+09:00,6900.0,7400.0,6710.0,7060.0,233117.0
2020-03-27 00:00:00+09:00,7290.0,7650.0,6950.0,7190.0,201427.0
2020-03-30 00:00:00+09:00,6930.0,7390.0,6750.0,7390.0,109086.0
2020-03-31 00:00:00+09:00,7430.0,7650.0,7270.0,7500.0,206329.0
2020-04-01 00:00:00+09:00,7490.0,7780.0,7380.0,7550.0,166697.0
2020-04-02 00:00:00+09:00,7450.0,7860.0,7310.0,7850.0,116918.0
2020-04-03 00:00:00+09:00,7830.0,7940.0,7650.0,7930.0,120859.0
2020-04-06 00:00:00+09:00,8300.0,8300.0,7910.0,8130.0,104473.0
2020-04-07 00:00:00+09:00,8340.0,8430.0,8040.0,8290.0,190001.0
2020-04-08 00:00:00+09:00,8230.0,8420.0,8080.0,8270.0,119604.0
2020-04-09 00:00:00+09:00,8400.0,8590.0,8290.0,8590.0,130340.0
2020-04-10 00:00:00+09:00,8690.0,9300.0,8610.0,9100.0,224606.0
2020-04-13 00:00:00+09:00,9290.0,9490.0,8830.0,9080.0,144539.0
2020-04-14 00:00:00+09:00,9090.0,9300.0,9010.0,9070.0,115391.0
2020-04-16 00:00:00+09:00,8980.0,9000.0,8600.0,8930.0,103172.0
2020-04-17 00:00:00+09:00,8940.0,9180.0,8940.0,9030.0,112438.0
2020-04-20 00:00:00+09:00,9020.0,9280.0,8940.0,9180.0,80858.0
2020-04-21 00:00:00+09:00,9160.0,9160.0,8750.0,8810.0,166367.0
2020-04-22 00:00:00+09:00,8700.0,8730.0,8300.0,8480.0,160799.0
2020-04-23 00:00:00+09:00,8500.0,8790.0,8420.0,8780.0,102758.0
2020-04-24 00:00:00+09:00,8770.0,8770.0,8510.0,8600.0,51741.0
2020-04-27 00:00:00+09:00,8600.0,9080.0,8530.0,8980.0,103857.0
2020-04-28 00:00:00+09:00,9010.0,9090.0,8810.0,9000.0,89343.0
2020-04-29 00:00:00+09:00,9010.0,9590.0,9010.0,9290.0,179503.0
2020-05-04 00:00:00+09:00,9200.0,9490.0,8910.0,9240.0,161952.0
2020-05-06 00:00:00+09:00,9330.0,9480.0,9250.0,9320.0,112367.0
2020-05-07 00:00:00+09:00,9340.0,9870.0,9250.0,9840.0,155196.0
2020-05-08 00:00:00+09:00,9910.0,10400.0,9810.0,9920.0,248590.0
2020-05-11 00:00:00+09:00,9920.0,10100.0,9780.0,9940.0,110280.0
2020-05-12 00:00:00+09:00,9950.0,9960.0,9560.0,9620.0,101953.0
2020-05-13 00:00:00+09:00,9580.0,9840.0,9440.0,9820.0,83081.0
2020-05-14 00:00:00+09:00,9820.0,9820.0,9350.0,9430.0,104872.0
2020-05-15 00:00:00+09:00,9480.0,9480.0,9070.0,9350.0,89725.0
2020-05-18 00:00:00+09:00,9360.0,9390.0,9080.0,9120.0,93032.0
2020-05-19 00:00:00+09:00,9280.0,9920.0,9210.0,9880.0,233800.0
2020-05-20 00:00:00+09:00,9850.0,9850.0,9670.0,9700.0,78369.0
2020-05-21 00:00:00+09:00,9700.0,9740.0,9620.0,9650.0,90253.0
2020-05-22 00:00:00+09:00,9690.0,9690.0,9350.0,9380.0,85787.0
2020-05-25 00:00:00+09:00,9410.0,9490.0,9300.0,9390.0,38368.0
2020-05-26 00:00:00+09:00,9430.0,9900.0,9370.0,9730.0,228051.0
2020-05-27 00:00:00+09:00,9750.0,9940.0,9600.0,9920.0,178545.0
2020-05-28 00:00:00+09:00,9930.0,9940.0,9600.0,9720.0,118854.0
2020-05-29 00:00:00+09:00,9730.0,9890.0,9600.0,9720.0,126331.0
2020-06-01 00:00:00+09:00,9620.0,9940.0,9620.0,9830.0,83029.0
2020-06-02 00:00:00+09:00,9840.0,10200.0,9840.0,10200.0,122345.0
2020-06-03 00:00:00+09:00,10300.0,13250.0,10250.0,13250.0,3912914.0
2020-06-04 00:00:00+09:00,13750.0,13800.0,11650.0,11800.0,1714936.0
2020-06-05 00:00:00+09:00,11800.0,12350.0,11500.0,11950.0,951075.0
2020-06-08 00:00:00+09:00,12750.0,13500.0,12000.0,12050.0,1486604.0
2020-06-09 00:00:00+09:00,12100.0,12200.0,11600.0,11800.0,329965.0
2020-06-10 00:00:00+09:00,11800.0,11850.0,11400.0,11450.0,190531.0
2020-06-11 00:00:00+09:00,11700.0,12200.0,11500.0,12050.0,884891.0
2020-06-12 00:00:00+09:00,11250.0,11600.0,11050.0,11150.0,403960.0
2020-06-15 00:00:00+09:00,11100.0,11150.0,10250.0,10500.0,282455.0
2020-06-16 00:00:00+09:00,10550.0,11100.0,10550.0,11100.0,147674.0
2020-06-17 00:00:00+09:00,10800.0,11000.0,10300.0,10550.0,247816.0
2020-06-18 00:00:00+09:00,10500.0,11000.0,10250.0,11000.0,228330.0
2020-06-19 00:00:00+09:00,11050.0,11050.0,10600.0,10700.0,124820.0
2020-06-22 00:00:00+09:00,10700.0,10700.0,10400.0,10500.0,106060.0
2020-06-23 00:00:00+09:00,10500.0,10650.0,10100.0,10350.0,142249.0
2020-06-24 00:00:00+09:00,10500.0,10750.0,10250.0,10650.0,113314.0
2020-06-25 00:00:00+09:00,10400.0,10450.0,10100.0,10150.0,106554.0
2020-06-26 00:00:00+09:00,10250.0,10400.0,10100.0,10350.0,86683.0
2020-06-29 00:00:00+09:00,10050.0,10200.0,10000.0,10100.0,71288.0
2020-06-30 00:00:00+09:00,10200.0,10300.0,10000.0,10150.0,131452.0
2020-07-01 00:00:00+09:00,10200.0,10250.0,10000.0,10100.0,65083.0
2020-07-02 00:00:00+09:00,10100.0,10250.0,10050.0,10150.0,60368.0
2020-07-03 00:00:00+09:00,10150.0,10250.0,10000.0,10100.0,81704.0
2020-07-06 00:00:00+09:00,10050.0,10850.0,10000.0,10600.0,222181.0
2020-07-07 00:00:00+09:00,10700.0,10700.0,10350.0,10650.0,118043.0
2020-07-08 00:00:00+09:00,10650.0,10650.0,10350.0,10500.0,88245.0
2020-07-09 00:00:00+09:00,10650.0,10800.0,10400.0,10700.0,93677.0
2020-07-10 00:00:00+09:00,10700.0,10700.0,10300.0,10300.0,83368.0
2020-07-13 00:00:00+09:00,10300.0,10450.0,10200.0,10400.0,55640.0
2020-07-14 00:00:00+09:00,10300.0,10350.0,10150.0,10300.0,55570.0
2020-07-15 00:00:00+09:00,10400.0,10950.0,10400.0,10700.0,179960.0
2020-07-16 00:00:00+09:00,10650.0,10800.0,10450.0,10550.0,72549.0
2020-07-17 00:00:00+09:00,10550.0,10650.0,10400.0,10450.0,51420.0
2020-07-20 00:00:00+09:00,10450.0,10800.0,10300.0,10700.0,89540.0
2020-07-21 00:00:00+09:00,10700.0,10750.0,10400.0,10500.0,185494.0
2020-07-22 00:00:00+09:00,10550.0,12150.0,10500.0,11350.0,933749.0
2020-07-23 00:00:00+09:00,11200.0,11300.0,10950.0,11100.0,216381.0
2020-07-24 00:00:00+09:00,11100.0,11750.0,10850.0,11500.0,488937.0
2020-07-27 00:00:00+09:00,11700.0,11900.0,11250.0,11750.0,310228.0
2020-07-28 00:00:00+09:00,11900.0,12050.0,11250.0,11300.0,292363.0
2020-07-29 00:00:00+09:00,11200.0,11250.0,10900.0,11100.0,167091.0
2020-07-30 00:00:00+09:00,11050.0,11200.0,10850.0,10900.0,117134.0
2020-07-31 00:00:00+09:00,10950.0,11050.0,10800.0,10950.0,118411.0
2020-08-03 00:00:00+09:00,11050.0,11050.0,10550.0,10600.0,157987.0
2020-08-04 00:00:00+09:00,10600.0,10950.0,10600.0,10750.0,136664.0
2020-08-05 00:00:00+09:00,10750.0,10800.0,10550.0,10550.0,174283.0
2020-08-06 00:00:00+09:00,10650.0,10900.0,10500.0,10600.0,220821.0
2020-08-07 00:00:00+09:00,10600.0,10650.0,10300.0,10350.0,1317996.0
2020-08-10 00:00:00+09:00,10600.0,10950.0,10500.0,10850.0,319154.0
2020-08-11 00:00:00+09:00,11250.0,12250.0,11200.0,11550.0,1478585.0
2020-08-12 00:00:00+09:00,11500.0,11500.0,11050.0,11500.0,375192.0
2020-08-13 00:00:00+09:00,11550.0,11600.0,11100.0,11200.0,279364.0
2020-08-14 00:00:00+09:00,11200.0,11500.0,11000.0,11350.0,302932.0
2020-08-18 00:00:00+09:00,11250.0,11350.0,10150.0,10300.0,383227.0
2020-08-19 00:00:00+09:00,10350.0,10450.0,10100.0,10250.0,251494.0
2020-08-20 00:00:00+09:00,10150.0,10200.0,9550.0,9580.0,384341.0
2020-08-21 00:00:00+09:00,9600.0,9820.0,9510.0,9590.0,180559.0
2020-08-24 00:00:00+09:00,9590.0,9760.0,9380.0,9710.0,132465.0
2020-08-25 00:00:00+09:00,9750.0,10100.0,9750.0,10000.0,139327.0
2020-08-26 00:00:00+09:00,9990.0,9990.0,9790.0,9840.0,104777.0
2020-08-27 00:00:00+09:00,9840.0,9840.0,9570.0,9610.0,148615.0
2020-08-28 00:00:00+09:00,9650.0,9870.0,9610.0,9720.0,80199.0
2020-08-31 00:00:00+09:00,9860.0,9940.0,9720.0,9780.0,125422.0
2020-09-01 00:00:00+09:00,9720.0,9840.0,9680.0,9780.0,83116.0
2020-09-02 00:00:00+09:00,9780.0,10150.0,9770.0,10150.0,127061.0
2020-09-03 00:00:00+09:00,10150.0,10350.0,10000.0,10200.0,122923.0
2020-09-04 00:00:00+09:00,9760.0,10150.0,9760.0,10100.0,114999.0
2020-09-07 00:00:00+09:00,10150.0,10550.0,9980.0,10400.0,249922.0
2020-09-08 00:00:00+09:00,10500.0,10600.0,9990.0,10100.0,271616.0
2020-09-09 00:00:00+09:00,9910.0,10100.0,9900.0,10050.0,70213.0
2020-09-10 00:00:00+09:00,10100.0,10200.0,9990.0,10050.0,120674.0
2020-09-11 00:00:00+09:00,10000.0,10100.0,9970.0,10050.0,85997.0
2020-09-14 00:00:00+09:00,10050.0,10250.0,10000.0,10200.0,124256.0
2020-09-15 00:00:00+09:00,10250.0,10250.0,10000.0,10150.0,144267.0
2020-09-16 00:00:00+09:00,10150.0,10250.0,10050.0,10150.0,98898.0
2020-09-17 00:00:00+09:00,10150.0,10200.0,10000.0,10050.0,70462.0
2020-09-18 00:00:00+09:00,10100.0,10200.0,10000.0,10100.0,88623.0
2020-09-21 00:00:00+09:00,10100.0,10200.0,10050.0,10050.0,92926.0
2020-09-22 00:00:00+09:00,10050.0,10100.0,9780.0,9800.0,168888.0
2020-09-23 00:00:00+09:00,9870.0,9940.0,9600.0,9710.0,98001.0
2020-09-24 00:00:00+09:00,9600.0,9670.0,9350.0,9390.0,121602.0
2020-09-25 00:00:00+09:00,9390.0,9530.0,9360.0,9400.0,67648.0
2020-09-28 00:00:00+09:00,9380.0,9570.0,9380.0,9530.0,45688.0
2020-09-29 00:00:00+09:00,9650.0,9890.0,9550.0,9760.0,101802.0
2020-10-05 00:00:00+09:00,9750.0,10100.0,9750.0,10100.0,106158.0
2020-10-06 00:00:00+09:00,10100.0,10200.0,9970.0,10050.0,95036.0
2020-10-07 00:00:00+09:00,10000.0,10150.0,9900.0,10100.0,53895.0
2020-10-08 00:00:00+09:00,10100.0,10400.0,10000.0,10100.0,207941.0
2020-10-12 00:00:00+09:00,10200.0,10200.0,9980.0,10050.0,144940.0
2020-10-13 00:00:00+09:00,10100.0,10200.0,9990.0,10100.0,119514.0
2020-10-14 00:00:00+09:00,10000.0,10100.0,9890.0,9920.0,170283.0
2020-10-15 00:00:00+09:00,9910.0,10050.0,9870.0,9990.0,125655.0
2020-10-16 00:00:00+09:00,10000.0,10050.0,9810.0,9830.0,109882.0
2020-10-19 00:00:00+09:00,9930.0,10050.0,9860.0,9980.0,97534.0
2020-10-20 00:00:00+09:00,9930.0,10100.0,9860.0,9970.0,83014.0
2020-10-21 00:00:00+09:00,9970.0,10100.0,9950.0,10100.0,73051.0
2020-10-22 00:00:00+09:00,10050.0,10150.0,9950.0,9950.0,156936.0
2020-10-23 00:00:00+09:00,9980.0,10050.0,9910.0,10050.0,94082.0
2020-10-26 00:00:00+09:00,10050.0,10100.0,9810.0,9840.0,121225.0
2020-10-27 00:00:00+09:00,9800.0,9850.0,9700.0,9730.0,110573.0
2020-10-28 00:00:00+09:00,9680.0,9860.0,9620.0,9830.0,59684.0
2020-10-29 00:00:00+09:00,9640.0,9750.0,9280.0,9310.0,279726.0
2020-10-30 00:00:00+09:00,9390.0,9500.0,9290.0,9400.0,170926.0
2020-11-02 00:00:00+09:00,9440.0,9700.0,9400.0,9700.0,86406.0
2020-11-03 00:00:00+09:00,9720.0,9820.0,9690.0,9790.0,45365.0
2020-11-04 00:00:00+09:00,9830.0,9890.0,9720.0,9800.0,49842.0
2020-11-05 00:00:00+09:00,9830.0,9900.0,9730.0,9830.0,45779.0
2020-11-06 00:00:00+09:00,9780.0,9850.0,9650.0,9650.0,61199.0
2020-11-09 00:00:00+09:00,9710.0,9880.0,9660.0,9790.0,93804.0
2020-11-10 00:00:00+09:00,9950.0,10250.0,9790.0,10150.0,272061.0
2020-11-11 00:00:00+09:00,10150.0,10350.0,10050.0,10300.0,170021.0
2020-11-12 00:00:00+09:00,10300.0,10350.0,10100.0,10150.0,91012.0
2020-11-13 00:00:00+09:00,10150.0,10200.0,9980.0,10000.0,55369.0
2020-11-16 00:00:00+09:00,10100.0,10300.0,10100.0,10250.0,196061.0
2020-11-17 00:00:00+09:00,10400.0,10550.0,10200.0,10400.0,246529.0
2020-11-18 00:00:00+09:00,10400.0,10550.0,10250.0,10350.0,116301.0
2020-11-19 00:00:00+09:00,10300.0,10300.0,10050.0,10250.0,71802.0
2020-11-20 00:00:00+09:00,10150.0,10350.0,10100.0,10250.0,63299.0
2020-11-23 00:00:00+09:00,10200.0,11050.0,10100.0,11000.0,502236.0
2020-11-24 00:00:00+09:00,10900.0,11300.0,10800.0,11050.0,340713.0
2020-11-25 00:00:00+09:00,11100.0,11250.0,10600.0,10800.0,242039.0
2020-11-26 00:00:00+09:00,10750.0,10800.0,10450.0,10600.0,185872.0
2020-11-27 00:00:00+09:00,10350.0,10600.0,10350.0,10550.0,136357.0
2020-11-30 00:00:00+09:00,10550.0,10900.0,10300.0,10300.0,335190.0
2020-12-01 00:00:00+09:00,10350.0,10650.0,10300.0,10550.0,234999.0
2020-12-02 00:00:00+09:00,10600.0,10650.0,10400.0,10650.0,168899.0
2020-12-03 00:00:00+09:00,10650.0,10650.0,10350.0,10400.0,170540.0
2020-12-04 00:00:00+09:00,10500.0,10850.0,10400.0,10600.0,353041.0
2020-12-07 00:00:00+09:00,10700.0,10750.0,10250.0,10400.0,224922.0
2020-12-08 00:00:00+09:00,10350.0,10400.0,10050.0,10100.0,269196.0
2020-12-09 00:00:00+09:00,10200.0,10500.0,10100.0,10500.0,352922.0
2020-12-10 00:00:00+09:00,10400.0,10500.0,10200.0,10350.0,587124.0
2020-12-11 00:00:00+09:00,10400.0,10800.0,10300.0,10700.0,475129.0
2020-12-14 00:00:00+09:00,10750.0,10800.0,10400.0,10450.0,271695.0
2020-12-15 00:00:00+09:00,10450.0,10700.0,10300.0,10450.0,307755.0
2020-12-16 00:00:00+09:00,10450.0,10700.0,10400.0,10650.0,312560.0
2020-12-17 00:00:00+09:00,10650.0,10700.0,10400.0,10550.0,267127.0
2020-12-18 00:00:00+09:00,10550.0,10900.0,10450.0,10850.0,513515.0
2020-12-21 00:00:00+09:00,10850.0,11050.0,10600.0,10800.0,313731.0
2020-12-22 00:00:00+09:00,10750.0,10750.0,10400.0,10450.0,344257.0
2020-12-23 00:00:00+09:00,10550.0,10600.0,10300.0,10450.0,210993.0
2020-12-24 00:00:00+09:00,10450.0,10600.0,10400.0,10500.0,184111.0
2020-12-28 00:00:00+09:00,10500.0,10650.0,10450.0,10550.0,272535.0
2020-12-29 00:00:00+09:00,10400.0,10600.0,10400.0,10450.0,201878.0
2020-12-30 00:00:00+09:00,10500.0,10600.0,10400.0,10600.0,169342.0
2021-01-04 00:00:00+09:00,10700.0,10800.0,10600.0,10800.0,262515.0
2021-01-05 00:00:00+09:00,10800.0,11850.0,10700.0,11600.0,1561900.0
2021-01-06 00:00:00+09:00,11650.0,11750.0,11350.0,11550.0,570936.0
2021-01-07 00:00:00+09:00,11600.0,11900.0,11450.0,11600.0,634060.0
2021-01-08 00:00:00+09:00,11650.0,12600.0,11600.0,12000.0,1224409.0
2021-01-11 00:00:00+09:00,12050.0,12150.0,11350.0,11650.0,684815.0
2021-01-12 00:00:00+09:00,11700.0,12000.0,11450.0,11900.0,452466.0
2021-01-13 00:00:00+09:00,11900.0,11900.0,11700.0,11900.0,234581.0
2021-01-14 00:00:00+09:00,12050.0,12250.0,11900.0,12000.0,274241.0
2021-01-15 00:00:00+09:00,12050.0,12100.0,11750.0,12000.0,306888.0
2021-01-18 00:00:00+09:00,11900.0,11950.0,11300.0,11400.0,303069.0
2021-01-19 00:00:00+09:00,11450.0,11750.0,11450.0,11750.0,197898.0
2021-01-20 00:00:00+09:00,11800.0,12100.0,11450.0,12050.0,506649.0
2021-01-21 00:00:00+09:00,12550.0,12850.0,12300.0,12450.0,822696.0
2021-01-22 00:00:00+09:00,12600.0,13100.0,12400.0,12800.0,1010527.0
2021-01-25 00:00:00+09:00,12950.0,13150.0,12450.0,12750.0,466707.0
2021-01-26 00:00:00+09:00,12900.0,13300.0,12750.0,13000.0,667631.0
2021-01-27 00:00:00+09:00,13200.0,13700.0,12750.0,13550.0,1038590.0
2021-01-28 00:00:00+09:00,13200.0,13350.0,12850.0,13100.0,690756.0
2021-01-29 00:00:00+09:00,13350.0,13400.0,12100.0,12250.0,719576.0
2021-02-01 00:00:00+09:00,12200.0,12350.0,11800.0,12250.0,278111.0
2021-02-02 00:00:00+09:00,12400.0,12700.0,12300.0,12400.0,287936.0
2021-02-03 00:00:00+09:00,12700.0,13650.0,12600.0,13450.0,962355.0
2021-02-04 00:00:00+09:00,13400.0,14150.0,13300.0,14000.0,716418.0
2021-02-05 00:00:00+09:00,14000.0,14950.0,13700.0,14650.0,1008630.0
2021-02-08 00:00:00+09:00,14700.0,14850.0,14250.0,14600.0,440227.0
2021-02-09 00:00:00+09:00,14600.0,14850.0,14300.0,14450.0,254319.0
2021-02-10 00:00:00+09:00,14700.0,14750.0,14150.0,14450.0,258441.0
2021-02-15 00:00:00+09:00,14500.0,14550.0,13850.0,14050.0,385579.0
2021-02-16 00:00:00+09:00,14050.0,14050.0,13650.0,13950.0,288205.0
2021-02-17 00:00:00+09:00,13900.0,14700.0,13900.0,14450.0,466652.0
2021-02-18 00:00:00+09:00,14400.0,14800.0,14250.0,14450.0,291564.0
2021-02-19 00:00:00+09:00,14500.0,14650.0,14000.0,14500.0,249610.0
2021-02-22 00:00:00+09:00,14550.0,14650.0,14100.0,14500.0,196369.0
2021-02-23 00:00:00+09:00,14200.0,14900.0,14200.0,14600.0,258467.0
2021-02-24 00:00:00+09:00,14900.0,15700.0,14250.0,14300.0,708320.0
2021-02-25 00:00:00+09:00,14750.0,15150.0,14400.0,14900.0,318565.0
2021-02-26 00:00:00+09:00,14350.0,15000.0,14250.0,14700.0,302435.0
2021-03-02 00:00:00+09:00,15000.0,15200.0,14450.0,14650.0,218151.0
2021-03-03 00:00:00+09:00,14550.0,15250.0,14400.0,15250.0,260282.0
2021-03-04 00:00:00+09:00,15400.0,15500.0,15000.0,15500.0,274816.0
2021-03-05 00:00:00+09:00,15300.0,16450.0,15200.0,16200.0,702178.0
2021-03-08 00:00:00+09:00,16250.0,17450.0,16250.0,17000.0,735317.0
2021-03-09 00:00:00+09:00,17100.0,17400.0,16050.0,16500.0,472069.0
2021-03-10 00:00:00+09:00,16700.0,16800.0,15700.0,15750.0,493329.0
2021-03-11 00:00:00+09:00,15900.0,16300.0,15550.0,16050.0,290636.0
2021-03-12 00:00:00+09:00,16200.0,16200.0,15400.0,15600.0,445437.0
2021-03-15 00:00:00+09:00,15650.0,16300.0,15350.0,16050.0,231862.0
2021-03-16 00:00:00+09:00,16150.0,16800.0,16050.0,16450.0,344953.0
2021-03-17 00:00:00+09:00,16300.0,16600.0,16150.0,16450.0,187849.0
2021-03-18 00:00:00+09:00,16550.0,16800.0,16450.0,16600.0,179782.0
2021-03-19 00:00:00+09:00,16350.0,16900.0,16300.0,16900.0,249533.0
2021-03-22 00:00:00+09:00,17100.0,17500.0,17100.0,17300.0,288397.0
2021-03-23 00:00:00+09:00,17450.0,17700.0,17000.0,17200.0,272480.0
2021-03-24 00:00:00+09:00,17150.0,17600.0,16700.0,16900.0,324114.0
2021-03-25 00:00:00+09:00,16850.0,17300.0,16700.0,17150.0,165729.0
2021-03-26 00:00:00+09:00,17400.0,17600.0,17250.0,17500.0,242212.0
2021-03-29 00:00:00+09:00,17750.0,18600.0,17700.0,18100.0,501900.0
2021-03-30 00:00:00+09:00,18150.0,18350.0,17700.0,18150.0,272433.0
2021-03-31 00:00:00+09:00,18100.0,18600.0,18000.0,18550.0,231406.0
2021-04-01 00:00:00+09:00,18650.0,19000.0,18350.0,18950.0,226637.0
2021-04-02 00:00:00+09:00,18900.0,19100.0,17800.0,18300.0,433765.0
2021-04-05 00:00:00+09:00,18300.0,18950.0,18000.0,18750.0,313309.0
2021-04-06 00:00:00+09:00,18950.0,18950.0,18300.0,18400.0,227398.0
2021-04-07 00:00:00+09:00,18400.0,19200.0,18400.0,19000.0,320252.0
2021-04-08 00:00:00+09:00,19150.0,20200.0,19000.0,19950.0,508564.0
2021-04-09 00:00:00+09:00,19900.0,19950.0,19200.0,19650.0,297504.0
2021-04-12 00:00:00+09:00,19650.0,20100.0,19650.0,19800.0,187924.0
2021-04-13 00:00:00+09:00,19950.0,20150.0,19300.0,19600.0,276583.0
2021-04-14 00:00:00+09:00,19600.0,19850.0,18950.0,19850.0,227678.0
2021-04-15 00:00:00+09:00,19850.0,20000.0,19600.0,19800.0,187866.0
2021-04-16 00:00:00+09:00,20100.0,21000.0,19800.0,20650.0,491087.0
2021-04-19 00:00:00+09:00,20850.0,20900.0,20250.0,20650.0,215524.0
2021-04-20 00:00:00+09:00,20650.0,21600.0,20650.0,21400.0,265286.0
2021-04-21 00:00:00+09:00,21400.0,22750.0,21150.0,22550.0,494625.0
2021-04-22 00:00:00+09:00,22650.0,23400.0,21800.0,23050.0,469909.0
2021-04-23 00:00:00+09:00,22950.0,24700.0,22750.0,24550.0,749200.0
2021-04-26 00:00:00+09:00,25050.0,27000.0,23250.0,25500.0,1202979.0
2021-04-27 00:00:00+09:00,25350.0,28150.0,24550.0,27200.0,1261772.0
2021-04-28 00:00:00+09:00,27300.0,28050.0,26250.0,26600.0,609700.0
2021-04-29 00:00:00+09:00,26850.0,28900.0,26500.0,27400.0,1111553.0
2021-04-30 00:00:00+09:00,28300.0,28450.0,24800.0,26150.0,968598.0
2021-05-03 00:00:00+09:00,26150.0,26450.0,23550.0,24100.0,757063.0
2021-05-04 00:00:00+09:00,24350.0,25600.0,23350.0,25350.0,847872.0
2021-05-06 00:00:00+09:00,25350.0,31400.0,25350.0,29200.0,3386487.0
2021-05-07 00:00:00+09:00,29800.0,30900.0,28600.0,30550.0,1259025.0
2021-05-10 00:00:00+09:00,30550.0,31950.0,30050.0,30600.0,802619.0
2021-05-11 00:00:00+09:00,30400.0,36450.0,30300.0,34350.0,3743508.0
2021-05-12 00:00:00+09:00,34350.0,35500.0,32400.0,35250.0,1344919.0
2021-05-13 00:00:00+09:00,33900.0,35800.0,33400.0,33850.0,866089.0
2021-05-14 00:00:00+09:00,34300.0,34850.0,30750.0,31100.0,1110201.0
2021-05-17 00:00:00+09:00,31800.0,32450.0,29800.0,31200.0,628624.0
2021-05-18 00:00:00+09:00,31150.0,34900.0,31050.0,34500.0,1348855.0
2021-05-20 00:00:00+09:00,33400.0,33950.0,31600.0,33050.0,666082.0
2021-05-21 00:00:00+09:00,33050.0,33050.0,31200.0,32000.0,653579.0
2021-05-24 00:00:00+09:00,31700.0,32300.0,31100.0,31550.0,327584.0
2021-05-25 00:00:00+09:00,31800.0,32300.0,30550.0,30700.0,509176.0
2021-05-26 00:00:00+09:00,30900.0,30900.0,28450.0,29000.0,905593.0
2021-05-27 00:00:00+09:00,29450.0,30100.0,28600.0,29500.0,603992.0
2021-05-28 00:00:00+09:00,30350.0,32000.0,30100.0,31750.0,884902.0
2021-05-31 00:00:00+09:00,31950.0,32600.0,30200.0,30800.0,589439.0
2021-06-01 00:00:00+09:00,31000.0,32050.0,30400.0,30800.0,455812.0
2021-06-02 00:00:00+09:00,31200.0,31400.0,30300.0,30650.0,302392.0
2021-06-03 00:00:00+09:00,30550.0,31250.0,30100.0,30950.0,308577.0
2021-06-04 00:00:00+09:00,31300.0,33100.0,30650.0,32950.0,933406.0
2021-06-07 00:00:00+09:00,32950.0,33000.0,31000.0,31150.0,545608.0
2021-06-08 00:00:00+09:00,30900.0,31600.0,30200.0,31400.0,293830.0
2021-06-09 00:00:00+09:00,31200.0,31600.0,30400.0,30500.0,230823.0
2021-06-10 00:00:00+09:00,30450.0,31400.0,30100.0,30100.0,284418.0
2021-06-11 00:00:00+09:00,30550.0,31300.0,30400.0,31150.0,262851.0
2021-06-14 00:00:00+09:00,31500.0,32400.0,31350.0,31550.0,276237.0
2021-06-15 00:00:00+09:00,31050.0,31750.0,30500.0,31550.0,211023.0
2021-06-16 00:00:00+09:00,31550.0,31750.0,31200.0,31300.0,156940.0
2021-06-17 00:00:00+09:00,30800.0,31100.0,30700.0,30800.0,137924.0
2021-06-18 00:00:00+09:00,30350.0,30800.0,29850.0,30100.0,339469.0
2021-06-21 00:00:00+09:00,29750.0,29750.0,28600.0,28950.0,320370.0
2021-06-22 00:00:00+09:00,29600.0,31250.0,29600.0,30900.0,518897.0
2021-06-23 00:00:00+09:00,31600.0,31850.0,31050.0,31050.0,318662.0
2021-06-24 00:00:00+09:00,31400.0,36450.0,31000.0,34400.0,1461134.0
2021-06-25 00:00:00+09:00,35500.0,36100.0,33500.0,34350.0,745916.0
2021-06-28 00:00:00+09:00,34400.0,35300.0,33750.0,34900.0,384724.0
2021-06-29 00:00:00+09:00,34600.0,34650.0,31950.0,32000.0,699654.0
2021-06-30 00:00:00+09:00,32000.0,32200.0,31450.0,31700.0,348750.0
2021-07-01 00:00:00+09:00,31700.0,32200.0,31150.0,31650.0,202056.0
2021-07-02 00:00:00+09:00,31850.0,33000.0,31350.0,31500.0,440841.0
2021-07-05 00:00:00+09:00,31800.0,32150.0,31300.0,31400.0,173153.0
2021-07-06 00:00:00+09:00,31700.0,31850.0,31200.0,31350.0,141651.0
2021-07-07 00:00:00+09:00,31000.0,31350.0,30600.0,30950.0,161172.0
2021-07-08 00:00:00+09:00,31200.0,32200.0,30900.0,30950.0,338548.0
2021-07-09 00:00:00+09:00,30100.0,30800.0,29850.0,30700.0,248627.0
2021-07-12 00:00:00+09:00,31300.0,31850.0,31000.0,31050.0,173981.0
2021-07-13 00:00:00+09:00,31500.0,31500.0,30850.0,31000.0,141408.0
2021-07-14 00:00:00+09:00,30750.0,30900.0,30250.0,30850.0,96940.0
2021-07-15 00:00:00+09:00,30900.0,31000.0,30400.0,30800.0,105132.0
2021-07-16 00:00:00+09:00,30750.0,31150.0,30450.0,30800.0,97858.0
2021-07-19 00:00:00+09:00,30550.0,30700.0,30100.0,30250.0,94531.0
2021-07-20 00:00:00+09:00,29500.0,29800.0,29200.0,29350.0,230956.0
2021-07-21 00:00:00+09:00,29700.0,29850.0,28850.0,29050.0,152098.0
2021-07-22 00:00:00+09:00,29250.0,30050.0,29050.0,29950.0,181088.0
2021-07-23 00:00:00+09:00,30350.0,31000.0,29600.0,30400.0,175449.0
2021-07-26 00:00:00+09:00,30750.0,30750.0,29950.0,29950.0,81049.0
2021-07-27 00:00:00+09:00,30000.0,30750.0,30000.0,30250.0,103401.0
2021-07-28 00:00:00+09:00,30000.0,30700.0,29800.0,30500.0,81739.0
2021-07-29 00:00:00+09:00,30750.0,32200.0,30200.0,30600.0,397978.0
2021-07-30 00:00:00+09:00,31400.0,32250.0,31100.0,31400.0,642136.0
2021-08-02 00:00:00+09:00,31800.0,31850.0,30600.0,31100.0,210804.0
2021-08-03 00:00:00+09:00,30950.0,31100.0,29500.0,29850.0,325444.0
2021-08-04 00:00:00+09:00,30000.0,30150.0,29400.0,29900.0,85155.0
2021-08-05 00:00:00+09:00,29800.0,30050.0,29600.0,29900.0,93685.0
2021-08-06 00:00:00+09:00,30000.0,30000.0,29500.0,29600.0,84594.0
2021-08-09 00:00:00+09:00,29600.0,29750.0,28750.0,29200.0,169760.0
2021-08-10 00:00:00+09:00,28950.0,29300.0,28300.0,28300.0,160247.0
2021-08-11 00:00:00+09:00,28800.0,29600.0,28700.0,29400.0,184923.0
2021-08-12 00:00:00+09:00,29500.0,30000.0,29500.0,29550.0,160845.0
2021-08-13 00:00:00+09:00,29550.0,29550.0,28400.0,29000.0,103349.0
2021-08-17 00:00:00+09:00,29000.0,29000.0,28050.0,28900.0,109058.0
2021-08-18 00:00:00+09:00,28550.0,29300.0,28200.0,28800.0,84837.0
2021-08-19 00:00:00+09:00,28700.0,28700.0,27200.0,27200.0,115051.0
2021-08-20 00:00:00+09:00,27050.0,27550.0,25600.0,25850.0,187080.0
2021-08-23 00:00:00+09:00,25750.0,26300.0,25050.0,26050.0,133959.0
2021-08-24 00:00:00+09:00,26350.0,28400.0,26350.0,28200.0,156205.0
2021-08-25 00:00:00+09:00,28350.0,29650.0,27850.0,28300.0,156893.0
2021-08-26 00:00:00+09:00,28100.0,28450.0,27750.0,27950.0,50744.0
2021-08-27 00:00:00+09:00,27750.0,28200.0,27100.0,28000.0,50700.0
2021-08-30 00:00:00+09:00,28250.0,29450.0,28200.0,29400.0,131075.0
2021-08-31 00:00:00+09:00,29450.0,29500.0,28700.0,29250.0,101090.0
2021-09-01 00:00:00+09:00,29000.0,29400.0,28600.0,28750.0,82100.0
2021-09-02 00:00:00+09:00,28850.0,31000.0,28850.0,29650.0,559254.0
2021-09-03 00:00:00+09:00,29750.0,30400.0,29500.0,29900.0,134302.0
2021-09-06 00:00:00+09:00,29900.0,30150.0,28700.0,29650.0,118960.0
2021-09-07 00:00:00+09:00,29650.0,30850.0,29550.0,30700.0,268731.0
2021-09-08 00:00:00+09:00,30750.0,31450.0,29900.0,30200.0,288208.0
2021-09-09 00:00:00+09:00,30000.0,30450.0,28700.0,28800.0,211118.0
2021-09-10 00:00:00+09:00,28850.0,29550.0,28300.0,29300.0,147768.0
2021-09-13 00:00:00+09:00,29500.0,29650.0,28650.0,29100.0,78518.0
2021-09-14 00:00:00+09:00,29100.0,29500.0,28650.0,29250.0,84853.0
2021-09-15 00:00:00+09:00,29250.0,29350.0,28900.0,29000.0,58857.0
2021-09-16 00:00:00+09:00,29150.0,29850.0,29150.0,29700.0,105969.0
2021-09-17 00:00:00+09:00,29900.0,30300.0,29150.0,29350.0,109262.0
2021-09-23 00:00:00+09:00,28900.0,29000.0,27100.0,27650.0,234073.0
2021-09-24 00:00:00+09:00,27700.0,28200.0,26650.0,26950.0,138853.0
2021-09-27 00:00:00+09:00,26700.0,27500.0,26300.0,27050.0,67017.0
2021-09-28 00:00:00+09:00,27200.0,27350.0,26100.0,26400.0,112005.0
2021-09-29 00:00:00+09:00,25750.0,26300.0,25150.0,26200.0,134670.0
2021-09-30 00:00:00+09:00,26000.0,26300.0,25550.0,25900.0,86360.0
2021-10-01 00:00:00+09:00,25400.0,25900.0,24500.0,24750.0,154811.0
2021-10-05 00:00:00+09:00,23950.0,25150.0,23400.0,25050.0,162678.0
2021-10-06 00:00:00+09:00,24800.0,25950.0,24400.0,24500.0,143425.0
2021-10-07 00:00:00+09:00,24750.0,25250.0,24250.0,24850.0,80379.0
2021-10-08 00:00:00+09:00,25050.0,26100.0,25050.0,25350.0,133558.0
2021-10-12 00:00:00+09:00,25350.0,25450.0,24400.0,24500.0,124537.0
2021-10-13 00:00:00+09:00,24500.0,25450.0,24050.0,25300.0,138928.0
2021-10-14 00:00:00+09:00,25900.0,26200.0,25300.0,25550.0,79923.0
2021-10-15 00:00:00+09:00,25700.0,26250.0,25200.0,25250.0,80831.0
2021-10-18 00:00:00+09:00,25200.0,25450.0,24900.0,25100.0,36328.0
2021-10-19 00:00:00+09:00,25150.0,25550.0,24600.0,24700.0,54633.0
2021-10-20 00:00:00+09:00,24800.0,24900.0,23850.0,23850.0,72791.0
2021-10-21 00:00:00+09:00,23800.0,24550.0,23650.0,23750.0,112781.0
2021-10-22 00:00:00+09:00,24000.0,24000.0,22400.0,22600.0,240869.0
2021-10-25 00:00:00+09:00,22850.0,23000.0,22100.0,23000.0,89189.0
2021-10-26 00:00:00+09:00,23400.0,23400.0,22650.0,22950.0,87551.0
2021-10-27 00:00:00+09:00,22900.0,23150.0,22650.0,22700.0,72039.0
2021-10-28 00:00:00+09:00,22500.0,22700.0,21550.0,21850.0,236995.0
2021-10-29 00:00:00+09:00,21950.0,22100.0,21400.0,21650.0,117469.0
2021-11-01 00:00:00+09:00,21500.0,21800.0,21050.0,21400.0,98108.0
2021-11-02 00:00:00+09:00,21450.0,22500.0,21450.0,22300.0,158670.0
2021-11-03 00:00:00+09:00,22350.0,22450.0,21500.0,21550.0,102891.0
2021-11-04 00:00:00+09:00,21800.0,22200.0,21450.0,21600.0,129979.0
2021-11-05 00:00:00+09:00,21600.0,21650.0,20800.0,20850.0,112902.0
2021-11-08 00:00:00+09:00,20850.0,21150.0,20250.0,20800.0,127337.0
2021-11-09 00:00:00+09:00,20800.0,21050.0,20150.0,20350.0,90041.0
2021-11-10 00:00:00+09:00,20100.0,20250.0,19600.0,19700.0,149661.0
2021-11-11 00:00:00+09:00,19550.0,20100.0,19400.0,19600.0,93825.0
2021-11-12 00:00:00+09:00,20000.0,21400.0,19850.0,21150.0,182342.0
2021-11-15 00:00:00+09:00,21350.0,21450.0,20900.0,21400.0,76727.0
2021-11-16 00:00:00+09:00,21050.0,21350.0,20750.0,20900.0,88127.0
2021-11-17 00:00:00+09:00,20700.0,20850.0,19750.0,19950.0,145428.0
2021-11-18 00:00:00+09:00,19900.0,20600.0,19550.0,20300.0,122129.0
2021-11-19 00:00:00+09:00,20150.0,20500.0,20150.0,20250.0,51724.0
2021-11-22 00:00:00+09:00,20300.0,20350.0,19750.0,20200.0,102096.0
2021-11-23 00:00:00+09:00,20250.0,21350.0,20250.0,20600.0,108201.0
2021-11-24 00:00:00+09:00,20750.0,20850.0,20250.0,20250.0,43735.0
2021-11-25 00:00:00+09:00,20050.0,20250.0,19750.0,19950.0,44161.0
2021-11-26 00:00:00+09:00,19650.0,19900.0,19000.0,19350.0,93224.0
2021-11-29 00:00:00+09:00,18500.0,19000.0,18050.0,18650.0,114911.0
2021-11-30 00:00:00+09:00,18750.0,19100.0,17600.0,18250.0,90640.0
2021-12-01 00:00:00+09:00,18250.0,19250.0,17900.0,18850.0,100511.0
2021-12-02 00:00:00+09:00,19000.0,20000.0,18600.0,20000.0,116723.0
2021-12-03 00:00:00+09:00,20400.0,20400.0,19750.0,20400.0,76436.0
2021-12-06 00:00:00+09:00,20050.0,20950.0,19900.0,20650.0,105385.0
2021-12-07 00:00:00+09:00,20900.0,21000.0,20300.0,20600.0,68441.0
2021-12-08 00:00:00+09:00,20900.0,20900.0,20250.0,20250.0,55913.0
2021-12-09 00:00:00+09:00,20350.0,20800.0,20250.0,20400.0,51142.0
2021-12-10 00:00:00+09:00,20200.0,20950.0,20150.0,20850.0,52139.0
2021-12-13 00:00:00+09:00,21000.0,21100.0,20700.0,20700.0,73205.0
2021-12-14 00:00:00+09:00,20500.0,21150.0,20250.0,20350.0,75994.0
2021-12-15 00:00:00+09:00,20500.0,20650.0,20300.0,20600.0,42066.0
2021-12-16 00:00:00+09:00,20650.0,20750.0,20200.0,20200.0,51545.0
2021-12-17 00:00:00+09:00,20200.0,21000.0,20150.0,20650.0,137096.0
2021-12-20 00:00:00+09:00,20650.0,20800.0,20100.0,20250.0,64782.0
2021-12-21 00:00:00+09:00,20400.0,20400.0,19700.0,20000.0,87467.0
2021-12-22 00:00:00+09:00,20150.0,20650.0,20050.0,20300.0,74182.0
2021-12-23 00:00:00+09:00,20600.0,20650.0,20250.0,20550.0,52979.0
2021-12-24 00:00:00+09:00,20600.0,20800.0,20250.0,20450.0,45135.0
2021-12-27 00:00:00+09:00,20450.0,20650.0,20100.0,20150.0,65502.0
2021-12-28 00:00:00+09:00,20150.0,20500.0,20000.0,20450.0,68622.0
2021-12-29 00:00:00+09:00,20150.0,20350.0,19800.0,20200.0,59586.0
2021-12-30 00:00:00+09:00,20250.0,20250.0,19850.0,19900.0,50085.0
2022-01-03 00:00:00+09:00,19900.0,20150.0,19650.0,20150.0,51614.0
2022-01-04 00:00:00+09:00,20050.0,20350.0,19700.0,20100.0,189365.0
2022-01-05 00:00:00+09:00,20200.0,20950.0,20150.0,20750.0,344468.0
2022-01-06 00:00:00+09:00,20600.0,22250.0,20250.0,21750.0,568790.0
2022-01-07 00:00:00+09:00,21750.0,21950.0,21100.0,21600.0,293580.0
2022-01-10 00:00:00+09:00,21950.0,22400.0,21500.0,21850.0,247760.0
2022-01-11 00:00:00+09:00,22150.0,22200.0,20650.0,20700.0,346669.0
2022-01-12 00:00:00+09:00,20700.0,20800.0,19800.0,19950.0,405380.0
2022-01-13 00:00:00+09:00,20100.0,20400.0,19850.0,20000.0,204173.0
2022-01-14 00:00:00+09:00,19700.0,19950.0,19250.0,19500.0,202518.0
2022-01-17 00:00:00+09:00,19300.0,19300.0,18500.0,18500.0,161735.0
2022-01-18 00:00:00+09:00,18500.0,18650.0,17700.0,17900.0,175617.0
2022-01-19 00:00:00+09:00,17450.0,18200.0,17300.0,17350.0,284307.0
2022-01-20 00:00:00+09:00,17400.0,17750.0,14400.0,14950.0,1260977.0
2022-01-21 00:00:00+09:00,15250.0,16000.0,15000.0,15500.0,813190.0
2022-01-24 00:00:00+09:00,15350.0,15600.0,14850.0,15150.0,284320.0
2022-01-25 00:00:00+09:00,15050.0,15300.0,14850.0,15150.0,265830.0
2022-01-26 00:00:00+09:00,15100.0,15350.0,14800.0,14900.0,213137.0
2022-01-27 00:00:00+09:00,15150.0,15300.0,14300.0,14650.0,241763.0
2022-01-28 00:00:00+09:00,14650.0,15100.0,14250.0,15050.0,284751.0
2022-02-03 00:00:00+09:00,15300.0,15350.0,15100.0,15350.0,143082.0
2022-02-04 00:00:00+09:00,15100.0,15700.0,15100.0,15600.0,81539.0
2022-02-07 00:00:00+09:00,15650.0,15850.0,15250.0,15750.0,78465.0
2022-02-08 00:00:00+09:00,15700.0,16150.0,15500.0,15800.0,95183.0
2022-02-09 00:00:00+09:00,16000.0,16750.0,15900.0,16600.0,125040.0
2022-02-10 00:00:00+09:00,16700.0,17250.0,16450.0,16600.0,250083.0
2022-02-11 00:00:00+09:00,17000.0,17600.0,16450.0,17150.0,316453.0
2022-02-14 00:00:00+09:00,16650.0,17450.0,16450.0,16950.0,214410.0
2022-02-15 00:00:00+09:00,16850.0,18250.0,16850.0,17300.0,356848.0
2022-02-16 00:00:00+09:00,17650.0,17700.0,17050.0,17150.0,142915.0
2022-02-17 00:00:00+09:00,17050.0,17450.0,16800.0,17200.0,161140.0
2022-02-18 00:00:00+09:00,17000.0,17350.0,16800.0,17300.0,89795.0
2022-02-21 00:00:00+09:00,17200.0,17550.0,16850.0,17400.0,101757.0
2022-02-22 00:00:00+09:00,17100.0,17500.0,16800.0,17000.0,101158.0
2022-02-23 00:00:00+09:00,17250.0,18150.0,16900.0,18150.0,229342.0
2022-02-24 00:00:00+09:00,17950.0,18250.0,17400.0,17450.0,156594.0
2022-02-25 00:00:00+09:00,17700.0,17950.0,17050.0,17450.0,138248.0
2022-02-28 00:00:00+09:00,17650.0,18100.0,17350.0,17650.0,135544.0
2022-03-02 00:00:00+09:00,17650.0,17950.0,17500.0,17800.0,100903.0
2022-03-03 00:00:00+09:00,18250.0,18750.0,18000.0,18500.0,169153.0
2022-03-04 00:00:00+09:00,18950.0,19250.0,18450.0,19250.0,140786.0
2022-03-07 00:00:00+09:00,19300.0,21650.0,18800.0,19300.0,728696.0
2022-03-08 00:00:00+09:00,20350.0,21400.0,18150.0,18250.0,858043.0
2022-03-10 00:00:00+09:00,18550.0,18950.0,18000.0,18550.0,225843.0
2022-03-11 00:00:00+09:00,18500.0,19800.0,18500.0,19650.0,255344.0
2022-03-14 00:00:00+09:00,19650.0,20000.0,19100.0,19100.0,172456.0
2022-03-15 00:00:00+09:00,19100.0,19150.0,18100.0,18500.0,153970.0
2022-03-16 00:00:00+09:00,18550.0,18900.0,18100.0,18400.0,119847.0
2022-03-17 00:00:00+09:00,18650.0,18650.0,18200.0,18500.0,103112.0
2022-03-18 00:00:00+09:00,19000.0,19600.0,18800.0,18800.0,253554.0
2022-03-21 00:00:00+09:00,18800.0,18950.0,18500.0,18700.0,85859.0
2022-03-22 00:00:00+09:00,18800.0,19100.0,18600.0,19050.0,110664.0
2022-03-23 00:00:00+09:00,19450.0,20500.0,19450.0,19900.0,521286.0
2022-03-24 00:00:00+09:00,20150.0,20200.0,19100.0,19500.0,204121.0
2022-03-25 00:00:00+09:00,19350.0,19700.0,19000.0,19050.0,163080.0
2022-03-28 00:00:00+09:00,19000.0,19200.0,18300.0,19100.0,117611.0
2022-03-29 00:00:00+09:00,18900.0,19250.0,18700.0,18700.0,131663.0
2022-03-30 00:00:00+09:00,18750.0,19050.0,18300.0,18500.0,115426.0
2022-03-31 00:00:00+09:00,18400.0,18950.0,18400.0,18550.0,76814.0
2022-04-01 00:00:00+09:00,18500.0,18650.0,18400.0,18450.0,38894.0
2022-04-04 00:00:00+09:00,18550.0,18600.0,18350.0,18500.0,26002.0
2022-04-05 00:00:00+09:00,18450.0,18600.0,18050.0,18200.0,88872.0
2022-04-06 00:00:00+09:00,18150.0,18150.0,17450.0,17500.0,147622.0
2022-04-07 00:00:00+09:00,17400.0,17900.0,17350.0,17800.0,95094.0
2022-04-08 00:00:00+09:00,17900.0,17900.0,17550.0,17650.0,40800.0
2022-04-11 00:00:00+09:00,17650.0,18150.0,17450.0,17900.0,66037.0
2022-04-12 00:00:00+09:00,17700.0,17750.0,17450.0,17500.0,56944.0
2022-04-13 00:00:00+09:00,17500.0,17850.0,17500.0,17850.0,48865.0
2022-04-14 00:00:00+09:00,17950.0,18850.0,17900.0,18850.0,225126.0
2022-04-15 00:00:00+09:00,19150.0,19550.0,18900.0,19300.0,268879.0
2022-04-18 00:00:00+09:00,19450.0,19450.0,18900.0,19150.0,90671.0
2022-04-19 00:00:00+09:00,19000.0,19300.0,18950.0,19150.0,103360.0
2022-04-20 00:00:00+09:00,19200.0,19650.0,19150.0,19450.0,149676.0
2022-04-21 00:00:00+09:00,19700.0,19700.0,19000.0,19150.0,129297.0
2022-04-22 00:00:00+09:00,19150.0,19350.0,18800.0,19150.0,77942.0
2022-04-25 00:00:00+09:00,18800.0,19000.0,18400.0,18400.0,102093.0
2022-04-26 00:00:00+09:00,18400.0,18600.0,18000.0,18300.0,99508.0
2022-04-27 00:00:00+09:00,17950.0,18000.0,17700.0,17800.0,72391.0
2022-04-28 00:00:00+09:00,17850.0,18600.0,17650.0,18550.0,114291.0
2022-04-29 00:00:00+09:00,18550.0,18650.0,18150.0,18250.0,61489.0
2022-05-02 00:00:00+09:00,18100.0,18600.0,17850.0,18450.0,67413.0
2022-05-03 00:00:00+09:00,18800.0,18800.0,18450.0,18550.0,80659.0
2022-05-04 00:00:00+09:00,18500.0,18750.0,18250.0,18250.0,61221.0
2022-05-06 00:00:00+09:00,18150.0,18200.0,17950.0,18050.0,50410.0
2022-05-09 00:00:00+09:00,18050.0,18050.0,17200.0,17200.0,126116.0
2022-05-10 00:00:00+09:00,16750.0,17050.0,16350.0,16900.0,103321.0
2022-05-11 00:00:00+09:00,17300.0,17300.0,16650.0,16900.0,71689.0
2022-05-12 00:00:00+09:00,16850.0,17050.0,16500.0,16550.0,82787.0
2022-05-13 00:00:00+09:00,16550.0,17150.0,16500.0,17050.0,66514.0
2022-05-16 00:00:00+09:00,17200.0,17300.0,17000.0,17250.0,42094.0
2022-05-17 00:00:00+09:00,17250.0,18350.0,17200.0,17450.0,144601.0
2022-05-18 00:00:00+09:00,17600.0,17750.0,17250.0,17350.0,80646.0
2022-05-19 00:00:00+09:00,17050.0,17150.0,16900.0,17050.0,66730.0
2022-05-20 00:00:00+09:00,17300.0,17700.0,17300.0,17350.0,77286.0
2022-05-23 00:00:00+09:00,17400.0,17400.0,17150.0,17150.0,56920.0
2022-05-24 00:00:00+09:00,17250.0,17450.0,17050.0,17050.0,54724.0
2022-05-25 00:00:00+09:00,17100.0,17400.0,16900.0,17150.0,52016.0
2022-05-26 00:00:00+09:00,17150.0,17400.0,17150.0,17350.0,49978.0
2022-05-27 00:00:00+09:00,17300.0,17750.0,17300.0,17500.0,61213.0
2022-05-30 00:00:00+09:00,17600.0,17900.0,17600.0,17650.0,35296.0
2022-05-31 00:00:00+09:00,17650.0,17750.0,17400.0,17550.0,50939.0
2022-06-02 00:00:00+09:00,17600.0,17700.0,17500.0,17600.0,49208.0
2022-06-03 00:00:00+09:00,17900.0,17950.0,17700.0,17900.0,56218.0
2022-06-07 00:00:00+09:00,18000.0,18100.0,17700.0,17800.0,45839.0
2022-06-08 00:00:00+09:00,17800.0,17850.0,17500.0,17500.0,44110.0
2022-06-09 00:00:00+09:00,17300.0,17600.0,17250.0,17250.0,48575.0
2022-06-10 00:00:00+09:00,17200.0,17600.0,17050.0,17600.0,39175.0
2022-06-13 00:00:00+09:00,17200.0,18100.0,16950.0,18000.0,265631.0
2022-06-14 00:00:00+09:00,17650.0,17900.0,17100.0,17900.0,142747.0
2022-06-15 00:00:00+09:00,17750.0,17800.0,17050.0,17050.0,115771.0
2022-06-16 00:00:00+09:00,17300.0,17400.0,16600.0,16750.0,111677.0
2022-06-17 00:00:00+09:00,16100.0,16400.0,15900.0,16250.0,84176.0
2022-06-20 00:00:00+09:00,16250.0,16300.0,15450.0,15450.0,72513.0
2022-06-21 00:00:00+09:00,15400.0,15950.0,15300.0,15600.0,45411.0
2022-06-22 00:00:00+09:00,15650.0,15700.0,14700.0,14700.0,46836.0
2022-06-23 00:00:00+09:00,14900.0,14900.0,13900.0,13900.0,103227.0
2022-06-24 00:00:00+09:00,13800.0,16050.0,13800.0,15150.0,148323.0
2022-06-27 00:00:00+09:00,15400.0,15850.0,15200.0,15450.0,28124.0
2022-06-28 00:00:00+09:00,15300.0,15650.0,15300.0,15450.0,20789.0
2022-06-29 00:00:00+09:00,15200.0,15400.0,15100.0,15350.0,21951.0
2022-06-30 00:00:00+09:00,15500.0,15500.0,15200.0,15350.0,19211.0
2022-07-01 00:00:00+09:00,15200.0,15600.0,15200.0,15250.0,13224.0
2022-07-04 00:00:00+09:00,15350.0,15350.0,15050.0,15050.0,32423.0
2022-07-05 00:00:00+09:00,15000.0,16000.0,15000.0,16000.0,52272.0
2022-07-06 00:00:00+09:00,15700.0,15700.0,15100.0,15150.0,32688.0
2022-07-07 00:00:00+09:00,15250.0,15250.0,14900.0,15000.0,44504.0
2022-07-08 00:00:00+09:00,15100.0,15650.0,15100.0,15100.0,46051.0
2022-07-11 00:00:00+09:00,15250.0,15250.0,14900.0,15000.0,26536.0
2022-07-12 00:00:00+09:00,14900.0,14900.0,14400.0,14450.0,31672.0
2022-07-13 00:00:00+09:00,14500.0,14750.0,14350.0,14400.0,24663.0
2022-07-14 00:00:00+09:00,14350.0,14450.0,14000.0,14250.0,45211.0
2022-07-15 00:00:00+09:00,14400.0,14400.0,13800.0,14200.0,53029.0
2022-07-18 00:00:00+09:00,14350.0,14550.0,14300.0,14550.0,33184.0
2022-07-19 00:00:00+09:00,14300.0,14850.0,14300.0,14700.0,32265.0
2022-07-20 00:00:00+09:00,15000.0,15050.0,14800.0,14800.0,41544.0
2022-07-21 00:00:00+09:00,14850.0,15000.0,14700.0,14850.0,35850.0
2022-07-22 00:00:00+09:00,14850.0,15050.0,14750.0,14900.0,36926.0
2022-07-25 00:00:00+09:00,14950.0,15000.0,14700.0,14750.0,43176.0
2022-07-26 00:00:00+09:00,14900.0,14900.0,14700.0,14750.0,27044.0
2022-07-27 00:00:00+09:00,14750.0,14800.0,14300.0,14700.0,45377.0
2022-07-28 00:00:00+09:00,14850.0,15100.0,14550.0,15100.0,93258.0
2022-07-29 00:00:00+09:00,15200.0,15550.0,14950.0,15550.0,62281.0
2022-08-01 00:00:00+09:00,15650.0,15700.0,15300.0,15500.0,31519.0
2022-08-02 00:00:00+09:00,15350.0,15450.0,14950.0,15200.0,46952.0
2022-08-03 00:00:00+09:00,15250.0,15300.0,15050.0,15250.0,27883.0
2022-08-04 00:00:00+09:00,15300.0,15450.0,15050.0,15100.0,23018.0
2022-08-05 00:00:00+09:00,15150.0,15400.0,15100.0,15300.0,33549.0
2022-08-08 00:00:00+09:00,15400.0,15450.0,15200.0,15350.0,13198.0
2022-08-09 00:00:00+09:00,15400.0,15700.0,15400.0,15450.0,33551.0
2022-08-10 00:00:00+09:00,15500.0,15650.0,15350.0,15550.0,33427.0
2022-08-11 00:00:00+09:00,15700.0,16350.0,15500.0,16300.0,106519.0
2022-08-12 00:00:00+09:00,16300.0,19000.0,16150.0,16900.0,462337.0
2022-08-16 00:00:00+09:00,17550.0,18150.0,17050.0,17350.0,168889.0
2022-08-17 00:00:00+09:00,17350.0,17550.0,16700.0,16800.0,74228.0
2022-08-18 00:00:00+09:00,16600.0,16700.0,16450.0,16550.0,31725.0
2022-08-19 00:00:00+09:00,16550.0,16550.0,16300.0,16450.0,29985.0
2022-08-22 00:00:00+09:00,16300.0,16300.0,15950.0,16200.0,35779.0
2022-08-23 00:00:00+09:00,15850.0,16350.0,15850.0,16100.0,34894.0
2022-08-24 00:00:00+09:00,16100.0,16300.0,16000.0,16150.0,18928.0
2022-08-25 00:00:00+09:00,16150.0,16450.0,16150.0,16400.0,24748.0
2022-08-26 00:00:00+09:00,16400.0,20350.0,16300.0,18050.0,3225489.0
2022-08-29 00:00:00+09:00,17650.0,21050.0,17300.0,19150.0,4783394.0
2022-08-30 00:00:00+09:00,19550.0,21200.0,19200.0,19450.0,2577928.0
2022-08-31 00:00:00+09:00,19650.0,19800.0,18450.0,18650.0,523351.0
2022-09-01 00:00:00+09:00,18550.0,20250.0,18150.0,18900.0,1409634.0
2022-09-02 00:00:00+09:00,19400.0,20850.0,19200.0,20000.0,1792148.0
2022-09-05 00:00:00+09:00,20350.0,22450.0,20150.0,21750.0,4275697.0
2022-09-06 00:00:00+09:00,21500.0,22150.0,21150.0,22050.0,928417.0
2022-09-07 00:00:00+09:00,21800.0,21800.0,20600.0,21100.0,805569.0
2022-09-08 00:00:00+09:00,21000.0,21050.0,19600.0,19650.0,858192.0
2022-09-13 00:00:00+09:00,19500.0,20000.0,19250.0,19700.0,425209.0
2022-09-14 00:00:00+09:00,18900.0,19250.0,18800.0,18950.0,455897.0
2022-09-15 00:00:00+09:00,19000.0,20750.0,18850.0,20300.0,814145.0
2022-09-16 00:00:00+09:00,20200.0,20450.0,19100.0,19350.0,505838.0
2022-09-19 00:00:00+09:00,19700.0,19900.0,18850.0,18850.0,310718.0
2022-09-20 00:00:00+09:00,18900.0,19250.0,18650.0,18650.0,219582.0
2022-09-21 00:00:00+09:00,18400.0,19400.0,18150.0,18750.0,360849.0
2022-09-22 00:00:00+09:00,18800.0,20200.0,18750.0,19750.0,689673.0
2022-09-23 00:00:00+09:00,20000.0,20850.0,19950.0,20050.0,808886.0
2022-09-26 00:00:00+09:00,20350.0,20900.0,18450.0,18700.0,616311.0
2022-09-27 00:00:00+09:00,18700.0,19200.0,18000.0,18450.0,320880.0
2022-09-28 00:00:00+09:00,18500.0,18700.0,16850.0,17150.0,606580.0
2022-09-29 00:00:00+09:00,17400.0,17550.0,16550.0,16650.0,381336.0
2022-09-30 00:00:00+09:00,16350.0,16550.0,15800.0,16250.0,348109.0
2022-10-04 00:00:00+09:00,16400.0,17600.0,16300.0,17550.0,344783.0
2022-10-05 00:00:00+09:00,18400.0,18850.0,17600.0,17750.0,516638.0
2022-10-06 00:00:00+09:00,17750.0,18250.0,17100.0,17600.0,416354.0
2022-10-07 00:00:00+09:00,17850.0,18100.0,17200.0,17200.0,656371.0
2022-10-11 00:00:00+09:00,16800.0,16850.0,15900.0,16150.0,397631.0
2022-10-12 00:00:00+09:00,16250.0,17650.0,16100.0,17200.0,791612.0
2022-10-13 00:00:00+09:00,16900.0,17350.0,16450.0,16550.0,279137.0
2022-10-14 00:00:00+09:00,17100.0,19900.0,16900.0,18650.0,2874268.0
2022-10-17 00:00:00+09:00,17300.0,17450.0,16350.0,16900.0,916654.0
2022-10-18 00:00:00+09:00,17100.0,17200.0,16650.0,17050.0,415140.0
2022-10-19 00:00:00+09:00,17050.0,17500.0,16650.0,16750.0,498994.0
2022-10-20 00:00:00+09:00,16750.0,17100.0,16250.0,16450.0,361733.0
2022-10-21 00:00:00+09:00,16400.0,16500.0,16200.0,16200.0,210221.0
2022-10-24 00:00:00+09:00,16400.0,16850.0,16350.0,16550.0,280900.0
2022-10-25 00:00:00+09:00,16700.0,16700.0,16100.0,16200.0,161085.0
2022-10-26 00:00:00+09:00,16300.0,16350.0,15700.0,15850.0,202629.0
2022-10-27 00:00:00+09:00,15850.0,16600.0,15800.0,16600.0,202231.0
2022-10-28 00:00:00+09:00,16500.0,16850.0,16250.0,16450.0,149312.0
2022-10-31 00:00:00+09:00,16650.0,16750.0,16450.0,16750.0,212992.0
2022-11-01 00:00:00+09:00,16750.0,18250.0,16550.0,17550.0,1064592.0
2022-11-02 00:00:00+09:00,18100.0,18350.0,17250.0,17600.0,638612.0
2022-11-03 00:00:00+09:00,17150.0,18700.0,16950.0,18300.0,696788.0
2022-11-04 00:00:00+09:00,18400.0,18400.0,17700.0,18200.0,386836.0
2022-11-07 00:00:00+09:00,18450.0,18900.0,18200.0,18350.0,397913.0
2022-11-08 00:00:00+09:00,18450.0,18700.0,18050.0,18400.0,246433.0
2022-11-09 00:00:00+09:00,18550.0,18800.0,18350.0,18600.0,324167.0
2022-11-10 00:00:00+09:00,18500.0,18850.0,18300.0,18750.0,232438.0
2022-11-11 00:00:00+09:00,19250.0,19750.0,18750.0,18950.0,956952.0
2022-11-14 00:00:00+09:00,18800.0,19050.0,18400.0,18950.0,237746.0
2022-11-15 00:00:00+09:00,19000.0,19250.0,18400.0,18750.0,407056.0
2022-11-16 00:00:00+09:00,18950.0,19300.0,18600.0,19250.0,293361.0
2022-11-17 00:00:00+09:00,19250.0,19250.0,18300.0,18600.0,268038.0
2022-11-18 00:00:00+09:00,18400.0,19000.0,18400.0,18800.0,220074.0
2022-11-21 00:00:00+09:00,18850.0,19150.0,18600.0,19000.0,189865.0
2022-11-22 00:00:00+09:00,18950.0,19350.0,18950.0,19150.0,165066.0
2022-11-23 00:00:00+09:00,19200.0,19650.0,19200.0,19350.0,280102.0
2022-11-24 00:00:00+09:00,19450.0,19550.0,18750.0,18900.0,184215.0
2022-11-25 00:00:00+09:00,18750.0,19150.0,18750.0,18950.0,127272.0
2022-11-28 00:00:00+09:00,19050.0,19450.0,18850.0,19000.0,199156.0
2022-11-29 00:00:00+09:00,18850.0,18950.0,18500.0,18900.0,105079.0
2022-11-30 00:00:00+09:00,18900.0,19500.0,18900.0,19250.0,195562.0
2022-12-01 00:00:00+09:00,19450.0,20050.0,19400.0,19900.0,297635.0
2022-12-02 00:00:00+09:00,19800.0,20100.0,19550.0,19550.0,152077.0
2022-12-05 00:00:00+09:00,19500.0,19600.0,19000.0,19300.0,106445.0
2022-12-06 00:00:00+09:00,18950.0,19200.0,18900.0,18950.0,79487.0
2022-12-07 00:00:00+09:00,18800.0,19800.0,18700.0,19300.0,259107.0
2022-12-08 00:00:00+09:00,19500.0,19550.0,19000.0,19300.0,108911.0
2022-12-09 00:00:00+09:00,19350.0,19600.0,19050.0,19300.0,94100.0
2022-12-12 00:00:00+09:00,19400.0,19400.0,18800.0,18950.0,106009.0
2022-12-13 00:00:00+09:00,19000.0,19000.0,18650.0,18650.0,114106.0
2022-12-14 00:00:00+09:00,18500.0,18750.0,18450.0,18600.0,76576.0
2022-12-15 00:00:00+09:00,18650.0,18850.0,18500.0,18600.0,61229.0
2022-12-16 00:00:00+09:00,18300.0,18500.0,18100.0,18400.0,86281.0
2022-12-19 00:00:00+09:00,18450.0,18600.0,18300.0,18500.0,57542.0
2022-12-20 00:00:00+09:00,18500.0,19050.0,18400.0,18900.0,147663.0
2022-12-21 00:00:00+09:00,18700.0,19100.0,18500.0,18700.0,83867.0
2022-12-22 00:00:00+09:00,18750.0,18850.0,18550.0,18650.0,62266.0
2022-12-23 00:00:00+09:00,18550.0,18600.0,17550.0,18100.0,189762.0
2022-12-26 00:00:00+09:00,18150.0,18350.0,17900.0,18300.0,122132.0
2022-12-27 00:00:00+09:00,18300.0,18900.0,18250.0,18900.0,153228.0
2022-12-28 00:00:00+09:00,18000.0,18250.0,17400.0,17400.0,260190.0
2022-12-29 00:00:00+09:00,17250.0,17300.0,16000.0,16300.0,210518.0
2023-01-02 00:00:00+09:00,16150.0,16250.0,15400.0,15400.0,172371.0
2023-01-03 00:00:00+09:00,15350.0,15600.0,15000.0,15400.0,105588.0
2023-01-04 00:00:00+09:00,15150.0,15750.0,15150.0,15550.0,77048.0
2023-01-05 00:00:00+09:00,15600.0,16500.0,15600.0,16350.0,109359.0
2023-01-06 00:00:00+09:00,16050.0,16700.0,15900.0,16500.0,85094.0
2023-01-09 00:00:00+09:00,16600.0,16850.0,16300.0,16450.0,69685.0
2023-01-10 00:00:00+09:00,16500.0,16950.0,16450.0,16650.0,62188.0
2023-01-11 00:00:00+09:00,16850.0,16900.0,16650.0,16700.0,54371.0
2023-01-12 00:00:00+09:00,16950.0,17250.0,16850.0,16900.0,77542.0
2023-01-13 00:00:00+09:00,17000.0,17050.0,16700.0,16750.0,58024.0
2023-01-16 00:00:00+09:00,16950.0,16950.0,16750.0,16750.0,52100.0
2023-01-17 00:00:00+09:00,16950.0,17000.0,16600.0,16850.0,42725.0
2023-01-18 00:00:00+09:00,16700.0,16700.0,16250.0,16250.0,78836.0
2023-01-19 00:00:00+09:00,16150.0,16600.0,16100.0,16450.0,55569.0
2023-01-20 00:00:00+09:00,16450.0,16550.0,16200.0,16500.0,47701.0
2023-01-25 00:00:00+09:00,16550.0,16590.0,16270.0,16280.0,68494.0
2023-01-26 00:00:00+09:00,16280.0,16480.0,16270.0,16480.0,63584.0
2023-01-27 00:00:00+09:00,16480.0,16590.0,16320.0,16570.0,61536.0
2023-01-30 00:00:00+09:00,16700.0,16700.0,16300.0,16300.0,58794.0
2023-01-31 00:00:00+09:00,16300.0,16460.0,16200.0,16400.0,43801.0
2023-02-01 00:00:00+09:00,16340.0,16500.0,16170.0,16200.0,86788.0
2023-02-02 00:00:00+09:00,16200.0,16290.0,16090.0,16110.0,137235.0
2023-02-03 00:00:00+09:00,16080.0,16150.0,16040.0,16100.0,96140.0
2023-02-06 00:00:00+09:00,16030.0,16150.0,15970.0,16050.0,62946.0
2023-02-07 00:00:00+09:00,16020.0,16130.0,15980.0,16110.0,72575.0
2023-02-08 00:00:00+09:00,16010.0,16060.0,15920.0,15960.0,120889.0
2023-02-09 00:00:00+09:00,15960.0,16030.0,15920.0,15970.0,47144.0
2023-02-10 00:00:00+09:00,15990.0,16060.0,15870.0,16020.0,59986.0
2023-02-13 00:00:00+09:00,16100.0,16450.0,16000.0,16450.0,162141.0
2023-02-14 00:00:00+09:00,16360.0,16540.0,16350.0,16400.0,75077.0
2023-02-15 00:00:00+09:00,16510.0,16900.0,16360.0,16840.0,164093.0
2023-02-16 00:00:00+09:00,16970.0,17220.0,16640.0,16850.0,107508.0
2023-02-17 00:00:00+09:00,16520.0,18650.0,16510.0,18150.0,653870.0
2023-02-20 00:00:00+09:00,18350.0,19200.0,18250.0,19170.0,461950.0
2023-02-21 00:00:00+09:00,19350.0,20000.0,19160.0,19460.0,400529.0
2023-02-22 00:00:00+09:00,19260.0,19660.0,19160.0,19550.0,210249.0
2023-02-23 00:00:00+09:00,19450.0,19450.0,18370.0,18770.0,161134.0
2023-02-24 00:00:00+09:00,18770.0,18970.0,18300.0,18370.0,89786.0
2023-02-27 00:00:00+09:00,23000.0,23850.0,23000.0,23850.0,1647705.0
2023-02-28 00:00:00+09:00,25300.0,25500.0,21500.0,22500.0,2211342.0
2023-03-02 00:00:00+09:00,22100.0,23450.0,21800.0,23000.0,676485.0
2023-03-03 00:00:00+09:00,23050.0,23750.0,22300.0,23500.0,474558.0
2023-03-06 00:00:00+09:00,23000.0,23400.0,22350.0,22500.0,299851.0
2023-03-07 00:00:00+09:00,22350.0,25000.0,22100.0,23750.0,964275.0
2023-03-08 00:00:00+09:00,23450.0,24700.0,21950.0,24700.0,597070.0
2023-03-09 00:00:00+09:00,24600.0,27500.0,24350.0,25400.0,1945688.0
2023-03-10 00:00:00+09:00,24850.0,25050.0,23450.0,24050.0,531619.0
2023-03-13 00:00:00+09:00,23300.0,23600.0,22300.0,22650.0,295773.0
2023-03-14 00:00:00+09:00,22300.0,22950.0,21250.0,21550.0,317086.0
2023-03-15 00:00:00+09:00,21950.0,22550.0,21600.0,21850.0,174987.0
2023-03-16 00:00:00+09:00,21600.0,21700.0,20100.0,21050.0,408228.0
2023-03-17 00:00:00+09:00,21200.0,21500.0,20550.0,20550.0,202894.0
2023-03-20 00:00:00+09:00,20450.0,22800.0,20350.0,22100.0,454110.0
2023-03-21 00:00:00+09:00,22250.0,23500.0,21950.0,22800.0,338191.0
2023-03-22 00:00:00+09:00,23050.0,23650.0,22500.0,23000.0,270238.0
2023-03-23 00:00:00+09:00,22800.0,23800.0,22000.0,23300.0,355191.0
2023-03-24 00:00:00+09:00,23500.0,24950.0,23150.0,24050.0,536274.0
2023-03-27 00:00:00+09:00,23900.0,25250.0,23200.0,24700.0,444527.0
2023-03-28 00:00:00+09:00,24800.0,25350.0,24000.0,24000.0,462519.0
2023-03-29 00:00:00+09:00,24150.0,25300.0,23450.0,24650.0,447620.0
2023-03-30 00:00:00+09:00,24450.0,24550.0,22450.0,22450.0,581764.0
2023-03-31 00:00:00+09:00,22450.0,23350.0,22300.0,22650.0,255195.0
2023-04-03 00:00:00+09:00,23150.0,23700.0,22800.0,23550.0,276280.0
2023-04-04 00:00:00+09:00,23800.0,23850.0,22900.0,23050.0,180552.0
2023-04-05 00:00:00+09:00,23050.0,23050.0,22200.0,22500.0,189082.0
2023-04-06 00:00:00+09:00,22350.0,22850.0,22000.0,22450.0,123636.0
2023-04-07 00:00:00+09:00,22500.0,23350.0,22350.0,23200.0,147364.0
2023-04-10 00:00:00+09:00,23650.0,23700.0,22750.0,23300.0,221825.0
2023-04-11 00:00:00+09:00,23500.0,24950.0,23150.0,24450.0,489994.0
2023-04-12 00:00:00+09:00,25000.0,26200.0,24200.0,24450.0,766829.0
2023-04-13 00:00:00+09:00,24350.0,25250.0,23400.0,25000.0,240052.0
2023-04-14 00:00:00+09:00,25800.0,26200.0,25050.0,25500.0,480171.0
2023-04-17 00:00:00+09:00,26300.0,27150.0,25500.0,26250.0,816495.0
2023-04-18 00:00:00+09:00,26050.0,26050.0,24600.0,24750.0,410073.0
2023-04-19 00:00:00+09:00,24850.0,25400.0,24650.0,25050.0,164224.0
2023-04-20 00:00:00+09:00,25050.0,26500.0,24750.0,25600.0,528474.0
2023-04-21 00:00:00+09:00,24950.0,25000.0,23350.0,23650.0,560674.0
2023-04-24 00:00:00+09:00,23700.0,24550.0,23350.0,24000.0,183593.0
2023-04-25 00:00:00+09:00,24250.0,24500.0,23550.0,24200.0,158471.0
2023-04-26 00:00:00+09:00,24050.0,24200.0,23100.0,23100.0,185208.0
2023-04-27 00:00:00+09:00,22900.0,23900.0,22500.0,23700.0,121991.0
2023-04-28 00:00:00+09:00,24300.0,24300.0,23100.0,23150.0,110665.0
2023-05-02 00:00:00+09:00,22900.0,23450.0,22750.0,22750.0,431966.0
2023-05-03 00:00:00+09:00,22800.0,24550.0,22800.0,23700.0,356955.0
2023-05-04 00:00:00+09:00,24250.0,24800.0,23950.0,24700.0,400846.0
2023-05-08 00:00:00+09:00,24500.0,24500.0,23100.0,23100.0,260146.0
2023-05-09 00:00:00+09:00,22750.0,23800.0,22750.0,23550.0,126624.0
2023-05-10 00:00:00+09:00,23550.0,23800.0,22850.0,23100.0,79119.0
2023-05-11 00:00:00+09:00,23100.0,23400.0,23000.0,23100.0,67231.0
2023-05-12 00:00:00+09:00,22950.0,23350.0,22750.0,23200.0,94329.0
2023-05-15 00:00:00+09:00,23300.0,23350.0,22800.0,23000.0,78171.0
2023-05-16 00:00:00+09:00,22900.0,23550.0,22850.0,23150.0,100914.0
2023-05-17 00:00:00+09:00,23200.0,23900.0,23050.0,23600.0,124540.0
2023-05-18 00:00:00+09:00,23600.0,24450.0,23600.0,24450.0,158060.0
2023-05-19 00:00:00+09:00,24700.0,25500.0,24200.0,24350.0,229001.0
2023-05-22 00:00:00+09:00,24350.0,24350.0,23700.0,23850.0,111023.0
2023-05-23 00:00:00+09:00,24000.0,25000.0,23950.0,24500.0,215402.0
2023-05-24 00:00:00+09:00,24450.0,25000.0,24100.0,24600.0,117874.0
2023-05-25 00:00:00+09:00,24600.0,24800.0,24250.0,24600.0,117459.0
2023-05-26 00:00:00+09:00,24600.0,24600.0,23800.0,24000.0,114932.0
2023-05-30 00:00:00+09:00,24050.0,24200.0,23450.0,23800.0,88421.0
2023-05-31 00:00:00+09:00,24000.0,24850.0,23800.0,24150.0,306389.0
2023-06-01 00:00:00+09:00,24200.0,25350.0,24200.0,25250.0,328790.0
2023-06-02 00:00:00+09:00,25450.0,25950.0,24950.0,25600.0,204865.0
2023-06-05 00:00:00+09:00,25600.0,25750.0,25100.0,25400.0,126021.0
2023-06-07 00:00:00+09:00,25650.0,26100.0,25400.0,25850.0,172147.0
2023-06-08 00:00:00+09:00,25700.0,26100.0,25200.0,25200.0,98300.0
2023-06-09 00:00:00+09:00,25500.0,25500.0,24550.0,24850.0,176414.0
2023-06-12 00:00:00+09:00,24850.0,24900.0,24250.0,24400.0,92113.0
2023-06-13 00:00:00+09:00,24450.0,24650.0,23650.0,23700.0,239197.0
2023-06-14 00:00:00+09:00,23850.0,24250.0,23200.0,23550.0,157453.0
2023-06-15 00:00:00+09:00,23600.0,23700.0,23050.0,23250.0,98735.0
2023-06-16 00:00:00+09:00,23200.0,23500.0,23200.0,23200.0,77127.0
2023-06-19 00:00:00+09:00,23250.0,23400.0,22000.0,23400.0,122642.0
2023-06-20 00:00:00+09:00,23400.0,23400.0,22700.0,22750.0,95409.0
2023-06-21 00:00:00+09:00,22850.0,22950.0,22400.0,22700.0,101158.0
2023-06-22 00:00:00+09:00,22700.0,22700.0,22100.0,22200.0,111854.0
2023-06-23 00:00:00+09:00,22300.0,23000.0,22250.0,23000.0,109476.0
2023-06-26 00:00:00+09:00,22950.0,23050.0,22300.0,22800.0,89223.0
2023-06-27 00:00:00+09:00,23100.0,24350.0,23100.0,24250.0,266202.0
2023-06-28 00:00:00+09:00,24250.0,25250.0,23900.0,25000.0,370824.0
2023-06-29 00:00:00+09:00,25050.0,25300.0,24750.0,25150.0,194124.0
2023-06-30 00:00:00+09:00,25250.0,25800.0,25000.0,25750.0,230432.0
2023-07-03 00:00:00+09:00,25600.0,25850.0,25400.0,25700.0,127460.0
2023-07-04 00:00:00+09:00,25450.0,25500.0,24750.0,25350.0,132639.0
2023-07-05 00:00:00+09:00,25050.0,25300.0,24500.0,24750.0,126965.0
2023-07-06 00:00:00+09:00,24750.0,26200.0,24450.0,25550.0,286380.0
2023-07-07 00:00:00+09:00,25700.0,25850.0,24850.0,25350.0,93860.0
2023-07-10 00:00:00+09:00,25450.0,26700.0,25150.0,26150.0,208832.0
2023-07-11 00:00:00+09:00,26400.0,26700.0,25850.0,26700.0,240158.0
2023-07-12 00:00:00+09:00,27250.0,29350.0,26750.0,29350.0,786375.0
2023-07-13 00:00:00+09:00,29450.0,29550.0,27850.0,28450.0,416107.0
2023-07-14 00:00:00+09:00,28600.0,29750.0,28500.0,29350.0,332493.0
2023-07-17 00:00:00+09:00,29150.0,29250.0,27900.0,27950.0,212829.0
2023-07-18 00:00:00+09:00,27950.0,28800.0,27750.0,27900.0,176753.0
2023-07-19 00:00:00+09:00,27800.0,29100.0,27800.0,28600.0,234989.0
2023-07-20 00:00:00+09:00,28100.0,28900.0,27850.0,28700.0,127834.0
2023-07-21 00:00:00+09:00,28150.0,28900.0,28000.0,28850.0,110890.0
2023-07-24 00:00:00+09:00,29000.0,29400.0,28100.0,28500.0,192306.0
2023-07-25 00:00:00+09:00,28350.0,29150.0,28100.0,28850.0,130288.0
2023-07-26 00:00:00+09:00,28900.0,29100.0,26150.0,27350.0,253127.0
2023-07-27 00:00:00+09:00,27250.0,29800.0,27200.0,28950.0,336167.0
2023-07-28 00:00:00+09:00,29050.0,29300.0,28000.0,28000.0,132459.0
2023-07-31 00:00:00+09:00,28450.0,28700.0,27800.0,28100.0,96570.0
2023-08-01 00:00:00+09:00,28050.0,28450.0,26500.0,26600.0,234342.0
2023-08-02 00:00:00+09:00,26600.0,26850.0,25600.0,26050.0,213938.0
2023-08-03 00:00:00+09:00,25900.0,26500.0,25550.0,25900.0,141368.0
2023-08-04 00:00:00+09:00,26500.0,26850.0,24700.0,24750.0,297324.0
2023-08-07 00:00:00+09:00,24700.0,25150.0,24500.0,24550.0,119357.0
2023-08-08 00:00:00+09:00,24700.0,25200.0,24250.0,25100.0,151765.0
2023-08-09 00:00:00+09:00,25100.0,25300.0,24200.0,24700.0,187937.0
2023-08-10 00:00:00+09:00,24600.0,24650.0,24000.0,24100.0,111744.0
2023-08-11 00:00:00+09:00,24100.0,24300.0,23750.0,24100.0,113501.0
2023-08-14 00:00:00+09:00,24000.0,24200.0,23500.0,24150.0,86922.0
2023-08-16 00:00:00+09:00,24050.0,24050.0,22900.0,23150.0,125351.0
2023-08-17 00:00:00+09:00,22900.0,23100.0,22050.0,22750.0,115567.0
2023-08-18 00:00:00+09:00,22350.0,23200.0,22350.0,22950.0,51939.0
2023-08-21 00:00:00+09:00,22750.0,23500.0,22750.0,22800.0,47390.0
2023-08-22 00:00:00+09:00,22850.0,23000.0,22600.0,22700.0,46525.0
2023-08-23 00:00:00+09:00,22700.0,22900.0,22550.0,22700.0,56444.0
2023-08-24 00:00:00+09:00,22800.0,23150.0,22600.0,23050.0,50157.0
2023-08-25 00:00:00+09:00,22900.0,23300.0,22650.0,22750.0,38052.0
2023-08-28 00:00:00+09:00,22850.0,23550.0,22750.0,23500.0,54100.0
2023-08-29 00:00:00+09:00,23700.0,23750.0,23300.0,23650.0,38889.0
2023-08-30 00:00:00+09:00,24000.0,24000.0,22900.0,23350.0,55660.0
2023-08-31 00:00:00+09:00,23450.0,23600.0,22950.0,23600.0,65581.0
2023-09-01 00:00:00+09:00,23650.0,23650.0,22950.0,23000.0,76844.0
2023-09-04 00:00:00+09:00,23200.0,23700.0,22950.0,23550.0,34743.0
2023-09-05 00:00:00+09:00,23900.0,23900.0,23200.0,23450.0,49894.0
2023-09-06 00:00:00+09:00,23500.0,23500.0,22500.0,22600.0,111641.0
2023-09-07 00:00:00+09:00,22400.0,22900.0,22300.0,22800.0,68336.0
2023-09-08 00:00:00+09:00,22600.0,23200.0,22600.0,23000.0,39571.0
2023-09-11 00:00:00+09:00,23100.0,23550.0,23000.0,23450.0,64756.0
2023-09-12 00:00:00+09:00,23500.0,23550.0,22800.0,22850.0,43452.0
2023-09-13 00:00:00+09:00,22850.0,23050.0,22550.0,23050.0,37261.0
2023-09-14 00:00:00+09:00,23200.0,23200.0,22700.0,22850.0,44411.0
2023-09-15 00:00:00+09:00,23100.0,24150.0,22950.0,23850.0,147435.0
2023-09-18 00:00:00+09:00,24050.0,24550.0,23700.0,23850.0,110299.0
2023-09-19 00:00:00+09:00,23950.0,24750.0,23950.0,24700.0,194844.0
2023-09-20 00:00:00+09:00,25000.0,25250.0,24400.0,24400.0,212035.0
2023-09-21 00:00:00+09:00,24450.0,24900.0,23550.0,23600.0,138664.0
2023-09-22 00:00:00+09:00,23400.0,25000.0,23350.0,25000.0,210568.0
2023-09-25 00:00:00+09:00,25250.0,25400.0,24050.0,24050.0,191121.0
2023-09-26 00:00:00+09:00,24200.0,24800.0,23850.0,23900.0,99076.0
2023-09-27 00:00:00+09:00,23600.0,24600.0,23550.0,24600.0,83593.0
2023-10-04 00:00:00+09:00,24450.0,24500.0,22950.0,23000.0,99268.0
2023-10-05 00:00:00+09:00,23400.0,23500.0,22950.0,23300.0,53577.0
2023-10-06 00:00:00+09:00,23050.0,23650.0,22850.0,22850.0,96312.0
2023-10-10 00:00:00+09:00,22900.0,23550.0,22700.0,22850.0,89348.0
2023-10-11 00:00:00+09:00,23100.0,23450.0,22950.0,23100.0,70609.0
2023-10-12 00:00:00+09:00,23250.0,23450.0,22950.0,23000.0,72302.0
2023-10-13 00:00:00+09:00,23000.0,23050.0,22600.0,22700.0,62554.0
2023-10-16 00:00:00+09:00,22500.0,22500.0,21400.0,22050.0,114313.0
2023-10-17 00:00:00+09:00,22100.0,22450.0,21400.0,21450.0,97422.0
2023-10-18 00:00:00+09:00,21250.0,22100.0,21250.0,21450.0,121133.0
2023-10-19 00:00:00+09:00,21000.0,21700.0,21000.0,21400.0,48050.0
2023-10-20 00:00:00+09:00,21300.0,21450.0,20300.0,20500.0,72284.0
2023-10-23 00:00:00+09:00,20200.0,20950.0,20200.0,20800.0,34582.0
2023-10-24 00:00:00+09:00,20800.0,21250.0,20300.0,20950.0,70579.0
2023-10-25 00:00:00+09:00,21250.0,21300.0,20900.0,21100.0,28368.0
2023-10-26 00:00:00+09:00,20950.0,20950.0,20300.0,20400.0,35904.0
2023-10-27 00:00:00+09:00,20400.0,21800.0,20200.0,21450.0,87816.0
2023-10-30 00:00:00+09:00,21500.0,22750.0,21100.0,22400.0,72515.0
2023-10-31 00:00:00+09:00,22500.0,22500.0,21500.0,21750.0,42034.0
2023-11-01 00:00:00+09:00,21800.0,22450.0,21800.0,22200.0,34479.0
2023-11-02 00:00:00+09:00,22050.0,23450.0,22000.0,23150.0,132743.0
2023-11-03 00:00:00+09:00,23000.0,23000.0,21100.0,21300.0,285428.0
2023-11-06 00:00:00+09:00,21550.0,21550.0,21200.0,21450.0,106687.0
2023-11-07 00:00:00+09:00,21550.0,22250.0,21300.0,22150.0,174411.0
2023-11-08 00:00:00+09:00,22250.0,22550.0,22100.0,22300.0,104980.0
2023-11-09 00:00:00+09:00,22200.0,22800.0,22150.0,22650.0,135823.0
2023-11-10 00:00:00+09:00,22500.0,22650.0,22050.0,22100.0,97455.0
2023-11-13 00:00:00+09:00,22250.0,23250.0,22100.0,22650.0,107206.0
2023-11-14 00:00:00+09:00,22600.0,24100.0,22600.0,23750.0,264593.0
2023-11-15 00:00:00+09:00,23900.0,25500.0,23800.0,24750.0,393712.0
2023-11-16 00:00:00+09:00,24900.0,29500.0,24350.0,24500.0,2268276.0
2023-11-17 00:00:00+09:00,24450.0,25250.0,23600.0,23950.0,406597.0
2023-11-20 00:00:00+09:00,23700.0,24450.0,23450.0,23600.0,258818.0
2023-11-21 00:00:00+09:00,23600.0,25950.0,23550.0,25550.0,618566.0
2023-11-22 00:00:00+09:00,25500.0,25550.0,25000.0,25250.0,140130.0
2023-11-23 00:00:00+09:00,25050.0,26300.0,24850.0,25800.0,335898.0
2023-11-24 00:00:00+09:00,26900.0,27700.0,26200.0,27100.0,1114019.0
2023-11-27 00:00:00+09:00,27000.0,27200.0,25250.0,26500.0,603737.0
2023-11-28 00:00:00+09:00,26400.0,26700.0,25300.0,25650.0,288852.0
2023-11-29 00:00:00+09:00,25900.0,25900.0,24950.0,25150.0,191679.0
2023-11-30 00:00:00+09:00,25000.0,26100.0,24300.0,24600.0,358727.0
2023-12-01 00:00:00+09:00,24650.0,25900.0,24250.0,25400.0,288392.0
2023-12-04 00:00:00+09:00,25400.0,25800.0,25000.0,25250.0,87859.0
2023-12-05 00:00:00+09:00,25250.0,26250.0,24700.0,24850.0,280832.0
2023-12-06 00:00:00+09:00,25100.0,25200.0,24800.0,24900.0,64347.0
2023-12-07 00:00:00+09:00,24950.0,24950.0,24300.0,24550.0,85859.0
2023-12-08 00:00:00+09:00,24500.0,25650.0,24500.0,25550.0,149956.0
2023-12-11 00:00:00+09:00,25650.0,26550.0,25350.0,26300.0,164399.0
2023-12-12 00:00:00+09:00,26100.0,26700.0,25900.0,25950.0,188088.0
2023-12-13 00:00:00+09:00,25900.0,27100.0,25900.0,26600.0,289188.0
2023-12-14 00:00:00+09:00,27000.0,27250.0,26300.0,26800.0,510963.0
2023-12-15 00:00:00+09:00,26800.0,27750.0,26350.0,26400.0,236241.0
2023-12-18 00:00:00+09:00,26150.0,27600.0,26050.0,27250.0,282096.0
2023-12-19 00:00:00+09:00,27500.0,27550.0,25300.0,25300.0,357830.0
2023-12-20 00:00:00+09:00,25500.0,26300.0,25200.0,26100.0,162942.0
2023-12-21 00:00:00+09:00,25750.0,26150.0,25500.0,25950.0,81135.0
2023-12-22 00:00:00+09:00,26000.0,26050.0,25450.0,25750.0,102995.0
2023-12-26 00:00:00+09:00,26000.0,26100.0,25450.0,25800.0,138249.0
2023-12-27 00:00:00+09:00,25200.0,25250.0,24050.0,24200.0,261614.0
2023-12-28 00:00:00+09:00,24300.0,24950.0,24300.0,24850.0,106841.0
2024-01-02 00:00:00+09:00,24500.0,24850.0,24100.0,24300.0,108063.0
2024-01-03 00:00:00+09:00,24050.0,24200.0,22650.0,22900.0,342689.0
2024-01-04 00:00:00+09:00,22950.0,25000.0,22600.0,22950.0,184290.0
2024-01-05 00:00:00+09:00,23250.0,24400.0,23250.0,23700.0,194912.0
2024-01-08 00:00:00+09:00,24200.0,24200.0,23350.0,23350.0,85316.0
2024-01-09 00:00:00+09:00,23550.0,23700.0,23150.0,23450.0,93213.0
2024-01-10 00:00:00+09:00,23300.0,23600.0,23150.0,23350.0,110551.0
2024-01-11 00:00:00+09:00,23550.0,23600.0,22400.0,22400.0,176630.0
2024-01-12 00:00:00+09:00,22450.0,22600.0,21700.0,22150.0,127336.0
2024-01-15 00:00:00+09:00,22200.0,22250.0,21600.0,21650.0,121593.0
2024-01-16 00:00:00+09:00,21650.0,21750.0,21200.0,21400.0,73585.0
2024-01-17 00:00:00+09:00,21450.0,21500.0,20700.0,20800.0,120244.0
2024-01-18 00:00:00+09:00,21000.0,21050.0,20200.0,20250.0,126967.0
2024-01-19 00:00:00+09:00,20500.0,20850.0,20250.0,20400.0,111328.0
2024-01-22 00:00:00+09:00,20600.0,20600.0,19990.0,20200.0,69355.0
2024-01-23 00:00:00+09:00,20200.0,20400.0,20050.0,20250.0,55452.0
2024-01-24 00:00:00+09:00,20250.0,20250.0,19980.0,20100.0,67847.0
2024-01-25 00:00:00+09:00,20300.0,20700.0,19990.0,20600.0,114632.0
2024-01-26 00:00:00+09:00,20600.0,21650.0,20500.0,21100.0,182043.0
2024-01-29 00:00:00+09:00,21100.0,22450.0,21050.0,22000.0,267648.0
2024-01-30 00:00:00+09:00,22200.0,22400.0,21800.0,21800.0,120205.0
2024-01-31 00:00:00+09:00,21400.0,22200.0,21350.0,21950.0,113580.0
2024-02-01 00:00:00+09:00,21850.0,23200.0,21850.0,22900.0,267642.0
2024-02-02 00:00:00+09:00,23050.0,23050.0,22400.0,22750.0,162782.0
2024-02-05 00:00:00+09:00,22950.0,23400.0,22650.0,22900.0,132368.0
2024-02-06 00:00:00+09:00,22950.0,23300.0,22450.0,22900.0,164030.0
2024-02-07 00:00:00+09:00,23000.0,24250.0,22600.0,24050.0,213372.0
2024-02-08 00:00:00+09:00,23950.0,25300.0,23500.0,24900.0,350136.0
2024-02-13 00:00:00+09:00,24950.0,25250.0,24650.0,24900.0,206652.0
2024-02-14 00:00:00+09:00,24900.0,25650.0,24650.0,24950.0,274137.0
2024-02-15 00:00:00+09:00,24950.0,25150.0,24450.0,24800.0,108533.0
2024-02-16 00:00:00+09:00,24600.0,25400.0,24400.0,25050.0,162473.0
2024-02-19 00:00:00+09:00,25050.0,25500.0,24650.0,24900.0,140939.0
2024-02-20 00:00:00+09:00,25000.0,25150.0,24600.0,25100.0,126078.0
2024-02-21 00:00:00+09:00,25300.0,25800.0,24100.0,24600.0,254701.0
2024-02-22 00:00:00+09:00,24600.0,24600.0,23900.0,24450.0,159693.0
2024-02-23 00:00:00+09:00,24450.0,26450.0,24400.0,26300.0,576030.0
2024-02-26 00:00:00+09:00,26000.0,27350.0,25950.0,26200.0,320393.0
2024-02-27 00:00:00+09:00,26200.0,27000.0,25500.0,26000.0,211634.0
2024-02-28 00:00:00+09:00,26000.0,26550.0,25750.0,26050.0,232303.0
2024-02-29 00:00:00+09:00,25900.0,26200.0,25600.0,25800.0,170903.0
2024-03-04 00:00:00+09:00,25650.0,25800.0,23400.0,24150.0,347148.0
2024-03-05 00:00:00+09:00,24000.0,24350.0,23700.0,23850.0,141120.0
2024-03-06 00:00:00+09:00,24100.0,25200.0,23800.0,24200.0,454462.0
2024-03-07 00:00:00+09:00,24550.0,24700.0,22550.0,22950.0,476470.0
2024-03-08 00:00:00+09:00,23300.0,23750.0,23050.0,23500.0,226930.0
2024-03-11 00:00:00+09:00,23500.0,23500.0,22650.0,22950.0,187733.0
2024-03-12 00:00:00+09:00,23200.0,24050.0,22950.0,23850.0,140924.0
2024-03-13 00:00:00+09:00,24100.0,24100.0,23400.0,23650.0,105725.0
2024-03-14 00:00:00+09:00,23550.0,24000.0,23250.0,23300.0,107440.0
2024-03-15 00:00:00+09:00,23300.0,23450.0,22900.0,22900.0,86851.0
2024-03-18 00:00:00+09:00,22700.0,23500.0,22700.0,23050.0,101728.0
2024-03-19 00:00:00+09:00,23050.0,24100.0,22950.0,23400.0,167868.0
2024-03-20 00:00:00+09:00,23650.0,24200.0,23550.0,24000.0,127831.0
2024-03-21 00:00:00+09:00,24200.0,24200.0,23550.0,23900.0,94615.0
2024-03-22 00:00:00+09:00,23700.0,23700.0,23200.0,23250.0,99698.0
2024-03-25 00:00:00+09:00,23100.0,23250.0,22850.0,23100.0,70677.0
2024-03-26 00:00:00+09:00,23300.0,23800.0,23100.0,23350.0,132015.0
2024-03-27 00:00:00+09:00,23300.0,23400.0,22500.0,22900.0,135260.0
2024-03-28 00:00:00+09:00,23000.0,23000.0,22500.0,22650.0,153984.0
2024-03-29 00:00:00+09:00,22900.0,23100.0,22750.0,22800.0,66410.0
2024-04-01 00:00:00+09:00,22850.0,23650.0,22500.0,23200.0,128725.0
2024-04-02 00:00:00+09:00,23050.0,23100.0,22500.0,22550.0,120940.0
2024-04-03 00:00:00+09:00,22550.0,22550.0,22000.0,22200.0,96279.0
2024-04-04 00:00:00+09:00,22350.0,22350.0,21900.0,22150.0,97306.0
2024-04-05 00:00:00+09:00,21900.0,22050.0,21150.0,21800.0,157218.0
2024-04-08 00:00:00+09:00,21650.0,21750.0,21400.0,21400.0,76230.0
2024-04-09 00:00:00+09:00,21700.0,22450.0,21400.0,22300.0,124282.0
2024-04-11 00:00:00+09:00,21850.0,22250.0,21750.0,21900.0,69389.0
2024-04-12 00:00:00+09:00,21750.0,22000.0,21750.0,21800.0,49707.0
2024-04-15 00:00:00+09:00,21600.0,21800.0,21350.0,21500.0,40120.0
2024-04-16 00:00:00+09:00,21250.0,21450.0,20800.0,20950.0,98113.0
2024-04-17 00:00:00+09:00,20800.0,21050.0,20350.0,20350.0,126679.0
2024-04-18 00:00:00+09:00,20450.0,21300.0,20450.0,20450.0,150978.0
2024-04-19 00:00:00+09:00,20450.0,20550.0,19990.0,20550.0,107115.0
2024-04-22 00:00:00+09:00,20750.0,21000.0,20600.0,20850.0,54828.0
2024-04-23 00:00:00+09:00,20850.0,21250.0,20800.0,21150.0,59226.0
2024-04-24 00:00:00+09:00,21400.0,21400.0,20900.0,21100.0,48395.0
2024-04-25 00:00:00+09:00,20900.0,21700.0,20800.0,21650.0,97850.0
2024-04-26 00:00:00+09:00,21500.0,21800.0,21250.0,21300.0,74228.0
2024-04-29 00:00:00+09:00,21400.0,22200.0,21300.0,22200.0,97369.0
2024-04-30 00:00:00+09:00,22000.0,22250.0,21800.0,22200.0,70189.0
2024-05-02 00:00:00+09:00,21950.0,22000.0,21250.0,21350.0,94385.0
2024-05-03 00:00:00+09:00,21650.0,22850.0,21400.0,22450.0,255935.0
2024-05-07 00:00:00+09:00,22450.0,22650.0,22200.0,22250.0,83472.0
2024-05-08 00:00:00+09:00,22400.0,22650.0,21900.0,22450.0,80235.0
2024-05-09 00:00:00+09:00,22550.0,22550.0,21900.0,21950.0,68842.0
2024-05-10 00:00:00+09:00,22200.0,22750.0,22000.0,22050.0,75756.0
2024-05-13 00:00:00+09:00,22100.0,22300.0,21900.0,22050.0,50004.0
2024-05-14 00:00:00+09:00,22300.0,23950.0,22200.0,23850.0,411115.0
2024-05-16 00:00:00+09:00,24050.0,25700.0,23200.0,24550.0,472213.0
2024-05-17 00:00:00+09:00,24350.0,24500.0,23250.0,23800.0,199240.0
2024-05-20 00:00:00+09:00,23900.0,24850.0,23800.0,23850.0,81697.0
2024-05-21 00:00:00+09:00,23950.0,24050.0,23200.0,23300.0,126452.0
2024-05-22 00:00:00+09:00,23300.0,24050.0,23050.0,23500.0,143081.0
2024-05-23 00:00:00+09:00,23450.0,24000.0,23250.0,23650.0,85875.0
2024-05-24 00:00:00+09:00,23700.0,23850.0,23100.0,23250.0,78420.0
2024-05-27 00:00:00+09:00,23300.0,23700.0,23150.0,23500.0,65554.0
2024-05-28 00:00:00+09:00,23400.0,23400.0,22750.0,22800.0,106519.0
2024-05-29 00:00:00+09:00,22600.0,23000.0,22500.0,22900.0,69124.0
2024-05-30 00:00:00+09:00,22600.0,22750.0,22100.0,22200.0,82172.0
2024-05-31 00:00:00+09:00,22250.0,22800.0,22200.0,22800.0,61077.0
2024-06-03 00:00:00+09:00,22750.0,22950.0,22550.0,22850.0,53156.0
2024-06-04 00:00:00+09:00,22600.0,23150.0,22550.0,22600.0,92164.0
2024-06-05 00:00:00+09:00,22450.0,23600.0,22200.0,22700.0,183912.0
2024-06-07 00:00:00+09:00,22800.0,23150.0,22150.0,22250.0,126415.0
2024-06-10 00:00:00+09:00,22100.0,22300.0,21550.0,21600.0,107397.0
2024-06-11 00:00:00+09:00,21650.0,21800.0,21000.0,21100.0,177301.0
2024-06-12 00:00:00+09:00,21000.0,21450.0,20850.0,21150.0,85705.0
2024-06-13 00:00:00+09:00,21150.0,21300.0,20800.0,21050.0,120683.0
2024-06-14 00:00:00+09:00,20900.0,21050.0,20700.0,20750.0,105195.0
2024-06-17 00:00:00+09:00,20750.0,20900.0,20450.0,20850.0,122644.0
2024-06-18 00:00:00+09:00,20850.0,21750.0,20700.0,21750.0,195391.0
2024-06-19 00:00:00+09:00,21750.0,21800.0,20950.0,21150.0,119503.0
2024-06-20 00:00:00+09:00,21150.0,21150.0,20700.0,20850.0,111033.0
2024-06-21 00:00:00+09:00,20850.0,21050.0,20700.0,20900.0,81058.0
2024-06-24 00:00:00+09:00,20950.0,20950.0,20500.0,20700.0,91614.0
2024-06-25 00:00:00+09:00,20700.0,21150.0,20600.0,20900.0,76844.0
2024-06-26 00:00:00+09:00,20700.0,20850.0,20400.0,20400.0,110772.0
2024-06-27 00:00:00+09:00,20300.0,20450.0,20100.0,20300.0,75219.0
2024-06-28 00:00:00+09:00,20500.0,20900.0,20300.0,20750.0,66248.0
2024-07-01 00:00:00+09:00,20750.0,20750.0,20400.0,20750.0,53894.0
2024-07-02 00:00:00+09:00,20750.0,21000.0,20200.0,20300.0,106300.0
2024-07-03 00:00:00+09:00,20550.0,20550.0,20050.0,20250.0,137995.0
2024-07-04 00:00:00+09:00,20150.0,20400.0,20050.0,20200.0,96059.0
2024-07-05 00:00:00+09:00,20200.0,20300.0,20000.0,20100.0,87521.0
2024-07-08 00:00:00+09:00,20050.0,20150.0,19700.0,19820.0,143929.0
2024-07-09 00:00:00+09:00,19900.0,19950.0,19600.0,19600.0,91896.0
2024-07-10 00:00:00+09:00,19900.0,21100.0,19710.0,19710.0,204254.0
2024-07-11 00:00:00+09:00,19930.0,20350.0,19820.0,20250.0,105735.0
2024-07-12 00:00:00+09:00,20300.0,20600.0,20100.0,20500.0,114895.0
2024-07-15 00:00:00+09:00,20600.0,20900.0,20350.0,20750.0,91845.0
2024-07-16 00:00:00+09:00,20800.0,20900.0,20250.0,20300.0,99121.0
2024-07-17 00:00:00+09:00,20350.0,20600.0,20200.0,20350.0,79631.0
2024-07-18 00:00:00+09:00,20450.0,21100.0,20150.0,21000.0,259298.0
2024-07-19 00:00:00+09:00,20900.0,20950.0,20250.0,20400.0,78060.0
2024-07-22 00:00:00+09:00,20450.0,20450.0,19950.0,20050.0,93284.0
2024-07-23 00:00:00+09:00,20000.0,20200.0,19940.0,19980.0,47840.0
2024-07-24 00:00:00+09:00,19960.0,19980.0,19550.0,19660.0,97852.0
2024-07-25 00:00:00+09:00,19550.0,19550.0,19140.0,19240.0,125233.0
2024-07-26 00:00:00+09:00,19230.0,19360.0,19100.0,19160.0,72540.0
2024-07-29 00:00:00+09:00,19160.0,19430.0,19120.0,19160.0,45384.0
2024-07-30 00:00:00+09:00,19150.0,19220.0,18800.0,18830.0,83233.0
2024-07-31 00:00:00+09:00,18830.0,19020.0,18750.0,18940.0,51536.0
2024-08-01 00:00:00+09:00,18910.0,20200.0,18910.0,19900.0,163625.0
2024-08-02 00:00:00+09:00,20000.0,20000.0,19370.0,19480.0,88209.0
2024-08-05 00:00:00+09:00,19190.0,19430.0,16640.0,17380.0,205537.0
2024-08-06 00:00:00+09:00,17540.0,18560.0,17540.0,18060.0,98833.0
2024-08-07 00:00:00+09:00,17890.0,18290.0,17890.0,17940.0,83105.0
2024-08-08 00:00:00+09:00,17940.0,18290.0,17650.0,18060.0,64180.0
2024-08-09 00:00:00+09:00,18160.0,18480.0,18030.0,18070.0,55486.0
2024-08-12 00:00:00+09:00,18070.0,18430.0,18070.0,18390.0,39117.0
2024-08-13 00:00:00+09:00,18420.0,18500.0,18230.0,18290.0,29087.0
2024-08-14 00:00:00+09:00,18340.0,18990.0,18320.0,18600.0,59487.0
2024-08-16 00:00:00+09:00,18750.0,19090.0,18630.0,18760.0,69054.0
2024-08-19 00:00:00+09:00,18760.0,19580.0,18760.0,19310.0,71968.0
2024-08-20 00:00:00+09:00,19390.0,19500.0,19270.0,19380.0,55559.0
2024-08-21 00:00:00+09:00,19380.0,19730.0,19220.0,19590.0,56800.0
2024-08-22 00:00:00+09:00,19690.0,19690.0,19400.0,19480.0,34753.0
2024-08-23 00:00:00+09:00,19440.0,19620.0,19260.0,19590.0,76805.0
2024-08-26 00:00:00+09:00,19550.0,20200.0,19440.0,20100.0,82024.0
2024-08-27 00:00:00+09:00,19900.0,20300.0,19840.0,20100.0,63835.0
2024-08-28 00:00:00+09:00,19990.0,20150.0,19740.0,19770.0,35752.0
2024-08-29 00:00:00+09:00,19600.0,19950.0,19500.0,19710.0,57770.0
2024-08-30 00:00:00+09:00,19850.0,19990.0,19600.0,19990.0,49138.0
2024-09-02 00:00:00+09:00,19830.0,20200.0,19600.0,19790.0,39142.0
2024-09-03 00:00:00+09:00,19980.0,20200.0,19790.0,20000.0,58473.0
2024-09-04 00:00:00+09:00,19620.0,19850.0,19380.0,19500.0,58038.0
2024-09-05 00:00:00+09:00,19500.0,19760.0,19340.0,19500.0,61800.0
2024-09-06 00:00:00+09:00,19680.0,19680.0,18900.0,18910.0,71762.0
2024-09-09 00:00:00+09:00,18670.0,19200.0,18560.0,19050.0,42631.0
2024-09-10 00:00:00+09:00,18950.0,19280.0,18840.0,18840.0,76212.0
2024-09-11 00:00:00+09:00,19020.0,19200.0,18860.0,18980.0,74533.0
2024-09-12 00:00:00+09:00,18990.0,19180.0,18970.0,19130.0,57890.0
2024-09-13 00:00:00+09:00,19040.0,19540.0,18960.0,19540.0,61852.0
2024-09-19 00:00:00+09:00,19800.0,19800.0,19450.0,19630.0,42673.0
2024-09-20 00:00:00+09:00,19750.0,20300.0,19650.0,20100.0,99060.0
2024-09-23 00:00:00+09:00,20200.0,20250.0,19800.0,19950.0,29257.0
2024-09-24 00:00:00+09:00,20200.0,20450.0,19880.0,20450.0,59856.0
2024-09-25 00:00:00+09:00,20550.0,20600.0,20000.0,20000.0,60322.0
2024-09-26 00:00:00+09:00,20150.0,20600.0,20100.0,20600.0,75060.0
2024-09-27 00:00:00+09:00,20600.0,21100.0,20450.0,20900.0,117162.0
2024-09-30 00:00:00+09:00,21100.0,21100.0,20450.0,20550.0,47818.0
2024-10-02 00:00:00+09:00,20300.0,20700.0,20100.0,20350.0,47319.0
2024-10-04 00:00:00+09:00,20550.0,20550.0,19950.0,20100.0,69158.0
2024-10-07 00:00:00+09:00,20600.0,21100.0,20550.0,20900.0,127145.0
2024-10-08 00:00:00+09:00,20750.0,21100.0,20750.0,20950.0,51348.0
2024-10-10 00:00:00+09:00,21100.0,21100.0,20100.0,20100.0,85506.0
2024-10-11 00:00:00+09:00,20350.0,20400.0,19780.0,19850.0,75789.0
2024-10-14 00:00:00+09:00,20200.0,20250.0,19860.0,20050.0,42014.0
2024-10-15 00:00:00+09:00,20050.0,20500.0,19860.0,19920.0,69497.0
2024-10-16 00:00:00+09:00,19820.0,20900.0,19790.0,20900.0,208127.0
2024-10-17 00:00:00+09:00,20550.0,21400.0,20450.0,20450.0,99023.0
2024-10-18 00:00:00+09:00,20900.0,20900.0,20000.0,20000.0,27834.0
2024-10-21 00:00:00+09:00,20100.0,20200.0,19830.0,19920.0,36741.0
2024-10-22 00:00:00+09:00,19810.0,19870.0,19570.0,19690.0,65786.0
2024-10-23 00:00:00+09:00,19690.0,19820.0,19420.0,19690.0,36758.0
2024-10-24 00:00:00+09:00,19690.0,19770.0,19530.0,19770.0,15487.0
2024-10-25 00:00:00+09:00,19650.0,19760.0,19510.0,19580.0,29643.0
2024-10-28 00:00:00+09:00,19690.0,19970.0,19580.0,19970.0,26217.0
2024-10-29 00:00:00+09:00,19730.0,19890.0,19620.0,19760.0,22911.0
2024-10-30 00:00:00+09:00,19880.0,19880.0,19650.0,19660.0,20918.0
2024-10-31 00:00:00+09:00,19660.0,19950.0,19450.0,19840.0,37843.0
2024-11-01 00:00:00+09:00,19570.0,19710.0,19430.0,19460.0,29403.0
2024-11-04 00:00:00+09:00,19410.0,19460.0,19110.0,19260.0,53202.0
2024-11-05 00:00:00+09:00,19170.0,19660.0,19070.0,19340.0,45165.0
2024-11-06 00:00:00+09:00,19340.0,19550.0,19270.0,19460.0,33051.0
2024-11-07 00:00:00+09:00,21950.0,24150.0,21250.0,23600.0,1992823.0
2024-11-08 00:00:00+09:00,23350.0,24300.0,22650.0,23950.0,774022.0
2024-11-11 00:00:00+09:00,24000.0,24500.0,23750.0,24500.0,406281.0
2024-11-12 00:00:00+09:00,24200.0,25400.0,23350.0,23650.0,358749.0
2024-11-13 00:00:00+09:00,22950.0,23400.0,22000.0,22300.0,295250.0
2024-11-14 00:00:00+09:00,22300.0,24300.0,21700.0,23800.0,417371.0
2024-11-15 00:00:00+09:00,23250.0,23800.0,22800.0,23000.0,148084.0
2024-11-18 00:00:00+09:00,23200.0,24500.0,23150.0,24000.0,143222.0
2024-11-19 00:00:00+09:00,23800.0,24600.0,23250.0,23850.0,209825.0
2024-11-20 00:00:00+09:00,24350.0,24350.0,22000.0,22600.0,209974.0
2024-11-21 00:00:00+09:00,22350.0,23050.0,21950.0,22000.0,91126.0
2024-11-22 00:00:00+09:00,22250.0,22250.0,21000.0,21150.0,132659.0
2024-11-25 00:00:00+09:00,21550.0,21550.0,21000.0,21100.0,84174.0
2024-11-26 00:00:00+09:00,21100.0,21550.0,21000.0,21400.0,66028.0
2024-11-27 00:00:00+09:00,21450.0,22250.0,21250.0,22000.0,129297.0
2024-11-28 00:00:00+09:00,22100.0,22350.0,21850.0,21900.0,64342.0
2024-11-29 00:00:00+09:00,21900.0,23000.0,21750.0,23000.0,174140.0
2024-12-02 00:00:00+09:00,23200.0,23400.0,22500.0,22500.0,129672.0
2024-12-03 00:00:00+09:00,22850.0,23350.0,22500.0,22550.0,132454.0
2024-12-04 00:00:00+09:00,22200.0,22450.0,20900.0,20950.0,197412.0
2024-12-05 00:00:00+09:00,20950.0,21150.0,19710.0,20050.0,306603.0
2024-12-06 00:00:00+09:00,20000.0,20250.0,19600.0,20000.0,144511.0
2024-12-09 00:00:00+09:00,19800.0,19800.0,18800.0,18960.0,169851.0
2024-12-10 00:00:00+09:00,19180.0,20350.0,19140.0,20100.0,108071.0
2024-12-11 00:00:00+09:00,19880.0,20550.0,19880.0,20250.0,80049.0
2024-12-12 00:00:00+09:00,20500.0,20550.0,19990.0,20150.0,216037.0
2024-12-13 00:00:00+09:00,20250.0,20400.0,19880.0,20300.0,129072.0
2024-12-16 00:00:00+09:00,20350.0,20550.0,20050.0,20050.0,92817.0
2024-12-17 00:00:00+09:00,20200.0,21450.0,20000.0,21000.0,278814.0
2024-12-18 00:00:00+09:00,21000.0,21050.0,20400.0,20750.0,113665.0
2024-12-19 00:00:00+09:00,20450.0,20750.0,20250.0,20500.0,77371.0
2024-12-20 00:00:00+09:00,20350.0,20350.0,19900.0,19990.0,111224.0
2024-12-23 00:00:00+09:00,20050.0,20600.0,20000.0,20450.0,95453.0
2024-12-24 00:00:00+09:00,20450.0,20650.0,20300.0,20300.0,73732.0
2024-12-26 00:00:00+09:00,20400.0,20850.0,20150.0,20250.0,91992.0
2024-12-27 00:00:00+09:00,20000.0,20250.0,19700.0,19850.0,87875.0
2024-12-30 00:00:00+09:00,19650.0,19900.0,19650.0,19760.0,61856.0
2025-01-02 00:00:00+09:00,19610.0,19780.0,19250.0,19440.0,77200.0
2025-01-03 00:00:00+09:00,19590.0,19660.0,19120.0,19230.0,121788.0
2025-01-06 00:00:00+09:00,19230.0,19340.0,18940.0,19160.0,105605.0
2025-01-07 00:00:00+09:00,19260.0,19880.0,18980.0,19250.0,201421.0
2025-01-08 00:00:00+09:00,19110.0,19250.0,19030.0,19040.0,115268.0
2025-01-09 00:00:00+09:00,19030.0,19600.0,18970.0,18990.0,111704.0
2025-01-10 00:00:00+09:00,19000.0,19280.0,18950.0,19000.0,77009.0
2025-01-13 00:00:00+09:00,19000.0,19030.0,18540.0,18890.0,81912.0
2025-01-14 00:00:00+09:00,18890.0,19080.0,18730.0,18840.0,48335.0
2025-01-15 00:00:00+09:00,18890.0,18900.0,18530.0,18630.0,72636.0
2025-01-16 00:00:00+09:00,18720.0,18890.0,18510.0,18640.0,90695.0
2025-01-17 00:00:00+09:00,18640.0,18910.0,18520.0,18710.0,59771.0
2025-01-20 00:00:00+09:00,18800.0,19450.0,18800.0,19230.0,73999.0
2025-01-21 00:00:00+09:00,19430.0,19840.0,19150.0,19380.0,104991.0
2025-01-22 00:00:00+09:00,19510.0,20650.0,19370.0,20150.0,243670.0
2025-01-23 00:00:00+09:00,20300.0,20350.0,19780.0,19940.0,103670.0
2025-01-24 00:00:00+09:00,20100.0,20150.0,19690.0,19740.0,63922.0
2025-01-31 00:00:00+09:00,19930.0,19980.0,19200.0,19280.0,47270.0
2025-02-03 00:00:00+09:00,19000.0,19080.0,18560.0,18670.0,83525.0
2025-02-04 00:00:00+09:00,18870.0,19580.0,18610.0,19350.0,76181.0
2025-02-05 00:00:00+09:00,19350.0,19700.0,19230.0,19270.0,81519.0
2025-02-06 00:00:00+09:00,19240.0,19580.0,19170.0,19320.0,50397.0
2025-02-07 00:00:00+09:00,19150.0,19300.0,18800.0,18870.0,70608.0
2025-02-10 00:00:00+09:00,18870.0,18870.0,18130.0,18180.0,149778.0
2025-02-11 00:00:00+09:00,18280.0,18280.0,17650.0,17980.0,116925.0
2025-02-12 00:00:00+09:00,18000.0,18370.0,17810.0,18350.0,87365.0
2025-02-13 00:00:00+09:00,18350.0,18540.0,18170.0,18220.0,127753.0
2025-02-14 00:00:00+09:00,18250.0,18730.0,18180.0,18310.0,102637.0
2025-02-17 00:00:00+09:00,18310.0,19070.0,18290.0,18970.0,131352.0
2025-02-18 00:00:00+09:00,18980.0,19310.0,18670.0,19260.0,114106.0
2025-02-19 00:00:00+09:00,19200.0,19450.0,19150.0,19350.0,96269.0
2025-02-20 00:00:00+09:00,19250.0,19710.0,19150.0,19660.0,113808.0
2025-02-21 00:00:00+09:00,19520.0,20200.0,19520.0,19840.0,103784.0
2025-02-24 00:00:00+09:00,19580.0,19870.0,19580.0,19850.0,64679.0
2025-02-25 00:00:00+09:00,19680.0,19920.0,19640.0,19640.0,68130.0
2025-02-26 00:00:00+09:00,19700.0,19900.0,19540.0,19820.0,52395.0
2025-02-27 00:00:00+09:00,19820.0,20000.0,19570.0,19840.0,71623.0
2025-02-28 00:00:00+09:00,19720.0,19890.0,19510.0,19700.0,93392.0
2025-03-04 00:00:00+09:00,19520.0,19690.0,19120.0,19400.0,57595.0
2025-03-05 00:00:00+09:00,19270.0,20900.0,19270.0,20700.0,277255.0
2025-03-06 00:00:00+09:00,20700.0,21450.0,20600.0,21000.0,143684.0
2025-03-07 00:00:00+09:00,21100.0,21800.0,20800.0,21050.0,140452.0
2025-03-10 00:00:00+09:00,21100.0,21300.0,20700.0,21100.0,72573.0
2025-03-11 00:00:00+09:00,20300.0,21050.0,20300.0,20500.0,116190.0
2025-03-12 00:00:00+09:00,20500.0,20900.0,20450.0,20800.0,63062.0
2025-03-13 00:00:00+09:00,20700.0,21100.0,20500.0,20550.0,60709.0
2025-03-14 00:00:00+09:00,20500.0,21000.0,19990.0,20050.0,149556.0
2025-03-17 00:00:00+09:00,20050.0,20450.0,19920.0,20350.0,96458.0
2025-03-18 00:00:00+09:00,20400.0,20500.0,19910.0,19920.0,82191.0
2025-03-19 00:00:00+09:00,19800.0,20200.0,19630.0,19800.0,80861.0
2025-03-20 00:00:00+09:00,19800.0,20050.0,19730.0,19750.0,72895.0
2025-03-21 00:00:00+09:00,19750.0,19800.0,19270.0,19560.0,88387.0
2025-03-24 00:00:00+09:00,19570.0,19840.0,19550.0,19820.0,49093.0
2025-03-25 00:00:00+09:00,19640.0,19950.0,19570.0,19580.0,60754.0
2025-03-26 00:00:00+09:00,19690.0,20150.0,19690.0,20050.0,92931.0
2025-03-27 00:00:00+09:00,19150.0,19270.0,18400.0,18500.0,209303.0
2025-03-28 00:00:00+09:00,18580.0,18580.0,17610.0,18030.0,92838.0
2025-03-31 00:00:00+09:00,17610.0,17870.0,17290.0,17480.0,63708.0
2025-04-01 00:00:00+09:00,17480.0,17620.0,17020.0,17160.0,114838.0
2025-04-02 00:00:00+09:00,17270.0,17290.0,17000.0,17090.0,61861.0
2025-04-03 00:00:00+09:00,16940.0,17150.0,16510.0,17090.0,70400.0
2025-04-04 00:00:00+09:00,16850.0,17220.0,16500.0,16900.0,77990.0
2025-04-07 00:00:00+09:00,16350.0,16350.0,15450.0,15670.0,120302.0
2025-04-08 00:00:00+09:00,15950.0,16000.0,15050.0,15140.0,133057.0
2025-04-09 00:00:00+09:00,14830.0,15300.0,14750.0,15200.0,86562.0
2025-04-10 00:00:00+09:00,15850.0,15870.0,15200.0,15640.0,123745.0
2025-04-11 00:00:00+09:00,15470.0,15710.0,15100.0,15710.0,49016.0
2025-04-14 00:00:00+09:00,15750.0,15860.0,15580.0,15670.0,85924.0
2025-04-15 00:00:00+09:00,15800.0,16090.0,15610.0,16080.0,67446.0
2025-04-16 00:00:00+09:00,16010.0,16150.0,15740.0,15790.0,52212.0
2025-04-17 00:00:00+09:00,15750.0,16350.0,15710.0,16230.0,73766.0
2025-04-18 00:00:00+09:00,16250.0,16530.0,16100.0,16410.0,79557.0
2025-04-21 00:00:00+09:00,16540.0,17080.0,16260.0,17070.0,102930.0
2025-04-22 00:00:00+09:00,17040.0,17250.0,16770.0,17170.0,66288.0
2025-04-23 00:00:00+09:00,17300.0,17570.0,17300.0,17510.0,54778.0
2025-04-24 00:00:00+09:00,17510.0,17670.0,17410.0,17460.0,56489.0
2025-04-25 00:00:00+09:00,17400.0,17670.0,17400.0,17640.0,34635.0
2025-04-28 00:00:00+09:00,17470.0,17740.0,17400.0,17550.0,58940.0
2025-04-29 00:00:00+09:00,17540.0,17990.0,17540.0,17710.0,79844.0
2025-04-30 00:00:00+09:00,17540.0,18080.0,17420.0,17860.0,61283.0
2025-05-02 00:00:00+09:00,17660.0,17970.0,17500.0,17650.0,47327.0
2025-05-07 00:00:00+09:00,18060.0,18200.0,17620.0,17690.0,37796.0
2025-05-08 00:00:00+09:00,17690.0,18240.0,17690.0,18200.0,101686.0
2025-05-09 00:00:00+09:00,18200.0,18300.0,17930.0,18000.0,48046.0
2025-05-12 00:00:00+09:00,18100.0,18370.0,18080.0,18370.0,63054.0
2025-05-13 00:00:00+09:00,18190.0,18440.0,18040.0,18070.0,45168.0
2025-05-14 00:00:00+09:00,18220.0,18500.0,18100.0,18410.0,83577.0
2025-05-15 00:00:00+09:00,18230.0,18550.0,18130.0,18470.0,59500.0
2025-05-16 00:00:00+09:00,18600.0,18630.0,18430.0,18630.0,66122.0
2025-05-19 00:00:00+09:00,18500.0,18690.0,18300.0,18470.0,72669.0
2025-05-20 00:00:00+09:00,18490.0,19410.0,18490.0,19340.0,144349.0
2025-05-21 00:00:00+09:00,19400.0,19450.0,18770.0,19110.0,87114.0
2025-05-22 00:00:00+09:00,18930.0,19220.0,18860.0,18890.0,71941.0
2025-05-23 00:00:00+09:00,18910.0,19380.0,18910.0,19330.0,82754.0
2025-05-26 00:00:00+09:00,19330.0,19570.0,19200.0,19520.0,76096.0
2025-05-27 00:00:00+09:00,19400.0,20500.0,19390.0,20350.0,213095.0
2025-05-28 00:00:00+09:00,21000.0,21800.0,20750.0,21200.0,290616.0
2025-05-29 00:00:00+09:00,22400.0,22400.0,21600.0,22250.0,243047.0
2025-05-30 00:00:00+09:00,22150.0,23575.0,21900.0,23400.0,449955.0
2025-06-02 00:00:00+09:00,22650.0,23250.0,22150.0,22700.0,246919.0
2025-06-04 00:00:00+09:00,22300.0,23800.0,22200.0,23150.0,179142.0
2025-06-05 00:00:00+09:00,24000.0,24100.0,22950.0,23200.0,174411.0
2025-06-09 00:00:00+09:00,23600.0,24100.0,22700.0,22900.0,252865.0
2025-06-10 00:00:00+09:00,23150.0,23800.0,22850.0,23400.0,132799.0
2025-06-11 00:00:00+09:00,23650.0,23700.0,23000.0,23300.0,97658.0
2025-06-12 00:00:00+09:00,23000.0,23750.0,22800.0,23300.0,244905.0
2025-06-13 00:00:00+09:00,23250.0,23300.0,22600.0,22850.0,198970.0
2025-06-16 00:00:00+09:00,22500.0,23500.0,22250.0,23250.0,100860.0
2025-06-17 00:00:00+09:00,23200.0,23450.0,22700.0,23350.0,201191.0
2025-06-18 00:00:00+09:00,23000.0,25000.0,22750.0,24700.0,353907.0
2025-06-19 00:00:00+09:00,25550.0,26700.0,24400.0,26550.0,339867.0
2025-06-20 00:00:00+09:00,27000.0,27400.0,25450.0,25700.0,269249.0
2025-06-23 00:00:00+09:00,24700.0,25350.0,24200.0,25000.0,155032.0
2025-06-24 00:00:00+09:00,26200.0,27650.0,25600.0,26900.0,490434.0
2025-06-25 00:00:00+09:00,27100.0,31450.0,26850.0,30100.0,994040.0
2025-06-26 00:00:00+09:00,29250.0,31050.0,28750.0,30850.0,360181.0
2025-06-27 00:00:00+09:00,30750.0,32150.0,30100.0,31650.0,353729.0
2025-06-30 00:00:00+09:00,32150.0,32900.0,31500.0,32900.0,246857.0
2025-07-01 00:00:00+09:00,32900.0,33800.0,30150.0,30750.0,767387.0
2025-07-02 00:00:00+09:00,31450.0,31500.0,30300.0,31100.0,312211.0
2025-07-03 00:00:00+09:00,31450.0,32400.0,31150.0,31750.0,221859.0
2025-07-04 00:00:00+09:00,31400.0,31900.0,30900.0,30900.0,170544.0
2025-07-07 00:00:00+09:00,31050.0,33500.0,31050.0,33450.0,317243.0
2025-07-08 00:00:00+09:00,32700.0,33150.0,31700.0,32200.0,245847.0
2025-07-09 00:00:00+09:00,32300.0,32900.0,31700.0,32300.0,173062.0
2025-07-10 00:00:00+09:00,32500.0,32600.0,31150.0,31350.0,180002.0
2025-07-11 00:00:00+09:00,31600.0,31950.0,30950.0,31000.0,136682.0
2025-07-14 00:00:00+09:00,30700.0,33100.0,30300.0,32250.0,323081.0
2025-07-15 00:00:00+09:00,32300.0,33750.0,32150.0,33350.0,227063.0
2025-07-16 00:00:00+09:00,33800.0,34450.0,33000.0,33050.0,113097.0
2025-07-17 00:00:00+09:00,33300.0,33400.0,32050.0,32900.0,91491.0
2025-07-18 00:00:00+09:00,32250.0,33700.0,32250.0,33650.0,110999.0
2025-07-21 00:00:00+09:00,33750.0,34500.0,32700.0,34200.0,151728.0
2025-07-22 00:00:00+09:00,34200.0,34750.0,33700.0,34350.0,124376.0
2025-07-23 00:00:00+09:00,34000.0,34900.0,33850.0,34250.0,124371.0
2025-07-24 00:00:00+09:00,34500.0,35150.0,33700.0,33950.0,162040.0
2025-07-25 00:00:00+09:00,33300.0,33900.0,32800.0,33400.0,61297.0
2025-07-28 00:00:00+09:00,32550.0,33900.0,32100.0,32700.0,129938.0
2025-07-29 00:00:00+09:00,32500.0,32950.0,31850.0,32400.0,129358.0
2025-07-30 00:00:00+09:00,32200.0,32900.0,30900.0,31300.0,156480.0
2025-07-31 00:00:00+09:00,30950.0,32450.0,30650.0,31350.0,227446.0
2025-08-01 00:00:00+09:00,32500.0,32750.0,30300.0,30750.0,244318.0
2025-08-04 00:00:00+09:00,30500.0,30850.0,29650.0,30200.0,121897.0
2025-08-05 00:00:00+09:00,30450.0,31000.0,28700.0,29100.0,313910.0
2025-08-06 00:00:00+09:00,29350.0,31000.0,29350.0,30500.0,149362.0
2025-08-07 00:00:00+09:00,30450.0,30450.0,29000.0,29650.0,127923.0
2025-08-08 00:00:00+09:00,29750.0,29950.0,29050.0,29250.0,75332.0
2025-08-11 00:00:00+09:00,29500.0,29500.0,28550.0,28900.0,77141.0
2025-08-12 00:00:00+09:00,28900.0,29300.0,28250.0,28850.0,111351.0
2025-08-13 00:00:00+09:00,28650.0,28950.0,28200.0,28400.0,67094.0
2025-08-14 00:00:00+09:00,28350.0,28600.0,27600.0,27950.0,121478.0
2025-08-18 00:00:00+09:00,29700.0,29750.0,28500.0,28650.0,131619.0
2025-08-19 00:00:00+09:00,29200.0,29200.0,28050.0,28250.0,78721.0
2025-08-20 00:00:00+09:00,27800.0,27800.0,26100.0,26950.0,211673.0
2025-08-21 00:00:00+09:00,26900.0,27850.0,26750.0,26950.0,113331.0
2025-08-22 00:00:00+09:00,27200.0,28800.0,26900.0,27300.0,160088.0
2025-08-25 00:00:00+09:00,27450.0,28100.0,27450.0,27750.0,49455.0
2025-08-26 00:00:00+09:00,27700.0,27900.0,27300.0,27500.0,35414.0
2025-08-27 00:00:00+09:00,27800.0,28250.0,26900.0,27350.0,87369.0
2025-08-28 00:00:00+09:00,27100.0,28050.0,26800.0,27600.0,57744.0
2025-08-29 00:00:00+09:00,28000.0,28650.0,27650.0,27900.0,90120.0
2025-09-01 00:00:00+09:00,28150.0,28150.0,27000.0,27200.0,63058.0
2025-09-02 00:00:00+09:00,27450.0,27600.0,26050.0,26400.0,194945.0
2025-09-03 00:00:00+09:00,26300.0,26950.0,26150.0,26500.0,76676.0
2025-09-04 00:00:00+09:00,26500.0,27350.0,26500.0,27050.0,75969.0
2025-09-05 00:00:00+09:00,26800.0,27900.0,26800.0,27350.0,72459.0
2025-09-08 00:00:00+09:00,27700.0,28050.0,27450.0,27900.0,60115.0
2025-09-09 00:00:00+09:00,28200.0,28250.0,27500.0,27650.0,64444.0
2025-09-10 00:00:00+09:00,27650.0,28000.0,27050.0,27400.0,169186.0
2025-09-11 00:00:00+09:00,27200.0,27500.0,26850.0,26900.0,108595.0
2025-09-12 00:00:00+09:00,27100.0,27200.0,26550.0,26700.0,117048.0
2025-09-15 00:00:00+09:00,26550.0,27500.0,26500.0,26950.0,107584.0
2025-09-16 00:00:00+09:00,26950.0,27000.0,26150.0,26400.0,92555.0
2025-09-17 00:00:00+09:00,26450.0,26500.0,25950.0,26450.0,97946.0
2025-09-18 00:00:00+09:00,26450.0,26600.0,25950.0,26100.0,85411.0
2025-09-19 00:00:00+09:00,26100.0,26500.0,25900.0,26100.0,109998.0
2025-09-22 00:00:00+09:00,26100.0,26100.0,25600.0,25900.0,63648.0
2025-09-23 00:00:00+09:00,25700.0,26000.0,25500.0,25600.0,58926.0
2025-09-24 00:00:00+09:00,26050.0,26100.0,25350.0,25700.0,55451.0
2025-09-25 00:00:00+09:00,25600.0,25650.0,25100.0,25300.0,50333.0
2025-09-26 00:00:00+09:00,25050.0,25300.0,24450.0,24950.0,49260.0
2025-09-29 00:00:00+09:00,25150.0,25150.0,24400.0,24850.0,67009.0
2025-09-30 00:00:00+09:00,25250.0,25300.0,24900.0,25200.0,39073.0
2025-10-01 00:00:00+09:00,25200.0,25350.0,24950.0,25100.0,35330.0
2025-10-02 00:00:00+09:00,25600.0,26600.0,25000.0,25450.0,110029.0
2025-10-10 00:00:00+09:00,24700.0,24750.0,23050.0,23500.0,259382.0
2025-10-13 00:00:00+09:00,23600.0,25400.0,23600.0,25000.0,172141.0
2025-10-14 00:00:00+09:00,24800.0,25750.0,24500.0,25200.0,155343.0
2025-10-15 00:00:00+09:00,25250.0,25850.0,25100.0,25850.0,340113.0
2025-10-16 00:00:00+09:00,26400.0,26600.0,25300.0,25500.0,124130.0
2025-10-17 00:00:00+09:00,25500.0,25650.0,25000.0,25200.0,156038.0
2025-10-20 00:00:00+09:00,25700.0,25700.0,24900.0,25300.0,58940.0
2025-10-21 00:00:00+09:00,25550.0,26300.0,25300.0,25450.0,91102.0
2025-10-22 00:00:00+09:00,25850.0,27100.0,25450.0,26950.0,177416.0
2025-10-23 00:00:00+09:00,26850.0,27350.0,26350.0,26550.0,108262.0
2025-10-24 00:00:00+09:00,27150.0,28900.0,26750.0,28300.0,256033.0
2025-10-27 00:00:00+09:00,28300.0,28400.0,27500.0,28150.0,182259.0
2025-10-28 00:00:00+09:00,28450.0,30050.0,27900.0,29550.0,247059.0
2025-10-29 00:00:00+09:00,29750.0,29750.0,28400.0,28600.0,142396.0
2025-10-30 00:00:00+09:00,28600.0,29150.0,27450.0,27500.0,151179.0
2025-10-31 00:00:00+09:00,27350.0,27750.0,27000.0,27500.0,126703.0
2025-11-03 00:00:00+09:00,27150.0,27350.0,26650.0,26850.0,106514.0
2025-11-04 00:00:00+09:00,27100.0,27950.0,26850.0,27600.0,170487.0
2025-11-05 00:00:00+09:00,27700.0,27700.0,26500.0,27300.0,135404.0
2025-11-06 00:00:00+09:00,27550.0,27600.0,25950.0,26300.0,116610.0
2025-11-07 00:00:00+09:00,26150.0,26750.0,25700.0,26200.0,135641.0
2025-11-10 00:00:00+09:00,26800.0,28050.0,26700.0,27650.0,126089.0
2025-11-11 00:00:00+09:00,27650.0,27900.0,26900.0,27200.0,58940.0
2025-11-12 00:00:00+09:00,27500.0,29150.0,27100.0,28850.0,182348.0
2025-11-13 00:00:00+09:00,28700.0,29150.0,28050.0,28750.0,97227.0
2025-11-14 00:00:00+09:00,28750.0,29600.0,28000.0,28200.0,146644.0
2025-11-17 00:00:00+09:00,28450.0,28800.0,27150.0,28050.0,112849.0
2025-11-18 00:00:00+09:00,28000.0,28100.0,26750.0,26750.0,67658.0
2025-11-19 00:00:00+09:00,27000.0,27350.0,26300.0,26400.0,71868.0
2025-11-20 00:00:00+09:00,26550.0,27300.0,26350.0,26850.0,53422.0
2025-11-21 00:00:00+09:00,26400.0,26750.0,25850.0,26500.0,49870.0
2025-11-24 00:00:00+09:00,26800.0,27150.0,26050.0,26350.0,79464.0
2025-11-25 00:00:00+09:00,27100.0,27350.0,26450.0,26900.0,52499.0
2025-11-26 00:00:00+09:00,27150.0,27600.0,27000.0,27450.0,42523.0
2025-11-27 00:00:00+09:00,27200.0,27900.0,27200.0,27750.0,42089.0
2025-11-28 00:00:00+09:00,27700.0,28950.0,27250.0,27900.0,72214.0
2025-12-01 00:00:00+09:00,28500.0,28500.0,27150.0,27550.0,47962.0
2025-12-02 00:00:00+09:00,27800.0,27800.0,27300.0,27700.0,30925.0
2025-12-03 00:00:00+09:00,27700.0,28450.0,27550.0,28250.0,54944.0
2025-12-04 00:00:00+09:00,28000.0,28200.0,27500.0,28050.0,47056.0
2025-12-05 00:00:00+09:00,27800.0,28200.0,27750.0,28100.0,33430.0
2025-12-08 00:00:00+09:00,28100.0,31500.0,27750.0,31400.0,314666.0
2025-12-09 00:00:00+09:00,30550.0,31300.0,29800.0,30650.0,145269.0
2025-12-10 00:00:00+09:00,31000.0,35400.0,31000.0,34950.0,588526.0
2025-12-11 00:00:00+09:00,35000.0,37500.0,34100.0,34450.0,455552.0
2025-12-12 00:00:00+09:00,39600.0,44750.0,39550.0,44750.0,1494186.0
2025-12-15 00:00:00+09:00,48950.0,54100.0,45350.0,48950.0,2538197.0
2025-12-16 00:00:00+09:00,47000.0,48150.0,42550.0,43150.0,1242731.0
2025-12-17 00:00:00+09:00,46050.0,46450.0,41750.0,42850.0,834362.0
2025-12-18 00:00:00+09:00,41500.0,46150.0,41450.0,45350.0,1125530.0
2025-12-19 00:00:00+09:00,44900.0,47250.0,42600.0,43950.0,895377.0
2025-12-22 00:00:00+09:00,46100.0,52900.0,46000.0,51300.0,2689722.0
2025-12-23 00:00:00+09:00,48300.0,48300.0,43750.0,44500.0,688013.0
2025-12-24 00:00:00+09:00,46100.0,47850.0,45550.0,47000.0,385802.0
2025-12-26 00:00:00+09:00,46950.0,49600.0,46300.0,49300.0,353369.0
2025-12-29 00:00:00+09:00,47450.0,49200.0,45300.0,48650.0,443694.0
2025-12-30 00:00:00+09:00,49150.0,50500.0,47400.0,50200.0,421954.0
2026-01-02 00:00:00+09:00,50700.0,58500.0,49800.0,55900.0,1161633.0
2026-01-05 00:00:00+09:00,54600.0,57500.0,51500.0,56300.0,734688.0
2026-01-06 00:00:00+09:00,54500.0,57800.0,53200.0,54800.0,511303.0
2026-01-07 00:00:00+09:00,54800.0,62200.0,53400.0,57200.0,1232800.0
2026-01-08 00:00:00+09:00,56100.0,59200.0,55800.0,58000.0,431075.0
2026-01-09 00:00:00+09:00,57600.0,61700.0,56300.0,61700.0,574532.0
2026-01-12 00:00:00+09:00,63400.0,69300.0,62600.0,68300.0,906328.0
2026-01-13 00:00:00+09:00,67200.0,70200.0,66000.0,68800.0,534926.0
2026-01-14 00:00:00+09:00,68100.0,69700.0,65000.0,67900.0,418739.0
2026-01-15 00:00:00+09:00,68200.0,73000.0,65300.0,67200.0,774740.0
2026-01-16 00:00:00+09:00,67200.0,68700.0,65700.0,67900.0,350883.0
2026-01-19 00:00:00+09:00,69200.0,72000.0,68000.0,71500.0,305799.0
2026-01-20 00:00:00+09:00,72200.0,77100.0,70000.0,73600.0,473802.0
2026-01-21 00:00:00+09:00,71000.0,77500.0,69200.0,76500.0,618962.0
2026-01-22 00:00:00+09:00,75500.0,76600.0,72000.0,73300.0,341585.0
2026-01-23 00:00:00+09:00,75600.0,76500.0,73300.0,75000.0,370488.0
2026-01-26 00:00:00+09:00,73200.0,73300.0,67200.0,69100.0,622110.0
2026-01-27 00:00:00+09:00,68400.0,70000.0,67100.0,68100.0,336708.0
2026-01-28 00:00:00+09:00,70200.0,70300.0,67700.0,68300.0,272796.0
2026-01-29 00:00:00+09:00,68300.0,74900.0,67200.0,73100.0,624516.0
2026-01-30 00:00:00+09:00,73400.0,74500.0,69600.0,72800.0,411265.0
2026-02-02 00:00:00+09:00,70000.0,74500.0,69000.0,70900.0,301988.0
2026-02-03 00:00:00+09:00,73800.0,82900.0,73300.0,81500.0,716367.0
2026-02-04 00:00:00+09:00,90000.0,92500.0,84100.0,90300.0,541732.0
2026-02-05 00:00:00+09:00,88000.0,89100.0,79000.0,80300.0,472371.0
2026-02-06 00:00:00+09:00,74700.0,85000.0,71700.0,83800.0,701458.0
2026-02-09 00:00:00+09:00,84900.0,86700.0,82500.0,84400.0,313192.0
2026-02-10 00:00:00+09:00,83500.0,83600.0,78500.0,80700.0,319902.0
2026-02-11 00:00:00+09:00,79700.0,80700.0,74200.0,75300.0,535208.0
2026-02-12 00:00:00+09:00,76100.0,76400.0,71500.0,73900.0,511140.0
2026-02-13 00:00:00+09:00,75400.0,75800.0,70800.0,74100.0,373537.0
2026-02-19 00:00:00+09:00,75000.0,76300.0,72400.0,74100.0,236300.0
2026-02-20 00:00:00+09:00,75400.0,76500.0,73800.0,74300.0,208487.0
2026-02-23 00:00:00+09:00,73700.0,74000.0,70000.0,70500.0,447556.0
2026-02-24 00:00:00+09:00,70000.0,71100.0,69400.0,70500.0,198155.0
2026-02-25 00:00:00+09:00,71700.0,73400.0,70200.0,70500.0,244230.0
2026-02-26 00:00:00+09:00,70500.0,70500.0,68100.0,68800.0,200014.0
2026-02-27 00:00:00+09:00,69800.0,70700.0,67100.0,69100.0,266727.0
2026-03-03 00:00:00+09:00,68000.0,71800.0,66800.0,67000.0,286539.0
2026-03-04 00:00:00+09:00,65600.0,65700.0,55300.0,58500.0,591657.0
2026-03-05 00:00:00+09:00,61300.0,64200.0,59700.0,61000.0,365549.0
2026-03-06 00:00:00+09:00,58800.0,63100.0,58700.0,61900.0,261934.0
2026-03-09 00:00:00+09:00,57300.0,59000.0,55600.0,58500.0,374642.0
2026-03-10 00:00:00+09:00,60800.0,63200.0,60000.0,61900.0,184463.0
2026-03-11 00:00:00+09:00,66000.0,71400.0,64600.0,69700.0,557168.0
2026-03-12 00:00:00+09:00,72000.0,72000.0,68500.0,71300.0,256590.0
2026-03-13 00:00:00+09:00,70200.0,73300.0,69100.0,70500.0,259018.0
2026-03-16 00:00:00+09:00,70000.0,70100.0,64900.0,67300.0,172403.0
2026-03-17 00:00:00+09:00,68400.0,70300.0,67500.0,68200.0,153553.0
2026-03-18 00:00:00+09:00,70900.0,71100.0,67300.0,68000.0,150602.0
2026-03-19 00:00:00+09:00,66700.0,67100.0,64700.0,65100.0,129663.0
2026-03-20 00:00:00+09:00,65500.0,67700.0,65500.0,66200.0,143488.0
2026-03-23 00:00:00+09:00,62600.0,62800.0,59700.0,60400.0,203583.0
2026-03-24 00:00:00+09:00,63000.0,70200.0,62000.0,68900.0,513532.0
2026-03-25 00:00:00+09:00,69100.0,73300.0,67700.0,72500.0,379041.0
2026-03-26 00:00:00+09:00,73800.0,74000.0,69000.0,70200.0,226224.0
2026-03-27 00:00:00+09:00,67500.0,69500.0,64500.0,69500.0,289625.0
2026-03-30 00:00:00+09:00,65300.0,67400.0,64600.0,67000.0,105665.0
2026-03-31 00:00:00+09:00,65400.0,73500.0,63200.0,64400.0,376390.0
2026-04-01 00:00:00+09:00,69300.0,72800.0,67800.0,71000.0,315612.0
2026-04-02 00:00:00+09:00,72000.0,72400.0,63900.0,64800.0,287060.0
2026-04-03 00:00:00+09:00,68900.0,69800.0,66400.0,67300.0,109387.0
2026-04-06 00:00:00+09:00,68000.0,68700.0,65100.0,66000.0,120592.0
2026-04-07 00:00:00+09:00,66300.0,67500.0,64600.0,66100.0,78440.0
2026-04-08 00:00:00+09:00,68900.0,69400.0,66000.0,68800.0,209317.0
2026-04-09 00:00:00+09:00,68100.0,69500.0,65700.0,69500.0,160899.0
2026-04-10 00:00:00+09:00,69600.0,69600.0,63100.0,63100.0,584184.0
2026-04-13 00:00:00+09:00,62500.0,64500.0,62000.0,63500.0,198695.0
2026-04-14 00:00:00+09:00,64000.0,71300.0,63800.0,67600.0,443697.0
2026-04-15 00:00:00+09:00,68900.0,69500.0,66300.0,68200.0,220209.0
2026-04-16 00:00:00+09:00,68900.0,70500.0,68700.0,70500.0,158059.0
2026-04-17 00:00:00+09:00,72500.0,76100.0,70100.0,75100.0,402087.0
2026-04-20 00:00:00+09:00,76100.0,76500.0,71100.0,71300.0,234964.0
2026-04-21 00:00:00+09:00,71700.0,71800.0,67200.0,69900.0,172954.0
2026-04-22 00:00:00+09:00,69400.0,72100.0,68900.0,71400.0,164914.0
2026-04-23 00:00:00+09:00,71500.0,71900.0,68500.0,69800.0,148060.0
2026-04-24 00:00:00+09:00,69600.0,71500.0,69100.0,71100.0,117621.0
2026-04-27 00:00:00+09:00,71600.0,72500.0,69500.0,72500.0,193488.0
2026-04-28 00:00:00+09:00,73200.0,75500.0,71300.0,73100.0,246252.0
2026-04-29 00:00:00+09:00,74200.0,77100.0,69300.0,73100.0,486199.0
2026-04-30 00:00:00+09:00,72400.0,77000.0,72000.0,75500.0,522879.0
2026-05-04 00:00:00+09:00,77000.0,77400.0,71500.0,71800.0,310596.0
2026-05-06 00:00:00+09:00,71900.0,72500.0,69000.0,71000.0,378711.0
2026-05-07 00:00:00+09:00,71000.0,73200.0,68800.0,69700.0,214160.0
2026-05-08 00:00:00+09:00,69700.0,74200.0,67700.0,74000.0,334630.0
2026-05-11 00:00:00+09:00,75400.0,76600.0,71000.0,73000.0,302347.0
2026-05-12 00:00:00+09:00,72500.0,75700.0,65900.0,67200.0,401683.0
2026-05-13 00:00:00+09:00,68300.0,75500.0,66800.0,72400.0,384376.0
2026-05-14 00:00:00+09:00,72800.0,74800.0,70000.0,72500.0,192291.0
2026-05-15 00:00:00+09:00,72400.0,78500.0,68400.0,70100.0,566366.0
2026-05-18 00:00:00+09:00,73300.0,75900.0,64500.0,75500.0,518035.0
2026-05-19 00:00:00+09:00,83900.0,83900.0,69300.0,71400.0,707071.0
2026-05-20 00:00:00+09:00,68500.0,68900.0,59000.0,60700.0,450755.0
2026-05-21 00:00:00+09:00,63300.0,67000.0,62500.0,64600.0,338399.0
2026-05-22 00:00:00+09:00,62900.0,64400.0,61000.0,62900.0,417760.0
2026-05-26 00:00:00+09:00,63900.0,68700.0,63100.0,64900.0,502455.0
2026-05-27 00:00:00+09:00,65900.0,66100.0,61100.0,61100.0,278470.0
2026-05-28 00:00:00+09:00,61700.0,61800.0,53600.0,55500.0,532731.0
2026-05-29 00:00:00+09:00,56000.0,56400.0,51800.0,53500.0,389890.0
2026-06-01 00:00:00+09:00,52000.0,55100.0,50300.0,53700.0,283932.0
2026-06-02 00:00:00+09:00,51100.0,51200.0,48700.0,50100.0,230092.0
2026-06-04 00:00:00+09:00,49250.0,52400.0,49200.0,50900.0,194842.0
2026-06-05 00:00:00+09:00,50500.0,50600.0,48000.0,48950.0,241528.0
2026-06-08 00:00:00+09:00,44800.0,45850.0,42800.0,44500.0,204427.0
2026-06-09 00:00:00+09:00,45800.0,47150.0,44000.0,45850.0,181563.0
2026-06-10 00:00:00+09:00,46100.0,47200.0,44400.0,46150.0,141975.0
2026-06-11 00:00:00+09:00,44050.0,47700.0,42100.0,46350.0,361970.0
2026-06-12 00:00:00+09:00,49650.0,50500.0,47550.0,47800.0,241422.0
2026-06-15 00:00:00+09:00,52500.0,52500.0,45850.0,46550.0,329152.0
2026-06-16 00:00:00+09:00,47850.0,50400.0,46050.0,49500.0,635665.0
2026-06-17 00:00:00+09:00,49750.0,49800.0,46250.0,46250.0,263665.0
2026-06-18 00:00:00+09:00,46350.0,46400.0,42950.0,43200.0,227423.0
2026-06-19 00:00:00+09:00,42250.0,42950.0,39900.0,40950.0,300487.0
2026-06-22 00:00:00+09:00,39450.0,40950.0,38950.0,39350.0,233470.0
2026-06-23 00:00:00+09:00,37600.0,38400.0,34700.0,34900.0,424156.0
2026-06-24 00:00:00+09:00,34150.0,35350.0,33500.0,34450.0,290535.0
2026-06-25 00:00:00+09:00,34350.0,35850.0,33800.0,34150.0,244441.0
2026-06-26 00:00:00+09:00,33500.0,33600.0,31500.0,32250.0,228502.0
2026-06-29 00:00:00+09:00,31900.0,35250.0,31600.0,35050.0,267154.0
2026-06-30 00:00:00+09:00,35800.0,35850.0,34000.0,34800.0,162690.0
2026-07-01 00:00:00+09:00,35000.0,36100.0,33900.0,34450.0,221295.0
2026-07-02 00:00:00+09:00,33500.0,33500.0,31350.0,31700.0,139528.0
2026-07-03 00:00:00+09:00,31450.0,32250.0,30100.0,32100.0,225504.0
2026-07-06 00:00:00+09:00,32150.0,32750.0,30900.0,32450.0,163083.0
2026-07-07 00:00:00+09:00,31100.0,32550.0,30800.0,32100.0,87172.0
2026-07-08 00:00:00+09:00,30550.0,31650.0,29700.0,30150.0,108099.0
2026-07-09 00:00:00+09:00,29700.0,31400.0,29400.0,30350.0,130179.0
2026-07-10 00:00:00+09:00,30350.0,32500.0,30300.0,31800.0,113051.0
2026-07-13 00:00:00+09:00,31650.0,32600.0,29800.0,30250.0,100205.0
2026-07-14 00:00:00+09:00,30300.0,30750.0,29400.0,30350.0,160581.0
2026-07-15 00:00:00+09:00,30600.0,33950.0,30600.0,33350.0,193106.0
2026-07-16 00:00:00+09:00,32900.0,33750.0,31900.0,32500.0,92939.0
2026-07-20 00:00:00+09:00,32350.0,33000.0,31050.0,31600.0,92053.0
2026-07-21 00:00:00+09:00,30750.0,31900.0,30350.0,30950.0,82613.0
2026-07-22 00:00:00+09:00,31700.0,33400.0,31700.0,32450.0,107770.0
2026-07-23 00:00:00+09:00,32350.0,36850.0,32350.0,36650.0,168799.0
2026-07-24 00:00:00+09:00,35600.0,36800.0,34750.0,35100.0,82368.0
2026-07-27 00:00:00+09:00,35800.0,37300.0,34550.0,36200.0,136191.0
2026-07-28 00:00:00+09:00,35250.0,35400.0,33300.0,33900.0,83915.0
2026-07-29 00:00:00+09:00,33900.0,34350.0,29950.0,31050.0,199204.0
2026-07-30 00:00:00+09:00,28800.0,33500.0,28800.0,31900.0,228455.0
2026-07-31 00:00:00+09:00,32700.0,33750.0,31700.0,33300.0,125348.0
2026-08-03 00:00:00+09:00,32650.0,35500.0,32000.0,35100.0,129227.0
2026-08-04 00:00:00+09:00,34850.0,39400.0,34850.0,37850.0,217929.0
2026-08-05 00:00:00+09:00,37850.0,41250.0,37750.0,40800.0,189406.0
2026-08-06 00:00:00+09:00,40200.0,41000.0,38850.0,40050.0,101968.0
2026-08-07 00:00:00+09:00,40200.0,42550.0,40200.0,41600.0,214425.0
2026-08-10 00:00:00+09:00,43050.0,43300.0,41600.0,43050.0,184891.0
2026-08-11 00:00:00+09:00,43100.0,43250.0,41200.0,41300.0,172627.0
2026-08-12 00:00:00+09:00,40900.0,41550.0,39600.0,40800.0,119015.0
2026-08-13 00:00:00+09:00,42250.0,44250.0,41300.0,43550.0,275335.0
2026-08-14 00:00:00+09:00,43000.0,46000.0,42650.0,45000.0,222455.0
2026-08-18 00:00:00+09:00,44900.0,46250.0,42700.0,43100.0,157297.0
2026-08-19 00:00:00+09:00,41650.0,43200.0,41350.0,42700.0,95310.0
2026-08-20 00:00:00+09:00,42700.0,44100.0,41100.0,41100.0,124377.0
2026-08-21 00:00:00+09:00,40650.0,40700.0,38450.0,39350.0,100825.0
2026-08-24 00:00:00+09:00,39550.0,42050.0,39100.0,41800.0,115694.0
2026-08-25 00:00:00+09:00,41700.0,44800.0,41400.0,44400.0,163494.0
2026-08-26 00:00:00+09:00,44850.0,45700.0,42900.0,42900.0,118073.0
2026-08-27 00:00:00+09:00,43350.0,43800.0,42600.0,43450.0,111814.0
2026-08-28 00:00:00+09:00,43050.0,43200.0,41650.0,42600.0,84508.0
