dt,open,high,low,close,volume
2016-06-21 00:00:00+09:00,2493.0,2493.0,2432.0,2437.0,171850.0
2016-06-22 00:00:00+09:00,2424.0,2484.0,2424.0,2459.0,208875.0
2016-06-23 00:00:00+09:00,2454.0,2467.0,2424.0,2459.0,203112.0
2016-06-24 00:00:00+09:00,2484.0,2493.0,2286.0,2334.0,713590.0
2016-06-27 00:00:00+09:00,2260.0,2320.0,2247.0,2290.0,360364.0
2016-06-28 00:00:00+09:00,2251.0,2303.0,2251.0,2303.0,159856.0
2016-06-29 00:00:00+09:00,2324.0,2363.0,2324.0,2334.0,224414.0
2016-06-30 00:00:00+09:00,2359.0,2359.0,2316.0,2329.0,179783.0
2016-07-01 00:00:00+09:00,2337.0,2424.0,2337.0,2411.0,443869.0
2016-07-04 00:00:00+09:00,2428.0,2437.0,2376.0,2403.0,199551.0
2016-07-05 00:00:00+09:00,2398.0,2406.0,2368.0,2403.0,157193.0
2016-07-06 00:00:00+09:00,2398.0,2398.0,2337.0,2355.0,207048.0
2016-07-07 00:00:00+09:00,2363.0,2385.0,2355.0,2372.0,109097.0
2016-07-08 00:00:00+09:00,2368.0,2372.0,2329.0,2338.0,170243.0
2016-07-11 00:00:00+09:00,2350.0,2424.0,2350.0,2416.0,365405.0
2016-07-12 00:00:00+09:00,2428.0,2432.0,2376.0,2407.0,174787.0
2016-07-13 00:00:00+09:00,2428.0,2471.0,2419.0,2450.0,329210.0
2016-07-14 00:00:00+09:00,2445.0,2450.0,2419.0,2437.0,171827.0
2016-07-15 00:00:00+09:00,2467.0,2497.0,2458.0,2485.0,395942.0
2016-07-18 00:00:00+09:00,2501.0,2553.0,2484.0,2523.0,335492.0
2016-07-19 00:00:00+09:00,2519.0,2531.0,2493.0,2506.0,172788.0
2016-07-20 00:00:00+09:00,2501.0,2557.0,2497.0,2532.0,304962.0
2016-07-21 00:00:00+09:00,2536.0,2596.0,2527.0,2571.0,736368.0
2016-07-22 00:00:00+09:00,2570.0,2648.0,2566.0,2648.0,528587.0
2016-07-25 00:00:00+09:00,2644.0,2708.0,2626.0,2666.0,700814.0
2016-07-26 00:00:00+09:00,2665.0,2760.0,2652.0,2743.0,485319.0
2016-07-27 00:00:00+09:00,2743.0,2795.0,2721.0,2726.0,385913.0
2016-07-28 00:00:00+09:00,2743.0,2743.0,2665.0,2687.0,299356.0
2016-07-29 00:00:00+09:00,2674.0,2734.0,2674.0,2713.0,269631.0
2016-08-01 00:00:00+09:00,2717.0,2739.0,2609.0,2623.0,600079.0
2016-08-02 00:00:00+09:00,2609.0,2609.0,2510.0,2532.0,734590.0
2016-08-03 00:00:00+09:00,2501.0,2549.0,2488.0,2536.0,399505.0
2016-08-04 00:00:00+09:00,2575.0,2726.0,2570.0,2696.0,809780.0
2016-08-05 00:00:00+09:00,2682.0,2721.0,2665.0,2670.0,900823.0
2016-08-08 00:00:00+09:00,2740.0,2755.0,2680.0,2685.0,593381.0
2016-08-09 00:00:00+09:00,2685.0,2720.0,2680.0,2690.0,411811.0
2016-08-10 00:00:00+09:00,2710.0,2710.0,2650.0,2695.0,370557.0
2016-08-11 00:00:00+09:00,2690.0,2690.0,2650.0,2675.0,241459.0
2016-08-12 00:00:00+09:00,2690.0,2765.0,2680.0,2720.0,389612.0
2016-08-16 00:00:00+09:00,2690.0,2745.0,2690.0,2710.0,234405.0
2016-08-17 00:00:00+09:00,2710.0,2710.0,2625.0,2660.0,420121.0
2016-08-18 00:00:00+09:00,2650.0,2710.0,2650.0,2685.0,241543.0
2016-08-19 00:00:00+09:00,2685.0,2690.0,2670.0,2670.0,169949.0
2016-08-22 00:00:00+09:00,2670.0,2680.0,2600.0,2600.0,308849.0
2016-08-23 00:00:00+09:00,2565.0,2585.0,2550.0,2555.0,330610.0
2016-08-24 00:00:00+09:00,2555.0,2565.0,2530.0,2535.0,209776.0
2016-08-25 00:00:00+09:00,2520.0,2530.0,2485.0,2515.0,389945.0
2016-08-26 00:00:00+09:00,2495.0,2505.0,2470.0,2495.0,239759.0
2016-08-29 00:00:00+09:00,2480.0,2480.0,2440.0,2445.0,262845.0
2016-08-30 00:00:00+09:00,2440.0,2450.0,2370.0,2410.0,1205240.0
2016-08-31 00:00:00+09:00,2395.0,2395.0,2325.0,2365.0,818760.0
2016-09-01 00:00:00+09:00,2340.0,2390.0,2335.0,2390.0,501098.0
2016-09-02 00:00:00+09:00,2400.0,2415.0,2360.0,2375.0,779401.0
2016-09-05 00:00:00+09:00,2385.0,2400.0,2365.0,2380.0,841780.0
2016-09-06 00:00:00+09:00,2375.0,2475.0,2375.0,2460.0,822841.0
2016-09-07 00:00:00+09:00,2475.0,2505.0,2460.0,2495.0,695245.0
2016-09-08 00:00:00+09:00,2495.0,2500.0,2435.0,2450.0,990583.0
2016-09-09 00:00:00+09:00,2455.0,2455.0,2400.0,2435.0,563104.0
2016-09-12 00:00:00+09:00,2370.0,2405.0,2350.0,2360.0,880361.0
2016-09-13 00:00:00+09:00,2390.0,2390.0,2335.0,2335.0,1317059.0
2016-09-19 00:00:00+09:00,2345.0,2385.0,2330.0,2385.0,732640.0
2016-09-20 00:00:00+09:00,2390.0,2390.0,2340.0,2350.0,642438.0
2016-09-21 00:00:00+09:00,2380.0,2400.0,2360.0,2390.0,842972.0
2016-09-22 00:00:00+09:00,2400.0,2410.0,2375.0,2380.0,586588.0
2016-09-23 00:00:00+09:00,2375.0,2400.0,2365.0,2375.0,431307.0
2016-09-26 00:00:00+09:00,2375.0,2400.0,2370.0,2385.0,312462.0
2016-09-27 00:00:00+09:00,2365.0,2390.0,2360.0,2385.0,293721.0
2016-09-28 00:00:00+09:00,2380.0,2385.0,2365.0,2370.0,206190.0
2016-09-29 00:00:00+09:00,2380.0,2385.0,2355.0,2365.0,330202.0
2016-09-30 00:00:00+09:00,2355.0,2355.0,2315.0,2325.0,653736.0
2016-10-04 00:00:00+09:00,2325.0,2400.0,2305.0,2360.0,417612.0
2016-10-05 00:00:00+09:00,2305.0,2350.0,2300.0,2340.0,1459946.0
2016-10-06 00:00:00+09:00,2335.0,2355.0,2325.0,2330.0,616363.0
2016-10-07 00:00:00+09:00,2330.0,2340.0,2315.0,2325.0,984332.0
2016-10-10 00:00:00+09:00,2320.0,2335.0,2315.0,2325.0,492011.0
2016-10-11 00:00:00+09:00,2330.0,2345.0,2315.0,2325.0,523493.0
2016-10-12 00:00:00+09:00,2325.0,2325.0,2285.0,2300.0,900910.0
2016-10-13 00:00:00+09:00,2300.0,2310.0,2255.0,2265.0,931640.0
2016-10-14 00:00:00+09:00,2270.0,2295.0,2250.0,2295.0,544214.0
2016-10-17 00:00:00+09:00,2290.0,2300.0,2275.0,2285.0,560939.0
2016-10-18 00:00:00+09:00,2275.0,2300.0,2275.0,2300.0,551847.0
2016-10-19 00:00:00+09:00,2310.0,2320.0,2295.0,2295.0,364300.0
2016-10-20 00:00:00+09:00,2305.0,2325.0,2300.0,2310.0,358167.0
2016-10-21 00:00:00+09:00,2315.0,2330.0,2300.0,2315.0,264713.0
2016-10-24 00:00:00+09:00,2305.0,2320.0,2300.0,2320.0,320191.0
2016-10-25 00:00:00+09:00,2320.0,2325.0,2290.0,2300.0,355336.0
2016-10-26 00:00:00+09:00,2295.0,2295.0,2260.0,2275.0,407748.0
2016-10-27 00:00:00+09:00,2290.0,2320.0,2265.0,2320.0,286465.0
2016-10-28 00:00:00+09:00,2305.0,2310.0,2265.0,2265.0,565311.0
2016-10-31 00:00:00+09:00,2265.0,2270.0,2225.0,2240.0,624388.0
2016-11-01 00:00:00+09:00,2245.0,2245.0,2140.0,2165.0,1085532.0
2016-11-02 00:00:00+09:00,2160.0,2160.0,2045.0,2065.0,1059477.0
2016-11-03 00:00:00+09:00,2050.0,2110.0,2045.0,2080.0,412792.0
2016-11-04 00:00:00+09:00,2105.0,2155.0,2080.0,2150.0,505202.0
2016-11-07 00:00:00+09:00,2170.0,2170.0,2120.0,2140.0,342491.0
2016-11-08 00:00:00+09:00,2150.0,2160.0,2130.0,2150.0,292366.0
2016-11-09 00:00:00+09:00,2150.0,2165.0,2025.0,2050.0,727763.0
2016-11-10 00:00:00+09:00,2085.0,2135.0,2075.0,2135.0,362526.0
2016-11-11 00:00:00+09:00,2125.0,2160.0,2115.0,2160.0,178372.0
2016-11-14 00:00:00+09:00,2150.0,2190.0,2150.0,2190.0,337744.0
2016-11-15 00:00:00+09:00,2205.0,2220.0,2175.0,2190.0,397168.0
2016-11-16 00:00:00+09:00,2215.0,2230.0,2190.0,2220.0,376078.0
2016-11-17 00:00:00+09:00,2210.0,2210.0,2170.0,2200.0,237441.0
2016-11-18 00:00:00+09:00,2185.0,2205.0,2160.0,2175.0,547601.0
2016-11-21 00:00:00+09:00,2170.0,2175.0,2125.0,2135.0,409125.0
2016-11-22 00:00:00+09:00,2145.0,2170.0,2130.0,2170.0,245800.0
2016-11-23 00:00:00+09:00,2170.0,2175.0,2130.0,2135.0,192691.0
2016-11-24 00:00:00+09:00,2140.0,2140.0,2100.0,2100.0,241870.0
2016-11-25 00:00:00+09:00,2100.0,2130.0,2090.0,2105.0,107305.0
2016-11-28 00:00:00+09:00,2105.0,2125.0,2085.0,2100.0,261722.0
2016-11-29 00:00:00+09:00,2095.0,2120.0,2085.0,2105.0,131693.0
2016-11-30 00:00:00+09:00,2100.0,2105.0,2070.0,2070.0,412509.0
2016-12-01 00:00:00+09:00,2075.0,2090.0,2060.0,2085.0,183910.0
2016-12-02 00:00:00+09:00,2080.0,2090.0,2065.0,2080.0,186269.0
2016-12-05 00:00:00+09:00,2080.0,2080.0,1990.0,2000.0,739863.0
2016-12-06 00:00:00+09:00,1995.0,2025.0,1995.0,2010.0,461424.0
2016-12-07 00:00:00+09:00,2015.0,2020.0,1960.0,1980.0,226559.0
2016-12-08 00:00:00+09:00,2000.0,2030.0,1995.0,2025.0,330351.0
2016-12-09 00:00:00+09:00,2015.0,2045.0,2010.0,2045.0,181178.0
2016-12-12 00:00:00+09:00,2070.0,2070.0,2045.0,2050.0,241653.0
2016-12-13 00:00:00+09:00,2040.0,2065.0,2025.0,2065.0,197423.0
2016-12-14 00:00:00+09:00,2080.0,2090.0,2055.0,2060.0,186772.0
2016-12-15 00:00:00+09:00,2055.0,2135.0,2050.0,2125.0,447321.0
2016-12-16 00:00:00+09:00,2135.0,2135.0,2100.0,2100.0,236982.0
2016-12-19 00:00:00+09:00,2100.0,2120.0,2080.0,2095.0,160224.0
2016-12-20 00:00:00+09:00,2105.0,2105.0,2080.0,2100.0,177334.0
2016-12-21 00:00:00+09:00,2100.0,2115.0,2085.0,2100.0,135986.0
2016-12-22 00:00:00+09:00,2085.0,2105.0,2080.0,2090.0,181500.0
2016-12-23 00:00:00+09:00,2085.0,2100.0,2080.0,2100.0,162378.0
2016-12-26 00:00:00+09:00,2100.0,2110.0,2080.0,2085.0,189903.0
2016-12-27 00:00:00+09:00,2085.0,2095.0,2075.0,2085.0,293978.0
2016-12-28 00:00:00+09:00,2095.0,2100.0,2075.0,2090.0,144418.0
2016-12-29 00:00:00+09:00,2095.0,2095.0,2075.0,2085.0,152390.0
2017-01-02 00:00:00+09:00,2085.0,2090.0,2065.0,2085.0,119216.0
2017-01-03 00:00:00+09:00,2090.0,2130.0,2080.0,2125.0,408694.0
2017-01-04 00:00:00+09:00,2125.0,2230.0,2115.0,2230.0,651763.0
2017-01-05 00:00:00+09:00,2240.0,2305.0,2210.0,2280.0,994175.0
2017-01-06 00:00:00+09:00,2280.0,2285.0,2255.0,2265.0,262151.0
2017-01-09 00:00:00+09:00,2255.0,2300.0,2250.0,2290.0,338658.0
2017-01-10 00:00:00+09:00,2265.0,2280.0,2220.0,2225.0,458242.0
2017-01-11 00:00:00+09:00,2220.0,2330.0,2220.0,2315.0,1335121.0
2017-01-12 00:00:00+09:00,2320.0,2360.0,2290.0,2350.0,1198435.0
2017-01-13 00:00:00+09:00,2345.0,2420.0,2330.0,2360.0,966463.0
2017-01-16 00:00:00+09:00,2355.0,2380.0,2325.0,2325.0,636808.0
2017-01-17 00:00:00+09:00,2310.0,2445.0,2310.0,2415.0,1167344.0
2017-01-18 00:00:00+09:00,2400.0,2420.0,2355.0,2405.0,553555.0
2017-01-19 00:00:00+09:00,2405.0,2435.0,2350.0,2350.0,454858.0
2017-01-20 00:00:00+09:00,2330.0,2370.0,2325.0,2350.0,335280.0
2017-01-23 00:00:00+09:00,2355.0,2365.0,2320.0,2320.0,331170.0
2017-01-24 00:00:00+09:00,2325.0,2325.0,2275.0,2300.0,338071.0
2017-01-25 00:00:00+09:00,2320.0,2320.0,2270.0,2275.0,235375.0
2017-01-26 00:00:00+09:00,2285.0,2365.0,2285.0,2335.0,657941.0
2017-01-31 00:00:00+09:00,2340.0,2380.0,2325.0,2370.0,517529.0
2017-02-01 00:00:00+09:00,2370.0,2410.0,2355.0,2395.0,366934.0
2017-02-02 00:00:00+09:00,2400.0,2425.0,2360.0,2360.0,503451.0
2017-02-03 00:00:00+09:00,2400.0,2400.0,2320.0,2320.0,664591.0
2017-02-06 00:00:00+09:00,2325.0,2395.0,2320.0,2375.0,933575.0
2017-02-07 00:00:00+09:00,2360.0,2375.0,2345.0,2365.0,226415.0
2017-02-08 00:00:00+09:00,2380.0,2380.0,2315.0,2325.0,409101.0
2017-02-09 00:00:00+09:00,2335.0,2365.0,2325.0,2340.0,194479.0
2017-02-10 00:00:00+09:00,2365.0,2370.0,2325.0,2345.0,305288.0
2017-02-13 00:00:00+09:00,2355.0,2365.0,2335.0,2365.0,192699.0
2017-02-14 00:00:00+09:00,2380.0,2385.0,2320.0,2345.0,405832.0
2017-02-15 00:00:00+09:00,2345.0,2345.0,2320.0,2330.0,339014.0
2017-02-16 00:00:00+09:00,2335.0,2345.0,2265.0,2265.0,783628.0
2017-02-17 00:00:00+09:00,2260.0,2275.0,2245.0,2250.0,505789.0
2017-02-20 00:00:00+09:00,2250.0,2255.0,2210.0,2215.0,434443.0
2017-02-21 00:00:00+09:00,2225.0,2325.0,2225.0,2315.0,490337.0
2017-02-22 00:00:00+09:00,2320.0,2355.0,2300.0,2340.0,686995.0
2017-02-23 00:00:00+09:00,2345.0,2350.0,2320.0,2335.0,479950.0
2017-02-24 00:00:00+09:00,2345.0,2365.0,2325.0,2350.0,525990.0
2017-02-27 00:00:00+09:00,2350.0,2355.0,2315.0,2325.0,305849.0
2017-02-28 00:00:00+09:00,2315.0,2340.0,2305.0,2305.0,314570.0
2017-03-02 00:00:00+09:00,2340.0,2370.0,2315.0,2330.0,582930.0
2017-03-03 00:00:00+09:00,2330.0,2330.0,2260.0,2265.0,466105.0
2017-03-06 00:00:00+09:00,2255.0,2260.0,2240.0,2250.0,324946.0
2017-03-07 00:00:00+09:00,2255.0,2305.0,2250.0,2295.0,259597.0
2017-03-08 00:00:00+09:00,2280.0,2290.0,2240.0,2255.0,349070.0
2017-03-09 00:00:00+09:00,2245.0,2270.0,2240.0,2245.0,266932.0
2017-03-10 00:00:00+09:00,2250.0,2270.0,2190.0,2265.0,1040075.0
2017-03-13 00:00:00+09:00,2275.0,2345.0,2265.0,2330.0,708894.0
2017-03-14 00:00:00+09:00,2335.0,2350.0,2310.0,2325.0,543864.0
2017-03-15 00:00:00+09:00,2330.0,2340.0,2300.0,2325.0,486405.0
2017-03-16 00:00:00+09:00,2345.0,2420.0,2345.0,2380.0,1241400.0
2017-03-17 00:00:00+09:00,2390.0,2420.0,2375.0,2385.0,759533.0
2017-03-20 00:00:00+09:00,2385.0,2395.0,2340.0,2390.0,298787.0
2017-03-21 00:00:00+09:00,2400.0,2500.0,2395.0,2500.0,1622329.0
2017-03-22 00:00:00+09:00,2470.0,2495.0,2440.0,2470.0,901651.0
2017-03-23 00:00:00+09:00,2470.0,2550.0,2445.0,2550.0,934501.0
2017-03-24 00:00:00+09:00,2545.0,2625.0,2535.0,2610.0,1209741.0
2017-03-27 00:00:00+09:00,2610.0,2610.0,2495.0,2520.0,839168.0
2017-03-28 00:00:00+09:00,2515.0,2555.0,2515.0,2535.0,340880.0
2017-03-29 00:00:00+09:00,2550.0,2555.0,2480.0,2505.0,543062.0
2017-03-30 00:00:00+09:00,2505.0,2505.0,2440.0,2470.0,489912.0
2017-03-31 00:00:00+09:00,2480.0,2500.0,2460.0,2485.0,386044.0
2017-04-03 00:00:00+09:00,2490.0,2490.0,2440.0,2470.0,534602.0
2017-04-04 00:00:00+09:00,2460.0,2460.0,2410.0,2420.0,355502.0
2017-04-05 00:00:00+09:00,2425.0,2450.0,2360.0,2445.0,447566.0
2017-04-06 00:00:00+09:00,2415.0,2430.0,2390.0,2410.0,458911.0
2017-04-07 00:00:00+09:00,2425.0,2425.0,2390.0,2400.0,198482.0
2017-04-10 00:00:00+09:00,2400.0,2410.0,2330.0,2335.0,474532.0
2017-04-11 00:00:00+09:00,2325.0,2375.0,2300.0,2355.0,487296.0
2017-04-12 00:00:00+09:00,2355.0,2370.0,2330.0,2365.0,237795.0
2017-04-13 00:00:00+09:00,2355.0,2430.0,2350.0,2430.0,434538.0
2017-04-14 00:00:00+09:00,2420.0,2420.0,2360.0,2375.0,290136.0
2017-04-17 00:00:00+09:00,2365.0,2410.0,2365.0,2410.0,254436.0
2017-04-18 00:00:00+09:00,2420.0,2435.0,2395.0,2410.0,343207.0
2017-04-19 00:00:00+09:00,2390.0,2405.0,2365.0,2365.0,350670.0
2017-04-20 00:00:00+09:00,2350.0,2400.0,2340.0,2395.0,327643.0
2017-04-21 00:00:00+09:00,2410.0,2420.0,2385.0,2390.0,318340.0
2017-04-24 00:00:00+09:00,2400.0,2470.0,2390.0,2450.0,624750.0
2017-04-25 00:00:00+09:00,2460.0,2530.0,2435.0,2530.0,912652.0
2017-04-26 00:00:00+09:00,2550.0,2600.0,2550.0,2570.0,1344240.0
2017-04-27 00:00:00+09:00,2565.0,2620.0,2565.0,2590.0,503686.0
2017-04-28 00:00:00+09:00,2580.0,2585.0,2535.0,2560.0,319708.0
2017-05-02 00:00:00+09:00,2550.0,2685.0,2550.0,2665.0,1317288.0
2017-05-04 00:00:00+09:00,2690.0,2745.0,2680.0,2740.0,928191.0
2017-05-08 00:00:00+09:00,2770.0,2775.0,2700.0,2770.0,876360.0
2017-05-10 00:00:00+09:00,2770.0,2840.0,2710.0,2720.0,963035.0
2017-05-11 00:00:00+09:00,2725.0,2875.0,2710.0,2855.0,1465510.0
2017-05-12 00:00:00+09:00,2850.0,2900.0,2830.0,2830.0,908813.0
2017-05-15 00:00:00+09:00,2830.0,2865.0,2815.0,2835.0,532739.0
2017-05-16 00:00:00+09:00,2910.0,2990.0,2865.0,2930.0,1703539.0
2017-05-17 00:00:00+09:00,2930.0,2935.0,2860.0,2875.0,906175.0
2017-05-18 00:00:00+09:00,2790.0,2835.0,2760.0,2805.0,1214835.0
2017-05-19 00:00:00+09:00,2810.0,2855.0,2795.0,2810.0,1016570.0
2017-05-22 00:00:00+09:00,2845.0,2870.0,2810.0,2870.0,748455.0
2017-05-23 00:00:00+09:00,2875.0,2985.0,2870.0,2955.0,1350880.0
2017-05-24 00:00:00+09:00,2980.0,2990.0,2920.0,2990.0,873553.0
2017-05-25 00:00:00+09:00,3020.0,3100.0,3005.0,3100.0,1588418.0
2017-05-26 00:00:00+09:00,3115.0,3180.0,3080.0,3135.0,1314328.0
2017-05-29 00:00:00+09:00,3160.0,3160.0,2990.0,3030.0,1216278.0
2017-05-30 00:00:00+09:00,3030.0,3180.0,2990.0,3150.0,1534301.0
2017-05-31 00:00:00+09:00,3125.0,3135.0,3055.0,3115.0,907609.0
2017-06-01 00:00:00+09:00,3090.0,3105.0,3020.0,3045.0,845293.0
2017-06-02 00:00:00+09:00,3075.0,3105.0,3055.0,3060.0,1153464.0
2017-06-05 00:00:00+09:00,3070.0,3090.0,2985.0,3025.0,653955.0
2017-06-07 00:00:00+09:00,3000.0,3095.0,2990.0,3075.0,643790.0
2017-06-08 00:00:00+09:00,3075.0,3120.0,3025.0,3120.0,693189.0
2017-06-09 00:00:00+09:00,3125.0,3575.0,3125.0,3390.0,5075739.0
2017-06-12 00:00:00+09:00,3385.0,3560.0,3345.0,3365.0,2922838.0
2017-06-13 00:00:00+09:00,3350.0,3840.0,3335.0,3750.0,3920845.0
2017-06-14 00:00:00+09:00,3790.0,3830.0,3600.0,3645.0,2479486.0
2017-06-15 00:00:00+09:00,3655.0,3695.0,3440.0,3515.0,2105444.0
2017-06-16 00:00:00+09:00,3485.0,3660.0,3445.0,3600.0,2002567.0
2017-06-19 00:00:00+09:00,3600.0,3635.0,3520.0,3530.0,794566.0
2017-06-20 00:00:00+09:00,3575.0,3595.0,3390.0,3390.0,1237395.0
2017-06-21 00:00:00+09:00,3395.0,3465.0,3285.0,3300.0,1446627.0
2017-06-22 00:00:00+09:00,3300.0,3435.0,3265.0,3360.0,1112855.0
2017-06-23 00:00:00+09:00,3370.0,3450.0,3350.0,3425.0,1046745.0
2017-06-26 00:00:00+09:00,3455.0,3465.0,3375.0,3435.0,824097.0
2017-06-27 00:00:00+09:00,3440.0,3450.0,3365.0,3375.0,561826.0
2017-06-28 00:00:00+09:00,3345.0,3460.0,3270.0,3400.0,837617.0
2017-06-29 00:00:00+09:00,3465.0,3810.0,3450.0,3725.0,4881692.0
2017-06-30 00:00:00+09:00,3665.0,3780.0,3620.0,3750.0,2314761.0
2017-07-03 00:00:00+09:00,3750.0,3775.0,3635.0,3665.0,1050059.0
2017-07-04 00:00:00+09:00,3690.0,3950.0,3635.0,3660.0,2995274.0
2017-07-05 00:00:00+09:00,3690.0,3825.0,3635.0,3815.0,1467022.0
2017-07-06 00:00:00+09:00,3840.0,3905.0,3780.0,3825.0,1535527.0
2017-07-07 00:00:00+09:00,3780.0,3825.0,3675.0,3680.0,1233951.0
2017-07-10 00:00:00+09:00,3705.0,3715.0,3555.0,3660.0,1266029.0
2017-07-11 00:00:00+09:00,3660.0,3820.0,3615.0,3820.0,1389593.0
2017-07-12 00:00:00+09:00,3810.0,3825.0,3730.0,3740.0,1071673.0
2017-07-13 00:00:00+09:00,3830.0,3905.0,3775.0,3795.0,1865741.0
2017-07-14 00:00:00+09:00,3805.0,3820.0,3720.0,3745.0,760472.0
2017-07-17 00:00:00+09:00,3790.0,3845.0,3735.0,3760.0,795218.0
2017-07-18 00:00:00+09:00,3740.0,3790.0,3625.0,3655.0,1144261.0
2017-07-19 00:00:00+09:00,3650.0,3725.0,3630.0,3680.0,760719.0
2017-07-20 00:00:00+09:00,3700.0,3820.0,3590.0,3770.0,1238994.0
2017-07-21 00:00:00+09:00,3760.0,3945.0,3750.0,3935.0,2835442.0
2017-07-24 00:00:00+09:00,3975.0,3980.0,3885.0,3925.0,1469774.0
2017-07-25 00:00:00+09:00,3920.0,4030.0,3830.0,3870.0,2325662.0
2017-07-26 00:00:00+09:00,3930.0,3945.0,3780.0,3835.0,1376849.0
2017-07-27 00:00:00+09:00,3850.0,3860.0,3765.0,3780.0,996796.0
2017-07-28 00:00:00+09:00,3745.0,3780.0,3605.0,3610.0,1802485.0
2017-07-31 00:00:00+09:00,3540.0,3675.0,3525.0,3675.0,862047.0
2017-08-01 00:00:00+09:00,3670.0,3820.0,3635.0,3780.0,1224124.0
2017-08-02 00:00:00+09:00,3835.0,3835.0,3725.0,3725.0,656537.0
2017-08-03 00:00:00+09:00,3725.0,3740.0,3475.0,3550.0,1598836.0
2017-08-04 00:00:00+09:00,3545.0,3610.0,3455.0,3545.0,884233.0
2017-08-07 00:00:00+09:00,3590.0,3620.0,3505.0,3550.0,503010.0
2017-08-08 00:00:00+09:00,3555.0,3605.0,3510.0,3520.0,398286.0
2017-08-09 00:00:00+09:00,3490.0,3510.0,3360.0,3370.0,1028047.0
2017-08-10 00:00:00+09:00,3370.0,3425.0,3245.0,3375.0,1421368.0
2017-08-11 00:00:00+09:00,3285.0,3340.0,3240.0,3260.0,1120667.0
2017-08-14 00:00:00+09:00,3310.0,3355.0,3285.0,3290.0,743931.0
2017-08-16 00:00:00+09:00,3360.0,3375.0,3210.0,3235.0,997600.0
2017-08-17 00:00:00+09:00,3240.0,3280.0,3150.0,3255.0,980365.0
2017-08-18 00:00:00+09:00,3180.0,3265.0,3165.0,3260.0,567974.0
2017-08-21 00:00:00+09:00,3220.0,3260.0,3180.0,3185.0,461899.0
2017-08-22 00:00:00+09:00,3185.0,3315.0,3180.0,3305.0,757682.0
2017-08-23 00:00:00+09:00,3350.0,3360.0,3190.0,3205.0,1014924.0
2017-08-24 00:00:00+09:00,3205.0,3260.0,3160.0,3185.0,514984.0
2017-08-25 00:00:00+09:00,3205.0,3220.0,3165.0,3195.0,360236.0
2017-08-28 00:00:00+09:00,3195.0,3220.0,3145.0,3160.0,567609.0
2017-08-29 00:00:00+09:00,3135.0,3135.0,3050.0,3115.0,928573.0
2017-08-30 00:00:00+09:00,3135.0,3140.0,3070.0,3085.0,720371.0
2017-08-31 00:00:00+09:00,3115.0,3125.0,3070.0,3115.0,501505.0
2017-09-01 00:00:00+09:00,3120.0,3135.0,3050.0,3050.0,623201.0
2017-09-04 00:00:00+09:00,2950.0,3015.0,2935.0,2960.0,1159830.0
2017-09-05 00:00:00+09:00,2980.0,3015.0,2855.0,2875.0,1050149.0
2017-09-06 00:00:00+09:00,2855.0,2885.0,2790.0,2855.0,1051452.0
2017-09-07 00:00:00+09:00,2900.0,3025.0,2895.0,3025.0,1020248.0
2017-09-08 00:00:00+09:00,3020.0,3020.0,2950.0,2970.0,526330.0
2017-09-11 00:00:00+09:00,3000.0,3075.0,2990.0,3035.0,611988.0
2017-09-12 00:00:00+09:00,3090.0,3100.0,2995.0,3020.0,503393.0
2017-09-13 00:00:00+09:00,3010.0,3020.0,2920.0,2960.0,631545.0
2017-09-14 00:00:00+09:00,2920.0,3030.0,2920.0,3030.0,464170.0
2017-09-15 00:00:00+09:00,3015.0,3050.0,2975.0,3050.0,490487.0
2017-09-18 00:00:00+09:00,3050.0,3245.0,3050.0,3220.0,1311134.0
2017-09-19 00:00:00+09:00,3225.0,3225.0,3165.0,3195.0,600355.0
2017-09-20 00:00:00+09:00,3210.0,3220.0,3085.0,3100.0,743779.0
2017-09-21 00:00:00+09:00,3090.0,3100.0,2995.0,3010.0,884723.0
2017-09-22 00:00:00+09:00,2945.0,3045.0,2875.0,2885.0,1051731.0
2017-09-25 00:00:00+09:00,2850.0,2875.0,2705.0,2715.0,1462013.0
2017-09-26 00:00:00+09:00,2680.0,2780.0,2675.0,2760.0,686793.0
2017-09-27 00:00:00+09:00,2770.0,2805.0,2735.0,2780.0,368133.0
2017-09-28 00:00:00+09:00,2780.0,2810.0,2765.0,2780.0,304889.0
2017-09-29 00:00:00+09:00,2780.0,2850.0,2780.0,2805.0,307103.0
2017-10-10 00:00:00+09:00,2750.0,2845.0,2750.0,2820.0,1975949.0
2017-10-11 00:00:00+09:00,2820.0,2860.0,2785.0,2855.0,694894.0
2017-10-12 00:00:00+09:00,2880.0,3030.0,2870.0,2970.0,1409847.0
2017-10-13 00:00:00+09:00,2970.0,3000.0,2905.0,2975.0,809012.0
2017-10-16 00:00:00+09:00,3000.0,3035.0,2925.0,2935.0,599178.0
2017-10-17 00:00:00+09:00,2965.0,2965.0,2910.0,2925.0,446605.0
2017-10-18 00:00:00+09:00,2935.0,2935.0,2810.0,2820.0,660162.0
2017-10-19 00:00:00+09:00,2845.0,2910.0,2830.0,2870.0,594777.0
2017-10-20 00:00:00+09:00,2850.0,2925.0,2845.0,2920.0,303604.0
2017-10-23 00:00:00+09:00,2945.0,2950.0,2840.0,2855.0,354837.0
2017-10-24 00:00:00+09:00,2850.0,2880.0,2810.0,2825.0,370336.0
2017-10-25 00:00:00+09:00,2865.0,2870.0,2815.0,2855.0,246617.0
2017-10-26 00:00:00+09:00,2850.0,2850.0,2755.0,2770.0,820110.0
2017-10-27 00:00:00+09:00,2770.0,2860.0,2770.0,2860.0,447688.0
2017-10-30 00:00:00+09:00,2910.0,2910.0,2780.0,2815.0,649048.0
2017-10-31 00:00:00+09:00,2805.0,2890.0,2780.0,2890.0,572967.0
2017-11-01 00:00:00+09:00,2910.0,3030.0,2890.0,2990.0,1839459.0
2017-11-02 00:00:00+09:00,2995.0,2995.0,2880.0,2880.0,665217.0
2017-11-03 00:00:00+09:00,2925.0,2925.0,2875.0,2900.0,285379.0
2017-11-06 00:00:00+09:00,2895.0,2910.0,2830.0,2865.0,444372.0
2017-11-07 00:00:00+09:00,2875.0,2875.0,2830.0,2845.0,283688.0
2017-11-08 00:00:00+09:00,2835.0,2865.0,2820.0,2860.0,386349.0
2017-11-09 00:00:00+09:00,2860.0,2865.0,2790.0,2800.0,657864.0
2017-11-10 00:00:00+09:00,2800.0,2810.0,2765.0,2785.0,583437.0
2017-11-13 00:00:00+09:00,2790.0,2875.0,2770.0,2845.0,771301.0
2017-11-14 00:00:00+09:00,2855.0,2855.0,2765.0,2795.0,808907.0
2017-11-15 00:00:00+09:00,2790.0,2915.0,2785.0,2885.0,1352196.0
2017-11-16 00:00:00+09:00,2885.0,2980.0,2860.0,2955.0,1186492.0
2017-11-17 00:00:00+09:00,2975.0,3015.0,2890.0,2890.0,866685.0
2017-11-20 00:00:00+09:00,2875.0,2940.0,2875.0,2925.0,696369.0
2017-11-21 00:00:00+09:00,2925.0,2950.0,2855.0,2865.0,635095.0
2017-11-22 00:00:00+09:00,2900.0,3085.0,2900.0,3055.0,3114850.0
2017-11-23 00:00:00+09:00,3065.0,3155.0,2985.0,3100.0,1607419.0
2017-11-24 00:00:00+09:00,3135.0,3150.0,3035.0,3080.0,984183.0
2017-11-27 00:00:00+09:00,3100.0,3175.0,3010.0,3010.0,1369122.0
2017-11-28 00:00:00+09:00,3015.0,3030.0,2930.0,2975.0,751071.0
2017-11-29 00:00:00+09:00,3010.0,3010.0,2950.0,2970.0,398087.0
2017-11-30 00:00:00+09:00,2960.0,2970.0,2900.0,2920.0,822675.0
2017-12-01 00:00:00+09:00,2950.0,2950.0,2880.0,2930.0,461346.0
2017-12-04 00:00:00+09:00,2930.0,2970.0,2915.0,2970.0,482612.0
2017-12-05 00:00:00+09:00,2965.0,3085.0,2925.0,3050.0,960861.0
2017-12-06 00:00:00+09:00,3020.0,3070.0,2980.0,2995.0,785841.0
2017-12-07 00:00:00+09:00,2995.0,3015.0,2890.0,2915.0,772632.0
2017-12-08 00:00:00+09:00,2920.0,2945.0,2795.0,2805.0,771471.0
2017-12-11 00:00:00+09:00,2830.0,2850.0,2805.0,2840.0,256619.0
2017-12-12 00:00:00+09:00,2855.0,2855.0,2790.0,2820.0,417714.0
2017-12-13 00:00:00+09:00,2815.0,2895.0,2815.0,2885.0,492191.0
2017-12-14 00:00:00+09:00,2865.0,2910.0,2855.0,2875.0,417447.0
2017-12-15 00:00:00+09:00,2880.0,2890.0,2825.0,2860.0,461232.0
2017-12-18 00:00:00+09:00,2855.0,2855.0,2750.0,2775.0,915011.0
2017-12-19 00:00:00+09:00,2770.0,2805.0,2735.0,2745.0,715403.0
2017-12-20 00:00:00+09:00,2755.0,2765.0,2715.0,2730.0,343531.0
2017-12-21 00:00:00+09:00,2720.0,2740.0,2640.0,2640.0,586119.0
2017-12-22 00:00:00+09:00,2655.0,2670.0,2605.0,2625.0,437185.0
2017-12-26 00:00:00+09:00,2620.0,2655.0,2570.0,2585.0,628689.0
2017-12-27 00:00:00+09:00,2590.0,2665.0,2590.0,2655.0,506883.0
2017-12-28 00:00:00+09:00,2660.0,2715.0,2630.0,2700.0,377481.0
2018-01-02 00:00:00+09:00,2710.0,2730.0,2675.0,2700.0,382334.0
2018-01-03 00:00:00+09:00,2710.0,2750.0,2695.0,2730.0,485722.0
2018-01-04 00:00:00+09:00,2750.0,2810.0,2735.0,2795.0,666439.0
2018-01-05 00:00:00+09:00,2810.0,2915.0,2795.0,2895.0,811166.0
2018-01-08 00:00:00+09:00,2930.0,2955.0,2865.0,2930.0,907904.0
2018-01-09 00:00:00+09:00,2930.0,2945.0,2855.0,2860.0,515203.0
2018-01-10 00:00:00+09:00,2870.0,2915.0,2860.0,2915.0,609667.0
2018-01-11 00:00:00+09:00,2915.0,2925.0,2855.0,2920.0,475615.0
2018-01-12 00:00:00+09:00,2945.0,3070.0,2940.0,3045.0,2389899.0
2018-01-15 00:00:00+09:00,3100.0,3170.0,3080.0,3135.0,2161617.0
2018-01-16 00:00:00+09:00,3135.0,3140.0,3050.0,3085.0,972374.0
2018-01-17 00:00:00+09:00,3085.0,3120.0,3035.0,3070.0,694307.0
2018-01-18 00:00:00+09:00,3120.0,3260.0,3095.0,3145.0,2525696.0
2018-01-19 00:00:00+09:00,3150.0,3160.0,3100.0,3135.0,567866.0
2018-01-22 00:00:00+09:00,3150.0,3155.0,3060.0,3080.0,864089.0
2018-01-23 00:00:00+09:00,3100.0,3265.0,3100.0,3265.0,2202801.0
2018-01-24 00:00:00+09:00,3285.0,3450.0,3275.0,3365.0,3156761.0
2018-01-25 00:00:00+09:00,3395.0,3525.0,3390.0,3480.0,2584561.0
2018-01-26 00:00:00+09:00,3530.0,3555.0,3420.0,3500.0,1706072.0
2018-01-29 00:00:00+09:00,3545.0,3840.0,3520.0,3735.0,4879228.0
2018-01-30 00:00:00+09:00,3660.0,3820.0,3635.0,3695.0,2528733.0
2018-01-31 00:00:00+09:00,3585.0,3720.0,3520.0,3640.0,2718035.0
2018-02-01 00:00:00+09:00,3695.0,3710.0,3515.0,3670.0,1709944.0
2018-02-02 00:00:00+09:00,3645.0,3670.0,3470.0,3500.0,1702141.0
2018-02-05 00:00:00+09:00,3330.0,3495.0,3320.0,3415.0,2033216.0
2018-02-06 00:00:00+09:00,3250.0,3360.0,3165.0,3330.0,2874979.0
2018-02-07 00:00:00+09:00,3445.0,3445.0,3250.0,3250.0,1932475.0
2018-02-08 00:00:00+09:00,3250.0,3340.0,3200.0,3315.0,1285195.0
2018-02-09 00:00:00+09:00,3120.0,3220.0,3120.0,3205.0,1536530.0
2018-02-12 00:00:00+09:00,3245.0,3270.0,3165.0,3220.0,1206159.0
2018-02-13 00:00:00+09:00,3260.0,3275.0,2945.0,3090.0,1467389.0
2018-02-14 00:00:00+09:00,3110.0,3180.0,3090.0,3160.0,643632.0
2018-02-19 00:00:00+09:00,3225.0,3275.0,3185.0,3220.0,846718.0
2018-02-20 00:00:00+09:00,3205.0,3260.0,3165.0,3180.0,644688.0
2018-02-21 00:00:00+09:00,3205.0,3280.0,3165.0,3225.0,956114.0
2018-02-22 00:00:00+09:00,3210.0,3245.0,3185.0,3215.0,684804.0
2018-02-23 00:00:00+09:00,3230.0,3270.0,3190.0,3255.0,682027.0
2018-02-26 00:00:00+09:00,3295.0,3300.0,3200.0,3225.0,674165.0
2018-02-27 00:00:00+09:00,3275.0,3280.0,3200.0,3200.0,482367.0
2018-02-28 00:00:00+09:00,3165.0,3190.0,3080.0,3105.0,796251.0
2018-03-02 00:00:00+09:00,3045.0,3095.0,3000.0,3070.0,827549.0
2018-03-05 00:00:00+09:00,3070.0,3075.0,2975.0,2975.0,791272.0
2018-03-06 00:00:00+09:00,3030.0,3130.0,3020.0,3120.0,828642.0
2018-03-07 00:00:00+09:00,3130.0,3140.0,3065.0,3110.0,587919.0
2018-03-08 00:00:00+09:00,3085.0,3145.0,3080.0,3130.0,304694.0
2018-03-09 00:00:00+09:00,3160.0,3325.0,3135.0,3275.0,1133587.0
2018-03-12 00:00:00+09:00,3350.0,3375.0,3295.0,3330.0,819579.0
2018-03-13 00:00:00+09:00,3300.0,3310.0,3240.0,3250.0,579139.0
2018-03-14 00:00:00+09:00,3210.0,3240.0,3185.0,3210.0,462758.0
2018-03-15 00:00:00+09:00,3220.0,3220.0,3120.0,3195.0,584389.0
2018-03-16 00:00:00+09:00,3205.0,3225.0,3165.0,3220.0,297451.0
2018-03-19 00:00:00+09:00,3220.0,3230.0,3090.0,3130.0,919486.0
2018-03-20 00:00:00+09:00,3110.0,3140.0,3075.0,3125.0,653638.0
2018-03-21 00:00:00+09:00,3140.0,3155.0,3090.0,3090.0,688545.0
2018-03-22 00:00:00+09:00,3120.0,3240.0,3115.0,3185.0,884291.0
2018-03-23 00:00:00+09:00,3100.0,3130.0,2970.0,2975.0,1672485.0
2018-03-26 00:00:00+09:00,2950.0,3030.0,2950.0,3015.0,470921.0
2018-03-27 00:00:00+09:00,3075.0,3090.0,3020.0,3055.0,679100.0
2018-03-28 00:00:00+09:00,3010.0,3015.0,2940.0,2975.0,851351.0
2018-03-29 00:00:00+09:00,3000.0,3040.0,2955.0,3035.0,534069.0
2018-03-30 00:00:00+09:00,3055.0,3090.0,3045.0,3060.0,497444.0
2018-04-02 00:00:00+09:00,3070.0,3115.0,2995.0,3000.0,557225.0
2018-04-03 00:00:00+09:00,2940.0,3000.0,2935.0,3000.0,633073.0
2018-04-04 00:00:00+09:00,3020.0,3020.0,2890.0,2890.0,1003420.0
2018-04-05 00:00:00+09:00,2935.0,2985.0,2920.0,2960.0,417734.0
2018-04-06 00:00:00+09:00,2955.0,2980.0,2920.0,2965.0,420181.0
2018-04-09 00:00:00+09:00,2925.0,2960.0,2895.0,2930.0,496348.0
2018-04-10 00:00:00+09:00,2930.0,2970.0,2855.0,2960.0,654732.0
2018-04-11 00:00:00+09:00,2980.0,3010.0,2965.0,3000.0,416235.0
2018-04-12 00:00:00+09:00,2985.0,3020.0,2975.0,2995.0,306108.0
2018-04-13 00:00:00+09:00,3020.0,3080.0,2990.0,3040.0,523171.0
2018-04-16 00:00:00+09:00,3040.0,3055.0,2975.0,3010.0,660279.0
2018-04-17 00:00:00+09:00,3030.0,3035.0,2990.0,3020.0,269146.0
2018-04-18 00:00:00+09:00,3040.0,3140.0,3040.0,3140.0,1175124.0
2018-04-19 00:00:00+09:00,3155.0,3190.0,3090.0,3140.0,638062.0
2018-04-20 00:00:00+09:00,3115.0,3170.0,3085.0,3130.0,412920.0
2018-04-23 00:00:00+09:00,3130.0,3145.0,3105.0,3140.0,452052.0
2018-04-24 00:00:00+09:00,3155.0,3230.0,3110.0,3180.0,819749.0
2018-04-25 00:00:00+09:00,3145.0,3190.0,3115.0,3155.0,448083.0
2018-04-26 00:00:00+09:00,3180.0,3220.0,3155.0,3185.0,518162.0
2018-04-27 00:00:00+09:00,3200.0,3290.0,3190.0,3215.0,681820.0
2018-04-30 00:00:00+09:00,3235.0,3240.0,3150.0,3235.0,719452.0
2018-05-02 00:00:00+09:00,3220.0,3235.0,3145.0,3145.0,652608.0
2018-05-03 00:00:00+09:00,3140.0,3185.0,3125.0,3130.0,392009.0
2018-05-04 00:00:00+09:00,3125.0,3225.0,3120.0,3190.0,804597.0
2018-05-08 00:00:00+09:00,3240.0,3240.0,3100.0,3100.0,680632.0
2018-05-09 00:00:00+09:00,3120.0,3120.0,3020.0,3030.0,737373.0
2018-05-10 00:00:00+09:00,3055.0,3095.0,3040.0,3070.0,448728.0
2018-05-11 00:00:00+09:00,3095.0,3240.0,3090.0,3215.0,1382758.0
2018-05-14 00:00:00+09:00,3225.0,3250.0,3205.0,3230.0,667893.0
2018-05-15 00:00:00+09:00,3245.0,3250.0,3160.0,3165.0,571836.0
2018-05-16 00:00:00+09:00,3165.0,3170.0,3115.0,3150.0,588909.0
2018-05-17 00:00:00+09:00,3155.0,3195.0,3105.0,3110.0,545318.0
2018-05-18 00:00:00+09:00,3120.0,3140.0,3075.0,3125.0,509374.0
2018-05-21 00:00:00+09:00,3140.0,3150.0,3070.0,3100.0,452141.0
2018-05-23 00:00:00+09:00,3095.0,3110.0,3045.0,3070.0,388736.0
2018-05-24 00:00:00+09:00,3090.0,3135.0,3050.0,3060.0,465492.0
2018-05-25 00:00:00+09:00,3000.0,3030.0,2980.0,2995.0,740225.0
2018-05-28 00:00:00+09:00,3020.0,3090.0,3000.0,3090.0,966079.0
2018-05-29 00:00:00+09:00,3070.0,3100.0,3045.0,3080.0,655534.0
2018-05-30 00:00:00+09:00,3050.0,3050.0,2920.0,2975.0,1260088.0
2018-05-31 00:00:00+09:00,3010.0,3010.0,2940.0,2975.0,631590.0
2018-06-01 00:00:00+09:00,2945.0,2980.0,2925.0,2955.0,425098.0
2018-06-04 00:00:00+09:00,2940.0,2940.0,2670.0,2715.0,4205627.0
2018-06-05 00:00:00+09:00,2730.0,2830.0,2700.0,2825.0,1077013.0
2018-06-07 00:00:00+09:00,2845.0,3025.0,2830.0,3010.0,2149215.0
2018-06-08 00:00:00+09:00,3010.0,3010.0,2925.0,2985.0,470159.0
2018-06-11 00:00:00+09:00,2985.0,3050.0,2955.0,3030.0,485822.0
2018-06-12 00:00:00+09:00,3070.0,3075.0,2980.0,2985.0,346675.0
2018-06-14 00:00:00+09:00,2940.0,2970.0,2865.0,2865.0,658823.0
2018-06-15 00:00:00+09:00,2885.0,2915.0,2790.0,2790.0,628207.0
2018-06-18 00:00:00+09:00,2795.0,2815.0,2700.0,2720.0,737066.0
2018-06-19 00:00:00+09:00,2720.0,2790.0,2670.0,2680.0,648519.0
2018-06-20 00:00:00+09:00,2680.0,2745.0,2665.0,2735.0,402327.0
2018-06-21 00:00:00+09:00,2715.0,2735.0,2645.0,2660.0,550525.0
2018-06-22 00:00:00+09:00,2620.0,2755.0,2585.0,2665.0,637913.0
2018-06-25 00:00:00+09:00,2660.0,2795.0,2635.0,2775.0,652015.0
2018-06-26 00:00:00+09:00,2725.0,2745.0,2670.0,2705.0,255004.0
2018-06-27 00:00:00+09:00,2690.0,2735.0,2635.0,2635.0,408218.0
2018-06-28 00:00:00+09:00,2605.0,2660.0,2575.0,2575.0,360972.0
2018-06-29 00:00:00+09:00,2580.0,2615.0,2515.0,2600.0,509599.0
2018-07-02 00:00:00+09:00,2580.0,2610.0,2460.0,2465.0,755880.0
2018-07-03 00:00:00+09:00,2455.0,2505.0,2390.0,2440.0,601034.0
2018-07-04 00:00:00+09:00,2415.0,2480.0,2395.0,2435.0,443987.0
2018-07-05 00:00:00+09:00,2440.0,2455.0,2410.0,2435.0,313620.0
2018-07-06 00:00:00+09:00,2440.0,2555.0,2440.0,2505.0,401233.0
2018-07-09 00:00:00+09:00,2500.0,2535.0,2470.0,2500.0,271503.0
2018-07-10 00:00:00+09:00,2550.0,2560.0,2510.0,2520.0,249332.0
2018-07-11 00:00:00+09:00,2520.0,2525.0,2450.0,2480.0,238228.0
2018-07-12 00:00:00+09:00,2475.0,2505.0,2455.0,2480.0,156899.0
2018-07-13 00:00:00+09:00,2500.0,2580.0,2500.0,2565.0,386214.0
2018-07-16 00:00:00+09:00,2580.0,2585.0,2490.0,2490.0,311327.0
2018-07-17 00:00:00+09:00,2490.0,2530.0,2480.0,2485.0,326104.0
2018-07-18 00:00:00+09:00,2510.0,2530.0,2460.0,2460.0,364542.0
2018-07-19 00:00:00+09:00,2475.0,2720.0,2450.0,2455.0,2398841.0
2018-07-20 00:00:00+09:00,2455.0,2490.0,2425.0,2460.0,414824.0
2018-07-23 00:00:00+09:00,2470.0,2475.0,2395.0,2395.0,354134.0
2018-07-24 00:00:00+09:00,2395.0,2435.0,2390.0,2405.0,367894.0
2018-07-25 00:00:00+09:00,2415.0,2470.0,2400.0,2405.0,208049.0
2018-07-26 00:00:00+09:00,2440.0,2480.0,2420.0,2475.0,298907.0
2018-07-27 00:00:00+09:00,2490.0,2505.0,2455.0,2480.0,284612.0
2018-07-30 00:00:00+09:00,2470.0,2490.0,2445.0,2490.0,210099.0
2018-07-31 00:00:00+09:00,2485.0,2550.0,2470.0,2535.0,369926.0
2018-08-01 00:00:00+09:00,2560.0,2600.0,2540.0,2590.0,426037.0
2018-08-02 00:00:00+09:00,2595.0,2595.0,2495.0,2500.0,324180.0
2018-08-03 00:00:00+09:00,2520.0,2535.0,2495.0,2510.0,198360.0
2018-08-06 00:00:00+09:00,2510.0,2550.0,2495.0,2525.0,224349.0
2018-08-07 00:00:00+09:00,2525.0,2540.0,2500.0,2510.0,166637.0
2018-08-08 00:00:00+09:00,2525.0,2550.0,2515.0,2525.0,279117.0
2018-08-09 00:00:00+09:00,2530.0,2550.0,2470.0,2490.0,280285.0
2018-08-10 00:00:00+09:00,2485.0,2500.0,2465.0,2470.0,234032.0
2018-08-13 00:00:00+09:00,2470.0,2485.0,2395.0,2400.0,506898.0
2018-08-14 00:00:00+09:00,2400.0,2425.0,2395.0,2405.0,385139.0
2018-08-16 00:00:00+09:00,2400.0,2425.0,2350.0,2390.0,349961.0
2018-08-17 00:00:00+09:00,2425.0,2450.0,2405.0,2440.0,296757.0
2018-08-20 00:00:00+09:00,2440.0,2475.0,2410.0,2445.0,270196.0
2018-08-21 00:00:00+09:00,2450.0,2550.0,2435.0,2540.0,463259.0
2018-08-22 00:00:00+09:00,2540.0,2560.0,2505.0,2505.0,247447.0
2018-08-23 00:00:00+09:00,2510.0,2545.0,2495.0,2510.0,260402.0
2018-08-24 00:00:00+09:00,2505.0,2540.0,2495.0,2525.0,188491.0
2018-08-27 00:00:00+09:00,2535.0,2565.0,2510.0,2545.0,381713.0
2018-08-28 00:00:00+09:00,2575.0,2620.0,2560.0,2570.0,489267.0
2018-08-29 00:00:00+09:00,2580.0,2600.0,2560.0,2580.0,312621.0
2018-08-30 00:00:00+09:00,2595.0,2600.0,2540.0,2560.0,349793.0
2018-08-31 00:00:00+09:00,2550.0,2585.0,2535.0,2585.0,175077.0
2018-09-03 00:00:00+09:00,2580.0,2585.0,2535.0,2565.0,171008.0
2018-09-04 00:00:00+09:00,2565.0,2580.0,2540.0,2575.0,123580.0
2018-09-05 00:00:00+09:00,2550.0,2570.0,2540.0,2540.0,191097.0
2018-09-06 00:00:00+09:00,2530.0,2555.0,2515.0,2520.0,176169.0
2018-09-07 00:00:00+09:00,2515.0,2545.0,2495.0,2520.0,240798.0
2018-09-10 00:00:00+09:00,2530.0,2540.0,2490.0,2535.0,139663.0
2018-09-11 00:00:00+09:00,2535.0,2550.0,2485.0,2510.0,258516.0
2018-09-12 00:00:00+09:00,2530.0,2530.0,2480.0,2490.0,148610.0
2018-09-13 00:00:00+09:00,2470.0,2520.0,2470.0,2520.0,189103.0
2018-09-14 00:00:00+09:00,2540.0,2590.0,2535.0,2575.0,430336.0
2018-09-17 00:00:00+09:00,2575.0,2575.0,2515.0,2520.0,287516.0
2018-09-18 00:00:00+09:00,2510.0,2515.0,2485.0,2495.0,184459.0
2018-09-19 00:00:00+09:00,2515.0,2520.0,2480.0,2490.0,189686.0
2018-09-20 00:00:00+09:00,2500.0,2520.0,2480.0,2495.0,324292.0
2018-09-21 00:00:00+09:00,2520.0,2545.0,2495.0,2540.0,406343.0
2018-09-27 00:00:00+09:00,2530.0,2615.0,2525.0,2605.0,684085.0
2018-09-28 00:00:00+09:00,2610.0,2615.0,2560.0,2595.0,278888.0
2018-10-01 00:00:00+09:00,2595.0,2625.0,2580.0,2600.0,245149.0
2018-10-02 00:00:00+09:00,2590.0,2615.0,2505.0,2505.0,399885.0
2018-10-04 00:00:00+09:00,2515.0,2525.0,2400.0,2415.0,737312.0
2018-10-05 00:00:00+09:00,2405.0,2440.0,2395.0,2440.0,280173.0
2018-10-08 00:00:00+09:00,2410.0,2435.0,2360.0,2365.0,392596.0
2018-10-10 00:00:00+09:00,2350.0,2375.0,2220.0,2255.0,1150932.0
2018-10-11 00:00:00+09:00,2160.0,2175.0,2075.0,2075.0,1570143.0
2018-10-12 00:00:00+09:00,2015.0,2140.0,2015.0,2105.0,850438.0
2018-10-15 00:00:00+09:00,2080.0,2120.0,2065.0,2095.0,480521.0
2018-10-16 00:00:00+09:00,2075.0,2130.0,2075.0,2085.0,534178.0
2018-10-17 00:00:00+09:00,2120.0,2150.0,2105.0,2125.0,371494.0
2018-10-18 00:00:00+09:00,2120.0,2140.0,2050.0,2060.0,520518.0
2018-10-19 00:00:00+09:00,2065.0,2075.0,2020.0,2070.0,566667.0
2018-10-22 00:00:00+09:00,2070.0,2120.0,2045.0,2120.0,267691.0
2018-10-23 00:00:00+09:00,2120.0,2130.0,2040.0,2050.0,637212.0
2018-10-24 00:00:00+09:00,2070.0,2110.0,2060.0,2080.0,555704.0
2018-10-25 00:00:00+09:00,2035.0,2070.0,2000.0,2050.0,574514.0
2018-10-26 00:00:00+09:00,2080.0,2085.0,1990.0,2015.0,782541.0
2018-10-29 00:00:00+09:00,2000.0,2035.0,1910.0,1910.0,672167.0
2018-10-30 00:00:00+09:00,1890.0,1970.0,1875.0,1950.0,843924.0
2018-10-31 00:00:00+09:00,1970.0,2055.0,1955.0,2040.0,314151.0
2018-11-01 00:00:00+09:00,2050.0,2085.0,2020.0,2045.0,346459.0
2018-11-02 00:00:00+09:00,2065.0,2165.0,2060.0,2150.0,720181.0
2018-11-05 00:00:00+09:00,2120.0,2170.0,2080.0,2150.0,359287.0
2018-11-06 00:00:00+09:00,2175.0,2195.0,2130.0,2190.0,309378.0
2018-11-07 00:00:00+09:00,2185.0,2250.0,2120.0,2155.0,781338.0
2018-11-08 00:00:00+09:00,2210.0,2225.0,2160.0,2160.0,341522.0
2018-11-09 00:00:00+09:00,2140.0,2185.0,2090.0,2185.0,234921.0
2018-11-12 00:00:00+09:00,2150.0,2210.0,2150.0,2185.0,228760.0
2018-11-13 00:00:00+09:00,2140.0,2150.0,2090.0,2130.0,266461.0
2018-11-14 00:00:00+09:00,2140.0,2185.0,2125.0,2165.0,219157.0
2018-11-15 00:00:00+09:00,2155.0,2215.0,2125.0,2200.0,252494.0
2018-11-16 00:00:00+09:00,2205.0,2240.0,2205.0,2235.0,459562.0
2018-11-19 00:00:00+09:00,2250.0,2250.0,2205.0,2230.0,370629.0
2018-11-20 00:00:00+09:00,2200.0,2230.0,2170.0,2175.0,228073.0
2018-11-21 00:00:00+09:00,2130.0,2180.0,2110.0,2175.0,220617.0
2018-11-22 00:00:00+09:00,2185.0,2205.0,2130.0,2140.0,151524.0
2018-11-23 00:00:00+09:00,2135.0,2155.0,2075.0,2080.0,235057.0
2018-11-26 00:00:00+09:00,2085.0,2150.0,2080.0,2140.0,274723.0
2018-11-27 00:00:00+09:00,2165.0,2170.0,2110.0,2165.0,196173.0
2018-11-28 00:00:00+09:00,2160.0,2185.0,2135.0,2165.0,125793.0
2018-11-29 00:00:00+09:00,2205.0,2215.0,2180.0,2180.0,453901.0
2018-11-30 00:00:00+09:00,2175.0,2205.0,2175.0,2205.0,165815.0
2018-12-03 00:00:00+09:00,2230.0,2270.0,2225.0,2245.0,428514.0
2018-12-04 00:00:00+09:00,2245.0,2260.0,2200.0,2225.0,264779.0
2018-12-05 00:00:00+09:00,2180.0,2200.0,2165.0,2175.0,127332.0
2018-12-06 00:00:00+09:00,2185.0,2190.0,2110.0,2135.0,331692.0
2018-12-07 00:00:00+09:00,2140.0,2165.0,2130.0,2145.0,107616.0
2018-12-10 00:00:00+09:00,2110.0,2140.0,2070.0,2080.0,248164.0
2018-12-11 00:00:00+09:00,2080.0,2105.0,2055.0,2055.0,131051.0
2018-12-12 00:00:00+09:00,2055.0,2105.0,2045.0,2105.0,253293.0
2018-12-13 00:00:00+09:00,2115.0,2135.0,2090.0,2110.0,287007.0
2018-12-14 00:00:00+09:00,2125.0,2125.0,2070.0,2110.0,281867.0
2018-12-17 00:00:00+09:00,2085.0,2145.0,2070.0,2100.0,304275.0
2018-12-18 00:00:00+09:00,2080.0,2105.0,2065.0,2095.0,197904.0
2018-12-19 00:00:00+09:00,2085.0,2115.0,2080.0,2115.0,169835.0
2018-12-20 00:00:00+09:00,2090.0,2105.0,2065.0,2080.0,268862.0
2018-12-21 00:00:00+09:00,2070.0,2080.0,2040.0,2040.0,200133.0
2018-12-24 00:00:00+09:00,2040.0,2060.0,2000.0,2055.0,141300.0
2018-12-26 00:00:00+09:00,2025.0,2040.0,1995.0,2010.0,333188.0
2018-12-27 00:00:00+09:00,2060.0,2080.0,2010.0,2010.0,150783.0
2018-12-28 00:00:00+09:00,2020.0,2060.0,2015.0,2035.0,210069.0
2019-01-02 00:00:00+09:00,2055.0,2065.0,2005.0,2020.0,146939.0
2019-01-03 00:00:00+09:00,2030.0,2045.0,2005.0,2020.0,167145.0
2019-01-04 00:00:00+09:00,2000.0,2060.0,1980.0,2045.0,258556.0
2019-01-07 00:00:00+09:00,2075.0,2120.0,2070.0,2095.0,282968.0
2019-01-08 00:00:00+09:00,2080.0,2110.0,2080.0,2090.0,147719.0
2019-01-09 00:00:00+09:00,2105.0,2145.0,2105.0,2140.0,204369.0
2019-01-10 00:00:00+09:00,2155.0,2155.0,2130.0,2135.0,108737.0
2019-01-11 00:00:00+09:00,2145.0,2155.0,2120.0,2150.0,118896.0
2019-01-14 00:00:00+09:00,2130.0,2155.0,2110.0,2145.0,140895.0
2019-01-15 00:00:00+09:00,2125.0,2195.0,2125.0,2185.0,321354.0
2019-01-16 00:00:00+09:00,2195.0,2240.0,2190.0,2220.0,512513.0
2019-01-17 00:00:00+09:00,2220.0,2245.0,2210.0,2245.0,423296.0
2019-01-18 00:00:00+09:00,2250.0,2255.0,2230.0,2255.0,318752.0
2019-01-21 00:00:00+09:00,2275.0,2280.0,2225.0,2235.0,230177.0
2019-01-22 00:00:00+09:00,2240.0,2250.0,2180.0,2200.0,235165.0
2019-01-23 00:00:00+09:00,2200.0,2235.0,2170.0,2225.0,145853.0
2019-01-24 00:00:00+09:00,2245.0,2335.0,2245.0,2330.0,864974.0
2019-01-25 00:00:00+09:00,2345.0,2350.0,2290.0,2345.0,443534.0
2019-01-28 00:00:00+09:00,2345.0,2370.0,2300.0,2330.0,248576.0
2019-01-29 00:00:00+09:00,2310.0,2390.0,2270.0,2350.0,502710.0
2019-01-30 00:00:00+09:00,2320.0,2375.0,2320.0,2375.0,324713.0
2019-01-31 00:00:00+09:00,2425.0,2455.0,2380.0,2415.0,721499.0
2019-02-01 00:00:00+09:00,2415.0,2455.0,2385.0,2435.0,472694.0
2019-02-07 00:00:00+09:00,2435.0,2470.0,2405.0,2470.0,376849.0
2019-02-08 00:00:00+09:00,2430.0,2450.0,2400.0,2435.0,374085.0
2019-02-11 00:00:00+09:00,2430.0,2450.0,2405.0,2430.0,158958.0
2019-02-12 00:00:00+09:00,2425.0,2470.0,2400.0,2435.0,177462.0
2019-02-13 00:00:00+09:00,2445.0,2460.0,2420.0,2435.0,217023.0
2019-02-14 00:00:00+09:00,2435.0,2450.0,2410.0,2445.0,227821.0
2019-02-15 00:00:00+09:00,2435.0,2440.0,2385.0,2390.0,204071.0
2019-02-18 00:00:00+09:00,2405.0,2435.0,2400.0,2405.0,111817.0
2019-02-19 00:00:00+09:00,2405.0,2430.0,2375.0,2400.0,202309.0
2019-02-20 00:00:00+09:00,2395.0,2420.0,2375.0,2390.0,126814.0
2019-02-21 00:00:00+09:00,2380.0,2390.0,2335.0,2380.0,376398.0
2019-02-22 00:00:00+09:00,2365.0,2390.0,2350.0,2375.0,137026.0
2019-02-25 00:00:00+09:00,2375.0,2400.0,2350.0,2385.0,142853.0
2019-02-26 00:00:00+09:00,2390.0,2405.0,2360.0,2390.0,264203.0
2019-02-27 00:00:00+09:00,2400.0,2405.0,2295.0,2350.0,658166.0
2019-02-28 00:00:00+09:00,2365.0,2370.0,2255.0,2280.0,354870.0
2019-03-04 00:00:00+09:00,2275.0,2315.0,2270.0,2290.0,274711.0
2019-03-05 00:00:00+09:00,2275.0,2280.0,2220.0,2245.0,285659.0
2019-03-06 00:00:00+09:00,2250.0,2270.0,2225.0,2270.0,126187.0
2019-03-07 00:00:00+09:00,2285.0,2290.0,2225.0,2260.0,164784.0
2019-03-08 00:00:00+09:00,2250.0,2280.0,2225.0,2250.0,219751.0
2019-03-11 00:00:00+09:00,2270.0,2270.0,2210.0,2245.0,129914.0
2019-03-12 00:00:00+09:00,2265.0,2310.0,2260.0,2290.0,283561.0
2019-03-13 00:00:00+09:00,2290.0,2340.0,2275.0,2335.0,232824.0
2019-03-14 00:00:00+09:00,2325.0,2350.0,2315.0,2350.0,172338.0
2019-03-15 00:00:00+09:00,2335.0,2375.0,2335.0,2350.0,316114.0
2019-03-18 00:00:00+09:00,2350.0,2365.0,2325.0,2340.0,175728.0
2019-03-19 00:00:00+09:00,2345.0,2365.0,2280.0,2280.0,273064.0
2019-03-20 00:00:00+09:00,2280.0,2290.0,2235.0,2290.0,239861.0
2019-03-21 00:00:00+09:00,2290.0,2325.0,2270.0,2280.0,223160.0
2019-03-22 00:00:00+09:00,2300.0,2315.0,2260.0,2260.0,113300.0
2019-03-25 00:00:00+09:00,2235.0,2240.0,2165.0,2170.0,509643.0
2019-03-26 00:00:00+09:00,2175.0,2205.0,2155.0,2175.0,232926.0
2019-03-27 00:00:00+09:00,2180.0,2185.0,2155.0,2175.0,95373.0
2019-03-28 00:00:00+09:00,2165.0,2175.0,2135.0,2135.0,156087.0
2019-03-29 00:00:00+09:00,2135.0,2180.0,2130.0,2180.0,146201.0
2019-04-01 00:00:00+09:00,2175.0,2230.0,2170.0,2225.0,205949.0
2019-04-02 00:00:00+09:00,2235.0,2245.0,2205.0,2220.0,215621.0
2019-04-03 00:00:00+09:00,2210.0,2275.0,2210.0,2270.0,276534.0
2019-04-04 00:00:00+09:00,2270.0,2305.0,2250.0,2265.0,192579.0
2019-04-05 00:00:00+09:00,2270.0,2300.0,2265.0,2290.0,277097.0
2019-04-08 00:00:00+09:00,2305.0,2310.0,2285.0,2285.0,178025.0
2019-04-09 00:00:00+09:00,2285.0,2290.0,2260.0,2280.0,87712.0
2019-04-10 00:00:00+09:00,2255.0,2280.0,2245.0,2275.0,163418.0
2019-04-11 00:00:00+09:00,2280.0,2285.0,2255.0,2280.0,91864.0
2019-04-12 00:00:00+09:00,2280.0,2320.0,2260.0,2320.0,272378.0
2019-04-15 00:00:00+09:00,2335.0,2435.0,2320.0,2420.0,922045.0
2019-04-16 00:00:00+09:00,2420.0,2425.0,2380.0,2400.0,199342.0
2019-04-17 00:00:00+09:00,2420.0,2475.0,2410.0,2460.0,690839.0
2019-04-18 00:00:00+09:00,2460.0,2470.0,2370.0,2385.0,539884.0
2019-04-19 00:00:00+09:00,2390.0,2410.0,2370.0,2400.0,187161.0
2019-04-22 00:00:00+09:00,2415.0,2430.0,2370.0,2385.0,323759.0
2019-04-23 00:00:00+09:00,2380.0,2400.0,2345.0,2360.0,336235.0
2019-04-24 00:00:00+09:00,2405.0,2405.0,2335.0,2360.0,305100.0
2019-04-25 00:00:00+09:00,2360.0,2360.0,2320.0,2355.0,197563.0
2019-04-26 00:00:00+09:00,2360.0,2360.0,2305.0,2340.0,170904.0
2019-04-29 00:00:00+09:00,2355.0,2385.0,2345.0,2380.0,191536.0
2019-04-30 00:00:00+09:00,2380.0,2400.0,2340.0,2360.0,176618.0
2019-05-02 00:00:00+09:00,2355.0,2370.0,2335.0,2350.0,269757.0
2019-05-03 00:00:00+09:00,2340.0,2370.0,2340.0,2345.0,132459.0
2019-05-07 00:00:00+09:00,2325.0,2325.0,2285.0,2300.0,251509.0
2019-05-08 00:00:00+09:00,2280.0,2345.0,2270.0,2320.0,322531.0
2019-05-09 00:00:00+09:00,2340.0,2340.0,2250.0,2280.0,339942.0
2019-05-10 00:00:00+09:00,2280.0,2320.0,2245.0,2305.0,335052.0
2019-05-13 00:00:00+09:00,2305.0,2310.0,2260.0,2275.0,225482.0
2019-05-14 00:00:00+09:00,2245.0,2285.0,2230.0,2270.0,250699.0
2019-05-15 00:00:00+09:00,2290.0,2330.0,2270.0,2305.0,329682.0
2019-05-16 00:00:00+09:00,2325.0,2350.0,2280.0,2285.0,317797.0
2019-05-17 00:00:00+09:00,2315.0,2375.0,2295.0,2325.0,314356.0
2019-05-20 00:00:00+09:00,2320.0,2345.0,2285.0,2295.0,237774.0
2019-05-21 00:00:00+09:00,2280.0,2300.0,2275.0,2295.0,118001.0
2019-05-22 00:00:00+09:00,2305.0,2310.0,2250.0,2290.0,201590.0
2019-05-23 00:00:00+09:00,2290.0,2290.0,2250.0,2250.0,193948.0
2019-05-24 00:00:00+09:00,2230.0,2255.0,2220.0,2225.0,180278.0
2019-05-27 00:00:00+09:00,2240.0,2240.0,2200.0,2220.0,182718.0
2019-05-28 00:00:00+09:00,2220.0,2250.0,2165.0,2165.0,327923.0
2019-05-29 00:00:00+09:00,2190.0,2210.0,2145.0,2155.0,229816.0
2019-05-30 00:00:00+09:00,2155.0,2205.0,2150.0,2205.0,296832.0
2019-05-31 00:00:00+09:00,2205.0,2225.0,2185.0,2205.0,172045.0
2019-06-03 00:00:00+09:00,2175.0,2255.0,2170.0,2245.0,282068.0
2019-06-04 00:00:00+09:00,2250.0,2310.0,2225.0,2300.0,371755.0
2019-06-05 00:00:00+09:00,2325.0,2340.0,2300.0,2310.0,255681.0
2019-06-07 00:00:00+09:00,2315.0,2400.0,2300.0,2365.0,590905.0
2019-06-10 00:00:00+09:00,2370.0,2390.0,2355.0,2370.0,308688.0
2019-06-11 00:00:00+09:00,2365.0,2400.0,2335.0,2395.0,423809.0
2019-06-12 00:00:00+09:00,2380.0,2410.0,2365.0,2380.0,309514.0
2019-06-13 00:00:00+09:00,2380.0,2385.0,2350.0,2385.0,226590.0
2019-06-14 00:00:00+09:00,2390.0,2400.0,2370.0,2400.0,175520.0
2019-06-17 00:00:00+09:00,2410.0,2440.0,2380.0,2410.0,223882.0
2019-06-18 00:00:00+09:00,2435.0,2435.0,2365.0,2400.0,320667.0
2019-06-19 00:00:00+09:00,2430.0,2435.0,2395.0,2415.0,227398.0
2019-06-20 00:00:00+09:00,2405.0,2440.0,2400.0,2430.0,212755.0
2019-06-21 00:00:00+09:00,2430.0,2525.0,2420.0,2490.0,980599.0
2019-06-24 00:00:00+09:00,2500.0,2580.0,2485.0,2575.0,745399.0
2019-06-25 00:00:00+09:00,2575.0,2610.0,2480.0,2510.0,913707.0
2019-06-26 00:00:00+09:00,2495.0,2600.0,2465.0,2550.0,553058.0
2019-06-27 00:00:00+09:00,2550.0,2615.0,2530.0,2580.0,556833.0
2019-06-28 00:00:00+09:00,2560.0,2615.0,2520.0,2525.0,310074.0
2019-07-01 00:00:00+09:00,2550.0,2600.0,2550.0,2580.0,430912.0
2019-07-02 00:00:00+09:00,2600.0,2610.0,2570.0,2575.0,321018.0
2019-07-03 00:00:00+09:00,2590.0,2590.0,2420.0,2455.0,642254.0
2019-07-04 00:00:00+09:00,2470.0,2505.0,2405.0,2505.0,369684.0
2019-07-05 00:00:00+09:00,2475.0,2515.0,2420.0,2480.0,307788.0
2019-07-08 00:00:00+09:00,2440.0,2445.0,2345.0,2355.0,631327.0
2019-07-09 00:00:00+09:00,2355.0,2380.0,2305.0,2315.0,255988.0
2019-07-10 00:00:00+09:00,2320.0,2345.0,2295.0,2330.0,253461.0
2019-07-11 00:00:00+09:00,2335.0,2370.0,2325.0,2360.0,216015.0
2019-07-12 00:00:00+09:00,2360.0,2400.0,2340.0,2400.0,256051.0
2019-07-15 00:00:00+09:00,2410.0,2415.0,2350.0,2355.0,178939.0
2019-07-16 00:00:00+09:00,2355.0,2390.0,2340.0,2370.0,164653.0
2019-07-17 00:00:00+09:00,2340.0,2370.0,2310.0,2335.0,197735.0
2019-07-18 00:00:00+09:00,2335.0,2355.0,2250.0,2250.0,426120.0
2019-07-19 00:00:00+09:00,2275.0,2335.0,2270.0,2335.0,287426.0
2019-07-22 00:00:00+09:00,2330.0,2360.0,2305.0,2330.0,132241.0
2019-07-23 00:00:00+09:00,2330.0,2370.0,2330.0,2350.0,132289.0
2019-07-24 00:00:00+09:00,2365.0,2375.0,2285.0,2300.0,274301.0
2019-07-25 00:00:00+09:00,2295.0,2300.0,2215.0,2260.0,320333.0
2019-07-26 00:00:00+09:00,2240.0,2255.0,2200.0,2230.0,210439.0
2019-07-29 00:00:00+09:00,2230.0,2250.0,2120.0,2120.0,398812.0
2019-07-30 00:00:00+09:00,2120.0,2155.0,2115.0,2145.0,210176.0
2019-07-31 00:00:00+09:00,2145.0,2155.0,2060.0,2155.0,353713.0
2019-08-01 00:00:00+09:00,2140.0,2170.0,2095.0,2100.0,215402.0
2019-08-02 00:00:00+09:00,2080.0,2090.0,2045.0,2065.0,278255.0
2019-08-05 00:00:00+09:00,2060.0,2060.0,1910.0,1930.0,781822.0
2019-08-06 00:00:00+09:00,1885.0,1965.0,1855.0,1885.0,680560.0
2019-08-07 00:00:00+09:00,1915.0,1945.0,1875.0,1940.0,314065.0
2019-08-08 00:00:00+09:00,1965.0,2005.0,1965.0,2005.0,339097.0
2019-08-09 00:00:00+09:00,2025.0,2085.0,2010.0,2085.0,521935.0
2019-08-12 00:00:00+09:00,2080.0,2105.0,2055.0,2070.0,225461.0
2019-08-13 00:00:00+09:00,2030.0,2050.0,2010.0,2030.0,243159.0
2019-08-14 00:00:00+09:00,2065.0,2080.0,2035.0,2045.0,179371.0
2019-08-16 00:00:00+09:00,2040.0,2040.0,1985.0,2010.0,357462.0
2019-08-19 00:00:00+09:00,2040.0,2060.0,2010.0,2040.0,214522.0
2019-08-20 00:00:00+09:00,2055.0,2090.0,2050.0,2080.0,199227.0
2019-08-21 00:00:00+09:00,2060.0,2090.0,2055.0,2080.0,127155.0
2019-08-22 00:00:00+09:00,2095.0,2100.0,2060.0,2080.0,137893.0
2019-08-23 00:00:00+09:00,2060.0,2085.0,2050.0,2060.0,112351.0
2019-08-26 00:00:00+09:00,2000.0,2035.0,2000.0,2015.0,171237.0
2019-08-27 00:00:00+09:00,2020.0,2050.0,1995.0,1995.0,177426.0
2019-08-28 00:00:00+09:00,2000.0,2020.0,2000.0,2015.0,73992.0
2019-08-29 00:00:00+09:00,2020.0,2040.0,2010.0,2025.0,109337.0
2019-08-30 00:00:00+09:00,2045.0,2080.0,2045.0,2065.0,230721.0
2019-09-02 00:00:00+09:00,2065.0,2090.0,2060.0,2085.0,81104.0
2019-09-03 00:00:00+09:00,2090.0,2125.0,2065.0,2080.0,167093.0
2019-09-04 00:00:00+09:00,2065.0,2105.0,2040.0,2105.0,182523.0
2019-09-05 00:00:00+09:00,2120.0,2180.0,2110.0,2175.0,371287.0
2019-09-06 00:00:00+09:00,2190.0,2200.0,2145.0,2155.0,213590.0
2019-09-09 00:00:00+09:00,2175.0,2195.0,2155.0,2165.0,155267.0
2019-09-10 00:00:00+09:00,2165.0,2200.0,2160.0,2190.0,215122.0
2019-09-11 00:00:00+09:00,2200.0,2205.0,2170.0,2170.0,215084.0
2019-09-16 00:00:00+09:00,2190.0,2265.0,2180.0,2255.0,462534.0
2019-09-17 00:00:00+09:00,2255.0,2265.0,2230.0,2235.0,163152.0
2019-09-18 00:00:00+09:00,2250.0,2255.0,2230.0,2245.0,68640.0
2019-09-19 00:00:00+09:00,2255.0,2260.0,2155.0,2200.0,501350.0
2019-09-20 00:00:00+09:00,2195.0,2215.0,2155.0,2210.0,356522.0
2019-09-23 00:00:00+09:00,2200.0,2220.0,2190.0,2215.0,179421.0
2019-09-24 00:00:00+09:00,2215.0,2225.0,2190.0,2210.0,133525.0
2019-09-25 00:00:00+09:00,2190.0,2200.0,2145.0,2150.0,221486.0
2019-09-26 00:00:00+09:00,2165.0,2185.0,2125.0,2145.0,154951.0
2019-09-27 00:00:00+09:00,2125.0,2150.0,2085.0,2100.0,198905.0
2019-09-30 00:00:00+09:00,2105.0,2115.0,2075.0,2110.0,118744.0
2019-10-01 00:00:00+09:00,2095.0,2135.0,2095.0,2130.0,71522.0
2019-10-02 00:00:00+09:00,2105.0,2110.0,2075.0,2090.0,162729.0
2019-10-04 00:00:00+09:00,2095.0,2095.0,2050.0,2050.0,189329.0
2019-10-07 00:00:00+09:00,2060.0,2075.0,2040.0,2055.0,109103.0
2019-10-08 00:00:00+09:00,2090.0,2095.0,2045.0,2095.0,156998.0
2019-10-10 00:00:00+09:00,2100.0,2100.0,2045.0,2045.0,295189.0
2019-10-11 00:00:00+09:00,2070.0,2070.0,2050.0,2060.0,115165.0
2019-10-14 00:00:00+09:00,2095.0,2115.0,2070.0,2115.0,256952.0
2019-10-15 00:00:00+09:00,2115.0,2120.0,2090.0,2100.0,140344.0
2019-10-16 00:00:00+09:00,2120.0,2150.0,2100.0,2135.0,188150.0
2019-10-17 00:00:00+09:00,2135.0,2140.0,2085.0,2115.0,149653.0
2019-10-18 00:00:00+09:00,2120.0,2125.0,2075.0,2090.0,129493.0
2019-10-21 00:00:00+09:00,2070.0,2090.0,2045.0,2050.0,195621.0
2019-10-22 00:00:00+09:00,2065.0,2075.0,2020.0,2050.0,306686.0
2019-10-23 00:00:00+09:00,2045.0,2055.0,2035.0,2040.0,147146.0
2019-10-24 00:00:00+09:00,2040.0,2060.0,2025.0,2055.0,70752.0
2019-10-25 00:00:00+09:00,2060.0,2060.0,2025.0,2045.0,63367.0
2019-10-28 00:00:00+09:00,2060.0,2075.0,2040.0,2050.0,141978.0
2019-10-29 00:00:00+09:00,2065.0,2065.0,2025.0,2025.0,194937.0
2019-10-30 00:00:00+09:00,2040.0,2040.0,1995.0,2025.0,257252.0
2019-10-31 00:00:00+09:00,2035.0,2035.0,1990.0,2005.0,291265.0
2019-11-01 00:00:00+09:00,2010.0,2025.0,1995.0,2020.0,67358.0
2019-11-04 00:00:00+09:00,2045.0,2105.0,2030.0,2105.0,460158.0
2019-11-05 00:00:00+09:00,2105.0,2125.0,2085.0,2110.0,237911.0
2019-11-06 00:00:00+09:00,2105.0,2135.0,2095.0,2110.0,228993.0
2019-11-07 00:00:00+09:00,2125.0,2125.0,2085.0,2120.0,121303.0
2019-11-08 00:00:00+09:00,2125.0,2145.0,2090.0,2110.0,202887.0
2019-11-11 00:00:00+09:00,2110.0,2120.0,2085.0,2105.0,151386.0
2019-11-12 00:00:00+09:00,2095.0,2120.0,2080.0,2110.0,146049.0
2019-11-13 00:00:00+09:00,2095.0,2100.0,2070.0,2080.0,132932.0
2019-11-14 00:00:00+09:00,2080.0,2085.0,2035.0,2055.0,297318.0
2019-11-15 00:00:00+09:00,2045.0,2105.0,2040.0,2075.0,190516.0
2019-11-18 00:00:00+09:00,2085.0,2100.0,2065.0,2075.0,112763.0
2019-11-19 00:00:00+09:00,2065.0,2085.0,2050.0,2075.0,108289.0
2019-11-20 00:00:00+09:00,2055.0,2070.0,2050.0,2070.0,114875.0
2019-11-21 00:00:00+09:00,2060.0,2065.0,1995.0,2010.0,348670.0
2019-11-22 00:00:00+09:00,2010.0,2030.0,2000.0,2010.0,120175.0
2019-11-25 00:00:00+09:00,2020.0,2040.0,2010.0,2040.0,133695.0
2019-11-26 00:00:00+09:00,2045.0,2065.0,2030.0,2030.0,228605.0
2019-11-27 00:00:00+09:00,2030.0,2045.0,2005.0,2030.0,150053.0
2019-11-28 00:00:00+09:00,2040.0,2040.0,2010.0,2025.0,80096.0
2019-11-29 00:00:00+09:00,2025.0,2025.0,1995.0,2000.0,212457.0
2019-12-02 00:00:00+09:00,2000.0,2035.0,1985.0,2000.0,156934.0
2019-12-03 00:00:00+09:00,1985.0,1995.0,1975.0,1985.0,144897.0
2019-12-04 00:00:00+09:00,1985.0,1985.0,1955.0,1980.0,183046.0
2019-12-05 00:00:00+09:00,1975.0,1995.0,1950.0,1950.0,183263.0
2019-12-06 00:00:00+09:00,1960.0,1980.0,1945.0,1960.0,138416.0
2019-12-09 00:00:00+09:00,1965.0,1985.0,1960.0,1985.0,131243.0
2019-12-10 00:00:00+09:00,1985.0,1990.0,1965.0,1975.0,93042.0
2019-12-11 00:00:00+09:00,1975.0,1990.0,1970.0,1990.0,159877.0
2019-12-12 00:00:00+09:00,1995.0,2020.0,1985.0,2005.0,295360.0
2019-12-13 00:00:00+09:00,2035.0,2070.0,2010.0,2055.0,616593.0
2019-12-16 00:00:00+09:00,2055.0,2075.0,2040.0,2045.0,224874.0
2019-12-17 00:00:00+09:00,2045.0,2070.0,2035.0,2065.0,287835.0
2019-12-18 00:00:00+09:00,2065.0,2080.0,2050.0,2060.0,123460.0
2019-12-19 00:00:00+09:00,2055.0,2075.0,2045.0,2070.0,275919.0
2019-12-20 00:00:00+09:00,2070.0,2085.0,2040.0,2085.0,290965.0
2019-12-23 00:00:00+09:00,2090.0,2095.0,2050.0,2065.0,277821.0
2019-12-24 00:00:00+09:00,2010.0,2065.0,2010.0,2050.0,197186.0
2019-12-26 00:00:00+09:00,2035.0,2065.0,2030.0,2060.0,227680.0
2019-12-27 00:00:00+09:00,2060.0,2075.0,2040.0,2065.0,211506.0
2019-12-30 00:00:00+09:00,2065.0,2070.0,2050.0,2065.0,117497.0
2020-01-02 00:00:00+09:00,2075.0,2080.0,2045.0,2055.0,116125.0
2020-01-03 00:00:00+09:00,2070.0,2125.0,2060.0,2085.0,271362.0
2020-01-06 00:00:00+09:00,2100.0,2105.0,2025.0,2030.0,477706.0
2020-01-07 00:00:00+09:00,2035.0,2055.0,2030.0,2040.0,210546.0
2020-01-08 00:00:00+09:00,2040.0,2040.0,1970.0,1970.0,547928.0
2020-01-09 00:00:00+09:00,2000.0,2020.0,1995.0,2005.0,263503.0
2020-01-10 00:00:00+09:00,2015.0,2025.0,2010.0,2020.0,91921.0
2020-01-13 00:00:00+09:00,2020.0,2040.0,2010.0,2035.0,201965.0
2020-01-14 00:00:00+09:00,2055.0,2110.0,2045.0,2085.0,458646.0
2020-01-15 00:00:00+09:00,2095.0,2100.0,2060.0,2080.0,152430.0
2020-01-16 00:00:00+09:00,2095.0,2100.0,2065.0,2100.0,165519.0
2020-01-17 00:00:00+09:00,2110.0,2130.0,2100.0,2105.0,285177.0
2020-01-20 00:00:00+09:00,2105.0,2165.0,2095.0,2140.0,417570.0
2020-01-21 00:00:00+09:00,2145.0,2160.0,2095.0,2100.0,280682.0
2020-01-22 00:00:00+09:00,2100.0,2140.0,2090.0,2120.0,255973.0
2020-01-23 00:00:00+09:00,2105.0,2110.0,2080.0,2090.0,201682.0
2020-01-28 00:00:00+09:00,2015.0,2040.0,1995.0,2005.0,685057.0
2020-01-29 00:00:00+09:00,2010.0,2025.0,1985.0,2000.0,310609.0
2020-01-30 00:00:00+09:00,2000.0,2015.0,1950.0,1965.0,394969.0
2020-01-31 00:00:00+09:00,1970.0,2000.0,1940.0,1940.0,376059.0
2020-02-03 00:00:00+09:00,1880.0,1940.0,1875.0,1915.0,500136.0
2020-02-04 00:00:00+09:00,1915.0,1960.0,1915.0,1960.0,281617.0
2020-02-05 00:00:00+09:00,1970.0,1990.0,1960.0,1980.0,292665.0
2020-02-06 00:00:00+09:00,2005.0,2050.0,2005.0,2045.0,579259.0
2020-02-07 00:00:00+09:00,2060.0,2060.0,2020.0,2030.0,173811.0
2020-02-10 00:00:00+09:00,2015.0,2030.0,2005.0,2025.0,178189.0
2020-02-11 00:00:00+09:00,2025.0,2050.0,2020.0,2040.0,188768.0
2020-02-12 00:00:00+09:00,2045.0,2050.0,2015.0,2040.0,62210.0
2020-02-13 00:00:00+09:00,2045.0,2050.0,2000.0,2010.0,160003.0
2020-02-14 00:00:00+09:00,2020.0,2020.0,2000.0,2000.0,171069.0
2020-02-17 00:00:00+09:00,2005.0,2005.0,1980.0,1990.0,111397.0
2020-02-18 00:00:00+09:00,1990.0,1990.0,1955.0,1975.0,261624.0
2020-02-19 00:00:00+09:00,1975.0,1985.0,1930.0,1960.0,225917.0
2020-02-20 00:00:00+09:00,1970.0,1985.0,1940.0,1950.0,163924.0
2020-02-21 00:00:00+09:00,1950.0,1955.0,1910.0,1915.0,354966.0
2020-02-24 00:00:00+09:00,1880.0,1900.0,1830.0,1850.0,415306.0
2020-02-25 00:00:00+09:00,1825.0,1875.0,1825.0,1870.0,337606.0
2020-02-26 00:00:00+09:00,1850.0,1880.0,1820.0,1870.0,266335.0
2020-02-27 00:00:00+09:00,1880.0,1895.0,1820.0,1830.0,338354.0
2020-02-28 00:00:00+09:00,1795.0,1800.0,1740.0,1755.0,619435.0
2020-03-02 00:00:00+09:00,1750.0,1790.0,1710.0,1765.0,376681.0
2020-03-03 00:00:00+09:00,1795.0,1830.0,1785.0,1795.0,238313.0
2020-03-04 00:00:00+09:00,1790.0,1830.0,1785.0,1815.0,275604.0
2020-03-05 00:00:00+09:00,1840.0,1880.0,1830.0,1880.0,446493.0
2020-03-06 00:00:00+09:00,1855.0,1855.0,1815.0,1850.0,274730.0
2020-03-09 00:00:00+09:00,1815.0,1835.0,1740.0,1750.0,583030.0
2020-03-10 00:00:00+09:00,1730.0,1755.0,1700.0,1740.0,541375.0
2020-03-11 00:00:00+09:00,1735.0,1765.0,1650.0,1670.0,627322.0
2020-03-12 00:00:00+09:00,1670.0,1675.0,1525.0,1565.0,1313138.0
2020-03-13 00:00:00+09:00,1420.0,1495.0,1325.0,1415.0,2433617.0
2020-03-16 00:00:00+09:00,1440.0,1495.0,1375.0,1380.0,1633621.0
2020-03-17 00:00:00+09:00,1250.0,1360.0,1250.0,1300.0,2304583.0
2020-03-18 00:00:00+09:00,1325.0,1345.0,1240.0,1240.0,1569290.0
2020-03-19 00:00:00+09:00,1225.0,1255.0,997.0,1005.0,3351396.0
2020-03-20 00:00:00+09:00,1060.0,1150.0,964.0,1135.0,3203086.0
2020-03-23 00:00:00+09:00,1045.0,1060.0,1000.0,1020.0,1797338.0
2020-03-24 00:00:00+09:00,1055.0,1175.0,1035.0,1160.0,1533706.0
2020-03-25 00:00:00+09:00,1225.0,1340.0,1190.0,1290.0,3601494.0
2020-03-26 00:00:00+09:00,1305.0,1370.0,1250.0,1305.0,2833782.0
2020-03-27 00:00:00+09:00,1390.0,1400.0,1280.0,1330.0,2013143.0
2020-03-30 00:00:00+09:00,1285.0,1375.0,1270.0,1375.0,1236902.0
2020-03-31 00:00:00+09:00,1410.0,1440.0,1360.0,1400.0,2130640.0
2020-04-01 00:00:00+09:00,1395.0,1420.0,1320.0,1330.0,1463660.0
2020-04-02 00:00:00+09:00,1330.0,1355.0,1270.0,1355.0,1786883.0
2020-04-03 00:00:00+09:00,1370.0,1385.0,1305.0,1330.0,1016767.0
2020-04-06 00:00:00+09:00,1350.0,1415.0,1330.0,1415.0,1555356.0
2020-04-07 00:00:00+09:00,1470.0,1470.0,1385.0,1440.0,1782066.0
2020-04-08 00:00:00+09:00,1415.0,1450.0,1395.0,1425.0,832816.0
2020-04-09 00:00:00+09:00,1445.0,1490.0,1440.0,1490.0,1660331.0
2020-04-10 00:00:00+09:00,1505.0,1615.0,1485.0,1610.0,1745567.0
2020-04-13 00:00:00+09:00,1620.0,1625.0,1530.0,1540.0,1599163.0
2020-04-14 00:00:00+09:00,1570.0,1595.0,1540.0,1565.0,716706.0
2020-04-16 00:00:00+09:00,1545.0,1550.0,1475.0,1535.0,692252.0
2020-04-17 00:00:00+09:00,1580.0,1625.0,1560.0,1610.0,1440321.0
2020-04-20 00:00:00+09:00,1610.0,1635.0,1585.0,1590.0,1015339.0
2020-04-21 00:00:00+09:00,1575.0,1580.0,1470.0,1540.0,1215977.0
2020-04-22 00:00:00+09:00,1515.0,1555.0,1485.0,1555.0,593676.0
2020-04-23 00:00:00+09:00,1570.0,1570.0,1530.0,1545.0,575081.0
2020-04-24 00:00:00+09:00,1540.0,1540.0,1505.0,1525.0,602830.0
2020-04-27 00:00:00+09:00,1535.0,1595.0,1530.0,1590.0,787147.0
2020-04-28 00:00:00+09:00,1605.0,1635.0,1575.0,1600.0,714078.0
2020-04-29 00:00:00+09:00,1605.0,1940.0,1600.0,1780.0,8706426.0
2020-05-04 00:00:00+09:00,1755.0,1805.0,1710.0,1760.0,1889472.0
2020-05-06 00:00:00+09:00,1845.0,2020.0,1820.0,1930.0,7676810.0
2020-05-07 00:00:00+09:00,1940.0,1990.0,1905.0,1955.0,1671481.0
2020-05-08 00:00:00+09:00,1985.0,1985.0,1900.0,1915.0,1604482.0
2020-05-11 00:00:00+09:00,1935.0,1960.0,1885.0,1900.0,1155973.0
2020-05-12 00:00:00+09:00,1880.0,1905.0,1805.0,1845.0,1509946.0
2020-05-13 00:00:00+09:00,1805.0,1865.0,1785.0,1855.0,993089.0
2020-05-14 00:00:00+09:00,1830.0,1840.0,1785.0,1790.0,822547.0
2020-05-15 00:00:00+09:00,1865.0,1925.0,1825.0,1845.0,2678871.0
2020-05-18 00:00:00+09:00,1815.0,1820.0,1765.0,1790.0,1712508.0
2020-05-19 00:00:00+09:00,1835.0,1865.0,1805.0,1825.0,1310292.0
2020-05-20 00:00:00+09:00,1790.0,1830.0,1790.0,1815.0,765898.0
2020-05-21 00:00:00+09:00,1840.0,1845.0,1800.0,1815.0,660952.0
2020-05-22 00:00:00+09:00,1810.0,1820.0,1740.0,1770.0,932530.0
2020-05-25 00:00:00+09:00,1780.0,1785.0,1750.0,1765.0,557321.0
2020-05-26 00:00:00+09:00,1770.0,1820.0,1750.0,1795.0,922279.0
2020-05-27 00:00:00+09:00,1820.0,1825.0,1775.0,1790.0,797162.0
2020-05-28 00:00:00+09:00,1820.0,1865.0,1760.0,1795.0,1951543.0
2020-05-29 00:00:00+09:00,1795.0,1795.0,1720.0,1720.0,892698.0
2020-06-01 00:00:00+09:00,1725.0,1780.0,1725.0,1770.0,676716.0
2020-06-02 00:00:00+09:00,1775.0,1875.0,1775.0,1860.0,1984025.0
2020-06-03 00:00:00+09:00,1900.0,1990.0,1885.0,1940.0,3055164.0
2020-06-04 00:00:00+09:00,1975.0,2030.0,1875.0,1920.0,1891749.0
2020-06-05 00:00:00+09:00,1910.0,1980.0,1905.0,1960.0,1123510.0
2020-06-08 00:00:00+09:00,2040.0,2040.0,1950.0,1965.0,1290832.0
2020-06-09 00:00:00+09:00,1975.0,2010.0,1925.0,1955.0,1207176.0
2020-06-10 00:00:00+09:00,1965.0,1965.0,1910.0,1935.0,749451.0
2020-06-11 00:00:00+09:00,1925.0,1930.0,1880.0,1920.0,955349.0
2020-06-12 00:00:00+09:00,1825.0,1845.0,1790.0,1840.0,1501194.0
2020-06-15 00:00:00+09:00,1815.0,1820.0,1685.0,1685.0,2134681.0
2020-06-16 00:00:00+09:00,1735.0,1820.0,1725.0,1820.0,1519015.0
2020-06-17 00:00:00+09:00,1800.0,1940.0,1775.0,1845.0,1689688.0
2020-06-18 00:00:00+09:00,1850.0,1920.0,1835.0,1870.0,1184234.0
2020-06-19 00:00:00+09:00,1900.0,1915.0,1820.0,1880.0,1179516.0
2020-06-22 00:00:00+09:00,1870.0,1870.0,1825.0,1825.0,537148.0
2020-06-23 00:00:00+09:00,1830.0,1850.0,1770.0,1800.0,683475.0
2020-06-24 00:00:00+09:00,1815.0,1830.0,1780.0,1800.0,623760.0
2020-06-25 00:00:00+09:00,1750.0,1775.0,1715.0,1735.0,869981.0
2020-06-26 00:00:00+09:00,1755.0,1765.0,1710.0,1730.0,683295.0
2020-06-29 00:00:00+09:00,1680.0,1690.0,1640.0,1645.0,881784.0
2020-06-30 00:00:00+09:00,1685.0,1695.0,1625.0,1650.0,830850.0
2020-07-01 00:00:00+09:00,1675.0,1690.0,1660.0,1665.0,433297.0
2020-07-02 00:00:00+09:00,1685.0,1700.0,1645.0,1685.0,436542.0
2020-07-03 00:00:00+09:00,1715.0,1715.0,1660.0,1680.0,319742.0
2020-07-06 00:00:00+09:00,1680.0,1705.0,1655.0,1705.0,577240.0
2020-07-07 00:00:00+09:00,1740.0,1740.0,1665.0,1670.0,534305.0
2020-07-08 00:00:00+09:00,1660.0,1690.0,1660.0,1675.0,265781.0
2020-07-09 00:00:00+09:00,1685.0,1710.0,1680.0,1690.0,452509.0
2020-07-10 00:00:00+09:00,1690.0,1695.0,1640.0,1650.0,550221.0
2020-07-13 00:00:00+09:00,1665.0,1720.0,1660.0,1710.0,750293.0
2020-07-14 00:00:00+09:00,1710.0,1710.0,1680.0,1690.0,417402.0
2020-07-15 00:00:00+09:00,1730.0,1755.0,1710.0,1715.0,746983.0
2020-07-16 00:00:00+09:00,1725.0,1825.0,1720.0,1770.0,1212264.0
2020-07-17 00:00:00+09:00,1780.0,1805.0,1760.0,1790.0,925929.0
2020-07-20 00:00:00+09:00,1810.0,1810.0,1750.0,1780.0,697593.0
2020-07-21 00:00:00+09:00,1805.0,1840.0,1785.0,1820.0,1217377.0
2020-07-22 00:00:00+09:00,1830.0,1880.0,1820.0,1840.0,1246050.0
2020-07-23 00:00:00+09:00,1845.0,1850.0,1765.0,1770.0,776002.0
2020-07-24 00:00:00+09:00,1750.0,1785.0,1730.0,1750.0,498786.0
2020-07-27 00:00:00+09:00,1750.0,1805.0,1750.0,1770.0,897241.0
2020-07-28 00:00:00+09:00,1785.0,1790.0,1755.0,1770.0,685216.0
2020-07-29 00:00:00+09:00,1770.0,1775.0,1750.0,1765.0,553658.0
2020-07-30 00:00:00+09:00,1770.0,1785.0,1760.0,1770.0,443375.0
2020-07-31 00:00:00+09:00,1770.0,1785.0,1755.0,1765.0,561932.0
2020-08-03 00:00:00+09:00,1765.0,1775.0,1745.0,1765.0,598575.0
2020-08-04 00:00:00+09:00,1775.0,1865.0,1775.0,1865.0,1902369.0
2020-08-05 00:00:00+09:00,1930.0,1960.0,1835.0,1870.0,1922354.0
2020-08-06 00:00:00+09:00,1900.0,2015.0,1890.0,1955.0,4020725.0
2020-08-07 00:00:00+09:00,1960.0,1975.0,1875.0,1920.0,1537951.0
2020-08-10 00:00:00+09:00,1925.0,2005.0,1920.0,2000.0,2075100.0
2020-08-11 00:00:00+09:00,2030.0,2090.0,1960.0,1985.0,2190216.0
2020-08-12 00:00:00+09:00,1970.0,2005.0,1895.0,1975.0,1059919.0
2020-08-13 00:00:00+09:00,2000.0,2000.0,1940.0,1960.0,919912.0
2020-08-14 00:00:00+09:00,1960.0,1975.0,1890.0,1905.0,965812.0
2020-08-18 00:00:00+09:00,1885.0,1885.0,1800.0,1800.0,1133487.0
2020-08-19 00:00:00+09:00,1815.0,1845.0,1795.0,1805.0,701441.0
2020-08-20 00:00:00+09:00,1785.0,1800.0,1710.0,1730.0,1072369.0
2020-08-21 00:00:00+09:00,1750.0,1765.0,1700.0,1730.0,703821.0
2020-08-24 00:00:00+09:00,1735.0,1775.0,1700.0,1750.0,585129.0
2020-08-25 00:00:00+09:00,1770.0,1835.0,1755.0,1830.0,729912.0
2020-08-26 00:00:00+09:00,1840.0,1845.0,1765.0,1805.0,634087.0
2020-08-27 00:00:00+09:00,1815.0,1815.0,1735.0,1750.0,510632.0
2020-08-28 00:00:00+09:00,1775.0,1805.0,1760.0,1765.0,565151.0
2020-08-31 00:00:00+09:00,1775.0,1840.0,1765.0,1800.0,931309.0
2020-09-01 00:00:00+09:00,1805.0,1830.0,1770.0,1785.0,823141.0
2020-09-02 00:00:00+09:00,1810.0,1860.0,1795.0,1845.0,1103132.0
2020-09-03 00:00:00+09:00,1880.0,1880.0,1840.0,1850.0,831713.0
2020-09-04 00:00:00+09:00,1770.0,1825.0,1700.0,1815.0,1166114.0
2020-09-07 00:00:00+09:00,1810.0,1860.0,1795.0,1850.0,927219.0
2020-09-08 00:00:00+09:00,1865.0,1885.0,1820.0,1825.0,704561.0
2020-09-09 00:00:00+09:00,1790.0,1805.0,1780.0,1800.0,568839.0
2020-09-10 00:00:00+09:00,1825.0,1825.0,1790.0,1815.0,556599.0
2020-09-11 00:00:00+09:00,1805.0,1820.0,1790.0,1810.0,302237.0
2020-09-14 00:00:00+09:00,1825.0,1850.0,1810.0,1850.0,742260.0
2020-09-15 00:00:00+09:00,1855.0,1875.0,1830.0,1845.0,353004.0
2020-09-16 00:00:00+09:00,1840.0,1845.0,1825.0,1835.0,354781.0
2020-09-17 00:00:00+09:00,1835.0,1850.0,1795.0,1810.0,386740.0
2020-09-18 00:00:00+09:00,1810.0,1835.0,1790.0,1795.0,382343.0
2020-09-21 00:00:00+09:00,1795.0,1800.0,1755.0,1770.0,400216.0
2020-09-22 00:00:00+09:00,1760.0,1765.0,1710.0,1725.0,668100.0
2020-09-23 00:00:00+09:00,1740.0,1745.0,1695.0,1730.0,416418.0
2020-09-24 00:00:00+09:00,1710.0,1710.0,1675.0,1685.0,548415.0
2020-09-25 00:00:00+09:00,1695.0,1715.0,1685.0,1690.0,328316.0
2020-09-28 00:00:00+09:00,1705.0,1715.0,1690.0,1705.0,274399.0
2020-09-29 00:00:00+09:00,1725.0,1755.0,1720.0,1735.0,322432.0
2020-10-05 00:00:00+09:00,1735.0,1755.0,1725.0,1750.0,204992.0
2020-10-06 00:00:00+09:00,1770.0,1780.0,1740.0,1750.0,347703.0
2020-10-07 00:00:00+09:00,1735.0,1750.0,1730.0,1750.0,293378.0
2020-10-08 00:00:00+09:00,1765.0,1770.0,1745.0,1765.0,311528.0
2020-10-12 00:00:00+09:00,1770.0,1780.0,1745.0,1765.0,305846.0
2020-10-13 00:00:00+09:00,1775.0,1780.0,1750.0,1765.0,249252.0
2020-10-14 00:00:00+09:00,1760.0,1760.0,1725.0,1745.0,516704.0
2020-10-15 00:00:00+09:00,1735.0,1750.0,1715.0,1730.0,342039.0
2020-10-16 00:00:00+09:00,1730.0,1745.0,1710.0,1735.0,439113.0
2020-10-19 00:00:00+09:00,1735.0,1760.0,1715.0,1745.0,358636.0
2020-10-20 00:00:00+09:00,1735.0,1755.0,1720.0,1740.0,447300.0
2020-10-21 00:00:00+09:00,1735.0,1800.0,1735.0,1790.0,848525.0
2020-10-22 00:00:00+09:00,1780.0,1865.0,1755.0,1855.0,1589205.0
2020-10-23 00:00:00+09:00,1860.0,1880.0,1835.0,1850.0,614560.0
2020-10-26 00:00:00+09:00,1865.0,1865.0,1790.0,1790.0,619168.0
2020-10-27 00:00:00+09:00,1760.0,1795.0,1755.0,1770.0,486372.0
2020-10-28 00:00:00+09:00,1760.0,1810.0,1760.0,1810.0,443534.0
2020-10-29 00:00:00+09:00,1755.0,1785.0,1750.0,1780.0,584640.0
2020-10-30 00:00:00+09:00,1780.0,1780.0,1715.0,1725.0,582350.0
2020-11-02 00:00:00+09:00,1720.0,1785.0,1720.0,1780.0,486274.0
2020-11-03 00:00:00+09:00,1795.0,1810.0,1775.0,1785.0,371517.0
2020-11-04 00:00:00+09:00,1795.0,1805.0,1745.0,1760.0,648460.0
2020-11-05 00:00:00+09:00,1775.0,1795.0,1770.0,1790.0,361192.0
2020-11-06 00:00:00+09:00,1800.0,1800.0,1755.0,1760.0,462493.0
2020-11-09 00:00:00+09:00,1775.0,1810.0,1765.0,1800.0,704299.0
2020-11-10 00:00:00+09:00,1825.0,1860.0,1800.0,1845.0,996655.0
2020-11-11 00:00:00+09:00,1845.0,1970.0,1840.0,1960.0,2126196.0
2020-11-12 00:00:00+09:00,1950.0,2030.0,1910.0,1990.0,1934770.0
2020-11-13 00:00:00+09:00,1975.0,2025.0,1955.0,1985.0,1009633.0
2020-11-16 00:00:00+09:00,2020.0,2190.0,2000.0,2175.0,3941228.0
2020-11-17 00:00:00+09:00,2190.0,2280.0,2150.0,2185.0,3584236.0
2020-11-18 00:00:00+09:00,2210.0,2240.0,2115.0,2180.0,1693684.0
2020-11-19 00:00:00+09:00,2170.0,2170.0,2070.0,2110.0,1503287.0
2020-11-20 00:00:00+09:00,2115.0,2135.0,2085.0,2110.0,863633.0
2020-11-23 00:00:00+09:00,2095.0,2305.0,2065.0,2255.0,3648651.0
2020-11-24 00:00:00+09:00,2270.0,2310.0,2195.0,2255.0,1642731.0
2020-11-25 00:00:00+09:00,2315.0,2495.0,2190.0,2260.0,4923152.0
2020-11-26 00:00:00+09:00,2270.0,2305.0,2230.0,2305.0,1151235.0
2020-11-27 00:00:00+09:00,2300.0,2305.0,2240.0,2285.0,1169708.0
2020-11-30 00:00:00+09:00,2300.0,2350.0,2125.0,2125.0,1900798.0
2020-12-01 00:00:00+09:00,2150.0,2220.0,2135.0,2210.0,1591367.0
2020-12-02 00:00:00+09:00,2230.0,2245.0,2160.0,2190.0,1481991.0
2020-12-03 00:00:00+09:00,2215.0,2215.0,2145.0,2185.0,1043957.0
2020-12-04 00:00:00+09:00,2195.0,2275.0,2160.0,2180.0,2250123.0
2020-12-07 00:00:00+09:00,2220.0,2220.0,2120.0,2135.0,1227575.0
2020-12-08 00:00:00+09:00,2130.0,2145.0,2105.0,2120.0,855377.0
2020-12-09 00:00:00+09:00,2135.0,2150.0,2120.0,2145.0,801325.0
2020-12-10 00:00:00+09:00,2135.0,2140.0,2095.0,2130.0,683929.0
2020-12-11 00:00:00+09:00,2130.0,2235.0,2130.0,2210.0,1748283.0
2020-12-14 00:00:00+09:00,2220.0,2235.0,2150.0,2160.0,1453562.0
2020-12-15 00:00:00+09:00,2160.0,2200.0,2125.0,2155.0,892494.0
2020-12-16 00:00:00+09:00,2185.0,2205.0,2165.0,2175.0,630527.0
2020-12-17 00:00:00+09:00,2190.0,2190.0,2150.0,2160.0,697880.0
2020-12-18 00:00:00+09:00,2180.0,2180.0,2110.0,2125.0,1163257.0
2020-12-21 00:00:00+09:00,2125.0,2145.0,2100.0,2125.0,757714.0
2020-12-22 00:00:00+09:00,2110.0,2120.0,2060.0,2060.0,1131859.0
2020-12-23 00:00:00+09:00,2080.0,2080.0,2020.0,2030.0,972188.0
2020-12-24 00:00:00+09:00,2040.0,2115.0,2040.0,2100.0,1000245.0
2020-12-28 00:00:00+09:00,2120.0,2120.0,2070.0,2080.0,648444.0
2020-12-29 00:00:00+09:00,2095.0,2100.0,2060.0,2065.0,495268.0
2020-12-30 00:00:00+09:00,2070.0,2215.0,2060.0,2195.0,1447961.0
2021-01-04 00:00:00+09:00,2180.0,2270.0,2155.0,2230.0,1423132.0
2021-01-05 00:00:00+09:00,2220.0,2270.0,2195.0,2255.0,1154902.0
2021-01-06 00:00:00+09:00,2295.0,2930.0,2290.0,2625.0,41886220.0
2021-01-07 00:00:00+09:00,2710.0,2880.0,2635.0,2795.0,14618614.0
2021-01-08 00:00:00+09:00,2815.0,2855.0,2730.0,2800.0,6378387.0
2021-01-11 00:00:00+09:00,2815.0,3385.0,2815.0,3120.0,33922087.0
2021-01-12 00:00:00+09:00,3080.0,3135.0,2910.0,3020.0,5833244.0
2021-01-13 00:00:00+09:00,3065.0,3160.0,3030.0,3090.0,4013559.0
2021-01-14 00:00:00+09:00,3075.0,3150.0,2990.0,3145.0,3223920.0
2021-01-15 00:00:00+09:00,3195.0,3310.0,2995.0,2995.0,4678114.0
2021-01-18 00:00:00+09:00,2940.0,2950.0,2790.0,2810.0,3708541.0
2021-01-19 00:00:00+09:00,2810.0,2885.0,2760.0,2870.0,2176601.0
2021-01-20 00:00:00+09:00,2930.0,2930.0,2780.0,2830.0,1793564.0
2021-01-21 00:00:00+09:00,2870.0,2950.0,2830.0,2950.0,2022529.0
2021-01-22 00:00:00+09:00,2950.0,2975.0,2865.0,2940.0,2469438.0
2021-01-25 00:00:00+09:00,2955.0,3105.0,2900.0,3105.0,4586941.0
2021-01-26 00:00:00+09:00,3150.0,3150.0,2995.0,2995.0,3094809.0
2021-01-27 00:00:00+09:00,3005.0,3040.0,2875.0,2895.0,2692108.0
2021-01-28 00:00:00+09:00,2790.0,2845.0,2735.0,2780.0,2771374.0
2021-01-29 00:00:00+09:00,2790.0,2815.0,2570.0,2620.0,2986448.0
2021-02-01 00:00:00+09:00,2600.0,2765.0,2570.0,2740.0,1883756.0
2021-02-02 00:00:00+09:00,2810.0,3145.0,2765.0,3070.0,10367718.0
2021-02-03 00:00:00+09:00,3150.0,3370.0,2755.0,2790.0,27284676.0
2021-02-04 00:00:00+09:00,2835.0,2840.0,2645.0,2685.0,5491494.0
2021-02-05 00:00:00+09:00,2725.0,2780.0,2630.0,2670.0,3760784.0
2021-02-08 00:00:00+09:00,2655.0,2735.0,2645.0,2690.0,2100629.0
2021-02-09 00:00:00+09:00,2950.0,3100.0,2755.0,2770.0,10965276.0
2021-02-10 00:00:00+09:00,2840.0,2875.0,2765.0,2860.0,5614602.0
2021-02-15 00:00:00+09:00,2900.0,2930.0,2825.0,2835.0,2730161.0
2021-02-16 00:00:00+09:00,2845.0,2850.0,2775.0,2830.0,2481085.0
2021-02-17 00:00:00+09:00,2835.0,2960.0,2800.0,2905.0,5034261.0
2021-02-18 00:00:00+09:00,2950.0,3015.0,2875.0,2900.0,4070461.0
2021-02-19 00:00:00+09:00,2930.0,2930.0,2790.0,2855.0,2217961.0
2021-02-22 00:00:00+09:00,3075.0,3240.0,2940.0,2940.0,14704238.0
2021-02-23 00:00:00+09:00,2895.0,2915.0,2820.0,2855.0,3049173.0
2021-02-24 00:00:00+09:00,2865.0,2875.0,2715.0,2725.0,2803947.0
2021-02-25 00:00:00+09:00,2775.0,2795.0,2735.0,2795.0,1276269.0
2021-02-26 00:00:00+09:00,2720.0,2780.0,2680.0,2780.0,1912345.0
2021-03-02 00:00:00+09:00,2820.0,2825.0,2740.0,2755.0,1210800.0
2021-03-03 00:00:00+09:00,2740.0,2825.0,2705.0,2805.0,1102169.0
2021-03-04 00:00:00+09:00,2775.0,2820.0,2740.0,2750.0,1004646.0
2021-03-05 00:00:00+09:00,2715.0,2715.0,2650.0,2710.0,1458403.0
2021-03-08 00:00:00+09:00,2730.0,2730.0,2650.0,2650.0,1211988.0
2021-03-09 00:00:00+09:00,2650.0,2655.0,2550.0,2610.0,1598104.0
2021-03-10 00:00:00+09:00,2640.0,2670.0,2585.0,2600.0,958100.0
2021-03-11 00:00:00+09:00,2630.0,2670.0,2625.0,2650.0,1092771.0
2021-03-12 00:00:00+09:00,2675.0,2740.0,2660.0,2725.0,1392847.0
2021-03-15 00:00:00+09:00,2750.0,2835.0,2750.0,2820.0,2860193.0
2021-03-16 00:00:00+09:00,2890.0,3120.0,2830.0,2920.0,19956214.0
2021-03-17 00:00:00+09:00,2950.0,2980.0,2880.0,2935.0,3439674.0
2021-03-18 00:00:00+09:00,2990.0,3120.0,2950.0,3090.0,13098453.0
2021-03-19 00:00:00+09:00,3025.0,3055.0,2975.0,3005.0,3787970.0
2021-03-22 00:00:00+09:00,3030.0,3125.0,3020.0,3030.0,5359642.0
2021-03-23 00:00:00+09:00,3040.0,3040.0,2905.0,2905.0,2937130.0
2021-03-24 00:00:00+09:00,2895.0,3035.0,2860.0,2900.0,2778134.0
2021-03-25 00:00:00+09:00,2910.0,2940.0,2850.0,2870.0,1635579.0
2021-03-26 00:00:00+09:00,2890.0,2990.0,2870.0,2980.0,3160119.0
2021-03-29 00:00:00+09:00,3055.0,3135.0,3030.0,3090.0,6045617.0
2021-03-30 00:00:00+09:00,3100.0,4015.0,3050.0,4015.0,84430448.0
2021-03-31 00:00:00+09:00,4130.0,4830.0,3845.0,4250.0,197071163.0
2021-04-01 00:00:00+09:00,4405.0,5060.0,4335.0,4520.0,112364653.0
2021-04-02 00:00:00+09:00,4530.0,4575.0,4405.0,4510.0,7462439.0
2021-04-05 00:00:00+09:00,4660.0,5030.0,4585.0,5000.0,14677400.0
2021-04-06 00:00:00+09:00,5120.0,6500.0,5120.0,6500.0,16959063.0
2021-04-07 00:00:00+09:00,6840.0,8200.0,6450.0,6550.0,20855164.0
2021-04-08 00:00:00+09:00,6080.0,6550.0,6080.0,6480.0,10463585.0
2021-04-09 00:00:00+09:00,6800.0,6990.0,6600.0,6990.0,7387266.0
2021-04-12 00:00:00+09:00,7100.0,7440.0,6440.0,6670.0,34697365.0
2021-04-13 00:00:00+09:00,6470.0,6530.0,5220.0,5470.0,40627533.0
2021-04-14 00:00:00+09:00,5570.0,6010.0,5080.0,5830.0,40796446.0
2021-04-15 00:00:00+09:00,5390.0,5820.0,5110.0,5350.0,29072753.0
2021-04-16 00:00:00+09:00,5400.0,5460.0,5190.0,5320.0,8178727.0
2021-04-19 00:00:00+09:00,5220.0,5400.0,5080.0,5100.0,6951523.0
2021-04-20 00:00:00+09:00,4995.0,5400.0,4945.0,5380.0,13806905.0
2021-04-21 00:00:00+09:00,5400.0,5540.0,5330.0,5460.0,9911685.0
2021-04-22 00:00:00+09:00,5510.0,5970.0,5320.0,5860.0,26956788.0
2021-04-23 00:00:00+09:00,5560.0,5710.0,5130.0,5130.0,16159779.0
2021-04-26 00:00:00+09:00,5200.0,5430.0,5130.0,5230.0,7047132.0
2021-04-27 00:00:00+09:00,5390.0,5430.0,5210.0,5250.0,4951871.0
2021-04-28 00:00:00+09:00,5260.0,5390.0,5140.0,5220.0,6928364.0
2021-04-29 00:00:00+09:00,5230.0,5270.0,4985.0,4985.0,5388838.0
2021-04-30 00:00:00+09:00,5080.0,5550.0,4985.0,5230.0,20245744.0
2021-05-03 00:00:00+09:00,5230.0,5550.0,5050.0,5350.0,18329107.0
2021-05-04 00:00:00+09:00,5420.0,5930.0,5330.0,5520.0,41168545.0
2021-05-06 00:00:00+09:00,5660.0,5740.0,5470.0,5470.0,8986690.0
2021-05-07 00:00:00+09:00,5510.0,5550.0,5280.0,5310.0,5452428.0
2021-05-10 00:00:00+09:00,5330.0,5460.0,5300.0,5300.0,4377607.0
2021-05-11 00:00:00+09:00,5350.0,5640.0,5290.0,5500.0,9176814.0
2021-05-12 00:00:00+09:00,5500.0,5910.0,5310.0,5720.0,31724892.0
2021-05-13 00:00:00+09:00,5400.0,5550.0,5130.0,5200.0,10550513.0
2021-05-14 00:00:00+09:00,5250.0,5340.0,5120.0,5150.0,4844810.0
2021-05-17 00:00:00+09:00,5120.0,5130.0,4790.0,4800.0,7615044.0
2021-05-18 00:00:00+09:00,4810.0,5010.0,4805.0,4920.0,2989254.0
2021-05-20 00:00:00+09:00,4810.0,4820.0,4450.0,4595.0,6248759.0
2021-05-21 00:00:00+09:00,4670.0,4710.0,4450.0,4460.0,3815980.0
2021-05-24 00:00:00+09:00,4315.0,4530.0,4185.0,4485.0,3980110.0
2021-05-25 00:00:00+09:00,4580.0,4670.0,4440.0,4445.0,3356631.0
2021-05-26 00:00:00+09:00,4510.0,4815.0,4475.0,4615.0,5935679.0
2021-05-27 00:00:00+09:00,4630.0,4720.0,4510.0,4720.0,2365232.0
2021-05-28 00:00:00+09:00,4760.0,5050.0,4710.0,4865.0,6923496.0
2021-05-31 00:00:00+09:00,4830.0,4835.0,4690.0,4710.0,2562563.0
2021-06-01 00:00:00+09:00,4730.0,5660.0,4715.0,5380.0,60596973.0
2021-06-02 00:00:00+09:00,5320.0,5540.0,5130.0,5340.0,14017816.0
2021-06-03 00:00:00+09:00,5370.0,5450.0,5220.0,5220.0,6555091.0
2021-06-04 00:00:00+09:00,5210.0,5400.0,5190.0,5200.0,5147952.0
2021-06-07 00:00:00+09:00,5210.0,5360.0,5090.0,5250.0,5747342.0
2021-06-08 00:00:00+09:00,5240.0,5380.0,5150.0,5240.0,4539998.0
2021-06-09 00:00:00+09:00,5280.0,5480.0,5100.0,5130.0,9150447.0
2021-06-10 00:00:00+09:00,5280.0,5320.0,5050.0,5100.0,3442660.0
2021-06-11 00:00:00+09:00,5110.0,5190.0,5080.0,5110.0,1918540.0
2021-06-14 00:00:00+09:00,5160.0,5160.0,4965.0,4995.0,3163420.0
2021-06-15 00:00:00+09:00,5050.0,5240.0,5000.0,5150.0,3844360.0
2021-06-16 00:00:00+09:00,5160.0,5260.0,5130.0,5170.0,2517151.0
2021-06-17 00:00:00+09:00,5070.0,5170.0,5060.0,5070.0,2073874.0
2021-06-18 00:00:00+09:00,5070.0,5110.0,4995.0,5000.0,1846462.0
2021-06-21 00:00:00+09:00,4880.0,4940.0,4810.0,4860.0,2286567.0
2021-06-22 00:00:00+09:00,4930.0,4930.0,4830.0,4850.0,1657478.0
2021-06-23 00:00:00+09:00,4850.0,4880.0,4710.0,4735.0,2352164.0
2021-06-24 00:00:00+09:00,4810.0,4945.0,4750.0,4790.0,1984079.0
2021-06-25 00:00:00+09:00,4895.0,4895.0,4810.0,4810.0,1158827.0
2021-06-28 00:00:00+09:00,4825.0,4920.0,4795.0,4865.0,1420949.0
2021-06-29 00:00:00+09:00,4925.0,4930.0,4800.0,4815.0,1298259.0
2021-06-30 00:00:00+09:00,4870.0,4870.0,4780.0,4780.0,945876.0
2021-07-01 00:00:00+09:00,4785.0,4810.0,4715.0,4725.0,1155427.0
2021-07-02 00:00:00+09:00,4755.0,4785.0,4720.0,4720.0,884537.0
2021-07-05 00:00:00+09:00,4725.0,4740.0,4625.0,4630.0,1613552.0
2021-07-06 00:00:00+09:00,4610.0,4715.0,4595.0,4635.0,1059036.0
2021-07-07 00:00:00+09:00,4635.0,4665.0,4570.0,4580.0,1781519.0
2021-07-08 00:00:00+09:00,4845.0,4875.0,4600.0,4600.0,4409655.0
2021-07-09 00:00:00+09:00,4530.0,4580.0,4460.0,4500.0,1981402.0
2021-07-12 00:00:00+09:00,4630.0,4745.0,4600.0,4670.0,2429133.0
2021-07-13 00:00:00+09:00,4705.0,4770.0,4670.0,4750.0,1289991.0
2021-07-14 00:00:00+09:00,4730.0,4735.0,4620.0,4655.0,937591.0
2021-07-15 00:00:00+09:00,4650.0,4830.0,4625.0,4780.0,2030358.0
2021-07-16 00:00:00+09:00,4780.0,4810.0,4700.0,4755.0,1303528.0
2021-07-19 00:00:00+09:00,4720.0,4760.0,4615.0,4640.0,1034811.0
2021-07-20 00:00:00+09:00,4550.0,4640.0,4540.0,4595.0,808644.0
2021-07-21 00:00:00+09:00,4655.0,4715.0,4580.0,4585.0,911648.0
2021-07-22 00:00:00+09:00,4650.0,4675.0,4580.0,4595.0,697121.0
2021-07-23 00:00:00+09:00,4615.0,4715.0,4590.0,4695.0,1276169.0
2021-07-26 00:00:00+09:00,4730.0,4980.0,4655.0,4830.0,7498399.0
2021-07-27 00:00:00+09:00,4795.0,4810.0,4685.0,4690.0,1725157.0
2021-07-28 00:00:00+09:00,4715.0,4785.0,4675.0,4760.0,1548364.0
2021-07-29 00:00:00+09:00,4755.0,4885.0,4730.0,4750.0,1082934.0
2021-07-30 00:00:00+09:00,4750.0,4765.0,4570.0,4610.0,1049316.0
2021-08-02 00:00:00+09:00,4610.0,4640.0,4575.0,4605.0,455299.0
2021-08-03 00:00:00+09:00,4575.0,4605.0,4505.0,4540.0,878143.0
2021-08-04 00:00:00+09:00,4555.0,4605.0,4520.0,4585.0,612121.0
2021-08-05 00:00:00+09:00,4595.0,4655.0,4585.0,4610.0,635153.0
2021-08-06 00:00:00+09:00,4605.0,4665.0,4585.0,4585.0,805793.0
2021-08-09 00:00:00+09:00,4645.0,4700.0,4595.0,4600.0,1047852.0
2021-08-10 00:00:00+09:00,4670.0,4770.0,4600.0,4600.0,1712697.0
2021-08-11 00:00:00+09:00,4585.0,4620.0,4575.0,4595.0,731908.0
2021-08-12 00:00:00+09:00,4605.0,4715.0,4585.0,4610.0,1173094.0
2021-08-13 00:00:00+09:00,4605.0,4625.0,4405.0,4470.0,1442492.0
2021-08-17 00:00:00+09:00,4475.0,4495.0,4205.0,4205.0,1497101.0
2021-08-18 00:00:00+09:00,4110.0,4265.0,4110.0,4220.0,1120275.0
2021-08-19 00:00:00+09:00,4200.0,4285.0,3990.0,4010.0,1766454.0
2021-08-20 00:00:00+09:00,4055.0,4110.0,3915.0,3920.0,1401856.0
2021-08-23 00:00:00+09:00,3930.0,4780.0,3930.0,4400.0,23266936.0
2021-08-24 00:00:00+09:00,4440.0,4540.0,4360.0,4485.0,5412293.0
2021-08-25 00:00:00+09:00,4455.0,4730.0,4405.0,4700.0,62996710.0
2021-08-26 00:00:00+09:00,5080.0,5140.0,4750.0,4800.0,10252136.0
2021-08-27 00:00:00+09:00,4800.0,4855.0,4740.0,4780.0,2138723.0
2021-08-30 00:00:00+09:00,4795.0,4840.0,4720.0,4780.0,1688817.0
2021-08-31 00:00:00+09:00,4750.0,4910.0,4740.0,4905.0,2975726.0
2021-09-01 00:00:00+09:00,4940.0,4955.0,4865.0,4880.0,2457786.0
2021-09-02 00:00:00+09:00,4880.0,5030.0,4850.0,4960.0,3679649.0
2021-09-03 00:00:00+09:00,5000.0,5040.0,4920.0,5000.0,2489804.0
2021-09-06 00:00:00+09:00,5090.0,5200.0,5050.0,5070.0,4240720.0
2021-09-07 00:00:00+09:00,5140.0,5180.0,4985.0,5060.0,2245666.0
2021-09-08 00:00:00+09:00,4930.0,5020.0,4875.0,4880.0,2417046.0
2021-09-09 00:00:00+09:00,4895.0,4905.0,4740.0,4840.0,1534036.0
2021-09-10 00:00:00+09:00,4800.0,4960.0,4800.0,4960.0,1699693.0
2021-09-13 00:00:00+09:00,4960.0,4960.0,4775.0,4800.0,1277570.0
2021-09-14 00:00:00+09:00,4825.0,4920.0,4800.0,4820.0,1022194.0
2021-09-15 00:00:00+09:00,4840.0,4895.0,4815.0,4830.0,771020.0
2021-09-16 00:00:00+09:00,4885.0,4910.0,4810.0,4900.0,714515.0
2021-09-17 00:00:00+09:00,4905.0,4925.0,4845.0,4860.0,588741.0
2021-09-23 00:00:00+09:00,4805.0,4950.0,4750.0,4760.0,1898803.0
2021-09-24 00:00:00+09:00,4810.0,4845.0,4645.0,4700.0,1637342.0
2021-09-27 00:00:00+09:00,4690.0,4700.0,4360.0,4565.0,1452862.0
2021-09-28 00:00:00+09:00,4570.0,4570.0,4375.0,4445.0,1723771.0
2021-09-29 00:00:00+09:00,4325.0,4405.0,4300.0,4365.0,1182543.0
2021-09-30 00:00:00+09:00,4360.0,4440.0,4345.0,4355.0,776168.0
2021-10-01 00:00:00+09:00,4330.0,4375.0,4240.0,4255.0,921387.0
2021-10-05 00:00:00+09:00,4260.0,4375.0,4150.0,4215.0,1435817.0
2021-10-06 00:00:00+09:00,4270.0,4390.0,4105.0,4130.0,1717587.0
2021-10-07 00:00:00+09:00,4305.0,4410.0,4190.0,4355.0,2054045.0
2021-10-08 00:00:00+09:00,4375.0,4470.0,4315.0,4460.0,1621462.0
2021-10-12 00:00:00+09:00,4615.0,4620.0,4420.0,4465.0,1302663.0
2021-10-13 00:00:00+09:00,4405.0,4520.0,4395.0,4490.0,765064.0
2021-10-14 00:00:00+09:00,4525.0,4525.0,4445.0,4485.0,954869.0
2021-10-15 00:00:00+09:00,4535.0,4930.0,4475.0,4815.0,6498270.0
2021-10-18 00:00:00+09:00,4925.0,5060.0,4820.0,5020.0,6641724.0
2021-10-19 00:00:00+09:00,5100.0,6070.0,4950.0,5790.0,66433706.0
2021-10-20 00:00:00+09:00,6140.0,6230.0,5590.0,5750.0,31445742.0
2021-10-21 00:00:00+09:00,5910.0,6020.0,5710.0,5830.0,26976490.0
2021-10-22 00:00:00+09:00,5690.0,5970.0,5640.0,5720.0,11455815.0
2021-10-25 00:00:00+09:00,5630.0,5690.0,5350.0,5510.0,7558879.0
2021-10-26 00:00:00+09:00,5610.0,5940.0,5570.0,5770.0,14802098.0
2021-10-27 00:00:00+09:00,5660.0,5870.0,5630.0,5850.0,7470388.0
2021-10-28 00:00:00+09:00,5720.0,5750.0,5290.0,5330.0,7554616.0
2021-10-29 00:00:00+09:00,5440.0,5710.0,5360.0,5540.0,8663777.0
2021-11-01 00:00:00+09:00,5480.0,5590.0,5350.0,5590.0,4110240.0
2021-11-02 00:00:00+09:00,5630.0,6070.0,5630.0,5990.0,26595715.0
2021-11-03 00:00:00+09:00,6070.0,6120.0,5810.0,5950.0,8865489.0
2021-11-04 00:00:00+09:00,6090.0,6090.0,5490.0,5710.0,9730860.0
2021-11-05 00:00:00+09:00,5680.0,5760.0,5490.0,5510.0,3656474.0
2021-11-08 00:00:00+09:00,5480.0,5740.0,5480.0,5690.0,5267505.0
2021-11-09 00:00:00+09:00,5840.0,5880.0,5660.0,5660.0,6001842.0
2021-11-10 00:00:00+09:00,5600.0,5630.0,5270.0,5290.0,5042421.0
2021-11-11 00:00:00+09:00,5150.0,5400.0,5150.0,5190.0,3292830.0
2021-11-12 00:00:00+09:00,5200.0,5530.0,5150.0,5490.0,3385372.0
2021-11-15 00:00:00+09:00,5570.0,5810.0,5520.0,5660.0,5015805.0
2021-11-16 00:00:00+09:00,5660.0,5680.0,5470.0,5520.0,3927786.0
2021-11-17 00:00:00+09:00,6150.0,6180.0,5700.0,5730.0,21104241.0
2021-11-18 00:00:00+09:00,5720.0,6050.0,5620.0,6030.0,16817352.0
2021-11-19 00:00:00+09:00,5840.0,5930.0,5680.0,5730.0,5305693.0
2021-11-22 00:00:00+09:00,5710.0,5800.0,5660.0,5660.0,3256718.0
2021-11-23 00:00:00+09:00,5570.0,5630.0,5410.0,5410.0,2965938.0
2021-11-24 00:00:00+09:00,5480.0,5580.0,5400.0,5430.0,1509546.0
2021-11-25 00:00:00+09:00,5470.0,5630.0,5390.0,5550.0,3171532.0
2021-11-26 00:00:00+09:00,5640.0,5880.0,5620.0,5680.0,7970910.0
2021-11-29 00:00:00+09:00,5510.0,5690.0,5400.0,5440.0,3528845.0
2021-11-30 00:00:00+09:00,5540.0,5550.0,5130.0,5200.0,3465176.0
2021-12-01 00:00:00+09:00,5250.0,5460.0,5140.0,5420.0,2389581.0
2021-12-02 00:00:00+09:00,5290.0,5370.0,5210.0,5360.0,1604645.0
2021-12-03 00:00:00+09:00,5380.0,5570.0,5350.0,5540.0,2202100.0
2021-12-06 00:00:00+09:00,5300.0,5490.0,5220.0,5430.0,3221561.0
2021-12-07 00:00:00+09:00,5510.0,5690.0,5460.0,5600.0,3528154.0
2021-12-08 00:00:00+09:00,5680.0,5740.0,5560.0,5670.0,2770444.0
2021-12-09 00:00:00+09:00,5720.0,5780.0,5670.0,5750.0,2125960.0
2021-12-10 00:00:00+09:00,5740.0,5930.0,5650.0,5830.0,4181437.0
2021-12-13 00:00:00+09:00,5860.0,6180.0,5750.0,6180.0,8513891.0
2021-12-14 00:00:00+09:00,6230.0,7190.0,6010.0,6680.0,65592040.0
2021-12-15 00:00:00+09:00,6680.0,6940.0,6600.0,6800.0,21718720.0
2021-12-16 00:00:00+09:00,6920.0,6930.0,6490.0,6510.0,10263072.0
2021-12-17 00:00:00+09:00,6350.0,6720.0,6350.0,6420.0,7791039.0
2021-12-20 00:00:00+09:00,6490.0,6820.0,6380.0,6540.0,15889693.0
2021-12-21 00:00:00+09:00,6510.0,6700.0,6470.0,6560.0,5035929.0
2021-12-22 00:00:00+09:00,6620.0,6690.0,6490.0,6500.0,4812228.0
2021-12-23 00:00:00+09:00,6530.0,6570.0,6230.0,6290.0,5003430.0
2021-12-24 00:00:00+09:00,6350.0,6480.0,6280.0,6330.0,4224619.0
2021-12-27 00:00:00+09:00,6280.0,6420.0,6080.0,6090.0,4883930.0
2021-12-28 00:00:00+09:00,6120.0,6270.0,6060.0,6150.0,5783209.0
2021-12-29 00:00:00+09:00,6190.0,6360.0,6120.0,6330.0,3631080.0
2021-12-30 00:00:00+09:00,6330.0,6460.0,6290.0,6390.0,3203722.0
2022-01-03 00:00:00+09:00,6450.0,6800.0,6370.0,6710.0,7788670.0
2022-01-04 00:00:00+09:00,6750.0,6820.0,6470.0,6540.0,4796724.0
2022-01-05 00:00:00+09:00,6500.0,6530.0,6200.0,6220.0,3937204.0
2022-01-06 00:00:00+09:00,6030.0,6180.0,5810.0,5880.0,5527366.0
2022-01-07 00:00:00+09:00,5910.0,5990.0,5820.0,5930.0,2396799.0
2022-01-10 00:00:00+09:00,5900.0,5970.0,5720.0,5720.0,2257190.0
2022-01-11 00:00:00+09:00,5780.0,5780.0,5410.0,5480.0,4524361.0
2022-01-12 00:00:00+09:00,5610.0,5640.0,5470.0,5510.0,2198691.0
2022-01-13 00:00:00+09:00,5560.0,5600.0,5370.0,5540.0,1935299.0
2022-01-14 00:00:00+09:00,5450.0,5510.0,5400.0,5430.0,1346663.0
2022-01-17 00:00:00+09:00,5460.0,5460.0,5250.0,5330.0,1511302.0
2022-01-18 00:00:00+09:00,5280.0,5490.0,5280.0,5350.0,1735988.0
2022-01-19 00:00:00+09:00,5250.0,5400.0,5180.0,5220.0,1744519.0
2022-01-20 00:00:00+09:00,5240.0,5480.0,5150.0,5460.0,1552648.0
2022-01-21 00:00:00+09:00,5350.0,5450.0,5280.0,5420.0,1181531.0
2022-01-24 00:00:00+09:00,5320.0,5350.0,5060.0,5090.0,2094189.0
2022-01-25 00:00:00+09:00,5130.0,5190.0,4810.0,4820.0,2686509.0
2022-01-26 00:00:00+09:00,4820.0,5050.0,4820.0,4885.0,2683906.0
2022-01-27 00:00:00+09:00,4885.0,4925.0,4620.0,4630.0,3352862.0
2022-01-28 00:00:00+09:00,4635.0,4745.0,4490.0,4725.0,2196740.0
2022-02-03 00:00:00+09:00,4835.0,5050.0,4800.0,4960.0,1982648.0
2022-02-04 00:00:00+09:00,4960.0,5090.0,4900.0,5090.0,1403710.0
2022-02-07 00:00:00+09:00,5260.0,5430.0,5150.0,5300.0,3370649.0
2022-02-08 00:00:00+09:00,5380.0,5500.0,5200.0,5300.0,3026045.0
2022-02-09 00:00:00+09:00,5360.0,5370.0,5180.0,5210.0,1430017.0
2022-02-10 00:00:00+09:00,5270.0,5270.0,5100.0,5100.0,936462.0
2022-02-11 00:00:00+09:00,5020.0,5180.0,4950.0,5120.0,1189254.0
2022-02-14 00:00:00+09:00,4980.0,5040.0,4850.0,4870.0,1393495.0
2022-02-15 00:00:00+09:00,4865.0,4920.0,4745.0,4775.0,1579084.0
2022-02-16 00:00:00+09:00,5070.0,5270.0,4950.0,4995.0,5187831.0
2022-02-17 00:00:00+09:00,5030.0,5080.0,4760.0,4930.0,2005460.0
2022-02-18 00:00:00+09:00,4800.0,5020.0,4790.0,5000.0,1190914.0
2022-02-21 00:00:00+09:00,4910.0,4980.0,4870.0,4970.0,850034.0
2022-02-22 00:00:00+09:00,4850.0,5100.0,4745.0,4810.0,2097785.0
2022-02-23 00:00:00+09:00,4870.0,4880.0,4820.0,4835.0,804871.0
2022-02-24 00:00:00+09:00,4780.0,4805.0,4615.0,4635.0,1406447.0
2022-02-25 00:00:00+09:00,4750.0,4810.0,4700.0,4785.0,1116178.0
2022-02-28 00:00:00+09:00,4755.0,4840.0,4735.0,4810.0,784289.0
2022-03-02 00:00:00+09:00,4955.0,4970.0,4855.0,4885.0,1064280.0
2022-03-03 00:00:00+09:00,4940.0,5010.0,4880.0,5010.0,1139280.0
2022-03-04 00:00:00+09:00,4980.0,4985.0,4865.0,4920.0,893989.0
2022-03-07 00:00:00+09:00,4830.0,4830.0,4750.0,4775.0,806287.0
2022-03-08 00:00:00+09:00,4705.0,4805.0,4680.0,4735.0,576860.0
2022-03-10 00:00:00+09:00,4875.0,4925.0,4795.0,4830.0,751530.0
2022-03-11 00:00:00+09:00,4830.0,4940.0,4820.0,4940.0,811731.0
2022-03-14 00:00:00+09:00,4930.0,5030.0,4880.0,4900.0,868334.0
2022-03-15 00:00:00+09:00,4900.0,4925.0,4810.0,4830.0,583889.0
2022-03-16 00:00:00+09:00,4895.0,4985.0,4870.0,4985.0,999028.0
2022-03-17 00:00:00+09:00,5060.0,5110.0,5010.0,5100.0,1522185.0
2022-03-18 00:00:00+09:00,5150.0,5150.0,5040.0,5130.0,1117785.0
2022-03-21 00:00:00+09:00,5150.0,5160.0,5010.0,5040.0,791139.0
2022-03-22 00:00:00+09:00,5040.0,5190.0,4980.0,5170.0,2034955.0
2022-03-23 00:00:00+09:00,5220.0,5230.0,5120.0,5130.0,1077130.0
2022-03-24 00:00:00+09:00,5140.0,5240.0,5110.0,5120.0,2051449.0
2022-03-25 00:00:00+09:00,5170.0,5210.0,5120.0,5120.0,951245.0
2022-03-28 00:00:00+09:00,5180.0,5180.0,5110.0,5130.0,883072.0
2022-03-29 00:00:00+09:00,5160.0,5240.0,5100.0,5120.0,1231221.0
2022-03-30 00:00:00+09:00,5150.0,5180.0,5050.0,5080.0,833638.0
2022-03-31 00:00:00+09:00,5090.0,5130.0,5070.0,5090.0,617248.0
2022-04-01 00:00:00+09:00,5050.0,5340.0,5000.0,5080.0,3226665.0
2022-04-04 00:00:00+09:00,5140.0,5140.0,5060.0,5100.0,880438.0
2022-04-05 00:00:00+09:00,5140.0,5140.0,5070.0,5080.0,825496.0
2022-04-06 00:00:00+09:00,5050.0,5070.0,4995.0,5010.0,926779.0
2022-04-07 00:00:00+09:00,4935.0,4950.0,4880.0,4900.0,912080.0
2022-04-08 00:00:00+09:00,4905.0,4960.0,4865.0,4950.0,722365.0
2022-04-11 00:00:00+09:00,4955.0,4985.0,4880.0,4880.0,592657.0
2022-04-12 00:00:00+09:00,4810.0,4865.0,4800.0,4865.0,607000.0
2022-04-13 00:00:00+09:00,4835.0,4895.0,4835.0,4860.0,473557.0
2022-04-14 00:00:00+09:00,4865.0,4975.0,4865.0,4935.0,620320.0
2022-04-15 00:00:00+09:00,4940.0,5020.0,4870.0,4995.0,645674.0
2022-04-18 00:00:00+09:00,5000.0,5040.0,4955.0,4955.0,571902.0
2022-04-19 00:00:00+09:00,4965.0,5030.0,4965.0,4995.0,377764.0
2022-04-20 00:00:00+09:00,5030.0,5060.0,4985.0,4995.0,670514.0
2022-04-21 00:00:00+09:00,4995.0,5020.0,4930.0,4930.0,701500.0
2022-04-22 00:00:00+09:00,4900.0,4920.0,4860.0,4880.0,1289538.0
2022-04-25 00:00:00+09:00,5040.0,5090.0,4900.0,4930.0,2669223.0
2022-04-26 00:00:00+09:00,4955.0,5030.0,4905.0,4905.0,1105842.0
2022-04-27 00:00:00+09:00,4815.0,4840.0,4780.0,4830.0,913144.0
2022-04-28 00:00:00+09:00,4835.0,4870.0,4805.0,4810.0,534676.0
2022-04-29 00:00:00+09:00,4810.0,4845.0,4790.0,4810.0,599399.0
2022-05-02 00:00:00+09:00,4750.0,4785.0,4745.0,4760.0,503300.0
2022-05-03 00:00:00+09:00,4760.0,4800.0,4750.0,4770.0,455915.0
2022-05-04 00:00:00+09:00,4770.0,4775.0,4710.0,4725.0,586958.0
2022-05-06 00:00:00+09:00,4680.0,4695.0,4620.0,4630.0,873915.0
2022-05-09 00:00:00+09:00,4590.0,4595.0,4420.0,4420.0,1071428.0
2022-05-10 00:00:00+09:00,4300.0,4345.0,4180.0,4310.0,1391201.0
2022-05-11 00:00:00+09:00,4270.0,4310.0,4170.0,4185.0,1070407.0
2022-05-12 00:00:00+09:00,4085.0,4130.0,3940.0,3960.0,2012137.0
2022-05-13 00:00:00+09:00,3980.0,4050.0,3980.0,4030.0,733784.0
2022-05-16 00:00:00+09:00,4045.0,4185.0,4045.0,4150.0,947257.0
2022-05-17 00:00:00+09:00,4170.0,4190.0,4095.0,4155.0,634535.0
2022-05-18 00:00:00+09:00,4180.0,4200.0,4025.0,4050.0,745980.0
2022-05-19 00:00:00+09:00,3915.0,3980.0,3900.0,3940.0,812335.0
2022-05-20 00:00:00+09:00,3940.0,4100.0,3940.0,4085.0,760622.0
2022-05-23 00:00:00+09:00,4090.0,4110.0,4035.0,4050.0,306491.0
2022-05-24 00:00:00+09:00,4010.0,4040.0,3940.0,3950.0,662940.0
2022-05-25 00:00:00+09:00,3965.0,3990.0,3905.0,3960.0,406271.0
2022-05-26 00:00:00+09:00,3955.0,4090.0,3955.0,4030.0,892344.0
2022-05-27 00:00:00+09:00,4085.0,4085.0,4030.0,4065.0,476354.0
2022-05-30 00:00:00+09:00,4105.0,4165.0,4095.0,4150.0,540073.0
2022-05-31 00:00:00+09:00,4205.0,4210.0,4105.0,4115.0,488875.0
2022-06-02 00:00:00+09:00,4065.0,4070.0,4025.0,4035.0,448757.0
2022-06-03 00:00:00+09:00,4060.0,4085.0,4025.0,4040.0,397280.0
2022-06-07 00:00:00+09:00,4040.0,4040.0,3950.0,3960.0,557679.0
2022-06-08 00:00:00+09:00,3960.0,3995.0,3950.0,3960.0,346478.0
2022-06-09 00:00:00+09:00,3955.0,3955.0,3890.0,3945.0,758721.0
2022-06-10 00:00:00+09:00,3895.0,3920.0,3835.0,3895.0,803439.0
2022-06-13 00:00:00+09:00,3770.0,3780.0,3625.0,3625.0,1330881.0
2022-06-14 00:00:00+09:00,3440.0,3595.0,3410.0,3590.0,1367396.0
2022-06-15 00:00:00+09:00,3510.0,3570.0,3425.0,3445.0,1037549.0
2022-06-16 00:00:00+09:00,3520.0,3585.0,3430.0,3430.0,887348.0
2022-06-17 00:00:00+09:00,3340.0,3480.0,3310.0,3450.0,911367.0
2022-06-20 00:00:00+09:00,3475.0,3500.0,3200.0,3225.0,1478355.0
2022-06-21 00:00:00+09:00,3210.0,3395.0,3210.0,3370.0,1134358.0
2022-06-22 00:00:00+09:00,3375.0,3395.0,3155.0,3155.0,1063050.0
2022-06-23 00:00:00+09:00,3140.0,3200.0,3030.0,3055.0,1305245.0
2022-06-24 00:00:00+09:00,3065.0,3285.0,3065.0,3255.0,1239909.0
2022-06-27 00:00:00+09:00,3350.0,3440.0,3255.0,3400.0,1243480.0
2022-06-28 00:00:00+09:00,3350.0,3415.0,3350.0,3400.0,582959.0
2022-06-29 00:00:00+09:00,3300.0,3400.0,3300.0,3365.0,449939.0
2022-06-30 00:00:00+09:00,3365.0,3365.0,3245.0,3260.0,369364.0
2022-07-01 00:00:00+09:00,3275.0,3330.0,3170.0,3205.0,491911.0
2022-07-04 00:00:00+09:00,3225.0,3245.0,3070.0,3150.0,577819.0
2022-07-05 00:00:00+09:00,3220.0,3480.0,3190.0,3385.0,2004995.0
2022-07-06 00:00:00+09:00,3375.0,3395.0,3260.0,3280.0,559583.0
2022-07-07 00:00:00+09:00,3305.0,3320.0,3235.0,3290.0,397833.0
2022-07-08 00:00:00+09:00,3355.0,3360.0,3250.0,3275.0,843949.0
2022-07-11 00:00:00+09:00,3275.0,3285.0,3130.0,3145.0,950364.0
2022-07-12 00:00:00+09:00,3125.0,3130.0,2995.0,3030.0,1280435.0
2022-07-13 00:00:00+09:00,3005.0,3080.0,2995.0,3060.0,946162.0
2022-07-14 00:00:00+09:00,3050.0,3085.0,3020.0,3070.0,584108.0
2022-07-15 00:00:00+09:00,3105.0,3120.0,2985.0,3045.0,716846.0
2022-07-18 00:00:00+09:00,3085.0,3240.0,3070.0,3240.0,1171358.0
2022-07-19 00:00:00+09:00,3275.0,3275.0,3210.0,3245.0,754090.0
2022-07-20 00:00:00+09:00,3345.0,3460.0,3315.0,3335.0,2042968.0
2022-07-21 00:00:00+09:00,3365.0,3405.0,3340.0,3350.0,693455.0
2022-07-22 00:00:00+09:00,3360.0,3420.0,3310.0,3350.0,829887.0
2022-07-25 00:00:00+09:00,3395.0,3570.0,3345.0,3360.0,3367219.0
2022-07-26 00:00:00+09:00,3320.0,3430.0,3270.0,3280.0,1263207.0
2022-07-27 00:00:00+09:00,3255.0,3260.0,3225.0,3250.0,518828.0
2022-07-28 00:00:00+09:00,3310.0,3340.0,3275.0,3275.0,770942.0
2022-07-29 00:00:00+09:00,3285.0,3360.0,3275.0,3335.0,910889.0
2022-08-01 00:00:00+09:00,3350.0,3385.0,3305.0,3305.0,424963.0
2022-08-02 00:00:00+09:00,3290.0,3305.0,3205.0,3230.0,510403.0
2022-08-03 00:00:00+09:00,3205.0,3255.0,3200.0,3240.0,409006.0
2022-08-04 00:00:00+09:00,3285.0,3345.0,3230.0,3310.0,742154.0
2022-08-05 00:00:00+09:00,3310.0,3410.0,3300.0,3370.0,1034752.0
2022-08-08 00:00:00+09:00,3375.0,3385.0,3325.0,3380.0,434126.0
2022-08-09 00:00:00+09:00,3410.0,3425.0,3360.0,3380.0,643596.0
2022-08-10 00:00:00+09:00,3355.0,3375.0,3290.0,3290.0,722359.0
2022-08-11 00:00:00+09:00,3350.0,3500.0,3330.0,3500.0,1735549.0
2022-08-12 00:00:00+09:00,3490.0,3525.0,3455.0,3480.0,856117.0
2022-08-16 00:00:00+09:00,3510.0,3535.0,3440.0,3450.0,794992.0
2022-08-17 00:00:00+09:00,3445.0,3465.0,3405.0,3410.0,596970.0
2022-08-18 00:00:00+09:00,3405.0,3405.0,3340.0,3390.0,430346.0
2022-08-19 00:00:00+09:00,3380.0,3385.0,3330.0,3330.0,478203.0
2022-08-22 00:00:00+09:00,3280.0,3280.0,3210.0,3210.0,745245.0
2022-08-23 00:00:00+09:00,3175.0,3180.0,3095.0,3115.0,859688.0
2022-08-24 00:00:00+09:00,3110.0,3145.0,3105.0,3120.0,471174.0
2022-08-25 00:00:00+09:00,3135.0,3190.0,3135.0,3170.0,412491.0
2022-08-26 00:00:00+09:00,3180.0,3215.0,3160.0,3170.0,417776.0
2022-08-29 00:00:00+09:00,3040.0,3080.0,3035.0,3065.0,748015.0
2022-08-30 00:00:00+09:00,3075.0,3150.0,3075.0,3150.0,478283.0
2022-08-31 00:00:00+09:00,3110.0,3130.0,3090.0,3120.0,441261.0
2022-09-01 00:00:00+09:00,3085.0,3100.0,3025.0,3030.0,640900.0
2022-09-02 00:00:00+09:00,3060.0,3065.0,3000.0,3005.0,507359.0
2022-09-05 00:00:00+09:00,2990.0,3025.0,2965.0,2980.0,791423.0
2022-09-06 00:00:00+09:00,2985.0,3015.0,2980.0,2995.0,253320.0
2022-09-07 00:00:00+09:00,2970.0,2990.0,2860.0,2900.0,939810.0
2022-09-08 00:00:00+09:00,2955.0,2985.0,2905.0,2935.0,558626.0
2022-09-13 00:00:00+09:00,3015.0,3060.0,3015.0,3030.0,758239.0
2022-09-14 00:00:00+09:00,2900.0,2980.0,2895.0,2975.0,520373.0
2022-09-15 00:00:00+09:00,2985.0,2985.0,2955.0,2960.0,319068.0
2022-09-16 00:00:00+09:00,2930.0,2960.0,2860.0,2895.0,689005.0
2022-09-19 00:00:00+09:00,2890.0,2905.0,2850.0,2865.0,573772.0
2022-09-20 00:00:00+09:00,2875.0,2920.0,2875.0,2890.0,340893.0
2022-09-21 00:00:00+09:00,2885.0,2915.0,2855.0,2870.0,463380.0
2022-09-22 00:00:00+09:00,2850.0,2855.0,2690.0,2740.0,980968.0
2022-09-23 00:00:00+09:00,2755.0,2765.0,2650.0,2665.0,627896.0
2022-09-26 00:00:00+09:00,2610.0,2630.0,2490.0,2515.0,1491912.0
2022-09-27 00:00:00+09:00,2515.0,2560.0,2465.0,2550.0,970926.0
2022-09-28 00:00:00+09:00,2500.0,2560.0,2400.0,2465.0,698339.0
2022-09-29 00:00:00+09:00,2495.0,2545.0,2430.0,2435.0,645590.0
2022-09-30 00:00:00+09:00,2380.0,2445.0,2365.0,2420.0,470598.0
2022-10-04 00:00:00+09:00,2480.0,2505.0,2465.0,2495.0,451459.0
2022-10-05 00:00:00+09:00,2565.0,2575.0,2455.0,2460.0,415857.0
2022-10-06 00:00:00+09:00,2460.0,2530.0,2460.0,2525.0,467695.0
2022-10-07 00:00:00+09:00,2500.0,2535.0,2485.0,2525.0,420732.0
2022-10-11 00:00:00+09:00,2485.0,2490.0,2355.0,2390.0,896841.0
2022-10-12 00:00:00+09:00,2370.0,2430.0,2350.0,2390.0,517749.0
2022-10-13 00:00:00+09:00,2360.0,2390.0,2275.0,2275.0,639403.0
2022-10-14 00:00:00+09:00,2305.0,2420.0,2305.0,2405.0,699458.0
2022-10-17 00:00:00+09:00,2355.0,2490.0,2350.0,2490.0,476611.0
2022-10-18 00:00:00+09:00,2525.0,2545.0,2485.0,2520.0,512936.0
2022-10-19 00:00:00+09:00,2540.0,2570.0,2475.0,2495.0,419912.0
2022-10-20 00:00:00+09:00,2470.0,2500.0,2410.0,2440.0,282375.0
2022-10-21 00:00:00+09:00,2415.0,2425.0,2340.0,2365.0,412480.0
2022-10-24 00:00:00+09:00,2430.0,2480.0,2400.0,2405.0,414452.0
2022-10-25 00:00:00+09:00,2435.0,2675.0,2365.0,2365.0,2312914.0
2022-10-26 00:00:00+09:00,2400.0,2470.0,2375.0,2390.0,839088.0
2022-10-27 00:00:00+09:00,2425.0,2510.0,2410.0,2490.0,782120.0
2022-10-28 00:00:00+09:00,2450.0,2500.0,2440.0,2460.0,430378.0
2022-10-31 00:00:00+09:00,2515.0,2515.0,2440.0,2460.0,394998.0
2022-11-01 00:00:00+09:00,2470.0,2505.0,2450.0,2480.0,430023.0
2022-11-02 00:00:00+09:00,2470.0,2490.0,2440.0,2450.0,396061.0
2022-11-03 00:00:00+09:00,2390.0,2420.0,2380.0,2410.0,401496.0
2022-11-04 00:00:00+09:00,2405.0,2465.0,2395.0,2465.0,338986.0
2022-11-07 00:00:00+09:00,2445.0,2520.0,2445.0,2510.0,578552.0
2022-11-08 00:00:00+09:00,2520.0,2550.0,2510.0,2545.0,673881.0
2022-11-09 00:00:00+09:00,2530.0,2580.0,2500.0,2560.0,825698.0
2022-11-10 00:00:00+09:00,2510.0,2525.0,2480.0,2505.0,691335.0
2022-11-11 00:00:00+09:00,2600.0,2615.0,2580.0,2615.0,1260957.0
2022-11-14 00:00:00+09:00,2615.0,2680.0,2615.0,2635.0,845018.0
2022-11-15 00:00:00+09:00,2630.0,2695.0,2625.0,2695.0,452827.0
2022-11-16 00:00:00+09:00,2720.0,2735.0,2625.0,2730.0,657952.0
2022-11-17 00:00:00+09:00,2730.0,2735.0,2650.0,2655.0,539823.0
2022-11-18 00:00:00+09:00,2640.0,2690.0,2630.0,2635.0,369314.0
2022-11-21 00:00:00+09:00,2635.0,2665.0,2555.0,2560.0,385521.0
2022-11-22 00:00:00+09:00,2560.0,2620.0,2555.0,2560.0,368948.0
2022-11-23 00:00:00+09:00,2610.0,2625.0,2575.0,2590.0,252829.0
2022-11-24 00:00:00+09:00,2620.0,2660.0,2605.0,2660.0,397387.0
2022-11-25 00:00:00+09:00,2645.0,2650.0,2590.0,2615.0,439994.0
2022-11-28 00:00:00+09:00,2610.0,2620.0,2555.0,2565.0,381383.0
2022-11-29 00:00:00+09:00,2545.0,2610.0,2545.0,2600.0,214980.0
2022-11-30 00:00:00+09:00,2590.0,2660.0,2580.0,2640.0,396495.0
2022-12-01 00:00:00+09:00,2700.0,2745.0,2685.0,2700.0,821270.0
2022-12-02 00:00:00+09:00,2690.0,2715.0,2675.0,2700.0,327950.0
2022-12-05 00:00:00+09:00,2705.0,2725.0,2675.0,2690.0,367062.0
2022-12-06 00:00:00+09:00,2675.0,2695.0,2645.0,2645.0,388392.0
2022-12-07 00:00:00+09:00,2615.0,2715.0,2600.0,2695.0,640653.0
2022-12-08 00:00:00+09:00,2705.0,2705.0,2610.0,2635.0,512853.0
2022-12-09 00:00:00+09:00,2660.0,2700.0,2625.0,2695.0,434984.0
2022-12-12 00:00:00+09:00,2695.0,2720.0,2675.0,2710.0,586141.0
2022-12-13 00:00:00+09:00,2705.0,2725.0,2670.0,2680.0,321928.0
2022-12-14 00:00:00+09:00,2700.0,2710.0,2675.0,2685.0,372908.0
2022-12-15 00:00:00+09:00,2685.0,2690.0,2630.0,2635.0,443874.0
2022-12-16 00:00:00+09:00,2590.0,2625.0,2575.0,2615.0,270614.0
2022-12-19 00:00:00+09:00,2600.0,2615.0,2585.0,2585.0,236158.0
2022-12-20 00:00:00+09:00,2555.0,2570.0,2500.0,2515.0,533081.0
2022-12-21 00:00:00+09:00,2520.0,2530.0,2485.0,2495.0,364164.0
2022-12-22 00:00:00+09:00,2515.0,2560.0,2515.0,2550.0,272191.0
2022-12-23 00:00:00+09:00,2525.0,2545.0,2470.0,2480.0,406069.0
2022-12-26 00:00:00+09:00,2480.0,2510.0,2465.0,2480.0,360345.0
2022-12-27 00:00:00+09:00,2465.0,2555.0,2465.0,2545.0,504915.0
2022-12-28 00:00:00+09:00,2495.0,2500.0,2450.0,2455.0,622781.0
2022-12-29 00:00:00+09:00,2455.0,2455.0,2345.0,2350.0,557852.0
2023-01-02 00:00:00+09:00,2360.0,2380.0,2285.0,2285.0,467021.0
2023-01-03 00:00:00+09:00,2265.0,2310.0,2195.0,2275.0,654882.0
2023-01-04 00:00:00+09:00,2235.0,2410.0,2235.0,2395.0,626680.0
2023-01-05 00:00:00+09:00,2420.0,2655.0,2410.0,2535.0,2768048.0
2023-01-06 00:00:00+09:00,2530.0,2590.0,2500.0,2575.0,606542.0
2023-01-09 00:00:00+09:00,2610.0,2615.0,2570.0,2600.0,494792.0
2023-01-10 00:00:00+09:00,2600.0,2645.0,2585.0,2600.0,539016.0
2023-01-11 00:00:00+09:00,2620.0,2620.0,2570.0,2580.0,459714.0
2023-01-12 00:00:00+09:00,2600.0,2695.0,2595.0,2670.0,1047131.0
2023-01-13 00:00:00+09:00,2715.0,2735.0,2665.0,2695.0,651587.0
2023-01-16 00:00:00+09:00,2725.0,2990.0,2715.0,2900.0,5724643.0
2023-01-17 00:00:00+09:00,2885.0,3130.0,2880.0,2905.0,4823329.0
2023-01-18 00:00:00+09:00,2930.0,3005.0,2865.0,2945.0,1383208.0
2023-01-19 00:00:00+09:00,2885.0,2935.0,2830.0,2890.0,1032374.0
2023-01-20 00:00:00+09:00,2900.0,3070.0,2880.0,3055.0,2056201.0
2023-01-25 00:00:00+09:00,3235.0,3475.0,3205.0,3260.0,9929393.0
2023-01-26 00:00:00+09:00,3305.0,3520.0,3260.0,3360.0,7601312.0
2023-01-27 00:00:00+09:00,3380.0,3460.0,3255.0,3395.0,2775978.0
2023-01-30 00:00:00+09:00,3435.0,3470.0,3210.0,3220.0,2285971.0
2023-01-31 00:00:00+09:00,3180.0,3355.0,3150.0,3345.0,2969831.0
2023-02-01 00:00:00+09:00,3345.0,3835.0,3345.0,3695.0,15763737.0
2023-02-02 00:00:00+09:00,3695.0,3905.0,3640.0,3740.0,10789034.0
2023-02-03 00:00:00+09:00,3755.0,3770.0,3325.0,3340.0,9076546.0
2023-02-06 00:00:00+09:00,3370.0,3390.0,3130.0,3175.0,6325004.0
2023-02-07 00:00:00+09:00,3170.0,3245.0,3120.0,3170.0,2842347.0
2023-02-08 00:00:00+09:00,3200.0,3285.0,3175.0,3280.0,2540097.0
2023-02-09 00:00:00+09:00,3250.0,3290.0,3200.0,3270.0,1504679.0
2023-02-10 00:00:00+09:00,3215.0,3235.0,3170.0,3190.0,1606825.0
2023-02-13 00:00:00+09:00,3200.0,3245.0,3140.0,3235.0,1308936.0
2023-02-14 00:00:00+09:00,3250.0,3275.0,3120.0,3130.0,1457173.0
2023-02-15 00:00:00+09:00,3150.0,3160.0,3035.0,3055.0,1960232.0
2023-02-16 00:00:00+09:00,3200.0,3230.0,3130.0,3215.0,2409108.0
2023-02-17 00:00:00+09:00,3125.0,3175.0,3085.0,3115.0,1147813.0
2023-02-20 00:00:00+09:00,3130.0,3140.0,3075.0,3100.0,764455.0
2023-02-21 00:00:00+09:00,3125.0,3160.0,3090.0,3140.0,951190.0
2023-02-22 00:00:00+09:00,3080.0,3300.0,3005.0,3050.0,4012896.0
2023-02-23 00:00:00+09:00,3080.0,3085.0,3035.0,3080.0,799570.0
2023-02-24 00:00:00+09:00,3080.0,3110.0,3060.0,3110.0,699067.0
2023-02-27 00:00:00+09:00,3085.0,3090.0,3040.0,3070.0,401872.0
2023-02-28 00:00:00+09:00,3075.0,3090.0,3045.0,3055.0,898194.0
2023-03-02 00:00:00+09:00,3055.0,3110.0,3030.0,3045.0,731661.0
2023-03-03 00:00:00+09:00,3070.0,3070.0,2900.0,2935.0,1986687.0
2023-03-06 00:00:00+09:00,2935.0,2955.0,2900.0,2905.0,1302098.0
2023-03-07 00:00:00+09:00,2905.0,2950.0,2855.0,2875.0,1139828.0
2023-03-08 00:00:00+09:00,2830.0,2850.0,2810.0,2825.0,763062.0
2023-03-09 00:00:00+09:00,2830.0,2880.0,2795.0,2850.0,956865.0
2023-03-10 00:00:00+09:00,2800.0,2800.0,2735.0,2760.0,888624.0
2023-03-13 00:00:00+09:00,2740.0,2820.0,2710.0,2810.0,878187.0
2023-03-14 00:00:00+09:00,2885.0,2920.0,2695.0,2705.0,1491465.0
2023-03-15 00:00:00+09:00,2755.0,2800.0,2700.0,2715.0,687433.0
2023-03-16 00:00:00+09:00,2680.0,2715.0,2610.0,2680.0,989931.0
2023-03-17 00:00:00+09:00,2720.0,2790.0,2700.0,2790.0,939525.0
2023-03-20 00:00:00+09:00,2885.0,2915.0,2800.0,2800.0,1266202.0
2023-03-21 00:00:00+09:00,2835.0,2840.0,2750.0,2755.0,540156.0
2023-03-22 00:00:00+09:00,2790.0,2840.0,2755.0,2795.0,607915.0
2023-03-23 00:00:00+09:00,2745.0,2750.0,2690.0,2705.0,821679.0
2023-03-24 00:00:00+09:00,2725.0,2730.0,2680.0,2730.0,461275.0
2023-03-27 00:00:00+09:00,2720.0,2730.0,2630.0,2645.0,832440.0
2023-03-28 00:00:00+09:00,2650.0,2685.0,2635.0,2685.0,532385.0
2023-03-29 00:00:00+09:00,2685.0,2715.0,2665.0,2695.0,537649.0
2023-03-30 00:00:00+09:00,2730.0,2745.0,2685.0,2730.0,751497.0
2023-03-31 00:00:00+09:00,2715.0,2730.0,2680.0,2700.0,578278.0
2023-04-03 00:00:00+09:00,2720.0,2760.0,2705.0,2760.0,728422.0
2023-04-04 00:00:00+09:00,2760.0,2785.0,2745.0,2770.0,560988.0
2023-04-05 00:00:00+09:00,2765.0,2845.0,2755.0,2815.0,707250.0
2023-04-06 00:00:00+09:00,2820.0,2830.0,2730.0,2730.0,561062.0
2023-04-07 00:00:00+09:00,2730.0,2830.0,2720.0,2830.0,585173.0
2023-04-10 00:00:00+09:00,2830.0,2830.0,2735.0,2745.0,649892.0
2023-04-11 00:00:00+09:00,2760.0,2875.0,2760.0,2840.0,1293639.0
2023-04-12 00:00:00+09:00,2870.0,2915.0,2830.0,2840.0,822504.0
2023-04-13 00:00:00+09:00,2825.0,2900.0,2810.0,2890.0,837669.0
2023-04-14 00:00:00+09:00,2905.0,2950.0,2905.0,2910.0,842121.0
2023-04-17 00:00:00+09:00,2915.0,2930.0,2870.0,2930.0,569186.0
2023-04-18 00:00:00+09:00,2945.0,2945.0,2885.0,2905.0,480204.0
2023-04-19 00:00:00+09:00,2930.0,2935.0,2900.0,2910.0,549194.0
2023-04-20 00:00:00+09:00,2895.0,2905.0,2825.0,2850.0,635502.0
2023-04-21 00:00:00+09:00,2845.0,2855.0,2775.0,2815.0,527804.0
2023-04-24 00:00:00+09:00,2795.0,2810.0,2715.0,2715.0,772859.0
2023-04-25 00:00:00+09:00,2725.0,2750.0,2670.0,2695.0,590760.0
2023-04-26 00:00:00+09:00,2705.0,2785.0,2675.0,2775.0,735871.0
2023-04-27 00:00:00+09:00,2755.0,2765.0,2695.0,2730.0,518306.0
2023-04-28 00:00:00+09:00,2735.0,2790.0,2715.0,2750.0,439551.0
2023-05-02 00:00:00+09:00,2755.0,2780.0,2740.0,2770.0,336563.0
2023-05-03 00:00:00+09:00,2740.0,2755.0,2690.0,2705.0,565541.0
2023-05-04 00:00:00+09:00,2705.0,2720.0,2670.0,2715.0,285554.0
2023-05-08 00:00:00+09:00,2735.0,2765.0,2725.0,2745.0,427631.0
2023-05-09 00:00:00+09:00,2715.0,2750.0,2700.0,2735.0,462223.0
2023-05-10 00:00:00+09:00,2730.0,2765.0,2715.0,2735.0,406144.0
2023-05-11 00:00:00+09:00,2735.0,2820.0,2735.0,2780.0,489755.0
2023-05-12 00:00:00+09:00,2765.0,2785.0,2725.0,2735.0,379498.0
2023-05-15 00:00:00+09:00,2735.0,2735.0,2695.0,2695.0,381064.0
2023-05-16 00:00:00+09:00,2710.0,2740.0,2670.0,2685.0,402775.0
2023-05-17 00:00:00+09:00,2675.0,2705.0,2665.0,2695.0,280493.0
2023-05-18 00:00:00+09:00,2710.0,2745.0,2700.0,2730.0,417008.0
2023-05-19 00:00:00+09:00,2730.0,2760.0,2715.0,2740.0,400634.0
2023-05-22 00:00:00+09:00,2750.0,2790.0,2740.0,2765.0,400659.0
2023-05-23 00:00:00+09:00,2765.0,2775.0,2750.0,2765.0,253901.0
2023-05-24 00:00:00+09:00,2755.0,2770.0,2735.0,2750.0,282188.0
2023-05-25 00:00:00+09:00,2745.0,2755.0,2695.0,2700.0,390847.0
2023-05-26 00:00:00+09:00,2710.0,2720.0,2685.0,2695.0,366053.0
2023-05-30 00:00:00+09:00,2710.0,2770.0,2710.0,2765.0,395096.0
2023-05-31 00:00:00+09:00,2765.0,2785.0,2730.0,2730.0,357791.0
2023-06-01 00:00:00+09:00,2715.0,2750.0,2705.0,2715.0,227899.0
2023-06-02 00:00:00+09:00,2740.0,2765.0,2720.0,2760.0,370808.0
2023-06-05 00:00:00+09:00,2785.0,2815.0,2775.0,2790.0,423805.0
2023-06-07 00:00:00+09:00,2775.0,2800.0,2735.0,2745.0,425759.0
2023-06-08 00:00:00+09:00,2730.0,2740.0,2710.0,2715.0,535087.0
2023-06-09 00:00:00+09:00,2725.0,2745.0,2695.0,2705.0,724904.0
2023-06-12 00:00:00+09:00,2710.0,2710.0,2685.0,2690.0,434448.0
2023-06-13 00:00:00+09:00,2690.0,2710.0,2670.0,2680.0,622887.0
2023-06-14 00:00:00+09:00,2680.0,2685.0,2620.0,2635.0,596443.0
2023-06-15 00:00:00+09:00,2635.0,2645.0,2585.0,2600.0,521973.0
2023-06-16 00:00:00+09:00,2625.0,2665.0,2615.0,2650.0,372958.0
2023-06-19 00:00:00+09:00,2650.0,2655.0,2625.0,2655.0,311890.0
2023-06-20 00:00:00+09:00,2650.0,2685.0,2645.0,2650.0,271233.0
2023-06-21 00:00:00+09:00,2675.0,2680.0,2620.0,2635.0,473899.0
2023-06-22 00:00:00+09:00,2690.0,2730.0,2645.0,2655.0,688974.0
2023-06-23 00:00:00+09:00,2650.0,2660.0,2590.0,2595.0,460304.0
2023-06-26 00:00:00+09:00,2600.0,2625.0,2590.0,2610.0,221263.0
2023-06-27 00:00:00+09:00,2600.0,2615.0,2595.0,2605.0,152823.0
2023-06-28 00:00:00+09:00,2620.0,2640.0,2600.0,2640.0,277158.0
2023-06-29 00:00:00+09:00,2635.0,2640.0,2585.0,2595.0,310829.0
2023-06-30 00:00:00+09:00,2595.0,2665.0,2580.0,2655.0,367027.0
2023-07-03 00:00:00+09:00,2645.0,2685.0,2645.0,2680.0,352959.0
2023-07-04 00:00:00+09:00,2695.0,2710.0,2660.0,2695.0,487780.0
2023-07-05 00:00:00+09:00,2690.0,2695.0,2640.0,2655.0,473933.0
2023-07-06 00:00:00+09:00,2640.0,2655.0,2585.0,2590.0,423226.0
2023-07-07 00:00:00+09:00,2580.0,2580.0,2530.0,2565.0,384561.0
2023-07-10 00:00:00+09:00,2550.0,2560.0,2530.0,2535.0,346902.0
2023-07-11 00:00:00+09:00,2540.0,2560.0,2535.0,2555.0,235300.0
2023-07-12 00:00:00+09:00,2560.0,2570.0,2535.0,2555.0,285883.0
2023-07-13 00:00:00+09:00,2570.0,2595.0,2555.0,2575.0,237874.0
2023-07-14 00:00:00+09:00,2615.0,2865.0,2615.0,2765.0,3587572.0
2023-07-17 00:00:00+09:00,2725.0,2760.0,2705.0,2735.0,584643.0
2023-07-18 00:00:00+09:00,2740.0,2745.0,2645.0,2645.0,578442.0
2023-07-19 00:00:00+09:00,2645.0,2675.0,2625.0,2645.0,402200.0
2023-07-20 00:00:00+09:00,2645.0,2650.0,2615.0,2645.0,242215.0
2023-07-21 00:00:00+09:00,2620.0,2650.0,2600.0,2620.0,404857.0
2023-07-24 00:00:00+09:00,2620.0,2620.0,2510.0,2515.0,833683.0
2023-07-25 00:00:00+09:00,2515.0,2520.0,2405.0,2425.0,995934.0
2023-07-26 00:00:00+09:00,2405.0,2415.0,2315.0,2365.0,925119.0
2023-07-27 00:00:00+09:00,2340.0,2465.0,2340.0,2455.0,487200.0
2023-07-28 00:00:00+09:00,2425.0,2455.0,2405.0,2445.0,341095.0
2023-07-31 00:00:00+09:00,2455.0,2485.0,2440.0,2480.0,311635.0
2023-08-01 00:00:00+09:00,2545.0,2650.0,2495.0,2595.0,997233.0
2023-08-02 00:00:00+09:00,2600.0,2620.0,2545.0,2555.0,314717.0
2023-08-03 00:00:00+09:00,2540.0,2610.0,2500.0,2590.0,373226.0
2023-08-04 00:00:00+09:00,2575.0,2605.0,2575.0,2600.0,286806.0
2023-08-07 00:00:00+09:00,2605.0,2675.0,2570.0,2670.0,463727.0
2023-08-08 00:00:00+09:00,2640.0,2660.0,2555.0,2565.0,499326.0
2023-08-09 00:00:00+09:00,2570.0,2580.0,2555.0,2565.0,253407.0
2023-08-10 00:00:00+09:00,2560.0,2595.0,2550.0,2590.0,246318.0
2023-08-11 00:00:00+09:00,2600.0,2650.0,2580.0,2605.0,567538.0
2023-08-14 00:00:00+09:00,2600.0,2635.0,2545.0,2570.0,308372.0
2023-08-16 00:00:00+09:00,2540.0,2555.0,2485.0,2490.0,379050.0
2023-08-17 00:00:00+09:00,2450.0,2500.0,2415.0,2465.0,381424.0
2023-08-18 00:00:00+09:00,2430.0,2500.0,2420.0,2465.0,359880.0
2023-08-21 00:00:00+09:00,2460.0,2505.0,2455.0,2470.0,217222.0
2023-08-22 00:00:00+09:00,2470.0,2475.0,2425.0,2435.0,316197.0
2023-08-23 00:00:00+09:00,2430.0,2440.0,2385.0,2410.0,474970.0
2023-08-24 00:00:00+09:00,2410.0,2500.0,2410.0,2485.0,279074.0
2023-08-25 00:00:00+09:00,2455.0,2480.0,2430.0,2455.0,206173.0
2023-08-28 00:00:00+09:00,2455.0,2475.0,2425.0,2470.0,208935.0
2023-08-29 00:00:00+09:00,2470.0,2505.0,2465.0,2500.0,251767.0
2023-08-30 00:00:00+09:00,2570.0,2595.0,2520.0,2530.0,364767.0
2023-08-31 00:00:00+09:00,2535.0,2560.0,2485.0,2505.0,231377.0
2023-09-01 00:00:00+09:00,2500.0,2520.0,2480.0,2495.0,257503.0
2023-09-04 00:00:00+09:00,2500.0,2520.0,2440.0,2515.0,244615.0
2023-09-05 00:00:00+09:00,2500.0,2510.0,2475.0,2485.0,261045.0
2023-09-06 00:00:00+09:00,2475.0,2490.0,2465.0,2470.0,162842.0
2023-09-07 00:00:00+09:00,2450.0,2465.0,2435.0,2440.0,208474.0
2023-09-08 00:00:00+09:00,2435.0,2480.0,2430.0,2475.0,237095.0
2023-09-11 00:00:00+09:00,2460.0,2500.0,2460.0,2490.0,154368.0
2023-09-12 00:00:00+09:00,2490.0,2500.0,2440.0,2460.0,250952.0
2023-09-13 00:00:00+09:00,2455.0,2480.0,2440.0,2460.0,256009.0
2023-09-14 00:00:00+09:00,2460.0,2485.0,2455.0,2485.0,228724.0
2023-09-15 00:00:00+09:00,2495.0,2625.0,2495.0,2595.0,1079969.0
2023-09-18 00:00:00+09:00,2580.0,2605.0,2525.0,2540.0,416177.0
2023-09-19 00:00:00+09:00,2540.0,2545.0,2500.0,2505.0,338483.0
2023-09-20 00:00:00+09:00,2510.0,2530.0,2480.0,2485.0,333068.0
2023-09-21 00:00:00+09:00,2475.0,2485.0,2415.0,2425.0,625628.0
2023-09-22 00:00:00+09:00,2400.0,2415.0,2370.0,2395.0,397633.0
2023-09-25 00:00:00+09:00,2380.0,2395.0,2360.0,2370.0,303249.0
2023-09-26 00:00:00+09:00,2365.0,2380.0,2350.0,2370.0,337835.0
2023-09-27 00:00:00+09:00,2360.0,2395.0,2345.0,2390.0,269190.0
2023-10-04 00:00:00+09:00,2365.0,2380.0,2310.0,2310.0,594350.0
2023-10-05 00:00:00+09:00,2320.0,2335.0,2265.0,2315.0,386618.0
2023-10-06 00:00:00+09:00,2285.0,2335.0,2285.0,2305.0,230231.0
2023-10-10 00:00:00+09:00,2325.0,2350.0,2250.0,2260.0,378094.0
2023-10-11 00:00:00+09:00,2285.0,2325.0,2280.0,2320.0,267715.0
2023-10-12 00:00:00+09:00,2315.0,2340.0,2315.0,2335.0,203627.0
2023-10-13 00:00:00+09:00,2330.0,2330.0,2295.0,2310.0,170063.0
2023-10-16 00:00:00+09:00,2300.0,2310.0,2280.0,2290.0,215621.0
2023-10-17 00:00:00+09:00,2310.0,2345.0,2290.0,2300.0,270610.0
2023-10-18 00:00:00+09:00,2300.0,2340.0,2295.0,2335.0,240324.0
2023-10-19 00:00:00+09:00,2310.0,2320.0,2280.0,2290.0,314890.0
2023-10-20 00:00:00+09:00,2290.0,2305.0,2250.0,2260.0,356656.0
2023-10-23 00:00:00+09:00,2255.0,2450.0,2255.0,2395.0,1050671.0
2023-10-24 00:00:00+09:00,2485.0,2645.0,2420.0,2515.0,4082721.0
2023-10-25 00:00:00+09:00,2500.0,2545.0,2480.0,2510.0,889120.0
2023-10-26 00:00:00+09:00,2485.0,2530.0,2390.0,2400.0,888809.0
2023-10-27 00:00:00+09:00,2405.0,2425.0,2365.0,2380.0,399238.0
2023-10-30 00:00:00+09:00,2370.0,2395.0,2355.0,2375.0,309738.0
2023-10-31 00:00:00+09:00,2390.0,2405.0,2290.0,2295.0,585451.0
2023-11-01 00:00:00+09:00,2310.0,2425.0,2305.0,2420.0,490024.0
2023-11-02 00:00:00+09:00,2500.0,2540.0,2435.0,2470.0,903299.0
2023-11-03 00:00:00+09:00,2460.0,2480.0,2430.0,2445.0,574725.0
2023-11-06 00:00:00+09:00,2490.0,2520.0,2480.0,2510.0,736785.0
2023-11-07 00:00:00+09:00,2510.0,2510.0,2455.0,2485.0,410193.0
2023-11-08 00:00:00+09:00,2510.0,2510.0,2445.0,2465.0,420268.0
2023-11-09 00:00:00+09:00,2460.0,2750.0,2460.0,2725.0,5648866.0
2023-11-10 00:00:00+09:00,2785.0,2800.0,2625.0,2710.0,3671649.0
2023-11-13 00:00:00+09:00,2730.0,2945.0,2700.0,2840.0,5283560.0
2023-11-14 00:00:00+09:00,2825.0,2855.0,2750.0,2840.0,1461967.0
2023-11-15 00:00:00+09:00,2730.0,2735.0,2650.0,2670.0,2107116.0
2023-11-16 00:00:00+09:00,2810.0,2840.0,2725.0,2785.0,2628333.0
2023-11-17 00:00:00+09:00,2725.0,2730.0,2675.0,2680.0,858411.0
2023-11-20 00:00:00+09:00,2720.0,2775.0,2715.0,2720.0,811967.0
2023-11-21 00:00:00+09:00,2760.0,2805.0,2730.0,2740.0,688537.0
2023-11-22 00:00:00+09:00,2675.0,2710.0,2670.0,2710.0,466319.0
2023-11-23 00:00:00+09:00,2755.0,2820.0,2735.0,2805.0,972761.0
2023-11-24 00:00:00+09:00,2775.0,2830.0,2770.0,2785.0,659389.0
2023-11-27 00:00:00+09:00,2800.0,2890.0,2785.0,2795.0,1218828.0
2023-11-28 00:00:00+09:00,2800.0,2810.0,2720.0,2750.0,760304.0
2023-11-29 00:00:00+09:00,2780.0,2820.0,2710.0,2730.0,724755.0
2023-11-30 00:00:00+09:00,2730.0,2750.0,2695.0,2745.0,776951.0
2023-12-01 00:00:00+09:00,2740.0,2835.0,2720.0,2810.0,1118958.0
2023-12-04 00:00:00+09:00,2925.0,3540.0,2885.0,3515.0,26811520.0
2023-12-05 00:00:00+09:00,3670.0,3695.0,3205.0,3260.0,14842075.0
2023-12-06 00:00:00+09:00,3445.0,3540.0,3315.0,3315.0,11844448.0
2023-12-07 00:00:00+09:00,3270.0,3385.0,3165.0,3165.0,4293928.0
2023-12-08 00:00:00+09:00,3140.0,3195.0,3055.0,3165.0,2709680.0
2023-12-11 00:00:00+09:00,3165.0,3195.0,3035.0,3060.0,2426562.0
2023-12-12 00:00:00+09:00,3005.0,3185.0,2985.0,3160.0,3496114.0
2023-12-13 00:00:00+09:00,3365.0,3365.0,3165.0,3195.0,5527906.0
2023-12-14 00:00:00+09:00,3290.0,3440.0,3160.0,3225.0,5592856.0
2023-12-15 00:00:00+09:00,3185.0,3215.0,3100.0,3125.0,1683413.0
2023-12-18 00:00:00+09:00,3050.0,3085.0,3010.0,3025.0,1603355.0
2023-12-19 00:00:00+09:00,3065.0,3125.0,3055.0,3080.0,1338120.0
2023-12-20 00:00:00+09:00,3230.0,3570.0,3165.0,3280.0,21033442.0
2023-12-21 00:00:00+09:00,3350.0,3420.0,3220.0,3250.0,5442995.0
2023-12-22 00:00:00+09:00,3280.0,3320.0,3240.0,3300.0,2780103.0
2023-12-26 00:00:00+09:00,3230.0,3275.0,3100.0,3105.0,2552376.0
2023-12-27 00:00:00+09:00,3100.0,3360.0,3090.0,3340.0,3677406.0
2023-12-28 00:00:00+09:00,3370.0,3675.0,3340.0,3480.0,15133909.0
2024-01-02 00:00:00+09:00,3590.0,3690.0,3495.0,3545.0,6777547.0
2024-01-03 00:00:00+09:00,3500.0,3515.0,3310.0,3310.0,3329206.0
2024-01-04 00:00:00+09:00,3190.0,3265.0,3170.0,3185.0,2637105.0
2024-01-05 00:00:00+09:00,3240.0,3260.0,3130.0,3175.0,1725775.0
2024-01-08 00:00:00+09:00,3145.0,3175.0,3070.0,3145.0,1413592.0
2024-01-09 00:00:00+09:00,3355.0,3440.0,3225.0,3325.0,4568695.0
2024-01-10 00:00:00+09:00,3255.0,3630.0,3205.0,3385.0,14291360.0
2024-01-11 00:00:00+09:00,3800.0,4400.0,3795.0,4400.0,60168891.0
2024-01-12 00:00:00+09:00,4160.0,4225.0,3705.0,3745.0,31775078.0
2024-01-15 00:00:00+09:00,3580.0,3660.0,3460.0,3605.0,9447574.0
2024-01-16 00:00:00+09:00,3560.0,3615.0,3465.0,3470.0,5486630.0
2024-01-17 00:00:00+09:00,3465.0,3580.0,3400.0,3520.0,6333268.0
2024-01-18 00:00:00+09:00,3485.0,3735.0,3445.0,3735.0,9525651.0
2024-01-19 00:00:00+09:00,3615.0,3695.0,3505.0,3525.0,5018342.0
2024-01-22 00:00:00+09:00,3505.0,3555.0,3440.0,3460.0,2922558.0
2024-01-23 00:00:00+09:00,3395.0,3560.0,3375.0,3545.0,3361045.0
2024-01-24 00:00:00+09:00,3515.0,3600.0,3485.0,3550.0,2656508.0
2024-01-25 00:00:00+09:00,3620.0,3630.0,3520.0,3520.0,2531343.0
2024-01-26 00:00:00+09:00,3500.0,3675.0,3470.0,3660.0,3277212.0
2024-01-29 00:00:00+09:00,3710.0,3900.0,3610.0,3855.0,6882178.0
2024-01-30 00:00:00+09:00,4010.0,4115.0,3850.0,3920.0,7557204.0
2024-01-31 00:00:00+09:00,3880.0,3940.0,3705.0,3730.0,3481910.0
2024-02-01 00:00:00+09:00,3685.0,3960.0,3650.0,3850.0,5653778.0
2024-02-02 00:00:00+09:00,3965.0,4045.0,3850.0,3940.0,5360189.0
2024-02-05 00:00:00+09:00,3940.0,3945.0,3770.0,3860.0,3161304.0
2024-02-06 00:00:00+09:00,3815.0,3890.0,3740.0,3765.0,1843714.0
2024-02-07 00:00:00+09:00,3810.0,3830.0,3715.0,3760.0,1624842.0
2024-02-08 00:00:00+09:00,3855.0,3945.0,3820.0,3860.0,3192931.0
2024-02-13 00:00:00+09:00,4250.0,4250.0,3975.0,4040.0,8013751.0
2024-02-14 00:00:00+09:00,4000.0,4060.0,3900.0,3955.0,2847831.0
2024-02-15 00:00:00+09:00,4135.0,4980.0,4075.0,4555.0,63906077.0
2024-02-16 00:00:00+09:00,4510.0,4600.0,4375.0,4460.0,10925098.0
2024-02-19 00:00:00+09:00,4460.0,4590.0,4335.0,4555.0,9650010.0
2024-02-20 00:00:00+09:00,4690.0,4700.0,4410.0,4450.0,6517968.0
2024-02-21 00:00:00+09:00,4460.0,4550.0,4420.0,4430.0,4428393.0
2024-02-22 00:00:00+09:00,4440.0,4445.0,4220.0,4260.0,4222819.0
2024-02-23 00:00:00+09:00,4220.0,4235.0,4075.0,4110.0,3548247.0
2024-02-26 00:00:00+09:00,4140.0,4155.0,4040.0,4040.0,2289920.0
2024-02-27 00:00:00+09:00,4395.0,4520.0,4225.0,4270.0,16469098.0
2024-02-28 00:00:00+09:00,4385.0,4505.0,4265.0,4300.0,6936155.0
2024-02-29 00:00:00+09:00,4775.0,4930.0,4430.0,4450.0,24358408.0
2024-03-04 00:00:00+09:00,4390.0,4605.0,4360.0,4475.0,6483459.0
2024-03-05 00:00:00+09:00,4855.0,5330.0,4600.0,4780.0,63903614.0
2024-03-06 00:00:00+09:00,4570.0,4575.0,4310.0,4450.0,11315682.0
2024-03-07 00:00:00+09:00,4460.0,4550.0,4365.0,4380.0,5373355.0
2024-03-08 00:00:00+09:00,4360.0,4550.0,4355.0,4535.0,5091989.0
2024-03-11 00:00:00+09:00,4660.0,4740.0,4485.0,4510.0,6143341.0
2024-03-12 00:00:00+09:00,4800.0,4900.0,4500.0,4515.0,13367597.0
2024-03-13 00:00:00+09:00,4480.0,4590.0,4440.0,4590.0,4014692.0
2024-03-14 00:00:00+09:00,4615.0,4640.0,4470.0,4470.0,4622295.0
2024-03-15 00:00:00+09:00,4310.0,4365.0,4040.0,4060.0,6861935.0
2024-03-18 00:00:00+09:00,4105.0,4150.0,4015.0,4090.0,2805287.0
2024-03-19 00:00:00+09:00,4040.0,4070.0,3900.0,3920.0,2973674.0
2024-03-20 00:00:00+09:00,3840.0,3900.0,3735.0,3805.0,3545628.0
2024-03-21 00:00:00+09:00,3985.0,4120.0,3960.0,4085.0,5149183.0
2024-03-22 00:00:00+09:00,4000.0,4045.0,3935.0,3970.0,2032157.0
2024-03-25 00:00:00+09:00,4015.0,4020.0,3940.0,3985.0,1284422.0
2024-03-26 00:00:00+09:00,4115.0,4185.0,4015.0,4110.0,2822691.0
2024-03-27 00:00:00+09:00,4100.0,4130.0,4020.0,4040.0,1430277.0
2024-03-28 00:00:00+09:00,4015.0,4045.0,3965.0,4000.0,1403286.0
2024-03-29 00:00:00+09:00,4025.0,4060.0,3835.0,3840.0,2289230.0
2024-04-01 00:00:00+09:00,3880.0,3925.0,3805.0,3845.0,1171255.0
2024-04-02 00:00:00+09:00,3825.0,3830.0,3685.0,3695.0,2163821.0
2024-04-03 00:00:00+09:00,3660.0,3700.0,3575.0,3615.0,1536542.0
2024-04-04 00:00:00+09:00,3615.0,3660.0,3565.0,3565.0,1144601.0
2024-04-05 00:00:00+09:00,3610.0,3690.0,3495.0,3555.0,1486348.0
2024-04-08 00:00:00+09:00,3570.0,3625.0,3535.0,3620.0,1043707.0
2024-04-09 00:00:00+09:00,3735.0,3735.0,3635.0,3665.0,2037636.0
2024-04-11 00:00:00+09:00,3635.0,3695.0,3615.0,3650.0,850030.0
2024-04-12 00:00:00+09:00,3645.0,3785.0,3585.0,3750.0,1977315.0
2024-04-15 00:00:00+09:00,3645.0,3700.0,3530.0,3700.0,1908793.0
2024-04-16 00:00:00+09:00,3565.0,3570.0,3335.0,3375.0,2293107.0
2024-04-17 00:00:00+09:00,3405.0,3460.0,3380.0,3400.0,1613044.0
2024-04-18 00:00:00+09:00,3310.0,3455.0,3260.0,3415.0,1429670.0
2024-04-19 00:00:00+09:00,3440.0,3450.0,3260.0,3340.0,2032063.0
2024-04-22 00:00:00+09:00,3365.0,3435.0,3340.0,3435.0,1377923.0
2024-04-23 00:00:00+09:00,3485.0,3510.0,3355.0,3360.0,1514530.0
2024-04-24 00:00:00+09:00,3370.0,3425.0,3370.0,3405.0,821163.0
2024-04-25 00:00:00+09:00,3335.0,3365.0,3295.0,3335.0,873185.0
2024-04-26 00:00:00+09:00,3335.0,3370.0,3290.0,3345.0,778503.0
2024-04-29 00:00:00+09:00,3345.0,3385.0,3300.0,3385.0,662262.0
2024-04-30 00:00:00+09:00,3400.0,3425.0,3375.0,3385.0,819047.0
2024-05-02 00:00:00+09:00,3325.0,3360.0,3160.0,3170.0,2630089.0
2024-05-03 00:00:00+09:00,3200.0,3250.0,3185.0,3195.0,1510090.0
2024-05-07 00:00:00+09:00,3250.0,3320.0,3235.0,3300.0,1519418.0
2024-05-08 00:00:00+09:00,3250.0,3305.0,3250.0,3290.0,810922.0
2024-05-09 00:00:00+09:00,3260.0,3295.0,3225.0,3240.0,704687.0
2024-05-10 00:00:00+09:00,3290.0,3345.0,3285.0,3305.0,1023113.0
2024-05-13 00:00:00+09:00,3305.0,3320.0,3265.0,3280.0,600786.0
2024-05-14 00:00:00+09:00,3330.0,3360.0,3315.0,3330.0,854112.0
2024-05-16 00:00:00+09:00,3465.0,3520.0,3395.0,3405.0,1932578.0
2024-05-17 00:00:00+09:00,3400.0,3410.0,3345.0,3365.0,567778.0
2024-05-20 00:00:00+09:00,3380.0,3440.0,3365.0,3405.0,674372.0
2024-05-21 00:00:00+09:00,3560.0,3690.0,3495.0,3580.0,6609216.0
2024-05-22 00:00:00+09:00,3550.0,3550.0,3445.0,3455.0,1847813.0
2024-05-23 00:00:00+09:00,3435.0,3465.0,3390.0,3415.0,1226792.0
2024-05-24 00:00:00+09:00,3440.0,3455.0,3340.0,3380.0,1074434.0
2024-05-27 00:00:00+09:00,3375.0,3400.0,3340.0,3350.0,994762.0
2024-05-28 00:00:00+09:00,3365.0,3380.0,3330.0,3360.0,866189.0
2024-05-29 00:00:00+09:00,3345.0,3375.0,3255.0,3275.0,1029422.0
2024-05-30 00:00:00+09:00,3245.0,3270.0,3165.0,3225.0,916365.0
2024-05-31 00:00:00+09:00,3225.0,3255.0,3215.0,3245.0,699670.0
2024-06-03 00:00:00+09:00,3245.0,3340.0,3245.0,3315.0,795933.0
2024-06-04 00:00:00+09:00,3310.0,3310.0,3255.0,3260.0,636735.0
2024-06-05 00:00:00+09:00,3320.0,3450.0,3315.0,3410.0,1831485.0
2024-06-07 00:00:00+09:00,3405.0,3490.0,3375.0,3470.0,1518012.0
2024-06-10 00:00:00+09:00,3490.0,3490.0,3420.0,3430.0,1135804.0
2024-06-11 00:00:00+09:00,3415.0,3420.0,3320.0,3335.0,924803.0
2024-06-12 00:00:00+09:00,3320.0,3420.0,3320.0,3420.0,645368.0
2024-06-13 00:00:00+09:00,3405.0,3455.0,3385.0,3385.0,800771.0
2024-06-14 00:00:00+09:00,3375.0,3400.0,3330.0,3380.0,555995.0
2024-06-17 00:00:00+09:00,3355.0,3375.0,3255.0,3265.0,868580.0
2024-06-18 00:00:00+09:00,3285.0,3290.0,3175.0,3235.0,1245378.0
2024-06-19 00:00:00+09:00,3230.0,3265.0,3210.0,3250.0,432911.0
2024-06-20 00:00:00+09:00,3255.0,3335.0,3240.0,3320.0,799049.0
2024-06-21 00:00:00+09:00,3320.0,3345.0,3245.0,3265.0,840897.0
2024-06-24 00:00:00+09:00,3200.0,3260.0,3195.0,3205.0,949748.0
2024-06-25 00:00:00+09:00,3165.0,3245.0,3115.0,3220.0,1125640.0
2024-06-26 00:00:00+09:00,3240.0,3260.0,3170.0,3180.0,574075.0
2024-06-27 00:00:00+09:00,3165.0,3195.0,3100.0,3155.0,629049.0
2024-06-28 00:00:00+09:00,3165.0,3260.0,3165.0,3230.0,723658.0
2024-07-01 00:00:00+09:00,3260.0,3295.0,3225.0,3260.0,646437.0
2024-07-02 00:00:00+09:00,3245.0,3265.0,3195.0,3200.0,623196.0
2024-07-03 00:00:00+09:00,3225.0,3275.0,3190.0,3220.0,548017.0
2024-07-04 00:00:00+09:00,3220.0,3280.0,3210.0,3260.0,512516.0
2024-07-05 00:00:00+09:00,3245.0,3280.0,3135.0,3180.0,1474102.0
2024-07-08 00:00:00+09:00,3190.0,3240.0,3180.0,3215.0,502023.0
2024-07-09 00:00:00+09:00,3210.0,3265.0,3210.0,3245.0,657013.0
2024-07-10 00:00:00+09:00,3250.0,3315.0,3235.0,3285.0,819669.0
2024-07-11 00:00:00+09:00,3320.0,3460.0,3310.0,3325.0,2520134.0
2024-07-12 00:00:00+09:00,3325.0,3375.0,3320.0,3355.0,649935.0
2024-07-15 00:00:00+09:00,3450.0,3575.0,3395.0,3555.0,4781033.0
2024-07-16 00:00:00+09:00,3690.0,3950.0,3620.0,3775.0,11835259.0
2024-07-17 00:00:00+09:00,3805.0,3920.0,3800.0,3890.0,4107251.0
2024-07-18 00:00:00+09:00,3790.0,3975.0,3690.0,3950.0,3482687.0
2024-07-19 00:00:00+09:00,3930.0,3930.0,3650.0,3700.0,2819498.0
2024-07-22 00:00:00+09:00,3820.0,3900.0,3765.0,3780.0,2795952.0
2024-07-23 00:00:00+09:00,3725.0,3835.0,3680.0,3705.0,1393039.0
2024-07-24 00:00:00+09:00,3575.0,3765.0,3565.0,3760.0,1400389.0
2024-07-25 00:00:00+09:00,3670.0,3705.0,3490.0,3515.0,1513850.0
2024-07-26 00:00:00+09:00,3555.0,3775.0,3555.0,3740.0,1764700.0
2024-07-29 00:00:00+09:00,3850.0,4065.0,3795.0,4040.0,5457533.0
2024-07-30 00:00:00+09:00,3905.0,3925.0,3770.0,3780.0,2884969.0
2024-07-31 00:00:00+09:00,3730.0,3815.0,3685.0,3765.0,1417067.0
2024-08-01 00:00:00+09:00,3600.0,3720.0,3590.0,3680.0,1696226.0
2024-08-02 00:00:00+09:00,3660.0,3725.0,3500.0,3520.0,1900480.0
2024-08-05 00:00:00+09:00,3300.0,3350.0,2870.0,2980.0,3910356.0
2024-08-06 00:00:00+09:00,3070.0,3350.0,3065.0,3200.0,3274869.0
2024-08-07 00:00:00+09:00,3180.0,3335.0,3175.0,3275.0,1547107.0
2024-08-08 00:00:00+09:00,3190.0,3435.0,3175.0,3370.0,1367521.0
2024-08-09 00:00:00+09:00,3570.0,3575.0,3440.0,3470.0,1454950.0
2024-08-12 00:00:00+09:00,3415.0,3455.0,3395.0,3430.0,668891.0
2024-08-13 00:00:00+09:00,3470.0,3490.0,3370.0,3380.0,680125.0
2024-08-14 00:00:00+09:00,3445.0,3465.0,3420.0,3440.0,524360.0
2024-08-16 00:00:00+09:00,3445.0,3480.0,3430.0,3460.0,586050.0
2024-08-19 00:00:00+09:00,3455.0,3490.0,3430.0,3445.0,424911.0
2024-08-20 00:00:00+09:00,3455.0,3560.0,3455.0,3550.0,1059878.0
2024-08-21 00:00:00+09:00,3520.0,3535.0,3460.0,3500.0,700459.0
2024-08-22 00:00:00+09:00,3575.0,3580.0,3465.0,3555.0,1035989.0
2024-08-23 00:00:00+09:00,3475.0,3550.0,3470.0,3485.0,772562.0
2024-08-26 00:00:00+09:00,3535.0,3560.0,3470.0,3490.0,1091632.0
2024-08-27 00:00:00+09:00,3475.0,3480.0,3400.0,3425.0,605094.0
2024-08-28 00:00:00+09:00,3355.0,3400.0,3330.0,3335.0,654840.0
2024-08-29 00:00:00+09:00,3310.0,3420.0,3290.0,3350.0,734442.0
2024-08-30 00:00:00+09:00,3380.0,3420.0,3370.0,3405.0,361477.0
2024-09-02 00:00:00+09:00,3375.0,3385.0,3310.0,3370.0,484576.0
2024-09-03 00:00:00+09:00,3460.0,3510.0,3380.0,3470.0,3081706.0
2024-09-04 00:00:00+09:00,3765.0,3960.0,3390.0,3390.0,18973149.0
2024-09-05 00:00:00+09:00,3440.0,3570.0,3440.0,3510.0,4449865.0
2024-09-06 00:00:00+09:00,3510.0,3535.0,3270.0,3290.0,2548682.0
2024-09-09 00:00:00+09:00,3200.0,3265.0,3145.0,3230.0,1519749.0
2024-09-10 00:00:00+09:00,3290.0,3375.0,3255.0,3280.0,1414130.0
2024-09-11 00:00:00+09:00,3315.0,3320.0,3110.0,3140.0,1643332.0
2024-09-12 00:00:00+09:00,3165.0,3305.0,3165.0,3295.0,1281825.0
2024-09-13 00:00:00+09:00,3270.0,3345.0,3270.0,3330.0,713862.0
2024-09-19 00:00:00+09:00,3420.0,3430.0,3350.0,3425.0,960337.0
2024-09-20 00:00:00+09:00,3445.0,3530.0,3430.0,3505.0,1295798.0
2024-09-23 00:00:00+09:00,3465.0,3515.0,3440.0,3485.0,649271.0
2024-09-24 00:00:00+09:00,3475.0,3505.0,3420.0,3465.0,761335.0
2024-09-25 00:00:00+09:00,3490.0,3505.0,3375.0,3390.0,1396497.0
2024-09-26 00:00:00+09:00,3380.0,3425.0,3375.0,3425.0,564653.0
2024-09-27 00:00:00+09:00,3460.0,3470.0,3405.0,3405.0,631419.0
2024-09-30 00:00:00+09:00,3405.0,3420.0,3325.0,3325.0,626450.0
2024-10-02 00:00:00+09:00,3260.0,3310.0,3230.0,3265.0,503004.0
2024-10-04 00:00:00+09:00,3280.0,3350.0,3260.0,3300.0,700341.0
2024-10-07 00:00:00+09:00,3305.0,3360.0,3295.0,3345.0,493314.0
2024-10-08 00:00:00+09:00,3315.0,3345.0,3295.0,3295.0,319044.0
2024-10-10 00:00:00+09:00,3310.0,3310.0,3245.0,3255.0,565217.0
2024-10-11 00:00:00+09:00,3240.0,3330.0,3240.0,3275.0,474163.0
2024-10-14 00:00:00+09:00,3290.0,3385.0,3290.0,3355.0,642914.0
2024-10-15 00:00:00+09:00,3445.0,3475.0,3380.0,3395.0,1336423.0
2024-10-16 00:00:00+09:00,3430.0,3460.0,3390.0,3440.0,700484.0
2024-10-17 00:00:00+09:00,3475.0,3515.0,3420.0,3470.0,1226392.0
2024-10-18 00:00:00+09:00,3450.0,3555.0,3430.0,3550.0,1134624.0
2024-10-21 00:00:00+09:00,3600.0,3660.0,3545.0,3650.0,2861776.0
2024-10-22 00:00:00+09:00,3580.0,3585.0,3480.0,3495.0,1377381.0
2024-10-23 00:00:00+09:00,3495.0,3605.0,3485.0,3490.0,1167655.0
2024-10-24 00:00:00+09:00,3435.0,3480.0,3405.0,3435.0,587226.0
2024-10-25 00:00:00+09:00,3455.0,3515.0,3365.0,3385.0,1174443.0
2024-10-28 00:00:00+09:00,3415.0,3435.0,3355.0,3385.0,892336.0
2024-10-29 00:00:00+09:00,3500.0,3670.0,3420.0,3640.0,4733737.0
2024-10-30 00:00:00+09:00,3795.0,3835.0,3620.0,3635.0,4450468.0
2024-10-31 00:00:00+09:00,3575.0,3585.0,3510.0,3570.0,1501342.0
2024-11-01 00:00:00+09:00,3475.0,3480.0,3370.0,3370.0,1601982.0
2024-11-04 00:00:00+09:00,3310.0,3380.0,3265.0,3360.0,1002434.0
2024-11-05 00:00:00+09:00,3320.0,3450.0,3320.0,3410.0,919200.0
2024-11-06 00:00:00+09:00,3420.0,3640.0,3380.0,3600.0,5996633.0
2024-11-07 00:00:00+09:00,3690.0,3690.0,3545.0,3550.0,2764043.0
2024-11-08 00:00:00+09:00,3615.0,3640.0,3545.0,3550.0,1325713.0
2024-11-11 00:00:00+09:00,3715.0,4370.0,3685.0,4160.0,38244198.0
2024-11-12 00:00:00+09:00,4620.0,4675.0,4190.0,4200.0,27504924.0
2024-11-13 00:00:00+09:00,4170.0,4305.0,3765.0,3840.0,9349942.0
2024-11-14 00:00:00+09:00,3960.0,4070.0,3740.0,3740.0,6198626.0
2024-11-15 00:00:00+09:00,3575.0,3745.0,3550.0,3700.0,3893831.0
2024-11-18 00:00:00+09:00,3700.0,3845.0,3680.0,3845.0,3042479.0
2024-11-19 00:00:00+09:00,3950.0,3950.0,3745.0,3810.0,3163243.0
2024-11-20 00:00:00+09:00,3850.0,3875.0,3580.0,3710.0,4233371.0
2024-11-21 00:00:00+09:00,3850.0,3890.0,3720.0,3790.0,5641494.0
2024-11-22 00:00:00+09:00,3830.0,3835.0,3715.0,3730.0,2741793.0
2024-11-25 00:00:00+09:00,3740.0,3775.0,3680.0,3705.0,1769107.0
2024-11-26 00:00:00+09:00,3630.0,3660.0,3570.0,3595.0,1884870.0
2024-11-27 00:00:00+09:00,3555.0,3585.0,3525.0,3555.0,1442106.0
2024-11-28 00:00:00+09:00,3630.0,3640.0,3470.0,3495.0,1975980.0
2024-11-29 00:00:00+09:00,3500.0,3585.0,3470.0,3535.0,1653737.0
2024-12-02 00:00:00+09:00,3730.0,3810.0,3600.0,3600.0,5995643.0
2024-12-03 00:00:00+09:00,3620.0,3895.0,3590.0,3865.0,5573298.0
2024-12-04 00:00:00+09:00,3745.0,3835.0,3660.0,3715.0,3842581.0
2024-12-05 00:00:00+09:00,3875.0,4360.0,3765.0,4275.0,57277653.0
2024-12-06 00:00:00+09:00,4060.0,4085.0,3850.0,3935.0,10963106.0
2024-12-09 00:00:00+09:00,3910.0,3975.0,3585.0,3585.0,6888952.0
2024-12-10 00:00:00+09:00,3530.0,3720.0,3520.0,3705.0,5327272.0
2024-12-11 00:00:00+09:00,3650.0,3720.0,3630.0,3685.0,2202333.0
2024-12-12 00:00:00+09:00,3855.0,3925.0,3770.0,3870.0,5816617.0
2024-12-13 00:00:00+09:00,3810.0,3915.0,3760.0,3885.0,3185690.0
2024-12-16 00:00:00+09:00,4060.0,4170.0,3990.0,4040.0,9222607.0
2024-12-17 00:00:00+09:00,4110.0,4140.0,3945.0,3945.0,3999512.0
2024-12-18 00:00:00+09:00,3945.0,4015.0,3820.0,3910.0,2831840.0
2024-12-19 00:00:00+09:00,3730.0,3745.0,3620.0,3700.0,4591328.0
2024-12-20 00:00:00+09:00,3665.0,3665.0,3450.0,3455.0,3852179.0
2024-12-23 00:00:00+09:00,3440.0,3560.0,3405.0,3495.0,2387887.0
2024-12-24 00:00:00+09:00,3470.0,3520.0,3440.0,3470.0,1332793.0
2024-12-26 00:00:00+09:00,3545.0,3575.0,3490.0,3530.0,1948568.0
2024-12-27 00:00:00+09:00,3465.0,3495.0,3390.0,3470.0,1426234.0
2024-12-30 00:00:00+09:00,3400.0,3440.0,3350.0,3360.0,1527103.0
2025-01-02 00:00:00+09:00,3400.0,3495.0,3400.0,3485.0,1246141.0
2025-01-03 00:00:00+09:00,3505.0,3610.0,3495.0,3575.0,2236259.0
2025-01-06 00:00:00+09:00,3610.0,3755.0,3580.0,3715.0,2568370.0
2025-01-07 00:00:00+09:00,3815.0,3815.0,3650.0,3670.0,2018210.0
2025-01-08 00:00:00+09:00,3580.0,3730.0,3565.0,3670.0,1420696.0
2025-01-09 00:00:00+09:00,3670.0,3710.0,3615.0,3685.0,1062766.0
2025-01-10 00:00:00+09:00,3640.0,3750.0,3610.0,3710.0,1499495.0
2025-01-13 00:00:00+09:00,3685.0,3725.0,3640.0,3655.0,625212.0
2025-01-14 00:00:00+09:00,3660.0,3720.0,3625.0,3700.0,933462.0
2025-01-15 00:00:00+09:00,3735.0,3760.0,3700.0,3715.0,802508.0
2025-01-16 00:00:00+09:00,3795.0,3795.0,3695.0,3710.0,1172703.0
2025-01-17 00:00:00+09:00,3630.0,3810.0,3625.0,3785.0,1948908.0
2025-01-20 00:00:00+09:00,3825.0,3830.0,3750.0,3775.0,1607744.0
2025-01-21 00:00:00+09:00,3760.0,3810.0,3710.0,3735.0,1232899.0
2025-01-22 00:00:00+09:00,3770.0,3810.0,3740.0,3755.0,723038.0
2025-01-23 00:00:00+09:00,3730.0,3730.0,3580.0,3600.0,983856.0
2025-01-24 00:00:00+09:00,3630.0,3660.0,3565.0,3580.0,1070858.0
2025-01-31 00:00:00+09:00,3580.0,3645.0,3565.0,3610.0,793566.0
2025-02-03 00:00:00+09:00,3495.0,3495.0,3390.0,3405.0,1387400.0
2025-02-04 00:00:00+09:00,3490.0,3535.0,3435.0,3440.0,935363.0
2025-02-05 00:00:00+09:00,3440.0,3460.0,3415.0,3425.0,781581.0
2025-02-06 00:00:00+09:00,3430.0,3445.0,3355.0,3375.0,1852425.0
2025-02-07 00:00:00+09:00,3355.0,3380.0,3305.0,3315.0,1182748.0
2025-02-10 00:00:00+09:00,3305.0,3345.0,3280.0,3325.0,658132.0
2025-02-11 00:00:00+09:00,3330.0,3380.0,3325.0,3345.0,637930.0
2025-02-12 00:00:00+09:00,3345.0,3455.0,3305.0,3445.0,1222589.0
2025-02-13 00:00:00+09:00,3450.0,3645.0,3450.0,3625.0,3519466.0
2025-02-14 00:00:00+09:00,3660.0,3765.0,3620.0,3690.0,2886736.0
2025-02-17 00:00:00+09:00,3690.0,3870.0,3650.0,3855.0,3800426.0
2025-02-18 00:00:00+09:00,3870.0,3875.0,3730.0,3790.0,1920346.0
2025-02-19 00:00:00+09:00,3770.0,3805.0,3725.0,3755.0,1612084.0
2025-02-20 00:00:00+09:00,3765.0,3815.0,3695.0,3725.0,1087445.0
2025-02-21 00:00:00+09:00,3705.0,3705.0,3600.0,3615.0,1150598.0
2025-02-24 00:00:00+09:00,3560.0,3575.0,3500.0,3525.0,1003268.0
2025-02-25 00:00:00+09:00,3500.0,3650.0,3470.0,3545.0,1098657.0
2025-02-26 00:00:00+09:00,3525.0,3595.0,3515.0,3560.0,548425.0
2025-02-27 00:00:00+09:00,3540.0,3555.0,3500.0,3530.0,639652.0
2025-02-28 00:00:00+09:00,3485.0,3490.0,3420.0,3440.0,1004381.0
2025-03-04 00:00:00+09:00,3505.0,3595.0,3450.0,3525.0,1202446.0
2025-03-05 00:00:00+09:00,3520.0,3650.0,3520.0,3645.0,1318093.0
2025-03-06 00:00:00+09:00,3675.0,3675.0,3595.0,3605.0,839911.0
2025-03-07 00:00:00+09:00,3590.0,3650.0,3545.0,3550.0,845108.0
2025-03-10 00:00:00+09:00,3505.0,3545.0,3420.0,3465.0,994382.0
2025-03-11 00:00:00+09:00,3400.0,3420.0,3355.0,3410.0,1075183.0
2025-03-12 00:00:00+09:00,3425.0,3525.0,3425.0,3500.0,571110.0
2025-03-13 00:00:00+09:00,3505.0,3550.0,3475.0,3480.0,748605.0
2025-03-14 00:00:00+09:00,3500.0,3500.0,3435.0,3435.0,518134.0
2025-03-17 00:00:00+09:00,3445.0,3485.0,3435.0,3485.0,658528.0
2025-03-18 00:00:00+09:00,3490.0,3510.0,3470.0,3475.0,469552.0
2025-03-19 00:00:00+09:00,3455.0,3500.0,3450.0,3495.0,509411.0
2025-03-20 00:00:00+09:00,3530.0,3575.0,3485.0,3490.0,788525.0
2025-03-21 00:00:00+09:00,3455.0,3490.0,3425.0,3450.0,546586.0
2025-03-24 00:00:00+09:00,3475.0,3520.0,3460.0,3485.0,468569.0
2025-03-25 00:00:00+09:00,3515.0,3530.0,3420.0,3435.0,485477.0
2025-03-26 00:00:00+09:00,3440.0,3460.0,3415.0,3435.0,297225.0
2025-03-27 00:00:00+09:00,3405.0,3430.0,3375.0,3375.0,519128.0
2025-03-28 00:00:00+09:00,3370.0,3390.0,3320.0,3330.0,519867.0
2025-03-31 00:00:00+09:00,3290.0,3290.0,3150.0,3160.0,943248.0
2025-04-01 00:00:00+09:00,3205.0,3300.0,3195.0,3290.0,383556.0
2025-04-02 00:00:00+09:00,3305.0,3315.0,3220.0,3225.0,258682.0
2025-04-03 00:00:00+09:00,3155.0,3175.0,3115.0,3170.0,444331.0
2025-04-04 00:00:00+09:00,3100.0,3245.0,3100.0,3215.0,484307.0
2025-04-07 00:00:00+09:00,3105.0,3115.0,2945.0,2960.0,1097045.0
2025-04-08 00:00:00+09:00,3020.0,3075.0,2985.0,3000.0,603483.0
2025-04-09 00:00:00+09:00,2965.0,3025.0,2910.0,2950.0,717813.0
2025-04-10 00:00:00+09:00,3100.0,3125.0,3070.0,3100.0,392591.0
2025-04-11 00:00:00+09:00,3055.0,3155.0,3040.0,3150.0,315771.0
2025-04-14 00:00:00+09:00,3190.0,3195.0,3150.0,3170.0,209327.0
2025-04-15 00:00:00+09:00,3195.0,3225.0,3165.0,3200.0,226968.0
2025-04-16 00:00:00+09:00,3205.0,3215.0,3150.0,3175.0,351836.0
2025-04-17 00:00:00+09:00,3155.0,3200.0,3155.0,3175.0,133979.0
2025-04-18 00:00:00+09:00,3195.0,3215.0,3155.0,3215.0,284117.0
2025-04-21 00:00:00+09:00,3285.0,3295.0,3225.0,3275.0,567451.0
2025-04-22 00:00:00+09:00,3260.0,3300.0,3255.0,3270.0,381163.0
2025-04-23 00:00:00+09:00,3360.0,3370.0,3305.0,3340.0,587943.0
2025-04-24 00:00:00+09:00,3350.0,3355.0,3290.0,3310.0,192527.0
2025-04-25 00:00:00+09:00,3340.0,3375.0,3330.0,3355.0,378202.0
2025-04-28 00:00:00+09:00,3355.0,3385.0,3345.0,3370.0,322011.0
2025-04-29 00:00:00+09:00,3375.0,3440.0,3355.0,3430.0,573846.0
2025-04-30 00:00:00+09:00,3415.0,3515.0,3405.0,3435.0,996649.0
2025-05-02 00:00:00+09:00,3480.0,3540.0,3430.0,3470.0,1372259.0
2025-05-07 00:00:00+09:00,3475.0,3500.0,3450.0,3495.0,419403.0
2025-05-08 00:00:00+09:00,3535.0,3550.0,3485.0,3550.0,569925.0
2025-05-09 00:00:00+09:00,3675.0,3675.0,3555.0,3580.0,1288300.0
2025-05-12 00:00:00+09:00,3620.0,3735.0,3605.0,3690.0,1496446.0
2025-05-13 00:00:00+09:00,3700.0,3700.0,3622.0,3695.0,602634.0
2025-05-14 00:00:00+09:00,3795.0,3810.0,3750.0,3770.0,1507578.0
2025-05-15 00:00:00+09:00,3830.0,3860.0,3770.0,3805.0,1243816.0
2025-05-16 00:00:00+09:00,3835.0,4115.0,3835.0,4080.0,4319866.0
2025-05-19 00:00:00+09:00,4130.0,4150.0,3780.0,3870.0,2389772.0
2025-05-20 00:00:00+09:00,3930.0,4020.0,3880.0,3915.0,1285635.0
2025-05-21 00:00:00+09:00,3945.0,4105.0,3885.0,4085.0,2319349.0
2025-05-22 00:00:00+09:00,4255.0,4285.0,4105.0,4190.0,3218590.0
2025-05-23 00:00:00+09:00,4260.0,4375.0,4100.0,4305.0,2738655.0
2025-05-26 00:00:00+09:00,4290.0,4290.0,4155.0,4235.0,1631621.0
2025-05-27 00:00:00+09:00,4245.0,4250.0,4045.0,4100.0,1682089.0
2025-05-28 00:00:00+09:00,4145.0,4255.0,4100.0,4170.0,1374063.0
2025-05-29 00:00:00+09:00,4215.0,4560.0,4190.0,4520.0,5289330.0
2025-05-30 00:00:00+09:00,4690.0,4690.0,4365.0,4460.0,2992411.0
2025-06-02 00:00:00+09:00,4520.0,4570.0,4305.0,4370.0,2312820.0
2025-06-04 00:00:00+09:00,4500.0,4800.0,4495.0,4790.0,6429290.0
2025-06-05 00:00:00+09:00,4825.0,4865.0,4590.0,4860.0,3769120.0
2025-06-09 00:00:00+09:00,5010.0,5430.0,4955.0,5310.0,6661668.0
2025-06-10 00:00:00+09:00,5510.0,5520.0,5200.0,5430.0,5065430.0
2025-06-11 00:00:00+09:00,5360.0,5620.0,5270.0,5560.0,3724789.0
2025-06-12 00:00:00+09:00,5540.0,6800.0,5510.0,6350.0,18072335.0
2025-06-13 00:00:00+09:00,6290.0,6380.0,5860.0,6010.0,5753295.0
2025-06-16 00:00:00+09:00,5930.0,6250.0,5900.0,6210.0,4018430.0
2025-06-17 00:00:00+09:00,6800.0,7060.0,6310.0,6700.0,12874305.0
2025-06-18 00:00:00+09:00,6670.0,7050.0,6580.0,6920.0,6362139.0
2025-06-19 00:00:00+09:00,7230.0,7300.0,6680.0,6900.0,5478993.0
2025-06-20 00:00:00+09:00,6810.0,6900.0,6680.0,6850.0,3120440.0
2025-06-23 00:00:00+09:00,6500.0,6970.0,6390.0,6750.0,5978881.0
2025-06-24 00:00:00+09:00,7050.0,7230.0,6720.0,6850.0,5140843.0
2025-06-25 00:00:00+09:00,6870.0,6890.0,6580.0,6830.0,3057987.0
2025-06-26 00:00:00+09:00,6730.0,6900.0,6350.0,6800.0,4878566.0
2025-06-27 00:00:00+09:00,6900.0,6980.0,6670.0,6720.0,3026460.0
2025-06-30 00:00:00+09:00,6690.0,6770.0,6560.0,6610.0,2557112.0
2025-07-01 00:00:00+09:00,6760.0,6940.0,6740.0,6810.0,3635330.0
2025-07-02 00:00:00+09:00,7120.0,7140.0,6590.0,6650.0,4482945.0
2025-07-03 00:00:00+09:00,6670.0,6710.0,6390.0,6510.0,2972451.0
2025-07-04 00:00:00+09:00,6520.0,6620.0,6230.0,6250.0,2442497.0
2025-07-07 00:00:00+09:00,6070.0,6370.0,6040.0,6230.0,1571019.0
2025-07-08 00:00:00+09:00,6150.0,6620.0,6130.0,6570.0,2499602.0
2025-07-09 00:00:00+09:00,6720.0,6990.0,6530.0,6980.0,5689420.0
2025-07-10 00:00:00+09:00,7190.0,7230.0,6940.0,7070.0,4882036.0
2025-07-11 00:00:00+09:00,7340.0,7490.0,7090.0,7260.0,6027831.0
2025-07-14 00:00:00+09:00,7260.0,7270.0,6880.0,7180.0,3836811.0
2025-07-15 00:00:00+09:00,7110.0,7160.0,6920.0,7000.0,2432196.0
2025-07-16 00:00:00+09:00,6840.0,6870.0,6570.0,6620.0,3048180.0
2025-07-17 00:00:00+09:00,6720.0,6750.0,6500.0,6580.0,1815532.0
2025-07-18 00:00:00+09:00,6650.0,6670.0,6470.0,6580.0,1458539.0
2025-07-21 00:00:00+09:00,6470.0,6600.0,6400.0,6450.0,1802370.0
2025-07-22 00:00:00+09:00,6500.0,6570.0,6310.0,6380.0,1338217.0
2025-07-23 00:00:00+09:00,6410.0,6410.0,6180.0,6230.0,1199102.0
2025-07-24 00:00:00+09:00,6260.0,6330.0,6050.0,6160.0,1478015.0
2025-07-25 00:00:00+09:00,6110.0,6390.0,6100.0,6180.0,1166262.0
2025-07-28 00:00:00+09:00,6220.0,6230.0,5980.0,6020.0,1471681.0
2025-07-29 00:00:00+09:00,6000.0,6020.0,5860.0,5940.0,1146635.0
2025-07-30 00:00:00+09:00,6000.0,6010.0,5770.0,5790.0,1498595.0
2025-07-31 00:00:00+09:00,5830.0,5970.0,5770.0,5860.0,1105280.0
2025-08-01 00:00:00+09:00,5730.0,5730.0,5410.0,5430.0,2405231.0
2025-08-04 00:00:00+09:00,5420.0,5610.0,5410.0,5600.0,1179615.0
2025-08-05 00:00:00+09:00,5620.0,5750.0,5570.0,5640.0,1176823.0
2025-08-06 00:00:00+09:00,5590.0,5710.0,5520.0,5680.0,625746.0
2025-08-07 00:00:00+09:00,5800.0,5810.0,5640.0,5700.0,1112591.0
2025-08-08 00:00:00+09:00,5710.0,5760.0,5610.0,5610.0,654087.0
2025-08-11 00:00:00+09:00,5680.0,5760.0,5390.0,5650.0,1701263.0
2025-08-12 00:00:00+09:00,5640.0,5890.0,5600.0,5620.0,1311317.0
2025-08-13 00:00:00+09:00,5720.0,5720.0,5550.0,5640.0,495896.0
2025-08-14 00:00:00+09:00,5750.0,5860.0,5600.0,5650.0,860048.0
2025-08-18 00:00:00+09:00,5560.0,5580.0,5370.0,5430.0,1093906.0
2025-08-19 00:00:00+09:00,5420.0,5500.0,5300.0,5410.0,895368.0
2025-08-20 00:00:00+09:00,5260.0,5300.0,5060.0,5290.0,2263270.0
2025-08-21 00:00:00+09:00,5320.0,5520.0,5300.0,5420.0,1501158.0
2025-08-22 00:00:00+09:00,5410.0,5520.0,5390.0,5420.0,834133.0
2025-08-25 00:00:00+09:00,5490.0,5910.0,5490.0,5740.0,3927844.0
2025-08-26 00:00:00+09:00,5750.0,5750.0,5540.0,5580.0,1243140.0
2025-08-27 00:00:00+09:00,5610.0,5610.0,5440.0,5530.0,1011935.0
2025-08-28 00:00:00+09:00,5470.0,5740.0,5420.0,5630.0,2316594.0
2025-08-29 00:00:00+09:00,5660.0,5710.0,5530.0,5540.0,958955.0
2025-09-01 00:00:00+09:00,5520.0,5570.0,5340.0,5380.0,986204.0
2025-09-02 00:00:00+09:00,5380.0,5420.0,5300.0,5380.0,741768.0
2025-09-03 00:00:00+09:00,5380.0,5400.0,5310.0,5400.0,576236.0
2025-09-04 00:00:00+09:00,5390.0,5480.0,5340.0,5440.0,743696.0
2025-09-05 00:00:00+09:00,5460.0,5620.0,5350.0,5540.0,1285455.0
2025-09-08 00:00:00+09:00,5540.0,5850.0,5520.0,5720.0,1763304.0
2025-09-09 00:00:00+09:00,5820.0,6100.0,5760.0,6020.0,5247998.0
2025-09-10 00:00:00+09:00,6070.0,6210.0,5960.0,6160.0,3647166.0
2025-09-11 00:00:00+09:00,6150.0,6160.0,5910.0,6100.0,2609655.0
2025-09-12 00:00:00+09:00,6200.0,6230.0,6050.0,6110.0,1518472.0
2025-09-15 00:00:00+09:00,6150.0,6290.0,6130.0,6180.0,3003801.0
2025-09-16 00:00:00+09:00,6180.0,6220.0,6020.0,6130.0,1874551.0
2025-09-17 00:00:00+09:00,6110.0,6120.0,6000.0,6100.0,912710.0
2025-09-18 00:00:00+09:00,6140.0,6170.0,6020.0,6160.0,1335494.0
2025-09-19 00:00:00+09:00,6160.0,6210.0,6030.0,6100.0,935766.0
2025-09-22 00:00:00+09:00,6090.0,6090.0,5910.0,5950.0,1243664.0
2025-09-23 00:00:00+09:00,5970.0,6030.0,5770.0,5820.0,1424090.0
2025-09-24 00:00:00+09:00,5800.0,5810.0,5580.0,5680.0,1442581.0
2025-09-25 00:00:00+09:00,5650.0,5730.0,5320.0,5400.0,3443290.0
2025-09-26 00:00:00+09:00,5450.0,5480.0,5220.0,5290.0,2066248.0
2025-09-29 00:00:00+09:00,5440.0,6300.0,5440.0,6200.0,17613503.0
2025-09-30 00:00:00+09:00,6410.0,6690.0,5940.0,6370.0,23566589.0
2025-10-01 00:00:00+09:00,6370.0,6370.0,5780.0,5800.0,7484094.0
2025-10-02 00:00:00+09:00,5910.0,6140.0,5750.0,5910.0,8418423.0
2025-10-10 00:00:00+09:00,5950.0,6240.0,5910.0,6000.0,5852503.0
2025-10-13 00:00:00+09:00,5830.0,5970.0,5630.0,5700.0,3222779.0
2025-10-14 00:00:00+09:00,5720.0,5790.0,5420.0,5500.0,2372551.0
2025-10-15 00:00:00+09:00,5500.0,5760.0,5470.0,5760.0,2047786.0
2025-10-16 00:00:00+09:00,5760.0,5970.0,5710.0,5800.0,2162017.0
2025-10-17 00:00:00+09:00,5750.0,5750.0,5240.0,5400.0,5926886.0
2025-10-20 00:00:00+09:00,5420.0,5660.0,5220.0,5640.0,7631501.0
2025-10-21 00:00:00+09:00,5710.0,5720.0,5200.0,5290.0,8207244.0
2025-10-22 00:00:00+09:00,5320.0,5350.0,5160.0,5350.0,2604457.0
2025-10-23 00:00:00+09:00,5240.0,5330.0,5190.0,5220.0,2070034.0
2025-10-24 00:00:00+09:00,5320.0,5400.0,5240.0,5370.0,2542007.0
2025-10-27 00:00:00+09:00,5460.0,5690.0,5450.0,5590.0,4676805.0
2025-10-28 00:00:00+09:00,5540.0,5580.0,5420.0,5480.0,1980742.0
2025-10-29 00:00:00+09:00,5510.0,5570.0,5410.0,5480.0,2235866.0
2025-10-30 00:00:00+09:00,5550.0,5630.0,5340.0,5380.0,2357143.0
2025-10-31 00:00:00+09:00,5380.0,5460.0,5300.0,5350.0,1457932.0
2025-11-03 00:00:00+09:00,5400.0,5520.0,5290.0,5340.0,2308945.0
2025-11-04 00:00:00+09:00,5290.0,5330.0,5220.0,5230.0,1918036.0
2025-11-05 00:00:00+09:00,5150.0,5190.0,4855.0,5070.0,3046889.0
2025-11-06 00:00:00+09:00,5150.0,5300.0,5030.0,5220.0,2148899.0
2025-11-07 00:00:00+09:00,5050.0,5190.0,4910.0,5020.0,2036610.0
2025-11-10 00:00:00+09:00,5090.0,5320.0,5090.0,5320.0,2462604.0
2025-11-11 00:00:00+09:00,5320.0,5460.0,5110.0,5170.0,1742205.0
2025-11-12 00:00:00+09:00,5210.0,5370.0,5150.0,5350.0,1861067.0
2025-11-13 00:00:00+09:00,5380.0,5440.0,5310.0,5410.0,1586646.0
2025-11-14 00:00:00+09:00,5330.0,5400.0,5150.0,5170.0,1902304.0
2025-11-17 00:00:00+09:00,5190.0,5190.0,5050.0,5090.0,1303495.0
2025-11-18 00:00:00+09:00,5000.0,5020.0,4780.0,4785.0,2512436.0
2025-11-19 00:00:00+09:00,4805.0,4900.0,4705.0,4830.0,1152125.0
2025-11-20 00:00:00+09:00,5100.0,5300.0,5070.0,5170.0,3106454.0
2025-11-21 00:00:00+09:00,4970.0,5110.0,4955.0,5010.0,1534473.0
2025-11-24 00:00:00+09:00,5180.0,5180.0,4955.0,4990.0,1481123.0
2025-11-25 00:00:00+09:00,5070.0,5170.0,4890.0,4940.0,1706989.0
2025-11-26 00:00:00+09:00,4990.0,5130.0,4950.0,5050.0,1907074.0
2025-11-27 00:00:00+09:00,5100.0,5190.0,4925.0,4940.0,2524981.0
2025-11-28 00:00:00+09:00,4940.0,4985.0,4840.0,4900.0,1491628.0
2025-12-01 00:00:00+09:00,4905.0,4960.0,4715.0,4740.0,2104926.0
2025-12-02 00:00:00+09:00,4740.0,4820.0,4710.0,4815.0,1023818.0
2025-12-03 00:00:00+09:00,4840.0,4940.0,4820.0,4900.0,1409878.0
2025-12-04 00:00:00+09:00,4915.0,4915.0,4760.0,4785.0,1213181.0
2025-12-05 00:00:00+09:00,4775.0,4825.0,4760.0,4825.0,737607.0
2025-12-08 00:00:00+09:00,4825.0,4865.0,4715.0,4730.0,1263760.0
2025-12-09 00:00:00+09:00,4725.0,4745.0,4635.0,4690.0,1594008.0
2025-12-10 00:00:00+09:00,4720.0,4735.0,4650.0,4660.0,1116782.0
2025-12-11 00:00:00+09:00,4700.0,4765.0,4635.0,4635.0,1266859.0
2025-12-12 00:00:00+09:00,4655.0,4795.0,4645.0,4790.0,1347892.0
2025-12-15 00:00:00+09:00,4740.0,4780.0,4670.0,4705.0,855756.0
2025-12-16 00:00:00+09:00,4705.0,4710.0,4590.0,4595.0,1228432.0
2025-12-17 00:00:00+09:00,4620.0,4660.0,4585.0,4625.0,790110.0
2025-12-18 00:00:00+09:00,4580.0,4645.0,4500.0,4560.0,1003773.0
2025-12-19 00:00:00+09:00,4560.0,4755.0,4560.0,4690.0,1571816.0
2025-12-22 00:00:00+09:00,4730.0,4930.0,4710.0,4900.0,2319604.0
2025-12-23 00:00:00+09:00,4900.0,4930.0,4830.0,4865.0,1119414.0
2025-12-24 00:00:00+09:00,4865.0,4885.0,4780.0,4810.0,589033.0
2025-12-26 00:00:00+09:00,4810.0,4835.0,4705.0,4705.0,713774.0
2025-12-29 00:00:00+09:00,4700.0,4790.0,4620.0,4750.0,756345.0
2025-12-30 00:00:00+09:00,4745.0,4810.0,4670.0,4695.0,1025091.0
2026-01-02 00:00:00+09:00,4695.0,4830.0,4605.0,4800.0,1030143.0
2026-01-05 00:00:00+09:00,4830.0,4915.0,4775.0,4810.0,1369011.0
2026-01-06 00:00:00+09:00,4815.0,5000.0,4790.0,5000.0,3569504.0
2026-01-07 00:00:00+09:00,5000.0,5000.0,4745.0,4810.0,2604568.0
2026-01-08 00:00:00+09:00,4810.0,4810.0,4700.0,4705.0,1500227.0
2026-01-09 00:00:00+09:00,4715.0,4900.0,4715.0,4720.0,1654104.0
2026-01-12 00:00:00+09:00,4750.0,4950.0,4750.0,4900.0,2606233.0
2026-01-13 00:00:00+09:00,4935.0,4980.0,4820.0,4895.0,1591879.0
2026-01-14 00:00:00+09:00,4940.0,5200.0,4800.0,5010.0,5999806.0
2026-01-15 00:00:00+09:00,5010.0,5230.0,4995.0,5140.0,3908171.0
2026-01-16 00:00:00+09:00,5190.0,5210.0,4950.0,4970.0,2531870.0
2026-01-19 00:00:00+09:00,4975.0,5070.0,4910.0,4915.0,1689202.0
2026-01-20 00:00:00+09:00,4930.0,5120.0,4855.0,5040.0,2208210.0
2026-01-21 00:00:00+09:00,4970.0,4970.0,4780.0,4830.0,2212954.0
2026-01-22 00:00:00+09:00,4900.0,5040.0,4880.0,4910.0,1902983.0
2026-01-23 00:00:00+09:00,4985.0,5550.0,4980.0,5440.0,14286356.0
2026-01-26 00:00:00+09:00,5600.0,5720.0,5370.0,5630.0,8657526.0
2026-01-27 00:00:00+09:00,5860.0,6410.0,5730.0,6030.0,22472934.0
2026-01-28 00:00:00+09:00,6120.0,6330.0,5990.0,6090.0,8882950.0
2026-01-29 00:00:00+09:00,6100.0,6810.0,5870.0,6610.0,18516080.0
2026-01-30 00:00:00+09:00,6590.0,6780.0,6410.0,6430.0,8548158.0
2026-02-02 00:00:00+09:00,6330.0,6490.0,5990.0,6050.0,6392922.0
2026-02-03 00:00:00+09:00,6230.0,7000.0,6230.0,6820.0,18425170.0
2026-02-04 00:00:00+09:00,6800.0,6880.0,6580.0,6700.0,5851130.0
2026-02-05 00:00:00+09:00,6590.0,6790.0,6340.0,6410.0,4612488.0
2026-02-06 00:00:00+09:00,6110.0,6270.0,5860.0,6090.0,4395560.0
2026-02-09 00:00:00+09:00,6450.0,6540.0,6240.0,6330.0,3904201.0
2026-02-10 00:00:00+09:00,6390.0,6620.0,6260.0,6370.0,4665785.0
2026-02-11 00:00:00+09:00,6400.0,6400.0,6150.0,6220.0,2540284.0
2026-02-12 00:00:00+09:00,6320.0,6630.0,6230.0,6500.0,4626789.0
2026-02-13 00:00:00+09:00,6740.0,8040.0,6550.0,7360.0,61679560.0
2026-02-19 00:00:00+09:00,8050.0,9560.0,7900.0,9560.0,57462523.0
2026-02-20 00:00:00+09:00,10000.0,10300.0,9010.0,9300.0,42971711.0
2026-02-23 00:00:00+09:00,9480.0,9480.0,8540.0,8660.0,15621119.0
2026-02-24 00:00:00+09:00,8360.0,8640.0,8130.0,8390.0,12174554.0
2026-02-25 00:00:00+09:00,8500.0,8560.0,8100.0,8200.0,9121559.0
2026-02-26 00:00:00+09:00,8250.0,9690.0,8070.0,8530.0,54551388.0
2026-02-27 00:00:00+09:00,8390.0,8650.0,8160.0,8340.0,7162652.0
2026-03-03 00:00:00+09:00,7980.0,8120.0,7530.0,7530.0,8516861.0
2026-03-04 00:00:00+09:00,7180.0,7350.0,6240.0,6290.0,9721074.0
2026-03-05 00:00:00+09:00,7050.0,7590.0,6950.0,7410.0,8797827.0
2026-03-06 00:00:00+09:00,7360.0,7700.0,7020.0,7600.0,4608187.0
2026-03-09 00:00:00+09:00,6980.0,7070.0,6610.0,6950.0,4276177.0
2026-03-10 00:00:00+09:00,7400.0,7450.0,7060.0,7230.0,3504724.0
2026-03-11 00:00:00+09:00,7460.0,7790.0,7200.0,7390.0,4824961.0
2026-03-12 00:00:00+09:00,7390.0,7570.0,7270.0,7400.0,2745994.0
2026-03-13 00:00:00+09:00,7140.0,7350.0,7070.0,7150.0,2263164.0
2026-03-16 00:00:00+09:00,7160.0,7520.0,7140.0,7420.0,2371801.0
2026-03-17 00:00:00+09:00,7760.0,7880.0,7420.0,7420.0,3304746.0
2026-03-18 00:00:00+09:00,7520.0,7800.0,7410.0,7540.0,3936203.0
2026-03-19 00:00:00+09:00,7220.0,7610.0,7210.0,7380.0,2961351.0
2026-03-20 00:00:00+09:00,7480.0,8470.0,7460.0,7920.0,16484209.0
2026-03-23 00:00:00+09:00,7600.0,7740.0,7020.0,7040.0,5344631.0
2026-03-24 00:00:00+09:00,7420.0,7480.0,6920.0,7120.0,2998374.0
2026-03-25 00:00:00+09:00,7290.0,7680.0,7230.0,7520.0,4572438.0
2026-03-26 00:00:00+09:00,7520.0,7550.0,7070.0,7100.0,2413975.0
2026-03-27 00:00:00+09:00,6900.0,7260.0,6790.0,7190.0,2145553.0
2026-03-30 00:00:00+09:00,6790.0,6930.0,6770.0,6870.0,1512362.0
2026-03-31 00:00:00+09:00,6760.0,6830.0,6440.0,6450.0,3238705.0
2026-04-01 00:00:00+09:00,6820.0,7140.0,6750.0,7070.0,2391592.0
2026-04-02 00:00:00+09:00,7120.0,7170.0,6390.0,6510.0,3383048.0
2026-04-03 00:00:00+09:00,6800.0,6840.0,6630.0,6720.0,1441072.0
2026-04-06 00:00:00+09:00,6680.0,6800.0,6570.0,6630.0,1439953.0
2026-04-07 00:00:00+09:00,6710.0,6770.0,6460.0,6580.0,1287013.0
2026-04-08 00:00:00+09:00,6930.0,7300.0,6850.0,7200.0,3386467.0
2026-04-09 00:00:00+09:00,7110.0,7150.0,6840.0,6940.0,1739351.0
2026-04-10 00:00:00+09:00,7100.0,7270.0,7030.0,7190.0,2266273.0
2026-04-13 00:00:00+09:00,6980.0,7160.0,6930.0,6930.0,1666450.0
2026-04-14 00:00:00+09:00,7160.0,7580.0,7130.0,7410.0,4953995.0
2026-04-15 00:00:00+09:00,7600.0,7600.0,7380.0,7510.0,3055209.0
2026-04-16 00:00:00+09:00,7610.0,7670.0,7470.0,7550.0,2578637.0
2026-04-17 00:00:00+09:00,7550.0,7580.0,7395.0,7550.0,1400249.0
2026-04-20 00:00:00+09:00,7500.0,7790.0,7440.0,7590.0,2469933.0
2026-04-21 00:00:00+09:00,7690.0,7780.0,7610.0,7760.0,2664436.0
2026-04-22 00:00:00+09:00,7780.0,7790.0,7520.0,7740.0,2162529.0
2026-04-23 00:00:00+09:00,7840.0,7930.0,7470.0,7690.0,2981918.0
2026-04-24 00:00:00+09:00,7680.0,7790.0,7610.0,7720.0,2231054.0
2026-04-27 00:00:00+09:00,7800.0,8340.0,7630.0,7990.0,8499929.0
2026-04-28 00:00:00+09:00,8010.0,8230.0,7820.0,7990.0,5839510.0
2026-04-29 00:00:00+09:00,7950.0,7950.0,7690.0,7830.0,2256864.0
2026-04-30 00:00:00+09:00,7830.0,7880.0,7460.0,7510.0,2657096.0
2026-05-04 00:00:00+09:00,7650.0,8600.0,7630.0,8190.0,19840727.0
2026-05-06 00:00:00+09:00,8900.0,9880.0,8400.0,9370.0,38051827.0
2026-05-07 00:00:00+09:00,9260.0,9260.0,8350.0,8490.0,9513430.0
2026-05-08 00:00:00+09:00,8270.0,8800.0,8180.0,8550.0,7206520.0
2026-05-11 00:00:00+09:00,8800.0,8850.0,8160.0,8180.0,4993078.0
2026-05-12 00:00:00+09:00,8250.0,8590.0,7410.0,7610.0,7228883.0
2026-05-13 00:00:00+09:00,7480.0,7540.0,7230.0,7280.0,3477164.0
2026-05-14 00:00:00+09:00,7310.0,7490.0,7150.0,7340.0,2888006.0
2026-05-15 00:00:00+09:00,7560.0,7720.0,6830.0,6910.0,4376664.0
2026-05-18 00:00:00+09:00,6890.0,6980.0,6560.0,6850.0,2075813.0
2026-05-19 00:00:00+09:00,6810.0,6900.0,6550.0,6580.0,1673552.0
2026-05-20 00:00:00+09:00,6530.0,6620.0,6170.0,6280.0,2476900.0
2026-05-21 00:00:00+09:00,6770.0,6850.0,6580.0,6730.0,2547521.0
2026-05-22 00:00:00+09:00,6830.0,7100.0,6760.0,6910.0,1726551.0
2026-05-26 00:00:00+09:00,7030.0,7170.0,6680.0,6700.0,2467714.0
2026-05-27 00:00:00+09:00,6810.0,6890.0,6320.0,6340.0,2428047.0
2026-05-28 00:00:00+09:00,6350.0,6420.0,5920.0,6200.0,2534387.0
2026-05-29 00:00:00+09:00,6290.0,6390.0,6000.0,6120.0,1819681.0
2026-06-01 00:00:00+09:00,6120.0,6390.0,5900.0,6040.0,2944499.0
2026-06-02 00:00:00+09:00,6000.0,6000.0,5710.0,5800.0,2022142.0
2026-06-04 00:00:00+09:00,5840.0,6070.0,5810.0,6000.0,1283270.0
2026-06-05 00:00:00+09:00,6040.0,6350.0,5820.0,5970.0,2237580.0
2026-06-08 00:00:00+09:00,5470.0,5650.0,5360.0,5380.0,1677508.0
2026-06-09 00:00:00+09:00,5430.0,5790.0,5350.0,5660.0,1729164.0
2026-06-10 00:00:00+09:00,5510.0,5700.0,5320.0,5440.0,1104914.0
2026-06-11 00:00:00+09:00,5260.0,5490.0,5200.0,5480.0,1264552.0
2026-06-12 00:00:00+09:00,5700.0,5970.0,5700.0,5850.0,1832238.0
2026-06-15 00:00:00+09:00,6000.0,6070.0,5860.0,5900.0,1246789.0
2026-06-16 00:00:00+09:00,5950.0,6090.0,5880.0,5930.0,1150700.0
2026-06-17 00:00:00+09:00,5920.0,6020.0,5820.0,5930.0,1032374.0
2026-06-18 00:00:00+09:00,5930.0,5970.0,5640.0,5720.0,1455159.0
2026-06-19 00:00:00+09:00,5720.0,5720.0,5400.0,5590.0,1585359.0
2026-06-22 00:00:00+09:00,5500.0,5500.0,5280.0,5370.0,1259511.0
2026-06-23 00:00:00+09:00,5350.0,5470.0,5010.0,5010.0,1672388.0
2026-06-24 00:00:00+09:00,5000.0,5120.0,4890.0,5010.0,1441350.0
2026-06-25 00:00:00+09:00,5070.0,5350.0,4990.0,5010.0,1303634.0
2026-06-26 00:00:00+09:00,5010.0,5020.0,4550.0,4680.0,1869545.0
2026-06-29 00:00:00+09:00,4685.0,5070.0,4615.0,5050.0,1247982.0
2026-06-30 00:00:00+09:00,5040.0,5080.0,4865.0,4875.0,881278.0
2026-07-01 00:00:00+09:00,4940.0,5160.0,4940.0,4975.0,963108.0
2026-07-02 00:00:00+09:00,4850.0,4935.0,4700.0,4720.0,973038.0
2026-07-03 00:00:00+09:00,4740.0,4975.0,4580.0,4960.0,1202389.0
2026-07-06 00:00:00+09:00,5000.0,5210.0,4860.0,4985.0,1228440.0
2026-07-07 00:00:00+09:00,4870.0,4920.0,4650.0,4760.0,1181382.0
2026-07-08 00:00:00+09:00,4680.0,4815.0,4440.0,4485.0,1670125.0
2026-07-09 00:00:00+09:00,4500.0,4565.0,4290.0,4370.0,1004728.0
2026-07-10 00:00:00+09:00,4415.0,4890.0,4415.0,4790.0,1487427.0
2026-07-13 00:00:00+09:00,4790.0,4930.0,4505.0,4535.0,1164834.0
2026-07-14 00:00:00+09:00,4520.0,4560.0,4250.0,4410.0,1380400.0
2026-07-15 00:00:00+09:00,4560.0,4740.0,4560.0,4645.0,972204.0
2026-07-16 00:00:00+09:00,4500.0,4615.0,4430.0,4480.0,835266.0
2026-07-20 00:00:00+09:00,4410.0,4435.0,4225.0,4270.0,957181.0
2026-07-21 00:00:00+09:00,4270.0,4340.0,4110.0,4270.0,836206.0
2026-07-22 00:00:00+09:00,4380.0,4475.0,4235.0,4235.0,789561.0
2026-07-23 00:00:00+09:00,4295.0,4445.0,4255.0,4435.0,1112733.0
2026-07-24 00:00:00+09:00,4360.0,4415.0,4250.0,4270.0,814488.0
2026-07-27 00:00:00+09:00,4330.0,4415.0,4260.0,4310.0,737940.0
2026-07-28 00:00:00+09:00,4185.0,4215.0,3900.0,3930.0,1424950.0
2026-07-29 00:00:00+09:00,3970.0,4030.0,3520.0,3675.0,2170067.0
2026-07-30 00:00:00+09:00,3515.0,3885.0,3515.0,3675.0,1226446.0
2026-07-31 00:00:00+09:00,3865.0,4165.0,3855.0,4150.0,1582026.0
2026-08-03 00:00:00+09:00,4050.0,4235.0,3975.0,4175.0,765255.0
2026-08-04 00:00:00+09:00,4210.0,4330.0,4180.0,4330.0,585021.0
2026-08-05 00:00:00+09:00,4450.0,4515.0,4400.0,4420.0,868568.0
2026-08-06 00:00:00+09:00,4390.0,4450.0,4335.0,4430.0,633286.0
2026-08-07 00:00:00+09:00,4435.0,4505.0,4295.0,4385.0,565994.0
2026-08-10 00:00:00+09:00,4445.0,4565.0,4405.0,4555.0,758950.0
2026-08-11 00:00:00+09:00,4555.0,4625.0,4510.0,4575.0,506882.0
2026-08-12 00:00:00+09:00,4580.0,4680.0,4520.0,4660.0,723571.0
2026-08-13 00:00:00+09:00,4780.0,4865.0,4615.0,4630.0,1087150.0
2026-08-14 00:00:00+09:00,4685.0,4780.0,4630.0,4780.0,737006.0
2026-08-18 00:00:00+09:00,4785.0,4790.0,4525.0,4550.0,754553.0
2026-08-19 00:00:00+09:00,4410.0,4515.0,4360.0,4395.0,538127.0
2026-08-20 00:00:00+09:00,4585.0,4835.0,4585.0,4730.0,1617756.0
2026-08-21 00:00:00+09:00,4790.0,5070.0,4620.0,4870.0,6991587.0
2026-08-24 00:00:00+09:00,5080.0,5280.0,4720.0,4850.0,5119253.0
2026-08-25 00:00:00+09:00,4915.0,5160.0,4790.0,5030.0,5476351.0
2026-08-26 00:00:00+09:00,5010.0,5070.0,4850.0,4990.0,2421854.0
2026-08-27 00:00:00+09:00,4990.0,5060.0,4780.0,4800.0,1733800.0
2026-08-28 00:00:00+09:00,4900.0,5180.0,4840.0,5000.0,3664487.0
