dt,open,high,low,close,volume
2016-06-21 00:00:00+09:00,9187.0,9231.0,9059.0,9069.0,57583.0
2016-06-22 00:00:00+09:00,9189.0,9233.0,9088.0,9189.0,36831.0
2016-06-23 00:00:00+09:00,9189.0,9233.0,9097.0,9189.0,58801.0
2016-06-24 00:00:00+09:00,9277.0,9322.0,8777.0,8878.0,180258.0
2016-06-27 00:00:00+09:00,8687.0,8759.0,8604.0,8751.0,146592.0
2016-06-28 00:00:00+09:00,8732.0,9187.0,8678.0,9097.0,109569.0
2016-06-29 00:00:00+09:00,9187.0,9505.0,9096.0,9415.0,155121.0
2016-06-30 00:00:00+09:00,9369.0,9687.0,9232.0,9415.0,104129.0
2016-07-01 00:00:00+09:00,9370.0,9597.0,9370.0,9507.0,75942.0
2016-07-04 00:00:00+09:00,9551.0,9596.0,9278.0,9370.0,81934.0
2016-07-05 00:00:00+09:00,9460.0,9460.0,9087.0,9097.0,176207.0
2016-07-06 00:00:00+09:00,9097.0,9187.0,9033.0,9097.0,121744.0
2016-07-07 00:00:00+09:00,9187.0,9278.0,9079.0,9143.0,97859.0
2016-07-08 00:00:00+09:00,9087.0,9278.0,9087.0,9143.0,90870.0
2016-07-11 00:00:00+09:00,9187.0,9598.0,9096.0,9598.0,227820.0
2016-07-12 00:00:00+09:00,9551.0,9643.0,9369.0,9643.0,131386.0
2016-07-13 00:00:00+09:00,9551.0,9733.0,9506.0,9643.0,188043.0
2016-07-14 00:00:00+09:00,9552.0,9642.0,9415.0,9552.0,80722.0
2016-07-15 00:00:00+09:00,9506.0,9824.0,9506.0,9689.0,206527.0
2016-07-18 00:00:00+09:00,9687.0,9870.0,9596.0,9870.0,182228.0
2016-07-19 00:00:00+09:00,9733.0,9914.0,9733.0,9870.0,124475.0
2016-07-20 00:00:00+09:00,9825.0,9869.0,9688.0,9825.0,75899.0
2016-07-21 00:00:00+09:00,9824.0,9961.0,9778.0,9961.0,196079.0
2016-07-22 00:00:00+09:00,10005.0,10051.0,9778.0,9961.0,132634.0
2016-07-25 00:00:00+09:00,9916.0,9960.0,9824.0,9916.0,167591.0
2016-07-26 00:00:00+09:00,9960.0,10096.0,9824.0,10052.0,209132.0
2016-07-27 00:00:00+09:00,10052.0,10370.0,10007.0,10235.0,178772.0
2016-07-28 00:00:00+09:00,10143.0,10324.0,10097.0,10189.0,90408.0
2016-07-29 00:00:00+09:00,10097.0,10233.0,10097.0,10143.0,126584.0
2016-08-01 00:00:00+09:00,10234.0,10370.0,10143.0,10326.0,114808.0
2016-08-02 00:00:00+09:00,10370.0,10688.0,10187.0,10598.0,200412.0
2016-08-03 00:00:00+09:00,10642.0,10642.0,10460.0,10552.0,135309.0
2016-08-04 00:00:00+09:00,10598.0,10643.0,10143.0,10326.0,191954.0
2016-08-05 00:00:00+09:00,10324.0,10324.0,10052.0,10280.0,118923.0
2016-08-08 00:00:00+09:00,10188.0,10279.0,9870.0,10007.0,164787.0
2016-08-09 00:00:00+09:00,10006.0,10188.0,9870.0,10098.0,96760.0
2016-08-10 00:00:00+09:00,10097.0,10143.0,9915.0,10143.0,76831.0
2016-08-11 00:00:00+09:00,10052.0,10188.0,10052.0,10098.0,74411.0
2016-08-12 00:00:00+09:00,10097.0,10324.0,10097.0,10280.0,80003.0
2016-08-16 00:00:00+09:00,10233.0,10324.0,10007.0,10007.0,89534.0
2016-08-17 00:00:00+09:00,10006.0,10052.0,9688.0,9780.0,134395.0
2016-08-18 00:00:00+09:00,9778.0,9960.0,9733.0,9870.0,101003.0
2016-08-19 00:00:00+09:00,9779.0,10051.0,9779.0,10007.0,77476.0
2016-08-22 00:00:00+09:00,10006.0,10006.0,9870.0,9916.0,37809.0
2016-08-23 00:00:00+09:00,9915.0,10006.0,9734.0,9780.0,61099.0
2016-08-24 00:00:00+09:00,10051.0,10233.0,9915.0,10143.0,149906.0
2016-08-25 00:00:00+09:00,10188.0,10324.0,10098.0,10098.0,133853.0
2016-08-26 00:00:00+09:00,10098.0,10416.0,9961.0,10326.0,108010.0
2016-08-29 00:00:00+09:00,10233.0,10279.0,9961.0,10007.0,105313.0
2016-08-30 00:00:00+09:00,10142.0,10279.0,9824.0,9916.0,102223.0
2016-08-31 00:00:00+09:00,9824.0,9960.0,9688.0,9916.0,135125.0
2016-09-01 00:00:00+09:00,10052.0,10142.0,9915.0,10052.0,84534.0
2016-09-02 00:00:00+09:00,10233.0,10279.0,10006.0,10098.0,108503.0
2016-09-05 00:00:00+09:00,10143.0,10326.0,10143.0,10326.0,98620.0
2016-09-06 00:00:00+09:00,10279.0,10325.0,10098.0,10235.0,83424.0
2016-09-07 00:00:00+09:00,10279.0,10371.0,10097.0,10371.0,145402.0
2016-09-08 00:00:00+09:00,10280.0,10461.0,10098.0,10417.0,201902.0
2016-09-09 00:00:00+09:00,10461.0,10461.0,10279.0,10371.0,84171.0
2016-09-12 00:00:00+09:00,10189.0,10507.0,10189.0,10326.0,151616.0
2016-09-13 00:00:00+09:00,10415.0,10506.0,10234.0,10371.0,117054.0
2016-09-19 00:00:00+09:00,10370.0,10506.0,10325.0,10462.0,74143.0
2016-09-20 00:00:00+09:00,10415.0,10506.0,10279.0,10371.0,50985.0
2016-09-21 00:00:00+09:00,10370.0,10461.0,10143.0,10326.0,65247.0
2016-09-22 00:00:00+09:00,10370.0,10461.0,10235.0,10235.0,74919.0
2016-09-23 00:00:00+09:00,10097.0,10461.0,10097.0,10371.0,108870.0
2016-09-26 00:00:00+09:00,10371.0,10461.0,10325.0,10417.0,72878.0
2016-09-27 00:00:00+09:00,10416.0,10644.0,10325.0,10644.0,112236.0
2016-09-28 00:00:00+09:00,10643.0,10916.0,10507.0,10735.0,183466.0
2016-09-29 00:00:00+09:00,10825.0,10870.0,10598.0,10735.0,147980.0
2016-09-30 00:00:00+09:00,10688.0,10733.0,10506.0,10598.0,72410.0
2016-10-04 00:00:00+09:00,10644.0,10688.0,10507.0,10644.0,81949.0
2016-10-05 00:00:00+09:00,10642.0,10642.0,10461.0,10598.0,63653.0
2016-10-06 00:00:00+09:00,10598.0,10779.0,10461.0,10735.0,116441.0
2016-10-07 00:00:00+09:00,10642.0,10778.0,10552.0,10552.0,70430.0
2016-10-10 00:00:00+09:00,10552.0,10961.0,10552.0,10826.0,128037.0
2016-10-11 00:00:00+09:00,10870.0,10961.0,10689.0,10826.0,171837.0
2016-10-12 00:00:00+09:00,10871.0,11280.0,10780.0,10917.0,384764.0
2016-10-13 00:00:00+09:00,10961.0,11006.0,10780.0,10780.0,112026.0
2016-10-14 00:00:00+09:00,10779.0,10915.0,10643.0,10871.0,134094.0
2016-10-17 00:00:00+09:00,10916.0,10961.0,10689.0,10826.0,144265.0
2016-10-18 00:00:00+09:00,10871.0,10871.0,10597.0,10871.0,178939.0
2016-10-19 00:00:00+09:00,10916.0,10916.0,10644.0,10644.0,163886.0
2016-10-20 00:00:00+09:00,10597.0,10871.0,10597.0,10871.0,94973.0
2016-10-21 00:00:00+09:00,10825.0,10916.0,10370.0,10462.0,354036.0
2016-10-24 00:00:00+09:00,10461.0,10552.0,10097.0,10280.0,188820.0
2016-10-25 00:00:00+09:00,10279.0,10779.0,10188.0,10507.0,259831.0
2016-10-26 00:00:00+09:00,10551.0,10551.0,10233.0,10507.0,94180.0
2016-10-27 00:00:00+09:00,10506.0,10780.0,10415.0,10780.0,255758.0
2016-10-28 00:00:00+09:00,10780.0,10870.0,10597.0,10780.0,101722.0
2016-10-31 00:00:00+09:00,10826.0,10870.0,10643.0,10826.0,214158.0
2016-11-01 00:00:00+09:00,10825.0,11052.0,10734.0,11008.0,268518.0
2016-11-02 00:00:00+09:00,10917.0,10961.0,10643.0,10917.0,193830.0
2016-11-03 00:00:00+09:00,10916.0,11007.0,10826.0,10826.0,113452.0
2016-11-04 00:00:00+09:00,10825.0,10961.0,10735.0,10735.0,87345.0
2016-11-07 00:00:00+09:00,10735.0,10961.0,10598.0,10735.0,198375.0
2016-11-08 00:00:00+09:00,10733.0,10779.0,10552.0,10689.0,122856.0
2016-11-09 00:00:00+09:00,10734.0,10825.0,10234.0,10462.0,181092.0
2016-11-10 00:00:00+09:00,10552.0,10642.0,10415.0,10552.0,199542.0
2016-11-11 00:00:00+09:00,10598.0,10733.0,10461.0,10598.0,151168.0
2016-11-14 00:00:00+09:00,10598.0,10598.0,9915.0,10007.0,315253.0
2016-11-15 00:00:00+09:00,9961.0,10325.0,9779.0,10235.0,183998.0
2016-11-16 00:00:00+09:00,10233.0,10324.0,10052.0,10189.0,131527.0
2016-11-17 00:00:00+09:00,10234.0,10370.0,10007.0,10326.0,141710.0
2016-11-18 00:00:00+09:00,10325.0,10416.0,10189.0,10235.0,112834.0
2016-11-21 00:00:00+09:00,10187.0,10324.0,9915.0,9961.0,151341.0
2016-11-22 00:00:00+09:00,10096.0,10552.0,10050.0,10552.0,243421.0
2016-11-23 00:00:00+09:00,10643.0,10870.0,10552.0,10826.0,281824.0
2016-11-24 00:00:00+09:00,10734.0,11006.0,10597.0,10780.0,196012.0
2016-11-25 00:00:00+09:00,10780.0,10870.0,10689.0,10826.0,100662.0
2016-11-28 00:00:00+09:00,10870.0,10915.0,10643.0,10780.0,91782.0
2016-11-29 00:00:00+09:00,10780.0,11007.0,10689.0,10917.0,297885.0
2016-11-30 00:00:00+09:00,10917.0,11280.0,10826.0,11145.0,435133.0
2016-12-01 00:00:00+09:00,11145.0,11280.0,11053.0,11145.0,114761.0
2016-12-02 00:00:00+09:00,11143.0,11233.0,11052.0,11189.0,126014.0
2016-12-05 00:00:00+09:00,11189.0,11189.0,10917.0,11054.0,60231.0
2016-12-06 00:00:00+09:00,11052.0,11370.0,11052.0,11326.0,173544.0
2016-12-07 00:00:00+09:00,11325.0,11416.0,11189.0,11235.0,111173.0
2016-12-08 00:00:00+09:00,11189.0,11507.0,11189.0,11326.0,198671.0
2016-12-09 00:00:00+09:00,11417.0,11689.0,11325.0,11417.0,342845.0
2016-12-12 00:00:00+09:00,11507.0,11598.0,11280.0,11463.0,177641.0
2016-12-13 00:00:00+09:00,11643.0,11643.0,11280.0,11280.0,235997.0
2016-12-14 00:00:00+09:00,11279.0,11552.0,11143.0,11189.0,216457.0
2016-12-15 00:00:00+09:00,11189.0,11461.0,11098.0,11326.0,152146.0
2016-12-16 00:00:00+09:00,11326.0,11507.0,11234.0,11326.0,49693.0
2016-12-19 00:00:00+09:00,11370.0,11461.0,11234.0,11280.0,81608.0
2016-12-20 00:00:00+09:00,11370.0,11461.0,11234.0,11280.0,245399.0
2016-12-21 00:00:00+09:00,11235.0,11325.0,11189.0,11235.0,36984.0
2016-12-22 00:00:00+09:00,11280.0,11280.0,11053.0,11099.0,62249.0
2016-12-23 00:00:00+09:00,11189.0,11461.0,11189.0,11326.0,110830.0
2016-12-26 00:00:00+09:00,11234.0,11416.0,11053.0,11099.0,145702.0
2016-12-27 00:00:00+09:00,11143.0,11325.0,11098.0,11235.0,83448.0
2016-12-28 00:00:00+09:00,11099.0,11143.0,10962.0,11099.0,71645.0
2016-12-29 00:00:00+09:00,11007.0,11098.0,10917.0,10917.0,58588.0
2017-01-02 00:00:00+09:00,10961.0,10961.0,10643.0,10917.0,59062.0
2017-01-03 00:00:00+09:00,10870.0,10870.0,10597.0,10689.0,108181.0
2017-01-04 00:00:00+09:00,11008.0,11189.0,10916.0,11008.0,148546.0
2017-01-05 00:00:00+09:00,11008.0,11052.0,10871.0,11008.0,97118.0
2017-01-06 00:00:00+09:00,11006.0,11189.0,10870.0,11189.0,106150.0
2017-01-09 00:00:00+09:00,11234.0,11234.0,10780.0,10917.0,168247.0
2017-01-10 00:00:00+09:00,10870.0,10916.0,10689.0,10735.0,123729.0
2017-01-11 00:00:00+09:00,10734.0,11007.0,10689.0,10917.0,100203.0
2017-01-12 00:00:00+09:00,10916.0,11052.0,10916.0,11008.0,60678.0
2017-01-13 00:00:00+09:00,11097.0,11097.0,10779.0,10962.0,77075.0
2017-01-16 00:00:00+09:00,10962.0,11097.0,10870.0,10962.0,87399.0
2017-01-17 00:00:00+09:00,10962.0,11143.0,10825.0,10962.0,177510.0
2017-01-18 00:00:00+09:00,11008.0,11008.0,10825.0,11008.0,102358.0
2017-01-19 00:00:00+09:00,11008.0,11098.0,10871.0,11008.0,163102.0
2017-01-20 00:00:00+09:00,11006.0,11462.0,10916.0,10962.0,310639.0
2017-01-23 00:00:00+09:00,10962.0,11097.0,10870.0,10962.0,129099.0
2017-01-24 00:00:00+09:00,10916.0,11052.0,10779.0,10962.0,112255.0
2017-01-25 00:00:00+09:00,11052.0,11098.0,10825.0,11008.0,235149.0
2017-01-26 00:00:00+09:00,11097.0,11143.0,10870.0,10962.0,146310.0
2017-01-31 00:00:00+09:00,11098.0,11098.0,10825.0,11008.0,105249.0
2017-02-01 00:00:00+09:00,11007.0,11052.0,10825.0,10917.0,195529.0
2017-02-02 00:00:00+09:00,10915.0,11325.0,10825.0,10871.0,579088.0
2017-02-03 00:00:00+09:00,10825.0,10917.0,10825.0,10917.0,152638.0
2017-02-06 00:00:00+09:00,10916.0,10962.0,10688.0,10962.0,169984.0
2017-02-07 00:00:00+09:00,11053.0,11144.0,10871.0,11054.0,213576.0
2017-02-08 00:00:00+09:00,11097.0,11097.0,10825.0,10871.0,133873.0
2017-02-09 00:00:00+09:00,10871.0,11054.0,10871.0,11054.0,128493.0
2017-02-10 00:00:00+09:00,11052.0,11235.0,11052.0,11235.0,107804.0
2017-02-13 00:00:00+09:00,11234.0,11780.0,11143.0,11645.0,495796.0
2017-02-14 00:00:00+09:00,11598.0,11870.0,11552.0,11826.0,322359.0
2017-02-15 00:00:00+09:00,11870.0,11961.0,11689.0,11826.0,261815.0
2017-02-16 00:00:00+09:00,11826.0,11917.0,11644.0,11736.0,96862.0
2017-02-17 00:00:00+09:00,11735.0,12144.0,11644.0,11963.0,190558.0
2017-02-20 00:00:00+09:00,12007.0,12007.0,11780.0,11872.0,146176.0
2017-02-21 00:00:00+09:00,11871.0,12144.0,11780.0,12054.0,207662.0
2017-02-22 00:00:00+09:00,11961.0,12007.0,11871.0,11917.0,82394.0
2017-02-23 00:00:00+09:00,11917.0,12189.0,11871.0,12054.0,154145.0
2017-02-24 00:00:00+09:00,12053.0,12280.0,11871.0,11963.0,183484.0
2017-02-27 00:00:00+09:00,12053.0,12508.0,11962.0,12054.0,463331.0
2017-02-28 00:00:00+09:00,12007.0,12052.0,11689.0,11917.0,134150.0
2017-03-02 00:00:00+09:00,12053.0,12054.0,12053.0,12054.0,102013.0
2017-03-03 00:00:00+09:00,12007.0,12280.0,11916.0,12099.0,252149.0
2017-03-06 00:00:00+09:00,12053.0,12236.0,12008.0,12236.0,137592.0
2017-03-07 00:00:00+09:00,12280.0,12508.0,12144.0,12236.0,213751.0
2017-03-08 00:00:00+09:00,12189.0,12280.0,11962.0,12145.0,145717.0
2017-03-09 00:00:00+09:00,12236.0,12236.0,12008.0,12236.0,112667.0
2017-03-10 00:00:00+09:00,12236.0,12326.0,12008.0,12282.0,107069.0
2017-03-13 00:00:00+09:00,12281.0,12418.0,12190.0,12418.0,185988.0
2017-03-14 00:00:00+09:00,12464.0,12508.0,12327.0,12464.0,190084.0
2017-03-15 00:00:00+09:00,12462.0,12462.0,12145.0,12145.0,254684.0
2017-03-16 00:00:00+09:00,12189.0,12600.0,12189.0,12600.0,288044.0
2017-03-17 00:00:00+09:00,12690.0,12782.0,12554.0,12782.0,173321.0
2017-03-20 00:00:00+09:00,12872.0,13463.0,12872.0,13328.0,641856.0
2017-03-21 00:00:00+09:00,13463.0,13509.0,13100.0,13328.0,203427.0
2017-03-22 00:00:00+09:00,13145.0,13554.0,13099.0,13464.0,327621.0
2017-03-23 00:00:00+09:00,13418.0,13464.0,13418.0,13464.0,187435.0
2017-03-24 00:00:00+09:00,13372.0,13508.0,13281.0,13464.0,100538.0
2017-03-27 00:00:00+09:00,13508.0,13645.0,13236.0,13464.0,160692.0
2017-03-28 00:00:00+09:00,13373.0,13645.0,13373.0,13601.0,225343.0
2017-03-29 00:00:00+09:00,13599.0,13963.0,13554.0,13873.0,421250.0
2017-03-30 00:00:00+09:00,13781.0,13872.0,13555.0,13555.0,238526.0
2017-03-31 00:00:00+09:00,13599.0,13964.0,13554.0,13964.0,312455.0
2017-04-03 00:00:00+09:00,13964.0,14237.0,13919.0,14147.0,333293.0
2017-04-04 00:00:00+09:00,14145.0,14191.0,13964.0,14101.0,130133.0
2017-04-05 00:00:00+09:00,14055.0,14146.0,13555.0,13601.0,290125.0
2017-04-06 00:00:00+09:00,13554.0,13690.0,13418.0,13646.0,248833.0
2017-04-07 00:00:00+09:00,13600.0,13645.0,13418.0,13510.0,164841.0
2017-04-10 00:00:00+09:00,13464.0,13464.0,12964.0,13010.0,380133.0
2017-04-11 00:00:00+09:00,13145.0,13645.0,13054.0,13601.0,313288.0
2017-04-12 00:00:00+09:00,13600.0,13827.0,13464.0,13783.0,220574.0
2017-04-13 00:00:00+09:00,13782.0,13828.0,13510.0,13738.0,146566.0
2017-04-14 00:00:00+09:00,13736.0,13736.0,13373.0,13510.0,118097.0
2017-04-17 00:00:00+09:00,13554.0,13873.0,13418.0,13510.0,185508.0
2017-04-18 00:00:00+09:00,13509.0,13918.0,13372.0,13783.0,301272.0
2017-04-19 00:00:00+09:00,13873.0,13919.0,13373.0,13419.0,158001.0
2017-04-20 00:00:00+09:00,13372.0,13463.0,13191.0,13328.0,169299.0
2017-04-21 00:00:00+09:00,13282.0,13509.0,13282.0,13328.0,128889.0
2017-04-24 00:00:00+09:00,13280.0,13508.0,13190.0,13236.0,214633.0
2017-04-25 00:00:00+09:00,13281.0,13464.0,13281.0,13464.0,228316.0
2017-04-26 00:00:00+09:00,13554.0,13554.0,13236.0,13373.0,180218.0
2017-04-27 00:00:00+09:00,13236.0,13463.0,13054.0,13373.0,144355.0
2017-04-28 00:00:00+09:00,13464.0,13510.0,13055.0,13101.0,144750.0
2017-05-02 00:00:00+09:00,13055.0,13145.0,12873.0,13101.0,246612.0
2017-05-04 00:00:00+09:00,13008.0,13555.0,13008.0,13555.0,221282.0
2017-05-08 00:00:00+09:00,13599.0,13599.0,13281.0,13373.0,163256.0
2017-05-10 00:00:00+09:00,13417.0,13599.0,13190.0,13236.0,163976.0
2017-05-11 00:00:00+09:00,13190.0,13280.0,12917.0,13236.0,363942.0
2017-05-12 00:00:00+09:00,13236.0,13236.0,12781.0,12873.0,324066.0
2017-05-15 00:00:00+09:00,12826.0,12962.0,12644.0,12827.0,176772.0
2017-05-16 00:00:00+09:00,12872.0,12963.0,12645.0,12782.0,189591.0
2017-05-17 00:00:00+09:00,12780.0,12826.0,12371.0,12554.0,336643.0
2017-05-18 00:00:00+09:00,12281.0,12599.0,12236.0,12464.0,400762.0
2017-05-19 00:00:00+09:00,12462.0,12917.0,12462.0,12645.0,272731.0
2017-05-22 00:00:00+09:00,12782.0,13145.0,12600.0,12919.0,319037.0
2017-05-23 00:00:00+09:00,12918.0,13145.0,12781.0,12964.0,190856.0
2017-05-24 00:00:00+09:00,13145.0,13190.0,12599.0,13055.0,207445.0
2017-05-25 00:00:00+09:00,12827.0,13645.0,12827.0,13601.0,414424.0
2017-05-26 00:00:00+09:00,13691.0,13691.0,13282.0,13510.0,207752.0
2017-05-29 00:00:00+09:00,13373.0,13508.0,13190.0,13373.0,187451.0
2017-05-30 00:00:00+09:00,13554.0,13600.0,13282.0,13419.0,188926.0
2017-05-31 00:00:00+09:00,13509.0,13554.0,13328.0,13328.0,158976.0
2017-06-01 00:00:00+09:00,13373.0,13510.0,13282.0,13510.0,89946.0
2017-06-02 00:00:00+09:00,13418.0,13509.0,13100.0,13328.0,203400.0
2017-06-05 00:00:00+09:00,13280.0,13326.0,12917.0,13145.0,121413.0
2017-06-07 00:00:00+09:00,13145.0,13145.0,12873.0,13101.0,119265.0
2017-06-08 00:00:00+09:00,13099.0,13555.0,13008.0,13555.0,270187.0
2017-06-09 00:00:00+09:00,13919.0,14373.0,13828.0,14147.0,541914.0
2017-06-12 00:00:00+09:00,14238.0,14464.0,13964.0,14238.0,324396.0
2017-06-13 00:00:00+09:00,14237.0,14328.0,13782.0,13828.0,265926.0
2017-06-14 00:00:00+09:00,14009.0,14373.0,13873.0,13919.0,196889.0
2017-06-15 00:00:00+09:00,13919.0,14191.0,13736.0,14147.0,187865.0
2017-06-16 00:00:00+09:00,14191.0,14691.0,14146.0,14465.0,380677.0
2017-06-19 00:00:00+09:00,14464.0,14555.0,14101.0,14101.0,220298.0
2017-06-20 00:00:00+09:00,14191.0,14191.0,13827.0,13828.0,163877.0
2017-06-21 00:00:00+09:00,13781.0,14008.0,13554.0,13873.0,206760.0
2017-06-22 00:00:00+09:00,13918.0,13918.0,13554.0,13646.0,165928.0
2017-06-23 00:00:00+09:00,13646.0,13828.0,13601.0,13738.0,74241.0
2017-06-26 00:00:00+09:00,13782.0,14191.0,13645.0,14010.0,208963.0
2017-06-27 00:00:00+09:00,14373.0,14419.0,14101.0,14329.0,211683.0
2017-06-28 00:00:00+09:00,14101.0,14464.0,14055.0,14147.0,195813.0
2017-06-29 00:00:00+09:00,14191.0,14418.0,14146.0,14283.0,179032.0
2017-06-30 00:00:00+09:00,14236.0,14236.0,13599.0,13964.0,454522.0
2017-07-03 00:00:00+09:00,13964.0,14146.0,13691.0,13692.0,242985.0
2017-07-04 00:00:00+09:00,13601.0,13737.0,13101.0,13101.0,406542.0
2017-07-05 00:00:00+09:00,13145.0,13600.0,13145.0,13510.0,130054.0
2017-07-06 00:00:00+09:00,13555.0,13782.0,13327.0,13601.0,160282.0
2017-07-07 00:00:00+09:00,13554.0,13919.0,13554.0,13919.0,244579.0
2017-07-10 00:00:00+09:00,13964.0,14418.0,13736.0,14283.0,379272.0
2017-07-11 00:00:00+09:00,14646.0,15328.0,14237.0,14556.0,1360932.0
2017-07-12 00:00:00+09:00,14964.0,16010.0,14873.0,15966.0,2112384.0
2017-07-13 00:00:00+09:00,15966.0,16694.0,15602.0,16285.0,1401395.0
2017-07-14 00:00:00+09:00,16238.0,16238.0,15555.0,15829.0,778244.0
2017-07-17 00:00:00+09:00,15783.0,16829.0,15737.0,16557.0,1210594.0
2017-07-18 00:00:00+09:00,16511.0,16738.0,15874.0,16057.0,804746.0
2017-07-19 00:00:00+09:00,15921.0,16147.0,15328.0,15921.0,754072.0
2017-07-20 00:00:00+09:00,15965.0,17149.0,15693.0,17149.0,1263278.0
2017-07-21 00:00:00+09:00,17376.0,17831.0,16876.0,17650.0,1350135.0
2017-07-24 00:00:00+09:00,17876.0,18831.0,17785.0,18059.0,1460486.0
2017-07-25 00:00:00+09:00,18558.0,20014.0,18331.0,19105.0,1878056.0
2017-07-26 00:00:00+09:00,18786.0,19969.0,18013.0,19560.0,1792434.0
2017-07-27 00:00:00+09:00,20059.0,20287.0,18968.0,19833.0,1224958.0
2017-07-28 00:00:00+09:00,19650.0,19786.0,18649.0,19105.0,1212141.0
2017-07-31 00:00:00+09:00,18557.0,19240.0,17875.0,19059.0,1113279.0
2017-08-01 00:00:00+09:00,19013.0,21333.0,18967.0,20697.0,1848129.0
2017-08-02 00:00:00+09:00,21106.0,21879.0,20151.0,20288.0,1734568.0
2017-08-03 00:00:00+09:00,20741.0,21196.0,20150.0,20515.0,1045632.0
2017-08-04 00:00:00+09:00,20833.0,21470.0,20469.0,21380.0,1002522.0
2017-08-07 00:00:00+09:00,21197.0,21425.0,20197.0,20197.0,944940.0
2017-08-08 00:00:00+09:00,20196.0,21196.0,20150.0,21061.0,870783.0
2017-08-09 00:00:00+09:00,20741.0,21105.0,19787.0,19787.0,1040929.0
2017-08-10 00:00:00+09:00,19786.0,20605.0,19149.0,20424.0,1162999.0
2017-08-11 00:00:00+09:00,19741.0,20424.0,19605.0,19833.0,577748.0
2017-08-14 00:00:00+09:00,20196.0,20333.0,19468.0,19833.0,537843.0
2017-08-16 00:00:00+09:00,20104.0,21015.0,20013.0,20606.0,1075418.0
2017-08-17 00:00:00+09:00,20696.0,20969.0,20378.0,20652.0,741459.0
2017-08-18 00:00:00+09:00,20288.0,23062.0,20288.0,22972.0,2356648.0
2017-08-21 00:00:00+09:00,22971.0,24381.0,22425.0,22608.0,2349692.0
2017-08-22 00:00:00+09:00,22652.0,23790.0,22198.0,23245.0,1358075.0
2017-08-23 00:00:00+09:00,23381.0,24381.0,23107.0,23609.0,1514593.0
2017-08-24 00:00:00+09:00,23608.0,24745.0,23562.0,24655.0,1393197.0
2017-08-25 00:00:00+09:00,24608.0,24699.0,23608.0,23927.0,1300064.0
2017-08-28 00:00:00+09:00,23926.0,24517.0,23380.0,24291.0,1046563.0
2017-08-29 00:00:00+09:00,23789.0,26928.0,23744.0,26156.0,2032710.0
2017-08-30 00:00:00+09:00,26155.0,28020.0,26019.0,27703.0,2264291.0
2017-08-31 00:00:00+09:00,27930.0,30704.0,27839.0,30023.0,3865875.0
2017-09-01 00:00:00+09:00,30932.0,31614.0,29522.0,30160.0,2457264.0
2017-09-04 00:00:00+09:00,28885.0,31159.0,28839.0,30023.0,1787501.0
2017-09-05 00:00:00+09:00,30750.0,30796.0,26701.0,26884.0,4667217.0
2017-09-06 00:00:00+09:00,26928.0,27656.0,25700.0,26793.0,3006759.0
2017-09-07 00:00:00+09:00,27019.0,27155.0,26155.0,26929.0,1708787.0
2017-09-08 00:00:00+09:00,27383.0,28111.0,26428.0,26702.0,2272322.0
2017-09-11 00:00:00+09:00,27429.0,29568.0,27429.0,29568.0,3021092.0
2017-09-12 00:00:00+09:00,30023.0,30068.0,28658.0,28795.0,2153849.0
2017-09-13 00:00:00+09:00,28839.0,30158.0,28065.0,28885.0,2294879.0
2017-09-14 00:00:00+09:00,29112.0,29384.0,27611.0,27930.0,1318480.0
2017-09-15 00:00:00+09:00,27930.0,29430.0,27930.0,28704.0,1868537.0
2017-09-18 00:00:00+09:00,28976.0,29250.0,28113.0,28841.0,951815.0
2017-09-19 00:00:00+09:00,29248.0,30521.0,28839.0,30204.0,1859382.0
2017-09-20 00:00:00+09:00,30613.0,31341.0,28293.0,28385.0,2231250.0
2017-09-21 00:00:00+09:00,28657.0,28975.0,26929.0,26929.0,1935919.0
2017-09-22 00:00:00+09:00,26383.0,26928.0,25109.0,25155.0,2202423.0
2017-09-25 00:00:00+09:00,24836.0,26337.0,24700.0,26156.0,1643295.0
2017-09-26 00:00:00+09:00,26155.0,26429.0,25291.0,26429.0,992083.0
2017-09-27 00:00:00+09:00,26655.0,27656.0,26155.0,27293.0,1106791.0
2017-09-28 00:00:00+09:00,27292.0,27428.0,26292.0,26292.0,724989.0
2017-09-29 00:00:00+09:00,26292.0,27201.0,25837.0,26975.0,1015032.0
2017-10-10 00:00:00+09:00,27656.0,29339.0,27338.0,29295.0,1620659.0
2017-10-11 00:00:00+09:00,29294.0,29612.0,28338.0,28931.0,1028957.0
2017-10-12 00:00:00+09:00,29158.0,29658.0,28567.0,29432.0,1193339.0
2017-10-13 00:00:00+09:00,29431.0,29840.0,27975.0,28795.0,1326046.0
2017-10-16 00:00:00+09:00,28111.0,28111.0,25518.0,26793.0,2772374.0
2017-10-17 00:00:00+09:00,26928.0,27474.0,26155.0,26292.0,1371175.0
2017-10-18 00:00:00+09:00,26292.0,26837.0,25018.0,25383.0,1548186.0
2017-10-19 00:00:00+09:00,25609.0,26518.0,24972.0,25746.0,1168196.0
2017-10-20 00:00:00+09:00,25836.0,26019.0,25017.0,25610.0,685424.0
2017-10-23 00:00:00+09:00,26109.0,26973.0,25609.0,26929.0,825113.0
2017-10-24 00:00:00+09:00,27246.0,27337.0,26155.0,26292.0,879675.0
2017-10-25 00:00:00+09:00,26292.0,27020.0,26155.0,26748.0,695855.0
2017-10-26 00:00:00+09:00,26747.0,28066.0,25701.0,25929.0,1901949.0
2017-10-27 00:00:00+09:00,26155.0,27474.0,26018.0,26429.0,1027210.0
2017-10-30 00:00:00+09:00,26701.0,27019.0,26110.0,26156.0,645487.0
2017-10-31 00:00:00+09:00,26110.0,26156.0,25109.0,25565.0,967856.0
2017-11-01 00:00:00+09:00,26064.0,26746.0,25746.0,26611.0,755949.0
2017-11-02 00:00:00+09:00,26839.0,29523.0,26839.0,29523.0,4399043.0
2017-11-03 00:00:00+09:00,28885.0,29385.0,27156.0,27703.0,2786085.0
2017-11-06 00:00:00+09:00,27565.0,27565.0,26383.0,26429.0,1410022.0
2017-11-07 00:00:00+09:00,26655.0,27338.0,26246.0,26429.0,1263212.0
2017-11-08 00:00:00+09:00,26656.0,27565.0,26292.0,27339.0,1241591.0
2017-11-09 00:00:00+09:00,27793.0,28885.0,27748.0,28476.0,1905629.0
2017-11-10 00:00:00+09:00,28429.0,28930.0,28066.0,28385.0,1282205.0
2017-11-13 00:00:00+09:00,29112.0,29567.0,28384.0,28476.0,1444836.0
2017-11-14 00:00:00+09:00,29111.0,30385.0,28702.0,30341.0,2445219.0
2017-11-15 00:00:00+09:00,30568.0,31660.0,29704.0,30842.0,3444427.0
2017-11-16 00:00:00+09:00,31295.0,34344.0,30749.0,34344.0,3456438.0
2017-11-17 00:00:00+09:00,34571.0,37482.0,33479.0,34481.0,4416011.0
2017-11-20 00:00:00+09:00,34709.0,35618.0,33844.0,34709.0,1466039.0
2017-11-21 00:00:00+09:00,34480.0,34799.0,32069.0,32434.0,3004164.0
2017-11-22 00:00:00+09:00,32979.0,34525.0,32387.0,33707.0,2171351.0
2017-11-23 00:00:00+09:00,34116.0,34161.0,32569.0,33116.0,1223459.0
2017-11-24 00:00:00+09:00,33024.0,33979.0,32842.0,33662.0,1001177.0
2017-11-27 00:00:00+09:00,34207.0,34525.0,32432.0,32934.0,1059912.0
2017-11-28 00:00:00+09:00,32888.0,32888.0,30978.0,31206.0,1438011.0
2017-11-29 00:00:00+09:00,31205.0,32297.0,31160.0,32116.0,804125.0
2017-11-30 00:00:00+09:00,31479.0,32070.0,30614.0,31479.0,696280.0
2017-12-01 00:00:00+09:00,31478.0,32160.0,30750.0,31615.0,710144.0
2017-12-04 00:00:00+09:00,32024.0,32024.0,30659.0,30751.0,557489.0
2017-12-05 00:00:00+09:00,30749.0,31022.0,30112.0,30204.0,512397.0
2017-12-06 00:00:00+09:00,30204.0,31250.0,29204.0,29204.0,767259.0
2017-12-07 00:00:00+09:00,29385.0,30204.0,28476.0,30023.0,837007.0
2017-12-08 00:00:00+09:00,29976.0,30658.0,29657.0,30204.0,465092.0
2017-12-11 00:00:00+09:00,30204.0,31387.0,29294.0,31206.0,717865.0
2017-12-12 00:00:00+09:00,31387.0,31887.0,30795.0,30887.0,600318.0
2017-12-13 00:00:00+09:00,31386.0,31841.0,30795.0,31660.0,609577.0
2017-12-14 00:00:00+09:00,32114.0,32205.0,31477.0,31569.0,692975.0
2017-12-15 00:00:00+09:00,31750.0,33024.0,31478.0,32252.0,1078275.0
2017-12-18 00:00:00+09:00,32797.0,33661.0,32751.0,33025.0,986777.0
2017-12-19 00:00:00+09:00,33206.0,33297.0,31933.0,32161.0,582022.0
2017-12-20 00:00:00+09:00,32160.0,32525.0,31114.0,31297.0,706329.0
2017-12-21 00:00:00+09:00,31068.0,32024.0,30387.0,30387.0,551884.0
2017-12-22 00:00:00+09:00,30386.0,33344.0,30250.0,32753.0,1065949.0
2017-12-26 00:00:00+09:00,32933.0,34571.0,32661.0,34117.0,1228526.0
2017-12-27 00:00:00+09:00,34480.0,35345.0,34116.0,34754.0,733065.0
2017-12-28 00:00:00+09:00,34979.0,36935.0,34616.0,36209.0,1431650.0
2018-01-02 00:00:00+09:00,36754.0,37209.0,35662.0,36846.0,803514.0
2018-01-03 00:00:00+09:00,37073.0,37119.0,35117.0,35891.0,859184.0
2018-01-04 00:00:00+09:00,35572.0,35935.0,34481.0,34481.0,816315.0
2018-01-05 00:00:00+09:00,34570.0,37391.0,34570.0,37119.0,1380188.0
2018-01-08 00:00:00+09:00,37937.0,38119.0,35572.0,36346.0,905434.0
2018-01-09 00:00:00+09:00,36619.0,37664.0,36072.0,36619.0,796194.0
2018-01-10 00:00:00+09:00,36481.0,36936.0,35572.0,36300.0,484149.0
2018-01-11 00:00:00+09:00,36573.0,39347.0,35936.0,39303.0,1541173.0
2018-01-12 00:00:00+09:00,39574.0,42714.0,38665.0,42714.0,2227614.0
2018-01-15 00:00:00+09:00,43214.0,44579.0,41441.0,42488.0,1479135.0
2018-01-16 00:00:00+09:00,42395.0,45033.0,41940.0,43351.0,1510749.0
2018-01-17 00:00:00+09:00,43396.0,45442.0,42714.0,44716.0,1058265.0
2018-01-18 00:00:00+09:00,45489.0,47308.0,44215.0,44261.0,1334931.0
2018-01-19 00:00:00+09:00,44716.0,45853.0,43716.0,44444.0,797179.0
2018-01-22 00:00:00+09:00,43760.0,44534.0,43169.0,44125.0,607217.0
2018-01-23 00:00:00+09:00,44670.0,45489.0,43942.0,44216.0,548661.0
2018-01-24 00:00:00+09:00,44216.0,47126.0,43670.0,46400.0,1119098.0
2018-01-25 00:00:00+09:00,45489.0,46854.0,44944.0,45172.0,947702.0
2018-01-26 00:00:00+09:00,45261.0,45670.0,44761.0,44944.0,471725.0
2018-01-29 00:00:00+09:00,45261.0,46671.0,44942.0,46035.0,643739.0
2018-01-30 00:00:00+09:00,45762.0,47491.0,45671.0,46582.0,846585.0
2018-01-31 00:00:00+09:00,45944.0,46490.0,44397.0,44944.0,924092.0
2018-02-01 00:00:00+09:00,44806.0,45943.0,44806.0,45489.0,378723.0
2018-02-02 00:00:00+09:00,45943.0,46034.0,44851.0,45489.0,410070.0
2018-02-05 00:00:00+09:00,43305.0,44488.0,39621.0,39667.0,1484133.0
2018-02-06 00:00:00+09:00,37119.0,42032.0,36437.0,41123.0,2113262.0
2018-02-07 00:00:00+09:00,42851.0,43123.0,39667.0,39667.0,992554.0
2018-02-08 00:00:00+09:00,40393.0,43077.0,40030.0,42123.0,955448.0
2018-02-09 00:00:00+09:00,40485.0,42122.0,40348.0,41441.0,558775.0
2018-02-12 00:00:00+09:00,41940.0,42259.0,40121.0,40440.0,479724.0
2018-02-13 00:00:00+09:00,41076.0,41668.0,39166.0,39303.0,467477.0
2018-02-14 00:00:00+09:00,39438.0,41259.0,39120.0,41259.0,417969.0
2018-02-19 00:00:00+09:00,41804.0,43351.0,41395.0,42988.0,563864.0
2018-02-20 00:00:00+09:00,43397.0,43397.0,41850.0,42169.0,382915.0
2018-02-21 00:00:00+09:00,42123.0,43168.0,41531.0,42851.0,313020.0
2018-02-22 00:00:00+09:00,42531.0,43396.0,42213.0,43033.0,256721.0
2018-02-23 00:00:00+09:00,43579.0,44398.0,43260.0,43807.0,490169.0
2018-02-26 00:00:00+09:00,44125.0,44351.0,42714.0,42988.0,392531.0
2018-02-27 00:00:00+09:00,43396.0,43805.0,42759.0,42942.0,280306.0
2018-02-28 00:00:00+09:00,42487.0,42577.0,40531.0,40531.0,658885.0
2018-03-02 00:00:00+09:00,39712.0,41394.0,39666.0,41259.0,358547.0
2018-03-05 00:00:00+09:00,41713.0,42213.0,40713.0,40713.0,369889.0
2018-03-06 00:00:00+09:00,41668.0,43851.0,41577.0,43761.0,800735.0
2018-03-07 00:00:00+09:00,43896.0,45943.0,43077.0,44170.0,1052008.0
2018-03-08 00:00:00+09:00,44988.0,45216.0,43669.0,44216.0,505681.0
2018-03-09 00:00:00+09:00,44442.0,45170.0,41031.0,43124.0,896097.0
2018-03-12 00:00:00+09:00,43761.0,44807.0,43442.0,44535.0,486332.0
2018-03-13 00:00:00+09:00,44488.0,44715.0,43532.0,44034.0,294395.0
2018-03-14 00:00:00+09:00,43759.0,45852.0,43532.0,45398.0,796007.0
2018-03-15 00:00:00+09:00,45671.0,46217.0,44716.0,45581.0,469785.0
2018-03-16 00:00:00+09:00,45671.0,45671.0,44215.0,44489.0,405338.0
2018-03-19 00:00:00+09:00,44170.0,44715.0,43215.0,43261.0,403343.0
2018-03-20 00:00:00+09:00,43760.0,44488.0,43259.0,43670.0,457164.0
2018-03-21 00:00:00+09:00,44124.0,44124.0,43396.0,43670.0,392753.0
2018-03-22 00:00:00+09:00,43760.0,45307.0,43760.0,44898.0,641480.0
2018-03-23 00:00:00+09:00,43579.0,44535.0,42579.0,42579.0,600241.0
2018-03-26 00:00:00+09:00,43168.0,45080.0,43168.0,45080.0,508885.0
2018-03-27 00:00:00+09:00,45852.0,45852.0,44214.0,44716.0,415610.0
2018-03-28 00:00:00+09:00,43532.0,44352.0,43396.0,43943.0,393357.0
2018-03-29 00:00:00+09:00,43669.0,43669.0,42032.0,42988.0,700600.0
2018-03-30 00:00:00+09:00,43305.0,44124.0,43033.0,43170.0,293853.0
2018-04-02 00:00:00+09:00,43851.0,44306.0,42850.0,43215.0,339737.0
2018-04-03 00:00:00+09:00,42578.0,42896.0,41623.0,41942.0,556999.0
2018-04-04 00:00:00+09:00,41986.0,42168.0,37710.0,37756.0,2213017.0
2018-04-05 00:00:00+09:00,38437.0,39528.0,37482.0,38165.0,1298928.0
2018-04-06 00:00:00+09:00,38301.0,39075.0,37756.0,38484.0,730299.0
2018-04-09 00:00:00+09:00,38164.0,38300.0,36935.0,37528.0,764437.0
2018-04-10 00:00:00+09:00,37210.0,38529.0,37210.0,37256.0,741480.0
2018-04-11 00:00:00+09:00,37937.0,38573.0,37391.0,38256.0,552980.0
2018-04-12 00:00:00+09:00,38392.0,38893.0,37710.0,38484.0,651797.0
2018-04-13 00:00:00+09:00,39165.0,39347.0,38073.0,38484.0,525210.0
2018-04-16 00:00:00+09:00,38437.0,38619.0,37891.0,38074.0,310688.0
2018-04-17 00:00:00+09:00,38119.0,39574.0,37982.0,38893.0,544606.0
2018-04-18 00:00:00+09:00,36800.0,37302.0,34618.0,35346.0,2575624.0
2018-04-19 00:00:00+09:00,34844.0,35254.0,34207.0,34663.0,781642.0
2018-04-20 00:00:00+09:00,34662.0,34980.0,34071.0,34117.0,555637.0
2018-04-23 00:00:00+09:00,34207.0,35435.0,34207.0,34709.0,486353.0
2018-04-24 00:00:00+09:00,34753.0,35025.0,34116.0,34162.0,339884.0
2018-04-25 00:00:00+09:00,34071.0,34618.0,33298.0,34618.0,427494.0
2018-04-26 00:00:00+09:00,34481.0,34981.0,34435.0,34527.0,238060.0
2018-04-27 00:00:00+09:00,34435.0,34890.0,33707.0,33890.0,365164.0
2018-04-30 00:00:00+09:00,33843.0,34206.0,33297.0,33480.0,334200.0
2018-05-02 00:00:00+09:00,32797.0,33161.0,32206.0,32252.0,645221.0
2018-05-03 00:00:00+09:00,31797.0,33525.0,31797.0,32662.0,561526.0
2018-05-04 00:00:00+09:00,32434.0,33525.0,31934.0,31934.0,368757.0
2018-05-08 00:00:00+09:00,31750.0,33752.0,31750.0,32343.0,755466.0
2018-05-09 00:00:00+09:00,32752.0,36390.0,32752.0,35664.0,1679929.0
2018-05-10 00:00:00+09:00,35390.0,36618.0,35208.0,35664.0,640428.0
2018-05-11 00:00:00+09:00,36162.0,36754.0,34342.0,34844.0,739031.0
2018-05-14 00:00:00+09:00,34981.0,36163.0,34526.0,35209.0,537133.0
2018-05-15 00:00:00+09:00,35163.0,35754.0,33935.0,33935.0,482721.0
2018-05-16 00:00:00+09:00,33297.0,34252.0,33069.0,33480.0,299387.0
2018-05-17 00:00:00+09:00,33616.0,36209.0,33571.0,35755.0,811859.0
2018-05-18 00:00:00+09:00,36209.0,36300.0,35344.0,35709.0,327949.0
2018-05-21 00:00:00+09:00,36028.0,37211.0,35391.0,36074.0,578881.0
2018-05-23 00:00:00+09:00,36982.0,37983.0,36664.0,36892.0,723632.0
2018-05-24 00:00:00+09:00,36664.0,36664.0,35753.0,36255.0,330645.0
2018-05-25 00:00:00+09:00,35936.0,36800.0,35481.0,36619.0,313301.0
2018-05-28 00:00:00+09:00,35936.0,37118.0,35617.0,36801.0,357886.0
2018-05-29 00:00:00+09:00,36937.0,41031.0,36209.0,39167.0,1899678.0
2018-05-30 00:00:00+09:00,41395.0,42214.0,40212.0,41214.0,2036313.0
2018-05-31 00:00:00+09:00,41531.0,41941.0,39894.0,40668.0,812584.0
2018-06-01 00:00:00+09:00,41030.0,41030.0,39074.0,39530.0,724976.0
2018-06-04 00:00:00+09:00,39984.0,41394.0,39847.0,40349.0,741116.0
2018-06-05 00:00:00+09:00,40212.0,40712.0,39211.0,40395.0,424845.0
2018-06-07 00:00:00+09:00,41258.0,42759.0,41167.0,42214.0,1051033.0
2018-06-08 00:00:00+09:00,42031.0,42668.0,41577.0,41896.0,399271.0
2018-06-11 00:00:00+09:00,42213.0,42623.0,41395.0,42123.0,346557.0
2018-06-12 00:00:00+09:00,42259.0,42713.0,40666.0,41259.0,474536.0
2018-06-14 00:00:00+09:00,40666.0,42077.0,40029.0,40531.0,574241.0
2018-06-15 00:00:00+09:00,40894.0,40985.0,39484.0,39849.0,424482.0
2018-06-18 00:00:00+09:00,39393.0,39620.0,37209.0,37665.0,534904.0
2018-06-19 00:00:00+09:00,37391.0,38347.0,36665.0,36665.0,412743.0
2018-06-20 00:00:00+09:00,36937.0,39256.0,36754.0,39212.0,453193.0
2018-06-21 00:00:00+09:00,39211.0,39438.0,38028.0,38575.0,317267.0
2018-06-22 00:00:00+09:00,37984.0,39029.0,37619.0,38712.0,211523.0
2018-06-25 00:00:00+09:00,39575.0,41394.0,39393.0,39940.0,789266.0
2018-06-26 00:00:00+09:00,39212.0,40167.0,38302.0,39895.0,424396.0
2018-06-27 00:00:00+09:00,39984.0,40666.0,39347.0,39940.0,367656.0
2018-06-28 00:00:00+09:00,39802.0,40530.0,38711.0,38848.0,265042.0
2018-06-29 00:00:00+09:00,39574.0,40485.0,38665.0,40076.0,459605.0
2018-07-02 00:00:00+09:00,40348.0,41258.0,39802.0,40076.0,600178.0
2018-07-03 00:00:00+09:00,40940.0,42305.0,40530.0,42305.0,1032192.0
2018-07-04 00:00:00+09:00,42214.0,42395.0,41304.0,42260.0,514202.0
2018-07-05 00:00:00+09:00,42304.0,42486.0,40712.0,42214.0,625623.0
2018-07-06 00:00:00+09:00,42532.0,43988.0,41940.0,43488.0,937119.0
2018-07-09 00:00:00+09:00,43123.0,44852.0,43123.0,44307.0,691643.0
2018-07-10 00:00:00+09:00,44761.0,45033.0,42850.0,42942.0,572437.0
2018-07-11 00:00:00+09:00,42123.0,43488.0,42123.0,42897.0,380545.0
2018-07-12 00:00:00+09:00,43169.0,44351.0,42941.0,44034.0,491637.0
2018-07-13 00:00:00+09:00,44442.0,44670.0,42304.0,42760.0,739511.0
2018-07-16 00:00:00+09:00,42577.0,43396.0,41486.0,41623.0,603662.0
2018-07-17 00:00:00+09:00,41760.0,42396.0,41395.0,41760.0,256958.0
2018-07-18 00:00:00+09:00,42349.0,42713.0,41485.0,41668.0,308604.0
2018-07-19 00:00:00+09:00,41895.0,43806.0,40985.0,43397.0,804701.0
2018-07-20 00:00:00+09:00,43669.0,43851.0,41667.0,42260.0,486864.0
2018-07-23 00:00:00+09:00,42395.0,42395.0,40304.0,40304.0,371222.0
2018-07-24 00:00:00+09:00,39119.0,40119.0,37026.0,39393.0,1102390.0
2018-07-25 00:00:00+09:00,39665.0,41895.0,39665.0,41395.0,677816.0
2018-07-26 00:00:00+09:00,41486.0,42214.0,40349.0,41942.0,376033.0
2018-07-27 00:00:00+09:00,41941.0,44988.0,41758.0,44944.0,1172027.0
2018-07-30 00:00:00+09:00,45080.0,47126.0,45035.0,46400.0,1376487.0
2018-07-31 00:00:00+09:00,46034.0,46762.0,44487.0,44898.0,693240.0
2018-08-01 00:00:00+09:00,45262.0,46672.0,44807.0,46582.0,552796.0
2018-08-02 00:00:00+09:00,46944.0,48400.0,46216.0,46854.0,1115647.0
2018-08-03 00:00:00+09:00,47582.0,47764.0,46491.0,47219.0,330532.0
2018-08-06 00:00:00+09:00,47217.0,47217.0,45217.0,45217.0,591147.0
2018-08-07 00:00:00+09:00,45170.0,45944.0,44761.0,45444.0,472424.0
2018-08-08 00:00:00+09:00,45761.0,46216.0,44852.0,44898.0,235840.0
2018-08-09 00:00:00+09:00,44897.0,45170.0,43988.0,44216.0,339536.0
2018-08-10 00:00:00+09:00,44214.0,44624.0,42441.0,43488.0,584954.0
2018-08-13 00:00:00+09:00,43488.0,44079.0,42669.0,43307.0,401577.0
2018-08-14 00:00:00+09:00,43577.0,44533.0,43031.0,43533.0,258471.0
2018-08-16 00:00:00+09:00,42668.0,45353.0,42213.0,45353.0,487315.0
2018-08-17 00:00:00+09:00,45489.0,45489.0,44215.0,44216.0,361001.0
2018-08-20 00:00:00+09:00,44033.0,44443.0,43169.0,43215.0,306370.0
2018-08-21 00:00:00+09:00,43533.0,46217.0,43533.0,45945.0,689496.0
2018-08-22 00:00:00+09:00,45854.0,46400.0,45217.0,45263.0,272243.0
2018-08-23 00:00:00+09:00,45580.0,46400.0,45170.0,46400.0,310210.0
2018-08-24 00:00:00+09:00,47037.0,47309.0,45672.0,47037.0,457000.0
2018-08-27 00:00:00+09:00,47036.0,51768.0,46763.0,51768.0,1508446.0
2018-08-28 00:00:00+09:00,52494.0,53040.0,51402.0,52222.0,1019852.0
2018-08-29 00:00:00+09:00,52403.0,53586.0,51584.0,53496.0,561771.0
2018-08-30 00:00:00+09:00,53222.0,54041.0,52221.0,53769.0,552217.0
2018-08-31 00:00:00+09:00,53222.0,55769.0,52859.0,55043.0,789272.0
2018-09-03 00:00:00+09:00,55224.0,55224.0,52858.0,53678.0,599273.0
2018-09-04 00:00:00+09:00,53677.0,57680.0,53313.0,57317.0,969230.0
2018-09-05 00:00:00+09:00,56862.0,57499.0,56043.0,56954.0,464861.0
2018-09-06 00:00:00+09:00,57680.0,57680.0,55952.0,56680.0,421783.0
2018-09-07 00:00:00+09:00,56771.0,60957.0,56134.0,60957.0,1052051.0
2018-09-10 00:00:00+09:00,61047.0,63685.0,59773.0,61775.0,898624.0
2018-09-11 00:00:00+09:00,61411.0,62320.0,59501.0,60957.0,667224.0
2018-09-12 00:00:00+09:00,60773.0,62229.0,58045.0,59410.0,1135336.0
2018-09-13 00:00:00+09:00,59045.0,62684.0,58863.0,61775.0,1147687.0
2018-09-14 00:00:00+09:00,62684.0,62775.0,60410.0,61775.0,537310.0
2018-09-17 00:00:00+09:00,61866.0,62230.0,60501.0,60957.0,398017.0
2018-09-18 00:00:00+09:00,60137.0,64777.0,60137.0,62867.0,897123.0
2018-09-19 00:00:00+09:00,63411.0,64867.0,63048.0,64413.0,543562.0
2018-09-20 00:00:00+09:00,64140.0,65231.0,62138.0,62958.0,666256.0
2018-09-21 00:00:00+09:00,63685.0,65141.0,62046.0,65141.0,501737.0
2018-09-27 00:00:00+09:00,65323.0,69690.0,65141.0,69509.0,771140.0
2018-09-28 00:00:00+09:00,70144.0,73965.0,63866.0,66415.0,1689222.0
2018-10-01 00:00:00+09:00,67142.0,68142.0,64048.0,65869.0,861674.0
2018-10-02 00:00:00+09:00,66597.0,66960.0,61956.0,62776.0,1019818.0
2018-10-04 00:00:00+09:00,62047.0,64958.0,62047.0,63595.0,653486.0
2018-10-05 00:00:00+09:00,63230.0,63867.0,57862.0,58864.0,1209554.0
2018-10-08 00:00:00+09:00,58773.0,62866.0,58317.0,60866.0,811853.0
2018-10-10 00:00:00+09:00,61683.0,62047.0,58954.0,61138.0,636939.0
2018-10-11 00:00:00+09:00,58682.0,59864.0,56317.0,56317.0,980964.0
2018-10-12 00:00:00+09:00,56861.0,61228.0,56861.0,61138.0,918324.0
2018-10-15 00:00:00+09:00,62502.0,64048.0,60500.0,61320.0,931143.0
2018-10-16 00:00:00+09:00,62320.0,64959.0,62138.0,64050.0,865869.0
2018-10-17 00:00:00+09:00,65867.0,66322.0,63047.0,63685.0,685099.0
2018-10-18 00:00:00+09:00,63867.0,64049.0,62139.0,63595.0,420832.0
2018-10-19 00:00:00+09:00,62683.0,65595.0,62411.0,65050.0,614973.0
2018-10-22 00:00:00+09:00,64595.0,67779.0,64321.0,67507.0,698839.0
2018-10-23 00:00:00+09:00,67778.0,67778.0,61047.0,61775.0,1357935.0
2018-10-24 00:00:00+09:00,63322.0,63322.0,58590.0,59501.0,1305725.0
2018-10-25 00:00:00+09:00,57225.0,63412.0,56862.0,62776.0,1413939.0
2018-10-26 00:00:00+09:00,64048.0,64411.0,60136.0,63685.0,1240006.0
2018-10-29 00:00:00+09:00,65050.0,65232.0,58955.0,59683.0,1045808.0
2018-10-30 00:00:00+09:00,58955.0,61138.0,56589.0,60320.0,1170517.0
2018-10-31 00:00:00+09:00,61593.0,61593.0,59228.0,59228.0,516019.0
2018-11-01 00:00:00+09:00,59773.0,62683.0,59590.0,60501.0,806238.0
2018-11-02 00:00:00+09:00,61866.0,64959.0,61138.0,64778.0,773076.0
2018-11-05 00:00:00+09:00,64049.0,64868.0,63049.0,63777.0,500635.0
2018-11-06 00:00:00+09:00,64868.0,66870.0,64322.0,66052.0,950354.0
2018-11-07 00:00:00+09:00,65960.0,66778.0,64776.0,65960.0,603621.0
2018-11-08 00:00:00+09:00,67143.0,71146.0,66597.0,69873.0,1355981.0
2018-11-09 00:00:00+09:00,70509.0,71874.0,69599.0,70783.0,904017.0
2018-11-12 00:00:00+09:00,69780.0,71509.0,68688.0,71055.0,613090.0
2018-11-13 00:00:00+09:00,69599.0,71327.0,66960.0,71055.0,836417.0
2018-11-14 00:00:00+09:00,70418.0,72510.0,67597.0,67962.0,1171877.0
2018-11-15 00:00:00+09:00,67415.0,69964.0,66688.0,69964.0,635775.0
2018-11-16 00:00:00+09:00,69962.0,70781.0,66869.0,67325.0,720174.0
2018-11-19 00:00:00+09:00,67142.0,68870.0,67051.0,67507.0,494485.0
2018-11-20 00:00:00+09:00,66414.0,67778.0,65504.0,65778.0,506102.0
2018-11-21 00:00:00+09:00,64958.0,68234.0,64322.0,68144.0,535346.0
2018-11-22 00:00:00+09:00,67869.0,67869.0,65141.0,66506.0,457762.0
2018-11-23 00:00:00+09:00,66504.0,66959.0,62774.0,63685.0,1030446.0
2018-11-26 00:00:00+09:00,62957.0,66324.0,62684.0,66324.0,547352.0
2018-11-27 00:00:00+09:00,66504.0,67232.0,64413.0,65778.0,573146.0
2018-11-28 00:00:00+09:00,65960.0,66050.0,61865.0,62776.0,1067156.0
2018-11-29 00:00:00+09:00,63685.0,63957.0,60410.0,61866.0,1030798.0
2018-11-30 00:00:00+09:00,62230.0,63776.0,61502.0,61594.0,3246507.0
2018-12-03 00:00:00+09:00,62139.0,62867.0,59227.0,60320.0,1202849.0
2018-12-04 00:00:00+09:00,60865.0,61319.0,59500.0,59956.0,675830.0
2018-12-05 00:00:00+09:00,58681.0,59773.0,57862.0,58955.0,657721.0
2018-12-06 00:00:00+09:00,58499.0,59955.0,57045.0,57045.0,660667.0
2018-12-07 00:00:00+09:00,58135.0,59136.0,57317.0,58682.0,649767.0
2018-12-10 00:00:00+09:00,59591.0,59682.0,55679.0,56226.0,1053027.0
2018-12-11 00:00:00+09:00,56771.0,58954.0,56498.0,56954.0,904901.0
2018-12-12 00:00:00+09:00,57499.0,58500.0,56498.0,57682.0,698310.0
2018-12-13 00:00:00+09:00,58135.0,60045.0,57863.0,58591.0,1041093.0
2018-12-14 00:00:00+09:00,58136.0,58226.0,53222.0,54952.0,1195395.0
2018-12-17 00:00:00+09:00,54768.0,54768.0,51949.0,53405.0,1016762.0
2018-12-18 00:00:00+09:00,52221.0,54041.0,51584.0,52131.0,788880.0
2018-12-19 00:00:00+09:00,53222.0,55133.0,52586.0,54770.0,1089578.0
2018-12-20 00:00:00+09:00,53950.0,56134.0,53313.0,54315.0,658764.0
2018-12-21 00:00:00+09:00,53950.0,59591.0,53950.0,58955.0,1551676.0
2018-12-24 00:00:00+09:00,58954.0,59591.0,57953.0,58591.0,610700.0
2018-12-26 00:00:00+09:00,57317.0,60683.0,57317.0,60229.0,930554.0
2018-12-27 00:00:00+09:00,62048.0,62230.0,59683.0,59683.0,760355.0
2018-12-28 00:00:00+09:00,60410.0,60682.0,56952.0,57954.0,925089.0
2019-01-02 00:00:00+09:00,58681.0,58681.0,54314.0,54679.0,1292428.0
2019-01-03 00:00:00+09:00,55132.0,55769.0,51948.0,52313.0,1176180.0
2019-01-04 00:00:00+09:00,51858.0,53223.0,50494.0,53133.0,974783.0
2019-01-07 00:00:00+09:00,54587.0,56225.0,54133.0,55589.0,828324.0
2019-01-08 00:00:00+09:00,55405.0,55405.0,53131.0,53223.0,663291.0
2019-01-09 00:00:00+09:00,53950.0,54769.0,53222.0,54133.0,510061.0
2019-01-10 00:00:00+09:00,54405.0,56224.0,53677.0,55861.0,669408.0
2019-01-11 00:00:00+09:00,55860.0,56497.0,54769.0,55134.0,453841.0
2019-01-14 00:00:00+09:00,55223.0,55405.0,54040.0,54587.0,310388.0
2019-01-15 00:00:00+09:00,54859.0,55952.0,53859.0,55952.0,420514.0
2019-01-16 00:00:00+09:00,56316.0,57044.0,55588.0,56226.0,346939.0
2019-01-17 00:00:00+09:00,56133.0,56224.0,53405.0,53405.0,669488.0
2019-01-18 00:00:00+09:00,53586.0,54040.0,52039.0,52586.0,977219.0
2019-01-21 00:00:00+09:00,52312.0,52403.0,50492.0,50675.0,1048483.0
2019-01-22 00:00:00+09:00,51038.0,52585.0,50583.0,50766.0,737242.0
2019-01-23 00:00:00+09:00,50493.0,51584.0,50038.0,50858.0,454210.0
2019-01-24 00:00:00+09:00,50948.0,52404.0,50584.0,51768.0,531002.0
2019-01-25 00:00:00+09:00,52403.0,55496.0,52312.0,55224.0,1074996.0
2019-01-28 00:00:00+09:00,55770.0,56133.0,54496.0,54770.0,492650.0
2019-01-29 00:00:00+09:00,54041.0,54587.0,53040.0,54224.0,607940.0
2019-01-30 00:00:00+09:00,54041.0,54677.0,53313.0,53951.0,361541.0
2019-01-31 00:00:00+09:00,54769.0,55042.0,53859.0,54133.0,298040.0
2019-02-01 00:00:00+09:00,54131.0,55678.0,54040.0,54587.0,401496.0
2019-02-07 00:00:00+09:00,54951.0,58135.0,54496.0,57954.0,1060468.0
2019-02-08 00:00:00+09:00,57953.0,59136.0,57680.0,58591.0,751957.0
2019-02-11 00:00:00+09:00,58954.0,59500.0,57862.0,58864.0,508903.0
2019-02-12 00:00:00+09:00,58864.0,61229.0,57954.0,60957.0,818168.0
2019-02-13 00:00:00+09:00,61138.0,63685.0,61138.0,63231.0,1232101.0
2019-02-14 00:00:00+09:00,63321.0,64231.0,61956.0,63049.0,603144.0
2019-02-15 00:00:00+09:00,62411.0,64595.0,62138.0,62685.0,608653.0
2019-02-18 00:00:00+09:00,63321.0,64413.0,62775.0,64323.0,421085.0
2019-02-19 00:00:00+09:00,64595.0,64686.0,62866.0,63504.0,409570.0
2019-02-20 00:00:00+09:00,64049.0,65323.0,63504.0,64960.0,467451.0
2019-02-21 00:00:00+09:00,65141.0,66323.0,63685.0,64141.0,461292.0
2019-02-22 00:00:00+09:00,64777.0,64958.0,62047.0,62958.0,755191.0
2019-02-25 00:00:00+09:00,63503.0,64231.0,63231.0,63959.0,441110.0
2019-02-26 00:00:00+09:00,63776.0,63867.0,62593.0,62776.0,354371.0
2019-02-27 00:00:00+09:00,62411.0,63139.0,60591.0,61229.0,732319.0
2019-02-28 00:00:00+09:00,64231.0,64595.0,61683.0,62685.0,1372707.0
2019-03-04 00:00:00+09:00,62866.0,63412.0,61319.0,61866.0,563865.0
2019-03-05 00:00:00+09:00,61047.0,61502.0,58954.0,59228.0,880911.0
2019-03-06 00:00:00+09:00,59590.0,60318.0,58136.0,58864.0,523466.0
2019-03-07 00:00:00+09:00,59409.0,59681.0,57316.0,57590.0,600349.0
2019-03-08 00:00:00+09:00,56679.0,58681.0,56043.0,58318.0,520305.0
2019-03-11 00:00:00+09:00,57954.0,58136.0,56134.0,56954.0,630041.0
2019-03-12 00:00:00+09:00,57590.0,60410.0,57590.0,60320.0,611625.0
2019-03-13 00:00:00+09:00,60683.0,60683.0,58681.0,59592.0,390992.0
2019-03-14 00:00:00+09:00,59864.0,61137.0,58953.0,59864.0,482521.0
2019-03-15 00:00:00+09:00,59864.0,60592.0,58863.0,59501.0,526687.0
2019-03-18 00:00:00+09:00,59500.0,59500.0,58044.0,58227.0,456401.0
2019-03-19 00:00:00+09:00,57862.0,59591.0,57862.0,58318.0,267936.0
2019-03-20 00:00:00+09:00,57953.0,58499.0,56952.0,57590.0,381324.0
2019-03-21 00:00:00+09:00,59045.0,60956.0,58591.0,59956.0,1040183.0
2019-03-22 00:00:00+09:00,60319.0,60591.0,58681.0,59228.0,387808.0
2019-03-25 00:00:00+09:00,57680.0,58226.0,55042.0,55498.0,800098.0
2019-03-26 00:00:00+09:00,55860.0,57225.0,55587.0,56680.0,371218.0
2019-03-27 00:00:00+09:00,56680.0,57135.0,55224.0,55407.0,378403.0
2019-03-28 00:00:00+09:00,54587.0,54950.0,53313.0,53587.0,580123.0
2019-03-29 00:00:00+09:00,53405.0,55133.0,51858.0,54770.0,697768.0
2019-04-01 00:00:00+09:00,54859.0,56406.0,54313.0,54587.0,491450.0
2019-04-02 00:00:00+09:00,55133.0,55770.0,53951.0,53951.0,313408.0
2019-04-03 00:00:00+09:00,53950.0,55588.0,53768.0,54952.0,426080.0
2019-04-04 00:00:00+09:00,55224.0,55861.0,54223.0,54679.0,279827.0
2019-04-05 00:00:00+09:00,54769.0,54951.0,53859.0,53951.0,250417.0
2019-04-08 00:00:00+09:00,54132.0,54587.0,53768.0,53951.0,262797.0
2019-04-09 00:00:00+09:00,54860.0,55498.0,54405.0,55498.0,429840.0
2019-04-10 00:00:00+09:00,55132.0,55950.0,54586.0,55224.0,323527.0
2019-04-11 00:00:00+09:00,55589.0,56680.0,55497.0,56317.0,312982.0
2019-04-12 00:00:00+09:00,56497.0,57316.0,55678.0,56043.0,318483.0
2019-04-15 00:00:00+09:00,56134.0,56680.0,55679.0,55771.0,177428.0
2019-04-16 00:00:00+09:00,55769.0,56497.0,55224.0,55952.0,246817.0
2019-04-17 00:00:00+09:00,55680.0,57590.0,55680.0,56408.0,410876.0
2019-04-18 00:00:00+09:00,56861.0,56952.0,52768.0,52768.0,1540644.0
2019-04-19 00:00:00+09:00,53404.0,53404.0,51766.0,53041.0,436457.0
2019-04-22 00:00:00+09:00,53222.0,53222.0,51948.0,52040.0,408173.0
2019-04-23 00:00:00+09:00,51584.0,53859.0,51038.0,51949.0,791555.0
2019-04-24 00:00:00+09:00,52494.0,52494.0,50492.0,50766.0,703726.0
2019-04-25 00:00:00+09:00,50310.0,51311.0,50128.0,51221.0,258171.0
2019-04-26 00:00:00+09:00,50766.0,51130.0,50129.0,50312.0,239758.0
2019-04-29 00:00:00+09:00,50310.0,50947.0,50310.0,50584.0,148453.0
2019-04-30 00:00:00+09:00,50766.0,52221.0,50766.0,52131.0,330920.0
2019-05-02 00:00:00+09:00,52130.0,52312.0,51402.0,51949.0,176847.0
2019-05-03 00:00:00+09:00,51768.0,53133.0,51677.0,53133.0,279912.0
2019-05-07 00:00:00+09:00,52222.0,52858.0,51766.0,52222.0,173086.0
2019-05-08 00:00:00+09:00,51494.0,52222.0,51039.0,51131.0,193825.0
2019-05-09 00:00:00+09:00,51038.0,51129.0,48127.0,48219.0,750663.0
2019-05-10 00:00:00+09:00,48217.0,48854.0,46126.0,47491.0,529642.0
2019-05-13 00:00:00+09:00,45761.0,47763.0,45761.0,46217.0,311884.0
2019-05-14 00:00:00+09:00,45580.0,47945.0,45217.0,46582.0,361470.0
2019-05-15 00:00:00+09:00,47036.0,49583.0,47036.0,49220.0,350846.0
2019-05-16 00:00:00+09:00,48582.0,49127.0,47581.0,47673.0,270124.0
2019-05-17 00:00:00+09:00,48127.0,49127.0,46580.0,46854.0,274221.0
2019-05-20 00:00:00+09:00,46581.0,47763.0,45672.0,45672.0,306320.0
2019-05-21 00:00:00+09:00,45488.0,46762.0,45443.0,46126.0,257924.0
2019-05-22 00:00:00+09:00,47763.0,47854.0,46126.0,46126.0,309920.0
2019-05-23 00:00:00+09:00,46217.0,48400.0,46126.0,47582.0,392764.0
2019-05-24 00:00:00+09:00,47035.0,49128.0,46763.0,48765.0,507249.0
2019-05-27 00:00:00+09:00,48946.0,50220.0,48582.0,49038.0,363667.0
2019-05-28 00:00:00+09:00,49310.0,49582.0,46307.0,48128.0,1652170.0
2019-05-29 00:00:00+09:00,48036.0,48310.0,47218.0,48310.0,186616.0
2019-05-30 00:00:00+09:00,48218.0,50946.0,48218.0,48765.0,734918.0
2019-05-31 00:00:00+09:00,49037.0,49764.0,48036.0,49493.0,271691.0
2019-06-03 00:00:00+09:00,49310.0,49856.0,48582.0,49129.0,280823.0
2019-06-04 00:00:00+09:00,49946.0,52313.0,49764.0,52313.0,822423.0
2019-06-05 00:00:00+09:00,53041.0,53222.0,51494.0,51677.0,336303.0
2019-06-07 00:00:00+09:00,51675.0,52949.0,51402.0,52222.0,302214.0
2019-06-10 00:00:00+09:00,52768.0,52768.0,50038.0,50403.0,484363.0
2019-06-11 00:00:00+09:00,50492.0,51218.0,50037.0,50675.0,286693.0
2019-06-12 00:00:00+09:00,50946.0,51492.0,50310.0,50675.0,178550.0
2019-06-13 00:00:00+09:00,51038.0,52766.0,51038.0,51949.0,554945.0
2019-06-14 00:00:00+09:00,52131.0,52221.0,51131.0,51677.0,223162.0
2019-06-17 00:00:00+09:00,51857.0,52040.0,50220.0,50221.0,189177.0
2019-06-18 00:00:00+09:00,50220.0,50857.0,49857.0,50494.0,159517.0
2019-06-19 00:00:00+09:00,51130.0,51402.0,50675.0,50949.0,168854.0
2019-06-20 00:00:00+09:00,50947.0,51494.0,50584.0,51131.0,181370.0
2019-06-21 00:00:00+09:00,51130.0,51493.0,50129.0,50221.0,193904.0
2019-06-24 00:00:00+09:00,50218.0,50218.0,47944.0,48219.0,498451.0
2019-06-25 00:00:00+09:00,48672.0,50036.0,48309.0,48765.0,507821.0
2019-06-26 00:00:00+09:00,48400.0,49128.0,48309.0,48492.0,152090.0
2019-06-27 00:00:00+09:00,48401.0,49674.0,48401.0,48947.0,183364.0
2019-06-28 00:00:00+09:00,48581.0,49308.0,48581.0,48765.0,150907.0
2019-07-01 00:00:00+09:00,49308.0,49400.0,48218.0,48674.0,202868.0
2019-07-02 00:00:00+09:00,48671.0,48762.0,47307.0,47400.0,317174.0
2019-07-03 00:00:00+09:00,47763.0,49582.0,47763.0,48583.0,317031.0
2019-07-04 00:00:00+09:00,48400.0,51218.0,48400.0,50584.0,722754.0
2019-07-05 00:00:00+09:00,51037.0,51037.0,50128.0,50766.0,227551.0
2019-07-08 00:00:00+09:00,50401.0,50401.0,47944.0,48037.0,399412.0
2019-07-09 00:00:00+09:00,48035.0,48492.0,45580.0,46582.0,474816.0
2019-07-10 00:00:00+09:00,46399.0,47944.0,46126.0,46582.0,306872.0
2019-07-11 00:00:00+09:00,46672.0,47128.0,46035.0,47128.0,273245.0
2019-07-12 00:00:00+09:00,47126.0,48671.0,46853.0,48128.0,315947.0
2019-07-15 00:00:00+09:00,48217.0,48672.0,47672.0,47946.0,213147.0
2019-07-16 00:00:00+09:00,48399.0,49490.0,48126.0,48219.0,312801.0
2019-07-17 00:00:00+09:00,48400.0,49308.0,45762.0,48674.0,672529.0
2019-07-18 00:00:00+09:00,48217.0,48580.0,46762.0,47309.0,430393.0
2019-07-19 00:00:00+09:00,47398.0,48491.0,47398.0,47764.0,244581.0
2019-07-22 00:00:00+09:00,48581.0,50946.0,48217.0,50584.0,965664.0
2019-07-23 00:00:00+09:00,50857.0,50948.0,49129.0,49129.0,464696.0
2019-07-24 00:00:00+09:00,49218.0,49218.0,47398.0,47491.0,437501.0
2019-07-25 00:00:00+09:00,47034.0,48034.0,46580.0,46672.0,447129.0
2019-07-26 00:00:00+09:00,46307.0,46672.0,45398.0,45854.0,460289.0
2019-07-29 00:00:00+09:00,45305.0,45669.0,43168.0,43579.0,553814.0
2019-07-30 00:00:00+09:00,43306.0,44534.0,43306.0,43943.0,335412.0
2019-07-31 00:00:00+09:00,43897.0,44716.0,42214.0,44307.0,416197.0
2019-08-01 00:00:00+09:00,44216.0,44489.0,43261.0,43307.0,212813.0
2019-08-02 00:00:00+09:00,42030.0,44486.0,42030.0,44261.0,365818.0
2019-08-05 00:00:00+09:00,43761.0,44170.0,41577.0,41714.0,401034.0
2019-08-06 00:00:00+09:00,40349.0,43261.0,39121.0,40577.0,579710.0
2019-08-07 00:00:00+09:00,41532.0,42260.0,40986.0,41760.0,292105.0
2019-08-08 00:00:00+09:00,42396.0,44124.0,41850.0,43761.0,444701.0
2019-08-09 00:00:00+09:00,44261.0,45034.0,43669.0,43761.0,185856.0
2019-08-12 00:00:00+09:00,43669.0,45215.0,43578.0,44989.0,227999.0
2019-08-13 00:00:00+09:00,44532.0,44850.0,43441.0,43579.0,262952.0
2019-08-14 00:00:00+09:00,44578.0,44578.0,43395.0,44079.0,213384.0
2019-08-16 00:00:00+09:00,43078.0,43533.0,42942.0,43170.0,176418.0
2019-08-19 00:00:00+09:00,43578.0,43624.0,42850.0,43124.0,136432.0
2019-08-20 00:00:00+09:00,43169.0,44761.0,43169.0,44489.0,321220.0
2019-08-21 00:00:00+09:00,44261.0,45080.0,44033.0,44489.0,163449.0
2019-08-22 00:00:00+09:00,44670.0,45126.0,44170.0,44307.0,156633.0
2019-08-23 00:00:00+09:00,43486.0,46215.0,43395.0,46035.0,409006.0
2019-08-26 00:00:00+09:00,45034.0,45397.0,43942.0,44352.0,436145.0
2019-08-27 00:00:00+09:00,45171.0,46308.0,44852.0,45945.0,609515.0
2019-08-28 00:00:00+09:00,46033.0,47216.0,46033.0,46854.0,335945.0
2019-08-29 00:00:00+09:00,47308.0,48309.0,47036.0,47673.0,362633.0
2019-08-30 00:00:00+09:00,48217.0,48399.0,47035.0,47946.0,297749.0
2019-09-02 00:00:00+09:00,47308.0,47853.0,45853.0,47309.0,343539.0
2019-09-03 00:00:00+09:00,47580.0,48035.0,47217.0,47309.0,155757.0
2019-09-04 00:00:00+09:00,47491.0,47491.0,46308.0,47128.0,256601.0
2019-09-05 00:00:00+09:00,47491.0,48037.0,47036.0,47128.0,193509.0
2019-09-06 00:00:00+09:00,47762.0,47762.0,46853.0,47309.0,163519.0
2019-09-09 00:00:00+09:00,47397.0,47762.0,45943.0,46217.0,275063.0
2019-09-10 00:00:00+09:00,46397.0,46943.0,45943.0,46035.0,150057.0
2019-09-11 00:00:00+09:00,46035.0,46672.0,45763.0,46309.0,237996.0
2019-09-16 00:00:00+09:00,46217.0,47219.0,45945.0,47037.0,202542.0
2019-09-17 00:00:00+09:00,46945.0,47218.0,46399.0,46491.0,141392.0
2019-09-18 00:00:00+09:00,46760.0,47216.0,46216.0,46217.0,210999.0
2019-09-19 00:00:00+09:00,46397.0,46760.0,45215.0,45307.0,353123.0
2019-09-20 00:00:00+09:00,45396.0,45396.0,43942.0,44079.0,587026.0
2019-09-23 00:00:00+09:00,43986.0,44395.0,43986.0,44079.0,189227.0
2019-09-24 00:00:00+09:00,44169.0,44260.0,43078.0,43124.0,427603.0
2019-09-25 00:00:00+09:00,42849.0,42894.0,40576.0,40804.0,812394.0
2019-09-26 00:00:00+09:00,40802.0,41302.0,40211.0,40758.0,340890.0
2019-09-27 00:00:00+09:00,40758.0,41077.0,40485.0,40668.0,230746.0
2019-09-30 00:00:00+09:00,40030.0,40710.0,39438.0,40167.0,264659.0
2019-10-01 00:00:00+09:00,40165.0,41529.0,40165.0,40940.0,242072.0
2019-10-02 00:00:00+09:00,40665.0,40665.0,39893.0,40121.0,494141.0
2019-10-04 00:00:00+09:00,40075.0,40439.0,38529.0,38575.0,635475.0
2019-10-07 00:00:00+09:00,38664.0,39164.0,37300.0,37528.0,519074.0
2019-10-08 00:00:00+09:00,37300.0,38436.0,37300.0,37665.0,336490.0
2019-10-10 00:00:00+09:00,37710.0,38529.0,37664.0,38484.0,348719.0
2019-10-11 00:00:00+09:00,38756.0,38938.0,37984.0,37984.0,209999.0
2019-10-14 00:00:00+09:00,38437.0,39573.0,38255.0,38893.0,302079.0
2019-10-15 00:00:00+09:00,39028.0,39301.0,38620.0,38939.0,204012.0
2019-10-16 00:00:00+09:00,39029.0,40894.0,38938.0,40440.0,482175.0
2019-10-17 00:00:00+09:00,40031.0,40031.0,38438.0,39121.0,824086.0
2019-10-18 00:00:00+09:00,39303.0,39666.0,38711.0,39121.0,288965.0
2019-10-21 00:00:00+09:00,39028.0,39801.0,39028.0,39393.0,201383.0
2019-10-22 00:00:00+09:00,39392.0,39574.0,39211.0,39530.0,237683.0
2019-10-23 00:00:00+09:00,39303.0,40212.0,39303.0,39986.0,241247.0
2019-10-24 00:00:00+09:00,40712.0,42123.0,40668.0,41305.0,628772.0
2019-10-25 00:00:00+09:00,41349.0,42121.0,41076.0,41441.0,331517.0
2019-10-28 00:00:00+09:00,41986.0,43758.0,41986.0,43533.0,647148.0
2019-10-29 00:00:00+09:00,44487.0,44487.0,42895.0,43397.0,409168.0
2019-10-30 00:00:00+09:00,43079.0,44944.0,43079.0,44444.0,570480.0
2019-10-31 00:00:00+09:00,44761.0,44944.0,43716.0,43716.0,285742.0
2019-11-01 00:00:00+09:00,43669.0,44943.0,43260.0,44853.0,373236.0
2019-11-04 00:00:00+09:00,45125.0,45352.0,44397.0,45217.0,336992.0
2019-11-05 00:00:00+09:00,45261.0,45851.0,44760.0,45307.0,275186.0
2019-11-06 00:00:00+09:00,45396.0,45578.0,44624.0,44670.0,196305.0
2019-11-07 00:00:00+09:00,44534.0,44580.0,43260.0,43670.0,329844.0
2019-11-08 00:00:00+09:00,43941.0,44350.0,42712.0,43533.0,291726.0
2019-11-11 00:00:00+09:00,43715.0,44078.0,43396.0,43852.0,206436.0
2019-11-12 00:00:00+09:00,43943.0,44079.0,42896.0,43307.0,176722.0
2019-11-13 00:00:00+09:00,43394.0,43667.0,42667.0,42805.0,187086.0
2019-11-14 00:00:00+09:00,42851.0,43442.0,41760.0,41760.0,352128.0
2019-11-15 00:00:00+09:00,41849.0,42669.0,41849.0,42669.0,169152.0
2019-11-18 00:00:00+09:00,42805.0,43943.0,42578.0,43079.0,215834.0
2019-11-19 00:00:00+09:00,43078.0,43988.0,42851.0,43898.0,258707.0
2019-11-20 00:00:00+09:00,43988.0,44125.0,43215.0,43307.0,179677.0
2019-11-21 00:00:00+09:00,43533.0,43669.0,42213.0,42624.0,174401.0
2019-11-22 00:00:00+09:00,42667.0,43895.0,42667.0,43579.0,234783.0
2019-11-25 00:00:00+09:00,43579.0,44626.0,43170.0,44626.0,266689.0
2019-11-26 00:00:00+09:00,44897.0,45034.0,44306.0,44352.0,224067.0
2019-11-27 00:00:00+09:00,44170.0,44761.0,44170.0,44398.0,91785.0
2019-11-28 00:00:00+09:00,44397.0,45125.0,44261.0,44580.0,129217.0
2019-11-29 00:00:00+09:00,44897.0,44943.0,43396.0,43761.0,151181.0
2019-12-02 00:00:00+09:00,43533.0,44170.0,42851.0,43807.0,133978.0
2019-12-03 00:00:00+09:00,43168.0,44213.0,43123.0,43988.0,119216.0
2019-12-04 00:00:00+09:00,43577.0,43668.0,41986.0,42669.0,357561.0
2019-12-05 00:00:00+09:00,42393.0,42711.0,42030.0,42077.0,176472.0
2019-12-06 00:00:00+09:00,42305.0,42714.0,42168.0,42442.0,70799.0
2019-12-09 00:00:00+09:00,42942.0,43261.0,42488.0,42488.0,127492.0
2019-12-10 00:00:00+09:00,42897.0,43033.0,42169.0,42488.0,102560.0
2019-12-11 00:00:00+09:00,42487.0,43215.0,42168.0,43079.0,117502.0
2019-12-12 00:00:00+09:00,43260.0,44169.0,43032.0,43852.0,260991.0
2019-12-13 00:00:00+09:00,44169.0,45397.0,43851.0,45307.0,353617.0
2019-12-16 00:00:00+09:00,45443.0,45489.0,44261.0,44307.0,206144.0
2019-12-17 00:00:00+09:00,44624.0,44670.0,44624.0,44670.0,306999.0
2019-12-18 00:00:00+09:00,44487.0,44714.0,43532.0,43625.0,230781.0
2019-12-19 00:00:00+09:00,43623.0,43805.0,42804.0,42897.0,243005.0
2019-12-20 00:00:00+09:00,43078.0,43442.0,42805.0,43170.0,204056.0
2019-12-23 00:00:00+09:00,43261.0,43396.0,42214.0,42351.0,271300.0
2019-12-24 00:00:00+09:00,42305.0,42624.0,41759.0,41942.0,247758.0
2019-12-26 00:00:00+09:00,42122.0,42259.0,41622.0,41896.0,314827.0
2019-12-27 00:00:00+09:00,41941.0,43215.0,41941.0,43215.0,376056.0
2019-12-30 00:00:00+09:00,43441.0,45260.0,43441.0,44807.0,727906.0
2020-01-02 00:00:00+09:00,45078.0,45578.0,44897.0,44898.0,416930.0
2020-01-03 00:00:00+09:00,45079.0,46124.0,44988.0,45353.0,535110.0
2020-01-06 00:00:00+09:00,44760.0,45397.0,44214.0,45307.0,360773.0
2020-01-07 00:00:00+09:00,45353.0,45763.0,45079.0,45672.0,341957.0
2020-01-08 00:00:00+09:00,44989.0,45263.0,43533.0,43716.0,461808.0
2020-01-09 00:00:00+09:00,44716.0,45944.0,44670.0,45263.0,513990.0
2020-01-10 00:00:00+09:00,45670.0,49399.0,45579.0,48856.0,1922748.0
2020-01-13 00:00:00+09:00,49310.0,49857.0,48491.0,48947.0,900706.0
2020-01-14 00:00:00+09:00,50036.0,51674.0,49128.0,49493.0,1124830.0
2020-01-15 00:00:00+09:00,49765.0,49947.0,49037.0,49857.0,364783.0
2020-01-16 00:00:00+09:00,49856.0,50310.0,49492.0,50130.0,396849.0
2020-01-17 00:00:00+09:00,50037.0,50673.0,49128.0,49311.0,416743.0
2020-01-20 00:00:00+09:00,50037.0,53039.0,50037.0,52131.0,1400560.0
2020-01-21 00:00:00+09:00,53585.0,54039.0,52130.0,53405.0,1335642.0
2020-01-22 00:00:00+09:00,53495.0,54131.0,52767.0,53951.0,639740.0
2020-01-23 00:00:00+09:00,53858.0,55495.0,53676.0,55224.0,839209.0
2020-01-28 00:00:00+09:00,52767.0,55315.0,52767.0,55134.0,1056260.0
2020-01-29 00:00:00+09:00,55858.0,55949.0,54131.0,54496.0,590337.0
2020-01-30 00:00:00+09:00,55497.0,56953.0,54132.0,54952.0,1176064.0
2020-01-31 00:00:00+09:00,55588.0,55769.0,52039.0,52222.0,953950.0
2020-02-03 00:00:00+09:00,51130.0,53313.0,50311.0,52950.0,1354763.0
2020-02-04 00:00:00+09:00,54678.0,56134.0,54041.0,55680.0,1165025.0
2020-02-05 00:00:00+09:00,57316.0,57408.0,54496.0,55043.0,1093415.0
2020-02-06 00:00:00+09:00,54132.0,55043.0,54132.0,55043.0,864897.0
2020-02-07 00:00:00+09:00,55133.0,56862.0,55133.0,56226.0,916596.0
2020-02-10 00:00:00+09:00,55496.0,56587.0,54950.0,55861.0,487625.0
2020-02-11 00:00:00+09:00,56497.0,59136.0,56134.0,58227.0,1322208.0
2020-02-12 00:00:00+09:00,57862.0,58134.0,56861.0,57863.0,613654.0
2020-02-13 00:00:00+09:00,57862.0,58498.0,57407.0,57590.0,486067.0
2020-02-14 00:00:00+09:00,57952.0,58407.0,57225.0,57772.0,390160.0
2020-02-17 00:00:00+09:00,58227.0,58227.0,56953.0,57045.0,469490.0
2020-02-18 00:00:00+09:00,56951.0,57951.0,56224.0,56589.0,508287.0
2020-02-19 00:00:00+09:00,57496.0,57769.0,54768.0,56043.0,652685.0
2020-02-20 00:00:00+09:00,56408.0,56498.0,54496.0,56317.0,711636.0
2020-02-21 00:00:00+09:00,55042.0,55406.0,53222.0,53587.0,714901.0
2020-02-24 00:00:00+09:00,51856.0,55497.0,51856.0,54315.0,1085270.0
2020-02-25 00:00:00+09:00,54768.0,56314.0,53858.0,56043.0,758528.0
2020-02-26 00:00:00+09:00,55042.0,55860.0,54587.0,55134.0,438158.0
2020-02-27 00:00:00+09:00,54859.0,55313.0,53221.0,53314.0,576510.0
2020-02-28 00:00:00+09:00,51946.0,52220.0,49582.0,49947.0,1127753.0
2020-03-02 00:00:00+09:00,50494.0,52496.0,49584.0,51677.0,816501.0
2020-03-03 00:00:00+09:00,53949.0,54223.0,52222.0,52222.0,652362.0
2020-03-04 00:00:00+09:00,51857.0,54040.0,51857.0,53860.0,450237.0
2020-03-05 00:00:00+09:00,54586.0,55224.0,53769.0,54315.0,487271.0
2020-03-06 00:00:00+09:00,53222.0,54586.0,53041.0,54315.0,386735.0
2020-03-09 00:00:00+09:00,52765.0,53311.0,50492.0,50584.0,797525.0
2020-03-10 00:00:00+09:00,49675.0,51584.0,49310.0,51131.0,865560.0
2020-03-11 00:00:00+09:00,51130.0,51130.0,48764.0,49220.0,624164.0
2020-03-12 00:00:00+09:00,48490.0,49490.0,45579.0,46763.0,1074701.0
2020-03-13 00:00:00+09:00,43669.0,45671.0,40485.0,43943.0,1523264.0
2020-03-16 00:00:00+09:00,44261.0,44898.0,40577.0,40577.0,829119.0
2020-03-17 00:00:00+09:00,37756.0,41077.0,37574.0,39258.0,940875.0
2020-03-18 00:00:00+09:00,39485.0,40304.0,36074.0,36074.0,847101.0
2020-03-19 00:00:00+09:00,36845.0,37210.0,30022.0,30114.0,1661466.0
2020-03-20 00:00:00+09:00,31751.0,34754.0,31387.0,34481.0,1127766.0
2020-03-23 00:00:00+09:00,31478.0,35479.0,31478.0,33662.0,952749.0
2020-03-24 00:00:00+09:00,35253.0,36798.0,34297.0,36255.0,925357.0
2020-03-25 00:00:00+09:00,38347.0,39166.0,37164.0,38666.0,931713.0
2020-03-26 00:00:00+09:00,38891.0,40301.0,37800.0,38211.0,810738.0
2020-03-27 00:00:00+09:00,39712.0,40031.0,36665.0,37939.0,750293.0
2020-03-30 00:00:00+09:00,36391.0,39212.0,36118.0,38712.0,470749.0
2020-03-31 00:00:00+09:00,39575.0,40485.0,38712.0,39849.0,640535.0
2020-04-01 00:00:00+09:00,39847.0,41712.0,38755.0,38939.0,655858.0
2020-04-02 00:00:00+09:00,39573.0,40392.0,38437.0,39393.0,507352.0
2020-04-03 00:00:00+09:00,40531.0,40940.0,38756.0,39212.0,488981.0
2020-04-06 00:00:00+09:00,39211.0,40031.0,38893.0,40031.0,424851.0
2020-04-07 00:00:00+09:00,41395.0,41942.0,40258.0,41851.0,785977.0
2020-04-08 00:00:00+09:00,41850.0,44033.0,41122.0,42624.0,785644.0
2020-04-09 00:00:00+09:00,43850.0,43986.0,42758.0,42851.0,385614.0
2020-04-10 00:00:00+09:00,43124.0,43396.0,41531.0,43124.0,387784.0
2020-04-13 00:00:00+09:00,43213.0,43258.0,41576.0,41577.0,407330.0
2020-04-14 00:00:00+09:00,42942.0,43215.0,42350.0,42533.0,330359.0
2020-04-16 00:00:00+09:00,42986.0,46306.0,42713.0,46126.0,810350.0
2020-04-17 00:00:00+09:00,46944.0,49036.0,46853.0,47400.0,855913.0
2020-04-20 00:00:00+09:00,48399.0,48944.0,47398.0,47491.0,503326.0
2020-04-21 00:00:00+09:00,47036.0,48217.0,44579.0,46945.0,653233.0
2020-04-22 00:00:00+09:00,45488.0,48401.0,45262.0,48401.0,403500.0
2020-04-23 00:00:00+09:00,49764.0,50218.0,48036.0,48765.0,530604.0
2020-04-24 00:00:00+09:00,47673.0,48037.0,46854.0,47128.0,460178.0
2020-04-27 00:00:00+09:00,47126.0,47853.0,46944.0,47309.0,243341.0
2020-04-28 00:00:00+09:00,48399.0,48671.0,46580.0,46854.0,342509.0
2020-04-29 00:00:00+09:00,46854.0,47219.0,46491.0,47128.0,243930.0
2020-05-04 00:00:00+09:00,45763.0,46672.0,45763.0,46309.0,219754.0
2020-05-06 00:00:00+09:00,47036.0,47217.0,46035.0,46582.0,233513.0
2020-05-07 00:00:00+09:00,46580.0,47034.0,46125.0,46672.0,184707.0
2020-05-08 00:00:00+09:00,47126.0,47853.0,46944.0,47309.0,277377.0
2020-05-11 00:00:00+09:00,47854.0,47854.0,46400.0,46400.0,246592.0
2020-05-12 00:00:00+09:00,46399.0,46854.0,45080.0,45763.0,330771.0
2020-05-13 00:00:00+09:00,44670.0,49856.0,44670.0,48492.0,1015441.0
2020-05-14 00:00:00+09:00,48399.0,48853.0,46944.0,47582.0,439160.0
2020-05-15 00:00:00+09:00,48310.0,49582.0,47399.0,49038.0,696903.0
2020-05-18 00:00:00+09:00,49584.0,51130.0,48400.0,50949.0,820248.0
2020-05-19 00:00:00+09:00,52311.0,52311.0,50402.0,50858.0,623318.0
2020-05-20 00:00:00+09:00,50037.0,52040.0,50037.0,52040.0,452253.0
2020-05-21 00:00:00+09:00,52676.0,54132.0,51856.0,52950.0,785334.0
2020-05-22 00:00:00+09:00,53314.0,54406.0,52585.0,53133.0,771901.0
2020-05-25 00:00:00+09:00,53495.0,54315.0,52495.0,54315.0,626344.0
2020-05-26 00:00:00+09:00,54952.0,56316.0,54315.0,54861.0,798459.0
2020-05-27 00:00:00+09:00,54587.0,54587.0,52222.0,52496.0,769098.0
2020-05-28 00:00:00+09:00,53405.0,53860.0,50221.0,51586.0,653409.0
2020-05-29 00:00:00+09:00,51585.0,52313.0,50494.0,50494.0,630302.0
2020-06-01 00:00:00+09:00,51220.0,53767.0,51130.0,53405.0,709338.0
2020-06-02 00:00:00+09:00,54314.0,54860.0,53404.0,53678.0,572951.0
2020-06-03 00:00:00+09:00,54404.0,54494.0,52858.0,53314.0,467962.0
2020-06-04 00:00:00+09:00,53858.0,54858.0,53312.0,54587.0,798504.0
2020-06-05 00:00:00+09:00,54952.0,56043.0,54496.0,55498.0,753218.0
2020-06-08 00:00:00+09:00,56225.0,56680.0,54861.0,56317.0,657377.0
2020-06-09 00:00:00+09:00,57044.0,57953.0,56134.0,57590.0,999659.0
2020-06-10 00:00:00+09:00,57407.0,58590.0,56953.0,58318.0,749013.0
2020-06-11 00:00:00+09:00,58772.0,59499.0,57680.0,58682.0,1656594.0
2020-06-12 00:00:00+09:00,55134.0,58955.0,55134.0,58773.0,1298497.0
2020-06-15 00:00:00+09:00,57497.0,58680.0,55042.0,55407.0,1207179.0
2020-06-16 00:00:00+09:00,59682.0,62956.0,57861.0,62594.0,2906257.0
2020-06-17 00:00:00+09:00,62229.0,66779.0,61957.0,65597.0,2988877.0
2020-06-18 00:00:00+09:00,67325.0,67689.0,65050.0,66052.0,1429698.0
2020-06-19 00:00:00+09:00,66687.0,69326.0,64322.0,69145.0,1438974.0
2020-06-22 00:00:00+09:00,69143.0,73145.0,68415.0,71783.0,1570849.0
2020-06-23 00:00:00+09:00,72874.0,73238.0,70509.0,71237.0,1074657.0
2020-06-24 00:00:00+09:00,72238.0,72329.0,70327.0,71420.0,699508.0
2020-06-25 00:00:00+09:00,70054.0,72237.0,70054.0,71237.0,723971.0
2020-06-26 00:00:00+09:00,72237.0,72237.0,68235.0,70055.0,1018171.0
2020-06-29 00:00:00+09:00,68598.0,71146.0,68416.0,69418.0,701898.0
2020-06-30 00:00:00+09:00,70872.0,71053.0,68143.0,68326.0,690471.0
2020-07-01 00:00:00+09:00,69326.0,71782.0,68689.0,68781.0,1158750.0
2020-07-02 00:00:00+09:00,70233.0,70507.0,68506.0,69781.0,410677.0
2020-07-03 00:00:00+09:00,71235.0,71871.0,70234.0,70418.0,596711.0
2020-07-06 00:00:00+09:00,70235.0,71326.0,69508.0,70964.0,545653.0
2020-07-07 00:00:00+09:00,72054.0,72235.0,69598.0,69599.0,750228.0
2020-07-08 00:00:00+09:00,69416.0,70507.0,69416.0,69781.0,377873.0
2020-07-09 00:00:00+09:00,69781.0,75968.0,69418.0,75423.0,1345908.0
2020-07-10 00:00:00+09:00,74603.0,74876.0,72328.0,73239.0,981811.0
2020-07-13 00:00:00+09:00,73692.0,73783.0,72147.0,72875.0,466114.0
2020-07-14 00:00:00+09:00,71601.0,71874.0,70601.0,71329.0,618374.0
2020-07-15 00:00:00+09:00,71780.0,71780.0,69689.0,70418.0,640082.0
2020-07-16 00:00:00+09:00,70780.0,70961.0,68234.0,68962.0,647578.0
2020-07-17 00:00:00+09:00,67961.0,69509.0,66870.0,69509.0,610897.0
2020-07-20 00:00:00+09:00,69690.0,70054.0,67961.0,68781.0,407023.0
2020-07-21 00:00:00+09:00,69961.0,70234.0,67142.0,67780.0,856712.0
2020-07-22 00:00:00+09:00,67233.0,67233.0,65049.0,66688.0,989352.0
2020-07-23 00:00:00+09:00,67777.0,68142.0,66414.0,67143.0,524788.0
2020-07-24 00:00:00+09:00,65960.0,66323.0,64323.0,64869.0,759460.0
2020-07-27 00:00:00+09:00,64048.0,66868.0,64048.0,65050.0,458927.0
2020-07-28 00:00:00+09:00,65777.0,67232.0,65504.0,66324.0,533734.0
2020-07-29 00:00:00+09:00,65960.0,66142.0,65141.0,65506.0,320373.0
2020-07-30 00:00:00+09:00,65597.0,66597.0,65232.0,66052.0,243956.0
2020-07-31 00:00:00+09:00,66414.0,69508.0,66414.0,68781.0,1214034.0
2020-08-03 00:00:00+09:00,70236.0,71692.0,69418.0,71329.0,1109895.0
2020-08-04 00:00:00+09:00,72054.0,72417.0,69597.0,70509.0,681410.0
2020-08-05 00:00:00+09:00,70963.0,79607.0,70873.0,77970.0,4571482.0
2020-08-06 00:00:00+09:00,79153.0,82337.0,78061.0,79790.0,2342948.0
2020-08-07 00:00:00+09:00,80789.0,87704.0,80517.0,87341.0,2988963.0
2020-08-10 00:00:00+09:00,89431.0,90433.0,83883.0,88069.0,1840071.0
2020-08-11 00:00:00+09:00,86522.0,89797.0,85429.0,86977.0,1118543.0
2020-08-12 00:00:00+09:00,86431.0,88068.0,85249.0,86614.0,842987.0
2020-08-13 00:00:00+09:00,88796.0,93253.0,86703.0,89161.0,1574080.0
2020-08-14 00:00:00+09:00,88066.0,88157.0,84064.0,84702.0,1112626.0
2020-08-18 00:00:00+09:00,82971.0,85792.0,79697.0,80790.0,1126355.0
2020-08-19 00:00:00+09:00,81881.0,83154.0,80607.0,82337.0,612442.0
2020-08-20 00:00:00+09:00,81789.0,84518.0,78696.0,79516.0,790531.0
2020-08-21 00:00:00+09:00,80790.0,81882.0,78698.0,80518.0,725463.0
2020-08-24 00:00:00+09:00,79788.0,83154.0,79060.0,82155.0,576879.0
2020-08-25 00:00:00+09:00,82973.0,83246.0,81426.0,82519.0,478864.0
2020-08-26 00:00:00+09:00,82517.0,84609.0,80879.0,83428.0,859614.0
2020-08-27 00:00:00+09:00,83791.0,85519.0,81881.0,82064.0,943839.0
2020-08-28 00:00:00+09:00,82154.0,83701.0,81426.0,82519.0,527664.0
2020-08-31 00:00:00+09:00,83336.0,83699.0,80516.0,80972.0,653210.0
2020-09-01 00:00:00+09:00,81607.0,82243.0,80243.0,80881.0,446622.0
2020-09-02 00:00:00+09:00,80972.0,81609.0,79607.0,80700.0,483139.0
2020-09-03 00:00:00+09:00,80880.0,81971.0,80516.0,81609.0,467775.0
2020-09-04 00:00:00+09:00,77333.0,82245.0,77333.0,81791.0,596427.0
2020-09-07 00:00:00+09:00,82155.0,82155.0,80517.0,80609.0,372520.0
2020-09-08 00:00:00+09:00,80881.0,82064.0,79425.0,81246.0,470626.0
2020-09-09 00:00:00+09:00,79422.0,80424.0,78878.0,78879.0,431824.0
2020-09-10 00:00:00+09:00,79788.0,80153.0,79788.0,80153.0,367829.0
2020-09-11 00:00:00+09:00,79605.0,79605.0,78332.0,78788.0,258735.0
2020-09-14 00:00:00+09:00,78879.0,80972.0,77879.0,79881.0,395547.0
2020-09-15 00:00:00+09:00,80969.0,80969.0,79606.0,80335.0,266742.0
2020-09-16 00:00:00+09:00,80606.0,80697.0,79333.0,79607.0,225029.0
2020-09-17 00:00:00+09:00,79787.0,80060.0,78605.0,78879.0,275689.0
2020-09-18 00:00:00+09:00,79152.0,83700.0,79060.0,82974.0,1216360.0
2020-09-21 00:00:00+09:00,83064.0,83519.0,79516.0,80063.0,870990.0
2020-09-22 00:00:00+09:00,80425.0,82243.0,78787.0,80790.0,660118.0
2020-09-23 00:00:00+09:00,82701.0,82791.0,77605.0,78516.0,736390.0
2020-09-24 00:00:00+09:00,75604.0,77514.0,70509.0,70692.0,1148192.0
2020-09-25 00:00:00+09:00,71690.0,72691.0,69234.0,70964.0,461848.0
2020-09-28 00:00:00+09:00,73056.0,73693.0,71328.0,73603.0,342841.0
2020-09-29 00:00:00+09:00,77240.0,77240.0,75148.0,76241.0,397438.0
2020-10-05 00:00:00+09:00,75694.0,76695.0,74693.0,76241.0,220919.0
2020-10-06 00:00:00+09:00,76694.0,77331.0,75967.0,76332.0,172121.0
2020-10-07 00:00:00+09:00,75694.0,76696.0,75240.0,76514.0,160831.0
2020-10-08 00:00:00+09:00,77423.0,79151.0,76422.0,78243.0,470838.0
2020-10-12 00:00:00+09:00,78968.0,79242.0,77059.0,77515.0,250087.0
2020-10-13 00:00:00+09:00,77512.0,77694.0,74966.0,75604.0,307878.0
2020-10-14 00:00:00+09:00,75239.0,75330.0,72873.0,73694.0,479935.0
2020-10-15 00:00:00+09:00,73602.0,73602.0,71691.0,72056.0,395842.0
2020-10-16 00:00:00+09:00,72328.0,73784.0,71600.0,72784.0,292544.0
2020-10-19 00:00:00+09:00,72782.0,72963.0,70144.0,70327.0,364550.0
2020-10-20 00:00:00+09:00,69507.0,71146.0,69507.0,71146.0,333087.0
2020-10-21 00:00:00+09:00,71236.0,71598.0,69871.0,71055.0,165482.0
2020-10-22 00:00:00+09:00,71053.0,71872.0,69144.0,69145.0,305532.0
2020-10-23 00:00:00+09:00,69233.0,69233.0,66778.0,67780.0,418769.0
2020-10-26 00:00:00+09:00,67325.0,67780.0,65323.0,65506.0,344182.0
2020-10-27 00:00:00+09:00,65140.0,67596.0,64685.0,66415.0,301884.0
2020-10-28 00:00:00+09:00,66233.0,68872.0,66142.0,68781.0,229944.0
2020-10-29 00:00:00+09:00,66869.0,68598.0,66505.0,68417.0,194097.0
2020-10-30 00:00:00+09:00,68505.0,69325.0,66778.0,67052.0,243379.0
2020-11-02 00:00:00+09:00,67415.0,68960.0,66414.0,68508.0,190644.0
2020-11-03 00:00:00+09:00,68780.0,71872.0,68688.0,71055.0,400159.0
2020-11-04 00:00:00+09:00,72419.0,73329.0,70691.0,71237.0,411453.0
2020-11-05 00:00:00+09:00,73055.0,75329.0,72146.0,74967.0,580149.0
2020-11-06 00:00:00+09:00,76875.0,78513.0,74602.0,76332.0,1070372.0
2020-11-09 00:00:00+09:00,73329.0,75693.0,73329.0,74422.0,1826627.0
2020-11-10 00:00:00+09:00,74602.0,75421.0,73329.0,73785.0,775127.0
2020-11-11 00:00:00+09:00,73875.0,73875.0,72328.0,72693.0,486297.0
2020-11-12 00:00:00+09:00,72874.0,73602.0,72328.0,73512.0,402714.0
2020-11-13 00:00:00+09:00,72964.0,73419.0,71691.0,73148.0,341793.0
2020-11-16 00:00:00+09:00,72963.0,72963.0,71873.0,72420.0,362330.0
2020-11-17 00:00:00+09:00,72965.0,73147.0,72419.0,72784.0,196054.0
2020-11-18 00:00:00+09:00,72874.0,73510.0,72601.0,72875.0,193781.0
2020-11-19 00:00:00+09:00,72872.0,73237.0,72327.0,72511.0,202544.0
2020-11-20 00:00:00+09:00,72510.0,72784.0,72328.0,72784.0,177335.0
2020-11-23 00:00:00+09:00,73693.0,74149.0,73056.0,73330.0,314918.0
2020-11-24 00:00:00+09:00,73783.0,77150.0,73329.0,76969.0,814499.0
2020-11-25 00:00:00+09:00,78060.0,80515.0,76604.0,78788.0,1132441.0
2020-11-26 00:00:00+09:00,79335.0,80244.0,78698.0,79335.0,442968.0
2020-11-27 00:00:00+09:00,79879.0,84062.0,79514.0,83428.0,1330792.0
2020-11-30 00:00:00+09:00,84520.0,85157.0,82336.0,83247.0,825579.0
2020-12-01 00:00:00+09:00,82063.0,83338.0,80699.0,83338.0,636146.0
2020-12-02 00:00:00+09:00,84429.0,88432.0,83246.0,88160.0,1123959.0
2020-12-03 00:00:00+09:00,88067.0,92797.0,86793.0,90798.0,1573162.0
2020-12-04 00:00:00+09:00,93253.0,95075.0,88796.0,89707.0,1308147.0
2020-12-07 00:00:00+09:00,89615.0,92344.0,87341.0,91891.0,1354746.0
2020-12-08 00:00:00+09:00,93924.0,95186.0,88207.0,88207.0,1295988.0
2020-12-09 00:00:00+09:00,90145.0,105653.0,88303.0,102262.0,4329301.0
2020-12-10 00:00:00+09:00,99354.0,104685.0,97900.0,102747.0,1750113.0
2020-12-11 00:00:00+09:00,102747.0,103232.0,98869.0,103232.0,910526.0
2020-12-14 00:00:00+09:00,100322.0,101292.0,98869.0,99354.0,558387.0
2020-12-15 00:00:00+09:00,99354.0,99354.0,96252.0,98385.0,530998.0
2020-12-16 00:00:00+09:00,99354.0,102746.0,98384.0,100808.0,831720.0
2020-12-17 00:00:00+09:00,101778.0,103716.0,99838.0,101778.0,603161.0
2020-12-18 00:00:00+09:00,103231.0,104685.0,101292.0,103716.0,766028.0
2020-12-21 00:00:00+09:00,103716.0,106623.0,100808.0,103716.0,640065.0
2020-12-22 00:00:00+09:00,101777.0,105169.0,101291.0,102262.0,590568.0
2020-12-23 00:00:00+09:00,103716.0,104685.0,98869.0,101293.0,502872.0
2020-12-24 00:00:00+09:00,101293.0,102746.0,100323.0,101293.0,393644.0
2020-12-28 00:00:00+09:00,101293.0,102262.0,98870.0,100324.0,552164.0
2020-12-29 00:00:00+09:00,101293.0,102262.0,99354.0,101778.0,497608.0
2020-12-30 00:00:00+09:00,101292.0,101776.0,100323.0,100808.0,364520.0
2021-01-04 00:00:00+09:00,101777.0,119710.0,99354.0,114379.0,2189655.0
2021-01-05 00:00:00+09:00,114378.0,123102.0,111471.0,120195.0,1418106.0
2021-01-06 00:00:00+09:00,121164.0,128434.0,117771.0,124557.0,1484453.0
2021-01-07 00:00:00+09:00,126494.0,127464.0,122617.0,125041.0,702980.0
2021-01-08 00:00:00+09:00,128918.0,128918.0,125041.0,126495.0,738887.0
2021-01-11 00:00:00+09:00,126494.0,131826.0,120679.0,123587.0,1184836.0
2021-01-12 00:00:00+09:00,120679.0,124556.0,117286.0,123587.0,661563.0
2021-01-13 00:00:00+09:00,124072.0,125526.0,121164.0,121649.0,395832.0
2021-01-14 00:00:00+09:00,121648.0,128917.0,121648.0,127464.0,571817.0
2021-01-15 00:00:00+09:00,127948.0,129402.0,123102.0,125041.0,447938.0
2021-01-18 00:00:00+09:00,123102.0,124071.0,118256.0,119710.0,616592.0
2021-01-19 00:00:00+09:00,120194.0,125041.0,119710.0,124072.0,361835.0
2021-01-20 00:00:00+09:00,125526.0,128434.0,123102.0,128434.0,511386.0
2021-01-21 00:00:00+09:00,130856.0,130856.0,125525.0,127949.0,394702.0
2021-01-22 00:00:00+09:00,127949.0,142973.0,126009.0,135219.0,1379970.0
2021-01-25 00:00:00+09:00,135219.0,138611.0,133280.0,135704.0,408984.0
2021-01-26 00:00:00+09:00,136673.0,136673.0,132796.0,134250.0,326823.0
2021-01-27 00:00:00+09:00,134734.0,140065.0,134249.0,137642.0,477647.0
2021-01-28 00:00:00+09:00,133280.0,135704.0,131826.0,135704.0,476759.0
2021-01-29 00:00:00+09:00,138126.0,138611.0,127948.0,130372.0,516002.0
2021-02-01 00:00:00+09:00,127948.0,131341.0,126494.0,130372.0,580507.0
2021-02-02 00:00:00+09:00,132310.0,133764.0,128918.0,130857.0,467572.0
2021-02-03 00:00:00+09:00,130857.0,135704.0,130857.0,135704.0,763362.0
2021-02-04 00:00:00+09:00,134733.0,136187.0,130856.0,131826.0,455843.0
2021-02-05 00:00:00+09:00,132795.0,135703.0,129887.0,135219.0,514026.0
2021-02-08 00:00:00+09:00,134249.0,136672.0,132795.0,135219.0,383204.0
2021-02-09 00:00:00+09:00,137642.0,142973.0,135703.0,137642.0,805698.0
2021-02-10 00:00:00+09:00,137642.0,142489.0,135703.0,142489.0,580395.0
2021-02-15 00:00:00+09:00,145397.0,148304.0,143943.0,145397.0,514090.0
2021-02-16 00:00:00+09:00,145396.0,150242.0,143457.0,148789.0,418854.0
2021-02-17 00:00:00+09:00,149759.0,156544.0,147820.0,155575.0,748533.0
2021-02-18 00:00:00+09:00,154605.0,159451.0,151697.0,157513.0,615102.0
2021-02-19 00:00:00+09:00,156059.0,171568.0,154605.0,168176.0,974901.0
2021-02-22 00:00:00+09:00,168660.0,178838.0,162360.0,162360.0,1295155.0
2021-02-23 00:00:00+09:00,159936.0,167206.0,155089.0,164783.0,1036750.0
2021-02-24 00:00:00+09:00,167205.0,168659.0,151212.0,153151.0,1171578.0
2021-02-25 00:00:00+09:00,157997.0,159451.0,152181.0,157513.0,594461.0
2021-02-26 00:00:00+09:00,153151.0,156058.0,150727.0,153151.0,646473.0
2021-03-02 00:00:00+09:00,158482.0,159451.0,146850.0,150243.0,729399.0
2021-03-03 00:00:00+09:00,149273.0,153150.0,147335.0,151697.0,477480.0
2021-03-04 00:00:00+09:00,166722.0,170114.0,154121.0,154121.0,1865801.0
2021-03-05 00:00:00+09:00,151212.0,158966.0,148304.0,156059.0,676099.0
2021-03-08 00:00:00+09:00,156059.0,157997.0,146366.0,146366.0,572823.0
2021-03-09 00:00:00+09:00,142973.0,144427.0,134249.0,137642.0,1167428.0
2021-03-10 00:00:00+09:00,143942.0,143942.0,137642.0,140550.0,604236.0
2021-03-11 00:00:00+09:00,140065.0,149274.0,139581.0,148305.0,736745.0
2021-03-12 00:00:00+09:00,153151.0,155574.0,149274.0,152667.0,369512.0
2021-03-15 00:00:00+09:00,152182.0,154605.0,149274.0,152667.0,226628.0
2021-03-16 00:00:00+09:00,153636.0,155090.0,146851.0,148305.0,524213.0
2021-03-17 00:00:00+09:00,145881.0,145881.0,139581.0,142489.0,637158.0
2021-03-18 00:00:00+09:00,144911.0,147335.0,142488.0,143458.0,338021.0
2021-03-19 00:00:00+09:00,139580.0,145881.0,138611.0,144912.0,345445.0
2021-03-22 00:00:00+09:00,146366.0,146366.0,141035.0,141520.0,236665.0
2021-03-23 00:00:00+09:00,143458.0,143943.0,137158.0,138612.0,346764.0
2021-03-24 00:00:00+09:00,136188.0,144427.0,135703.0,143458.0,378829.0
2021-03-25 00:00:00+09:00,142973.0,144911.0,141034.0,142004.0,251635.0
2021-03-26 00:00:00+09:00,143458.0,143458.0,140066.0,141520.0,195945.0
2021-03-29 00:00:00+09:00,141035.0,142973.0,138612.0,141520.0,228504.0
2021-03-30 00:00:00+09:00,143458.0,151212.0,142489.0,149759.0,593572.0
2021-03-31 00:00:00+09:00,150727.0,150727.0,146850.0,150243.0,322672.0
2021-04-01 00:00:00+09:00,152181.0,154120.0,150243.0,150728.0,277805.0
2021-04-02 00:00:00+09:00,153636.0,157997.0,152666.0,153636.0,494149.0
2021-04-05 00:00:00+09:00,154605.0,160420.0,151697.0,157513.0,611803.0
2021-04-06 00:00:00+09:00,159936.0,160420.0,154120.0,154605.0,358830.0
2021-04-07 00:00:00+09:00,155574.0,158967.0,154120.0,157998.0,317031.0
2021-04-08 00:00:00+09:00,157513.0,159936.0,155090.0,155090.0,453061.0
2021-04-09 00:00:00+09:00,155574.0,156543.0,154120.0,156059.0,189140.0
2021-04-12 00:00:00+09:00,159452.0,165752.0,156544.0,163814.0,894614.0
2021-04-13 00:00:00+09:00,164298.0,165268.0,159937.0,161391.0,488482.0
2021-04-14 00:00:00+09:00,162360.0,166237.0,160421.0,163814.0,430742.0
2021-04-15 00:00:00+09:00,164783.0,167206.0,162360.0,163814.0,340183.0
2021-04-16 00:00:00+09:00,164783.0,166236.0,163813.0,164783.0,209061.0
2021-04-19 00:00:00+09:00,166236.0,166721.0,160905.0,161875.0,455202.0
2021-04-20 00:00:00+09:00,161390.0,164298.0,158967.0,161875.0,350077.0
2021-04-21 00:00:00+09:00,161875.0,162844.0,159936.0,161875.0,270469.0
2021-04-22 00:00:00+09:00,163329.0,163814.0,159937.0,159937.0,278916.0
2021-04-23 00:00:00+09:00,158482.0,159452.0,157029.0,157029.0,297277.0
2021-04-26 00:00:00+09:00,157028.0,162359.0,153151.0,160421.0,501867.0
2021-04-27 00:00:00+09:00,158966.0,159451.0,153635.0,154605.0,615918.0
2021-04-28 00:00:00+09:00,154120.0,154120.0,150243.0,150728.0,383962.0
2021-04-29 00:00:00+09:00,151212.0,152666.0,147335.0,147335.0,369633.0
2021-04-30 00:00:00+09:00,146366.0,147820.0,142489.0,144428.0,408216.0
2021-05-03 00:00:00+09:00,141519.0,144427.0,138126.0,139096.0,466730.0
2021-05-04 00:00:00+09:00,136672.0,145396.0,136672.0,144912.0,366089.0
2021-05-06 00:00:00+09:00,143458.0,145881.0,142488.0,144912.0,251846.0
2021-05-07 00:00:00+09:00,144427.0,146850.0,143458.0,145397.0,182731.0
2021-05-10 00:00:00+09:00,147335.0,148304.0,145397.0,146851.0,228655.0
2021-05-11 00:00:00+09:00,145397.0,145881.0,140066.0,141520.0,370519.0
2021-05-12 00:00:00+09:00,141519.0,145396.0,139580.0,142004.0,347200.0
2021-05-13 00:00:00+09:00,138611.0,140550.0,136672.0,140550.0,589338.0
2021-05-14 00:00:00+09:00,140550.0,143942.0,138611.0,142004.0,242603.0
2021-05-17 00:00:00+09:00,142973.0,143458.0,138127.0,138612.0,212965.0
2021-05-18 00:00:00+09:00,138612.0,140550.0,138127.0,140066.0,149367.0
2021-05-20 00:00:00+09:00,140065.0,143942.0,139581.0,142489.0,235824.0
2021-05-21 00:00:00+09:00,143943.0,146366.0,141035.0,142974.0,254964.0
2021-05-24 00:00:00+09:00,143458.0,143458.0,140065.0,142489.0,173900.0
2021-05-25 00:00:00+09:00,142488.0,144427.0,142488.0,143458.0,137784.0
2021-05-26 00:00:00+09:00,143458.0,146366.0,142974.0,144428.0,181466.0
2021-05-27 00:00:00+09:00,145397.0,145881.0,141519.0,145397.0,568458.0
2021-05-28 00:00:00+09:00,146366.0,146851.0,143943.0,144428.0,156892.0
2021-05-31 00:00:00+09:00,144427.0,144427.0,139096.0,140550.0,413956.0
2021-06-01 00:00:00+09:00,140065.0,141519.0,139096.0,141035.0,167056.0
2021-06-02 00:00:00+09:00,141034.0,141034.0,137642.0,139096.0,334340.0
2021-06-03 00:00:00+09:00,138611.0,141034.0,137157.0,140550.0,292280.0
2021-06-04 00:00:00+09:00,139580.0,140065.0,138126.0,139096.0,124345.0
2021-06-07 00:00:00+09:00,139580.0,140065.0,138126.0,139096.0,209895.0
2021-06-08 00:00:00+09:00,138611.0,139096.0,137158.0,137158.0,189821.0
2021-06-09 00:00:00+09:00,137642.0,138127.0,136673.0,137158.0,159106.0
2021-06-10 00:00:00+09:00,137642.0,140550.0,136188.0,140066.0,326529.0
2021-06-11 00:00:00+09:00,139580.0,143942.0,139096.0,139096.0,592818.0
2021-06-14 00:00:00+09:00,140065.0,142973.0,139581.0,142489.0,257949.0
2021-06-15 00:00:00+09:00,142488.0,142973.0,139096.0,140550.0,251255.0
2021-06-16 00:00:00+09:00,139581.0,140066.0,138127.0,140066.0,166112.0
2021-06-17 00:00:00+09:00,140550.0,145396.0,140065.0,142489.0,499617.0
2021-06-18 00:00:00+09:00,142488.0,146850.0,142488.0,144912.0,408851.0
2021-06-21 00:00:00+09:00,143458.0,146851.0,142004.0,142974.0,306769.0
2021-06-22 00:00:00+09:00,144427.0,144427.0,141035.0,141035.0,204112.0
2021-06-23 00:00:00+09:00,142004.0,146365.0,141034.0,144912.0,382165.0
2021-06-24 00:00:00+09:00,145881.0,146850.0,142004.0,142004.0,357318.0
2021-06-25 00:00:00+09:00,143457.0,143942.0,141519.0,142004.0,205949.0
2021-06-28 00:00:00+09:00,142004.0,142004.0,139096.0,139581.0,323554.0
2021-06-29 00:00:00+09:00,140065.0,141519.0,139580.0,140550.0,165063.0
2021-06-30 00:00:00+09:00,141034.0,142004.0,139096.0,139581.0,237019.0
2021-07-01 00:00:00+09:00,140065.0,144427.0,139580.0,143458.0,446243.0
2021-07-02 00:00:00+09:00,142973.0,144427.0,140550.0,141035.0,223108.0
2021-07-05 00:00:00+09:00,141519.0,142004.0,140550.0,141035.0,121771.0
2021-07-06 00:00:00+09:00,141519.0,142973.0,141035.0,142489.0,188022.0
2021-07-07 00:00:00+09:00,142004.0,144912.0,140550.0,144428.0,379205.0
2021-07-08 00:00:00+09:00,145397.0,154605.0,144912.0,154121.0,1741990.0
2021-07-09 00:00:00+09:00,152182.0,155089.0,147820.0,153636.0,888771.0
2021-07-12 00:00:00+09:00,156059.0,157997.0,151212.0,156544.0,686073.0
2021-07-13 00:00:00+09:00,157997.0,160420.0,155574.0,156059.0,823214.0
2021-07-14 00:00:00+09:00,155575.0,163329.0,153636.0,159937.0,1048235.0
2021-07-15 00:00:00+09:00,160905.0,161390.0,157028.0,159452.0,632621.0
2021-07-16 00:00:00+09:00,159452.0,162360.0,157998.0,159937.0,510873.0
2021-07-19 00:00:00+09:00,158967.0,161875.0,157029.0,161391.0,497225.0
2021-07-20 00:00:00+09:00,158482.0,161875.0,149274.0,152667.0,1163434.0
2021-07-21 00:00:00+09:00,154120.0,154605.0,149274.0,149759.0,442172.0
2021-07-22 00:00:00+09:00,151212.0,153636.0,148305.0,149759.0,467212.0
2021-07-23 00:00:00+09:00,151212.0,157028.0,150243.0,153151.0,714794.0
2021-07-26 00:00:00+09:00,153151.0,153636.0,149759.0,149759.0,444283.0
2021-07-27 00:00:00+09:00,150727.0,152181.0,147335.0,147820.0,365202.0
2021-07-28 00:00:00+09:00,146366.0,149274.0,146366.0,148305.0,253247.0
2021-07-29 00:00:00+09:00,148789.0,151212.0,147820.0,150728.0,223631.0
2021-07-30 00:00:00+09:00,150727.0,152181.0,149274.0,149274.0,231625.0
2021-08-02 00:00:00+09:00,150243.0,150243.0,147820.0,149274.0,149708.0
2021-08-03 00:00:00+09:00,149274.0,150243.0,147335.0,148305.0,186796.0
2021-08-04 00:00:00+09:00,148305.0,149759.0,145397.0,149759.0,237950.0
2021-08-05 00:00:00+09:00,149759.0,153151.0,149274.0,152667.0,243648.0
2021-08-06 00:00:00+09:00,153151.0,155090.0,151213.0,152667.0,188963.0
2021-08-09 00:00:00+09:00,151697.0,155090.0,149274.0,152667.0,435579.0
2021-08-10 00:00:00+09:00,152666.0,153151.0,147820.0,149759.0,361214.0
2021-08-11 00:00:00+09:00,148304.0,149758.0,147335.0,147335.0,239544.0
2021-08-12 00:00:00+09:00,147820.0,149274.0,146851.0,148305.0,394806.0
2021-08-13 00:00:00+09:00,147819.0,152666.0,147335.0,150243.0,492829.0
2021-08-17 00:00:00+09:00,150728.0,151212.0,141035.0,142489.0,607865.0
2021-08-18 00:00:00+09:00,140550.0,146366.0,139581.0,145397.0,286576.0
2021-08-19 00:00:00+09:00,142488.0,147819.0,142004.0,143458.0,311423.0
2021-08-20 00:00:00+09:00,144427.0,144912.0,137642.0,138612.0,506372.0
2021-08-23 00:00:00+09:00,139095.0,141034.0,131341.0,134734.0,546128.0
2021-08-24 00:00:00+09:00,137642.0,140065.0,133764.0,137642.0,408900.0
2021-08-25 00:00:00+09:00,138127.0,150728.0,136673.0,148305.0,1123149.0
2021-08-26 00:00:00+09:00,148305.0,149274.0,142489.0,144428.0,454775.0
2021-08-27 00:00:00+09:00,143458.0,145396.0,141519.0,144912.0,218323.0
2021-08-30 00:00:00+09:00,147335.0,151212.0,145396.0,147335.0,446234.0
2021-08-31 00:00:00+09:00,147335.0,150728.0,145881.0,150728.0,305003.0
2021-09-01 00:00:00+09:00,149274.0,150728.0,148789.0,150728.0,186130.0
2021-09-02 00:00:00+09:00,150727.0,150727.0,145881.0,145881.0,336942.0
2021-09-03 00:00:00+09:00,145881.0,147335.0,142488.0,146366.0,261287.0
2021-09-06 00:00:00+09:00,145881.0,148304.0,144912.0,145397.0,172729.0
2021-09-07 00:00:00+09:00,144911.0,150242.0,144427.0,148789.0,300773.0
2021-09-08 00:00:00+09:00,148304.0,151212.0,146850.0,148789.0,264100.0
2021-09-09 00:00:00+09:00,151697.0,158482.0,148789.0,149274.0,1180652.0
2021-09-10 00:00:00+09:00,148789.0,150727.0,146850.0,149274.0,373681.0
2021-09-13 00:00:00+09:00,149273.0,154604.0,144427.0,153151.0,1098410.0
2021-09-14 00:00:00+09:00,154120.0,154120.0,149274.0,149759.0,511791.0
2021-09-15 00:00:00+09:00,150243.0,157997.0,149274.0,156544.0,970842.0
2021-09-16 00:00:00+09:00,158482.0,160905.0,155090.0,157998.0,923851.0
2021-09-17 00:00:00+09:00,157028.0,157512.0,153151.0,156059.0,441027.0
2021-09-23 00:00:00+09:00,153151.0,155574.0,151697.0,153151.0,393773.0
2021-09-24 00:00:00+09:00,156059.0,160421.0,153636.0,157029.0,740637.0
2021-09-27 00:00:00+09:00,157997.0,168175.0,155574.0,165752.0,1540806.0
2021-09-28 00:00:00+09:00,165752.0,167206.0,158967.0,160421.0,639879.0
2021-09-29 00:00:00+09:00,156544.0,173991.0,155090.0,172053.0,1341104.0
2021-09-30 00:00:00+09:00,169629.0,175929.0,167690.0,171568.0,991239.0
2021-10-01 00:00:00+09:00,172537.0,177383.0,170598.0,173022.0,751441.0
2021-10-05 00:00:00+09:00,171083.0,175930.0,167691.0,170599.0,807296.0
2021-10-06 00:00:00+09:00,173022.0,174476.0,156059.0,157029.0,1078672.0
2021-10-07 00:00:00+09:00,159936.0,161875.0,153151.0,158483.0,611775.0
2021-10-08 00:00:00+09:00,160421.0,167206.0,144427.0,152667.0,2831624.0
2021-10-12 00:00:00+09:00,151212.0,155574.0,149758.0,150243.0,663956.0
2021-10-13 00:00:00+09:00,150727.0,154604.0,147819.0,151697.0,600127.0
2021-10-14 00:00:00+09:00,154120.0,158967.0,152666.0,158967.0,752879.0
2021-10-15 00:00:00+09:00,160421.0,160906.0,154605.0,157029.0,382706.0
2021-10-18 00:00:00+09:00,156544.0,158967.0,154121.0,155575.0,342334.0
2021-10-19 00:00:00+09:00,157029.0,159452.0,155090.0,157029.0,419271.0
2021-10-20 00:00:00+09:00,157513.0,157513.0,150243.0,150728.0,699185.0
2021-10-21 00:00:00+09:00,150728.0,151212.0,145881.0,148305.0,615679.0
2021-10-22 00:00:00+09:00,146850.0,148789.0,142488.0,143458.0,645574.0
2021-10-25 00:00:00+09:00,142488.0,146850.0,139580.0,145881.0,553269.0
2021-10-26 00:00:00+09:00,148304.0,148788.0,144911.0,145881.0,261234.0
2021-10-27 00:00:00+09:00,145881.0,146366.0,143943.0,144428.0,232558.0
2021-10-28 00:00:00+09:00,144427.0,144427.0,140550.0,141035.0,300414.0
2021-10-29 00:00:00+09:00,141035.0,144427.0,140065.0,141035.0,262330.0
2021-11-01 00:00:00+09:00,140550.0,141519.0,136673.0,140066.0,312261.0
2021-11-02 00:00:00+09:00,140550.0,142489.0,139581.0,140066.0,204596.0
2021-11-03 00:00:00+09:00,140550.0,144427.0,140550.0,140550.0,260821.0
2021-11-04 00:00:00+09:00,142973.0,142973.0,140066.0,141520.0,231853.0
2021-11-05 00:00:00+09:00,143458.0,146365.0,141519.0,144912.0,473531.0
2021-11-08 00:00:00+09:00,145396.0,145396.0,139580.0,140550.0,302354.0
2021-11-09 00:00:00+09:00,140066.0,141519.0,138612.0,140066.0,276223.0
2021-11-10 00:00:00+09:00,139581.0,140550.0,135704.0,135704.0,325899.0
2021-11-11 00:00:00+09:00,135704.0,138611.0,134734.0,135704.0,367496.0
2021-11-12 00:00:00+09:00,137157.0,141034.0,135703.0,138127.0,304795.0
2021-11-15 00:00:00+09:00,138611.0,143458.0,138611.0,141035.0,311706.0
2021-11-16 00:00:00+09:00,141035.0,142004.0,139096.0,141035.0,191821.0
2021-11-17 00:00:00+09:00,142004.0,143458.0,137642.0,138612.0,312084.0
2021-11-18 00:00:00+09:00,138611.0,140065.0,136672.0,139096.0,253973.0
2021-11-19 00:00:00+09:00,138611.0,142973.0,138127.0,142489.0,250454.0
2021-11-22 00:00:00+09:00,142488.0,142488.0,138611.0,141035.0,261300.0
2021-11-23 00:00:00+09:00,139581.0,145881.0,139581.0,145397.0,409075.0
2021-11-24 00:00:00+09:00,146366.0,149273.0,143458.0,147820.0,507773.0
2021-11-25 00:00:00+09:00,150243.0,159452.0,148789.0,158483.0,1616930.0
2021-11-26 00:00:00+09:00,159452.0,166237.0,152667.0,154121.0,1187253.0
2021-11-29 00:00:00+09:00,149758.0,154604.0,148789.0,150243.0,700407.0
2021-11-30 00:00:00+09:00,153151.0,160421.0,150728.0,152667.0,1238674.0
2021-12-01 00:00:00+09:00,155574.0,156059.0,143458.0,152667.0,1113809.0
2021-12-02 00:00:00+09:00,148305.0,151697.0,141035.0,144428.0,1313704.0
2021-12-03 00:00:00+09:00,146366.0,149274.0,144427.0,145397.0,534610.0
2021-12-06 00:00:00+09:00,143458.0,144911.0,141519.0,143458.0,379189.0
2021-12-07 00:00:00+09:00,143942.0,144911.0,140550.0,142004.0,360644.0
2021-12-08 00:00:00+09:00,143457.0,144427.0,142004.0,142004.0,402285.0
2021-12-09 00:00:00+09:00,142973.0,145881.0,142004.0,144912.0,390305.0
2021-12-10 00:00:00+09:00,143457.0,144427.0,140550.0,140550.0,377301.0
2021-12-13 00:00:00+09:00,141519.0,142489.0,140066.0,140066.0,302885.0
2021-12-14 00:00:00+09:00,139580.0,142488.0,138611.0,140550.0,255201.0
2021-12-15 00:00:00+09:00,140550.0,141519.0,138612.0,140066.0,209438.0
2021-12-16 00:00:00+09:00,142003.0,142003.0,140065.0,140550.0,153545.0
2021-12-17 00:00:00+09:00,139581.0,142973.0,139096.0,141035.0,227835.0
2021-12-20 00:00:00+09:00,140065.0,140550.0,138127.0,138127.0,215979.0
2021-12-21 00:00:00+09:00,138611.0,139096.0,134734.0,138127.0,352949.0
2021-12-22 00:00:00+09:00,139096.0,140550.0,136673.0,136673.0,206717.0
2021-12-23 00:00:00+09:00,138127.0,141519.0,137642.0,138127.0,261116.0
2021-12-24 00:00:00+09:00,139096.0,140550.0,138611.0,139581.0,222334.0
2021-12-27 00:00:00+09:00,139580.0,141034.0,137642.0,137642.0,178721.0
2021-12-28 00:00:00+09:00,138126.0,139580.0,137157.0,137642.0,373496.0
2021-12-29 00:00:00+09:00,140550.0,140550.0,137642.0,138127.0,256537.0
2021-12-30 00:00:00+09:00,138127.0,140065.0,136673.0,139581.0,233718.0
2022-01-03 00:00:00+09:00,139580.0,140549.0,138126.0,139096.0,170008.0
2022-01-04 00:00:00+09:00,140065.0,140549.0,137642.0,137642.0,175456.0
2022-01-05 00:00:00+09:00,137157.0,137642.0,132795.0,133765.0,477784.0
2022-01-06 00:00:00+09:00,131341.0,133765.0,128918.0,129888.0,398121.0
2022-01-07 00:00:00+09:00,129402.0,130856.0,128433.0,129403.0,264845.0
2022-01-10 00:00:00+09:00,128918.0,129402.0,124071.0,126495.0,310949.0
2022-01-11 00:00:00+09:00,126495.0,127464.0,122133.0,122618.0,374640.0
2022-01-12 00:00:00+09:00,124072.0,129403.0,124072.0,128434.0,305850.0
2022-01-13 00:00:00+09:00,130372.0,131826.0,127464.0,127949.0,275402.0
2022-01-14 00:00:00+09:00,126495.0,127464.0,124072.0,126011.0,172621.0
2022-01-17 00:00:00+09:00,125041.0,126979.0,123587.0,124072.0,156239.0
2022-01-18 00:00:00+09:00,123587.0,126010.0,122618.0,122618.0,138743.0
2022-01-19 00:00:00+09:00,120679.0,124556.0,120679.0,121649.0,197338.0
2022-01-20 00:00:00+09:00,120679.0,123587.0,120679.0,123587.0,174699.0
2022-01-21 00:00:00+09:00,123587.0,125526.0,122133.0,123103.0,206823.0
2022-01-24 00:00:00+09:00,124072.0,125041.0,119710.0,120195.0,252958.0
2022-01-25 00:00:00+09:00,120194.0,121163.0,115832.0,116317.0,332040.0
2022-01-26 00:00:00+09:00,115832.0,117286.0,112440.0,112925.0,410400.0
2022-01-27 00:00:00+09:00,112440.0,112925.0,103716.0,104686.0,767652.0
2022-01-28 00:00:00+09:00,103231.0,109532.0,99839.0,107109.0,739789.0
2022-02-03 00:00:00+09:00,110016.0,111470.0,108563.0,108563.0,251792.0
2022-02-04 00:00:00+09:00,107593.0,110501.0,107108.0,110501.0,144644.0
2022-02-07 00:00:00+09:00,110985.0,110985.0,106139.0,108078.0,281215.0
2022-02-08 00:00:00+09:00,108563.0,110501.0,106140.0,107594.0,241742.0
2022-02-09 00:00:00+09:00,108562.0,111955.0,108077.0,111955.0,204488.0
2022-02-10 00:00:00+09:00,112439.0,112924.0,109532.0,109532.0,235595.0
2022-02-11 00:00:00+09:00,106624.0,110985.0,106139.0,109532.0,187437.0
2022-02-14 00:00:00+09:00,106624.0,108078.0,104685.0,105655.0,225697.0
2022-02-15 00:00:00+09:00,105170.0,107593.0,103716.0,105655.0,158913.0
2022-02-16 00:00:00+09:00,108078.0,110986.0,108078.0,110986.0,163811.0
2022-02-17 00:00:00+09:00,111471.0,114863.0,108563.0,111471.0,344079.0
2022-02-18 00:00:00+09:00,108562.0,112924.0,108078.0,112440.0,181587.0
2022-02-21 00:00:00+09:00,110017.0,111955.0,108563.0,111471.0,197585.0
2022-02-22 00:00:00+09:00,109047.0,110985.0,108562.0,109532.0,189887.0
2022-02-23 00:00:00+09:00,109532.0,110501.0,108563.0,110017.0,165554.0
2022-02-24 00:00:00+09:00,108563.0,110017.0,104686.0,106140.0,269768.0
2022-02-25 00:00:00+09:00,108077.0,110985.0,108077.0,110501.0,202768.0
2022-02-28 00:00:00+09:00,110501.0,110986.0,108563.0,110017.0,194318.0
2022-03-02 00:00:00+09:00,110501.0,111470.0,109047.0,110986.0,221673.0
2022-03-03 00:00:00+09:00,112440.0,114378.0,111470.0,113894.0,200097.0
2022-03-04 00:00:00+09:00,113409.0,113409.0,110986.0,111471.0,115445.0
2022-03-07 00:00:00+09:00,109532.0,109532.0,106140.0,107594.0,334015.0
2022-03-08 00:00:00+09:00,108078.0,109047.0,98869.0,99839.0,1017365.0
2022-03-10 00:00:00+09:00,102261.0,102746.0,98384.0,100808.0,666541.0
2022-03-11 00:00:00+09:00,100323.0,100323.0,96930.0,97900.0,561256.0
2022-03-14 00:00:00+09:00,96834.0,96931.0,93150.0,95865.0,604806.0
2022-03-15 00:00:00+09:00,94119.0,96058.0,93247.0,93635.0,383066.0
2022-03-16 00:00:00+09:00,94895.0,95670.0,93925.0,94992.0,311330.0
2022-03-17 00:00:00+09:00,97416.0,104685.0,96931.0,103232.0,748608.0
2022-03-18 00:00:00+09:00,103715.0,103715.0,100808.0,102262.0,347466.0
2022-03-21 00:00:00+09:00,103231.0,104200.0,102262.0,102747.0,252904.0
2022-03-22 00:00:00+09:00,102746.0,104200.0,100808.0,103716.0,190849.0
2022-03-23 00:00:00+09:00,105655.0,107594.0,105655.0,107594.0,387139.0
2022-03-24 00:00:00+09:00,107108.0,109532.0,104685.0,109532.0,241869.0
2022-03-25 00:00:00+09:00,110016.0,114378.0,108562.0,113894.0,478604.0
2022-03-28 00:00:00+09:00,113893.0,115347.0,111470.0,113409.0,311636.0
2022-03-29 00:00:00+09:00,114863.0,119225.0,114379.0,117287.0,406196.0
2022-03-30 00:00:00+09:00,118740.0,119225.0,115348.0,115833.0,289836.0
2022-03-31 00:00:00+09:00,114378.0,117771.0,114378.0,116802.0,239177.0
2022-04-01 00:00:00+09:00,115833.0,117286.0,114863.0,115833.0,202720.0
2022-04-04 00:00:00+09:00,116317.0,119225.0,115348.0,118741.0,193286.0
2022-04-05 00:00:00+09:00,120194.0,121163.0,118255.0,120679.0,284824.0
2022-04-06 00:00:00+09:00,118255.0,123102.0,118255.0,120679.0,323114.0
2022-04-07 00:00:00+09:00,118741.0,120679.0,117287.0,120195.0,348702.0
2022-04-08 00:00:00+09:00,122132.0,135703.0,121163.0,134734.0,2000212.0
2022-04-11 00:00:00+09:00,134249.0,134249.0,121648.0,122618.0,1354676.0
2022-04-12 00:00:00+09:00,119709.0,124071.0,118255.0,122133.0,456287.0
2022-04-13 00:00:00+09:00,122618.0,124556.0,121164.0,123103.0,309618.0
2022-04-14 00:00:00+09:00,123587.0,128918.0,123102.0,126495.0,623304.0
2022-04-15 00:00:00+09:00,125525.0,128918.0,125041.0,126495.0,295754.0
2022-04-18 00:00:00+09:00,126979.0,132311.0,125526.0,125526.0,436538.0
2022-04-19 00:00:00+09:00,127464.0,127949.0,125041.0,126011.0,251720.0
2022-04-20 00:00:00+09:00,126979.0,126979.0,122133.0,122618.0,354722.0
2022-04-21 00:00:00+09:00,123103.0,126980.0,123103.0,126011.0,291342.0
2022-04-22 00:00:00+09:00,123586.0,124071.0,122133.0,122133.0,274019.0
2022-04-25 00:00:00+09:00,119225.0,125525.0,116317.0,123587.0,596887.0
2022-04-26 00:00:00+09:00,125041.0,129403.0,125041.0,126980.0,544650.0
2022-04-27 00:00:00+09:00,122617.0,129887.0,122133.0,129403.0,453884.0
2022-04-28 00:00:00+09:00,130372.0,130857.0,126980.0,129888.0,293132.0
2022-04-29 00:00:00+09:00,128918.0,131826.0,128433.0,131826.0,361750.0
2022-05-02 00:00:00+09:00,129887.0,133280.0,129887.0,130857.0,243126.0
2022-05-03 00:00:00+09:00,131826.0,132311.0,127949.0,129888.0,305159.0
2022-05-04 00:00:00+09:00,129887.0,131826.0,127949.0,128434.0,208228.0
2022-05-06 00:00:00+09:00,126010.0,127948.0,124556.0,126495.0,197999.0
2022-05-09 00:00:00+09:00,125526.0,125526.0,122133.0,123103.0,261405.0
2022-05-10 00:00:00+09:00,119710.0,123102.0,118256.0,122618.0,383989.0
2022-05-11 00:00:00+09:00,122618.0,123102.0,118741.0,120195.0,252034.0
2022-05-12 00:00:00+09:00,119225.0,124071.0,117286.0,119710.0,375589.0
2022-05-13 00:00:00+09:00,120679.0,124556.0,120679.0,123103.0,349430.0
2022-05-16 00:00:00+09:00,124556.0,125525.0,119710.0,119710.0,289785.0
2022-05-17 00:00:00+09:00,119225.0,120679.0,117771.0,120195.0,256978.0
2022-05-18 00:00:00+09:00,121648.0,124072.0,119225.0,120195.0,320706.0
2022-05-19 00:00:00+09:00,116802.0,126010.0,116802.0,124557.0,463044.0
2022-05-20 00:00:00+09:00,125041.0,134249.0,123587.0,132311.0,1214227.0
2022-05-23 00:00:00+09:00,132795.0,132795.0,127464.0,129403.0,439037.0
2022-05-24 00:00:00+09:00,128433.0,129403.0,123587.0,124072.0,435004.0
2022-05-25 00:00:00+09:00,125525.0,129887.0,122617.0,129403.0,562318.0
2022-05-26 00:00:00+09:00,129887.0,131825.0,127464.0,128918.0,425224.0
2022-05-27 00:00:00+09:00,131826.0,131826.0,122133.0,124557.0,1052658.0
2022-05-30 00:00:00+09:00,127464.0,128918.0,125525.0,127949.0,513506.0
2022-05-31 00:00:00+09:00,128918.0,129402.0,125041.0,126495.0,715104.0
2022-06-02 00:00:00+09:00,127464.0,131341.0,126979.0,130857.0,642944.0
2022-06-03 00:00:00+09:00,131341.0,131341.0,128434.0,129888.0,276926.0
2022-06-07 00:00:00+09:00,129402.0,129887.0,124071.0,125041.0,458483.0
2022-06-08 00:00:00+09:00,126495.0,126979.0,125041.0,125526.0,167827.0
2022-06-09 00:00:00+09:00,124556.0,128918.0,124072.0,128434.0,376683.0
2022-06-10 00:00:00+09:00,126495.0,126979.0,125041.0,126495.0,185086.0
2022-06-13 00:00:00+09:00,123586.0,125525.0,122133.0,122133.0,316657.0
2022-06-14 00:00:00+09:00,119225.0,124071.0,118740.0,122618.0,340798.0
2022-06-15 00:00:00+09:00,123102.0,127949.0,120679.0,121649.0,445994.0
2022-06-16 00:00:00+09:00,124556.0,125525.0,122618.0,122618.0,280009.0
2022-06-17 00:00:00+09:00,119710.0,124071.0,119225.0,122618.0,256362.0
2022-06-20 00:00:00+09:00,123587.0,124072.0,118256.0,121649.0,272142.0
2022-06-21 00:00:00+09:00,122132.0,122617.0,118740.0,120679.0,240286.0
2022-06-22 00:00:00+09:00,122132.0,122132.0,114378.0,114863.0,367435.0
2022-06-23 00:00:00+09:00,113409.0,116317.0,108078.0,108563.0,520154.0
2022-06-24 00:00:00+09:00,108562.0,111955.0,107108.0,110986.0,394804.0
2022-06-27 00:00:00+09:00,111955.0,114863.0,111470.0,112440.0,249644.0
2022-06-28 00:00:00+09:00,112439.0,114862.0,112439.0,113409.0,132386.0
2022-06-29 00:00:00+09:00,111470.0,112439.0,107593.0,110986.0,309393.0
2022-06-30 00:00:00+09:00,112439.0,112924.0,102262.0,103716.0,524579.0
2022-07-01 00:00:00+09:00,104200.0,105169.0,99354.0,100808.0,505936.0
2022-07-04 00:00:00+09:00,100808.0,101292.0,97415.0,99839.0,348320.0
2022-07-05 00:00:00+09:00,100323.0,104200.0,99838.0,103716.0,234152.0
2022-07-06 00:00:00+09:00,103231.0,105654.0,100808.0,102747.0,259189.0
2022-07-07 00:00:00+09:00,103716.0,105170.0,102262.0,104686.0,203011.0
2022-07-08 00:00:00+09:00,106139.0,108562.0,104685.0,105655.0,229515.0
2022-07-11 00:00:00+09:00,106624.0,106624.0,104201.0,104686.0,112536.0
2022-07-12 00:00:00+09:00,103231.0,103715.0,99838.0,100808.0,209329.0
2022-07-13 00:00:00+09:00,100808.0,105170.0,100323.0,105170.0,246479.0
2022-07-14 00:00:00+09:00,105654.0,108562.0,105170.0,106624.0,327653.0
2022-07-15 00:00:00+09:00,107108.0,107108.0,104685.0,105655.0,161324.0
2022-07-18 00:00:00+09:00,106624.0,109047.0,103716.0,108563.0,242742.0
2022-07-19 00:00:00+09:00,108078.0,111470.0,107109.0,110017.0,194732.0
2022-07-20 00:00:00+09:00,112440.0,116317.0,111955.0,114379.0,328345.0
2022-07-21 00:00:00+09:00,114862.0,116801.0,113409.0,114863.0,364779.0
2022-07-22 00:00:00+09:00,115347.0,116801.0,111470.0,112440.0,376670.0
2022-07-25 00:00:00+09:00,112440.0,114378.0,112440.0,113894.0,155058.0
2022-07-26 00:00:00+09:00,113893.0,118740.0,112439.0,114863.0,353346.0
2022-07-27 00:00:00+09:00,114863.0,115347.0,110986.0,112440.0,362552.0
2022-07-28 00:00:00+09:00,114863.0,134734.0,113894.0,131342.0,4546571.0
2022-07-29 00:00:00+09:00,130856.0,132310.0,126494.0,127464.0,1010329.0
2022-08-01 00:00:00+09:00,128433.0,130856.0,127464.0,129403.0,669837.0
2022-08-02 00:00:00+09:00,130372.0,131826.0,127464.0,129403.0,486938.0
2022-08-03 00:00:00+09:00,129403.0,132795.0,128433.0,132311.0,530357.0
2022-08-04 00:00:00+09:00,133765.0,135703.0,130372.0,131342.0,551423.0
2022-08-05 00:00:00+09:00,131826.0,133764.0,131341.0,132311.0,347181.0
2022-08-08 00:00:00+09:00,132795.0,141034.0,132310.0,139096.0,1231689.0
2022-08-09 00:00:00+09:00,140065.0,151212.0,139581.0,146851.0,1958386.0
2022-08-10 00:00:00+09:00,148305.0,150728.0,145881.0,148305.0,877753.0
2022-08-11 00:00:00+09:00,151697.0,159452.0,150243.0,155575.0,1693427.0
2022-08-12 00:00:00+09:00,154605.0,157028.0,152666.0,155090.0,704990.0
2022-08-16 00:00:00+09:00,156544.0,158482.0,154605.0,157029.0,576060.0
2022-08-17 00:00:00+09:00,156543.0,161875.0,152182.0,153636.0,1221149.0
2022-08-18 00:00:00+09:00,152182.0,156544.0,151212.0,156544.0,549663.0
2022-08-19 00:00:00+09:00,156059.0,156543.0,149758.0,152182.0,802467.0
2022-08-22 00:00:00+09:00,149274.0,156059.0,148789.0,155090.0,847839.0
2022-08-23 00:00:00+09:00,154121.0,157513.0,153151.0,154121.0,563556.0
2022-08-24 00:00:00+09:00,154120.0,160906.0,153636.0,160906.0,1150200.0
2022-08-25 00:00:00+09:00,162360.0,163814.0,157513.0,161391.0,885747.0
2022-08-26 00:00:00+09:00,161875.0,162844.0,157998.0,158483.0,545029.0
2022-08-29 00:00:00+09:00,152666.0,165751.0,152666.0,164298.0,1109561.0
2022-08-30 00:00:00+09:00,165752.0,167206.0,161875.0,162845.0,748018.0
2022-08-31 00:00:00+09:00,161875.0,164298.0,157513.0,162845.0,692308.0
2022-09-01 00:00:00+09:00,161390.0,163813.0,157513.0,157998.0,520078.0
2022-09-02 00:00:00+09:00,159936.0,161875.0,156059.0,159452.0,440822.0
2022-09-05 00:00:00+09:00,158967.0,162844.0,157998.0,159452.0,444820.0
2022-09-06 00:00:00+09:00,158482.0,163814.0,158482.0,163814.0,473709.0
2022-09-07 00:00:00+09:00,162844.0,164783.0,160906.0,163814.0,470545.0
2022-09-08 00:00:00+09:00,165752.0,167206.0,159936.0,163814.0,743240.0
2022-09-13 00:00:00+09:00,165752.0,174476.0,165752.0,173992.0,1224573.0
2022-09-14 00:00:00+09:00,169630.0,181261.0,169145.0,179808.0,1420507.0
2022-09-15 00:00:00+09:00,178354.0,181261.0,174476.0,179808.0,841955.0
2022-09-16 00:00:00+09:00,178353.0,182715.0,170599.0,172053.0,1236009.0
2022-09-19 00:00:00+09:00,174476.0,176414.0,170599.0,172053.0,724486.0
2022-09-20 00:00:00+09:00,174476.0,175445.0,171083.0,173507.0,473813.0
2022-09-21 00:00:00+09:00,172053.0,174476.0,170599.0,173992.0,331889.0
2022-09-22 00:00:00+09:00,172053.0,178353.0,171568.0,177869.0,470952.0
2022-09-23 00:00:00+09:00,177384.0,178353.0,169145.0,169630.0,718945.0
2022-09-26 00:00:00+09:00,166721.0,167691.0,159452.0,160906.0,1123475.0
2022-09-27 00:00:00+09:00,161875.0,164298.0,157998.0,163814.0,831874.0
2022-09-28 00:00:00+09:00,161875.0,162359.0,151212.0,153636.0,1261848.0
2022-09-29 00:00:00+09:00,157028.0,157028.0,148305.0,148305.0,1184074.0
2022-09-30 00:00:00+09:00,145881.0,149274.0,143943.0,145397.0,978523.0
2022-10-04 00:00:00+09:00,147819.0,148789.0,143942.0,148789.0,709137.0
2022-10-05 00:00:00+09:00,151697.0,152182.0,142489.0,142974.0,960229.0
2022-10-06 00:00:00+09:00,143942.0,155574.0,143942.0,153636.0,886335.0
2022-10-07 00:00:00+09:00,152182.0,159451.0,150728.0,156544.0,828371.0
2022-10-11 00:00:00+09:00,153636.0,159451.0,153151.0,157998.0,681708.0
2022-10-12 00:00:00+09:00,158482.0,158967.0,150243.0,157029.0,616509.0
2022-10-13 00:00:00+09:00,156059.0,159936.0,153636.0,153636.0,703421.0
2022-10-14 00:00:00+09:00,157028.0,159451.0,154120.0,155090.0,539984.0
2022-10-17 00:00:00+09:00,152666.0,166236.0,151697.0,165752.0,914647.0
2022-10-18 00:00:00+09:00,169144.0,180291.0,164782.0,177384.0,1966807.0
2022-10-19 00:00:00+09:00,179323.0,189016.0,177869.0,183685.0,2138330.0
2022-10-20 00:00:00+09:00,183200.0,186108.0,180292.0,185139.0,1076353.0
2022-10-21 00:00:00+09:00,183684.0,187561.0,178353.0,181261.0,1025509.0
2022-10-24 00:00:00+09:00,185138.0,188531.0,181745.0,188531.0,1104882.0
2022-10-25 00:00:00+09:00,190470.0,198709.0,188531.0,191924.0,1909605.0
2022-10-26 00:00:00+09:00,192408.0,193377.0,188046.0,189016.0,787897.0
2022-10-27 00:00:00+09:00,190954.0,194831.0,189500.0,192893.0,894619.0
2022-10-28 00:00:00+09:00,190955.0,198224.0,190955.0,193863.0,925294.0
2022-10-31 00:00:00+09:00,196285.0,196770.0,187562.0,193378.0,892301.0
2022-11-01 00:00:00+09:00,193378.0,198224.0,192408.0,197740.0,724657.0
2022-11-02 00:00:00+09:00,197255.0,201132.0,189500.0,191924.0,985748.0
2022-11-03 00:00:00+09:00,186107.0,206947.0,186107.0,205494.0,1608786.0
2022-11-04 00:00:00+09:00,205009.0,208886.0,201617.0,203071.0,888854.0
2022-11-07 00:00:00+09:00,203071.0,211310.0,199678.0,207918.0,869000.0
2022-11-08 00:00:00+09:00,207917.0,209371.0,200163.0,205010.0,940545.0
2022-11-09 00:00:00+09:00,204524.0,209856.0,202586.0,209856.0,657215.0
2022-11-10 00:00:00+09:00,207432.0,218579.0,206948.0,212764.0,1101116.0
2022-11-11 00:00:00+09:00,218580.0,221003.0,211310.0,215188.0,949429.0
2022-11-14 00:00:00+09:00,215671.0,231180.0,215187.0,226819.0,1308876.0
2022-11-15 00:00:00+09:00,228758.0,231665.0,223911.0,228758.0,668067.0
2022-11-16 00:00:00+09:00,227788.0,228273.0,215672.0,218580.0,1249126.0
2022-11-17 00:00:00+09:00,216157.0,220518.0,214218.0,217611.0,618878.0
2022-11-18 00:00:00+09:00,219064.0,222941.0,215187.0,217126.0,639262.0
2022-11-21 00:00:00+09:00,218095.0,219064.0,212764.0,216157.0,465978.0
2022-11-22 00:00:00+09:00,214217.0,218579.0,209856.0,211310.0,646314.0
2022-11-23 00:00:00+09:00,213733.0,215671.0,210340.0,212764.0,418613.0
2022-11-24 00:00:00+09:00,214702.0,220518.0,214218.0,217126.0,489149.0
2022-11-25 00:00:00+09:00,218095.0,220519.0,216157.0,216642.0,330345.0
2022-11-28 00:00:00+09:00,217126.0,220518.0,213733.0,214703.0,490136.0
2022-11-29 00:00:00+09:00,215187.0,218095.0,214218.0,215672.0,269935.0
2022-11-30 00:00:00+09:00,215672.0,215672.0,206463.0,211795.0,898255.0
2022-12-01 00:00:00+09:00,215672.0,217126.0,211795.0,213734.0,502152.0
2022-12-02 00:00:00+09:00,213733.0,213733.0,206464.0,207918.0,537545.0
2022-12-05 00:00:00+09:00,209371.0,210340.0,200162.0,200163.0,877896.0
2022-12-06 00:00:00+09:00,197739.0,202585.0,194346.0,199678.0,531359.0
2022-12-07 00:00:00+09:00,198224.0,205493.0,196285.0,202586.0,438602.0
2022-12-08 00:00:00+09:00,203071.0,204040.0,195316.0,197740.0,590050.0
2022-12-09 00:00:00+09:00,198708.0,199193.0,185623.0,187077.0,1203963.0
2022-12-12 00:00:00+09:00,185138.0,186592.0,178838.0,183685.0,908908.0
2022-12-13 00:00:00+09:00,184654.0,186592.0,180777.0,180777.0,546196.0
2022-12-14 00:00:00+09:00,181746.0,188531.0,181261.0,187562.0,639518.0
2022-12-15 00:00:00+09:00,185138.0,186592.0,181261.0,182231.0,544473.0
2022-12-16 00:00:00+09:00,178353.0,185138.0,176414.0,182715.0,478442.0
2022-12-19 00:00:00+09:00,181261.0,186108.0,180777.0,183685.0,368221.0
2022-12-20 00:00:00+09:00,183199.0,188046.0,181745.0,182715.0,435931.0
2022-12-21 00:00:00+09:00,184653.0,186592.0,180292.0,181746.0,395490.0
2022-12-22 00:00:00+09:00,183684.0,185138.0,180292.0,183200.0,448243.0
2022-12-23 00:00:00+09:00,178353.0,179807.0,173022.0,173022.0,771140.0
2022-12-26 00:00:00+09:00,173022.0,180291.0,173022.0,178838.0,680700.0
2022-12-27 00:00:00+09:00,179807.0,184169.0,178353.0,183200.0,587262.0
2022-12-28 00:00:00+09:00,181261.0,181746.0,171568.0,173507.0,873039.0
2022-12-29 00:00:00+09:00,174476.0,179322.0,173991.0,174476.0,565697.0
2023-01-02 00:00:00+09:00,178837.0,187561.0,177868.0,185623.0,922512.0
2023-01-03 00:00:00+09:00,185138.0,185138.0,178353.0,181746.0,707582.0
2023-01-04 00:00:00+09:00,177868.0,182715.0,171083.0,181746.0,880910.0
2023-01-05 00:00:00+09:00,184654.0,186108.0,177384.0,177869.0,540574.0
2023-01-06 00:00:00+09:00,175929.0,184653.0,175445.0,182715.0,627682.0
2023-01-09 00:00:00+09:00,185138.0,185138.0,181261.0,184654.0,493548.0
2023-01-10 00:00:00+09:00,186592.0,191438.0,181261.0,182715.0,945349.0
2023-01-11 00:00:00+09:00,183684.0,189015.0,182715.0,188531.0,574477.0
2023-01-12 00:00:00+09:00,190954.0,191439.0,186108.0,187562.0,697953.0
2023-01-13 00:00:00+09:00,187562.0,189015.0,186108.0,187562.0,363651.0
2023-01-16 00:00:00+09:00,187077.0,193378.0,187077.0,190955.0,495406.0
2023-01-17 00:00:00+09:00,192408.0,194832.0,189016.0,192409.0,647048.0
2023-01-18 00:00:00+09:00,193378.0,193862.0,187077.0,188047.0,590700.0
2023-01-19 00:00:00+09:00,185623.0,187561.0,178353.0,178838.0,977164.0
2023-01-20 00:00:00+09:00,176414.0,179807.0,173991.0,178838.0,558965.0
2023-01-25 00:00:00+09:00,179613.0,180194.0,174960.0,177190.0,766047.0
2023-01-26 00:00:00+09:00,177384.0,202586.0,177190.0,202102.0,2494790.0
2023-01-27 00:00:00+09:00,203556.0,209856.0,199678.0,205010.0,2026128.0
2023-01-30 00:00:00+09:00,207917.0,213248.0,205978.0,211310.0,1612788.0
2023-01-31 00:00:00+09:00,225849.0,227303.0,215672.0,217126.0,3488232.0
2023-02-01 00:00:00+09:00,217611.0,224396.0,212280.0,216642.0,1568605.0
2023-02-02 00:00:00+09:00,220518.0,222457.0,214702.0,217126.0,926593.0
2023-02-03 00:00:00+09:00,218095.0,224880.0,213249.0,220519.0,1159599.0
2023-02-06 00:00:00+09:00,219549.0,223911.0,217610.0,218580.0,893686.0
2023-02-07 00:00:00+09:00,217610.0,223910.0,216156.0,221003.0,880713.0
2023-02-08 00:00:00+09:00,222457.0,222941.0,217126.0,218580.0,759757.0
2023-02-09 00:00:00+09:00,218095.0,235059.0,216157.0,235059.0,2314001.0
2023-02-10 00:00:00+09:00,236028.0,236028.0,221973.0,221973.0,1632006.0
2023-02-13 00:00:00+09:00,219549.0,227303.0,218580.0,221488.0,997345.0
2023-02-14 00:00:00+09:00,223426.0,224880.0,217126.0,221488.0,779360.0
2023-02-15 00:00:00+09:00,222457.0,227788.0,220034.0,221973.0,1309213.0
2023-02-16 00:00:00+09:00,224396.0,227788.0,220034.0,225850.0,955936.0
2023-02-17 00:00:00+09:00,221488.0,226335.0,214218.0,216642.0,1303612.0
2023-02-20 00:00:00+09:00,214702.0,215672.0,207433.0,210341.0,1920529.0
2023-02-21 00:00:00+09:00,212279.0,218095.0,210341.0,216157.0,1177589.0
2023-02-22 00:00:00+09:00,211795.0,218095.0,208887.0,212280.0,1050891.0
2023-02-23 00:00:00+09:00,213249.0,213733.0,205010.0,210826.0,862940.0
2023-02-24 00:00:00+09:00,210825.0,213248.0,208402.0,208887.0,596195.0
2023-02-27 00:00:00+09:00,206463.0,214702.0,205494.0,213249.0,751023.0
2023-02-28 00:00:00+09:00,215187.0,220033.0,212764.0,214218.0,1092653.0
2023-03-02 00:00:00+09:00,215671.0,217610.0,211309.0,211310.0,1087841.0
2023-03-03 00:00:00+09:00,212764.0,224396.0,211795.0,221973.0,1607227.0
2023-03-06 00:00:00+09:00,228273.0,230696.0,221972.0,227304.0,1470976.0
2023-03-07 00:00:00+09:00,224395.0,261714.0,223911.0,252506.0,4521777.0
2023-03-08 00:00:00+09:00,251051.0,256867.0,247174.0,254929.0,1782255.0
2023-03-09 00:00:00+09:00,252506.0,252506.0,232635.0,244267.0,2288657.0
2023-03-10 00:00:00+09:00,236027.0,245720.0,235542.0,239420.0,914068.0
2023-03-13 00:00:00+09:00,236027.0,241358.0,234088.0,240874.0,925620.0
2023-03-14 00:00:00+09:00,239905.0,242328.0,229242.0,231666.0,958183.0
2023-03-15 00:00:00+09:00,236028.0,238936.0,231181.0,233605.0,886387.0
2023-03-16 00:00:00+09:00,238935.0,266561.0,237481.0,261230.0,3811792.0
2023-03-17 00:00:00+09:00,259776.0,262684.0,244267.0,244752.0,1586564.0
2023-03-20 00:00:00+09:00,239420.0,245720.0,237481.0,239420.0,830433.0
2023-03-21 00:00:00+09:00,241844.0,254929.0,239420.0,241844.0,1143216.0
2023-03-22 00:00:00+09:00,246690.0,251052.0,244267.0,247175.0,866274.0
2023-03-23 00:00:00+09:00,244266.0,260260.0,243782.0,252506.0,1876210.0
2023-03-24 00:00:00+09:00,255898.0,256383.0,241843.0,252991.0,1209085.0
2023-03-27 00:00:00+09:00,258322.0,269469.0,256383.0,257353.0,1672881.0
2023-03-28 00:00:00+09:00,258806.0,259291.0,248144.0,257353.0,885693.0
2023-03-29 00:00:00+09:00,257352.0,261229.0,254929.0,257837.0,834064.0
2023-03-30 00:00:00+09:00,259291.0,259776.0,250568.0,253476.0,945423.0
2023-03-31 00:00:00+09:00,250082.0,271892.0,247175.0,264138.0,1943886.0
2023-04-03 00:00:00+09:00,270438.0,284008.0,266561.0,279647.0,1690596.0
2023-04-04 00:00:00+09:00,280131.0,290309.0,272862.0,274316.0,1505471.0
2023-04-05 00:00:00+09:00,277223.0,284008.0,271407.0,282555.0,842638.0
2023-04-06 00:00:00+09:00,278192.0,285462.0,277708.0,283524.0,736144.0
2023-04-07 00:00:00+09:00,284009.0,287886.0,278677.0,286917.0,866214.0
2023-04-10 00:00:00+09:00,288371.0,302910.0,288371.0,295641.0,1797875.0
2023-04-11 00:00:00+09:00,296609.0,308241.0,290309.0,300487.0,1346330.0
2023-04-12 00:00:00+09:00,301941.0,312119.0,293702.0,294187.0,1311627.0
2023-04-13 00:00:00+09:00,285947.0,293702.0,275285.0,293702.0,1176794.0
2023-04-14 00:00:00+09:00,300971.0,336351.0,298064.0,331990.0,2860447.0
2023-04-17 00:00:00+09:00,338290.0,372701.0,334897.0,372701.0,2726604.0
2023-04-18 00:00:00+09:00,390148.0,395480.0,364946.0,370278.0,2710738.0
2023-04-19 00:00:00+09:00,372701.0,409535.0,370277.0,401296.0,2869688.0
2023-04-20 00:00:00+09:00,390633.0,405173.0,388694.0,395480.0,1342530.0
2023-04-21 00:00:00+09:00,388210.0,395480.0,366401.0,367855.0,1830311.0
2023-04-24 00:00:00+09:00,361069.0,369793.0,347014.0,352346.0,1731645.0
2023-04-25 00:00:00+09:00,357192.0,360585.0,322781.0,336837.0,2078038.0
2023-04-26 00:00:00+09:00,335382.0,344106.0,319389.0,322297.0,2801594.0
2023-04-27 00:00:00+09:00,327143.0,331990.0,316965.0,329567.0,2179442.0
2023-04-28 00:00:00+09:00,339259.0,339744.0,318904.0,324720.0,1757168.0
2023-05-02 00:00:00+09:00,329081.0,351860.0,328112.0,341683.0,1929348.0
2023-05-03 00:00:00+09:00,341682.0,345560.0,331505.0,334413.0,992793.0
2023-05-04 00:00:00+09:00,334413.0,341198.0,320843.0,328113.0,1138592.0
2023-05-08 00:00:00+09:00,333928.0,333928.0,310664.0,311634.0,1373267.0
2023-05-09 00:00:00+09:00,306788.0,315027.0,299033.0,307273.0,1389693.0
2023-05-10 00:00:00+09:00,303395.0,307757.0,294186.0,296610.0,995246.0
2023-05-11 00:00:00+09:00,300002.0,302910.0,289824.0,292248.0,906894.0
2023-05-12 00:00:00+09:00,290309.0,296125.0,289825.0,291279.0,792947.0
2023-05-15 00:00:00+09:00,288371.0,294187.0,283039.0,294187.0,910043.0
2023-05-16 00:00:00+09:00,298063.0,300487.0,291278.0,300487.0,883191.0
2023-05-17 00:00:00+09:00,296610.0,304849.0,295640.0,302426.0,538211.0
2023-05-18 00:00:00+09:00,306788.0,314057.0,303880.0,308242.0,809986.0
2023-05-19 00:00:00+09:00,310665.0,310665.0,296610.0,301457.0,668667.0
2023-05-22 00:00:00+09:00,299517.0,313573.0,296125.0,313573.0,674551.0
2023-05-23 00:00:00+09:00,317934.0,338290.0,317450.0,323266.0,1359127.0
2023-05-24 00:00:00+09:00,323750.0,330535.0,321327.0,323266.0,698632.0
2023-05-25 00:00:00+09:00,319389.0,325689.0,315996.0,316966.0,600529.0
2023-05-26 00:00:00+09:00,315996.0,320358.0,311150.0,314058.0,494302.0
2023-05-30 00:00:00+09:00,321327.0,331505.0,318904.0,331021.0,1022091.0
2023-05-31 00:00:00+09:00,332474.0,339260.0,328112.0,339260.0,1386486.0
2023-06-01 00:00:00+09:00,340713.0,348468.0,336836.0,348468.0,885763.0
2023-06-02 00:00:00+09:00,350406.0,369792.0,347498.0,362523.0,1513530.0
2023-06-05 00:00:00+09:00,368823.0,382878.0,365431.0,368339.0,1249185.0
2023-06-07 00:00:00+09:00,372701.0,375609.0,364462.0,373186.0,941392.0
2023-06-08 00:00:00+09:00,369793.0,384333.0,368339.0,373186.0,1052243.0
2023-06-09 00:00:00+09:00,379971.0,382879.0,373670.0,374640.0,735217.0
2023-06-12 00:00:00+09:00,377548.0,383364.0,376094.0,376579.0,721606.0
2023-06-13 00:00:00+09:00,379970.0,387725.0,371246.0,380940.0,965283.0
2023-06-14 00:00:00+09:00,384817.0,387240.0,359615.0,361554.0,1561367.0
2023-06-15 00:00:00+09:00,367369.0,374154.0,354283.0,362523.0,1163279.0
2023-06-16 00:00:00+09:00,364946.0,369793.0,354284.0,369793.0,784962.0
2023-06-19 00:00:00+09:00,370277.0,372700.0,360584.0,371247.0,643176.0
2023-06-20 00:00:00+09:00,370762.0,371247.0,360585.0,362039.0,641296.0
2023-06-21 00:00:00+09:00,365430.0,371246.0,361553.0,362523.0,544907.0
2023-06-22 00:00:00+09:00,359130.0,367369.0,358161.0,365431.0,529302.0
2023-06-23 00:00:00+09:00,368339.0,370762.0,361554.0,363493.0,340721.0
2023-06-26 00:00:00+09:00,361553.0,368338.0,360584.0,362523.0,390561.0
2023-06-27 00:00:00+09:00,361554.0,362039.0,347984.0,353800.0,650571.0
2023-06-28 00:00:00+09:00,356707.0,358161.0,338290.0,338775.0,699470.0
2023-06-29 00:00:00+09:00,340229.0,347499.0,336836.0,339260.0,463642.0
2023-06-30 00:00:00+09:00,339744.0,344591.0,333928.0,342168.0,468555.0
2023-07-03 00:00:00+09:00,346045.0,360584.0,345560.0,357677.0,764764.0
2023-07-04 00:00:00+09:00,357677.0,374640.0,356707.0,363493.0,893266.0
2023-07-05 00:00:00+09:00,363493.0,371247.0,361554.0,369309.0,552667.0
2023-07-06 00:00:00+09:00,371732.0,372701.0,361069.0,362039.0,550204.0
2023-07-07 00:00:00+09:00,357192.0,387725.0,356707.0,386272.0,1170359.0
2023-07-10 00:00:00+09:00,395480.0,407111.0,389179.0,395480.0,1724478.0
2023-07-11 00:00:00+09:00,399841.0,401295.0,377062.0,383848.0,1263110.0
2023-07-12 00:00:00+09:00,385787.0,387241.0,373671.0,378033.0,1103361.0
2023-07-13 00:00:00+09:00,378033.0,381910.0,374155.0,376579.0,783796.0
2023-07-14 00:00:00+09:00,379486.0,390633.0,377547.0,388695.0,860105.0
2023-07-17 00:00:00+09:00,389664.0,400811.0,385302.0,392088.0,1047713.0
2023-07-18 00:00:00+09:00,398388.0,445884.0,396449.0,443946.0,2708536.0
2023-07-19 00:00:00+09:00,451215.0,468178.0,443946.0,465271.0,2150486.0
2023-07-20 00:00:00+09:00,447823.0,457032.0,436191.0,450247.0,1515534.0
2023-07-21 00:00:00+09:00,434253.0,480780.0,433768.0,475449.0,2155052.0
2023-07-24 00:00:00+09:00,494350.0,536031.0,487565.0,525369.0,3182220.0
2023-07-25 00:00:00+09:00,552509.0,584496.0,536030.0,579650.0,2851523.0
2023-07-26 00:00:00+09:00,581588.0,672704.0,506951.0,542816.0,6207830.0
2023-07-27 00:00:00+09:00,530215.0,543785.0,469148.0,471087.0,3198212.0
2023-07-28 00:00:00+09:00,458485.0,494350.0,449761.0,494350.0,2028930.0
2023-07-31 00:00:00+09:00,500166.0,524399.0,494350.0,510829.0,1155252.0
2023-08-01 00:00:00+09:00,519552.0,519552.0,484657.0,493381.0,1120936.0
2023-08-02 00:00:00+09:00,475448.0,495319.0,469633.0,471087.0,929742.0
2023-08-03 00:00:00+09:00,473994.0,482233.0,458001.0,473510.0,889331.0
2023-08-04 00:00:00+09:00,476903.0,479811.0,463332.0,465756.0,501166.0
2023-08-07 00:00:00+09:00,453639.0,458001.0,422621.0,425529.0,1096180.0
2023-08-08 00:00:00+09:00,425529.0,435222.0,417290.0,433284.0,774671.0
2023-08-09 00:00:00+09:00,429405.0,450730.0,425528.0,442007.0,580593.0
2023-08-10 00:00:00+09:00,437160.0,440553.0,429406.0,438130.0,438586.0
2023-08-11 00:00:00+09:00,444915.0,444915.0,422621.0,426983.0,404978.0
2023-08-14 00:00:00+09:00,417774.0,426982.0,410019.0,420682.0,465365.0
2023-08-16 00:00:00+09:00,412928.0,416321.0,397419.0,397904.0,608326.0
2023-08-17 00:00:00+09:00,395964.0,412443.0,387725.0,411474.0,783155.0
2023-08-18 00:00:00+09:00,408081.0,415836.0,399357.0,404689.0,489869.0
2023-08-21 00:00:00+09:00,404688.0,424559.0,400811.0,412928.0,571067.0
2023-08-22 00:00:00+09:00,419228.0,431829.0,417290.0,424560.0,609882.0
2023-08-23 00:00:00+09:00,427468.0,427468.0,407597.0,409051.0,449794.0
2023-08-24 00:00:00+09:00,414866.0,460423.0,405657.0,454608.0,1051282.0
2023-08-25 00:00:00+09:00,441038.0,452669.0,435706.0,448308.0,862601.0
2023-08-28 00:00:00+09:00,458969.0,459454.0,448307.0,457516.0,634038.0
2023-08-29 00:00:00+09:00,461393.0,470117.0,440068.0,441038.0,963654.0
2023-08-30 00:00:00+09:00,449277.0,454608.0,438130.0,439584.0,565863.0
2023-08-31 00:00:00+09:00,439584.0,442976.0,430860.0,435707.0,510950.0
2023-09-01 00:00:00+09:00,435706.0,436190.0,417773.0,417774.0,592679.0
2023-09-04 00:00:00+09:00,409535.0,430860.0,409535.0,427468.0,512369.0
2023-09-05 00:00:00+09:00,427467.0,443945.0,422136.0,438130.0,550121.0
2023-09-06 00:00:00+09:00,438130.0,445400.0,422136.0,424560.0,441385.0
2023-09-07 00:00:00+09:00,417774.0,423105.0,398388.0,399842.0,864304.0
2023-09-08 00:00:00+09:00,398872.0,406626.0,395479.0,405173.0,521825.0
2023-09-11 00:00:00+09:00,406143.0,407597.0,391118.0,394996.0,494497.0
2023-09-12 00:00:00+09:00,397903.0,401781.0,381910.0,384818.0,662364.0
2023-09-13 00:00:00+09:00,378517.0,386756.0,373186.0,375125.0,548291.0
2023-09-14 00:00:00+09:00,377063.0,397419.0,376578.0,389180.0,665708.0
2023-09-15 00:00:00+09:00,390633.0,404204.0,386271.0,395965.0,597925.0
2023-09-18 00:00:00+09:00,395965.0,406627.0,392088.0,397904.0,451858.0
2023-09-19 00:00:00+09:00,399357.0,402265.0,384332.0,384333.0,448472.0
2023-09-20 00:00:00+09:00,386756.0,398872.0,384817.0,398388.0,343076.0
2023-09-21 00:00:00+09:00,394510.0,398872.0,383848.0,385787.0,378848.0
2023-09-22 00:00:00+09:00,378032.0,385302.0,373185.0,383848.0,428224.0
2023-09-25 00:00:00+09:00,379971.0,379971.0,357677.0,357677.0,768483.0
2023-09-26 00:00:00+09:00,357677.0,368824.0,354769.0,356708.0,475845.0
2023-09-27 00:00:00+09:00,351860.0,354768.0,338290.0,348468.0,892932.0
2023-10-04 00:00:00+09:00,341683.0,343622.0,325205.0,325690.0,711743.0
2023-10-05 00:00:00+09:00,332475.0,337321.0,322297.0,322782.0,552207.0
2023-10-06 00:00:00+09:00,319874.0,328113.0,317450.0,322782.0,323978.0
2023-10-10 00:00:00+09:00,325689.0,328112.0,303879.0,304849.0,629328.0
2023-10-11 00:00:00+09:00,313573.0,333928.0,310180.0,330536.0,725763.0
2023-10-12 00:00:00+09:00,332474.0,352830.0,329081.0,337321.0,1000399.0
2023-10-13 00:00:00+09:00,339259.0,348952.0,333443.0,337321.0,540893.0
2023-10-16 00:00:00+09:00,325204.0,329081.0,318904.0,324720.0,623829.0
2023-10-17 00:00:00+09:00,331505.0,341198.0,329566.0,330536.0,494430.0
2023-10-18 00:00:00+09:00,329082.0,331990.0,321327.0,323751.0,415920.0
2023-10-19 00:00:00+09:00,312603.0,314542.0,306303.0,308242.0,562465.0
2023-10-20 00:00:00+09:00,300971.0,302425.0,288855.0,290794.0,994035.0
2023-10-23 00:00:00+09:00,289340.0,300971.0,286916.0,292248.0,696683.0
2023-10-24 00:00:00+09:00,296125.0,302910.0,282555.0,295641.0,1033305.0
2023-10-25 00:00:00+09:00,296610.0,296610.0,265592.0,265592.0,1620825.0
2023-10-26 00:00:00+09:00,252021.0,258807.0,241359.0,241844.0,1784584.0
2023-10-27 00:00:00+09:00,243782.0,252021.0,239420.0,243782.0,1290911.0
2023-10-30 00:00:00+09:00,239905.0,250567.0,239420.0,247660.0,725739.0
2023-10-31 00:00:00+09:00,247175.0,247175.0,225365.0,229243.0,1258251.0
2023-11-01 00:00:00+09:00,233120.0,238451.0,224396.0,226335.0,999005.0
2023-11-02 00:00:00+09:00,234574.0,251537.0,233120.0,251537.0,1156517.0
2023-11-03 00:00:00+09:00,263168.0,264137.0,252021.0,260745.0,1395340.0
2023-11-06 00:00:00+09:00,310180.0,338775.0,297579.0,338775.0,3400733.0
2023-11-07 00:00:00+09:00,337806.0,349922.0,290794.0,301457.0,3169550.0
2023-11-08 00:00:00+09:00,297579.0,314542.0,287401.0,290794.0,1425495.0
2023-11-09 00:00:00+09:00,296125.0,299033.0,273346.0,282555.0,1369143.0
2023-11-10 00:00:00+09:00,272861.0,275285.0,265592.0,268500.0,703560.0
2023-11-13 00:00:00+09:00,275770.0,280132.0,265592.0,266077.0,745901.0
2023-11-14 00:00:00+09:00,272861.0,292732.0,270438.0,286432.0,1308205.0
2023-11-15 00:00:00+09:00,307757.0,310180.0,284009.0,288371.0,1156037.0
2023-11-16 00:00:00+09:00,287886.0,293702.0,280132.0,284494.0,724173.0
2023-11-17 00:00:00+09:00,279162.0,284009.0,274316.0,277224.0,569644.0
2023-11-20 00:00:00+09:00,275769.0,295640.0,275285.0,291279.0,785598.0
2023-11-21 00:00:00+09:00,293702.0,297094.0,286432.0,294187.0,602611.0
2023-11-22 00:00:00+09:00,290794.0,303880.0,290794.0,294187.0,579030.0
2023-11-23 00:00:00+09:00,294186.0,297579.0,289340.0,296610.0,337172.0
2023-11-24 00:00:00+09:00,300972.0,312119.0,294187.0,294187.0,777653.0
2023-11-27 00:00:00+09:00,298548.0,298548.0,290309.0,290794.0,423290.0
2023-11-28 00:00:00+09:00,290794.0,300487.0,290794.0,295156.0,418091.0
2023-11-29 00:00:00+09:00,302910.0,318419.0,295640.0,317450.0,1095298.0
2023-11-30 00:00:00+09:00,310664.0,317934.0,307756.0,314542.0,917217.0
2023-12-01 00:00:00+09:00,309696.0,311634.0,299518.0,304365.0,738583.0
2023-12-04 00:00:00+09:00,307272.0,339259.0,305818.0,337321.0,2381583.0
2023-12-05 00:00:00+09:00,328597.0,330535.0,313088.0,313088.0,1328428.0
2023-12-06 00:00:00+09:00,313087.0,320842.0,308241.0,308726.0,714113.0
2023-12-07 00:00:00+09:00,319389.0,328113.0,306788.0,324236.0,1181152.0
2023-12-08 00:00:00+09:00,324235.0,335382.0,319389.0,332475.0,881421.0
2023-12-11 00:00:00+09:00,332474.0,337321.0,328113.0,329567.0,637184.0
2023-12-12 00:00:00+09:00,326658.0,336836.0,326658.0,330536.0,487421.0
2023-12-13 00:00:00+09:00,324235.0,327628.0,313088.0,315512.0,647467.0
2023-12-14 00:00:00+09:00,325204.0,339260.0,321327.0,339260.0,1293822.0
2023-12-15 00:00:00+09:00,344106.0,360585.0,341683.0,349438.0,1233470.0
2023-12-18 00:00:00+09:00,364461.0,365915.0,353799.0,354284.0,841762.0
2023-12-19 00:00:00+09:00,356223.0,356707.0,345560.0,349438.0,508028.0
2023-12-20 00:00:00+09:00,355254.0,361069.0,352830.0,356708.0,563478.0
2023-12-21 00:00:00+09:00,349922.0,370278.0,349922.0,356708.0,1174591.0
2023-12-22 00:00:00+09:00,359616.0,363008.0,344107.0,344107.0,575209.0
2023-12-26 00:00:00+09:00,337321.0,346044.0,333928.0,337321.0,493727.0
2023-12-27 00:00:00+09:00,338290.0,360100.0,337806.0,346530.0,699991.0
2023-12-28 00:00:00+09:00,346530.0,350891.0,342652.0,347984.0,355282.0
2024-01-02 00:00:00+09:00,347984.0,350892.0,340229.0,341199.0,342186.0
2024-01-03 00:00:00+09:00,336351.0,336836.0,321812.0,321812.0,587586.0
2024-01-04 00:00:00+09:00,313088.0,323750.0,312603.0,320358.0,451556.0
2024-01-05 00:00:00+09:00,321812.0,335867.0,316481.0,332475.0,620893.0
2024-01-08 00:00:00+09:00,327627.0,332474.0,318419.0,320358.0,500068.0
2024-01-09 00:00:00+09:00,323265.0,326173.0,316965.0,317450.0,260758.0
2024-01-10 00:00:00+09:00,315511.0,318904.0,309211.0,310665.0,338374.0
2024-01-11 00:00:00+09:00,314057.0,320843.0,310180.0,312604.0,468844.0
2024-01-12 00:00:00+09:00,309696.0,310180.0,298549.0,304365.0,477122.0
2024-01-15 00:00:00+09:00,300487.0,303395.0,293217.0,296610.0,377239.0
2024-01-16 00:00:00+09:00,291279.0,300002.0,290794.0,294187.0,363177.0
2024-01-17 00:00:00+09:00,292248.0,292732.0,279647.0,279647.0,517797.0
2024-01-18 00:00:00+09:00,279647.0,287401.0,274316.0,275770.0,532179.0
2024-01-19 00:00:00+09:00,278193.0,282555.0,265592.0,269954.0,505641.0
2024-01-22 00:00:00+09:00,269468.0,270922.0,254929.0,254929.0,692754.0
2024-01-23 00:00:00+09:00,252991.0,263653.0,252021.0,257353.0,551675.0
2024-01-24 00:00:00+09:00,256868.0,260260.0,249113.0,252991.0,457154.0
2024-01-25 00:00:00+09:00,249598.0,251052.0,238936.0,243298.0,631435.0
2024-01-26 00:00:00+09:00,240390.0,260745.0,239420.0,258807.0,718905.0
2024-01-29 00:00:00+09:00,261230.0,261230.0,248144.0,250083.0,579591.0
2024-01-30 00:00:00+09:00,257353.0,262684.0,245721.0,246206.0,611461.0
2024-01-31 00:00:00+09:00,243297.0,252506.0,242328.0,245721.0,320215.0
2024-02-01 00:00:00+09:00,245236.0,253960.0,233120.0,252022.0,729805.0
2024-02-02 00:00:00+09:00,255413.0,259290.0,248143.0,256383.0,465861.0
2024-02-05 00:00:00+09:00,256383.0,260745.0,251052.0,256868.0,340987.0
2024-02-06 00:00:00+09:00,253960.0,255414.0,246690.0,252022.0,316277.0
2024-02-07 00:00:00+09:00,258806.0,272376.0,256867.0,260745.0,808002.0
2024-02-08 00:00:00+09:00,266076.0,276738.0,263653.0,273831.0,690324.0
2024-02-13 00:00:00+09:00,271408.0,274800.0,264623.0,267531.0,501732.0
2024-02-14 00:00:00+09:00,261714.0,280616.0,257352.0,276739.0,572703.0
2024-02-15 00:00:00+09:00,283039.0,295156.0,283039.0,291279.0,789379.0
2024-02-16 00:00:00+09:00,300487.0,302910.0,292732.0,293702.0,563689.0
2024-02-19 00:00:00+09:00,287886.0,296610.0,285948.0,287402.0,389429.0
2024-02-20 00:00:00+09:00,283039.0,295156.0,277223.0,295156.0,613539.0
2024-02-21 00:00:00+09:00,291763.0,305818.0,289824.0,298064.0,436913.0
2024-02-22 00:00:00+09:00,300971.0,306302.0,296125.0,296125.0,409043.0
2024-02-23 00:00:00+09:00,297094.0,308241.0,294671.0,304849.0,511647.0
2024-02-26 00:00:00+09:00,306303.0,314057.0,305334.0,308242.0,377414.0
2024-02-27 00:00:00+09:00,313573.0,316966.0,298549.0,300003.0,461754.0
2024-02-28 00:00:00+09:00,306302.0,311634.0,301456.0,303395.0,421567.0
2024-02-29 00:00:00+09:00,302911.0,308726.0,296610.0,307273.0,317215.0
2024-03-04 00:00:00+09:00,312119.0,326174.0,308242.0,324236.0,577248.0
2024-03-05 00:00:00+09:00,318420.0,326174.0,306303.0,307273.0,522444.0
2024-03-06 00:00:00+09:00,304364.0,309695.0,299033.0,300487.0,334171.0
2024-03-07 00:00:00+09:00,303880.0,313088.0,299033.0,306788.0,347039.0
2024-03-08 00:00:00+09:00,308241.0,312603.0,305333.0,310665.0,321247.0
2024-03-11 00:00:00+09:00,309211.0,312604.0,306303.0,307273.0,220052.0
2024-03-12 00:00:00+09:00,312604.0,325690.0,312604.0,325690.0,543024.0
2024-03-13 00:00:00+09:00,329082.0,330536.0,322297.0,324236.0,385963.0
2024-03-14 00:00:00+09:00,322781.0,324235.0,310665.0,313573.0,656816.0
2024-03-15 00:00:00+09:00,310180.0,312119.0,304849.0,306788.0,355460.0
2024-03-18 00:00:00+09:00,305818.0,314057.0,304849.0,312119.0,302304.0
2024-03-19 00:00:00+09:00,315511.0,316480.0,305818.0,311634.0,295261.0
2024-03-20 00:00:00+09:00,312119.0,313088.0,304849.0,305819.0,249395.0
2024-03-21 00:00:00+09:00,310179.0,314057.0,307756.0,308726.0,289857.0
2024-03-22 00:00:00+09:00,308241.0,313087.0,306787.0,308726.0,206770.0
2024-03-25 00:00:00+09:00,308726.0,315511.0,308241.0,310665.0,283886.0
2024-03-26 00:00:00+09:00,310664.0,314057.0,304364.0,304849.0,330204.0
2024-03-27 00:00:00+09:00,304849.0,310665.0,301456.0,302426.0,267171.0
2024-03-28 00:00:00+09:00,304848.0,305818.0,293217.0,293217.0,355997.0
2024-03-29 00:00:00+09:00,290794.0,296125.0,285463.0,294187.0,283288.0
2024-04-01 00:00:00+09:00,292732.0,295640.0,286432.0,286917.0,262795.0
2024-04-02 00:00:00+09:00,284008.0,286916.0,277708.0,278193.0,338403.0
2024-04-03 00:00:00+09:00,271892.0,276254.0,262684.0,262684.0,427382.0
2024-04-04 00:00:00+09:00,265107.0,269469.0,259291.0,266077.0,298048.0
2024-04-05 00:00:00+09:00,262199.0,267530.0,258322.0,258807.0,217973.0
2024-04-08 00:00:00+09:00,256383.0,276739.0,247659.0,272862.0,563319.0
2024-04-09 00:00:00+09:00,278677.0,283524.0,269469.0,271408.0,388894.0
2024-04-11 00:00:00+09:00,264137.0,273831.0,264137.0,273831.0,273504.0
2024-04-12 00:00:00+09:00,274315.0,274315.0,259776.0,259776.0,388939.0
2024-04-15 00:00:00+09:00,256868.0,260260.0,252506.0,255899.0,259626.0
2024-04-16 00:00:00+09:00,250083.0,252991.0,246206.0,249114.0,354437.0
2024-04-17 00:00:00+09:00,250082.0,255898.0,241359.0,241359.0,312521.0
2024-04-18 00:00:00+09:00,242328.0,253475.0,242328.0,250568.0,372900.0
2024-04-19 00:00:00+09:00,247659.0,249598.0,239905.0,245721.0,283669.0
2024-04-22 00:00:00+09:00,254929.0,269469.0,252506.0,268500.0,519251.0
2024-04-23 00:00:00+09:00,265591.0,273830.0,260260.0,266561.0,334896.0
2024-04-24 00:00:00+09:00,282554.0,292732.0,277708.0,287886.0,856014.0
2024-04-25 00:00:00+09:00,281100.0,287401.0,270922.0,271892.0,579742.0
2024-04-26 00:00:00+09:00,277223.0,277223.0,264622.0,272377.0,393536.0
2024-04-29 00:00:00+09:00,269954.0,277708.0,267530.0,277224.0,331253.0
2024-04-30 00:00:00+09:00,283039.0,285462.0,274315.0,274800.0,347355.0
2024-05-02 00:00:00+09:00,272377.0,273831.0,268984.0,271408.0,206085.0
2024-05-03 00:00:00+09:00,273345.0,279646.0,268499.0,271892.0,305954.0
2024-05-07 00:00:00+09:00,275285.0,275769.0,269954.0,271408.0,260893.0
2024-05-08 00:00:00+09:00,269469.0,274315.0,268015.0,273831.0,200842.0
2024-05-09 00:00:00+09:00,274315.0,274315.0,268015.0,273831.0,257699.0
2024-05-10 00:00:00+09:00,273830.0,278192.0,271892.0,271892.0,182188.0
2024-05-13 00:00:00+09:00,271892.0,273831.0,267046.0,267531.0,169347.0
2024-05-14 00:00:00+09:00,268500.0,272377.0,266077.0,266077.0,165895.0
2024-05-16 00:00:00+09:00,269953.0,274315.0,268014.0,271892.0,260684.0
2024-05-17 00:00:00+09:00,271407.0,274315.0,268015.0,268015.0,158412.0
2024-05-20 00:00:00+09:00,268499.0,268499.0,262199.0,262684.0,226678.0
2024-05-21 00:00:00+09:00,260260.0,260744.0,253959.0,254929.0,266986.0
2024-05-22 00:00:00+09:00,257837.0,261229.0,252990.0,253960.0,188816.0
2024-05-23 00:00:00+09:00,250568.0,257837.0,247660.0,253476.0,211063.0
2024-05-24 00:00:00+09:00,250082.0,252021.0,244751.0,246690.0,263173.0
2024-05-27 00:00:00+09:00,248144.0,267530.0,242812.0,266561.0,520597.0
2024-05-28 00:00:00+09:00,265107.0,266076.0,257353.0,258807.0,245147.0
2024-05-29 00:00:00+09:00,254929.0,257837.0,246205.0,247175.0,375620.0
2024-05-30 00:00:00+09:00,244751.0,252505.0,242328.0,242328.0,337504.0
2024-05-31 00:00:00+09:00,243297.0,253475.0,241843.0,242813.0,496044.0
2024-06-03 00:00:00+09:00,246205.0,257352.0,242813.0,247175.0,346244.0
2024-06-04 00:00:00+09:00,244751.0,258321.0,244266.0,253960.0,321419.0
2024-06-05 00:00:00+09:00,256383.0,273346.0,253475.0,267046.0,644418.0
2024-06-07 00:00:00+09:00,270438.0,274799.0,264622.0,273346.0,483987.0
2024-06-10 00:00:00+09:00,270922.0,272376.0,263168.0,266561.0,347727.0
2024-06-11 00:00:00+09:00,266561.0,284978.0,266561.0,277224.0,724520.0
2024-06-12 00:00:00+09:00,278192.0,280615.0,269953.0,271892.0,331282.0
2024-06-13 00:00:00+09:00,277224.0,279162.0,270438.0,277224.0,397577.0
2024-06-14 00:00:00+09:00,276739.0,276739.0,264138.0,264623.0,423247.0
2024-06-17 00:00:00+09:00,259775.0,263168.0,254929.0,255414.0,336178.0
2024-06-18 00:00:00+09:00,258322.0,261230.0,250083.0,250568.0,271560.0
2024-06-19 00:00:00+09:00,250567.0,261714.0,248143.0,259291.0,403684.0
2024-06-20 00:00:00+09:00,259291.0,262683.0,252506.0,252506.0,215447.0
2024-06-21 00:00:00+09:00,252021.0,256868.0,249598.0,250083.0,285255.0
2024-06-24 00:00:00+09:00,249113.0,254444.0,245721.0,250083.0,247823.0
2024-06-25 00:00:00+09:00,251052.0,255899.0,246206.0,246206.0,251715.0
2024-06-26 00:00:00+09:00,247659.0,250082.0,245236.0,246690.0,174503.0
2024-06-27 00:00:00+09:00,251051.0,253475.0,246205.0,246690.0,191283.0
2024-06-28 00:00:00+09:00,247175.0,253960.0,243298.0,250568.0,237390.0
2024-07-01 00:00:00+09:00,251051.0,261714.0,247174.0,260745.0,365449.0
2024-07-02 00:00:00+09:00,262199.0,262683.0,252506.0,253960.0,252452.0
2024-07-03 00:00:00+09:00,260745.0,265592.0,255414.0,257353.0,378070.0
2024-07-04 00:00:00+09:00,261229.0,262199.0,254929.0,259776.0,299835.0
2024-07-05 00:00:00+09:00,259291.0,260745.0,255414.0,258322.0,198046.0
2024-07-08 00:00:00+09:00,258322.0,265592.0,254929.0,258807.0,321596.0
2024-07-09 00:00:00+09:00,260260.0,261714.0,252991.0,252991.0,222588.0
2024-07-10 00:00:00+09:00,252506.0,254929.0,250083.0,250083.0,168908.0
2024-07-11 00:00:00+09:00,252506.0,263168.0,250082.0,261230.0,472735.0
2024-07-12 00:00:00+09:00,259291.0,266561.0,255414.0,264623.0,387157.0
2024-07-15 00:00:00+09:00,265107.0,266076.0,253960.0,260261.0,392346.0
2024-07-16 00:00:00+09:00,257353.0,258807.0,246206.0,247660.0,360802.0
2024-07-17 00:00:00+09:00,247659.0,252021.0,239420.0,239420.0,381853.0
2024-07-18 00:00:00+09:00,237482.0,245721.0,234089.0,238936.0,359833.0
2024-07-19 00:00:00+09:00,238936.0,249114.0,236997.0,249114.0,292920.0
2024-07-22 00:00:00+09:00,247174.0,247659.0,234089.0,234089.0,313668.0
2024-07-23 00:00:00+09:00,237481.0,237481.0,225365.0,226819.0,325073.0
2024-07-24 00:00:00+09:00,222457.0,230212.0,220034.0,220519.0,312646.0
2024-07-25 00:00:00+09:00,216641.0,225365.0,209856.0,219065.0,534583.0
2024-07-26 00:00:00+09:00,218094.0,219548.0,202101.0,202586.0,710263.0
2024-07-29 00:00:00+09:00,202586.0,208402.0,201132.0,207433.0,309271.0
2024-07-30 00:00:00+09:00,204525.0,213248.0,203555.0,208887.0,306409.0
2024-07-31 00:00:00+09:00,207917.0,210341.0,202586.0,205010.0,233854.0
2024-08-01 00:00:00+09:00,205494.0,221003.0,204040.0,214703.0,464032.0
2024-08-02 00:00:00+09:00,209371.0,224396.0,207433.0,219065.0,486605.0
2024-08-05 00:00:00+09:00,217126.0,224396.0,189501.0,196771.0,662877.0
2024-08-06 00:00:00+09:00,201132.0,215187.0,201132.0,210341.0,514177.0
2024-08-07 00:00:00+09:00,206947.0,212763.0,203555.0,204040.0,304292.0
2024-08-08 00:00:00+09:00,201132.0,205009.0,192214.0,193378.0,549630.0
2024-08-09 00:00:00+09:00,197740.0,205979.0,196286.0,199194.0,403468.0
2024-08-12 00:00:00+09:00,199193.0,207432.0,199193.0,201617.0,211327.0
2024-08-13 00:00:00+09:00,200647.0,203555.0,194831.0,198709.0,271369.0
2024-08-14 00:00:00+09:00,205009.0,206463.0,201132.0,203556.0,228578.0
2024-08-16 00:00:00+09:00,209371.0,210825.0,203555.0,204040.0,217958.0
2024-08-19 00:00:00+09:00,201616.0,204040.0,193862.0,194347.0,288311.0
2024-08-20 00:00:00+09:00,196770.0,200163.0,194347.0,196286.0,180135.0
2024-08-21 00:00:00+09:00,196285.0,206948.0,196285.0,203071.0,354459.0
2024-08-22 00:00:00+09:00,205010.0,215187.0,202102.0,212280.0,397206.0
2024-08-23 00:00:00+09:00,209855.0,211309.0,203555.0,206948.0,233776.0
2024-08-26 00:00:00+09:00,210340.0,215671.0,208886.0,211310.0,225759.0
2024-08-27 00:00:00+09:00,210341.0,218095.0,207433.0,213249.0,230047.0
2024-08-28 00:00:00+09:00,213733.0,214702.0,204040.0,204525.0,220083.0
2024-08-29 00:00:00+09:00,203556.0,213249.0,202586.0,209372.0,280605.0
2024-08-30 00:00:00+09:00,210825.0,211310.0,206464.0,207918.0,261357.0
2024-09-02 00:00:00+09:00,210825.0,240389.0,210341.0,238936.0,1436209.0
2024-09-03 00:00:00+09:00,242328.0,242813.0,231181.0,233605.0,615625.0
2024-09-04 00:00:00+09:00,225365.0,239905.0,224396.0,233120.0,692259.0
2024-09-05 00:00:00+09:00,236997.0,237481.0,223426.0,227304.0,653645.0
2024-09-06 00:00:00+09:00,228273.0,232150.0,208402.0,209372.0,561208.0
2024-09-09 00:00:00+09:00,205009.0,210825.0,198224.0,199678.0,501147.0
2024-09-10 00:00:00+09:00,201132.0,205010.0,194832.0,195317.0,398786.0
2024-09-11 00:00:00+09:00,196285.0,213248.0,195801.0,212764.0,679319.0
2024-09-12 00:00:00+09:00,221972.0,226819.0,216641.0,226819.0,668000.0
2024-09-13 00:00:00+09:00,225365.0,227788.0,218095.0,224881.0,368829.0
2024-09-19 00:00:00+09:00,227788.0,229242.0,218580.0,226335.0,262338.0
2024-09-20 00:00:00+09:00,231665.0,234573.0,224395.0,226819.0,315218.0
2024-09-23 00:00:00+09:00,224880.0,233604.0,221972.0,232635.0,303135.0
2024-09-24 00:00:00+09:00,235543.0,245721.0,235058.0,243298.0,652583.0
2024-09-25 00:00:00+09:00,242327.0,246205.0,237481.0,239420.0,417446.0
2024-09-26 00:00:00+09:00,241843.0,245236.0,235058.0,245236.0,389174.0
2024-09-27 00:00:00+09:00,248144.0,248144.0,240874.0,243298.0,335361.0
2024-09-30 00:00:00+09:00,246205.0,255898.0,242328.0,242328.0,590121.0
2024-10-02 00:00:00+09:00,240874.0,247174.0,238935.0,241359.0,341124.0
2024-10-04 00:00:00+09:00,239905.0,240874.0,233605.0,235059.0,387704.0
2024-10-07 00:00:00+09:00,237966.0,246205.0,236027.0,245721.0,388082.0
2024-10-08 00:00:00+09:00,242813.0,251537.0,241359.0,250568.0,364753.0
2024-10-10 00:00:00+09:00,252021.0,252505.0,244266.0,245236.0,364670.0
2024-10-11 00:00:00+09:00,247659.0,252021.0,237966.0,238936.0,275032.0
2024-10-14 00:00:00+09:00,235543.0,240874.0,232151.0,233605.0,246044.0
2024-10-15 00:00:00+09:00,235058.0,237966.0,223426.0,227304.0,355395.0
2024-10-16 00:00:00+09:00,230212.0,232635.0,225850.0,226335.0,261175.0
2024-10-17 00:00:00+09:00,226819.0,233604.0,226819.0,226819.0,174032.0
2024-10-18 00:00:00+09:00,228273.0,231181.0,221973.0,223427.0,172721.0
2024-10-21 00:00:00+09:00,221973.0,232150.0,221488.0,226335.0,183135.0
2024-10-22 00:00:00+09:00,226334.0,226819.0,212764.0,212764.0,358545.0
2024-10-23 00:00:00+09:00,212764.0,231180.0,211794.0,228273.0,396126.0
2024-10-24 00:00:00+09:00,230696.0,236027.0,222457.0,224396.0,349390.0
2024-10-25 00:00:00+09:00,231181.0,231665.0,220034.0,220034.0,249170.0
2024-10-28 00:00:00+09:00,220034.0,235543.0,220034.0,235543.0,451405.0
2024-10-29 00:00:00+09:00,231181.0,232634.0,224880.0,231181.0,241322.0
2024-10-30 00:00:00+09:00,228757.0,232150.0,220034.0,221488.0,303688.0
2024-10-31 00:00:00+09:00,218580.0,222457.0,216157.0,217611.0,244597.0
2024-11-01 00:00:00+09:00,215187.0,226818.0,213733.0,221003.0,270443.0
2024-11-04 00:00:00+09:00,223911.0,236512.0,220519.0,233605.0,392293.0
2024-11-05 00:00:00+09:00,231181.0,233119.0,226819.0,228758.0,214852.0
2024-11-06 00:00:00+09:00,233119.0,236512.0,208402.0,209856.0,757021.0
2024-11-07 00:00:00+09:00,210825.0,213248.0,201132.0,204525.0,637644.0
2024-11-08 00:00:00+09:00,206947.0,213733.0,204040.0,205494.0,400426.0
2024-11-11 00:00:00+09:00,206463.0,208886.0,198708.0,199678.0,319425.0
2024-11-12 00:00:00+09:00,200163.0,207433.0,198224.0,200648.0,403138.0
2024-11-13 00:00:00+09:00,199194.0,204525.0,190955.0,191149.0,447883.0
2024-11-14 00:00:00+09:00,192408.0,195316.0,173991.0,179517.0,984228.0
2024-11-15 00:00:00+09:00,168369.0,171471.0,157028.0,162457.0,1133122.0
2024-11-18 00:00:00+09:00,162456.0,169532.0,158966.0,167109.0,570884.0
2024-11-19 00:00:00+09:00,166333.0,167594.0,162747.0,166237.0,290042.0
2024-11-20 00:00:00+09:00,165073.0,170598.0,164298.0,165946.0,289415.0
2024-11-21 00:00:00+09:00,165462.0,172538.0,164686.0,169727.0,347682.0
2024-11-22 00:00:00+09:00,172149.0,177383.0,170114.0,172925.0,319452.0
2024-11-25 00:00:00+09:00,176512.0,184169.0,174670.0,181068.0,460987.0
2024-11-26 00:00:00+09:00,180485.0,187076.0,180485.0,181261.0,344329.0
2024-11-27 00:00:00+09:00,182618.0,186495.0,173409.0,174670.0,266586.0
2024-11-28 00:00:00+09:00,176705.0,180195.0,174670.0,177481.0,194651.0
2024-11-29 00:00:00+09:00,177481.0,177481.0,165946.0,167013.0,313669.0
2024-12-02 00:00:00+09:00,169241.0,175154.0,167594.0,170599.0,295108.0
2024-12-03 00:00:00+09:00,172246.0,173991.0,165946.0,166528.0,350660.0
2024-12-04 00:00:00+09:00,163038.0,165655.0,159936.0,163523.0,336955.0
2024-12-05 00:00:00+09:00,164783.0,165268.0,157707.0,158289.0,251121.0
2024-12-06 00:00:00+09:00,158191.0,161390.0,152375.0,160130.0,355334.0
2024-12-09 00:00:00+09:00,156155.0,158966.0,150049.0,150340.0,437290.0
2024-12-10 00:00:00+09:00,151697.0,160906.0,151697.0,159840.0,344790.0
2024-12-11 00:00:00+09:00,160227.0,163135.0,158385.0,160518.0,272592.0
2024-12-12 00:00:00+09:00,162456.0,168854.0,158773.0,167691.0,503681.0
2024-12-13 00:00:00+09:00,166818.0,166818.0,161681.0,161681.0,347131.0
2024-12-16 00:00:00+09:00,163814.0,164589.0,161100.0,161197.0,218212.0
2024-12-17 00:00:00+09:00,161875.0,162553.0,147917.0,147917.0,698169.0
2024-12-18 00:00:00+09:00,148886.0,150922.0,148402.0,149856.0,283415.0
2024-12-19 00:00:00+09:00,145881.0,149274.0,143846.0,146851.0,317752.0
2024-12-20 00:00:00+09:00,148111.0,148789.0,140647.0,141326.0,336493.0
2024-12-23 00:00:00+09:00,142489.0,146657.0,138030.0,145688.0,335067.0
2024-12-24 00:00:00+09:00,146559.0,149564.0,142973.0,143167.0,233711.0
2024-12-26 00:00:00+09:00,144427.0,144427.0,137448.0,138224.0,325613.0
2024-12-27 00:00:00+09:00,136866.0,141713.0,135219.0,138030.0,401224.0
2024-12-30 00:00:00+09:00,136575.0,141422.0,136575.0,137739.0,269034.0
2025-01-02 00:00:00+09:00,138320.0,138805.0,132117.0,133668.0,322235.0
2025-01-03 00:00:00+09:00,132989.0,146074.0,132795.0,141810.0,635773.0
2025-01-06 00:00:00+09:00,143555.0,147141.0,141422.0,145009.0,364854.0
2025-01-07 00:00:00+09:00,145881.0,153345.0,144621.0,145397.0,487443.0
2025-01-08 00:00:00+09:00,144330.0,150243.0,143652.0,148014.0,417991.0
2025-01-09 00:00:00+09:00,148013.0,150243.0,142197.0,150243.0,650041.0
2025-01-10 00:00:00+09:00,148692.0,148692.0,143748.0,146269.0,421594.0
2025-01-13 00:00:00+09:00,144911.0,148013.0,142779.0,144815.0,268053.0
2025-01-14 00:00:00+09:00,145397.0,151019.0,143652.0,148499.0,458395.0
2025-01-15 00:00:00+09:00,149467.0,151309.0,144718.0,144718.0,340411.0
2025-01-16 00:00:00+09:00,148789.0,151310.0,146560.0,147239.0,338172.0
2025-01-17 00:00:00+09:00,146560.0,148789.0,145106.0,145300.0,243528.0
2025-01-20 00:00:00+09:00,146172.0,151212.0,146075.0,151019.0,504102.0
2025-01-21 00:00:00+09:00,149273.0,149661.0,135218.0,136091.0,919040.0
2025-01-22 00:00:00+09:00,137157.0,142488.0,137157.0,140938.0,444887.0
2025-01-23 00:00:00+09:00,140938.0,140938.0,136479.0,138127.0,241972.0
2025-01-24 00:00:00+09:00,138126.0,139677.0,135121.0,137448.0,273733.0
2025-01-31 00:00:00+09:00,138514.0,138902.0,133959.0,138418.0,262841.0
2025-02-03 00:00:00+09:00,133958.0,134346.0,123005.0,125041.0,613702.0
2025-02-04 00:00:00+09:00,127270.0,129500.0,120970.0,121164.0,474498.0
2025-02-05 00:00:00+09:00,121745.0,129208.0,121648.0,127464.0,389158.0
2025-02-06 00:00:00+09:00,128046.0,128918.0,124556.0,127174.0,214606.0
2025-02-07 00:00:00+09:00,126592.0,130372.0,123878.0,123975.0,287670.0
2025-02-10 00:00:00+09:00,122035.0,127464.0,118934.0,126107.0,333166.0
2025-02-11 00:00:00+09:00,125623.0,127174.0,122909.0,123103.0,344453.0
2025-02-12 00:00:00+09:00,122908.0,124653.0,121648.0,122618.0,276332.0
2025-02-13 00:00:00+09:00,123781.0,131729.0,123684.0,129694.0,846832.0
2025-02-14 00:00:00+09:00,128821.0,131244.0,126592.0,128240.0,321028.0
2025-02-17 00:00:00+09:00,128531.0,133765.0,127464.0,130179.0,389750.0
2025-02-18 00:00:00+09:00,130954.0,131148.0,125332.0,125817.0,428375.0
2025-02-19 00:00:00+09:00,126107.0,142779.0,126107.0,134831.0,1404431.0
2025-02-20 00:00:00+09:00,135897.0,140259.0,133765.0,138612.0,630778.0
2025-02-21 00:00:00+09:00,139581.0,143846.0,138224.0,141229.0,573046.0
2025-02-24 00:00:00+09:00,139871.0,150825.0,138611.0,148305.0,824919.0
2025-02-25 00:00:00+09:00,146559.0,147626.0,140550.0,140647.0,448635.0
2025-02-26 00:00:00+09:00,139483.0,147916.0,138805.0,146366.0,425006.0
2025-02-27 00:00:00+09:00,146366.0,146366.0,141519.0,142877.0,285076.0
2025-02-28 00:00:00+09:00,140356.0,140841.0,132892.0,136964.0,474979.0
2025-03-04 00:00:00+09:00,134443.0,134443.0,125331.0,126398.0,571158.0
2025-03-05 00:00:00+09:00,127174.0,131729.0,126592.0,130276.0,409162.0
2025-03-06 00:00:00+09:00,131439.0,137933.0,129791.0,131439.0,461632.0
2025-03-07 00:00:00+09:00,129597.0,139581.0,128434.0,136964.0,531129.0
2025-03-10 00:00:00+09:00,137836.0,145203.0,134250.0,142974.0,569247.0
2025-03-11 00:00:00+09:00,136963.0,142294.0,136575.0,138805.0,358246.0
2025-03-12 00:00:00+09:00,140841.0,143458.0,138611.0,140938.0,400581.0
2025-03-13 00:00:00+09:00,142585.0,143651.0,135509.0,136576.0,525270.0
2025-03-14 00:00:00+09:00,136575.0,138029.0,130856.0,133183.0,367792.0
2025-03-17 00:00:00+09:00,133667.0,135024.0,130856.0,131729.0,262379.0
2025-03-18 00:00:00+09:00,132310.0,137544.0,132310.0,133280.0,266898.0
2025-03-19 00:00:00+09:00,132698.0,141713.0,132020.0,137836.0,439287.0
2025-03-20 00:00:00+09:00,140453.0,142876.0,137932.0,139096.0,378999.0
2025-03-21 00:00:00+09:00,138029.0,138514.0,130856.0,133474.0,505490.0
2025-03-24 00:00:00+09:00,134152.0,134928.0,131535.0,132311.0,164826.0
2025-03-25 00:00:00+09:00,134540.0,137933.0,131342.0,131536.0,270486.0
2025-03-26 00:00:00+09:00,132602.0,137545.0,131438.0,134250.0,270252.0
2025-03-27 00:00:00+09:00,132407.0,133280.0,130566.0,130954.0,145644.0
2025-03-28 00:00:00+09:00,130857.0,131245.0,123781.0,124557.0,274984.0
2025-03-31 00:00:00+09:00,120388.0,121163.0,115057.0,116608.0,625562.0
2025-04-01 00:00:00+09:00,116608.0,117965.0,114475.0,115542.0,311504.0
2025-04-02 00:00:00+09:00,116511.0,116607.0,110113.0,110986.0,311675.0
2025-04-03 00:00:00+09:00,104685.0,113796.0,104685.0,111955.0,407525.0
2025-04-04 00:00:00+09:00,109725.0,118255.0,109435.0,117965.0,537872.0
2025-04-07 00:00:00+09:00,113409.0,117190.0,111471.0,111568.0,272823.0
2025-04-08 00:00:00+09:00,114669.0,117964.0,112730.0,114766.0,260350.0
2025-04-09 00:00:00+09:00,112149.0,120388.0,112149.0,117771.0,476165.0
2025-04-10 00:00:00+09:00,126494.0,133377.0,122229.0,133377.0,809583.0
2025-04-11 00:00:00+09:00,130178.0,131147.0,125137.0,126301.0,291848.0
2025-04-14 00:00:00+09:00,127174.0,130469.0,125720.0,125914.0,235237.0
2025-04-15 00:00:00+09:00,127173.0,127173.0,124071.0,125235.0,164911.0
2025-04-16 00:00:00+09:00,125913.0,127755.0,120097.0,120970.0,183533.0
2025-04-17 00:00:00+09:00,119807.0,122715.0,119225.0,121552.0,166832.0
2025-04-18 00:00:00+09:00,121939.0,123296.0,120582.0,122715.0,114084.0
2025-04-21 00:00:00+09:00,122811.0,124362.0,120582.0,120582.0,91693.0
2025-04-22 00:00:00+09:00,120582.0,124071.0,119515.0,120679.0,127689.0
2025-04-23 00:00:00+09:00,123393.0,128821.0,123102.0,128725.0,297620.0
2025-04-24 00:00:00+09:00,130372.0,131341.0,126107.0,126204.0,292943.0
2025-04-25 00:00:00+09:00,126785.0,127270.0,123005.0,124847.0,316740.0
2025-04-28 00:00:00+09:00,125913.0,129305.0,125428.0,126204.0,220130.0
2025-04-29 00:00:00+09:00,127367.0,128627.0,124362.0,126107.0,237091.0
2025-04-30 00:00:00+09:00,126592.0,126592.0,120485.0,121067.0,320131.0
2025-05-02 00:00:00+09:00,120582.0,121648.0,117868.0,121067.0,171794.0
2025-05-07 00:00:00+09:00,122618.0,123006.0,117190.0,118935.0,258437.0
2025-05-08 00:00:00+09:00,118740.0,125525.0,118449.0,122618.0,471883.0
2025-05-09 00:00:00+09:00,122811.0,123005.0,116317.0,116802.0,390437.0
2025-05-12 00:00:00+09:00,117383.0,120097.0,115638.0,119419.0,286957.0
2025-05-13 00:00:00+09:00,119709.0,120000.0,113893.0,116414.0,594253.0
2025-05-14 00:00:00+09:00,109435.0,111955.0,107303.0,111762.0,727514.0
2025-05-15 00:00:00+09:00,110501.0,112439.0,109047.0,110986.0,234082.0
2025-05-16 00:00:00+09:00,110114.0,110986.0,105655.0,107594.0,340867.0
2025-05-19 00:00:00+09:00,106430.0,111664.0,106430.0,111471.0,377678.0
2025-05-20 00:00:00+09:00,110986.0,111083.0,103813.0,104395.0,377708.0
2025-05-21 00:00:00+09:00,104394.0,106236.0,100808.0,101487.0,249211.0
2025-05-22 00:00:00+09:00,103619.0,104104.0,98385.0,100033.0,321864.0
2025-05-23 00:00:00+09:00,100032.0,100808.0,96640.0,97028.0,244177.0
2025-05-26 00:00:00+09:00,97415.0,101196.0,97415.0,98773.0,277855.0
2025-05-27 00:00:00+09:00,97706.0,97803.0,95477.0,97028.0,289682.0
2025-05-28 00:00:00+09:00,98093.0,111761.0,96833.0,110598.0,915416.0
2025-05-29 00:00:00+09:00,109920.0,110986.0,106624.0,109920.0,462017.0
2025-05-30 00:00:00+09:00,110986.0,115445.0,107399.0,113022.0,667661.0
2025-06-02 00:00:00+09:00,113506.0,114572.0,109241.0,112925.0,325385.0
2025-06-04 00:00:00+09:00,114184.0,117770.0,112342.0,113409.0,298995.0
2025-06-05 00:00:00+09:00,112827.0,117771.0,112246.0,115348.0,269278.0
2025-06-09 00:00:00+09:00,113894.0,115154.0,110210.0,113991.0,322749.0
2025-06-10 00:00:00+09:00,115251.0,116608.0,113215.0,115639.0,306547.0
2025-06-11 00:00:00+09:00,117868.0,123490.0,116705.0,120195.0,491434.0
2025-06-12 00:00:00+09:00,120194.0,129015.0,119613.0,128337.0,903503.0
2025-06-13 00:00:00+09:00,125817.0,125914.0,121261.0,123200.0,495261.0
2025-06-16 00:00:00+09:00,122300.0,123500.0,118300.0,118500.0,280423.0
2025-06-17 00:00:00+09:00,119400.0,124300.0,117550.0,120200.0,280833.0
2025-06-18 00:00:00+09:00,119100.0,123500.0,119100.0,120800.0,209089.0
2025-06-19 00:00:00+09:00,121900.0,133900.0,120500.0,125800.0,562247.0
2025-06-20 00:00:00+09:00,128200.0,133200.0,124800.0,129200.0,556842.0
2025-06-23 00:00:00+09:00,126600.0,127700.0,123000.0,125800.0,262562.0
2025-06-24 00:00:00+09:00,129800.0,132800.0,127500.0,129200.0,357680.0
2025-06-25 00:00:00+09:00,128900.0,132000.0,126000.0,130000.0,249585.0
2025-06-26 00:00:00+09:00,130600.0,131100.0,127000.0,128900.0,191694.0
2025-06-27 00:00:00+09:00,129100.0,130800.0,123200.0,123600.0,216493.0
2025-06-30 00:00:00+09:00,124900.0,130900.0,124700.0,126400.0,320831.0
2025-07-01 00:00:00+09:00,126600.0,129500.0,124900.0,125000.0,310952.0
2025-07-02 00:00:00+09:00,123200.0,127100.0,122800.0,127000.0,231484.0
2025-07-03 00:00:00+09:00,127800.0,132400.0,127100.0,130300.0,468228.0
2025-07-04 00:00:00+09:00,128800.0,136300.0,126100.0,131200.0,517111.0
2025-07-07 00:00:00+09:00,133000.0,134500.0,126600.0,126600.0,289741.0
2025-07-08 00:00:00+09:00,126100.0,129300.0,123000.0,124300.0,305155.0
2025-07-09 00:00:00+09:00,125100.0,127500.0,122400.0,123200.0,259019.0
2025-07-10 00:00:00+09:00,124000.0,129500.0,123200.0,129500.0,467152.0
2025-07-11 00:00:00+09:00,128900.0,140600.0,128800.0,139000.0,980908.0
2025-07-14 00:00:00+09:00,142000.0,142200.0,135300.0,137600.0,351165.0
2025-07-15 00:00:00+09:00,137500.0,137600.0,134800.0,135700.0,219381.0
2025-07-16 00:00:00+09:00,135700.0,137100.0,132500.0,132500.0,145767.0
2025-07-17 00:00:00+09:00,134100.0,136400.0,130200.0,131200.0,217169.0
2025-07-18 00:00:00+09:00,137800.0,163300.0,137700.0,156900.0,4255832.0
2025-07-21 00:00:00+09:00,153000.0,158500.0,152300.0,156400.0,652502.0
2025-07-22 00:00:00+09:00,161800.0,161800.0,148000.0,149800.0,654206.0
2025-07-23 00:00:00+09:00,153000.0,154700.0,148000.0,150900.0,443783.0
2025-07-24 00:00:00+09:00,149900.0,154000.0,148300.0,150200.0,407200.0
2025-07-25 00:00:00+09:00,151700.0,151800.0,146200.0,148600.0,313785.0
2025-07-28 00:00:00+09:00,149100.0,155500.0,146000.0,149800.0,384984.0
2025-07-29 00:00:00+09:00,148300.0,148300.0,144100.0,145700.0,235963.0
2025-07-30 00:00:00+09:00,146400.0,148900.0,144600.0,147600.0,261323.0
2025-07-31 00:00:00+09:00,153000.0,153000.0,141300.0,142500.0,448284.0
2025-08-01 00:00:00+09:00,140600.0,142900.0,136600.0,137100.0,228058.0
2025-08-04 00:00:00+09:00,138200.0,139600.0,135600.0,136700.0,147618.0
2025-08-05 00:00:00+09:00,137900.0,149700.0,137600.0,148400.0,594178.0
2025-08-06 00:00:00+09:00,145300.0,153500.0,144600.0,150900.0,688479.0
2025-08-07 00:00:00+09:00,152200.0,152200.0,149000.0,151500.0,239762.0
2025-08-08 00:00:00+09:00,149900.0,150900.0,148300.0,150400.0,234881.0
2025-08-11 00:00:00+09:00,152700.0,164600.0,152700.0,162900.0,958992.0
2025-08-12 00:00:00+09:00,157700.0,163500.0,156000.0,158000.0,588150.0
2025-08-13 00:00:00+09:00,160200.0,160600.0,157400.0,158900.0,205976.0
2025-08-14 00:00:00+09:00,160100.0,164900.0,159900.0,163200.0,664511.0
2025-08-18 00:00:00+09:00,162200.0,162300.0,155300.0,155300.0,239556.0
2025-08-19 00:00:00+09:00,157300.0,158200.0,152800.0,154200.0,190204.0
2025-08-20 00:00:00+09:00,150800.0,155400.0,149900.0,153500.0,197787.0
2025-08-21 00:00:00+09:00,154400.0,154700.0,150600.0,152700.0,200609.0
2025-08-22 00:00:00+09:00,153400.0,154200.0,151000.0,151200.0,150690.0
2025-08-25 00:00:00+09:00,154700.0,159400.0,153300.0,158000.0,299136.0
2025-08-26 00:00:00+09:00,157000.0,158500.0,154400.0,154400.0,200274.0
2025-08-27 00:00:00+09:00,156800.0,156800.0,151800.0,152000.0,180871.0
2025-08-28 00:00:00+09:00,153700.0,155400.0,145300.0,145300.0,439882.0
2025-08-29 00:00:00+09:00,146500.0,146600.0,141300.0,141300.0,250859.0
2025-09-01 00:00:00+09:00,140300.0,142000.0,138000.0,138400.0,196994.0
2025-09-02 00:00:00+09:00,139500.0,140000.0,135800.0,136900.0,192679.0
2025-09-03 00:00:00+09:00,137300.0,137800.0,133500.0,134400.0,238274.0
2025-09-04 00:00:00+09:00,138000.0,138900.0,134100.0,135200.0,228246.0
2025-09-05 00:00:00+09:00,135500.0,135500.0,131000.0,131600.0,294913.0
2025-09-08 00:00:00+09:00,130800.0,135800.0,130400.0,132800.0,246393.0
2025-09-09 00:00:00+09:00,133800.0,135400.0,131600.0,133000.0,258758.0
2025-09-10 00:00:00+09:00,132300.0,132300.0,128100.0,129600.0,587686.0
2025-09-11 00:00:00+09:00,130300.0,130800.0,128500.0,130800.0,496400.0
2025-09-12 00:00:00+09:00,133100.0,134900.0,132000.0,133500.0,279250.0
2025-09-15 00:00:00+09:00,134900.0,135500.0,132100.0,132300.0,211457.0
2025-09-16 00:00:00+09:00,133400.0,133600.0,131200.0,131900.0,236546.0
2025-09-17 00:00:00+09:00,132500.0,135100.0,131700.0,133500.0,282592.0
2025-09-18 00:00:00+09:00,133800.0,141000.0,131900.0,139600.0,579735.0
2025-09-19 00:00:00+09:00,140000.0,146400.0,137600.0,141300.0,688320.0
2025-09-22 00:00:00+09:00,142200.0,146300.0,140700.0,141400.0,340386.0
2025-09-23 00:00:00+09:00,142000.0,147900.0,140700.0,143600.0,331860.0
2025-09-24 00:00:00+09:00,146900.0,146900.0,137300.0,138400.0,425275.0
2025-09-25 00:00:00+09:00,139700.0,147100.0,139500.0,145900.0,556163.0
2025-09-26 00:00:00+09:00,143200.0,143300.0,140800.0,141300.0,249569.0
2025-09-29 00:00:00+09:00,142200.0,147500.0,141700.0,145100.0,401007.0
2025-09-30 00:00:00+09:00,144500.0,147200.0,143200.0,143500.0,339174.0
2025-10-01 00:00:00+09:00,145100.0,149300.0,140700.0,147500.0,536206.0
2025-10-02 00:00:00+09:00,148200.0,150300.0,146500.0,146500.0,428575.0
2025-10-10 00:00:00+09:00,146400.0,148100.0,142200.0,146300.0,374520.0
2025-10-13 00:00:00+09:00,144000.0,160800.0,143400.0,157700.0,1152076.0
2025-10-14 00:00:00+09:00,156900.0,172700.0,155200.0,166700.0,1670939.0
2025-10-15 00:00:00+09:00,172700.0,174450.0,166100.0,174200.0,807770.0
2025-10-16 00:00:00+09:00,172400.0,191500.0,172000.0,191500.0,1356449.0
2025-10-17 00:00:00+09:00,192100.0,201000.0,188000.0,193500.0,1383608.0
2025-10-20 00:00:00+09:00,191100.0,198700.0,186500.0,195500.0,750173.0
2025-10-21 00:00:00+09:00,195300.0,214500.0,193200.0,201000.0,1084118.0
2025-10-22 00:00:00+09:00,205500.0,207500.0,198000.0,204000.0,530821.0
2025-10-23 00:00:00+09:00,208500.0,209500.0,201000.0,203500.0,408254.0
2025-10-24 00:00:00+09:00,206500.0,243000.0,205000.0,242000.0,1585440.0
2025-10-27 00:00:00+09:00,258000.0,260000.0,242000.0,245500.0,1399657.0
2025-10-28 00:00:00+09:00,240000.0,247500.0,227000.0,241000.0,1189858.0
2025-10-29 00:00:00+09:00,238000.0,242500.0,230000.0,234500.0,654627.0
2025-10-30 00:00:00+09:00,231000.0,240500.0,219000.0,220000.0,951297.0
2025-10-31 00:00:00+09:00,214000.0,223500.0,214000.0,216500.0,477882.0
2025-11-03 00:00:00+09:00,223500.0,223500.0,213000.0,219500.0,481482.0
2025-11-04 00:00:00+09:00,228500.0,228500.0,217000.0,219000.0,416593.0
2025-11-05 00:00:00+09:00,214000.0,218750.0,203000.0,213500.0,451970.0
2025-11-06 00:00:00+09:00,220000.0,222500.0,211000.0,212000.0,289098.0
2025-11-07 00:00:00+09:00,207000.0,213000.0,201000.0,207000.0,308492.0
2025-11-10 00:00:00+09:00,207000.0,211500.0,199900.0,210000.0,320676.0
2025-11-11 00:00:00+09:00,214000.0,222500.0,206000.0,210500.0,379550.0
2025-11-12 00:00:00+09:00,214000.0,220000.0,209000.0,215000.0,288170.0
2025-11-13 00:00:00+09:00,218500.0,223500.0,213500.0,220500.0,491246.0
2025-11-14 00:00:00+09:00,214000.0,216500.0,208000.0,209500.0,304082.0
2025-11-17 00:00:00+09:00,212500.0,214000.0,206500.0,209000.0,151307.0
2025-11-18 00:00:00+09:00,215500.0,216000.0,200000.0,200000.0,390701.0
2025-11-19 00:00:00+09:00,201000.0,202500.0,192600.0,195900.0,443784.0
2025-11-20 00:00:00+09:00,199900.0,203750.0,197800.0,200000.0,199767.0
2025-11-21 00:00:00+09:00,192800.0,197400.0,191000.0,192500.0,257378.0
2025-11-24 00:00:00+09:00,194400.0,194500.0,185800.0,186800.0,343477.0
2025-11-25 00:00:00+09:00,190500.0,191500.0,186000.0,187100.0,209557.0
2025-11-26 00:00:00+09:00,190700.0,205750.0,190500.0,205000.0,506311.0
2025-11-27 00:00:00+09:00,206500.0,209000.0,202000.0,207000.0,214349.0
2025-11-28 00:00:00+09:00,211500.0,211500.0,204000.0,206500.0,183186.0
2025-12-01 00:00:00+09:00,209500.0,214000.0,205500.0,209000.0,289732.0
2025-12-02 00:00:00+09:00,211000.0,211000.0,205000.0,207500.0,227278.0
2025-12-03 00:00:00+09:00,208000.0,209500.0,204000.0,206000.0,140415.0
2025-12-04 00:00:00+09:00,206500.0,209500.0,201000.0,204500.0,184815.0
2025-12-05 00:00:00+09:00,202500.0,208500.0,202000.0,206000.0,180504.0
2025-12-08 00:00:00+09:00,208500.0,221000.0,207000.0,220500.0,568128.0
2025-12-09 00:00:00+09:00,218000.0,228000.0,216500.0,224000.0,449759.0
2025-12-10 00:00:00+09:00,230000.0,230000.0,218500.0,220500.0,323772.0
2025-12-11 00:00:00+09:00,225000.0,225000.0,215500.0,222000.0,502574.0
2025-12-12 00:00:00+09:00,223500.0,225500.0,219000.0,221500.0,257784.0
2025-12-15 00:00:00+09:00,218500.0,235000.0,216500.0,227000.0,526698.0
2025-12-16 00:00:00+09:00,229000.0,229000.0,208500.0,210000.0,628535.0
2025-12-17 00:00:00+09:00,213000.0,214000.0,205500.0,210500.0,271830.0
2025-12-18 00:00:00+09:00,201000.0,204000.0,195500.0,195500.0,469269.0
2025-12-19 00:00:00+09:00,196600.0,198000.0,183100.0,191100.0,755266.0
2025-12-22 00:00:00+09:00,192500.0,197200.0,190300.0,196100.0,334746.0
2025-12-23 00:00:00+09:00,196300.0,201000.0,194100.0,196500.0,276101.0
2025-12-24 00:00:00+09:00,198000.0,204500.0,197000.0,198000.0,315759.0
2025-12-26 00:00:00+09:00,200000.0,202000.0,194500.0,196200.0,207100.0
2025-12-29 00:00:00+09:00,190600.0,198400.0,189500.0,196700.0,268020.0
2025-12-30 00:00:00+09:00,193800.0,193900.0,184500.0,187000.0,454037.0
2026-01-02 00:00:00+09:00,183300.0,183500.0,176600.0,176900.0,599853.0
2026-01-05 00:00:00+09:00,174000.0,181900.0,173800.0,181000.0,531260.0
2026-01-06 00:00:00+09:00,185300.0,185700.0,180900.0,182700.0,352558.0
2026-01-07 00:00:00+09:00,182600.0,187000.0,178000.0,180000.0,335167.0
2026-01-08 00:00:00+09:00,180100.0,183400.0,177600.0,178500.0,463164.0
2026-01-09 00:00:00+09:00,179900.0,180800.0,172500.0,175900.0,396593.0
2026-01-12 00:00:00+09:00,174100.0,189300.0,174000.0,188000.0,624112.0
2026-01-13 00:00:00+09:00,192000.0,196600.0,186700.0,196000.0,484901.0
2026-01-14 00:00:00+09:00,194600.0,196600.0,187000.0,188100.0,355967.0
2026-01-15 00:00:00+09:00,189100.0,198300.0,186700.0,195400.0,545799.0
2026-01-16 00:00:00+09:00,195500.0,196000.0,188500.0,188700.0,305027.0
2026-01-19 00:00:00+09:00,189300.0,198400.0,187800.0,197000.0,450354.0
2026-01-20 00:00:00+09:00,200000.0,214000.0,197300.0,205000.0,691547.0
2026-01-21 00:00:00+09:00,199600.0,204000.0,194900.0,200500.0,434175.0
2026-01-22 00:00:00+09:00,201500.0,217500.0,200000.0,217000.0,1019428.0
2026-01-23 00:00:00+09:00,224000.0,224000.0,209500.0,214000.0,645104.0
2026-01-26 00:00:00+09:00,216500.0,229500.0,214000.0,228500.0,1023248.0
2026-01-27 00:00:00+09:00,227000.0,231500.0,221500.0,229500.0,606335.0
2026-01-28 00:00:00+09:00,234500.0,240500.0,229500.0,239500.0,968994.0
2026-01-29 00:00:00+09:00,245500.0,245500.0,225000.0,235000.0,967869.0
2026-01-30 00:00:00+09:00,236500.0,239500.0,222000.0,223500.0,723565.0
2026-02-02 00:00:00+09:00,218500.0,232500.0,214500.0,217500.0,675565.0
2026-02-03 00:00:00+09:00,223000.0,229000.0,215500.0,226500.0,473523.0
2026-02-04 00:00:00+09:00,226000.0,233500.0,224000.0,232500.0,561217.0
2026-02-05 00:00:00+09:00,230000.0,234000.0,222000.0,225500.0,563594.0
2026-02-06 00:00:00+09:00,216500.0,218000.0,210000.0,218000.0,441504.0
2026-02-09 00:00:00+09:00,224500.0,227500.0,220000.0,225500.0,396828.0
2026-02-10 00:00:00+09:00,226000.0,228000.0,218000.0,221000.0,363997.0
2026-02-11 00:00:00+09:00,221500.0,222500.0,216000.0,218500.0,214838.0
2026-02-12 00:00:00+09:00,222000.0,230000.0,219500.0,227500.0,632915.0
2026-02-13 00:00:00+09:00,224000.0,230000.0,220000.0,224000.0,340336.0
2026-02-19 00:00:00+09:00,228000.0,236500.0,225000.0,234500.0,430899.0
2026-02-20 00:00:00+09:00,235500.0,237000.0,230000.0,233000.0,236523.0
2026-02-23 00:00:00+09:00,236000.0,236000.0,224000.0,225500.0,363163.0
2026-02-24 00:00:00+09:00,228000.0,239500.0,226500.0,236000.0,588396.0
2026-02-25 00:00:00+09:00,237000.0,254000.0,232000.0,246000.0,781807.0
2026-02-26 00:00:00+09:00,249000.0,250000.0,240500.0,247000.0,542279.0
2026-02-27 00:00:00+09:00,243000.0,249000.0,241000.0,247000.0,485158.0
2026-03-03 00:00:00+09:00,242000.0,252500.0,224000.0,226500.0,667688.0
2026-03-04 00:00:00+09:00,215000.0,219000.0,184500.0,185200.0,755094.0
2026-03-05 00:00:00+09:00,203000.0,213000.0,201500.0,208000.0,393825.0
2026-03-06 00:00:00+09:00,206000.0,216500.0,202000.0,215500.0,359162.0
2026-03-09 00:00:00+09:00,200000.0,207000.0,196000.0,202500.0,348100.0
2026-03-10 00:00:00+09:00,213000.0,213500.0,205500.0,210000.0,229082.0
2026-03-11 00:00:00+09:00,214000.0,218500.0,208500.0,210500.0,201978.0
2026-03-12 00:00:00+09:00,210000.0,213500.0,206500.0,210500.0,177842.0
2026-03-13 00:00:00+09:00,201500.0,201500.0,189600.0,190900.0,1585544.0
2026-03-16 00:00:00+09:00,189500.0,198900.0,188200.0,191200.0,603441.0
2026-03-17 00:00:00+09:00,197400.0,197700.0,192500.0,193100.0,359857.0
2026-03-18 00:00:00+09:00,195500.0,201500.0,195000.0,200500.0,381738.0
2026-03-19 00:00:00+09:00,194300.0,204000.0,194100.0,198000.0,298252.0
2026-03-20 00:00:00+09:00,201000.0,202000.0,198000.0,199200.0,213964.0
2026-03-23 00:00:00+09:00,191100.0,192200.0,186000.0,186400.0,329162.0
2026-03-24 00:00:00+09:00,192900.0,199900.0,192300.0,196400.0,399666.0
2026-03-25 00:00:00+09:00,199100.0,207000.0,197700.0,202500.0,355823.0
2026-03-26 00:00:00+09:00,204500.0,210000.0,199000.0,200000.0,286841.0
2026-03-27 00:00:00+09:00,195700.0,212500.0,190400.0,209000.0,450176.0
2026-03-30 00:00:00+09:00,203500.0,221500.0,202000.0,214500.0,576917.0
2026-03-31 00:00:00+09:00,214000.0,214500.0,201500.0,203500.0,444840.0
2026-04-01 00:00:00+09:00,211500.0,213000.0,206500.0,211500.0,269959.0
2026-04-02 00:00:00+09:00,215000.0,230000.0,210000.0,213000.0,841291.0
2026-04-03 00:00:00+09:00,219000.0,221500.0,204500.0,211500.0,394229.0
2026-04-06 00:00:00+09:00,210500.0,218500.0,208500.0,211000.0,280550.0
2026-04-07 00:00:00+09:00,210000.0,218500.0,207750.0,209000.0,328182.0
2026-04-08 00:00:00+09:00,217500.0,220000.0,212500.0,217500.0,345070.0
2026-04-09 00:00:00+09:00,219000.0,225000.0,215500.0,218000.0,399050.0
2026-04-10 00:00:00+09:00,219500.0,221000.0,215000.0,217500.0,203586.0
2026-04-13 00:00:00+09:00,214000.0,217250.0,211000.0,214500.0,181353.0
2026-04-14 00:00:00+09:00,218000.0,218500.0,212500.0,213000.0,134605.0
2026-04-15 00:00:00+09:00,217000.0,221500.0,215000.0,217500.0,207301.0
2026-04-16 00:00:00+09:00,222500.0,227000.0,221000.0,223500.0,224013.0
2026-04-17 00:00:00+09:00,227000.0,237000.0,224500.0,234500.0,492714.0
2026-04-20 00:00:00+09:00,236000.0,241000.0,234000.0,236500.0,296655.0
2026-04-21 00:00:00+09:00,242000.0,257000.0,239000.0,256500.0,744904.0
2026-04-22 00:00:00+09:00,257000.0,261500.0,247500.0,257500.0,541591.0
2026-04-23 00:00:00+09:00,261500.0,262000.0,240000.0,246000.0,475016.0
2026-04-24 00:00:00+09:00,249000.0,253500.0,244000.0,252000.0,314656.0
2026-04-27 00:00:00+09:00,256500.0,256500.0,246000.0,249500.0,285322.0
2026-04-28 00:00:00+09:00,253500.0,267500.0,253500.0,263000.0,632095.0
2026-04-29 00:00:00+09:00,262500.0,268500.0,254000.0,261000.0,344400.0
2026-04-30 00:00:00+09:00,260000.0,260500.0,248000.0,252000.0,425977.0
2026-05-04 00:00:00+09:00,260500.0,272500.0,260000.0,267000.0,589996.0
2026-05-06 00:00:00+09:00,275000.0,294500.0,272000.0,288500.0,1054707.0
2026-05-07 00:00:00+09:00,288000.0,298500.0,274500.0,296000.0,680410.0
2026-05-08 00:00:00+09:00,292500.0,299500.0,282000.0,290000.0,320035.0
2026-05-11 00:00:00+09:00,290000.0,290000.0,276500.0,280000.0,348680.0
2026-05-12 00:00:00+09:00,280500.0,282500.0,257000.0,261000.0,636711.0
2026-05-13 00:00:00+09:00,259500.0,261000.0,245500.0,251500.0,358788.0
2026-05-14 00:00:00+09:00,261000.0,261000.0,244000.0,250500.0,497388.0
2026-05-15 00:00:00+09:00,252500.0,263000.0,231000.0,235500.0,455373.0
2026-05-18 00:00:00+09:00,232500.0,236500.0,220000.0,232000.0,319699.0
2026-05-19 00:00:00+09:00,235000.0,235500.0,217500.0,224000.0,330942.0
2026-05-20 00:00:00+09:00,224500.0,225000.0,211500.0,216500.0,305249.0
2026-05-21 00:00:00+09:00,227000.0,233500.0,223500.0,232000.0,236575.0
2026-05-22 00:00:00+09:00,239000.0,249000.0,234500.0,243000.0,290033.0
2026-05-26 00:00:00+09:00,249500.0,250000.0,240000.0,240500.0,209833.0
2026-05-27 00:00:00+09:00,240000.0,244000.0,229000.0,229000.0,274944.0
2026-05-28 00:00:00+09:00,240000.0,241500.0,225500.0,238000.0,328997.0
2026-05-29 00:00:00+09:00,237500.0,249500.0,231500.0,245500.0,630103.0
2026-06-01 00:00:00+09:00,241000.0,242000.0,230000.0,231000.0,368520.0
2026-06-02 00:00:00+09:00,227500.0,244500.0,221500.0,222500.0,453638.0
2026-06-04 00:00:00+09:00,224000.0,233000.0,217000.0,221500.0,230025.0
2026-06-05 00:00:00+09:00,220000.0,222000.0,203000.0,209000.0,204019.0
2026-06-08 00:00:00+09:00,190200.0,197000.0,186200.0,187700.0,301459.0
2026-06-09 00:00:00+09:00,189600.0,197400.0,185000.0,193000.0,287081.0
2026-06-10 00:00:00+09:00,191200.0,197300.0,182600.0,187600.0,353371.0
2026-06-11 00:00:00+09:00,181100.0,187400.0,177400.0,184700.0,434516.0
2026-06-12 00:00:00+09:00,194900.0,205500.0,192200.0,199400.0,317096.0
2026-06-15 00:00:00+09:00,207000.0,212000.0,203500.0,210500.0,174675.0
2026-06-16 00:00:00+09:00,210500.0,212000.0,205500.0,209000.0,157425.0
2026-06-17 00:00:00+09:00,210500.0,213000.0,205000.0,209500.0,146612.0
2026-06-18 00:00:00+09:00,206000.0,209000.0,199700.0,202000.0,229712.0
2026-06-19 00:00:00+09:00,202000.0,210500.0,192000.0,199500.0,344750.0
2026-06-22 00:00:00+09:00,199100.0,201000.0,189500.0,192000.0,233717.0
2026-06-23 00:00:00+09:00,191800.0,198100.0,172000.0,172900.0,330793.0
2026-06-24 00:00:00+09:00,170200.0,182900.0,167100.0,178100.0,299430.0
2026-06-25 00:00:00+09:00,179700.0,182700.0,170000.0,170200.0,288673.0
2026-06-26 00:00:00+09:00,168600.0,171300.0,155700.0,160600.0,357402.0
2026-06-29 00:00:00+09:00,162000.0,187800.0,159000.0,187600.0,479720.0
2026-06-30 00:00:00+09:00,186100.0,186100.0,174500.0,175600.0,389172.0
2026-07-01 00:00:00+09:00,178200.0,178200.0,167100.0,170200.0,333203.0
2026-07-02 00:00:00+09:00,169000.0,169000.0,159500.0,163600.0,301168.0
2026-07-03 00:00:00+09:00,163400.0,163600.0,149500.0,162200.0,402156.0
2026-07-06 00:00:00+09:00,162600.0,163800.0,151400.0,159500.0,267492.0
2026-07-07 00:00:00+09:00,158700.0,160000.0,152800.0,158200.0,299498.0
2026-07-08 00:00:00+09:00,152600.0,154600.0,143400.0,144700.0,330659.0
2026-07-09 00:00:00+09:00,145100.0,153000.0,142000.0,146000.0,618100.0
2026-07-10 00:00:00+09:00,148200.0,159400.0,148200.0,151800.0,306366.0
2026-07-13 00:00:00+09:00,151900.0,159700.0,149100.0,150700.0,342798.0
2026-07-14 00:00:00+09:00,151900.0,153400.0,140600.0,144300.0,302559.0
2026-07-15 00:00:00+09:00,148600.0,156000.0,148000.0,153200.0,201873.0
2026-07-16 00:00:00+09:00,152000.0,157000.0,145300.0,147600.0,304297.0
2026-07-20 00:00:00+09:00,144000.0,145400.0,135200.0,136800.0,244081.0
2026-07-21 00:00:00+09:00,134800.0,139500.0,133000.0,138600.0,196426.0
2026-07-22 00:00:00+09:00,142100.0,146000.0,140400.0,141100.0,158807.0
2026-07-23 00:00:00+09:00,141200.0,152700.0,141000.0,152200.0,213282.0
2026-07-24 00:00:00+09:00,148400.0,148900.0,140000.0,141600.0,185247.0
2026-07-27 00:00:00+09:00,143900.0,145000.0,139100.0,143600.0,160335.0
2026-07-28 00:00:00+09:00,139800.0,140300.0,131500.0,132900.0,224077.0
2026-07-29 00:00:00+09:00,132900.0,134500.0,115400.0,122100.0,362830.0
2026-07-30 00:00:00+09:00,114800.0,136500.0,114700.0,130200.0,544213.0
2026-07-31 00:00:00+09:00,134700.0,139300.0,129000.0,137700.0,415736.0
2026-08-03 00:00:00+09:00,134300.0,140600.0,129600.0,136800.0,295681.0
2026-08-04 00:00:00+09:00,138100.0,143200.0,136300.0,142800.0,183174.0
2026-08-05 00:00:00+09:00,147200.0,148000.0,144100.0,146200.0,139772.0
2026-08-06 00:00:00+09:00,146000.0,151000.0,142900.0,147500.0,189359.0
2026-08-07 00:00:00+09:00,168800.0,168800.0,150200.0,155800.0,970544.0
2026-08-10 00:00:00+09:00,155900.0,166000.0,152200.0,165500.0,494259.0
2026-08-11 00:00:00+09:00,163300.0,164400.0,156800.0,156900.0,286770.0
2026-08-12 00:00:00+09:00,157500.0,161900.0,155100.0,160000.0,251317.0
2026-08-13 00:00:00+09:00,160700.0,167900.0,159000.0,165900.0,375509.0
2026-08-14 00:00:00+09:00,166500.0,171400.0,163100.0,170500.0,244914.0
2026-08-18 00:00:00+09:00,169700.0,170900.0,159000.0,160400.0,297534.0
2026-08-19 00:00:00+09:00,154800.0,161600.0,153300.0,160300.0,189626.0
2026-08-20 00:00:00+09:00,162200.0,168700.0,161800.0,163300.0,242384.0
2026-08-21 00:00:00+09:00,159000.0,159100.0,154000.0,154900.0,230420.0
2026-08-24 00:00:00+09:00,158000.0,173700.0,158000.0,170900.0,578440.0
2026-08-25 00:00:00+09:00,168400.0,169900.0,161700.0,167800.0,263852.0
2026-08-26 00:00:00+09:00,167500.0,169500.0,163200.0,168700.0,167777.0
2026-08-27 00:00:00+09:00,170400.0,186900.0,170200.0,184000.0,659763.0
2026-08-28 00:00:00+09:00,181100.0,188800.0,180100.0,186300.0,320655.0
