dt,open,high,low,close,volume
2016-06-21 00:00:00+09:00,57300.0,57500.0,56200.0,57400.0,88220.0
2016-06-22 00:00:00+09:00,57400.0,57900.0,57000.0,57200.0,78144.0
2016-06-23 00:00:00+09:00,56900.0,57200.0,56100.0,56700.0,75995.0
2016-06-24 00:00:00+09:00,57200.0,58000.0,53900.0,55000.0,238036.0
2016-06-27 00:00:00+09:00,53100.0,55500.0,53000.0,54500.0,164575.0
2016-06-28 00:00:00+09:00,53900.0,55900.0,53700.0,55400.0,84595.0
2016-06-29 00:00:00+09:00,55600.0,57400.0,55200.0,56700.0,95015.0
2016-06-30 00:00:00+09:00,56900.0,57200.0,55900.0,56100.0,80634.0
2016-07-01 00:00:00+09:00,55800.0,57000.0,55800.0,56400.0,75486.0
2016-07-04 00:00:00+09:00,56200.0,57500.0,56200.0,56800.0,66876.0
2016-07-05 00:00:00+09:00,56500.0,57300.0,55700.0,56000.0,43209.0
2016-07-06 00:00:00+09:00,56200.0,56800.0,55000.0,55500.0,62790.0
2016-07-07 00:00:00+09:00,55800.0,56700.0,55400.0,56700.0,60657.0
2016-07-08 00:00:00+09:00,56400.0,57800.0,55900.0,57600.0,102977.0
2016-07-11 00:00:00+09:00,58400.0,58400.0,57400.0,57800.0,95156.0
2016-07-12 00:00:00+09:00,58600.0,58600.0,56200.0,56700.0,161718.0
2016-07-13 00:00:00+09:00,56800.0,56800.0,54600.0,55300.0,251130.0
2016-07-14 00:00:00+09:00,55400.0,55500.0,53200.0,53500.0,172908.0
2016-07-15 00:00:00+09:00,54200.0,54800.0,53100.0,54200.0,147176.0
2016-07-18 00:00:00+09:00,54300.0,54600.0,52100.0,52300.0,164106.0
2016-07-19 00:00:00+09:00,52300.0,52600.0,51000.0,51600.0,145659.0
2016-07-20 00:00:00+09:00,52300.0,53600.0,51500.0,53100.0,124431.0
2016-07-21 00:00:00+09:00,53100.0,55000.0,52700.0,54100.0,144810.0
2016-07-22 00:00:00+09:00,54500.0,55300.0,53600.0,55100.0,117201.0
2016-07-25 00:00:00+09:00,54900.0,55400.0,53500.0,54500.0,90052.0
2016-07-26 00:00:00+09:00,54500.0,55000.0,53800.0,54500.0,82113.0
2016-07-27 00:00:00+09:00,54100.0,54800.0,53500.0,54200.0,92821.0
2016-07-28 00:00:00+09:00,54000.0,54500.0,53200.0,53700.0,69958.0
2016-07-29 00:00:00+09:00,53700.0,54400.0,52200.0,53300.0,133933.0
2016-08-01 00:00:00+09:00,52900.0,54300.0,52700.0,54000.0,62955.0
2016-08-02 00:00:00+09:00,53700.0,54200.0,52400.0,52400.0,86551.0
2016-08-03 00:00:00+09:00,52300.0,52500.0,51500.0,51800.0,91720.0
2016-08-04 00:00:00+09:00,52000.0,52400.0,51000.0,51500.0,114190.0
2016-08-05 00:00:00+09:00,51600.0,52300.0,51300.0,52100.0,80183.0
2016-08-08 00:00:00+09:00,52200.0,52800.0,50900.0,51600.0,96230.0
2016-08-09 00:00:00+09:00,51200.0,52000.0,51100.0,51700.0,79704.0
2016-08-10 00:00:00+09:00,51700.0,52900.0,51100.0,52600.0,120600.0
2016-08-11 00:00:00+09:00,52300.0,53500.0,52300.0,53500.0,129693.0
2016-08-12 00:00:00+09:00,53900.0,55100.0,53000.0,54700.0,179431.0
2016-08-16 00:00:00+09:00,55400.0,58800.0,55400.0,58000.0,345756.0
2016-08-17 00:00:00+09:00,58000.0,59400.0,58000.0,58700.0,177866.0
2016-08-18 00:00:00+09:00,58600.0,61500.0,58400.0,60400.0,279715.0
2016-08-19 00:00:00+09:00,60100.0,60900.0,59200.0,60700.0,168696.0
2016-08-22 00:00:00+09:00,60200.0,60600.0,59500.0,59700.0,103237.0
2016-08-23 00:00:00+09:00,60300.0,60700.0,60000.0,60200.0,84048.0
2016-08-24 00:00:00+09:00,59800.0,62300.0,59800.0,61200.0,228484.0
2016-08-25 00:00:00+09:00,61700.0,62000.0,60400.0,60800.0,121390.0
2016-08-26 00:00:00+09:00,61100.0,61600.0,60000.0,61200.0,70978.0
2016-08-29 00:00:00+09:00,61700.0,61700.0,59500.0,60100.0,108803.0
2016-08-30 00:00:00+09:00,60400.0,61800.0,60300.0,60600.0,114794.0
2016-08-31 00:00:00+09:00,61200.0,63800.0,61100.0,62900.0,342986.0
2016-09-01 00:00:00+09:00,62900.0,63100.0,61800.0,62600.0,140071.0
2016-09-02 00:00:00+09:00,62500.0,62700.0,61100.0,61800.0,144540.0
2016-09-05 00:00:00+09:00,62400.0,63100.0,61400.0,62800.0,126489.0
2016-09-06 00:00:00+09:00,62800.0,62800.0,61300.0,61500.0,124723.0
2016-09-07 00:00:00+09:00,61500.0,62700.0,61300.0,61400.0,93625.0
2016-09-08 00:00:00+09:00,61500.0,62400.0,60900.0,61800.0,92143.0
2016-09-09 00:00:00+09:00,61700.0,61800.0,60600.0,61300.0,62804.0
2016-09-12 00:00:00+09:00,60800.0,61700.0,60300.0,61000.0,133459.0
2016-09-13 00:00:00+09:00,61000.0,61600.0,58600.0,58800.0,178835.0
2016-09-19 00:00:00+09:00,59000.0,61100.0,59000.0,60000.0,143830.0
2016-09-20 00:00:00+09:00,59600.0,60000.0,58600.0,59800.0,126311.0
2016-09-21 00:00:00+09:00,59500.0,59800.0,58000.0,59000.0,142622.0
2016-09-22 00:00:00+09:00,59500.0,61000.0,59100.0,59900.0,113528.0
2016-09-23 00:00:00+09:00,61000.0,61000.0,58700.0,59300.0,98173.0
2016-09-26 00:00:00+09:00,60000.0,60000.0,58100.0,58700.0,80250.0
2016-09-27 00:00:00+09:00,58700.0,60300.0,57800.0,59500.0,92971.0
2016-09-28 00:00:00+09:00,59600.0,59800.0,58200.0,58900.0,101088.0
2016-09-29 00:00:00+09:00,59100.0,60500.0,58800.0,59400.0,76860.0
2016-09-30 00:00:00+09:00,58900.0,59400.0,58100.0,58200.0,86974.0
2016-10-04 00:00:00+09:00,58400.0,60500.0,58300.0,58800.0,104561.0
2016-10-05 00:00:00+09:00,58900.0,58900.0,57800.0,58900.0,63741.0
2016-10-06 00:00:00+09:00,58500.0,58800.0,57900.0,58000.0,65780.0
2016-10-07 00:00:00+09:00,57600.0,59400.0,57600.0,58500.0,98671.0
2016-10-10 00:00:00+09:00,59100.0,59800.0,58000.0,58700.0,78031.0
2016-10-11 00:00:00+09:00,59100.0,59200.0,58200.0,58600.0,43644.0
2016-10-12 00:00:00+09:00,58900.0,59600.0,58300.0,58800.0,61789.0
2016-10-13 00:00:00+09:00,58400.0,58800.0,57900.0,58200.0,58840.0
2016-10-14 00:00:00+09:00,58600.0,59100.0,57800.0,58600.0,56953.0
2016-10-17 00:00:00+09:00,59300.0,59300.0,56400.0,57800.0,109643.0
2016-10-18 00:00:00+09:00,58300.0,58400.0,57600.0,58000.0,54310.0
2016-10-19 00:00:00+09:00,57900.0,58200.0,57000.0,57500.0,69737.0
2016-10-20 00:00:00+09:00,57300.0,57700.0,57100.0,57600.0,53833.0
2016-10-21 00:00:00+09:00,57700.0,57700.0,56900.0,57200.0,62966.0
2016-10-24 00:00:00+09:00,57100.0,60200.0,57100.0,58400.0,130323.0
2016-10-25 00:00:00+09:00,58300.0,59400.0,58000.0,59100.0,81997.0
2016-10-26 00:00:00+09:00,59000.0,59100.0,57900.0,58600.0,61535.0
2016-10-27 00:00:00+09:00,58700.0,58700.0,56000.0,56900.0,141590.0
2016-10-28 00:00:00+09:00,56200.0,56800.0,53600.0,53900.0,248809.0
2016-10-31 00:00:00+09:00,53200.0,55300.0,52900.0,54900.0,118311.0
2016-11-01 00:00:00+09:00,53900.0,55100.0,53900.0,54400.0,76198.0
2016-11-02 00:00:00+09:00,54500.0,55200.0,53800.0,54700.0,78016.0
2016-11-03 00:00:00+09:00,53900.0,54200.0,53100.0,53400.0,93928.0
2016-11-04 00:00:00+09:00,53600.0,53800.0,52200.0,53300.0,67244.0
2016-11-07 00:00:00+09:00,53800.0,53900.0,52600.0,53100.0,65404.0
2016-11-08 00:00:00+09:00,53300.0,53600.0,52200.0,52800.0,59764.0
2016-11-09 00:00:00+09:00,52600.0,53800.0,49950.0,51100.0,129665.0
2016-11-10 00:00:00+09:00,52100.0,57500.0,52100.0,55800.0,373234.0
2016-11-11 00:00:00+09:00,56400.0,60400.0,56000.0,60000.0,517043.0
2016-11-14 00:00:00+09:00,61200.0,62400.0,59800.0,60800.0,236465.0
2016-11-15 00:00:00+09:00,60900.0,61800.0,60100.0,60700.0,148801.0
2016-11-16 00:00:00+09:00,60100.0,62500.0,60100.0,62000.0,225658.0
2016-11-17 00:00:00+09:00,61200.0,62300.0,60500.0,62000.0,116038.0
2016-11-18 00:00:00+09:00,61200.0,61900.0,59600.0,60900.0,145466.0
2016-11-21 00:00:00+09:00,60200.0,60700.0,58900.0,60000.0,112961.0
2016-11-22 00:00:00+09:00,60400.0,61300.0,60000.0,61100.0,130570.0
2016-11-23 00:00:00+09:00,61400.0,62500.0,60100.0,61700.0,165288.0
2016-11-24 00:00:00+09:00,61800.0,64400.0,61800.0,62200.0,219440.0
2016-11-25 00:00:00+09:00,63000.0,63300.0,62100.0,62800.0,124223.0
2016-11-28 00:00:00+09:00,62800.0,62800.0,60700.0,62300.0,97161.0
2016-11-29 00:00:00+09:00,61200.0,62500.0,61200.0,62000.0,70886.0
2016-11-30 00:00:00+09:00,61200.0,61500.0,59900.0,60900.0,151008.0
2016-12-01 00:00:00+09:00,60500.0,63300.0,60500.0,62700.0,177881.0
2016-12-02 00:00:00+09:00,62700.0,63500.0,61600.0,62100.0,86529.0
2016-12-05 00:00:00+09:00,62100.0,62500.0,60800.0,61800.0,64162.0
2016-12-06 00:00:00+09:00,63000.0,65500.0,62000.0,64400.0,250653.0
2016-12-07 00:00:00+09:00,64800.0,64800.0,62900.0,63400.0,157032.0
2016-12-08 00:00:00+09:00,63700.0,64400.0,63400.0,64000.0,93643.0
2016-12-09 00:00:00+09:00,63400.0,64200.0,62300.0,63600.0,77844.0
2016-12-12 00:00:00+09:00,64300.0,64300.0,63000.0,63800.0,54450.0
2016-12-13 00:00:00+09:00,63500.0,64600.0,63100.0,63600.0,83938.0
2016-12-14 00:00:00+09:00,63500.0,64200.0,62100.0,62600.0,125297.0
2016-12-15 00:00:00+09:00,62100.0,64000.0,61600.0,63100.0,107078.0
2016-12-16 00:00:00+09:00,62700.0,63100.0,61600.0,62500.0,97782.0
2016-12-19 00:00:00+09:00,62500.0,62900.0,61500.0,62200.0,45037.0
2016-12-20 00:00:00+09:00,62200.0,62400.0,60600.0,61500.0,113644.0
2016-12-21 00:00:00+09:00,61300.0,61800.0,60800.0,61300.0,71610.0
2016-12-22 00:00:00+09:00,61500.0,61600.0,60300.0,61200.0,77021.0
2016-12-23 00:00:00+09:00,61300.0,61300.0,60000.0,60900.0,82023.0
2016-12-26 00:00:00+09:00,60900.0,61300.0,60000.0,61000.0,59540.0
2016-12-27 00:00:00+09:00,61400.0,61400.0,60100.0,60600.0,65077.0
2016-12-28 00:00:00+09:00,60200.0,60600.0,59700.0,59900.0,43322.0
2016-12-29 00:00:00+09:00,59900.0,60000.0,58500.0,59300.0,81527.0
2017-01-02 00:00:00+09:00,58700.0,60500.0,58700.0,59800.0,48542.0
2017-01-03 00:00:00+09:00,60300.0,60300.0,59000.0,59800.0,44921.0
2017-01-04 00:00:00+09:00,59800.0,60200.0,59100.0,59400.0,55451.0
2017-01-05 00:00:00+09:00,59300.0,61900.0,59300.0,61100.0,168257.0
2017-01-06 00:00:00+09:00,61200.0,62800.0,61000.0,62400.0,122212.0
2017-01-09 00:00:00+09:00,62400.0,63000.0,61100.0,61500.0,70423.0
2017-01-10 00:00:00+09:00,61100.0,61300.0,59900.0,60400.0,114720.0
2017-01-11 00:00:00+09:00,60500.0,63100.0,60500.0,62400.0,219744.0
2017-01-12 00:00:00+09:00,62400.0,62800.0,61400.0,62500.0,102576.0
2017-01-13 00:00:00+09:00,62700.0,63000.0,61500.0,62000.0,54946.0
2017-01-16 00:00:00+09:00,61800.0,62500.0,61300.0,62100.0,68543.0
2017-01-17 00:00:00+09:00,62400.0,64000.0,61900.0,62300.0,85947.0
2017-01-18 00:00:00+09:00,62000.0,63200.0,61500.0,62900.0,66697.0
2017-01-19 00:00:00+09:00,62900.0,63900.0,62300.0,62500.0,78893.0
2017-01-20 00:00:00+09:00,62800.0,64000.0,62500.0,63500.0,99925.0
2017-01-23 00:00:00+09:00,63900.0,64000.0,62900.0,63700.0,71696.0
2017-01-24 00:00:00+09:00,63600.0,63900.0,62500.0,63800.0,60818.0
2017-01-25 00:00:00+09:00,64500.0,64500.0,62000.0,62200.0,91346.0
2017-01-26 00:00:00+09:00,62500.0,64500.0,61300.0,64000.0,112612.0
2017-01-31 00:00:00+09:00,64000.0,64100.0,62200.0,62600.0,65778.0
2017-02-01 00:00:00+09:00,63000.0,63600.0,62200.0,63200.0,60019.0
2017-02-02 00:00:00+09:00,62800.0,63000.0,61700.0,61900.0,81364.0
2017-02-03 00:00:00+09:00,61600.0,62800.0,61500.0,61900.0,82103.0
2017-02-06 00:00:00+09:00,62500.0,63300.0,62000.0,62400.0,114574.0
2017-02-07 00:00:00+09:00,62900.0,63300.0,62200.0,63100.0,41402.0
2017-02-08 00:00:00+09:00,62800.0,64100.0,62200.0,63700.0,92322.0
2017-02-09 00:00:00+09:00,63700.0,66200.0,63500.0,64200.0,125365.0
2017-02-10 00:00:00+09:00,65600.0,70200.0,64800.0,70200.0,291992.0
2017-02-13 00:00:00+09:00,70400.0,71000.0,69700.0,70300.0,125216.0
2017-02-14 00:00:00+09:00,70800.0,70900.0,69100.0,69900.0,114438.0
2017-02-15 00:00:00+09:00,70000.0,71500.0,69200.0,71000.0,98497.0
2017-02-16 00:00:00+09:00,71400.0,71400.0,69200.0,70100.0,83793.0
2017-02-17 00:00:00+09:00,69900.0,70400.0,68800.0,69100.0,65308.0
2017-02-20 00:00:00+09:00,69300.0,69300.0,68200.0,68400.0,56181.0
2017-02-21 00:00:00+09:00,68800.0,70700.0,68600.0,69400.0,74386.0
2017-02-22 00:00:00+09:00,69500.0,70500.0,67900.0,68700.0,84713.0
2017-02-23 00:00:00+09:00,69000.0,69700.0,67700.0,69000.0,66501.0
2017-02-24 00:00:00+09:00,69000.0,69200.0,66700.0,67800.0,89580.0
2017-02-27 00:00:00+09:00,67800.0,67800.0,65700.0,66600.0,72963.0
2017-02-28 00:00:00+09:00,66700.0,68100.0,65700.0,67800.0,100051.0
2017-03-02 00:00:00+09:00,68400.0,69400.0,65200.0,66800.0,172270.0
2017-03-03 00:00:00+09:00,66400.0,66600.0,64600.0,65200.0,109764.0
2017-03-06 00:00:00+09:00,65100.0,65300.0,64100.0,65300.0,95954.0
2017-03-07 00:00:00+09:00,65600.0,65600.0,64100.0,65300.0,81260.0
2017-03-08 00:00:00+09:00,65000.0,65600.0,64100.0,65200.0,98635.0
2017-03-09 00:00:00+09:00,64800.0,64800.0,62800.0,63900.0,184589.0
2017-03-10 00:00:00+09:00,63500.0,64700.0,63100.0,63700.0,126688.0
2017-03-13 00:00:00+09:00,63700.0,66000.0,62800.0,65300.0,115936.0
2017-03-14 00:00:00+09:00,65900.0,65900.0,64000.0,65000.0,96873.0
2017-03-15 00:00:00+09:00,65000.0,65100.0,62500.0,63400.0,168637.0
2017-03-16 00:00:00+09:00,63900.0,66100.0,63700.0,64900.0,173108.0
2017-03-17 00:00:00+09:00,65400.0,65400.0,63900.0,65300.0,113179.0
2017-03-20 00:00:00+09:00,65200.0,65300.0,63200.0,63900.0,126945.0
2017-03-21 00:00:00+09:00,64200.0,64200.0,62900.0,63500.0,123883.0
2017-03-22 00:00:00+09:00,62700.0,62900.0,60600.0,61500.0,193399.0
2017-03-23 00:00:00+09:00,61800.0,64200.0,61300.0,64100.0,201206.0
2017-03-24 00:00:00+09:00,64400.0,65000.0,63400.0,64200.0,55214.0
2017-03-27 00:00:00+09:00,63600.0,63900.0,62100.0,62500.0,93238.0
2017-03-28 00:00:00+09:00,62500.0,63100.0,62100.0,63000.0,51863.0
2017-03-29 00:00:00+09:00,63100.0,63200.0,61900.0,62200.0,69591.0
2017-03-30 00:00:00+09:00,62500.0,62700.0,61800.0,62500.0,52823.0
2017-03-31 00:00:00+09:00,62400.0,64800.0,62100.0,64200.0,118889.0
2017-04-03 00:00:00+09:00,64400.0,65100.0,63500.0,63500.0,69627.0
2017-04-04 00:00:00+09:00,63300.0,63700.0,62700.0,63200.0,52679.0
2017-04-05 00:00:00+09:00,64100.0,65300.0,63400.0,64800.0,97806.0
2017-04-06 00:00:00+09:00,64200.0,65500.0,63300.0,64700.0,84327.0
2017-04-07 00:00:00+09:00,64700.0,66900.0,64700.0,65800.0,84197.0
2017-04-10 00:00:00+09:00,65900.0,66200.0,64600.0,64600.0,46637.0
2017-04-11 00:00:00+09:00,64400.0,65700.0,64000.0,64500.0,60664.0
2017-04-12 00:00:00+09:00,64300.0,65000.0,63800.0,64600.0,44721.0
2017-04-13 00:00:00+09:00,64800.0,65400.0,64100.0,65300.0,56846.0
2017-04-14 00:00:00+09:00,64700.0,64800.0,63900.0,64300.0,28624.0
2017-04-17 00:00:00+09:00,64200.0,65200.0,63600.0,64600.0,47026.0
2017-04-18 00:00:00+09:00,64800.0,65100.0,63700.0,64400.0,66459.0
2017-04-19 00:00:00+09:00,64300.0,64800.0,63200.0,63400.0,56528.0
2017-04-20 00:00:00+09:00,63200.0,63900.0,62500.0,63400.0,79114.0
2017-04-21 00:00:00+09:00,63500.0,65400.0,63400.0,65200.0,89337.0
2017-04-24 00:00:00+09:00,65300.0,65800.0,64500.0,65400.0,75782.0
2017-04-25 00:00:00+09:00,65500.0,66200.0,64400.0,65700.0,115494.0
2017-04-26 00:00:00+09:00,66300.0,67500.0,66100.0,66400.0,106319.0
2017-04-27 00:00:00+09:00,66400.0,67500.0,65300.0,66900.0,101890.0
2017-04-28 00:00:00+09:00,65800.0,66600.0,65100.0,65200.0,84357.0
2017-05-02 00:00:00+09:00,65500.0,67900.0,65200.0,66400.0,83327.0
2017-05-04 00:00:00+09:00,66100.0,67900.0,66100.0,67500.0,91397.0
2017-05-08 00:00:00+09:00,67300.0,67900.0,65800.0,67700.0,105925.0
2017-05-10 00:00:00+09:00,68000.0,69300.0,66500.0,66800.0,99685.0
2017-05-11 00:00:00+09:00,67000.0,68000.0,66800.0,67800.0,63657.0
2017-05-12 00:00:00+09:00,67800.0,68800.0,66600.0,67900.0,73601.0
2017-05-15 00:00:00+09:00,68400.0,68500.0,66800.0,67600.0,69394.0
2017-05-16 00:00:00+09:00,68700.0,69500.0,67600.0,68500.0,102094.0
2017-05-17 00:00:00+09:00,68200.0,73000.0,67600.0,72100.0,237976.0
2017-05-18 00:00:00+09:00,71500.0,74400.0,71500.0,72900.0,183922.0
2017-05-19 00:00:00+09:00,72900.0,73900.0,71900.0,72400.0,82252.0
2017-05-22 00:00:00+09:00,72700.0,74300.0,72100.0,73100.0,128020.0
2017-05-23 00:00:00+09:00,72900.0,74800.0,72200.0,72500.0,140817.0
2017-05-24 00:00:00+09:00,73100.0,75300.0,72600.0,73700.0,155937.0
2017-05-25 00:00:00+09:00,74200.0,75400.0,73600.0,75000.0,102186.0
2017-05-26 00:00:00+09:00,75100.0,76600.0,74500.0,74700.0,101250.0
2017-05-29 00:00:00+09:00,75000.0,76600.0,73900.0,74100.0,96259.0
2017-05-30 00:00:00+09:00,74100.0,75600.0,73600.0,73900.0,66663.0
2017-05-31 00:00:00+09:00,73900.0,75200.0,73100.0,73500.0,109264.0
2017-06-01 00:00:00+09:00,72900.0,74700.0,72600.0,74400.0,88880.0
2017-06-02 00:00:00+09:00,74400.0,74700.0,73400.0,74000.0,81852.0
2017-06-05 00:00:00+09:00,74400.0,74900.0,73500.0,73700.0,59100.0
2017-06-07 00:00:00+09:00,72800.0,74400.0,72700.0,72900.0,101071.0
2017-06-08 00:00:00+09:00,73000.0,73700.0,72200.0,73700.0,93495.0
2017-06-09 00:00:00+09:00,73200.0,74300.0,72900.0,73900.0,76351.0
2017-06-12 00:00:00+09:00,73400.0,73900.0,72300.0,72400.0,50351.0
2017-06-13 00:00:00+09:00,72400.0,76100.0,72400.0,76000.0,86356.0
2017-06-14 00:00:00+09:00,76300.0,76600.0,74300.0,74400.0,71208.0
2017-06-15 00:00:00+09:00,73800.0,74300.0,73000.0,73200.0,44737.0
2017-06-16 00:00:00+09:00,73200.0,78500.0,73200.0,75700.0,210325.0
2017-06-19 00:00:00+09:00,74900.0,76000.0,74400.0,74500.0,55909.0
2017-06-20 00:00:00+09:00,74700.0,75400.0,70600.0,71600.0,250095.0
2017-06-21 00:00:00+09:00,71600.0,73800.0,70800.0,71400.0,107410.0
2017-06-22 00:00:00+09:00,71400.0,72500.0,70900.0,72400.0,91170.0
2017-06-23 00:00:00+09:00,72500.0,73400.0,70800.0,71200.0,106259.0
2017-06-26 00:00:00+09:00,71900.0,71900.0,70800.0,71000.0,56215.0
2017-06-27 00:00:00+09:00,70800.0,71200.0,70100.0,70400.0,145776.0
2017-06-28 00:00:00+09:00,70700.0,72400.0,70100.0,71300.0,170993.0
2017-06-29 00:00:00+09:00,71800.0,71900.0,70100.0,71500.0,94609.0
2017-06-30 00:00:00+09:00,70500.0,73900.0,70400.0,72900.0,115845.0
2017-07-03 00:00:00+09:00,72800.0,75400.0,72800.0,75200.0,121216.0
2017-07-04 00:00:00+09:00,75600.0,76800.0,73900.0,75200.0,123496.0
2017-07-05 00:00:00+09:00,74300.0,75200.0,74300.0,74500.0,36293.0
2017-07-06 00:00:00+09:00,74500.0,75000.0,73400.0,74900.0,53339.0
2017-07-07 00:00:00+09:00,74100.0,75800.0,74100.0,75500.0,61519.0
2017-07-10 00:00:00+09:00,75600.0,76900.0,75600.0,76700.0,100779.0
2017-07-11 00:00:00+09:00,77300.0,78100.0,76500.0,77700.0,95021.0
2017-07-12 00:00:00+09:00,77100.0,77700.0,75900.0,76600.0,76288.0
2017-07-13 00:00:00+09:00,77100.0,79000.0,75900.0,78200.0,113132.0
2017-07-14 00:00:00+09:00,78200.0,78800.0,77000.0,78200.0,69899.0
2017-07-17 00:00:00+09:00,79200.0,79300.0,76300.0,77700.0,123704.0
2017-07-18 00:00:00+09:00,78400.0,81500.0,78000.0,79900.0,186157.0
2017-07-19 00:00:00+09:00,79900.0,80200.0,78200.0,79700.0,62217.0
2017-07-20 00:00:00+09:00,79500.0,82500.0,78700.0,82100.0,115422.0
2017-07-21 00:00:00+09:00,80800.0,82800.0,80600.0,81800.0,74864.0
2017-07-24 00:00:00+09:00,82700.0,82800.0,80800.0,81700.0,50824.0
2017-07-25 00:00:00+09:00,82500.0,84000.0,81500.0,83500.0,86229.0
2017-07-26 00:00:00+09:00,84000.0,84900.0,83600.0,84400.0,97933.0
2017-07-27 00:00:00+09:00,84200.0,85500.0,81000.0,83700.0,226174.0
2017-07-28 00:00:00+09:00,83100.0,84900.0,81800.0,83100.0,98287.0
2017-07-31 00:00:00+09:00,82200.0,85000.0,82200.0,84200.0,82023.0
2017-08-01 00:00:00+09:00,83700.0,87000.0,83700.0,84500.0,130878.0
2017-08-02 00:00:00+09:00,84500.0,85100.0,82800.0,82900.0,99093.0
2017-08-03 00:00:00+09:00,82200.0,85800.0,82200.0,84200.0,84952.0
2017-08-04 00:00:00+09:00,84100.0,87900.0,84100.0,87400.0,144269.0
2017-08-07 00:00:00+09:00,88200.0,88400.0,86300.0,87100.0,84141.0
2017-08-08 00:00:00+09:00,87500.0,88000.0,86200.0,86800.0,52283.0
2017-08-09 00:00:00+09:00,86100.0,88500.0,86100.0,88100.0,78666.0
2017-08-10 00:00:00+09:00,87900.0,88400.0,85800.0,86800.0,81204.0
2017-08-11 00:00:00+09:00,85700.0,86700.0,85100.0,85800.0,71077.0
2017-08-14 00:00:00+09:00,85700.0,86300.0,83500.0,83700.0,71150.0
2017-08-16 00:00:00+09:00,83700.0,83700.0,80800.0,82600.0,115370.0
2017-08-17 00:00:00+09:00,83200.0,88200.0,82900.0,87200.0,141953.0
2017-08-18 00:00:00+09:00,86000.0,87100.0,84100.0,84600.0,106676.0
2017-08-21 00:00:00+09:00,84600.0,85400.0,83600.0,83900.0,48116.0
2017-08-22 00:00:00+09:00,84600.0,85700.0,83100.0,83100.0,59252.0
2017-08-23 00:00:00+09:00,83400.0,84800.0,82600.0,83100.0,80975.0
2017-08-24 00:00:00+09:00,82800.0,84100.0,82300.0,82500.0,68933.0
2017-08-25 00:00:00+09:00,82800.0,86200.0,82600.0,85300.0,90139.0
2017-08-28 00:00:00+09:00,85500.0,85500.0,83400.0,84100.0,62301.0
2017-08-29 00:00:00+09:00,84600.0,85400.0,82500.0,84300.0,82590.0
2017-08-30 00:00:00+09:00,84600.0,86100.0,83400.0,85800.0,84463.0
2017-08-31 00:00:00+09:00,85100.0,86100.0,84100.0,84500.0,111033.0
2017-09-01 00:00:00+09:00,84700.0,84700.0,80700.0,81000.0,153192.0
2017-09-04 00:00:00+09:00,79800.0,83000.0,79800.0,82400.0,76548.0
2017-09-05 00:00:00+09:00,83000.0,83100.0,81900.0,82500.0,35409.0
2017-09-06 00:00:00+09:00,83400.0,83400.0,80100.0,80400.0,71318.0
2017-09-07 00:00:00+09:00,81000.0,81300.0,79600.0,80500.0,83646.0
2017-09-08 00:00:00+09:00,80400.0,84200.0,79300.0,83900.0,109431.0
2017-09-11 00:00:00+09:00,83400.0,84000.0,82000.0,82800.0,58182.0
2017-09-12 00:00:00+09:00,83500.0,85500.0,82400.0,85100.0,68356.0
2017-09-13 00:00:00+09:00,84500.0,84700.0,83000.0,83900.0,89301.0
2017-09-14 00:00:00+09:00,83200.0,83800.0,81500.0,81900.0,104018.0
2017-09-15 00:00:00+09:00,81800.0,81800.0,80200.0,81400.0,104257.0
2017-09-18 00:00:00+09:00,81400.0,82900.0,80500.0,81900.0,47624.0
2017-09-19 00:00:00+09:00,81300.0,82500.0,80500.0,80500.0,52153.0
2017-09-20 00:00:00+09:00,80600.0,82000.0,79700.0,81200.0,84696.0
2017-09-21 00:00:00+09:00,80800.0,81400.0,80000.0,80400.0,70378.0
2017-09-22 00:00:00+09:00,79700.0,80200.0,77800.0,78500.0,80925.0
2017-09-25 00:00:00+09:00,77700.0,79300.0,77100.0,77300.0,43772.0
2017-09-26 00:00:00+09:00,77300.0,79800.0,76800.0,79100.0,54956.0
2017-09-27 00:00:00+09:00,78600.0,79000.0,77000.0,77300.0,64082.0
2017-09-28 00:00:00+09:00,76700.0,79900.0,75700.0,79400.0,83841.0
2017-09-29 00:00:00+09:00,79400.0,80400.0,78100.0,78800.0,61122.0
2017-10-10 00:00:00+09:00,78700.0,79800.0,77600.0,77800.0,96697.0
2017-10-11 00:00:00+09:00,77600.0,78700.0,77100.0,77500.0,59125.0
2017-10-12 00:00:00+09:00,77300.0,78900.0,77300.0,78900.0,97345.0
2017-10-13 00:00:00+09:00,78500.0,79900.0,77400.0,79000.0,78519.0
2017-10-16 00:00:00+09:00,79000.0,81700.0,79000.0,80400.0,77018.0
2017-10-17 00:00:00+09:00,80400.0,86000.0,80400.0,85000.0,179727.0
2017-10-18 00:00:00+09:00,85100.0,85700.0,83500.0,85100.0,80672.0
2017-10-19 00:00:00+09:00,84500.0,84600.0,82300.0,83400.0,83758.0
2017-10-20 00:00:00+09:00,82800.0,84200.0,81800.0,83100.0,68184.0
2017-10-23 00:00:00+09:00,82700.0,83100.0,80600.0,81200.0,99320.0
2017-10-24 00:00:00+09:00,80900.0,81700.0,79900.0,80500.0,92063.0
2017-10-25 00:00:00+09:00,81200.0,81300.0,79000.0,79600.0,148596.0
2017-10-26 00:00:00+09:00,80200.0,80700.0,79200.0,80200.0,67739.0
2017-10-27 00:00:00+09:00,79400.0,80700.0,79300.0,79700.0,67296.0
2017-10-30 00:00:00+09:00,79700.0,80200.0,78200.0,78700.0,50757.0
2017-10-31 00:00:00+09:00,78600.0,79700.0,78200.0,79000.0,83481.0
2017-11-01 00:00:00+09:00,78100.0,79400.0,78100.0,79300.0,56497.0
2017-11-02 00:00:00+09:00,79300.0,79400.0,77600.0,77700.0,88241.0
2017-11-03 00:00:00+09:00,77700.0,78900.0,77600.0,78200.0,52482.0
2017-11-06 00:00:00+09:00,77900.0,78800.0,77600.0,78300.0,58716.0
2017-11-07 00:00:00+09:00,78000.0,80200.0,77600.0,79800.0,79112.0
2017-11-08 00:00:00+09:00,79300.0,79300.0,77800.0,78500.0,112364.0
2017-11-09 00:00:00+09:00,78500.0,78500.0,76500.0,76900.0,104914.0
2017-11-10 00:00:00+09:00,77000.0,78000.0,76100.0,76700.0,68426.0
2017-11-13 00:00:00+09:00,76500.0,76900.0,73200.0,73400.0,185549.0
2017-11-14 00:00:00+09:00,73300.0,74900.0,73200.0,74500.0,93894.0
2017-11-15 00:00:00+09:00,74500.0,74500.0,72900.0,72900.0,140857.0
2017-11-16 00:00:00+09:00,73700.0,73800.0,72800.0,73000.0,62563.0
2017-11-17 00:00:00+09:00,72800.0,72800.0,70500.0,71300.0,228684.0
2017-11-20 00:00:00+09:00,71500.0,72200.0,69300.0,69400.0,271555.0
2017-11-21 00:00:00+09:00,69700.0,70800.0,68500.0,70700.0,194386.0
2017-11-22 00:00:00+09:00,70100.0,71100.0,69000.0,70300.0,179959.0
2017-11-23 00:00:00+09:00,70100.0,70300.0,69300.0,69600.0,133136.0
2017-11-24 00:00:00+09:00,69800.0,70100.0,68600.0,69900.0,125042.0
2017-11-27 00:00:00+09:00,69900.0,70000.0,68100.0,68500.0,102651.0
2017-11-28 00:00:00+09:00,68200.0,68900.0,67200.0,67700.0,132392.0
2017-11-29 00:00:00+09:00,67600.0,68000.0,66700.0,67000.0,99882.0
2017-11-30 00:00:00+09:00,67800.0,68400.0,66700.0,66700.0,156025.0
2017-12-01 00:00:00+09:00,67100.0,67500.0,65800.0,66600.0,132442.0
2017-12-04 00:00:00+09:00,66300.0,67300.0,66100.0,66600.0,86521.0
2017-12-05 00:00:00+09:00,66500.0,71200.0,66500.0,70900.0,245867.0
2017-12-06 00:00:00+09:00,70500.0,70500.0,68000.0,68000.0,119747.0
2017-12-07 00:00:00+09:00,68000.0,68700.0,66700.0,67000.0,80561.0
2017-12-08 00:00:00+09:00,67400.0,68500.0,66200.0,67000.0,112286.0
2017-12-11 00:00:00+09:00,66800.0,67700.0,66300.0,66800.0,117194.0
2017-12-12 00:00:00+09:00,67000.0,67700.0,65900.0,66300.0,128247.0
2017-12-13 00:00:00+09:00,66400.0,70500.0,66400.0,68800.0,234663.0
2017-12-14 00:00:00+09:00,69500.0,70000.0,66300.0,66300.0,193043.0
2017-12-15 00:00:00+09:00,67300.0,68300.0,67000.0,68200.0,109799.0
2017-12-18 00:00:00+09:00,68800.0,68800.0,67100.0,67100.0,73565.0
2017-12-19 00:00:00+09:00,67700.0,70000.0,67500.0,68900.0,129073.0
2017-12-20 00:00:00+09:00,69400.0,71900.0,68800.0,71100.0,190479.0
2017-12-21 00:00:00+09:00,71100.0,71800.0,70100.0,70900.0,123027.0
2017-12-22 00:00:00+09:00,71500.0,71500.0,68700.0,69700.0,138506.0
2017-12-26 00:00:00+09:00,69700.0,71800.0,69700.0,70600.0,180461.0
2017-12-27 00:00:00+09:00,69200.0,73700.0,69100.0,73500.0,219899.0
2017-12-28 00:00:00+09:00,73500.0,74300.0,72500.0,72500.0,76594.0
2018-01-02 00:00:00+09:00,72200.0,74400.0,72200.0,73400.0,104915.0
2018-01-03 00:00:00+09:00,73000.0,75100.0,72200.0,74000.0,133602.0
2018-01-04 00:00:00+09:00,74800.0,75200.0,73500.0,74200.0,92542.0
2018-01-05 00:00:00+09:00,74600.0,76900.0,74500.0,75800.0,213835.0
2018-01-08 00:00:00+09:00,75900.0,76200.0,73500.0,75200.0,145890.0
2018-01-09 00:00:00+09:00,75200.0,77100.0,74500.0,75700.0,131818.0
2018-01-10 00:00:00+09:00,75700.0,79700.0,75700.0,78300.0,264641.0
2018-01-11 00:00:00+09:00,79600.0,79600.0,74800.0,75300.0,168246.0
2018-01-12 00:00:00+09:00,75600.0,77600.0,75600.0,76600.0,125706.0
2018-01-15 00:00:00+09:00,76500.0,78800.0,75900.0,77500.0,110273.0
2018-01-16 00:00:00+09:00,77400.0,78200.0,76300.0,76600.0,115202.0
2018-01-17 00:00:00+09:00,76100.0,76400.0,74200.0,74600.0,152270.0
2018-01-18 00:00:00+09:00,74700.0,76600.0,74700.0,75800.0,95728.0
2018-01-19 00:00:00+09:00,75000.0,80100.0,74900.0,78900.0,155706.0
2018-01-22 00:00:00+09:00,77600.0,79700.0,77300.0,78800.0,100813.0
2018-01-23 00:00:00+09:00,78800.0,80400.0,78400.0,79800.0,80251.0
2018-01-24 00:00:00+09:00,79600.0,80500.0,78700.0,80300.0,77151.0
2018-01-25 00:00:00+09:00,79800.0,83600.0,79800.0,82400.0,130985.0
2018-01-26 00:00:00+09:00,82400.0,83500.0,80000.0,81400.0,122686.0
2018-01-29 00:00:00+09:00,81500.0,83900.0,81500.0,82700.0,103349.0
2018-01-30 00:00:00+09:00,82400.0,85400.0,82200.0,82600.0,222183.0
2018-01-31 00:00:00+09:00,82900.0,82900.0,78500.0,79000.0,302639.0
2018-02-01 00:00:00+09:00,79400.0,81100.0,79000.0,79900.0,131982.0
2018-02-02 00:00:00+09:00,79400.0,80800.0,75600.0,77900.0,265686.0
2018-02-05 00:00:00+09:00,76800.0,77700.0,75800.0,76100.0,70680.0
2018-02-06 00:00:00+09:00,74400.0,76600.0,72900.0,75100.0,156346.0
2018-02-07 00:00:00+09:00,75500.0,76800.0,73000.0,73000.0,141289.0
2018-02-08 00:00:00+09:00,73000.0,74600.0,71500.0,72500.0,113050.0
2018-02-09 00:00:00+09:00,70100.0,71500.0,69800.0,70900.0,116632.0
2018-02-12 00:00:00+09:00,71400.0,72000.0,70100.0,71300.0,71392.0
2018-02-13 00:00:00+09:00,72000.0,73800.0,71600.0,71800.0,116119.0
2018-02-14 00:00:00+09:00,73000.0,77100.0,73000.0,76000.0,183632.0
2018-02-19 00:00:00+09:00,77300.0,80400.0,77000.0,79900.0,139251.0
2018-02-20 00:00:00+09:00,79000.0,80200.0,77900.0,78000.0,61002.0
2018-02-21 00:00:00+09:00,78000.0,78900.0,76900.0,77700.0,54622.0
2018-02-22 00:00:00+09:00,76800.0,78200.0,76100.0,77200.0,64333.0
2018-02-23 00:00:00+09:00,78300.0,80100.0,77400.0,79200.0,96414.0
2018-02-26 00:00:00+09:00,79300.0,80400.0,77800.0,78200.0,50171.0
2018-02-27 00:00:00+09:00,78400.0,79300.0,77500.0,77500.0,44156.0
2018-02-28 00:00:00+09:00,77000.0,77700.0,75900.0,76000.0,85624.0
2018-03-02 00:00:00+09:00,74900.0,75900.0,73500.0,74800.0,81744.0
2018-03-05 00:00:00+09:00,73500.0,75600.0,73100.0,73300.0,45796.0
2018-03-06 00:00:00+09:00,73900.0,74100.0,72200.0,72200.0,103159.0
2018-03-07 00:00:00+09:00,72300.0,77600.0,72300.0,75400.0,193827.0
2018-03-08 00:00:00+09:00,75900.0,79300.0,75900.0,78500.0,225427.0
2018-03-09 00:00:00+09:00,78500.0,79900.0,73900.0,74400.0,240013.0
2018-03-12 00:00:00+09:00,75900.0,78300.0,74900.0,78100.0,125528.0
2018-03-13 00:00:00+09:00,76700.0,77600.0,76200.0,76600.0,95524.0
2018-03-14 00:00:00+09:00,76000.0,76300.0,73800.0,74100.0,110328.0
2018-03-15 00:00:00+09:00,74200.0,74700.0,73100.0,74100.0,105133.0
2018-03-16 00:00:00+09:00,73800.0,74400.0,72500.0,73100.0,150549.0
2018-03-19 00:00:00+09:00,73300.0,75100.0,73200.0,74100.0,71043.0
2018-03-20 00:00:00+09:00,73200.0,75400.0,73200.0,74700.0,57495.0
2018-03-21 00:00:00+09:00,74200.0,75300.0,73400.0,74500.0,63871.0
2018-03-22 00:00:00+09:00,75600.0,76100.0,74900.0,75400.0,66054.0
2018-03-23 00:00:00+09:00,73700.0,74700.0,72800.0,72800.0,79804.0
2018-03-26 00:00:00+09:00,73100.0,74900.0,71600.0,74200.0,64930.0
2018-03-27 00:00:00+09:00,74000.0,75600.0,73800.0,75100.0,47630.0
2018-03-28 00:00:00+09:00,74500.0,74900.0,73400.0,74300.0,41582.0
2018-03-29 00:00:00+09:00,74200.0,74700.0,73100.0,73600.0,43032.0
2018-03-30 00:00:00+09:00,74400.0,74900.0,73600.0,74500.0,44356.0
2018-04-02 00:00:00+09:00,75800.0,75800.0,71400.0,71500.0,109216.0
2018-04-03 00:00:00+09:00,71800.0,72700.0,70300.0,70700.0,91026.0
2018-04-04 00:00:00+09:00,70900.0,71000.0,66600.0,67400.0,178174.0
2018-04-05 00:00:00+09:00,68700.0,70200.0,67500.0,68000.0,139922.0
2018-04-06 00:00:00+09:00,68500.0,68500.0,66700.0,67700.0,83933.0
2018-04-09 00:00:00+09:00,67500.0,67500.0,65800.0,66600.0,120195.0
2018-04-10 00:00:00+09:00,66500.0,67400.0,64800.0,67100.0,165317.0
2018-04-11 00:00:00+09:00,67100.0,69100.0,66500.0,68800.0,103190.0
2018-04-12 00:00:00+09:00,69500.0,69500.0,68300.0,68500.0,49069.0
2018-04-13 00:00:00+09:00,68200.0,68600.0,66800.0,67500.0,106034.0
2018-04-16 00:00:00+09:00,67600.0,67900.0,65500.0,66500.0,115786.0
2018-04-17 00:00:00+09:00,66900.0,68100.0,66300.0,67300.0,69388.0
2018-04-18 00:00:00+09:00,67700.0,71800.0,67300.0,71600.0,215129.0
2018-04-19 00:00:00+09:00,71100.0,75300.0,71100.0,74200.0,243184.0
2018-04-20 00:00:00+09:00,73500.0,75500.0,72700.0,73700.0,139552.0
2018-04-23 00:00:00+09:00,75500.0,79300.0,74300.0,75300.0,369209.0
2018-04-24 00:00:00+09:00,75500.0,76700.0,73600.0,75600.0,117559.0
2018-04-25 00:00:00+09:00,75200.0,76300.0,73800.0,74700.0,115597.0
2018-04-26 00:00:00+09:00,73900.0,75700.0,73500.0,74200.0,132437.0
2018-04-27 00:00:00+09:00,74100.0,75300.0,73900.0,74200.0,68950.0
2018-04-30 00:00:00+09:00,74600.0,80000.0,74600.0,77900.0,250729.0
2018-05-02 00:00:00+09:00,78100.0,81400.0,77400.0,80200.0,211260.0
2018-05-03 00:00:00+09:00,80300.0,80600.0,77700.0,79300.0,129029.0
2018-05-04 00:00:00+09:00,78200.0,81900.0,78200.0,81100.0,164442.0
2018-05-08 00:00:00+09:00,80000.0,81500.0,78400.0,80300.0,153697.0
2018-05-09 00:00:00+09:00,80600.0,81000.0,77900.0,78200.0,119740.0
2018-05-10 00:00:00+09:00,78600.0,82300.0,78600.0,81900.0,159812.0
2018-05-11 00:00:00+09:00,82600.0,83300.0,80800.0,82900.0,103991.0
2018-05-14 00:00:00+09:00,83400.0,87900.0,83100.0,85900.0,227327.0
2018-05-15 00:00:00+09:00,86100.0,88500.0,85500.0,86700.0,138223.0
2018-05-16 00:00:00+09:00,85900.0,88100.0,84800.0,85100.0,216868.0
2018-05-17 00:00:00+09:00,85600.0,89000.0,85600.0,87300.0,160465.0
2018-05-18 00:00:00+09:00,87400.0,87900.0,85700.0,87200.0,98587.0
2018-05-21 00:00:00+09:00,86500.0,87700.0,85000.0,86300.0,91923.0
2018-05-23 00:00:00+09:00,84600.0,87800.0,84600.0,87000.0,126801.0
2018-05-24 00:00:00+09:00,87300.0,88400.0,85300.0,86100.0,111933.0
2018-05-25 00:00:00+09:00,81600.0,86500.0,81600.0,83600.0,197159.0
2018-05-28 00:00:00+09:00,87300.0,92000.0,86400.0,90100.0,213919.0
2018-05-29 00:00:00+09:00,90100.0,90100.0,86200.0,86300.0,126101.0
2018-05-30 00:00:00+09:00,86100.0,88300.0,85400.0,88300.0,126397.0
2018-05-31 00:00:00+09:00,87600.0,88000.0,85200.0,85500.0,130187.0
2018-06-01 00:00:00+09:00,85900.0,86600.0,84300.0,84300.0,85085.0
2018-06-04 00:00:00+09:00,85500.0,85500.0,82700.0,83400.0,81188.0
2018-06-05 00:00:00+09:00,83300.0,85300.0,82800.0,83600.0,91469.0
2018-06-07 00:00:00+09:00,83700.0,85600.0,82900.0,83900.0,98730.0
2018-06-08 00:00:00+09:00,83800.0,84300.0,81500.0,81700.0,85649.0
2018-06-11 00:00:00+09:00,82000.0,86500.0,82000.0,86200.0,145093.0
2018-06-12 00:00:00+09:00,86200.0,88400.0,84100.0,86800.0,147251.0
2018-06-14 00:00:00+09:00,85600.0,86300.0,84200.0,84600.0,129130.0
2018-06-15 00:00:00+09:00,84400.0,85000.0,81600.0,84000.0,145519.0
2018-06-18 00:00:00+09:00,83500.0,84100.0,79400.0,80500.0,123301.0
2018-06-19 00:00:00+09:00,80000.0,82100.0,78600.0,79200.0,121394.0
2018-06-20 00:00:00+09:00,78700.0,79900.0,77700.0,78400.0,98595.0
2018-06-21 00:00:00+09:00,78600.0,78800.0,73300.0,73900.0,290075.0
2018-06-22 00:00:00+09:00,73500.0,75300.0,73500.0,75300.0,98097.0
2018-06-25 00:00:00+09:00,75400.0,77300.0,74100.0,76500.0,61923.0
2018-06-26 00:00:00+09:00,75100.0,76600.0,74400.0,75600.0,57945.0
2018-06-27 00:00:00+09:00,75100.0,75800.0,73200.0,74600.0,89142.0
2018-06-28 00:00:00+09:00,75300.0,75400.0,73400.0,74600.0,60381.0
2018-06-29 00:00:00+09:00,74900.0,75300.0,72000.0,75000.0,85619.0
2018-07-02 00:00:00+09:00,74100.0,74400.0,71000.0,71500.0,103054.0
2018-07-03 00:00:00+09:00,71800.0,72600.0,70200.0,72000.0,107125.0
2018-07-04 00:00:00+09:00,70700.0,73800.0,70700.0,73600.0,53041.0
2018-07-05 00:00:00+09:00,73100.0,73800.0,71100.0,72800.0,48559.0
2018-07-06 00:00:00+09:00,72000.0,75000.0,72000.0,74700.0,85453.0
2018-07-09 00:00:00+09:00,74000.0,74200.0,68600.0,69100.0,209425.0
2018-07-10 00:00:00+09:00,69800.0,72700.0,69800.0,71600.0,109245.0
2018-07-11 00:00:00+09:00,70500.0,72600.0,70500.0,72600.0,56406.0
2018-07-12 00:00:00+09:00,72500.0,72600.0,70400.0,71600.0,75643.0
2018-07-13 00:00:00+09:00,72300.0,73200.0,71700.0,72500.0,37720.0
2018-07-16 00:00:00+09:00,72300.0,72700.0,70500.0,71300.0,52380.0
2018-07-17 00:00:00+09:00,70800.0,72500.0,70700.0,71500.0,48349.0
2018-07-18 00:00:00+09:00,71800.0,73000.0,71600.0,71900.0,61299.0
2018-07-19 00:00:00+09:00,71400.0,72500.0,71400.0,71700.0,34724.0
2018-07-20 00:00:00+09:00,71700.0,72300.0,71000.0,71600.0,48716.0
2018-07-23 00:00:00+09:00,72300.0,72800.0,71600.0,72300.0,57856.0
2018-07-24 00:00:00+09:00,72800.0,73500.0,70700.0,72600.0,71972.0
2018-07-25 00:00:00+09:00,72500.0,77300.0,72400.0,76700.0,151322.0
2018-07-26 00:00:00+09:00,76900.0,79200.0,75500.0,75600.0,118128.0
2018-07-27 00:00:00+09:00,76900.0,76900.0,72900.0,73600.0,75956.0
2018-07-30 00:00:00+09:00,73200.0,76500.0,73200.0,74000.0,76761.0
2018-07-31 00:00:00+09:00,74000.0,75600.0,73800.0,75000.0,38269.0
2018-08-01 00:00:00+09:00,75000.0,76300.0,73600.0,73800.0,56549.0
2018-08-02 00:00:00+09:00,73800.0,74800.0,71800.0,72000.0,57735.0
2018-08-03 00:00:00+09:00,71800.0,73400.0,71800.0,72800.0,40440.0
2018-08-06 00:00:00+09:00,72200.0,73600.0,72200.0,73300.0,45261.0
2018-08-07 00:00:00+09:00,72600.0,73300.0,71700.0,72300.0,37104.0
2018-08-08 00:00:00+09:00,72300.0,72700.0,71700.0,71700.0,26635.0
2018-08-09 00:00:00+09:00,71200.0,72700.0,71200.0,71900.0,37366.0
2018-08-10 00:00:00+09:00,72100.0,73000.0,71900.0,72600.0,35728.0
2018-08-13 00:00:00+09:00,72300.0,72900.0,68200.0,68400.0,88858.0
2018-08-14 00:00:00+09:00,68900.0,70400.0,68400.0,70100.0,44900.0
2018-08-16 00:00:00+09:00,70100.0,70700.0,68500.0,69300.0,57303.0
2018-08-17 00:00:00+09:00,70000.0,70900.0,69100.0,69100.0,80448.0
2018-08-20 00:00:00+09:00,69600.0,70300.0,68800.0,70000.0,45869.0
2018-08-21 00:00:00+09:00,70200.0,70300.0,69200.0,69600.0,49557.0
2018-08-22 00:00:00+09:00,69600.0,70300.0,68000.0,68000.0,114180.0
2018-08-23 00:00:00+09:00,68100.0,68800.0,67000.0,67400.0,83539.0
2018-08-24 00:00:00+09:00,67300.0,67600.0,65700.0,67300.0,112125.0
2018-08-27 00:00:00+09:00,67000.0,67300.0,66100.0,66300.0,83676.0
2018-08-28 00:00:00+09:00,67500.0,69200.0,66600.0,68900.0,113946.0
2018-08-29 00:00:00+09:00,68900.0,69600.0,67900.0,68500.0,63899.0
2018-08-30 00:00:00+09:00,68500.0,68500.0,66900.0,67100.0,75479.0
2018-08-31 00:00:00+09:00,67000.0,67400.0,66200.0,67200.0,63899.0
2018-09-03 00:00:00+09:00,67200.0,68100.0,66800.0,67600.0,63171.0
2018-09-04 00:00:00+09:00,67400.0,67800.0,66700.0,67700.0,66070.0
2018-09-05 00:00:00+09:00,67800.0,68100.0,67000.0,67100.0,56137.0
2018-09-06 00:00:00+09:00,67000.0,67700.0,66400.0,66500.0,80859.0
2018-09-07 00:00:00+09:00,67000.0,67900.0,66200.0,67800.0,74436.0
2018-09-10 00:00:00+09:00,67200.0,68400.0,67200.0,67900.0,49114.0
2018-09-11 00:00:00+09:00,68000.0,68100.0,66100.0,66300.0,104405.0
2018-09-12 00:00:00+09:00,66400.0,66700.0,65000.0,65700.0,114533.0
2018-09-13 00:00:00+09:00,66100.0,71400.0,66000.0,70700.0,240751.0
2018-09-14 00:00:00+09:00,71300.0,72900.0,70600.0,70800.0,137500.0
2018-09-17 00:00:00+09:00,71300.0,71400.0,69500.0,69600.0,56164.0
2018-09-18 00:00:00+09:00,69700.0,70000.0,68100.0,69200.0,61919.0
2018-09-19 00:00:00+09:00,69600.0,72800.0,69500.0,71600.0,162307.0
2018-09-20 00:00:00+09:00,71600.0,71900.0,70400.0,70600.0,103687.0
2018-09-21 00:00:00+09:00,71400.0,73000.0,70400.0,70700.0,100082.0
2018-09-27 00:00:00+09:00,70700.0,72400.0,70000.0,70500.0,93667.0
2018-09-28 00:00:00+09:00,70100.0,71100.0,68200.0,68500.0,129841.0
2018-10-01 00:00:00+09:00,68700.0,69400.0,67800.0,69400.0,77967.0
2018-10-02 00:00:00+09:00,68800.0,69700.0,68600.0,68600.0,68220.0
2018-10-04 00:00:00+09:00,69200.0,70700.0,67000.0,68100.0,92324.0
2018-10-05 00:00:00+09:00,67900.0,68400.0,67000.0,67200.0,71633.0
2018-10-08 00:00:00+09:00,67000.0,67500.0,66200.0,66600.0,56387.0
2018-10-10 00:00:00+09:00,66600.0,66700.0,64000.0,64800.0,89415.0
2018-10-11 00:00:00+09:00,62800.0,63900.0,60800.0,62100.0,95766.0
2018-10-12 00:00:00+09:00,63000.0,63000.0,61400.0,61700.0,62591.0
2018-10-15 00:00:00+09:00,62000.0,62000.0,59400.0,60000.0,152330.0
2018-10-16 00:00:00+09:00,59600.0,61200.0,59200.0,60500.0,85531.0
2018-10-17 00:00:00+09:00,61400.0,62700.0,60800.0,61200.0,60436.0
2018-10-18 00:00:00+09:00,61200.0,62200.0,60500.0,60900.0,42317.0
2018-10-19 00:00:00+09:00,60900.0,60900.0,58500.0,58800.0,120555.0
2018-10-22 00:00:00+09:00,58500.0,58700.0,56800.0,57100.0,217860.0
2018-10-23 00:00:00+09:00,57200.0,57700.0,55400.0,56500.0,157216.0
2018-10-24 00:00:00+09:00,57000.0,57000.0,54700.0,56000.0,160133.0
2018-10-25 00:00:00+09:00,55000.0,55600.0,52900.0,53900.0,186893.0
2018-10-26 00:00:00+09:00,54300.0,54300.0,51900.0,52800.0,164020.0
2018-10-29 00:00:00+09:00,53000.0,53400.0,50600.0,50700.0,201298.0
2018-10-30 00:00:00+09:00,49950.0,52700.0,48150.0,49550.0,262220.0
2018-10-31 00:00:00+09:00,49650.0,50900.0,48600.0,50500.0,174733.0
2018-11-01 00:00:00+09:00,50800.0,52200.0,50700.0,50800.0,118599.0
2018-11-02 00:00:00+09:00,51200.0,56700.0,51200.0,56100.0,230683.0
2018-11-05 00:00:00+09:00,55500.0,56600.0,53700.0,55300.0,136943.0
2018-11-06 00:00:00+09:00,55600.0,58700.0,55600.0,56900.0,155596.0
2018-11-07 00:00:00+09:00,56900.0,58100.0,52800.0,53200.0,221918.0
2018-11-08 00:00:00+09:00,54300.0,56700.0,53900.0,54700.0,158296.0
2018-11-09 00:00:00+09:00,54400.0,56000.0,54100.0,55100.0,67262.0
2018-11-12 00:00:00+09:00,55000.0,55100.0,53100.0,53500.0,140675.0
2018-11-13 00:00:00+09:00,52500.0,54000.0,51700.0,54000.0,108938.0
2018-11-14 00:00:00+09:00,54200.0,54300.0,52900.0,53800.0,63692.0
2018-11-15 00:00:00+09:00,53400.0,54500.0,52000.0,54100.0,125035.0
2018-11-16 00:00:00+09:00,55000.0,55300.0,53500.0,54400.0,86367.0
2018-11-19 00:00:00+09:00,54100.0,56100.0,54000.0,55000.0,122647.0
2018-11-20 00:00:00+09:00,54400.0,55000.0,53000.0,53200.0,94989.0
2018-11-21 00:00:00+09:00,52200.0,53900.0,52100.0,53500.0,59420.0
2018-11-22 00:00:00+09:00,53600.0,53900.0,52700.0,52700.0,38088.0
2018-11-23 00:00:00+09:00,52600.0,53000.0,52000.0,52300.0,46429.0
2018-11-26 00:00:00+09:00,52300.0,53500.0,52300.0,52800.0,56485.0
2018-11-27 00:00:00+09:00,53000.0,53600.0,52500.0,53100.0,38340.0
2018-11-28 00:00:00+09:00,52900.0,53500.0,52700.0,53300.0,47083.0
2018-11-29 00:00:00+09:00,54000.0,55800.0,53600.0,53800.0,118639.0
2018-11-30 00:00:00+09:00,54100.0,54300.0,52800.0,53000.0,119229.0
2018-12-03 00:00:00+09:00,53500.0,58600.0,53500.0,56700.0,205305.0
2018-12-04 00:00:00+09:00,56200.0,57700.0,55500.0,55800.0,131082.0
2018-12-05 00:00:00+09:00,55000.0,55200.0,54100.0,54600.0,107071.0
2018-12-06 00:00:00+09:00,54600.0,54800.0,53100.0,53200.0,71275.0
2018-12-07 00:00:00+09:00,53500.0,54000.0,52600.0,53500.0,48198.0
2018-12-10 00:00:00+09:00,52700.0,52900.0,51900.0,52300.0,61957.0
2018-12-11 00:00:00+09:00,52600.0,53000.0,51100.0,51200.0,74030.0
2018-12-12 00:00:00+09:00,51200.0,52700.0,51200.0,51700.0,91592.0
2018-12-13 00:00:00+09:00,51700.0,54200.0,51600.0,53500.0,122743.0
2018-12-14 00:00:00+09:00,53500.0,54300.0,52700.0,53900.0,70755.0
2018-12-17 00:00:00+09:00,54200.0,54900.0,53500.0,53900.0,76333.0
2018-12-18 00:00:00+09:00,53300.0,53500.0,51600.0,52100.0,110511.0
2018-12-19 00:00:00+09:00,52200.0,52400.0,50900.0,51100.0,114158.0
2018-12-20 00:00:00+09:00,50700.0,50900.0,49350.0,49800.0,125721.0
2018-12-21 00:00:00+09:00,49500.0,51200.0,49500.0,49800.0,111699.0
2018-12-24 00:00:00+09:00,49800.0,50600.0,49450.0,50000.0,49092.0
2018-12-26 00:00:00+09:00,49200.0,49650.0,48050.0,48250.0,144143.0
2018-12-27 00:00:00+09:00,48500.0,48750.0,48000.0,48500.0,75612.0
2018-12-28 00:00:00+09:00,48400.0,49850.0,48400.0,49100.0,65316.0
2019-01-02 00:00:00+09:00,49400.0,49950.0,48550.0,48600.0,56142.0
2019-01-03 00:00:00+09:00,48050.0,48600.0,46900.0,46900.0,129931.0
2019-01-04 00:00:00+09:00,46850.0,47450.0,46150.0,47200.0,102351.0
2019-01-07 00:00:00+09:00,47750.0,50700.0,47750.0,48550.0,116820.0
2019-01-08 00:00:00+09:00,48950.0,49450.0,48150.0,48450.0,47473.0
2019-01-09 00:00:00+09:00,48900.0,52800.0,48750.0,52300.0,214645.0
2019-01-10 00:00:00+09:00,51800.0,53200.0,51300.0,52100.0,89187.0
2019-01-11 00:00:00+09:00,52100.0,53300.0,51700.0,52700.0,83178.0
2019-01-14 00:00:00+09:00,52600.0,53300.0,51600.0,51800.0,88560.0
2019-01-15 00:00:00+09:00,51500.0,54700.0,51500.0,54000.0,110636.0
2019-01-16 00:00:00+09:00,54200.0,56100.0,54200.0,54300.0,137361.0
2019-01-17 00:00:00+09:00,54100.0,55300.0,54100.0,54700.0,83866.0
2019-01-18 00:00:00+09:00,55300.0,56300.0,55100.0,55700.0,94156.0
2019-01-21 00:00:00+09:00,56400.0,56900.0,55400.0,55400.0,125270.0
2019-01-22 00:00:00+09:00,55500.0,56100.0,54700.0,54900.0,67786.0
2019-01-23 00:00:00+09:00,54300.0,56100.0,54300.0,55800.0,48699.0
2019-01-24 00:00:00+09:00,55100.0,56700.0,55100.0,55600.0,86567.0
2019-01-25 00:00:00+09:00,55300.0,56700.0,55100.0,56100.0,79990.0
2019-01-28 00:00:00+09:00,56200.0,57500.0,55900.0,57300.0,116192.0
2019-01-29 00:00:00+09:00,56600.0,56600.0,54600.0,55300.0,146620.0
2019-01-30 00:00:00+09:00,55800.0,56300.0,55100.0,55900.0,106392.0
2019-01-31 00:00:00+09:00,56600.0,57800.0,56000.0,57300.0,167382.0
2019-02-01 00:00:00+09:00,57500.0,57500.0,56000.0,56700.0,120093.0
2019-02-07 00:00:00+09:00,57400.0,57600.0,55300.0,56400.0,101420.0
2019-02-08 00:00:00+09:00,56400.0,56600.0,54900.0,55200.0,103789.0
2019-02-11 00:00:00+09:00,55400.0,55400.0,53500.0,54400.0,159000.0
2019-02-12 00:00:00+09:00,54700.0,55100.0,54200.0,54600.0,55835.0
2019-02-13 00:00:00+09:00,54500.0,54800.0,53400.0,54300.0,124222.0
2019-02-14 00:00:00+09:00,54000.0,54600.0,53200.0,53900.0,109575.0
2019-02-15 00:00:00+09:00,53600.0,54100.0,53000.0,53900.0,100526.0
2019-02-18 00:00:00+09:00,54200.0,55700.0,53700.0,55300.0,127373.0
2019-02-19 00:00:00+09:00,55200.0,56600.0,54700.0,56000.0,112816.0
2019-02-20 00:00:00+09:00,56900.0,60500.0,56100.0,59100.0,380156.0
2019-02-21 00:00:00+09:00,59000.0,59500.0,58000.0,58900.0,141617.0
2019-02-22 00:00:00+09:00,58500.0,59600.0,58100.0,59100.0,105252.0
2019-02-25 00:00:00+09:00,59600.0,59900.0,57900.0,58800.0,113807.0
2019-02-26 00:00:00+09:00,58500.0,61000.0,58300.0,60200.0,166826.0
2019-02-27 00:00:00+09:00,60100.0,60700.0,59500.0,60300.0,112657.0
2019-02-28 00:00:00+09:00,60300.0,62300.0,59800.0,60500.0,235216.0
2019-03-04 00:00:00+09:00,60200.0,61200.0,58200.0,58600.0,119135.0
2019-03-05 00:00:00+09:00,58000.0,58500.0,57200.0,57500.0,108002.0
2019-03-06 00:00:00+09:00,58000.0,59000.0,57400.0,57800.0,73300.0
2019-03-07 00:00:00+09:00,58200.0,58400.0,56000.0,56400.0,87322.0
2019-03-08 00:00:00+09:00,56100.0,56400.0,54300.0,54600.0,132556.0
2019-03-11 00:00:00+09:00,54600.0,55000.0,53200.0,54500.0,86825.0
2019-03-12 00:00:00+09:00,54900.0,55900.0,54500.0,54700.0,90846.0
2019-03-13 00:00:00+09:00,54700.0,55700.0,54500.0,55200.0,58094.0
2019-03-14 00:00:00+09:00,55800.0,55800.0,54400.0,55500.0,98325.0
2019-03-15 00:00:00+09:00,55500.0,57100.0,55000.0,57100.0,158475.0
2019-03-18 00:00:00+09:00,56800.0,56800.0,55500.0,55900.0,82707.0
2019-03-19 00:00:00+09:00,56100.0,56100.0,54500.0,55500.0,68547.0
2019-03-20 00:00:00+09:00,55400.0,55700.0,54700.0,55500.0,42846.0
2019-03-21 00:00:00+09:00,55300.0,55700.0,54300.0,54300.0,82936.0
2019-03-22 00:00:00+09:00,54300.0,54900.0,53200.0,53700.0,91883.0
2019-03-25 00:00:00+09:00,53000.0,53600.0,52200.0,52600.0,72165.0
2019-03-26 00:00:00+09:00,52500.0,52800.0,51400.0,51700.0,126913.0
2019-03-27 00:00:00+09:00,51900.0,52400.0,51400.0,51800.0,63101.0
2019-03-28 00:00:00+09:00,51400.0,51900.0,51100.0,51400.0,57950.0
2019-03-29 00:00:00+09:00,51100.0,52800.0,51100.0,52300.0,62413.0
2019-04-01 00:00:00+09:00,53000.0,55300.0,52900.0,54700.0,153412.0
2019-04-02 00:00:00+09:00,55100.0,55200.0,53500.0,53800.0,76218.0
2019-04-03 00:00:00+09:00,53300.0,53900.0,52700.0,53800.0,94273.0
2019-04-04 00:00:00+09:00,54200.0,54500.0,53700.0,54400.0,40295.0
2019-04-05 00:00:00+09:00,54400.0,54400.0,53700.0,54100.0,46915.0
2019-04-08 00:00:00+09:00,53900.0,54500.0,53600.0,53800.0,47183.0
2019-04-09 00:00:00+09:00,54300.0,54400.0,53600.0,53600.0,49243.0
2019-04-10 00:00:00+09:00,53400.0,54400.0,53400.0,54200.0,54707.0
2019-04-11 00:00:00+09:00,54100.0,54400.0,53500.0,53900.0,61074.0
2019-04-12 00:00:00+09:00,53900.0,53900.0,53200.0,53200.0,65466.0
2019-04-15 00:00:00+09:00,53500.0,53700.0,53100.0,53300.0,64290.0
2019-04-16 00:00:00+09:00,53300.0,53700.0,52200.0,52600.0,79171.0
2019-04-17 00:00:00+09:00,52500.0,53300.0,52500.0,52900.0,82074.0
2019-04-18 00:00:00+09:00,52900.0,53300.0,52100.0,52100.0,89349.0
2019-04-19 00:00:00+09:00,52200.0,52300.0,51700.0,51800.0,49434.0
2019-04-22 00:00:00+09:00,52200.0,52300.0,51400.0,51700.0,53517.0
2019-04-23 00:00:00+09:00,51700.0,52800.0,51600.0,52500.0,53141.0
2019-04-24 00:00:00+09:00,52500.0,52700.0,49850.0,50100.0,264710.0
2019-04-25 00:00:00+09:00,50300.0,50400.0,49750.0,49950.0,53343.0
2019-04-26 00:00:00+09:00,49950.0,50000.0,48900.0,49400.0,90927.0
2019-04-29 00:00:00+09:00,49500.0,50300.0,49350.0,50300.0,49478.0
2019-04-30 00:00:00+09:00,49850.0,50200.0,49150.0,49550.0,76161.0
2019-05-02 00:00:00+09:00,49300.0,50400.0,49050.0,50000.0,94297.0
2019-05-03 00:00:00+09:00,50100.0,50100.0,49200.0,49250.0,66008.0
2019-05-07 00:00:00+09:00,48600.0,48900.0,47550.0,47800.0,150062.0
2019-05-08 00:00:00+09:00,47300.0,48300.0,47000.0,47500.0,95418.0
2019-05-09 00:00:00+09:00,47300.0,47550.0,46500.0,46500.0,122840.0
2019-05-10 00:00:00+09:00,46550.0,47450.0,45300.0,45950.0,156394.0
2019-05-13 00:00:00+09:00,45400.0,45600.0,45000.0,45100.0,119386.0
2019-05-14 00:00:00+09:00,43250.0,45050.0,43250.0,44650.0,198157.0
2019-05-15 00:00:00+09:00,44800.0,46000.0,44500.0,45900.0,90669.0
2019-05-16 00:00:00+09:00,46050.0,46750.0,45150.0,46300.0,113784.0
2019-05-17 00:00:00+09:00,46450.0,46500.0,44900.0,44950.0,122806.0
2019-05-20 00:00:00+09:00,45300.0,45450.0,44250.0,44850.0,84831.0
2019-05-21 00:00:00+09:00,44300.0,45150.0,44300.0,45000.0,67660.0
2019-05-22 00:00:00+09:00,44900.0,45300.0,44550.0,45000.0,42477.0
2019-05-23 00:00:00+09:00,44450.0,44750.0,43900.0,44500.0,70570.0
2019-05-24 00:00:00+09:00,44000.0,44900.0,43750.0,44450.0,44600.0
2019-05-27 00:00:00+09:00,44100.0,45900.0,44100.0,45300.0,96604.0
2019-05-28 00:00:00+09:00,45800.0,47350.0,45350.0,47100.0,115982.0
2019-05-29 00:00:00+09:00,47200.0,47200.0,45550.0,45800.0,93661.0
2019-05-30 00:00:00+09:00,46000.0,47000.0,45650.0,46800.0,92998.0
2019-05-31 00:00:00+09:00,46550.0,46650.0,45900.0,45900.0,77701.0
2019-06-03 00:00:00+09:00,45700.0,47750.0,45200.0,47550.0,103617.0
2019-06-04 00:00:00+09:00,47550.0,48450.0,47150.0,47500.0,81387.0
2019-06-05 00:00:00+09:00,47700.0,48550.0,47200.0,47600.0,77546.0
2019-06-07 00:00:00+09:00,47950.0,47950.0,47150.0,47300.0,47048.0
2019-06-10 00:00:00+09:00,47600.0,47950.0,47000.0,47300.0,61936.0
2019-06-11 00:00:00+09:00,47300.0,48000.0,47050.0,47850.0,61345.0
2019-06-12 00:00:00+09:00,47850.0,48350.0,47550.0,48100.0,63467.0
2019-06-13 00:00:00+09:00,48300.0,48800.0,47550.0,48800.0,93324.0
2019-06-14 00:00:00+09:00,48850.0,48850.0,47450.0,47550.0,78064.0
2019-06-17 00:00:00+09:00,47600.0,47950.0,47000.0,47350.0,39981.0
2019-06-18 00:00:00+09:00,47550.0,47800.0,47000.0,47250.0,55597.0
2019-06-19 00:00:00+09:00,47400.0,49150.0,47400.0,48200.0,103333.0
2019-06-20 00:00:00+09:00,48500.0,48550.0,47550.0,47650.0,61954.0
2019-06-21 00:00:00+09:00,47850.0,47900.0,46000.0,46000.0,181983.0
2019-06-24 00:00:00+09:00,46350.0,47650.0,46350.0,47500.0,79956.0
2019-06-25 00:00:00+09:00,47350.0,48150.0,47350.0,47900.0,72473.0
2019-06-26 00:00:00+09:00,47700.0,48200.0,47000.0,47350.0,54393.0
2019-06-27 00:00:00+09:00,47250.0,48700.0,46850.0,48600.0,99494.0
2019-06-28 00:00:00+09:00,48400.0,48600.0,47350.0,47500.0,63745.0
2019-07-01 00:00:00+09:00,48200.0,49800.0,48200.0,49600.0,168404.0
2019-07-02 00:00:00+09:00,50100.0,50200.0,48850.0,49650.0,114387.0
2019-07-03 00:00:00+09:00,50000.0,50100.0,48350.0,48700.0,83457.0
2019-07-04 00:00:00+09:00,49000.0,49200.0,48000.0,48950.0,46268.0
2019-07-05 00:00:00+09:00,49050.0,50200.0,49000.0,49500.0,59729.0
2019-07-08 00:00:00+09:00,49600.0,49600.0,47700.0,47750.0,64991.0
2019-07-09 00:00:00+09:00,47650.0,48100.0,46750.0,46750.0,61746.0
2019-07-10 00:00:00+09:00,46800.0,47250.0,46250.0,46700.0,63924.0
2019-07-11 00:00:00+09:00,47300.0,48900.0,46950.0,48700.0,113901.0
2019-07-12 00:00:00+09:00,49700.0,49700.0,48350.0,48600.0,46165.0
2019-07-15 00:00:00+09:00,48600.0,49500.0,48500.0,48950.0,86323.0
2019-07-16 00:00:00+09:00,49400.0,50500.0,49050.0,49850.0,116038.0
2019-07-17 00:00:00+09:00,49700.0,49700.0,47950.0,48150.0,76046.0
2019-07-18 00:00:00+09:00,47800.0,48600.0,47750.0,48300.0,46291.0
2019-07-19 00:00:00+09:00,48450.0,48750.0,47350.0,48450.0,88044.0
2019-07-22 00:00:00+09:00,48450.0,49400.0,47950.0,49000.0,51199.0
2019-07-23 00:00:00+09:00,48650.0,49250.0,48400.0,49000.0,51403.0
2019-07-24 00:00:00+09:00,48850.0,49350.0,48150.0,48150.0,43365.0
2019-07-25 00:00:00+09:00,48150.0,48150.0,46250.0,46400.0,104261.0
2019-07-26 00:00:00+09:00,46100.0,46700.0,45050.0,45400.0,96336.0
2019-07-29 00:00:00+09:00,45050.0,45250.0,43650.0,43900.0,115875.0
2019-07-30 00:00:00+09:00,43800.0,44500.0,43750.0,44000.0,63357.0
2019-07-31 00:00:00+09:00,44050.0,44250.0,43850.0,44200.0,66746.0
2019-08-01 00:00:00+09:00,44000.0,45050.0,43500.0,44500.0,70185.0
2019-08-02 00:00:00+09:00,44000.0,44700.0,43200.0,43550.0,82447.0
2019-08-05 00:00:00+09:00,43200.0,43450.0,40850.0,41000.0,170201.0
2019-08-06 00:00:00+09:00,39700.0,42250.0,39650.0,41450.0,136882.0
2019-08-07 00:00:00+09:00,41600.0,41800.0,40850.0,41500.0,73998.0
2019-08-08 00:00:00+09:00,41950.0,42050.0,40900.0,41950.0,75117.0
2019-08-09 00:00:00+09:00,42150.0,42750.0,41850.0,42050.0,48145.0
2019-08-12 00:00:00+09:00,41950.0,42200.0,41150.0,41350.0,45615.0
2019-08-13 00:00:00+09:00,41000.0,41450.0,40800.0,41150.0,45585.0
2019-08-14 00:00:00+09:00,41400.0,41800.0,41100.0,41700.0,52243.0
2019-08-16 00:00:00+09:00,41000.0,41450.0,40450.0,40600.0,87304.0
2019-08-19 00:00:00+09:00,40950.0,42750.0,40650.0,42700.0,84810.0
2019-08-20 00:00:00+09:00,42650.0,44200.0,42350.0,43800.0,87116.0
2019-08-21 00:00:00+09:00,43500.0,44700.0,43400.0,44600.0,57347.0
2019-08-22 00:00:00+09:00,44800.0,44950.0,44050.0,44700.0,42080.0
2019-08-23 00:00:00+09:00,44000.0,44650.0,43650.0,44300.0,31391.0
2019-08-26 00:00:00+09:00,43050.0,44600.0,43000.0,44300.0,61940.0
2019-08-27 00:00:00+09:00,44000.0,44950.0,43350.0,43400.0,53754.0
2019-08-28 00:00:00+09:00,43900.0,44300.0,43150.0,44000.0,38920.0
2019-08-29 00:00:00+09:00,43550.0,44200.0,43350.0,43850.0,32906.0
2019-08-30 00:00:00+09:00,44200.0,45550.0,44150.0,45200.0,105479.0
2019-09-02 00:00:00+09:00,45700.0,45850.0,44650.0,45450.0,57180.0
2019-09-03 00:00:00+09:00,45100.0,46150.0,45000.0,45850.0,59361.0
2019-09-04 00:00:00+09:00,45450.0,45950.0,44800.0,45550.0,69223.0
2019-09-05 00:00:00+09:00,45600.0,46950.0,45550.0,46200.0,107853.0
2019-09-06 00:00:00+09:00,46250.0,47550.0,46250.0,46950.0,82173.0
2019-09-09 00:00:00+09:00,46700.0,47900.0,46700.0,47000.0,96208.0
2019-09-10 00:00:00+09:00,46600.0,47950.0,46600.0,46900.0,78454.0
2019-09-11 00:00:00+09:00,46800.0,48000.0,46800.0,47300.0,99768.0
2019-09-16 00:00:00+09:00,48000.0,49750.0,47500.0,49000.0,179479.0
2019-09-17 00:00:00+09:00,49000.0,49150.0,48400.0,48650.0,55679.0
2019-09-18 00:00:00+09:00,48700.0,49000.0,48250.0,48250.0,57052.0
2019-09-19 00:00:00+09:00,48250.0,48700.0,47900.0,48350.0,36430.0
2019-09-20 00:00:00+09:00,48400.0,49100.0,47900.0,49100.0,57620.0
2019-09-23 00:00:00+09:00,48750.0,49100.0,48100.0,48150.0,57770.0
2019-09-24 00:00:00+09:00,48400.0,48850.0,48000.0,48750.0,53616.0
2019-09-25 00:00:00+09:00,48600.0,48850.0,47350.0,47400.0,55217.0
2019-09-26 00:00:00+09:00,47750.0,48300.0,47300.0,47700.0,39265.0
2019-09-27 00:00:00+09:00,47500.0,48300.0,47050.0,47100.0,38134.0
2019-09-30 00:00:00+09:00,47700.0,47700.0,46950.0,47450.0,23371.0
2019-10-01 00:00:00+09:00,47300.0,48100.0,47000.0,47550.0,35156.0
2019-10-02 00:00:00+09:00,47100.0,47350.0,46100.0,46200.0,70899.0
2019-10-04 00:00:00+09:00,46150.0,46500.0,45950.0,45950.0,26553.0
2019-10-07 00:00:00+09:00,45950.0,46250.0,45600.0,46150.0,31729.0
2019-10-08 00:00:00+09:00,45600.0,47550.0,45600.0,47450.0,65396.0
2019-10-10 00:00:00+09:00,47000.0,47400.0,46300.0,46550.0,60352.0
2019-10-11 00:00:00+09:00,47350.0,47600.0,46750.0,46800.0,45478.0
2019-10-14 00:00:00+09:00,47500.0,48650.0,47150.0,48500.0,49820.0
2019-10-15 00:00:00+09:00,48550.0,48650.0,47900.0,48200.0,35267.0
2019-10-16 00:00:00+09:00,48350.0,49000.0,48200.0,48200.0,46858.0
2019-10-17 00:00:00+09:00,48500.0,48700.0,48000.0,48050.0,31620.0
2019-10-18 00:00:00+09:00,48250.0,48700.0,48050.0,48350.0,51562.0
2019-10-21 00:00:00+09:00,48350.0,48800.0,48100.0,48650.0,48785.0
2019-10-22 00:00:00+09:00,48600.0,49050.0,48400.0,48500.0,41928.0
2019-10-23 00:00:00+09:00,48050.0,48800.0,47800.0,48050.0,44807.0
2019-10-24 00:00:00+09:00,47700.0,48050.0,46950.0,47900.0,41210.0
2019-10-25 00:00:00+09:00,47500.0,48150.0,47250.0,47700.0,33181.0
2019-10-28 00:00:00+09:00,48300.0,48400.0,47700.0,48300.0,40371.0
2019-10-29 00:00:00+09:00,48400.0,50400.0,48400.0,50000.0,145024.0
2019-10-30 00:00:00+09:00,49850.0,49850.0,47750.0,47750.0,137088.0
2019-10-31 00:00:00+09:00,48050.0,48600.0,47550.0,48500.0,74389.0
2019-11-01 00:00:00+09:00,48200.0,48200.0,46850.0,47000.0,78439.0
2019-11-04 00:00:00+09:00,47500.0,48600.0,47400.0,48250.0,58130.0
2019-11-05 00:00:00+09:00,48500.0,49350.0,48050.0,49200.0,76771.0
2019-11-06 00:00:00+09:00,50300.0,51900.0,49200.0,49350.0,181681.0
2019-11-07 00:00:00+09:00,49350.0,49950.0,48800.0,49100.0,55942.0
2019-11-08 00:00:00+09:00,50000.0,51200.0,49650.0,50700.0,112176.0
2019-11-11 00:00:00+09:00,51300.0,51300.0,49600.0,49750.0,67606.0
2019-11-12 00:00:00+09:00,49800.0,50100.0,48650.0,49250.0,88307.0
2019-11-13 00:00:00+09:00,49250.0,49350.0,48250.0,48250.0,82168.0
2019-11-14 00:00:00+09:00,48550.0,48600.0,47800.0,48300.0,76705.0
2019-11-15 00:00:00+09:00,47500.0,48100.0,47050.0,47750.0,137197.0
2019-11-18 00:00:00+09:00,47800.0,47800.0,46500.0,46650.0,152225.0
2019-11-19 00:00:00+09:00,46650.0,46750.0,46100.0,46300.0,94803.0
2019-11-20 00:00:00+09:00,46150.0,46600.0,44900.0,45000.0,118919.0
2019-11-21 00:00:00+09:00,45200.0,45250.0,43950.0,44250.0,114285.0
2019-11-22 00:00:00+09:00,44200.0,44250.0,43700.0,43950.0,95775.0
2019-11-25 00:00:00+09:00,44050.0,44700.0,44050.0,44650.0,91833.0
2019-11-26 00:00:00+09:00,45350.0,45350.0,43700.0,43800.0,149235.0
2019-11-27 00:00:00+09:00,44300.0,44400.0,43750.0,44050.0,106073.0
2019-11-28 00:00:00+09:00,43900.0,44500.0,43750.0,44400.0,44822.0
2019-11-29 00:00:00+09:00,44650.0,45050.0,44000.0,44150.0,56727.0
2019-12-02 00:00:00+09:00,44550.0,44600.0,44100.0,44450.0,45695.0
2019-12-03 00:00:00+09:00,44100.0,44400.0,43700.0,44250.0,46446.0
2019-12-04 00:00:00+09:00,44450.0,44450.0,43750.0,44050.0,51846.0
2019-12-05 00:00:00+09:00,43950.0,44500.0,43800.0,44050.0,61617.0
2019-12-06 00:00:00+09:00,44050.0,44750.0,44050.0,44700.0,58388.0
2019-12-09 00:00:00+09:00,44600.0,45400.0,44550.0,45000.0,76053.0
2019-12-10 00:00:00+09:00,44950.0,45200.0,44800.0,45150.0,43314.0
2019-12-11 00:00:00+09:00,45450.0,46050.0,45000.0,45800.0,78445.0
2019-12-12 00:00:00+09:00,45800.0,46700.0,45650.0,46650.0,141986.0
2019-12-13 00:00:00+09:00,46850.0,47900.0,46700.0,47500.0,166909.0
2019-12-16 00:00:00+09:00,47950.0,47950.0,46700.0,47000.0,62022.0
2019-12-17 00:00:00+09:00,46900.0,47100.0,46400.0,46500.0,118238.0
2019-12-18 00:00:00+09:00,46350.0,46800.0,46200.0,46800.0,93892.0
2019-12-19 00:00:00+09:00,46550.0,47650.0,46550.0,47600.0,94398.0
2019-12-20 00:00:00+09:00,47800.0,48150.0,47350.0,48150.0,104331.0
2019-12-23 00:00:00+09:00,48300.0,48350.0,47750.0,48050.0,67544.0
2019-12-24 00:00:00+09:00,48050.0,48300.0,47600.0,47650.0,41788.0
2019-12-26 00:00:00+09:00,47650.0,48050.0,47500.0,47800.0,56292.0
2019-12-27 00:00:00+09:00,46800.0,47900.0,46800.0,47500.0,69962.0
2019-12-30 00:00:00+09:00,47500.0,47950.0,47500.0,47800.0,43793.0
2020-01-02 00:00:00+09:00,47800.0,47850.0,46750.0,46900.0,63152.0
2020-01-03 00:00:00+09:00,47300.0,47400.0,46500.0,46850.0,70585.0
2020-01-06 00:00:00+09:00,46350.0,46550.0,45100.0,45200.0,82214.0
2020-01-07 00:00:00+09:00,45200.0,45600.0,44900.0,45050.0,76315.0
2020-01-08 00:00:00+09:00,44850.0,44900.0,43000.0,43900.0,231085.0
2020-01-09 00:00:00+09:00,44150.0,44700.0,43050.0,43700.0,139215.0
2020-01-10 00:00:00+09:00,43550.0,44050.0,43000.0,43900.0,119825.0
2020-01-13 00:00:00+09:00,44000.0,44550.0,43700.0,44400.0,66083.0
2020-01-14 00:00:00+09:00,44750.0,45250.0,44500.0,44900.0,106744.0
2020-01-15 00:00:00+09:00,44800.0,45600.0,44600.0,45200.0,88209.0
2020-01-16 00:00:00+09:00,45250.0,45400.0,44750.0,44800.0,64063.0
2020-01-17 00:00:00+09:00,44800.0,45250.0,44250.0,44400.0,64175.0
2020-01-20 00:00:00+09:00,44350.0,45100.0,44300.0,44800.0,62266.0
2020-01-21 00:00:00+09:00,44800.0,44950.0,44100.0,44100.0,57103.0
2020-01-22 00:00:00+09:00,44300.0,44400.0,43750.0,44000.0,77894.0
2020-01-23 00:00:00+09:00,43700.0,43900.0,43400.0,43750.0,64938.0
2020-01-28 00:00:00+09:00,42550.0,43000.0,41600.0,41900.0,122097.0
2020-01-29 00:00:00+09:00,41900.0,42100.0,41250.0,41350.0,118125.0
2020-01-30 00:00:00+09:00,41350.0,41450.0,40350.0,40450.0,104137.0
2020-01-31 00:00:00+09:00,40100.0,40900.0,39850.0,39850.0,92962.0
2020-02-03 00:00:00+09:00,39400.0,39450.0,38000.0,38900.0,136461.0
2020-02-04 00:00:00+09:00,38750.0,39700.0,38700.0,39350.0,99142.0
2020-02-05 00:00:00+09:00,39600.0,39800.0,39300.0,39450.0,69264.0
2020-02-06 00:00:00+09:00,39850.0,41600.0,39850.0,41300.0,103940.0
2020-02-07 00:00:00+09:00,41250.0,41650.0,40700.0,41300.0,70635.0
2020-02-10 00:00:00+09:00,40800.0,41350.0,40200.0,41250.0,66809.0
2020-02-11 00:00:00+09:00,41450.0,41950.0,41000.0,41300.0,119412.0
2020-02-12 00:00:00+09:00,41300.0,42200.0,41200.0,42150.0,102486.0
2020-02-13 00:00:00+09:00,42200.0,42350.0,41650.0,41800.0,112828.0
2020-02-14 00:00:00+09:00,41800.0,42200.0,41650.0,41950.0,75264.0
2020-02-17 00:00:00+09:00,41950.0,42050.0,41600.0,41900.0,88589.0
2020-02-18 00:00:00+09:00,41600.0,42000.0,41150.0,41500.0,65216.0
2020-02-19 00:00:00+09:00,41800.0,42050.0,40900.0,41250.0,71161.0
2020-02-20 00:00:00+09:00,41300.0,41800.0,40650.0,40800.0,67834.0
2020-02-21 00:00:00+09:00,40350.0,40450.0,39400.0,39450.0,117607.0
2020-02-24 00:00:00+09:00,39000.0,39200.0,38150.0,38250.0,98458.0
2020-02-25 00:00:00+09:00,37900.0,38400.0,37500.0,38100.0,130745.0
2020-02-26 00:00:00+09:00,37500.0,37600.0,37000.0,37150.0,157296.0
2020-02-27 00:00:00+09:00,37200.0,37650.0,37000.0,37600.0,98630.0
2020-02-28 00:00:00+09:00,37000.0,37250.0,36000.0,36050.0,138678.0
2020-03-02 00:00:00+09:00,35800.0,36350.0,35400.0,36200.0,91849.0
2020-03-03 00:00:00+09:00,36700.0,37300.0,36100.0,36300.0,114801.0
2020-03-04 00:00:00+09:00,35800.0,36550.0,35750.0,36200.0,138025.0
2020-03-05 00:00:00+09:00,36550.0,38150.0,36200.0,38100.0,145326.0
2020-03-06 00:00:00+09:00,37500.0,37700.0,36550.0,36850.0,119959.0
2020-03-09 00:00:00+09:00,36000.0,36550.0,35600.0,36050.0,169277.0
2020-03-10 00:00:00+09:00,36150.0,36200.0,35250.0,35300.0,204571.0
2020-03-11 00:00:00+09:00,35350.0,35650.0,33950.0,34150.0,149653.0
2020-03-12 00:00:00+09:00,34000.0,34000.0,31900.0,32150.0,219119.0
2020-03-13 00:00:00+09:00,29650.0,30400.0,28650.0,30400.0,272805.0
2020-03-16 00:00:00+09:00,30800.0,31650.0,30000.0,30250.0,149238.0
2020-03-17 00:00:00+09:00,28050.0,30100.0,28000.0,29900.0,124619.0
2020-03-18 00:00:00+09:00,29900.0,30050.0,28900.0,29400.0,113455.0
2020-03-19 00:00:00+09:00,29650.0,30800.0,26350.0,26800.0,233144.0
2020-03-20 00:00:00+09:00,26300.0,27800.0,26100.0,26800.0,278984.0
2020-03-23 00:00:00+09:00,25500.0,25950.0,24050.0,24100.0,264233.0
2020-03-24 00:00:00+09:00,24400.0,25250.0,24150.0,25250.0,291793.0
2020-03-25 00:00:00+09:00,26000.0,27400.0,25550.0,27200.0,344906.0
2020-03-26 00:00:00+09:00,27100.0,29300.0,26300.0,27550.0,267005.0
2020-03-27 00:00:00+09:00,29000.0,29300.0,27650.0,28650.0,238190.0
2020-03-30 00:00:00+09:00,27950.0,28600.0,27100.0,28600.0,146255.0
2020-03-31 00:00:00+09:00,28900.0,29550.0,28550.0,28900.0,179703.0
2020-04-01 00:00:00+09:00,28850.0,31550.0,28700.0,29950.0,229897.0
2020-04-02 00:00:00+09:00,30700.0,31500.0,29550.0,31200.0,184046.0
2020-04-03 00:00:00+09:00,31050.0,31500.0,30100.0,30950.0,124357.0
2020-04-06 00:00:00+09:00,31000.0,32250.0,30950.0,32100.0,120632.0
2020-04-07 00:00:00+09:00,32600.0,33450.0,32250.0,33200.0,191158.0
2020-04-08 00:00:00+09:00,32600.0,34600.0,32400.0,33200.0,131355.0
2020-04-09 00:00:00+09:00,33800.0,34350.0,33600.0,34200.0,127639.0
2020-04-10 00:00:00+09:00,33900.0,35350.0,33650.0,35100.0,132062.0
2020-04-13 00:00:00+09:00,34450.0,35100.0,33200.0,33300.0,141732.0
2020-04-14 00:00:00+09:00,33500.0,34450.0,33450.0,34250.0,145325.0
2020-04-16 00:00:00+09:00,33550.0,33800.0,32750.0,33650.0,112852.0
2020-04-17 00:00:00+09:00,33750.0,35100.0,33750.0,34450.0,108920.0
2020-04-20 00:00:00+09:00,34500.0,35500.0,34100.0,34750.0,121429.0
2020-04-21 00:00:00+09:00,35350.0,36450.0,34400.0,35950.0,252620.0
2020-04-22 00:00:00+09:00,36000.0,36000.0,34850.0,35600.0,127695.0
2020-04-23 00:00:00+09:00,35500.0,35900.0,35000.0,35450.0,137011.0
2020-04-24 00:00:00+09:00,35050.0,35700.0,34750.0,34750.0,83462.0
2020-04-27 00:00:00+09:00,34800.0,36300.0,34800.0,35850.0,113604.0
2020-04-28 00:00:00+09:00,35850.0,36650.0,35600.0,36400.0,83105.0
2020-04-29 00:00:00+09:00,36400.0,38150.0,36400.0,37650.0,168440.0
2020-05-04 00:00:00+09:00,36350.0,37350.0,35250.0,35400.0,192945.0
2020-05-06 00:00:00+09:00,35900.0,36100.0,35100.0,35750.0,154507.0
2020-05-07 00:00:00+09:00,35550.0,35600.0,35200.0,35200.0,106095.0
2020-05-08 00:00:00+09:00,35500.0,36400.0,35400.0,36350.0,117710.0
2020-05-11 00:00:00+09:00,36400.0,36600.0,35800.0,35900.0,86657.0
2020-05-12 00:00:00+09:00,35800.0,35900.0,34800.0,34900.0,129565.0
2020-05-13 00:00:00+09:00,34500.0,34900.0,34100.0,34850.0,142973.0
2020-05-14 00:00:00+09:00,34300.0,34350.0,33200.0,33550.0,157818.0
2020-05-15 00:00:00+09:00,33700.0,34300.0,33700.0,34250.0,75420.0
2020-05-18 00:00:00+09:00,34450.0,35750.0,33500.0,35700.0,135076.0
2020-05-19 00:00:00+09:00,36350.0,37300.0,36050.0,36750.0,199717.0
2020-05-20 00:00:00+09:00,36500.0,37100.0,36350.0,37000.0,69368.0
2020-05-21 00:00:00+09:00,36800.0,38400.0,36600.0,38250.0,144676.0
2020-05-22 00:00:00+09:00,38200.0,38400.0,37050.0,37450.0,78231.0
2020-05-25 00:00:00+09:00,37550.0,38000.0,37050.0,37600.0,67646.0
2020-05-26 00:00:00+09:00,37950.0,38950.0,37500.0,38750.0,120087.0
2020-05-27 00:00:00+09:00,38800.0,39900.0,38600.0,39350.0,152383.0
2020-05-28 00:00:00+09:00,39350.0,39500.0,38050.0,38200.0,102432.0
2020-05-29 00:00:00+09:00,37950.0,38750.0,37000.0,37400.0,151622.0
2020-06-01 00:00:00+09:00,37650.0,38800.0,37650.0,38700.0,74153.0
2020-06-02 00:00:00+09:00,38500.0,39350.0,38500.0,39000.0,79568.0
2020-06-03 00:00:00+09:00,39650.0,41350.0,39600.0,40800.0,268283.0
2020-06-04 00:00:00+09:00,41800.0,41900.0,39800.0,39850.0,150781.0
2020-06-05 00:00:00+09:00,39650.0,40250.0,39450.0,40150.0,77936.0
2020-06-08 00:00:00+09:00,40700.0,40850.0,39250.0,39950.0,125188.0
2020-06-09 00:00:00+09:00,39950.0,41000.0,39950.0,40450.0,111337.0
2020-06-10 00:00:00+09:00,40750.0,42000.0,40250.0,40600.0,154544.0
2020-06-11 00:00:00+09:00,40250.0,40750.0,38800.0,39300.0,180053.0
2020-06-12 00:00:00+09:00,37550.0,37850.0,36650.0,37850.0,216163.0
2020-06-15 00:00:00+09:00,37200.0,37500.0,35400.0,35400.0,159123.0
2020-06-16 00:00:00+09:00,36000.0,37300.0,35900.0,37300.0,132135.0
2020-06-17 00:00:00+09:00,37300.0,37600.0,36550.0,36950.0,77663.0
2020-06-18 00:00:00+09:00,36450.0,37100.0,36450.0,36850.0,85485.0
2020-06-19 00:00:00+09:00,37300.0,37350.0,36000.0,36600.0,116713.0
2020-06-22 00:00:00+09:00,36400.0,36800.0,35700.0,36050.0,70912.0
2020-06-23 00:00:00+09:00,36400.0,36750.0,35800.0,36250.0,67953.0
2020-06-24 00:00:00+09:00,36450.0,36500.0,35900.0,35900.0,132996.0
2020-06-25 00:00:00+09:00,35350.0,35500.0,34550.0,34700.0,143101.0
2020-06-26 00:00:00+09:00,35000.0,35300.0,34600.0,35200.0,77797.0
2020-06-29 00:00:00+09:00,34500.0,34550.0,33850.0,34100.0,105638.0
2020-06-30 00:00:00+09:00,34500.0,35500.0,34500.0,34800.0,111228.0
2020-07-01 00:00:00+09:00,35400.0,35450.0,34500.0,34600.0,103824.0
2020-07-02 00:00:00+09:00,34800.0,36550.0,34800.0,36350.0,108441.0
2020-07-03 00:00:00+09:00,36300.0,36350.0,35500.0,35850.0,60995.0
2020-07-06 00:00:00+09:00,36250.0,36400.0,35300.0,36350.0,77751.0
2020-07-07 00:00:00+09:00,36600.0,37750.0,36350.0,36350.0,168670.0
2020-07-08 00:00:00+09:00,36450.0,36800.0,35850.0,36150.0,96994.0
2020-07-09 00:00:00+09:00,36250.0,36500.0,36050.0,36050.0,84779.0
2020-07-10 00:00:00+09:00,36400.0,36400.0,34750.0,35000.0,108353.0
2020-07-13 00:00:00+09:00,35100.0,36300.0,35000.0,36150.0,97375.0
2020-07-14 00:00:00+09:00,35800.0,36600.0,35350.0,36450.0,84736.0
2020-07-15 00:00:00+09:00,37100.0,38500.0,37100.0,38100.0,220393.0
2020-07-16 00:00:00+09:00,37900.0,38300.0,36850.0,37050.0,115527.0
2020-07-17 00:00:00+09:00,37500.0,38700.0,37100.0,38250.0,145196.0
2020-07-20 00:00:00+09:00,39000.0,40200.0,38700.0,40000.0,214789.0
2020-07-21 00:00:00+09:00,40050.0,41450.0,39100.0,40900.0,303226.0
2020-07-22 00:00:00+09:00,40850.0,45450.0,40650.0,44650.0,691010.0
2020-07-23 00:00:00+09:00,44800.0,45000.0,43200.0,43850.0,232654.0
2020-07-24 00:00:00+09:00,43550.0,43950.0,42300.0,42450.0,133890.0
2020-07-27 00:00:00+09:00,42350.0,44700.0,42350.0,43600.0,201815.0
2020-07-28 00:00:00+09:00,43850.0,44700.0,41900.0,42450.0,226085.0
2020-07-29 00:00:00+09:00,42300.0,42700.0,41350.0,42550.0,147091.0
2020-07-30 00:00:00+09:00,42350.0,43100.0,42200.0,42250.0,105509.0
2020-07-31 00:00:00+09:00,42300.0,42550.0,41750.0,41950.0,70742.0
2020-08-03 00:00:00+09:00,42000.0,42300.0,40600.0,40900.0,111758.0
2020-08-04 00:00:00+09:00,41000.0,42150.0,40900.0,41200.0,113621.0
2020-08-05 00:00:00+09:00,41450.0,41450.0,40750.0,41200.0,87076.0
2020-08-06 00:00:00+09:00,41900.0,43550.0,41500.0,42450.0,231511.0
2020-08-07 00:00:00+09:00,42650.0,42700.0,40800.0,41200.0,214399.0
2020-08-10 00:00:00+09:00,41100.0,42450.0,40050.0,42400.0,205459.0
2020-08-11 00:00:00+09:00,42450.0,43150.0,41900.0,42900.0,173211.0
2020-08-12 00:00:00+09:00,42500.0,42900.0,41550.0,42250.0,156299.0
2020-08-13 00:00:00+09:00,42250.0,42600.0,41500.0,42000.0,234278.0
2020-08-14 00:00:00+09:00,42600.0,43550.0,41700.0,42400.0,197091.0
2020-08-18 00:00:00+09:00,42700.0,42700.0,39900.0,40150.0,194971.0
2020-08-19 00:00:00+09:00,40250.0,42050.0,40200.0,41550.0,143072.0
2020-08-20 00:00:00+09:00,41200.0,41650.0,38500.0,38750.0,245825.0
2020-08-21 00:00:00+09:00,39050.0,39400.0,38250.0,39100.0,148176.0
2020-08-24 00:00:00+09:00,39100.0,39950.0,38000.0,39550.0,141034.0
2020-08-25 00:00:00+09:00,39550.0,41200.0,39550.0,41200.0,134798.0
2020-08-26 00:00:00+09:00,41000.0,41800.0,40200.0,41300.0,119216.0
2020-08-27 00:00:00+09:00,41300.0,41300.0,40200.0,40550.0,119875.0
2020-08-28 00:00:00+09:00,40400.0,42500.0,40400.0,42300.0,329038.0
2020-08-31 00:00:00+09:00,42800.0,46650.0,42700.0,45250.0,858141.0
2020-09-01 00:00:00+09:00,45350.0,48300.0,45350.0,46100.0,656875.0
2020-09-02 00:00:00+09:00,46100.0,47200.0,45100.0,46500.0,279661.0
2020-09-03 00:00:00+09:00,48150.0,50500.0,47100.0,49950.0,789484.0
2020-09-04 00:00:00+09:00,48700.0,60800.0,48150.0,59100.0,1724735.0
2020-09-07 00:00:00+09:00,61900.0,71500.0,61200.0,63800.0,2386209.0
2020-09-08 00:00:00+09:00,64800.0,65700.0,56700.0,58000.0,1101049.0
2020-09-09 00:00:00+09:00,57500.0,60900.0,56200.0,59400.0,706477.0
2020-09-10 00:00:00+09:00,59200.0,61600.0,57700.0,59900.0,489175.0
2020-09-11 00:00:00+09:00,59500.0,60000.0,57900.0,59200.0,264339.0
2020-09-14 00:00:00+09:00,59700.0,62600.0,59000.0,61000.0,396336.0
2020-09-15 00:00:00+09:00,61600.0,64700.0,61300.0,64700.0,529506.0
2020-09-16 00:00:00+09:00,64000.0,64200.0,60100.0,60800.0,432162.0
2020-09-17 00:00:00+09:00,59600.0,60500.0,58200.0,58300.0,409735.0
2020-09-18 00:00:00+09:00,58100.0,59700.0,57500.0,59200.0,220151.0
2020-09-21 00:00:00+09:00,59200.0,59400.0,54800.0,56000.0,365509.0
2020-09-22 00:00:00+09:00,55200.0,55700.0,52700.0,53500.0,378464.0
2020-09-23 00:00:00+09:00,54300.0,56000.0,50800.0,53300.0,299584.0
2020-09-24 00:00:00+09:00,51800.0,53800.0,51500.0,51900.0,235852.0
2020-09-25 00:00:00+09:00,52500.0,53100.0,51000.0,51100.0,183610.0
2020-09-28 00:00:00+09:00,51700.0,52900.0,51600.0,52700.0,112872.0
2020-09-29 00:00:00+09:00,53600.0,53700.0,51700.0,52500.0,158311.0
2020-10-05 00:00:00+09:00,54600.0,56800.0,53700.0,56500.0,295397.0
2020-10-06 00:00:00+09:00,56900.0,58400.0,56100.0,58300.0,289288.0
2020-10-07 00:00:00+09:00,58100.0,59000.0,57200.0,58200.0,222845.0
2020-10-08 00:00:00+09:00,59200.0,61200.0,58500.0,60500.0,384533.0
2020-10-12 00:00:00+09:00,61400.0,61800.0,60200.0,60200.0,229438.0
2020-10-13 00:00:00+09:00,60400.0,61700.0,58300.0,60900.0,279949.0
2020-10-14 00:00:00+09:00,61000.0,61400.0,58000.0,58000.0,252684.0
2020-10-15 00:00:00+09:00,57700.0,58800.0,56500.0,57200.0,235005.0
2020-10-16 00:00:00+09:00,57500.0,58000.0,55300.0,56500.0,195245.0
2020-10-19 00:00:00+09:00,56500.0,56900.0,54600.0,55700.0,169092.0
2020-10-20 00:00:00+09:00,54800.0,56300.0,54300.0,55800.0,152441.0
2020-10-21 00:00:00+09:00,56800.0,59600.0,55700.0,58500.0,306430.0
2020-10-22 00:00:00+09:00,57200.0,58400.0,56700.0,57000.0,204660.0
2020-10-23 00:00:00+09:00,57600.0,57900.0,56600.0,57100.0,109138.0
2020-10-26 00:00:00+09:00,56900.0,57000.0,54000.0,54500.0,288709.0
2020-10-27 00:00:00+09:00,53500.0,56500.0,52600.0,55400.0,192630.0
2020-10-28 00:00:00+09:00,54800.0,56100.0,54500.0,55900.0,100970.0
2020-10-29 00:00:00+09:00,54400.0,54900.0,52600.0,53700.0,241975.0
2020-10-30 00:00:00+09:00,53600.0,53600.0,51300.0,51800.0,211489.0
2020-11-02 00:00:00+09:00,52000.0,53900.0,51700.0,53700.0,145904.0
2020-11-03 00:00:00+09:00,53800.0,56200.0,53700.0,55300.0,218771.0
2020-11-04 00:00:00+09:00,56000.0,56300.0,51700.0,52300.0,376897.0
2020-11-05 00:00:00+09:00,54300.0,56300.0,53600.0,56200.0,313027.0
2020-11-06 00:00:00+09:00,56500.0,57000.0,54800.0,55800.0,226851.0
2020-11-09 00:00:00+09:00,57600.0,61800.0,57200.0,59600.0,583900.0
2020-11-10 00:00:00+09:00,58800.0,60300.0,57800.0,59700.0,215347.0
2020-11-11 00:00:00+09:00,59300.0,59700.0,58300.0,58800.0,161438.0
2020-11-12 00:00:00+09:00,58800.0,58900.0,57100.0,57600.0,198734.0
2020-11-13 00:00:00+09:00,57100.0,57400.0,56100.0,56600.0,140311.0
2020-11-16 00:00:00+09:00,57000.0,59000.0,56000.0,58400.0,248917.0
2020-11-17 00:00:00+09:00,58800.0,61100.0,58400.0,60200.0,419190.0
2020-11-18 00:00:00+09:00,61100.0,62300.0,60000.0,61600.0,372856.0
2020-11-19 00:00:00+09:00,61600.0,61600.0,59300.0,59900.0,219430.0
2020-11-20 00:00:00+09:00,59900.0,60700.0,58600.0,59800.0,209082.0
2020-11-23 00:00:00+09:00,60400.0,63800.0,60000.0,63000.0,589951.0
2020-11-24 00:00:00+09:00,64600.0,64600.0,61300.0,62100.0,384274.0
2020-11-25 00:00:00+09:00,63400.0,64100.0,60200.0,61000.0,421200.0
2020-11-26 00:00:00+09:00,60500.0,61600.0,59700.0,61300.0,168906.0
2020-11-27 00:00:00+09:00,60700.0,61500.0,60300.0,61100.0,134137.0
2020-11-30 00:00:00+09:00,61600.0,64500.0,61600.0,63200.0,516574.0
2020-12-01 00:00:00+09:00,64200.0,68600.0,64100.0,67900.0,656579.0
2020-12-02 00:00:00+09:00,67300.0,68800.0,66100.0,68400.0,441186.0
2020-12-03 00:00:00+09:00,67800.0,68800.0,66700.0,67900.0,245255.0
2020-12-04 00:00:00+09:00,68500.0,70900.0,66900.0,67200.0,406002.0
2020-12-07 00:00:00+09:00,67500.0,67600.0,65400.0,66200.0,227214.0
2020-12-08 00:00:00+09:00,66400.0,66800.0,64100.0,64400.0,275234.0
2020-12-09 00:00:00+09:00,64500.0,67900.0,64500.0,67200.0,300976.0
2020-12-10 00:00:00+09:00,66700.0,69000.0,65800.0,67800.0,333182.0
2020-12-11 00:00:00+09:00,68700.0,71500.0,68200.0,70400.0,477786.0
2020-12-14 00:00:00+09:00,70000.0,70400.0,68500.0,69700.0,281456.0
2020-12-15 00:00:00+09:00,71500.0,72700.0,69900.0,70600.0,441007.0
2020-12-16 00:00:00+09:00,72000.0,75400.0,71300.0,74100.0,536708.0
2020-12-17 00:00:00+09:00,74700.0,77500.0,72300.0,73200.0,678425.0
2020-12-18 00:00:00+09:00,75500.0,76900.0,71700.0,71800.0,584650.0
2020-12-21 00:00:00+09:00,72000.0,73200.0,70300.0,72800.0,252241.0
2020-12-22 00:00:00+09:00,72800.0,72800.0,69600.0,69900.0,281148.0
2020-12-23 00:00:00+09:00,70200.0,70800.0,68100.0,70300.0,229310.0
2020-12-24 00:00:00+09:00,70800.0,73600.0,70800.0,72500.0,227028.0
2020-12-28 00:00:00+09:00,72700.0,73300.0,71800.0,72200.0,203566.0
2020-12-29 00:00:00+09:00,71900.0,73300.0,71000.0,72200.0,200248.0
2020-12-30 00:00:00+09:00,72100.0,72200.0,71100.0,71400.0,224254.0
2021-01-04 00:00:00+09:00,71600.0,72900.0,70300.0,72500.0,309673.0
2021-01-05 00:00:00+09:00,72000.0,76000.0,71400.0,76000.0,488812.0
2021-01-06 00:00:00+09:00,75900.0,76700.0,73000.0,73500.0,412389.0
2021-01-07 00:00:00+09:00,75900.0,79500.0,74400.0,78400.0,595599.0
2021-01-08 00:00:00+09:00,79500.0,80000.0,76100.0,78500.0,438781.0
2021-01-11 00:00:00+09:00,78600.0,78600.0,73100.0,74700.0,495757.0
2021-01-12 00:00:00+09:00,74200.0,74200.0,70900.0,72000.0,491204.0
2021-01-13 00:00:00+09:00,72200.0,73300.0,71700.0,72500.0,308544.0
2021-01-14 00:00:00+09:00,72700.0,73400.0,72000.0,72800.0,321795.0
2021-01-15 00:00:00+09:00,74000.0,74200.0,71800.0,71900.0,308359.0
2021-01-18 00:00:00+09:00,71000.0,71600.0,70200.0,70400.0,323581.0
2021-01-19 00:00:00+09:00,70900.0,72100.0,70300.0,71700.0,298121.0
2021-01-20 00:00:00+09:00,72500.0,72900.0,70700.0,72900.0,351575.0
2021-01-21 00:00:00+09:00,73500.0,76300.0,72300.0,75900.0,634835.0
2021-01-22 00:00:00+09:00,76000.0,76000.0,74100.0,75500.0,282975.0
2021-01-25 00:00:00+09:00,75500.0,75600.0,73800.0,74200.0,272806.0
2021-01-26 00:00:00+09:00,73900.0,73900.0,70600.0,70700.0,476498.0
2021-01-27 00:00:00+09:00,71200.0,71200.0,69500.0,70400.0,307276.0
2021-01-28 00:00:00+09:00,68400.0,69000.0,66600.0,67000.0,362659.0
2021-01-29 00:00:00+09:00,68100.0,68200.0,62700.0,64400.0,369606.0
2021-02-01 00:00:00+09:00,63600.0,67500.0,62100.0,66800.0,291962.0
2021-02-02 00:00:00+09:00,67000.0,68500.0,65700.0,68200.0,244554.0
2021-02-03 00:00:00+09:00,68400.0,68800.0,66500.0,67100.0,222242.0
2021-02-04 00:00:00+09:00,67400.0,67900.0,66300.0,67600.0,185000.0
2021-02-05 00:00:00+09:00,68000.0,70500.0,67800.0,69700.0,272915.0
2021-02-08 00:00:00+09:00,69700.0,70600.0,69100.0,70000.0,143267.0
2021-02-09 00:00:00+09:00,70700.0,73500.0,69800.0,71800.0,317272.0
2021-02-10 00:00:00+09:00,72700.0,72900.0,69700.0,70500.0,220197.0
2021-02-15 00:00:00+09:00,70600.0,71000.0,69600.0,69900.0,162607.0
2021-02-16 00:00:00+09:00,70500.0,73000.0,70200.0,72000.0,330389.0
2021-02-17 00:00:00+09:00,72500.0,73400.0,71000.0,73000.0,290917.0
2021-02-18 00:00:00+09:00,72900.0,73000.0,70500.0,70700.0,196145.0
2021-02-19 00:00:00+09:00,71300.0,71800.0,68600.0,70000.0,160718.0
2021-02-22 00:00:00+09:00,71100.0,75500.0,70800.0,74100.0,713389.0
2021-02-23 00:00:00+09:00,75300.0,77600.0,73500.0,74500.0,621412.0
2021-02-24 00:00:00+09:00,75500.0,75700.0,70000.0,70400.0,397159.0
2021-02-25 00:00:00+09:00,72200.0,73400.0,70800.0,72500.0,293097.0
2021-02-26 00:00:00+09:00,70500.0,71100.0,68300.0,69900.0,264374.0
2021-03-02 00:00:00+09:00,71000.0,71100.0,69100.0,69600.0,159027.0
2021-03-03 00:00:00+09:00,69600.0,70400.0,68100.0,69900.0,146571.0
2021-03-04 00:00:00+09:00,68700.0,69300.0,67400.0,68100.0,175355.0
2021-03-05 00:00:00+09:00,66800.0,66900.0,65200.0,66300.0,230977.0
2021-03-08 00:00:00+09:00,66900.0,67100.0,64600.0,64800.0,167492.0
2021-03-09 00:00:00+09:00,64300.0,65200.0,62000.0,63500.0,237135.0
2021-03-10 00:00:00+09:00,64300.0,64900.0,61500.0,61800.0,216565.0
2021-03-11 00:00:00+09:00,61900.0,63600.0,61900.0,63100.0,155990.0
2021-03-12 00:00:00+09:00,64000.0,66800.0,64000.0,66000.0,233840.0
2021-03-15 00:00:00+09:00,65800.0,65800.0,64500.0,65300.0,103147.0
2021-03-16 00:00:00+09:00,65400.0,67500.0,65200.0,67400.0,123975.0
2021-03-17 00:00:00+09:00,67500.0,67600.0,65700.0,67000.0,103359.0
2021-03-18 00:00:00+09:00,67000.0,67900.0,65700.0,65800.0,161784.0
2021-03-19 00:00:00+09:00,64700.0,64700.0,63700.0,63700.0,200634.0
2021-03-22 00:00:00+09:00,64200.0,64800.0,63500.0,64500.0,95438.0
2021-03-23 00:00:00+09:00,65000.0,65300.0,62600.0,63300.0,138513.0
2021-03-24 00:00:00+09:00,63200.0,63900.0,62300.0,63400.0,104952.0
2021-03-25 00:00:00+09:00,63400.0,64300.0,62800.0,63800.0,113560.0
2021-03-26 00:00:00+09:00,64300.0,66000.0,63800.0,66000.0,176947.0
2021-03-29 00:00:00+09:00,66600.0,69700.0,65400.0,68900.0,370721.0
2021-03-30 00:00:00+09:00,69900.0,70200.0,67500.0,68000.0,194353.0
2021-03-31 00:00:00+09:00,68700.0,68800.0,67000.0,68500.0,141948.0
2021-04-01 00:00:00+09:00,69800.0,69800.0,67500.0,67700.0,189341.0
2021-04-02 00:00:00+09:00,67900.0,68400.0,65700.0,66500.0,226899.0
2021-04-05 00:00:00+09:00,66500.0,67200.0,65600.0,67100.0,108970.0
2021-04-06 00:00:00+09:00,66900.0,67100.0,65000.0,65000.0,189790.0
2021-04-07 00:00:00+09:00,65100.0,66400.0,65000.0,65200.0,116316.0
2021-04-08 00:00:00+09:00,65900.0,66100.0,65200.0,65700.0,101188.0
2021-04-09 00:00:00+09:00,65900.0,66500.0,65600.0,65800.0,84568.0
2021-04-12 00:00:00+09:00,65800.0,65900.0,65200.0,65700.0,73970.0
2021-04-13 00:00:00+09:00,65700.0,66200.0,65000.0,65300.0,143088.0
2021-04-14 00:00:00+09:00,65200.0,65300.0,64500.0,64800.0,168912.0
2021-04-15 00:00:00+09:00,64800.0,67200.0,64600.0,66900.0,265518.0
2021-04-16 00:00:00+09:00,67200.0,67600.0,65800.0,66200.0,148854.0
2021-04-19 00:00:00+09:00,66800.0,67500.0,66200.0,67100.0,150183.0
2021-04-20 00:00:00+09:00,67200.0,68300.0,66900.0,68300.0,194902.0
2021-04-21 00:00:00+09:00,68400.0,68600.0,66400.0,66700.0,220381.0
2021-04-22 00:00:00+09:00,67400.0,68200.0,66700.0,68000.0,179963.0
2021-04-23 00:00:00+09:00,68000.0,68000.0,66800.0,67800.0,96470.0
2021-04-26 00:00:00+09:00,68500.0,70600.0,68100.0,70400.0,444540.0
2021-04-27 00:00:00+09:00,71300.0,73000.0,69900.0,72900.0,518416.0
2021-04-28 00:00:00+09:00,73500.0,74400.0,70000.0,70500.0,367981.0
2021-04-29 00:00:00+09:00,71200.0,72800.0,69900.0,72400.0,280778.0
2021-04-30 00:00:00+09:00,72700.0,74700.0,71800.0,73300.0,396140.0
2021-05-03 00:00:00+09:00,73000.0,73100.0,69000.0,69500.0,364069.0
2021-05-04 00:00:00+09:00,69900.0,70300.0,67800.0,69500.0,215177.0
2021-05-06 00:00:00+09:00,69500.0,73000.0,68800.0,72700.0,277734.0
2021-05-07 00:00:00+09:00,73300.0,74400.0,72100.0,72300.0,211046.0
2021-05-10 00:00:00+09:00,73400.0,75800.0,73000.0,74300.0,421121.0
2021-05-11 00:00:00+09:00,73700.0,77500.0,72800.0,77200.0,497474.0
2021-05-12 00:00:00+09:00,77400.0,78400.0,73200.0,74400.0,413033.0
2021-05-13 00:00:00+09:00,72500.0,74200.0,71700.0,72200.0,239695.0
2021-05-14 00:00:00+09:00,72700.0,73100.0,71000.0,71300.0,181646.0
2021-05-17 00:00:00+09:00,71900.0,72200.0,70700.0,71000.0,119795.0
2021-05-18 00:00:00+09:00,72200.0,74700.0,72200.0,73800.0,232424.0
2021-05-20 00:00:00+09:00,73700.0,73700.0,70700.0,71800.0,251916.0
2021-05-21 00:00:00+09:00,72200.0,72200.0,69100.0,69400.0,299691.0
2021-05-24 00:00:00+09:00,68900.0,69300.0,67300.0,67400.0,211615.0
2021-05-25 00:00:00+09:00,68100.0,68700.0,67700.0,68500.0,123126.0
2021-05-26 00:00:00+09:00,68400.0,69300.0,67900.0,68400.0,122644.0
2021-05-27 00:00:00+09:00,68700.0,68700.0,67400.0,67800.0,133045.0
2021-05-28 00:00:00+09:00,68500.0,69400.0,68100.0,68600.0,112855.0
2021-05-31 00:00:00+09:00,68700.0,70000.0,68300.0,69600.0,206647.0
2021-06-01 00:00:00+09:00,69900.0,70500.0,68900.0,69300.0,147174.0
2021-06-02 00:00:00+09:00,69500.0,72500.0,69300.0,72500.0,371514.0
2021-06-03 00:00:00+09:00,73500.0,74900.0,71400.0,71700.0,467631.0
2021-06-04 00:00:00+09:00,71000.0,71400.0,70200.0,70700.0,165410.0
2021-06-07 00:00:00+09:00,71300.0,73400.0,71200.0,72800.0,255586.0
2021-06-08 00:00:00+09:00,73400.0,73900.0,71800.0,72700.0,199739.0
2021-06-09 00:00:00+09:00,73300.0,73400.0,71200.0,71200.0,140532.0
2021-06-10 00:00:00+09:00,71200.0,71700.0,70200.0,70500.0,203161.0
2021-06-11 00:00:00+09:00,70900.0,71900.0,70800.0,71400.0,116778.0
2021-06-14 00:00:00+09:00,71900.0,72000.0,70700.0,71600.0,81193.0
2021-06-15 00:00:00+09:00,71000.0,71400.0,69200.0,69800.0,220009.0
2021-06-16 00:00:00+09:00,69500.0,70200.0,69000.0,69900.0,131608.0
2021-06-17 00:00:00+09:00,69500.0,70300.0,69100.0,70000.0,104596.0
2021-06-18 00:00:00+09:00,69400.0,71300.0,69100.0,71300.0,211395.0
2021-06-21 00:00:00+09:00,70500.0,70600.0,68500.0,68800.0,240838.0
2021-06-22 00:00:00+09:00,69200.0,69600.0,68800.0,69000.0,95051.0
2021-06-23 00:00:00+09:00,69400.0,69500.0,68700.0,68700.0,95623.0
2021-06-24 00:00:00+09:00,68700.0,69300.0,68400.0,69100.0,86601.0
2021-06-25 00:00:00+09:00,69300.0,70800.0,69100.0,70100.0,160258.0
2021-06-28 00:00:00+09:00,70300.0,70400.0,69300.0,69700.0,61137.0
2021-06-29 00:00:00+09:00,70300.0,70300.0,69500.0,70100.0,75207.0
2021-06-30 00:00:00+09:00,70900.0,71200.0,70300.0,70800.0,110926.0
2021-07-01 00:00:00+09:00,71200.0,72800.0,70800.0,71100.0,215508.0
2021-07-02 00:00:00+09:00,71500.0,72200.0,71300.0,72000.0,110035.0
2021-07-05 00:00:00+09:00,71800.0,72400.0,70700.0,71100.0,84944.0
2021-07-06 00:00:00+09:00,70900.0,71600.0,70300.0,71100.0,128592.0
2021-07-07 00:00:00+09:00,70500.0,70500.0,68800.0,69200.0,263090.0
2021-07-08 00:00:00+09:00,69300.0,70100.0,69000.0,69300.0,139150.0
2021-07-09 00:00:00+09:00,68400.0,69100.0,67300.0,67500.0,196924.0
2021-07-12 00:00:00+09:00,67900.0,69800.0,67900.0,69600.0,90666.0
2021-07-13 00:00:00+09:00,69900.0,71000.0,69600.0,70700.0,152582.0
2021-07-14 00:00:00+09:00,70800.0,72900.0,70100.0,71600.0,296451.0
2021-07-15 00:00:00+09:00,72000.0,72700.0,70600.0,71100.0,144765.0
2021-07-16 00:00:00+09:00,70800.0,71100.0,70000.0,70400.0,107625.0
2021-07-19 00:00:00+09:00,69900.0,70000.0,69100.0,69200.0,74853.0
2021-07-20 00:00:00+09:00,68000.0,68800.0,68000.0,68200.0,145359.0
2021-07-21 00:00:00+09:00,68900.0,71300.0,68800.0,70900.0,212537.0
2021-07-22 00:00:00+09:00,71400.0,71500.0,70300.0,71200.0,110640.0
2021-07-23 00:00:00+09:00,71200.0,72500.0,71100.0,71200.0,135556.0
2021-07-26 00:00:00+09:00,71900.0,72000.0,70300.0,70500.0,93474.0
2021-07-27 00:00:00+09:00,71400.0,73900.0,71200.0,72800.0,391484.0
2021-07-28 00:00:00+09:00,72800.0,73500.0,72200.0,72900.0,142533.0
2021-07-29 00:00:00+09:00,73400.0,73800.0,72400.0,73500.0,114366.0
2021-07-30 00:00:00+09:00,73500.0,73700.0,72100.0,72700.0,135721.0
2021-08-02 00:00:00+09:00,73200.0,73300.0,70800.0,71100.0,88152.0
2021-08-03 00:00:00+09:00,70600.0,71200.0,69400.0,70600.0,131584.0
2021-08-04 00:00:00+09:00,70400.0,71500.0,70000.0,71300.0,99639.0
2021-08-05 00:00:00+09:00,71100.0,71800.0,70800.0,71500.0,63661.0
2021-08-06 00:00:00+09:00,71600.0,71800.0,71000.0,71300.0,48416.0
2021-08-09 00:00:00+09:00,70500.0,70700.0,69700.0,70100.0,117102.0
2021-08-10 00:00:00+09:00,70000.0,71000.0,69500.0,70900.0,91748.0
2021-08-11 00:00:00+09:00,71300.0,71900.0,70200.0,71600.0,99473.0
2021-08-12 00:00:00+09:00,71900.0,72100.0,70000.0,70300.0,117004.0
2021-08-13 00:00:00+09:00,70500.0,70600.0,68800.0,69300.0,147646.0
2021-08-17 00:00:00+09:00,69200.0,69400.0,66700.0,66900.0,188188.0
2021-08-18 00:00:00+09:00,67400.0,68600.0,66200.0,68000.0,114837.0
2021-08-19 00:00:00+09:00,67100.0,67700.0,64800.0,65300.0,219247.0
2021-08-20 00:00:00+09:00,65300.0,65500.0,63200.0,63800.0,177616.0
2021-08-23 00:00:00+09:00,64500.0,65300.0,63800.0,64200.0,85018.0
2021-08-24 00:00:00+09:00,65200.0,66200.0,64600.0,65800.0,89468.0
2021-08-25 00:00:00+09:00,66000.0,67000.0,65500.0,65900.0,79207.0
2021-08-26 00:00:00+09:00,65900.0,66700.0,65200.0,65300.0,56782.0
2021-08-27 00:00:00+09:00,65300.0,66600.0,64900.0,66400.0,83001.0
2021-08-30 00:00:00+09:00,67300.0,67600.0,66400.0,66600.0,69207.0
2021-08-31 00:00:00+09:00,66700.0,67000.0,66000.0,66600.0,73066.0
2021-09-01 00:00:00+09:00,66500.0,67200.0,66400.0,66600.0,46059.0
2021-09-02 00:00:00+09:00,66500.0,67000.0,66200.0,66600.0,47280.0
2021-09-03 00:00:00+09:00,66700.0,67600.0,66500.0,66900.0,63927.0
2021-09-06 00:00:00+09:00,66900.0,69000.0,66600.0,69000.0,136813.0
2021-09-07 00:00:00+09:00,68600.0,69300.0,67800.0,69000.0,90063.0
2021-09-08 00:00:00+09:00,68100.0,69000.0,67700.0,67800.0,110487.0
2021-09-09 00:00:00+09:00,67600.0,67900.0,66700.0,66700.0,107229.0
2021-09-10 00:00:00+09:00,67200.0,67800.0,66500.0,67000.0,73723.0
2021-09-13 00:00:00+09:00,66800.0,67900.0,65900.0,66500.0,135705.0
2021-09-14 00:00:00+09:00,66900.0,69000.0,66900.0,68600.0,166726.0
2021-09-15 00:00:00+09:00,68100.0,69200.0,67700.0,68000.0,94823.0
2021-09-16 00:00:00+09:00,68200.0,68900.0,68000.0,68500.0,56073.0
2021-09-17 00:00:00+09:00,68000.0,68100.0,67000.0,67400.0,109860.0
2021-09-23 00:00:00+09:00,66900.0,66900.0,65500.0,66300.0,88298.0
2021-09-24 00:00:00+09:00,66500.0,67300.0,65800.0,66100.0,94026.0
2021-09-27 00:00:00+09:00,65700.0,66000.0,65200.0,65300.0,97954.0
2021-09-28 00:00:00+09:00,65300.0,65500.0,64200.0,64200.0,163849.0
2021-09-29 00:00:00+09:00,63600.0,64500.0,63300.0,63600.0,90583.0
2021-09-30 00:00:00+09:00,63300.0,64300.0,63200.0,64200.0,118863.0
2021-10-01 00:00:00+09:00,63700.0,63700.0,62300.0,62900.0,92156.0
2021-10-05 00:00:00+09:00,62000.0,62700.0,61300.0,62000.0,109743.0
2021-10-06 00:00:00+09:00,62300.0,63400.0,61300.0,61800.0,111328.0
2021-10-07 00:00:00+09:00,62100.0,63300.0,62100.0,62300.0,79107.0
2021-10-08 00:00:00+09:00,62700.0,63500.0,62200.0,62900.0,76939.0
2021-10-12 00:00:00+09:00,63200.0,63600.0,62200.0,62700.0,66177.0
2021-10-13 00:00:00+09:00,62700.0,63700.0,62500.0,63600.0,67654.0
2021-10-14 00:00:00+09:00,64200.0,65000.0,64000.0,64900.0,88518.0
2021-10-15 00:00:00+09:00,65000.0,65600.0,64300.0,65300.0,88412.0
2021-10-18 00:00:00+09:00,65700.0,66500.0,64800.0,66200.0,117465.0
2021-10-19 00:00:00+09:00,66500.0,66500.0,65200.0,65800.0,75092.0
2021-10-20 00:00:00+09:00,66000.0,66100.0,65200.0,65300.0,53703.0
2021-10-21 00:00:00+09:00,65500.0,66900.0,65300.0,66000.0,158484.0
2021-10-22 00:00:00+09:00,65700.0,66200.0,64800.0,65200.0,56858.0
2021-10-25 00:00:00+09:00,64800.0,66000.0,64600.0,65800.0,86818.0
2021-10-26 00:00:00+09:00,66200.0,66200.0,65400.0,65700.0,62856.0
2021-10-27 00:00:00+09:00,65800.0,65800.0,64600.0,65500.0,61801.0
2021-10-28 00:00:00+09:00,65600.0,65600.0,62600.0,62800.0,151992.0
2021-10-29 00:00:00+09:00,63100.0,63400.0,62000.0,62600.0,74681.0
2021-11-01 00:00:00+09:00,62800.0,63400.0,62100.0,62100.0,73215.0
2021-11-02 00:00:00+09:00,62100.0,63300.0,62100.0,62800.0,56405.0
2021-11-03 00:00:00+09:00,62600.0,63000.0,62000.0,62400.0,90077.0
2021-11-04 00:00:00+09:00,62500.0,63400.0,61600.0,62000.0,103527.0
2021-11-05 00:00:00+09:00,62100.0,62100.0,60100.0,60200.0,148725.0
2021-11-08 00:00:00+09:00,60700.0,60800.0,59800.0,60400.0,78868.0
2021-11-09 00:00:00+09:00,60500.0,61900.0,60000.0,60300.0,108818.0
2021-11-10 00:00:00+09:00,59900.0,60500.0,58400.0,58600.0,147203.0
2021-11-11 00:00:00+09:00,58300.0,58600.0,57200.0,57900.0,83388.0
2021-11-12 00:00:00+09:00,58000.0,58800.0,57900.0,58500.0,68811.0
2021-11-15 00:00:00+09:00,58700.0,59500.0,58300.0,59200.0,43651.0
2021-11-16 00:00:00+09:00,59000.0,59000.0,57400.0,57500.0,158160.0
2021-11-17 00:00:00+09:00,57500.0,57600.0,54900.0,55000.0,235245.0
2021-11-18 00:00:00+09:00,55000.0,55700.0,54600.0,54600.0,83725.0
2021-11-19 00:00:00+09:00,54600.0,55600.0,54600.0,55400.0,52412.0
2021-11-22 00:00:00+09:00,55000.0,55900.0,54700.0,55800.0,84868.0
2021-11-23 00:00:00+09:00,55400.0,56000.0,54800.0,54800.0,77922.0
2021-11-24 00:00:00+09:00,55100.0,55300.0,54600.0,54900.0,64531.0
2021-11-25 00:00:00+09:00,54700.0,55200.0,54200.0,54600.0,73066.0
2021-11-26 00:00:00+09:00,54600.0,54600.0,53400.0,53900.0,81366.0
2021-11-29 00:00:00+09:00,52700.0,53500.0,51100.0,51500.0,177994.0
2021-11-30 00:00:00+09:00,51600.0,52000.0,49000.0,49150.0,184527.0
2021-12-01 00:00:00+09:00,49450.0,51200.0,49250.0,49950.0,256009.0
2021-12-02 00:00:00+09:00,49400.0,51900.0,49100.0,51900.0,115118.0
2021-12-03 00:00:00+09:00,52200.0,53200.0,51400.0,52700.0,109135.0
2021-12-06 00:00:00+09:00,52700.0,54000.0,51700.0,53800.0,97126.0
2021-12-07 00:00:00+09:00,54100.0,54400.0,53500.0,54000.0,53295.0
2021-12-08 00:00:00+09:00,54300.0,55400.0,53700.0,54100.0,123878.0
2021-12-09 00:00:00+09:00,54300.0,54500.0,53400.0,53800.0,96482.0
2021-12-10 00:00:00+09:00,53700.0,54200.0,53100.0,54200.0,95063.0
2021-12-13 00:00:00+09:00,54200.0,54800.0,53600.0,53900.0,52788.0
2021-12-14 00:00:00+09:00,53800.0,54200.0,53200.0,53400.0,43053.0
2021-12-15 00:00:00+09:00,53600.0,53900.0,52900.0,53200.0,33728.0
2021-12-16 00:00:00+09:00,53600.0,53900.0,53100.0,53900.0,45186.0
2021-12-17 00:00:00+09:00,53600.0,54200.0,53200.0,53500.0,77986.0
2021-12-20 00:00:00+09:00,53600.0,53700.0,52700.0,53000.0,53801.0
2021-12-21 00:00:00+09:00,53200.0,53600.0,52600.0,53000.0,47387.0
2021-12-22 00:00:00+09:00,53200.0,53600.0,53100.0,53200.0,35987.0
2021-12-23 00:00:00+09:00,53400.0,53800.0,53100.0,53800.0,67914.0
2021-12-24 00:00:00+09:00,53800.0,54100.0,53200.0,53600.0,87409.0
2021-12-27 00:00:00+09:00,53900.0,54900.0,53800.0,54200.0,75799.0
2021-12-28 00:00:00+09:00,54400.0,55000.0,54100.0,55000.0,117872.0
2021-12-29 00:00:00+09:00,54400.0,54600.0,53800.0,53900.0,56293.0
2021-12-30 00:00:00+09:00,54500.0,54500.0,53700.0,54100.0,52759.0
2022-01-03 00:00:00+09:00,54000.0,54600.0,53300.0,54500.0,67399.0
2022-01-04 00:00:00+09:00,54200.0,55200.0,53900.0,55000.0,79441.0
2022-01-05 00:00:00+09:00,54700.0,55400.0,53800.0,54000.0,90303.0
2022-01-06 00:00:00+09:00,53600.0,54600.0,53400.0,54000.0,57472.0
2022-01-07 00:00:00+09:00,53800.0,55100.0,53200.0,54500.0,86982.0
2022-01-10 00:00:00+09:00,54000.0,54900.0,54000.0,54700.0,54815.0
2022-01-11 00:00:00+09:00,54300.0,54900.0,54000.0,54000.0,62690.0
2022-01-12 00:00:00+09:00,54200.0,55400.0,54200.0,55100.0,98663.0
2022-01-13 00:00:00+09:00,55200.0,58400.0,55000.0,57200.0,269332.0
2022-01-14 00:00:00+09:00,57900.0,58800.0,56900.0,57000.0,195757.0
2022-01-17 00:00:00+09:00,57300.0,57300.0,54700.0,55100.0,108932.0
2022-01-18 00:00:00+09:00,55400.0,55600.0,53600.0,53900.0,103690.0
2022-01-19 00:00:00+09:00,53500.0,54400.0,53500.0,53800.0,73281.0
2022-01-20 00:00:00+09:00,53800.0,55300.0,53700.0,54000.0,65436.0
2022-01-21 00:00:00+09:00,53300.0,54100.0,53000.0,53500.0,67169.0
2022-01-24 00:00:00+09:00,53400.0,53900.0,51800.0,52400.0,87541.0
2022-01-25 00:00:00+09:00,52100.0,52300.0,50000.0,50800.0,101412.0
2022-01-26 00:00:00+09:00,50300.0,51300.0,50200.0,50800.0,82154.0
2022-01-27 00:00:00+09:00,50800.0,51000.0,48550.0,48550.0,138023.0
2022-01-28 00:00:00+09:00,48600.0,50300.0,48000.0,49950.0,94307.0
2022-02-03 00:00:00+09:00,50800.0,51900.0,50200.0,51000.0,98860.0
2022-02-04 00:00:00+09:00,50700.0,52200.0,50600.0,51900.0,83724.0
2022-02-07 00:00:00+09:00,51600.0,51700.0,50200.0,50700.0,102100.0
2022-02-08 00:00:00+09:00,50800.0,51400.0,49950.0,50300.0,84368.0
2022-02-09 00:00:00+09:00,50500.0,51400.0,49950.0,51300.0,99036.0
2022-02-10 00:00:00+09:00,51400.0,52600.0,50500.0,51000.0,118941.0
2022-02-11 00:00:00+09:00,50200.0,50600.0,48850.0,49300.0,211688.0
2022-02-14 00:00:00+09:00,49000.0,50000.0,48500.0,49450.0,129318.0
2022-02-15 00:00:00+09:00,49400.0,49400.0,47800.0,47900.0,123538.0
2022-02-16 00:00:00+09:00,48350.0,48650.0,47900.0,48150.0,102040.0
2022-02-17 00:00:00+09:00,48300.0,49600.0,48150.0,48800.0,115078.0
2022-02-18 00:00:00+09:00,48700.0,48900.0,48050.0,48700.0,43221.0
2022-02-21 00:00:00+09:00,48250.0,49300.0,47850.0,48700.0,72528.0
2022-02-22 00:00:00+09:00,48200.0,48700.0,47500.0,47800.0,74728.0
2022-02-23 00:00:00+09:00,48200.0,48450.0,47600.0,48250.0,73207.0
2022-02-24 00:00:00+09:00,47650.0,47900.0,47250.0,47550.0,72796.0
2022-02-25 00:00:00+09:00,47800.0,48350.0,47550.0,47800.0,67432.0
2022-02-28 00:00:00+09:00,47800.0,48850.0,47550.0,48700.0,82388.0
2022-03-02 00:00:00+09:00,48700.0,51200.0,48600.0,49450.0,205286.0
2022-03-03 00:00:00+09:00,49900.0,50300.0,49300.0,49950.0,59154.0
2022-03-04 00:00:00+09:00,50000.0,51600.0,49400.0,51200.0,104095.0
2022-03-07 00:00:00+09:00,50600.0,51400.0,50300.0,50800.0,102310.0
2022-03-08 00:00:00+09:00,51400.0,53700.0,50000.0,50300.0,321772.0
2022-03-10 00:00:00+09:00,51000.0,51000.0,50000.0,50600.0,114907.0
2022-03-11 00:00:00+09:00,50800.0,51900.0,50100.0,51900.0,82517.0
2022-03-14 00:00:00+09:00,51900.0,52600.0,51100.0,51100.0,51435.0
2022-03-15 00:00:00+09:00,50700.0,51700.0,50200.0,51200.0,65539.0
2022-03-16 00:00:00+09:00,51400.0,51800.0,50400.0,51400.0,72240.0
2022-03-17 00:00:00+09:00,52100.0,52500.0,51200.0,51200.0,68779.0
2022-03-18 00:00:00+09:00,51100.0,51900.0,50800.0,51900.0,69404.0
2022-03-21 00:00:00+09:00,52000.0,52200.0,50700.0,51300.0,68222.0
2022-03-22 00:00:00+09:00,51300.0,52600.0,50900.0,52100.0,82153.0
2022-03-23 00:00:00+09:00,52400.0,53300.0,52400.0,52800.0,83349.0
2022-03-24 00:00:00+09:00,52400.0,52900.0,52200.0,52500.0,73484.0
2022-03-25 00:00:00+09:00,52500.0,52700.0,51200.0,51300.0,69232.0
2022-03-28 00:00:00+09:00,51200.0,51900.0,50700.0,51800.0,54699.0
2022-03-29 00:00:00+09:00,52000.0,52200.0,51300.0,51700.0,62321.0
2022-03-30 00:00:00+09:00,51800.0,52000.0,51100.0,51400.0,52140.0
2022-03-31 00:00:00+09:00,51400.0,53000.0,51000.0,52800.0,103650.0
2022-04-01 00:00:00+09:00,52800.0,52900.0,52200.0,52300.0,52691.0
2022-04-04 00:00:00+09:00,52200.0,52300.0,51400.0,51700.0,49165.0
2022-04-05 00:00:00+09:00,52000.0,52100.0,51200.0,51600.0,41224.0
2022-04-06 00:00:00+09:00,51500.0,51600.0,50300.0,50500.0,89676.0
2022-04-07 00:00:00+09:00,50300.0,51000.0,50100.0,50900.0,75606.0
2022-04-08 00:00:00+09:00,50800.0,53200.0,49850.0,52400.0,153548.0
2022-04-11 00:00:00+09:00,52400.0,54600.0,52100.0,54100.0,278869.0
2022-04-12 00:00:00+09:00,54600.0,55400.0,53500.0,53700.0,317304.0
2022-04-13 00:00:00+09:00,54000.0,55300.0,53200.0,55100.0,159245.0
2022-04-14 00:00:00+09:00,55500.0,59600.0,55400.0,59400.0,456410.0
2022-04-15 00:00:00+09:00,59000.0,60900.0,58700.0,60400.0,288226.0
2022-04-18 00:00:00+09:00,59900.0,60600.0,59100.0,59300.0,116149.0
2022-04-19 00:00:00+09:00,59100.0,60400.0,58700.0,59900.0,104084.0
2022-04-20 00:00:00+09:00,59500.0,60100.0,59200.0,59600.0,69268.0
2022-04-21 00:00:00+09:00,59600.0,60500.0,59000.0,59300.0,85485.0
2022-04-22 00:00:00+09:00,59900.0,60500.0,58500.0,59400.0,137749.0
2022-04-25 00:00:00+09:00,58500.0,59000.0,57100.0,57500.0,101252.0
2022-04-26 00:00:00+09:00,57800.0,57800.0,56100.0,56700.0,108505.0
2022-04-27 00:00:00+09:00,55200.0,57300.0,54500.0,57300.0,128459.0
2022-04-28 00:00:00+09:00,56900.0,57300.0,56000.0,57100.0,124020.0
2022-04-29 00:00:00+09:00,57200.0,58100.0,56400.0,57700.0,129744.0
2022-05-02 00:00:00+09:00,57000.0,57800.0,56800.0,57500.0,82366.0
2022-05-03 00:00:00+09:00,57200.0,57500.0,56400.0,56600.0,63712.0
2022-05-04 00:00:00+09:00,56600.0,57900.0,56200.0,57200.0,70619.0
2022-05-06 00:00:00+09:00,56400.0,57400.0,56100.0,56800.0,52796.0
2022-05-09 00:00:00+09:00,56200.0,57100.0,55300.0,56400.0,110334.0
2022-05-10 00:00:00+09:00,55500.0,58800.0,54300.0,58400.0,154314.0
2022-05-11 00:00:00+09:00,57700.0,60200.0,57500.0,59200.0,159830.0
2022-05-12 00:00:00+09:00,58700.0,61000.0,58400.0,59100.0,173381.0
2022-05-13 00:00:00+09:00,59500.0,60400.0,58800.0,59800.0,104164.0
2022-05-16 00:00:00+09:00,59800.0,60000.0,58000.0,59400.0,76552.0
2022-05-17 00:00:00+09:00,60300.0,61700.0,59900.0,60600.0,161818.0
2022-05-18 00:00:00+09:00,60600.0,61000.0,59300.0,59400.0,61426.0
2022-05-19 00:00:00+09:00,58300.0,60500.0,57900.0,60500.0,84094.0
2022-05-20 00:00:00+09:00,62000.0,63800.0,60400.0,60700.0,394887.0
2022-05-23 00:00:00+09:00,60500.0,61600.0,57900.0,59300.0,187158.0
2022-05-24 00:00:00+09:00,58700.0,59900.0,58400.0,59300.0,85565.0
2022-05-25 00:00:00+09:00,59300.0,59700.0,58300.0,59100.0,98375.0
2022-05-26 00:00:00+09:00,58800.0,59700.0,58600.0,58800.0,56218.0
2022-05-27 00:00:00+09:00,60200.0,60400.0,58800.0,59600.0,115608.0
2022-05-30 00:00:00+09:00,60800.0,62500.0,60300.0,61800.0,177377.0
2022-05-31 00:00:00+09:00,63200.0,66400.0,62600.0,66000.0,605315.0
2022-06-02 00:00:00+09:00,66900.0,68200.0,65800.0,66700.0,339659.0
2022-06-03 00:00:00+09:00,67000.0,68800.0,65800.0,68300.0,271045.0
2022-06-07 00:00:00+09:00,68500.0,69100.0,67400.0,67600.0,191909.0
2022-06-08 00:00:00+09:00,67500.0,68900.0,67000.0,68700.0,182424.0
2022-06-09 00:00:00+09:00,68200.0,68500.0,65300.0,66800.0,220020.0
2022-06-10 00:00:00+09:00,66400.0,66800.0,64700.0,66300.0,157465.0
2022-06-13 00:00:00+09:00,64500.0,65200.0,63000.0,63900.0,183244.0
2022-06-14 00:00:00+09:00,62900.0,63400.0,60900.0,62200.0,188201.0
2022-06-15 00:00:00+09:00,62700.0,62900.0,60200.0,60900.0,161999.0
2022-06-16 00:00:00+09:00,62300.0,64500.0,62100.0,62700.0,180833.0
2022-06-17 00:00:00+09:00,61200.0,63300.0,60700.0,62700.0,142785.0
2022-06-20 00:00:00+09:00,63400.0,63700.0,59700.0,60400.0,128331.0
2022-06-21 00:00:00+09:00,61600.0,64100.0,60800.0,62700.0,200970.0
2022-06-22 00:00:00+09:00,63000.0,63200.0,61000.0,61200.0,129387.0
2022-06-23 00:00:00+09:00,61900.0,62000.0,58100.0,58500.0,232004.0
2022-06-24 00:00:00+09:00,58700.0,59500.0,57800.0,58700.0,193037.0
2022-06-27 00:00:00+09:00,59400.0,62000.0,58800.0,61900.0,132343.0
2022-06-28 00:00:00+09:00,61500.0,64500.0,61300.0,64100.0,156974.0
2022-06-29 00:00:00+09:00,63500.0,67000.0,63400.0,65500.0,239659.0
2022-06-30 00:00:00+09:00,66200.0,66200.0,63600.0,63600.0,168027.0
2022-07-01 00:00:00+09:00,64700.0,65200.0,63000.0,63900.0,127631.0
2022-07-04 00:00:00+09:00,63600.0,64400.0,59600.0,61200.0,191248.0
2022-07-05 00:00:00+09:00,61600.0,62700.0,59600.0,62100.0,171677.0
2022-07-06 00:00:00+09:00,60900.0,60900.0,52900.0,53100.0,673647.0
2022-07-07 00:00:00+09:00,53800.0,54100.0,52600.0,53800.0,215560.0
2022-07-08 00:00:00+09:00,54500.0,57000.0,54100.0,55400.0,269526.0
2022-07-11 00:00:00+09:00,55200.0,56000.0,52600.0,52900.0,259905.0
2022-07-12 00:00:00+09:00,52500.0,52700.0,51200.0,52300.0,173381.0
2022-07-13 00:00:00+09:00,52300.0,52400.0,50000.0,51700.0,209719.0
2022-07-14 00:00:00+09:00,52100.0,53600.0,51600.0,52800.0,183291.0
2022-07-15 00:00:00+09:00,53100.0,53200.0,50500.0,51800.0,162153.0
2022-07-18 00:00:00+09:00,52100.0,52800.0,51500.0,52700.0,98811.0
2022-07-19 00:00:00+09:00,52100.0,54600.0,51900.0,53700.0,165657.0
2022-07-20 00:00:00+09:00,54500.0,54800.0,53600.0,54100.0,141979.0
2022-07-21 00:00:00+09:00,54300.0,54400.0,53500.0,54200.0,66796.0
2022-07-22 00:00:00+09:00,53900.0,54600.0,52900.0,53800.0,85780.0
2022-07-25 00:00:00+09:00,53800.0,55400.0,53100.0,55200.0,118711.0
2022-07-26 00:00:00+09:00,55000.0,55500.0,54500.0,55200.0,72430.0
2022-07-27 00:00:00+09:00,55300.0,55700.0,54100.0,55100.0,90236.0
2022-07-28 00:00:00+09:00,55300.0,57400.0,55300.0,57000.0,159345.0
2022-07-29 00:00:00+09:00,57900.0,59000.0,57400.0,58900.0,141077.0
2022-08-01 00:00:00+09:00,59300.0,61100.0,58700.0,59400.0,152217.0
2022-08-02 00:00:00+09:00,59400.0,59900.0,58300.0,59300.0,86478.0
2022-08-03 00:00:00+09:00,59100.0,59800.0,57600.0,58500.0,103603.0
2022-08-04 00:00:00+09:00,58600.0,58800.0,57500.0,57600.0,123349.0
2022-08-05 00:00:00+09:00,57900.0,59400.0,57700.0,58800.0,56880.0
2022-08-08 00:00:00+09:00,59000.0,61900.0,58000.0,61100.0,181611.0
2022-08-09 00:00:00+09:00,60600.0,61500.0,60200.0,61200.0,79188.0
2022-08-10 00:00:00+09:00,61400.0,63000.0,60900.0,61600.0,129655.0
2022-08-11 00:00:00+09:00,62000.0,62600.0,61300.0,62300.0,95161.0
2022-08-12 00:00:00+09:00,63000.0,64300.0,62600.0,62900.0,128067.0
2022-08-16 00:00:00+09:00,63000.0,63400.0,61300.0,62300.0,98397.0
2022-08-17 00:00:00+09:00,62300.0,65700.0,62200.0,64300.0,226800.0
2022-08-18 00:00:00+09:00,64200.0,65400.0,63700.0,64500.0,132884.0
2022-08-19 00:00:00+09:00,64600.0,65200.0,63600.0,64200.0,101378.0
2022-08-22 00:00:00+09:00,63400.0,65300.0,63000.0,64500.0,131796.0
2022-08-23 00:00:00+09:00,64100.0,66800.0,63800.0,66300.0,224774.0
2022-08-24 00:00:00+09:00,66600.0,67800.0,66100.0,67100.0,195729.0
2022-08-25 00:00:00+09:00,67100.0,67500.0,65200.0,66500.0,130058.0
2022-08-26 00:00:00+09:00,66800.0,67800.0,65700.0,67200.0,126317.0
2022-08-29 00:00:00+09:00,65000.0,67500.0,64600.0,67200.0,136111.0
2022-08-30 00:00:00+09:00,66500.0,68400.0,66400.0,67100.0,151983.0
2022-08-31 00:00:00+09:00,66800.0,67700.0,66500.0,67100.0,138330.0
2022-09-01 00:00:00+09:00,66500.0,67200.0,64400.0,64400.0,162178.0
2022-09-02 00:00:00+09:00,64800.0,65400.0,63100.0,64300.0,79007.0
2022-09-05 00:00:00+09:00,64000.0,65900.0,64000.0,64800.0,62695.0
2022-09-06 00:00:00+09:00,65900.0,68700.0,65200.0,66700.0,150132.0
2022-09-07 00:00:00+09:00,66300.0,67000.0,65300.0,65300.0,91940.0
2022-09-08 00:00:00+09:00,66000.0,66700.0,64900.0,65000.0,123450.0
2022-09-13 00:00:00+09:00,65900.0,66100.0,62900.0,64700.0,156939.0
2022-09-14 00:00:00+09:00,62900.0,63800.0,62000.0,63100.0,133151.0
2022-09-15 00:00:00+09:00,63100.0,66700.0,62800.0,65200.0,120457.0
2022-09-16 00:00:00+09:00,64500.0,65400.0,63000.0,63300.0,97669.0
2022-09-19 00:00:00+09:00,63000.0,63800.0,61200.0,61600.0,79409.0
2022-09-20 00:00:00+09:00,62700.0,64800.0,62700.0,64100.0,91676.0
2022-09-21 00:00:00+09:00,63400.0,65100.0,62900.0,63300.0,84076.0
2022-09-22 00:00:00+09:00,62700.0,64000.0,61600.0,63600.0,66933.0
2022-09-23 00:00:00+09:00,64000.0,64700.0,61600.0,62400.0,56649.0
2022-09-26 00:00:00+09:00,61500.0,62000.0,58900.0,59600.0,99733.0
2022-09-27 00:00:00+09:00,60100.0,60200.0,57800.0,59200.0,115893.0
2022-09-28 00:00:00+09:00,58200.0,58800.0,55900.0,56200.0,116917.0
2022-09-29 00:00:00+09:00,57400.0,58000.0,56200.0,56500.0,99594.0
2022-09-30 00:00:00+09:00,56300.0,57500.0,55500.0,56700.0,101527.0
2022-10-04 00:00:00+09:00,57600.0,59300.0,57200.0,57900.0,56422.0
2022-10-05 00:00:00+09:00,59300.0,59300.0,57100.0,57500.0,86975.0
2022-10-06 00:00:00+09:00,58300.0,58600.0,57200.0,58300.0,69361.0
2022-10-07 00:00:00+09:00,60100.0,63100.0,59900.0,61300.0,327382.0
2022-10-11 00:00:00+09:00,60100.0,61800.0,58600.0,59000.0,132676.0
2022-10-12 00:00:00+09:00,59200.0,59900.0,58000.0,59600.0,74148.0
2022-10-13 00:00:00+09:00,59000.0,59900.0,58100.0,58100.0,80956.0
2022-10-14 00:00:00+09:00,59000.0,61600.0,58800.0,60600.0,91220.0
2022-10-17 00:00:00+09:00,58900.0,61500.0,58900.0,60300.0,84498.0
2022-10-18 00:00:00+09:00,61300.0,64300.0,60700.0,63700.0,135830.0
2022-10-19 00:00:00+09:00,63300.0,64300.0,61900.0,62200.0,82267.0
2022-10-20 00:00:00+09:00,62700.0,64700.0,62500.0,63800.0,176224.0
2022-10-21 00:00:00+09:00,64800.0,65800.0,63200.0,63900.0,163627.0
2022-10-24 00:00:00+09:00,64500.0,65300.0,62900.0,63700.0,53399.0
2022-10-25 00:00:00+09:00,64900.0,64900.0,62300.0,62500.0,68205.0
2022-10-26 00:00:00+09:00,62300.0,64100.0,61700.0,63100.0,61235.0
2022-10-27 00:00:00+09:00,64000.0,65500.0,63600.0,64900.0,89903.0
2022-10-28 00:00:00+09:00,64900.0,66500.0,64500.0,65300.0,113473.0
2022-10-31 00:00:00+09:00,65700.0,66600.0,65000.0,66500.0,97263.0
2022-11-01 00:00:00+09:00,66400.0,69500.0,66100.0,69500.0,186421.0
2022-11-02 00:00:00+09:00,69400.0,70700.0,67700.0,67700.0,145838.0
2022-11-03 00:00:00+09:00,67000.0,69900.0,66500.0,68700.0,116006.0
2022-11-04 00:00:00+09:00,68200.0,69200.0,67400.0,68200.0,71953.0
2022-11-07 00:00:00+09:00,68300.0,70300.0,67700.0,69900.0,122261.0
2022-11-08 00:00:00+09:00,69600.0,70200.0,67000.0,67600.0,155954.0
2022-11-09 00:00:00+09:00,68300.0,69600.0,67700.0,68900.0,96263.0
2022-11-10 00:00:00+09:00,68700.0,69100.0,67500.0,67600.0,102799.0
2022-11-11 00:00:00+09:00,69000.0,69800.0,68000.0,69000.0,109766.0
2022-11-14 00:00:00+09:00,69000.0,69500.0,68100.0,68200.0,53573.0
2022-11-15 00:00:00+09:00,68800.0,70600.0,67700.0,68000.0,163254.0
2022-11-16 00:00:00+09:00,68500.0,69100.0,66700.0,68700.0,76247.0
2022-11-17 00:00:00+09:00,69100.0,70400.0,67900.0,68500.0,84578.0
2022-11-18 00:00:00+09:00,68700.0,69700.0,67100.0,67900.0,114025.0
2022-11-21 00:00:00+09:00,68000.0,69500.0,67100.0,67900.0,107053.0
2022-11-22 00:00:00+09:00,67100.0,71500.0,67100.0,71300.0,276253.0
2022-11-23 00:00:00+09:00,71300.0,73500.0,70300.0,73500.0,265403.0
2022-11-24 00:00:00+09:00,73600.0,73600.0,70900.0,72500.0,180185.0
2022-11-25 00:00:00+09:00,72400.0,75300.0,72100.0,74700.0,192723.0
2022-11-28 00:00:00+09:00,75000.0,75700.0,73100.0,74700.0,155955.0
2022-11-29 00:00:00+09:00,74400.0,75900.0,73700.0,74200.0,111523.0
2022-11-30 00:00:00+09:00,74300.0,76700.0,73500.0,75200.0,170899.0
2022-12-01 00:00:00+09:00,75800.0,75800.0,71800.0,72300.0,194392.0
2022-12-02 00:00:00+09:00,72200.0,72500.0,70900.0,71500.0,130786.0
2022-12-05 00:00:00+09:00,71500.0,72000.0,70000.0,70500.0,94065.0
2022-12-06 00:00:00+09:00,69800.0,71100.0,69000.0,69200.0,112262.0
2022-12-07 00:00:00+09:00,68900.0,69100.0,67700.0,68100.0,105621.0
2022-12-08 00:00:00+09:00,68400.0,68500.0,66700.0,67200.0,128013.0
2022-12-09 00:00:00+09:00,67800.0,68000.0,66500.0,67200.0,71319.0
2022-12-12 00:00:00+09:00,67200.0,70500.0,66400.0,69800.0,187873.0
2022-12-13 00:00:00+09:00,70900.0,71500.0,69300.0,69300.0,137255.0
2022-12-14 00:00:00+09:00,69400.0,70400.0,68900.0,70200.0,84604.0
2022-12-15 00:00:00+09:00,70100.0,71300.0,69500.0,70200.0,87201.0
2022-12-16 00:00:00+09:00,69400.0,72800.0,69200.0,71700.0,170853.0
2022-12-19 00:00:00+09:00,71300.0,72400.0,70500.0,72400.0,96254.0
2022-12-20 00:00:00+09:00,72300.0,73200.0,71700.0,72100.0,112295.0
2022-12-21 00:00:00+09:00,72500.0,74300.0,72300.0,73900.0,140253.0
2022-12-22 00:00:00+09:00,74200.0,74200.0,72800.0,73800.0,68203.0
2022-12-23 00:00:00+09:00,72900.0,73400.0,71300.0,71700.0,129955.0
2022-12-26 00:00:00+09:00,71800.0,73000.0,70900.0,72600.0,103625.0
2022-12-27 00:00:00+09:00,73400.0,74300.0,71900.0,72900.0,118500.0
2022-12-28 00:00:00+09:00,71500.0,73500.0,71100.0,72000.0,85964.0
2022-12-29 00:00:00+09:00,71500.0,71900.0,69300.0,69700.0,112443.0
2023-01-02 00:00:00+09:00,69500.0,70200.0,66800.0,67300.0,93838.0
2023-01-03 00:00:00+09:00,67300.0,67300.0,64700.0,65900.0,130505.0
2023-01-04 00:00:00+09:00,65900.0,67000.0,64500.0,66200.0,71473.0
2023-01-05 00:00:00+09:00,66200.0,66400.0,64000.0,64500.0,149707.0
2023-01-06 00:00:00+09:00,63700.0,66100.0,63700.0,65000.0,89502.0
2023-01-09 00:00:00+09:00,65400.0,68200.0,65000.0,67500.0,93865.0
2023-01-10 00:00:00+09:00,67000.0,69600.0,67000.0,68700.0,96764.0
2023-01-11 00:00:00+09:00,69500.0,69800.0,68300.0,68700.0,65115.0
2023-01-12 00:00:00+09:00,68800.0,71900.0,68700.0,70700.0,153263.0
2023-01-13 00:00:00+09:00,71500.0,72000.0,70200.0,70400.0,76850.0
2023-01-16 00:00:00+09:00,70300.0,71200.0,68900.0,69200.0,101667.0
2023-01-17 00:00:00+09:00,69500.0,70600.0,68600.0,70100.0,75250.0
2023-01-18 00:00:00+09:00,70100.0,70500.0,66700.0,67400.0,146155.0
2023-01-19 00:00:00+09:00,67500.0,69400.0,66800.0,68500.0,98973.0
2023-01-20 00:00:00+09:00,68000.0,68400.0,67300.0,67800.0,96922.0
2023-01-25 00:00:00+09:00,68100.0,68700.0,67700.0,68400.0,42433.0
2023-01-26 00:00:00+09:00,68400.0,69800.0,68000.0,69300.0,64132.0
2023-01-27 00:00:00+09:00,69300.0,70400.0,68700.0,69800.0,80114.0
2023-01-30 00:00:00+09:00,69800.0,70700.0,69200.0,69200.0,73870.0
2023-01-31 00:00:00+09:00,70000.0,71200.0,69200.0,70500.0,120379.0
2023-02-01 00:00:00+09:00,69900.0,70500.0,67400.0,67700.0,210792.0
2023-02-02 00:00:00+09:00,67600.0,68300.0,65900.0,66700.0,266564.0
2023-02-03 00:00:00+09:00,66600.0,66900.0,66100.0,66400.0,91766.0
2023-02-06 00:00:00+09:00,66400.0,67600.0,65600.0,66300.0,79869.0
2023-02-07 00:00:00+09:00,66300.0,66700.0,64700.0,65300.0,126171.0
2023-02-08 00:00:00+09:00,65500.0,66200.0,65400.0,66200.0,125346.0
2023-02-09 00:00:00+09:00,66200.0,66600.0,65400.0,65500.0,125285.0
2023-02-10 00:00:00+09:00,65000.0,65700.0,64500.0,65600.0,96093.0
2023-02-13 00:00:00+09:00,65200.0,67700.0,65100.0,67400.0,138376.0
2023-02-14 00:00:00+09:00,67700.0,67800.0,66100.0,66100.0,122305.0
2023-02-15 00:00:00+09:00,66800.0,67400.0,65800.0,66100.0,117363.0
2023-02-16 00:00:00+09:00,66700.0,67000.0,65900.0,66900.0,107337.0
2023-02-17 00:00:00+09:00,66600.0,69900.0,66000.0,68900.0,191463.0
2023-02-20 00:00:00+09:00,69100.0,69600.0,68300.0,68700.0,88061.0
2023-02-21 00:00:00+09:00,69100.0,69900.0,68100.0,68500.0,79482.0
2023-02-22 00:00:00+09:00,67900.0,69500.0,67600.0,68700.0,100393.0
2023-02-23 00:00:00+09:00,69400.0,70000.0,68200.0,68700.0,110346.0
2023-02-24 00:00:00+09:00,68600.0,69100.0,67400.0,67800.0,84251.0
2023-02-27 00:00:00+09:00,67200.0,67800.0,66300.0,67300.0,119699.0
2023-02-28 00:00:00+09:00,67800.0,68500.0,67300.0,67400.0,111939.0
2023-03-02 00:00:00+09:00,67600.0,71400.0,67600.0,70400.0,220575.0
2023-03-03 00:00:00+09:00,70500.0,71200.0,70100.0,70800.0,82395.0
2023-03-06 00:00:00+09:00,71100.0,71200.0,69400.0,70100.0,120214.0
2023-03-07 00:00:00+09:00,70200.0,72700.0,70100.0,71200.0,137843.0
2023-03-08 00:00:00+09:00,70600.0,71500.0,69800.0,70200.0,113822.0
2023-03-09 00:00:00+09:00,70400.0,72100.0,69700.0,70100.0,118421.0
2023-03-10 00:00:00+09:00,69400.0,69900.0,68300.0,68800.0,102704.0
2023-03-13 00:00:00+09:00,68700.0,69400.0,67000.0,68600.0,114948.0
2023-03-14 00:00:00+09:00,68100.0,68500.0,66300.0,66600.0,136046.0
2023-03-15 00:00:00+09:00,67300.0,71900.0,67200.0,71900.0,192266.0
2023-03-16 00:00:00+09:00,70900.0,71700.0,68900.0,69900.0,169607.0
2023-03-17 00:00:00+09:00,70400.0,70800.0,69200.0,69700.0,102932.0
2023-03-20 00:00:00+09:00,70000.0,72100.0,69900.0,70300.0,95688.0
2023-03-21 00:00:00+09:00,71200.0,74100.0,70900.0,72300.0,214903.0
2023-03-22 00:00:00+09:00,73300.0,73300.0,71700.0,72300.0,80142.0
2023-03-23 00:00:00+09:00,72100.0,73900.0,71600.0,72000.0,149894.0
2023-03-24 00:00:00+09:00,72100.0,72700.0,71100.0,71900.0,99180.0
2023-03-27 00:00:00+09:00,72400.0,77400.0,71900.0,75400.0,291618.0
2023-03-28 00:00:00+09:00,77400.0,82800.0,77000.0,80700.0,593475.0
2023-03-29 00:00:00+09:00,80300.0,80400.0,78000.0,78900.0,186397.0
2023-03-30 00:00:00+09:00,78900.0,79300.0,76300.0,78500.0,178125.0
2023-03-31 00:00:00+09:00,79300.0,81600.0,78100.0,79600.0,207187.0
2023-04-03 00:00:00+09:00,80500.0,80600.0,78100.0,78400.0,124124.0
2023-04-04 00:00:00+09:00,78700.0,82800.0,78700.0,80300.0,183728.0
2023-04-05 00:00:00+09:00,80000.0,80000.0,76600.0,77500.0,207150.0
2023-04-06 00:00:00+09:00,77300.0,78800.0,76400.0,76900.0,139605.0
2023-04-07 00:00:00+09:00,77400.0,77400.0,75500.0,75800.0,125024.0
2023-04-10 00:00:00+09:00,76000.0,79200.0,75900.0,77200.0,180864.0
2023-04-11 00:00:00+09:00,80500.0,85600.0,78900.0,83800.0,831203.0
2023-04-12 00:00:00+09:00,84200.0,91300.0,83800.0,89200.0,938798.0
2023-04-13 00:00:00+09:00,88000.0,93100.0,85100.0,91900.0,643727.0
2023-04-14 00:00:00+09:00,93200.0,94900.0,91400.0,92700.0,401560.0
2023-04-17 00:00:00+09:00,94600.0,96800.0,92100.0,93100.0,357184.0
2023-04-18 00:00:00+09:00,93200.0,95200.0,92100.0,92900.0,272871.0
2023-04-19 00:00:00+09:00,93800.0,100500.0,93700.0,97000.0,489205.0
2023-04-20 00:00:00+09:00,98700.0,99300.0,94700.0,95400.0,298072.0
2023-04-21 00:00:00+09:00,95000.0,95100.0,90400.0,92700.0,364032.0
2023-04-24 00:00:00+09:00,92700.0,96700.0,92300.0,93000.0,262627.0
2023-04-25 00:00:00+09:00,93500.0,94900.0,91300.0,92000.0,274602.0
2023-04-26 00:00:00+09:00,92100.0,92600.0,89900.0,90700.0,182086.0
2023-04-27 00:00:00+09:00,90000.0,93800.0,88800.0,92600.0,211719.0
2023-04-28 00:00:00+09:00,93400.0,93500.0,88500.0,89600.0,286134.0
2023-05-02 00:00:00+09:00,89600.0,93700.0,89400.0,92500.0,156573.0
2023-05-03 00:00:00+09:00,91800.0,93600.0,91300.0,91700.0,105333.0
2023-05-04 00:00:00+09:00,92000.0,93400.0,91100.0,91800.0,103823.0
2023-05-08 00:00:00+09:00,93400.0,96300.0,92800.0,93500.0,226899.0
2023-05-09 00:00:00+09:00,94700.0,95800.0,92000.0,92300.0,186422.0
2023-05-10 00:00:00+09:00,92500.0,94000.0,91100.0,92400.0,88170.0
2023-05-11 00:00:00+09:00,93400.0,98400.0,93000.0,96000.0,291667.0
2023-05-12 00:00:00+09:00,96000.0,96000.0,91900.0,92700.0,203161.0
2023-05-15 00:00:00+09:00,92600.0,92700.0,90200.0,92600.0,132620.0
2023-05-16 00:00:00+09:00,92500.0,92500.0,84400.0,87000.0,585609.0
2023-05-17 00:00:00+09:00,86100.0,86400.0,82900.0,83800.0,317213.0
2023-05-18 00:00:00+09:00,84700.0,85500.0,82600.0,84800.0,254974.0
2023-05-19 00:00:00+09:00,84600.0,85100.0,81100.0,82000.0,394246.0
2023-05-22 00:00:00+09:00,82400.0,83300.0,80700.0,81700.0,221788.0
2023-05-23 00:00:00+09:00,82300.0,84000.0,81500.0,82800.0,202374.0
2023-05-24 00:00:00+09:00,83400.0,88300.0,83100.0,85600.0,338605.0
2023-05-25 00:00:00+09:00,84700.0,85200.0,82700.0,84500.0,188549.0
2023-05-26 00:00:00+09:00,83900.0,84900.0,82300.0,82800.0,156738.0
2023-05-30 00:00:00+09:00,83100.0,83700.0,81700.0,82800.0,127371.0
2023-05-31 00:00:00+09:00,83100.0,84100.0,81900.0,82100.0,130531.0
2023-06-01 00:00:00+09:00,82400.0,83300.0,80700.0,81400.0,176106.0
2023-06-02 00:00:00+09:00,82100.0,83800.0,81600.0,83100.0,201599.0
2023-06-05 00:00:00+09:00,83700.0,87900.0,83400.0,87300.0,279619.0
2023-06-07 00:00:00+09:00,87400.0,87500.0,85700.0,86400.0,155400.0
2023-06-08 00:00:00+09:00,86600.0,90400.0,86000.0,88100.0,229406.0
2023-06-09 00:00:00+09:00,89100.0,89800.0,86300.0,86500.0,209039.0
2023-06-12 00:00:00+09:00,86600.0,87600.0,84900.0,86000.0,159379.0
2023-06-13 00:00:00+09:00,86500.0,88100.0,85800.0,87000.0,146392.0
2023-06-14 00:00:00+09:00,87900.0,89600.0,85200.0,86000.0,226958.0
2023-06-15 00:00:00+09:00,86400.0,86800.0,85000.0,86000.0,139024.0
2023-06-16 00:00:00+09:00,90400.0,94800.0,88600.0,94500.0,1131739.0
2023-06-19 00:00:00+09:00,98000.0,103000.0,94900.0,96000.0,1090770.0
2023-06-20 00:00:00+09:00,96100.0,97100.0,91100.0,91500.0,511741.0
2023-06-21 00:00:00+09:00,92000.0,95300.0,90500.0,93300.0,347001.0
2023-06-22 00:00:00+09:00,91900.0,93000.0,90000.0,92800.0,259967.0
2023-06-23 00:00:00+09:00,92700.0,93800.0,90000.0,90200.0,235545.0
2023-06-26 00:00:00+09:00,89900.0,91400.0,89100.0,90300.0,180515.0
2023-06-27 00:00:00+09:00,90100.0,92200.0,88700.0,91900.0,198809.0
2023-06-28 00:00:00+09:00,92300.0,93800.0,90900.0,91500.0,169406.0
2023-06-29 00:00:00+09:00,91200.0,92800.0,90300.0,90800.0,154061.0
2023-06-30 00:00:00+09:00,91400.0,93200.0,91300.0,92900.0,212908.0
2023-07-03 00:00:00+09:00,93500.0,95000.0,92400.0,93500.0,276869.0
2023-07-04 00:00:00+09:00,93000.0,94000.0,92300.0,92600.0,193488.0
2023-07-05 00:00:00+09:00,92600.0,92800.0,90800.0,91300.0,194855.0
2023-07-06 00:00:00+09:00,91500.0,91900.0,88500.0,89200.0,241068.0
2023-07-07 00:00:00+09:00,88700.0,89700.0,86100.0,88200.0,281125.0
2023-07-10 00:00:00+09:00,88700.0,90300.0,86900.0,88300.0,159227.0
2023-07-11 00:00:00+09:00,88800.0,94500.0,88800.0,94500.0,337395.0
2023-07-12 00:00:00+09:00,95300.0,97500.0,92800.0,93800.0,322604.0
2023-07-13 00:00:00+09:00,94400.0,94400.0,91400.0,91900.0,242117.0
2023-07-14 00:00:00+09:00,92200.0,92700.0,90400.0,91000.0,211531.0
2023-07-17 00:00:00+09:00,90800.0,90800.0,86000.0,86000.0,384861.0
2023-07-18 00:00:00+09:00,86300.0,86500.0,84600.0,86100.0,253977.0
2023-07-19 00:00:00+09:00,86100.0,87900.0,83400.0,85700.0,304511.0
2023-07-20 00:00:00+09:00,87000.0,89400.0,85200.0,89300.0,397465.0
2023-07-21 00:00:00+09:00,88100.0,89600.0,86400.0,88700.0,253529.0
2023-07-24 00:00:00+09:00,89000.0,93600.0,87100.0,92400.0,390724.0
2023-07-25 00:00:00+09:00,93500.0,120100.0,93200.0,120100.0,2787246.0
2023-07-26 00:00:00+09:00,138000.0,151300.0,101200.0,113000.0,7566924.0
2023-07-27 00:00:00+09:00,114900.0,125000.0,107200.0,112500.0,3270680.0
2023-07-28 00:00:00+09:00,108000.0,116200.0,104300.0,112400.0,1347198.0
2023-07-31 00:00:00+09:00,113200.0,126400.0,113200.0,120900.0,1531397.0
2023-08-01 00:00:00+09:00,121000.0,122600.0,111000.0,112100.0,1034790.0
2023-08-02 00:00:00+09:00,112000.0,133400.0,111000.0,117000.0,3975126.0
2023-08-03 00:00:00+09:00,122100.0,128700.0,111900.0,114600.0,2566964.0
2023-08-04 00:00:00+09:00,112800.0,119600.0,112000.0,112600.0,860619.0
2023-08-07 00:00:00+09:00,113500.0,116500.0,108700.0,109900.0,849429.0
2023-08-08 00:00:00+09:00,109000.0,115800.0,108100.0,115000.0,690407.0
2023-08-09 00:00:00+09:00,115200.0,121200.0,114100.0,119000.0,898059.0
2023-08-10 00:00:00+09:00,118000.0,119600.0,112200.0,113100.0,753630.0
2023-08-11 00:00:00+09:00,113200.0,117400.0,112100.0,116500.0,541836.0
2023-08-14 00:00:00+09:00,118000.0,124600.0,117000.0,120100.0,1071112.0
2023-08-16 00:00:00+09:00,118700.0,129400.0,116500.0,122600.0,1909037.0
2023-08-17 00:00:00+09:00,119600.0,120000.0,111100.0,116500.0,1149297.0
2023-08-18 00:00:00+09:00,113400.0,114400.0,107100.0,107700.0,836221.0
2023-08-21 00:00:00+09:00,107500.0,109900.0,104900.0,105400.0,535696.0
2023-08-22 00:00:00+09:00,106500.0,111500.0,106300.0,110300.0,641986.0
2023-08-23 00:00:00+09:00,110900.0,115000.0,109000.0,110100.0,491424.0
2023-08-24 00:00:00+09:00,111000.0,111100.0,105300.0,109300.0,458566.0
2023-08-25 00:00:00+09:00,106500.0,111400.0,106400.0,108300.0,331728.0
2023-08-28 00:00:00+09:00,109500.0,109900.0,106100.0,107100.0,325159.0
2023-08-29 00:00:00+09:00,107400.0,108100.0,105400.0,106400.0,313365.0
2023-08-30 00:00:00+09:00,107500.0,108200.0,105800.0,106400.0,322808.0
2023-08-31 00:00:00+09:00,106800.0,109400.0,106000.0,107100.0,387487.0
2023-09-01 00:00:00+09:00,107100.0,107100.0,101100.0,101300.0,592478.0
2023-09-04 00:00:00+09:00,100900.0,102700.0,100600.0,101100.0,258981.0
2023-09-05 00:00:00+09:00,101300.0,101700.0,100200.0,100500.0,245657.0
2023-09-06 00:00:00+09:00,100100.0,100900.0,97600.0,98500.0,420245.0
2023-09-07 00:00:00+09:00,98600.0,98900.0,95400.0,96000.0,344294.0
2023-09-08 00:00:00+09:00,96400.0,97200.0,94200.0,95500.0,222805.0
2023-09-11 00:00:00+09:00,96000.0,97400.0,94400.0,96500.0,264738.0
2023-09-12 00:00:00+09:00,97800.0,97900.0,95000.0,95500.0,248597.0
2023-09-13 00:00:00+09:00,95500.0,96100.0,93900.0,94600.0,190066.0
2023-09-14 00:00:00+09:00,94700.0,99100.0,94700.0,98000.0,366403.0
2023-09-15 00:00:00+09:00,97500.0,99900.0,97000.0,98300.0,283996.0
2023-09-18 00:00:00+09:00,97900.0,103900.0,97100.0,102100.0,459994.0
2023-09-19 00:00:00+09:00,102800.0,103800.0,100500.0,102000.0,166200.0
2023-09-20 00:00:00+09:00,101400.0,103500.0,100300.0,102900.0,159527.0
2023-09-21 00:00:00+09:00,102100.0,104200.0,101300.0,102400.0,160089.0
2023-09-22 00:00:00+09:00,100200.0,104000.0,98600.0,103100.0,218408.0
2023-09-25 00:00:00+09:00,103500.0,104500.0,99900.0,100000.0,195281.0
2023-09-26 00:00:00+09:00,99400.0,101800.0,99200.0,100000.0,130338.0
2023-09-27 00:00:00+09:00,99100.0,102600.0,99000.0,101600.0,170651.0
2023-10-04 00:00:00+09:00,100500.0,101300.0,95900.0,96300.0,202194.0
2023-10-05 00:00:00+09:00,97800.0,97900.0,94200.0,95200.0,161162.0
2023-10-06 00:00:00+09:00,94300.0,96100.0,92100.0,93600.0,163989.0
2023-10-10 00:00:00+09:00,93600.0,96300.0,91500.0,92300.0,174792.0
2023-10-11 00:00:00+09:00,93700.0,94300.0,92900.0,93100.0,130871.0
2023-10-12 00:00:00+09:00,94000.0,96000.0,92700.0,94600.0,183752.0
2023-10-13 00:00:00+09:00,93700.0,94300.0,90000.0,90600.0,226523.0
2023-10-16 00:00:00+09:00,89800.0,90000.0,87900.0,89100.0,215608.0
2023-10-17 00:00:00+09:00,89900.0,92200.0,89100.0,90100.0,166278.0
2023-10-18 00:00:00+09:00,89900.0,94300.0,89100.0,91800.0,227223.0
2023-10-19 00:00:00+09:00,90600.0,90800.0,87200.0,87600.0,170080.0
2023-10-20 00:00:00+09:00,85800.0,87500.0,83900.0,85400.0,209907.0
2023-10-23 00:00:00+09:00,85000.0,86300.0,84400.0,85200.0,140049.0
2023-10-24 00:00:00+09:00,86000.0,86100.0,81500.0,85300.0,236863.0
2023-10-25 00:00:00+09:00,85700.0,86700.0,82500.0,84300.0,149683.0
2023-10-26 00:00:00+09:00,82100.0,83500.0,81400.0,81800.0,186809.0
2023-10-27 00:00:00+09:00,81800.0,82600.0,79900.0,81000.0,185517.0
2023-10-30 00:00:00+09:00,80500.0,84100.0,80100.0,83100.0,139454.0
2023-10-31 00:00:00+09:00,84200.0,84200.0,78200.0,78300.0,275547.0
2023-11-01 00:00:00+09:00,78300.0,80100.0,76800.0,77200.0,196743.0
2023-11-02 00:00:00+09:00,78500.0,81100.0,78300.0,79700.0,194603.0
2023-11-03 00:00:00+09:00,81000.0,81700.0,78000.0,79500.0,142817.0
2023-11-06 00:00:00+09:00,82000.0,85900.0,81700.0,85500.0,371355.0
2023-11-07 00:00:00+09:00,85500.0,85500.0,79200.0,79800.0,304221.0
2023-11-08 00:00:00+09:00,80100.0,81500.0,78800.0,79100.0,149870.0
2023-11-09 00:00:00+09:00,79100.0,79400.0,77500.0,78100.0,131593.0
2023-11-10 00:00:00+09:00,77100.0,77400.0,75600.0,76700.0,149958.0
2023-11-13 00:00:00+09:00,77700.0,78100.0,75600.0,76500.0,123492.0
2023-11-14 00:00:00+09:00,77200.0,79000.0,76900.0,78800.0,152195.0
2023-11-15 00:00:00+09:00,80900.0,81600.0,78000.0,78700.0,236654.0
2023-11-16 00:00:00+09:00,79000.0,79200.0,77400.0,77600.0,182294.0
2023-11-17 00:00:00+09:00,77200.0,77900.0,75400.0,76800.0,177359.0
2023-11-20 00:00:00+09:00,77200.0,80900.0,77000.0,80500.0,208414.0
2023-11-21 00:00:00+09:00,81000.0,83700.0,79800.0,83000.0,242043.0
2023-11-22 00:00:00+09:00,83700.0,87100.0,82200.0,85500.0,381452.0
2023-11-23 00:00:00+09:00,85900.0,86700.0,84300.0,85100.0,155125.0
2023-11-24 00:00:00+09:00,85300.0,86500.0,84400.0,85100.0,102243.0
2023-11-27 00:00:00+09:00,85100.0,85100.0,82700.0,84500.0,110569.0
2023-11-28 00:00:00+09:00,85000.0,86400.0,84200.0,84700.0,119565.0
2023-11-29 00:00:00+09:00,85400.0,85900.0,83600.0,85000.0,135993.0
2023-11-30 00:00:00+09:00,84600.0,86600.0,84400.0,84700.0,166702.0
2023-12-01 00:00:00+09:00,85300.0,85500.0,83400.0,84000.0,102362.0
2023-12-04 00:00:00+09:00,85500.0,91000.0,85400.0,87700.0,457204.0
2023-12-05 00:00:00+09:00,86500.0,90000.0,84100.0,86500.0,289700.0
2023-12-06 00:00:00+09:00,87300.0,87800.0,85400.0,86900.0,125161.0
2023-12-07 00:00:00+09:00,87200.0,88200.0,84100.0,85600.0,160678.0
2023-12-08 00:00:00+09:00,86100.0,86500.0,84000.0,85700.0,133403.0
2023-12-11 00:00:00+09:00,85900.0,85900.0,84800.0,85100.0,117372.0
2023-12-12 00:00:00+09:00,86000.0,87000.0,84600.0,86300.0,135555.0
2023-12-13 00:00:00+09:00,87200.0,89700.0,83400.0,83400.0,305394.0
2023-12-14 00:00:00+09:00,84900.0,88500.0,83300.0,87100.0,391422.0
2023-12-15 00:00:00+09:00,89800.0,91900.0,89300.0,90200.0,371550.0
2023-12-18 00:00:00+09:00,90800.0,91100.0,88700.0,90400.0,154449.0
2023-12-19 00:00:00+09:00,90700.0,92000.0,88700.0,90800.0,171457.0
2023-12-20 00:00:00+09:00,91300.0,94300.0,91300.0,92400.0,203151.0
2023-12-21 00:00:00+09:00,92000.0,95300.0,91300.0,93000.0,213204.0
2023-12-22 00:00:00+09:00,93500.0,93600.0,90000.0,90300.0,150121.0
2023-12-26 00:00:00+09:00,91200.0,91900.0,88800.0,91400.0,152197.0
2023-12-27 00:00:00+09:00,91000.0,91600.0,89300.0,91200.0,136703.0
2023-12-28 00:00:00+09:00,91300.0,93500.0,91100.0,93200.0,99096.0
2024-01-02 00:00:00+09:00,92700.0,92800.0,89900.0,91600.0,108836.0
2024-01-03 00:00:00+09:00,90500.0,91200.0,88100.0,89100.0,175893.0
2024-01-04 00:00:00+09:00,88400.0,88900.0,87100.0,87900.0,142499.0
2024-01-05 00:00:00+09:00,87800.0,88500.0,86900.0,87000.0,93445.0
2024-01-08 00:00:00+09:00,87200.0,87300.0,85200.0,85200.0,165741.0
2024-01-09 00:00:00+09:00,86300.0,86400.0,83400.0,83600.0,148924.0
2024-01-10 00:00:00+09:00,84000.0,84500.0,83300.0,83600.0,81033.0
2024-01-11 00:00:00+09:00,84500.0,84700.0,82100.0,82100.0,120196.0
2024-01-12 00:00:00+09:00,82500.0,82800.0,81300.0,81900.0,86831.0
2024-01-15 00:00:00+09:00,81500.0,81900.0,79600.0,80100.0,143405.0
2024-01-16 00:00:00+09:00,80100.0,80900.0,79000.0,80000.0,85314.0
2024-01-17 00:00:00+09:00,79700.0,80300.0,77300.0,77900.0,138010.0
2024-01-18 00:00:00+09:00,77600.0,81000.0,77200.0,80100.0,123992.0
2024-01-19 00:00:00+09:00,80600.0,81300.0,79300.0,79800.0,113428.0
2024-01-22 00:00:00+09:00,80100.0,80200.0,78200.0,78400.0,113535.0
2024-01-23 00:00:00+09:00,78400.0,79500.0,77900.0,79100.0,75598.0
2024-01-24 00:00:00+09:00,79100.0,81200.0,79100.0,80000.0,106023.0
2024-01-25 00:00:00+09:00,80300.0,83300.0,78600.0,83200.0,167446.0
2024-01-26 00:00:00+09:00,82200.0,84200.0,81600.0,82700.0,88281.0
2024-01-29 00:00:00+09:00,82800.0,85800.0,82400.0,85000.0,132563.0
2024-01-30 00:00:00+09:00,85500.0,89300.0,85300.0,87600.0,317549.0
2024-01-31 00:00:00+09:00,87400.0,91400.0,86800.0,91100.0,244486.0
2024-02-01 00:00:00+09:00,91000.0,99500.0,89600.0,96000.0,670302.0
2024-02-02 00:00:00+09:00,97000.0,103800.0,94900.0,102900.0,593151.0
2024-02-05 00:00:00+09:00,104000.0,108200.0,102000.0,103800.0,551811.0
2024-02-06 00:00:00+09:00,103000.0,103400.0,96200.0,98000.0,482990.0
2024-02-07 00:00:00+09:00,98100.0,100600.0,97000.0,100000.0,263013.0
2024-02-08 00:00:00+09:00,98900.0,102300.0,96900.0,97800.0,246293.0
2024-02-13 00:00:00+09:00,97800.0,98100.0,92300.0,93000.0,404463.0
2024-02-14 00:00:00+09:00,92300.0,94400.0,90300.0,90400.0,335146.0
2024-02-15 00:00:00+09:00,91800.0,91900.0,90400.0,91000.0,187531.0
2024-02-16 00:00:00+09:00,91600.0,95500.0,91600.0,95400.0,267450.0
2024-02-19 00:00:00+09:00,95900.0,98700.0,94500.0,96300.0,245732.0
2024-02-20 00:00:00+09:00,97000.0,99000.0,94600.0,95100.0,199366.0
2024-02-21 00:00:00+09:00,94700.0,96100.0,93100.0,94300.0,121555.0
2024-02-22 00:00:00+09:00,95000.0,96900.0,93200.0,96100.0,135082.0
2024-02-23 00:00:00+09:00,96100.0,97400.0,94700.0,95300.0,124404.0
2024-02-26 00:00:00+09:00,94400.0,94400.0,89600.0,89800.0,282382.0
2024-02-27 00:00:00+09:00,89500.0,90300.0,86800.0,87300.0,173879.0
2024-02-28 00:00:00+09:00,87300.0,90000.0,87200.0,89200.0,123742.0
2024-02-29 00:00:00+09:00,89100.0,90700.0,87600.0,87900.0,132430.0
2024-03-04 00:00:00+09:00,88900.0,89700.0,88100.0,88800.0,156122.0
2024-03-05 00:00:00+09:00,89700.0,97500.0,89300.0,94900.0,507924.0
2024-03-06 00:00:00+09:00,94400.0,97100.0,93300.0,95700.0,199988.0
2024-03-07 00:00:00+09:00,96300.0,98600.0,94600.0,95800.0,194340.0
2024-03-08 00:00:00+09:00,97300.0,97700.0,94600.0,96200.0,163612.0
2024-03-11 00:00:00+09:00,95200.0,100300.0,95200.0,97300.0,295472.0
2024-03-12 00:00:00+09:00,98800.0,99500.0,95900.0,97600.0,155711.0
2024-03-13 00:00:00+09:00,97100.0,101900.0,97000.0,98700.0,299611.0
2024-03-14 00:00:00+09:00,100500.0,107800.0,100000.0,101300.0,816061.0
2024-03-15 00:00:00+09:00,102000.0,106800.0,99900.0,104100.0,446916.0
2024-03-18 00:00:00+09:00,106100.0,112400.0,105700.0,110600.0,568846.0
2024-03-19 00:00:00+09:00,112000.0,113000.0,106600.0,107400.0,306784.0
2024-03-20 00:00:00+09:00,107400.0,108000.0,104200.0,105100.0,222542.0
2024-03-21 00:00:00+09:00,106600.0,111800.0,104600.0,111000.0,339542.0
2024-03-22 00:00:00+09:00,111300.0,113300.0,108100.0,110600.0,258884.0
2024-03-25 00:00:00+09:00,111500.0,115400.0,109400.0,109700.0,199441.0
2024-03-26 00:00:00+09:00,110600.0,111200.0,107700.0,108500.0,161602.0
2024-03-27 00:00:00+09:00,108500.0,117300.0,107500.0,115600.0,476131.0
2024-03-28 00:00:00+09:00,116700.0,118000.0,113800.0,114200.0,239125.0
2024-03-29 00:00:00+09:00,115300.0,119300.0,112800.0,113400.0,313915.0
2024-04-01 00:00:00+09:00,113300.0,114500.0,108300.0,110200.0,214682.0
2024-04-02 00:00:00+09:00,109200.0,110000.0,104800.0,105500.0,317965.0
2024-04-03 00:00:00+09:00,104200.0,105700.0,102300.0,102600.0,181804.0
2024-04-04 00:00:00+09:00,104000.0,110400.0,104000.0,109600.0,330909.0
2024-04-05 00:00:00+09:00,110600.0,118000.0,110000.0,114000.0,654461.0
2024-04-08 00:00:00+09:00,114300.0,115300.0,110500.0,111100.0,302940.0
2024-04-09 00:00:00+09:00,112700.0,117000.0,111200.0,112000.0,341735.0
2024-04-11 00:00:00+09:00,109000.0,115900.0,105700.0,114900.0,480873.0
2024-04-12 00:00:00+09:00,116200.0,128100.0,113700.0,122100.0,1181262.0
2024-04-15 00:00:00+09:00,125400.0,132000.0,121200.0,124800.0,869780.0
2024-04-16 00:00:00+09:00,123600.0,128500.0,112100.0,113000.0,781920.0
2024-04-17 00:00:00+09:00,111700.0,116600.0,111700.0,113600.0,430963.0
2024-04-18 00:00:00+09:00,115300.0,130500.0,114800.0,130500.0,905697.0
2024-04-19 00:00:00+09:00,129100.0,130400.0,117200.0,124900.0,1115586.0
2024-04-22 00:00:00+09:00,128300.0,136600.0,122000.0,126700.0,1213091.0
2024-04-23 00:00:00+09:00,128500.0,128600.0,120000.0,122300.0,601354.0
2024-04-24 00:00:00+09:00,123800.0,126200.0,120400.0,122200.0,525239.0
2024-04-25 00:00:00+09:00,120500.0,120700.0,116500.0,116800.0,482903.0
2024-04-26 00:00:00+09:00,120000.0,129100.0,120000.0,127800.0,984365.0
2024-04-29 00:00:00+09:00,130700.0,142300.0,127100.0,138300.0,1390776.0
2024-04-30 00:00:00+09:00,140000.0,144700.0,136600.0,138100.0,710344.0
2024-05-02 00:00:00+09:00,135200.0,142100.0,133300.0,135300.0,394281.0
2024-05-03 00:00:00+09:00,138100.0,138100.0,129100.0,129600.0,422390.0
2024-05-07 00:00:00+09:00,134900.0,144900.0,133100.0,143700.0,792423.0
2024-05-08 00:00:00+09:00,142400.0,148100.0,140400.0,144500.0,569047.0
2024-05-09 00:00:00+09:00,145600.0,146200.0,141800.0,143500.0,379976.0
2024-05-10 00:00:00+09:00,146400.0,147200.0,141000.0,145000.0,414569.0
2024-05-13 00:00:00+09:00,149800.0,161500.0,143500.0,150300.0,1589800.0
2024-05-14 00:00:00+09:00,153100.0,157500.0,147400.0,150800.0,600312.0
2024-05-16 00:00:00+09:00,156100.0,161900.0,150600.0,161500.0,815968.0
2024-05-17 00:00:00+09:00,160200.0,175000.0,159500.0,167000.0,1220912.0
2024-05-20 00:00:00+09:00,173800.0,189300.0,172100.0,187500.0,1563113.0
2024-05-21 00:00:00+09:00,189100.0,194800.0,177600.0,179300.0,1080877.0
2024-05-22 00:00:00+09:00,184000.0,184700.0,174400.0,175800.0,810055.0
2024-05-23 00:00:00+09:00,167100.0,171600.0,163900.0,168000.0,1147114.0
2024-05-24 00:00:00+09:00,162300.0,173500.0,161300.0,171000.0,878054.0
2024-05-27 00:00:00+09:00,171000.0,183000.0,168200.0,174700.0,876111.0
2024-05-28 00:00:00+09:00,176300.0,186500.0,175000.0,183200.0,635788.0
2024-05-29 00:00:00+09:00,188000.0,192800.0,180300.0,180700.0,568047.0
2024-05-30 00:00:00+09:00,178000.0,182500.0,174200.0,177000.0,392925.0
2024-05-31 00:00:00+09:00,177200.0,178100.0,167900.0,170100.0,675091.0
2024-06-03 00:00:00+09:00,170200.0,172000.0,163900.0,169800.0,524575.0
2024-06-04 00:00:00+09:00,168200.0,170800.0,162100.0,163800.0,460351.0
2024-06-05 00:00:00+09:00,161900.0,161900.0,148500.0,149900.0,1153220.0
2024-06-07 00:00:00+09:00,147600.0,154000.0,147600.0,149900.0,627064.0
2024-06-10 00:00:00+09:00,146900.0,153300.0,145400.0,152100.0,542583.0
2024-06-11 00:00:00+09:00,154200.0,154600.0,145800.0,146600.0,490370.0
2024-06-12 00:00:00+09:00,146200.0,147100.0,141800.0,143700.0,487582.0
2024-06-13 00:00:00+09:00,144500.0,150300.0,143200.0,143200.0,660362.0
2024-06-14 00:00:00+09:00,144100.0,149700.0,143800.0,145700.0,647226.0
2024-06-17 00:00:00+09:00,147200.0,149800.0,140700.0,146700.0,367691.0
2024-06-18 00:00:00+09:00,148400.0,149300.0,141000.0,141800.0,444622.0
2024-06-19 00:00:00+09:00,143400.0,146600.0,140200.0,141100.0,399943.0
2024-06-20 00:00:00+09:00,141200.0,142800.0,137400.0,140600.0,410087.0
2024-06-21 00:00:00+09:00,141500.0,149800.0,141400.0,148800.0,898536.0
2024-06-24 00:00:00+09:00,147200.0,147900.0,140600.0,142100.0,362479.0
2024-06-25 00:00:00+09:00,143000.0,146000.0,142200.0,142800.0,252406.0
2024-06-26 00:00:00+09:00,142500.0,147100.0,140400.0,141500.0,353212.0
2024-06-27 00:00:00+09:00,141200.0,148000.0,139300.0,145800.0,485425.0
2024-06-28 00:00:00+09:00,146500.0,149900.0,143100.0,143900.0,382735.0
2024-07-01 00:00:00+09:00,143800.0,145300.0,130100.0,130200.0,833151.0
2024-07-02 00:00:00+09:00,130300.0,134000.0,129400.0,131600.0,476893.0
2024-07-03 00:00:00+09:00,132300.0,133700.0,130000.0,131900.0,260598.0
2024-07-04 00:00:00+09:00,134200.0,135500.0,130700.0,132700.0,275382.0
2024-07-05 00:00:00+09:00,132900.0,133100.0,128500.0,131000.0,338320.0
2024-07-08 00:00:00+09:00,132200.0,136300.0,131600.0,134600.0,432895.0
2024-07-09 00:00:00+09:00,135600.0,143400.0,135000.0,138400.0,521418.0
2024-07-10 00:00:00+09:00,139700.0,158800.0,138800.0,156700.0,2036796.0
2024-07-11 00:00:00+09:00,159800.0,160000.0,155200.0,157100.0,679073.0
2024-07-12 00:00:00+09:00,155800.0,157500.0,149100.0,149600.0,511356.0
2024-07-15 00:00:00+09:00,151200.0,155300.0,148200.0,149700.0,380607.0
2024-07-16 00:00:00+09:00,150600.0,150700.0,140300.0,143700.0,528802.0
2024-07-17 00:00:00+09:00,143400.0,144600.0,135500.0,135500.0,435353.0
2024-07-18 00:00:00+09:00,132800.0,134400.0,130600.0,132800.0,324584.0
2024-07-19 00:00:00+09:00,130400.0,134400.0,128000.0,131500.0,303588.0
2024-07-22 00:00:00+09:00,132200.0,133700.0,124700.0,126300.0,320834.0
2024-07-23 00:00:00+09:00,127500.0,133100.0,122700.0,130500.0,790566.0
2024-07-24 00:00:00+09:00,130800.0,134800.0,127000.0,127000.0,480042.0
2024-07-25 00:00:00+09:00,123600.0,124500.0,116200.0,119800.0,610836.0
2024-07-26 00:00:00+09:00,119500.0,121600.0,115500.0,115700.0,369085.0
2024-07-29 00:00:00+09:00,116800.0,118300.0,115500.0,117200.0,227368.0
2024-07-30 00:00:00+09:00,116000.0,117000.0,112000.0,113300.0,284162.0
2024-07-31 00:00:00+09:00,113300.0,117500.0,112600.0,115700.0,214371.0
2024-08-01 00:00:00+09:00,118600.0,124000.0,118000.0,119900.0,381321.0
2024-08-02 00:00:00+09:00,113200.0,115400.0,109900.0,110200.0,349841.0
2024-08-05 00:00:00+09:00,105300.0,107900.0,94000.0,99700.0,441511.0
2024-08-06 00:00:00+09:00,103000.0,107200.0,100600.0,105700.0,382203.0
2024-08-07 00:00:00+09:00,104500.0,107000.0,103400.0,105700.0,283567.0
2024-08-08 00:00:00+09:00,103300.0,105000.0,102000.0,102700.0,169340.0
2024-08-09 00:00:00+09:00,105300.0,109200.0,104600.0,107500.0,273725.0
2024-08-12 00:00:00+09:00,109400.0,110200.0,106100.0,109000.0,154182.0
2024-08-13 00:00:00+09:00,110000.0,111900.0,108500.0,111200.0,219986.0
2024-08-14 00:00:00+09:00,111800.0,116200.0,111800.0,114000.0,252636.0
2024-08-16 00:00:00+09:00,119800.0,122800.0,117100.0,117100.0,331338.0
2024-08-19 00:00:00+09:00,117100.0,119500.0,116700.0,117300.0,136360.0
2024-08-20 00:00:00+09:00,119700.0,120000.0,116700.0,117300.0,138574.0
2024-08-21 00:00:00+09:00,116500.0,119100.0,115300.0,117000.0,116508.0
2024-08-22 00:00:00+09:00,119100.0,120600.0,115400.0,117100.0,139983.0
2024-08-23 00:00:00+09:00,114600.0,117000.0,113600.0,115500.0,100998.0
2024-08-26 00:00:00+09:00,116000.0,117700.0,112100.0,113200.0,127858.0
2024-08-27 00:00:00+09:00,112400.0,114800.0,109500.0,114800.0,153335.0
2024-08-28 00:00:00+09:00,114000.0,115300.0,109600.0,111700.0,156984.0
2024-08-29 00:00:00+09:00,109500.0,110100.0,107000.0,108200.0,183709.0
2024-08-30 00:00:00+09:00,109200.0,113300.0,108500.0,113100.0,209553.0
2024-09-02 00:00:00+09:00,112800.0,112800.0,107100.0,107100.0,182556.0
2024-09-03 00:00:00+09:00,107200.0,112600.0,107200.0,111700.0,197978.0
2024-09-04 00:00:00+09:00,105500.0,108000.0,104800.0,105200.0,207771.0
2024-09-05 00:00:00+09:00,106000.0,106500.0,99700.0,101000.0,313613.0
2024-09-06 00:00:00+09:00,100500.0,101000.0,95400.0,97800.0,349639.0
2024-09-09 00:00:00+09:00,95400.0,98600.0,93300.0,97900.0,258387.0
2024-09-10 00:00:00+09:00,98700.0,102700.0,98500.0,99300.0,241761.0
2024-09-11 00:00:00+09:00,99900.0,102200.0,99200.0,101700.0,199049.0
2024-09-12 00:00:00+09:00,103400.0,104900.0,101000.0,102200.0,274902.0
2024-09-13 00:00:00+09:00,103200.0,103700.0,101000.0,102600.0,114770.0
2024-09-19 00:00:00+09:00,104600.0,108800.0,104600.0,108600.0,258189.0
2024-09-20 00:00:00+09:00,110500.0,113100.0,108200.0,108600.0,304306.0
2024-09-23 00:00:00+09:00,109900.0,112200.0,109100.0,111600.0,163035.0
2024-09-24 00:00:00+09:00,112300.0,119500.0,112100.0,118900.0,320901.0
2024-09-25 00:00:00+09:00,124800.0,129300.0,122100.0,123300.0,686152.0
2024-09-26 00:00:00+09:00,124900.0,126700.0,122800.0,124500.0,228385.0
2024-09-27 00:00:00+09:00,130000.0,130500.0,126700.0,126700.0,429776.0
2024-09-30 00:00:00+09:00,128300.0,129000.0,122400.0,123200.0,190933.0
2024-10-02 00:00:00+09:00,120900.0,128900.0,119500.0,126900.0,219583.0
2024-10-04 00:00:00+09:00,126200.0,127600.0,124500.0,125000.0,158085.0
2024-10-07 00:00:00+09:00,125000.0,130500.0,122600.0,129900.0,260593.0
2024-10-08 00:00:00+09:00,128700.0,130200.0,123900.0,123900.0,160048.0
2024-10-10 00:00:00+09:00,124000.0,126500.0,123300.0,123900.0,163978.0
2024-10-11 00:00:00+09:00,123900.0,124900.0,120100.0,120600.0,174989.0
2024-10-14 00:00:00+09:00,121000.0,128200.0,120800.0,127900.0,245658.0
2024-10-15 00:00:00+09:00,127000.0,127600.0,123200.0,125700.0,182187.0
2024-10-16 00:00:00+09:00,123100.0,123300.0,118500.0,118500.0,308828.0
2024-10-17 00:00:00+09:00,121200.0,124000.0,118800.0,119600.0,249918.0
2024-10-18 00:00:00+09:00,119700.0,120300.0,116400.0,119000.0,160409.0
2024-10-21 00:00:00+09:00,119700.0,121500.0,115700.0,116300.0,210990.0
2024-10-22 00:00:00+09:00,115600.0,116200.0,112700.0,113800.0,161481.0
2024-10-23 00:00:00+09:00,113100.0,114000.0,110000.0,111900.0,215015.0
2024-10-24 00:00:00+09:00,110600.0,111500.0,107600.0,109000.0,193121.0
2024-10-25 00:00:00+09:00,109000.0,112900.0,107600.0,108400.0,163476.0
2024-10-28 00:00:00+09:00,109200.0,110300.0,108200.0,108500.0,115331.0
2024-10-29 00:00:00+09:00,109000.0,109800.0,107200.0,107900.0,103332.0
2024-10-30 00:00:00+09:00,109000.0,109000.0,105700.0,106300.0,99363.0
2024-10-31 00:00:00+09:00,105300.0,105700.0,103100.0,104600.0,126432.0
2024-11-01 00:00:00+09:00,103200.0,104400.0,102200.0,102400.0,104587.0
2024-11-04 00:00:00+09:00,102200.0,109400.0,101600.0,108600.0,180196.0
2024-11-05 00:00:00+09:00,107600.0,109200.0,106400.0,106700.0,90031.0
2024-11-06 00:00:00+09:00,108200.0,111900.0,107200.0,108500.0,207689.0
2024-11-07 00:00:00+09:00,108500.0,114400.0,107000.0,111500.0,223638.0
2024-11-08 00:00:00+09:00,113000.0,117300.0,112500.0,115500.0,239714.0
2024-11-11 00:00:00+09:00,114100.0,117500.0,113800.0,113800.0,166070.0
2024-11-12 00:00:00+09:00,113800.0,115800.0,104100.0,104200.0,265757.0
2024-11-13 00:00:00+09:00,103400.0,103700.0,99400.0,100100.0,193200.0
2024-11-14 00:00:00+09:00,100100.0,102400.0,97600.0,97600.0,196452.0
2024-11-15 00:00:00+09:00,95600.0,96300.0,87100.0,88800.0,532769.0
2024-11-18 00:00:00+09:00,88000.0,88900.0,84500.0,85200.0,472310.0
2024-11-19 00:00:00+09:00,85500.0,88800.0,85500.0,88200.0,329757.0
2024-11-20 00:00:00+09:00,88200.0,91000.0,87200.0,87800.0,253044.0
2024-11-21 00:00:00+09:00,87300.0,89200.0,86600.0,87000.0,160373.0
2024-11-22 00:00:00+09:00,87800.0,89500.0,87600.0,87700.0,173556.0
2024-11-25 00:00:00+09:00,89100.0,94300.0,88800.0,92900.0,321659.0
2024-11-26 00:00:00+09:00,93000.0,93500.0,90600.0,91600.0,156514.0
2024-11-27 00:00:00+09:00,90700.0,92900.0,90300.0,91300.0,141990.0
2024-11-28 00:00:00+09:00,91900.0,91900.0,89800.0,91400.0,134975.0
2024-11-29 00:00:00+09:00,91800.0,91800.0,87400.0,88400.0,165784.0
2024-12-02 00:00:00+09:00,89300.0,90800.0,88400.0,89800.0,133111.0
2024-12-03 00:00:00+09:00,90300.0,95300.0,90200.0,95100.0,192698.0
2024-12-04 00:00:00+09:00,93100.0,94300.0,90400.0,92500.0,178723.0
2024-12-05 00:00:00+09:00,93300.0,93700.0,90700.0,91500.0,121126.0
2024-12-06 00:00:00+09:00,91300.0,92100.0,88300.0,91200.0,160498.0
2024-12-09 00:00:00+09:00,88300.0,89800.0,85300.0,85700.0,185854.0
2024-12-10 00:00:00+09:00,85700.0,93200.0,85700.0,92500.0,198754.0
2024-12-11 00:00:00+09:00,92400.0,93800.0,91300.0,92500.0,170039.0
2024-12-12 00:00:00+09:00,94500.0,96000.0,91800.0,92100.0,255485.0
2024-12-13 00:00:00+09:00,92400.0,95000.0,91100.0,95000.0,168683.0
2024-12-16 00:00:00+09:00,96000.0,97400.0,94600.0,96400.0,165588.0
2024-12-17 00:00:00+09:00,97000.0,100300.0,95500.0,97800.0,258460.0
2024-12-18 00:00:00+09:00,97800.0,98600.0,96900.0,97500.0,124290.0
2024-12-19 00:00:00+09:00,94800.0,97200.0,93600.0,96300.0,159285.0
2024-12-20 00:00:00+09:00,96300.0,96300.0,91100.0,93300.0,197172.0
2024-12-23 00:00:00+09:00,94200.0,98800.0,94000.0,98400.0,150905.0
2024-12-24 00:00:00+09:00,98900.0,99000.0,95100.0,97200.0,136503.0
2024-12-26 00:00:00+09:00,97900.0,98000.0,95600.0,95800.0,86483.0
2024-12-27 00:00:00+09:00,95500.0,95800.0,91100.0,93300.0,137366.0
2024-12-30 00:00:00+09:00,92000.0,96000.0,92000.0,94300.0,106033.0
2025-01-02 00:00:00+09:00,94000.0,98700.0,93000.0,97100.0,150579.0
2025-01-03 00:00:00+09:00,97100.0,99100.0,96500.0,98000.0,134036.0
2025-01-06 00:00:00+09:00,99500.0,102500.0,98200.0,100200.0,156388.0
2025-01-07 00:00:00+09:00,101400.0,101900.0,98900.0,100200.0,134104.0
2025-01-08 00:00:00+09:00,99300.0,100200.0,98100.0,98700.0,157472.0
2025-01-09 00:00:00+09:00,98800.0,102300.0,98100.0,100900.0,230546.0
2025-01-10 00:00:00+09:00,102100.0,103700.0,100500.0,101600.0,148371.0
2025-01-13 00:00:00+09:00,101400.0,102800.0,100600.0,102000.0,130498.0
2025-01-14 00:00:00+09:00,102200.0,104200.0,101700.0,102900.0,158178.0
2025-01-15 00:00:00+09:00,103800.0,104400.0,102000.0,103300.0,158973.0
2025-01-16 00:00:00+09:00,105000.0,113300.0,104600.0,111100.0,458448.0
2025-01-17 00:00:00+09:00,116300.0,119400.0,113300.0,117000.0,892037.0
2025-01-20 00:00:00+09:00,119000.0,120700.0,115300.0,115700.0,558790.0
2025-01-21 00:00:00+09:00,116100.0,116700.0,113700.0,114500.0,193676.0
2025-01-22 00:00:00+09:00,115700.0,122300.0,115700.0,120300.0,405841.0
2025-01-23 00:00:00+09:00,121400.0,125900.0,119900.0,120900.0,371303.0
2025-01-24 00:00:00+09:00,121000.0,127900.0,120300.0,127500.0,404039.0
2025-01-31 00:00:00+09:00,117400.0,120900.0,114900.0,118700.0,398605.0
2025-02-03 00:00:00+09:00,115000.0,115100.0,108400.0,110100.0,464122.0
2025-02-04 00:00:00+09:00,112300.0,115900.0,110500.0,112900.0,270631.0
2025-02-05 00:00:00+09:00,114200.0,115900.0,110300.0,110500.0,234634.0
2025-02-06 00:00:00+09:00,112400.0,118700.0,111300.0,118700.0,301983.0
2025-02-07 00:00:00+09:00,118500.0,118600.0,114800.0,116200.0,194982.0
2025-02-10 00:00:00+09:00,115600.0,115600.0,110100.0,110900.0,280962.0
2025-02-11 00:00:00+09:00,111900.0,113300.0,110400.0,111800.0,135568.0
2025-02-12 00:00:00+09:00,111400.0,124900.0,111100.0,123200.0,367108.0
2025-02-13 00:00:00+09:00,125700.0,129800.0,125600.0,128500.0,490685.0
2025-02-14 00:00:00+09:00,128500.0,128600.0,119000.0,119500.0,355873.0
2025-02-17 00:00:00+09:00,121000.0,121400.0,118600.0,121100.0,193773.0
2025-02-18 00:00:00+09:00,120500.0,129000.0,119600.0,128400.0,389219.0
2025-02-19 00:00:00+09:00,134100.0,136700.0,125200.0,126300.0,707833.0
2025-02-20 00:00:00+09:00,126600.0,127200.0,119600.0,121000.0,359888.0
2025-02-21 00:00:00+09:00,118800.0,121400.0,117600.0,120300.0,166302.0
2025-02-24 00:00:00+09:00,117900.0,118600.0,114700.0,117400.0,272789.0
2025-02-25 00:00:00+09:00,115200.0,116900.0,114100.0,116900.0,163353.0
2025-02-26 00:00:00+09:00,116100.0,119700.0,115400.0,119400.0,202550.0
2025-02-27 00:00:00+09:00,120600.0,121300.0,118200.0,118900.0,135154.0
2025-02-28 00:00:00+09:00,115800.0,116500.0,112100.0,112100.0,220041.0
2025-03-04 00:00:00+09:00,108200.0,115200.0,108100.0,113900.0,131807.0
2025-03-05 00:00:00+09:00,113900.0,117500.0,113900.0,115600.0,159426.0
2025-03-06 00:00:00+09:00,118000.0,120200.0,103200.0,103700.0,622434.0
2025-03-07 00:00:00+09:00,103700.0,103800.0,97300.0,99300.0,715448.0
2025-03-10 00:00:00+09:00,98900.0,102000.0,98100.0,101900.0,231904.0
2025-03-11 00:00:00+09:00,97600.0,102200.0,97400.0,102200.0,238053.0
2025-03-12 00:00:00+09:00,102300.0,102700.0,100200.0,101800.0,205161.0
2025-03-13 00:00:00+09:00,108800.0,126500.0,107400.0,121100.0,3233957.0
2025-03-14 00:00:00+09:00,127400.0,132900.0,123800.0,130100.0,2359703.0
2025-03-17 00:00:00+09:00,130600.0,131300.0,121200.0,121700.0,725086.0
2025-03-18 00:00:00+09:00,122400.0,127100.0,121600.0,122800.0,554183.0
2025-03-19 00:00:00+09:00,121200.0,122700.0,117800.0,118000.0,420890.0
2025-03-20 00:00:00+09:00,119500.0,125700.0,118300.0,123300.0,473135.0
2025-03-21 00:00:00+09:00,120100.0,121700.0,116300.0,116500.0,309818.0
2025-03-24 00:00:00+09:00,117600.0,118300.0,115900.0,116300.0,102408.0
2025-03-25 00:00:00+09:00,117800.0,117800.0,111700.0,113400.0,154246.0
2025-03-26 00:00:00+09:00,115200.0,117400.0,113800.0,115800.0,130701.0
2025-03-27 00:00:00+09:00,114500.0,115300.0,110500.0,111200.0,132964.0
2025-03-28 00:00:00+09:00,110400.0,111200.0,105800.0,107900.0,199604.0
2025-03-31 00:00:00+09:00,104000.0,106650.0,103500.0,105200.0,130750.0
2025-04-01 00:00:00+09:00,105800.0,106900.0,103400.0,104200.0,146153.0
2025-04-02 00:00:00+09:00,104600.0,105300.0,101900.0,102200.0,133078.0
2025-04-03 00:00:00+09:00,99300.0,102300.0,98200.0,102300.0,127001.0
2025-04-04 00:00:00+09:00,99400.0,108600.0,99400.0,108000.0,291521.0
2025-04-07 00:00:00+09:00,101700.0,102600.0,98200.0,98900.0,228064.0
2025-04-08 00:00:00+09:00,102300.0,103600.0,99400.0,100100.0,142854.0
2025-04-09 00:00:00+09:00,98300.0,101100.0,95400.0,96500.0,223593.0
2025-04-10 00:00:00+09:00,102900.0,107000.0,102100.0,106400.0,226197.0
2025-04-11 00:00:00+09:00,104000.0,115600.0,103700.0,114800.0,295957.0
2025-04-14 00:00:00+09:00,114900.0,123300.0,112900.0,120300.0,381289.0
2025-04-15 00:00:00+09:00,121100.0,129900.0,120300.0,128500.0,460748.0
2025-04-16 00:00:00+09:00,126200.0,127900.0,121900.0,123000.0,291049.0
2025-04-17 00:00:00+09:00,121500.0,127200.0,121500.0,125000.0,237444.0
2025-04-18 00:00:00+09:00,125400.0,125400.0,119900.0,122200.0,209934.0
2025-04-21 00:00:00+09:00,121700.0,123600.0,119600.0,121700.0,129821.0
2025-04-22 00:00:00+09:00,120000.0,121300.0,117500.0,118700.0,151637.0
2025-04-23 00:00:00+09:00,121800.0,124200.0,120900.0,121800.0,139978.0
2025-04-24 00:00:00+09:00,123000.0,124200.0,121400.0,122300.0,98559.0
2025-04-25 00:00:00+09:00,123900.0,126900.0,123300.0,126700.0,236057.0
2025-04-28 00:00:00+09:00,126400.0,128300.0,124500.0,126000.0,140791.0
2025-04-29 00:00:00+09:00,127000.0,132700.0,127000.0,132400.0,300440.0
2025-04-30 00:00:00+09:00,134200.0,134300.0,127800.0,131000.0,190142.0
2025-05-02 00:00:00+09:00,130900.0,132100.0,127000.0,127000.0,148392.0
2025-05-07 00:00:00+09:00,128200.0,132000.0,128200.0,129400.0,132596.0
2025-05-08 00:00:00+09:00,130200.0,132800.0,129000.0,130700.0,141308.0
2025-05-09 00:00:00+09:00,131800.0,137300.0,129000.0,135400.0,205213.0
2025-05-12 00:00:00+09:00,138400.0,140100.0,136400.0,138300.0,178794.0
2025-05-13 00:00:00+09:00,140700.0,142900.0,136400.0,142500.0,226186.0
2025-05-14 00:00:00+09:00,145600.0,151900.0,143600.0,150000.0,330128.0
2025-05-15 00:00:00+09:00,149100.0,150000.0,144200.0,144900.0,195318.0
2025-05-16 00:00:00+09:00,144800.0,151000.0,144500.0,151000.0,203214.0
2025-05-19 00:00:00+09:00,155000.0,155000.0,139100.0,145800.0,453648.0
2025-05-20 00:00:00+09:00,147800.0,151000.0,144500.0,148400.0,194895.0
2025-05-21 00:00:00+09:00,148500.0,149800.0,143700.0,147900.0,162371.0
2025-05-22 00:00:00+09:00,145200.0,154000.0,145000.0,150800.0,241583.0
2025-05-23 00:00:00+09:00,151600.0,151700.0,148000.0,149700.0,119405.0
2025-05-26 00:00:00+09:00,151800.0,154700.0,148000.0,152800.0,172318.0
2025-05-27 00:00:00+09:00,149000.0,149900.0,145000.0,147700.0,313807.0
2025-05-28 00:00:00+09:00,148600.0,158500.0,145000.0,154200.0,658338.0
2025-05-29 00:00:00+09:00,156100.0,164900.0,156100.0,161200.0,432192.0
2025-05-30 00:00:00+09:00,164700.0,165500.0,156700.0,159300.0,238607.0
2025-06-02 00:00:00+09:00,156900.0,161800.0,156000.0,160700.0,146487.0
2025-06-04 00:00:00+09:00,166700.0,176300.0,166100.0,173200.0,512504.0
2025-06-05 00:00:00+09:00,180100.0,181800.0,175700.0,180500.0,311201.0
2025-06-09 00:00:00+09:00,185200.0,194400.0,177000.0,178100.0,671550.0
2025-06-10 00:00:00+09:00,182000.0,182100.0,170500.0,174500.0,448826.0
2025-06-11 00:00:00+09:00,174300.0,181000.0,172100.0,179900.0,359704.0
2025-06-12 00:00:00+09:00,180200.0,180600.0,173800.0,175100.0,401411.0
2025-06-13 00:00:00+09:00,175000.0,176400.0,171400.0,172900.0,265975.0
2025-06-16 00:00:00+09:00,171300.0,183800.0,170900.0,183800.0,330285.0
2025-06-17 00:00:00+09:00,186800.0,186900.0,176000.0,178400.0,239580.0
2025-06-18 00:00:00+09:00,177600.0,178800.0,175500.0,176200.0,131907.0
2025-06-19 00:00:00+09:00,180000.0,184000.0,176200.0,179100.0,215603.0
2025-06-20 00:00:00+09:00,180600.0,181100.0,175000.0,177000.0,209804.0
2025-06-23 00:00:00+09:00,173200.0,184700.0,172100.0,182400.0,241591.0
2025-06-24 00:00:00+09:00,186000.0,192000.0,183800.0,184800.0,310379.0
2025-06-25 00:00:00+09:00,186500.0,186900.0,178600.0,181500.0,184050.0
2025-06-26 00:00:00+09:00,181400.0,185900.0,177400.0,185000.0,184226.0
2025-06-27 00:00:00+09:00,186100.0,198500.0,183700.0,186300.0,475995.0
2025-06-30 00:00:00+09:00,190000.0,201500.0,189300.0,197000.0,387510.0
2025-07-01 00:00:00+09:00,206500.0,220000.0,200000.0,211000.0,643209.0
2025-07-02 00:00:00+09:00,205000.0,205500.0,184100.0,186500.0,784327.0
2025-07-03 00:00:00+09:00,189500.0,190300.0,182900.0,185100.0,329508.0
2025-07-04 00:00:00+09:00,185200.0,186600.0,172700.0,173300.0,350217.0
2025-07-07 00:00:00+09:00,170000.0,177100.0,170000.0,176000.0,189168.0
2025-07-08 00:00:00+09:00,175500.0,186200.0,174000.0,184200.0,245756.0
2025-07-09 00:00:00+09:00,193100.0,195600.0,188000.0,191100.0,331387.0
2025-07-10 00:00:00+09:00,189300.0,192700.0,187800.0,188500.0,185346.0
2025-07-11 00:00:00+09:00,190100.0,190800.0,181200.0,182400.0,184527.0
2025-07-14 00:00:00+09:00,182000.0,189600.0,181700.0,185400.0,119696.0
2025-07-15 00:00:00+09:00,186700.0,189000.0,183300.0,187300.0,137153.0
2025-07-16 00:00:00+09:00,186000.0,189400.0,183100.0,186000.0,152577.0
2025-07-17 00:00:00+09:00,187500.0,187500.0,180200.0,182900.0,161397.0
2025-07-18 00:00:00+09:00,182500.0,185400.0,179200.0,183200.0,127654.0
2025-07-21 00:00:00+09:00,180500.0,181400.0,175600.0,178500.0,242941.0
2025-07-22 00:00:00+09:00,179300.0,180100.0,174300.0,176700.0,127973.0
2025-07-23 00:00:00+09:00,178200.0,178600.0,171500.0,176600.0,167564.0
2025-07-24 00:00:00+09:00,176800.0,179300.0,174900.0,175400.0,136096.0
2025-07-25 00:00:00+09:00,174000.0,176400.0,173100.0,176400.0,89585.0
2025-07-28 00:00:00+09:00,175200.0,175700.0,168500.0,171400.0,200979.0
2025-07-29 00:00:00+09:00,170000.0,175900.0,168900.0,174500.0,136080.0
2025-07-30 00:00:00+09:00,173500.0,173700.0,168700.0,169200.0,156887.0
2025-07-31 00:00:00+09:00,170400.0,178400.0,169500.0,173300.0,215169.0
2025-08-01 00:00:00+09:00,170200.0,170800.0,161000.0,162000.0,254974.0
2025-08-04 00:00:00+09:00,160500.0,165200.0,160000.0,163900.0,117755.0
2025-08-05 00:00:00+09:00,165200.0,170700.0,164200.0,169300.0,123980.0
2025-08-06 00:00:00+09:00,166900.0,170800.0,165200.0,170200.0,96722.0
2025-08-07 00:00:00+09:00,169400.0,171000.0,167500.0,170300.0,93095.0
2025-08-08 00:00:00+09:00,169100.0,170000.0,166900.0,168000.0,74059.0
2025-08-11 00:00:00+09:00,171300.0,175700.0,170000.0,171200.0,146907.0
2025-08-12 00:00:00+09:00,172000.0,174400.0,165700.0,170100.0,218395.0
2025-08-13 00:00:00+09:00,172500.0,172500.0,167200.0,170000.0,122685.0
2025-08-14 00:00:00+09:00,171000.0,171200.0,165500.0,165500.0,135142.0
2025-08-18 00:00:00+09:00,162000.0,162000.0,155900.0,156700.0,167268.0
2025-08-19 00:00:00+09:00,157900.0,161800.0,156100.0,156300.0,122339.0
2025-08-20 00:00:00+09:00,152100.0,154300.0,148600.0,152000.0,182285.0
2025-08-21 00:00:00+09:00,152700.0,153500.0,150000.0,150800.0,109190.0
2025-08-22 00:00:00+09:00,153100.0,165900.0,152900.0,160400.0,345521.0
2025-08-25 00:00:00+09:00,164000.0,168800.0,162200.0,166200.0,167490.0
2025-08-26 00:00:00+09:00,165900.0,166200.0,163200.0,165200.0,85976.0
2025-08-27 00:00:00+09:00,167500.0,169200.0,165400.0,167600.0,135517.0
2025-08-28 00:00:00+09:00,168300.0,175600.0,166600.0,173200.0,257262.0
2025-08-29 00:00:00+09:00,175900.0,179400.0,174500.0,177600.0,248228.0
2025-09-01 00:00:00+09:00,175300.0,179300.0,173100.0,176000.0,134290.0
2025-09-02 00:00:00+09:00,177000.0,178500.0,171600.0,172300.0,118582.0
2025-09-03 00:00:00+09:00,171200.0,178300.0,171200.0,175500.0,103069.0
2025-09-04 00:00:00+09:00,174600.0,176950.0,173300.0,175200.0,88702.0
2025-09-05 00:00:00+09:00,175300.0,181100.0,175100.0,178900.0,178188.0
2025-09-08 00:00:00+09:00,178500.0,178800.0,174900.0,177400.0,91543.0
2025-09-09 00:00:00+09:00,178100.0,180400.0,176400.0,179400.0,113199.0
2025-09-10 00:00:00+09:00,180100.0,185600.0,180100.0,183400.0,228863.0
2025-09-11 00:00:00+09:00,184400.0,184600.0,180400.0,183700.0,148968.0
2025-09-12 00:00:00+09:00,184600.0,184600.0,181500.0,182600.0,104672.0
2025-09-15 00:00:00+09:00,182000.0,193500.0,181100.0,187800.0,249933.0
2025-09-16 00:00:00+09:00,191500.0,191600.0,188600.0,189900.0,136746.0
2025-09-17 00:00:00+09:00,191100.0,192000.0,187200.0,187500.0,106179.0
2025-09-18 00:00:00+09:00,188800.0,189600.0,184000.0,186500.0,136870.0
2025-09-19 00:00:00+09:00,185800.0,185900.0,183900.0,184200.0,82753.0
2025-09-22 00:00:00+09:00,186000.0,189000.0,184700.0,186000.0,103985.0
2025-09-23 00:00:00+09:00,186100.0,190500.0,181600.0,181900.0,156184.0
2025-09-24 00:00:00+09:00,183400.0,183400.0,166200.0,167800.0,402113.0
2025-09-25 00:00:00+09:00,169400.0,169500.0,163900.0,165500.0,184813.0
2025-09-26 00:00:00+09:00,167100.0,169500.0,161200.0,162400.0,150479.0
2025-09-29 00:00:00+09:00,164500.0,165600.0,161200.0,162300.0,83542.0
2025-09-30 00:00:00+09:00,162200.0,169400.0,161300.0,167000.0,165398.0
2025-10-01 00:00:00+09:00,168500.0,168500.0,165500.0,167000.0,90782.0
2025-10-02 00:00:00+09:00,168000.0,172700.0,167300.0,171000.0,176360.0
2025-10-10 00:00:00+09:00,173000.0,174700.0,169200.0,171900.0,163267.0
2025-10-13 00:00:00+09:00,168000.0,171800.0,166700.0,171200.0,98782.0
2025-10-14 00:00:00+09:00,171300.0,181500.0,171300.0,175900.0,261675.0
2025-10-15 00:00:00+09:00,178800.0,185400.0,177400.0,184900.0,235787.0
2025-10-16 00:00:00+09:00,184500.0,185400.0,181600.0,183800.0,109358.0
2025-10-17 00:00:00+09:00,187800.0,191400.0,184600.0,187800.0,245809.0
2025-10-20 00:00:00+09:00,190700.0,199800.0,189700.0,197200.0,372647.0
2025-10-21 00:00:00+09:00,199100.0,203500.0,195100.0,198900.0,267952.0
2025-10-22 00:00:00+09:00,197200.0,203000.0,194600.0,201000.0,200178.0
2025-10-23 00:00:00+09:00,201500.0,210500.0,201000.0,206000.0,281857.0
2025-10-24 00:00:00+09:00,206000.0,213000.0,204500.0,211500.0,176300.0
2025-10-27 00:00:00+09:00,214500.0,217000.0,210000.0,215000.0,227903.0
2025-10-28 00:00:00+09:00,215000.0,218500.0,212500.0,217500.0,206344.0
2025-10-29 00:00:00+09:00,219000.0,222000.0,213000.0,215500.0,379414.0
2025-10-30 00:00:00+09:00,220500.0,224500.0,214000.0,217500.0,300079.0
2025-10-31 00:00:00+09:00,212500.0,216500.0,206000.0,209000.0,541628.0
2025-11-03 00:00:00+09:00,215000.0,226000.0,213750.0,217500.0,583460.0
2025-11-04 00:00:00+09:00,227000.0,235000.0,215500.0,222500.0,448778.0
2025-11-05 00:00:00+09:00,216000.0,216000.0,200000.0,206000.0,364604.0
2025-11-06 00:00:00+09:00,213000.0,221500.0,206500.0,217500.0,309843.0
2025-11-07 00:00:00+09:00,210500.0,213000.0,199100.0,202000.0,272092.0
2025-11-10 00:00:00+09:00,205000.0,216500.0,204500.0,214500.0,210249.0
2025-11-11 00:00:00+09:00,219000.0,224000.0,212000.0,215500.0,219091.0
2025-11-12 00:00:00+09:00,217000.0,217000.0,207000.0,213500.0,203953.0
2025-11-13 00:00:00+09:00,209000.0,211000.0,204500.0,206500.0,262329.0
2025-11-14 00:00:00+09:00,198700.0,199000.0,192900.0,193100.0,302689.0
2025-11-17 00:00:00+09:00,198000.0,204500.0,195500.0,201000.0,201401.0
2025-11-18 00:00:00+09:00,197500.0,199300.0,191700.0,192000.0,149229.0
2025-11-19 00:00:00+09:00,194400.0,194400.0,185700.0,191000.0,167249.0
2025-11-20 00:00:00+09:00,196000.0,200500.0,195000.0,196500.0,171572.0
2025-11-21 00:00:00+09:00,187900.0,188900.0,180800.0,182200.0,169928.0
2025-11-24 00:00:00+09:00,184000.0,184300.0,178900.0,179200.0,132916.0
2025-11-25 00:00:00+09:00,183400.0,186200.0,176700.0,177400.0,140328.0
2025-11-26 00:00:00+09:00,180300.0,180700.0,175100.0,178500.0,163876.0
2025-11-27 00:00:00+09:00,181400.0,185400.0,180100.0,182100.0,166694.0
2025-11-28 00:00:00+09:00,183700.0,183700.0,177500.0,178900.0,107736.0
2025-12-01 00:00:00+09:00,181000.0,181100.0,172400.0,173900.0,140244.0
2025-12-02 00:00:00+09:00,175200.0,176200.0,172100.0,174100.0,147516.0
2025-12-03 00:00:00+09:00,175400.0,181700.0,173500.0,180200.0,189596.0
2025-12-04 00:00:00+09:00,180300.0,188300.0,178500.0,187000.0,218247.0
2025-12-05 00:00:00+09:00,187000.0,189600.0,182500.0,188500.0,131581.0
2025-12-08 00:00:00+09:00,189300.0,190800.0,186300.0,188200.0,92115.0
2025-12-09 00:00:00+09:00,188800.0,190200.0,184100.0,188900.0,97814.0
2025-12-10 00:00:00+09:00,188900.0,188900.0,185200.0,185300.0,89034.0
2025-12-11 00:00:00+09:00,187100.0,189100.0,182700.0,183400.0,136945.0
2025-12-12 00:00:00+09:00,185200.0,196300.0,185200.0,195000.0,422944.0
2025-12-15 00:00:00+09:00,190900.0,190900.0,183500.0,187000.0,169831.0
2025-12-16 00:00:00+09:00,188200.0,199800.0,188000.0,192800.0,351560.0
2025-12-17 00:00:00+09:00,197300.0,203500.0,185100.0,187500.0,303845.0
2025-12-18 00:00:00+09:00,182700.0,184900.0,180600.0,182200.0,122408.0
2025-12-19 00:00:00+09:00,186100.0,188100.0,179000.0,185700.0,197604.0
2025-12-22 00:00:00+09:00,188700.0,189700.0,184500.0,187700.0,85094.0
2025-12-23 00:00:00+09:00,188100.0,190400.0,185800.0,186000.0,90862.0
2025-12-24 00:00:00+09:00,187800.0,198500.0,185600.0,193500.0,209539.0
2025-12-26 00:00:00+09:00,194700.0,195900.0,188000.0,189200.0,118253.0
2025-12-29 00:00:00+09:00,195000.0,210500.0,193200.0,207000.0,374228.0
2025-12-30 00:00:00+09:00,199800.0,203250.0,193500.0,199900.0,210099.0
2026-01-02 00:00:00+09:00,199900.0,209000.0,196300.0,208500.0,161962.0
2026-01-05 00:00:00+09:00,208000.0,213000.0,205500.0,211500.0,166199.0
2026-01-06 00:00:00+09:00,216000.0,217500.0,206500.0,216500.0,235021.0
2026-01-07 00:00:00+09:00,214500.0,218500.0,205500.0,207500.0,174763.0
2026-01-08 00:00:00+09:00,205500.0,206500.0,199500.0,201000.0,198800.0
2026-01-09 00:00:00+09:00,201500.0,203500.0,198300.0,203000.0,89536.0
2026-01-12 00:00:00+09:00,206000.0,214000.0,205000.0,209000.0,176174.0
2026-01-13 00:00:00+09:00,213500.0,214000.0,205000.0,209000.0,132093.0
2026-01-14 00:00:00+09:00,207000.0,224000.0,206000.0,221000.0,342657.0
2026-01-15 00:00:00+09:00,223000.0,226500.0,217000.0,222000.0,205518.0
2026-01-16 00:00:00+09:00,226000.0,227000.0,219500.0,222000.0,175855.0
2026-01-19 00:00:00+09:00,218500.0,224500.0,216000.0,217000.0,160262.0
2026-01-20 00:00:00+09:00,217500.0,226500.0,212000.0,222000.0,190380.0
2026-01-21 00:00:00+09:00,215000.0,236000.0,214500.0,222000.0,203230.0
2026-01-22 00:00:00+09:00,223500.0,226500.0,216500.0,217000.0,147564.0
2026-01-23 00:00:00+09:00,226000.0,234000.0,221500.0,228000.0,226909.0
2026-01-26 00:00:00+09:00,238000.0,246500.0,229000.0,233500.0,454871.0
2026-01-27 00:00:00+09:00,230000.0,234000.0,218500.0,224000.0,302962.0
2026-01-28 00:00:00+09:00,225500.0,225500.0,218500.0,219000.0,220088.0
2026-01-29 00:00:00+09:00,220500.0,238000.0,214000.0,236500.0,348578.0
2026-01-30 00:00:00+09:00,239000.0,248000.0,225500.0,229000.0,292860.0
2026-02-02 00:00:00+09:00,218500.0,219500.0,196100.0,196700.0,582864.0
2026-02-03 00:00:00+09:00,205500.0,215500.0,203000.0,215500.0,292947.0
2026-02-04 00:00:00+09:00,212500.0,233500.0,211000.0,233000.0,302466.0
2026-02-05 00:00:00+09:00,223500.0,232500.0,222000.0,224500.0,208553.0
2026-02-06 00:00:00+09:00,213000.0,216000.0,202000.0,214500.0,192502.0
2026-02-09 00:00:00+09:00,223000.0,228000.0,220000.0,226000.0,156910.0
2026-02-10 00:00:00+09:00,226500.0,227000.0,217000.0,218500.0,102937.0
2026-02-11 00:00:00+09:00,226000.0,237500.0,222000.0,233000.0,208696.0
2026-02-12 00:00:00+09:00,240000.0,253500.0,236000.0,250500.0,378998.0
2026-02-13 00:00:00+09:00,247500.0,257500.0,246000.0,248000.0,242095.0
2026-02-19 00:00:00+09:00,253500.0,253500.0,243000.0,251000.0,181838.0
2026-02-20 00:00:00+09:00,251500.0,259000.0,249500.0,255500.0,171205.0
2026-02-23 00:00:00+09:00,270000.0,274000.0,256500.0,271000.0,273508.0
2026-02-24 00:00:00+09:00,268500.0,283000.0,268000.0,282500.0,230017.0
2026-02-25 00:00:00+09:00,292000.0,298500.0,281500.0,291500.0,237838.0
2026-02-26 00:00:00+09:00,292500.0,299000.0,286500.0,290000.0,214198.0
2026-02-27 00:00:00+09:00,284000.0,297000.0,283000.0,284500.0,232853.0
2026-03-03 00:00:00+09:00,279500.0,290500.0,262500.0,265500.0,240380.0
2026-03-04 00:00:00+09:00,254000.0,258500.0,221000.0,233000.0,303429.0
2026-03-05 00:00:00+09:00,252500.0,257000.0,243000.0,249500.0,234629.0
2026-03-06 00:00:00+09:00,243000.0,254500.0,239000.0,249000.0,151044.0
2026-03-09 00:00:00+09:00,229000.0,232500.0,221000.0,230500.0,162510.0
2026-03-10 00:00:00+09:00,244000.0,246500.0,234500.0,243000.0,155630.0
2026-03-11 00:00:00+09:00,258000.0,268000.0,249000.0,252500.0,184810.0
2026-03-12 00:00:00+09:00,255000.0,262500.0,249000.0,253000.0,143067.0
2026-03-13 00:00:00+09:00,245000.0,257000.0,240000.0,250000.0,94694.0
2026-03-16 00:00:00+09:00,271000.0,290000.0,261500.0,266000.0,365808.0
2026-03-17 00:00:00+09:00,272000.0,275500.0,262000.0,263000.0,121356.0
2026-03-18 00:00:00+09:00,267000.0,285000.0,265000.0,282000.0,140673.0
2026-03-19 00:00:00+09:00,276000.0,298500.0,273000.0,290500.0,197216.0
2026-03-20 00:00:00+09:00,302500.0,312000.0,299000.0,303500.0,169133.0
2026-03-23 00:00:00+09:00,289500.0,295000.0,267500.0,273500.0,302571.0
2026-03-24 00:00:00+09:00,287500.0,292500.0,265000.0,276500.0,246407.0
2026-03-25 00:00:00+09:00,289000.0,294000.0,279500.0,283500.0,115618.0
2026-03-26 00:00:00+09:00,287000.0,290000.0,275000.0,277000.0,147334.0
2026-03-27 00:00:00+09:00,264000.0,270500.0,256500.0,268000.0,142220.0
2026-03-30 00:00:00+09:00,246500.0,264500.0,246000.0,261000.0,94543.0
2026-03-31 00:00:00+09:00,255500.0,271000.0,252500.0,256000.0,212885.0
2026-04-01 00:00:00+09:00,274000.0,284500.0,269000.0,278500.0,199737.0
2026-04-02 00:00:00+09:00,285000.0,285000.0,261000.0,264500.0,157472.0
2026-04-03 00:00:00+09:00,272000.0,275500.0,264500.0,268000.0,94650.0
2026-04-06 00:00:00+09:00,269000.0,280500.0,264500.0,268000.0,155605.0
2026-04-07 00:00:00+09:00,271500.0,271500.0,257000.0,261500.0,177092.0
2026-04-08 00:00:00+09:00,277500.0,290500.0,276000.0,287000.0,176021.0
2026-04-09 00:00:00+09:00,284000.0,288500.0,278000.0,280000.0,82855.0
2026-04-10 00:00:00+09:00,284000.0,298500.0,281000.0,293500.0,117695.0
2026-04-13 00:00:00+09:00,287500.0,301500.0,286500.0,293500.0,209675.0
2026-04-14 00:00:00+09:00,305000.0,307000.0,293000.0,301500.0,177138.0
2026-04-15 00:00:00+09:00,311000.0,347000.0,310000.0,343500.0,368883.0
2026-04-16 00:00:00+09:00,342500.0,343000.0,331000.0,334000.0,164094.0
2026-04-17 00:00:00+09:00,337500.0,339000.0,327500.0,329500.0,97939.0
2026-04-20 00:00:00+09:00,336000.0,352500.0,331000.0,332000.0,169813.0
2026-04-21 00:00:00+09:00,337000.0,344000.0,333500.0,337500.0,134018.0
2026-04-22 00:00:00+09:00,338000.0,359500.0,336500.0,355000.0,171301.0
2026-04-23 00:00:00+09:00,371500.0,382000.0,360500.0,374000.0,253765.0
2026-04-24 00:00:00+09:00,375500.0,402500.0,372500.0,398500.0,223625.0
2026-04-27 00:00:00+09:00,422500.0,438500.0,416500.0,426000.0,229840.0
2026-04-28 00:00:00+09:00,443000.0,447500.0,400500.0,402500.0,337848.0
2026-04-29 00:00:00+09:00,402000.0,425500.0,399500.0,418500.0,216468.0
2026-04-30 00:00:00+09:00,422000.0,473000.0,421500.0,453000.0,354410.0
2026-05-04 00:00:00+09:00,502000.0,515000.0,485500.0,509000.0,369776.0
2026-05-06 00:00:00+09:00,552000.0,587000.0,530000.0,531000.0,355612.0
2026-05-07 00:00:00+09:00,518000.0,523000.0,495500.0,507000.0,312879.0
2026-05-08 00:00:00+09:00,493000.0,549000.0,491000.0,543000.0,266712.0
2026-05-11 00:00:00+09:00,546000.0,553000.0,523000.0,541000.0,247274.0
2026-05-12 00:00:00+09:00,532000.0,537000.0,480000.0,510000.0,338416.0
2026-05-13 00:00:00+09:00,491500.0,531000.0,482000.0,517000.0,195873.0
2026-05-14 00:00:00+09:00,531000.0,553000.0,491000.0,505000.0,268825.0
2026-05-15 00:00:00+09:00,501000.0,502000.0,460000.0,472500.0,318123.0
2026-05-18 00:00:00+09:00,473500.0,553000.0,443500.0,528000.0,523497.0
2026-05-19 00:00:00+09:00,529000.0,545000.0,503000.0,541000.0,372160.0
2026-05-20 00:00:00+09:00,528000.0,541000.0,482000.0,500000.0,326340.0
2026-05-21 00:00:00+09:00,517000.0,530000.0,499000.0,521000.0,239038.0
2026-05-22 00:00:00+09:00,549000.0,587000.0,536000.0,544000.0,316376.0
2026-05-26 00:00:00+09:00,571000.0,604000.0,548000.0,553000.0,290900.0
2026-05-27 00:00:00+09:00,560000.0,560000.0,506000.0,508000.0,244528.0
2026-05-28 00:00:00+09:00,494500.0,499500.0,455500.0,475500.0,379233.0
2026-05-29 00:00:00+09:00,487500.0,487500.0,428000.0,446000.0,459222.0
2026-06-01 00:00:00+09:00,453000.0,487500.0,442000.0,466000.0,363149.0
2026-06-02 00:00:00+09:00,465000.0,465500.0,420500.0,425500.0,290045.0
2026-06-04 00:00:00+09:00,424000.0,456000.0,420500.0,435500.0,231240.0
2026-06-05 00:00:00+09:00,421000.0,428000.0,393000.0,410500.0,172353.0
2026-06-08 00:00:00+09:00,359000.0,384000.0,359000.0,371000.0,147196.0
2026-06-09 00:00:00+09:00,386500.0,395500.0,360500.0,387500.0,194662.0
2026-06-10 00:00:00+09:00,380000.0,407500.0,372000.0,390000.0,164141.0
2026-06-11 00:00:00+09:00,375000.0,381500.0,353500.0,373500.0,213581.0
2026-06-12 00:00:00+09:00,405500.0,414000.0,382500.0,386500.0,170688.0
2026-06-15 00:00:00+09:00,409500.0,439000.0,403500.0,419500.0,295009.0
2026-06-16 00:00:00+09:00,436500.0,438000.0,413000.0,424000.0,170519.0
2026-06-17 00:00:00+09:00,426500.0,444000.0,410500.0,433000.0,180798.0
2026-06-18 00:00:00+09:00,433500.0,436500.0,411000.0,417500.0,175864.0
2026-06-19 00:00:00+09:00,421000.0,452000.0,395000.0,410000.0,250904.0
2026-06-22 00:00:00+09:00,403000.0,409500.0,390000.0,394000.0,101782.0
2026-06-23 00:00:00+09:00,399500.0,421000.0,355000.0,361500.0,217994.0
2026-06-24 00:00:00+09:00,355500.0,367000.0,343000.0,353500.0,316179.0
2026-06-25 00:00:00+09:00,367500.0,384000.0,355500.0,359500.0,193452.0
2026-06-26 00:00:00+09:00,360000.0,360000.0,319000.0,334000.0,200220.0
2026-06-29 00:00:00+09:00,340000.0,361000.0,333500.0,358500.0,244708.0
2026-06-30 00:00:00+09:00,374000.0,376000.0,352000.0,365500.0,226210.0
2026-07-01 00:00:00+09:00,381500.0,410500.0,379000.0,399000.0,260834.0
2026-07-02 00:00:00+09:00,385000.0,412500.0,373000.0,381000.0,223228.0
2026-07-03 00:00:00+09:00,391000.0,394500.0,340000.0,374000.0,197354.0
2026-07-06 00:00:00+09:00,376000.0,376500.0,340500.0,353000.0,145508.0
2026-07-07 00:00:00+09:00,352000.0,354000.0,330000.0,341000.0,145837.0
2026-07-08 00:00:00+09:00,330000.0,336500.0,303000.0,308500.0,173053.0
2026-07-09 00:00:00+09:00,308000.0,327500.0,304500.0,313500.0,200187.0
2026-07-10 00:00:00+09:00,326500.0,339500.0,323000.0,329000.0,114119.0
2026-07-13 00:00:00+09:00,335000.0,337750.0,298000.0,303500.0,144927.0
2026-07-14 00:00:00+09:00,305000.0,306000.0,276500.0,292500.0,157275.0
2026-07-15 00:00:00+09:00,303500.0,308500.0,293500.0,305000.0,145637.0
2026-07-16 00:00:00+09:00,293000.0,295000.0,278000.0,288000.0,149766.0
2026-07-20 00:00:00+09:00,277500.0,281500.0,262000.0,265500.0,130399.0
2026-07-21 00:00:00+09:00,262000.0,277000.0,259000.0,275000.0,135964.0
2026-07-22 00:00:00+09:00,284000.0,301500.0,280000.0,284500.0,135989.0
2026-07-23 00:00:00+09:00,288500.0,324000.0,288500.0,321500.0,170807.0
2026-07-24 00:00:00+09:00,322000.0,327500.0,304000.0,307000.0,139033.0
2026-07-27 00:00:00+09:00,314500.0,317500.0,288000.0,305000.0,107606.0
2026-07-28 00:00:00+09:00,292000.0,295000.0,263500.0,268000.0,147308.0
2026-07-29 00:00:00+09:00,271000.0,274500.0,224500.0,243500.0,209133.0
2026-07-30 00:00:00+09:00,238500.0,253500.0,221000.0,223500.0,181081.0
2026-07-31 00:00:00+09:00,253500.0,270500.0,244500.0,267000.0,193549.0
2026-08-03 00:00:00+09:00,262000.0,278000.0,260000.0,273000.0,119332.0
2026-08-04 00:00:00+09:00,280000.0,301500.0,277500.0,300500.0,168198.0
2026-08-05 00:00:00+09:00,317500.0,335000.0,311500.0,329000.0,176261.0
2026-08-06 00:00:00+09:00,328000.0,354500.0,326500.0,328500.0,219985.0
2026-08-07 00:00:00+09:00,332000.0,341000.0,304500.0,317000.0,193052.0
2026-08-10 00:00:00+09:00,325500.0,342000.0,323500.0,330000.0,138588.0
2026-08-11 00:00:00+09:00,330000.0,334500.0,316500.0,322500.0,130876.0
2026-08-12 00:00:00+09:00,331000.0,344500.0,324000.0,337000.0,148023.0
2026-08-13 00:00:00+09:00,346000.0,359000.0,322500.0,326000.0,208349.0
2026-08-14 00:00:00+09:00,327000.0,333500.0,306500.0,323500.0,258716.0
2026-08-18 00:00:00+09:00,340000.0,359000.0,326500.0,343500.0,269306.0
2026-08-19 00:00:00+09:00,328000.0,345000.0,313000.0,333000.0,161876.0
2026-08-20 00:00:00+09:00,336000.0,336500.0,310000.0,313500.0,226931.0
2026-08-21 00:00:00+09:00,304500.0,307000.0,287500.0,293500.0,270696.0
2026-08-24 00:00:00+09:00,289500.0,292000.0,272000.0,288500.0,268700.0
2026-08-25 00:00:00+09:00,282000.0,294500.0,271000.0,294500.0,114278.0
2026-08-26 00:00:00+09:00,293500.0,297500.0,287500.0,293500.0,105298.0
2026-08-27 00:00:00+09:00,304500.0,315000.0,298000.0,313000.0,189929.0
2026-08-28 00:00:00+09:00,307500.0,326000.0,305000.0,313000.0,111037.0
