dt,open,high,low,close,volume
2016-06-21 00:00:00+09:00,124058.0,130344.0,124058.0,129928.0,318880.0
2016-06-22 00:00:00+09:00,129506.0,132440.0,129506.0,130767.0,275761.0
2016-06-23 00:00:00+09:00,131600.0,132022.0,128249.0,129509.0,162005.0
2016-06-24 00:00:00+09:00,130343.0,131600.0,118608.0,122803.0,501560.0
2016-06-27 00:00:00+09:00,120286.0,124476.0,118190.0,124061.0,207740.0
2016-06-28 00:00:00+09:00,122800.0,128669.0,122800.0,125737.0,234768.0
2016-06-29 00:00:00+09:00,125735.0,131183.0,124896.0,130348.0,301325.0
2016-06-30 00:00:00+09:00,131600.0,131600.0,128249.0,128252.0,160563.0
2016-07-01 00:00:00+09:00,129506.0,133278.0,129506.0,132443.0,265669.0
2016-07-04 00:00:00+09:00,134116.0,134536.0,131183.0,131606.0,137488.0
2016-07-05 00:00:00+09:00,130763.0,131183.0,128669.0,129509.0,159200.0
2016-07-06 00:00:00+09:00,129506.0,131600.0,127830.0,128671.0,152902.0
2016-07-07 00:00:00+09:00,129506.0,131606.0,129506.0,131606.0,133583.0
2016-07-08 00:00:00+09:00,131183.0,132443.0,131183.0,132443.0,120855.0
2016-07-11 00:00:00+09:00,133697.0,133697.0,131600.0,133281.0,133458.0
2016-07-12 00:00:00+09:00,133278.0,133697.0,132440.0,132862.0,105631.0
2016-07-13 00:00:00+09:00,133278.0,134536.0,129506.0,129509.0,214849.0
2016-07-14 00:00:00+09:00,129506.0,132440.0,129506.0,130767.0,116586.0
2016-07-15 00:00:00+09:00,130763.0,132860.0,130763.0,131606.0,135558.0
2016-07-18 00:00:00+09:00,131600.0,134116.0,131183.0,132862.0,135356.0
2016-07-19 00:00:00+09:00,133278.0,133697.0,131600.0,132443.0,78093.0
2016-07-20 00:00:00+09:00,132440.0,133278.0,129926.0,131186.0,82498.0
2016-07-21 00:00:00+09:00,131183.0,132022.0,128669.0,128671.0,117358.0
2016-07-22 00:00:00+09:00,128249.0,130344.0,126991.0,129509.0,95333.0
2016-07-25 00:00:00+09:00,129506.0,130763.0,125314.0,126995.0,113122.0
2016-07-26 00:00:00+09:00,127410.0,129509.0,127410.0,129509.0,72728.0
2016-07-27 00:00:00+09:00,128249.0,129086.0,121544.0,123222.0,348008.0
2016-07-28 00:00:00+09:00,121544.0,124476.0,120704.0,121965.0,238170.0
2016-07-29 00:00:00+09:00,122800.0,123219.0,119866.0,120708.0,151121.0
2016-08-01 00:00:00+09:00,119866.0,119866.0,110227.0,111488.0,517607.0
2016-08-02 00:00:00+09:00,112323.0,114418.0,111483.0,114002.0,215945.0
2016-08-03 00:00:00+09:00,113579.0,113999.0,111065.0,111905.0,152399.0
2016-08-04 00:00:00+09:00,111065.0,115258.0,111065.0,115258.0,158497.0
2016-08-05 00:00:00+09:00,113999.0,116932.0,111904.0,112325.0,164352.0
2016-08-08 00:00:00+09:00,113579.0,114841.0,113579.0,114841.0,96030.0
2016-08-09 00:00:00+09:00,113999.0,117770.0,113999.0,115679.0,176857.0
2016-08-10 00:00:00+09:00,115676.0,119447.0,115257.0,118612.0,152897.0
2016-08-11 00:00:00+09:00,118609.0,119029.0,116932.0,118193.0,89506.0
2016-08-12 00:00:00+09:00,118609.0,121123.0,118190.0,119869.0,110965.0
2016-08-16 00:00:00+09:00,121123.0,121123.0,117770.0,117774.0,88052.0
2016-08-17 00:00:00+09:00,117770.0,118190.0,114837.0,115679.0,102601.0
2016-08-18 00:00:00+09:00,116093.0,116932.0,113160.0,113164.0,136257.0
2016-08-19 00:00:00+09:00,113579.0,114837.0,113160.0,114002.0,92687.0
2016-08-22 00:00:00+09:00,113579.0,115257.0,111904.0,112325.0,91744.0
2016-08-23 00:00:00+09:00,112323.0,117770.0,112323.0,117355.0,168895.0
2016-08-24 00:00:00+09:00,118190.0,120286.0,115676.0,115679.0,96092.0
2016-08-25 00:00:00+09:00,116093.0,116513.0,113999.0,115258.0,73056.0
2016-08-26 00:00:00+09:00,116513.0,117770.0,115676.0,117355.0,89632.0
2016-08-29 00:00:00+09:00,116932.0,118609.0,114837.0,115258.0,113519.0
2016-08-30 00:00:00+09:00,115257.0,116513.0,114418.0,114841.0,72181.0
2016-08-31 00:00:00+09:00,114837.0,115676.0,110227.0,112325.0,201821.0
2016-09-01 00:00:00+09:00,111904.0,116513.0,111483.0,115679.0,117917.0
2016-09-02 00:00:00+09:00,115676.0,116513.0,113999.0,116099.0,67882.0
2016-09-05 00:00:00+09:00,116513.0,117352.0,115676.0,116936.0,90571.0
2016-09-06 00:00:00+09:00,116932.0,117352.0,112740.0,113164.0,109934.0
2016-09-07 00:00:00+09:00,113160.0,113999.0,111483.0,111905.0,124278.0
2016-09-08 00:00:00+09:00,111904.0,113579.0,110646.0,113164.0,171149.0
2016-09-09 00:00:00+09:00,111904.0,111904.0,109388.0,110648.0,135224.0
2016-09-12 00:00:00+09:00,108969.0,111483.0,108131.0,108134.0,128440.0
2016-09-13 00:00:00+09:00,109806.0,110227.0,107292.0,108134.0,137967.0
2016-09-19 00:00:00+09:00,106874.0,110227.0,106874.0,108553.0,120745.0
2016-09-20 00:00:00+09:00,108131.0,114418.0,107292.0,113164.0,232297.0
2016-09-21 00:00:00+09:00,113999.0,115676.0,111904.0,112744.0,188118.0
2016-09-22 00:00:00+09:00,113579.0,114418.0,112323.0,112744.0,134360.0
2016-09-23 00:00:00+09:00,113999.0,114002.0,113999.0,114002.0,97036.0
2016-09-26 00:00:00+09:00,114418.0,116513.0,113579.0,114841.0,153568.0
2016-09-27 00:00:00+09:00,114837.0,116932.0,113160.0,116517.0,154579.0
2016-09-28 00:00:00+09:00,116932.0,117770.0,115676.0,117355.0,114359.0
2016-09-29 00:00:00+09:00,118190.0,118190.0,116513.0,116936.0,217652.0
2016-09-30 00:00:00+09:00,119029.0,119447.0,93462.0,95560.0,2221794.0
2016-10-04 00:00:00+09:00,84658.0,91784.0,81223.0,87597.0,1510962.0
2016-10-05 00:00:00+09:00,89270.0,91366.0,84243.0,84664.0,704928.0
2016-10-06 00:00:00+09:00,83738.0,86336.0,82145.0,82736.0,504458.0
2016-10-07 00:00:00+09:00,83487.0,84658.0,76361.0,77034.0,768811.0
2016-10-10 00:00:00+09:00,77115.0,80723.0,77115.0,80723.0,357231.0
2016-10-11 00:00:00+09:00,81055.0,81474.0,78792.0,79383.0,192530.0
2016-10-12 00:00:00+09:00,78792.0,81810.0,78792.0,80136.0,180661.0
2016-10-13 00:00:00+09:00,80133.0,80971.0,78038.0,78207.0,155784.0
2016-10-14 00:00:00+09:00,78371.0,78961.0,76528.0,77119.0,174101.0
2016-10-17 00:00:00+09:00,76863.0,76863.0,72086.0,74438.0,515132.0
2016-10-18 00:00:00+09:00,74349.0,75439.0,72673.0,73011.0,178477.0
2016-10-19 00:00:00+09:00,73092.0,74601.0,72422.0,73515.0,170461.0
2016-10-20 00:00:00+09:00,74097.0,74601.0,72086.0,72424.0,155910.0
2016-10-21 00:00:00+09:00,72253.0,74767.0,72085.0,73429.0,205645.0
2016-10-24 00:00:00+09:00,74266.0,74517.0,72337.0,73515.0,192906.0
2016-10-25 00:00:00+09:00,73428.0,73510.0,70074.0,70161.0,245459.0
2016-10-26 00:00:00+09:00,69990.0,71667.0,68145.0,70833.0,121934.0
2016-10-27 00:00:00+09:00,70828.0,72169.0,69739.0,71502.0,111803.0
2016-10-28 00:00:00+09:00,71583.0,71667.0,66385.0,66556.0,281696.0
2016-10-31 00:00:00+09:00,66218.0,67141.0,62195.0,63791.0,363586.0
2016-11-01 00:00:00+09:00,63536.0,64793.0,62027.0,62365.0,214874.0
2016-11-02 00:00:00+09:00,62530.0,63117.0,59008.0,59264.0,249254.0
2016-11-03 00:00:00+09:00,58925.0,62781.0,58925.0,62534.0,267156.0
2016-11-04 00:00:00+09:00,62361.0,64123.0,60937.0,63455.0,201400.0
2016-11-07 00:00:00+09:00,64375.0,64458.0,62279.0,63791.0,87176.0
2016-11-08 00:00:00+09:00,64123.0,65799.0,63787.0,65383.0,133348.0
2016-11-09 00:00:00+09:00,64541.0,64541.0,59094.0,62198.0,371451.0
2016-11-10 00:00:00+09:00,64793.0,74768.0,64709.0,72927.0,781043.0
2016-11-11 00:00:00+09:00,74097.0,74936.0,70494.0,72509.0,472347.0
2016-11-14 00:00:00+09:00,72924.0,74601.0,71918.0,72509.0,199486.0
2016-11-15 00:00:00+09:00,72505.0,73510.0,68985.0,70078.0,212869.0
2016-11-16 00:00:00+09:00,70326.0,70745.0,68901.0,69239.0,153795.0
2016-11-17 00:00:00+09:00,69236.0,69572.0,66303.0,66556.0,236714.0
2016-11-18 00:00:00+09:00,66889.0,66889.0,63871.0,63959.0,171939.0
2016-11-21 00:00:00+09:00,63871.0,64375.0,61357.0,62115.0,179051.0
2016-11-22 00:00:00+09:00,62699.0,63368.0,61357.0,61444.0,134536.0
2016-11-23 00:00:00+09:00,61525.0,61859.0,58340.0,58677.0,255438.0
2016-11-24 00:00:00+09:00,58505.0,60684.0,58255.0,59182.0,208245.0
2016-11-25 00:00:00+09:00,59176.0,64207.0,59176.0,62534.0,278840.0
2016-11-28 00:00:00+09:00,63368.0,63620.0,61105.0,61360.0,133781.0
2016-11-29 00:00:00+09:00,61272.0,64040.0,60937.0,62282.0,144226.0
2016-11-30 00:00:00+09:00,62866.0,62950.0,61440.0,62869.0,134311.0
2016-12-01 00:00:00+09:00,62612.0,62781.0,59848.0,60438.0,170659.0
2016-12-02 00:00:00+09:00,59848.0,61021.0,59680.0,59935.0,106488.0
2016-12-05 00:00:00+09:00,59512.0,60350.0,58843.0,59096.0,125089.0
2016-12-06 00:00:00+09:00,59597.0,61189.0,59176.0,59347.0,166943.0
2016-12-07 00:00:00+09:00,59428.0,59597.0,47190.0,50547.0,2158301.0
2016-12-08 00:00:00+09:00,50880.0,51884.0,47778.0,49456.0,695138.0
2016-12-09 00:00:00+09:00,49286.0,51298.0,49286.0,50463.0,359147.0
2016-12-12 00:00:00+09:00,51298.0,52303.0,50207.0,51972.0,250017.0
2016-12-13 00:00:00+09:00,52219.0,53895.0,51800.0,53144.0,252446.0
2016-12-14 00:00:00+09:00,53224.0,53729.0,52052.0,52558.0,149243.0
2016-12-15 00:00:00+09:00,52135.0,53648.0,52135.0,53648.0,123280.0
2016-12-16 00:00:00+09:00,54148.0,54566.0,52807.0,52809.0,156131.0
2016-12-19 00:00:00+09:00,52638.0,53142.0,51716.0,52223.0,98412.0
2016-12-20 00:00:00+09:00,52723.0,53224.0,51884.0,51887.0,89020.0
2016-12-21 00:00:00+09:00,52135.0,52388.0,51130.0,52056.0,106609.0
2016-12-22 00:00:00+09:00,52052.0,52388.0,51214.0,51467.0,73053.0
2016-12-23 00:00:00+09:00,51633.0,53980.0,51298.0,53815.0,241481.0
2016-12-26 00:00:00+09:00,54566.0,56746.0,53980.0,56331.0,280149.0
2016-12-27 00:00:00+09:00,56578.0,56997.0,55152.0,56080.0,158023.0
2016-12-28 00:00:00+09:00,55992.0,57755.0,55992.0,57755.0,190163.0
2016-12-29 00:00:00+09:00,51465.0,53729.0,51130.0,51217.0,891835.0
2017-01-02 00:00:00+09:00,50123.0,50123.0,47357.0,47528.0,421975.0
2017-01-03 00:00:00+09:00,48615.0,49788.0,47860.0,48032.0,400831.0
2017-01-04 00:00:00+09:00,48699.0,49707.0,48615.0,49456.0,314953.0
2017-01-05 00:00:00+09:00,50041.0,50710.0,49286.0,49707.0,269275.0
2017-01-06 00:00:00+09:00,49202.0,49453.0,48364.0,48954.0,238091.0
2017-01-09 00:00:00+09:00,49119.0,49202.0,47609.0,47612.0,227976.0
2017-01-10 00:00:00+09:00,47860.0,48029.0,46939.0,47194.0,254848.0
2017-01-11 00:00:00+09:00,47778.0,48447.0,47275.0,47864.0,246363.0
2017-01-12 00:00:00+09:00,47778.0,47860.0,46519.0,46774.0,338915.0
2017-01-13 00:00:00+09:00,46770.0,49202.0,46770.0,48702.0,415062.0
2017-01-16 00:00:00+09:00,49118.0,49620.0,48279.0,49289.0,198798.0
2017-01-17 00:00:00+09:00,49537.0,50292.0,49118.0,49289.0,192792.0
2017-01-18 00:00:00+09:00,49453.0,49872.0,48866.0,49289.0,87954.0
2017-01-19 00:00:00+09:00,49872.0,49872.0,48364.0,48451.0,124044.0
2017-01-20 00:00:00+09:00,48866.0,51968.0,48615.0,50799.0,386902.0
2017-01-23 00:00:00+09:00,50962.0,51298.0,49788.0,50044.0,144874.0
2017-01-24 00:00:00+09:00,50041.0,50375.0,48951.0,49289.0,135762.0
2017-01-25 00:00:00+09:00,49034.0,49872.0,48029.0,48199.0,127401.0
2017-01-26 00:00:00+09:00,48279.0,48615.0,47190.0,48451.0,105441.0
2017-01-31 00:00:00+09:00,48364.0,49453.0,48364.0,48367.0,102689.0
2017-02-01 00:00:00+09:00,48951.0,50542.0,48279.0,50295.0,225139.0
2017-02-02 00:00:00+09:00,50292.0,50629.0,49537.0,49625.0,130217.0
2017-02-03 00:00:00+09:00,49872.0,50041.0,49118.0,49289.0,78031.0
2017-02-06 00:00:00+09:00,49707.0,50459.0,49034.0,50128.0,90354.0
2017-02-07 00:00:00+09:00,50374.0,52806.0,50040.0,52390.0,304006.0
2017-02-08 00:00:00+09:00,51716.0,52388.0,50880.0,51887.0,196042.0
2017-02-09 00:00:00+09:00,52051.0,52390.0,52051.0,52390.0,185584.0
2017-02-10 00:00:00+09:00,52723.0,53477.0,52220.0,52558.0,191904.0
2017-02-13 00:00:00+09:00,52723.0,53393.0,52555.0,52809.0,146030.0
2017-02-14 00:00:00+09:00,52471.0,53644.0,52220.0,53481.0,195925.0
2017-02-15 00:00:00+09:00,53835.0,55982.0,53746.0,55447.0,260160.0
2017-02-16 00:00:00+09:00,55803.0,55982.0,54193.0,55447.0,186854.0
2017-02-17 00:00:00+09:00,55712.0,56967.0,55088.0,56252.0,144401.0
2017-02-20 00:00:00+09:00,56250.0,56339.0,54819.0,55178.0,109096.0
2017-02-21 00:00:00+09:00,54997.0,55982.0,54997.0,55178.0,136293.0
2017-02-22 00:00:00+09:00,55177.0,55445.0,54372.0,54642.0,72173.0
2017-02-23 00:00:00+09:00,54819.0,55803.0,54551.0,54911.0,96087.0
2017-02-24 00:00:00+09:00,55177.0,57055.0,54997.0,56879.0,228635.0
2017-02-27 00:00:00+09:00,56875.0,60723.0,56875.0,59203.0,379398.0
2017-02-28 00:00:00+09:00,59826.0,59917.0,57323.0,58667.0,243342.0
2017-03-02 00:00:00+09:00,59021.0,59021.0,56875.0,57056.0,157712.0
2017-03-03 00:00:00+09:00,56697.0,56967.0,54908.0,55178.0,169813.0
2017-03-06 00:00:00+09:00,54193.0,55982.0,54014.0,54554.0,142747.0
2017-03-07 00:00:00+09:00,53925.0,54640.0,53387.0,54554.0,170668.0
2017-03-08 00:00:00+09:00,54551.0,55088.0,53029.0,53123.0,201554.0
2017-03-09 00:00:00+09:00,53477.0,53835.0,52404.0,52496.0,188622.0
2017-03-10 00:00:00+09:00,52852.0,53657.0,51510.0,52586.0,218845.0
2017-03-13 00:00:00+09:00,52672.0,52852.0,52047.0,52228.0,129358.0
2017-03-14 00:00:00+09:00,52314.0,52762.0,51778.0,52050.0,111064.0
2017-03-15 00:00:00+09:00,52047.0,52314.0,50793.0,50886.0,177101.0
2017-03-16 00:00:00+09:00,51152.0,51778.0,50884.0,51245.0,92865.0
2017-03-17 00:00:00+09:00,51241.0,51778.0,50526.0,50975.0,138529.0
2017-03-20 00:00:00+09:00,50436.0,50793.0,49543.0,49813.0,162884.0
2017-03-21 00:00:00+09:00,49989.0,51062.0,49543.0,50172.0,114546.0
2017-03-22 00:00:00+09:00,50169.0,51957.0,50169.0,51066.0,165020.0
2017-03-23 00:00:00+09:00,51241.0,51778.0,50169.0,50440.0,119726.0
2017-03-24 00:00:00+09:00,50526.0,51959.0,50526.0,51959.0,165273.0
2017-03-27 00:00:00+09:00,51867.0,53925.0,51420.0,53481.0,319165.0
2017-03-28 00:00:00+09:00,54014.0,54103.0,52135.0,52676.0,180161.0
2017-03-29 00:00:00+09:00,52852.0,52944.0,52852.0,52944.0,115990.0
2017-03-30 00:00:00+09:00,52672.0,52852.0,51420.0,51514.0,147304.0
2017-03-31 00:00:00+09:00,51510.0,52762.0,51420.0,52228.0,111989.0
2017-04-03 00:00:00+09:00,52494.0,53925.0,52226.0,53481.0,178086.0
2017-04-04 00:00:00+09:00,53299.0,53477.0,52672.0,53300.0,102708.0
2017-04-05 00:00:00+09:00,53387.0,54103.0,51867.0,52318.0,224921.0
2017-04-06 00:00:00+09:00,52047.0,52314.0,51152.0,52138.0,105568.0
2017-04-07 00:00:00+09:00,52135.0,52672.0,51778.0,51959.0,100053.0
2017-04-10 00:00:00+09:00,51867.0,52226.0,50793.0,51155.0,116198.0
2017-04-11 00:00:00+09:00,50974.0,51867.0,50974.0,51245.0,90439.0
2017-04-12 00:00:00+09:00,51241.0,51331.0,50257.0,50798.0,113280.0
2017-04-13 00:00:00+09:00,50704.0,52318.0,50704.0,52318.0,149182.0
2017-04-14 00:00:00+09:00,52583.0,55177.0,52404.0,53034.0,630293.0
2017-04-17 00:00:00+09:00,53567.0,53925.0,52404.0,53569.0,169314.0
2017-04-18 00:00:00+09:00,53567.0,54465.0,53567.0,54465.0,189088.0
2017-04-19 00:00:00+09:00,54103.0,54997.0,53657.0,54554.0,203955.0
2017-04-20 00:00:00+09:00,54908.0,56697.0,54283.0,55984.0,401703.0
2017-04-21 00:00:00+09:00,56250.0,56339.0,55266.0,55537.0,152585.0
2017-04-24 00:00:00+09:00,55535.0,55803.0,54640.0,55002.0,102301.0
2017-04-25 00:00:00+09:00,55177.0,56070.0,54460.0,54822.0,103258.0
2017-04-26 00:00:00+09:00,54997.0,55177.0,54193.0,54554.0,107791.0
2017-04-27 00:00:00+09:00,54730.0,55177.0,53657.0,54107.0,106142.0
2017-04-28 00:00:00+09:00,54103.0,55624.0,53210.0,54284.0,287499.0
2017-05-02 00:00:00+09:00,54193.0,54372.0,52940.0,53300.0,147041.0
2017-05-04 00:00:00+09:00,53119.0,54908.0,53119.0,54284.0,122853.0
2017-05-08 00:00:00+09:00,54997.0,59291.0,54730.0,58310.0,982385.0
2017-05-10 00:00:00+09:00,58933.0,59826.0,57503.0,58934.0,386074.0
2017-05-11 00:00:00+09:00,58933.0,63405.0,58307.0,62334.0,775494.0
2017-05-12 00:00:00+09:00,62601.0,63673.0,60989.0,63228.0,420714.0
2017-05-15 00:00:00+09:00,63225.0,65552.0,62510.0,63586.0,327123.0
2017-05-16 00:00:00+09:00,63673.0,64298.0,60811.0,61171.0,421671.0
2017-05-17 00:00:00+09:00,61527.0,63583.0,61259.0,62155.0,265602.0
2017-05-18 00:00:00+09:00,60989.0,61885.0,59826.0,61797.0,255732.0
2017-05-19 00:00:00+09:00,62420.0,62510.0,61079.0,61529.0,113791.0
2017-05-22 00:00:00+09:00,61704.0,61885.0,59649.0,60366.0,193624.0
2017-05-23 00:00:00+09:00,60364.0,62334.0,60364.0,62334.0,255857.0
2017-05-24 00:00:00+09:00,62510.0,63583.0,61885.0,62602.0,194342.0
2017-05-25 00:00:00+09:00,63405.0,63405.0,61527.0,61709.0,186625.0
2017-05-26 00:00:00+09:00,61527.0,62689.0,60811.0,61886.0,153467.0
2017-05-29 00:00:00+09:00,62152.0,62332.0,60811.0,60993.0,122815.0
2017-05-30 00:00:00+09:00,61169.0,63673.0,60453.0,62513.0,312090.0
2017-05-31 00:00:00+09:00,62777.0,66179.0,62777.0,66179.0,619243.0
2017-06-01 00:00:00+09:00,67251.0,68235.0,65552.0,66537.0,465181.0
2017-06-02 00:00:00+09:00,67070.0,67339.0,65641.0,66984.0,275133.0
2017-06-05 00:00:00+09:00,67697.0,70202.0,66893.0,68952.0,474545.0
2017-06-07 00:00:00+09:00,68591.0,69753.0,67339.0,69667.0,324103.0
2017-06-08 00:00:00+09:00,70022.0,73782.0,70022.0,73782.0,625328.0
2017-06-09 00:00:00+09:00,74672.0,78518.0,74672.0,77806.0,775622.0
2017-06-12 00:00:00+09:00,79323.0,79323.0,75925.0,77358.0,470433.0
2017-06-13 00:00:00+09:00,77893.0,85315.0,77802.0,84871.0,880928.0
2017-06-14 00:00:00+09:00,85941.0,90324.0,85852.0,87466.0,954493.0
2017-06-15 00:00:00+09:00,86299.0,89877.0,85137.0,88894.0,950405.0
2017-06-16 00:00:00+09:00,89161.0,89161.0,80486.0,80668.0,1267886.0
2017-06-19 00:00:00+09:00,80753.0,84690.0,79234.0,83440.0,687121.0
2017-06-20 00:00:00+09:00,84867.0,84867.0,77177.0,79057.0,749173.0
2017-06-21 00:00:00+09:00,78071.0,81291.0,77445.0,79326.0,360853.0
2017-06-22 00:00:00+09:00,81111.0,83438.0,79591.0,82099.0,402656.0
2017-06-23 00:00:00+09:00,83527.0,85315.0,81827.0,81919.0,349448.0
2017-06-26 00:00:00+09:00,82365.0,83347.0,80753.0,81382.0,227357.0
2017-06-27 00:00:00+09:00,81469.0,84243.0,81469.0,83440.0,319563.0
2017-06-28 00:00:00+09:00,82722.0,83347.0,78071.0,78699.0,583750.0
2017-06-29 00:00:00+09:00,79681.0,80217.0,76192.0,78699.0,369142.0
2017-06-30 00:00:00+09:00,77802.0,79412.0,74851.0,75481.0,482388.0
2017-07-03 00:00:00+09:00,75835.0,76283.0,72347.0,74587.0,384363.0
2017-07-04 00:00:00+09:00,74942.0,76461.0,73778.0,74766.0,267385.0
2017-07-05 00:00:00+09:00,74762.0,76373.0,74226.0,75839.0,175337.0
2017-07-06 00:00:00+09:00,76283.0,78786.0,75835.0,78075.0,349388.0
2017-07-07 00:00:00+09:00,77982.0,78339.0,76192.0,77269.0,153874.0
2017-07-10 00:00:00+09:00,77713.0,77893.0,75656.0,77001.0,145595.0
2017-07-11 00:00:00+09:00,76998.0,78965.0,76998.0,78075.0,129453.0
2017-07-12 00:00:00+09:00,78874.0,79949.0,77625.0,78252.0,217666.0
2017-07-13 00:00:00+09:00,79144.0,79144.0,75300.0,75571.0,335999.0
2017-07-14 00:00:00+09:00,74851.0,75567.0,72884.0,74854.0,269960.0
2017-07-17 00:00:00+09:00,74942.0,77087.0,74942.0,75302.0,199200.0
2017-07-18 00:00:00+09:00,76373.0,76730.0,74672.0,76016.0,145153.0
2017-07-19 00:00:00+09:00,76283.0,77713.0,75300.0,77358.0,168749.0
2017-07-20 00:00:00+09:00,78518.0,80221.0,78518.0,80221.0,231334.0
2017-07-21 00:00:00+09:00,81022.0,81111.0,77893.0,77895.0,270867.0
2017-07-24 00:00:00+09:00,77893.0,78965.0,77802.0,78880.0,94352.0
2017-07-25 00:00:00+09:00,78698.0,79949.0,77087.0,77449.0,202076.0
2017-07-26 00:00:00+09:00,78071.0,78698.0,77355.0,78432.0,146099.0
2017-07-27 00:00:00+09:00,78965.0,79323.0,77982.0,79236.0,136241.0
2017-07-28 00:00:00+09:00,78161.0,78874.0,75478.0,75571.0,273401.0
2017-07-31 00:00:00+09:00,74494.0,76015.0,73063.0,74497.0,158616.0
2017-08-01 00:00:00+09:00,74405.0,75567.0,73600.0,74587.0,126474.0
2017-08-02 00:00:00+09:00,74583.0,74942.0,72617.0,72708.0,192181.0
2017-08-03 00:00:00+09:00,72705.0,73242.0,68054.0,68594.0,363289.0
2017-08-04 00:00:00+09:00,68502.0,69753.0,67339.0,68862.0,153684.0
2017-08-07 00:00:00+09:00,68949.0,72437.0,68859.0,72351.0,178564.0
2017-08-08 00:00:00+09:00,72794.0,73063.0,71095.0,72351.0,105868.0
2017-08-09 00:00:00+09:00,71632.0,72259.0,71185.0,71545.0,88511.0
2017-08-10 00:00:00+09:00,71544.0,74046.0,71185.0,72440.0,225696.0
2017-08-11 00:00:00+09:00,71007.0,71990.0,70022.0,70561.0,158220.0
2017-08-14 00:00:00+09:00,70826.0,71452.0,70202.0,70919.0,61122.0
2017-08-16 00:00:00+09:00,71363.0,71990.0,69933.0,70472.0,106268.0
2017-08-17 00:00:00+09:00,70202.0,71274.0,69843.0,70919.0,79373.0
2017-08-18 00:00:00+09:00,70290.0,76640.0,69933.0,76465.0,338483.0
2017-08-21 00:00:00+09:00,76819.0,78965.0,75835.0,77358.0,327781.0
2017-08-22 00:00:00+09:00,78161.0,78518.0,75925.0,77180.0,152286.0
2017-08-23 00:00:00+09:00,77266.0,77626.0,77266.0,77626.0,140121.0
2017-08-24 00:00:00+09:00,77625.0,78786.0,77266.0,77537.0,167013.0
2017-08-25 00:00:00+09:00,77713.0,78790.0,77713.0,78790.0,152482.0
2017-08-28 00:00:00+09:00,79144.0,82454.0,79144.0,82189.0,605006.0
2017-08-29 00:00:00+09:00,82095.0,82990.0,80039.0,81919.0,296516.0
2017-08-30 00:00:00+09:00,81917.0,82811.0,80843.0,81115.0,179351.0
2017-08-31 00:00:00+09:00,81469.0,81649.0,78965.0,80041.0,204796.0
2017-09-01 00:00:00+09:00,80576.0,82542.0,80395.0,80577.0,301373.0
2017-09-04 00:00:00+09:00,77713.0,80128.0,77625.0,78343.0,208561.0
2017-09-05 00:00:00+09:00,79055.0,79323.0,76998.0,77449.0,166767.0
2017-09-06 00:00:00+09:00,77445.0,79949.0,77266.0,79505.0,132339.0
2017-09-07 00:00:00+09:00,79771.0,80934.0,79055.0,80310.0,129278.0
2017-09-08 00:00:00+09:00,80217.0,81381.0,79771.0,80041.0,105025.0
2017-09-11 00:00:00+09:00,80486.0,81381.0,80039.0,81025.0,117308.0
2017-09-12 00:00:00+09:00,81381.0,81381.0,79681.0,79773.0,111519.0
2017-09-13 00:00:00+09:00,79502.0,79949.0,77625.0,77717.0,159685.0
2017-09-14 00:00:00+09:00,77713.0,78965.0,77087.0,78880.0,136866.0
2017-09-15 00:00:00+09:00,78071.0,80307.0,78071.0,80131.0,166774.0
2017-09-18 00:00:00+09:00,79949.0,80486.0,78428.0,78610.0,122748.0
2017-09-19 00:00:00+09:00,78609.0,82814.0,78609.0,82814.0,477271.0
2017-09-20 00:00:00+09:00,83259.0,86746.0,82273.0,84691.0,625921.0
2017-09-21 00:00:00+09:00,85585.0,85763.0,82273.0,83083.0,296268.0
2017-09-22 00:00:00+09:00,82990.0,84420.0,80395.0,80758.0,232450.0
2017-09-25 00:00:00+09:00,80576.0,82990.0,79771.0,81651.0,180857.0
2017-09-26 00:00:00+09:00,80934.0,82273.0,80934.0,81831.0,93071.0
2017-09-27 00:00:00+09:00,81827.0,82722.0,80753.0,81025.0,99388.0
2017-09-28 00:00:00+09:00,81022.0,81649.0,78965.0,79236.0,110977.0
2017-09-29 00:00:00+09:00,79949.0,83079.0,79591.0,82189.0,226169.0
2017-10-10 00:00:00+09:00,82454.0,85137.0,82273.0,84691.0,389547.0
2017-10-11 00:00:00+09:00,84510.0,85315.0,81111.0,81831.0,219505.0
2017-10-12 00:00:00+09:00,82632.0,86567.0,82542.0,85497.0,466052.0
2017-10-13 00:00:00+09:00,85852.0,88088.0,84779.0,86748.0,404564.0
2017-10-16 00:00:00+09:00,87641.0,88535.0,85315.0,85855.0,174460.0
2017-10-17 00:00:00+09:00,85315.0,87372.0,84063.0,86570.0,238065.0
2017-10-18 00:00:00+09:00,85941.0,88266.0,85048.0,85318.0,199078.0
2017-10-19 00:00:00+09:00,87462.0,91218.0,86746.0,90326.0,827359.0
2017-10-20 00:00:00+09:00,89429.0,90771.0,88624.0,89164.0,214469.0
2017-10-23 00:00:00+09:00,89249.0,91218.0,86835.0,88089.0,249640.0
2017-10-24 00:00:00+09:00,87819.0,89877.0,87015.0,89432.0,178319.0
2017-10-25 00:00:00+09:00,89071.0,89161.0,86388.0,86839.0,206999.0
2017-10-26 00:00:00+09:00,86746.0,86835.0,83884.0,84156.0,270435.0
2017-10-27 00:00:00+09:00,84420.0,86122.0,83079.0,84871.0,156245.0
2017-10-30 00:00:00+09:00,85137.0,85405.0,81469.0,81919.0,242044.0
2017-10-31 00:00:00+09:00,82184.0,83527.0,81381.0,82099.0,184233.0
2017-11-01 00:00:00+09:00,83884.0,87641.0,83437.0,85318.0,445872.0
2017-11-02 00:00:00+09:00,84957.0,85137.0,82901.0,82992.0,165049.0
2017-11-03 00:00:00+09:00,85137.0,86658.0,84957.0,85587.0,239192.0
2017-11-06 00:00:00+09:00,85852.0,86388.0,84779.0,85765.0,102967.0
2017-11-07 00:00:00+09:00,85763.0,85763.0,83884.0,84156.0,98399.0
2017-11-08 00:00:00+09:00,83706.0,85765.0,83706.0,85765.0,103982.0
2017-11-09 00:00:00+09:00,86029.0,86567.0,85048.0,85049.0,123270.0
2017-11-10 00:00:00+09:00,85048.0,85673.0,83794.0,84066.0,95075.0
2017-11-13 00:00:00+09:00,84510.0,87641.0,84151.0,87108.0,206740.0
2017-11-14 00:00:00+09:00,87731.0,88000.0,86478.0,87285.0,147526.0
2017-11-15 00:00:00+09:00,87462.0,107762.0,86746.0,105976.0,2517470.0
2017-11-16 00:00:00+09:00,107316.0,108658.0,100607.0,108213.0,1223055.0
2017-11-17 00:00:00+09:00,105975.0,107316.0,102843.0,102848.0,550113.0
2017-11-20 00:00:00+09:00,104185.0,111340.0,103738.0,104189.0,640453.0
2017-11-21 00:00:00+09:00,104185.0,106868.0,101054.0,105530.0,364615.0
2017-11-22 00:00:00+09:00,106868.0,107316.0,99267.0,99716.0,441649.0
2017-11-23 00:00:00+09:00,97925.0,103290.0,96584.0,102400.0,262067.0
2017-11-24 00:00:00+09:00,103738.0,112233.0,101502.0,105530.0,604270.0
2017-11-27 00:00:00+09:00,104633.0,108210.0,104185.0,105530.0,184703.0
2017-11-28 00:00:00+09:00,109550.0,111340.0,103738.0,104189.0,393422.0
2017-11-29 00:00:00+09:00,105975.0,108210.0,104633.0,106871.0,192918.0
2017-11-30 00:00:00+09:00,106868.0,107316.0,101054.0,101952.0,305155.0
2017-12-01 00:00:00+09:00,102396.0,104185.0,101054.0,103742.0,147483.0
2017-12-04 00:00:00+09:00,103738.0,104633.0,100607.0,101058.0,131666.0
2017-12-05 00:00:00+09:00,101502.0,102396.0,99267.0,100164.0,106563.0
2017-12-06 00:00:00+09:00,100607.0,101502.0,95689.0,97033.0,204947.0
2017-12-07 00:00:00+09:00,97925.0,98820.0,91664.0,93904.0,232892.0
2017-12-08 00:00:00+09:00,93900.0,96136.0,93006.0,93904.0,117994.0
2017-12-11 00:00:00+09:00,94795.0,100161.0,93900.0,99269.0,135941.0
2017-12-12 00:00:00+09:00,98372.0,99714.0,95689.0,96586.0,120601.0
2017-12-13 00:00:00+09:00,96136.0,99267.0,96136.0,98822.0,96687.0
2017-12-14 00:00:00+09:00,99714.0,101054.0,97031.0,97033.0,152334.0
2017-12-15 00:00:00+09:00,98372.0,99269.0,98372.0,99269.0,87787.0
2017-12-18 00:00:00+09:00,98372.0,99714.0,97031.0,97480.0,64393.0
2017-12-19 00:00:00+09:00,97925.0,97925.0,93900.0,97033.0,120722.0
2017-12-20 00:00:00+09:00,96136.0,97031.0,93900.0,95692.0,85549.0
2017-12-21 00:00:00+09:00,94795.0,95689.0,93453.0,93457.0,86549.0
2017-12-22 00:00:00+09:00,94348.0,98372.0,93900.0,97480.0,149219.0
2017-12-26 00:00:00+09:00,95689.0,101054.0,95689.0,97480.0,149289.0
2017-12-27 00:00:00+09:00,99301.0,101579.0,97023.0,100670.0,132965.0
2017-12-28 00:00:00+09:00,100667.0,101579.0,99301.0,101126.0,95881.0
2018-01-02 00:00:00+09:00,102034.0,105222.0,99757.0,103858.0,137410.0
2018-01-03 00:00:00+09:00,102944.0,106589.0,100667.0,104313.0,234054.0
2018-01-04 00:00:00+09:00,105222.0,105677.0,98846.0,99758.0,161172.0
2018-01-05 00:00:00+09:00,99757.0,102034.0,98846.0,101580.0,70129.0
2018-01-08 00:00:00+09:00,102489.0,103400.0,100211.0,101580.0,93042.0
2018-01-09 00:00:00+09:00,102034.0,103400.0,96568.0,97936.0,192100.0
2018-01-10 00:00:00+09:00,98389.0,100211.0,96567.0,98847.0,92144.0
2018-01-11 00:00:00+09:00,99757.0,100667.0,97935.0,97936.0,137730.0
2018-01-12 00:00:00+09:00,98846.0,107956.0,98846.0,101126.0,630444.0
2018-01-15 00:00:00+09:00,102944.0,103400.0,99301.0,102492.0,140865.0
2018-01-16 00:00:00+09:00,103400.0,103400.0,99301.0,100670.0,187997.0
2018-01-17 00:00:00+09:00,100667.0,102034.0,99757.0,100670.0,94159.0
2018-01-18 00:00:00+09:00,100667.0,102034.0,99301.0,99758.0,95241.0
2018-01-19 00:00:00+09:00,99301.0,99757.0,95656.0,96114.0,131919.0
2018-01-22 00:00:00+09:00,95656.0,96111.0,91557.0,93381.0,183720.0
2018-01-23 00:00:00+09:00,94745.0,97025.0,94745.0,97025.0,138612.0
2018-01-24 00:00:00+09:00,96111.0,97023.0,94745.0,95203.0,90477.0
2018-01-25 00:00:00+09:00,95200.0,97479.0,94745.0,95203.0,68512.0
2018-01-26 00:00:00+09:00,95200.0,98391.0,95200.0,98391.0,94388.0
2018-01-29 00:00:00+09:00,99757.0,99757.0,96111.0,96114.0,118463.0
2018-01-30 00:00:00+09:00,97934.0,101122.0,97023.0,97480.0,245496.0
2018-01-31 00:00:00+09:00,96567.0,97479.0,92012.0,95658.0,158784.0
2018-02-01 00:00:00+09:00,94745.0,95656.0,92467.0,93381.0,119766.0
2018-02-02 00:00:00+09:00,92923.0,93835.0,92012.0,92925.0,102853.0
2018-02-05 00:00:00+09:00,91102.0,92923.0,86546.0,86912.0,204075.0
2018-02-06 00:00:00+09:00,84997.0,93379.0,83448.0,90193.0,287037.0
2018-02-07 00:00:00+09:00,92012.0,92923.0,87365.0,87369.0,165914.0
2018-02-08 00:00:00+09:00,86636.0,89006.0,86636.0,88006.0,112920.0
2018-02-09 00:00:00+09:00,85179.0,87001.0,84178.0,85728.0,126181.0
2018-02-12 00:00:00+09:00,85908.0,87001.0,83539.0,84178.0,100154.0
2018-02-13 00:00:00+09:00,84178.0,85726.0,83904.0,84271.0,70658.0
2018-02-14 00:00:00+09:00,84268.0,86180.0,83539.0,86094.0,107966.0
2018-02-19 00:00:00+09:00,77435.0,80625.0,75705.0,78623.0,609670.0
2018-02-20 00:00:00+09:00,79167.0,80897.0,78893.0,79078.0,216717.0
2018-02-21 00:00:00+09:00,79349.0,79987.0,77982.0,79442.0,110416.0
2018-02-22 00:00:00+09:00,78803.0,79167.0,77800.0,78348.0,101904.0
2018-02-23 00:00:00+09:00,78165.0,79531.0,78165.0,79351.0,65479.0
2018-02-26 00:00:00+09:00,79531.0,80260.0,78893.0,79625.0,81663.0
2018-02-27 00:00:00+09:00,79713.0,81080.0,79349.0,80445.0,108168.0
2018-02-28 00:00:00+09:00,79713.0,79803.0,76343.0,76527.0,188561.0
2018-03-02 00:00:00+09:00,75250.0,76888.0,74885.0,75980.0,76223.0
2018-03-05 00:00:00+09:00,75613.0,77892.0,74975.0,77347.0,98209.0
2018-03-06 00:00:00+09:00,77709.0,79807.0,77709.0,79807.0,98830.0
2018-03-07 00:00:00+09:00,79531.0,79531.0,76616.0,76891.0,120996.0
2018-03-08 00:00:00+09:00,77435.0,78255.0,76797.0,78167.0,100372.0
2018-03-09 00:00:00+09:00,78347.0,81080.0,77982.0,80445.0,121207.0
2018-03-12 00:00:00+09:00,81352.0,86455.0,80168.0,85546.0,238588.0
2018-03-13 00:00:00+09:00,84268.0,87731.0,83631.0,86184.0,131790.0
2018-03-14 00:00:00+09:00,85363.0,85543.0,83904.0,85363.0,73013.0
2018-03-15 00:00:00+09:00,85363.0,85908.0,84087.0,85363.0,84655.0
2018-03-16 00:00:00+09:00,85818.0,85908.0,83995.0,85455.0,103892.0
2018-03-19 00:00:00+09:00,85453.0,85635.0,83995.0,84088.0,60030.0
2018-03-20 00:00:00+09:00,83358.0,84997.0,81990.0,84363.0,123999.0
2018-03-21 00:00:00+09:00,83631.0,87641.0,83631.0,87641.0,179876.0
2018-03-22 00:00:00+09:00,87457.0,88550.0,84814.0,85183.0,145208.0
2018-03-23 00:00:00+09:00,82265.0,83904.0,82081.0,82085.0,164087.0
2018-03-26 00:00:00+09:00,81990.0,84724.0,81990.0,84543.0,98882.0
2018-03-27 00:00:00+09:00,84906.0,86546.0,84450.0,85638.0,88657.0
2018-03-28 00:00:00+09:00,84450.0,84724.0,82993.0,83907.0,101692.0
2018-03-29 00:00:00+09:00,83904.0,86546.0,83722.0,86001.0,71910.0
2018-03-30 00:00:00+09:00,85818.0,85908.0,84087.0,84727.0,97519.0
2018-04-02 00:00:00+09:00,84268.0,86364.0,84268.0,84909.0,82980.0
2018-04-03 00:00:00+09:00,84450.0,84450.0,82901.0,83359.0,88954.0
2018-04-04 00:00:00+09:00,83358.0,87457.0,82993.0,86094.0,185521.0
2018-04-05 00:00:00+09:00,86636.0,87547.0,84358.0,84634.0,113156.0
2018-04-06 00:00:00+09:00,84633.0,85999.0,84268.0,84818.0,89007.0
2018-04-09 00:00:00+09:00,84814.0,85363.0,83813.0,84634.0,74145.0
2018-04-10 00:00:00+09:00,84906.0,89188.0,84633.0,88461.0,251532.0
2018-04-11 00:00:00+09:00,88096.0,90554.0,87547.0,87916.0,175629.0
2018-04-12 00:00:00+09:00,87640.0,87731.0,84087.0,84271.0,156534.0
2018-04-13 00:00:00+09:00,79531.0,84633.0,78438.0,83907.0,255882.0
2018-04-16 00:00:00+09:00,83266.0,84543.0,82173.0,82541.0,91907.0
2018-04-17 00:00:00+09:00,82081.0,83175.0,80806.0,81082.0,112960.0
2018-04-18 00:00:00+09:00,81171.0,82537.0,78893.0,79078.0,130157.0
2018-04-19 00:00:00+09:00,79076.0,79258.0,76160.0,76254.0,159972.0
2018-04-20 00:00:00+09:00,76525.0,77800.0,75613.0,76345.0,132070.0
2018-04-23 00:00:00+09:00,76434.0,76706.0,71969.0,72610.0,179213.0
2018-04-24 00:00:00+09:00,72516.0,74247.0,72242.0,72244.0,126182.0
2018-04-25 00:00:00+09:00,71969.0,73153.0,70785.0,71425.0,103789.0
2018-04-26 00:00:00+09:00,71879.0,73882.0,71879.0,73156.0,100831.0
2018-04-27 00:00:00+09:00,73518.0,74429.0,72516.0,73065.0,100941.0
2018-04-30 00:00:00+09:00,73063.0,73245.0,70604.0,70879.0,90826.0
2018-05-02 00:00:00+09:00,69874.0,71969.0,68599.0,69785.0,139256.0
2018-05-03 00:00:00+09:00,70148.0,70785.0,69236.0,69603.0,68367.0
2018-05-04 00:00:00+09:00,69236.0,69236.0,66867.0,66961.0,137158.0
2018-05-08 00:00:00+09:00,66685.0,68689.0,65866.0,65868.0,110218.0
2018-05-09 00:00:00+09:00,66048.0,70785.0,65957.0,70058.0,118035.0
2018-05-10 00:00:00+09:00,69692.0,69965.0,67505.0,68236.0,117998.0
2018-05-11 00:00:00+09:00,68416.0,69510.0,67870.0,68511.0,62456.0
2018-05-14 00:00:00+09:00,68599.0,69145.0,66504.0,68055.0,64914.0
2018-05-15 00:00:00+09:00,68326.0,69874.0,67414.0,69239.0,101414.0
2018-05-16 00:00:00+09:00,69327.0,70238.0,67778.0,69511.0,100510.0
2018-05-17 00:00:00+09:00,69783.0,70148.0,68235.0,68236.0,69039.0
2018-05-18 00:00:00+09:00,68507.0,69874.0,68235.0,68601.0,75466.0
2018-05-21 00:00:00+09:00,68599.0,69145.0,67961.0,68055.0,51826.0
2018-05-23 00:00:00+09:00,67414.0,67961.0,65593.0,66049.0,154214.0
2018-05-24 00:00:00+09:00,66229.0,68051.0,66229.0,67416.0,105736.0
2018-05-25 00:00:00+09:00,67961.0,68599.0,66867.0,67508.0,125571.0
2018-05-28 00:00:00+09:00,66504.0,67232.0,65228.0,65686.0,135439.0
2018-05-29 00:00:00+09:00,65866.0,67051.0,65045.0,65777.0,118248.0
2018-05-30 00:00:00+09:00,66320.0,66412.0,64225.0,64957.0,132716.0
2018-05-31 00:00:00+09:00,65593.0,65683.0,64135.0,64683.0,188126.0
2018-06-01 00:00:00+09:00,64498.0,65773.0,64408.0,65413.0,78507.0
2018-06-04 00:00:00+09:00,65502.0,65502.0,62586.0,63225.0,179996.0
2018-06-05 00:00:00+09:00,63406.0,63952.0,61037.0,61586.0,196505.0
2018-06-07 00:00:00+09:00,61948.0,62951.0,61948.0,62681.0,121742.0
2018-06-08 00:00:00+09:00,62951.0,63588.0,61856.0,62041.0,83323.0
2018-06-11 00:00:00+09:00,61948.0,63679.0,61856.0,63408.0,67599.0
2018-06-12 00:00:00+09:00,63314.0,64682.0,62859.0,63225.0,95865.0
2018-06-14 00:00:00+09:00,63223.0,63496.0,61401.0,62132.0,154631.0
2018-06-15 00:00:00+09:00,61948.0,62676.0,61128.0,61313.0,106224.0
2018-06-18 00:00:00+09:00,61220.0,62130.0,59489.0,60310.0,86294.0
2018-06-19 00:00:00+09:00,60218.0,60308.0,57211.0,57395.0,158335.0
2018-06-20 00:00:00+09:00,57211.0,59123.0,57211.0,58943.0,101197.0
2018-06-21 00:00:00+09:00,57848.0,58758.0,57301.0,57395.0,63786.0
2018-06-22 00:00:00+09:00,56665.0,58943.0,56573.0,58943.0,85644.0
2018-06-25 00:00:00+09:00,58396.0,59214.0,57575.0,58943.0,75872.0
2018-06-26 00:00:00+09:00,58943.0,59123.0,57758.0,58943.0,55843.0
2018-06-27 00:00:00+09:00,58212.0,61584.0,58212.0,60402.0,136231.0
2018-06-28 00:00:00+09:00,61311.0,61584.0,57758.0,58488.0,115586.0
2018-06-29 00:00:00+09:00,58758.0,58943.0,57575.0,58853.0,68966.0
2018-07-02 00:00:00+09:00,58212.0,58851.0,57484.0,57668.0,87173.0
2018-07-03 00:00:00+09:00,58304.0,58304.0,55571.0,57305.0,93899.0
2018-07-04 00:00:00+09:00,57301.0,60945.0,56481.0,60675.0,150407.0
2018-07-05 00:00:00+09:00,61037.0,61037.0,58031.0,59582.0,116824.0
2018-07-06 00:00:00+09:00,59214.0,60945.0,58304.0,60765.0,77936.0
2018-07-09 00:00:00+09:00,60673.0,62221.0,59943.0,61769.0,99176.0
2018-07-10 00:00:00+09:00,61948.0,64498.0,61675.0,63772.0,155471.0
2018-07-11 00:00:00+09:00,62859.0,62951.0,60764.0,61221.0,117868.0
2018-07-12 00:00:00+09:00,61584.0,63314.0,60855.0,62588.0,86905.0
2018-07-13 00:00:00+09:00,61766.0,64043.0,61766.0,62952.0,59946.0
2018-07-16 00:00:00+09:00,62586.0,63496.0,62130.0,63317.0,56978.0
2018-07-17 00:00:00+09:00,63223.0,63223.0,62040.0,62225.0,47452.0
2018-07-18 00:00:00+09:00,62040.0,62859.0,61128.0,61676.0,48779.0
2018-07-19 00:00:00+09:00,61492.0,62311.0,61037.0,61769.0,45128.0
2018-07-20 00:00:00+09:00,62130.0,62311.0,60945.0,62041.0,46014.0
2018-07-23 00:00:00+09:00,62676.0,63679.0,61492.0,62315.0,99863.0
2018-07-24 00:00:00+09:00,62130.0,63588.0,62040.0,63408.0,94174.0
2018-07-25 00:00:00+09:00,63041.0,63952.0,60399.0,60765.0,120330.0
2018-07-26 00:00:00+09:00,61311.0,62767.0,60764.0,61950.0,65208.0
2018-07-27 00:00:00+09:00,62221.0,62311.0,60855.0,61313.0,46876.0
2018-07-30 00:00:00+09:00,61037.0,61401.0,59853.0,61040.0,41011.0
2018-07-31 00:00:00+09:00,61311.0,63314.0,60308.0,63135.0,67158.0
2018-08-01 00:00:00+09:00,63041.0,64954.0,63041.0,64318.0,117821.0
2018-08-02 00:00:00+09:00,64135.0,65409.0,63952.0,64957.0,69202.0
2018-08-03 00:00:00+09:00,65045.0,65866.0,65045.0,65229.0,66684.0
2018-08-06 00:00:00+09:00,65137.0,68326.0,65137.0,68055.0,202316.0
2018-08-07 00:00:00+09:00,67505.0,68872.0,67051.0,68784.0,101489.0
2018-08-08 00:00:00+09:00,68326.0,69419.0,67961.0,69330.0,80689.0
2018-08-09 00:00:00+09:00,69054.0,69968.0,69054.0,69968.0,70967.0
2018-08-10 00:00:00+09:00,70238.0,70512.0,69326.0,70333.0,77774.0
2018-08-13 00:00:00+09:00,69510.0,69600.0,66504.0,67416.0,158408.0
2018-08-14 00:00:00+09:00,66504.0,69327.0,66504.0,67963.0,65793.0
2018-08-16 00:00:00+09:00,66685.0,69600.0,66685.0,68966.0,97870.0
2018-08-17 00:00:00+09:00,68326.0,70420.0,68326.0,70333.0,95462.0
2018-08-20 00:00:00+09:00,70875.0,71787.0,70330.0,70514.0,67564.0
2018-08-21 00:00:00+09:00,70238.0,72334.0,69783.0,71517.0,90026.0
2018-08-22 00:00:00+09:00,71514.0,72516.0,70694.0,71973.0,80750.0
2018-08-23 00:00:00+09:00,72789.0,72881.0,71697.0,72063.0,50120.0
2018-08-24 00:00:00+09:00,72152.0,73518.0,71604.0,73338.0,97599.0
2018-08-27 00:00:00+09:00,73973.0,76616.0,73518.0,76254.0,180860.0
2018-08-28 00:00:00+09:00,76434.0,76797.0,74612.0,75707.0,111673.0
2018-08-29 00:00:00+09:00,75340.0,77435.0,75340.0,77347.0,107425.0
2018-08-30 00:00:00+09:00,77528.0,78893.0,76888.0,78532.0,100229.0
2018-08-31 00:00:00+09:00,79167.0,80989.0,78983.0,79169.0,150380.0
2018-09-03 00:00:00+09:00,79167.0,79895.0,78438.0,79625.0,67992.0
2018-09-04 00:00:00+09:00,79622.0,80625.0,79622.0,80625.0,97505.0
2018-09-05 00:00:00+09:00,80715.0,81080.0,79531.0,80171.0,119736.0
2018-09-06 00:00:00+09:00,80168.0,80989.0,77800.0,78348.0,131846.0
2018-09-07 00:00:00+09:00,79258.0,80991.0,79258.0,80991.0,158164.0
2018-09-10 00:00:00+09:00,79987.0,81535.0,79258.0,79533.0,77647.0
2018-09-11 00:00:00+09:00,78528.0,80715.0,78528.0,80171.0,52121.0
2018-09-12 00:00:00+09:00,80897.0,81626.0,80078.0,80991.0,81645.0
2018-09-13 00:00:00+09:00,81809.0,81809.0,80260.0,80900.0,73468.0
2018-09-14 00:00:00+09:00,80897.0,81900.0,80350.0,80445.0,66888.0
2018-09-17 00:00:00+09:00,80168.0,81990.0,79623.0,81537.0,98425.0
2018-09-18 00:00:00+09:00,81261.0,81717.0,80350.0,81264.0,76673.0
2018-09-19 00:00:00+09:00,81261.0,82173.0,79895.0,82085.0,82586.0
2018-09-20 00:00:00+09:00,81171.0,84358.0,81171.0,82085.0,144769.0
2018-09-21 00:00:00+09:00,83539.0,83631.0,81261.0,82995.0,84316.0
2018-09-27 00:00:00+09:00,82446.0,82993.0,78438.0,78803.0,271937.0
2018-09-28 00:00:00+09:00,79713.0,80534.0,79076.0,79988.0,85328.0
2018-10-01 00:00:00+09:00,79987.0,80350.0,74338.0,75616.0,154202.0
2018-10-02 00:00:00+09:00,75613.0,75796.0,73153.0,73702.0,143362.0
2018-10-04 00:00:00+09:00,73882.0,74794.0,72881.0,73702.0,72998.0
2018-10-05 00:00:00+09:00,73701.0,73973.0,71969.0,72973.0,76566.0
2018-10-08 00:00:00+09:00,72152.0,74429.0,71969.0,72427.0,50005.0
2018-10-10 00:00:00+09:00,71514.0,75522.0,71423.0,72063.0,115227.0
2018-10-11 00:00:00+09:00,70785.0,72059.0,69054.0,69057.0,108181.0
2018-10-12 00:00:00+09:00,67688.0,70785.0,67688.0,70423.0,85108.0
2018-10-15 00:00:00+09:00,70785.0,70785.0,67414.0,67871.0,72983.0
2018-10-16 00:00:00+09:00,68326.0,68962.0,65866.0,66779.0,86452.0
2018-10-17 00:00:00+09:00,67505.0,69419.0,67323.0,68236.0,75915.0
2018-10-18 00:00:00+09:00,68326.0,69145.0,68142.0,68692.0,51917.0
2018-10-19 00:00:00+09:00,67778.0,71241.0,67778.0,70423.0,65196.0
2018-10-22 00:00:00+09:00,70148.0,70238.0,67778.0,68692.0,67071.0
2018-10-23 00:00:00+09:00,67414.0,68507.0,63496.0,64137.0,146343.0
2018-10-24 00:00:00+09:00,64498.0,66139.0,64408.0,64774.0,87007.0
2018-10-25 00:00:00+09:00,64590.0,65137.0,62221.0,64957.0,113800.0
2018-10-26 00:00:00+09:00,64954.0,65045.0,60764.0,61586.0,94669.0
2018-10-29 00:00:00+09:00,60945.0,63314.0,59579.0,60038.0,87963.0
2018-10-30 00:00:00+09:00,57484.0,61401.0,57484.0,60675.0,81511.0
2018-10-31 00:00:00+09:00,60855.0,62496.0,59579.0,60765.0,84086.0
2018-11-01 00:00:00+09:00,61220.0,62130.0,60764.0,60765.0,57108.0
2018-11-02 00:00:00+09:00,61037.0,63225.0,61037.0,63225.0,79300.0
2018-11-05 00:00:00+09:00,65409.0,67141.0,63314.0,63864.0,125528.0
2018-11-06 00:00:00+09:00,65319.0,65319.0,61401.0,62861.0,81732.0
2018-11-07 00:00:00+09:00,62859.0,64317.0,62040.0,63317.0,73283.0
2018-11-08 00:00:00+09:00,64590.0,65502.0,64225.0,64410.0,83338.0
2018-11-09 00:00:00+09:00,64135.0,64408.0,61766.0,61950.0,68939.0
2018-11-12 00:00:00+09:00,61766.0,62221.0,60399.0,60765.0,67170.0
2018-11-13 00:00:00+09:00,60581.0,64135.0,60308.0,63408.0,78655.0
2018-11-14 00:00:00+09:00,63041.0,64954.0,61948.0,64228.0,58019.0
2018-11-15 00:00:00+09:00,63770.0,65319.0,63132.0,65229.0,40639.0
2018-11-16 00:00:00+09:00,64498.0,65683.0,63770.0,64865.0,54893.0
2018-11-19 00:00:00+09:00,65319.0,66139.0,65045.0,66049.0,49261.0
2018-11-20 00:00:00+09:00,65319.0,66320.0,64954.0,65868.0,51958.0
2018-11-21 00:00:00+09:00,65593.0,66504.0,63770.0,66414.0,65144.0
2018-11-22 00:00:00+09:00,66593.0,66776.0,65501.0,66141.0,40497.0
2018-11-23 00:00:00+09:00,66139.0,66504.0,64498.0,65048.0,32570.0
2018-11-26 00:00:00+09:00,65957.0,66961.0,65957.0,66961.0,48500.0
2018-11-27 00:00:00+09:00,67051.0,68051.0,66229.0,67142.0,43632.0
2018-11-28 00:00:00+09:00,68051.0,68051.0,66139.0,67235.0,43665.0
2018-11-29 00:00:00+09:00,67870.0,68599.0,67505.0,67871.0,46965.0
2018-11-30 00:00:00+09:00,68235.0,69145.0,67597.0,67690.0,106454.0
2018-12-03 00:00:00+09:00,68781.0,69236.0,68326.0,68511.0,42781.0
2018-12-04 00:00:00+09:00,68599.0,70512.0,68326.0,68874.0,82948.0
2018-12-05 00:00:00+09:00,68872.0,69326.0,67688.0,69239.0,44011.0
2018-12-06 00:00:00+09:00,69600.0,69600.0,67141.0,67963.0,56921.0
2018-12-07 00:00:00+09:00,68142.0,69510.0,67688.0,69421.0,43040.0
2018-12-10 00:00:00+09:00,67688.0,70330.0,67688.0,70058.0,67049.0
2018-12-11 00:00:00+09:00,69692.0,70512.0,68962.0,69877.0,42373.0
2018-12-12 00:00:00+09:00,70604.0,70604.0,66412.0,68236.0,107940.0
2018-12-13 00:00:00+09:00,67870.0,70058.0,67870.0,70058.0,139331.0
2018-12-14 00:00:00+09:00,70056.0,71514.0,69510.0,70423.0,81218.0
2018-12-17 00:00:00+09:00,71514.0,71604.0,70056.0,70514.0,57784.0
2018-12-18 00:00:00+09:00,70420.0,71152.0,70420.0,71152.0,63432.0
2018-12-19 00:00:00+09:00,71697.0,73245.0,71241.0,72883.0,64798.0
2018-12-20 00:00:00+09:00,71787.0,71969.0,68051.0,70605.0,135692.0
2018-12-21 00:00:00+09:00,70785.0,71697.0,70330.0,71425.0,66814.0
2018-12-24 00:00:00+09:00,71058.0,72425.0,70604.0,71607.0,45282.0
2018-12-26 00:00:00+09:00,69236.0,71241.0,69236.0,70969.0,75463.0
2018-12-27 00:00:00+09:00,69854.0,71709.0,69854.0,71248.0,53604.0
2018-12-28 00:00:00+09:00,71246.0,74122.0,71246.0,73289.0,54560.0
2019-01-02 00:00:00+09:00,73659.0,74215.0,71802.0,72454.0,36311.0
2019-01-03 00:00:00+09:00,73287.0,73379.0,69854.0,70228.0,48726.0
2019-01-04 00:00:00+09:00,70040.0,73009.0,69670.0,72547.0,56033.0
2019-01-07 00:00:00+09:00,73473.0,73936.0,72081.0,72269.0,28506.0
2019-01-08 00:00:00+09:00,73009.0,73009.0,71524.0,72083.0,30459.0
2019-01-09 00:00:00+09:00,71802.0,72823.0,71246.0,72083.0,39389.0
2019-01-10 00:00:00+09:00,71524.0,72267.0,71060.0,72176.0,45869.0
2019-01-11 00:00:00+09:00,71896.0,72267.0,70226.0,70320.0,54185.0
2019-01-14 00:00:00+09:00,69576.0,70782.0,68555.0,69578.0,49303.0
2019-01-15 00:00:00+09:00,70411.0,70689.0,68649.0,68835.0,55903.0
2019-01-16 00:00:00+09:00,68649.0,69206.0,67628.0,67722.0,51884.0
2019-01-17 00:00:00+09:00,67721.0,70689.0,67721.0,68372.0,62206.0
2019-01-18 00:00:00+09:00,69670.0,70318.0,68278.0,70135.0,37759.0
2019-01-21 00:00:00+09:00,69206.0,70226.0,69019.0,69206.0,34768.0
2019-01-22 00:00:00+09:00,69019.0,70040.0,68462.0,69022.0,43547.0
2019-01-23 00:00:00+09:00,66793.0,68649.0,66329.0,68372.0,51904.0
2019-01-24 00:00:00+09:00,67257.0,68741.0,67257.0,67908.0,45218.0
2019-01-25 00:00:00+09:00,67813.0,69298.0,67442.0,68929.0,46373.0
2019-01-28 00:00:00+09:00,68462.0,69482.0,68462.0,68558.0,37360.0
2019-01-29 00:00:00+09:00,67906.0,69206.0,67071.0,67352.0,57839.0
2019-01-30 00:00:00+09:00,68278.0,68278.0,66700.0,67074.0,52602.0
2019-01-31 00:00:00+09:00,68092.0,68741.0,67536.0,68002.0,72753.0
2019-02-01 00:00:00+09:00,68649.0,69206.0,68186.0,68186.0,36044.0
2019-02-07 00:00:00+09:00,68370.0,68927.0,67164.0,68278.0,44277.0
2019-02-08 00:00:00+09:00,68278.0,69670.0,68278.0,69114.0,54956.0
2019-02-11 00:00:00+09:00,70132.0,72638.0,69670.0,71712.0,100361.0
2019-02-12 00:00:00+09:00,72452.0,72544.0,69762.0,70598.0,52470.0
2019-02-13 00:00:00+09:00,70504.0,72081.0,70226.0,71712.0,52980.0
2019-02-14 00:00:00+09:00,70968.0,72825.0,70968.0,72825.0,71606.0
2019-02-15 00:00:00+09:00,71802.0,72173.0,70968.0,71433.0,40784.0
2019-02-18 00:00:00+09:00,70874.0,71896.0,70874.0,71712.0,43386.0
2019-02-19 00:00:00+09:00,71896.0,74308.0,71153.0,73475.0,112079.0
2019-02-20 00:00:00+09:00,73473.0,74956.0,72916.0,74495.0,101410.0
2019-02-21 00:00:00+09:00,75513.0,75884.0,74308.0,75143.0,98519.0
2019-02-22 00:00:00+09:00,75143.0,75235.0,73473.0,74309.0,32198.0
2019-02-25 00:00:00+09:00,75051.0,75051.0,73565.0,74123.0,29564.0
2019-02-26 00:00:00+09:00,74122.0,76255.0,73659.0,74309.0,44979.0
2019-02-27 00:00:00+09:00,75143.0,75235.0,74586.0,75143.0,31230.0
2019-02-28 00:00:00+09:00,75420.0,76627.0,75143.0,75423.0,105958.0
2019-03-04 00:00:00+09:00,76348.0,76812.0,75420.0,76629.0,79907.0
2019-03-05 00:00:00+09:00,75700.0,76908.0,75700.0,76908.0,59824.0
2019-03-06 00:00:00+09:00,77184.0,77276.0,75977.0,77185.0,77285.0
2019-03-07 00:00:00+09:00,77370.0,77646.0,76442.0,77278.0,73346.0
2019-03-08 00:00:00+09:00,76070.0,77184.0,75235.0,75701.0,45920.0
2019-03-11 00:00:00+09:00,75420.0,75513.0,72823.0,74402.0,48843.0
2019-03-12 00:00:00+09:00,75143.0,75420.0,73565.0,74402.0,35112.0
2019-03-13 00:00:00+09:00,75143.0,75420.0,73843.0,74867.0,38792.0
2019-03-14 00:00:00+09:00,75235.0,75328.0,73379.0,74402.0,83567.0
2019-03-15 00:00:00+09:00,74400.0,75884.0,74215.0,75516.0,79792.0
2019-03-18 00:00:00+09:00,73565.0,75143.0,73565.0,73939.0,51846.0
2019-03-19 00:00:00+09:00,73659.0,74586.0,72360.0,72732.0,54276.0
2019-03-20 00:00:00+09:00,72452.0,73197.0,72452.0,73197.0,37343.0
2019-03-21 00:00:00+09:00,72452.0,73751.0,71802.0,71805.0,53758.0
2019-03-22 00:00:00+09:00,72823.0,73101.0,71617.0,71712.0,41501.0
2019-03-25 00:00:00+09:00,72173.0,72916.0,70968.0,71062.0,37794.0
2019-03-26 00:00:00+09:00,71060.0,72638.0,70874.0,72361.0,46656.0
2019-03-27 00:00:00+09:00,71896.0,72452.0,70874.0,70877.0,35923.0
2019-03-28 00:00:00+09:00,69762.0,71153.0,69762.0,70042.0,37350.0
2019-03-29 00:00:00+09:00,70782.0,72173.0,70504.0,71805.0,50170.0
2019-04-01 00:00:00+09:00,70597.0,72173.0,70597.0,71897.0,24436.0
2019-04-02 00:00:00+09:00,70874.0,71896.0,70504.0,71062.0,28373.0
2019-04-03 00:00:00+09:00,71060.0,72732.0,71060.0,72732.0,38488.0
2019-04-04 00:00:00+09:00,72452.0,72731.0,71339.0,71712.0,30530.0
2019-04-05 00:00:00+09:00,71524.0,71524.0,70411.0,70506.0,27694.0
2019-04-08 00:00:00+09:00,70504.0,70968.0,69947.0,70228.0,29127.0
2019-04-09 00:00:00+09:00,70132.0,70874.0,69482.0,69670.0,36645.0
2019-04-10 00:00:00+09:00,69576.0,71062.0,69576.0,71062.0,34275.0
2019-04-11 00:00:00+09:00,71060.0,71524.0,70689.0,70691.0,53219.0
2019-04-12 00:00:00+09:00,70968.0,71339.0,70040.0,71156.0,30026.0
2019-04-15 00:00:00+09:00,70689.0,71153.0,69854.0,70135.0,43448.0
2019-04-16 00:00:00+09:00,69390.0,70132.0,69019.0,69670.0,39229.0
2019-04-17 00:00:00+09:00,69576.0,70504.0,69113.0,69949.0,24516.0
2019-04-18 00:00:00+09:00,69390.0,70040.0,68741.0,68743.0,32634.0
2019-04-19 00:00:00+09:00,69019.0,69482.0,68649.0,68929.0,20778.0
2019-04-22 00:00:00+09:00,68741.0,69854.0,68462.0,69300.0,32220.0
2019-04-23 00:00:00+09:00,68741.0,69482.0,68092.0,68372.0,41666.0
2019-04-24 00:00:00+09:00,68555.0,68741.0,67628.0,67722.0,32981.0
2019-04-25 00:00:00+09:00,67257.0,68278.0,67257.0,67444.0,22600.0
2019-04-26 00:00:00+09:00,67350.0,68278.0,66793.0,67166.0,42032.0
2019-04-29 00:00:00+09:00,67071.0,68835.0,67071.0,68835.0,29340.0
2019-04-30 00:00:00+09:00,68927.0,70504.0,67998.0,69764.0,49947.0
2019-05-02 00:00:00+09:00,69113.0,70874.0,69113.0,70413.0,46315.0
2019-05-03 00:00:00+09:00,69947.0,70411.0,69298.0,70042.0,21948.0
2019-05-07 00:00:00+09:00,68462.0,69112.0,68186.0,68743.0,30523.0
2019-05-08 00:00:00+09:00,67998.0,68927.0,67998.0,68094.0,22881.0
2019-05-09 00:00:00+09:00,67536.0,68370.0,65030.0,65032.0,73156.0
2019-05-10 00:00:00+09:00,65401.0,66793.0,64567.0,65125.0,51752.0
2019-05-13 00:00:00+09:00,64103.0,64937.0,63453.0,63919.0,41242.0
2019-05-14 00:00:00+09:00,64009.0,64937.0,63639.0,64568.0,52045.0
2019-05-15 00:00:00+09:00,64288.0,66515.0,63732.0,66239.0,42149.0
2019-05-16 00:00:00+09:00,65030.0,66608.0,64937.0,65218.0,42217.0
2019-05-17 00:00:00+09:00,66144.0,66144.0,64752.0,64847.0,29540.0
2019-05-20 00:00:00+09:00,65495.0,65772.0,63082.0,63455.0,29478.0
2019-05-21 00:00:00+09:00,62433.0,64195.0,62433.0,63084.0,33501.0
2019-05-22 00:00:00+09:00,62617.0,63545.0,62617.0,62899.0,31893.0
2019-05-23 00:00:00+09:00,62617.0,63175.0,62155.0,62899.0,34686.0
2019-05-24 00:00:00+09:00,62897.0,64009.0,62805.0,63919.0,31591.0
2019-05-27 00:00:00+09:00,62712.0,64659.0,62712.0,64105.0,22111.0
2019-05-28 00:00:00+09:00,63268.0,64567.0,63268.0,64105.0,61270.0
2019-05-29 00:00:00+09:00,64845.0,65030.0,62989.0,63641.0,29928.0
2019-05-30 00:00:00+09:00,64103.0,64103.0,61691.0,63455.0,32757.0
2019-05-31 00:00:00+09:00,62155.0,64474.0,62155.0,63919.0,37829.0
2019-06-03 00:00:00+09:00,63082.0,64567.0,62340.0,63733.0,41325.0
2019-06-04 00:00:00+09:00,64009.0,64381.0,62805.0,63270.0,30374.0
2019-06-05 00:00:00+09:00,63917.0,63917.0,62433.0,62713.0,31431.0
2019-06-07 00:00:00+09:00,62712.0,63360.0,62155.0,62621.0,37166.0
2019-06-10 00:00:00+09:00,63082.0,63825.0,62617.0,63363.0,22097.0
2019-06-11 00:00:00+09:00,62897.0,64291.0,62897.0,64291.0,21875.0
2019-06-12 00:00:00+09:00,64288.0,65401.0,63732.0,65218.0,37143.0
2019-06-13 00:00:00+09:00,65030.0,66702.0,65030.0,66702.0,59615.0
2019-06-14 00:00:00+09:00,66515.0,66515.0,65030.0,65403.0,32443.0
2019-06-17 00:00:00+09:00,65495.0,65587.0,63639.0,64105.0,40543.0
2019-06-18 00:00:00+09:00,63639.0,64845.0,63639.0,63826.0,37702.0
2019-06-19 00:00:00+09:00,64009.0,65772.0,63917.0,65403.0,56377.0
2019-06-20 00:00:00+09:00,65495.0,67071.0,65216.0,66052.0,71656.0
2019-06-21 00:00:00+09:00,65308.0,66700.0,64474.0,64661.0,72612.0
2019-06-24 00:00:00+09:00,64845.0,65216.0,63639.0,63919.0,34645.0
2019-06-25 00:00:00+09:00,64288.0,64937.0,63453.0,63826.0,41148.0
2019-06-26 00:00:00+09:00,63360.0,66051.0,63175.0,65218.0,36689.0
2019-06-27 00:00:00+09:00,64659.0,65679.0,64381.0,64755.0,53346.0
2019-06-28 00:00:00+09:00,64474.0,65216.0,62805.0,63270.0,53802.0
2019-07-01 00:00:00+09:00,63268.0,64937.0,63268.0,64755.0,38407.0
2019-07-02 00:00:00+09:00,63825.0,64381.0,62897.0,62899.0,55303.0
2019-07-03 00:00:00+09:00,63825.0,63825.0,62155.0,62805.0,25834.0
2019-07-04 00:00:00+09:00,52413.0,52413.0,44899.0,45411.0,977021.0
2019-07-05 00:00:00+09:00,45456.0,47219.0,45223.0,46385.0,336547.0
2019-07-08 00:00:00+09:00,46384.0,46755.0,45269.0,45365.0,114569.0
2019-07-09 00:00:00+09:00,45177.0,45734.0,44853.0,44947.0,88942.0
2019-07-10 00:00:00+09:00,44806.0,45410.0,43878.0,44391.0,90133.0
2019-07-11 00:00:00+09:00,44019.0,46012.0,43973.0,45689.0,102056.0
2019-07-12 00:00:00+09:00,45688.0,46012.0,44899.0,45457.0,50936.0
2019-07-15 00:00:00+09:00,45456.0,46105.0,44945.0,45040.0,56618.0
2019-07-16 00:00:00+09:00,44899.0,45688.0,44806.0,44947.0,62074.0
2019-07-17 00:00:00+09:00,44945.0,44992.0,44019.0,44206.0,58745.0
2019-07-18 00:00:00+09:00,44065.0,44806.0,43925.0,44391.0,46666.0
2019-07-19 00:00:00+09:00,44157.0,44992.0,44157.0,44669.0,70148.0
2019-07-22 00:00:00+09:00,44296.0,45316.0,44296.0,44808.0,58521.0
2019-07-23 00:00:00+09:00,44760.0,46152.0,44528.0,45457.0,72224.0
2019-07-24 00:00:00+09:00,45316.0,46012.0,44574.0,44855.0,47661.0
2019-07-25 00:00:00+09:00,44853.0,45549.0,44528.0,44808.0,55817.0
2019-07-26 00:00:00+09:00,44760.0,45456.0,43647.0,43648.0,79117.0
2019-07-29 00:00:00+09:00,43693.0,44065.0,41745.0,42768.0,118743.0
2019-07-30 00:00:00+09:00,41328.0,43090.0,41328.0,42674.0,103591.0
2019-07-31 00:00:00+09:00,42951.0,44111.0,41141.0,43556.0,124421.0
2019-08-01 00:00:00+09:00,42811.0,43878.0,42533.0,43185.0,98701.0
2019-08-02 00:00:00+09:00,42208.0,43090.0,41558.0,41700.0,94786.0
2019-08-05 00:00:00+09:00,41374.0,41838.0,38497.0,38592.0,148323.0
2019-08-06 00:00:00+09:00,37013.0,40725.0,35808.0,38963.0,191785.0
2019-08-07 00:00:00+09:00,38451.0,40028.0,37663.0,38362.0,182941.0
2019-08-08 00:00:00+09:00,38776.0,39426.0,37988.0,38314.0,183855.0
2019-08-09 00:00:00+09:00,38592.0,39982.0,38592.0,39891.0,110281.0
2019-08-12 00:00:00+09:00,39936.0,41049.0,39658.0,40542.0,89839.0
2019-08-13 00:00:00+09:00,40074.0,40308.0,38962.0,39010.0,68745.0
2019-08-14 00:00:00+09:00,39380.0,39611.0,37941.0,38128.0,115732.0
2019-08-16 00:00:00+09:00,37384.0,38358.0,37338.0,37758.0,69850.0
2019-08-19 00:00:00+09:00,37755.0,38266.0,37571.0,37851.0,59100.0
2019-08-20 00:00:00+09:00,37525.0,38451.0,37525.0,38174.0,63664.0
2019-08-21 00:00:00+09:00,38174.0,39797.0,37709.0,39428.0,90885.0
2019-08-22 00:00:00+09:00,39286.0,39982.0,38592.0,38824.0,89075.0
2019-08-23 00:00:00+09:00,38869.0,39333.0,38174.0,38732.0,55508.0
2019-08-26 00:00:00+09:00,38220.0,38592.0,37107.0,37341.0,60819.0
2019-08-27 00:00:00+09:00,37617.0,37849.0,37200.0,37200.0,118175.0
2019-08-28 00:00:00+09:00,37246.0,37709.0,36550.0,37618.0,84901.0
2019-08-29 00:00:00+09:00,37663.0,38497.0,37200.0,37480.0,112440.0
2019-08-30 00:00:00+09:00,37988.0,38034.0,37525.0,37943.0,52352.0
2019-09-02 00:00:00+09:00,37571.0,38962.0,37477.0,38500.0,49836.0
2019-09-03 00:00:00+09:00,38312.0,38869.0,37941.0,38128.0,60173.0
2019-09-04 00:00:00+09:00,37988.0,38730.0,37895.0,38362.0,72232.0
2019-09-05 00:00:00+09:00,38220.0,38592.0,37801.0,37805.0,76183.0
2019-09-06 00:00:00+09:00,37663.0,38127.0,37200.0,37480.0,59727.0
2019-09-09 00:00:00+09:00,37477.0,37801.0,37154.0,37200.0,46873.0
2019-09-10 00:00:00+09:00,37200.0,37571.0,37107.0,37200.0,57128.0
2019-09-11 00:00:00+09:00,37292.0,38497.0,37292.0,38036.0,125799.0
2019-09-16 00:00:00+09:00,38497.0,38869.0,37801.0,38824.0,86239.0
2019-09-17 00:00:00+09:00,38776.0,42162.0,38497.0,41746.0,241311.0
2019-09-18 00:00:00+09:00,42162.0,42441.0,41420.0,41423.0,120660.0
2019-09-19 00:00:00+09:00,41466.0,41931.0,39936.0,40216.0,150248.0
2019-09-20 00:00:00+09:00,40215.0,40446.0,39240.0,39799.0,116987.0
2019-09-23 00:00:00+09:00,39797.0,39843.0,38174.0,38638.0,148693.0
2019-09-24 00:00:00+09:00,38034.0,39194.0,38034.0,38362.0,104885.0
2019-09-25 00:00:00+09:00,38638.0,38638.0,37200.0,37247.0,151071.0
2019-09-26 00:00:00+09:00,37384.0,37709.0,36318.0,36597.0,158823.0
2019-09-27 00:00:00+09:00,36643.0,36781.0,36318.0,36644.0,77266.0
2019-09-30 00:00:00+09:00,36689.0,36781.0,35947.0,36738.0,78383.0
2019-10-01 00:00:00+09:00,36457.0,38454.0,36457.0,38454.0,117882.0
2019-10-02 00:00:00+09:00,38081.0,38220.0,37107.0,37154.0,111544.0
2019-10-04 00:00:00+09:00,37200.0,37246.0,36550.0,36738.0,85874.0
2019-10-07 00:00:00+09:00,36874.0,38916.0,36828.0,38824.0,180820.0
2019-10-08 00:00:00+09:00,38962.0,39426.0,37571.0,38128.0,197252.0
2019-10-10 00:00:00+09:00,38127.0,38127.0,36410.0,36644.0,412720.0
2019-10-11 00:00:00+09:00,36735.0,36967.0,36271.0,36273.0,182414.0
2019-10-14 00:00:00+09:00,36643.0,37200.0,36364.0,36644.0,172755.0
2019-10-15 00:00:00+09:00,36920.0,37107.0,36597.0,36877.0,96369.0
2019-10-16 00:00:00+09:00,37292.0,38358.0,37107.0,37851.0,192249.0
2019-10-17 00:00:00+09:00,37849.0,39054.0,37755.0,37989.0,151718.0
2019-10-18 00:00:00+09:00,38174.0,38358.0,37107.0,37200.0,108916.0
2019-10-21 00:00:00+09:00,37200.0,37617.0,36967.0,37016.0,75508.0
2019-10-22 00:00:00+09:00,37292.0,38451.0,37107.0,37572.0,175384.0
2019-10-23 00:00:00+09:00,37663.0,39472.0,37663.0,39382.0,295156.0
2019-10-24 00:00:00+09:00,39797.0,40817.0,38358.0,40542.0,220478.0
2019-10-25 00:00:00+09:00,40864.0,42487.0,40492.0,41562.0,338869.0
2019-10-28 00:00:00+09:00,41141.0,42116.0,40167.0,40401.0,196395.0
2019-10-29 00:00:00+09:00,40446.0,41606.0,40262.0,40819.0,156172.0
2019-10-30 00:00:00+09:00,41282.0,41282.0,40074.0,40448.0,120400.0
2019-10-31 00:00:00+09:00,40538.0,41188.0,40262.0,40448.0,131537.0
2019-11-01 00:00:00+09:00,41095.0,41141.0,40446.0,40773.0,87055.0
2019-11-04 00:00:00+09:00,40957.0,41884.0,40957.0,41515.0,130260.0
2019-11-05 00:00:00+09:00,41745.0,41792.0,40864.0,41515.0,130152.0
2019-11-06 00:00:00+09:00,41699.0,41931.0,40911.0,40958.0,109646.0
2019-11-07 00:00:00+09:00,40957.0,41188.0,39704.0,39938.0,154565.0
2019-11-08 00:00:00+09:00,40167.0,40308.0,38544.0,38824.0,308835.0
2019-11-11 00:00:00+09:00,38869.0,39286.0,37755.0,38222.0,142326.0
2019-11-12 00:00:00+09:00,38266.0,38266.0,37292.0,37989.0,163358.0
2019-11-13 00:00:00+09:00,37988.0,37988.0,36735.0,36831.0,290044.0
2019-11-14 00:00:00+09:00,37013.0,37430.0,36550.0,36738.0,287045.0
2019-11-15 00:00:00+09:00,36735.0,36967.0,36271.0,36784.0,248806.0
2019-11-18 00:00:00+09:00,36920.0,37246.0,36689.0,36969.0,188693.0
2019-11-19 00:00:00+09:00,36874.0,37013.0,36271.0,36690.0,147991.0
2019-11-20 00:00:00+09:00,36597.0,37338.0,36179.0,36459.0,352889.0
2019-11-21 00:00:00+09:00,35901.0,36410.0,34973.0,35207.0,337209.0
2019-11-22 00:00:00+09:00,35065.0,35668.0,34509.0,35021.0,202951.0
2019-11-25 00:00:00+09:00,35622.0,36410.0,35158.0,35901.0,177800.0
2019-11-26 00:00:00+09:00,35947.0,36920.0,35947.0,36551.0,1332874.0
2019-11-27 00:00:00+09:00,37292.0,37430.0,36504.0,36690.0,167364.0
2019-11-28 00:00:00+09:00,36643.0,37430.0,36550.0,37200.0,167502.0
2019-11-29 00:00:00+09:00,37477.0,37525.0,35947.0,36134.0,136840.0
2019-12-02 00:00:00+09:00,36550.0,37060.0,36133.0,36505.0,92977.0
2019-12-03 00:00:00+09:00,36179.0,36828.0,35808.0,36413.0,112549.0
2019-12-04 00:00:00+09:00,36874.0,37060.0,36179.0,36227.0,84601.0
2019-12-05 00:00:00+09:00,36271.0,36643.0,35808.0,36181.0,68802.0
2019-12-06 00:00:00+09:00,35901.0,36735.0,35901.0,36505.0,85168.0
2019-12-09 00:00:00+09:00,36689.0,36967.0,36410.0,36505.0,92174.0
2019-12-10 00:00:00+09:00,36504.0,36504.0,33117.0,34835.0,389086.0
2019-12-11 00:00:00+09:00,34835.0,34835.0,33489.0,33815.0,233746.0
2019-12-12 00:00:00+09:00,33673.0,34184.0,33673.0,33907.0,165296.0
2019-12-13 00:00:00+09:00,33998.0,34973.0,33998.0,34743.0,141837.0
2019-12-16 00:00:00+09:00,34787.0,35204.0,34044.0,34371.0,101846.0
2019-12-17 00:00:00+09:00,34324.0,34693.0,34045.0,34651.0,88269.0
2019-12-18 00:00:00+09:00,34693.0,35112.0,34555.0,34974.0,86747.0
2019-12-19 00:00:00+09:00,34881.0,35483.0,34881.0,35067.0,102964.0
2019-12-20 00:00:00+09:00,35019.0,35253.0,35019.0,35253.0,59134.0
2019-12-23 00:00:00+09:00,35483.0,36318.0,35297.0,36134.0,128450.0
2019-12-24 00:00:00+09:00,36133.0,36410.0,35622.0,35996.0,74873.0
2019-12-26 00:00:00+09:00,35808.0,36225.0,35808.0,36134.0,70377.0
2019-12-27 00:00:00+09:00,34432.0,35330.0,34196.0,34764.0,187838.0
2019-12-30 00:00:00+09:00,35093.0,36229.0,35093.0,36229.0,101024.0
2020-01-02 00:00:00+09:00,36133.0,36321.0,35282.0,36040.0,90832.0
2020-01-03 00:00:00+09:00,36368.0,36463.0,35755.0,35946.0,100462.0
2020-01-06 00:00:00+09:00,35425.0,35802.0,34763.0,34764.0,105544.0
2020-01-07 00:00:00+09:00,34575.0,35566.0,34575.0,35237.0,66130.0
2020-01-08 00:00:00+09:00,34810.0,34810.0,33394.0,33631.0,222341.0
2020-01-09 00:00:00+09:00,34196.0,34480.0,34054.0,34339.0,105559.0
2020-01-10 00:00:00+09:00,34291.0,34952.0,33819.0,34669.0,94538.0
2020-01-13 00:00:00+09:00,34716.0,35282.0,34432.0,35142.0,88342.0
2020-01-14 00:00:00+09:00,34952.0,35613.0,34952.0,35284.0,68826.0
2020-01-15 00:00:00+09:00,35188.0,36463.0,35140.0,35568.0,98462.0
2020-01-16 00:00:00+09:00,35707.0,35707.0,34952.0,35331.0,78522.0
2020-01-17 00:00:00+09:00,35330.0,35850.0,35093.0,35095.0,67250.0
2020-01-20 00:00:00+09:00,35093.0,35330.0,34857.0,34860.0,67249.0
2020-01-21 00:00:00+09:00,35140.0,35235.0,34243.0,34245.0,81747.0
2020-01-22 00:00:00+09:00,34243.0,35282.0,34196.0,34622.0,97112.0
2020-01-23 00:00:00+09:00,34527.0,34527.0,33771.0,34009.0,112851.0
2020-01-28 00:00:00+09:00,33062.0,33866.0,32354.0,32544.0,176667.0
2020-01-29 00:00:00+09:00,32543.0,32732.0,32023.0,32214.0,122874.0
2020-01-30 00:00:00+09:00,32165.0,32448.0,30795.0,31363.0,191326.0
2020-01-31 00:00:00+09:00,31174.0,31504.0,30417.0,30418.0,161523.0
2020-02-03 00:00:00+09:00,29237.0,30465.0,29143.0,30277.0,176231.0
2020-02-04 00:00:00+09:00,29945.0,30889.0,29945.0,30608.0,99373.0
2020-02-05 00:00:00+09:00,30983.0,30983.0,30134.0,30561.0,100265.0
2020-02-06 00:00:00+09:00,30983.0,32496.0,30889.0,32214.0,132203.0
2020-02-07 00:00:00+09:00,32070.0,32873.0,31692.0,32686.0,106717.0
2020-02-10 00:00:00+09:00,32213.0,33441.0,32023.0,32876.0,101613.0
2020-02-11 00:00:00+09:00,32591.0,33582.0,32591.0,33064.0,66180.0
2020-02-12 00:00:00+09:00,32826.0,33676.0,32591.0,33536.0,101417.0
2020-02-13 00:00:00+09:00,33346.0,33676.0,32967.0,33347.0,121482.0
2020-02-14 00:00:00+09:00,33062.0,33299.0,32873.0,32923.0,80628.0
2020-02-17 00:00:00+09:00,32685.0,33346.0,32401.0,32497.0,68900.0
2020-02-18 00:00:00+09:00,32165.0,32401.0,31787.0,31883.0,71684.0
2020-02-19 00:00:00+09:00,31882.0,32496.0,31457.0,31789.0,91838.0
2020-02-20 00:00:00+09:00,31692.0,32401.0,31174.0,31363.0,75517.0
2020-02-21 00:00:00+09:00,31174.0,31174.0,30276.0,30514.0,121972.0
2020-02-24 00:00:00+09:00,29993.0,29993.0,28575.0,28624.0,195859.0
2020-02-25 00:00:00+09:00,28434.0,29567.0,28339.0,29379.0,127119.0
2020-02-26 00:00:00+09:00,29190.0,29473.0,28811.0,29190.0,131384.0
2020-02-27 00:00:00+09:00,28811.0,29756.0,28811.0,29285.0,142746.0
2020-02-28 00:00:00+09:00,29143.0,29614.0,27772.0,28056.0,204861.0
2020-03-02 00:00:00+09:00,27867.0,28955.0,27867.0,28955.0,110498.0
2020-03-03 00:00:00+09:00,29331.0,29708.0,29047.0,29190.0,90986.0
2020-03-04 00:00:00+09:00,29096.0,29756.0,29000.0,29427.0,77730.0
2020-03-05 00:00:00+09:00,29520.0,31882.0,29284.0,31789.0,175693.0
2020-03-06 00:00:00+09:00,31929.0,31929.0,30276.0,30845.0,171672.0
2020-03-09 00:00:00+09:00,29898.0,30606.0,29473.0,30418.0,138888.0
2020-03-10 00:00:00+09:00,30228.0,30228.0,29047.0,29475.0,210914.0
2020-03-11 00:00:00+09:00,29473.0,29756.0,28150.0,28340.0,155915.0
2020-03-12 00:00:00+09:00,28339.0,28575.0,25836.0,26168.0,295339.0
2020-03-13 00:00:00+09:00,23569.0,25269.0,23143.0,24467.0,257865.0
2020-03-16 00:00:00+09:00,24844.0,25457.0,24182.0,24373.0,174816.0
2020-03-17 00:00:00+09:00,22954.0,24276.0,22860.0,24232.0,151212.0
2020-03-18 00:00:00+09:00,24372.0,25033.0,22860.0,22908.0,157172.0
2020-03-19 00:00:00+09:00,23049.0,23805.0,18797.0,18988.0,274827.0
2020-03-20 00:00:00+09:00,18703.0,20261.0,18703.0,19696.0,299114.0
2020-03-23 00:00:00+09:00,17947.0,19034.0,17900.0,18468.0,205278.0
2020-03-24 00:00:00+09:00,19318.0,20122.0,19318.0,20122.0,218513.0
2020-03-25 00:00:00+09:00,20876.0,21869.0,20876.0,21869.0,251054.0
2020-03-26 00:00:00+09:00,21868.0,23569.0,21065.0,22389.0,298690.0
2020-03-27 00:00:00+09:00,23473.0,24229.0,22010.0,23145.0,214961.0
2020-03-30 00:00:00+09:00,22483.0,24232.0,22483.0,24232.0,145889.0
2020-03-31 00:00:00+09:00,24655.0,25931.0,24323.0,25460.0,212854.0
2020-04-01 00:00:00+09:00,25457.0,25599.0,23711.0,24090.0,188791.0
2020-04-02 00:00:00+09:00,23711.0,24373.0,23711.0,24373.0,163049.0
2020-04-03 00:00:00+09:00,24372.0,25033.0,23994.0,24420.0,150848.0
2020-04-06 00:00:00+09:00,24938.0,25552.0,24560.0,25176.0,122876.0
2020-04-07 00:00:00+09:00,25742.0,26215.0,25742.0,26215.0,220992.0
2020-04-08 00:00:00+09:00,26025.0,26828.0,25457.0,26215.0,169649.0
2020-04-09 00:00:00+09:00,26875.0,26875.0,25883.0,26451.0,152981.0
2020-04-10 00:00:00+09:00,26260.0,26638.0,25695.0,25978.0,120285.0
2020-04-13 00:00:00+09:00,25978.0,26166.0,24655.0,25695.0,109245.0
2020-04-14 00:00:00+09:00,25742.0,26450.0,25363.0,26025.0,105363.0
2020-04-16 00:00:00+09:00,25552.0,26168.0,25552.0,26168.0,102309.0
2020-04-17 00:00:00+09:00,25978.0,26591.0,25978.0,26498.0,107643.0
2020-04-20 00:00:00+09:00,26072.0,26828.0,26072.0,26593.0,124727.0
2020-04-21 00:00:00+09:00,26922.0,26969.0,24891.0,25790.0,167833.0
2020-04-22 00:00:00+09:00,25410.0,25695.0,24938.0,25601.0,110196.0
2020-04-23 00:00:00+09:00,25599.0,26875.0,25504.0,26782.0,131694.0
2020-04-24 00:00:00+09:00,26403.0,26638.0,25599.0,25931.0,141147.0
2020-04-27 00:00:00+09:00,25931.0,26497.0,25789.0,26357.0,88181.0
2020-04-28 00:00:00+09:00,26450.0,26828.0,26072.0,26546.0,95353.0
2020-04-29 00:00:00+09:00,26875.0,27253.0,26638.0,27018.0,118888.0
2020-05-04 00:00:00+09:00,26355.0,26781.0,25978.0,26168.0,114922.0
2020-05-06 00:00:00+09:00,26638.0,26922.0,26260.0,26782.0,77460.0
2020-05-07 00:00:00+09:00,26781.0,27347.0,26497.0,27302.0,103677.0
2020-05-08 00:00:00+09:00,27536.0,29143.0,27489.0,28199.0,258028.0
2020-05-11 00:00:00+09:00,28434.0,28622.0,27867.0,28152.0,111105.0
2020-05-12 00:00:00+09:00,28150.0,28813.0,28150.0,28813.0,139596.0
2020-05-13 00:00:00+09:00,28292.0,28717.0,28103.0,28577.0,100674.0
2020-05-14 00:00:00+09:00,24513.0,26922.0,23946.0,25884.0,608926.0
2020-05-15 00:00:00+09:00,25504.0,25742.0,25080.0,25695.0,171465.0
2020-05-18 00:00:00+09:00,26072.0,26450.0,25836.0,25931.0,118868.0
2020-05-19 00:00:00+09:00,26025.0,26403.0,25978.0,26263.0,102743.0
2020-05-20 00:00:00+09:00,26308.0,26497.0,25931.0,26263.0,91238.0
2020-05-21 00:00:00+09:00,26308.0,27677.0,26072.0,27206.0,130155.0
2020-05-22 00:00:00+09:00,27394.0,27583.0,26166.0,26263.0,133357.0
2020-05-25 00:00:00+09:00,26733.0,26733.0,26025.0,26451.0,86456.0
2020-05-26 00:00:00+09:00,26260.0,27016.0,26260.0,26640.0,105318.0
2020-05-27 00:00:00+09:00,26497.0,26733.0,26355.0,26593.0,90136.0
2020-05-28 00:00:00+09:00,26591.0,26638.0,26072.0,26215.0,142798.0
2020-05-29 00:00:00+09:00,26166.0,26308.0,25836.0,25931.0,73299.0
2020-06-01 00:00:00+09:00,25695.0,26591.0,25695.0,26546.0,106117.0
2020-06-02 00:00:00+09:00,26166.0,27347.0,26166.0,27253.0,171253.0
2020-06-03 00:00:00+09:00,27441.0,28858.0,27394.0,27962.0,327650.0
2020-06-04 00:00:00+09:00,28764.0,28811.0,27725.0,27962.0,120156.0
2020-06-05 00:00:00+09:00,27772.0,33771.0,27772.0,31222.0,979343.0
2020-06-08 00:00:00+09:00,31645.0,33299.0,31127.0,32308.0,632627.0
2020-06-09 00:00:00+09:00,32307.0,32920.0,31410.0,31977.0,241013.0
2020-06-10 00:00:00+09:00,31976.0,32732.0,31787.0,31883.0,193683.0
2020-06-11 00:00:00+09:00,31835.0,33771.0,31315.0,32780.0,568989.0
2020-06-12 00:00:00+09:00,31031.0,31787.0,30983.0,31080.0,287094.0
2020-06-15 00:00:00+09:00,30606.0,35425.0,30228.0,31930.0,1621696.0
2020-06-16 00:00:00+09:00,32873.0,35991.0,32354.0,34009.0,925115.0
2020-06-17 00:00:00+09:00,33629.0,36463.0,32543.0,36087.0,1037401.0
2020-06-18 00:00:00+09:00,37833.0,39014.0,36321.0,36985.0,1559815.0
2020-06-19 00:00:00+09:00,36936.0,37219.0,35046.0,35048.0,498108.0
2020-06-22 00:00:00+09:00,34669.0,35802.0,33866.0,34009.0,374559.0
2020-06-23 00:00:00+09:00,34054.0,34479.0,33015.0,33441.0,318369.0
2020-06-24 00:00:00+09:00,33488.0,33866.0,33062.0,33064.0,253073.0
2020-06-25 00:00:00+09:00,32732.0,33394.0,32307.0,32450.0,199045.0
2020-06-26 00:00:00+09:00,32543.0,34196.0,32543.0,33441.0,265795.0
2020-06-29 00:00:00+09:00,33441.0,33441.0,31929.0,32025.0,210118.0
2020-06-30 00:00:00+09:00,32496.0,32685.0,31457.0,31458.0,170718.0
2020-07-01 00:00:00+09:00,31882.0,32023.0,30795.0,30892.0,139863.0
2020-07-02 00:00:00+09:00,30748.0,31787.0,30748.0,31269.0,94880.0
2020-07-03 00:00:00+09:00,31174.0,32591.0,31174.0,32214.0,100403.0
2020-07-06 00:00:00+09:00,32307.0,32873.0,31598.0,32308.0,118205.0
2020-07-07 00:00:00+09:00,32732.0,32779.0,31882.0,32025.0,90304.0
2020-07-08 00:00:00+09:00,32401.0,32401.0,31268.0,31552.0,97909.0
2020-07-09 00:00:00+09:00,31598.0,33819.0,30889.0,32638.0,339662.0
2020-07-10 00:00:00+09:00,34101.0,34385.0,32448.0,33064.0,297458.0
2020-07-13 00:00:00+09:00,33062.0,33252.0,32307.0,32308.0,117104.0
2020-07-14 00:00:00+09:00,32591.0,33015.0,32165.0,32686.0,144007.0
2020-07-15 00:00:00+09:00,32732.0,33062.0,32307.0,32497.0,96028.0
2020-07-16 00:00:00+09:00,32496.0,33771.0,32354.0,33726.0,212435.0
2020-07-17 00:00:00+09:00,34007.0,34054.0,33157.0,33441.0,98943.0
2020-07-20 00:00:00+09:00,33394.0,33629.0,32826.0,33064.0,107007.0
2020-07-21 00:00:00+09:00,33109.0,33582.0,32967.0,33017.0,120945.0
2020-07-22 00:00:00+09:00,32920.0,33205.0,32496.0,32686.0,110589.0
2020-07-23 00:00:00+09:00,32448.0,33535.0,31835.0,33300.0,213083.0
2020-07-24 00:00:00+09:00,33109.0,34148.0,32826.0,33206.0,239479.0
2020-07-27 00:00:00+09:00,33205.0,34148.0,33205.0,33584.0,174283.0
2020-07-28 00:00:00+09:00,33723.0,43645.0,33723.0,43645.0,5932624.0
2020-07-29 00:00:00+09:00,41611.0,42038.0,38967.0,39535.0,2648294.0
2020-07-30 00:00:00+09:00,39155.0,40620.0,38399.0,39583.0,1259819.0
2020-07-31 00:00:00+09:00,39959.0,43029.0,38967.0,39866.0,2892694.0
2020-08-03 00:00:00+09:00,41895.0,50445.0,41848.0,46574.0,6340365.0
2020-08-04 00:00:00+09:00,47043.0,55830.0,45013.0,51579.0,6606069.0
2020-08-05 00:00:00+09:00,66126.0,66979.0,66126.0,66979.0,557011.0
2020-08-06 00:00:00+09:00,67733.0,68016.0,59419.0,59516.0,1011917.0
2020-08-07 00:00:00+09:00,62064.0,62064.0,57624.0,61499.0,391560.0
2020-08-10 00:00:00+09:00,59986.0,69906.0,55830.0,58760.0,3478710.0
2020-08-11 00:00:00+09:00,57908.0,62631.0,57624.0,59137.0,1128626.0
2020-08-12 00:00:00+09:00,58757.0,60458.0,58002.0,59421.0,499821.0
2020-08-13 00:00:00+09:00,59514.0,63293.0,58663.0,62066.0,1131956.0
2020-08-14 00:00:00+09:00,60741.0,61781.0,59703.0,59798.0,407642.0
2020-08-18 00:00:00+09:00,59608.0,60270.0,53468.0,54319.0,739988.0
2020-08-19 00:00:00+09:00,53940.0,56302.0,52995.0,55170.0,483640.0
2020-08-20 00:00:00+09:00,54791.0,57341.0,53657.0,54225.0,518037.0
2020-08-21 00:00:00+09:00,54224.0,56302.0,52240.0,52902.0,524299.0
2020-08-24 00:00:00+09:00,52901.0,54318.0,52618.0,54225.0,293107.0
2020-08-25 00:00:00+09:00,54318.0,59703.0,52995.0,58286.0,960210.0
2020-08-26 00:00:00+09:00,57624.0,58380.0,56112.0,56681.0,557603.0
2020-08-27 00:00:00+09:00,56112.0,56490.0,53372.0,53563.0,414925.0
2020-08-28 00:00:00+09:00,53563.0,55924.0,53563.0,53658.0,311732.0
2020-08-31 00:00:00+09:00,53751.0,56112.0,53751.0,55359.0,393559.0
2020-09-01 00:00:00+09:00,55452.0,56585.0,55074.0,56398.0,241853.0
2020-09-02 00:00:00+09:00,58002.0,58663.0,55640.0,56681.0,473345.0
2020-09-03 00:00:00+09:00,56869.0,57530.0,55924.0,56681.0,232366.0
2020-09-04 00:00:00+09:00,54696.0,56018.0,54602.0,55170.0,301690.0
2020-09-07 00:00:00+09:00,55546.0,56112.0,54791.0,55359.0,210035.0
2020-09-08 00:00:00+09:00,55452.0,58192.0,54980.0,56020.0,377536.0
2020-09-09 00:00:00+09:00,54791.0,55262.0,53657.0,54414.0,255689.0
2020-09-10 00:00:00+09:00,54696.0,54980.0,53468.0,54980.0,214459.0
2020-09-11 00:00:00+09:00,54318.0,54980.0,53940.0,54886.0,98810.0
2020-09-14 00:00:00+09:00,55074.0,55356.0,54506.0,54697.0,85814.0
2020-09-15 00:00:00+09:00,54791.0,55262.0,54034.0,54980.0,137392.0
2020-09-16 00:00:00+09:00,54791.0,56679.0,54412.0,55547.0,261296.0
2020-09-17 00:00:00+09:00,56585.0,57624.0,55262.0,55453.0,233220.0
2020-09-18 00:00:00+09:00,55735.0,55735.0,54506.0,55642.0,151106.0
2020-09-21 00:00:00+09:00,55924.0,56585.0,54696.0,55547.0,244748.0
2020-09-22 00:00:00+09:00,55546.0,55546.0,53090.0,53092.0,231144.0
2020-09-23 00:00:00+09:00,53278.0,53940.0,51294.0,51769.0,179108.0
2020-09-24 00:00:00+09:00,50256.0,50729.0,48083.0,48651.0,250250.0
2020-09-25 00:00:00+09:00,49216.0,51011.0,48649.0,50068.0,159977.0
2020-09-28 00:00:00+09:00,49689.0,52901.0,49689.0,52053.0,147357.0
2020-09-29 00:00:00+09:00,57246.0,57435.0,54129.0,55547.0,572609.0
2020-10-05 00:00:00+09:00,55735.0,55735.0,53468.0,54225.0,194645.0
2020-10-06 00:00:00+09:00,53940.0,57058.0,53940.0,54886.0,303965.0
2020-10-07 00:00:00+09:00,54602.0,55640.0,54129.0,55359.0,120279.0
2020-10-08 00:00:00+09:00,56396.0,56585.0,54696.0,55074.0,164845.0
2020-10-12 00:00:00+09:00,55924.0,55924.0,54791.0,55547.0,140435.0
2020-10-13 00:00:00+09:00,55546.0,55735.0,54412.0,54980.0,127329.0
2020-10-14 00:00:00+09:00,55074.0,55735.0,54412.0,54603.0,113468.0
2020-10-15 00:00:00+09:00,54696.0,54696.0,52428.0,52902.0,146176.0
2020-10-16 00:00:00+09:00,52995.0,56679.0,51579.0,56587.0,332445.0
2020-10-19 00:00:00+09:00,55924.0,57341.0,55546.0,56587.0,357506.0
2020-10-20 00:00:00+09:00,56018.0,57152.0,54602.0,55453.0,243568.0
2020-10-21 00:00:00+09:00,55452.0,56018.0,55168.0,55925.0,108032.0
2020-10-22 00:00:00+09:00,56302.0,56302.0,54791.0,55453.0,110478.0
2020-10-23 00:00:00+09:00,54980.0,58569.0,54506.0,58286.0,475590.0
2020-10-26 00:00:00+09:00,57624.0,57719.0,54791.0,55642.0,286290.0
2020-10-27 00:00:00+09:00,54885.0,55735.0,54034.0,54036.0,177092.0
2020-10-28 00:00:00+09:00,53563.0,54318.0,53090.0,53847.0,134932.0
2020-10-29 00:00:00+09:00,52618.0,53468.0,51767.0,52525.0,208698.0
2020-10-30 00:00:00+09:00,52523.0,52523.0,50256.0,50257.0,203081.0
2020-11-02 00:00:00+09:00,50067.0,52428.0,49972.0,50823.0,120622.0
2020-11-03 00:00:00+09:00,51011.0,52618.0,51011.0,52335.0,115235.0
2020-11-04 00:00:00+09:00,52901.0,53846.0,52240.0,53469.0,121962.0
2020-11-05 00:00:00+09:00,53846.0,54129.0,53184.0,53752.0,104761.0
2020-11-06 00:00:00+09:00,53657.0,53846.0,52807.0,53375.0,88981.0
2020-11-09 00:00:00+09:00,53563.0,54696.0,53278.0,53563.0,159615.0
2020-11-10 00:00:00+09:00,53468.0,53468.0,52145.0,53186.0,131155.0
2020-11-11 00:00:00+09:00,52428.0,52712.0,51294.0,51485.0,196539.0
2020-11-12 00:00:00+09:00,51389.0,51862.0,50633.0,50823.0,155483.0
2020-11-13 00:00:00+09:00,50823.0,51294.0,50067.0,50729.0,103949.0
2020-11-16 00:00:00+09:00,50823.0,51579.0,50445.0,50729.0,105692.0
2020-11-17 00:00:00+09:00,50633.0,51106.0,49878.0,50446.0,145101.0
2020-11-18 00:00:00+09:00,50161.0,54980.0,50067.0,53563.0,485216.0
2020-11-19 00:00:00+09:00,53563.0,55168.0,52618.0,54792.0,321269.0
2020-11-20 00:00:00+09:00,54696.0,55735.0,54318.0,54980.0,251965.0
2020-11-23 00:00:00+09:00,55830.0,55830.0,53751.0,53847.0,204938.0
2020-11-24 00:00:00+09:00,53563.0,53751.0,51862.0,52053.0,234966.0
2020-11-25 00:00:00+09:00,52050.0,54034.0,51862.0,53281.0,335082.0
2020-11-26 00:00:00+09:00,57246.0,62820.0,54980.0,55831.0,2893238.0
2020-11-27 00:00:00+09:00,55735.0,62348.0,55262.0,62066.0,1981045.0
2020-11-30 00:00:00+09:00,63953.0,67733.0,61497.0,66411.0,2091299.0
2020-12-01 00:00:00+09:00,66411.0,69150.0,63481.0,68112.0,1436946.0
2020-12-02 00:00:00+09:00,67260.0,69811.0,67166.0,68395.0,494036.0
2020-12-03 00:00:00+09:00,68394.0,68488.0,66126.0,66411.0,465399.0
2020-12-04 00:00:00+09:00,66411.0,75290.0,64898.0,72930.0,2451672.0
2020-12-07 00:00:00+09:00,71795.0,82942.0,71795.0,82188.0,2973548.0
2020-12-08 00:00:00+09:00,84170.0,85965.0,68299.0,70663.0,2462108.0
2020-12-09 00:00:00+09:00,71795.0,73118.0,67166.0,68584.0,1115468.0
2020-12-10 00:00:00+09:00,67544.0,70378.0,67166.0,68773.0,720917.0
2020-12-11 00:00:00+09:00,68960.0,74345.0,68772.0,71702.0,970684.0
2020-12-14 00:00:00+09:00,71700.0,73118.0,69432.0,69812.0,390358.0
2020-12-15 00:00:00+09:00,69622.0,74534.0,66788.0,68773.0,1244282.0
2020-12-16 00:00:00+09:00,69244.0,71322.0,68583.0,69435.0,350551.0
2020-12-17 00:00:00+09:00,69055.0,70000.0,67827.0,69341.0,237906.0
2020-12-18 00:00:00+09:00,69432.0,71890.0,68677.0,69718.0,422987.0
2020-12-21 00:00:00+09:00,69244.0,70850.0,68204.0,70663.0,357385.0
2020-12-22 00:00:00+09:00,70378.0,70850.0,67260.0,67261.0,346102.0
2020-12-23 00:00:00+09:00,67827.0,68488.0,64615.0,64900.0,398983.0
2020-12-24 00:00:00+09:00,66220.0,68677.0,64332.0,65372.0,430617.0
2020-12-28 00:00:00+09:00,64709.0,66599.0,63671.0,64239.0,329833.0
2020-12-29 00:00:00+09:00,64430.0,74639.0,63948.0,71366.0,1300089.0
2020-12-30 00:00:00+09:00,75410.0,79262.0,72809.0,73292.0,1283057.0
2021-01-04 00:00:00+09:00,70209.0,74061.0,68957.0,73196.0,629439.0
2021-01-05 00:00:00+09:00,72135.0,77625.0,70787.0,74159.0,1003456.0
2021-01-06 00:00:00+09:00,87834.0,93034.0,80996.0,81381.0,3955802.0
2021-01-07 00:00:00+09:00,80418.0,88989.0,79840.0,87161.0,2011955.0
2021-01-08 00:00:00+09:00,84366.0,85233.0,81477.0,81671.0,808929.0
2021-01-11 00:00:00+09:00,80322.0,80514.0,76180.0,78878.0,686573.0
2021-01-12 00:00:00+09:00,77143.0,78684.0,74254.0,75411.0,464335.0
2021-01-13 00:00:00+09:00,78299.0,79743.0,77047.0,78011.0,447132.0
2021-01-14 00:00:00+09:00,74446.0,78973.0,74446.0,77915.0,312052.0
2021-01-15 00:00:00+09:00,77336.0,78588.0,75217.0,75603.0,230697.0
2021-01-18 00:00:00+09:00,74254.0,74639.0,70498.0,71076.0,297006.0
2021-01-19 00:00:00+09:00,71268.0,73580.0,70980.0,72618.0,213650.0
2021-01-20 00:00:00+09:00,72327.0,82825.0,72135.0,76758.0,810217.0
2021-01-21 00:00:00+09:00,77239.0,79166.0,76083.0,76856.0,334913.0
2021-01-22 00:00:00+09:00,77047.0,77721.0,75602.0,75699.0,212264.0
2021-01-25 00:00:00+09:00,77817.0,80322.0,77432.0,79745.0,506311.0
2021-01-26 00:00:00+09:00,79840.0,80706.0,77529.0,77529.0,382481.0
2021-01-27 00:00:00+09:00,77336.0,84174.0,77047.0,80418.0,1215802.0
2021-01-28 00:00:00+09:00,78973.0,82056.0,78973.0,82056.0,427254.0
2021-01-29 00:00:00+09:00,80803.0,80899.0,77239.0,77625.0,323722.0
2021-02-01 00:00:00+09:00,77047.0,78299.0,75699.0,76662.0,256196.0
2021-02-02 00:00:00+09:00,77239.0,79358.0,76276.0,77819.0,201513.0
2021-02-03 00:00:00+09:00,78010.0,78876.0,75506.0,76181.0,285482.0
2021-02-04 00:00:00+09:00,76373.0,77529.0,74254.0,74255.0,172770.0
2021-02-05 00:00:00+09:00,74350.0,75410.0,73194.0,73965.0,146879.0
2021-02-08 00:00:00+09:00,74254.0,74639.0,72424.0,72906.0,132538.0
2021-02-09 00:00:00+09:00,72906.0,73773.0,72713.0,73292.0,109903.0
2021-02-10 00:00:00+09:00,73773.0,74254.0,71846.0,72810.0,173045.0
2021-02-15 00:00:00+09:00,72617.0,73965.0,71557.0,73292.0,153507.0
2021-02-16 00:00:00+09:00,73290.0,73290.0,71557.0,71943.0,140534.0
2021-02-17 00:00:00+09:00,71268.0,71943.0,67416.0,67898.0,348248.0
2021-02-18 00:00:00+09:00,67416.0,69438.0,64815.0,66069.0,263370.0
2021-02-19 00:00:00+09:00,65778.0,66549.0,63274.0,65780.0,194168.0
2021-02-22 00:00:00+09:00,65875.0,66549.0,63467.0,63854.0,150582.0
2021-02-23 00:00:00+09:00,61734.0,63467.0,61444.0,61928.0,210729.0
2021-02-24 00:00:00+09:00,61638.0,64815.0,60289.0,60579.0,237969.0
2021-02-25 00:00:00+09:00,61541.0,64141.0,60963.0,63660.0,179432.0
2021-02-26 00:00:00+09:00,62504.0,62889.0,60481.0,62120.0,193227.0
2021-03-02 00:00:00+09:00,57785.0,60963.0,57592.0,58845.0,399659.0
2021-03-03 00:00:00+09:00,58459.0,59133.0,57881.0,58653.0,120212.0
2021-03-04 00:00:00+09:00,57785.0,58171.0,57785.0,58171.0,230781.0
2021-03-05 00:00:00+09:00,57496.0,57592.0,56148.0,56823.0,137947.0
2021-03-08 00:00:00+09:00,56629.0,57881.0,55762.0,55860.0,196997.0
2021-03-09 00:00:00+09:00,55955.0,57207.0,54414.0,55860.0,166725.0
2021-03-10 00:00:00+09:00,56148.0,57111.0,54895.0,55089.0,113119.0
2021-03-11 00:00:00+09:00,54510.0,56822.0,54510.0,56630.0,133553.0
2021-03-12 00:00:00+09:00,58555.0,58845.0,56918.0,57401.0,141459.0
2021-03-15 00:00:00+09:00,57496.0,57881.0,56436.0,57111.0,106610.0
2021-03-16 00:00:00+09:00,57303.0,59518.0,57303.0,59135.0,167188.0
2021-03-17 00:00:00+09:00,59711.0,60867.0,58748.0,59423.0,145544.0
2021-03-18 00:00:00+09:00,59422.0,60289.0,58652.0,58749.0,146509.0
2021-03-19 00:00:00+09:00,64334.0,64527.0,59711.0,59904.0,689830.0
2021-03-22 00:00:00+09:00,59904.0,60578.0,57688.0,57978.0,140726.0
2021-03-23 00:00:00+09:00,58363.0,58845.0,56822.0,56823.0,109851.0
2021-03-24 00:00:00+09:00,56822.0,57592.0,56148.0,56823.0,62098.0
2021-03-25 00:00:00+09:00,56340.0,57303.0,56340.0,56919.0,76101.0
2021-03-26 00:00:00+09:00,56918.0,57303.0,56340.0,56534.0,68417.0
2021-03-29 00:00:00+09:00,56822.0,57015.0,55377.0,55571.0,116661.0
2021-03-30 00:00:00+09:00,56052.0,56725.0,55281.0,56052.0,69605.0
2021-03-31 00:00:00+09:00,55859.0,56436.0,55473.0,55860.0,64621.0
2021-04-01 00:00:00+09:00,55762.0,56148.0,55377.0,56052.0,70093.0
2021-04-02 00:00:00+09:00,55955.0,56340.0,55377.0,55378.0,74590.0
2021-04-05 00:00:00+09:00,55281.0,55762.0,54510.0,54800.0,71023.0
2021-04-06 00:00:00+09:00,54606.0,54895.0,54125.0,54222.0,80485.0
2021-04-07 00:00:00+09:00,54029.0,57496.0,53836.0,56534.0,165976.0
2021-04-08 00:00:00+09:00,56436.0,56823.0,56436.0,56823.0,130695.0
2021-04-09 00:00:00+09:00,56822.0,57592.0,56244.0,57111.0,71374.0
2021-04-12 00:00:00+09:00,57111.0,58652.0,56725.0,58074.0,121302.0
2021-04-13 00:00:00+09:00,58074.0,59711.0,57688.0,58268.0,177051.0
2021-04-14 00:00:00+09:00,58363.0,58748.0,57207.0,58171.0,86428.0
2021-04-15 00:00:00+09:00,57881.0,69824.0,57015.0,62793.0,1918624.0
2021-04-16 00:00:00+09:00,61638.0,62793.0,59904.0,61542.0,415505.0
2021-04-19 00:00:00+09:00,61541.0,68571.0,60963.0,66453.0,985644.0
2021-04-20 00:00:00+09:00,65682.0,68860.0,64238.0,66453.0,554458.0
2021-04-21 00:00:00+09:00,66549.0,71366.0,66549.0,71366.0,1111252.0
2021-04-22 00:00:00+09:00,70787.0,70787.0,68187.0,68379.0,399725.0
2021-04-23 00:00:00+09:00,67801.0,71750.0,65394.0,69150.0,719734.0
2021-04-26 00:00:00+09:00,68764.0,70787.0,67127.0,69150.0,447381.0
2021-04-27 00:00:00+09:00,69053.0,70305.0,67127.0,69150.0,244146.0
2021-04-28 00:00:00+09:00,68668.0,69534.0,66741.0,67610.0,245093.0
2021-04-29 00:00:00+09:00,68668.0,70113.0,67608.0,68477.0,329285.0
2021-04-30 00:00:00+09:00,68283.0,69246.0,66549.0,66647.0,168564.0
2021-05-03 00:00:00+09:00,66067.0,67031.0,62504.0,63083.0,305273.0
2021-05-04 00:00:00+09:00,61638.0,64141.0,61638.0,63854.0,168164.0
2021-05-06 00:00:00+09:00,65297.0,65971.0,64045.0,64335.0,173434.0
2021-05-07 00:00:00+09:00,65297.0,68187.0,65008.0,67514.0,275965.0
2021-05-10 00:00:00+09:00,68283.0,69438.0,67223.0,68477.0,302992.0
2021-05-11 00:00:00+09:00,68379.0,68860.0,67223.0,67802.0,208547.0
2021-05-12 00:00:00+09:00,68283.0,68957.0,67320.0,67898.0,202396.0
2021-05-13 00:00:00+09:00,66838.0,71751.0,66838.0,71751.0,619326.0
2021-05-14 00:00:00+09:00,68571.0,69150.0,63178.0,64142.0,748237.0
2021-05-17 00:00:00+09:00,64430.0,65778.0,63660.0,64623.0,218284.0
2021-05-18 00:00:00+09:00,64719.0,71172.0,64623.0,69536.0,1110676.0
2021-05-20 00:00:00+09:00,70305.0,70594.0,68090.0,68958.0,336887.0
2021-05-21 00:00:00+09:00,69053.0,70016.0,66645.0,67320.0,244860.0
2021-05-24 00:00:00+09:00,66067.0,66067.0,63467.0,64142.0,242156.0
2021-05-25 00:00:00+09:00,63852.0,65490.0,63852.0,65298.0,152650.0
2021-05-26 00:00:00+09:00,65008.0,65682.0,64719.0,65009.0,89130.0
2021-05-27 00:00:00+09:00,64623.0,68283.0,64334.0,67802.0,246947.0
2021-05-28 00:00:00+09:00,67801.0,68475.0,66934.0,67224.0,117761.0
2021-05-31 00:00:00+09:00,67416.0,68764.0,67416.0,67514.0,181599.0
2021-06-01 00:00:00+09:00,67897.0,68187.0,67031.0,67898.0,119160.0
2021-06-02 00:00:00+09:00,68283.0,69727.0,66741.0,68861.0,260925.0
2021-06-03 00:00:00+09:00,68957.0,69534.0,67416.0,67802.0,159929.0
2021-06-04 00:00:00+09:00,67320.0,68187.0,65875.0,66261.0,204407.0
2021-06-07 00:00:00+09:00,66549.0,67705.0,65971.0,67416.0,112466.0
2021-06-08 00:00:00+09:00,67320.0,68187.0,66934.0,67032.0,110154.0
2021-06-09 00:00:00+09:00,66934.0,67705.0,66164.0,66261.0,86922.0
2021-06-10 00:00:00+09:00,66260.0,67512.0,65682.0,65972.0,159880.0
2021-06-11 00:00:00+09:00,65971.0,66741.0,65682.0,65684.0,72529.0
2021-06-14 00:00:00+09:00,65682.0,67031.0,65586.0,66839.0,68750.0
2021-06-15 00:00:00+09:00,66453.0,67031.0,66067.0,66261.0,62572.0
2021-06-16 00:00:00+09:00,66260.0,68090.0,65682.0,67320.0,160765.0
2021-06-17 00:00:00+09:00,66741.0,67512.0,65875.0,66069.0,119004.0
2021-06-18 00:00:00+09:00,66453.0,67320.0,65971.0,67128.0,128220.0
2021-06-21 00:00:00+09:00,67031.0,70305.0,66357.0,69825.0,393794.0
2021-06-22 00:00:00+09:00,70305.0,70401.0,67897.0,68283.0,212132.0
2021-06-23 00:00:00+09:00,68283.0,70787.0,68090.0,70017.0,353345.0
2021-06-24 00:00:00+09:00,70594.0,70690.0,68957.0,69246.0,195493.0
2021-06-25 00:00:00+09:00,69246.0,72135.0,69246.0,69921.0,377205.0
2021-06-28 00:00:00+09:00,70690.0,70883.0,69150.0,69343.0,152386.0
2021-06-29 00:00:00+09:00,69246.0,74157.0,69150.0,73484.0,772910.0
2021-06-30 00:00:00+09:00,73676.0,74736.0,72135.0,73677.0,350870.0
2021-07-01 00:00:00+09:00,73773.0,80899.0,72713.0,79167.0,1708831.0
2021-07-02 00:00:00+09:00,78492.0,81669.0,77047.0,80418.0,779951.0
2021-07-05 00:00:00+09:00,80418.0,90241.0,78395.0,88701.0,2805807.0
2021-07-06 00:00:00+09:00,85041.0,87545.0,81285.0,81767.0,1447840.0
2021-07-07 00:00:00+09:00,83789.0,85329.0,78588.0,80418.0,864150.0
2021-07-08 00:00:00+09:00,80032.0,82151.0,78492.0,81189.0,543549.0
2021-07-09 00:00:00+09:00,80225.0,81669.0,78588.0,79263.0,361391.0
2021-07-12 00:00:00+09:00,79455.0,81959.0,78106.0,81767.0,305896.0
2021-07-13 00:00:00+09:00,81766.0,81766.0,79647.0,79649.0,220360.0
2021-07-14 00:00:00+09:00,78973.0,81092.0,77143.0,78300.0,341209.0
2021-07-15 00:00:00+09:00,78106.0,79069.0,77336.0,77337.0,170488.0
2021-07-16 00:00:00+09:00,78203.0,78299.0,76758.0,77819.0,152156.0
2021-07-19 00:00:00+09:00,77143.0,77432.0,74350.0,74544.0,280731.0
2021-07-20 00:00:00+09:00,73483.0,75795.0,73387.0,75122.0,159600.0
2021-07-21 00:00:00+09:00,75891.0,76083.0,74254.0,74351.0,112363.0
2021-07-22 00:00:00+09:00,74350.0,75217.0,73002.0,74063.0,150822.0
2021-07-23 00:00:00+09:00,73965.0,76180.0,73580.0,74159.0,117787.0
2021-07-26 00:00:00+09:00,74157.0,74157.0,72231.0,72233.0,121624.0
2021-07-27 00:00:00+09:00,72231.0,72713.0,71461.0,71558.0,133218.0
2021-07-28 00:00:00+09:00,71557.0,72327.0,70401.0,70884.0,121729.0
2021-07-29 00:00:00+09:00,70883.0,72617.0,70690.0,71270.0,98307.0
2021-07-30 00:00:00+09:00,71557.0,71750.0,68668.0,69054.0,148422.0
2021-08-02 00:00:00+09:00,69438.0,70594.0,69150.0,70209.0,86054.0
2021-08-03 00:00:00+09:00,70113.0,70690.0,69342.0,70209.0,77447.0
2021-08-04 00:00:00+09:00,70016.0,75507.0,70016.0,75507.0,269962.0
2021-08-05 00:00:00+09:00,75602.0,76854.0,74736.0,75218.0,284699.0
2021-08-06 00:00:00+09:00,75410.0,76662.0,74254.0,75989.0,223167.0
2021-08-09 00:00:00+09:00,73580.0,75699.0,71557.0,71751.0,785836.0
2021-08-10 00:00:00+09:00,72135.0,74254.0,71461.0,73581.0,323678.0
2021-08-11 00:00:00+09:00,74254.0,74350.0,72424.0,73196.0,185012.0
2021-08-12 00:00:00+09:00,72809.0,74543.0,72713.0,73002.0,247763.0
2021-08-13 00:00:00+09:00,73773.0,76373.0,73387.0,74544.0,348993.0
2021-08-17 00:00:00+09:00,75120.0,78010.0,71461.0,71462.0,693537.0
2021-08-18 00:00:00+09:00,70883.0,72809.0,70594.0,71558.0,170032.0
2021-08-19 00:00:00+09:00,71268.0,73194.0,69438.0,69921.0,238687.0
2021-08-20 00:00:00+09:00,70016.0,71268.0,66453.0,67995.0,205800.0
2021-08-23 00:00:00+09:00,67994.0,70690.0,67994.0,69246.0,115939.0
2021-08-24 00:00:00+09:00,69534.0,71557.0,69342.0,71076.0,145152.0
2021-08-25 00:00:00+09:00,71364.0,71943.0,70113.0,70595.0,98624.0
2021-08-26 00:00:00+09:00,70401.0,71943.0,69342.0,69343.0,122491.0
2021-08-27 00:00:00+09:00,69727.0,71653.0,69150.0,70499.0,133269.0
2021-08-30 00:00:00+09:00,71653.0,74350.0,70690.0,70884.0,261124.0
2021-08-31 00:00:00+09:00,70690.0,71268.0,69534.0,70691.0,120502.0
2021-09-01 00:00:00+09:00,70690.0,73580.0,70690.0,72039.0,230549.0
2021-09-02 00:00:00+09:00,71653.0,72713.0,70980.0,71076.0,133439.0
2021-09-03 00:00:00+09:00,71268.0,72906.0,71268.0,71751.0,114702.0
2021-09-06 00:00:00+09:00,71846.0,73098.0,71846.0,72714.0,112792.0
2021-09-07 00:00:00+09:00,72713.0,72713.0,70883.0,71847.0,109525.0
2021-09-08 00:00:00+09:00,71268.0,71461.0,70498.0,70788.0,97735.0
2021-09-09 00:00:00+09:00,70594.0,71364.0,69150.0,69921.0,163698.0
2021-09-10 00:00:00+09:00,69534.0,70690.0,68860.0,69246.0,105054.0
2021-09-13 00:00:00+09:00,69631.0,70305.0,68957.0,69246.0,91902.0
2021-09-14 00:00:00+09:00,69438.0,70209.0,69053.0,69054.0,82208.0
2021-09-15 00:00:00+09:00,68860.0,69342.0,68475.0,68573.0,80524.0
2021-09-16 00:00:00+09:00,68668.0,68957.0,67512.0,67514.0,104887.0
2021-09-17 00:00:00+09:00,67416.0,67608.0,66357.0,67128.0,112677.0
2021-09-23 00:00:00+09:00,66741.0,67031.0,65490.0,66261.0,107483.0
2021-09-24 00:00:00+09:00,66838.0,67031.0,64912.0,65684.0,98622.0
2021-09-27 00:00:00+09:00,64912.0,65490.0,63564.0,63564.0,152294.0
2021-09-28 00:00:00+09:00,63082.0,63467.0,58555.0,59231.0,377274.0
2021-09-29 00:00:00+09:00,57592.0,59423.0,57592.0,59423.0,179907.0
2021-09-30 00:00:00+09:00,59518.0,59904.0,58074.0,59808.0,149330.0
2021-10-01 00:00:00+09:00,58941.0,59422.0,57303.0,57305.0,152262.0
2021-10-05 00:00:00+09:00,56244.0,57207.0,54895.0,55378.0,164670.0
2021-10-06 00:00:00+09:00,54799.0,57015.0,53836.0,53837.0,166715.0
2021-10-07 00:00:00+09:00,53836.0,56725.0,53836.0,55956.0,110005.0
2021-10-08 00:00:00+09:00,55955.0,56533.0,55088.0,56052.0,74483.0
2021-10-12 00:00:00+09:00,55666.0,56052.0,53259.0,53934.0,114265.0
2021-10-13 00:00:00+09:00,53932.0,56340.0,53740.0,55475.0,87347.0
2021-10-14 00:00:00+09:00,56052.0,58170.0,55762.0,57978.0,95994.0
2021-10-15 00:00:00+09:00,57785.0,58748.0,57111.0,57786.0,74239.0
2021-10-18 00:00:00+09:00,58266.0,58266.0,56533.0,56823.0,56243.0
2021-10-19 00:00:00+09:00,57303.0,58363.0,56822.0,57882.0,51675.0
2021-10-20 00:00:00+09:00,57785.0,58363.0,57207.0,57401.0,46291.0
2021-10-21 00:00:00+09:00,57207.0,58074.0,56918.0,57015.0,45794.0
2021-10-22 00:00:00+09:00,56822.0,57785.0,56533.0,56823.0,49737.0
2021-10-25 00:00:00+09:00,56725.0,57303.0,55666.0,57111.0,53788.0
2021-10-26 00:00:00+09:00,57111.0,58074.0,57111.0,57593.0,100181.0
2021-10-27 00:00:00+09:00,57785.0,58074.0,57015.0,57111.0,61106.0
2021-10-28 00:00:00+09:00,57207.0,57496.0,56148.0,56342.0,62047.0
2021-10-29 00:00:00+09:00,56340.0,56822.0,54510.0,54897.0,91316.0
2021-11-01 00:00:00+09:00,56052.0,57303.0,55859.0,56534.0,85565.0
2021-11-02 00:00:00+09:00,55859.0,58363.0,55859.0,57690.0,92659.0
2021-11-03 00:00:00+09:00,57785.0,57785.0,56148.0,56534.0,59221.0
2021-11-04 00:00:00+09:00,56725.0,58074.0,56052.0,56052.0,72733.0
2021-11-05 00:00:00+09:00,59518.0,59518.0,56533.0,56726.0,209078.0
2021-11-08 00:00:00+09:00,56436.0,56533.0,54606.0,55378.0,104026.0
2021-11-09 00:00:00+09:00,54992.0,56052.0,54703.0,54897.0,64735.0
2021-11-10 00:00:00+09:00,54222.0,55955.0,54029.0,54512.0,60121.0
2021-11-11 00:00:00+09:00,53932.0,54414.0,52199.0,52585.0,143646.0
2021-11-12 00:00:00+09:00,52392.0,54125.0,52392.0,53741.0,58158.0
2021-11-15 00:00:00+09:00,53740.0,55860.0,53740.0,55860.0,77485.0
2021-11-16 00:00:00+09:00,54992.0,56052.0,54606.0,55763.0,58735.0
2021-11-17 00:00:00+09:00,55473.0,55859.0,53643.0,53837.0,67973.0
2021-11-18 00:00:00+09:00,53932.0,54029.0,52680.0,52874.0,69476.0
2021-11-19 00:00:00+09:00,52199.0,53643.0,52102.0,52970.0,53616.0
2021-11-22 00:00:00+09:00,52488.0,54510.0,52488.0,54030.0,63366.0
2021-11-23 00:00:00+09:00,53259.0,53740.0,52584.0,52682.0,61277.0
2021-11-24 00:00:00+09:00,52296.0,52969.0,52199.0,52392.0,62285.0
2021-11-25 00:00:00+09:00,52199.0,52488.0,51621.0,51719.0,69059.0
2021-11-26 00:00:00+09:00,51525.0,53259.0,51525.0,52296.0,75565.0
2021-11-29 00:00:00+09:00,52006.0,53740.0,50850.0,51044.0,118837.0
2021-11-30 00:00:00+09:00,51139.0,51139.0,47721.0,48251.0,148563.0
2021-12-01 00:00:00+09:00,47673.0,48924.0,47673.0,48636.0,74088.0
2021-12-02 00:00:00+09:00,47480.0,51525.0,47480.0,51141.0,106216.0
2021-12-03 00:00:00+09:00,50562.0,52006.0,49599.0,51622.0,73968.0
2021-12-06 00:00:00+09:00,51525.0,51813.0,50080.0,51333.0,50510.0
2021-12-07 00:00:00+09:00,52199.0,53547.0,51332.0,52200.0,74390.0
2021-12-08 00:00:00+09:00,52680.0,54510.0,52584.0,53549.0,108094.0
2021-12-09 00:00:00+09:00,53355.0,56148.0,53259.0,55667.0,199022.0
2021-12-10 00:00:00+09:00,54992.0,55762.0,54125.0,54318.0,68504.0
2021-12-13 00:00:00+09:00,54606.0,55377.0,53355.0,53934.0,55365.0
2021-12-14 00:00:00+09:00,53259.0,56436.0,53259.0,54126.0,146304.0
2021-12-15 00:00:00+09:00,54318.0,54895.0,53547.0,53645.0,63419.0
2021-12-16 00:00:00+09:00,53740.0,54222.0,53065.0,53355.0,62981.0
2021-12-17 00:00:00+09:00,53932.0,55088.0,52873.0,54704.0,104928.0
2021-12-20 00:00:00+09:00,54414.0,54606.0,53066.0,53645.0,67404.0
2021-12-21 00:00:00+09:00,53643.0,54414.0,52680.0,52970.0,57433.0
2021-12-22 00:00:00+09:00,53065.0,53643.0,52392.0,53355.0,48055.0
2021-12-23 00:00:00+09:00,53355.0,53355.0,52102.0,52682.0,42266.0
2021-12-24 00:00:00+09:00,52488.0,53836.0,52102.0,52874.0,69816.0
2021-12-27 00:00:00+09:00,52584.0,57015.0,52584.0,55763.0,225343.0
2021-12-28 00:00:00+09:00,55859.0,56244.0,54703.0,55860.0,102686.0
2021-12-29 00:00:00+09:00,55172.0,55957.0,53994.0,53994.0,96909.0
2021-12-30 00:00:00+09:00,54092.0,54387.0,52914.0,53209.0,82822.0
2022-01-03 00:00:00+09:00,53503.0,54583.0,53209.0,54485.0,86688.0
2022-01-04 00:00:00+09:00,54485.0,54583.0,53209.0,53405.0,86770.0
2022-01-05 00:00:00+09:00,53208.0,53307.0,51540.0,51736.0,103996.0
2022-01-06 00:00:00+09:00,51245.0,51736.0,49969.0,49969.0,89757.0
2022-01-07 00:00:00+09:00,49969.0,50852.0,49380.0,49969.0,58902.0
2022-01-10 00:00:00+09:00,50067.0,51343.0,48742.0,49086.0,130537.0
2022-01-11 00:00:00+09:00,48594.0,50067.0,48594.0,49675.0,72901.0
2022-01-12 00:00:00+09:00,49576.0,50951.0,49576.0,50558.0,66949.0
2022-01-13 00:00:00+09:00,50067.0,50852.0,49478.0,49773.0,76895.0
2022-01-14 00:00:00+09:00,49085.0,49576.0,48840.0,48939.0,64956.0
2022-01-17 00:00:00+09:00,48889.0,49282.0,47662.0,47662.0,79043.0
2022-01-18 00:00:00+09:00,47662.0,48300.0,46091.0,46190.0,91197.0
2022-01-19 00:00:00+09:00,45453.0,47220.0,45158.0,46042.0,67388.0
2022-01-20 00:00:00+09:00,46140.0,47024.0,45797.0,46828.0,46941.0
2022-01-21 00:00:00+09:00,49282.0,50165.0,46778.0,47122.0,157577.0
2022-01-24 00:00:00+09:00,47171.0,48054.0,46876.0,47221.0,85525.0
2022-01-25 00:00:00+09:00,46926.0,47220.0,44275.0,44275.0,96553.0
2022-01-26 00:00:00+09:00,44029.0,44864.0,43391.0,43539.0,78979.0
2022-01-27 00:00:00+09:00,43539.0,43980.0,40692.0,40692.0,131790.0
2022-01-28 00:00:00+09:00,41575.0,44128.0,41330.0,44079.0,133912.0
2022-02-03 00:00:00+09:00,44668.0,47416.0,44569.0,46582.0,107442.0
2022-02-04 00:00:00+09:00,46582.0,47416.0,46189.0,46337.0,74320.0
2022-02-07 00:00:00+09:00,46336.0,46386.0,44864.0,45061.0,76703.0
2022-02-08 00:00:00+09:00,45944.0,46484.0,44962.0,46141.0,67435.0
2022-02-09 00:00:00+09:00,46386.0,47122.0,45649.0,45944.0,51667.0
2022-02-10 00:00:00+09:00,45698.0,46631.0,44668.0,44668.0,78980.0
2022-02-11 00:00:00+09:00,44079.0,44471.0,43293.0,43490.0,82070.0
2022-02-14 00:00:00+09:00,42557.0,44668.0,42508.0,43981.0,86087.0
2022-02-15 00:00:00+09:00,43637.0,44275.0,42802.0,42803.0,61032.0
2022-02-16 00:00:00+09:00,43490.0,46140.0,43097.0,45404.0,91339.0
2022-02-17 00:00:00+09:00,45649.0,45895.0,44471.0,44815.0,72994.0
2022-02-18 00:00:00+09:00,44373.0,47564.0,44324.0,47171.0,109426.0
2022-02-21 00:00:00+09:00,46729.0,48153.0,46238.0,47221.0,78533.0
2022-02-22 00:00:00+09:00,46435.0,47907.0,46287.0,47515.0,84948.0
2022-02-23 00:00:00+09:00,48251.0,48300.0,47171.0,47417.0,53923.0
2022-02-24 00:00:00+09:00,46484.0,46876.0,44177.0,44423.0,586982.0
2022-02-25 00:00:00+09:00,45257.0,45502.0,44275.0,44423.0,106981.0
2022-02-28 00:00:00+09:00,44717.0,45011.0,44128.0,44619.0,88993.0
2022-03-02 00:00:00+09:00,44373.0,44668.0,44079.0,44079.0,112657.0
2022-03-03 00:00:00+09:00,44128.0,44373.0,44079.0,44128.0,109129.0
2022-03-04 00:00:00+09:00,44226.0,44226.0,43097.0,43490.0,105461.0
2022-03-07 00:00:00+09:00,42704.0,43146.0,41870.0,41968.0,92422.0
2022-03-08 00:00:00+09:00,41526.0,42606.0,41477.0,41968.0,116165.0
2022-03-10 00:00:00+09:00,42900.0,42900.0,42311.0,42361.0,86884.0
2022-03-11 00:00:00+09:00,42213.0,43440.0,42213.0,42606.0,79982.0
2022-03-14 00:00:00+09:00,42655.0,42802.0,40937.0,41036.0,122084.0
2022-03-15 00:00:00+09:00,40937.0,41379.0,40201.0,41232.0,120214.0
2022-03-16 00:00:00+09:00,41281.0,45846.0,41281.0,45453.0,368508.0
2022-03-17 00:00:00+09:00,45944.0,46631.0,44962.0,45503.0,135146.0
2022-03-18 00:00:00+09:00,45158.0,45649.0,44275.0,44864.0,108972.0
2022-03-21 00:00:00+09:00,45257.0,45257.0,44324.0,44619.0,56688.0
2022-03-22 00:00:00+09:00,44569.0,44913.0,44324.0,44864.0,49515.0
2022-03-23 00:00:00+09:00,44962.0,45747.0,44520.0,44619.0,56626.0
2022-03-24 00:00:00+09:00,44226.0,44668.0,43735.0,44374.0,57404.0
2022-03-25 00:00:00+09:00,44422.0,45208.0,44275.0,44275.0,53331.0
2022-03-28 00:00:00+09:00,43637.0,44275.0,43293.0,43441.0,62990.0
2022-03-29 00:00:00+09:00,43391.0,44128.0,43342.0,43834.0,48770.0
2022-03-30 00:00:00+09:00,44422.0,45208.0,44079.0,44275.0,74772.0
2022-03-31 00:00:00+09:00,44177.0,44864.0,43637.0,43834.0,45250.0
2022-04-01 00:00:00+09:00,43686.0,44226.0,42753.0,43588.0,63248.0
2022-04-04 00:00:00+09:00,43195.0,45011.0,43048.0,44717.0,78210.0
2022-04-05 00:00:00+09:00,44962.0,45453.0,44029.0,44374.0,48150.0
2022-04-06 00:00:00+09:00,44079.0,44226.0,42900.0,42999.0,85589.0
2022-04-07 00:00:00+09:00,42459.0,42950.0,41722.0,41968.0,76100.0
2022-04-08 00:00:00+09:00,41968.0,42704.0,41772.0,42361.0,53716.0
2022-04-11 00:00:00+09:00,42410.0,42851.0,41722.0,42557.0,40191.0
2022-04-12 00:00:00+09:00,42164.0,43342.0,42017.0,42214.0,69207.0
2022-04-13 00:00:00+09:00,42950.0,44079.0,42115.0,43785.0,95048.0
2022-04-14 00:00:00+09:00,43784.0,45649.0,43391.0,45061.0,129715.0
2022-04-15 00:00:00+09:00,44864.0,48693.0,44618.0,48546.0,318927.0
2022-04-18 00:00:00+09:00,48300.0,50852.0,47858.0,49086.0,214412.0
2022-04-19 00:00:00+09:00,48889.0,50656.0,48889.0,49282.0,140399.0
2022-04-20 00:00:00+09:00,49282.0,51049.0,48938.0,49577.0,148848.0
2022-04-21 00:00:00+09:00,50067.0,50460.0,48300.0,48497.0,122549.0
2022-04-22 00:00:00+09:00,48153.0,48889.0,47416.0,48104.0,85656.0
2022-04-25 00:00:00+09:00,47515.0,48398.0,46680.0,47122.0,93315.0
2022-04-26 00:00:00+09:00,47515.0,48349.0,46975.0,47466.0,90903.0
2022-04-27 00:00:00+09:00,46631.0,49576.0,46287.0,49086.0,149560.0
2022-04-28 00:00:00+09:00,49772.0,51736.0,48889.0,50362.0,263882.0
2022-04-29 00:00:00+09:00,50362.0,50951.0,49576.0,50264.0,73805.0
2022-05-02 00:00:00+09:00,49085.0,49969.0,49085.0,49773.0,73668.0
2022-05-03 00:00:00+09:00,49772.0,49871.0,48153.0,48153.0,84387.0
2022-05-04 00:00:00+09:00,48153.0,48447.0,46582.0,47073.0,70059.0
2022-05-06 00:00:00+09:00,46386.0,46680.0,44913.0,45552.0,123936.0
2022-05-09 00:00:00+09:00,45257.0,46091.0,44373.0,45061.0,59210.0
2022-05-10 00:00:00+09:00,45011.0,45060.0,43391.0,44177.0,92072.0
2022-05-11 00:00:00+09:00,44079.0,45109.0,43980.0,44128.0,48200.0
2022-05-12 00:00:00+09:00,43686.0,44962.0,42950.0,43392.0,83362.0
2022-05-13 00:00:00+09:00,44177.0,44226.0,43539.0,43686.0,57850.0
2022-05-16 00:00:00+09:00,44275.0,45846.0,44275.0,44914.0,85540.0
2022-05-17 00:00:00+09:00,44913.0,46827.0,44618.0,46239.0,108067.0
2022-05-18 00:00:00+09:00,46336.0,46680.0,45895.0,45944.0,79894.0
2022-05-19 00:00:00+09:00,44520.0,45404.0,43342.0,44815.0,73514.0
2022-05-20 00:00:00+09:00,45158.0,46975.0,45158.0,46484.0,73577.0
2022-05-23 00:00:00+09:00,46876.0,48595.0,46876.0,48595.0,144237.0
2022-05-24 00:00:00+09:00,48496.0,48791.0,47760.0,47760.0,73132.0
2022-05-25 00:00:00+09:00,47760.0,50067.0,47760.0,49380.0,200810.0
2022-05-26 00:00:00+09:00,49674.0,50165.0,48398.0,48399.0,95798.0
2022-05-27 00:00:00+09:00,48938.0,49380.0,48005.0,48006.0,59273.0
2022-05-30 00:00:00+09:00,48104.0,48840.0,47956.0,48202.0,55844.0
2022-05-31 00:00:00+09:00,48153.0,48840.0,47613.0,48104.0,55062.0
2022-06-02 00:00:00+09:00,47809.0,47809.0,46386.0,46681.0,89706.0
2022-06-03 00:00:00+09:00,47122.0,47662.0,45846.0,46730.0,77716.0
2022-06-07 00:00:00+09:00,46729.0,46729.0,45355.0,45404.0,82940.0
2022-06-08 00:00:00+09:00,45895.0,46533.0,45355.0,46141.0,60254.0
2022-06-09 00:00:00+09:00,46238.0,46435.0,45698.0,45944.0,66381.0
2022-06-10 00:00:00+09:00,45502.0,45551.0,44471.0,44570.0,77665.0
2022-06-13 00:00:00+09:00,43637.0,44520.0,42557.0,42606.0,106515.0
2022-06-14 00:00:00+09:00,42164.0,42950.0,41477.0,41772.0,105665.0
2022-06-15 00:00:00+09:00,41722.0,42213.0,40152.0,40839.0,108294.0
2022-06-16 00:00:00+09:00,41182.0,42066.0,40250.0,40250.0,58789.0
2022-06-17 00:00:00+09:00,38875.0,40790.0,38875.0,40349.0,67784.0
2022-06-20 00:00:00+09:00,41232.0,41232.0,39906.0,40152.0,56725.0
2022-06-21 00:00:00+09:00,40495.0,41232.0,40054.0,40888.0,56937.0
2022-06-22 00:00:00+09:00,41084.0,41379.0,39317.0,39318.0,46999.0
2022-06-23 00:00:00+09:00,39661.0,40741.0,38875.0,38974.0,99110.0
2022-06-24 00:00:00+09:00,38826.0,40888.0,38826.0,40545.0,51508.0
2022-06-27 00:00:00+09:00,41330.0,41330.0,40103.0,40987.0,63619.0
2022-06-28 00:00:00+09:00,40986.0,40986.0,39514.0,39809.0,119178.0
2022-06-29 00:00:00+09:00,39366.0,40201.0,39268.0,39367.0,69411.0
2022-06-30 00:00:00+09:00,39514.0,40299.0,39317.0,39318.0,69744.0
2022-07-01 00:00:00+09:00,40152.0,40544.0,37108.0,37256.0,159673.0
2022-07-04 00:00:00+09:00,37452.0,37845.0,36716.0,37011.0,96209.0
2022-07-05 00:00:00+09:00,37108.0,38139.0,36765.0,37845.0,591102.0
2022-07-06 00:00:00+09:00,38090.0,41182.0,37599.0,39809.0,464111.0
2022-07-07 00:00:00+09:00,40054.0,41379.0,39612.0,40888.0,123704.0
2022-07-08 00:00:00+09:00,41182.0,41182.0,40250.0,40250.0,89926.0
2022-07-11 00:00:00+09:00,40446.0,41428.0,40103.0,40987.0,93192.0
2022-07-12 00:00:00+09:00,40593.0,41477.0,40054.0,40938.0,77290.0
2022-07-13 00:00:00+09:00,41232.0,41330.0,40152.0,40349.0,64744.0
2022-07-14 00:00:00+09:00,40054.0,40299.0,39023.0,39318.0,112525.0
2022-07-15 00:00:00+09:00,39268.0,40004.0,38875.0,39367.0,81506.0
2022-07-18 00:00:00+09:00,39464.0,39857.0,38188.0,38434.0,144988.0
2022-07-19 00:00:00+09:00,38679.0,39563.0,38336.0,39514.0,77075.0
2022-07-20 00:00:00+09:00,39710.0,39808.0,39219.0,39759.0,59617.0
2022-07-21 00:00:00+09:00,39366.0,39857.0,39023.0,39072.0,66531.0
2022-07-22 00:00:00+09:00,39023.0,39514.0,39023.0,39170.0,36239.0
2022-07-25 00:00:00+09:00,39121.0,39464.0,38826.0,39269.0,34258.0
2022-07-26 00:00:00+09:00,39121.0,39415.0,38974.0,39170.0,30965.0
2022-07-27 00:00:00+09:00,39514.0,40839.0,39317.0,40005.0,83133.0
2022-07-28 00:00:00+09:00,40348.0,40741.0,40103.0,40250.0,67323.0
2022-07-29 00:00:00+09:00,40593.0,40888.0,39955.0,40152.0,57251.0
2022-08-01 00:00:00+09:00,39857.0,40299.0,39759.0,40103.0,39578.0
2022-08-02 00:00:00+09:00,39857.0,40054.0,39072.0,39072.0,70305.0
2022-08-03 00:00:00+09:00,38875.0,39759.0,38875.0,39612.0,34872.0
2022-08-04 00:00:00+09:00,39612.0,40692.0,39563.0,40005.0,60512.0
2022-08-05 00:00:00+09:00,40201.0,41821.0,40054.0,41281.0,129067.0
2022-08-08 00:00:00+09:00,41821.0,42311.0,40839.0,41330.0,92597.0
2022-08-09 00:00:00+09:00,41133.0,42164.0,41133.0,41870.0,56670.0
2022-08-10 00:00:00+09:00,41624.0,41919.0,40544.0,40692.0,72029.0
2022-08-11 00:00:00+09:00,41084.0,41281.0,40643.0,40741.0,37873.0
2022-08-12 00:00:00+09:00,41084.0,41232.0,40593.0,40888.0,27905.0
2022-08-16 00:00:00+09:00,41035.0,41379.0,40054.0,40201.0,66440.0
2022-08-17 00:00:00+09:00,40152.0,40593.0,39612.0,39661.0,51099.0
2022-08-18 00:00:00+09:00,39563.0,41575.0,39317.0,40839.0,94952.0
2022-08-19 00:00:00+09:00,40888.0,41870.0,40593.0,40741.0,88588.0
2022-08-22 00:00:00+09:00,40299.0,40643.0,39906.0,40005.0,84961.0
2022-08-23 00:00:00+09:00,39955.0,40593.0,39072.0,39121.0,102752.0
2022-08-24 00:00:00+09:00,39955.0,40299.0,39415.0,39612.0,73955.0
2022-08-25 00:00:00+09:00,39661.0,40348.0,39661.0,39907.0,40689.0
2022-08-26 00:00:00+09:00,39955.0,41084.0,39612.0,40692.0,85155.0
2022-08-29 00:00:00+09:00,39563.0,39857.0,38581.0,38581.0,133851.0
2022-08-30 00:00:00+09:00,38581.0,41379.0,38532.0,40692.0,150898.0
2022-08-31 00:00:00+09:00,40201.0,43146.0,40054.0,42508.0,281498.0
2022-09-01 00:00:00+09:00,42115.0,43391.0,41722.0,42901.0,192395.0
2022-09-02 00:00:00+09:00,42606.0,43342.0,42115.0,42508.0,138716.0
2022-09-05 00:00:00+09:00,42753.0,43293.0,42262.0,42410.0,114544.0
2022-09-06 00:00:00+09:00,42459.0,42950.0,42115.0,42950.0,76975.0
2022-09-07 00:00:00+09:00,42606.0,42606.0,41428.0,41428.0,141406.0
2022-09-08 00:00:00+09:00,41968.0,44815.0,41968.0,43932.0,339910.0
2022-09-13 00:00:00+09:00,46975.0,47564.0,43637.0,43637.0,518272.0
2022-09-14 00:00:00+09:00,41870.0,43539.0,40839.0,42999.0,250464.0
2022-09-15 00:00:00+09:00,42655.0,43539.0,42655.0,42656.0,127032.0
2022-09-16 00:00:00+09:00,42361.0,42459.0,41575.0,41625.0,96617.0
2022-09-19 00:00:00+09:00,41330.0,42262.0,40790.0,41232.0,80591.0
2022-09-20 00:00:00+09:00,41624.0,41772.0,39808.0,39907.0,113794.0
2022-09-21 00:00:00+09:00,38875.0,39170.0,33918.0,34066.0,682221.0
2022-09-22 00:00:00+09:00,33427.0,34998.0,33378.0,33967.0,215092.0
2022-09-23 00:00:00+09:00,33721.0,33967.0,32396.0,33035.0,203111.0
2022-09-26 00:00:00+09:00,32396.0,32642.0,30924.0,31317.0,146253.0
2022-09-27 00:00:00+09:00,30924.0,31905.0,30924.0,31611.0,989380.0
2022-09-28 00:00:00+09:00,31513.0,32249.0,30285.0,30924.0,127457.0
2022-09-29 00:00:00+09:00,31611.0,32543.0,31071.0,31219.0,105631.0
2022-09-30 00:00:00+09:00,31120.0,31905.0,30874.0,30973.0,87269.0
2022-10-04 00:00:00+09:00,31071.0,31758.0,31022.0,31562.0,70431.0
2022-10-05 00:00:00+09:00,32003.0,32102.0,30629.0,30728.0,74600.0
2022-10-06 00:00:00+09:00,30727.0,31463.0,30727.0,31071.0,36266.0
2022-10-07 00:00:00+09:00,30629.0,31513.0,30629.0,31071.0,47913.0
2022-10-11 00:00:00+09:00,30531.0,31267.0,29206.0,29255.0,103952.0
2022-10-12 00:00:00+09:00,28960.0,29598.0,28764.0,29255.0,69176.0
2022-10-13 00:00:00+09:00,29255.0,29549.0,28518.0,28813.0,82087.0
2022-10-14 00:00:00+09:00,29206.0,30531.0,29206.0,30090.0,108921.0
2022-10-17 00:00:00+09:00,29942.0,30335.0,29009.0,30335.0,70082.0
2022-10-18 00:00:00+09:00,31022.0,31316.0,30285.0,30580.0,83831.0
2022-10-19 00:00:00+09:00,30825.0,30924.0,30138.0,30237.0,72077.0
2022-10-20 00:00:00+09:00,29844.0,30138.0,29500.0,29746.0,106057.0
2022-10-21 00:00:00+09:00,29745.0,30629.0,29500.0,30433.0,84165.0
2022-10-24 00:00:00+09:00,31120.0,31611.0,30482.0,30875.0,63591.0
2022-10-25 00:00:00+09:00,30629.0,31463.0,30629.0,30973.0,55700.0
2022-10-26 00:00:00+09:00,31022.0,31169.0,30678.0,30875.0,39479.0
2022-10-27 00:00:00+09:00,31414.0,31709.0,31071.0,31513.0,64959.0
2022-10-28 00:00:00+09:00,31414.0,32249.0,31120.0,31759.0,70957.0
2022-10-31 00:00:00+09:00,31905.0,32151.0,30678.0,31464.0,62239.0
2022-11-01 00:00:00+09:00,31120.0,31660.0,30138.0,31513.0,59320.0
2022-11-02 00:00:00+09:00,31218.0,32298.0,30629.0,32053.0,74570.0
2022-11-03 00:00:00+09:00,31513.0,32102.0,30924.0,31808.0,76311.0
2022-11-04 00:00:00+09:00,31513.0,33133.0,31513.0,33133.0,104162.0
2022-11-07 00:00:00+09:00,33083.0,33329.0,32592.0,33035.0,55352.0
2022-11-08 00:00:00+09:00,33083.0,33427.0,32838.0,33231.0,58516.0
2022-11-09 00:00:00+09:00,33427.0,34310.0,33280.0,33918.0,81440.0
2022-11-10 00:00:00+09:00,33869.0,34556.0,33378.0,34115.0,77952.0
2022-11-11 00:00:00+09:00,34850.0,34850.0,33771.0,33771.0,131911.0
2022-11-14 00:00:00+09:00,33672.0,34998.0,33181.0,33329.0,224354.0
2022-11-15 00:00:00+09:00,33672.0,34212.0,33525.0,34066.0,104116.0
2022-11-16 00:00:00+09:00,34360.0,35489.0,33574.0,34704.0,202584.0
2022-11-17 00:00:00+09:00,35096.0,35145.0,33869.0,33869.0,95106.0
2022-11-18 00:00:00+09:00,33918.0,34212.0,33672.0,33771.0,59858.0
2022-11-21 00:00:00+09:00,34114.0,34163.0,32347.0,32544.0,71980.0
2022-11-22 00:00:00+09:00,31807.0,32347.0,31562.0,31611.0,98340.0
2022-11-23 00:00:00+09:00,31807.0,32003.0,31169.0,31660.0,75999.0
2022-11-24 00:00:00+09:00,31807.0,32003.0,31365.0,31759.0,48521.0
2022-11-25 00:00:00+09:00,31758.0,31758.0,30285.0,30482.0,122552.0
2022-11-28 00:00:00+09:00,30629.0,30629.0,29795.0,30335.0,61658.0
2022-11-29 00:00:00+09:00,29991.0,30874.0,29991.0,30679.0,37640.0
2022-11-30 00:00:00+09:00,30678.0,31071.0,30384.0,30826.0,58579.0
2022-12-01 00:00:00+09:00,31071.0,31611.0,30924.0,31120.0,60182.0
2022-12-02 00:00:00+09:00,31169.0,31169.0,30580.0,30728.0,41818.0
2022-12-05 00:00:00+09:00,30924.0,31169.0,30482.0,30924.0,43246.0
2022-12-06 00:00:00+09:00,30924.0,31218.0,30580.0,30728.0,45458.0
2022-12-07 00:00:00+09:00,31071.0,31120.0,30040.0,30630.0,50015.0
2022-12-08 00:00:00+09:00,30531.0,31316.0,30138.0,31022.0,89051.0
2022-12-09 00:00:00+09:00,31365.0,33280.0,31169.0,33280.0,210104.0
2022-12-12 00:00:00+09:00,33231.0,35243.0,33034.0,34016.0,265015.0
2022-12-13 00:00:00+09:00,34016.0,35930.0,33820.0,35489.0,247944.0
2022-12-14 00:00:00+09:00,35734.0,35734.0,34458.0,34851.0,110933.0
2022-12-15 00:00:00+09:00,34850.0,35636.0,34458.0,34949.0,100818.0
2022-12-16 00:00:00+09:00,34016.0,35243.0,33967.0,34949.0,95133.0
2022-12-19 00:00:00+09:00,34752.0,34850.0,34065.0,34360.0,45300.0
2022-12-20 00:00:00+09:00,34654.0,34654.0,33231.0,33722.0,92424.0
2022-12-21 00:00:00+09:00,33869.0,35587.0,33378.0,35096.0,159000.0
2022-12-22 00:00:00+09:00,35194.0,35587.0,34310.0,35096.0,76220.0
2022-12-23 00:00:00+09:00,34949.0,35243.0,33869.0,33869.0,74885.0
2022-12-26 00:00:00+09:00,33869.0,35047.0,33771.0,34851.0,85037.0
2022-12-27 00:00:00+09:00,33967.0,35047.0,33967.0,34900.0,118170.0
2022-12-28 00:00:00+09:00,34500.0,34500.0,33550.0,33650.0,84864.0
2022-12-29 00:00:00+09:00,33450.0,33800.0,32050.0,32450.0,83355.0
2023-01-02 00:00:00+09:00,32600.0,32750.0,31450.0,31650.0,77178.0
2023-01-03 00:00:00+09:00,31850.0,32050.0,30300.0,31050.0,97418.0
2023-01-04 00:00:00+09:00,30700.0,30950.0,30250.0,30700.0,112143.0
2023-01-05 00:00:00+09:00,30800.0,31400.0,30400.0,30650.0,72190.0
2023-01-06 00:00:00+09:00,30350.0,31200.0,30350.0,30650.0,82685.0
2023-01-09 00:00:00+09:00,30900.0,31300.0,30700.0,31100.0,83380.0
2023-01-10 00:00:00+09:00,31150.0,31300.0,30650.0,30900.0,64896.0
2023-01-11 00:00:00+09:00,31150.0,31600.0,30950.0,31350.0,65256.0
2023-01-12 00:00:00+09:00,31400.0,31700.0,31050.0,31050.0,78086.0
2023-01-13 00:00:00+09:00,31500.0,31650.0,31100.0,31200.0,47865.0
2023-01-16 00:00:00+09:00,31300.0,31550.0,30900.0,31250.0,73713.0
2023-01-17 00:00:00+09:00,31250.0,31300.0,30200.0,30350.0,130147.0
2023-01-18 00:00:00+09:00,30350.0,30550.0,29900.0,30100.0,72159.0
2023-01-19 00:00:00+09:00,29850.0,30350.0,29650.0,30150.0,60177.0
2023-01-20 00:00:00+09:00,29800.0,30700.0,29800.0,30500.0,55755.0
2023-01-25 00:00:00+09:00,30550.0,30850.0,30100.0,30200.0,88975.0
2023-01-26 00:00:00+09:00,30450.0,30550.0,30100.0,30550.0,64764.0
2023-01-27 00:00:00+09:00,30350.0,30700.0,30200.0,30500.0,88296.0
2023-01-30 00:00:00+09:00,30500.0,30750.0,30150.0,30150.0,69160.0
2023-01-31 00:00:00+09:00,30150.0,30300.0,29900.0,30100.0,71738.0
2023-02-01 00:00:00+09:00,30100.0,30700.0,29900.0,30400.0,105872.0
2023-02-02 00:00:00+09:00,30850.0,32000.0,30650.0,31700.0,242775.0
2023-02-03 00:00:00+09:00,31700.0,31850.0,31050.0,31050.0,102607.0
2023-02-06 00:00:00+09:00,31000.0,31350.0,30500.0,30850.0,72314.0
2023-02-07 00:00:00+09:00,30900.0,31050.0,30300.0,30400.0,97639.0
2023-02-08 00:00:00+09:00,30750.0,30850.0,30250.0,30650.0,58661.0
2023-02-09 00:00:00+09:00,30800.0,32200.0,30700.0,31400.0,282690.0
2023-02-10 00:00:00+09:00,31650.0,32050.0,30850.0,31850.0,136562.0
2023-02-13 00:00:00+09:00,31250.0,31450.0,30650.0,30800.0,99952.0
2023-02-14 00:00:00+09:00,31000.0,31250.0,30800.0,30900.0,70131.0
2023-02-15 00:00:00+09:00,30900.0,31100.0,30350.0,30550.0,95432.0
2023-02-16 00:00:00+09:00,30700.0,31400.0,30650.0,31050.0,96679.0
2023-02-17 00:00:00+09:00,30700.0,30700.0,30150.0,30200.0,127453.0
2023-02-20 00:00:00+09:00,30300.0,33200.0,30300.0,32650.0,447068.0
2023-02-21 00:00:00+09:00,32800.0,32950.0,31850.0,32800.0,171063.0
2023-02-22 00:00:00+09:00,32300.0,33050.0,32000.0,32550.0,146346.0
2023-02-23 00:00:00+09:00,32550.0,33300.0,32300.0,33150.0,123712.0
2023-02-24 00:00:00+09:00,33000.0,33200.0,32350.0,32700.0,104524.0
2023-02-27 00:00:00+09:00,32350.0,32400.0,31000.0,31700.0,130982.0
2023-02-28 00:00:00+09:00,31950.0,32850.0,31300.0,32550.0,91679.0
2023-03-02 00:00:00+09:00,32800.0,32850.0,31450.0,31700.0,141142.0
2023-03-03 00:00:00+09:00,31750.0,32450.0,31450.0,32200.0,101578.0
2023-03-06 00:00:00+09:00,32600.0,32750.0,31800.0,32050.0,102179.0
2023-03-07 00:00:00+09:00,31900.0,34650.0,31800.0,34600.0,512535.0
2023-03-08 00:00:00+09:00,34050.0,35200.0,33800.0,34400.0,368822.0
2023-03-09 00:00:00+09:00,34600.0,38250.0,34150.0,38000.0,1080036.0
2023-03-10 00:00:00+09:00,37800.0,37900.0,35050.0,35600.0,599919.0
2023-03-13 00:00:00+09:00,34900.0,35650.0,34000.0,34800.0,297544.0
2023-03-14 00:00:00+09:00,34400.0,34650.0,33500.0,33750.0,279138.0
2023-03-15 00:00:00+09:00,34250.0,35700.0,33850.0,34950.0,317943.0
2023-03-16 00:00:00+09:00,34800.0,37550.0,34250.0,36900.0,413195.0
2023-03-17 00:00:00+09:00,37150.0,38850.0,36300.0,38300.0,652940.0
2023-03-20 00:00:00+09:00,38500.0,39850.0,37750.0,37850.0,313881.0
2023-03-21 00:00:00+09:00,38300.0,39450.0,38000.0,39350.0,311874.0
2023-03-22 00:00:00+09:00,39350.0,39450.0,38000.0,39050.0,246800.0
2023-03-23 00:00:00+09:00,38800.0,38950.0,38000.0,38500.0,166091.0
2023-03-24 00:00:00+09:00,38300.0,39400.0,38000.0,38250.0,205466.0
2023-03-27 00:00:00+09:00,38500.0,38750.0,37400.0,38150.0,192915.0
2023-03-28 00:00:00+09:00,38150.0,39300.0,37050.0,37450.0,240114.0
2023-03-29 00:00:00+09:00,37450.0,37900.0,36550.0,37650.0,186713.0
2023-03-30 00:00:00+09:00,37600.0,39650.0,37500.0,39450.0,373063.0
2023-03-31 00:00:00+09:00,39450.0,39450.0,38200.0,38950.0,261144.0
2023-04-03 00:00:00+09:00,38750.0,40600.0,38700.0,39250.0,315288.0
2023-04-04 00:00:00+09:00,39300.0,42000.0,38700.0,41850.0,502800.0
2023-04-05 00:00:00+09:00,41850.0,44600.0,41400.0,43200.0,618285.0
2023-04-06 00:00:00+09:00,43600.0,45200.0,43100.0,43350.0,538374.0
2023-04-07 00:00:00+09:00,43800.0,43900.0,42200.0,43350.0,185027.0
2023-04-10 00:00:00+09:00,43100.0,44150.0,42300.0,43600.0,259420.0
2023-04-11 00:00:00+09:00,44050.0,45800.0,42900.0,44900.0,326534.0
2023-04-12 00:00:00+09:00,44900.0,45700.0,44350.0,44850.0,250121.0
2023-04-13 00:00:00+09:00,44800.0,46300.0,44550.0,45800.0,296166.0
2023-04-14 00:00:00+09:00,46400.0,47750.0,45550.0,46250.0,292241.0
2023-04-17 00:00:00+09:00,46600.0,46600.0,44500.0,45200.0,274555.0
2023-04-18 00:00:00+09:00,44800.0,45850.0,44500.0,45300.0,194282.0
2023-04-19 00:00:00+09:00,44750.0,46250.0,44700.0,44700.0,210915.0
2023-04-20 00:00:00+09:00,44800.0,45050.0,43250.0,43450.0,205328.0
2023-04-21 00:00:00+09:00,43400.0,44150.0,42600.0,43500.0,169478.0
2023-04-24 00:00:00+09:00,43350.0,44500.0,43000.0,43900.0,139133.0
2023-04-25 00:00:00+09:00,43450.0,44450.0,42400.0,42650.0,140077.0
2023-04-26 00:00:00+09:00,42550.0,44200.0,42300.0,43500.0,169075.0
2023-04-27 00:00:00+09:00,43550.0,43700.0,40700.0,42650.0,196448.0
2023-04-28 00:00:00+09:00,42700.0,44800.0,42350.0,43800.0,146758.0
2023-05-02 00:00:00+09:00,44000.0,44400.0,42650.0,43450.0,171635.0
2023-05-03 00:00:00+09:00,43050.0,43300.0,39900.0,40500.0,476295.0
2023-05-04 00:00:00+09:00,40600.0,43350.0,40300.0,43050.0,228321.0
2023-05-08 00:00:00+09:00,42750.0,43950.0,41400.0,41500.0,149765.0
2023-05-09 00:00:00+09:00,41250.0,42650.0,41100.0,41800.0,112800.0
2023-05-10 00:00:00+09:00,42000.0,42000.0,40000.0,40600.0,163144.0
2023-05-11 00:00:00+09:00,40500.0,40950.0,39150.0,39300.0,210667.0
2023-05-12 00:00:00+09:00,39150.0,40400.0,38750.0,39000.0,148479.0
2023-05-15 00:00:00+09:00,38800.0,39350.0,38250.0,39000.0,69554.0
2023-05-16 00:00:00+09:00,39000.0,39050.0,37450.0,37700.0,217338.0
2023-05-17 00:00:00+09:00,37700.0,38150.0,37200.0,38150.0,106734.0
2023-05-18 00:00:00+09:00,38200.0,38250.0,36500.0,37200.0,215860.0
2023-05-19 00:00:00+09:00,37350.0,37950.0,36950.0,37750.0,101239.0
2023-05-22 00:00:00+09:00,37700.0,38100.0,37000.0,37750.0,160749.0
2023-05-23 00:00:00+09:00,37700.0,38250.0,37550.0,38150.0,111016.0
2023-05-24 00:00:00+09:00,38200.0,38400.0,37050.0,37100.0,174700.0
2023-05-25 00:00:00+09:00,37000.0,37150.0,36050.0,36500.0,162027.0
2023-05-26 00:00:00+09:00,36600.0,36650.0,35950.0,36400.0,70501.0
2023-05-30 00:00:00+09:00,36600.0,36950.0,35850.0,36250.0,67782.0
2023-05-31 00:00:00+09:00,36000.0,36500.0,35550.0,36150.0,117036.0
2023-06-01 00:00:00+09:00,36050.0,37150.0,36050.0,36950.0,117976.0
2023-06-02 00:00:00+09:00,37100.0,37150.0,36450.0,37000.0,103765.0
2023-06-05 00:00:00+09:00,37000.0,37200.0,36550.0,37000.0,65689.0
2023-06-07 00:00:00+09:00,37000.0,37400.0,36300.0,36450.0,125794.0
2023-06-08 00:00:00+09:00,36450.0,37150.0,35900.0,36650.0,320350.0
2023-06-09 00:00:00+09:00,37100.0,37700.0,36500.0,36700.0,128617.0
2023-06-12 00:00:00+09:00,37050.0,37050.0,36200.0,36600.0,80843.0
2023-06-13 00:00:00+09:00,36450.0,38300.0,36100.0,36850.0,226232.0
2023-06-14 00:00:00+09:00,36900.0,37000.0,35700.0,36050.0,181030.0
2023-06-15 00:00:00+09:00,35900.0,35950.0,33700.0,34000.0,365261.0
2023-06-16 00:00:00+09:00,34400.0,35900.0,34300.0,34700.0,208820.0
2023-06-19 00:00:00+09:00,34700.0,35700.0,34250.0,34650.0,106611.0
2023-06-20 00:00:00+09:00,34650.0,34950.0,33900.0,34250.0,73894.0
2023-06-21 00:00:00+09:00,34350.0,34600.0,33500.0,34100.0,99774.0
2023-06-22 00:00:00+09:00,33750.0,34600.0,33750.0,34100.0,86858.0
2023-06-23 00:00:00+09:00,34150.0,34150.0,33050.0,33500.0,105348.0
2023-06-26 00:00:00+09:00,33500.0,34150.0,32750.0,33650.0,94252.0
2023-06-27 00:00:00+09:00,33700.0,33950.0,33000.0,33300.0,78789.0
2023-06-28 00:00:00+09:00,33300.0,33650.0,33050.0,33150.0,60536.0
2023-06-29 00:00:00+09:00,33150.0,33250.0,32350.0,32450.0,112557.0
2023-06-30 00:00:00+09:00,32300.0,33450.0,32000.0,33150.0,106695.0
2023-07-03 00:00:00+09:00,33150.0,33900.0,33050.0,33300.0,81363.0
2023-07-04 00:00:00+09:00,33000.0,33100.0,32250.0,32450.0,99811.0
2023-07-05 00:00:00+09:00,32300.0,32700.0,31700.0,31800.0,98366.0
2023-07-06 00:00:00+09:00,31800.0,31800.0,30800.0,31350.0,155170.0
2023-07-07 00:00:00+09:00,30800.0,31200.0,30450.0,30650.0,105825.0
2023-07-10 00:00:00+09:00,30300.0,30800.0,30250.0,30300.0,76245.0
2023-07-11 00:00:00+09:00,30750.0,31000.0,30250.0,30850.0,107221.0
2023-07-12 00:00:00+09:00,30950.0,31100.0,30150.0,31000.0,155946.0
2023-07-13 00:00:00+09:00,31350.0,32400.0,31350.0,31400.0,235040.0
2023-07-14 00:00:00+09:00,31750.0,32150.0,31000.0,31900.0,106451.0
2023-07-17 00:00:00+09:00,31800.0,32100.0,31050.0,31300.0,84116.0
2023-07-18 00:00:00+09:00,31450.0,32250.0,30700.0,31350.0,127500.0
2023-07-19 00:00:00+09:00,31350.0,33300.0,31300.0,32650.0,172337.0
2023-07-20 00:00:00+09:00,33000.0,33300.0,31950.0,32850.0,116761.0
2023-07-21 00:00:00+09:00,32750.0,34650.0,32750.0,33550.0,206594.0
2023-07-24 00:00:00+09:00,34250.0,34250.0,32150.0,32300.0,199855.0
2023-07-25 00:00:00+09:00,32250.0,32500.0,31200.0,31300.0,128740.0
2023-07-26 00:00:00+09:00,31150.0,31500.0,30600.0,30950.0,175664.0
2023-07-27 00:00:00+09:00,31000.0,32850.0,31000.0,32500.0,145700.0
2023-07-28 00:00:00+09:00,32500.0,33000.0,31900.0,32400.0,116478.0
2023-07-31 00:00:00+09:00,33000.0,33150.0,31650.0,31850.0,176583.0
2023-08-01 00:00:00+09:00,31850.0,34100.0,31700.0,34000.0,255415.0
2023-08-02 00:00:00+09:00,34450.0,34450.0,32800.0,33100.0,159353.0
2023-08-03 00:00:00+09:00,33300.0,35800.0,32850.0,35100.0,456809.0
2023-08-04 00:00:00+09:00,34800.0,35100.0,33650.0,34250.0,159109.0
2023-08-07 00:00:00+09:00,34100.0,35100.0,33550.0,33700.0,134776.0
2023-08-08 00:00:00+09:00,34000.0,34150.0,33200.0,33300.0,96050.0
2023-08-09 00:00:00+09:00,33650.0,42200.0,33650.0,41150.0,2813693.0
2023-08-10 00:00:00+09:00,40300.0,41200.0,39300.0,40500.0,896847.0
2023-08-11 00:00:00+09:00,40150.0,40600.0,38700.0,39100.0,598216.0
2023-08-14 00:00:00+09:00,39500.0,40150.0,37400.0,37600.0,450609.0
2023-08-16 00:00:00+09:00,37850.0,38100.0,35900.0,36050.0,376151.0
2023-08-17 00:00:00+09:00,35900.0,36200.0,34950.0,35150.0,254938.0
2023-08-18 00:00:00+09:00,35050.0,36050.0,34300.0,34550.0,288916.0
2023-08-21 00:00:00+09:00,34900.0,36050.0,34800.0,35300.0,228847.0
2023-08-22 00:00:00+09:00,35750.0,35750.0,33800.0,34250.0,239820.0
2023-08-23 00:00:00+09:00,34250.0,35450.0,33800.0,33950.0,170943.0
2023-08-24 00:00:00+09:00,34050.0,35150.0,34000.0,34950.0,128060.0
2023-08-25 00:00:00+09:00,34250.0,35050.0,34050.0,34750.0,122018.0
2023-08-28 00:00:00+09:00,35000.0,35200.0,33250.0,34250.0,173887.0
2023-08-29 00:00:00+09:00,34450.0,35050.0,34150.0,34800.0,118640.0
2023-08-30 00:00:00+09:00,35250.0,35800.0,34400.0,35050.0,148009.0
2023-08-31 00:00:00+09:00,35050.0,36200.0,35000.0,36000.0,787158.0
2023-09-01 00:00:00+09:00,35750.0,35850.0,32550.0,32600.0,667675.0
2023-09-04 00:00:00+09:00,32350.0,32500.0,31800.0,32350.0,169128.0
2023-09-05 00:00:00+09:00,32100.0,32850.0,31950.0,32300.0,126338.0
2023-09-06 00:00:00+09:00,32350.0,33050.0,32100.0,32650.0,126712.0
2023-09-07 00:00:00+09:00,32350.0,32950.0,32050.0,32300.0,95573.0
2023-09-08 00:00:00+09:00,32650.0,33650.0,32550.0,33250.0,244893.0
2023-09-11 00:00:00+09:00,33300.0,33750.0,32300.0,33600.0,178032.0
2023-09-12 00:00:00+09:00,33950.0,34350.0,33150.0,33350.0,272580.0
2023-09-13 00:00:00+09:00,33300.0,33800.0,32650.0,33300.0,165457.0
2023-09-14 00:00:00+09:00,33750.0,35000.0,33450.0,34750.0,360411.0
2023-09-15 00:00:00+09:00,35000.0,35000.0,33750.0,34450.0,234983.0
2023-09-18 00:00:00+09:00,34100.0,35500.0,34050.0,34650.0,160331.0
2023-09-19 00:00:00+09:00,34750.0,35000.0,34200.0,34400.0,100618.0
2023-09-20 00:00:00+09:00,34250.0,34300.0,33000.0,33400.0,128316.0
2023-09-21 00:00:00+09:00,33100.0,33100.0,32100.0,32150.0,119927.0
2023-09-22 00:00:00+09:00,31800.0,32100.0,31450.0,31950.0,128175.0
2023-09-25 00:00:00+09:00,31650.0,32400.0,31650.0,32200.0,77087.0
2023-09-26 00:00:00+09:00,31900.0,32200.0,31350.0,31900.0,105573.0
2023-09-27 00:00:00+09:00,31550.0,33150.0,31500.0,32950.0,146800.0
2023-10-04 00:00:00+09:00,32500.0,32800.0,31750.0,32000.0,112191.0
2023-10-05 00:00:00+09:00,32300.0,32950.0,32150.0,32400.0,97399.0
2023-10-06 00:00:00+09:00,32300.0,34650.0,32300.0,34600.0,234887.0
2023-10-10 00:00:00+09:00,34750.0,35700.0,34300.0,34750.0,312668.0
2023-10-11 00:00:00+09:00,34900.0,35450.0,34050.0,34450.0,111568.0
2023-10-12 00:00:00+09:00,35250.0,35350.0,34150.0,34550.0,125932.0
2023-10-13 00:00:00+09:00,34150.0,34650.0,33800.0,34300.0,76280.0
2023-10-16 00:00:00+09:00,33850.0,34200.0,32950.0,33350.0,106959.0
2023-10-17 00:00:00+09:00,33500.0,33850.0,33000.0,33250.0,72637.0
2023-10-18 00:00:00+09:00,33200.0,33400.0,31650.0,31700.0,162969.0
2023-10-19 00:00:00+09:00,31500.0,31550.0,30400.0,30500.0,219833.0
2023-10-20 00:00:00+09:00,30400.0,30800.0,30000.0,30400.0,129206.0
2023-10-23 00:00:00+09:00,30000.0,30950.0,30000.0,30600.0,116188.0
2023-10-24 00:00:00+09:00,31150.0,31600.0,29850.0,31200.0,155874.0
2023-10-25 00:00:00+09:00,31600.0,32000.0,31200.0,31600.0,116663.0
2023-10-26 00:00:00+09:00,30900.0,31750.0,30800.0,31400.0,98418.0
2023-10-27 00:00:00+09:00,31700.0,31700.0,30750.0,31000.0,115234.0
2023-10-30 00:00:00+09:00,30650.0,31650.0,30650.0,31400.0,89149.0
2023-10-31 00:00:00+09:00,31800.0,32350.0,31450.0,31650.0,118362.0
2023-11-01 00:00:00+09:00,31800.0,32550.0,31600.0,32300.0,107724.0
2023-11-02 00:00:00+09:00,32950.0,32950.0,32200.0,32700.0,120013.0
2023-11-03 00:00:00+09:00,33050.0,33050.0,32650.0,32850.0,51278.0
2023-11-06 00:00:00+09:00,33300.0,34550.0,33300.0,34550.0,165742.0
2023-11-07 00:00:00+09:00,34550.0,35000.0,34150.0,34700.0,116498.0
2023-11-08 00:00:00+09:00,35000.0,36000.0,34750.0,35200.0,156575.0
2023-11-09 00:00:00+09:00,35100.0,35700.0,34500.0,34750.0,64477.0
2023-11-10 00:00:00+09:00,34200.0,34700.0,33700.0,34150.0,67128.0
2023-11-13 00:00:00+09:00,34450.0,34950.0,33950.0,34450.0,57471.0
2023-11-14 00:00:00+09:00,34900.0,35500.0,34600.0,35100.0,78364.0
2023-11-15 00:00:00+09:00,35650.0,36250.0,35500.0,36050.0,129027.0
2023-11-16 00:00:00+09:00,36000.0,36200.0,35050.0,35200.0,68440.0
2023-11-17 00:00:00+09:00,35200.0,37300.0,34900.0,35900.0,187258.0
2023-11-20 00:00:00+09:00,36250.0,36400.0,35600.0,35800.0,61770.0
2023-11-21 00:00:00+09:00,36050.0,36700.0,35500.0,36700.0,94214.0
2023-11-22 00:00:00+09:00,36000.0,36500.0,35550.0,36000.0,59588.0
2023-11-23 00:00:00+09:00,35900.0,36250.0,35500.0,36200.0,96389.0
2023-11-24 00:00:00+09:00,36400.0,36650.0,35500.0,35700.0,72588.0
2023-11-27 00:00:00+09:00,35700.0,36000.0,35200.0,35650.0,47318.0
2023-11-28 00:00:00+09:00,35750.0,36900.0,35450.0,36200.0,109439.0
2023-11-29 00:00:00+09:00,35900.0,36600.0,35600.0,35700.0,47160.0
2023-11-30 00:00:00+09:00,35800.0,35950.0,35250.0,35800.0,70269.0
2023-12-01 00:00:00+09:00,35950.0,36400.0,35300.0,35400.0,56476.0
2023-12-04 00:00:00+09:00,35700.0,35700.0,34100.0,34400.0,113076.0
2023-12-05 00:00:00+09:00,34100.0,35750.0,34100.0,35400.0,103525.0
2023-12-06 00:00:00+09:00,35750.0,36200.0,34750.0,35000.0,52995.0
2023-12-07 00:00:00+09:00,34600.0,38150.0,34400.0,37500.0,497231.0
2023-12-08 00:00:00+09:00,37550.0,37750.0,36800.0,37000.0,121652.0
2023-12-11 00:00:00+09:00,37200.0,37300.0,36150.0,36450.0,113017.0
2023-12-12 00:00:00+09:00,36600.0,37450.0,36300.0,36750.0,112303.0
2023-12-13 00:00:00+09:00,36750.0,37000.0,36050.0,36100.0,75079.0
2023-12-14 00:00:00+09:00,37000.0,37500.0,36750.0,37100.0,189268.0
2023-12-15 00:00:00+09:00,37400.0,37400.0,36000.0,36100.0,129189.0
2023-12-18 00:00:00+09:00,36150.0,36800.0,35900.0,36450.0,75821.0
2023-12-19 00:00:00+09:00,36350.0,37250.0,36250.0,36450.0,76859.0
2023-12-20 00:00:00+09:00,36850.0,37200.0,36600.0,37000.0,75992.0
2023-12-21 00:00:00+09:00,36500.0,37100.0,36400.0,37000.0,48355.0
2023-12-22 00:00:00+09:00,37200.0,38300.0,37000.0,38300.0,175435.0
2023-12-26 00:00:00+09:00,38800.0,39650.0,38250.0,38250.0,228157.0
2023-12-27 00:00:00+09:00,38400.0,39450.0,38300.0,39050.0,144855.0
2023-12-28 00:00:00+09:00,39100.0,39550.0,38700.0,39200.0,119801.0
2024-01-02 00:00:00+09:00,39200.0,39650.0,38650.0,39200.0,138385.0
2024-01-03 00:00:00+09:00,39150.0,41400.0,38750.0,39950.0,335088.0
2024-01-04 00:00:00+09:00,39950.0,40300.0,37650.0,37900.0,183058.0
2024-01-05 00:00:00+09:00,37900.0,38750.0,36750.0,37400.0,154473.0
2024-01-08 00:00:00+09:00,37850.0,38450.0,37600.0,37950.0,95529.0
2024-01-09 00:00:00+09:00,38600.0,39000.0,38150.0,38700.0,124112.0
2024-01-10 00:00:00+09:00,38700.0,38750.0,37550.0,37650.0,78857.0
2024-01-11 00:00:00+09:00,38100.0,38100.0,37000.0,37300.0,95885.0
2024-01-12 00:00:00+09:00,37300.0,38900.0,37200.0,38400.0,191932.0
2024-01-15 00:00:00+09:00,46350.0,47650.0,40450.0,43300.0,5436616.0
2024-01-16 00:00:00+09:00,42300.0,56200.0,42200.0,56200.0,12532403.0
2024-01-17 00:00:00+09:00,53500.0,53900.0,47500.0,49850.0,6932330.0
2024-01-18 00:00:00+09:00,51000.0,51700.0,44200.0,44400.0,3969191.0
2024-01-19 00:00:00+09:00,43700.0,44550.0,40450.0,41000.0,2388667.0
2024-01-22 00:00:00+09:00,41000.0,41950.0,39600.0,40250.0,1383020.0
2024-01-23 00:00:00+09:00,39950.0,42500.0,39950.0,41600.0,1654232.0
2024-01-24 00:00:00+09:00,41300.0,41850.0,39900.0,39900.0,615536.0
2024-01-25 00:00:00+09:00,40500.0,45800.0,40500.0,43900.0,4090223.0
2024-01-26 00:00:00+09:00,42800.0,46600.0,42600.0,43650.0,1540579.0
2024-01-29 00:00:00+09:00,43150.0,44250.0,41500.0,41650.0,908267.0
2024-01-30 00:00:00+09:00,41650.0,42150.0,40450.0,41000.0,432618.0
2024-01-31 00:00:00+09:00,40900.0,41550.0,38700.0,39200.0,594544.0
2024-02-01 00:00:00+09:00,39550.0,40850.0,39150.0,40650.0,452700.0
2024-02-02 00:00:00+09:00,40600.0,41100.0,40050.0,40900.0,328789.0
2024-02-05 00:00:00+09:00,41300.0,41600.0,39650.0,39650.0,317827.0
2024-02-06 00:00:00+09:00,39350.0,41800.0,39100.0,41800.0,317467.0
2024-02-07 00:00:00+09:00,41650.0,42200.0,40950.0,41650.0,323861.0
2024-02-08 00:00:00+09:00,41650.0,41850.0,41200.0,41550.0,309084.0
2024-02-13 00:00:00+09:00,42550.0,45500.0,42000.0,44450.0,994829.0
2024-02-14 00:00:00+09:00,44750.0,44850.0,43050.0,43700.0,522586.0
2024-02-15 00:00:00+09:00,44100.0,44100.0,42050.0,42200.0,385463.0
2024-02-16 00:00:00+09:00,42400.0,44800.0,42350.0,43800.0,475111.0
2024-02-19 00:00:00+09:00,43600.0,44450.0,42750.0,43700.0,247002.0
2024-02-20 00:00:00+09:00,43750.0,45300.0,42400.0,42550.0,423792.0
2024-02-21 00:00:00+09:00,42550.0,44150.0,42500.0,42750.0,272377.0
2024-02-22 00:00:00+09:00,42750.0,43000.0,41000.0,41300.0,319168.0
2024-02-23 00:00:00+09:00,41300.0,42600.0,41300.0,41800.0,283623.0
2024-02-26 00:00:00+09:00,41550.0,43100.0,41550.0,41700.0,179572.0
2024-02-27 00:00:00+09:00,42100.0,44000.0,41850.0,44000.0,711628.0
2024-02-28 00:00:00+09:00,44050.0,44050.0,42400.0,42550.0,337168.0
2024-02-29 00:00:00+09:00,42500.0,42550.0,41100.0,41200.0,277482.0
2024-03-04 00:00:00+09:00,41400.0,41800.0,39350.0,39650.0,407002.0
2024-03-05 00:00:00+09:00,39500.0,40150.0,39400.0,39500.0,213588.0
2024-03-06 00:00:00+09:00,39500.0,39900.0,38650.0,39900.0,159989.0
2024-03-07 00:00:00+09:00,39850.0,40350.0,37550.0,37600.0,371745.0
2024-03-08 00:00:00+09:00,38050.0,39050.0,37750.0,38900.0,219297.0
2024-03-11 00:00:00+09:00,39300.0,40100.0,39300.0,39950.0,309109.0
2024-03-12 00:00:00+09:00,40600.0,40600.0,39100.0,39500.0,176480.0
2024-03-13 00:00:00+09:00,39700.0,40850.0,39300.0,40550.0,246806.0
2024-03-14 00:00:00+09:00,40450.0,40950.0,39900.0,40550.0,224924.0
2024-03-15 00:00:00+09:00,40500.0,40500.0,39400.0,39800.0,213281.0
2024-03-18 00:00:00+09:00,39800.0,40550.0,39600.0,39700.0,95958.0
2024-03-19 00:00:00+09:00,39750.0,40300.0,39300.0,39450.0,123649.0
2024-03-20 00:00:00+09:00,39800.0,40450.0,38850.0,39700.0,165517.0
2024-03-21 00:00:00+09:00,39950.0,41400.0,39850.0,41400.0,260748.0
2024-03-22 00:00:00+09:00,41800.0,43000.0,41200.0,42100.0,298762.0
2024-03-25 00:00:00+09:00,45000.0,45000.0,43000.0,43850.0,759868.0
2024-03-26 00:00:00+09:00,43700.0,44150.0,39350.0,40650.0,956252.0
2024-03-27 00:00:00+09:00,41200.0,43650.0,40150.0,40650.0,906597.0
2024-03-28 00:00:00+09:00,41350.0,47000.0,38000.0,44350.0,2969887.0
2024-03-29 00:00:00+09:00,41950.0,42550.0,38300.0,38300.0,1675347.0
2024-04-01 00:00:00+09:00,38450.0,38800.0,36650.0,37250.0,673638.0
2024-04-02 00:00:00+09:00,37000.0,38350.0,36950.0,38100.0,453046.0
2024-04-03 00:00:00+09:00,38700.0,40350.0,38250.0,38800.0,860279.0
2024-04-04 00:00:00+09:00,39400.0,39450.0,37550.0,37700.0,261631.0
2024-04-05 00:00:00+09:00,38500.0,39100.0,37950.0,38200.0,345557.0
2024-04-08 00:00:00+09:00,37650.0,38200.0,36600.0,36700.0,235959.0
2024-04-09 00:00:00+09:00,36550.0,37000.0,34900.0,35150.0,326884.0
2024-04-11 00:00:00+09:00,34550.0,35800.0,33800.0,35500.0,347175.0
2024-04-12 00:00:00+09:00,35450.0,35500.0,34600.0,35000.0,170254.0
2024-04-15 00:00:00+09:00,34200.0,34800.0,33650.0,33900.0,182096.0
2024-04-16 00:00:00+09:00,33350.0,33950.0,32650.0,32800.0,216474.0
2024-04-17 00:00:00+09:00,32650.0,33000.0,31700.0,31750.0,229908.0
2024-04-18 00:00:00+09:00,31750.0,33050.0,31750.0,32700.0,212270.0
2024-04-19 00:00:00+09:00,32400.0,32500.0,31250.0,32000.0,188221.0
2024-04-22 00:00:00+09:00,32350.0,33050.0,32250.0,32850.0,126621.0
2024-04-23 00:00:00+09:00,32850.0,33500.0,32700.0,33300.0,105781.0
2024-04-24 00:00:00+09:00,33500.0,33800.0,33100.0,33750.0,114852.0
2024-04-25 00:00:00+09:00,33400.0,33800.0,33250.0,33300.0,71071.0
2024-04-26 00:00:00+09:00,33450.0,33600.0,33250.0,33500.0,57224.0
2024-04-29 00:00:00+09:00,33800.0,34650.0,33450.0,34600.0,106177.0
2024-04-30 00:00:00+09:00,34350.0,34750.0,33800.0,34000.0,129742.0
2024-05-02 00:00:00+09:00,33850.0,34350.0,33700.0,33900.0,69155.0
2024-05-03 00:00:00+09:00,34100.0,34300.0,33350.0,33550.0,103491.0
2024-05-07 00:00:00+09:00,34000.0,34950.0,34000.0,34300.0,125084.0
2024-05-08 00:00:00+09:00,34600.0,35100.0,34300.0,34450.0,83892.0
2024-05-09 00:00:00+09:00,34500.0,34800.0,34200.0,34650.0,107434.0
2024-05-10 00:00:00+09:00,34900.0,35050.0,34050.0,34050.0,121210.0
2024-05-13 00:00:00+09:00,34000.0,34100.0,33200.0,33700.0,77989.0
2024-05-14 00:00:00+09:00,34000.0,34550.0,33750.0,34050.0,81780.0
2024-05-16 00:00:00+09:00,34450.0,35000.0,34300.0,34450.0,131033.0
2024-05-17 00:00:00+09:00,34050.0,34350.0,33650.0,34050.0,80236.0
2024-05-20 00:00:00+09:00,34400.0,34400.0,33500.0,33500.0,100485.0
2024-05-21 00:00:00+09:00,33350.0,33350.0,32750.0,32850.0,95251.0
2024-05-22 00:00:00+09:00,32750.0,33150.0,32200.0,32200.0,114958.0
2024-05-23 00:00:00+09:00,32300.0,32300.0,31600.0,31600.0,118721.0
2024-05-24 00:00:00+09:00,31350.0,31600.0,31000.0,31150.0,110700.0
2024-05-27 00:00:00+09:00,31150.0,31500.0,31000.0,31350.0,106038.0
2024-05-28 00:00:00+09:00,31200.0,31600.0,31050.0,31100.0,94797.0
2024-05-29 00:00:00+09:00,31000.0,31100.0,30400.0,30700.0,164573.0
2024-05-30 00:00:00+09:00,30300.0,31500.0,30300.0,30550.0,152724.0
2024-05-31 00:00:00+09:00,30800.0,31550.0,30700.0,31550.0,120230.0
2024-06-03 00:00:00+09:00,31550.0,32350.0,31350.0,32000.0,103878.0
2024-06-04 00:00:00+09:00,31700.0,32550.0,31700.0,32450.0,112002.0
2024-06-05 00:00:00+09:00,32550.0,32700.0,32050.0,32500.0,61760.0
2024-06-07 00:00:00+09:00,32500.0,32700.0,32300.0,32500.0,61761.0
2024-06-10 00:00:00+09:00,32100.0,32200.0,31600.0,31650.0,76221.0
2024-06-11 00:00:00+09:00,31600.0,31750.0,31250.0,31250.0,76111.0
2024-06-12 00:00:00+09:00,31700.0,31700.0,31000.0,31100.0,78531.0
2024-06-13 00:00:00+09:00,31450.0,32650.0,31200.0,32000.0,268906.0
2024-06-14 00:00:00+09:00,31700.0,31950.0,31100.0,31150.0,133989.0
2024-06-17 00:00:00+09:00,31100.0,31500.0,31050.0,31350.0,46812.0
2024-06-18 00:00:00+09:00,31700.0,31900.0,31050.0,31200.0,74795.0
2024-06-19 00:00:00+09:00,31500.0,31700.0,31100.0,31650.0,73740.0
2024-06-20 00:00:00+09:00,31700.0,32600.0,31650.0,32350.0,133270.0
2024-06-21 00:00:00+09:00,32350.0,32750.0,31950.0,32150.0,96756.0
2024-06-24 00:00:00+09:00,32400.0,32400.0,31500.0,31500.0,72866.0
2024-06-25 00:00:00+09:00,31800.0,32200.0,31500.0,31850.0,82550.0
2024-06-26 00:00:00+09:00,31900.0,32150.0,31300.0,31350.0,91050.0
2024-06-27 00:00:00+09:00,31100.0,31400.0,30600.0,30800.0,99356.0
2024-06-28 00:00:00+09:00,30750.0,31050.0,30650.0,31050.0,58147.0
2024-07-01 00:00:00+09:00,30900.0,32200.0,30800.0,32050.0,115494.0
2024-07-02 00:00:00+09:00,31900.0,32050.0,31350.0,31750.0,93096.0
2024-07-03 00:00:00+09:00,31800.0,32150.0,31100.0,31150.0,187208.0
2024-07-04 00:00:00+09:00,34250.0,35450.0,32800.0,33200.0,1269423.0
2024-07-05 00:00:00+09:00,33550.0,34300.0,33200.0,33700.0,455052.0
2024-07-08 00:00:00+09:00,34400.0,34400.0,33050.0,33150.0,202976.0
2024-07-09 00:00:00+09:00,33100.0,33800.0,32900.0,33200.0,188537.0
2024-07-10 00:00:00+09:00,33050.0,34050.0,32200.0,33900.0,331615.0
2024-07-11 00:00:00+09:00,33800.0,33800.0,32800.0,33100.0,275934.0
2024-07-12 00:00:00+09:00,33100.0,33650.0,32800.0,33450.0,136742.0
2024-07-15 00:00:00+09:00,33600.0,33700.0,33200.0,33250.0,90128.0
2024-07-16 00:00:00+09:00,33100.0,33350.0,32250.0,32350.0,148671.0
2024-07-17 00:00:00+09:00,32600.0,33000.0,32400.0,32550.0,106804.0
2024-07-18 00:00:00+09:00,32700.0,33050.0,32050.0,32750.0,116947.0
2024-07-19 00:00:00+09:00,32400.0,32800.0,32000.0,32650.0,86829.0
2024-07-22 00:00:00+09:00,32800.0,32850.0,31600.0,31650.0,128387.0
2024-07-23 00:00:00+09:00,31700.0,32450.0,31650.0,31950.0,97871.0
2024-07-24 00:00:00+09:00,31650.0,32600.0,31400.0,32400.0,95127.0
2024-07-25 00:00:00+09:00,32300.0,32600.0,31750.0,31800.0,100124.0
2024-07-26 00:00:00+09:00,32000.0,32350.0,31700.0,32100.0,60391.0
2024-07-29 00:00:00+09:00,32350.0,33150.0,32100.0,32650.0,93452.0
2024-07-30 00:00:00+09:00,32850.0,32950.0,31900.0,32000.0,108923.0
2024-07-31 00:00:00+09:00,32350.0,32350.0,30700.0,31000.0,176273.0
2024-08-01 00:00:00+09:00,31000.0,31500.0,30850.0,31150.0,72227.0
2024-08-02 00:00:00+09:00,30550.0,30900.0,30350.0,30450.0,132248.0
2024-08-05 00:00:00+09:00,30000.0,30250.0,25750.0,26750.0,364988.0
2024-08-06 00:00:00+09:00,26800.0,29350.0,26800.0,28550.0,257412.0
2024-08-07 00:00:00+09:00,28200.0,29800.0,28050.0,28800.0,189089.0
2024-08-08 00:00:00+09:00,28750.0,29950.0,28450.0,29700.0,185346.0
2024-08-09 00:00:00+09:00,30500.0,31550.0,29900.0,31450.0,215256.0
2024-08-12 00:00:00+09:00,31450.0,32150.0,31300.0,31950.0,133247.0
2024-08-13 00:00:00+09:00,31600.0,32150.0,31300.0,31500.0,91655.0
2024-08-14 00:00:00+09:00,31550.0,31900.0,30700.0,31900.0,126972.0
2024-08-16 00:00:00+09:00,32000.0,32500.0,31700.0,32350.0,93770.0
2024-08-19 00:00:00+09:00,32300.0,32550.0,31950.0,32400.0,63028.0
2024-08-20 00:00:00+09:00,32400.0,32500.0,31750.0,31750.0,52412.0
2024-08-21 00:00:00+09:00,31750.0,32300.0,31650.0,31800.0,89967.0
2024-08-22 00:00:00+09:00,31800.0,32000.0,31200.0,31300.0,44766.0
2024-08-23 00:00:00+09:00,31300.0,31750.0,31150.0,31650.0,45460.0
2024-08-26 00:00:00+09:00,31750.0,31800.0,31350.0,31600.0,43017.0
2024-08-27 00:00:00+09:00,31700.0,31800.0,30750.0,31200.0,88727.0
2024-08-28 00:00:00+09:00,31100.0,31500.0,31000.0,31100.0,55711.0
2024-08-29 00:00:00+09:00,31300.0,32300.0,31150.0,31650.0,150451.0
2024-08-30 00:00:00+09:00,31950.0,33850.0,31650.0,32950.0,371504.0
2024-09-02 00:00:00+09:00,33100.0,33300.0,31900.0,33200.0,201817.0
2024-09-03 00:00:00+09:00,33000.0,33350.0,32200.0,32300.0,86472.0
2024-09-04 00:00:00+09:00,31450.0,31850.0,30700.0,31000.0,147749.0
2024-09-05 00:00:00+09:00,31350.0,31400.0,30500.0,30950.0,98272.0
2024-09-06 00:00:00+09:00,30950.0,33050.0,30500.0,32650.0,283860.0
2024-09-09 00:00:00+09:00,32000.0,32750.0,31750.0,32450.0,94082.0
2024-09-10 00:00:00+09:00,33250.0,34150.0,32950.0,33400.0,424303.0
2024-09-11 00:00:00+09:00,33700.0,34000.0,32350.0,32650.0,186605.0
2024-09-12 00:00:00+09:00,33000.0,33450.0,32600.0,33000.0,178093.0
2024-09-13 00:00:00+09:00,33250.0,33300.0,32400.0,33050.0,98681.0
2024-09-19 00:00:00+09:00,33600.0,34200.0,32950.0,33650.0,196854.0
2024-09-20 00:00:00+09:00,33850.0,34150.0,33250.0,33800.0,191994.0
2024-09-23 00:00:00+09:00,34200.0,34250.0,33500.0,33700.0,142262.0
2024-09-24 00:00:00+09:00,34000.0,34050.0,32550.0,33200.0,181373.0
2024-09-25 00:00:00+09:00,33500.0,33500.0,32750.0,32900.0,114713.0
2024-09-26 00:00:00+09:00,33050.0,33700.0,32800.0,33700.0,108642.0
2024-09-27 00:00:00+09:00,33300.0,33450.0,31650.0,31950.0,285259.0
2024-09-30 00:00:00+09:00,32250.0,32550.0,31750.0,31900.0,93152.0
2024-10-02 00:00:00+09:00,31250.0,31750.0,31200.0,31350.0,111090.0
2024-10-04 00:00:00+09:00,31450.0,32500.0,31250.0,32200.0,88453.0
2024-10-07 00:00:00+09:00,32200.0,33200.0,31800.0,32850.0,115863.0
2024-10-08 00:00:00+09:00,33150.0,33150.0,32300.0,32300.0,65124.0
2024-10-10 00:00:00+09:00,32700.0,33200.0,32250.0,32350.0,126695.0
2024-10-11 00:00:00+09:00,32600.0,33250.0,32050.0,32900.0,120148.0
2024-10-14 00:00:00+09:00,32900.0,33300.0,32500.0,33150.0,119127.0
2024-10-15 00:00:00+09:00,33150.0,33300.0,32500.0,33000.0,75926.0
2024-10-16 00:00:00+09:00,32850.0,33150.0,32550.0,32700.0,63838.0
2024-10-17 00:00:00+09:00,33000.0,33900.0,32500.0,33000.0,163369.0
2024-10-18 00:00:00+09:00,33300.0,37300.0,33150.0,36350.0,1932585.0
2024-10-21 00:00:00+09:00,36350.0,36650.0,35250.0,35500.0,457250.0
2024-10-22 00:00:00+09:00,35200.0,35350.0,33550.0,33650.0,412915.0
2024-10-23 00:00:00+09:00,33650.0,34050.0,32700.0,32750.0,274405.0
2024-10-24 00:00:00+09:00,32850.0,42150.0,32400.0,39150.0,4029677.0
2024-10-25 00:00:00+09:00,39550.0,44400.0,38900.0,40700.0,5439528.0
2024-10-28 00:00:00+09:00,40100.0,40700.0,37800.0,38150.0,990041.0
2024-10-29 00:00:00+09:00,38800.0,42800.0,37650.0,41500.0,3860456.0
2024-10-30 00:00:00+09:00,43300.0,52500.0,42600.0,52100.0,11534711.0
2024-10-31 00:00:00+09:00,49400.0,51600.0,46600.0,47750.0,2826941.0
2024-11-01 00:00:00+09:00,49200.0,49200.0,34500.0,36250.0,6433237.0
2024-11-04 00:00:00+09:00,37450.0,40450.0,36700.0,38700.0,3350544.0
2024-11-05 00:00:00+09:00,38000.0,40400.0,37600.0,37700.0,1584988.0
2024-11-06 00:00:00+09:00,37950.0,39700.0,37450.0,39550.0,1249407.0
2024-11-07 00:00:00+09:00,39000.0,40150.0,36850.0,38050.0,1143565.0
2024-11-08 00:00:00+09:00,38100.0,38500.0,36550.0,37100.0,844997.0
2024-11-11 00:00:00+09:00,36550.0,37500.0,35800.0,36800.0,566102.0
2024-11-12 00:00:00+09:00,36350.0,36700.0,34500.0,34700.0,618164.0
2024-11-13 00:00:00+09:00,34600.0,34700.0,33800.0,33900.0,359165.0
2024-11-14 00:00:00+09:00,33900.0,34400.0,32400.0,32500.0,1651518.0
2024-11-15 00:00:00+09:00,32500.0,32950.0,31400.0,32000.0,385715.0
2024-11-18 00:00:00+09:00,31700.0,32000.0,30750.0,31600.0,389923.0
2024-11-19 00:00:00+09:00,32100.0,33900.0,32050.0,33150.0,557787.0
2024-11-20 00:00:00+09:00,33000.0,34350.0,32600.0,33200.0,278143.0
2024-11-21 00:00:00+09:00,33100.0,33550.0,32450.0,32900.0,205960.0
2024-11-22 00:00:00+09:00,33000.0,33250.0,31750.0,32550.0,319066.0
2024-11-25 00:00:00+09:00,32500.0,34150.0,32250.0,33900.0,268524.0
2024-11-26 00:00:00+09:00,33850.0,33850.0,33050.0,33550.0,1088514.0
2024-11-27 00:00:00+09:00,34400.0,34400.0,33350.0,33550.0,207534.0
2024-11-28 00:00:00+09:00,33200.0,36800.0,33200.0,35700.0,1155511.0
2024-11-29 00:00:00+09:00,34500.0,34850.0,32300.0,32900.0,606163.0
2024-12-02 00:00:00+09:00,32500.0,33000.0,31650.0,32250.0,286631.0
2024-12-03 00:00:00+09:00,32550.0,33350.0,32500.0,32650.0,182674.0
2024-12-04 00:00:00+09:00,31800.0,32350.0,30700.0,31250.0,537432.0
2024-12-05 00:00:00+09:00,31300.0,31400.0,29900.0,30000.0,457165.0
2024-12-06 00:00:00+09:00,30000.0,30650.0,29100.0,29950.0,249805.0
2024-12-09 00:00:00+09:00,29100.0,29850.0,28200.0,28200.0,331823.0
2024-12-10 00:00:00+09:00,28500.0,30200.0,28450.0,29500.0,209909.0
2024-12-11 00:00:00+09:00,29450.0,30200.0,29250.0,29950.0,121164.0
2024-12-12 00:00:00+09:00,30000.0,30650.0,29800.0,30200.0,227809.0
2024-12-13 00:00:00+09:00,29950.0,30750.0,29950.0,30350.0,111145.0
2024-12-16 00:00:00+09:00,30650.0,30900.0,30300.0,30350.0,131433.0
2024-12-17 00:00:00+09:00,30500.0,30650.0,29750.0,29800.0,197103.0
2024-12-18 00:00:00+09:00,30050.0,30300.0,29750.0,30200.0,115730.0
2024-12-19 00:00:00+09:00,29800.0,29850.0,29250.0,29500.0,160178.0
2024-12-20 00:00:00+09:00,29250.0,29350.0,28450.0,28650.0,167869.0
2024-12-23 00:00:00+09:00,28700.0,29250.0,28650.0,29150.0,109412.0
2024-12-24 00:00:00+09:00,29300.0,29400.0,28850.0,29050.0,67772.0
2024-12-26 00:00:00+09:00,29050.0,29850.0,28900.0,29450.0,181729.0
2024-12-27 00:00:00+09:00,29650.0,30200.0,29000.0,29150.0,189225.0
2024-12-30 00:00:00+09:00,29000.0,30050.0,28950.0,29450.0,123893.0
2025-01-02 00:00:00+09:00,29200.0,29700.0,29100.0,29200.0,103193.0
2025-01-03 00:00:00+09:00,29200.0,29950.0,29050.0,29850.0,120597.0
2025-01-06 00:00:00+09:00,29950.0,30150.0,29550.0,30100.0,123634.0
2025-01-07 00:00:00+09:00,30100.0,30350.0,29950.0,30050.0,118039.0
2025-01-08 00:00:00+09:00,29850.0,30200.0,29000.0,29200.0,327514.0
2025-01-09 00:00:00+09:00,29250.0,29500.0,29000.0,29250.0,142376.0
2025-01-10 00:00:00+09:00,29300.0,29500.0,28850.0,28950.0,124532.0
2025-01-13 00:00:00+09:00,28900.0,30100.0,28400.0,29450.0,236822.0
2025-01-14 00:00:00+09:00,29500.0,29650.0,29100.0,29250.0,114996.0
2025-01-15 00:00:00+09:00,29400.0,29400.0,28900.0,28950.0,131752.0
2025-01-16 00:00:00+09:00,29200.0,29450.0,28950.0,29050.0,79188.0
2025-01-17 00:00:00+09:00,28950.0,29250.0,28950.0,29100.0,68679.0
2025-01-20 00:00:00+09:00,29100.0,29200.0,28700.0,28900.0,85108.0
2025-01-21 00:00:00+09:00,28850.0,29400.0,28700.0,28850.0,80222.0
2025-01-22 00:00:00+09:00,29100.0,29300.0,28750.0,28750.0,92883.0
2025-01-23 00:00:00+09:00,29000.0,29000.0,27500.0,27700.0,198410.0
2025-01-24 00:00:00+09:00,27900.0,28150.0,27550.0,27700.0,86829.0
2025-01-31 00:00:00+09:00,28050.0,28250.0,27650.0,27700.0,54665.0
2025-02-03 00:00:00+09:00,27300.0,27450.0,26500.0,26750.0,119359.0
2025-02-04 00:00:00+09:00,27100.0,28250.0,27100.0,27950.0,111063.0
2025-02-05 00:00:00+09:00,28050.0,28500.0,27900.0,28250.0,73928.0
2025-02-06 00:00:00+09:00,28400.0,28600.0,28100.0,28550.0,80971.0
2025-02-07 00:00:00+09:00,28200.0,28600.0,27850.0,27900.0,118917.0
2025-02-10 00:00:00+09:00,28050.0,28350.0,27450.0,28100.0,111856.0
2025-02-11 00:00:00+09:00,27950.0,28650.0,27950.0,28450.0,88326.0
2025-02-12 00:00:00+09:00,28700.0,28850.0,28200.0,28500.0,86677.0
2025-02-13 00:00:00+09:00,28500.0,28850.0,28300.0,28750.0,97075.0
2025-02-14 00:00:00+09:00,28900.0,29150.0,28650.0,28800.0,107401.0
2025-02-17 00:00:00+09:00,28900.0,28950.0,28350.0,28800.0,94014.0
2025-02-18 00:00:00+09:00,28600.0,28850.0,28450.0,28750.0,95474.0
2025-02-19 00:00:00+09:00,28650.0,29000.0,28400.0,28900.0,150625.0
2025-02-20 00:00:00+09:00,28700.0,29400.0,28650.0,29000.0,138668.0
2025-02-21 00:00:00+09:00,29000.0,29200.0,28750.0,28800.0,63468.0
2025-02-24 00:00:00+09:00,28700.0,28850.0,28450.0,28850.0,73468.0
2025-02-25 00:00:00+09:00,28650.0,28950.0,28450.0,28650.0,63150.0
2025-02-26 00:00:00+09:00,28800.0,29950.0,28750.0,29900.0,231260.0
2025-02-27 00:00:00+09:00,29850.0,29900.0,29000.0,29250.0,139518.0
2025-02-28 00:00:00+09:00,28800.0,28950.0,28100.0,28150.0,163512.0
2025-03-04 00:00:00+09:00,27900.0,28200.0,27400.0,27750.0,93959.0
2025-03-05 00:00:00+09:00,27600.0,29200.0,27600.0,28700.0,131167.0
2025-03-06 00:00:00+09:00,28700.0,28800.0,28250.0,28400.0,79149.0
2025-03-07 00:00:00+09:00,28300.0,28400.0,27800.0,27850.0,82610.0
2025-03-10 00:00:00+09:00,27850.0,28300.0,27650.0,27900.0,94944.0
2025-03-11 00:00:00+09:00,27100.0,27600.0,26950.0,27300.0,112624.0
2025-03-12 00:00:00+09:00,27300.0,28000.0,27300.0,27600.0,59090.0
2025-03-13 00:00:00+09:00,27950.0,27950.0,27150.0,27300.0,86016.0
2025-03-14 00:00:00+09:00,27350.0,28100.0,27350.0,27950.0,64649.0
2025-03-17 00:00:00+09:00,28100.0,28600.0,27800.0,28600.0,78003.0
2025-03-18 00:00:00+09:00,28750.0,28750.0,28150.0,28450.0,60090.0
2025-03-19 00:00:00+09:00,28450.0,28800.0,28400.0,28600.0,68222.0
2025-03-20 00:00:00+09:00,28550.0,28900.0,27850.0,28200.0,80347.0
2025-03-21 00:00:00+09:00,27800.0,28400.0,27800.0,28400.0,65695.0
2025-03-24 00:00:00+09:00,28200.0,28400.0,28050.0,28200.0,26405.0
2025-03-25 00:00:00+09:00,28150.0,28600.0,27950.0,28600.0,48574.0
2025-03-26 00:00:00+09:00,28650.0,28650.0,28200.0,28250.0,35367.0
2025-03-27 00:00:00+09:00,28000.0,28350.0,27650.0,27800.0,46172.0
2025-03-28 00:00:00+09:00,27800.0,28000.0,27300.0,27550.0,55119.0
2025-03-31 00:00:00+09:00,26900.0,27400.0,26200.0,26350.0,119234.0
2025-04-01 00:00:00+09:00,26600.0,26750.0,26250.0,26250.0,64669.0
2025-04-02 00:00:00+09:00,26350.0,26550.0,25350.0,25400.0,119843.0
2025-04-03 00:00:00+09:00,24650.0,25500.0,24250.0,25450.0,67622.0
2025-04-04 00:00:00+09:00,24900.0,25750.0,24900.0,25750.0,64943.0
2025-04-07 00:00:00+09:00,24650.0,25050.0,24300.0,25000.0,111886.0
2025-04-08 00:00:00+09:00,25050.0,27000.0,25050.0,26750.0,150568.0
2025-04-09 00:00:00+09:00,26300.0,27250.0,25900.0,27050.0,84527.0
2025-04-10 00:00:00+09:00,27400.0,28500.0,26950.0,28500.0,102526.0
2025-04-11 00:00:00+09:00,28300.0,28750.0,27700.0,28350.0,67145.0
2025-04-14 00:00:00+09:00,28400.0,28450.0,27950.0,28100.0,48044.0
2025-04-15 00:00:00+09:00,28250.0,28350.0,27700.0,27950.0,40932.0
2025-04-16 00:00:00+09:00,27850.0,28150.0,27700.0,28000.0,27579.0
2025-04-17 00:00:00+09:00,27650.0,28150.0,27650.0,27950.0,36661.0
2025-04-18 00:00:00+09:00,27850.0,28300.0,27800.0,28100.0,31571.0
2025-04-21 00:00:00+09:00,28100.0,28250.0,27650.0,28000.0,39428.0
2025-04-22 00:00:00+09:00,27950.0,28350.0,27550.0,28100.0,58610.0
2025-04-23 00:00:00+09:00,28400.0,28400.0,28000.0,28300.0,35846.0
2025-04-24 00:00:00+09:00,28350.0,28500.0,28000.0,28250.0,47264.0
2025-04-25 00:00:00+09:00,28200.0,28650.0,28200.0,28350.0,62686.0
2025-04-28 00:00:00+09:00,27900.0,28500.0,27550.0,27650.0,53223.0
2025-04-29 00:00:00+09:00,27800.0,28600.0,27650.0,28300.0,89739.0
2025-04-30 00:00:00+09:00,28200.0,29650.0,28200.0,29100.0,259396.0
2025-05-02 00:00:00+09:00,28800.0,28850.0,28450.0,28600.0,66326.0
2025-05-07 00:00:00+09:00,28750.0,28800.0,27900.0,28500.0,71952.0
2025-05-08 00:00:00+09:00,28350.0,29100.0,28350.0,28500.0,69230.0
2025-05-09 00:00:00+09:00,28500.0,29700.0,28400.0,29550.0,184969.0
2025-05-12 00:00:00+09:00,29550.0,29800.0,28950.0,29750.0,104310.0
2025-05-13 00:00:00+09:00,29500.0,31250.0,29450.0,30950.0,287888.0
2025-05-14 00:00:00+09:00,30950.0,34350.0,30650.0,32600.0,602518.0
2025-05-15 00:00:00+09:00,32350.0,33650.0,32000.0,33300.0,263286.0
2025-05-16 00:00:00+09:00,33800.0,36850.0,33800.0,36450.0,909943.0
2025-05-19 00:00:00+09:00,36150.0,36900.0,35100.0,36500.0,278570.0
2025-05-20 00:00:00+09:00,37050.0,37050.0,34550.0,35000.0,302737.0
2025-05-21 00:00:00+09:00,35000.0,35850.0,32450.0,32750.0,449445.0
2025-05-22 00:00:00+09:00,32700.0,33800.0,32300.0,32900.0,161674.0
2025-05-23 00:00:00+09:00,32900.0,33600.0,32200.0,33050.0,111508.0
2025-05-26 00:00:00+09:00,33200.0,34950.0,32550.0,34950.0,188312.0
2025-05-27 00:00:00+09:00,34600.0,35000.0,33900.0,34350.0,112989.0
2025-05-28 00:00:00+09:00,34700.0,35050.0,33950.0,34600.0,199654.0
2025-05-29 00:00:00+09:00,35200.0,35950.0,34300.0,35300.0,273422.0
2025-05-30 00:00:00+09:00,36000.0,36600.0,35100.0,35400.0,347827.0
2025-06-02 00:00:00+09:00,34800.0,35450.0,34500.0,34800.0,101048.0
2025-06-04 00:00:00+09:00,35250.0,35850.0,34750.0,35300.0,147983.0
2025-06-05 00:00:00+09:00,34700.0,37750.0,33900.0,37050.0,504813.0
2025-06-09 00:00:00+09:00,37400.0,37950.0,36900.0,37100.0,187089.0
2025-06-10 00:00:00+09:00,37050.0,39650.0,37000.0,39350.0,406751.0
2025-06-11 00:00:00+09:00,39950.0,40000.0,39050.0,39500.0,229770.0
2025-06-12 00:00:00+09:00,39900.0,39900.0,38400.0,38950.0,215506.0
2025-06-13 00:00:00+09:00,39050.0,39700.0,37000.0,37700.0,198222.0
2025-06-16 00:00:00+09:00,37900.0,37900.0,35050.0,37800.0,299339.0
2025-06-17 00:00:00+09:00,37600.0,44450.0,36150.0,43900.0,1387110.0
2025-06-18 00:00:00+09:00,45100.0,45350.0,43100.0,44550.0,544462.0
2025-06-19 00:00:00+09:00,44200.0,45700.0,42200.0,45200.0,392618.0
2025-06-20 00:00:00+09:00,44750.0,44850.0,42850.0,43200.0,392412.0
2025-06-23 00:00:00+09:00,42650.0,45500.0,41900.0,45300.0,425865.0
2025-06-24 00:00:00+09:00,45200.0,47900.0,44400.0,46250.0,494435.0
2025-06-25 00:00:00+09:00,45800.0,46650.0,45200.0,45900.0,181146.0
2025-06-26 00:00:00+09:00,46000.0,46300.0,43750.0,44500.0,229702.0
2025-06-27 00:00:00+09:00,44500.0,45300.0,44150.0,44600.0,114205.0
2025-06-30 00:00:00+09:00,44800.0,45400.0,44200.0,44800.0,135509.0
2025-07-01 00:00:00+09:00,44450.0,47500.0,44450.0,46150.0,317847.0
2025-07-02 00:00:00+09:00,45650.0,45800.0,42950.0,43650.0,270159.0
2025-07-03 00:00:00+09:00,43850.0,43850.0,42750.0,43300.0,113131.0
2025-07-04 00:00:00+09:00,43500.0,43500.0,41100.0,41750.0,251932.0
2025-07-07 00:00:00+09:00,41700.0,42150.0,39550.0,41100.0,278043.0
2025-07-08 00:00:00+09:00,41250.0,42200.0,40250.0,41850.0,181782.0
2025-07-09 00:00:00+09:00,41800.0,45850.0,41600.0,45550.0,466063.0
2025-07-10 00:00:00+09:00,45100.0,47800.0,43750.0,47450.0,552719.0
2025-07-11 00:00:00+09:00,47100.0,48150.0,45700.0,46950.0,264581.0
2025-07-14 00:00:00+09:00,46550.0,47500.0,45950.0,47050.0,160574.0
2025-07-15 00:00:00+09:00,47200.0,51000.0,46700.0,48750.0,899115.0
2025-07-16 00:00:00+09:00,48600.0,49300.0,47500.0,48500.0,215735.0
2025-07-17 00:00:00+09:00,48800.0,49600.0,47800.0,48250.0,209756.0
2025-07-18 00:00:00+09:00,47850.0,50700.0,46950.0,49850.0,447553.0
2025-07-21 00:00:00+09:00,49200.0,49800.0,47850.0,48500.0,186423.0
2025-07-22 00:00:00+09:00,48500.0,49100.0,46150.0,46800.0,241419.0
2025-07-23 00:00:00+09:00,47500.0,49300.0,47150.0,48550.0,240807.0
2025-07-24 00:00:00+09:00,49100.0,50700.0,48500.0,50000.0,396968.0
2025-07-25 00:00:00+09:00,50100.0,50500.0,49200.0,49700.0,129949.0
2025-07-28 00:00:00+09:00,50400.0,50400.0,44700.0,45950.0,412074.0
2025-07-29 00:00:00+09:00,45950.0,51700.0,44150.0,50000.0,768017.0
2025-07-30 00:00:00+09:00,49600.0,52800.0,49300.0,51900.0,482897.0
2025-07-31 00:00:00+09:00,51200.0,51600.0,50000.0,50700.0,251500.0
2025-08-01 00:00:00+09:00,49200.0,49500.0,44700.0,45300.0,708860.0
2025-08-04 00:00:00+09:00,45300.0,46000.0,43950.0,44300.0,221803.0
2025-08-05 00:00:00+09:00,44700.0,44950.0,42900.0,43500.0,358284.0
2025-08-06 00:00:00+09:00,43500.0,44100.0,42900.0,43700.0,255727.0
2025-08-07 00:00:00+09:00,44000.0,44350.0,43250.0,43750.0,307961.0
2025-08-08 00:00:00+09:00,43800.0,44500.0,42450.0,43350.0,203125.0
2025-08-11 00:00:00+09:00,43100.0,43400.0,41850.0,42300.0,197279.0
2025-08-12 00:00:00+09:00,42000.0,43100.0,41550.0,41800.0,173475.0
2025-08-13 00:00:00+09:00,41850.0,42250.0,41000.0,42150.0,140966.0
2025-08-14 00:00:00+09:00,41900.0,43500.0,41850.0,41850.0,200482.0
2025-08-18 00:00:00+09:00,41850.0,43450.0,41850.0,42850.0,183989.0
2025-08-19 00:00:00+09:00,43100.0,43400.0,42200.0,42700.0,121527.0
2025-08-20 00:00:00+09:00,42800.0,42900.0,39950.0,41100.0,257226.0
2025-08-21 00:00:00+09:00,41250.0,41750.0,40600.0,40800.0,117069.0
2025-08-22 00:00:00+09:00,40800.0,41400.0,40200.0,40950.0,199795.0
2025-08-25 00:00:00+09:00,41200.0,41600.0,40300.0,41050.0,131597.0
2025-08-26 00:00:00+09:00,40800.0,41750.0,40500.0,41000.0,140265.0
2025-08-27 00:00:00+09:00,41000.0,42450.0,41000.0,41550.0,122198.0
2025-08-28 00:00:00+09:00,41600.0,42850.0,41200.0,42550.0,154018.0
2025-08-29 00:00:00+09:00,42550.0,42750.0,40650.0,41050.0,151818.0
2025-09-01 00:00:00+09:00,41250.0,41600.0,40500.0,41000.0,98940.0
2025-09-02 00:00:00+09:00,40900.0,41250.0,40300.0,41200.0,90815.0
2025-09-03 00:00:00+09:00,40900.0,41700.0,39350.0,39850.0,167431.0
2025-09-04 00:00:00+09:00,39500.0,40650.0,39500.0,40000.0,86272.0
2025-09-05 00:00:00+09:00,39750.0,40250.0,38700.0,39300.0,210892.0
2025-09-08 00:00:00+09:00,39400.0,39600.0,38800.0,39250.0,88603.0
2025-09-09 00:00:00+09:00,39500.0,39500.0,37750.0,38700.0,317689.0
2025-09-10 00:00:00+09:00,38550.0,39000.0,38500.0,38850.0,103992.0
2025-09-11 00:00:00+09:00,39100.0,39250.0,38400.0,38700.0,131386.0
2025-09-12 00:00:00+09:00,38900.0,39450.0,38600.0,39250.0,125365.0
2025-09-15 00:00:00+09:00,39300.0,39450.0,38800.0,39350.0,76744.0
2025-09-16 00:00:00+09:00,39350.0,40900.0,38800.0,40000.0,197224.0
2025-09-17 00:00:00+09:00,40350.0,40350.0,39050.0,39200.0,102653.0
2025-09-18 00:00:00+09:00,39250.0,40700.0,39200.0,40300.0,190031.0
2025-09-19 00:00:00+09:00,40050.0,43000.0,40050.0,41600.0,467135.0
2025-09-22 00:00:00+09:00,42000.0,42100.0,40500.0,41300.0,253425.0
2025-09-23 00:00:00+09:00,42200.0,43450.0,41250.0,41750.0,205438.0
2025-09-24 00:00:00+09:00,42350.0,42500.0,40150.0,40750.0,170373.0
2025-09-25 00:00:00+09:00,40750.0,40750.0,38800.0,39050.0,192326.0
2025-09-26 00:00:00+09:00,38950.0,39300.0,38350.0,38700.0,147099.0
2025-09-29 00:00:00+09:00,38700.0,39100.0,38550.0,38750.0,97080.0
2025-09-30 00:00:00+09:00,39400.0,40200.0,38450.0,38900.0,120077.0
2025-10-01 00:00:00+09:00,38800.0,39100.0,38150.0,38400.0,70786.0
2025-10-02 00:00:00+09:00,38450.0,38800.0,38000.0,38100.0,116077.0
2025-10-10 00:00:00+09:00,37750.0,38150.0,37000.0,37350.0,131722.0
2025-10-13 00:00:00+09:00,36550.0,37000.0,36200.0,36550.0,173177.0
2025-10-14 00:00:00+09:00,36300.0,36900.0,36200.0,36300.0,137900.0
2025-10-15 00:00:00+09:00,36450.0,37000.0,36350.0,36750.0,81620.0
2025-10-16 00:00:00+09:00,37000.0,37800.0,37000.0,37600.0,111807.0
2025-10-17 00:00:00+09:00,37450.0,37800.0,37000.0,37450.0,81259.0
2025-10-20 00:00:00+09:00,37400.0,38250.0,37000.0,38100.0,68411.0
2025-10-21 00:00:00+09:00,38000.0,38450.0,37550.0,37750.0,73424.0
2025-10-22 00:00:00+09:00,37750.0,38300.0,37250.0,38300.0,66500.0
2025-10-23 00:00:00+09:00,38000.0,38400.0,37450.0,37650.0,72652.0
2025-10-24 00:00:00+09:00,37650.0,38000.0,36550.0,37400.0,71805.0
2025-10-27 00:00:00+09:00,37900.0,44500.0,37900.0,40900.0,1736708.0
2025-10-28 00:00:00+09:00,40050.0,40150.0,39300.0,39750.0,214817.0
2025-10-29 00:00:00+09:00,39900.0,40000.0,38250.0,38550.0,184476.0
2025-10-30 00:00:00+09:00,38550.0,39200.0,37800.0,38200.0,116577.0
2025-10-31 00:00:00+09:00,38400.0,39850.0,38100.0,39400.0,187170.0
2025-11-03 00:00:00+09:00,39100.0,39400.0,38450.0,39300.0,101550.0
2025-11-04 00:00:00+09:00,39000.0,41100.0,38850.0,40500.0,262521.0
2025-11-05 00:00:00+09:00,40900.0,41100.0,38700.0,40000.0,163027.0
2025-11-06 00:00:00+09:00,40150.0,40350.0,39100.0,39400.0,98770.0
2025-11-07 00:00:00+09:00,39100.0,40000.0,38200.0,39000.0,98845.0
2025-11-10 00:00:00+09:00,39000.0,39800.0,38950.0,39800.0,65326.0
2025-11-11 00:00:00+09:00,39600.0,40250.0,39300.0,39600.0,108393.0
2025-11-12 00:00:00+09:00,40300.0,41150.0,40050.0,40950.0,173430.0
2025-11-13 00:00:00+09:00,41050.0,42500.0,40700.0,41600.0,213753.0
2025-11-14 00:00:00+09:00,40950.0,42300.0,40600.0,40750.0,113139.0
2025-11-17 00:00:00+09:00,40750.0,42100.0,40000.0,40450.0,131190.0
2025-11-18 00:00:00+09:00,40100.0,40300.0,38300.0,38550.0,119595.0
2025-11-19 00:00:00+09:00,39100.0,39300.0,37250.0,38000.0,113718.0
2025-11-20 00:00:00+09:00,38100.0,39250.0,38050.0,38700.0,93760.0
2025-11-21 00:00:00+09:00,38300.0,38300.0,37300.0,37850.0,68039.0
2025-11-24 00:00:00+09:00,38200.0,38850.0,37400.0,37600.0,104415.0
2025-11-25 00:00:00+09:00,37950.0,38950.0,37400.0,37450.0,86554.0
2025-11-26 00:00:00+09:00,37850.0,38600.0,37650.0,38500.0,73175.0
2025-11-27 00:00:00+09:00,38550.0,38800.0,37850.0,38000.0,64792.0
2025-11-28 00:00:00+09:00,38250.0,39100.0,37900.0,38850.0,84911.0
2025-12-01 00:00:00+09:00,39200.0,39450.0,38600.0,38700.0,59500.0
2025-12-02 00:00:00+09:00,39000.0,39000.0,36850.0,37000.0,179016.0
2025-12-03 00:00:00+09:00,37200.0,37350.0,36750.0,37300.0,85407.0
2025-12-04 00:00:00+09:00,37000.0,37400.0,36750.0,37100.0,62141.0
2025-12-05 00:00:00+09:00,36950.0,37200.0,36500.0,36950.0,64971.0
2025-12-08 00:00:00+09:00,37100.0,37200.0,36550.0,36650.0,68936.0
2025-12-09 00:00:00+09:00,36900.0,37150.0,36700.0,36850.0,48342.0
2025-12-10 00:00:00+09:00,36950.0,37300.0,36700.0,36950.0,66292.0
2025-12-11 00:00:00+09:00,37300.0,38500.0,37100.0,37250.0,146090.0
2025-12-12 00:00:00+09:00,37750.0,38150.0,37400.0,38050.0,106659.0
2025-12-15 00:00:00+09:00,37800.0,38150.0,37150.0,37850.0,114538.0
2025-12-16 00:00:00+09:00,37750.0,37950.0,37150.0,37500.0,92593.0
2025-12-17 00:00:00+09:00,37850.0,38250.0,37200.0,37400.0,73659.0
2025-12-18 00:00:00+09:00,38100.0,38300.0,36600.0,37100.0,104020.0
2025-12-19 00:00:00+09:00,37300.0,38300.0,37300.0,37450.0,77184.0
2025-12-22 00:00:00+09:00,37900.0,38000.0,36950.0,37150.0,100137.0
2025-12-23 00:00:00+09:00,37300.0,37700.0,37100.0,37200.0,43015.0
2025-12-24 00:00:00+09:00,37300.0,37450.0,36650.0,36800.0,66306.0
2025-12-26 00:00:00+09:00,36750.0,37250.0,36350.0,37000.0,68467.0
2025-12-29 00:00:00+09:00,36650.0,37100.0,36500.0,36750.0,54154.0
2025-12-30 00:00:00+09:00,36550.0,36950.0,35900.0,36250.0,106629.0
2026-01-02 00:00:00+09:00,36200.0,37150.0,36150.0,36500.0,59546.0
2026-01-05 00:00:00+09:00,36850.0,38200.0,36400.0,37950.0,92019.0
2026-01-06 00:00:00+09:00,37900.0,38300.0,37600.0,38000.0,87858.0
2026-01-07 00:00:00+09:00,37850.0,38100.0,36950.0,37700.0,98063.0
2026-01-08 00:00:00+09:00,37650.0,38700.0,37000.0,37000.0,166095.0
2026-01-09 00:00:00+09:00,37450.0,39950.0,37200.0,38400.0,312813.0
2026-01-12 00:00:00+09:00,38600.0,39300.0,38050.0,38550.0,103367.0
2026-01-13 00:00:00+09:00,39000.0,39050.0,35950.0,36550.0,310097.0
2026-01-14 00:00:00+09:00,37150.0,37600.0,36200.0,36200.0,113793.0
2026-01-15 00:00:00+09:00,36150.0,36850.0,36100.0,36850.0,99730.0
2026-01-16 00:00:00+09:00,36900.0,37300.0,36200.0,36850.0,92914.0
2026-01-19 00:00:00+09:00,36550.0,38900.0,36250.0,38550.0,180797.0
2026-01-20 00:00:00+09:00,39300.0,41300.0,38700.0,40400.0,320486.0
2026-01-21 00:00:00+09:00,39650.0,39950.0,38050.0,38750.0,154689.0
2026-01-22 00:00:00+09:00,38800.0,39600.0,38200.0,39100.0,110575.0
2026-01-23 00:00:00+09:00,38800.0,40500.0,38800.0,40400.0,199074.0
2026-01-26 00:00:00+09:00,40700.0,41450.0,40200.0,40650.0,205228.0
2026-01-27 00:00:00+09:00,40200.0,40950.0,38500.0,39850.0,222749.0
2026-01-28 00:00:00+09:00,39950.0,41175.0,39250.0,40600.0,361602.0
2026-01-29 00:00:00+09:00,40350.0,43150.0,40150.0,42600.0,454677.0
2026-01-30 00:00:00+09:00,41800.0,44000.0,41100.0,42500.0,272037.0
2026-02-02 00:00:00+09:00,41800.0,42050.0,39250.0,39300.0,181782.0
2026-02-03 00:00:00+09:00,40500.0,43550.0,39750.0,42600.0,216718.0
2026-02-04 00:00:00+09:00,42500.0,47850.0,42350.0,44700.0,600779.0
2026-02-05 00:00:00+09:00,45000.0,48000.0,44000.0,46000.0,650708.0
2026-02-06 00:00:00+09:00,45200.0,47400.0,44000.0,46450.0,348633.0
2026-02-09 00:00:00+09:00,47150.0,48850.0,46500.0,47900.0,327252.0
2026-02-10 00:00:00+09:00,47850.0,49700.0,44600.0,45000.0,587537.0
2026-02-11 00:00:00+09:00,44500.0,45600.0,41700.0,42150.0,774574.0
2026-02-12 00:00:00+09:00,42350.0,42400.0,41450.0,41900.0,326590.0
2026-02-13 00:00:00+09:00,41900.0,42200.0,41100.0,41550.0,162730.0
2026-02-19 00:00:00+09:00,41900.0,43650.0,41650.0,43350.0,213944.0
2026-02-20 00:00:00+09:00,43400.0,43600.0,42250.0,42550.0,118034.0
2026-02-23 00:00:00+09:00,42600.0,43000.0,42050.0,42750.0,181320.0
2026-02-24 00:00:00+09:00,47700.0,55500.0,45900.0,50700.0,4131453.0
2026-02-25 00:00:00+09:00,50100.0,50400.0,46000.0,46700.0,950710.0
2026-02-26 00:00:00+09:00,47500.0,49500.0,45500.0,47000.0,814229.0
2026-02-27 00:00:00+09:00,46150.0,46500.0,43500.0,43600.0,654560.0
2026-03-03 00:00:00+09:00,42750.0,42900.0,40100.0,40450.0,345216.0
2026-03-04 00:00:00+09:00,39300.0,39950.0,34900.0,34900.0,486709.0
2026-03-05 00:00:00+09:00,37450.0,39400.0,36750.0,38350.0,578125.0
2026-03-06 00:00:00+09:00,37850.0,40150.0,37800.0,39400.0,176147.0
2026-03-09 00:00:00+09:00,37450.0,37500.0,35750.0,37200.0,154876.0
2026-03-10 00:00:00+09:00,38500.0,38800.0,37350.0,38000.0,200913.0
2026-03-11 00:00:00+09:00,38550.0,39250.0,37500.0,38050.0,185535.0
2026-03-12 00:00:00+09:00,37700.0,38400.0,37000.0,38100.0,185260.0
2026-03-13 00:00:00+09:00,37000.0,37700.0,36500.0,37150.0,117731.0
2026-03-16 00:00:00+09:00,37000.0,37100.0,36300.0,36550.0,94512.0
2026-03-17 00:00:00+09:00,37150.0,38900.0,37000.0,38150.0,123201.0
2026-03-18 00:00:00+09:00,38550.0,38850.0,38100.0,38400.0,121818.0
2026-03-19 00:00:00+09:00,37600.0,37650.0,37100.0,37600.0,94906.0
2026-03-20 00:00:00+09:00,37600.0,39000.0,37600.0,38450.0,217102.0
2026-03-23 00:00:00+09:00,37000.0,37450.0,35650.0,35800.0,218470.0
2026-03-24 00:00:00+09:00,36850.0,37200.0,35650.0,36700.0,92059.0
2026-03-25 00:00:00+09:00,37450.0,37900.0,36950.0,37700.0,99190.0
2026-03-26 00:00:00+09:00,37950.0,38550.0,37350.0,37950.0,111711.0
2026-03-27 00:00:00+09:00,37350.0,38700.0,36900.0,38400.0,102899.0
2026-03-30 00:00:00+09:00,36550.0,37600.0,36350.0,37500.0,91612.0
2026-03-31 00:00:00+09:00,36600.0,38200.0,36400.0,37100.0,240622.0
2026-04-01 00:00:00+09:00,38000.0,38300.0,37050.0,38000.0,199255.0
2026-04-02 00:00:00+09:00,38050.0,39750.0,36750.0,37100.0,198859.0
2026-04-03 00:00:00+09:00,37500.0,37950.0,37050.0,37600.0,91623.0
2026-04-06 00:00:00+09:00,37400.0,38950.0,37250.0,38000.0,135518.0
2026-04-07 00:00:00+09:00,37850.0,38900.0,37800.0,38000.0,113038.0
2026-04-08 00:00:00+09:00,39300.0,39700.0,37850.0,38550.0,155203.0
2026-04-09 00:00:00+09:00,38550.0,39800.0,38550.0,39350.0,124803.0
2026-04-10 00:00:00+09:00,39300.0,40050.0,38550.0,38900.0,99202.0
2026-04-13 00:00:00+09:00,38350.0,38500.0,37800.0,38350.0,74917.0
2026-04-14 00:00:00+09:00,38600.0,38950.0,38350.0,38550.0,64823.0
2026-04-15 00:00:00+09:00,39150.0,39600.0,38900.0,39350.0,93062.0
2026-04-16 00:00:00+09:00,39950.0,40400.0,39650.0,40150.0,102979.0
2026-04-17 00:00:00+09:00,40600.0,40750.0,40100.0,40100.0,69824.0
2026-04-20 00:00:00+09:00,40600.0,40600.0,39700.0,39950.0,59691.0
2026-04-21 00:00:00+09:00,39850.0,40200.0,38950.0,39250.0,80696.0
2026-04-22 00:00:00+09:00,38800.0,39100.0,38500.0,38650.0,87544.0
2026-04-23 00:00:00+09:00,39450.0,39450.0,38200.0,38800.0,104034.0
2026-04-24 00:00:00+09:00,39100.0,39600.0,38900.0,39000.0,88251.0
2026-04-27 00:00:00+09:00,39050.0,39300.0,38700.0,38750.0,84429.0
2026-04-28 00:00:00+09:00,38700.0,38950.0,38500.0,38500.0,77290.0
2026-04-29 00:00:00+09:00,38650.0,38700.0,37900.0,38000.0,80121.0
2026-04-30 00:00:00+09:00,37700.0,38100.0,37050.0,37700.0,146029.0
2026-05-04 00:00:00+09:00,38100.0,38500.0,37850.0,38050.0,68375.0
2026-05-06 00:00:00+09:00,37200.0,38400.0,36750.0,36750.0,132923.0
2026-05-07 00:00:00+09:00,36950.0,36975.0,36300.0,36600.0,138541.0
2026-05-08 00:00:00+09:00,36850.0,37450.0,36550.0,37100.0,75279.0
2026-05-11 00:00:00+09:00,36800.0,36800.0,35050.0,35200.0,224262.0
2026-05-12 00:00:00+09:00,35250.0,36300.0,34800.0,36300.0,137515.0
2026-05-13 00:00:00+09:00,36900.0,36950.0,34550.0,34600.0,101891.0
2026-05-14 00:00:00+09:00,34800.0,35750.0,34300.0,35350.0,177677.0
2026-05-15 00:00:00+09:00,35700.0,37000.0,34400.0,35000.0,186294.0
2026-05-18 00:00:00+09:00,35100.0,35100.0,32600.0,34150.0,170221.0
2026-05-19 00:00:00+09:00,34100.0,34450.0,32800.0,33450.0,113604.0
2026-05-20 00:00:00+09:00,33550.0,33600.0,30900.0,31150.0,206070.0
2026-05-21 00:00:00+09:00,31500.0,32600.0,31450.0,32100.0,121149.0
2026-05-22 00:00:00+09:00,32500.0,34300.0,32500.0,33750.0,112815.0
2026-05-26 00:00:00+09:00,34600.0,34600.0,32700.0,33150.0,86896.0
2026-05-27 00:00:00+09:00,33000.0,34650.0,32200.0,32350.0,115610.0
2026-05-28 00:00:00+09:00,32550.0,33100.0,30950.0,31700.0,124919.0
2026-05-29 00:00:00+09:00,32000.0,32250.0,31100.0,31750.0,117776.0
2026-06-01 00:00:00+09:00,35050.0,35050.0,32100.0,33150.0,372461.0
2026-06-02 00:00:00+09:00,33000.0,33100.0,31700.0,32600.0,138765.0
2026-06-04 00:00:00+09:00,32050.0,33000.0,31650.0,32150.0,75348.0
2026-06-05 00:00:00+09:00,33050.0,33200.0,31050.0,31650.0,106451.0
2026-06-08 00:00:00+09:00,29200.0,30200.0,28100.0,28450.0,136744.0
2026-06-09 00:00:00+09:00,28600.0,30500.0,28500.0,29700.0,80306.0
2026-06-10 00:00:00+09:00,29000.0,29950.0,28450.0,29500.0,81196.0
2026-06-11 00:00:00+09:00,29200.0,30000.0,28300.0,29800.0,167535.0
2026-06-12 00:00:00+09:00,30800.0,31000.0,29900.0,30100.0,73620.0
2026-06-15 00:00:00+09:00,30950.0,31050.0,30300.0,30350.0,64709.0
2026-06-16 00:00:00+09:00,30400.0,31300.0,30400.0,30900.0,57185.0
2026-06-17 00:00:00+09:00,31450.0,32100.0,30300.0,31350.0,80692.0
2026-06-18 00:00:00+09:00,30900.0,31250.0,30050.0,30100.0,54227.0
2026-06-19 00:00:00+09:00,30100.0,30250.0,28800.0,29650.0,102522.0
2026-06-22 00:00:00+09:00,29800.0,29950.0,28400.0,28400.0,60127.0
2026-06-23 00:00:00+09:00,28350.0,28650.0,27150.0,27350.0,100862.0
2026-06-24 00:00:00+09:00,27450.0,28600.0,26800.0,28100.0,117283.0
2026-06-25 00:00:00+09:00,28150.0,28650.0,27300.0,27300.0,69275.0
2026-06-26 00:00:00+09:00,27000.0,27350.0,25600.0,26100.0,92532.0
2026-06-29 00:00:00+09:00,26350.0,30150.0,26250.0,29850.0,170405.0
2026-06-30 00:00:00+09:00,29700.0,31250.0,29150.0,30150.0,124062.0
2026-07-01 00:00:00+09:00,30700.0,30800.0,29700.0,30650.0,91967.0
2026-07-02 00:00:00+09:00,30650.0,32500.0,29750.0,31250.0,130392.0
2026-07-03 00:00:00+09:00,31700.0,32150.0,30100.0,31800.0,231862.0
2026-07-06 00:00:00+09:00,31500.0,32000.0,30550.0,31500.0,79180.0
2026-07-07 00:00:00+09:00,31400.0,31950.0,30400.0,31650.0,76356.0
2026-07-08 00:00:00+09:00,35100.0,35800.0,31650.0,33650.0,710813.0
2026-07-09 00:00:00+09:00,33350.0,33500.0,30750.0,32450.0,626318.0
2026-07-10 00:00:00+09:00,32550.0,33850.0,31700.0,33400.0,431446.0
2026-07-13 00:00:00+09:00,32700.0,33950.0,32300.0,33100.0,260930.0
2026-07-14 00:00:00+09:00,32800.0,33200.0,30700.0,32050.0,246050.0
2026-07-15 00:00:00+09:00,32200.0,33250.0,32150.0,32350.0,136495.0
2026-07-16 00:00:00+09:00,32150.0,33350.0,31000.0,32700.0,131056.0
2026-07-20 00:00:00+09:00,32650.0,33350.0,31550.0,32500.0,133307.0
2026-07-21 00:00:00+09:00,32100.0,33350.0,31900.0,33000.0,151485.0
2026-07-22 00:00:00+09:00,33300.0,34400.0,32700.0,33250.0,171856.0
2026-07-23 00:00:00+09:00,33250.0,34600.0,33075.0,34350.0,184398.0
2026-07-24 00:00:00+09:00,33950.0,35350.0,33750.0,34600.0,148360.0
2026-07-27 00:00:00+09:00,35150.0,35950.0,34900.0,35500.0,98966.0
2026-07-28 00:00:00+09:00,35150.0,35250.0,32850.0,33950.0,137128.0
2026-07-29 00:00:00+09:00,33950.0,34600.0,31500.0,33550.0,202008.0
2026-07-30 00:00:00+09:00,32650.0,36500.0,32650.0,34750.0,208658.0
2026-07-31 00:00:00+09:00,34850.0,36750.0,34200.0,35850.0,145839.0
2026-08-03 00:00:00+09:00,34750.0,36700.0,34750.0,36050.0,178690.0
2026-08-04 00:00:00+09:00,35550.0,39500.0,35550.0,39200.0,316696.0
2026-08-05 00:00:00+09:00,38850.0,40600.0,38700.0,40350.0,224225.0
2026-08-06 00:00:00+09:00,40250.0,43900.0,39950.0,43800.0,451944.0
2026-08-07 00:00:00+09:00,43450.0,45900.0,42800.0,44650.0,274791.0
2026-08-10 00:00:00+09:00,44450.0,46250.0,42200.0,45700.0,347419.0
2026-08-11 00:00:00+09:00,45800.0,48950.0,45250.0,46200.0,295305.0
2026-08-12 00:00:00+09:00,45600.0,46550.0,43350.0,43750.0,242546.0
2026-08-13 00:00:00+09:00,43500.0,44950.0,42900.0,44350.0,187372.0
2026-08-14 00:00:00+09:00,43950.0,44450.0,42500.0,44300.0,162179.0
2026-08-18 00:00:00+09:00,44000.0,44750.0,42800.0,44600.0,201279.0
2026-08-19 00:00:00+09:00,43600.0,45500.0,42500.0,45150.0,168270.0
2026-08-20 00:00:00+09:00,45700.0,45900.0,43500.0,44250.0,161063.0
2026-08-21 00:00:00+09:00,43350.0,45600.0,43000.0,44950.0,175368.0
2026-08-24 00:00:00+09:00,45550.0,57500.0,45400.0,56500.0,4107170.0
2026-08-25 00:00:00+09:00,52500.0,52500.0,45050.0,46300.0,1455867.0
2026-08-26 00:00:00+09:00,46500.0,47450.0,44300.0,44400.0,703278.0
2026-08-27 00:00:00+09:00,43300.0,45150.0,41800.0,42100.0,441518.0
2026-08-28 00:00:00+09:00,42250.0,44650.0,41900.0,44500.0,232237.0
