dt,open,high,low,close,volume
2016-06-21 00:00:00+09:00,92800.0,92800.0,91300.0,91900.0,131899.0
2016-06-22 00:00:00+09:00,91400.0,93700.0,91300.0,92500.0,137633.0
2016-06-23 00:00:00+09:00,92000.0,93500.0,91500.0,93000.0,96695.0
2016-06-24 00:00:00+09:00,93500.0,93500.0,87900.0,88800.0,237739.0
2016-06-27 00:00:00+09:00,88400.0,89800.0,87500.0,89100.0,92281.0
2016-06-28 00:00:00+09:00,88100.0,89800.0,88000.0,89500.0,82590.0
2016-06-29 00:00:00+09:00,90000.0,90600.0,89600.0,89900.0,66781.0
2016-06-30 00:00:00+09:00,90300.0,90600.0,89000.0,89100.0,90086.0
2016-07-01 00:00:00+09:00,89300.0,89400.0,88000.0,88500.0,138823.0
2016-07-04 00:00:00+09:00,88600.0,88900.0,87600.0,88000.0,158603.0
2016-07-05 00:00:00+09:00,88100.0,88300.0,87500.0,87600.0,91538.0
2016-07-06 00:00:00+09:00,87600.0,87600.0,84000.0,84000.0,263543.0
2016-07-07 00:00:00+09:00,84600.0,85300.0,83800.0,84000.0,127072.0
2016-07-08 00:00:00+09:00,83900.0,84500.0,82000.0,82500.0,153473.0
2016-07-11 00:00:00+09:00,83000.0,84900.0,82900.0,84300.0,104513.0
2016-07-12 00:00:00+09:00,84300.0,85300.0,83800.0,85200.0,91287.0
2016-07-13 00:00:00+09:00,85200.0,86600.0,85100.0,86300.0,107897.0
2016-07-14 00:00:00+09:00,86100.0,86100.0,84900.0,85300.0,95700.0
2016-07-15 00:00:00+09:00,85900.0,86800.0,84800.0,85700.0,185443.0
2016-07-18 00:00:00+09:00,85700.0,85900.0,85000.0,85700.0,84365.0
2016-07-19 00:00:00+09:00,85300.0,85900.0,84500.0,85800.0,90936.0
2016-07-20 00:00:00+09:00,85800.0,85900.0,84900.0,85200.0,57424.0
2016-07-21 00:00:00+09:00,85200.0,86300.0,85000.0,85200.0,106238.0
2016-07-22 00:00:00+09:00,85000.0,86600.0,84800.0,86400.0,101989.0
2016-07-25 00:00:00+09:00,86500.0,90000.0,86500.0,89900.0,341950.0
2016-07-26 00:00:00+09:00,89300.0,90700.0,88700.0,89400.0,161270.0
2016-07-27 00:00:00+09:00,89400.0,90400.0,88700.0,88900.0,124635.0
2016-07-28 00:00:00+09:00,89200.0,90800.0,86600.0,87300.0,251084.0
2016-07-29 00:00:00+09:00,87100.0,87200.0,85200.0,85900.0,269465.0
2016-08-01 00:00:00+09:00,85900.0,87000.0,84600.0,85200.0,182239.0
2016-08-02 00:00:00+09:00,85000.0,85000.0,83200.0,83400.0,213322.0
2016-08-03 00:00:00+09:00,83100.0,83400.0,82000.0,83000.0,158350.0
2016-08-04 00:00:00+09:00,83100.0,83600.0,82500.0,83100.0,101351.0
2016-08-05 00:00:00+09:00,82900.0,85300.0,82800.0,84900.0,135371.0
2016-08-08 00:00:00+09:00,85400.0,85400.0,84300.0,84700.0,67319.0
2016-08-09 00:00:00+09:00,84700.0,85900.0,84500.0,84800.0,77089.0
2016-08-10 00:00:00+09:00,84700.0,85200.0,84500.0,84500.0,65862.0
2016-08-11 00:00:00+09:00,84500.0,85000.0,83600.0,83600.0,88934.0
2016-08-12 00:00:00+09:00,83800.0,85400.0,83800.0,85300.0,108432.0
2016-08-16 00:00:00+09:00,86100.0,86700.0,85700.0,86300.0,111177.0
2016-08-17 00:00:00+09:00,86300.0,86600.0,85700.0,86500.0,65056.0
2016-08-18 00:00:00+09:00,86900.0,87100.0,85800.0,86400.0,68452.0
2016-08-19 00:00:00+09:00,86400.0,86400.0,84900.0,85200.0,57612.0
2016-08-22 00:00:00+09:00,85300.0,85300.0,83400.0,83700.0,69778.0
2016-08-23 00:00:00+09:00,83700.0,84200.0,83200.0,83400.0,59892.0
2016-08-24 00:00:00+09:00,83500.0,87500.0,83500.0,87000.0,171561.0
2016-08-25 00:00:00+09:00,87500.0,89700.0,86600.0,89600.0,356575.0
2016-08-26 00:00:00+09:00,89700.0,90100.0,88400.0,89700.0,102026.0
2016-08-29 00:00:00+09:00,89600.0,89600.0,87900.0,87900.0,75222.0
2016-08-30 00:00:00+09:00,87900.0,92700.0,87900.0,92000.0,267965.0
2016-08-31 00:00:00+09:00,92100.0,92900.0,90300.0,91000.0,157391.0
2016-09-01 00:00:00+09:00,91300.0,91400.0,89500.0,90200.0,78432.0
2016-09-02 00:00:00+09:00,90700.0,92200.0,87900.0,88800.0,125251.0
2016-09-05 00:00:00+09:00,89400.0,91400.0,88800.0,91200.0,103896.0
2016-09-06 00:00:00+09:00,91400.0,91800.0,90600.0,91800.0,75309.0
2016-09-07 00:00:00+09:00,91900.0,95000.0,91500.0,94700.0,307341.0
2016-09-08 00:00:00+09:00,95000.0,96500.0,93600.0,96200.0,244685.0
2016-09-09 00:00:00+09:00,96000.0,96000.0,94000.0,94400.0,109068.0
2016-09-12 00:00:00+09:00,92700.0,95400.0,92500.0,93200.0,106828.0
2016-09-13 00:00:00+09:00,94500.0,95000.0,91900.0,91900.0,96914.0
2016-09-19 00:00:00+09:00,91600.0,92700.0,90600.0,91900.0,65971.0
2016-09-20 00:00:00+09:00,91900.0,92000.0,90800.0,91500.0,64680.0
2016-09-21 00:00:00+09:00,91500.0,91800.0,89200.0,89800.0,159262.0
2016-09-22 00:00:00+09:00,90700.0,91700.0,89800.0,90300.0,92171.0
2016-09-23 00:00:00+09:00,91200.0,93300.0,90100.0,93100.0,122261.0
2016-09-26 00:00:00+09:00,92500.0,93000.0,90600.0,90900.0,86890.0
2016-09-27 00:00:00+09:00,90200.0,91000.0,89200.0,90400.0,85425.0
2016-09-28 00:00:00+09:00,90900.0,91500.0,89200.0,89200.0,101435.0
2016-09-29 00:00:00+09:00,89700.0,90200.0,88000.0,88400.0,146723.0
2016-09-30 00:00:00+09:00,87900.0,87900.0,86500.0,86600.0,131020.0
2016-10-04 00:00:00+09:00,86700.0,87600.0,85700.0,85900.0,124057.0
2016-10-05 00:00:00+09:00,85700.0,86800.0,84900.0,86800.0,67174.0
2016-10-06 00:00:00+09:00,86300.0,86800.0,85100.0,85100.0,113832.0
2016-10-07 00:00:00+09:00,85000.0,85800.0,83600.0,83700.0,135868.0
2016-10-10 00:00:00+09:00,84200.0,86200.0,83600.0,85600.0,96056.0
2016-10-11 00:00:00+09:00,86800.0,87500.0,85400.0,85600.0,120592.0
2016-10-12 00:00:00+09:00,85800.0,86900.0,85300.0,85800.0,71554.0
2016-10-13 00:00:00+09:00,86800.0,86800.0,84500.0,84500.0,67827.0
2016-10-14 00:00:00+09:00,84700.0,85400.0,84400.0,84900.0,59070.0
2016-10-17 00:00:00+09:00,85800.0,87300.0,85400.0,86000.0,103955.0
2016-10-18 00:00:00+09:00,86000.0,86900.0,85800.0,86400.0,53921.0
2016-10-19 00:00:00+09:00,86500.0,86800.0,84300.0,84400.0,77995.0
2016-10-20 00:00:00+09:00,84600.0,85200.0,83300.0,83500.0,80894.0
2016-10-21 00:00:00+09:00,83300.0,84900.0,83200.0,84900.0,93266.0
2016-10-24 00:00:00+09:00,84800.0,84800.0,83600.0,84400.0,45078.0
2016-10-25 00:00:00+09:00,84500.0,85700.0,84400.0,85700.0,73497.0
2016-10-26 00:00:00+09:00,85400.0,85400.0,83800.0,84200.0,70026.0
2016-10-27 00:00:00+09:00,83800.0,84500.0,82600.0,84500.0,114311.0
2016-10-28 00:00:00+09:00,84200.0,84500.0,83200.0,83500.0,65257.0
2016-10-31 00:00:00+09:00,83000.0,83300.0,78500.0,78700.0,339527.0
2016-11-01 00:00:00+09:00,78000.0,79400.0,76000.0,76900.0,231449.0
2016-11-02 00:00:00+09:00,76200.0,76900.0,75000.0,75300.0,149985.0
2016-11-03 00:00:00+09:00,75000.0,76400.0,74600.0,75200.0,123879.0
2016-11-04 00:00:00+09:00,75700.0,75800.0,74100.0,74500.0,127837.0
2016-11-07 00:00:00+09:00,75500.0,75600.0,74400.0,75600.0,87414.0
2016-11-08 00:00:00+09:00,76400.0,78600.0,75800.0,78000.0,168296.0
2016-11-09 00:00:00+09:00,78100.0,79200.0,72500.0,74600.0,255223.0
2016-11-10 00:00:00+09:00,75500.0,75500.0,70400.0,71000.0,395801.0
2016-11-11 00:00:00+09:00,70400.0,71600.0,70400.0,70800.0,190774.0
2016-11-14 00:00:00+09:00,70900.0,72400.0,70800.0,71400.0,93903.0
2016-11-15 00:00:00+09:00,71800.0,73000.0,70600.0,72600.0,126957.0
2016-11-16 00:00:00+09:00,72800.0,73500.0,72200.0,72800.0,76972.0
2016-11-17 00:00:00+09:00,72200.0,73000.0,72000.0,72500.0,63098.0
2016-11-18 00:00:00+09:00,72700.0,73000.0,71600.0,72300.0,84714.0
2016-11-21 00:00:00+09:00,72400.0,72400.0,71100.0,71900.0,80960.0
2016-11-22 00:00:00+09:00,71500.0,72100.0,70600.0,70800.0,73567.0
2016-11-23 00:00:00+09:00,70700.0,71500.0,70200.0,70800.0,95440.0
2016-11-24 00:00:00+09:00,70800.0,71300.0,69500.0,69800.0,101775.0
2016-11-25 00:00:00+09:00,69900.0,70700.0,69300.0,70600.0,40876.0
2016-11-28 00:00:00+09:00,70600.0,70600.0,69100.0,69300.0,87822.0
2016-11-29 00:00:00+09:00,69200.0,69700.0,68300.0,69500.0,73588.0
2016-11-30 00:00:00+09:00,69100.0,69400.0,68000.0,68800.0,118495.0
2016-12-01 00:00:00+09:00,68800.0,69800.0,68200.0,69200.0,56495.0
2016-12-02 00:00:00+09:00,68900.0,71300.0,68900.0,70100.0,74896.0
2016-12-05 00:00:00+09:00,69900.0,70000.0,68000.0,68300.0,80894.0
2016-12-06 00:00:00+09:00,68400.0,69100.0,68200.0,68900.0,87750.0
2016-12-07 00:00:00+09:00,68900.0,69200.0,67700.0,68200.0,84316.0
2016-12-08 00:00:00+09:00,68800.0,72900.0,68600.0,72900.0,242455.0
2016-12-09 00:00:00+09:00,72600.0,73700.0,72200.0,73200.0,86654.0
2016-12-12 00:00:00+09:00,73200.0,73800.0,72700.0,73500.0,76154.0
2016-12-13 00:00:00+09:00,73800.0,73900.0,72500.0,73800.0,76025.0
2016-12-14 00:00:00+09:00,74300.0,74300.0,72500.0,72600.0,67357.0
2016-12-15 00:00:00+09:00,72300.0,73600.0,72200.0,73200.0,50436.0
2016-12-16 00:00:00+09:00,73100.0,73400.0,71600.0,73400.0,107603.0
2016-12-19 00:00:00+09:00,72900.0,73000.0,71600.0,71900.0,99844.0
2016-12-20 00:00:00+09:00,71800.0,72300.0,71700.0,71800.0,70766.0
2016-12-21 00:00:00+09:00,72000.0,72700.0,71800.0,72000.0,54425.0
2016-12-22 00:00:00+09:00,72000.0,72400.0,71000.0,71400.0,83683.0
2016-12-23 00:00:00+09:00,71200.0,74000.0,71200.0,73500.0,159089.0
2016-12-26 00:00:00+09:00,73500.0,75100.0,73000.0,73000.0,123738.0
2016-12-27 00:00:00+09:00,72700.0,73700.0,72600.0,73400.0,61705.0
2016-12-28 00:00:00+09:00,72700.0,73600.0,72700.0,72800.0,70651.0
2016-12-29 00:00:00+09:00,72300.0,73900.0,72100.0,73000.0,65731.0
2017-01-02 00:00:00+09:00,73100.0,74500.0,73000.0,74200.0,125808.0
2017-01-03 00:00:00+09:00,75100.0,78600.0,74000.0,78000.0,299328.0
2017-01-04 00:00:00+09:00,78200.0,79200.0,77600.0,78000.0,296557.0
2017-01-05 00:00:00+09:00,78300.0,78400.0,76600.0,76800.0,218475.0
2017-01-06 00:00:00+09:00,76800.0,76800.0,75200.0,75500.0,183734.0
2017-01-09 00:00:00+09:00,76000.0,76300.0,74100.0,74900.0,157992.0
2017-01-10 00:00:00+09:00,74400.0,75500.0,74100.0,74100.0,127767.0
2017-01-11 00:00:00+09:00,74200.0,74500.0,73100.0,73700.0,132625.0
2017-01-12 00:00:00+09:00,73800.0,75400.0,73400.0,74200.0,216289.0
2017-01-13 00:00:00+09:00,74500.0,76700.0,74500.0,76300.0,132869.0
2017-01-16 00:00:00+09:00,76400.0,76600.0,74800.0,75300.0,102251.0
2017-01-17 00:00:00+09:00,75300.0,76300.0,74600.0,75700.0,74433.0
2017-01-18 00:00:00+09:00,76200.0,79900.0,75700.0,79900.0,374969.0
2017-01-19 00:00:00+09:00,79400.0,79900.0,77400.0,77900.0,186470.0
2017-01-20 00:00:00+09:00,77700.0,77900.0,76500.0,76600.0,93977.0
2017-01-23 00:00:00+09:00,76600.0,76900.0,75400.0,75400.0,102528.0
2017-01-24 00:00:00+09:00,75100.0,75700.0,71900.0,72600.0,246264.0
2017-01-25 00:00:00+09:00,72900.0,73300.0,71100.0,71400.0,118642.0
2017-01-26 00:00:00+09:00,71300.0,72200.0,69200.0,69300.0,297579.0
2017-01-31 00:00:00+09:00,68700.0,68700.0,64400.0,64600.0,619221.0
2017-02-01 00:00:00+09:00,64700.0,65300.0,64100.0,64500.0,261754.0
2017-02-02 00:00:00+09:00,64600.0,64700.0,61900.0,62200.0,446326.0
2017-02-03 00:00:00+09:00,62800.0,63700.0,61100.0,61500.0,406697.0
2017-02-06 00:00:00+09:00,61600.0,62000.0,60400.0,60600.0,325865.0
2017-02-07 00:00:00+09:00,60900.0,62200.0,60900.0,61500.0,275080.0
2017-02-08 00:00:00+09:00,61500.0,62200.0,61200.0,62200.0,198995.0
2017-02-09 00:00:00+09:00,62400.0,62600.0,61600.0,61900.0,151799.0
2017-02-10 00:00:00+09:00,62200.0,62800.0,61800.0,62300.0,123440.0
2017-02-13 00:00:00+09:00,62500.0,62800.0,62100.0,62800.0,86304.0
2017-02-14 00:00:00+09:00,63100.0,65500.0,63000.0,65500.0,390283.0
2017-02-15 00:00:00+09:00,66200.0,67100.0,65600.0,66700.0,311107.0
2017-02-16 00:00:00+09:00,66800.0,68300.0,65600.0,66100.0,277618.0
2017-02-17 00:00:00+09:00,66400.0,67000.0,64500.0,66800.0,172909.0
2017-02-20 00:00:00+09:00,66500.0,67000.0,65800.0,66400.0,98566.0
2017-02-21 00:00:00+09:00,66200.0,67500.0,66200.0,67400.0,162369.0
2017-02-22 00:00:00+09:00,67000.0,68100.0,66700.0,67800.0,118251.0
2017-02-23 00:00:00+09:00,67900.0,68300.0,67200.0,67800.0,139302.0
2017-02-24 00:00:00+09:00,67600.0,69300.0,67600.0,68700.0,149686.0
2017-02-27 00:00:00+09:00,68500.0,69100.0,67900.0,68700.0,105431.0
2017-02-28 00:00:00+09:00,69000.0,69300.0,66100.0,66900.0,248007.0
2017-03-02 00:00:00+09:00,66900.0,68000.0,66100.0,66100.0,200097.0
2017-03-03 00:00:00+09:00,66500.0,66500.0,63800.0,64300.0,186020.0
2017-03-06 00:00:00+09:00,64000.0,65300.0,63900.0,65100.0,130306.0
2017-03-07 00:00:00+09:00,65300.0,66600.0,65000.0,66400.0,111902.0
2017-03-08 00:00:00+09:00,67100.0,67400.0,65600.0,66400.0,109895.0
2017-03-09 00:00:00+09:00,66900.0,67100.0,65700.0,65700.0,106696.0
2017-03-10 00:00:00+09:00,66200.0,67000.0,65800.0,66400.0,70485.0
2017-03-13 00:00:00+09:00,66000.0,67100.0,66000.0,66800.0,80690.0
2017-03-14 00:00:00+09:00,67100.0,68000.0,66800.0,67400.0,116072.0
2017-03-15 00:00:00+09:00,67800.0,67900.0,66100.0,66200.0,137826.0
2017-03-16 00:00:00+09:00,66800.0,68300.0,66700.0,67800.0,136132.0
2017-03-17 00:00:00+09:00,68000.0,68300.0,67100.0,68300.0,110326.0
2017-03-20 00:00:00+09:00,68400.0,68800.0,67700.0,68100.0,91026.0
2017-03-21 00:00:00+09:00,68400.0,74700.0,68200.0,74400.0,736913.0
2017-03-22 00:00:00+09:00,73300.0,73800.0,70700.0,71200.0,396980.0
2017-03-23 00:00:00+09:00,71600.0,72400.0,70500.0,71700.0,154157.0
2017-03-24 00:00:00+09:00,71500.0,72600.0,71000.0,71400.0,158036.0
2017-03-27 00:00:00+09:00,71400.0,71500.0,69300.0,69600.0,200619.0
2017-03-28 00:00:00+09:00,69600.0,70000.0,68600.0,69000.0,137367.0
2017-03-29 00:00:00+09:00,69200.0,69900.0,68100.0,68400.0,144183.0
2017-03-30 00:00:00+09:00,68300.0,69000.0,66500.0,66900.0,200927.0
2017-03-31 00:00:00+09:00,67200.0,69200.0,67000.0,67900.0,132721.0
2017-04-03 00:00:00+09:00,68300.0,68600.0,66600.0,67300.0,91268.0
2017-04-04 00:00:00+09:00,67100.0,67100.0,66000.0,66200.0,143918.0
2017-04-05 00:00:00+09:00,66200.0,66400.0,64300.0,64600.0,231706.0
2017-04-06 00:00:00+09:00,64600.0,65000.0,63400.0,63600.0,169012.0
2017-04-07 00:00:00+09:00,63300.0,64500.0,63300.0,63900.0,144093.0
2017-04-10 00:00:00+09:00,63800.0,65000.0,63700.0,64200.0,130151.0
2017-04-11 00:00:00+09:00,64100.0,65000.0,64000.0,64300.0,148374.0
2017-04-12 00:00:00+09:00,64600.0,65300.0,63500.0,63500.0,215960.0
2017-04-13 00:00:00+09:00,63900.0,64300.0,63100.0,63200.0,125777.0
2017-04-14 00:00:00+09:00,63200.0,63600.0,63000.0,63200.0,75533.0
2017-04-17 00:00:00+09:00,63200.0,63600.0,62700.0,63100.0,97491.0
2017-04-18 00:00:00+09:00,63500.0,63500.0,61500.0,61900.0,254866.0
2017-04-19 00:00:00+09:00,61700.0,61800.0,60500.0,60800.0,216731.0
2017-04-20 00:00:00+09:00,61200.0,62900.0,61100.0,62900.0,237843.0
2017-04-21 00:00:00+09:00,62500.0,62700.0,61400.0,61800.0,223087.0
2017-04-24 00:00:00+09:00,61700.0,62800.0,61500.0,62600.0,122066.0
2017-04-25 00:00:00+09:00,62700.0,64300.0,62700.0,64100.0,253039.0
2017-04-26 00:00:00+09:00,64300.0,65600.0,64300.0,65500.0,257641.0
2017-04-27 00:00:00+09:00,65100.0,65700.0,63800.0,65100.0,375592.0
2017-04-28 00:00:00+09:00,64600.0,65000.0,64000.0,64900.0,290816.0
2017-05-02 00:00:00+09:00,64200.0,65900.0,64200.0,65100.0,180071.0
2017-05-04 00:00:00+09:00,65000.0,65900.0,64700.0,65000.0,143589.0
2017-05-08 00:00:00+09:00,65200.0,66000.0,64700.0,65800.0,135500.0
2017-05-10 00:00:00+09:00,66100.0,67900.0,65700.0,67000.0,247944.0
2017-05-11 00:00:00+09:00,67100.0,67500.0,66400.0,67300.0,135696.0
2017-05-12 00:00:00+09:00,67600.0,67800.0,66700.0,67400.0,94861.0
2017-05-15 00:00:00+09:00,67300.0,67400.0,66500.0,66700.0,70418.0
2017-05-16 00:00:00+09:00,67300.0,68800.0,67000.0,68300.0,170297.0
2017-05-17 00:00:00+09:00,68300.0,68400.0,66600.0,67900.0,166466.0
2017-05-18 00:00:00+09:00,67400.0,69600.0,67100.0,69300.0,298779.0
2017-05-19 00:00:00+09:00,69300.0,70000.0,67700.0,69100.0,259538.0
2017-05-22 00:00:00+09:00,69200.0,69700.0,68400.0,68500.0,145844.0
2017-05-23 00:00:00+09:00,68200.0,69600.0,68200.0,69100.0,152580.0
2017-05-24 00:00:00+09:00,69200.0,69400.0,68600.0,68900.0,93394.0
2017-05-25 00:00:00+09:00,69300.0,72000.0,69100.0,71500.0,430194.0
2017-05-26 00:00:00+09:00,71600.0,71700.0,70300.0,71600.0,276806.0
2017-05-29 00:00:00+09:00,71600.0,71600.0,70400.0,70400.0,143383.0
2017-05-30 00:00:00+09:00,70700.0,71400.0,69800.0,71200.0,217600.0
2017-05-31 00:00:00+09:00,70800.0,71200.0,69000.0,69000.0,396103.0
2017-06-01 00:00:00+09:00,69000.0,69800.0,68500.0,69500.0,151288.0
2017-06-02 00:00:00+09:00,69300.0,69300.0,68000.0,68200.0,214147.0
2017-06-05 00:00:00+09:00,68400.0,69200.0,67400.0,68200.0,187936.0
2017-06-07 00:00:00+09:00,67600.0,67800.0,66500.0,66600.0,326814.0
2017-06-08 00:00:00+09:00,66600.0,67300.0,66500.0,66700.0,185982.0
2017-06-09 00:00:00+09:00,67000.0,67400.0,66700.0,67000.0,252616.0
2017-06-12 00:00:00+09:00,67000.0,67700.0,66400.0,67000.0,129106.0
2017-06-13 00:00:00+09:00,67100.0,68700.0,66900.0,68500.0,160546.0
2017-06-14 00:00:00+09:00,68600.0,73100.0,68600.0,72000.0,803395.0
2017-06-15 00:00:00+09:00,72000.0,72300.0,70300.0,70800.0,356591.0
2017-06-16 00:00:00+09:00,71000.0,71500.0,70100.0,71100.0,215147.0
2017-06-19 00:00:00+09:00,71200.0,72600.0,70100.0,72500.0,250875.0
2017-06-20 00:00:00+09:00,72700.0,74900.0,72200.0,73100.0,443222.0
2017-06-21 00:00:00+09:00,73700.0,74300.0,71100.0,71700.0,274116.0
2017-06-22 00:00:00+09:00,71800.0,74000.0,71700.0,73800.0,257302.0
2017-06-23 00:00:00+09:00,74000.0,74600.0,73200.0,73800.0,229372.0
2017-06-26 00:00:00+09:00,73000.0,73700.0,71600.0,73300.0,198265.0
2017-06-27 00:00:00+09:00,73700.0,73700.0,70600.0,70600.0,364937.0
2017-06-28 00:00:00+09:00,70400.0,71000.0,69200.0,70100.0,198132.0
2017-06-29 00:00:00+09:00,70300.0,70800.0,69600.0,70400.0,134651.0
2017-06-30 00:00:00+09:00,69700.0,70800.0,69700.0,69800.0,108230.0
2017-07-03 00:00:00+09:00,69300.0,70300.0,68200.0,70200.0,173263.0
2017-07-04 00:00:00+09:00,69800.0,70200.0,68200.0,68700.0,179347.0
2017-07-05 00:00:00+09:00,68800.0,69200.0,68300.0,69000.0,99371.0
2017-07-06 00:00:00+09:00,68900.0,69200.0,67600.0,68200.0,183043.0
2017-07-07 00:00:00+09:00,67700.0,67700.0,65400.0,65700.0,330196.0
2017-07-10 00:00:00+09:00,65700.0,65700.0,64400.0,64700.0,140262.0
2017-07-11 00:00:00+09:00,64900.0,65800.0,64900.0,65200.0,96584.0
2017-07-12 00:00:00+09:00,65200.0,66900.0,65200.0,65600.0,129321.0
2017-07-13 00:00:00+09:00,65700.0,65800.0,64700.0,65000.0,179425.0
2017-07-14 00:00:00+09:00,65600.0,66800.0,64900.0,66500.0,114229.0
2017-07-17 00:00:00+09:00,67100.0,67100.0,65900.0,67000.0,128857.0
2017-07-18 00:00:00+09:00,67000.0,68100.0,66800.0,67400.0,127603.0
2017-07-19 00:00:00+09:00,67500.0,68400.0,67200.0,68200.0,113243.0
2017-07-20 00:00:00+09:00,68200.0,68300.0,67200.0,67600.0,117028.0
2017-07-21 00:00:00+09:00,67600.0,68000.0,66800.0,67000.0,97909.0
2017-07-24 00:00:00+09:00,67200.0,67300.0,66200.0,67200.0,61878.0
2017-07-25 00:00:00+09:00,67300.0,68200.0,67100.0,68100.0,115510.0
2017-07-26 00:00:00+09:00,68400.0,68700.0,67500.0,68500.0,128615.0
2017-07-27 00:00:00+09:00,68700.0,69100.0,66700.0,68800.0,186424.0
2017-07-28 00:00:00+09:00,68300.0,71200.0,68000.0,70700.0,395128.0
2017-07-31 00:00:00+09:00,70400.0,71400.0,68500.0,69000.0,175534.0
2017-08-01 00:00:00+09:00,68600.0,71600.0,68600.0,71400.0,199099.0
2017-08-02 00:00:00+09:00,71200.0,72100.0,70500.0,71600.0,195147.0
2017-08-03 00:00:00+09:00,71200.0,72200.0,70600.0,71800.0,224969.0
2017-08-04 00:00:00+09:00,71900.0,75200.0,71900.0,74800.0,502071.0
2017-08-07 00:00:00+09:00,74900.0,76200.0,74100.0,75100.0,267718.0
2017-08-08 00:00:00+09:00,75200.0,75200.0,72400.0,74700.0,349056.0
2017-08-09 00:00:00+09:00,73900.0,76900.0,73700.0,76000.0,276699.0
2017-08-10 00:00:00+09:00,75300.0,78000.0,75300.0,76100.0,309323.0
2017-08-11 00:00:00+09:00,75100.0,76700.0,74800.0,75900.0,164121.0
2017-08-14 00:00:00+09:00,75900.0,77400.0,74300.0,77000.0,167980.0
2017-08-16 00:00:00+09:00,77100.0,77200.0,73800.0,74200.0,280792.0
2017-08-17 00:00:00+09:00,74300.0,75400.0,73700.0,74700.0,197923.0
2017-08-18 00:00:00+09:00,73700.0,75300.0,72900.0,74400.0,161293.0
2017-08-21 00:00:00+09:00,74700.0,76500.0,74200.0,75000.0,206120.0
2017-08-22 00:00:00+09:00,75000.0,75400.0,73300.0,73700.0,123124.0
2017-08-23 00:00:00+09:00,73800.0,74400.0,73200.0,73900.0,113849.0
2017-08-24 00:00:00+09:00,73900.0,74600.0,73200.0,74000.0,95707.0
2017-08-25 00:00:00+09:00,74100.0,74500.0,73200.0,74000.0,83497.0
2017-08-28 00:00:00+09:00,74000.0,74200.0,72600.0,73400.0,103197.0
2017-08-29 00:00:00+09:00,73100.0,74800.0,72700.0,73100.0,133025.0
2017-08-30 00:00:00+09:00,72300.0,72300.0,69300.0,71500.0,407349.0
2017-08-31 00:00:00+09:00,71500.0,71500.0,69600.0,70000.0,222514.0
2017-09-01 00:00:00+09:00,70300.0,71300.0,70000.0,71000.0,148398.0
2017-09-04 00:00:00+09:00,69100.0,70800.0,69100.0,70100.0,102383.0
2017-09-05 00:00:00+09:00,70200.0,71100.0,69300.0,69700.0,128493.0
2017-09-06 00:00:00+09:00,70200.0,70200.0,67400.0,67600.0,211287.0
2017-09-07 00:00:00+09:00,68000.0,68800.0,66200.0,66300.0,198774.0
2017-09-08 00:00:00+09:00,66300.0,66300.0,61200.0,61600.0,742237.0
2017-09-11 00:00:00+09:00,61000.0,62300.0,60500.0,61100.0,317005.0
2017-09-12 00:00:00+09:00,61400.0,61800.0,60500.0,61300.0,281368.0
2017-09-13 00:00:00+09:00,61500.0,62200.0,60400.0,60800.0,241780.0
2017-09-14 00:00:00+09:00,60800.0,61400.0,59100.0,59500.0,266543.0
2017-09-15 00:00:00+09:00,59500.0,62300.0,59500.0,62300.0,336226.0
2017-09-18 00:00:00+09:00,61500.0,62300.0,61200.0,61700.0,109722.0
2017-09-19 00:00:00+09:00,62000.0,63900.0,61400.0,63000.0,220376.0
2017-09-20 00:00:00+09:00,63100.0,63700.0,62600.0,62700.0,108817.0
2017-09-21 00:00:00+09:00,62300.0,62700.0,61200.0,62000.0,142065.0
2017-09-22 00:00:00+09:00,61700.0,62900.0,60700.0,62500.0,109126.0
2017-09-25 00:00:00+09:00,63000.0,63100.0,60500.0,60600.0,181040.0
2017-09-26 00:00:00+09:00,60600.0,65300.0,60500.0,65200.0,326166.0
2017-09-27 00:00:00+09:00,65300.0,67400.0,64400.0,66600.0,234765.0
2017-09-28 00:00:00+09:00,66300.0,66300.0,63100.0,63900.0,330006.0
2017-09-29 00:00:00+09:00,64000.0,65300.0,63600.0,65300.0,300670.0
2017-10-10 00:00:00+09:00,64600.0,64600.0,62300.0,63400.0,270139.0
2017-10-11 00:00:00+09:00,63300.0,64300.0,63300.0,64000.0,172825.0
2017-10-12 00:00:00+09:00,64000.0,65200.0,63000.0,65200.0,155790.0
2017-10-13 00:00:00+09:00,65300.0,66000.0,63200.0,64300.0,248141.0
2017-10-16 00:00:00+09:00,64700.0,66500.0,63600.0,65300.0,193474.0
2017-10-17 00:00:00+09:00,65400.0,65400.0,63800.0,64200.0,142551.0
2017-10-18 00:00:00+09:00,64100.0,65700.0,63600.0,65500.0,170719.0
2017-10-19 00:00:00+09:00,65500.0,67200.0,65200.0,65500.0,151872.0
2017-10-20 00:00:00+09:00,65100.0,65800.0,64700.0,65600.0,95354.0
2017-10-23 00:00:00+09:00,65500.0,66400.0,65200.0,66000.0,94762.0
2017-10-24 00:00:00+09:00,66300.0,66600.0,65600.0,66600.0,85348.0
2017-10-25 00:00:00+09:00,66700.0,66700.0,64900.0,65900.0,102387.0
2017-10-26 00:00:00+09:00,66100.0,70300.0,65400.0,69900.0,413445.0
2017-10-27 00:00:00+09:00,70000.0,70200.0,68500.0,69000.0,266779.0
2017-10-30 00:00:00+09:00,65900.0,66600.0,63200.0,63500.0,601536.0
2017-10-31 00:00:00+09:00,63500.0,65200.0,63200.0,64500.0,347112.0
2017-11-01 00:00:00+09:00,64100.0,64900.0,64000.0,64400.0,131452.0
2017-11-02 00:00:00+09:00,64400.0,64600.0,63800.0,64300.0,130622.0
2017-11-03 00:00:00+09:00,64600.0,66300.0,64500.0,65600.0,177409.0
2017-11-06 00:00:00+09:00,65200.0,66500.0,65000.0,65700.0,125917.0
2017-11-07 00:00:00+09:00,65300.0,65500.0,64000.0,64300.0,177731.0
2017-11-08 00:00:00+09:00,64100.0,65200.0,64000.0,64700.0,99231.0
2017-11-09 00:00:00+09:00,65000.0,65500.0,64800.0,64800.0,149232.0
2017-11-10 00:00:00+09:00,64700.0,65500.0,64600.0,64800.0,68641.0
2017-11-13 00:00:00+09:00,65600.0,69400.0,65400.0,68700.0,483317.0
2017-11-14 00:00:00+09:00,68800.0,69200.0,66800.0,67800.0,149756.0
2017-11-15 00:00:00+09:00,67500.0,68900.0,67000.0,67100.0,122390.0
2017-11-16 00:00:00+09:00,67300.0,67700.0,66200.0,67000.0,100122.0
2017-11-17 00:00:00+09:00,67300.0,67300.0,65000.0,65600.0,181936.0
2017-11-20 00:00:00+09:00,66000.0,66100.0,64600.0,64900.0,140797.0
2017-11-21 00:00:00+09:00,65200.0,65800.0,64500.0,65500.0,109096.0
2017-11-22 00:00:00+09:00,65000.0,65800.0,64300.0,64700.0,115110.0
2017-11-23 00:00:00+09:00,64500.0,65000.0,64100.0,64800.0,111749.0
2017-11-24 00:00:00+09:00,64400.0,64900.0,64300.0,64800.0,65216.0
2017-11-27 00:00:00+09:00,64800.0,65400.0,64400.0,64900.0,89160.0
2017-11-28 00:00:00+09:00,64800.0,66600.0,64200.0,65900.0,121799.0
2017-11-29 00:00:00+09:00,65900.0,66700.0,65700.0,66300.0,87972.0
2017-11-30 00:00:00+09:00,66600.0,68800.0,66500.0,67700.0,276919.0
2017-12-01 00:00:00+09:00,67400.0,68000.0,65900.0,66300.0,128019.0
2017-12-04 00:00:00+09:00,66500.0,66500.0,64800.0,65300.0,151715.0
2017-12-05 00:00:00+09:00,65300.0,66800.0,65100.0,66600.0,92949.0
2017-12-06 00:00:00+09:00,66600.0,67700.0,66100.0,66400.0,106812.0
2017-12-07 00:00:00+09:00,66400.0,67400.0,66100.0,66600.0,81453.0
2017-12-08 00:00:00+09:00,66600.0,67300.0,64700.0,65100.0,106274.0
2017-12-11 00:00:00+09:00,64900.0,65100.0,61900.0,62100.0,301452.0
2017-12-12 00:00:00+09:00,61700.0,62900.0,61400.0,61800.0,161495.0
2017-12-13 00:00:00+09:00,62100.0,63200.0,62000.0,62600.0,86255.0
2017-12-14 00:00:00+09:00,62800.0,64000.0,61700.0,61700.0,174172.0
2017-12-15 00:00:00+09:00,62400.0,63800.0,62300.0,63800.0,106756.0
2017-12-18 00:00:00+09:00,63800.0,63900.0,62800.0,63500.0,67778.0
2017-12-19 00:00:00+09:00,63500.0,64200.0,63200.0,63800.0,67204.0
2017-12-20 00:00:00+09:00,64000.0,64500.0,63400.0,63500.0,71101.0
2017-12-21 00:00:00+09:00,63700.0,64100.0,62400.0,62600.0,71601.0
2017-12-22 00:00:00+09:00,63100.0,63600.0,62600.0,63600.0,65726.0
2017-12-26 00:00:00+09:00,63300.0,64200.0,63200.0,63600.0,70044.0
2017-12-27 00:00:00+09:00,63400.0,64600.0,62500.0,64600.0,96227.0
2017-12-28 00:00:00+09:00,64600.0,65000.0,63500.0,65000.0,95653.0
2018-01-02 00:00:00+09:00,64100.0,64800.0,63400.0,64000.0,94969.0
2018-01-03 00:00:00+09:00,63000.0,64400.0,63000.0,63700.0,82180.0
2018-01-04 00:00:00+09:00,63700.0,63700.0,62400.0,62500.0,161982.0
2018-01-05 00:00:00+09:00,62500.0,63100.0,62400.0,62800.0,72850.0
2018-01-08 00:00:00+09:00,63000.0,63500.0,62800.0,63300.0,64142.0
2018-01-09 00:00:00+09:00,62900.0,63900.0,62800.0,63800.0,101988.0
2018-01-10 00:00:00+09:00,63800.0,66700.0,63500.0,65800.0,213376.0
2018-01-11 00:00:00+09:00,66000.0,66000.0,64400.0,64700.0,126423.0
2018-01-12 00:00:00+09:00,64700.0,65000.0,63700.0,63800.0,89338.0
2018-01-15 00:00:00+09:00,63800.0,64100.0,62700.0,63600.0,94449.0
2018-01-16 00:00:00+09:00,63200.0,64500.0,63200.0,64200.0,76006.0
2018-01-17 00:00:00+09:00,63800.0,64500.0,63600.0,64200.0,57883.0
2018-01-18 00:00:00+09:00,64300.0,64300.0,63600.0,64000.0,51486.0
2018-01-19 00:00:00+09:00,63900.0,65700.0,63600.0,65600.0,158235.0
2018-01-22 00:00:00+09:00,65800.0,66400.0,64600.0,64800.0,93955.0
2018-01-23 00:00:00+09:00,64800.0,66300.0,64300.0,64700.0,121624.0
2018-01-24 00:00:00+09:00,64500.0,65600.0,64400.0,65600.0,95640.0
2018-01-25 00:00:00+09:00,65300.0,66500.0,65300.0,66200.0,120096.0
2018-01-26 00:00:00+09:00,65500.0,65800.0,61600.0,62100.0,786447.0
2018-01-29 00:00:00+09:00,61800.0,62300.0,61200.0,61700.0,273086.0
2018-01-30 00:00:00+09:00,61800.0,62300.0,61200.0,61400.0,240078.0
2018-01-31 00:00:00+09:00,61000.0,61900.0,60600.0,61900.0,201210.0
2018-02-01 00:00:00+09:00,61800.0,61900.0,61000.0,61200.0,143960.0
2018-02-02 00:00:00+09:00,61200.0,63300.0,61100.0,62300.0,293196.0
2018-02-05 00:00:00+09:00,61900.0,62400.0,61100.0,61500.0,163236.0
2018-02-06 00:00:00+09:00,60500.0,60700.0,59000.0,59900.0,303275.0
2018-02-07 00:00:00+09:00,60200.0,60400.0,58700.0,58700.0,263889.0
2018-02-08 00:00:00+09:00,58500.0,59200.0,57700.0,58100.0,247067.0
2018-02-09 00:00:00+09:00,57000.0,57100.0,56100.0,56700.0,193380.0
2018-02-12 00:00:00+09:00,56700.0,56800.0,54900.0,55200.0,211448.0
2018-02-13 00:00:00+09:00,55300.0,55900.0,54500.0,54500.0,176181.0
2018-02-14 00:00:00+09:00,54500.0,55200.0,54000.0,54400.0,111069.0
2018-02-19 00:00:00+09:00,54700.0,55700.0,54700.0,55600.0,98019.0
2018-02-20 00:00:00+09:00,55400.0,56100.0,55100.0,55500.0,79415.0
2018-02-21 00:00:00+09:00,55500.0,56800.0,55000.0,56400.0,127304.0
2018-02-22 00:00:00+09:00,56200.0,57000.0,55700.0,56800.0,99366.0
2018-02-23 00:00:00+09:00,57000.0,57400.0,56700.0,57400.0,83530.0
2018-02-26 00:00:00+09:00,57700.0,58200.0,57600.0,57800.0,92527.0
2018-02-27 00:00:00+09:00,58000.0,58300.0,57500.0,58100.0,64953.0
2018-02-28 00:00:00+09:00,57900.0,58100.0,57300.0,58100.0,100066.0
2018-03-02 00:00:00+09:00,57100.0,57200.0,55500.0,55600.0,208786.0
2018-03-05 00:00:00+09:00,55000.0,56000.0,54500.0,54600.0,73623.0
2018-03-06 00:00:00+09:00,55200.0,55600.0,54900.0,55500.0,73118.0
2018-03-07 00:00:00+09:00,55100.0,55500.0,53400.0,53600.0,163046.0
2018-03-08 00:00:00+09:00,53600.0,54200.0,52900.0,52900.0,138098.0
2018-03-09 00:00:00+09:00,53200.0,54600.0,52700.0,54600.0,133983.0
2018-03-12 00:00:00+09:00,54600.0,55400.0,54300.0,55100.0,68816.0
2018-03-13 00:00:00+09:00,54700.0,55400.0,53600.0,54000.0,100165.0
2018-03-14 00:00:00+09:00,54000.0,54900.0,53400.0,54700.0,135926.0
2018-03-15 00:00:00+09:00,54700.0,54700.0,53500.0,54000.0,115802.0
2018-03-16 00:00:00+09:00,54300.0,55800.0,54300.0,55500.0,121601.0
2018-03-19 00:00:00+09:00,55000.0,55000.0,54000.0,54300.0,65195.0
2018-03-20 00:00:00+09:00,54100.0,55700.0,53700.0,55100.0,67148.0
2018-03-21 00:00:00+09:00,54900.0,56800.0,54900.0,56500.0,158479.0
2018-03-22 00:00:00+09:00,56500.0,56800.0,55700.0,56000.0,94995.0
2018-03-23 00:00:00+09:00,55000.0,55500.0,54100.0,54100.0,118083.0
2018-03-26 00:00:00+09:00,52800.0,54300.0,52700.0,54000.0,104929.0
2018-03-27 00:00:00+09:00,54400.0,57500.0,53700.0,55900.0,253334.0
2018-03-28 00:00:00+09:00,55800.0,58400.0,55700.0,58000.0,340994.0
2018-03-29 00:00:00+09:00,58000.0,58100.0,54400.0,55000.0,294472.0
2018-03-30 00:00:00+09:00,55300.0,55500.0,54700.0,55300.0,106780.0
2018-04-02 00:00:00+09:00,55400.0,56700.0,55100.0,55500.0,98607.0
2018-04-03 00:00:00+09:00,55500.0,55900.0,54800.0,54900.0,157034.0
2018-04-04 00:00:00+09:00,55300.0,58000.0,55100.0,57300.0,327710.0
2018-04-05 00:00:00+09:00,57100.0,57200.0,55500.0,55800.0,134594.0
2018-04-06 00:00:00+09:00,56100.0,56100.0,55100.0,55500.0,85902.0
2018-04-09 00:00:00+09:00,55100.0,55500.0,54400.0,55000.0,92786.0
2018-04-10 00:00:00+09:00,54200.0,54800.0,53000.0,53600.0,185289.0
2018-04-11 00:00:00+09:00,53500.0,53600.0,52000.0,52200.0,367427.0
2018-04-12 00:00:00+09:00,52300.0,53100.0,52300.0,52800.0,118055.0
2018-04-13 00:00:00+09:00,52800.0,52900.0,51600.0,51900.0,166037.0
2018-04-16 00:00:00+09:00,52000.0,52400.0,51500.0,51900.0,70757.0
2018-04-17 00:00:00+09:00,52400.0,53400.0,52100.0,52600.0,84766.0
2018-04-18 00:00:00+09:00,52600.0,53100.0,52400.0,52800.0,83344.0
2018-04-19 00:00:00+09:00,52600.0,53200.0,52200.0,52700.0,122559.0
2018-04-20 00:00:00+09:00,52800.0,53200.0,52600.0,52900.0,98458.0
2018-04-23 00:00:00+09:00,53000.0,53200.0,52500.0,53100.0,78937.0
2018-04-24 00:00:00+09:00,53100.0,53600.0,52400.0,52600.0,125317.0
2018-04-25 00:00:00+09:00,52400.0,53400.0,52000.0,53000.0,138106.0
2018-04-26 00:00:00+09:00,53000.0,53100.0,51600.0,51800.0,215858.0
2018-04-27 00:00:00+09:00,52000.0,53000.0,51700.0,52400.0,217329.0
2018-04-30 00:00:00+09:00,52100.0,53800.0,52100.0,53700.0,162866.0
2018-05-02 00:00:00+09:00,53000.0,53500.0,52400.0,52900.0,196141.0
2018-05-03 00:00:00+09:00,53000.0,57000.0,53000.0,55100.0,541668.0
2018-05-04 00:00:00+09:00,55100.0,55600.0,54100.0,55000.0,184514.0
2018-05-08 00:00:00+09:00,55000.0,56100.0,54500.0,54500.0,157919.0
2018-05-09 00:00:00+09:00,54800.0,55000.0,53700.0,53700.0,118566.0
2018-05-10 00:00:00+09:00,53700.0,54200.0,52600.0,52800.0,179358.0
2018-05-11 00:00:00+09:00,53000.0,53400.0,52500.0,53300.0,110592.0
2018-05-14 00:00:00+09:00,53500.0,54300.0,53100.0,53200.0,106616.0
2018-05-15 00:00:00+09:00,52900.0,53200.0,51200.0,52200.0,562863.0
2018-05-16 00:00:00+09:00,51600.0,52100.0,51300.0,51800.0,136898.0
2018-05-17 00:00:00+09:00,52000.0,52300.0,51400.0,51500.0,116598.0
2018-05-18 00:00:00+09:00,51300.0,51800.0,51000.0,51700.0,171547.0
2018-05-21 00:00:00+09:00,51800.0,52600.0,51700.0,52100.0,110714.0
2018-05-23 00:00:00+09:00,51900.0,52100.0,51000.0,51000.0,164769.0
2018-05-24 00:00:00+09:00,51000.0,51100.0,50000.0,50700.0,206241.0
2018-05-25 00:00:00+09:00,50200.0,50400.0,49450.0,49500.0,235906.0
2018-05-28 00:00:00+09:00,49550.0,51100.0,49300.0,51100.0,196741.0
2018-05-29 00:00:00+09:00,50500.0,51100.0,49750.0,51000.0,214022.0
2018-05-30 00:00:00+09:00,50400.0,50700.0,49200.0,49400.0,296242.0
2018-05-31 00:00:00+09:00,49600.0,51300.0,49200.0,50500.0,1722654.0
2018-06-01 00:00:00+09:00,50800.0,51000.0,49750.0,50400.0,244780.0
2018-06-04 00:00:00+09:00,50700.0,51100.0,50100.0,50500.0,138967.0
2018-06-05 00:00:00+09:00,50600.0,50800.0,49650.0,49900.0,101177.0
2018-06-07 00:00:00+09:00,49900.0,50100.0,49450.0,49500.0,181272.0
2018-06-08 00:00:00+09:00,49450.0,50500.0,49450.0,50000.0,172375.0
2018-06-11 00:00:00+09:00,49950.0,50100.0,49050.0,49100.0,201145.0
2018-06-12 00:00:00+09:00,49100.0,49750.0,49000.0,49150.0,96478.0
2018-06-14 00:00:00+09:00,49000.0,49000.0,47750.0,47950.0,300589.0
2018-06-15 00:00:00+09:00,48050.0,48300.0,47350.0,47500.0,146653.0
2018-06-18 00:00:00+09:00,47600.0,47750.0,45800.0,46000.0,219507.0
2018-06-19 00:00:00+09:00,45700.0,46250.0,44650.0,44750.0,166933.0
2018-06-20 00:00:00+09:00,44500.0,45150.0,44100.0,44200.0,167079.0
2018-06-21 00:00:00+09:00,44150.0,44350.0,42450.0,42650.0,307022.0
2018-06-22 00:00:00+09:00,42450.0,43250.0,42350.0,43250.0,117488.0
2018-06-25 00:00:00+09:00,43250.0,43250.0,42450.0,42800.0,104899.0
2018-06-26 00:00:00+09:00,42300.0,42850.0,41700.0,42000.0,151483.0
2018-06-27 00:00:00+09:00,42000.0,42300.0,40600.0,40800.0,217536.0
2018-06-28 00:00:00+09:00,41050.0,41400.0,40650.0,41000.0,142864.0
2018-06-29 00:00:00+09:00,41200.0,41550.0,40250.0,40750.0,128634.0
2018-07-02 00:00:00+09:00,40900.0,41150.0,39400.0,39400.0,137317.0
2018-07-03 00:00:00+09:00,39650.0,40500.0,39300.0,39700.0,177969.0
2018-07-04 00:00:00+09:00,39400.0,39600.0,37950.0,38050.0,236391.0
2018-07-05 00:00:00+09:00,37950.0,38600.0,37150.0,38400.0,266324.0
2018-07-06 00:00:00+09:00,38400.0,41350.0,38300.0,40900.0,334491.0
2018-07-09 00:00:00+09:00,40900.0,41300.0,40200.0,40550.0,123610.0
2018-07-10 00:00:00+09:00,40550.0,41150.0,40200.0,40800.0,109862.0
2018-07-11 00:00:00+09:00,40450.0,40450.0,39900.0,40300.0,107677.0
2018-07-12 00:00:00+09:00,40400.0,41550.0,40000.0,40750.0,203444.0
2018-07-13 00:00:00+09:00,41000.0,41300.0,40350.0,40800.0,145837.0
2018-07-16 00:00:00+09:00,40650.0,42750.0,40450.0,41500.0,213312.0
2018-07-17 00:00:00+09:00,41500.0,43850.0,41100.0,43600.0,241039.0
2018-07-18 00:00:00+09:00,43100.0,43800.0,42300.0,42700.0,175951.0
2018-07-19 00:00:00+09:00,42750.0,43150.0,42200.0,42350.0,107033.0
2018-07-20 00:00:00+09:00,42150.0,43750.0,41600.0,43600.0,153126.0
2018-07-23 00:00:00+09:00,43150.0,44350.0,42550.0,42650.0,102813.0
2018-07-24 00:00:00+09:00,43200.0,43200.0,41150.0,41800.0,154821.0
2018-07-25 00:00:00+09:00,41800.0,42200.0,40700.0,41200.0,161543.0
2018-07-26 00:00:00+09:00,41600.0,44400.0,41250.0,44000.0,376082.0
2018-07-27 00:00:00+09:00,44050.0,45850.0,42100.0,42100.0,608880.0
2018-07-30 00:00:00+09:00,42100.0,44350.0,42050.0,44350.0,241654.0
2018-07-31 00:00:00+09:00,44450.0,47200.0,44050.0,47100.0,415738.0
2018-08-01 00:00:00+09:00,47100.0,48850.0,46400.0,46950.0,389036.0
2018-08-02 00:00:00+09:00,47200.0,47550.0,45000.0,45300.0,176925.0
2018-08-03 00:00:00+09:00,45400.0,45650.0,44800.0,45500.0,91552.0
2018-08-06 00:00:00+09:00,45300.0,47800.0,45200.0,47350.0,251287.0
2018-08-07 00:00:00+09:00,47000.0,47700.0,46600.0,47500.0,111700.0
2018-08-08 00:00:00+09:00,47500.0,47900.0,46750.0,47600.0,227073.0
2018-08-09 00:00:00+09:00,47600.0,47700.0,46350.0,46950.0,143610.0
2018-08-10 00:00:00+09:00,46950.0,47150.0,45850.0,46500.0,117573.0
2018-08-13 00:00:00+09:00,46500.0,46900.0,45250.0,45700.0,82298.0
2018-08-14 00:00:00+09:00,45550.0,46450.0,45350.0,45700.0,60302.0
2018-08-16 00:00:00+09:00,45100.0,46150.0,45050.0,45750.0,80891.0
2018-08-17 00:00:00+09:00,45800.0,45900.0,45150.0,45700.0,67515.0
2018-08-20 00:00:00+09:00,45950.0,47500.0,45700.0,47300.0,110897.0
2018-08-21 00:00:00+09:00,47500.0,47500.0,45250.0,45400.0,192849.0
2018-08-22 00:00:00+09:00,45450.0,45600.0,44050.0,44200.0,183129.0
2018-08-23 00:00:00+09:00,44550.0,44600.0,43350.0,43500.0,130034.0
2018-08-24 00:00:00+09:00,43500.0,43600.0,42650.0,43200.0,96918.0
2018-08-27 00:00:00+09:00,43500.0,43550.0,42650.0,42750.0,114359.0
2018-08-28 00:00:00+09:00,43300.0,46000.0,43300.0,45450.0,426402.0
2018-08-29 00:00:00+09:00,45900.0,45900.0,44300.0,44900.0,160484.0
2018-08-30 00:00:00+09:00,45050.0,45100.0,43300.0,43450.0,173930.0
2018-08-31 00:00:00+09:00,43500.0,43500.0,42250.0,42650.0,209347.0
2018-09-03 00:00:00+09:00,42500.0,42650.0,42200.0,42400.0,77495.0
2018-09-04 00:00:00+09:00,42500.0,43200.0,41650.0,43050.0,121868.0
2018-09-05 00:00:00+09:00,42800.0,44500.0,42650.0,44000.0,221909.0
2018-09-06 00:00:00+09:00,44000.0,45300.0,43850.0,44450.0,189455.0
2018-09-07 00:00:00+09:00,44950.0,45400.0,44300.0,44800.0,138673.0
2018-09-10 00:00:00+09:00,44300.0,44800.0,43700.0,44200.0,69731.0
2018-09-11 00:00:00+09:00,44900.0,44900.0,43400.0,43400.0,82985.0
2018-09-12 00:00:00+09:00,43500.0,43950.0,43000.0,43050.0,66796.0
2018-09-13 00:00:00+09:00,43400.0,43400.0,42800.0,43200.0,89478.0
2018-09-14 00:00:00+09:00,43300.0,43800.0,42850.0,42900.0,75572.0
2018-09-17 00:00:00+09:00,42900.0,42950.0,42100.0,42200.0,85250.0
2018-09-18 00:00:00+09:00,42200.0,42500.0,41900.0,42400.0,73511.0
2018-09-19 00:00:00+09:00,42250.0,42650.0,41250.0,41300.0,134995.0
2018-09-20 00:00:00+09:00,41350.0,42250.0,40900.0,42150.0,119640.0
2018-09-21 00:00:00+09:00,41700.0,43150.0,41700.0,42050.0,103507.0
2018-09-27 00:00:00+09:00,42050.0,43150.0,41650.0,42550.0,131682.0
2018-09-28 00:00:00+09:00,42600.0,42800.0,41950.0,42350.0,105921.0
2018-10-01 00:00:00+09:00,42200.0,42350.0,41350.0,41850.0,74461.0
2018-10-02 00:00:00+09:00,41850.0,42850.0,41550.0,41950.0,100893.0
2018-10-04 00:00:00+09:00,42150.0,42400.0,39600.0,39900.0,248910.0
2018-10-05 00:00:00+09:00,40250.0,40600.0,39750.0,40150.0,85272.0
2018-10-08 00:00:00+09:00,40000.0,40700.0,39550.0,39700.0,67718.0
2018-10-10 00:00:00+09:00,39600.0,40550.0,38650.0,38850.0,118288.0
2018-10-11 00:00:00+09:00,37100.0,38550.0,37000.0,37000.0,244864.0
2018-10-12 00:00:00+09:00,36650.0,37400.0,36100.0,36450.0,210220.0
2018-10-15 00:00:00+09:00,36250.0,36500.0,35100.0,35800.0,232572.0
2018-10-16 00:00:00+09:00,36200.0,37200.0,35700.0,36650.0,116477.0
2018-10-17 00:00:00+09:00,36700.0,37700.0,36650.0,37450.0,111172.0
2018-10-18 00:00:00+09:00,37100.0,37450.0,35000.0,35350.0,266428.0
2018-10-19 00:00:00+09:00,34900.0,36050.0,34550.0,35800.0,203056.0
2018-10-22 00:00:00+09:00,35800.0,36250.0,34900.0,36100.0,166673.0
2018-10-23 00:00:00+09:00,35500.0,36250.0,34800.0,34950.0,144039.0
2018-10-24 00:00:00+09:00,35350.0,36250.0,35000.0,36000.0,191321.0
2018-10-25 00:00:00+09:00,35050.0,35850.0,32800.0,33400.0,345702.0
2018-10-26 00:00:00+09:00,33400.0,34500.0,32800.0,33250.0,261277.0
2018-10-29 00:00:00+09:00,33250.0,33850.0,29400.0,29550.0,550028.0
2018-10-30 00:00:00+09:00,28950.0,30200.0,28950.0,29800.0,269586.0
2018-10-31 00:00:00+09:00,29600.0,29750.0,28650.0,29600.0,240873.0
2018-11-01 00:00:00+09:00,29700.0,30450.0,29250.0,30000.0,149013.0
2018-11-02 00:00:00+09:00,30100.0,31100.0,30100.0,30950.0,163390.0
2018-11-05 00:00:00+09:00,31050.0,31050.0,30000.0,30400.0,123334.0
2018-11-06 00:00:00+09:00,30800.0,34150.0,30600.0,33100.0,506172.0
2018-11-07 00:00:00+09:00,33000.0,33000.0,30600.0,30800.0,341745.0
2018-11-08 00:00:00+09:00,31450.0,32100.0,31350.0,31950.0,227485.0
2018-11-09 00:00:00+09:00,32100.0,33000.0,31500.0,32200.0,259730.0
2018-11-12 00:00:00+09:00,31900.0,32550.0,31300.0,31400.0,196917.0
2018-11-13 00:00:00+09:00,30700.0,32750.0,30400.0,32550.0,199512.0
2018-11-14 00:00:00+09:00,32600.0,32900.0,31900.0,32750.0,164119.0
2018-11-15 00:00:00+09:00,32750.0,32800.0,32150.0,32600.0,75622.0
2018-11-16 00:00:00+09:00,32900.0,32900.0,32200.0,32800.0,66094.0
2018-11-19 00:00:00+09:00,32700.0,33300.0,32350.0,32650.0,67040.0
2018-11-20 00:00:00+09:00,32650.0,32850.0,31000.0,31400.0,145741.0
2018-11-21 00:00:00+09:00,30900.0,32550.0,30700.0,32400.0,104075.0
2018-11-22 00:00:00+09:00,32350.0,32400.0,30000.0,30200.0,221256.0
2018-11-23 00:00:00+09:00,30300.0,30650.0,30000.0,30000.0,91008.0
2018-11-26 00:00:00+09:00,29850.0,31100.0,29850.0,30850.0,99584.0
2018-11-27 00:00:00+09:00,30950.0,33250.0,30750.0,32850.0,271786.0
2018-11-28 00:00:00+09:00,33000.0,33050.0,32250.0,32750.0,61394.0
2018-11-29 00:00:00+09:00,33300.0,33300.0,32200.0,32400.0,86230.0
2018-11-30 00:00:00+09:00,32450.0,33600.0,32450.0,32650.0,187442.0
2018-12-03 00:00:00+09:00,32950.0,33900.0,32950.0,33450.0,106948.0
2018-12-04 00:00:00+09:00,33800.0,33800.0,32600.0,33250.0,85812.0
2018-12-05 00:00:00+09:00,32450.0,33000.0,32350.0,32450.0,77538.0
2018-12-06 00:00:00+09:00,33000.0,33600.0,32300.0,32650.0,92075.0
2018-12-07 00:00:00+09:00,33000.0,33100.0,31950.0,32700.0,90930.0
2018-12-10 00:00:00+09:00,32050.0,33700.0,31950.0,33600.0,121899.0
2018-12-11 00:00:00+09:00,33600.0,33600.0,32500.0,32650.0,69785.0
2018-12-12 00:00:00+09:00,32800.0,36600.0,32800.0,35250.0,492897.0
2018-12-13 00:00:00+09:00,35500.0,36450.0,35050.0,36200.0,257063.0
2018-12-14 00:00:00+09:00,36250.0,36550.0,35250.0,35650.0,92320.0
2018-12-17 00:00:00+09:00,35350.0,37200.0,35050.0,36900.0,153465.0
2018-12-18 00:00:00+09:00,36400.0,37600.0,36300.0,37500.0,168792.0
2018-12-19 00:00:00+09:00,37600.0,37650.0,36650.0,37500.0,106114.0
2018-12-20 00:00:00+09:00,36800.0,38050.0,36550.0,37400.0,84960.0
2018-12-21 00:00:00+09:00,37350.0,37700.0,36600.0,37700.0,101522.0
2018-12-24 00:00:00+09:00,37500.0,38250.0,37000.0,37100.0,70190.0
2018-12-26 00:00:00+09:00,36300.0,36750.0,35700.0,36200.0,82855.0
2018-12-27 00:00:00+09:00,36100.0,37200.0,35850.0,36050.0,69282.0
2018-12-28 00:00:00+09:00,35900.0,36800.0,35900.0,36250.0,68310.0
2019-01-02 00:00:00+09:00,36100.0,36500.0,35250.0,35600.0,72079.0
2019-01-03 00:00:00+09:00,35600.0,36800.0,35550.0,35950.0,69893.0
2019-01-04 00:00:00+09:00,35850.0,38350.0,35700.0,38000.0,180810.0
2019-01-07 00:00:00+09:00,38550.0,38900.0,37650.0,37850.0,74049.0
2019-01-08 00:00:00+09:00,37700.0,38450.0,37350.0,38350.0,73195.0
2019-01-09 00:00:00+09:00,38600.0,39750.0,38300.0,39300.0,106772.0
2019-01-10 00:00:00+09:00,38850.0,39400.0,38500.0,38650.0,83549.0
2019-01-11 00:00:00+09:00,38700.0,38850.0,37650.0,38700.0,76232.0
2019-01-14 00:00:00+09:00,38300.0,39000.0,38100.0,38650.0,58026.0
2019-01-15 00:00:00+09:00,38650.0,40250.0,38600.0,39250.0,127733.0
2019-01-16 00:00:00+09:00,39300.0,39300.0,38550.0,38900.0,91111.0
2019-01-17 00:00:00+09:00,38950.0,39550.0,38400.0,39350.0,86157.0
2019-01-18 00:00:00+09:00,39650.0,41600.0,39650.0,41300.0,214611.0
2019-01-21 00:00:00+09:00,41600.0,41850.0,40050.0,40100.0,159808.0
2019-01-22 00:00:00+09:00,40900.0,42400.0,40850.0,40900.0,246445.0
2019-01-23 00:00:00+09:00,41300.0,43150.0,41000.0,42900.0,223871.0
2019-01-24 00:00:00+09:00,43000.0,43650.0,42400.0,42750.0,213147.0
2019-01-25 00:00:00+09:00,42750.0,42750.0,41400.0,41450.0,316927.0
2019-01-28 00:00:00+09:00,41300.0,42200.0,40300.0,40700.0,228471.0
2019-01-29 00:00:00+09:00,40850.0,42400.0,40850.0,41800.0,229136.0
2019-01-30 00:00:00+09:00,41750.0,43350.0,41700.0,43350.0,225133.0
2019-01-31 00:00:00+09:00,43700.0,43900.0,42800.0,43650.0,161499.0
2019-02-01 00:00:00+09:00,43500.0,43500.0,42500.0,43150.0,125962.0
2019-02-07 00:00:00+09:00,43100.0,43100.0,41750.0,42550.0,108743.0
2019-02-08 00:00:00+09:00,42350.0,42900.0,41850.0,42800.0,86278.0
2019-02-11 00:00:00+09:00,43000.0,43000.0,41950.0,42300.0,65145.0
2019-02-12 00:00:00+09:00,42100.0,43100.0,42100.0,42650.0,83031.0
2019-02-13 00:00:00+09:00,42600.0,43000.0,41900.0,42350.0,92279.0
2019-02-14 00:00:00+09:00,42050.0,42250.0,40300.0,41250.0,225021.0
2019-02-15 00:00:00+09:00,41250.0,41350.0,40400.0,40750.0,135341.0
2019-02-18 00:00:00+09:00,40750.0,40750.0,40050.0,40650.0,137262.0
2019-02-19 00:00:00+09:00,40700.0,40850.0,39900.0,40000.0,148727.0
2019-02-20 00:00:00+09:00,40350.0,40850.0,40100.0,40400.0,127232.0
2019-02-21 00:00:00+09:00,39900.0,41300.0,39900.0,40600.0,113635.0
2019-02-22 00:00:00+09:00,40600.0,41200.0,40600.0,40800.0,64785.0
2019-02-25 00:00:00+09:00,43500.0,46300.0,42700.0,44050.0,705201.0
2019-02-26 00:00:00+09:00,44500.0,44850.0,43150.0,44150.0,243391.0
2019-02-27 00:00:00+09:00,44500.0,44750.0,44200.0,44600.0,136286.0
2019-02-28 00:00:00+09:00,44500.0,44550.0,43450.0,43450.0,128127.0
2019-03-04 00:00:00+09:00,43100.0,44350.0,42900.0,43100.0,132532.0
2019-03-05 00:00:00+09:00,43100.0,44600.0,42900.0,44450.0,152264.0
2019-03-06 00:00:00+09:00,44350.0,45400.0,43850.0,45100.0,215058.0
2019-03-07 00:00:00+09:00,45200.0,45200.0,43700.0,44700.0,148186.0
2019-03-08 00:00:00+09:00,44300.0,44350.0,43200.0,43250.0,100725.0
2019-03-11 00:00:00+09:00,43100.0,43250.0,41900.0,42200.0,94302.0
2019-03-12 00:00:00+09:00,42250.0,42800.0,42150.0,42650.0,68250.0
2019-03-13 00:00:00+09:00,43050.0,43050.0,41600.0,42450.0,78188.0
2019-03-14 00:00:00+09:00,42450.0,42700.0,41000.0,41350.0,108318.0
2019-03-15 00:00:00+09:00,41500.0,42150.0,41350.0,41350.0,164391.0
2019-03-18 00:00:00+09:00,41700.0,43350.0,41550.0,43300.0,123561.0
2019-03-19 00:00:00+09:00,43450.0,44500.0,42550.0,44400.0,131492.0
2019-03-20 00:00:00+09:00,44350.0,44350.0,43500.0,43700.0,71038.0
2019-03-21 00:00:00+09:00,43450.0,44300.0,42550.0,42600.0,134281.0
2019-03-22 00:00:00+09:00,42350.0,43500.0,42350.0,42450.0,52857.0
2019-03-25 00:00:00+09:00,41500.0,42800.0,41500.0,41900.0,58334.0
2019-03-26 00:00:00+09:00,41950.0,42300.0,41300.0,41800.0,117115.0
2019-03-27 00:00:00+09:00,41850.0,42050.0,41150.0,41550.0,75987.0
2019-03-28 00:00:00+09:00,41250.0,41550.0,38800.0,40100.0,230256.0
2019-03-29 00:00:00+09:00,40100.0,41450.0,39950.0,40500.0,81466.0
2019-04-01 00:00:00+09:00,40700.0,42600.0,40700.0,42400.0,120629.0
2019-04-02 00:00:00+09:00,41800.0,42750.0,41700.0,42150.0,71001.0
2019-04-03 00:00:00+09:00,41600.0,43150.0,41600.0,42950.0,56071.0
2019-04-04 00:00:00+09:00,43000.0,43300.0,42700.0,43150.0,45670.0
2019-04-05 00:00:00+09:00,43250.0,45800.0,42500.0,45700.0,273889.0
2019-04-08 00:00:00+09:00,45750.0,49000.0,45700.0,48450.0,471588.0
2019-04-09 00:00:00+09:00,48250.0,50100.0,48250.0,49700.0,409628.0
2019-04-10 00:00:00+09:00,49400.0,51000.0,49400.0,50700.0,300816.0
2019-04-11 00:00:00+09:00,50800.0,51500.0,50200.0,50600.0,175342.0
2019-04-12 00:00:00+09:00,50300.0,50400.0,49600.0,50000.0,138519.0
2019-04-15 00:00:00+09:00,49950.0,50200.0,48850.0,49000.0,199769.0
2019-04-16 00:00:00+09:00,49000.0,49850.0,48650.0,49000.0,104918.0
2019-04-17 00:00:00+09:00,49000.0,50700.0,49000.0,50500.0,190968.0
2019-04-18 00:00:00+09:00,50500.0,52800.0,49850.0,49850.0,352719.0
2019-04-19 00:00:00+09:00,50100.0,50800.0,49600.0,49650.0,84069.0
2019-04-22 00:00:00+09:00,49300.0,50700.0,49300.0,49800.0,103760.0
2019-04-23 00:00:00+09:00,49800.0,50700.0,49500.0,50500.0,89441.0
2019-04-24 00:00:00+09:00,50500.0,50800.0,49750.0,50100.0,118010.0
2019-04-25 00:00:00+09:00,50500.0,50700.0,48400.0,48500.0,162060.0
2019-04-26 00:00:00+09:00,48500.0,48500.0,45200.0,46400.0,425750.0
2019-04-29 00:00:00+09:00,47000.0,51000.0,46500.0,50500.0,399501.0
2019-04-30 00:00:00+09:00,50500.0,51200.0,49800.0,49900.0,207032.0
2019-05-02 00:00:00+09:00,49300.0,50300.0,48300.0,49800.0,163884.0
2019-05-03 00:00:00+09:00,49800.0,49950.0,47100.0,47200.0,275719.0
2019-05-07 00:00:00+09:00,46250.0,47450.0,45500.0,47250.0,114642.0
2019-05-08 00:00:00+09:00,46950.0,47600.0,46200.0,47300.0,79859.0
2019-05-09 00:00:00+09:00,46800.0,47050.0,45800.0,45850.0,127382.0
2019-05-10 00:00:00+09:00,46550.0,46550.0,43700.0,44200.0,281447.0
2019-05-13 00:00:00+09:00,43550.0,44600.0,43500.0,44000.0,93109.0
2019-05-14 00:00:00+09:00,43350.0,44500.0,43050.0,43500.0,71063.0
2019-05-15 00:00:00+09:00,43350.0,44050.0,42700.0,43550.0,104199.0
2019-05-16 00:00:00+09:00,46200.0,46200.0,43550.0,43650.0,200868.0
2019-05-17 00:00:00+09:00,44400.0,44400.0,42600.0,42800.0,130280.0
2019-05-20 00:00:00+09:00,42900.0,44300.0,42900.0,43400.0,105345.0
2019-05-21 00:00:00+09:00,43000.0,43400.0,42100.0,42650.0,90572.0
2019-05-22 00:00:00+09:00,42350.0,42950.0,42000.0,42150.0,71300.0
2019-05-23 00:00:00+09:00,42500.0,42500.0,41000.0,41850.0,90360.0
2019-05-24 00:00:00+09:00,41700.0,42200.0,41100.0,41850.0,104210.0
2019-05-27 00:00:00+09:00,41850.0,43150.0,41850.0,42950.0,94483.0
2019-05-28 00:00:00+09:00,42800.0,43450.0,41550.0,42500.0,160805.0
2019-05-29 00:00:00+09:00,42500.0,42650.0,41500.0,41650.0,66857.0
2019-05-30 00:00:00+09:00,41650.0,42250.0,41250.0,42050.0,70080.0
2019-05-31 00:00:00+09:00,42050.0,42050.0,39150.0,39200.0,400535.0
2019-06-03 00:00:00+09:00,39400.0,39400.0,38500.0,39250.0,204025.0
2019-06-04 00:00:00+09:00,39250.0,40350.0,39250.0,40100.0,200907.0
2019-06-05 00:00:00+09:00,40650.0,41850.0,40500.0,40850.0,201627.0
2019-06-07 00:00:00+09:00,41300.0,43400.0,41300.0,42650.0,202504.0
2019-06-10 00:00:00+09:00,43550.0,45400.0,43500.0,45200.0,258965.0
2019-06-11 00:00:00+09:00,45550.0,45850.0,44250.0,45550.0,119936.0
2019-06-12 00:00:00+09:00,45600.0,45850.0,44600.0,44850.0,67593.0
2019-06-13 00:00:00+09:00,44500.0,46150.0,44000.0,46150.0,125868.0
2019-06-14 00:00:00+09:00,45600.0,46100.0,44400.0,44600.0,97514.0
2019-06-17 00:00:00+09:00,44600.0,45750.0,44400.0,44900.0,77489.0
2019-06-18 00:00:00+09:00,45250.0,46900.0,44700.0,46700.0,124014.0
2019-06-19 00:00:00+09:00,46900.0,47250.0,46000.0,46000.0,63865.0
2019-06-20 00:00:00+09:00,46000.0,46700.0,45750.0,46250.0,55123.0
2019-06-21 00:00:00+09:00,45750.0,46050.0,45300.0,46000.0,78866.0
2019-06-24 00:00:00+09:00,46350.0,48300.0,46100.0,47350.0,106532.0
2019-06-25 00:00:00+09:00,47350.0,47950.0,46850.0,47650.0,94179.0
2019-06-26 00:00:00+09:00,47650.0,47750.0,46500.0,46650.0,60685.0
2019-06-27 00:00:00+09:00,46600.0,48900.0,46500.0,48600.0,141567.0
2019-06-28 00:00:00+09:00,48400.0,49250.0,47900.0,48650.0,119749.0
2019-07-01 00:00:00+09:00,49300.0,49500.0,47900.0,47900.0,121784.0
2019-07-02 00:00:00+09:00,47300.0,48200.0,46000.0,47300.0,128207.0
2019-07-03 00:00:00+09:00,47750.0,48050.0,46100.0,46200.0,164420.0
2019-07-04 00:00:00+09:00,47250.0,49350.0,46700.0,48900.0,213303.0
2019-07-05 00:00:00+09:00,49300.0,50400.0,48300.0,49950.0,236007.0
2019-07-08 00:00:00+09:00,49950.0,50200.0,48350.0,48450.0,126580.0
2019-07-09 00:00:00+09:00,48350.0,50700.0,48350.0,49450.0,161110.0
2019-07-10 00:00:00+09:00,49600.0,49950.0,48350.0,49750.0,134509.0
2019-07-11 00:00:00+09:00,50000.0,50600.0,48800.0,49700.0,131171.0
2019-07-12 00:00:00+09:00,49600.0,51400.0,49100.0,51400.0,222197.0
2019-07-15 00:00:00+09:00,51400.0,51400.0,49400.0,49900.0,137055.0
2019-07-16 00:00:00+09:00,50300.0,50300.0,49350.0,49650.0,145499.0
2019-07-17 00:00:00+09:00,49200.0,50000.0,49100.0,49800.0,118034.0
2019-07-18 00:00:00+09:00,49300.0,50100.0,49100.0,49650.0,102251.0
2019-07-19 00:00:00+09:00,49700.0,50400.0,48800.0,50200.0,126851.0
2019-07-22 00:00:00+09:00,49850.0,50600.0,49350.0,49900.0,126543.0
2019-07-23 00:00:00+09:00,49900.0,49950.0,48550.0,49000.0,175996.0
2019-07-24 00:00:00+09:00,48600.0,50500.0,48600.0,49500.0,196994.0
2019-07-25 00:00:00+09:00,48900.0,51200.0,48900.0,50800.0,262211.0
2019-07-26 00:00:00+09:00,50000.0,52500.0,47400.0,47950.0,450016.0
2019-07-29 00:00:00+09:00,48300.0,48300.0,43600.0,43600.0,460556.0
2019-07-30 00:00:00+09:00,44050.0,45300.0,43400.0,44850.0,183747.0
2019-07-31 00:00:00+09:00,44100.0,44800.0,43400.0,43400.0,157963.0
2019-08-01 00:00:00+09:00,43400.0,43600.0,42100.0,42500.0,132825.0
2019-08-02 00:00:00+09:00,42000.0,43100.0,40800.0,42150.0,141477.0
2019-08-05 00:00:00+09:00,41500.0,42600.0,40450.0,40500.0,137271.0
2019-08-06 00:00:00+09:00,38800.0,41150.0,38800.0,40050.0,150364.0
2019-08-07 00:00:00+09:00,40050.0,41050.0,39550.0,40600.0,162644.0
2019-08-08 00:00:00+09:00,40600.0,42900.0,40600.0,41850.0,209752.0
2019-08-09 00:00:00+09:00,43000.0,43000.0,41300.0,42500.0,127404.0
2019-08-12 00:00:00+09:00,42050.0,42200.0,40850.0,40900.0,162399.0
2019-08-13 00:00:00+09:00,40500.0,42100.0,40450.0,41750.0,96501.0
2019-08-14 00:00:00+09:00,41750.0,42850.0,41150.0,42400.0,153632.0
2019-08-16 00:00:00+09:00,42000.0,42250.0,40750.0,41500.0,102249.0
2019-08-19 00:00:00+09:00,41600.0,42800.0,41250.0,42700.0,105181.0
2019-08-20 00:00:00+09:00,42350.0,42750.0,41850.0,42250.0,102871.0
2019-08-21 00:00:00+09:00,42250.0,42750.0,42050.0,42750.0,88294.0
2019-08-22 00:00:00+09:00,42850.0,42850.0,41650.0,42250.0,100099.0
2019-08-23 00:00:00+09:00,42150.0,42300.0,41350.0,42200.0,121728.0
2019-08-26 00:00:00+09:00,41300.0,41550.0,40850.0,41400.0,80490.0
2019-08-27 00:00:00+09:00,41500.0,41900.0,40500.0,40750.0,97695.0
2019-08-28 00:00:00+09:00,41000.0,44200.0,41000.0,42800.0,258610.0
2019-08-29 00:00:00+09:00,42900.0,43050.0,42450.0,42950.0,72460.0
2019-08-30 00:00:00+09:00,43000.0,43450.0,42450.0,43150.0,120556.0
2019-09-02 00:00:00+09:00,42800.0,44700.0,42800.0,44400.0,106311.0
2019-09-03 00:00:00+09:00,44650.0,44650.0,43600.0,44000.0,77784.0
2019-09-04 00:00:00+09:00,43700.0,46750.0,43650.0,46750.0,289095.0
2019-09-05 00:00:00+09:00,46700.0,49300.0,46450.0,48450.0,317532.0
2019-09-06 00:00:00+09:00,48250.0,49500.0,48050.0,48650.0,200468.0
2019-09-09 00:00:00+09:00,48200.0,49200.0,47200.0,47600.0,143637.0
2019-09-10 00:00:00+09:00,47500.0,48300.0,46700.0,47850.0,136558.0
2019-09-11 00:00:00+09:00,47850.0,49000.0,47800.0,48950.0,168582.0
2019-09-16 00:00:00+09:00,49150.0,49400.0,48050.0,48950.0,133083.0
2019-09-17 00:00:00+09:00,48600.0,49400.0,48350.0,49100.0,122256.0
2019-09-18 00:00:00+09:00,49100.0,50400.0,48250.0,48850.0,138686.0
2019-09-19 00:00:00+09:00,48850.0,49300.0,48150.0,48650.0,83428.0
2019-09-20 00:00:00+09:00,48500.0,49850.0,48450.0,49200.0,136406.0
2019-09-23 00:00:00+09:00,49200.0,51000.0,49200.0,50900.0,171882.0
2019-09-24 00:00:00+09:00,50800.0,51200.0,49850.0,50700.0,99559.0
2019-09-25 00:00:00+09:00,50200.0,51600.0,49200.0,50300.0,130829.0
2019-09-26 00:00:00+09:00,50300.0,51300.0,49800.0,50200.0,115283.0
2019-09-27 00:00:00+09:00,51100.0,51100.0,49800.0,50000.0,97608.0
2019-09-30 00:00:00+09:00,50000.0,51200.0,49850.0,51000.0,121328.0
2019-10-01 00:00:00+09:00,50600.0,50700.0,49300.0,49450.0,130884.0
2019-10-02 00:00:00+09:00,49050.0,49450.0,48250.0,48650.0,132624.0
2019-10-04 00:00:00+09:00,48600.0,49050.0,45200.0,45200.0,286761.0
2019-10-07 00:00:00+09:00,45200.0,45500.0,44450.0,44750.0,126370.0
2019-10-08 00:00:00+09:00,44900.0,45700.0,44750.0,44950.0,122134.0
2019-10-10 00:00:00+09:00,44200.0,45150.0,44000.0,44200.0,108351.0
2019-10-11 00:00:00+09:00,44250.0,45250.0,44150.0,44200.0,90478.0
2019-10-14 00:00:00+09:00,44600.0,45300.0,44050.0,44400.0,94503.0
2019-10-15 00:00:00+09:00,44450.0,46050.0,44400.0,45000.0,97802.0
2019-10-16 00:00:00+09:00,45150.0,45350.0,44750.0,44800.0,64636.0
2019-10-17 00:00:00+09:00,44900.0,45450.0,44750.0,44900.0,58293.0
2019-10-18 00:00:00+09:00,44900.0,45200.0,43900.0,44000.0,113386.0
2019-10-21 00:00:00+09:00,44000.0,44750.0,44000.0,44000.0,51663.0
2019-10-22 00:00:00+09:00,44250.0,45000.0,44250.0,44900.0,64186.0
2019-10-23 00:00:00+09:00,44950.0,44950.0,44000.0,44500.0,68130.0
2019-10-24 00:00:00+09:00,44050.0,44300.0,43550.0,44100.0,83375.0
2019-10-25 00:00:00+09:00,44400.0,47750.0,44400.0,47650.0,329451.0
2019-10-28 00:00:00+09:00,49050.0,50200.0,48000.0,49600.0,355658.0
2019-10-29 00:00:00+09:00,49850.0,50700.0,49550.0,50100.0,131933.0
2019-10-30 00:00:00+09:00,50500.0,51600.0,50400.0,51300.0,263980.0
2019-10-31 00:00:00+09:00,51300.0,51700.0,50700.0,51200.0,102911.0
2019-11-01 00:00:00+09:00,50800.0,51900.0,50700.0,51300.0,97419.0
2019-11-04 00:00:00+09:00,51500.0,51800.0,50800.0,51300.0,87515.0
2019-11-05 00:00:00+09:00,51000.0,51400.0,50000.0,51100.0,112747.0
2019-11-06 00:00:00+09:00,50600.0,51600.0,50600.0,50800.0,71870.0
2019-11-07 00:00:00+09:00,50200.0,51500.0,50200.0,51200.0,61183.0
2019-11-08 00:00:00+09:00,51700.0,52000.0,51100.0,51600.0,89344.0
2019-11-11 00:00:00+09:00,51500.0,52200.0,51100.0,51100.0,63245.0
2019-11-12 00:00:00+09:00,51800.0,54400.0,51400.0,54200.0,274654.0
2019-11-13 00:00:00+09:00,54400.0,54800.0,53500.0,53500.0,122933.0
2019-11-14 00:00:00+09:00,53800.0,53900.0,53100.0,53700.0,70811.0
2019-11-15 00:00:00+09:00,53800.0,55400.0,53100.0,55300.0,150814.0
2019-11-18 00:00:00+09:00,55400.0,55500.0,54200.0,54600.0,70852.0
2019-11-19 00:00:00+09:00,54200.0,54600.0,52300.0,52700.0,156397.0
2019-11-20 00:00:00+09:00,52300.0,53000.0,51800.0,52400.0,94133.0
2019-11-21 00:00:00+09:00,52700.0,52900.0,51100.0,51900.0,80211.0
2019-11-22 00:00:00+09:00,51300.0,52200.0,50500.0,51800.0,132252.0
2019-11-25 00:00:00+09:00,51800.0,53500.0,51700.0,52900.0,93236.0
2019-11-26 00:00:00+09:00,52600.0,53100.0,51500.0,52400.0,115102.0
2019-11-27 00:00:00+09:00,52500.0,54700.0,52400.0,54200.0,174069.0
2019-11-28 00:00:00+09:00,53900.0,54100.0,53100.0,53800.0,81757.0
2019-11-29 00:00:00+09:00,54100.0,54100.0,52700.0,53200.0,90628.0
2019-12-02 00:00:00+09:00,53100.0,53100.0,51900.0,52500.0,71153.0
2019-12-03 00:00:00+09:00,52500.0,52500.0,51000.0,51900.0,65257.0
2019-12-04 00:00:00+09:00,51500.0,52200.0,50900.0,51900.0,51443.0
2019-12-05 00:00:00+09:00,52000.0,52300.0,50500.0,50800.0,69146.0
2019-12-06 00:00:00+09:00,51300.0,51500.0,50000.0,50900.0,48128.0
2019-12-09 00:00:00+09:00,50600.0,51100.0,49700.0,49700.0,95330.0
2019-12-10 00:00:00+09:00,49600.0,50400.0,49550.0,50000.0,74870.0
2019-12-11 00:00:00+09:00,49800.0,51300.0,49650.0,51000.0,81190.0
2019-12-12 00:00:00+09:00,51100.0,52200.0,50400.0,51000.0,148963.0
2019-12-13 00:00:00+09:00,51100.0,51400.0,49950.0,50200.0,105366.0
2019-12-16 00:00:00+09:00,50000.0,50400.0,49900.0,50300.0,55246.0
2019-12-17 00:00:00+09:00,50200.0,50600.0,49700.0,50100.0,79400.0
2019-12-18 00:00:00+09:00,50200.0,51300.0,49650.0,50100.0,92579.0
2019-12-19 00:00:00+09:00,49950.0,50000.0,48600.0,48850.0,134106.0
2019-12-20 00:00:00+09:00,48950.0,50000.0,48650.0,50000.0,121172.0
2019-12-23 00:00:00+09:00,50300.0,50300.0,49550.0,49750.0,35964.0
2019-12-24 00:00:00+09:00,49700.0,50000.0,49050.0,49100.0,40772.0
2019-12-26 00:00:00+09:00,49500.0,49500.0,48550.0,49200.0,50381.0
2019-12-27 00:00:00+09:00,48650.0,49000.0,48100.0,48250.0,128998.0
2019-12-30 00:00:00+09:00,48250.0,50200.0,48150.0,50200.0,79304.0
2020-01-02 00:00:00+09:00,50200.0,50400.0,48850.0,48950.0,89471.0
2020-01-03 00:00:00+09:00,49000.0,49500.0,47500.0,47800.0,134163.0
2020-01-06 00:00:00+09:00,47800.0,48050.0,46600.0,46750.0,71905.0
2020-01-07 00:00:00+09:00,46300.0,47150.0,46050.0,46250.0,98589.0
2020-01-08 00:00:00+09:00,46300.0,46300.0,44000.0,44750.0,143688.0
2020-01-09 00:00:00+09:00,45000.0,47900.0,45000.0,47750.0,180348.0
2020-01-10 00:00:00+09:00,47200.0,47950.0,47100.0,47300.0,54773.0
2020-01-13 00:00:00+09:00,47100.0,48500.0,47100.0,47450.0,65299.0
2020-01-14 00:00:00+09:00,47450.0,48100.0,46000.0,47100.0,125426.0
2020-01-15 00:00:00+09:00,47200.0,48250.0,47100.0,47700.0,117083.0
2020-01-16 00:00:00+09:00,47950.0,51000.0,47750.0,50600.0,220929.0
2020-01-17 00:00:00+09:00,50200.0,50600.0,48300.0,48350.0,187344.0
2020-01-20 00:00:00+09:00,48000.0,49150.0,47700.0,48300.0,110452.0
2020-01-21 00:00:00+09:00,48750.0,50200.0,48600.0,48800.0,151544.0
2020-01-22 00:00:00+09:00,49450.0,53400.0,48750.0,52500.0,360963.0
2020-01-23 00:00:00+09:00,53100.0,54200.0,51600.0,52500.0,248299.0
2020-01-28 00:00:00+09:00,50800.0,53700.0,50200.0,53100.0,269485.0
2020-01-29 00:00:00+09:00,53100.0,53500.0,48100.0,48950.0,699813.0
2020-01-30 00:00:00+09:00,49250.0,49250.0,45200.0,45600.0,470032.0
2020-01-31 00:00:00+09:00,45600.0,45800.0,42850.0,42850.0,540621.0
2020-02-03 00:00:00+09:00,41900.0,42950.0,40600.0,42200.0,335517.0
2020-02-04 00:00:00+09:00,42050.0,44000.0,42050.0,42650.0,233903.0
2020-02-05 00:00:00+09:00,42700.0,43700.0,42550.0,42650.0,179340.0
2020-02-06 00:00:00+09:00,43050.0,44900.0,43000.0,44700.0,230071.0
2020-02-07 00:00:00+09:00,44350.0,44800.0,44000.0,44500.0,112564.0
2020-02-10 00:00:00+09:00,44050.0,44550.0,43500.0,44200.0,78608.0
2020-02-11 00:00:00+09:00,44200.0,45150.0,44200.0,44350.0,161267.0
2020-02-12 00:00:00+09:00,44250.0,45700.0,44200.0,45350.0,181700.0
2020-02-13 00:00:00+09:00,45050.0,45450.0,44450.0,44600.0,201603.0
2020-02-14 00:00:00+09:00,44450.0,45200.0,44150.0,45050.0,69073.0
2020-02-17 00:00:00+09:00,44900.0,45450.0,44500.0,45450.0,66337.0
2020-02-18 00:00:00+09:00,45250.0,45350.0,44150.0,44800.0,85915.0
2020-02-19 00:00:00+09:00,45200.0,45200.0,43500.0,43800.0,135976.0
2020-02-20 00:00:00+09:00,43850.0,44200.0,42300.0,42750.0,112545.0
2020-02-21 00:00:00+09:00,42000.0,43150.0,41800.0,42100.0,97616.0
2020-02-24 00:00:00+09:00,40850.0,41300.0,40100.0,40250.0,144100.0
2020-02-25 00:00:00+09:00,39800.0,41300.0,39750.0,40750.0,107140.0
2020-02-26 00:00:00+09:00,40350.0,41150.0,39750.0,40700.0,90512.0
2020-02-27 00:00:00+09:00,40500.0,40800.0,40000.0,40200.0,79186.0
2020-02-28 00:00:00+09:00,39500.0,39800.0,37950.0,38450.0,167769.0
2020-03-02 00:00:00+09:00,38450.0,38900.0,37700.0,38250.0,111897.0
2020-03-03 00:00:00+09:00,38900.0,39200.0,37800.0,38050.0,116421.0
2020-03-04 00:00:00+09:00,37800.0,38450.0,37700.0,38300.0,124331.0
2020-03-05 00:00:00+09:00,38600.0,39100.0,38150.0,38600.0,174925.0
2020-03-06 00:00:00+09:00,38050.0,38350.0,36050.0,36500.0,290861.0
2020-03-09 00:00:00+09:00,35850.0,35850.0,33500.0,34250.0,283430.0
2020-03-10 00:00:00+09:00,33000.0,34200.0,32850.0,33550.0,310402.0
2020-03-11 00:00:00+09:00,33600.0,34000.0,32050.0,32350.0,220148.0
2020-03-12 00:00:00+09:00,32000.0,32250.0,29800.0,30050.0,347983.0
2020-03-13 00:00:00+09:00,27100.0,28900.0,26700.0,28500.0,407060.0
2020-03-16 00:00:00+09:00,29100.0,29500.0,27150.0,27400.0,269435.0
2020-03-17 00:00:00+09:00,25050.0,27300.0,25050.0,27000.0,212295.0
2020-03-18 00:00:00+09:00,26650.0,27350.0,24450.0,24550.0,306466.0
2020-03-19 00:00:00+09:00,24550.0,25450.0,19850.0,20450.0,461642.0
2020-03-20 00:00:00+09:00,20700.0,23500.0,19850.0,23500.0,369544.0
2020-03-23 00:00:00+09:00,21200.0,21850.0,20100.0,20500.0,264304.0
2020-03-24 00:00:00+09:00,21150.0,23000.0,20750.0,23000.0,252348.0
2020-03-25 00:00:00+09:00,24850.0,26300.0,24150.0,26050.0,414878.0
2020-03-26 00:00:00+09:00,26500.0,26950.0,24800.0,25300.0,381149.0
2020-03-27 00:00:00+09:00,27000.0,27300.0,24700.0,25550.0,269558.0
2020-03-30 00:00:00+09:00,24550.0,25600.0,24200.0,25600.0,158540.0
2020-03-31 00:00:00+09:00,26350.0,26800.0,25350.0,26800.0,239403.0
2020-04-01 00:00:00+09:00,26550.0,27650.0,25600.0,26250.0,293732.0
2020-04-02 00:00:00+09:00,25950.0,26750.0,25300.0,26600.0,186124.0
2020-04-03 00:00:00+09:00,26650.0,26850.0,26000.0,26400.0,116952.0
2020-04-06 00:00:00+09:00,26600.0,29100.0,26200.0,28650.0,330070.0
2020-04-07 00:00:00+09:00,29250.0,30800.0,29000.0,30600.0,344802.0
2020-04-08 00:00:00+09:00,30800.0,31700.0,29750.0,30500.0,211955.0
2020-04-09 00:00:00+09:00,31500.0,34750.0,31100.0,34750.0,644704.0
2020-04-10 00:00:00+09:00,35400.0,36750.0,34150.0,34900.0,534976.0
2020-04-13 00:00:00+09:00,34000.0,34300.0,32900.0,32950.0,266801.0
2020-04-14 00:00:00+09:00,32950.0,34450.0,32950.0,34150.0,281722.0
2020-04-16 00:00:00+09:00,33400.0,34850.0,33200.0,34850.0,187172.0
2020-04-17 00:00:00+09:00,35500.0,36000.0,35000.0,35150.0,196409.0
2020-04-20 00:00:00+09:00,35150.0,35450.0,34050.0,34100.0,216680.0
2020-04-21 00:00:00+09:00,33700.0,33750.0,32050.0,33300.0,263790.0
2020-04-22 00:00:00+09:00,32950.0,32950.0,31550.0,32700.0,202504.0
2020-04-23 00:00:00+09:00,32850.0,33550.0,32550.0,32900.0,129274.0
2020-04-24 00:00:00+09:00,32600.0,33700.0,31700.0,31700.0,241074.0
2020-04-27 00:00:00+09:00,31650.0,32200.0,31450.0,32000.0,221704.0
2020-04-28 00:00:00+09:00,32000.0,32850.0,31850.0,32100.0,151039.0
2020-04-29 00:00:00+09:00,32050.0,32850.0,31850.0,32850.0,148591.0
2020-05-04 00:00:00+09:00,31850.0,32350.0,31550.0,31700.0,155700.0
2020-05-06 00:00:00+09:00,32400.0,32450.0,31700.0,32150.0,105112.0
2020-05-07 00:00:00+09:00,31650.0,32300.0,31600.0,31950.0,93369.0
2020-05-08 00:00:00+09:00,32200.0,34400.0,32200.0,34100.0,341473.0
2020-05-11 00:00:00+09:00,34150.0,34800.0,33800.0,33800.0,190366.0
2020-05-12 00:00:00+09:00,33900.0,33950.0,32200.0,32600.0,166449.0
2020-05-13 00:00:00+09:00,31850.0,33200.0,31850.0,32750.0,112980.0
2020-05-14 00:00:00+09:00,32300.0,32900.0,32100.0,32850.0,125051.0
2020-05-15 00:00:00+09:00,33300.0,33300.0,32100.0,32500.0,79711.0
2020-05-18 00:00:00+09:00,32900.0,32900.0,31950.0,32200.0,68466.0
2020-05-19 00:00:00+09:00,33150.0,37300.0,33050.0,36900.0,1058186.0
2020-05-20 00:00:00+09:00,36900.0,37350.0,36150.0,36750.0,356767.0
2020-05-21 00:00:00+09:00,37050.0,38200.0,36750.0,36750.0,223670.0
2020-05-22 00:00:00+09:00,36800.0,37000.0,34600.0,35200.0,223346.0
2020-05-25 00:00:00+09:00,35200.0,35850.0,34800.0,35850.0,136451.0
2020-05-26 00:00:00+09:00,36150.0,37600.0,35750.0,36700.0,287417.0
2020-05-27 00:00:00+09:00,36850.0,37100.0,36200.0,36300.0,134833.0
2020-05-28 00:00:00+09:00,37050.0,37100.0,35200.0,36150.0,163110.0
2020-05-29 00:00:00+09:00,36150.0,38100.0,35750.0,37400.0,328907.0
2020-06-01 00:00:00+09:00,37500.0,39000.0,37450.0,37950.0,283350.0
2020-06-02 00:00:00+09:00,37900.0,38550.0,37350.0,38400.0,201904.0
2020-06-03 00:00:00+09:00,39300.0,40150.0,39050.0,39850.0,428533.0
2020-06-04 00:00:00+09:00,40300.0,40800.0,38950.0,39050.0,210980.0
2020-06-05 00:00:00+09:00,39200.0,41400.0,38600.0,40850.0,321145.0
2020-06-08 00:00:00+09:00,41450.0,41550.0,40000.0,40250.0,224284.0
2020-06-09 00:00:00+09:00,40250.0,41250.0,39300.0,39650.0,205004.0
2020-06-10 00:00:00+09:00,39800.0,39900.0,38950.0,39200.0,109455.0
2020-06-11 00:00:00+09:00,38750.0,39350.0,38150.0,38250.0,197426.0
2020-06-12 00:00:00+09:00,35700.0,37650.0,35700.0,37550.0,180808.0
2020-06-15 00:00:00+09:00,37000.0,37000.0,33500.0,34200.0,261868.0
2020-06-16 00:00:00+09:00,35000.0,36950.0,34950.0,36900.0,153133.0
2020-06-17 00:00:00+09:00,36900.0,37100.0,35600.0,36600.0,135431.0
2020-06-18 00:00:00+09:00,36050.0,37000.0,35900.0,36200.0,85453.0
2020-06-19 00:00:00+09:00,36400.0,36550.0,35650.0,35650.0,113428.0
2020-06-22 00:00:00+09:00,35250.0,35700.0,34750.0,34900.0,103828.0
2020-06-23 00:00:00+09:00,34900.0,36250.0,34500.0,36000.0,144318.0
2020-06-24 00:00:00+09:00,36000.0,37400.0,36000.0,36600.0,137718.0
2020-06-25 00:00:00+09:00,35600.0,36150.0,35150.0,35150.0,106907.0
2020-06-26 00:00:00+09:00,35500.0,35800.0,35250.0,35650.0,77878.0
2020-06-29 00:00:00+09:00,35000.0,35400.0,34450.0,34650.0,60394.0
2020-06-30 00:00:00+09:00,34900.0,35300.0,34550.0,34550.0,72226.0
2020-07-01 00:00:00+09:00,35600.0,35600.0,34500.0,34500.0,63673.0
2020-07-02 00:00:00+09:00,34500.0,35000.0,34300.0,34600.0,71823.0
2020-07-03 00:00:00+09:00,35000.0,35600.0,34450.0,34600.0,49017.0
2020-07-06 00:00:00+09:00,34950.0,37050.0,34700.0,36850.0,189470.0
2020-07-07 00:00:00+09:00,37650.0,37750.0,35900.0,35900.0,162683.0
2020-07-08 00:00:00+09:00,35700.0,36700.0,35450.0,36050.0,107692.0
2020-07-09 00:00:00+09:00,36600.0,37200.0,36000.0,36900.0,169519.0
2020-07-10 00:00:00+09:00,36550.0,36600.0,35600.0,35700.0,101527.0
2020-07-13 00:00:00+09:00,36250.0,40650.0,35500.0,40300.0,670976.0
2020-07-14 00:00:00+09:00,40300.0,40550.0,39050.0,39900.0,330488.0
2020-07-15 00:00:00+09:00,41100.0,43000.0,40100.0,40900.0,561768.0
2020-07-16 00:00:00+09:00,41500.0,42300.0,39900.0,40150.0,269636.0
2020-07-17 00:00:00+09:00,40200.0,41350.0,40150.0,40600.0,167122.0
2020-07-20 00:00:00+09:00,40600.0,41600.0,40150.0,40300.0,190964.0
2020-07-21 00:00:00+09:00,40700.0,40700.0,39000.0,39100.0,335340.0
2020-07-22 00:00:00+09:00,39050.0,39350.0,37900.0,37950.0,210777.0
2020-07-23 00:00:00+09:00,37700.0,39350.0,37400.0,38800.0,224722.0
2020-07-24 00:00:00+09:00,38400.0,39350.0,37850.0,38150.0,138886.0
2020-07-27 00:00:00+09:00,37300.0,38450.0,37300.0,37900.0,126117.0
2020-07-28 00:00:00+09:00,37650.0,38050.0,37100.0,37200.0,158549.0
2020-07-29 00:00:00+09:00,37150.0,37900.0,36550.0,37850.0,139720.0
2020-07-30 00:00:00+09:00,38000.0,39400.0,37850.0,39050.0,262063.0
2020-07-31 00:00:00+09:00,39050.0,39100.0,37800.0,38000.0,167262.0
2020-08-03 00:00:00+09:00,38000.0,38100.0,37000.0,37300.0,121201.0
2020-08-04 00:00:00+09:00,37350.0,38850.0,37350.0,38450.0,148491.0
2020-08-05 00:00:00+09:00,38350.0,38650.0,37750.0,38000.0,133111.0
2020-08-06 00:00:00+09:00,38000.0,40700.0,38000.0,39600.0,520257.0
2020-08-07 00:00:00+09:00,39600.0,40650.0,38550.0,38950.0,286461.0
2020-08-10 00:00:00+09:00,39500.0,44200.0,39200.0,42550.0,1214628.0
2020-08-11 00:00:00+09:00,43850.0,44400.0,42150.0,43700.0,887216.0
2020-08-12 00:00:00+09:00,45000.0,48650.0,43800.0,46700.0,1877843.0
2020-08-13 00:00:00+09:00,47600.0,48500.0,45000.0,46150.0,738044.0
2020-08-14 00:00:00+09:00,46150.0,46150.0,42900.0,44500.0,634926.0
2020-08-18 00:00:00+09:00,43200.0,44200.0,40400.0,40750.0,495363.0
2020-08-19 00:00:00+09:00,41000.0,42150.0,40700.0,41850.0,291128.0
2020-08-20 00:00:00+09:00,41250.0,41800.0,39000.0,39150.0,388556.0
2020-08-21 00:00:00+09:00,39550.0,40200.0,38650.0,39250.0,250286.0
2020-08-24 00:00:00+09:00,38900.0,40350.0,38150.0,40100.0,231332.0
2020-08-25 00:00:00+09:00,40800.0,42800.0,40750.0,41450.0,355586.0
2020-08-26 00:00:00+09:00,41900.0,42700.0,40600.0,42100.0,306034.0
2020-08-27 00:00:00+09:00,42250.0,42350.0,40650.0,40800.0,230928.0
2020-08-28 00:00:00+09:00,40900.0,42750.0,40850.0,41700.0,339128.0
2020-08-31 00:00:00+09:00,42400.0,43500.0,41550.0,41650.0,367711.0
2020-09-01 00:00:00+09:00,41750.0,42900.0,41550.0,42900.0,244398.0
2020-09-02 00:00:00+09:00,43100.0,43100.0,42000.0,42700.0,180965.0
2020-09-03 00:00:00+09:00,42900.0,42950.0,41800.0,41950.0,221752.0
2020-09-04 00:00:00+09:00,39100.0,41100.0,39100.0,40650.0,307962.0
2020-09-07 00:00:00+09:00,40700.0,41200.0,39950.0,41000.0,195482.0
2020-09-08 00:00:00+09:00,41300.0,42200.0,40800.0,41000.0,189567.0
2020-09-09 00:00:00+09:00,40400.0,40950.0,40250.0,40400.0,116429.0
2020-09-10 00:00:00+09:00,41000.0,41050.0,40300.0,40750.0,182661.0
2020-09-11 00:00:00+09:00,40750.0,40850.0,40300.0,40500.0,98165.0
2020-09-14 00:00:00+09:00,40950.0,42900.0,40700.0,42750.0,344917.0
2020-09-15 00:00:00+09:00,43350.0,43350.0,42200.0,42650.0,246206.0
2020-09-16 00:00:00+09:00,43150.0,45000.0,42450.0,43650.0,545681.0
2020-09-17 00:00:00+09:00,44300.0,44900.0,43050.0,43350.0,468678.0
2020-09-18 00:00:00+09:00,43300.0,43300.0,42050.0,42700.0,221840.0
2020-09-21 00:00:00+09:00,42700.0,44150.0,41900.0,42300.0,256141.0
2020-09-22 00:00:00+09:00,42150.0,42150.0,40700.0,41100.0,275556.0
2020-09-23 00:00:00+09:00,41400.0,41750.0,39950.0,41350.0,201204.0
2020-09-24 00:00:00+09:00,40300.0,40650.0,39350.0,39450.0,216719.0
2020-09-25 00:00:00+09:00,39800.0,40100.0,39100.0,39200.0,136197.0
2020-09-28 00:00:00+09:00,39600.0,40350.0,39550.0,40000.0,99235.0
2020-09-29 00:00:00+09:00,41000.0,41000.0,40150.0,40500.0,107304.0
2020-10-05 00:00:00+09:00,41200.0,43300.0,40850.0,43200.0,337815.0
2020-10-06 00:00:00+09:00,43400.0,43400.0,42550.0,43050.0,158178.0
2020-10-07 00:00:00+09:00,42550.0,43100.0,42150.0,43000.0,121621.0
2020-10-08 00:00:00+09:00,43500.0,44500.0,42750.0,42800.0,364618.0
2020-10-12 00:00:00+09:00,42800.0,42800.0,41600.0,42200.0,172117.0
2020-10-13 00:00:00+09:00,42200.0,43950.0,42200.0,43650.0,348378.0
2020-10-14 00:00:00+09:00,43750.0,44300.0,42350.0,42400.0,210060.0
2020-10-15 00:00:00+09:00,42550.0,43400.0,42050.0,42800.0,205518.0
2020-10-16 00:00:00+09:00,42950.0,43050.0,41050.0,41900.0,204537.0
2020-10-19 00:00:00+09:00,42100.0,42200.0,41000.0,41350.0,101735.0
2020-10-20 00:00:00+09:00,40250.0,41750.0,40100.0,41700.0,151558.0
2020-10-21 00:00:00+09:00,42000.0,42350.0,41050.0,41200.0,150710.0
2020-10-22 00:00:00+09:00,41200.0,41250.0,40450.0,41200.0,112485.0
2020-10-23 00:00:00+09:00,41500.0,42300.0,40900.0,42150.0,138688.0
2020-10-26 00:00:00+09:00,42050.0,42500.0,41400.0,42050.0,158356.0
2020-10-27 00:00:00+09:00,42200.0,44450.0,41900.0,42950.0,652545.0
2020-10-28 00:00:00+09:00,44300.0,44900.0,43550.0,44850.0,598313.0
2020-10-29 00:00:00+09:00,43900.0,44750.0,43600.0,44250.0,368830.0
2020-10-30 00:00:00+09:00,43850.0,43850.0,41600.0,41750.0,374747.0
2020-11-02 00:00:00+09:00,42100.0,42600.0,41800.0,42250.0,180872.0
2020-11-03 00:00:00+09:00,42250.0,42650.0,41850.0,42000.0,197282.0
2020-11-04 00:00:00+09:00,42700.0,43650.0,42200.0,42650.0,266487.0
2020-11-05 00:00:00+09:00,42800.0,43400.0,42450.0,42950.0,191547.0
2020-11-06 00:00:00+09:00,43750.0,44700.0,43150.0,43500.0,350133.0
2020-11-09 00:00:00+09:00,44200.0,44200.0,43650.0,43900.0,203091.0
2020-11-10 00:00:00+09:00,44000.0,44850.0,43350.0,44800.0,301427.0
2020-11-11 00:00:00+09:00,45000.0,46500.0,44900.0,45550.0,491022.0
2020-11-12 00:00:00+09:00,45600.0,45750.0,44650.0,45200.0,206564.0
2020-11-13 00:00:00+09:00,45150.0,46500.0,45000.0,46200.0,360509.0
2020-11-16 00:00:00+09:00,47000.0,47500.0,46050.0,46950.0,306684.0
2020-11-17 00:00:00+09:00,46950.0,47250.0,46050.0,46050.0,214575.0
2020-11-18 00:00:00+09:00,46200.0,46400.0,45050.0,45500.0,193967.0
2020-11-19 00:00:00+09:00,45400.0,46800.0,45050.0,46300.0,226012.0
2020-11-20 00:00:00+09:00,46950.0,46950.0,45750.0,46350.0,118479.0
2020-11-23 00:00:00+09:00,45950.0,46900.0,45750.0,46600.0,153835.0
2020-11-24 00:00:00+09:00,47000.0,47500.0,46400.0,46700.0,254233.0
2020-11-25 00:00:00+09:00,46900.0,47300.0,45500.0,46700.0,251419.0
2020-11-26 00:00:00+09:00,46450.0,46900.0,45750.0,46200.0,141963.0
2020-11-27 00:00:00+09:00,46500.0,46500.0,45900.0,46500.0,134038.0
2020-11-30 00:00:00+09:00,46500.0,48000.0,46500.0,47100.0,414832.0
2020-12-01 00:00:00+09:00,47200.0,48600.0,46850.0,48600.0,353697.0
2020-12-02 00:00:00+09:00,48900.0,49700.0,48300.0,49250.0,315844.0
2020-12-03 00:00:00+09:00,49600.0,51500.0,48850.0,51200.0,465098.0
2020-12-04 00:00:00+09:00,51600.0,51900.0,50300.0,51000.0,381726.0
2020-12-07 00:00:00+09:00,51000.0,51100.0,49700.0,50500.0,282158.0
2020-12-08 00:00:00+09:00,50500.0,50600.0,48500.0,48800.0,307221.0
2020-12-09 00:00:00+09:00,49000.0,49600.0,48900.0,49250.0,164152.0
2020-12-10 00:00:00+09:00,48750.0,49500.0,48150.0,49050.0,246652.0
2020-12-11 00:00:00+09:00,49300.0,50300.0,49050.0,49300.0,143038.0
2020-12-14 00:00:00+09:00,49300.0,49500.0,48600.0,48650.0,176076.0
2020-12-15 00:00:00+09:00,48800.0,49000.0,47750.0,48450.0,190878.0
2020-12-16 00:00:00+09:00,48700.0,49450.0,48650.0,49000.0,144241.0
2020-12-17 00:00:00+09:00,49000.0,49500.0,48400.0,49450.0,150294.0
2020-12-18 00:00:00+09:00,49500.0,49700.0,48900.0,48950.0,155888.0
2020-12-21 00:00:00+09:00,48950.0,48950.0,47250.0,48150.0,214068.0
2020-12-22 00:00:00+09:00,47800.0,47850.0,46600.0,46600.0,188783.0
2020-12-23 00:00:00+09:00,46600.0,47950.0,46300.0,47250.0,189666.0
2020-12-24 00:00:00+09:00,47900.0,48700.0,47300.0,47700.0,154810.0
2020-12-28 00:00:00+09:00,47700.0,48100.0,47050.0,47700.0,130558.0
2020-12-29 00:00:00+09:00,47750.0,47950.0,47150.0,47800.0,131432.0
2020-12-30 00:00:00+09:00,47500.0,54900.0,47500.0,53500.0,1727577.0
2021-01-04 00:00:00+09:00,55100.0,69500.0,55100.0,69500.0,4951540.0
2021-01-05 00:00:00+09:00,71700.0,74400.0,69200.0,71700.0,3992933.0
2021-01-06 00:00:00+09:00,70700.0,71400.0,68300.0,68800.0,1318030.0
2021-01-07 00:00:00+09:00,69400.0,76300.0,69100.0,70800.0,2730785.0
2021-01-08 00:00:00+09:00,79100.0,91500.0,72700.0,85900.0,8843690.0
2021-01-11 00:00:00+09:00,87700.0,90800.0,83500.0,84300.0,966001.0
2021-01-12 00:00:00+09:00,82700.0,83200.0,79600.0,81800.0,553523.0
2021-01-13 00:00:00+09:00,81500.0,84100.0,79600.0,82600.0,620480.0
2021-01-14 00:00:00+09:00,81000.0,81900.0,78800.0,79200.0,898883.0
2021-01-15 00:00:00+09:00,79200.0,80400.0,75000.0,75300.0,848657.0
2021-01-18 00:00:00+09:00,75600.0,90900.0,73900.0,83900.0,5609212.0
2021-01-19 00:00:00+09:00,83000.0,93000.0,82800.0,88600.0,3599250.0
2021-01-20 00:00:00+09:00,98000.0,102500.0,91000.0,92100.0,2807740.0
2021-01-21 00:00:00+09:00,94000.0,108500.0,93200.0,108500.0,3863251.0
2021-01-22 00:00:00+09:00,104500.0,108500.0,102500.0,106000.0,1386716.0
2021-01-25 00:00:00+09:00,104000.0,107500.0,100000.0,105500.0,1233396.0
2021-01-26 00:00:00+09:00,105000.0,105000.0,99000.0,99900.0,1101172.0
2021-01-27 00:00:00+09:00,99200.0,100500.0,94800.0,95000.0,1428676.0
2021-01-28 00:00:00+09:00,92400.0,97100.0,91300.0,94500.0,956924.0
2021-01-29 00:00:00+09:00,95200.0,98700.0,89000.0,90800.0,1399554.0
2021-02-01 00:00:00+09:00,90800.0,93800.0,88700.0,93600.0,1012512.0
2021-02-02 00:00:00+09:00,94000.0,95000.0,91300.0,91600.0,674125.0
2021-02-03 00:00:00+09:00,96000.0,99300.0,94100.0,95600.0,1780767.0
2021-02-04 00:00:00+09:00,98300.0,101000.0,94900.0,101000.0,1605112.0
2021-02-05 00:00:00+09:00,101500.0,102000.0,95800.0,98300.0,1128929.0
2021-02-08 00:00:00+09:00,92000.0,93000.0,86600.0,86600.0,1495947.0
2021-02-09 00:00:00+09:00,85500.0,89000.0,84900.0,87400.0,708686.0
2021-02-10 00:00:00+09:00,89000.0,94400.0,87600.0,92400.0,709467.0
2021-02-15 00:00:00+09:00,93100.0,93500.0,90700.0,91100.0,447656.0
2021-02-16 00:00:00+09:00,91500.0,91700.0,89900.0,90300.0,315222.0
2021-02-17 00:00:00+09:00,90300.0,90400.0,88000.0,88100.0,374084.0
2021-02-18 00:00:00+09:00,87800.0,88600.0,86000.0,86000.0,350762.0
2021-02-19 00:00:00+09:00,85500.0,87000.0,83200.0,87000.0,488142.0
2021-02-22 00:00:00+09:00,86600.0,87100.0,83200.0,83300.0,426649.0
2021-02-23 00:00:00+09:00,82000.0,83500.0,80700.0,82400.0,443939.0
2021-02-24 00:00:00+09:00,82400.0,83300.0,77100.0,77100.0,586168.0
2021-02-25 00:00:00+09:00,78500.0,79200.0,77300.0,79200.0,361236.0
2021-02-26 00:00:00+09:00,77300.0,83000.0,75600.0,77100.0,812507.0
2021-03-02 00:00:00+09:00,78900.0,83200.0,78400.0,79900.0,639696.0
2021-03-03 00:00:00+09:00,80500.0,82900.0,80200.0,82800.0,351954.0
2021-03-04 00:00:00+09:00,81500.0,84100.0,81000.0,83200.0,295960.0
2021-03-05 00:00:00+09:00,82100.0,83700.0,79000.0,82800.0,390001.0
2021-03-08 00:00:00+09:00,83600.0,83700.0,80100.0,80200.0,232059.0
2021-03-09 00:00:00+09:00,80500.0,81200.0,78000.0,79700.0,238501.0
2021-03-10 00:00:00+09:00,81300.0,81600.0,77500.0,77900.0,230430.0
2021-03-11 00:00:00+09:00,78000.0,81000.0,78000.0,80800.0,263283.0
2021-03-12 00:00:00+09:00,82100.0,83000.0,81200.0,82300.0,225031.0
2021-03-15 00:00:00+09:00,82200.0,83200.0,80600.0,81400.0,182029.0
2021-03-16 00:00:00+09:00,82100.0,83100.0,80800.0,81800.0,183849.0
2021-03-17 00:00:00+09:00,81600.0,81700.0,80000.0,80600.0,145387.0
2021-03-18 00:00:00+09:00,81400.0,85300.0,81200.0,83800.0,652345.0
2021-03-19 00:00:00+09:00,82500.0,84300.0,81800.0,83700.0,316277.0
2021-03-22 00:00:00+09:00,84500.0,84700.0,82500.0,82700.0,210892.0
2021-03-23 00:00:00+09:00,83200.0,83500.0,79900.0,79900.0,314413.0
2021-03-24 00:00:00+09:00,79000.0,79700.0,78100.0,78800.0,149524.0
2021-03-25 00:00:00+09:00,78500.0,79500.0,77900.0,78500.0,153064.0
2021-03-26 00:00:00+09:00,79000.0,79100.0,77500.0,77800.0,206190.0
2021-03-29 00:00:00+09:00,77900.0,78100.0,76000.0,77000.0,237057.0
2021-03-30 00:00:00+09:00,76600.0,78800.0,76500.0,78100.0,195564.0
2021-03-31 00:00:00+09:00,78200.0,78300.0,76900.0,77100.0,152675.0
2021-04-01 00:00:00+09:00,77800.0,78500.0,77400.0,77600.0,134247.0
2021-04-02 00:00:00+09:00,78600.0,83300.0,78400.0,82600.0,849489.0
2021-04-05 00:00:00+09:00,83600.0,84000.0,81300.0,81700.0,296053.0
2021-04-06 00:00:00+09:00,82500.0,82500.0,79400.0,79800.0,239664.0
2021-04-07 00:00:00+09:00,79300.0,80500.0,78500.0,79000.0,191507.0
2021-04-08 00:00:00+09:00,78600.0,80500.0,77700.0,80500.0,374259.0
2021-04-09 00:00:00+09:00,79900.0,79900.0,78600.0,78600.0,220552.0
2021-04-12 00:00:00+09:00,78500.0,78500.0,77300.0,77500.0,235080.0
2021-04-13 00:00:00+09:00,77900.0,78300.0,77500.0,77900.0,227174.0
2021-04-14 00:00:00+09:00,78300.0,79400.0,78000.0,78200.0,230031.0
2021-04-15 00:00:00+09:00,78300.0,78400.0,77200.0,77500.0,133816.0
2021-04-16 00:00:00+09:00,78200.0,78500.0,77500.0,77600.0,161473.0
2021-04-19 00:00:00+09:00,77500.0,77900.0,76900.0,77400.0,151295.0
2021-04-20 00:00:00+09:00,77200.0,77400.0,76900.0,77300.0,147881.0
2021-04-21 00:00:00+09:00,77000.0,77100.0,76000.0,76100.0,199687.0
2021-04-22 00:00:00+09:00,76300.0,77000.0,76000.0,76100.0,162202.0
2021-04-23 00:00:00+09:00,75600.0,75700.0,73100.0,73400.0,388049.0
2021-04-26 00:00:00+09:00,73000.0,73000.0,71100.0,71900.0,347265.0
2021-04-27 00:00:00+09:00,71700.0,74100.0,71200.0,73500.0,302920.0
2021-04-28 00:00:00+09:00,73300.0,73300.0,70700.0,70700.0,272031.0
2021-04-29 00:00:00+09:00,70700.0,72000.0,69000.0,69400.0,334755.0
2021-04-30 00:00:00+09:00,69400.0,69900.0,67800.0,69600.0,248070.0
2021-05-03 00:00:00+09:00,69600.0,72200.0,69200.0,69700.0,408499.0
2021-05-04 00:00:00+09:00,69700.0,70100.0,67700.0,69400.0,229515.0
2021-05-06 00:00:00+09:00,69400.0,70600.0,68100.0,70200.0,161155.0
2021-05-07 00:00:00+09:00,70300.0,71700.0,69500.0,71400.0,165485.0
2021-05-10 00:00:00+09:00,72000.0,74900.0,71200.0,74500.0,468638.0
2021-05-11 00:00:00+09:00,73600.0,73800.0,72000.0,73100.0,261314.0
2021-05-12 00:00:00+09:00,74600.0,78300.0,74500.0,77800.0,1559659.0
2021-05-13 00:00:00+09:00,76300.0,81000.0,75700.0,79400.0,1333493.0
2021-05-14 00:00:00+09:00,83000.0,83400.0,80000.0,81000.0,990304.0
2021-05-17 00:00:00+09:00,82000.0,82100.0,78500.0,78900.0,467832.0
2021-05-18 00:00:00+09:00,78500.0,80000.0,78200.0,78700.0,324236.0
2021-05-20 00:00:00+09:00,78200.0,78200.0,76200.0,76700.0,260113.0
2021-05-21 00:00:00+09:00,77000.0,82000.0,76900.0,81500.0,969352.0
2021-05-24 00:00:00+09:00,80600.0,82300.0,78800.0,79000.0,426765.0
2021-05-25 00:00:00+09:00,79600.0,79700.0,77100.0,77700.0,377599.0
2021-05-26 00:00:00+09:00,78100.0,78900.0,76500.0,76800.0,272265.0
2021-05-27 00:00:00+09:00,77000.0,77100.0,74900.0,75800.0,304756.0
2021-05-28 00:00:00+09:00,76900.0,82600.0,76300.0,82200.0,1229949.0
2021-05-31 00:00:00+09:00,82400.0,84400.0,81400.0,84400.0,752790.0
2021-06-01 00:00:00+09:00,84500.0,85000.0,82600.0,83000.0,413847.0
2021-06-02 00:00:00+09:00,83600.0,86000.0,82500.0,84000.0,728800.0
2021-06-03 00:00:00+09:00,84100.0,86000.0,83000.0,85500.0,528055.0
2021-06-04 00:00:00+09:00,86500.0,89400.0,86000.0,88500.0,1112538.0
2021-06-07 00:00:00+09:00,89500.0,91100.0,88100.0,88500.0,654118.0
2021-06-08 00:00:00+09:00,88000.0,89800.0,85500.0,89300.0,512488.0
2021-06-09 00:00:00+09:00,88600.0,91700.0,87200.0,90900.0,758222.0
2021-06-10 00:00:00+09:00,90700.0,91500.0,89300.0,90500.0,483761.0
2021-06-11 00:00:00+09:00,90500.0,94600.0,90500.0,92800.0,700706.0
2021-06-14 00:00:00+09:00,93200.0,93500.0,89100.0,89600.0,582864.0
2021-06-15 00:00:00+09:00,89100.0,90000.0,87300.0,88800.0,379497.0
2021-06-16 00:00:00+09:00,88600.0,92500.0,88200.0,92100.0,488984.0
2021-06-17 00:00:00+09:00,91000.0,92900.0,90700.0,92700.0,278666.0
2021-06-18 00:00:00+09:00,92600.0,97900.0,92300.0,97500.0,1068342.0
2021-06-21 00:00:00+09:00,98100.0,99400.0,95300.0,98600.0,936306.0
2021-06-22 00:00:00+09:00,98900.0,106000.0,98900.0,105000.0,1253997.0
2021-06-23 00:00:00+09:00,105000.0,110000.0,103000.0,108500.0,910176.0
2021-06-24 00:00:00+09:00,108000.0,115000.0,104500.0,107000.0,1299236.0
2021-06-25 00:00:00+09:00,108500.0,110000.0,106000.0,107500.0,436597.0
2021-06-28 00:00:00+09:00,106000.0,106500.0,101500.0,103000.0,695192.0
2021-06-29 00:00:00+09:00,101000.0,104000.0,96700.0,99400.0,1511600.0
2021-06-30 00:00:00+09:00,99000.0,103000.0,98000.0,101500.0,730326.0
2021-07-01 00:00:00+09:00,100500.0,104000.0,99900.0,103000.0,466673.0
2021-07-02 00:00:00+09:00,102500.0,103000.0,97900.0,98500.0,692927.0
2021-07-05 00:00:00+09:00,98400.0,99100.0,95900.0,98300.0,519124.0
2021-07-06 00:00:00+09:00,98800.0,99600.0,96800.0,97000.0,454591.0
2021-07-07 00:00:00+09:00,96200.0,97200.0,95100.0,96600.0,388297.0
2021-07-08 00:00:00+09:00,96100.0,96500.0,89600.0,90400.0,1335482.0
2021-07-09 00:00:00+09:00,89300.0,92000.0,88400.0,91400.0,628866.0
2021-07-12 00:00:00+09:00,92700.0,94000.0,90800.0,91300.0,408709.0
2021-07-13 00:00:00+09:00,91200.0,92500.0,90100.0,92300.0,378538.0
2021-07-14 00:00:00+09:00,92200.0,93000.0,91200.0,92100.0,303570.0
2021-07-15 00:00:00+09:00,92500.0,96500.0,92500.0,95500.0,698475.0
2021-07-16 00:00:00+09:00,96000.0,96800.0,93800.0,94900.0,333735.0
2021-07-19 00:00:00+09:00,93500.0,93700.0,91600.0,92100.0,323217.0
2021-07-20 00:00:00+09:00,90800.0,98000.0,90700.0,97900.0,1137954.0
2021-07-21 00:00:00+09:00,98500.0,99300.0,96900.0,97100.0,472040.0
2021-07-22 00:00:00+09:00,97900.0,99400.0,96900.0,97900.0,427555.0
2021-07-23 00:00:00+09:00,98000.0,98400.0,93500.0,94500.0,711308.0
2021-07-26 00:00:00+09:00,94900.0,98200.0,94100.0,96200.0,535065.0
2021-07-27 00:00:00+09:00,97200.0,98500.0,96400.0,97200.0,250530.0
2021-07-28 00:00:00+09:00,96200.0,97200.0,95000.0,95600.0,197530.0
2021-07-29 00:00:00+09:00,96300.0,99300.0,96100.0,98000.0,356034.0
2021-07-30 00:00:00+09:00,98500.0,99500.0,97100.0,98000.0,306278.0
2021-08-02 00:00:00+09:00,99000.0,99000.0,96100.0,96200.0,276362.0
2021-08-03 00:00:00+09:00,96300.0,96400.0,93300.0,94900.0,375102.0
2021-08-04 00:00:00+09:00,95400.0,96700.0,94500.0,95700.0,211978.0
2021-08-05 00:00:00+09:00,95200.0,96400.0,95000.0,95200.0,144415.0
2021-08-06 00:00:00+09:00,96300.0,96300.0,94200.0,94300.0,159674.0
2021-08-09 00:00:00+09:00,94300.0,95600.0,92800.0,94700.0,224078.0
2021-08-10 00:00:00+09:00,94700.0,95400.0,93500.0,93900.0,177529.0
2021-08-11 00:00:00+09:00,93200.0,94500.0,90700.0,91400.0,293922.0
2021-08-12 00:00:00+09:00,91400.0,95100.0,91300.0,92700.0,356538.0
2021-08-13 00:00:00+09:00,93400.0,94400.0,90400.0,91000.0,241618.0
2021-08-17 00:00:00+09:00,91000.0,91000.0,86300.0,87000.0,384030.0
2021-08-18 00:00:00+09:00,85600.0,88300.0,85300.0,87800.0,213751.0
2021-08-19 00:00:00+09:00,86800.0,86900.0,83000.0,83100.0,431571.0
2021-08-20 00:00:00+09:00,83800.0,84700.0,80400.0,80900.0,325206.0
2021-08-23 00:00:00+09:00,81800.0,83800.0,80800.0,82800.0,228718.0
2021-08-24 00:00:00+09:00,84000.0,85500.0,83000.0,84100.0,210321.0
2021-08-25 00:00:00+09:00,84700.0,86000.0,84300.0,84700.0,157122.0
2021-08-26 00:00:00+09:00,84800.0,88800.0,84500.0,87800.0,405426.0
2021-08-27 00:00:00+09:00,87200.0,89000.0,86500.0,87300.0,190552.0
2021-08-30 00:00:00+09:00,89000.0,92400.0,88300.0,92100.0,413320.0
2021-08-31 00:00:00+09:00,92000.0,92600.0,90700.0,91500.0,176590.0
2021-09-01 00:00:00+09:00,92000.0,94500.0,91000.0,91700.0,288774.0
2021-09-02 00:00:00+09:00,91300.0,91400.0,90000.0,90400.0,132665.0
2021-09-03 00:00:00+09:00,91100.0,91800.0,89800.0,90200.0,159431.0
2021-09-06 00:00:00+09:00,89800.0,91500.0,89700.0,90400.0,128105.0
2021-09-07 00:00:00+09:00,90400.0,90500.0,88600.0,89700.0,142128.0
2021-09-08 00:00:00+09:00,88400.0,91500.0,88300.0,90300.0,185894.0
2021-09-09 00:00:00+09:00,89500.0,89700.0,88100.0,88100.0,265134.0
2021-09-10 00:00:00+09:00,88400.0,89300.0,83100.0,84400.0,468227.0
2021-09-13 00:00:00+09:00,83400.0,85200.0,83000.0,85000.0,225936.0
2021-09-14 00:00:00+09:00,85400.0,86800.0,84700.0,85500.0,183894.0
2021-09-15 00:00:00+09:00,85100.0,85500.0,84200.0,84700.0,185554.0
2021-09-16 00:00:00+09:00,85300.0,85300.0,83500.0,84300.0,152061.0
2021-09-17 00:00:00+09:00,84300.0,84700.0,83400.0,83700.0,153521.0
2021-09-23 00:00:00+09:00,82300.0,83700.0,82100.0,83000.0,101101.0
2021-09-24 00:00:00+09:00,83700.0,83900.0,81600.0,82000.0,122316.0
2021-09-27 00:00:00+09:00,81600.0,81600.0,80400.0,80900.0,179451.0
2021-09-28 00:00:00+09:00,81000.0,82000.0,79000.0,79100.0,260011.0
2021-09-29 00:00:00+09:00,77300.0,80400.0,77100.0,80000.0,265890.0
2021-09-30 00:00:00+09:00,79700.0,79800.0,78500.0,78800.0,192507.0
2021-10-01 00:00:00+09:00,78200.0,78300.0,73100.0,73400.0,497903.0
2021-10-05 00:00:00+09:00,72300.0,76400.0,72200.0,75200.0,322595.0
2021-10-06 00:00:00+09:00,76300.0,78300.0,75100.0,75100.0,327824.0
2021-10-07 00:00:00+09:00,75900.0,83200.0,75800.0,82700.0,719918.0
2021-10-08 00:00:00+09:00,84000.0,87600.0,82500.0,86700.0,778624.0
2021-10-12 00:00:00+09:00,85800.0,88300.0,85100.0,85500.0,432926.0
2021-10-13 00:00:00+09:00,86200.0,90500.0,86100.0,89700.0,623598.0
2021-10-14 00:00:00+09:00,89800.0,90300.0,86600.0,88300.0,506528.0
2021-10-15 00:00:00+09:00,88000.0,88500.0,85500.0,86200.0,465834.0
2021-10-18 00:00:00+09:00,85200.0,86600.0,83700.0,85800.0,367186.0
2021-10-19 00:00:00+09:00,85700.0,87200.0,84900.0,85800.0,205617.0
2021-10-20 00:00:00+09:00,85900.0,87200.0,83700.0,84000.0,274035.0
2021-10-21 00:00:00+09:00,84800.0,88000.0,84600.0,85600.0,414462.0
2021-10-22 00:00:00+09:00,85900.0,86600.0,84300.0,84300.0,188987.0
2021-10-25 00:00:00+09:00,84300.0,88000.0,83600.0,87800.0,298197.0
2021-10-26 00:00:00+09:00,88800.0,88800.0,85800.0,87400.0,280026.0
2021-10-27 00:00:00+09:00,87700.0,88500.0,87000.0,87000.0,198086.0
2021-10-28 00:00:00+09:00,87200.0,89100.0,86300.0,87000.0,317792.0
2021-10-29 00:00:00+09:00,87600.0,88200.0,83600.0,84100.0,285261.0
2021-11-01 00:00:00+09:00,83200.0,84100.0,79400.0,79800.0,543472.0
2021-11-02 00:00:00+09:00,80000.0,82400.0,79100.0,79500.0,372287.0
2021-11-03 00:00:00+09:00,80100.0,80500.0,77300.0,78000.0,409529.0
2021-11-04 00:00:00+09:00,78900.0,80200.0,77600.0,78000.0,336893.0
2021-11-05 00:00:00+09:00,78900.0,80000.0,77700.0,77900.0,301756.0
2021-11-08 00:00:00+09:00,77700.0,79800.0,76600.0,79600.0,198433.0
2021-11-09 00:00:00+09:00,79700.0,80100.0,78200.0,78200.0,195357.0
2021-11-10 00:00:00+09:00,77400.0,78200.0,76800.0,77200.0,187213.0
2021-11-11 00:00:00+09:00,76800.0,77700.0,76300.0,77300.0,232713.0
2021-11-12 00:00:00+09:00,77700.0,79500.0,77700.0,78900.0,150052.0
2021-11-15 00:00:00+09:00,79800.0,79800.0,78500.0,78700.0,140067.0
2021-11-16 00:00:00+09:00,78900.0,78900.0,77000.0,77600.0,182283.0
2021-11-17 00:00:00+09:00,77900.0,79100.0,76500.0,78000.0,220972.0
2021-11-18 00:00:00+09:00,77500.0,78100.0,76600.0,76700.0,170930.0
2021-11-19 00:00:00+09:00,77700.0,79200.0,76700.0,76900.0,273361.0
2021-11-22 00:00:00+09:00,76800.0,79900.0,76300.0,79900.0,369856.0
2021-11-23 00:00:00+09:00,80300.0,80300.0,77700.0,77900.0,209095.0
2021-11-24 00:00:00+09:00,78100.0,78900.0,76900.0,77500.0,120780.0
2021-11-25 00:00:00+09:00,78000.0,78000.0,77100.0,77300.0,83101.0
2021-11-26 00:00:00+09:00,77100.0,77300.0,74300.0,74500.0,244551.0
2021-11-29 00:00:00+09:00,71800.0,73800.0,71700.0,72700.0,253325.0
2021-11-30 00:00:00+09:00,73300.0,74900.0,70900.0,71600.0,308929.0
2021-12-01 00:00:00+09:00,72000.0,74500.0,70800.0,73700.0,176913.0
2021-12-02 00:00:00+09:00,72500.0,75000.0,72000.0,74700.0,169966.0
2021-12-03 00:00:00+09:00,75000.0,76100.0,74100.0,75500.0,133064.0
2021-12-06 00:00:00+09:00,74500.0,76300.0,74100.0,75800.0,109059.0
2021-12-07 00:00:00+09:00,75900.0,76300.0,74800.0,76000.0,105515.0
2021-12-08 00:00:00+09:00,76700.0,77300.0,74700.0,75300.0,158573.0
2021-12-09 00:00:00+09:00,75100.0,76700.0,75000.0,75600.0,179643.0
2021-12-10 00:00:00+09:00,75100.0,76400.0,74600.0,76200.0,97212.0
2021-12-13 00:00:00+09:00,76700.0,79600.0,76600.0,77900.0,338992.0
2021-12-14 00:00:00+09:00,77200.0,78400.0,76600.0,77200.0,111014.0
2021-12-15 00:00:00+09:00,77000.0,77300.0,75700.0,76100.0,122977.0
2021-12-16 00:00:00+09:00,76900.0,77400.0,76000.0,76800.0,87566.0
2021-12-17 00:00:00+09:00,76200.0,78400.0,76200.0,77400.0,137517.0
2021-12-20 00:00:00+09:00,77400.0,77400.0,75500.0,75500.0,99387.0
2021-12-21 00:00:00+09:00,75600.0,76000.0,74000.0,75500.0,106070.0
2021-12-22 00:00:00+09:00,75900.0,78000.0,75800.0,76800.0,169873.0
2021-12-23 00:00:00+09:00,77100.0,77800.0,76100.0,76600.0,137895.0
2021-12-24 00:00:00+09:00,77700.0,83200.0,77400.0,83200.0,906734.0
2021-12-27 00:00:00+09:00,83300.0,83500.0,80900.0,82100.0,316911.0
2021-12-28 00:00:00+09:00,82300.0,82700.0,80000.0,81100.0,326500.0
2021-12-29 00:00:00+09:00,81000.0,82100.0,80100.0,80900.0,203589.0
2021-12-30 00:00:00+09:00,81100.0,81500.0,79400.0,79900.0,192210.0
2022-01-03 00:00:00+09:00,80200.0,80700.0,79300.0,80500.0,160851.0
2022-01-04 00:00:00+09:00,81300.0,82900.0,80600.0,80700.0,277696.0
2022-01-05 00:00:00+09:00,81900.0,84300.0,81200.0,81600.0,571090.0
2022-01-06 00:00:00+09:00,80300.0,83400.0,80100.0,80900.0,312109.0
2022-01-07 00:00:00+09:00,81700.0,82800.0,81000.0,82000.0,201560.0
2022-01-10 00:00:00+09:00,82000.0,82000.0,78600.0,78600.0,270721.0
2022-01-11 00:00:00+09:00,78900.0,79800.0,76900.0,77200.0,180985.0
2022-01-12 00:00:00+09:00,77800.0,78600.0,77200.0,78400.0,123545.0
2022-01-13 00:00:00+09:00,78300.0,79000.0,76500.0,76500.0,208488.0
2022-01-14 00:00:00+09:00,76000.0,77400.0,74700.0,75300.0,266906.0
2022-01-17 00:00:00+09:00,75300.0,75300.0,73300.0,73900.0,198582.0
2022-01-18 00:00:00+09:00,73900.0,74100.0,72200.0,72400.0,138336.0
2022-01-19 00:00:00+09:00,71100.0,72800.0,71000.0,71400.0,169168.0
2022-01-20 00:00:00+09:00,70700.0,72600.0,70600.0,72300.0,171738.0
2022-01-21 00:00:00+09:00,71100.0,71500.0,69800.0,70300.0,245755.0
2022-01-24 00:00:00+09:00,69800.0,70300.0,68000.0,68700.0,189636.0
2022-01-25 00:00:00+09:00,68700.0,69500.0,66200.0,67200.0,228400.0
2022-01-26 00:00:00+09:00,67000.0,68200.0,66300.0,66900.0,176124.0
2022-01-27 00:00:00+09:00,66900.0,68900.0,64600.0,64700.0,264863.0
2022-01-28 00:00:00+09:00,64800.0,67800.0,64000.0,67100.0,247536.0
2022-02-03 00:00:00+09:00,68500.0,69300.0,67000.0,67000.0,180776.0
2022-02-04 00:00:00+09:00,66200.0,67600.0,66200.0,67500.0,161944.0
2022-02-07 00:00:00+09:00,67500.0,67500.0,66200.0,67400.0,120523.0
2022-02-08 00:00:00+09:00,67800.0,68700.0,66700.0,67100.0,107558.0
2022-02-09 00:00:00+09:00,67800.0,68300.0,67300.0,68300.0,107098.0
2022-02-10 00:00:00+09:00,68700.0,68700.0,66300.0,66800.0,203058.0
2022-02-11 00:00:00+09:00,66100.0,66700.0,65200.0,65800.0,121993.0
2022-02-14 00:00:00+09:00,64500.0,65400.0,62500.0,62700.0,188968.0
2022-02-15 00:00:00+09:00,62500.0,64700.0,62500.0,63900.0,153023.0
2022-02-16 00:00:00+09:00,65300.0,66200.0,64900.0,65700.0,133692.0
2022-02-17 00:00:00+09:00,65800.0,66900.0,64200.0,65600.0,143377.0
2022-02-18 00:00:00+09:00,64100.0,66200.0,64100.0,65700.0,102437.0
2022-02-21 00:00:00+09:00,64700.0,66100.0,64000.0,66100.0,98279.0
2022-02-22 00:00:00+09:00,64900.0,65300.0,63700.0,64000.0,149364.0
2022-02-23 00:00:00+09:00,64300.0,65300.0,64000.0,65100.0,85239.0
2022-02-24 00:00:00+09:00,64100.0,64500.0,61000.0,61800.0,227611.0
2022-02-25 00:00:00+09:00,63000.0,63100.0,61400.0,62400.0,160390.0
2022-02-28 00:00:00+09:00,61600.0,61900.0,58800.0,61000.0,442776.0
2022-03-02 00:00:00+09:00,60200.0,61100.0,59800.0,60500.0,202824.0
2022-03-03 00:00:00+09:00,61800.0,63700.0,61400.0,63600.0,300690.0
2022-03-04 00:00:00+09:00,63600.0,63600.0,62500.0,63000.0,114042.0
2022-03-07 00:00:00+09:00,61500.0,61900.0,60000.0,60700.0,194445.0
2022-03-08 00:00:00+09:00,59800.0,60300.0,59000.0,59100.0,208261.0
2022-03-10 00:00:00+09:00,60100.0,60700.0,59500.0,60000.0,134606.0
2022-03-11 00:00:00+09:00,60000.0,60800.0,59600.0,60400.0,94367.0
2022-03-14 00:00:00+09:00,60100.0,60100.0,57800.0,58500.0,188759.0
2022-03-15 00:00:00+09:00,58100.0,59100.0,57900.0,58500.0,72625.0
2022-03-16 00:00:00+09:00,59600.0,59700.0,57500.0,58800.0,271212.0
2022-03-17 00:00:00+09:00,60500.0,60600.0,59500.0,59800.0,177149.0
2022-03-18 00:00:00+09:00,60300.0,60400.0,59400.0,60200.0,157554.0
2022-03-21 00:00:00+09:00,60000.0,60500.0,59100.0,59400.0,91074.0
2022-03-22 00:00:00+09:00,59200.0,60800.0,59200.0,60800.0,118832.0
2022-03-23 00:00:00+09:00,61000.0,62900.0,61000.0,62000.0,241984.0
2022-03-24 00:00:00+09:00,61500.0,61800.0,60900.0,61700.0,99019.0
2022-03-25 00:00:00+09:00,62200.0,62200.0,61000.0,61200.0,81232.0
2022-03-28 00:00:00+09:00,61200.0,61200.0,60000.0,61100.0,110232.0
2022-03-29 00:00:00+09:00,61900.0,63900.0,61600.0,62400.0,275441.0
2022-03-30 00:00:00+09:00,63900.0,66300.0,63400.0,63900.0,515413.0
2022-03-31 00:00:00+09:00,63900.0,64600.0,63100.0,64300.0,129453.0
2022-04-01 00:00:00+09:00,63600.0,64600.0,63000.0,63900.0,119757.0
2022-04-04 00:00:00+09:00,63600.0,64100.0,63000.0,63500.0,91579.0
2022-04-05 00:00:00+09:00,63700.0,64200.0,63000.0,63400.0,99794.0
2022-04-06 00:00:00+09:00,62700.0,65100.0,62000.0,63900.0,235236.0
2022-04-07 00:00:00+09:00,63500.0,63900.0,61500.0,61600.0,191876.0
2022-04-08 00:00:00+09:00,61900.0,62000.0,60300.0,61000.0,114376.0
2022-04-11 00:00:00+09:00,60900.0,62500.0,60100.0,61500.0,108578.0
2022-04-12 00:00:00+09:00,61000.0,61900.0,60500.0,61000.0,138898.0
2022-04-13 00:00:00+09:00,61600.0,62900.0,61000.0,62600.0,147704.0
2022-04-14 00:00:00+09:00,62700.0,63800.0,62200.0,63600.0,168747.0
2022-04-15 00:00:00+09:00,63000.0,63700.0,60800.0,63600.0,116541.0
2022-04-18 00:00:00+09:00,63300.0,67000.0,63100.0,66800.0,418103.0
2022-04-19 00:00:00+09:00,66500.0,67300.0,66000.0,67100.0,210249.0
2022-04-20 00:00:00+09:00,67200.0,70900.0,66600.0,69600.0,636062.0
2022-04-21 00:00:00+09:00,70200.0,71100.0,69200.0,70200.0,348461.0
2022-04-22 00:00:00+09:00,69600.0,71800.0,66100.0,67400.0,736423.0
2022-04-25 00:00:00+09:00,65600.0,66200.0,62000.0,62600.0,807514.0
2022-04-26 00:00:00+09:00,63300.0,65000.0,62900.0,63800.0,367600.0
2022-04-27 00:00:00+09:00,62000.0,64800.0,61700.0,64500.0,228065.0
2022-04-28 00:00:00+09:00,65300.0,65900.0,64000.0,64900.0,125996.0
2022-04-29 00:00:00+09:00,65100.0,65700.0,64100.0,65500.0,129490.0
2022-05-02 00:00:00+09:00,64800.0,66500.0,64500.0,66100.0,125566.0
2022-05-03 00:00:00+09:00,65600.0,65800.0,64600.0,64800.0,132026.0
2022-05-04 00:00:00+09:00,65000.0,65800.0,64500.0,65100.0,110629.0
2022-05-06 00:00:00+09:00,63900.0,65000.0,63800.0,64800.0,85277.0
2022-05-09 00:00:00+09:00,64100.0,64600.0,62700.0,63300.0,85768.0
2022-05-10 00:00:00+09:00,61900.0,62900.0,61100.0,62600.0,156592.0
2022-05-11 00:00:00+09:00,62600.0,63300.0,62200.0,63000.0,79773.0
2022-05-12 00:00:00+09:00,62000.0,64700.0,62000.0,62600.0,165033.0
2022-05-13 00:00:00+09:00,63700.0,66900.0,63300.0,66700.0,326158.0
2022-05-16 00:00:00+09:00,67900.0,67900.0,65700.0,65900.0,178826.0
2022-05-17 00:00:00+09:00,66000.0,66500.0,65400.0,65800.0,101906.0
2022-05-18 00:00:00+09:00,66300.0,67000.0,65200.0,66500.0,160800.0
2022-05-19 00:00:00+09:00,64500.0,64600.0,63200.0,63500.0,243704.0
2022-05-20 00:00:00+09:00,64100.0,65200.0,63700.0,64700.0,128190.0
2022-05-23 00:00:00+09:00,65200.0,66400.0,64400.0,64800.0,161153.0
2022-05-24 00:00:00+09:00,64800.0,65000.0,63100.0,63300.0,127048.0
2022-05-25 00:00:00+09:00,63800.0,64400.0,62600.0,63600.0,103984.0
2022-05-26 00:00:00+09:00,63600.0,64500.0,63100.0,63300.0,101617.0
2022-05-27 00:00:00+09:00,64100.0,64300.0,63600.0,63900.0,74508.0
2022-05-30 00:00:00+09:00,64600.0,65000.0,64000.0,64600.0,107800.0
2022-05-31 00:00:00+09:00,64800.0,66500.0,64500.0,66400.0,271905.0
2022-06-02 00:00:00+09:00,65800.0,66600.0,65200.0,65800.0,106588.0
2022-06-03 00:00:00+09:00,66500.0,66500.0,64700.0,65100.0,134084.0
2022-06-07 00:00:00+09:00,64700.0,66000.0,64200.0,65000.0,113747.0
2022-06-08 00:00:00+09:00,65300.0,66300.0,63800.0,64300.0,140854.0
2022-06-09 00:00:00+09:00,64100.0,64800.0,63200.0,64500.0,125217.0
2022-06-10 00:00:00+09:00,63900.0,65100.0,63700.0,64700.0,120788.0
2022-06-13 00:00:00+09:00,62900.0,63800.0,60100.0,60100.0,271609.0
2022-06-14 00:00:00+09:00,58800.0,59900.0,57900.0,59200.0,230669.0
2022-06-15 00:00:00+09:00,59200.0,60600.0,57300.0,58100.0,246598.0
2022-06-16 00:00:00+09:00,59000.0,59300.0,56800.0,57400.0,182114.0
2022-06-17 00:00:00+09:00,55600.0,56300.0,53900.0,54700.0,345465.0
2022-06-20 00:00:00+09:00,55100.0,55200.0,51900.0,52600.0,197096.0
2022-06-21 00:00:00+09:00,52800.0,54400.0,52600.0,53700.0,127490.0
2022-06-22 00:00:00+09:00,54500.0,54600.0,52000.0,52000.0,162335.0
2022-06-23 00:00:00+09:00,52200.0,53200.0,50000.0,50400.0,222771.0
2022-06-24 00:00:00+09:00,50000.0,52300.0,50000.0,51900.0,150675.0
2022-06-27 00:00:00+09:00,53000.0,56600.0,52600.0,55700.0,275552.0
2022-06-28 00:00:00+09:00,55500.0,58000.0,55500.0,57500.0,232716.0
2022-06-29 00:00:00+09:00,56000.0,57000.0,55000.0,55600.0,161031.0
2022-06-30 00:00:00+09:00,55900.0,57600.0,55700.0,55800.0,141298.0
2022-07-01 00:00:00+09:00,56700.0,57900.0,55400.0,55900.0,115469.0
2022-07-04 00:00:00+09:00,56300.0,57000.0,53600.0,55000.0,167790.0
2022-07-05 00:00:00+09:00,55500.0,56000.0,53000.0,54800.0,149934.0
2022-07-06 00:00:00+09:00,55100.0,56700.0,53800.0,53900.0,176929.0
2022-07-07 00:00:00+09:00,54800.0,55200.0,53500.0,54800.0,111625.0
2022-07-08 00:00:00+09:00,55300.0,56600.0,55200.0,55600.0,121712.0
2022-07-11 00:00:00+09:00,56500.0,57500.0,55200.0,55300.0,193472.0
2022-07-12 00:00:00+09:00,56000.0,56300.0,53300.0,54300.0,148863.0
2022-07-13 00:00:00+09:00,54700.0,58900.0,54500.0,58500.0,382764.0
2022-07-14 00:00:00+09:00,57700.0,58900.0,57600.0,57600.0,218228.0
2022-07-15 00:00:00+09:00,58000.0,59300.0,57100.0,58700.0,183952.0
2022-07-18 00:00:00+09:00,59200.0,59400.0,56600.0,57600.0,306876.0
2022-07-19 00:00:00+09:00,57900.0,60000.0,57400.0,59400.0,287586.0
2022-07-20 00:00:00+09:00,60500.0,61000.0,58800.0,58900.0,212997.0
2022-07-21 00:00:00+09:00,59400.0,61000.0,58500.0,59500.0,175763.0
2022-07-22 00:00:00+09:00,60500.0,61200.0,59800.0,60400.0,172661.0
2022-07-25 00:00:00+09:00,60100.0,62100.0,60100.0,61300.0,157124.0
2022-07-26 00:00:00+09:00,61300.0,62200.0,60500.0,61000.0,193974.0
2022-07-27 00:00:00+09:00,62200.0,66400.0,62100.0,66400.0,1076731.0
2022-07-28 00:00:00+09:00,67100.0,68000.0,66200.0,66900.0,434303.0
2022-07-29 00:00:00+09:00,67600.0,68400.0,66400.0,68100.0,297976.0
2022-08-01 00:00:00+09:00,68100.0,68700.0,67200.0,68200.0,165489.0
2022-08-02 00:00:00+09:00,68700.0,70300.0,68000.0,68900.0,317314.0
2022-08-03 00:00:00+09:00,68900.0,69900.0,68400.0,69400.0,157286.0
2022-08-04 00:00:00+09:00,70300.0,70700.0,69300.0,70000.0,164978.0
2022-08-05 00:00:00+09:00,70400.0,70400.0,68300.0,68800.0,194420.0
2022-08-08 00:00:00+09:00,68700.0,70400.0,68000.0,70200.0,172579.0
2022-08-09 00:00:00+09:00,69800.0,70700.0,69500.0,70200.0,171643.0
2022-08-10 00:00:00+09:00,69900.0,70900.0,69700.0,69900.0,96755.0
2022-08-11 00:00:00+09:00,70200.0,70900.0,69700.0,70000.0,125859.0
2022-08-12 00:00:00+09:00,70000.0,71400.0,68900.0,71200.0,190381.0
2022-08-16 00:00:00+09:00,71800.0,73600.0,70200.0,70600.0,215729.0
2022-08-17 00:00:00+09:00,70500.0,71800.0,69100.0,69800.0,160238.0
2022-08-18 00:00:00+09:00,69600.0,69600.0,67100.0,68700.0,246676.0
2022-08-19 00:00:00+09:00,68700.0,69700.0,68000.0,68200.0,108838.0
2022-08-22 00:00:00+09:00,67200.0,69200.0,67100.0,68200.0,150970.0
2022-08-23 00:00:00+09:00,68300.0,69800.0,67500.0,68500.0,143614.0
2022-08-24 00:00:00+09:00,69500.0,70200.0,67800.0,68500.0,133540.0
2022-08-25 00:00:00+09:00,68700.0,71500.0,68700.0,71500.0,236029.0
2022-08-26 00:00:00+09:00,72000.0,72000.0,70500.0,71300.0,105537.0
2022-08-29 00:00:00+09:00,69300.0,70400.0,68000.0,69400.0,117426.0
2022-08-30 00:00:00+09:00,70300.0,76400.0,70300.0,75300.0,785024.0
2022-08-31 00:00:00+09:00,75300.0,77000.0,74600.0,76000.0,391008.0
2022-09-01 00:00:00+09:00,75400.0,76300.0,74500.0,75300.0,218847.0
2022-09-02 00:00:00+09:00,75800.0,78000.0,74700.0,75200.0,356136.0
2022-09-05 00:00:00+09:00,75300.0,77600.0,75200.0,76100.0,253469.0
2022-09-06 00:00:00+09:00,76200.0,76800.0,75200.0,76700.0,131590.0
2022-09-07 00:00:00+09:00,76800.0,78500.0,76400.0,78400.0,375351.0
2022-09-08 00:00:00+09:00,78700.0,78900.0,75600.0,77500.0,258111.0
2022-09-13 00:00:00+09:00,77500.0,78000.0,75800.0,78000.0,229477.0
2022-09-14 00:00:00+09:00,75900.0,77400.0,75000.0,75900.0,226503.0
2022-09-15 00:00:00+09:00,76300.0,76800.0,74100.0,74800.0,196419.0
2022-09-16 00:00:00+09:00,74400.0,75600.0,74000.0,74200.0,150667.0
2022-09-19 00:00:00+09:00,74600.0,75200.0,73200.0,73500.0,163530.0
2022-09-20 00:00:00+09:00,74400.0,74600.0,72800.0,73200.0,119883.0
2022-09-21 00:00:00+09:00,72800.0,73200.0,70700.0,71700.0,156482.0
2022-09-22 00:00:00+09:00,71000.0,71500.0,70000.0,70600.0,120901.0
2022-09-23 00:00:00+09:00,70600.0,70700.0,68300.0,68800.0,162080.0
2022-09-26 00:00:00+09:00,66800.0,67800.0,65000.0,65300.0,214186.0
2022-09-27 00:00:00+09:00,65000.0,66100.0,63400.0,65300.0,199302.0
2022-09-28 00:00:00+09:00,65000.0,65200.0,60700.0,61400.0,219506.0
2022-09-29 00:00:00+09:00,62900.0,63500.0,61800.0,62400.0,182697.0
2022-09-30 00:00:00+09:00,61900.0,62800.0,59500.0,60100.0,232555.0
2022-10-04 00:00:00+09:00,62000.0,62900.0,60600.0,62700.0,157768.0
2022-10-05 00:00:00+09:00,65000.0,65000.0,60100.0,60800.0,317024.0
2022-10-06 00:00:00+09:00,61700.0,62600.0,60500.0,62600.0,144516.0
2022-10-07 00:00:00+09:00,61900.0,63100.0,60600.0,61100.0,151788.0
2022-10-11 00:00:00+09:00,59300.0,59800.0,57800.0,58300.0,177567.0
2022-10-12 00:00:00+09:00,57800.0,59200.0,57300.0,58200.0,131999.0
2022-10-13 00:00:00+09:00,57500.0,57800.0,55700.0,55900.0,164697.0
2022-10-14 00:00:00+09:00,57100.0,58000.0,56500.0,57200.0,132707.0
2022-10-17 00:00:00+09:00,56200.0,57400.0,55200.0,57000.0,112854.0
2022-10-18 00:00:00+09:00,58400.0,60300.0,57800.0,60300.0,241610.0
2022-10-19 00:00:00+09:00,58600.0,62700.0,58600.0,61400.0,199479.0
2022-10-20 00:00:00+09:00,61400.0,61600.0,60100.0,60100.0,138386.0
2022-10-21 00:00:00+09:00,60800.0,62200.0,60400.0,61300.0,147351.0
2022-10-24 00:00:00+09:00,63100.0,63100.0,58200.0,58600.0,214494.0
2022-10-25 00:00:00+09:00,59200.0,60900.0,58300.0,60800.0,172815.0
2022-10-26 00:00:00+09:00,61500.0,62400.0,60600.0,61400.0,140494.0
2022-10-27 00:00:00+09:00,62100.0,62700.0,61400.0,62700.0,122626.0
2022-10-28 00:00:00+09:00,62700.0,65700.0,62200.0,64000.0,269707.0
2022-10-31 00:00:00+09:00,65300.0,65400.0,60000.0,61100.0,342558.0
2022-11-01 00:00:00+09:00,61500.0,61600.0,60200.0,60400.0,187361.0
2022-11-02 00:00:00+09:00,60800.0,61200.0,60100.0,60700.0,126048.0
2022-11-03 00:00:00+09:00,59400.0,61300.0,59400.0,60300.0,113618.0
2022-11-04 00:00:00+09:00,60000.0,61700.0,59800.0,61500.0,102562.0
2022-11-07 00:00:00+09:00,62500.0,63600.0,61900.0,62800.0,129929.0
2022-11-08 00:00:00+09:00,63700.0,63700.0,62100.0,62300.0,90595.0
2022-11-09 00:00:00+09:00,62800.0,63500.0,62300.0,62800.0,119771.0
2022-11-10 00:00:00+09:00,62000.0,62900.0,61600.0,61800.0,118829.0
2022-11-11 00:00:00+09:00,63500.0,63900.0,62100.0,62800.0,136539.0
2022-11-14 00:00:00+09:00,63300.0,64800.0,63100.0,63700.0,174969.0
2022-11-15 00:00:00+09:00,64000.0,64100.0,62900.0,63200.0,87320.0
2022-11-16 00:00:00+09:00,63800.0,63900.0,61200.0,61700.0,138577.0
2022-11-17 00:00:00+09:00,61700.0,62000.0,60500.0,60500.0,87670.0
2022-11-18 00:00:00+09:00,61000.0,61600.0,60500.0,60500.0,74336.0
2022-11-21 00:00:00+09:00,60800.0,61100.0,59700.0,60000.0,61976.0
2022-11-22 00:00:00+09:00,60100.0,60100.0,58900.0,59000.0,64983.0
2022-11-23 00:00:00+09:00,59300.0,60300.0,58800.0,60200.0,92014.0
2022-11-24 00:00:00+09:00,60500.0,60600.0,59300.0,59600.0,110689.0
2022-11-25 00:00:00+09:00,60000.0,60000.0,58700.0,58900.0,88043.0
2022-11-28 00:00:00+09:00,58900.0,60000.0,57600.0,59700.0,116915.0
2022-11-29 00:00:00+09:00,59700.0,60300.0,59100.0,60100.0,78268.0
2022-11-30 00:00:00+09:00,60000.0,60500.0,59500.0,59800.0,98186.0
2022-12-01 00:00:00+09:00,60700.0,61100.0,60100.0,60500.0,96627.0
2022-12-02 00:00:00+09:00,60800.0,60800.0,59500.0,59500.0,71619.0
2022-12-05 00:00:00+09:00,59800.0,60000.0,58000.0,58700.0,93722.0
2022-12-06 00:00:00+09:00,58500.0,58700.0,56800.0,57200.0,144147.0
2022-12-07 00:00:00+09:00,57000.0,57400.0,56400.0,56900.0,89736.0
2022-12-08 00:00:00+09:00,57200.0,57200.0,55600.0,56000.0,147718.0
2022-12-09 00:00:00+09:00,56300.0,56800.0,55700.0,56200.0,93078.0
2022-12-12 00:00:00+09:00,56100.0,56300.0,55300.0,55400.0,76467.0
2022-12-13 00:00:00+09:00,55500.0,55900.0,53200.0,53900.0,252039.0
2022-12-14 00:00:00+09:00,54100.0,56000.0,54000.0,55700.0,144496.0
2022-12-15 00:00:00+09:00,55500.0,56600.0,55300.0,55600.0,85931.0
2022-12-16 00:00:00+09:00,54800.0,56100.0,54500.0,54600.0,106233.0
2022-12-19 00:00:00+09:00,54600.0,54600.0,53000.0,53400.0,144477.0
2022-12-20 00:00:00+09:00,53300.0,53400.0,51900.0,53000.0,164602.0
2022-12-21 00:00:00+09:00,53400.0,53400.0,52300.0,52400.0,107614.0
2022-12-22 00:00:00+09:00,52700.0,53500.0,52700.0,53100.0,109069.0
2022-12-23 00:00:00+09:00,52000.0,52700.0,51500.0,51700.0,135969.0
2022-12-26 00:00:00+09:00,51600.0,52200.0,51000.0,51900.0,87328.0
2022-12-27 00:00:00+09:00,51800.0,52400.0,51500.0,51800.0,110829.0
2022-12-28 00:00:00+09:00,51000.0,51100.0,50200.0,51100.0,113985.0
2022-12-29 00:00:00+09:00,50600.0,50800.0,49400.0,49450.0,140711.0
2023-01-02 00:00:00+09:00,50700.0,52400.0,50200.0,50400.0,177854.0
2023-01-03 00:00:00+09:00,50400.0,51400.0,49000.0,51200.0,151520.0
2023-01-04 00:00:00+09:00,50200.0,51400.0,50200.0,50700.0,102942.0
2023-01-05 00:00:00+09:00,51200.0,51600.0,50000.0,50300.0,144706.0
2023-01-06 00:00:00+09:00,49950.0,52300.0,49950.0,51300.0,126409.0
2023-01-09 00:00:00+09:00,52000.0,54300.0,51700.0,53800.0,196651.0
2023-01-10 00:00:00+09:00,53800.0,54200.0,53100.0,53600.0,88346.0
2023-01-11 00:00:00+09:00,54100.0,54600.0,53300.0,53300.0,100237.0
2023-01-12 00:00:00+09:00,54100.0,54500.0,53500.0,53800.0,122361.0
2023-01-13 00:00:00+09:00,54300.0,55300.0,53900.0,54200.0,128385.0
2023-01-16 00:00:00+09:00,54700.0,54700.0,52900.0,53600.0,118100.0
2023-01-17 00:00:00+09:00,53800.0,54000.0,53000.0,53100.0,72206.0
2023-01-18 00:00:00+09:00,52700.0,53200.0,52500.0,52800.0,85997.0
2023-01-19 00:00:00+09:00,52300.0,52600.0,51800.0,51900.0,102346.0
2023-01-20 00:00:00+09:00,51700.0,52300.0,51600.0,52200.0,98566.0
2023-01-25 00:00:00+09:00,52600.0,53000.0,52200.0,52400.0,101595.0
2023-01-26 00:00:00+09:00,52600.0,54700.0,52600.0,54500.0,207963.0
2023-01-27 00:00:00+09:00,54700.0,55000.0,53600.0,53900.0,216530.0
2023-01-30 00:00:00+09:00,54400.0,54800.0,52700.0,52800.0,156956.0
2023-01-31 00:00:00+09:00,52700.0,53600.0,52200.0,53500.0,178157.0
2023-02-01 00:00:00+09:00,53800.0,54000.0,52400.0,53000.0,237663.0
2023-02-02 00:00:00+09:00,53400.0,53900.0,53000.0,53400.0,208420.0
2023-02-03 00:00:00+09:00,53700.0,55100.0,53400.0,54500.0,290784.0
2023-02-06 00:00:00+09:00,54700.0,55100.0,54100.0,54200.0,186413.0
2023-02-07 00:00:00+09:00,54500.0,55000.0,54000.0,54100.0,156260.0
2023-02-08 00:00:00+09:00,54700.0,55500.0,54200.0,55200.0,177155.0
2023-02-09 00:00:00+09:00,54900.0,55600.0,54700.0,54800.0,182704.0
2023-02-10 00:00:00+09:00,54700.0,55400.0,54000.0,55000.0,144586.0
2023-02-13 00:00:00+09:00,55000.0,55000.0,53600.0,54100.0,125901.0
2023-02-14 00:00:00+09:00,54400.0,55700.0,54100.0,54900.0,204714.0
2023-02-15 00:00:00+09:00,55500.0,55800.0,53100.0,53300.0,151748.0
2023-02-16 00:00:00+09:00,53900.0,55800.0,53700.0,55300.0,258322.0
2023-02-17 00:00:00+09:00,54600.0,55500.0,54400.0,54900.0,93923.0
2023-02-20 00:00:00+09:00,55100.0,55500.0,54400.0,55000.0,86376.0
2023-02-21 00:00:00+09:00,55500.0,55700.0,54700.0,55300.0,90519.0
2023-02-22 00:00:00+09:00,54600.0,54600.0,53400.0,53600.0,146628.0
2023-02-23 00:00:00+09:00,53800.0,57000.0,53800.0,56300.0,347362.0
2023-02-24 00:00:00+09:00,56300.0,56600.0,55100.0,55400.0,161681.0
2023-02-27 00:00:00+09:00,55200.0,55200.0,53600.0,54600.0,128730.0
2023-02-28 00:00:00+09:00,54800.0,56800.0,54800.0,55900.0,215504.0
2023-03-02 00:00:00+09:00,55900.0,57600.0,55800.0,56900.0,232811.0
2023-03-03 00:00:00+09:00,57200.0,57900.0,56800.0,57600.0,227213.0
2023-03-06 00:00:00+09:00,58200.0,59000.0,56900.0,57300.0,141568.0
2023-03-07 00:00:00+09:00,57700.0,57700.0,56200.0,56600.0,112939.0
2023-03-08 00:00:00+09:00,55900.0,56700.0,55600.0,56200.0,98529.0
2023-03-09 00:00:00+09:00,56000.0,57900.0,56000.0,56700.0,251444.0
2023-03-10 00:00:00+09:00,55900.0,57000.0,55600.0,55900.0,126895.0
2023-03-13 00:00:00+09:00,55600.0,56200.0,54700.0,55900.0,119802.0
2023-03-14 00:00:00+09:00,55500.0,55600.0,53100.0,53300.0,163256.0
2023-03-15 00:00:00+09:00,54000.0,55400.0,53700.0,54400.0,129876.0
2023-03-16 00:00:00+09:00,53900.0,54600.0,53100.0,54200.0,142227.0
2023-03-17 00:00:00+09:00,54600.0,55300.0,53500.0,54700.0,136732.0
2023-03-20 00:00:00+09:00,54300.0,55000.0,54100.0,54100.0,97039.0
2023-03-21 00:00:00+09:00,54900.0,55100.0,54200.0,54400.0,77829.0
2023-03-22 00:00:00+09:00,55000.0,55100.0,54100.0,54600.0,136277.0
2023-03-23 00:00:00+09:00,54100.0,55100.0,53900.0,54200.0,127967.0
2023-03-24 00:00:00+09:00,54400.0,54500.0,52700.0,52900.0,200394.0
2023-03-27 00:00:00+09:00,52900.0,53300.0,52500.0,53300.0,81390.0
2023-03-28 00:00:00+09:00,53300.0,54700.0,53200.0,54500.0,130390.0
2023-03-29 00:00:00+09:00,54500.0,55500.0,54400.0,54900.0,139804.0
2023-03-30 00:00:00+09:00,55300.0,56300.0,54600.0,55900.0,188871.0
2023-03-31 00:00:00+09:00,56500.0,57100.0,55600.0,56000.0,147831.0
2023-04-03 00:00:00+09:00,56600.0,58100.0,56600.0,56700.0,234713.0
2023-04-04 00:00:00+09:00,56700.0,58000.0,55500.0,55700.0,170438.0
2023-04-05 00:00:00+09:00,55700.0,57200.0,55700.0,57000.0,135301.0
2023-04-06 00:00:00+09:00,57100.0,57200.0,55300.0,55300.0,158575.0
2023-04-07 00:00:00+09:00,56000.0,56500.0,55300.0,55900.0,101452.0
2023-04-10 00:00:00+09:00,55800.0,56100.0,54600.0,55500.0,144877.0
2023-04-11 00:00:00+09:00,56000.0,64500.0,55500.0,64400.0,1631487.0
2023-04-12 00:00:00+09:00,66500.0,67000.0,64100.0,65200.0,1190063.0
2023-04-13 00:00:00+09:00,65200.0,65500.0,63500.0,65100.0,463639.0
2023-04-14 00:00:00+09:00,65300.0,65500.0,63300.0,63900.0,411736.0
2023-04-17 00:00:00+09:00,64500.0,64600.0,63200.0,64000.0,319386.0
2023-04-18 00:00:00+09:00,63900.0,63900.0,60800.0,61700.0,494398.0
2023-04-19 00:00:00+09:00,61700.0,62500.0,61400.0,62300.0,219626.0
2023-04-20 00:00:00+09:00,62100.0,62100.0,59900.0,60100.0,273691.0
2023-04-21 00:00:00+09:00,60300.0,60500.0,58700.0,59800.0,206532.0
2023-04-24 00:00:00+09:00,59400.0,62100.0,59400.0,61600.0,321692.0
2023-04-25 00:00:00+09:00,61500.0,63800.0,60500.0,61900.0,610441.0
2023-04-26 00:00:00+09:00,63200.0,63300.0,56800.0,56900.0,1037875.0
2023-04-27 00:00:00+09:00,56700.0,57800.0,56200.0,56500.0,337044.0
2023-04-28 00:00:00+09:00,56900.0,57000.0,55500.0,56000.0,246183.0
2023-05-02 00:00:00+09:00,56200.0,57800.0,56200.0,57700.0,220649.0
2023-05-03 00:00:00+09:00,57500.0,58100.0,56600.0,56800.0,117984.0
2023-05-04 00:00:00+09:00,56600.0,57100.0,56000.0,56900.0,138661.0
2023-05-08 00:00:00+09:00,57500.0,58300.0,57000.0,57700.0,155524.0
2023-05-09 00:00:00+09:00,57800.0,58800.0,56500.0,58400.0,226818.0
2023-05-10 00:00:00+09:00,58400.0,61100.0,58100.0,59400.0,336159.0
2023-05-11 00:00:00+09:00,59400.0,60500.0,58800.0,60000.0,206259.0
2023-05-12 00:00:00+09:00,60300.0,61000.0,59300.0,60200.0,200649.0
2023-05-15 00:00:00+09:00,60100.0,60800.0,59300.0,60500.0,154651.0
2023-05-16 00:00:00+09:00,60500.0,60500.0,58800.0,59600.0,153635.0
2023-05-17 00:00:00+09:00,59100.0,61800.0,59100.0,61400.0,225224.0
2023-05-18 00:00:00+09:00,61500.0,62200.0,61000.0,61500.0,120120.0
2023-05-19 00:00:00+09:00,61500.0,62000.0,60800.0,61900.0,177477.0
2023-05-22 00:00:00+09:00,61300.0,62200.0,60900.0,62000.0,123101.0
2023-05-23 00:00:00+09:00,62300.0,62400.0,61400.0,61800.0,104637.0
2023-05-24 00:00:00+09:00,61200.0,62500.0,61000.0,61800.0,128885.0
2023-05-25 00:00:00+09:00,61500.0,61900.0,60700.0,61200.0,131604.0
2023-05-26 00:00:00+09:00,61200.0,61500.0,59900.0,60800.0,130673.0
2023-05-30 00:00:00+09:00,61100.0,61500.0,60100.0,61000.0,96924.0
2023-05-31 00:00:00+09:00,61100.0,62500.0,60800.0,61400.0,128244.0
2023-06-01 00:00:00+09:00,61400.0,61800.0,59900.0,60100.0,134179.0
2023-06-02 00:00:00+09:00,60500.0,61500.0,60200.0,61000.0,101935.0
2023-06-05 00:00:00+09:00,61500.0,62000.0,61000.0,62000.0,125833.0
2023-06-07 00:00:00+09:00,62300.0,62400.0,59200.0,59700.0,262212.0
2023-06-08 00:00:00+09:00,59700.0,60300.0,59100.0,59700.0,143575.0
2023-06-09 00:00:00+09:00,60200.0,61200.0,59500.0,60900.0,264162.0
2023-06-12 00:00:00+09:00,60900.0,61300.0,59300.0,59500.0,117676.0
2023-06-13 00:00:00+09:00,59900.0,60500.0,59500.0,59600.0,118555.0
2023-06-14 00:00:00+09:00,60000.0,60500.0,59100.0,59400.0,116606.0
2023-06-15 00:00:00+09:00,59300.0,60300.0,59200.0,59400.0,114559.0
2023-06-16 00:00:00+09:00,59600.0,60200.0,59200.0,59200.0,132917.0
2023-06-19 00:00:00+09:00,59300.0,59300.0,57800.0,59000.0,104854.0
2023-06-20 00:00:00+09:00,58600.0,59300.0,58200.0,58400.0,90980.0
2023-06-21 00:00:00+09:00,58600.0,61800.0,57900.0,61600.0,393793.0
2023-06-22 00:00:00+09:00,61200.0,61300.0,60300.0,60800.0,124244.0
2023-06-23 00:00:00+09:00,60800.0,60800.0,59000.0,59100.0,143227.0
2023-06-26 00:00:00+09:00,59100.0,61600.0,58900.0,60700.0,197889.0
2023-06-27 00:00:00+09:00,60700.0,64400.0,60700.0,64100.0,640872.0
2023-06-28 00:00:00+09:00,65000.0,66800.0,64000.0,65900.0,789305.0
2023-06-29 00:00:00+09:00,65800.0,66300.0,64600.0,64800.0,275030.0
2023-06-30 00:00:00+09:00,64900.0,69000.0,64800.0,67000.0,600024.0
2023-07-03 00:00:00+09:00,67600.0,67700.0,66500.0,67100.0,258317.0
2023-07-04 00:00:00+09:00,67200.0,68700.0,66600.0,67800.0,248669.0
2023-07-05 00:00:00+09:00,67900.0,68100.0,66500.0,67100.0,203582.0
2023-07-06 00:00:00+09:00,67200.0,70500.0,67100.0,67800.0,591373.0
2023-07-07 00:00:00+09:00,68200.0,68500.0,65900.0,67900.0,309421.0
2023-07-10 00:00:00+09:00,68400.0,68400.0,66500.0,67300.0,202187.0
2023-07-11 00:00:00+09:00,67400.0,67800.0,66000.0,67500.0,189818.0
2023-07-12 00:00:00+09:00,67900.0,68000.0,66000.0,66400.0,199845.0
2023-07-13 00:00:00+09:00,66700.0,67400.0,65400.0,65600.0,246886.0
2023-07-14 00:00:00+09:00,66000.0,69100.0,66000.0,68000.0,369714.0
2023-07-17 00:00:00+09:00,68000.0,68400.0,65100.0,65900.0,240745.0
2023-07-18 00:00:00+09:00,66100.0,66800.0,64500.0,64700.0,197854.0
2023-07-19 00:00:00+09:00,65200.0,66300.0,64400.0,66100.0,186520.0
2023-07-20 00:00:00+09:00,66100.0,67500.0,65300.0,66500.0,208476.0
2023-07-21 00:00:00+09:00,66000.0,67900.0,65500.0,66100.0,193326.0
2023-07-24 00:00:00+09:00,65000.0,65800.0,63800.0,64100.0,195567.0
2023-07-25 00:00:00+09:00,64100.0,67100.0,64100.0,66300.0,254228.0
2023-07-26 00:00:00+09:00,66300.0,66500.0,62900.0,64100.0,305225.0
2023-07-27 00:00:00+09:00,64700.0,65400.0,63100.0,63600.0,234321.0
2023-07-28 00:00:00+09:00,63100.0,65400.0,61900.0,62100.0,280888.0
2023-07-31 00:00:00+09:00,62600.0,63300.0,61000.0,63100.0,269653.0
2023-08-01 00:00:00+09:00,63000.0,63500.0,61800.0,63500.0,161679.0
2023-08-02 00:00:00+09:00,63500.0,63500.0,60100.0,60400.0,309132.0
2023-08-03 00:00:00+09:00,60400.0,61100.0,59900.0,60600.0,138086.0
2023-08-04 00:00:00+09:00,60800.0,61000.0,59800.0,60500.0,97508.0
2023-08-07 00:00:00+09:00,60200.0,60300.0,58200.0,59100.0,166307.0
2023-08-08 00:00:00+09:00,59400.0,60200.0,58400.0,58600.0,136927.0
2023-08-09 00:00:00+09:00,58800.0,59100.0,57900.0,58900.0,153897.0
2023-08-10 00:00:00+09:00,58300.0,58900.0,57500.0,58800.0,168064.0
2023-08-11 00:00:00+09:00,58800.0,60900.0,58800.0,60000.0,194268.0
2023-08-14 00:00:00+09:00,60200.0,60400.0,59200.0,59200.0,100645.0
2023-08-16 00:00:00+09:00,58600.0,58800.0,57000.0,57100.0,248626.0
2023-08-17 00:00:00+09:00,56400.0,57500.0,56000.0,57500.0,123269.0
2023-08-18 00:00:00+09:00,56500.0,57700.0,56100.0,57100.0,98885.0
2023-08-21 00:00:00+09:00,57200.0,57600.0,56700.0,56700.0,55333.0
2023-08-22 00:00:00+09:00,56800.0,57600.0,56500.0,56900.0,79486.0
2023-08-23 00:00:00+09:00,56800.0,56800.0,56100.0,56600.0,76209.0
2023-08-24 00:00:00+09:00,56900.0,57100.0,56100.0,56200.0,86390.0
2023-08-25 00:00:00+09:00,55500.0,56000.0,55300.0,55700.0,67390.0
2023-08-28 00:00:00+09:00,56200.0,56500.0,55400.0,56100.0,64950.0
2023-08-29 00:00:00+09:00,56200.0,57600.0,56200.0,56900.0,79857.0
2023-08-30 00:00:00+09:00,57500.0,57800.0,57100.0,57200.0,55151.0
2023-08-31 00:00:00+09:00,57200.0,57600.0,56500.0,57600.0,94463.0
2023-09-01 00:00:00+09:00,57300.0,57800.0,56800.0,56800.0,82788.0
2023-09-04 00:00:00+09:00,56600.0,57100.0,56200.0,57100.0,58682.0
2023-09-05 00:00:00+09:00,57100.0,57600.0,56500.0,56800.0,92029.0
2023-09-06 00:00:00+09:00,56800.0,58100.0,55800.0,56000.0,141279.0
2023-09-07 00:00:00+09:00,56000.0,56200.0,54300.0,54800.0,161497.0
2023-09-08 00:00:00+09:00,54900.0,55400.0,54500.0,55300.0,54698.0
2023-09-11 00:00:00+09:00,55400.0,56800.0,55000.0,55600.0,102440.0
2023-09-12 00:00:00+09:00,56000.0,57400.0,55800.0,56600.0,119944.0
2023-09-13 00:00:00+09:00,56600.0,57500.0,56300.0,56900.0,94547.0
2023-09-14 00:00:00+09:00,57100.0,57400.0,56500.0,56900.0,124123.0
2023-09-15 00:00:00+09:00,57200.0,58000.0,57000.0,58000.0,115841.0
2023-09-18 00:00:00+09:00,57200.0,58000.0,57100.0,57500.0,54548.0
2023-09-19 00:00:00+09:00,57800.0,59700.0,57800.0,58700.0,195332.0
2023-09-20 00:00:00+09:00,58900.0,59800.0,58400.0,59500.0,130167.0
2023-09-21 00:00:00+09:00,59600.0,60300.0,58600.0,58600.0,159851.0
2023-09-22 00:00:00+09:00,58200.0,60000.0,57800.0,59800.0,119052.0
2023-09-25 00:00:00+09:00,60300.0,62700.0,59700.0,62600.0,301784.0
2023-09-26 00:00:00+09:00,62700.0,63000.0,61300.0,62600.0,207240.0
2023-09-27 00:00:00+09:00,62100.0,64000.0,61700.0,63700.0,248746.0
2023-10-04 00:00:00+09:00,62600.0,64400.0,62500.0,63300.0,228320.0
2023-10-05 00:00:00+09:00,63500.0,64300.0,61500.0,62400.0,159437.0
2023-10-06 00:00:00+09:00,62400.0,63100.0,61600.0,62700.0,101167.0
2023-10-10 00:00:00+09:00,63100.0,63600.0,61300.0,62000.0,148823.0
2023-10-11 00:00:00+09:00,62100.0,63800.0,62000.0,62200.0,114298.0
2023-10-12 00:00:00+09:00,62400.0,63300.0,61800.0,63100.0,128332.0
2023-10-13 00:00:00+09:00,63300.0,63600.0,61900.0,62400.0,104618.0
2023-10-16 00:00:00+09:00,62600.0,65000.0,61700.0,62200.0,267518.0
2023-10-17 00:00:00+09:00,62800.0,62800.0,60900.0,61000.0,120469.0
2023-10-18 00:00:00+09:00,61100.0,62400.0,61100.0,62100.0,112834.0
2023-10-19 00:00:00+09:00,61000.0,61300.0,60100.0,60700.0,101418.0
2023-10-20 00:00:00+09:00,60600.0,61200.0,59600.0,60200.0,102169.0
2023-10-23 00:00:00+09:00,60200.0,62400.0,60200.0,61800.0,117020.0
2023-10-24 00:00:00+09:00,62100.0,62100.0,60300.0,60700.0,96358.0
2023-10-25 00:00:00+09:00,61000.0,61800.0,59700.0,61300.0,94279.0
2023-10-26 00:00:00+09:00,60600.0,61200.0,59800.0,60200.0,92700.0
2023-10-27 00:00:00+09:00,60800.0,61800.0,60200.0,60800.0,145966.0
2023-10-30 00:00:00+09:00,60200.0,61000.0,56200.0,56700.0,256765.0
2023-10-31 00:00:00+09:00,57200.0,58200.0,56000.0,56000.0,157544.0
2023-11-01 00:00:00+09:00,56900.0,56900.0,51700.0,52200.0,427978.0
2023-11-02 00:00:00+09:00,52600.0,53200.0,51900.0,52300.0,359619.0
2023-11-03 00:00:00+09:00,52900.0,53100.0,51500.0,52100.0,233565.0
2023-11-06 00:00:00+09:00,54000.0,55300.0,52600.0,55300.0,324125.0
2023-11-07 00:00:00+09:00,55200.0,55200.0,53300.0,53700.0,141459.0
2023-11-08 00:00:00+09:00,53900.0,54800.0,53500.0,53700.0,92857.0
2023-11-09 00:00:00+09:00,53800.0,54400.0,53000.0,53300.0,128391.0
2023-11-10 00:00:00+09:00,52800.0,53100.0,52300.0,52900.0,71766.0
2023-11-13 00:00:00+09:00,53400.0,53400.0,52300.0,52500.0,68052.0
2023-11-14 00:00:00+09:00,52900.0,53700.0,52800.0,53500.0,104350.0
2023-11-15 00:00:00+09:00,54500.0,54900.0,54100.0,54700.0,162339.0
2023-11-16 00:00:00+09:00,55000.0,55800.0,54500.0,55600.0,139647.0
2023-11-17 00:00:00+09:00,55600.0,57200.0,55000.0,57100.0,130746.0
2023-11-20 00:00:00+09:00,57000.0,57000.0,55700.0,56700.0,96948.0
2023-11-21 00:00:00+09:00,56500.0,57100.0,56200.0,56400.0,145580.0
2023-11-22 00:00:00+09:00,56500.0,56500.0,55300.0,55900.0,113739.0
2023-11-23 00:00:00+09:00,56200.0,56900.0,55700.0,56800.0,135069.0
2023-11-24 00:00:00+09:00,56800.0,59000.0,56600.0,58400.0,149100.0
2023-11-27 00:00:00+09:00,58400.0,59400.0,58300.0,58800.0,67142.0
2023-11-28 00:00:00+09:00,58500.0,59500.0,57900.0,59000.0,83249.0
2023-11-29 00:00:00+09:00,58700.0,60600.0,58300.0,60400.0,125118.0
2023-11-30 00:00:00+09:00,60300.0,60600.0,59300.0,59600.0,95469.0
2023-12-01 00:00:00+09:00,59600.0,59800.0,58700.0,59300.0,72137.0
2023-12-04 00:00:00+09:00,59700.0,61300.0,59500.0,60300.0,100119.0
2023-12-05 00:00:00+09:00,60000.0,60500.0,59500.0,59500.0,66278.0
2023-12-06 00:00:00+09:00,59700.0,60300.0,58800.0,59800.0,60279.0
2023-12-07 00:00:00+09:00,59900.0,60200.0,58500.0,59700.0,64171.0
2023-12-08 00:00:00+09:00,60000.0,60300.0,59600.0,59900.0,38897.0
2023-12-11 00:00:00+09:00,60200.0,61100.0,59500.0,60800.0,60123.0
2023-12-12 00:00:00+09:00,61000.0,61400.0,60500.0,60600.0,54182.0
2023-12-13 00:00:00+09:00,60600.0,61300.0,60400.0,60400.0,55900.0
2023-12-14 00:00:00+09:00,61000.0,61300.0,60100.0,60600.0,87983.0
2023-12-15 00:00:00+09:00,61300.0,63000.0,61100.0,62900.0,194355.0
2023-12-18 00:00:00+09:00,62600.0,63000.0,61500.0,61900.0,92102.0
2023-12-19 00:00:00+09:00,61700.0,61900.0,60700.0,61500.0,71761.0
2023-12-20 00:00:00+09:00,61500.0,63900.0,61300.0,63400.0,167487.0
2023-12-21 00:00:00+09:00,62900.0,65000.0,62600.0,63800.0,135762.0
2023-12-22 00:00:00+09:00,64700.0,64700.0,63500.0,63800.0,70239.0
2023-12-26 00:00:00+09:00,63800.0,63800.0,62300.0,63200.0,80837.0
2023-12-27 00:00:00+09:00,62500.0,63700.0,62400.0,63700.0,61549.0
2023-12-28 00:00:00+09:00,64200.0,65700.0,63800.0,65100.0,127406.0
2024-01-02 00:00:00+09:00,65100.0,65200.0,63600.0,64000.0,56562.0
2024-01-03 00:00:00+09:00,63300.0,63400.0,62000.0,62200.0,87227.0
2024-01-04 00:00:00+09:00,61700.0,62100.0,60400.0,61000.0,77494.0
2024-01-05 00:00:00+09:00,60900.0,61400.0,60000.0,60300.0,77693.0
2024-01-08 00:00:00+09:00,60600.0,60900.0,60100.0,60400.0,49792.0
2024-01-09 00:00:00+09:00,61000.0,61600.0,60100.0,60200.0,69745.0
2024-01-10 00:00:00+09:00,60200.0,60500.0,59300.0,60000.0,51338.0
2024-01-11 00:00:00+09:00,60500.0,60600.0,59300.0,59300.0,54319.0
2024-01-12 00:00:00+09:00,59300.0,59500.0,58300.0,58600.0,80450.0
2024-01-15 00:00:00+09:00,58700.0,59400.0,58100.0,59000.0,50336.0
2024-01-16 00:00:00+09:00,59100.0,59500.0,57500.0,57600.0,63233.0
2024-01-17 00:00:00+09:00,57300.0,58000.0,55300.0,55500.0,91281.0
2024-01-18 00:00:00+09:00,55100.0,55900.0,54800.0,55000.0,59475.0
2024-01-19 00:00:00+09:00,55500.0,56000.0,55100.0,55200.0,49426.0
2024-01-22 00:00:00+09:00,55600.0,55700.0,54500.0,55200.0,45737.0
2024-01-23 00:00:00+09:00,55700.0,56300.0,54700.0,55900.0,41872.0
2024-01-24 00:00:00+09:00,56200.0,56200.0,55200.0,55500.0,40941.0
2024-01-25 00:00:00+09:00,55100.0,58400.0,55000.0,58000.0,124474.0
2024-01-26 00:00:00+09:00,58200.0,58300.0,56800.0,56800.0,65448.0
2024-01-29 00:00:00+09:00,56800.0,58900.0,56500.0,58000.0,78904.0
2024-01-30 00:00:00+09:00,58700.0,59200.0,57300.0,57300.0,52727.0
2024-01-31 00:00:00+09:00,57300.0,58300.0,57100.0,58300.0,94862.0
2024-02-01 00:00:00+09:00,57300.0,61100.0,57000.0,60400.0,218811.0
2024-02-02 00:00:00+09:00,61500.0,65500.0,61000.0,64500.0,510224.0
2024-02-05 00:00:00+09:00,65900.0,67000.0,61500.0,63400.0,320101.0
2024-02-06 00:00:00+09:00,63200.0,63200.0,60500.0,60900.0,154766.0
2024-02-07 00:00:00+09:00,61000.0,62600.0,61000.0,62200.0,135906.0
2024-02-08 00:00:00+09:00,62200.0,63000.0,61100.0,61700.0,115545.0
2024-02-13 00:00:00+09:00,62200.0,64500.0,61800.0,62000.0,139683.0
2024-02-14 00:00:00+09:00,61300.0,62200.0,60700.0,61400.0,75997.0
2024-02-15 00:00:00+09:00,62400.0,62400.0,59800.0,60000.0,117654.0
2024-02-16 00:00:00+09:00,60400.0,60900.0,59800.0,60900.0,113977.0
2024-02-19 00:00:00+09:00,61200.0,61900.0,60500.0,61300.0,93698.0
2024-02-20 00:00:00+09:00,61500.0,62200.0,60500.0,60800.0,99006.0
2024-02-21 00:00:00+09:00,60700.0,61400.0,59700.0,59900.0,111159.0
2024-02-22 00:00:00+09:00,60000.0,61600.0,59700.0,61100.0,96322.0
2024-02-23 00:00:00+09:00,61000.0,62200.0,60800.0,61200.0,80221.0
2024-02-26 00:00:00+09:00,60900.0,61000.0,58600.0,59500.0,155801.0
2024-02-27 00:00:00+09:00,59800.0,60600.0,59000.0,59200.0,72798.0
2024-02-28 00:00:00+09:00,59200.0,60700.0,59100.0,60400.0,67532.0
2024-02-29 00:00:00+09:00,60400.0,61000.0,59500.0,60100.0,111313.0
2024-03-04 00:00:00+09:00,60800.0,60900.0,59400.0,59400.0,121908.0
2024-03-05 00:00:00+09:00,59000.0,59500.0,58000.0,58100.0,121276.0
2024-03-06 00:00:00+09:00,58100.0,58600.0,57100.0,57900.0,101521.0
2024-03-07 00:00:00+09:00,58200.0,58600.0,56700.0,57300.0,114364.0
2024-03-08 00:00:00+09:00,57700.0,58400.0,57400.0,57900.0,68581.0
2024-03-11 00:00:00+09:00,57900.0,58500.0,57000.0,57100.0,88441.0
2024-03-12 00:00:00+09:00,57600.0,57900.0,56800.0,57300.0,90457.0
2024-03-13 00:00:00+09:00,57400.0,57700.0,56500.0,56700.0,125850.0
2024-03-14 00:00:00+09:00,56900.0,58300.0,56600.0,57700.0,117313.0
2024-03-15 00:00:00+09:00,57700.0,58400.0,57100.0,57100.0,102060.0
2024-03-18 00:00:00+09:00,57600.0,58200.0,57000.0,57600.0,58285.0
2024-03-19 00:00:00+09:00,57500.0,58800.0,57300.0,58100.0,115298.0
2024-03-20 00:00:00+09:00,58600.0,59100.0,57800.0,58000.0,121213.0
2024-03-21 00:00:00+09:00,58600.0,60700.0,58300.0,60000.0,178563.0
2024-03-22 00:00:00+09:00,60800.0,60900.0,59500.0,59900.0,110617.0
2024-03-25 00:00:00+09:00,59900.0,59900.0,57600.0,57800.0,145380.0
2024-03-26 00:00:00+09:00,58200.0,58800.0,57600.0,57700.0,104473.0
2024-03-27 00:00:00+09:00,57500.0,58000.0,57100.0,57400.0,135481.0
2024-03-28 00:00:00+09:00,57600.0,57600.0,56500.0,56900.0,114400.0
2024-03-29 00:00:00+09:00,57000.0,57200.0,56500.0,56700.0,73429.0
2024-04-01 00:00:00+09:00,57500.0,58400.0,57200.0,58200.0,99498.0
2024-04-02 00:00:00+09:00,58500.0,58600.0,56900.0,57200.0,191925.0
2024-04-03 00:00:00+09:00,56600.0,57100.0,56400.0,56700.0,130779.0
2024-04-04 00:00:00+09:00,57000.0,57000.0,55800.0,56300.0,115920.0
2024-04-05 00:00:00+09:00,55800.0,56800.0,55600.0,56100.0,84507.0
2024-04-08 00:00:00+09:00,56100.0,57200.0,55900.0,56200.0,95204.0
2024-04-09 00:00:00+09:00,56700.0,57400.0,56300.0,56700.0,76516.0
2024-04-11 00:00:00+09:00,56100.0,57900.0,55600.0,57600.0,122019.0
2024-04-12 00:00:00+09:00,58000.0,58300.0,57200.0,58000.0,96125.0
2024-04-15 00:00:00+09:00,57300.0,58300.0,56600.0,57900.0,70400.0
2024-04-16 00:00:00+09:00,57400.0,57700.0,56200.0,56900.0,75789.0
2024-04-17 00:00:00+09:00,56900.0,57400.0,55600.0,55600.0,97244.0
2024-04-18 00:00:00+09:00,55700.0,56700.0,55500.0,56700.0,77736.0
2024-04-19 00:00:00+09:00,56100.0,56300.0,54500.0,55200.0,109122.0
2024-04-22 00:00:00+09:00,55700.0,57500.0,55700.0,57300.0,83639.0
2024-04-23 00:00:00+09:00,57300.0,57500.0,56400.0,56800.0,53072.0
2024-04-24 00:00:00+09:00,57400.0,57700.0,55400.0,57500.0,87378.0
2024-04-25 00:00:00+09:00,57000.0,58600.0,56900.0,58100.0,108120.0
2024-04-26 00:00:00+09:00,58200.0,58500.0,56900.0,57200.0,80371.0
2024-04-29 00:00:00+09:00,57200.0,58900.0,56900.0,58600.0,126223.0
2024-04-30 00:00:00+09:00,58500.0,59000.0,57600.0,58100.0,132503.0
2024-05-02 00:00:00+09:00,58400.0,59200.0,58000.0,58900.0,89019.0
2024-05-03 00:00:00+09:00,58900.0,58900.0,56900.0,57200.0,120862.0
2024-05-07 00:00:00+09:00,57500.0,58100.0,57400.0,57900.0,86678.0
2024-05-08 00:00:00+09:00,57900.0,58200.0,57100.0,58100.0,61887.0
2024-05-09 00:00:00+09:00,58000.0,58400.0,57400.0,57600.0,98007.0
2024-05-10 00:00:00+09:00,57900.0,58100.0,57200.0,57500.0,71446.0
2024-05-13 00:00:00+09:00,57700.0,57800.0,56600.0,56800.0,65000.0
2024-05-14 00:00:00+09:00,57000.0,57400.0,56500.0,56800.0,55169.0
2024-05-16 00:00:00+09:00,57200.0,57300.0,56800.0,57000.0,49578.0
2024-05-17 00:00:00+09:00,56800.0,57200.0,56300.0,56600.0,51410.0
2024-05-20 00:00:00+09:00,56900.0,57300.0,56400.0,56700.0,49148.0
2024-05-21 00:00:00+09:00,56500.0,56500.0,55500.0,55700.0,111855.0
2024-05-22 00:00:00+09:00,55600.0,57000.0,55500.0,56800.0,83573.0
2024-05-23 00:00:00+09:00,56700.0,56700.0,55800.0,56100.0,59503.0
2024-05-24 00:00:00+09:00,55600.0,56100.0,55400.0,55600.0,61045.0
2024-05-27 00:00:00+09:00,55600.0,56900.0,55100.0,56500.0,94598.0
2024-05-28 00:00:00+09:00,56300.0,56900.0,56300.0,56500.0,60127.0
2024-05-29 00:00:00+09:00,56100.0,56200.0,55400.0,55900.0,80830.0
2024-05-30 00:00:00+09:00,55500.0,55600.0,55000.0,55200.0,59753.0
2024-05-31 00:00:00+09:00,55600.0,56000.0,55200.0,55600.0,78662.0
2024-06-03 00:00:00+09:00,56000.0,56900.0,55800.0,56100.0,60671.0
2024-06-04 00:00:00+09:00,55600.0,56200.0,55100.0,55100.0,58408.0
2024-06-05 00:00:00+09:00,55700.0,58200.0,55500.0,57900.0,239599.0
2024-06-07 00:00:00+09:00,57500.0,57900.0,56700.0,57000.0,79836.0
2024-06-10 00:00:00+09:00,56400.0,57100.0,56100.0,56700.0,53674.0
2024-06-11 00:00:00+09:00,56800.0,57500.0,56800.0,57200.0,64398.0
2024-06-12 00:00:00+09:00,57200.0,57600.0,56600.0,57200.0,56698.0
2024-06-13 00:00:00+09:00,57400.0,58200.0,56500.0,56500.0,193645.0
2024-06-14 00:00:00+09:00,56300.0,58200.0,55700.0,57700.0,335069.0
2024-06-17 00:00:00+09:00,57800.0,58800.0,57100.0,57100.0,146911.0
2024-06-18 00:00:00+09:00,57700.0,61700.0,57300.0,59400.0,650343.0
2024-06-19 00:00:00+09:00,59800.0,60000.0,58700.0,59200.0,166577.0
2024-06-20 00:00:00+09:00,59700.0,59700.0,58500.0,58700.0,102204.0
2024-06-21 00:00:00+09:00,59100.0,59200.0,57100.0,57800.0,155603.0
2024-06-24 00:00:00+09:00,57300.0,58400.0,57300.0,58000.0,77266.0
2024-06-25 00:00:00+09:00,58500.0,59700.0,58100.0,58800.0,167595.0
2024-06-26 00:00:00+09:00,58400.0,59500.0,58100.0,58500.0,106112.0
2024-06-27 00:00:00+09:00,58000.0,58800.0,57600.0,58300.0,67349.0
2024-06-28 00:00:00+09:00,58700.0,59200.0,57800.0,57900.0,94418.0
2024-07-01 00:00:00+09:00,57600.0,58900.0,57600.0,58400.0,71046.0
2024-07-02 00:00:00+09:00,58000.0,58000.0,56100.0,56200.0,174293.0
2024-07-03 00:00:00+09:00,56400.0,57300.0,56400.0,56900.0,86377.0
2024-07-04 00:00:00+09:00,57100.0,57700.0,56500.0,57700.0,85079.0
2024-07-05 00:00:00+09:00,57800.0,57900.0,56700.0,56900.0,106353.0
2024-07-08 00:00:00+09:00,56400.0,57000.0,56400.0,56600.0,70095.0
2024-07-09 00:00:00+09:00,57100.0,57100.0,55800.0,56400.0,126902.0
2024-07-10 00:00:00+09:00,56100.0,56500.0,55600.0,55600.0,95239.0
2024-07-11 00:00:00+09:00,56000.0,56100.0,55500.0,55800.0,113399.0
2024-07-12 00:00:00+09:00,55900.0,56600.0,55700.0,56100.0,62446.0
2024-07-15 00:00:00+09:00,56600.0,56600.0,55900.0,55900.0,61661.0
2024-07-16 00:00:00+09:00,56200.0,56600.0,55800.0,56000.0,70790.0
2024-07-17 00:00:00+09:00,56100.0,56300.0,55600.0,55600.0,66187.0
2024-07-18 00:00:00+09:00,55700.0,55700.0,54900.0,55700.0,99647.0
2024-07-19 00:00:00+09:00,55100.0,55600.0,54800.0,55400.0,67643.0
2024-07-22 00:00:00+09:00,55500.0,55500.0,54000.0,54500.0,98482.0
2024-07-23 00:00:00+09:00,54400.0,55400.0,53900.0,53900.0,85676.0
2024-07-24 00:00:00+09:00,53700.0,53800.0,52900.0,53000.0,90036.0
2024-07-25 00:00:00+09:00,52700.0,53400.0,52000.0,53000.0,93693.0
2024-07-26 00:00:00+09:00,53100.0,53600.0,52400.0,53200.0,67002.0
2024-07-29 00:00:00+09:00,53400.0,54300.0,52900.0,53200.0,74682.0
2024-07-30 00:00:00+09:00,53100.0,53200.0,51700.0,51700.0,99516.0
2024-07-31 00:00:00+09:00,51700.0,52700.0,51500.0,52600.0,65480.0
2024-08-01 00:00:00+09:00,52300.0,53900.0,52300.0,52400.0,83225.0
2024-08-02 00:00:00+09:00,52000.0,52500.0,51100.0,51600.0,88245.0
2024-08-05 00:00:00+09:00,50900.0,51100.0,45450.0,46150.0,211997.0
2024-08-06 00:00:00+09:00,46150.0,48900.0,46150.0,47050.0,143825.0
2024-08-07 00:00:00+09:00,46950.0,47950.0,46700.0,47500.0,88959.0
2024-08-08 00:00:00+09:00,47150.0,47950.0,46800.0,47600.0,59195.0
2024-08-09 00:00:00+09:00,48300.0,48500.0,47600.0,47800.0,46543.0
2024-08-12 00:00:00+09:00,47850.0,49750.0,47850.0,49750.0,49997.0
2024-08-13 00:00:00+09:00,49350.0,50600.0,49350.0,49900.0,55267.0
2024-08-14 00:00:00+09:00,50400.0,51600.0,50200.0,51300.0,66564.0
2024-08-16 00:00:00+09:00,51900.0,52300.0,51300.0,51700.0,61048.0
2024-08-19 00:00:00+09:00,51700.0,52600.0,51300.0,52000.0,44872.0
2024-08-20 00:00:00+09:00,52000.0,52100.0,51100.0,51700.0,30551.0
2024-08-21 00:00:00+09:00,51900.0,52200.0,51200.0,51800.0,24940.0
2024-08-22 00:00:00+09:00,51900.0,52700.0,51200.0,51800.0,59592.0
2024-08-23 00:00:00+09:00,51400.0,52300.0,51300.0,52100.0,31478.0
2024-08-26 00:00:00+09:00,52200.0,52600.0,51500.0,52000.0,24942.0
2024-08-27 00:00:00+09:00,51900.0,52400.0,51400.0,52000.0,39692.0
2024-08-28 00:00:00+09:00,51700.0,52700.0,51200.0,52200.0,40194.0
2024-08-29 00:00:00+09:00,52400.0,52700.0,51600.0,52500.0,59396.0
2024-08-30 00:00:00+09:00,52800.0,52800.0,51100.0,51200.0,76196.0
2024-09-02 00:00:00+09:00,51200.0,51300.0,49900.0,50000.0,68949.0
2024-09-03 00:00:00+09:00,50500.0,50600.0,49700.0,50100.0,53352.0
2024-09-04 00:00:00+09:00,48950.0,49400.0,48200.0,48400.0,75804.0
2024-09-05 00:00:00+09:00,48600.0,49400.0,48100.0,48800.0,47607.0
2024-09-06 00:00:00+09:00,49000.0,49650.0,48250.0,49300.0,64778.0
2024-09-09 00:00:00+09:00,48500.0,49350.0,48100.0,49300.0,36662.0
2024-09-10 00:00:00+09:00,49450.0,50000.0,48600.0,49000.0,33609.0
2024-09-11 00:00:00+09:00,49000.0,49200.0,47800.0,48350.0,51258.0
2024-09-12 00:00:00+09:00,48700.0,50300.0,48450.0,50300.0,106264.0
2024-09-13 00:00:00+09:00,50700.0,53800.0,50700.0,51600.0,182853.0
2024-09-19 00:00:00+09:00,52100.0,52400.0,51000.0,52300.0,83173.0
2024-09-20 00:00:00+09:00,53000.0,53000.0,51900.0,51900.0,58916.0
2024-09-23 00:00:00+09:00,52300.0,52500.0,51600.0,52200.0,34286.0
2024-09-24 00:00:00+09:00,52300.0,52700.0,51800.0,52700.0,42066.0
2024-09-25 00:00:00+09:00,52700.0,53500.0,51800.0,51800.0,84267.0
2024-09-26 00:00:00+09:00,51800.0,53000.0,51500.0,52900.0,71250.0
2024-09-27 00:00:00+09:00,53000.0,53100.0,52100.0,52600.0,64469.0
2024-09-30 00:00:00+09:00,53000.0,53000.0,51500.0,51500.0,59489.0
2024-10-02 00:00:00+09:00,50800.0,51800.0,50400.0,51100.0,59499.0
2024-10-04 00:00:00+09:00,51200.0,51400.0,50100.0,50700.0,47661.0
2024-10-07 00:00:00+09:00,51100.0,52400.0,50500.0,51800.0,78985.0
2024-10-08 00:00:00+09:00,51600.0,51600.0,50600.0,50700.0,51051.0
2024-10-10 00:00:00+09:00,51200.0,51900.0,50700.0,51000.0,80820.0
2024-10-11 00:00:00+09:00,51600.0,52000.0,51200.0,51200.0,32619.0
2024-10-14 00:00:00+09:00,51300.0,51600.0,50500.0,51100.0,30510.0
2024-10-15 00:00:00+09:00,51300.0,51700.0,50800.0,51600.0,39326.0
2024-10-16 00:00:00+09:00,51100.0,51500.0,49300.0,50300.0,151701.0
2024-10-17 00:00:00+09:00,50000.0,50100.0,48200.0,48300.0,154670.0
2024-10-18 00:00:00+09:00,48700.0,48950.0,47150.0,47400.0,126773.0
2024-10-21 00:00:00+09:00,47400.0,48350.0,47400.0,48100.0,55506.0
2024-10-22 00:00:00+09:00,48100.0,48950.0,47500.0,47800.0,79600.0
2024-10-23 00:00:00+09:00,47850.0,48150.0,47250.0,47900.0,70664.0
2024-10-24 00:00:00+09:00,47900.0,48650.0,47500.0,48550.0,79500.0
2024-10-25 00:00:00+09:00,48550.0,49200.0,45500.0,46300.0,139897.0
2024-10-28 00:00:00+09:00,46300.0,46300.0,42800.0,43300.0,334640.0
2024-10-29 00:00:00+09:00,43300.0,43350.0,42200.0,42450.0,171584.0
2024-10-30 00:00:00+09:00,42450.0,42700.0,42200.0,42450.0,65000.0
2024-10-31 00:00:00+09:00,42450.0,42500.0,41500.0,41700.0,222068.0
2024-11-01 00:00:00+09:00,41250.0,41950.0,40950.0,41800.0,101437.0
2024-11-04 00:00:00+09:00,41950.0,42450.0,41550.0,42300.0,82541.0
2024-11-05 00:00:00+09:00,42100.0,42500.0,42050.0,42250.0,46729.0
2024-11-06 00:00:00+09:00,42300.0,42900.0,41900.0,42250.0,96423.0
2024-11-07 00:00:00+09:00,42300.0,42300.0,41150.0,41950.0,68313.0
2024-11-08 00:00:00+09:00,42200.0,42450.0,41800.0,41900.0,44642.0
2024-11-11 00:00:00+09:00,41900.0,41900.0,41050.0,41400.0,51458.0
2024-11-12 00:00:00+09:00,41150.0,41600.0,40600.0,40850.0,68255.0
2024-11-13 00:00:00+09:00,40300.0,40600.0,39900.0,39950.0,76340.0
2024-11-14 00:00:00+09:00,40000.0,41000.0,40000.0,40600.0,73988.0
2024-11-15 00:00:00+09:00,40100.0,40550.0,39450.0,39900.0,72506.0
2024-11-18 00:00:00+09:00,39950.0,42750.0,39700.0,42500.0,124564.0
2024-11-19 00:00:00+09:00,42100.0,42700.0,41750.0,42300.0,40113.0
2024-11-20 00:00:00+09:00,42000.0,42950.0,41850.0,42100.0,42438.0
2024-11-21 00:00:00+09:00,42300.0,42450.0,41850.0,42050.0,33932.0
2024-11-22 00:00:00+09:00,42100.0,42200.0,41700.0,42100.0,30980.0
2024-11-25 00:00:00+09:00,42250.0,42700.0,41800.0,42550.0,62547.0
2024-11-26 00:00:00+09:00,42150.0,42600.0,42000.0,42350.0,28921.0
2024-11-27 00:00:00+09:00,42050.0,42300.0,40650.0,40900.0,66567.0
2024-11-28 00:00:00+09:00,41300.0,41650.0,40650.0,41600.0,36440.0
2024-11-29 00:00:00+09:00,41600.0,41600.0,40300.0,40750.0,38268.0
2024-12-02 00:00:00+09:00,41050.0,41400.0,39800.0,40000.0,60993.0
2024-12-03 00:00:00+09:00,40350.0,40650.0,40050.0,40550.0,42927.0
2024-12-04 00:00:00+09:00,40000.0,40400.0,39450.0,39650.0,64194.0
2024-12-05 00:00:00+09:00,39500.0,39700.0,38450.0,38450.0,71855.0
2024-12-06 00:00:00+09:00,38400.0,38900.0,36400.0,38400.0,70261.0
2024-12-09 00:00:00+09:00,37700.0,37900.0,36950.0,37050.0,86268.0
2024-12-10 00:00:00+09:00,36950.0,38900.0,36950.0,38650.0,56800.0
2024-12-11 00:00:00+09:00,38200.0,39750.0,38200.0,39700.0,47024.0
2024-12-12 00:00:00+09:00,39700.0,40350.0,39600.0,39700.0,117015.0
2024-12-13 00:00:00+09:00,39500.0,40850.0,39400.0,40450.0,190962.0
2024-12-16 00:00:00+09:00,40350.0,40500.0,39450.0,39450.0,89341.0
2024-12-17 00:00:00+09:00,39550.0,39750.0,39100.0,39150.0,42024.0
2024-12-18 00:00:00+09:00,39450.0,40150.0,39200.0,40000.0,54558.0
2024-12-19 00:00:00+09:00,39250.0,39600.0,38600.0,38950.0,45455.0
2024-12-20 00:00:00+09:00,38600.0,38950.0,37850.0,38550.0,59931.0
2024-12-23 00:00:00+09:00,38550.0,39350.0,38500.0,39350.0,36605.0
2024-12-24 00:00:00+09:00,39350.0,39550.0,39000.0,39250.0,34773.0
2024-12-26 00:00:00+09:00,39250.0,39500.0,38850.0,39000.0,30432.0
2024-12-27 00:00:00+09:00,38900.0,38950.0,37850.0,38050.0,49784.0
2024-12-30 00:00:00+09:00,37650.0,38600.0,37650.0,37800.0,25372.0
2025-01-02 00:00:00+09:00,38100.0,38800.0,37850.0,38500.0,41331.0
2025-01-03 00:00:00+09:00,38500.0,39750.0,38500.0,39300.0,51520.0
2025-01-06 00:00:00+09:00,39550.0,39550.0,38800.0,39400.0,43907.0
2025-01-07 00:00:00+09:00,39400.0,40000.0,39350.0,39500.0,40902.0
2025-01-08 00:00:00+09:00,39200.0,40100.0,39200.0,39900.0,51492.0
2025-01-09 00:00:00+09:00,39550.0,41000.0,39550.0,39700.0,112577.0
2025-01-10 00:00:00+09:00,39800.0,41050.0,39800.0,40500.0,111905.0
2025-01-13 00:00:00+09:00,40150.0,40400.0,39550.0,40200.0,60830.0
2025-01-14 00:00:00+09:00,40200.0,40650.0,39800.0,40500.0,43817.0
2025-01-15 00:00:00+09:00,40550.0,41100.0,40350.0,40750.0,80730.0
2025-01-16 00:00:00+09:00,41200.0,41200.0,39950.0,40050.0,70597.0
2025-01-17 00:00:00+09:00,39850.0,40300.0,39500.0,40100.0,57417.0
2025-01-20 00:00:00+09:00,40000.0,40300.0,39700.0,40300.0,38970.0
2025-01-21 00:00:00+09:00,40300.0,41000.0,39800.0,40250.0,60065.0
2025-01-22 00:00:00+09:00,40550.0,40600.0,39750.0,40050.0,47804.0
2025-01-23 00:00:00+09:00,40250.0,40250.0,39400.0,39400.0,51711.0
2025-01-24 00:00:00+09:00,39450.0,40400.0,39450.0,39950.0,52209.0
2025-01-31 00:00:00+09:00,40400.0,40450.0,38800.0,38950.0,86976.0
2025-02-03 00:00:00+09:00,38200.0,38250.0,36900.0,37400.0,89595.0
2025-02-04 00:00:00+09:00,37750.0,38900.0,37750.0,37950.0,56711.0
2025-02-05 00:00:00+09:00,38150.0,39150.0,37750.0,38650.0,60507.0
2025-02-06 00:00:00+09:00,38750.0,39100.0,38000.0,38200.0,84792.0
2025-02-07 00:00:00+09:00,38200.0,39250.0,38000.0,38600.0,66684.0
2025-02-10 00:00:00+09:00,38500.0,39000.0,37400.0,38900.0,72707.0
2025-02-11 00:00:00+09:00,38900.0,39200.0,38200.0,38450.0,62294.0
2025-02-12 00:00:00+09:00,38500.0,38500.0,38000.0,38250.0,48214.0
2025-02-13 00:00:00+09:00,38400.0,39450.0,38400.0,38700.0,98810.0
2025-02-14 00:00:00+09:00,38850.0,40100.0,38850.0,39500.0,101861.0
2025-02-17 00:00:00+09:00,39000.0,39550.0,38550.0,39350.0,73275.0
2025-02-18 00:00:00+09:00,39700.0,42700.0,39500.0,42700.0,246302.0
2025-02-19 00:00:00+09:00,43050.0,43300.0,42350.0,42750.0,140929.0
2025-02-20 00:00:00+09:00,42800.0,42800.0,41500.0,41850.0,90855.0
2025-02-21 00:00:00+09:00,42500.0,43900.0,42300.0,42800.0,160582.0
2025-02-24 00:00:00+09:00,42800.0,43200.0,42250.0,42900.0,84291.0
2025-02-25 00:00:00+09:00,42900.0,42900.0,41750.0,41800.0,66979.0
2025-02-26 00:00:00+09:00,41800.0,43000.0,41800.0,42900.0,68475.0
2025-02-27 00:00:00+09:00,42700.0,42750.0,42150.0,42650.0,56247.0
2025-02-28 00:00:00+09:00,41900.0,42250.0,40800.0,40850.0,95724.0
2025-03-04 00:00:00+09:00,40550.0,41700.0,40050.0,40500.0,57415.0
2025-03-05 00:00:00+09:00,41000.0,44450.0,40950.0,44000.0,187020.0
2025-03-06 00:00:00+09:00,44900.0,45150.0,43550.0,43800.0,201793.0
2025-03-07 00:00:00+09:00,43900.0,45500.0,43650.0,44900.0,168353.0
2025-03-10 00:00:00+09:00,44900.0,45700.0,44500.0,45150.0,108658.0
2025-03-11 00:00:00+09:00,43900.0,44450.0,43500.0,44150.0,108216.0
2025-03-12 00:00:00+09:00,44550.0,44800.0,43600.0,44300.0,75571.0
2025-03-13 00:00:00+09:00,44300.0,46600.0,43800.0,44800.0,197901.0
2025-03-14 00:00:00+09:00,44800.0,45600.0,44200.0,44550.0,57239.0
2025-03-17 00:00:00+09:00,44550.0,45250.0,44000.0,45250.0,47315.0
2025-03-18 00:00:00+09:00,45400.0,47500.0,44850.0,47000.0,161589.0
2025-03-19 00:00:00+09:00,47900.0,49500.0,47700.0,48600.0,232066.0
2025-03-20 00:00:00+09:00,48400.0,49350.0,47000.0,47050.0,133494.0
2025-03-21 00:00:00+09:00,47150.0,47350.0,45850.0,45850.0,287303.0
2025-03-24 00:00:00+09:00,46350.0,49200.0,45950.0,48500.0,215151.0
2025-03-25 00:00:00+09:00,50400.0,50400.0,48300.0,48800.0,190730.0
2025-03-26 00:00:00+09:00,47950.0,49350.0,47800.0,48500.0,126600.0
2025-03-27 00:00:00+09:00,47850.0,48400.0,47200.0,47550.0,82557.0
2025-03-28 00:00:00+09:00,47000.0,47450.0,45400.0,46100.0,106033.0
2025-03-31 00:00:00+09:00,44750.0,45200.0,43900.0,44200.0,76549.0
2025-04-01 00:00:00+09:00,44200.0,44800.0,43000.0,44050.0,88380.0
2025-04-02 00:00:00+09:00,44100.0,44600.0,43450.0,43850.0,69751.0
2025-04-03 00:00:00+09:00,42650.0,43500.0,42250.0,43300.0,91673.0
2025-04-04 00:00:00+09:00,42100.0,43050.0,41500.0,42800.0,113282.0
2025-04-07 00:00:00+09:00,41000.0,42250.0,39800.0,40650.0,90201.0
2025-04-08 00:00:00+09:00,41150.0,41750.0,40050.0,40550.0,67280.0
2025-04-09 00:00:00+09:00,40050.0,40450.0,39100.0,39700.0,90901.0
2025-04-10 00:00:00+09:00,42000.0,42050.0,40600.0,40600.0,122477.0
2025-04-11 00:00:00+09:00,40650.0,40650.0,39100.0,40000.0,77215.0
2025-04-14 00:00:00+09:00,40200.0,41150.0,40000.0,41000.0,43520.0
2025-04-15 00:00:00+09:00,43050.0,43050.0,42100.0,42350.0,117738.0
2025-04-16 00:00:00+09:00,42300.0,42300.0,41300.0,41300.0,50151.0
2025-04-17 00:00:00+09:00,41500.0,42350.0,41000.0,42000.0,68841.0
2025-04-18 00:00:00+09:00,42050.0,43150.0,41800.0,42850.0,67442.0
2025-04-21 00:00:00+09:00,42800.0,43100.0,41900.0,42400.0,42811.0
2025-04-22 00:00:00+09:00,42350.0,42450.0,41600.0,42250.0,42994.0
2025-04-23 00:00:00+09:00,42800.0,43350.0,42500.0,43100.0,67337.0
2025-04-24 00:00:00+09:00,43750.0,43800.0,43050.0,43150.0,39395.0
2025-04-25 00:00:00+09:00,43550.0,43550.0,43050.0,43250.0,38012.0
2025-04-28 00:00:00+09:00,43100.0,43650.0,42800.0,42850.0,26077.0
2025-04-29 00:00:00+09:00,43550.0,43750.0,43050.0,43350.0,36273.0
2025-04-30 00:00:00+09:00,43400.0,43400.0,42200.0,42800.0,51204.0
2025-05-02 00:00:00+09:00,42350.0,42700.0,41650.0,42450.0,36691.0
2025-05-07 00:00:00+09:00,43050.0,43250.0,42000.0,42550.0,62422.0
2025-05-08 00:00:00+09:00,42700.0,43550.0,42650.0,42950.0,61891.0
2025-05-09 00:00:00+09:00,43300.0,43850.0,43050.0,43200.0,60416.0
2025-05-12 00:00:00+09:00,43550.0,43750.0,43250.0,43700.0,85203.0
2025-05-13 00:00:00+09:00,43950.0,44350.0,43350.0,43750.0,88481.0
2025-05-14 00:00:00+09:00,43800.0,44000.0,43300.0,43550.0,96823.0
2025-05-15 00:00:00+09:00,43050.0,43400.0,42400.0,42450.0,77605.0
2025-05-16 00:00:00+09:00,42800.0,42800.0,41700.0,42250.0,51945.0
2025-05-19 00:00:00+09:00,41750.0,41750.0,40650.0,41000.0,56625.0
2025-05-20 00:00:00+09:00,41400.0,41400.0,40850.0,41200.0,40938.0
2025-05-21 00:00:00+09:00,40900.0,41350.0,40900.0,41050.0,61868.0
2025-05-22 00:00:00+09:00,41000.0,41000.0,39700.0,40050.0,94948.0
2025-05-23 00:00:00+09:00,40050.0,40350.0,39850.0,40250.0,32722.0
2025-05-26 00:00:00+09:00,40250.0,40800.0,39550.0,40800.0,47772.0
2025-05-27 00:00:00+09:00,40550.0,40850.0,39400.0,40300.0,42310.0
2025-05-28 00:00:00+09:00,40750.0,42600.0,40700.0,42500.0,100484.0
2025-05-29 00:00:00+09:00,42850.0,43700.0,42300.0,43700.0,85046.0
2025-05-30 00:00:00+09:00,43250.0,43650.0,42450.0,42700.0,63659.0
2025-06-02 00:00:00+09:00,43000.0,43050.0,41600.0,41900.0,56268.0
2025-06-04 00:00:00+09:00,42100.0,43150.0,42000.0,42900.0,52508.0
2025-06-05 00:00:00+09:00,43200.0,43850.0,42850.0,43250.0,81867.0
2025-06-09 00:00:00+09:00,43400.0,44450.0,43350.0,43850.0,124849.0
2025-06-10 00:00:00+09:00,44050.0,45000.0,43600.0,44450.0,84137.0
2025-06-11 00:00:00+09:00,44750.0,45500.0,44600.0,45400.0,69067.0
2025-06-12 00:00:00+09:00,45500.0,47200.0,45400.0,47000.0,160283.0
2025-06-13 00:00:00+09:00,46500.0,46500.0,44900.0,45300.0,114001.0
2025-06-16 00:00:00+09:00,46050.0,46200.0,44600.0,46000.0,72916.0
2025-06-17 00:00:00+09:00,45850.0,46400.0,45400.0,45950.0,70643.0
2025-06-18 00:00:00+09:00,45500.0,46600.0,44750.0,46150.0,65133.0
2025-06-19 00:00:00+09:00,46250.0,46600.0,45550.0,46450.0,55267.0
2025-06-20 00:00:00+09:00,47050.0,47550.0,46300.0,47200.0,83034.0
2025-06-23 00:00:00+09:00,49050.0,49400.0,46550.0,46700.0,162260.0
2025-06-24 00:00:00+09:00,47200.0,48200.0,47200.0,47550.0,87254.0
2025-06-25 00:00:00+09:00,47550.0,49300.0,47300.0,48150.0,128940.0
2025-06-26 00:00:00+09:00,48050.0,48050.0,46600.0,47250.0,75441.0
2025-06-27 00:00:00+09:00,46950.0,47150.0,45700.0,46250.0,91694.0
2025-06-30 00:00:00+09:00,46600.0,46775.0,45650.0,45800.0,49888.0
2025-07-01 00:00:00+09:00,45900.0,46950.0,45900.0,46450.0,78307.0
2025-07-02 00:00:00+09:00,46550.0,46950.0,45900.0,46900.0,53363.0
2025-07-03 00:00:00+09:00,48900.0,48900.0,47800.0,48400.0,133508.0
2025-07-04 00:00:00+09:00,48400.0,49050.0,47450.0,47500.0,89190.0
2025-07-07 00:00:00+09:00,47450.0,47450.0,46800.0,46800.0,41736.0
2025-07-08 00:00:00+09:00,46800.0,47300.0,46000.0,47100.0,58070.0
2025-07-09 00:00:00+09:00,47200.0,48050.0,46550.0,47400.0,63367.0
2025-07-10 00:00:00+09:00,47500.0,51800.0,47300.0,50700.0,310886.0
2025-07-11 00:00:00+09:00,51000.0,52300.0,50100.0,51500.0,186194.0
2025-07-14 00:00:00+09:00,51100.0,53000.0,49800.0,52300.0,116380.0
2025-07-15 00:00:00+09:00,52200.0,52250.0,51200.0,52100.0,93877.0
2025-07-16 00:00:00+09:00,51800.0,52100.0,50500.0,50600.0,67313.0
2025-07-17 00:00:00+09:00,51200.0,51400.0,49700.0,51100.0,83682.0
2025-07-18 00:00:00+09:00,51000.0,51500.0,50500.0,51000.0,69468.0
2025-07-21 00:00:00+09:00,51600.0,52500.0,51400.0,51700.0,94712.0
2025-07-22 00:00:00+09:00,51800.0,51950.0,50300.0,50600.0,87750.0
2025-07-23 00:00:00+09:00,51500.0,52700.0,51400.0,51900.0,188217.0
2025-07-24 00:00:00+09:00,52000.0,52600.0,51000.0,51100.0,75972.0
2025-07-25 00:00:00+09:00,50700.0,51700.0,50500.0,51000.0,69085.0
2025-07-28 00:00:00+09:00,51300.0,51600.0,50000.0,50500.0,75870.0
2025-07-29 00:00:00+09:00,50400.0,50400.0,49250.0,50000.0,76859.0
2025-07-30 00:00:00+09:00,49700.0,52500.0,49700.0,52000.0,127575.0
2025-07-31 00:00:00+09:00,53500.0,53700.0,49350.0,49850.0,279519.0
2025-08-01 00:00:00+09:00,49050.0,49400.0,48000.0,48000.0,122002.0
2025-08-04 00:00:00+09:00,48250.0,48750.0,47400.0,48400.0,53680.0
2025-08-05 00:00:00+09:00,48800.0,49300.0,48500.0,48950.0,41389.0
2025-08-06 00:00:00+09:00,49150.0,49750.0,49150.0,49550.0,45860.0
2025-08-07 00:00:00+09:00,49700.0,50000.0,49200.0,49750.0,57747.0
2025-08-08 00:00:00+09:00,49500.0,49750.0,48950.0,49100.0,50948.0
2025-08-11 00:00:00+09:00,49200.0,49400.0,48700.0,48800.0,35222.0
2025-08-12 00:00:00+09:00,48600.0,49650.0,48600.0,49050.0,29925.0
2025-08-13 00:00:00+09:00,49250.0,50900.0,49250.0,49850.0,69051.0
2025-08-14 00:00:00+09:00,50200.0,52700.0,49700.0,50600.0,175177.0
2025-08-18 00:00:00+09:00,51400.0,51400.0,49500.0,49650.0,56096.0
2025-08-19 00:00:00+09:00,49900.0,50400.0,49200.0,50200.0,43589.0
2025-08-20 00:00:00+09:00,50000.0,50300.0,49000.0,50300.0,65682.0
2025-08-21 00:00:00+09:00,50100.0,51300.0,50000.0,50400.0,48883.0
2025-08-22 00:00:00+09:00,50600.0,51000.0,50300.0,50600.0,32003.0
2025-08-25 00:00:00+09:00,50700.0,50900.0,49850.0,50600.0,49711.0
2025-08-26 00:00:00+09:00,50100.0,51000.0,49850.0,49900.0,61343.0
2025-08-27 00:00:00+09:00,50100.0,50400.0,49600.0,50000.0,44899.0
2025-08-28 00:00:00+09:00,49900.0,51100.0,49600.0,50500.0,73006.0
2025-08-29 00:00:00+09:00,50700.0,51700.0,50000.0,50300.0,65182.0
2025-09-01 00:00:00+09:00,50500.0,52000.0,50300.0,51300.0,141490.0
2025-09-02 00:00:00+09:00,51800.0,51800.0,50800.0,51400.0,73174.0
2025-09-03 00:00:00+09:00,51100.0,55900.0,50800.0,54400.0,339122.0
2025-09-04 00:00:00+09:00,54300.0,54300.0,53000.0,53900.0,79075.0
2025-09-05 00:00:00+09:00,54000.0,54100.0,52400.0,52700.0,73798.0
2025-09-08 00:00:00+09:00,52200.0,52400.0,51600.0,52000.0,93554.0
2025-09-09 00:00:00+09:00,52400.0,52600.0,51200.0,51700.0,116893.0
2025-09-10 00:00:00+09:00,51800.0,52800.0,51700.0,52300.0,74352.0
2025-09-11 00:00:00+09:00,52500.0,53200.0,52000.0,53100.0,135087.0
2025-09-12 00:00:00+09:00,53100.0,53100.0,52100.0,52500.0,85755.0
2025-09-15 00:00:00+09:00,52400.0,52400.0,51000.0,51000.0,109303.0
2025-09-16 00:00:00+09:00,51100.0,51700.0,50500.0,50800.0,78814.0
2025-09-17 00:00:00+09:00,50800.0,51100.0,50600.0,50900.0,45470.0
2025-09-18 00:00:00+09:00,51100.0,51500.0,50400.0,51200.0,62605.0
2025-09-19 00:00:00+09:00,50900.0,51200.0,50000.0,50600.0,90091.0
2025-09-22 00:00:00+09:00,50700.0,50800.0,50100.0,50300.0,50328.0
2025-09-23 00:00:00+09:00,50100.0,51100.0,50000.0,50600.0,110786.0
2025-09-24 00:00:00+09:00,50400.0,50400.0,49700.0,49950.0,54826.0
2025-09-25 00:00:00+09:00,49800.0,50000.0,48800.0,49550.0,107287.0
2025-09-26 00:00:00+09:00,49100.0,50200.0,48050.0,48500.0,91581.0
2025-09-29 00:00:00+09:00,48650.0,48650.0,48100.0,48250.0,29385.0
2025-09-30 00:00:00+09:00,48100.0,48850.0,48000.0,48400.0,53193.0
2025-10-01 00:00:00+09:00,48450.0,48550.0,48000.0,48200.0,50665.0
2025-10-02 00:00:00+09:00,48350.0,49600.0,48300.0,49600.0,110104.0
2025-10-10 00:00:00+09:00,49600.0,49700.0,48250.0,48500.0,98951.0
2025-10-13 00:00:00+09:00,47450.0,48300.0,46950.0,47950.0,68899.0
2025-10-14 00:00:00+09:00,47650.0,49250.0,47650.0,48850.0,83347.0
2025-10-15 00:00:00+09:00,48650.0,49500.0,48650.0,49450.0,55155.0
2025-10-16 00:00:00+09:00,51000.0,52200.0,50700.0,51500.0,155171.0
2025-10-17 00:00:00+09:00,51000.0,52400.0,50700.0,52400.0,137703.0
2025-10-20 00:00:00+09:00,53300.0,53800.0,51900.0,53600.0,128624.0
2025-10-21 00:00:00+09:00,54200.0,56900.0,54000.0,55700.0,271471.0
2025-10-22 00:00:00+09:00,57100.0,58000.0,55600.0,58000.0,207635.0
2025-10-23 00:00:00+09:00,57500.0,57800.0,56000.0,56600.0,127264.0
2025-10-24 00:00:00+09:00,57000.0,57000.0,55800.0,56900.0,92852.0
2025-10-27 00:00:00+09:00,56800.0,56800.0,55700.0,56300.0,90556.0
2025-10-28 00:00:00+09:00,56000.0,56250.0,55200.0,55900.0,73069.0
2025-10-29 00:00:00+09:00,56400.0,56400.0,54800.0,56000.0,113454.0
2025-10-30 00:00:00+09:00,59500.0,59600.0,55700.0,56100.0,247078.0
2025-10-31 00:00:00+09:00,57600.0,59500.0,57300.0,58600.0,277576.0
2025-11-03 00:00:00+09:00,60400.0,60500.0,58300.0,58900.0,175537.0
2025-11-04 00:00:00+09:00,58600.0,58700.0,56400.0,57100.0,148173.0
2025-11-05 00:00:00+09:00,56800.0,56800.0,54300.0,55400.0,136722.0
2025-11-06 00:00:00+09:00,56500.0,57100.0,54700.0,56300.0,115612.0
2025-11-07 00:00:00+09:00,55500.0,55600.0,53500.0,54100.0,77753.0
2025-11-10 00:00:00+09:00,54800.0,56600.0,54300.0,55700.0,78084.0
2025-11-11 00:00:00+09:00,55900.0,57300.0,54000.0,56600.0,113633.0
2025-11-12 00:00:00+09:00,56500.0,57400.0,55900.0,56900.0,68201.0
2025-11-13 00:00:00+09:00,56600.0,58500.0,56400.0,57500.0,140437.0
2025-11-14 00:00:00+09:00,56600.0,57400.0,55700.0,55700.0,64072.0
2025-11-17 00:00:00+09:00,56000.0,56300.0,54800.0,55600.0,47898.0
2025-11-18 00:00:00+09:00,55100.0,55700.0,54100.0,54100.0,63868.0
2025-11-19 00:00:00+09:00,54600.0,56000.0,53500.0,55000.0,68899.0
2025-11-20 00:00:00+09:00,55400.0,56800.0,55200.0,55400.0,53874.0
2025-11-21 00:00:00+09:00,54700.0,56250.0,53800.0,55200.0,62643.0
2025-11-24 00:00:00+09:00,56000.0,59700.0,55700.0,57700.0,262799.0
2025-11-25 00:00:00+09:00,58500.0,59200.0,56300.0,56500.0,91172.0
2025-11-26 00:00:00+09:00,57700.0,58900.0,56700.0,58900.0,134764.0
2025-11-27 00:00:00+09:00,58600.0,59200.0,58200.0,58900.0,73793.0
2025-11-28 00:00:00+09:00,60200.0,63200.0,59800.0,62200.0,367161.0
2025-12-01 00:00:00+09:00,63100.0,63100.0,59000.0,59600.0,166960.0
2025-12-02 00:00:00+09:00,60500.0,63100.0,60300.0,61700.0,248167.0
2025-12-03 00:00:00+09:00,63000.0,64400.0,62100.0,63500.0,195952.0
2025-12-04 00:00:00+09:00,65000.0,69000.0,63800.0,67200.0,541998.0
2025-12-05 00:00:00+09:00,66200.0,68300.0,65800.0,66800.0,263411.0
2025-12-08 00:00:00+09:00,69000.0,69100.0,66300.0,67700.0,202038.0
2025-12-09 00:00:00+09:00,66300.0,68000.0,65400.0,65800.0,120949.0
2025-12-10 00:00:00+09:00,66200.0,66800.0,65300.0,65800.0,74892.0
2025-12-11 00:00:00+09:00,66200.0,66300.0,64400.0,64700.0,194936.0
2025-12-12 00:00:00+09:00,65000.0,66700.0,64600.0,66500.0,102179.0
2025-12-15 00:00:00+09:00,65000.0,72400.0,64900.0,69700.0,351487.0
2025-12-16 00:00:00+09:00,70100.0,70500.0,66400.0,67200.0,182061.0
2025-12-17 00:00:00+09:00,67800.0,75000.0,67800.0,73600.0,767268.0
2025-12-18 00:00:00+09:00,72000.0,73800.0,71100.0,72900.0,264441.0
2025-12-19 00:00:00+09:00,72600.0,73100.0,69300.0,71300.0,269866.0
2025-12-22 00:00:00+09:00,71800.0,73200.0,69900.0,73000.0,185285.0
2025-12-23 00:00:00+09:00,74400.0,74600.0,71100.0,71900.0,195013.0
2025-12-24 00:00:00+09:00,71600.0,74800.0,71000.0,71800.0,162438.0
2025-12-26 00:00:00+09:00,72700.0,75500.0,71100.0,73500.0,288435.0
2025-12-29 00:00:00+09:00,72800.0,75900.0,71400.0,74700.0,208437.0
2025-12-30 00:00:00+09:00,75800.0,76300.0,74300.0,75700.0,184249.0
2026-01-02 00:00:00+09:00,75500.0,81400.0,75000.0,79300.0,431170.0
2026-01-05 00:00:00+09:00,78600.0,78600.0,74000.0,74800.0,357895.0
2026-01-06 00:00:00+09:00,76400.0,78100.0,72100.0,74700.0,411365.0
2026-01-07 00:00:00+09:00,74800.0,80200.0,74700.0,77500.0,543792.0
2026-01-08 00:00:00+09:00,95000.0,95400.0,82600.0,83800.0,1656767.0
2026-01-09 00:00:00+09:00,87000.0,93500.0,81400.0,91600.0,1277069.0
2026-01-12 00:00:00+09:00,92300.0,93200.0,85200.0,87000.0,675862.0
2026-01-13 00:00:00+09:00,88300.0,92400.0,87500.0,90100.0,905053.0
2026-01-14 00:00:00+09:00,89500.0,89600.0,87000.0,89000.0,341349.0
2026-01-15 00:00:00+09:00,87800.0,88600.0,86400.0,88200.0,329459.0
2026-01-16 00:00:00+09:00,89400.0,90500.0,87500.0,88700.0,418571.0
2026-01-19 00:00:00+09:00,89000.0,92900.0,88100.0,92000.0,715129.0
2026-01-20 00:00:00+09:00,93600.0,94000.0,84500.0,87400.0,642324.0
2026-01-21 00:00:00+09:00,83800.0,97800.0,83800.0,93700.0,1197313.0
2026-01-22 00:00:00+09:00,97700.0,98300.0,89200.0,89500.0,666903.0
2026-01-23 00:00:00+09:00,88900.0,89600.0,86100.0,87700.0,306413.0
2026-01-26 00:00:00+09:00,86700.0,87300.0,85000.0,85600.0,332995.0
2026-01-27 00:00:00+09:00,82800.0,85300.0,80600.0,84100.0,338725.0
2026-01-28 00:00:00+09:00,86700.0,86700.0,84900.0,85600.0,209329.0
2026-01-29 00:00:00+09:00,88400.0,91200.0,87300.0,89800.0,469439.0
2026-01-30 00:00:00+09:00,89000.0,89100.0,85700.0,85700.0,266295.0
2026-02-02 00:00:00+09:00,83000.0,86100.0,81500.0,81900.0,252954.0
2026-02-03 00:00:00+09:00,83700.0,85200.0,81400.0,84800.0,283397.0
2026-02-04 00:00:00+09:00,85500.0,87300.0,85000.0,85300.0,169341.0
2026-02-05 00:00:00+09:00,83800.0,85500.0,82400.0,83300.0,171250.0
2026-02-06 00:00:00+09:00,80400.0,81200.0,77900.0,81200.0,169661.0
2026-02-09 00:00:00+09:00,83900.0,83900.0,81400.0,83200.0,166316.0
2026-02-10 00:00:00+09:00,85100.0,86500.0,83300.0,83300.0,187738.0
2026-02-11 00:00:00+09:00,83800.0,86900.0,83700.0,86500.0,242260.0
2026-02-12 00:00:00+09:00,86100.0,86500.0,84500.0,86500.0,193768.0
2026-02-13 00:00:00+09:00,84700.0,85500.0,83700.0,83900.0,124790.0
2026-02-19 00:00:00+09:00,84400.0,87200.0,84100.0,86100.0,223680.0
2026-02-20 00:00:00+09:00,86300.0,86800.0,85100.0,86400.0,98256.0
2026-02-23 00:00:00+09:00,87300.0,88800.0,85900.0,86600.0,170930.0
2026-02-24 00:00:00+09:00,85900.0,87000.0,84600.0,86300.0,107520.0
2026-02-25 00:00:00+09:00,86900.0,94200.0,86800.0,92200.0,670364.0
2026-02-26 00:00:00+09:00,92500.0,92900.0,89000.0,92200.0,301865.0
2026-02-27 00:00:00+09:00,90200.0,107000.0,88400.0,101300.0,1578323.0
2026-03-03 00:00:00+09:00,111000.0,112600.0,96700.0,97600.0,1291394.0
2026-03-04 00:00:00+09:00,91500.0,92600.0,77300.0,78400.0,635722.0
2026-03-05 00:00:00+09:00,84800.0,94000.0,84800.0,91000.0,577539.0
2026-03-06 00:00:00+09:00,88000.0,93500.0,87600.0,91300.0,288249.0
2026-03-09 00:00:00+09:00,83300.0,84600.0,79000.0,82500.0,236072.0
2026-03-10 00:00:00+09:00,87600.0,91000.0,85500.0,87800.0,239451.0
2026-03-11 00:00:00+09:00,90800.0,91000.0,84600.0,86000.0,184473.0
2026-03-12 00:00:00+09:00,85800.0,87100.0,84400.0,85500.0,118461.0
2026-03-13 00:00:00+09:00,82200.0,85600.0,81800.0,83500.0,114987.0
2026-03-16 00:00:00+09:00,82700.0,83700.0,80200.0,81200.0,151725.0
2026-03-17 00:00:00+09:00,84000.0,89000.0,83700.0,86300.0,193955.0
2026-03-18 00:00:00+09:00,87400.0,87800.0,85700.0,87600.0,144141.0
2026-03-19 00:00:00+09:00,85000.0,85700.0,84000.0,84200.0,90249.0
2026-03-20 00:00:00+09:00,85100.0,86300.0,84100.0,84900.0,107288.0
2026-03-23 00:00:00+09:00,81700.0,81700.0,79400.0,79800.0,116888.0
2026-03-24 00:00:00+09:00,83100.0,83200.0,79500.0,82200.0,113523.0
2026-03-25 00:00:00+09:00,83400.0,84600.0,81700.0,82600.0,102755.0
2026-03-26 00:00:00+09:00,82400.0,82900.0,80400.0,81000.0,98143.0
2026-03-27 00:00:00+09:00,79300.0,81900.0,78200.0,81700.0,87075.0
2026-03-30 00:00:00+09:00,78000.0,80000.0,77000.0,80000.0,80080.0
2026-03-31 00:00:00+09:00,77900.0,79300.0,76500.0,77100.0,118671.0
2026-04-01 00:00:00+09:00,80000.0,81200.0,78300.0,80600.0,112655.0
2026-04-02 00:00:00+09:00,81500.0,81800.0,74300.0,75000.0,164620.0
2026-04-03 00:00:00+09:00,76800.0,77300.0,75000.0,76600.0,84001.0
2026-04-06 00:00:00+09:00,76500.0,77300.0,74800.0,75700.0,90503.0
2026-04-07 00:00:00+09:00,76100.0,77000.0,74300.0,75600.0,82956.0
2026-04-08 00:00:00+09:00,78900.0,80000.0,77700.0,79800.0,110024.0
2026-04-09 00:00:00+09:00,79800.0,80400.0,77100.0,77500.0,155244.0
2026-04-10 00:00:00+09:00,78700.0,79300.0,77900.0,78800.0,67040.0
2026-04-13 00:00:00+09:00,77200.0,77200.0,75700.0,76800.0,162240.0
2026-04-14 00:00:00+09:00,78200.0,79200.0,77600.0,79200.0,107486.0
2026-04-15 00:00:00+09:00,81200.0,81600.0,79500.0,80400.0,149391.0
2026-04-16 00:00:00+09:00,88000.0,88100.0,84400.0,85300.0,601612.0
2026-04-17 00:00:00+09:00,86500.0,86500.0,82400.0,83200.0,251575.0
2026-04-20 00:00:00+09:00,83400.0,85800.0,82300.0,84000.0,225409.0
2026-04-21 00:00:00+09:00,84500.0,86800.0,84300.0,86400.0,235987.0
2026-04-22 00:00:00+09:00,86200.0,86300.0,84000.0,85600.0,137755.0
2026-04-23 00:00:00+09:00,86700.0,86800.0,83400.0,84700.0,196096.0
2026-04-24 00:00:00+09:00,84100.0,84400.0,81500.0,82700.0,192610.0
2026-04-27 00:00:00+09:00,83900.0,85800.0,82500.0,84800.0,201155.0
2026-04-28 00:00:00+09:00,85200.0,88600.0,84100.0,86700.0,352429.0
2026-04-29 00:00:00+09:00,86300.0,86500.0,84500.0,86200.0,151298.0
2026-04-30 00:00:00+09:00,86300.0,86300.0,82300.0,82700.0,212268.0
2026-05-04 00:00:00+09:00,84000.0,84000.0,82300.0,82900.0,168718.0
2026-05-06 00:00:00+09:00,83000.0,83700.0,81000.0,81700.0,263409.0
2026-05-07 00:00:00+09:00,82900.0,85400.0,81400.0,83300.0,256386.0
2026-05-08 00:00:00+09:00,84400.0,98000.0,83100.0,90500.0,1853028.0
2026-05-11 00:00:00+09:00,90600.0,91650.0,87500.0,89600.0,426584.0
2026-05-12 00:00:00+09:00,97100.0,99300.0,88500.0,93400.0,1034784.0
2026-05-13 00:00:00+09:00,93400.0,100800.0,90500.0,97500.0,965556.0
2026-05-14 00:00:00+09:00,100200.0,100900.0,93900.0,97000.0,533410.0
2026-05-15 00:00:00+09:00,98500.0,103500.0,89000.0,92300.0,617415.0
2026-05-18 00:00:00+09:00,89600.0,90600.0,84200.0,89000.0,267003.0
2026-05-19 00:00:00+09:00,86600.0,87600.0,78400.0,80200.0,320292.0
2026-05-20 00:00:00+09:00,78700.0,79900.0,75500.0,77600.0,195697.0
2026-05-21 00:00:00+09:00,80100.0,90300.0,79400.0,90300.0,344662.0
2026-05-22 00:00:00+09:00,89500.0,91900.0,87100.0,90500.0,212684.0
2026-05-26 00:00:00+09:00,91700.0,93600.0,90200.0,91900.0,178580.0
2026-05-27 00:00:00+09:00,90800.0,90800.0,87500.0,89600.0,218913.0
2026-05-28 00:00:00+09:00,92000.0,95000.0,84400.0,88300.0,316607.0
2026-05-29 00:00:00+09:00,89500.0,93000.0,88000.0,91000.0,405729.0
2026-06-01 00:00:00+09:00,92000.0,94200.0,89100.0,90000.0,350399.0
2026-06-02 00:00:00+09:00,89200.0,89300.0,82100.0,84500.0,313907.0
2026-06-04 00:00:00+09:00,82100.0,83000.0,79800.0,81200.0,191240.0
2026-06-05 00:00:00+09:00,78500.0,81400.0,76000.0,80000.0,174824.0
2026-06-08 00:00:00+09:00,70600.0,74800.0,70500.0,72100.0,199349.0
2026-06-09 00:00:00+09:00,72900.0,75500.0,70000.0,74600.0,188327.0
2026-06-10 00:00:00+09:00,72500.0,76000.0,70300.0,72600.0,156565.0
2026-06-11 00:00:00+09:00,69100.0,71600.0,67700.0,71600.0,282863.0
2026-06-12 00:00:00+09:00,75000.0,81900.0,74500.0,76900.0,349267.0
2026-06-15 00:00:00+09:00,79800.0,83000.0,78100.0,82000.0,194832.0
2026-06-16 00:00:00+09:00,83000.0,88100.0,81400.0,86100.0,244747.0
2026-06-17 00:00:00+09:00,84400.0,86200.0,82700.0,83200.0,107951.0
2026-06-18 00:00:00+09:00,83100.0,83100.0,76300.0,76300.0,156417.0
2026-06-19 00:00:00+09:00,76800.0,78300.0,70700.0,72900.0,228140.0
2026-06-22 00:00:00+09:00,72300.0,72400.0,69000.0,69200.0,188819.0
2026-06-23 00:00:00+09:00,69000.0,69500.0,62900.0,63400.0,176013.0
2026-06-24 00:00:00+09:00,63300.0,66000.0,62000.0,64900.0,148093.0
2026-06-25 00:00:00+09:00,66000.0,66900.0,62700.0,62900.0,105796.0
2026-06-26 00:00:00+09:00,61800.0,62900.0,57400.0,59100.0,154779.0
2026-06-29 00:00:00+09:00,58200.0,66500.0,57700.0,65800.0,180051.0
2026-06-30 00:00:00+09:00,66400.0,66700.0,63800.0,63900.0,123681.0
2026-07-01 00:00:00+09:00,65500.0,67200.0,63500.0,64500.0,122942.0
2026-07-02 00:00:00+09:00,63500.0,65800.0,61000.0,64000.0,128928.0
2026-07-03 00:00:00+09:00,63400.0,64400.0,60100.0,64100.0,118265.0
2026-07-06 00:00:00+09:00,64100.0,67100.0,62900.0,64500.0,102262.0
2026-07-07 00:00:00+09:00,63600.0,64000.0,60500.0,63000.0,91680.0
2026-07-08 00:00:00+09:00,61100.0,63800.0,59700.0,60600.0,100119.0
2026-07-09 00:00:00+09:00,59100.0,61100.0,58100.0,59400.0,134862.0
2026-07-10 00:00:00+09:00,60000.0,63200.0,60000.0,61900.0,88808.0
2026-07-13 00:00:00+09:00,62500.0,64600.0,59100.0,59900.0,86804.0
2026-07-14 00:00:00+09:00,59400.0,59800.0,55800.0,57600.0,118981.0
2026-07-15 00:00:00+09:00,59100.0,60500.0,58000.0,58700.0,97269.0
2026-07-16 00:00:00+09:00,57900.0,59000.0,56800.0,57600.0,74652.0
2026-07-20 00:00:00+09:00,56000.0,57000.0,54400.0,54900.0,89835.0
2026-07-21 00:00:00+09:00,54300.0,56400.0,53400.0,55800.0,96536.0
2026-07-22 00:00:00+09:00,57700.0,60800.0,57200.0,58000.0,75368.0
2026-07-23 00:00:00+09:00,58700.0,60200.0,58100.0,60000.0,51960.0
2026-07-24 00:00:00+09:00,58400.0,58600.0,55600.0,56600.0,78616.0
2026-07-27 00:00:00+09:00,57900.0,57900.0,54900.0,56000.0,85357.0
2026-07-28 00:00:00+09:00,54400.0,54900.0,52100.0,53300.0,136810.0
2026-07-29 00:00:00+09:00,53000.0,54700.0,50500.0,52200.0,201115.0
2026-07-30 00:00:00+09:00,50100.0,56700.0,50100.0,54100.0,164774.0
2026-07-31 00:00:00+09:00,55700.0,58200.0,54500.0,58200.0,128453.0
2026-08-03 00:00:00+09:00,56500.0,60500.0,56400.0,59500.0,87350.0
2026-08-04 00:00:00+09:00,58600.0,60200.0,58300.0,60200.0,55758.0
2026-08-05 00:00:00+09:00,60800.0,62800.0,60700.0,62300.0,54436.0
2026-08-06 00:00:00+09:00,62700.0,63700.0,60900.0,62800.0,46529.0
2026-08-07 00:00:00+09:00,62200.0,62900.0,60900.0,62500.0,51185.0
2026-08-10 00:00:00+09:00,62500.0,64900.0,61700.0,64800.0,57776.0
2026-08-11 00:00:00+09:00,64400.0,66100.0,64100.0,64900.0,50661.0
2026-08-12 00:00:00+09:00,65100.0,65700.0,64100.0,65000.0,44071.0
2026-08-13 00:00:00+09:00,66000.0,67700.0,65200.0,66200.0,73079.0
2026-08-14 00:00:00+09:00,66100.0,68800.0,65900.0,67800.0,70768.0
2026-08-18 00:00:00+09:00,68600.0,68800.0,62900.0,63900.0,98572.0
2026-08-19 00:00:00+09:00,61200.0,62500.0,60200.0,61400.0,74590.0
2026-08-20 00:00:00+09:00,61500.0,62100.0,61100.0,61400.0,67032.0
2026-08-21 00:00:00+09:00,60400.0,60700.0,57600.0,59400.0,75081.0
2026-08-24 00:00:00+09:00,59700.0,60500.0,59100.0,60400.0,35237.0
2026-08-25 00:00:00+09:00,61000.0,61500.0,59300.0,61400.0,49402.0
2026-08-26 00:00:00+09:00,61800.0,61900.0,60100.0,60400.0,77280.0
2026-08-27 00:00:00+09:00,60700.0,61400.0,58800.0,59300.0,57692.0
2026-08-28 00:00:00+09:00,59100.0,59800.0,58000.0,59700.0,41472.0
