dt,open,high,low,close,volume
2016-06-21 00:00:00+09:00,6240.0,6530.0,6230.0,6450.0,607341.0
2016-06-22 00:00:00+09:00,6240.0,6330.0,6170.0,6270.0,346286.0
2016-06-23 00:00:00+09:00,6240.0,6310.0,6180.0,6180.0,276504.0
2016-06-24 00:00:00+09:00,6210.0,6250.0,5800.0,5870.0,638438.0
2016-06-27 00:00:00+09:00,5710.0,6280.0,5710.0,6110.0,667508.0
2016-06-28 00:00:00+09:00,6030.0,6240.0,6030.0,6210.0,300387.0
2016-06-29 00:00:00+09:00,6240.0,6260.0,6170.0,6210.0,200454.0
2016-06-30 00:00:00+09:00,6240.0,6260.0,6180.0,6210.0,225739.0
2016-07-01 00:00:00+09:00,6220.0,6500.0,6220.0,6430.0,554334.0
2016-07-04 00:00:00+09:00,6430.0,6460.0,6350.0,6350.0,202931.0
2016-07-05 00:00:00+09:00,6390.0,6390.0,6270.0,6300.0,133987.0
2016-07-06 00:00:00+09:00,6290.0,6320.0,6180.0,6230.0,130207.0
2016-07-07 00:00:00+09:00,6260.0,6390.0,6260.0,6350.0,141603.0
2016-07-08 00:00:00+09:00,6340.0,6380.0,6230.0,6250.0,73374.0
2016-07-11 00:00:00+09:00,6280.0,6290.0,6230.0,6280.0,67930.0
2016-07-12 00:00:00+09:00,6280.0,6420.0,6280.0,6400.0,264372.0
2016-07-13 00:00:00+09:00,6440.0,6510.0,6420.0,6450.0,362746.0
2016-07-14 00:00:00+09:00,6460.0,6480.0,6350.0,6400.0,137783.0
2016-07-15 00:00:00+09:00,6450.0,6480.0,6390.0,6410.0,250895.0
2016-07-18 00:00:00+09:00,6440.0,6470.0,6340.0,6450.0,148353.0
2016-07-19 00:00:00+09:00,6450.0,6470.0,6350.0,6370.0,143903.0
2016-07-20 00:00:00+09:00,6380.0,6490.0,6350.0,6420.0,132763.0
2016-07-21 00:00:00+09:00,6420.0,6500.0,6420.0,6450.0,280502.0
2016-07-22 00:00:00+09:00,6460.0,6500.0,6410.0,6450.0,146022.0
2016-07-25 00:00:00+09:00,6520.0,6550.0,6430.0,6430.0,206670.0
2016-07-26 00:00:00+09:00,6510.0,6700.0,6470.0,6590.0,699660.0
2016-07-27 00:00:00+09:00,6590.0,6660.0,6500.0,6570.0,334042.0
2016-07-28 00:00:00+09:00,6590.0,6840.0,6520.0,6730.0,1400189.0
2016-07-29 00:00:00+09:00,6830.0,6900.0,6640.0,6640.0,803027.0
2016-08-01 00:00:00+09:00,6690.0,6700.0,6560.0,6600.0,411453.0
2016-08-02 00:00:00+09:00,6620.0,6650.0,6550.0,6560.0,270878.0
2016-08-03 00:00:00+09:00,6570.0,6600.0,6400.0,6490.0,343005.0
2016-08-04 00:00:00+09:00,6500.0,6600.0,6430.0,6580.0,347767.0
2016-08-05 00:00:00+09:00,6550.0,6620.0,6500.0,6580.0,344913.0
2016-08-08 00:00:00+09:00,6610.0,6630.0,6540.0,6570.0,186427.0
2016-08-09 00:00:00+09:00,6600.0,6690.0,6570.0,6600.0,249728.0
2016-08-10 00:00:00+09:00,6610.0,6710.0,6560.0,6570.0,407077.0
2016-08-11 00:00:00+09:00,6570.0,6600.0,6400.0,6440.0,313438.0
2016-08-12 00:00:00+09:00,6470.0,6470.0,6400.0,6410.0,154556.0
2016-08-16 00:00:00+09:00,6440.0,6510.0,6390.0,6400.0,153316.0
2016-08-17 00:00:00+09:00,6380.0,6520.0,6370.0,6520.0,190745.0
2016-08-18 00:00:00+09:00,6500.0,6650.0,6480.0,6490.0,317881.0
2016-08-19 00:00:00+09:00,6530.0,6650.0,6510.0,6610.0,407279.0
2016-08-22 00:00:00+09:00,6660.0,6690.0,6570.0,6580.0,317579.0
2016-08-23 00:00:00+09:00,6600.0,6600.0,6470.0,6490.0,183318.0
2016-08-24 00:00:00+09:00,6500.0,6560.0,6450.0,6500.0,154408.0
2016-08-25 00:00:00+09:00,6500.0,6540.0,6400.0,6420.0,236351.0
2016-08-26 00:00:00+09:00,6410.0,6450.0,6390.0,6410.0,191956.0
2016-08-29 00:00:00+09:00,6380.0,6440.0,6200.0,6250.0,278995.0
2016-08-30 00:00:00+09:00,6250.0,6360.0,6250.0,6310.0,131801.0
2016-08-31 00:00:00+09:00,6370.0,6380.0,6250.0,6320.0,261815.0
2016-09-01 00:00:00+09:00,6370.0,6420.0,6250.0,6410.0,185441.0
2016-09-02 00:00:00+09:00,6430.0,6460.0,6320.0,6410.0,86936.0
2016-09-05 00:00:00+09:00,6410.0,6500.0,6390.0,6490.0,174710.0
2016-09-06 00:00:00+09:00,6490.0,6500.0,6420.0,6450.0,82872.0
2016-09-07 00:00:00+09:00,6420.0,6490.0,6320.0,6330.0,158223.0
2016-09-08 00:00:00+09:00,6340.0,6340.0,6190.0,6200.0,331793.0
2016-09-09 00:00:00+09:00,6250.0,6250.0,6090.0,6150.0,200003.0
2016-09-12 00:00:00+09:00,6080.0,6120.0,6040.0,6060.0,147536.0
2016-09-13 00:00:00+09:00,6090.0,6150.0,6030.0,6130.0,107838.0
2016-09-19 00:00:00+09:00,6150.0,6200.0,6080.0,6200.0,92980.0
2016-09-20 00:00:00+09:00,6210.0,6370.0,6190.0,6310.0,258547.0
2016-09-21 00:00:00+09:00,6310.0,6380.0,6280.0,6290.0,108397.0
2016-09-22 00:00:00+09:00,6310.0,6350.0,6290.0,6290.0,93230.0
2016-09-23 00:00:00+09:00,6290.0,6350.0,6250.0,6260.0,83058.0
2016-09-26 00:00:00+09:00,6260.0,6330.0,6230.0,6250.0,50392.0
2016-09-27 00:00:00+09:00,6250.0,6250.0,6150.0,6200.0,101380.0
2016-09-28 00:00:00+09:00,6250.0,6250.0,6170.0,6200.0,177694.0
2016-09-29 00:00:00+09:00,6220.0,6220.0,6140.0,6200.0,224526.0
2016-09-30 00:00:00+09:00,6170.0,6180.0,6100.0,6130.0,126697.0
2016-10-04 00:00:00+09:00,6150.0,6190.0,6090.0,6160.0,117302.0
2016-10-05 00:00:00+09:00,6150.0,6230.0,6140.0,6210.0,106058.0
2016-10-06 00:00:00+09:00,6200.0,6220.0,6140.0,6140.0,105268.0
2016-10-07 00:00:00+09:00,6130.0,6150.0,6080.0,6100.0,129859.0
2016-10-10 00:00:00+09:00,6100.0,6160.0,6060.0,6110.0,125913.0
2016-10-11 00:00:00+09:00,6130.0,6160.0,6030.0,6090.0,169195.0
2016-10-12 00:00:00+09:00,6090.0,6120.0,6020.0,6110.0,158554.0
2016-10-13 00:00:00+09:00,6110.0,6120.0,6030.0,6050.0,119888.0
2016-10-14 00:00:00+09:00,6090.0,6090.0,6030.0,6080.0,75712.0
2016-10-17 00:00:00+09:00,6100.0,6110.0,6050.0,6060.0,141366.0
2016-10-18 00:00:00+09:00,6060.0,6150.0,6040.0,6130.0,209033.0
2016-10-19 00:00:00+09:00,6140.0,6140.0,6080.0,6110.0,83389.0
2016-10-20 00:00:00+09:00,6110.0,6130.0,6080.0,6110.0,51949.0
2016-10-21 00:00:00+09:00,6080.0,6250.0,6060.0,6220.0,223303.0
2016-10-24 00:00:00+09:00,6250.0,6300.0,6180.0,6290.0,209216.0
2016-10-25 00:00:00+09:00,6280.0,6310.0,6100.0,6220.0,101091.0
2016-10-26 00:00:00+09:00,6190.0,6240.0,6100.0,6170.0,72266.0
2016-10-27 00:00:00+09:00,6170.0,6240.0,6140.0,6180.0,88286.0
2016-10-28 00:00:00+09:00,6220.0,6220.0,6170.0,6190.0,67290.0
2016-10-31 00:00:00+09:00,6150.0,6230.0,6100.0,6100.0,81923.0
2016-11-01 00:00:00+09:00,6050.0,6200.0,6050.0,6170.0,82029.0
2016-11-02 00:00:00+09:00,6110.0,6140.0,5930.0,5930.0,256045.0
2016-11-03 00:00:00+09:00,5930.0,6010.0,5900.0,5930.0,153699.0
2016-11-04 00:00:00+09:00,5930.0,6010.0,5880.0,5950.0,126849.0
2016-11-07 00:00:00+09:00,5920.0,6010.0,5920.0,6010.0,87274.0
2016-11-08 00:00:00+09:00,6030.0,6030.0,5880.0,5940.0,244689.0
2016-11-09 00:00:00+09:00,5970.0,5970.0,5570.0,5750.0,364776.0
2016-11-10 00:00:00+09:00,5780.0,5890.0,5780.0,5870.0,100966.0
2016-11-11 00:00:00+09:00,5880.0,5900.0,5800.0,5890.0,80949.0
2016-11-14 00:00:00+09:00,5920.0,6050.0,5910.0,6000.0,165780.0
2016-11-15 00:00:00+09:00,6020.0,6040.0,5960.0,6000.0,93085.0
2016-11-16 00:00:00+09:00,6030.0,6050.0,5980.0,6030.0,136203.0
2016-11-17 00:00:00+09:00,6010.0,6070.0,6010.0,6070.0,88288.0
2016-11-18 00:00:00+09:00,6080.0,6090.0,5970.0,6040.0,125443.0
2016-11-21 00:00:00+09:00,6060.0,6060.0,5930.0,6020.0,56387.0
2016-11-22 00:00:00+09:00,6040.0,6050.0,5940.0,5990.0,96945.0
2016-11-23 00:00:00+09:00,5990.0,6040.0,5910.0,5940.0,69935.0
2016-11-24 00:00:00+09:00,5940.0,5990.0,5850.0,5900.0,89264.0
2016-11-25 00:00:00+09:00,5870.0,5960.0,5850.0,5960.0,59117.0
2016-11-28 00:00:00+09:00,5970.0,6000.0,5860.0,5860.0,72042.0
2016-11-29 00:00:00+09:00,5860.0,5890.0,5810.0,5850.0,84722.0
2016-11-30 00:00:00+09:00,5850.0,5900.0,5830.0,5900.0,75401.0
2016-12-01 00:00:00+09:00,5900.0,5950.0,5850.0,5940.0,78811.0
2016-12-02 00:00:00+09:00,5940.0,5940.0,5890.0,5920.0,31357.0
2016-12-05 00:00:00+09:00,5920.0,5920.0,5740.0,5740.0,117369.0
2016-12-06 00:00:00+09:00,5760.0,5840.0,5730.0,5750.0,51583.0
2016-12-07 00:00:00+09:00,5840.0,5840.0,5690.0,5750.0,81614.0
2016-12-08 00:00:00+09:00,5750.0,5900.0,5730.0,5900.0,90939.0
2016-12-09 00:00:00+09:00,5900.0,5900.0,5810.0,5880.0,62390.0
2016-12-12 00:00:00+09:00,5820.0,5960.0,5820.0,5960.0,110899.0
2016-12-13 00:00:00+09:00,5980.0,6030.0,5970.0,6010.0,75696.0
2016-12-14 00:00:00+09:00,6010.0,6070.0,6000.0,6010.0,103139.0
2016-12-15 00:00:00+09:00,6090.0,6140.0,6030.0,6070.0,199087.0
2016-12-16 00:00:00+09:00,6080.0,6120.0,6000.0,6120.0,137567.0
2016-12-19 00:00:00+09:00,6130.0,6140.0,6080.0,6130.0,78474.0
2016-12-20 00:00:00+09:00,6130.0,6230.0,6100.0,6220.0,220125.0
2016-12-21 00:00:00+09:00,6190.0,6240.0,6170.0,6220.0,97880.0
2016-12-22 00:00:00+09:00,6220.0,6260.0,6170.0,6210.0,115395.0
2016-12-23 00:00:00+09:00,6210.0,6210.0,6150.0,6190.0,68061.0
2016-12-26 00:00:00+09:00,6150.0,6210.0,6130.0,6140.0,71731.0
2016-12-27 00:00:00+09:00,6140.0,6200.0,6120.0,6200.0,134080.0
2016-12-28 00:00:00+09:00,6080.0,6180.0,6080.0,6090.0,70895.0
2016-12-29 00:00:00+09:00,6090.0,6130.0,6030.0,6050.0,154688.0
2017-01-02 00:00:00+09:00,6050.0,6160.0,6050.0,6110.0,50964.0
2017-01-03 00:00:00+09:00,6070.0,6150.0,6030.0,6110.0,175099.0
2017-01-04 00:00:00+09:00,6110.0,6150.0,6090.0,6140.0,114449.0
2017-01-05 00:00:00+09:00,6110.0,6150.0,6100.0,6140.0,83575.0
2017-01-06 00:00:00+09:00,6140.0,6160.0,6120.0,6150.0,80866.0
2017-01-09 00:00:00+09:00,6130.0,6190.0,6110.0,6140.0,91335.0
2017-01-10 00:00:00+09:00,6170.0,6170.0,6110.0,6140.0,121898.0
2017-01-11 00:00:00+09:00,6110.0,6150.0,6110.0,6110.0,81624.0
2017-01-12 00:00:00+09:00,6120.0,6160.0,6110.0,6130.0,121548.0
2017-01-13 00:00:00+09:00,6160.0,6160.0,6110.0,6150.0,74127.0
2017-01-16 00:00:00+09:00,6150.0,6170.0,5990.0,6090.0,202586.0
2017-01-17 00:00:00+09:00,6090.0,6090.0,5990.0,6010.0,135770.0
2017-01-18 00:00:00+09:00,6090.0,6090.0,6000.0,6070.0,67913.0
2017-01-19 00:00:00+09:00,6060.0,6120.0,6030.0,6100.0,71395.0
2017-01-20 00:00:00+09:00,6100.0,6110.0,6040.0,6110.0,70596.0
2017-01-23 00:00:00+09:00,6100.0,6180.0,6090.0,6160.0,138897.0
2017-01-24 00:00:00+09:00,6160.0,6220.0,6150.0,6160.0,127942.0
2017-01-25 00:00:00+09:00,6220.0,6250.0,6140.0,6170.0,166503.0
2017-01-26 00:00:00+09:00,6210.0,6260.0,6160.0,6240.0,181687.0
2017-01-31 00:00:00+09:00,6240.0,6430.0,6210.0,6420.0,501294.0
2017-02-01 00:00:00+09:00,6430.0,6500.0,6350.0,6470.0,363010.0
2017-02-02 00:00:00+09:00,6500.0,6500.0,6380.0,6400.0,217798.0
2017-02-03 00:00:00+09:00,6410.0,6490.0,6320.0,6450.0,128926.0
2017-02-06 00:00:00+09:00,6450.0,6500.0,6380.0,6470.0,165607.0
2017-02-07 00:00:00+09:00,6490.0,6490.0,6370.0,6450.0,147010.0
2017-02-08 00:00:00+09:00,6460.0,6470.0,6370.0,6460.0,123539.0
2017-02-09 00:00:00+09:00,6460.0,6580.0,6450.0,6490.0,257328.0
2017-02-10 00:00:00+09:00,6510.0,6580.0,6490.0,6560.0,236379.0
2017-02-13 00:00:00+09:00,6590.0,6640.0,6530.0,6530.0,234910.0
2017-02-14 00:00:00+09:00,6580.0,6670.0,6560.0,6670.0,340812.0
2017-02-15 00:00:00+09:00,6680.0,6710.0,6620.0,6670.0,257860.0
2017-02-16 00:00:00+09:00,6670.0,6700.0,6470.0,6530.0,297116.0
2017-02-17 00:00:00+09:00,6500.0,6570.0,6360.0,6400.0,446774.0
2017-02-20 00:00:00+09:00,6400.0,6570.0,6380.0,6530.0,209042.0
2017-02-21 00:00:00+09:00,6530.0,6590.0,6500.0,6570.0,133980.0
2017-02-22 00:00:00+09:00,6570.0,6590.0,6470.0,6490.0,139469.0
2017-02-23 00:00:00+09:00,6550.0,6630.0,6550.0,6600.0,475596.0
2017-02-24 00:00:00+09:00,6610.0,6630.0,6450.0,6470.0,185894.0
2017-02-27 00:00:00+09:00,6500.0,6510.0,6410.0,6480.0,100497.0
2017-02-28 00:00:00+09:00,6540.0,6610.0,6450.0,6580.0,222841.0
2017-03-02 00:00:00+09:00,6630.0,7030.0,6620.0,6990.0,2231135.0
2017-03-03 00:00:00+09:00,6940.0,7020.0,6880.0,6940.0,972655.0
2017-03-06 00:00:00+09:00,6940.0,7070.0,6900.0,7050.0,707818.0
2017-03-07 00:00:00+09:00,7000.0,7160.0,6980.0,7080.0,751267.0
2017-03-08 00:00:00+09:00,7110.0,7140.0,7000.0,7080.0,392689.0
2017-03-09 00:00:00+09:00,7050.0,7060.0,6940.0,7040.0,427680.0
2017-03-10 00:00:00+09:00,7050.0,7090.0,6900.0,7060.0,295466.0
2017-03-13 00:00:00+09:00,7070.0,7080.0,6940.0,6990.0,235467.0
2017-03-14 00:00:00+09:00,6960.0,7030.0,6930.0,6990.0,314922.0
2017-03-15 00:00:00+09:00,6990.0,7010.0,6890.0,7010.0,363354.0
2017-03-16 00:00:00+09:00,7010.0,7070.0,6950.0,6990.0,243056.0
2017-03-17 00:00:00+09:00,7000.0,7010.0,6900.0,6960.0,279574.0
2017-03-20 00:00:00+09:00,6960.0,7070.0,6910.0,6930.0,235202.0
2017-03-21 00:00:00+09:00,6990.0,7010.0,6930.0,6940.0,129066.0
2017-03-22 00:00:00+09:00,6900.0,6950.0,6740.0,6750.0,389308.0
2017-03-23 00:00:00+09:00,6790.0,6890.0,6750.0,6780.0,232435.0
2017-03-24 00:00:00+09:00,6780.0,6840.0,6720.0,6770.0,141426.0
2017-03-27 00:00:00+09:00,6740.0,6810.0,6620.0,6770.0,248187.0
2017-03-28 00:00:00+09:00,6770.0,6800.0,6690.0,6730.0,173376.0
2017-03-29 00:00:00+09:00,6760.0,6920.0,6710.0,6760.0,318308.0
2017-03-30 00:00:00+09:00,6770.0,6780.0,6580.0,6600.0,299554.0
2017-03-31 00:00:00+09:00,6630.0,6700.0,6600.0,6650.0,130968.0
2017-04-03 00:00:00+09:00,6650.0,6710.0,6650.0,6680.0,156843.0
2017-04-04 00:00:00+09:00,6710.0,6750.0,6660.0,6720.0,189272.0
2017-04-05 00:00:00+09:00,6730.0,6880.0,6660.0,6840.0,238185.0
2017-04-06 00:00:00+09:00,6820.0,6880.0,6770.0,6800.0,162703.0
2017-04-07 00:00:00+09:00,6820.0,6830.0,6710.0,6800.0,185390.0
2017-04-10 00:00:00+09:00,6800.0,6820.0,6530.0,6650.0,377366.0
2017-04-11 00:00:00+09:00,6680.0,6730.0,6590.0,6700.0,171960.0
2017-04-12 00:00:00+09:00,6670.0,6770.0,6630.0,6680.0,101196.0
2017-04-13 00:00:00+09:00,6740.0,6790.0,6710.0,6780.0,76601.0
2017-04-14 00:00:00+09:00,6740.0,6780.0,6600.0,6600.0,183947.0
2017-04-17 00:00:00+09:00,6660.0,6750.0,6620.0,6740.0,92519.0
2017-04-18 00:00:00+09:00,6750.0,6770.0,6650.0,6740.0,155594.0
2017-04-19 00:00:00+09:00,6730.0,6740.0,6670.0,6700.0,111166.0
2017-04-20 00:00:00+09:00,6700.0,6700.0,6600.0,6600.0,119541.0
2017-04-21 00:00:00+09:00,6600.0,6670.0,6570.0,6610.0,132398.0
2017-04-24 00:00:00+09:00,6620.0,6640.0,6450.0,6520.0,213302.0
2017-04-25 00:00:00+09:00,6460.0,6580.0,6450.0,6500.0,118624.0
2017-04-26 00:00:00+09:00,6500.0,6630.0,6490.0,6600.0,169884.0
2017-04-27 00:00:00+09:00,6600.0,6630.0,6540.0,6600.0,74667.0
2017-04-28 00:00:00+09:00,6630.0,6700.0,6550.0,6660.0,150027.0
2017-05-02 00:00:00+09:00,6660.0,6720.0,6610.0,6650.0,114441.0
2017-05-04 00:00:00+09:00,6650.0,6770.0,6620.0,6740.0,164365.0
2017-05-08 00:00:00+09:00,6800.0,6800.0,6650.0,6710.0,120665.0
2017-05-10 00:00:00+09:00,6700.0,6760.0,6580.0,6590.0,223557.0
2017-05-11 00:00:00+09:00,6650.0,6650.0,6580.0,6610.0,91588.0
2017-05-12 00:00:00+09:00,6590.0,6640.0,6590.0,6610.0,138459.0
2017-05-15 00:00:00+09:00,6610.0,6730.0,6600.0,6690.0,145082.0
2017-05-16 00:00:00+09:00,6740.0,6770.0,6680.0,6700.0,155914.0
2017-05-17 00:00:00+09:00,6790.0,6790.0,6660.0,6710.0,170873.0
2017-05-18 00:00:00+09:00,6640.0,6680.0,6570.0,6630.0,130280.0
2017-05-19 00:00:00+09:00,6630.0,6630.0,6490.0,6510.0,218377.0
2017-05-22 00:00:00+09:00,6520.0,6570.0,6450.0,6530.0,148679.0
2017-05-23 00:00:00+09:00,6540.0,6600.0,6470.0,6580.0,195113.0
2017-05-24 00:00:00+09:00,6590.0,6600.0,6510.0,6530.0,158504.0
2017-05-25 00:00:00+09:00,6530.0,6750.0,6520.0,6740.0,433239.0
2017-05-26 00:00:00+09:00,6750.0,6760.0,6660.0,6710.0,196937.0
2017-05-29 00:00:00+09:00,6730.0,6740.0,6600.0,6650.0,211572.0
2017-05-30 00:00:00+09:00,6620.0,6700.0,6610.0,6700.0,152027.0
2017-05-31 00:00:00+09:00,6700.0,6740.0,6630.0,6630.0,156274.0
2017-06-01 00:00:00+09:00,6640.0,6680.0,6450.0,6530.0,534280.0
2017-06-02 00:00:00+09:00,6530.0,6550.0,6500.0,6520.0,139245.0
2017-06-05 00:00:00+09:00,6520.0,6570.0,6470.0,6500.0,167357.0
2017-06-07 00:00:00+09:00,6500.0,6530.0,6470.0,6500.0,167873.0
2017-06-08 00:00:00+09:00,6490.0,6560.0,6470.0,6500.0,246422.0
2017-06-09 00:00:00+09:00,6490.0,6550.0,6470.0,6480.0,269949.0
2017-06-12 00:00:00+09:00,6500.0,6510.0,6410.0,6460.0,162084.0
2017-06-13 00:00:00+09:00,6420.0,6590.0,6420.0,6560.0,177308.0
2017-06-14 00:00:00+09:00,6590.0,6660.0,6590.0,6630.0,184926.0
2017-06-15 00:00:00+09:00,6630.0,6640.0,6510.0,6560.0,97731.0
2017-06-16 00:00:00+09:00,6580.0,6580.0,6490.0,6520.0,102229.0
2017-06-19 00:00:00+09:00,6520.0,6540.0,6460.0,6540.0,178220.0
2017-06-20 00:00:00+09:00,6540.0,6550.0,6460.0,6480.0,142452.0
2017-06-21 00:00:00+09:00,6480.0,6540.0,6450.0,6490.0,115816.0
2017-06-22 00:00:00+09:00,6490.0,6510.0,6430.0,6440.0,80743.0
2017-06-23 00:00:00+09:00,6440.0,6500.0,6410.0,6480.0,73590.0
2017-06-26 00:00:00+09:00,6510.0,6590.0,6450.0,6510.0,152370.0
2017-06-27 00:00:00+09:00,6520.0,6740.0,6520.0,6680.0,556586.0
2017-06-28 00:00:00+09:00,6680.0,6710.0,6510.0,6560.0,335356.0
2017-06-29 00:00:00+09:00,6570.0,6640.0,6530.0,6570.0,191118.0
2017-06-30 00:00:00+09:00,6580.0,6620.0,6530.0,6590.0,123849.0
2017-07-03 00:00:00+09:00,6630.0,6730.0,6560.0,6720.0,301808.0
2017-07-04 00:00:00+09:00,6760.0,6830.0,6630.0,6670.0,507180.0
2017-07-05 00:00:00+09:00,6690.0,6710.0,6630.0,6710.0,158454.0
2017-07-06 00:00:00+09:00,6780.0,6780.0,6600.0,6610.0,156232.0
2017-07-07 00:00:00+09:00,6590.0,6630.0,6440.0,6490.0,225654.0
2017-07-10 00:00:00+09:00,6490.0,6540.0,6450.0,6530.0,151783.0
2017-07-11 00:00:00+09:00,6490.0,6530.0,6440.0,6490.0,113156.0
2017-07-12 00:00:00+09:00,6490.0,6500.0,6290.0,6300.0,321903.0
2017-07-13 00:00:00+09:00,6310.0,6330.0,6190.0,6210.0,237563.0
2017-07-14 00:00:00+09:00,6210.0,6230.0,6100.0,6150.0,229298.0
2017-07-17 00:00:00+09:00,6100.0,6190.0,6090.0,6130.0,139207.0
2017-07-18 00:00:00+09:00,6150.0,6150.0,6010.0,6070.0,247051.0
2017-07-19 00:00:00+09:00,6070.0,6120.0,6060.0,6110.0,176168.0
2017-07-20 00:00:00+09:00,6110.0,6180.0,6100.0,6180.0,150211.0
2017-07-21 00:00:00+09:00,6160.0,6160.0,6080.0,6080.0,162002.0
2017-07-24 00:00:00+09:00,6090.0,6130.0,6040.0,6080.0,122442.0
2017-07-25 00:00:00+09:00,6080.0,6080.0,6010.0,6040.0,190275.0
2017-07-26 00:00:00+09:00,6050.0,6080.0,6030.0,6060.0,47521.0
2017-07-27 00:00:00+09:00,6090.0,6170.0,6030.0,6150.0,110822.0
2017-07-28 00:00:00+09:00,6150.0,6150.0,5980.0,6030.0,229184.0
2017-07-31 00:00:00+09:00,5950.0,6030.0,5930.0,6000.0,124274.0
2017-08-01 00:00:00+09:00,6050.0,6150.0,6000.0,6140.0,117630.0
2017-08-02 00:00:00+09:00,6200.0,6200.0,6140.0,6150.0,174134.0
2017-08-03 00:00:00+09:00,6150.0,6170.0,6070.0,6100.0,95349.0
2017-08-04 00:00:00+09:00,6140.0,6160.0,6090.0,6140.0,47703.0
2017-08-07 00:00:00+09:00,6160.0,6160.0,6120.0,6150.0,45765.0
2017-08-08 00:00:00+09:00,6150.0,6170.0,6120.0,6150.0,73009.0
2017-08-09 00:00:00+09:00,6140.0,6140.0,6060.0,6120.0,94488.0
2017-08-10 00:00:00+09:00,6090.0,6120.0,5990.0,6060.0,177959.0
2017-08-11 00:00:00+09:00,6060.0,6060.0,5890.0,5990.0,201442.0
2017-08-14 00:00:00+09:00,5990.0,5990.0,5930.0,5950.0,70442.0
2017-08-16 00:00:00+09:00,6000.0,6040.0,5930.0,6000.0,67805.0
2017-08-17 00:00:00+09:00,5960.0,6030.0,5960.0,6030.0,52351.0
2017-08-18 00:00:00+09:00,6030.0,6080.0,5970.0,6050.0,64846.0
2017-08-21 00:00:00+09:00,6060.0,6060.0,5990.0,6000.0,32423.0
2017-08-22 00:00:00+09:00,6000.0,6050.0,5970.0,5970.0,55322.0
2017-08-23 00:00:00+09:00,6010.0,6030.0,5930.0,5990.0,72509.0
2017-08-24 00:00:00+09:00,5940.0,6030.0,5910.0,5970.0,88493.0
2017-08-25 00:00:00+09:00,5970.0,5970.0,5920.0,5930.0,82335.0
2017-08-28 00:00:00+09:00,5960.0,5980.0,5870.0,5970.0,52340.0
2017-08-29 00:00:00+09:00,5980.0,5980.0,5900.0,5960.0,55829.0
2017-08-30 00:00:00+09:00,5940.0,5970.0,5920.0,5960.0,62716.0
2017-08-31 00:00:00+09:00,5960.0,5980.0,5910.0,5920.0,63031.0
2017-09-01 00:00:00+09:00,5920.0,5990.0,5920.0,5960.0,89274.0
2017-09-04 00:00:00+09:00,5890.0,5980.0,5870.0,5910.0,123746.0
2017-09-05 00:00:00+09:00,5910.0,5920.0,5870.0,5890.0,80193.0
2017-09-06 00:00:00+09:00,5910.0,5910.0,5840.0,5850.0,68645.0
2017-09-07 00:00:00+09:00,5910.0,5940.0,5810.0,5930.0,84059.0
2017-09-08 00:00:00+09:00,5920.0,5930.0,5830.0,5840.0,54411.0
2017-09-11 00:00:00+09:00,5830.0,5870.0,5800.0,5830.0,69590.0
2017-09-12 00:00:00+09:00,5830.0,5870.0,5790.0,5830.0,53991.0
2017-09-13 00:00:00+09:00,5860.0,5860.0,5780.0,5800.0,72453.0
2017-09-14 00:00:00+09:00,5800.0,5840.0,5790.0,5800.0,75484.0
2017-09-15 00:00:00+09:00,5780.0,5900.0,5750.0,5830.0,93391.0
2017-09-18 00:00:00+09:00,5800.0,5850.0,5780.0,5840.0,64521.0
2017-09-19 00:00:00+09:00,5850.0,6000.0,5840.0,5920.0,132457.0
2017-09-20 00:00:00+09:00,5890.0,5940.0,5850.0,5900.0,71492.0
2017-09-21 00:00:00+09:00,5900.0,5930.0,5810.0,5830.0,47210.0
2017-09-22 00:00:00+09:00,5830.0,5840.0,5720.0,5780.0,111866.0
2017-09-25 00:00:00+09:00,5690.0,5800.0,5660.0,5660.0,94017.0
2017-09-26 00:00:00+09:00,5600.0,5720.0,5590.0,5720.0,54299.0
2017-09-27 00:00:00+09:00,5740.0,5740.0,5660.0,5680.0,42291.0
2017-09-28 00:00:00+09:00,5680.0,5860.0,5630.0,5720.0,96632.0
2017-09-29 00:00:00+09:00,5750.0,5860.0,5750.0,5840.0,59286.0
2017-10-10 00:00:00+09:00,5820.0,5900.0,5750.0,5840.0,56446.0
2017-10-11 00:00:00+09:00,5820.0,5890.0,5800.0,5890.0,52619.0
2017-10-12 00:00:00+09:00,5900.0,5900.0,5820.0,5880.0,85897.0
2017-10-13 00:00:00+09:00,5900.0,5950.0,5830.0,5890.0,162925.0
2017-10-16 00:00:00+09:00,5920.0,5920.0,5800.0,5890.0,67261.0
2017-10-17 00:00:00+09:00,5890.0,5920.0,5860.0,5900.0,57592.0
2017-10-18 00:00:00+09:00,5940.0,5980.0,5930.0,5960.0,159106.0
2017-10-19 00:00:00+09:00,5970.0,5970.0,5920.0,5960.0,106399.0
2017-10-20 00:00:00+09:00,5960.0,6000.0,5930.0,5990.0,105366.0
2017-10-23 00:00:00+09:00,5990.0,6050.0,5880.0,5930.0,109979.0
2017-10-24 00:00:00+09:00,5940.0,6000.0,5860.0,5950.0,112396.0
2017-10-25 00:00:00+09:00,5930.0,5930.0,5840.0,5880.0,123701.0
2017-10-26 00:00:00+09:00,5870.0,5890.0,5770.0,5840.0,184194.0
2017-10-27 00:00:00+09:00,5870.0,5870.0,5790.0,5840.0,154017.0
2017-10-30 00:00:00+09:00,5860.0,5870.0,5760.0,5870.0,135677.0
2017-10-31 00:00:00+09:00,5850.0,5900.0,5830.0,5860.0,54830.0
2017-11-01 00:00:00+09:00,5870.0,5930.0,5850.0,5900.0,87195.0
2017-11-02 00:00:00+09:00,5960.0,5970.0,5900.0,5930.0,69813.0
2017-11-03 00:00:00+09:00,5900.0,5990.0,5890.0,5940.0,101376.0
2017-11-06 00:00:00+09:00,5960.0,5980.0,5900.0,5940.0,96973.0
2017-11-07 00:00:00+09:00,5950.0,6070.0,5900.0,5900.0,243165.0
2017-11-08 00:00:00+09:00,5820.0,5960.0,5820.0,5960.0,109681.0
2017-11-09 00:00:00+09:00,6000.0,6030.0,5910.0,6010.0,107332.0
2017-11-10 00:00:00+09:00,6010.0,6040.0,5960.0,6020.0,53140.0
2017-11-13 00:00:00+09:00,6040.0,6070.0,5970.0,6000.0,73110.0
2017-11-14 00:00:00+09:00,5980.0,5990.0,5910.0,5960.0,152593.0
2017-11-15 00:00:00+09:00,5960.0,5980.0,5820.0,5860.0,133496.0
2017-11-16 00:00:00+09:00,5940.0,5940.0,5770.0,5840.0,243035.0
2017-11-17 00:00:00+09:00,5800.0,5830.0,5700.0,5800.0,206671.0
2017-11-20 00:00:00+09:00,5790.0,5790.0,5710.0,5730.0,113739.0
2017-11-21 00:00:00+09:00,5740.0,5740.0,5640.0,5720.0,251006.0
2017-11-22 00:00:00+09:00,5720.0,5740.0,5640.0,5650.0,110787.0
2017-11-23 00:00:00+09:00,5650.0,5740.0,5580.0,5730.0,176243.0
2017-11-24 00:00:00+09:00,5750.0,5760.0,5700.0,5720.0,103338.0
2017-11-27 00:00:00+09:00,5740.0,5790.0,5720.0,5730.0,100510.0
2017-11-28 00:00:00+09:00,5760.0,5770.0,5680.0,5680.0,107834.0
2017-11-29 00:00:00+09:00,5680.0,5730.0,5660.0,5660.0,96024.0
2017-11-30 00:00:00+09:00,5670.0,5700.0,5620.0,5700.0,294893.0
2017-12-01 00:00:00+09:00,5730.0,5730.0,5630.0,5700.0,114641.0
2017-12-04 00:00:00+09:00,5700.0,5780.0,5620.0,5770.0,136388.0
2017-12-05 00:00:00+09:00,5770.0,5790.0,5740.0,5780.0,91680.0
2017-12-06 00:00:00+09:00,5800.0,5800.0,5690.0,5740.0,116571.0
2017-12-07 00:00:00+09:00,5750.0,5750.0,5610.0,5630.0,109666.0
2017-12-08 00:00:00+09:00,5630.0,5660.0,5550.0,5550.0,128328.0
2017-12-11 00:00:00+09:00,5550.0,5550.0,5440.0,5460.0,173946.0
2017-12-12 00:00:00+09:00,5450.0,5470.0,5330.0,5390.0,207490.0
2017-12-13 00:00:00+09:00,5390.0,5420.0,5340.0,5370.0,90152.0
2017-12-14 00:00:00+09:00,5360.0,5480.0,5360.0,5480.0,114612.0
2017-12-15 00:00:00+09:00,5480.0,5480.0,5370.0,5410.0,159860.0
2017-12-18 00:00:00+09:00,5410.0,5430.0,5360.0,5370.0,90433.0
2017-12-19 00:00:00+09:00,5350.0,5440.0,5190.0,5250.0,195500.0
2017-12-20 00:00:00+09:00,5220.0,5290.0,5210.0,5220.0,74275.0
2017-12-21 00:00:00+09:00,5210.0,5290.0,5180.0,5210.0,119368.0
2017-12-22 00:00:00+09:00,5210.0,5290.0,5140.0,5280.0,252340.0
2017-12-26 00:00:00+09:00,5310.0,5400.0,5270.0,5340.0,373466.0
2017-12-27 00:00:00+09:00,5280.0,5370.0,5270.0,5340.0,66193.0
2017-12-28 00:00:00+09:00,5360.0,5370.0,5290.0,5360.0,64205.0
2018-01-02 00:00:00+09:00,5420.0,5450.0,5380.0,5450.0,106665.0
2018-01-03 00:00:00+09:00,5450.0,5470.0,5400.0,5470.0,106429.0
2018-01-04 00:00:00+09:00,5510.0,5720.0,5510.0,5590.0,513310.0
2018-01-05 00:00:00+09:00,5630.0,6030.0,5630.0,6000.0,684929.0
2018-01-08 00:00:00+09:00,6030.0,6280.0,6000.0,6190.0,898724.0
2018-01-09 00:00:00+09:00,6170.0,6220.0,6120.0,6210.0,281908.0
2018-01-10 00:00:00+09:00,6210.0,6370.0,6170.0,6280.0,552509.0
2018-01-11 00:00:00+09:00,6280.0,6320.0,6150.0,6180.0,232593.0
2018-01-12 00:00:00+09:00,6210.0,6400.0,6200.0,6290.0,436527.0
2018-01-15 00:00:00+09:00,6400.0,6560.0,6340.0,6470.0,481554.0
2018-01-16 00:00:00+09:00,6490.0,6660.0,6360.0,6430.0,329122.0
2018-01-17 00:00:00+09:00,6440.0,6440.0,6260.0,6330.0,376635.0
2018-01-18 00:00:00+09:00,6320.0,6440.0,6270.0,6390.0,249564.0
2018-01-19 00:00:00+09:00,6370.0,6480.0,6260.0,6440.0,274831.0
2018-01-22 00:00:00+09:00,6450.0,6740.0,6390.0,6650.0,716132.0
2018-01-23 00:00:00+09:00,6720.0,6880.0,6670.0,6880.0,1037021.0
2018-01-24 00:00:00+09:00,6890.0,6970.0,6700.0,6810.0,559344.0
2018-01-25 00:00:00+09:00,6810.0,7390.0,6810.0,7360.0,3373685.0
2018-01-26 00:00:00+09:00,7380.0,7500.0,7180.0,7330.0,1610810.0
2018-01-29 00:00:00+09:00,7330.0,7420.0,7170.0,7280.0,1147633.0
2018-01-30 00:00:00+09:00,7280.0,7280.0,6890.0,7160.0,1448889.0
2018-01-31 00:00:00+09:00,7100.0,7190.0,6960.0,7140.0,622325.0
2018-02-01 00:00:00+09:00,7160.0,7270.0,7030.0,7070.0,533259.0
2018-02-02 00:00:00+09:00,7140.0,7170.0,6860.0,6950.0,473805.0
2018-02-05 00:00:00+09:00,6810.0,7010.0,6720.0,7000.0,737490.0
2018-02-06 00:00:00+09:00,6720.0,7160.0,6590.0,7090.0,928929.0
2018-02-07 00:00:00+09:00,7200.0,7260.0,6950.0,7030.0,706951.0
2018-02-08 00:00:00+09:00,7100.0,7110.0,6870.0,7040.0,426864.0
2018-02-09 00:00:00+09:00,6800.0,7040.0,6800.0,6990.0,274688.0
2018-02-12 00:00:00+09:00,7020.0,7350.0,7020.0,7100.0,1174172.0
2018-02-13 00:00:00+09:00,7220.0,7220.0,7020.0,7020.0,299908.0
2018-02-14 00:00:00+09:00,6860.0,6950.0,6570.0,6740.0,698225.0
2018-02-19 00:00:00+09:00,6740.0,6980.0,6740.0,6950.0,411998.0
2018-02-20 00:00:00+09:00,7000.0,7040.0,6830.0,6900.0,175362.0
2018-02-21 00:00:00+09:00,6830.0,6880.0,6740.0,6830.0,304364.0
2018-02-22 00:00:00+09:00,6770.0,6840.0,6630.0,6650.0,264615.0
2018-02-23 00:00:00+09:00,6650.0,6760.0,6490.0,6650.0,569640.0
2018-02-26 00:00:00+09:00,6770.0,6770.0,6320.0,6430.0,630159.0
2018-02-27 00:00:00+09:00,6440.0,6540.0,6410.0,6450.0,302599.0
2018-02-28 00:00:00+09:00,6440.0,6500.0,6360.0,6460.0,261761.0
2018-03-02 00:00:00+09:00,6450.0,6570.0,6360.0,6360.0,371168.0
2018-03-05 00:00:00+09:00,6290.0,6580.0,6290.0,6430.0,340466.0
2018-03-06 00:00:00+09:00,6630.0,7130.0,6560.0,7020.0,1152431.0
2018-03-07 00:00:00+09:00,7130.0,7350.0,6930.0,7080.0,922921.0
2018-03-08 00:00:00+09:00,7080.0,7350.0,7070.0,7320.0,509308.0
2018-03-09 00:00:00+09:00,7360.0,7570.0,7290.0,7380.0,666473.0
2018-03-12 00:00:00+09:00,7450.0,7450.0,7260.0,7290.0,333408.0
2018-03-13 00:00:00+09:00,7280.0,7280.0,7020.0,7100.0,362594.0
2018-03-14 00:00:00+09:00,7070.0,7070.0,6830.0,6980.0,404370.0
2018-03-15 00:00:00+09:00,6920.0,7040.0,6840.0,7030.0,271615.0
2018-03-16 00:00:00+09:00,7020.0,7030.0,6780.0,6820.0,340745.0
2018-03-19 00:00:00+09:00,6730.0,6800.0,6650.0,6720.0,228680.0
2018-03-20 00:00:00+09:00,6670.0,6860.0,6650.0,6780.0,192222.0
2018-03-21 00:00:00+09:00,6800.0,6890.0,6670.0,6690.0,172196.0
2018-03-22 00:00:00+09:00,6690.0,6860.0,6640.0,6670.0,233068.0
2018-03-23 00:00:00+09:00,6530.0,6600.0,6310.0,6310.0,504945.0
2018-03-26 00:00:00+09:00,6310.0,6560.0,6310.0,6550.0,312785.0
2018-03-27 00:00:00+09:00,6590.0,6610.0,6400.0,6500.0,254376.0
2018-03-28 00:00:00+09:00,6420.0,6590.0,6300.0,6330.0,171504.0
2018-03-29 00:00:00+09:00,6400.0,6400.0,6200.0,6250.0,183595.0
2018-03-30 00:00:00+09:00,6310.0,6320.0,6150.0,6260.0,334879.0
2018-04-02 00:00:00+09:00,6240.0,6280.0,5940.0,5990.0,485785.0
2018-04-03 00:00:00+09:00,5940.0,5980.0,5760.0,5820.0,620548.0
2018-04-04 00:00:00+09:00,5730.0,5910.0,5670.0,5690.0,342655.0
2018-04-05 00:00:00+09:00,5710.0,5790.0,5700.0,5710.0,362369.0
2018-04-06 00:00:00+09:00,5670.0,5790.0,5600.0,5650.0,378098.0
2018-04-09 00:00:00+09:00,5640.0,5680.0,5540.0,5590.0,187642.0
2018-04-10 00:00:00+09:00,5600.0,5670.0,5490.0,5600.0,268245.0
2018-04-11 00:00:00+09:00,5650.0,5760.0,5450.0,5720.0,363853.0
2018-04-12 00:00:00+09:00,5780.0,6110.0,5740.0,6110.0,979043.0
2018-04-13 00:00:00+09:00,6090.0,6100.0,5920.0,5950.0,323789.0
2018-04-16 00:00:00+09:00,5930.0,5970.0,5860.0,5890.0,182107.0
2018-04-17 00:00:00+09:00,5890.0,5890.0,5750.0,5770.0,211369.0
2018-04-18 00:00:00+09:00,5830.0,5840.0,5660.0,5760.0,320593.0
2018-04-19 00:00:00+09:00,5760.0,5960.0,5730.0,5920.0,281688.0
2018-04-20 00:00:00+09:00,5950.0,6030.0,5870.0,6030.0,325625.0
2018-04-23 00:00:00+09:00,5980.0,6020.0,5900.0,5900.0,191155.0
2018-04-24 00:00:00+09:00,5910.0,5950.0,5800.0,5860.0,206146.0
2018-04-25 00:00:00+09:00,5910.0,6220.0,5890.0,6100.0,756726.0
2018-04-26 00:00:00+09:00,6110.0,6150.0,6020.0,6110.0,265500.0
2018-04-27 00:00:00+09:00,6110.0,6130.0,5970.0,6040.0,198430.0
2018-04-30 00:00:00+09:00,6030.0,6050.0,5910.0,5990.0,171878.0
2018-05-02 00:00:00+09:00,6000.0,6090.0,5950.0,6070.0,221205.0
2018-05-03 00:00:00+09:00,6090.0,6090.0,5910.0,5990.0,214329.0
2018-05-04 00:00:00+09:00,6090.0,6870.0,6060.0,6180.0,2373830.0
2018-05-08 00:00:00+09:00,6270.0,6390.0,6200.0,6200.0,459004.0
2018-05-09 00:00:00+09:00,6330.0,6340.0,6120.0,6250.0,355304.0
2018-05-10 00:00:00+09:00,6280.0,6390.0,6150.0,6380.0,288073.0
2018-05-11 00:00:00+09:00,6380.0,6460.0,6250.0,6340.0,369193.0
2018-05-14 00:00:00+09:00,6430.0,6700.0,6410.0,6670.0,661565.0
2018-05-15 00:00:00+09:00,6680.0,6830.0,6610.0,6770.0,439073.0
2018-05-16 00:00:00+09:00,6660.0,6740.0,6500.0,6510.0,339229.0
2018-05-17 00:00:00+09:00,6660.0,6930.0,6650.0,6850.0,769907.0
2018-05-18 00:00:00+09:00,6850.0,6950.0,6710.0,6740.0,198592.0
2018-05-21 00:00:00+09:00,6740.0,6760.0,6470.0,6520.0,224022.0
2018-05-23 00:00:00+09:00,6440.0,6560.0,6330.0,6490.0,193991.0
2018-05-24 00:00:00+09:00,6490.0,6520.0,6340.0,6340.0,121752.0
2018-05-25 00:00:00+09:00,6300.0,6320.0,6200.0,6250.0,164841.0
2018-05-28 00:00:00+09:00,6320.0,6530.0,6110.0,6220.0,401388.0
2018-05-29 00:00:00+09:00,6280.0,6280.0,6060.0,6100.0,329328.0
2018-05-30 00:00:00+09:00,6050.0,6110.0,5940.0,6070.0,187197.0
2018-05-31 00:00:00+09:00,6090.0,6350.0,6050.0,6340.0,280746.0
2018-06-01 00:00:00+09:00,6280.0,6330.0,6190.0,6210.0,105844.0
2018-06-04 00:00:00+09:00,6260.0,6260.0,6080.0,6110.0,116331.0
2018-06-05 00:00:00+09:00,6100.0,6360.0,6060.0,6300.0,126848.0
2018-06-07 00:00:00+09:00,6370.0,6370.0,6260.0,6260.0,110997.0
2018-06-08 00:00:00+09:00,6290.0,6300.0,6140.0,6180.0,110126.0
2018-06-11 00:00:00+09:00,6220.0,6220.0,6090.0,6100.0,98247.0
2018-06-12 00:00:00+09:00,6110.0,6300.0,6080.0,6200.0,139698.0
2018-06-14 00:00:00+09:00,6290.0,6290.0,6050.0,6130.0,439169.0
2018-06-15 00:00:00+09:00,6300.0,6300.0,6050.0,6050.0,231641.0
2018-06-18 00:00:00+09:00,6110.0,6600.0,6110.0,6270.0,1153651.0
2018-06-19 00:00:00+09:00,6230.0,6270.0,6050.0,6100.0,354338.0
2018-06-20 00:00:00+09:00,6050.0,6330.0,6050.0,6280.0,177681.0
2018-06-21 00:00:00+09:00,6280.0,6460.0,6180.0,6400.0,294045.0
2018-06-22 00:00:00+09:00,6490.0,6520.0,6190.0,6230.0,665620.0
2018-06-25 00:00:00+09:00,6260.0,6470.0,6090.0,6460.0,453765.0
2018-06-26 00:00:00+09:00,6460.0,6460.0,6070.0,6100.0,2077594.0
2018-06-27 00:00:00+09:00,6140.0,6230.0,6120.0,6140.0,250339.0
2018-06-28 00:00:00+09:00,6140.0,6450.0,6140.0,6290.0,577222.0
2018-06-29 00:00:00+09:00,6360.0,6400.0,6090.0,6290.0,299225.0
2018-07-02 00:00:00+09:00,6340.0,6360.0,6100.0,6100.0,257296.0
2018-07-03 00:00:00+09:00,6170.0,6180.0,5710.0,6000.0,568309.0
2018-07-04 00:00:00+09:00,5910.0,6070.0,5910.0,6010.0,126531.0
2018-07-05 00:00:00+09:00,6080.0,6080.0,5800.0,5810.0,128749.0
2018-07-06 00:00:00+09:00,5750.0,6170.0,5750.0,6150.0,463196.0
2018-07-09 00:00:00+09:00,6150.0,6290.0,5980.0,6070.0,182648.0
2018-07-10 00:00:00+09:00,6070.0,6190.0,6050.0,6110.0,129808.0
2018-07-11 00:00:00+09:00,6040.0,6110.0,5940.0,5990.0,144101.0
2018-07-12 00:00:00+09:00,6000.0,6060.0,5870.0,6000.0,260654.0
2018-07-13 00:00:00+09:00,6000.0,6000.0,5890.0,5940.0,114474.0
2018-07-16 00:00:00+09:00,5940.0,5960.0,5860.0,5870.0,113828.0
2018-07-17 00:00:00+09:00,5960.0,6000.0,5860.0,5980.0,134612.0
2018-07-18 00:00:00+09:00,5970.0,5980.0,5720.0,5740.0,238492.0
2018-07-19 00:00:00+09:00,5750.0,5770.0,5550.0,5620.0,319537.0
2018-07-20 00:00:00+09:00,5660.0,5760.0,5580.0,5650.0,132346.0
2018-07-23 00:00:00+09:00,5600.0,5640.0,5410.0,5510.0,320169.0
2018-07-24 00:00:00+09:00,5420.0,5490.0,5280.0,5410.0,436341.0
2018-07-25 00:00:00+09:00,5440.0,5440.0,5280.0,5330.0,176328.0
2018-07-26 00:00:00+09:00,5350.0,5640.0,5350.0,5540.0,232046.0
2018-07-27 00:00:00+09:00,5600.0,5630.0,5510.0,5570.0,79527.0
2018-07-30 00:00:00+09:00,5550.0,5590.0,5520.0,5580.0,61381.0
2018-07-31 00:00:00+09:00,5600.0,5690.0,5540.0,5600.0,74304.0
2018-08-01 00:00:00+09:00,5610.0,5640.0,5550.0,5630.0,46321.0
2018-08-02 00:00:00+09:00,5640.0,5680.0,5500.0,5580.0,60695.0
2018-08-03 00:00:00+09:00,5600.0,5670.0,5580.0,5650.0,77350.0
2018-08-06 00:00:00+09:00,5650.0,5750.0,5610.0,5650.0,84939.0
2018-08-07 00:00:00+09:00,5690.0,5850.0,5620.0,5800.0,162670.0
2018-08-08 00:00:00+09:00,5800.0,5980.0,5790.0,5950.0,323935.0
2018-08-09 00:00:00+09:00,5970.0,5980.0,5750.0,5850.0,210281.0
2018-08-10 00:00:00+09:00,5810.0,5900.0,5780.0,5840.0,113308.0
2018-08-13 00:00:00+09:00,5750.0,5850.0,5660.0,5740.0,144826.0
2018-08-14 00:00:00+09:00,5730.0,5810.0,5700.0,5730.0,94871.0
2018-08-16 00:00:00+09:00,5700.0,5750.0,5580.0,5640.0,180764.0
2018-08-17 00:00:00+09:00,5640.0,5800.0,5640.0,5750.0,142438.0
2018-08-20 00:00:00+09:00,5830.0,6140.0,5810.0,6100.0,739856.0
2018-08-21 00:00:00+09:00,6100.0,6170.0,6010.0,6050.0,226553.0
2018-08-22 00:00:00+09:00,6050.0,6370.0,6040.0,6250.0,680893.0
2018-08-23 00:00:00+09:00,6250.0,6320.0,6220.0,6230.0,300615.0
2018-08-24 00:00:00+09:00,6290.0,6370.0,6170.0,6230.0,413444.0
2018-08-27 00:00:00+09:00,6250.0,6290.0,6100.0,6120.0,237783.0
2018-08-28 00:00:00+09:00,6240.0,6350.0,6150.0,6290.0,252341.0
2018-08-29 00:00:00+09:00,6330.0,6440.0,6260.0,6400.0,457261.0
2018-08-30 00:00:00+09:00,6390.0,6480.0,6300.0,6370.0,218462.0
2018-08-31 00:00:00+09:00,6410.0,6420.0,6290.0,6350.0,105667.0
2018-09-03 00:00:00+09:00,6320.0,6430.0,6180.0,6210.0,150887.0
2018-09-04 00:00:00+09:00,6200.0,6280.0,6060.0,6230.0,214096.0
2018-09-05 00:00:00+09:00,6270.0,6320.0,6160.0,6230.0,200398.0
2018-09-06 00:00:00+09:00,6300.0,6300.0,6190.0,6240.0,116914.0
2018-09-07 00:00:00+09:00,6240.0,6510.0,6200.0,6470.0,560437.0
2018-09-10 00:00:00+09:00,6550.0,6560.0,6370.0,6440.0,273312.0
2018-09-11 00:00:00+09:00,6460.0,6640.0,6440.0,6580.0,374733.0
2018-09-12 00:00:00+09:00,6580.0,6770.0,6580.0,6700.0,515843.0
2018-09-13 00:00:00+09:00,6770.0,6900.0,6660.0,6810.0,376376.0
2018-09-14 00:00:00+09:00,6810.0,6900.0,6700.0,6830.0,169734.0
2018-09-17 00:00:00+09:00,6850.0,6890.0,6730.0,6850.0,160946.0
2018-09-18 00:00:00+09:00,6850.0,6870.0,6700.0,6780.0,106025.0
2018-09-19 00:00:00+09:00,6790.0,6840.0,6580.0,6600.0,144476.0
2018-09-20 00:00:00+09:00,6700.0,6740.0,6570.0,6700.0,195924.0
2018-09-21 00:00:00+09:00,6620.0,6780.0,6540.0,6660.0,159473.0
2018-09-27 00:00:00+09:00,6690.0,6770.0,6670.0,6710.0,95147.0
2018-09-28 00:00:00+09:00,6720.0,7050.0,6700.0,7020.0,467714.0
2018-10-01 00:00:00+09:00,7060.0,7100.0,6930.0,7050.0,216847.0
2018-10-02 00:00:00+09:00,7000.0,7440.0,7000.0,7390.0,901011.0
2018-10-04 00:00:00+09:00,7420.0,7500.0,7150.0,7420.0,639262.0
2018-10-05 00:00:00+09:00,7390.0,7390.0,7010.0,7160.0,439015.0
2018-10-08 00:00:00+09:00,7090.0,7160.0,6840.0,7020.0,418619.0
2018-10-10 00:00:00+09:00,6970.0,7370.0,6760.0,7300.0,555082.0
2018-10-11 00:00:00+09:00,7090.0,7090.0,6770.0,6780.0,468463.0
2018-10-12 00:00:00+09:00,6750.0,6930.0,6650.0,6750.0,360114.0
2018-10-15 00:00:00+09:00,6700.0,7320.0,6610.0,7140.0,738300.0
2018-10-16 00:00:00+09:00,7100.0,7220.0,6870.0,6900.0,385620.0
2018-10-17 00:00:00+09:00,6920.0,7040.0,6400.0,6650.0,715352.0
2018-10-18 00:00:00+09:00,6620.0,7280.0,6560.0,6880.0,804446.0
2018-10-19 00:00:00+09:00,6880.0,7120.0,6580.0,6760.0,687636.0
2018-10-22 00:00:00+09:00,6760.0,7080.0,6680.0,7020.0,318099.0
2018-10-23 00:00:00+09:00,7080.0,7170.0,6780.0,6980.0,315417.0
2018-10-24 00:00:00+09:00,6980.0,7140.0,6610.0,6650.0,309449.0
2018-10-25 00:00:00+09:00,6450.0,6870.0,6400.0,6820.0,355114.0
2018-10-26 00:00:00+09:00,6860.0,6910.0,6370.0,6540.0,396851.0
2018-10-29 00:00:00+09:00,6570.0,6760.0,6310.0,6400.0,464427.0
2018-10-30 00:00:00+09:00,6380.0,6540.0,6230.0,6490.0,259902.0
2018-10-31 00:00:00+09:00,6550.0,6810.0,6420.0,6790.0,274905.0
2018-11-01 00:00:00+09:00,6770.0,6890.0,6660.0,6670.0,310265.0
2018-11-02 00:00:00+09:00,6810.0,6930.0,6640.0,6760.0,222969.0
2018-11-05 00:00:00+09:00,6700.0,6770.0,6610.0,6750.0,117640.0
2018-11-06 00:00:00+09:00,6750.0,7210.0,6680.0,7000.0,653949.0
2018-11-07 00:00:00+09:00,7050.0,7370.0,6350.0,6660.0,1992430.0
2018-11-08 00:00:00+09:00,6780.0,6900.0,6710.0,6790.0,492369.0
2018-11-09 00:00:00+09:00,6850.0,6970.0,6670.0,6880.0,276107.0
2018-11-12 00:00:00+09:00,6860.0,7230.0,6750.0,7210.0,604228.0
2018-11-13 00:00:00+09:00,7090.0,7240.0,6950.0,7210.0,363787.0
2018-11-14 00:00:00+09:00,7230.0,7230.0,6890.0,7020.0,301492.0
2018-11-15 00:00:00+09:00,6980.0,7130.0,6900.0,7060.0,149189.0
2018-11-16 00:00:00+09:00,7050.0,7420.0,6990.0,7330.0,765881.0
2018-11-19 00:00:00+09:00,7350.0,7640.0,7130.0,7170.0,978623.0
2018-11-20 00:00:00+09:00,7070.0,7310.0,7060.0,7170.0,305451.0
2018-11-21 00:00:00+09:00,7040.0,7200.0,7040.0,7140.0,206545.0
2018-11-22 00:00:00+09:00,7180.0,7450.0,6990.0,7360.0,526306.0
2018-11-23 00:00:00+09:00,7370.0,7520.0,7280.0,7390.0,354942.0
2018-11-26 00:00:00+09:00,7390.0,7460.0,7050.0,7230.0,328522.0
2018-11-27 00:00:00+09:00,7330.0,7330.0,7160.0,7180.0,147064.0
2018-11-28 00:00:00+09:00,7210.0,7240.0,7080.0,7120.0,236766.0
2018-11-29 00:00:00+09:00,7220.0,7230.0,7020.0,7100.0,253839.0
2018-11-30 00:00:00+09:00,7120.0,7150.0,6980.0,7050.0,190386.0
2018-12-03 00:00:00+09:00,7100.0,7210.0,7070.0,7170.0,208485.0
2018-12-04 00:00:00+09:00,7210.0,7220.0,7070.0,7160.0,195722.0
2018-12-05 00:00:00+09:00,7040.0,7400.0,7000.0,7330.0,418060.0
2018-12-06 00:00:00+09:00,7330.0,7350.0,7060.0,7130.0,226895.0
2018-12-07 00:00:00+09:00,7240.0,7240.0,7030.0,7100.0,190964.0
2018-12-10 00:00:00+09:00,6990.0,7040.0,6840.0,6910.0,191884.0
2018-12-11 00:00:00+09:00,7000.0,7150.0,6930.0,7080.0,162795.0
2018-12-12 00:00:00+09:00,7190.0,7190.0,7050.0,7140.0,112635.0
2018-12-13 00:00:00+09:00,7140.0,7560.0,7110.0,7550.0,810630.0
2018-12-14 00:00:00+09:00,7550.0,7900.0,7550.0,7810.0,1301576.0
2018-12-17 00:00:00+09:00,7850.0,8060.0,7680.0,7790.0,773525.0
2018-12-18 00:00:00+09:00,7770.0,7960.0,7620.0,7650.0,341576.0
2018-12-19 00:00:00+09:00,7610.0,7700.0,7410.0,7550.0,685436.0
2018-12-20 00:00:00+09:00,7510.0,7510.0,7100.0,7150.0,946317.0
2018-12-21 00:00:00+09:00,7240.0,7300.0,6980.0,7120.0,895448.0
2018-12-24 00:00:00+09:00,7030.0,7050.0,6780.0,6780.0,566727.0
2018-12-26 00:00:00+09:00,6640.0,6730.0,6410.0,6520.0,546932.0
2018-12-27 00:00:00+09:00,6620.0,6900.0,6620.0,6820.0,552780.0
2018-12-28 00:00:00+09:00,6900.0,7050.0,6770.0,7040.0,501422.0
2019-01-02 00:00:00+09:00,7100.0,7110.0,6750.0,6820.0,339091.0
2019-01-03 00:00:00+09:00,6830.0,7020.0,6800.0,6840.0,285620.0
2019-01-04 00:00:00+09:00,6780.0,6930.0,6700.0,6890.0,226598.0
2019-01-07 00:00:00+09:00,7030.0,7050.0,6780.0,6790.0,303613.0
2019-01-08 00:00:00+09:00,6790.0,6840.0,6570.0,6590.0,416400.0
2019-01-09 00:00:00+09:00,6710.0,6850.0,6690.0,6740.0,410330.0
2019-01-10 00:00:00+09:00,6730.0,6950.0,6710.0,6800.0,380935.0
2019-01-11 00:00:00+09:00,6850.0,6910.0,6730.0,6900.0,263989.0
2019-01-14 00:00:00+09:00,6940.0,6980.0,6830.0,6910.0,180263.0
2019-01-15 00:00:00+09:00,6900.0,7160.0,6860.0,7150.0,401499.0
2019-01-16 00:00:00+09:00,7180.0,7200.0,7100.0,7140.0,197071.0
2019-01-17 00:00:00+09:00,7130.0,7180.0,7020.0,7080.0,236419.0
2019-01-18 00:00:00+09:00,7080.0,7140.0,6910.0,7030.0,325720.0
2019-01-21 00:00:00+09:00,7090.0,7410.0,7070.0,7260.0,735939.0
2019-01-22 00:00:00+09:00,7290.0,7300.0,7070.0,7140.0,329591.0
2019-01-23 00:00:00+09:00,7160.0,7160.0,6960.0,7070.0,292606.0
2019-01-24 00:00:00+09:00,7040.0,7100.0,7000.0,7070.0,173693.0
2019-01-25 00:00:00+09:00,7070.0,7260.0,7020.0,7210.0,286297.0
2019-01-28 00:00:00+09:00,7340.0,7630.0,7280.0,7370.0,1169100.0
2019-01-29 00:00:00+09:00,7490.0,7800.0,7310.0,7800.0,1617168.0
2019-01-30 00:00:00+09:00,7800.0,7910.0,7660.0,7780.0,726183.0
2019-01-31 00:00:00+09:00,7860.0,7980.0,7660.0,7690.0,577796.0
2019-02-01 00:00:00+09:00,7750.0,7750.0,7360.0,7480.0,655933.0
2019-02-07 00:00:00+09:00,7510.0,7730.0,7440.0,7670.0,340087.0
2019-02-08 00:00:00+09:00,7610.0,8000.0,7580.0,7890.0,778195.0
2019-02-11 00:00:00+09:00,7910.0,7930.0,7630.0,7700.0,345899.0
2019-02-12 00:00:00+09:00,7670.0,8000.0,7670.0,7980.0,611654.0
2019-02-13 00:00:00+09:00,8110.0,8260.0,8070.0,8210.0,1070512.0
2019-02-14 00:00:00+09:00,8200.0,8340.0,7960.0,8090.0,512535.0
2019-02-15 00:00:00+09:00,8030.0,8260.0,8000.0,8130.0,312445.0
2019-02-18 00:00:00+09:00,8220.0,8290.0,8040.0,8150.0,209976.0
2019-02-19 00:00:00+09:00,8110.0,8230.0,8000.0,8030.0,291105.0
2019-02-20 00:00:00+09:00,7990.0,8380.0,7990.0,8110.0,676725.0
2019-02-21 00:00:00+09:00,8110.0,8320.0,8040.0,8180.0,342585.0
2019-02-22 00:00:00+09:00,8280.0,8320.0,8100.0,8210.0,275235.0
2019-02-25 00:00:00+09:00,8290.0,8530.0,8220.0,8310.0,546512.0
2019-02-26 00:00:00+09:00,8400.0,8430.0,8060.0,8140.0,398171.0
2019-02-27 00:00:00+09:00,8160.0,8210.0,8010.0,8130.0,234162.0
2019-02-28 00:00:00+09:00,8150.0,8240.0,7930.0,7950.0,364577.0
2019-03-04 00:00:00+09:00,8050.0,8120.0,7880.0,7950.0,337195.0
2019-03-05 00:00:00+09:00,7980.0,8160.0,7900.0,8060.0,249277.0
2019-03-06 00:00:00+09:00,8120.0,8430.0,8040.0,8350.0,699450.0
2019-03-07 00:00:00+09:00,8320.0,8390.0,8070.0,8160.0,493491.0
2019-03-08 00:00:00+09:00,8160.0,8340.0,8080.0,8300.0,408659.0
2019-03-11 00:00:00+09:00,8230.0,8460.0,8230.0,8440.0,390695.0
2019-03-12 00:00:00+09:00,8480.0,8570.0,8370.0,8530.0,362014.0
2019-03-13 00:00:00+09:00,8590.0,8620.0,8400.0,8550.0,398269.0
2019-03-14 00:00:00+09:00,8580.0,8870.0,8510.0,8800.0,842634.0
2019-03-15 00:00:00+09:00,8790.0,8850.0,8550.0,8700.0,378163.0
2019-03-18 00:00:00+09:00,8740.0,8930.0,8610.0,8850.0,341456.0
2019-03-19 00:00:00+09:00,8860.0,8890.0,8730.0,8790.0,188624.0
2019-03-20 00:00:00+09:00,8780.0,8780.0,8580.0,8700.0,317374.0
2019-03-21 00:00:00+09:00,8700.0,8710.0,8390.0,8550.0,310687.0
2019-03-22 00:00:00+09:00,8510.0,8630.0,8330.0,8450.0,382608.0
2019-03-25 00:00:00+09:00,8280.0,8420.0,8200.0,8310.0,285797.0
2019-03-26 00:00:00+09:00,8300.0,8540.0,8240.0,8430.0,295158.0
2019-03-27 00:00:00+09:00,8440.0,8450.0,8000.0,8230.0,525216.0
2019-03-28 00:00:00+09:00,8110.0,8210.0,7870.0,7890.0,546459.0
2019-03-29 00:00:00+09:00,7850.0,8160.0,7850.0,8150.0,285835.0
2019-04-01 00:00:00+09:00,8170.0,8260.0,8110.0,8180.0,231560.0
2019-04-02 00:00:00+09:00,8270.0,8270.0,7970.0,8070.0,280471.0
2019-04-03 00:00:00+09:00,8070.0,8100.0,7960.0,8060.0,303574.0
2019-04-04 00:00:00+09:00,8050.0,8220.0,7910.0,8200.0,384450.0
2019-04-05 00:00:00+09:00,8490.0,8620.0,8220.0,8330.0,1017950.0
2019-04-08 00:00:00+09:00,8380.0,8390.0,8100.0,8200.0,339859.0
2019-04-09 00:00:00+09:00,8140.0,8200.0,8060.0,8170.0,293169.0
2019-04-10 00:00:00+09:00,8130.0,8150.0,8040.0,8050.0,233571.0
2019-04-11 00:00:00+09:00,8070.0,8090.0,7980.0,8000.0,345411.0
2019-04-12 00:00:00+09:00,8030.0,8040.0,7950.0,7970.0,241766.0
2019-04-15 00:00:00+09:00,8030.0,8030.0,7950.0,7970.0,216528.0
2019-04-16 00:00:00+09:00,8000.0,8030.0,7750.0,7780.0,504048.0
2019-04-17 00:00:00+09:00,7730.0,8000.0,7730.0,7940.0,426582.0
2019-04-18 00:00:00+09:00,7990.0,8150.0,7880.0,7950.0,498761.0
2019-04-19 00:00:00+09:00,7990.0,8070.0,7740.0,7920.0,456149.0
2019-04-22 00:00:00+09:00,7870.0,7990.0,7820.0,7990.0,280930.0
2019-04-23 00:00:00+09:00,8060.0,8420.0,8030.0,8340.0,1508677.0
2019-04-24 00:00:00+09:00,8420.0,8430.0,8140.0,8180.0,493204.0
2019-04-25 00:00:00+09:00,8170.0,8200.0,8060.0,8180.0,276523.0
2019-04-26 00:00:00+09:00,8180.0,8180.0,8010.0,8090.0,245462.0
2019-04-29 00:00:00+09:00,8030.0,8270.0,8030.0,8250.0,217237.0
2019-04-30 00:00:00+09:00,8260.0,8500.0,8180.0,8460.0,669103.0
2019-05-02 00:00:00+09:00,8420.0,8590.0,8360.0,8560.0,369415.0
2019-05-03 00:00:00+09:00,8590.0,8960.0,8550.0,8770.0,971355.0
2019-05-07 00:00:00+09:00,8690.0,8790.0,8550.0,8730.0,280109.0
2019-05-08 00:00:00+09:00,8640.0,8710.0,8500.0,8600.0,250790.0
2019-05-09 00:00:00+09:00,8600.0,8770.0,8450.0,8520.0,429936.0
2019-05-10 00:00:00+09:00,8610.0,8730.0,8360.0,8460.0,342420.0
2019-05-13 00:00:00+09:00,8500.0,9080.0,8340.0,8370.0,1685720.0
2019-05-14 00:00:00+09:00,8250.0,8640.0,8220.0,8640.0,397631.0
2019-05-15 00:00:00+09:00,8640.0,8690.0,8440.0,8640.0,387400.0
2019-05-16 00:00:00+09:00,8640.0,8760.0,8500.0,8680.0,325316.0
2019-05-17 00:00:00+09:00,8670.0,8860.0,8500.0,8540.0,282962.0
2019-05-20 00:00:00+09:00,8540.0,8540.0,8050.0,8110.0,523866.0
2019-05-21 00:00:00+09:00,8050.0,8160.0,7920.0,8050.0,358275.0
2019-05-22 00:00:00+09:00,8060.0,8120.0,7830.0,7880.0,353545.0
2019-05-23 00:00:00+09:00,8070.0,8170.0,7910.0,8080.0,459435.0
2019-05-24 00:00:00+09:00,8030.0,8130.0,7770.0,7790.0,315392.0
2019-05-27 00:00:00+09:00,7820.0,7950.0,7700.0,7730.0,232326.0
2019-05-28 00:00:00+09:00,7690.0,7910.0,7690.0,7880.0,241470.0
2019-05-29 00:00:00+09:00,7810.0,7870.0,7630.0,7790.0,244637.0
2019-05-30 00:00:00+09:00,7790.0,7860.0,7660.0,7830.0,166556.0
2019-05-31 00:00:00+09:00,7870.0,8130.0,7790.0,7920.0,352899.0
2019-06-03 00:00:00+09:00,8160.0,8260.0,7790.0,7860.0,968879.0
2019-06-04 00:00:00+09:00,7800.0,8030.0,7800.0,8000.0,240846.0
2019-06-05 00:00:00+09:00,8030.0,8060.0,7840.0,8000.0,309554.0
2019-06-07 00:00:00+09:00,7970.0,8010.0,7810.0,7900.0,406758.0
2019-06-10 00:00:00+09:00,7930.0,8310.0,7880.0,8300.0,566491.0
2019-06-11 00:00:00+09:00,8370.0,8570.0,8310.0,8420.0,502342.0
2019-06-12 00:00:00+09:00,8450.0,8720.0,8390.0,8690.0,535432.0
2019-06-13 00:00:00+09:00,8730.0,8980.0,8700.0,8920.0,848302.0
2019-06-14 00:00:00+09:00,8970.0,9400.0,8960.0,8980.0,1615029.0
2019-06-17 00:00:00+09:00,8990.0,9070.0,8550.0,8620.0,687692.0
2019-06-18 00:00:00+09:00,8620.0,8760.0,8570.0,8720.0,355364.0
2019-06-19 00:00:00+09:00,8780.0,8880.0,8590.0,8650.0,298705.0
2019-06-20 00:00:00+09:00,8650.0,8890.0,8620.0,8700.0,319452.0
2019-06-21 00:00:00+09:00,8720.0,9290.0,8720.0,9140.0,905259.0
2019-06-24 00:00:00+09:00,9140.0,9320.0,9110.0,9160.0,389919.0
2019-06-25 00:00:00+09:00,9150.0,9240.0,8960.0,9090.0,234311.0
2019-06-26 00:00:00+09:00,9100.0,9150.0,8890.0,8980.0,178677.0
2019-06-27 00:00:00+09:00,8980.0,9130.0,8780.0,8950.0,221445.0
2019-06-28 00:00:00+09:00,9100.0,9100.0,8880.0,8980.0,149969.0
2019-07-01 00:00:00+09:00,8990.0,9010.0,8640.0,8800.0,282992.0
2019-07-02 00:00:00+09:00,8870.0,8870.0,8610.0,8690.0,235930.0
2019-07-03 00:00:00+09:00,8710.0,8830.0,8650.0,8660.0,224785.0
2019-07-04 00:00:00+09:00,8660.0,8830.0,8420.0,8810.0,286899.0
2019-07-05 00:00:00+09:00,8840.0,8840.0,8580.0,8680.0,176696.0
2019-07-08 00:00:00+09:00,8680.0,8680.0,8420.0,8490.0,246059.0
2019-07-09 00:00:00+09:00,8800.0,9070.0,8200.0,8250.0,1055791.0
2019-07-10 00:00:00+09:00,8260.0,8480.0,8200.0,8250.0,289353.0
2019-07-11 00:00:00+09:00,8260.0,8370.0,8130.0,8180.0,329234.0
2019-07-12 00:00:00+09:00,8200.0,8270.0,8050.0,8090.0,316549.0
2019-07-15 00:00:00+09:00,8130.0,8130.0,7830.0,7850.0,351796.0
2019-07-16 00:00:00+09:00,7840.0,7950.0,7630.0,7650.0,638379.0
2019-07-17 00:00:00+09:00,7660.0,7890.0,7440.0,7840.0,757171.0
2019-07-18 00:00:00+09:00,7820.0,7850.0,7630.0,7720.0,309420.0
2019-07-19 00:00:00+09:00,7800.0,8060.0,7690.0,8000.0,451563.0
2019-07-22 00:00:00+09:00,8130.0,8130.0,7810.0,7870.0,456934.0
2019-07-23 00:00:00+09:00,7860.0,7890.0,7680.0,7740.0,343535.0
2019-07-24 00:00:00+09:00,7750.0,7810.0,7640.0,7680.0,166007.0
2019-07-25 00:00:00+09:00,7670.0,7680.0,7320.0,7430.0,643366.0
2019-07-26 00:00:00+09:00,7350.0,7390.0,7220.0,7360.0,355305.0
2019-07-29 00:00:00+09:00,7230.0,7330.0,7060.0,7160.0,411080.0
2019-07-30 00:00:00+09:00,7080.0,7320.0,7080.0,7260.0,262814.0
2019-07-31 00:00:00+09:00,7150.0,7290.0,7060.0,7260.0,208805.0
2019-08-01 00:00:00+09:00,7240.0,7310.0,7110.0,7200.0,185878.0
2019-08-02 00:00:00+09:00,7080.0,7150.0,6910.0,7020.0,359492.0
2019-08-05 00:00:00+09:00,7020.0,7020.0,6600.0,6620.0,543086.0
2019-08-06 00:00:00+09:00,6410.0,6720.0,6290.0,6440.0,354702.0
2019-08-07 00:00:00+09:00,6320.0,6660.0,6320.0,6620.0,327081.0
2019-08-08 00:00:00+09:00,6830.0,6980.0,6670.0,6900.0,397675.0
2019-08-09 00:00:00+09:00,6990.0,7010.0,6870.0,6930.0,158983.0
2019-08-12 00:00:00+09:00,6850.0,7010.0,6810.0,6970.0,132820.0
2019-08-13 00:00:00+09:00,6910.0,7080.0,6890.0,6970.0,160247.0
2019-08-14 00:00:00+09:00,7050.0,7090.0,6910.0,6960.0,261932.0
2019-08-16 00:00:00+09:00,6930.0,6930.0,6570.0,6590.0,412661.0
2019-08-19 00:00:00+09:00,6650.0,7390.0,6650.0,7260.0,975606.0
2019-08-20 00:00:00+09:00,7370.0,7390.0,7200.0,7350.0,409769.0
2019-08-21 00:00:00+09:00,7340.0,7350.0,7130.0,7180.0,377706.0
2019-08-22 00:00:00+09:00,7170.0,7260.0,7070.0,7150.0,265772.0
2019-08-23 00:00:00+09:00,7080.0,7260.0,7050.0,7230.0,318119.0
2019-08-26 00:00:00+09:00,7050.0,7050.0,6820.0,6860.0,308846.0
2019-08-27 00:00:00+09:00,6950.0,7080.0,6820.0,6900.0,175023.0
2019-08-28 00:00:00+09:00,6900.0,7010.0,6810.0,6910.0,160237.0
2019-08-29 00:00:00+09:00,6910.0,6980.0,6840.0,6840.0,102097.0
2019-08-30 00:00:00+09:00,6910.0,7250.0,6910.0,7250.0,438240.0
2019-09-02 00:00:00+09:00,7240.0,7240.0,7080.0,7150.0,255325.0
2019-09-03 00:00:00+09:00,7200.0,7240.0,7150.0,7180.0,187261.0
2019-09-04 00:00:00+09:00,7140.0,7300.0,7110.0,7280.0,127862.0
2019-09-05 00:00:00+09:00,7300.0,7740.0,7300.0,7630.0,753523.0
2019-09-06 00:00:00+09:00,7670.0,8020.0,7670.0,8000.0,937598.0
2019-09-09 00:00:00+09:00,8020.0,8170.0,7750.0,7900.0,847197.0
2019-09-10 00:00:00+09:00,7890.0,7960.0,7730.0,7890.0,256505.0
2019-09-11 00:00:00+09:00,8010.0,8100.0,7900.0,8010.0,437967.0
2019-09-16 00:00:00+09:00,8140.0,8320.0,8050.0,8060.0,485030.0
2019-09-17 00:00:00+09:00,8150.0,8360.0,8100.0,8290.0,463908.0
2019-09-18 00:00:00+09:00,8380.0,8460.0,8190.0,8410.0,409220.0
2019-09-19 00:00:00+09:00,8470.0,8750.0,8420.0,8560.0,645710.0
2019-09-20 00:00:00+09:00,8520.0,8730.0,8480.0,8580.0,504772.0
2019-09-23 00:00:00+09:00,8600.0,8610.0,8340.0,8360.0,356554.0
2019-09-24 00:00:00+09:00,8420.0,8630.0,8290.0,8620.0,394521.0
2019-09-25 00:00:00+09:00,8560.0,8560.0,8310.0,8370.0,354123.0
2019-09-26 00:00:00+09:00,8390.0,8530.0,8270.0,8350.0,200503.0
2019-09-27 00:00:00+09:00,8370.0,8420.0,8210.0,8260.0,229603.0
2019-09-30 00:00:00+09:00,8200.0,8370.0,8100.0,8360.0,222475.0
2019-10-01 00:00:00+09:00,8390.0,8430.0,8230.0,8300.0,180189.0
2019-10-02 00:00:00+09:00,8200.0,8450.0,8180.0,8270.0,202531.0
2019-10-04 00:00:00+09:00,8340.0,8360.0,8120.0,8170.0,166097.0
2019-10-07 00:00:00+09:00,8220.0,8480.0,8220.0,8470.0,274292.0
2019-10-08 00:00:00+09:00,8490.0,8750.0,8370.0,8730.0,489106.0
2019-10-10 00:00:00+09:00,8730.0,8990.0,8580.0,8890.0,461427.0
2019-10-11 00:00:00+09:00,8910.0,9070.0,8850.0,8850.0,350380.0
2019-10-14 00:00:00+09:00,8950.0,9050.0,8850.0,8970.0,291465.0
2019-10-15 00:00:00+09:00,8980.0,8980.0,8770.0,8830.0,225638.0
2019-10-16 00:00:00+09:00,8840.0,8940.0,8680.0,8760.0,313248.0
2019-10-17 00:00:00+09:00,8780.0,8840.0,8710.0,8790.0,197706.0
2019-10-18 00:00:00+09:00,8830.0,8920.0,8600.0,8600.0,264696.0
2019-10-21 00:00:00+09:00,8600.0,8750.0,8480.0,8480.0,281689.0
2019-10-22 00:00:00+09:00,8490.0,8660.0,8400.0,8550.0,230035.0
2019-10-23 00:00:00+09:00,8590.0,8620.0,8390.0,8390.0,201303.0
2019-10-24 00:00:00+09:00,8390.0,8540.0,8330.0,8470.0,222909.0
2019-10-25 00:00:00+09:00,8540.0,8600.0,8420.0,8420.0,168566.0
2019-10-28 00:00:00+09:00,8350.0,8480.0,8330.0,8450.0,91448.0
2019-10-29 00:00:00+09:00,8430.0,8480.0,8330.0,8400.0,147069.0
2019-10-30 00:00:00+09:00,8400.0,8450.0,8110.0,8130.0,246857.0
2019-10-31 00:00:00+09:00,8200.0,8350.0,8130.0,8350.0,134447.0
2019-11-01 00:00:00+09:00,8330.0,8330.0,8170.0,8210.0,77201.0
2019-11-04 00:00:00+09:00,8210.0,8270.0,8100.0,8160.0,154640.0
2019-11-05 00:00:00+09:00,8140.0,8240.0,8010.0,8170.0,203824.0
2019-11-06 00:00:00+09:00,8210.0,8250.0,7790.0,7850.0,596233.0
2019-11-07 00:00:00+09:00,7850.0,7940.0,7790.0,7860.0,251077.0
2019-11-08 00:00:00+09:00,7870.0,7980.0,7780.0,7860.0,191408.0
2019-11-11 00:00:00+09:00,7870.0,7890.0,7680.0,7740.0,133171.0
2019-11-12 00:00:00+09:00,7740.0,7820.0,7630.0,7790.0,186015.0
2019-11-13 00:00:00+09:00,7810.0,7930.0,7690.0,7790.0,192067.0
2019-11-14 00:00:00+09:00,7790.0,7910.0,7440.0,7510.0,589472.0
2019-11-15 00:00:00+09:00,7550.0,7590.0,7390.0,7440.0,314322.0
2019-11-18 00:00:00+09:00,7480.0,7510.0,7240.0,7330.0,502580.0
2019-11-19 00:00:00+09:00,7350.0,7430.0,7310.0,7420.0,271498.0
2019-11-20 00:00:00+09:00,7420.0,7420.0,7090.0,7190.0,440536.0
2019-11-21 00:00:00+09:00,7190.0,7200.0,7000.0,7050.0,330076.0
2019-11-22 00:00:00+09:00,7020.0,7280.0,7020.0,7170.0,249404.0
2019-11-25 00:00:00+09:00,7240.0,7660.0,7200.0,7610.0,585906.0
2019-11-26 00:00:00+09:00,7680.0,7680.0,7540.0,7600.0,282444.0
2019-11-27 00:00:00+09:00,7600.0,7670.0,7500.0,7520.0,106967.0
2019-11-28 00:00:00+09:00,7570.0,7680.0,7480.0,7640.0,202921.0
2019-11-29 00:00:00+09:00,7650.0,7650.0,7390.0,7460.0,317572.0
2019-12-02 00:00:00+09:00,7400.0,7520.0,7390.0,7420.0,88268.0
2019-12-03 00:00:00+09:00,7410.0,7490.0,7260.0,7400.0,94129.0
2019-12-04 00:00:00+09:00,7460.0,7460.0,7300.0,7330.0,57788.0
2019-12-05 00:00:00+09:00,7330.0,7500.0,7260.0,7330.0,109409.0
2019-12-06 00:00:00+09:00,7320.0,7440.0,7320.0,7380.0,102176.0
2019-12-09 00:00:00+09:00,7380.0,7590.0,7380.0,7530.0,225451.0
2019-12-10 00:00:00+09:00,7530.0,7540.0,7410.0,7470.0,149183.0
2019-12-11 00:00:00+09:00,7420.0,7490.0,7320.0,7390.0,153352.0
2019-12-12 00:00:00+09:00,7390.0,7460.0,7300.0,7430.0,175850.0
2019-12-13 00:00:00+09:00,7510.0,7600.0,7490.0,7590.0,181108.0
2019-12-16 00:00:00+09:00,7650.0,7660.0,7490.0,7570.0,186819.0
2019-12-17 00:00:00+09:00,7640.0,7680.0,7520.0,7580.0,162876.0
2019-12-18 00:00:00+09:00,7580.0,7630.0,7490.0,7560.0,174524.0
2019-12-19 00:00:00+09:00,7530.0,7580.0,7450.0,7580.0,154683.0
2019-12-20 00:00:00+09:00,7640.0,7900.0,7630.0,7860.0,677018.0
2019-12-23 00:00:00+09:00,7900.0,7910.0,7690.0,7740.0,330436.0
2019-12-24 00:00:00+09:00,7740.0,7740.0,7610.0,7720.0,190402.0
2019-12-26 00:00:00+09:00,7720.0,7800.0,7640.0,7760.0,235900.0
2019-12-27 00:00:00+09:00,7760.0,7850.0,7700.0,7760.0,229870.0
2019-12-30 00:00:00+09:00,7840.0,7880.0,7740.0,7830.0,201898.0
2020-01-02 00:00:00+09:00,7800.0,7830.0,7700.0,7800.0,148453.0
2020-01-03 00:00:00+09:00,7830.0,8160.0,7800.0,8120.0,646810.0
2020-01-06 00:00:00+09:00,8110.0,8120.0,7910.0,8010.0,316691.0
2020-01-07 00:00:00+09:00,8030.0,8250.0,8010.0,8070.0,343594.0
2020-01-08 00:00:00+09:00,8040.0,8060.0,7760.0,7880.0,378277.0
2020-01-09 00:00:00+09:00,8010.0,8180.0,7990.0,8160.0,337445.0
2020-01-10 00:00:00+09:00,8160.0,8500.0,8150.0,8460.0,633678.0
2020-01-13 00:00:00+09:00,8530.0,8530.0,8290.0,8380.0,272532.0
2020-01-14 00:00:00+09:00,8460.0,8460.0,8250.0,8260.0,193661.0
2020-01-15 00:00:00+09:00,8290.0,8330.0,8250.0,8260.0,113995.0
2020-01-16 00:00:00+09:00,8290.0,8360.0,8220.0,8320.0,159142.0
2020-01-17 00:00:00+09:00,8300.0,8350.0,8150.0,8190.0,206697.0
2020-01-20 00:00:00+09:00,8180.0,8270.0,8070.0,8190.0,255107.0
2020-01-21 00:00:00+09:00,8200.0,8230.0,8100.0,8120.0,126846.0
2020-01-22 00:00:00+09:00,8100.0,8430.0,8070.0,8350.0,372907.0
2020-01-23 00:00:00+09:00,8320.0,8370.0,8190.0,8220.0,172895.0
2020-01-28 00:00:00+09:00,7860.0,8000.0,7810.0,7900.0,336909.0
2020-01-29 00:00:00+09:00,7960.0,8050.0,7810.0,8020.0,189486.0
2020-01-30 00:00:00+09:00,8050.0,8060.0,7790.0,7800.0,291082.0
2020-01-31 00:00:00+09:00,7890.0,7950.0,7500.0,7600.0,304336.0
2020-02-03 00:00:00+09:00,7400.0,7570.0,7280.0,7510.0,343353.0
2020-02-04 00:00:00+09:00,7530.0,7730.0,7530.0,7680.0,205718.0
2020-02-05 00:00:00+09:00,7720.0,7790.0,7620.0,7650.0,109664.0
2020-02-06 00:00:00+09:00,7690.0,8080.0,7690.0,7970.0,599647.0
2020-02-07 00:00:00+09:00,8010.0,8010.0,7820.0,7880.0,228524.0
2020-02-10 00:00:00+09:00,7890.0,8120.0,7760.0,8100.0,236403.0
2020-02-11 00:00:00+09:00,8090.0,8150.0,7970.0,8020.0,178310.0
2020-02-12 00:00:00+09:00,8030.0,8030.0,7900.0,7970.0,192637.0
2020-02-13 00:00:00+09:00,8060.0,8630.0,7970.0,8500.0,1710189.0
2020-02-14 00:00:00+09:00,8770.0,9140.0,8570.0,8910.0,2462650.0
2020-02-17 00:00:00+09:00,8830.0,8910.0,8710.0,8910.0,614070.0
2020-02-18 00:00:00+09:00,8910.0,9040.0,8790.0,8900.0,591370.0
2020-02-19 00:00:00+09:00,8950.0,9250.0,8920.0,8940.0,851668.0
2020-02-20 00:00:00+09:00,8900.0,9200.0,8870.0,9180.0,600503.0
2020-02-21 00:00:00+09:00,9080.0,9300.0,9010.0,9050.0,501011.0
2020-02-24 00:00:00+09:00,8770.0,8880.0,8660.0,8700.0,595016.0
2020-02-25 00:00:00+09:00,8690.0,8860.0,8520.0,8810.0,436193.0
2020-02-26 00:00:00+09:00,8670.0,8870.0,8580.0,8810.0,317460.0
2020-02-27 00:00:00+09:00,8850.0,8890.0,8460.0,8490.0,416513.0
2020-02-28 00:00:00+09:00,8270.0,8450.0,8080.0,8140.0,536374.0
2020-03-02 00:00:00+09:00,8150.0,8250.0,7990.0,8190.0,360084.0
2020-03-03 00:00:00+09:00,8390.0,8440.0,8100.0,8140.0,402844.0
2020-03-04 00:00:00+09:00,8040.0,8330.0,8040.0,8300.0,316869.0
2020-03-05 00:00:00+09:00,8340.0,8380.0,8150.0,8190.0,526477.0
2020-03-06 00:00:00+09:00,8030.0,8130.0,7800.0,7920.0,511671.0
2020-03-09 00:00:00+09:00,7720.0,7800.0,7200.0,7220.0,723639.0
2020-03-10 00:00:00+09:00,7050.0,7490.0,7020.0,7480.0,497889.0
2020-03-11 00:00:00+09:00,7480.0,7480.0,7100.0,7100.0,383716.0
2020-03-12 00:00:00+09:00,7040.0,7090.0,6520.0,6590.0,624417.0
2020-03-13 00:00:00+09:00,6000.0,6290.0,5570.0,6000.0,873995.0
2020-03-16 00:00:00+09:00,6100.0,6560.0,5800.0,5850.0,574533.0
2020-03-17 00:00:00+09:00,5380.0,6000.0,5380.0,5850.0,513701.0
2020-03-18 00:00:00+09:00,5910.0,6020.0,5290.0,5320.0,723665.0
2020-03-19 00:00:00+09:00,5340.0,5450.0,3985.0,4240.0,1414922.0
2020-03-20 00:00:00+09:00,4285.0,4570.0,4215.0,4450.0,1025406.0
2020-03-23 00:00:00+09:00,4075.0,4345.0,4000.0,4180.0,475661.0
2020-03-24 00:00:00+09:00,4380.0,4815.0,4240.0,4690.0,533679.0
2020-03-25 00:00:00+09:00,5070.0,5410.0,4870.0,5360.0,1013871.0
2020-03-26 00:00:00+09:00,5450.0,5640.0,5160.0,5320.0,551887.0
2020-03-27 00:00:00+09:00,5720.0,5720.0,5130.0,5390.0,550197.0
2020-03-30 00:00:00+09:00,5120.0,5380.0,4990.0,5330.0,309334.0
2020-03-31 00:00:00+09:00,5480.0,5560.0,5370.0,5560.0,446829.0
2020-04-01 00:00:00+09:00,5540.0,5850.0,5460.0,5490.0,466276.0
2020-04-02 00:00:00+09:00,5450.0,5800.0,5290.0,5760.0,406150.0
2020-04-03 00:00:00+09:00,5970.0,6040.0,5760.0,5830.0,477295.0
2020-04-06 00:00:00+09:00,5840.0,5930.0,5810.0,5870.0,609056.0
2020-04-07 00:00:00+09:00,6050.0,6050.0,5850.0,5910.0,577386.0
2020-04-08 00:00:00+09:00,5920.0,6050.0,5780.0,5950.0,437846.0
2020-04-09 00:00:00+09:00,6100.0,6230.0,6000.0,6060.0,550378.0
2020-04-10 00:00:00+09:00,6150.0,6250.0,5970.0,6100.0,743078.0
2020-04-13 00:00:00+09:00,6090.0,6090.0,5710.0,5740.0,660985.0
2020-04-14 00:00:00+09:00,5830.0,5950.0,5800.0,5830.0,457038.0
2020-04-16 00:00:00+09:00,5800.0,5910.0,5690.0,5910.0,471818.0
2020-04-17 00:00:00+09:00,6040.0,6120.0,5950.0,6000.0,765510.0
2020-04-20 00:00:00+09:00,6050.0,6200.0,5980.0,6100.0,521383.0
2020-04-21 00:00:00+09:00,6030.0,6080.0,5730.0,5950.0,670965.0
2020-04-22 00:00:00+09:00,5880.0,6290.0,5820.0,6220.0,1300759.0
2020-04-23 00:00:00+09:00,6320.0,6540.0,6270.0,6340.0,1901827.0
2020-04-24 00:00:00+09:00,6400.0,6580.0,6290.0,6380.0,1222128.0
2020-04-27 00:00:00+09:00,6500.0,6610.0,6460.0,6580.0,636024.0
2020-04-28 00:00:00+09:00,6610.0,6710.0,6430.0,6570.0,757325.0
2020-04-29 00:00:00+09:00,6580.0,6940.0,6570.0,6890.0,885731.0
2020-05-04 00:00:00+09:00,6780.0,7070.0,6680.0,6920.0,757152.0
2020-05-06 00:00:00+09:00,6980.0,7060.0,6870.0,6920.0,434384.0
2020-05-07 00:00:00+09:00,6900.0,6970.0,6750.0,6800.0,677446.0
2020-05-08 00:00:00+09:00,6870.0,6870.0,6730.0,6770.0,618657.0
2020-05-11 00:00:00+09:00,6790.0,6840.0,6690.0,6750.0,438404.0
2020-05-12 00:00:00+09:00,6740.0,6780.0,6470.0,6670.0,479996.0
2020-05-13 00:00:00+09:00,6570.0,6800.0,6500.0,6780.0,310518.0
2020-05-14 00:00:00+09:00,6740.0,6970.0,6670.0,6770.0,1022578.0
2020-05-15 00:00:00+09:00,6900.0,7130.0,6830.0,6950.0,1898326.0
2020-05-18 00:00:00+09:00,7070.0,7080.0,6930.0,6980.0,685784.0
2020-05-19 00:00:00+09:00,7090.0,7100.0,6980.0,7050.0,576386.0
2020-05-20 00:00:00+09:00,7090.0,7470.0,7030.0,7430.0,1576836.0
2020-05-21 00:00:00+09:00,7550.0,7830.0,7550.0,7710.0,1559698.0
2020-05-22 00:00:00+09:00,7780.0,7810.0,7470.0,7540.0,799116.0
2020-05-25 00:00:00+09:00,7930.0,8030.0,7660.0,7770.0,1333726.0
2020-05-26 00:00:00+09:00,7860.0,8040.0,7760.0,7830.0,1214462.0
2020-05-27 00:00:00+09:00,7950.0,8390.0,7890.0,8340.0,3360450.0
2020-05-28 00:00:00+09:00,8420.0,8460.0,7750.0,7900.0,1940184.0
2020-05-29 00:00:00+09:00,7940.0,8250.0,7900.0,8170.0,1322173.0
2020-06-01 00:00:00+09:00,8450.0,8780.0,8330.0,8460.0,2736096.0
2020-06-02 00:00:00+09:00,9680.0,10100.0,8730.0,8750.0,8886823.0
2020-06-03 00:00:00+09:00,8950.0,9480.0,8700.0,9210.0,7825374.0
2020-06-04 00:00:00+09:00,9290.0,9450.0,8840.0,8890.0,2843985.0
2020-06-05 00:00:00+09:00,8940.0,9030.0,8750.0,8890.0,1262917.0
2020-06-08 00:00:00+09:00,8970.0,8990.0,8790.0,8800.0,1049302.0
2020-06-09 00:00:00+09:00,8820.0,8850.0,8310.0,8370.0,2154959.0
2020-06-10 00:00:00+09:00,8400.0,8580.0,8290.0,8420.0,1235392.0
2020-06-11 00:00:00+09:00,8390.0,8400.0,8110.0,8170.0,1130084.0
2020-06-12 00:00:00+09:00,7700.0,7980.0,7690.0,7910.0,1246123.0
2020-06-15 00:00:00+09:00,7910.0,7920.0,7290.0,7310.0,1492334.0
2020-06-16 00:00:00+09:00,7500.0,7840.0,7450.0,7800.0,1477912.0
2020-06-17 00:00:00+09:00,7660.0,7910.0,7550.0,7800.0,907800.0
2020-06-18 00:00:00+09:00,7890.0,8100.0,7780.0,7910.0,908494.0
2020-06-19 00:00:00+09:00,8030.0,8090.0,7760.0,7880.0,910301.0
2020-06-22 00:00:00+09:00,7960.0,8170.0,7900.0,8000.0,796902.0
2020-06-23 00:00:00+09:00,8060.0,8090.0,7600.0,7800.0,872325.0
2020-06-24 00:00:00+09:00,7900.0,7910.0,7770.0,7850.0,481369.0
2020-06-25 00:00:00+09:00,7720.0,7770.0,7560.0,7710.0,532536.0
2020-06-26 00:00:00+09:00,7780.0,7800.0,7530.0,7640.0,424013.0
2020-06-29 00:00:00+09:00,7500.0,7560.0,7360.0,7430.0,451040.0
2020-06-30 00:00:00+09:00,7510.0,7670.0,7460.0,7510.0,437553.0
2020-07-01 00:00:00+09:00,7600.0,7700.0,7430.0,7470.0,349983.0
2020-07-02 00:00:00+09:00,7500.0,7550.0,7440.0,7530.0,223249.0
2020-07-03 00:00:00+09:00,7620.0,7620.0,7510.0,7580.0,213444.0
2020-07-06 00:00:00+09:00,7600.0,7780.0,7580.0,7760.0,410812.0
2020-07-07 00:00:00+09:00,7860.0,7870.0,7610.0,7680.0,398352.0
2020-07-08 00:00:00+09:00,7680.0,7760.0,7610.0,7620.0,245964.0
2020-07-09 00:00:00+09:00,7620.0,7750.0,7620.0,7680.0,296929.0
2020-07-10 00:00:00+09:00,7640.0,7680.0,7460.0,7520.0,384798.0
2020-07-13 00:00:00+09:00,7530.0,7930.0,7520.0,7910.0,841647.0
2020-07-14 00:00:00+09:00,7850.0,8050.0,7770.0,7970.0,683301.0
2020-07-15 00:00:00+09:00,8100.0,8500.0,8030.0,8500.0,1994502.0
2020-07-16 00:00:00+09:00,8650.0,8690.0,8360.0,8460.0,1291345.0
2020-07-17 00:00:00+09:00,8480.0,8500.0,8340.0,8470.0,508603.0
2020-07-20 00:00:00+09:00,8730.0,8810.0,8460.0,8590.0,1467727.0
2020-07-21 00:00:00+09:00,8670.0,8870.0,8530.0,8840.0,1531674.0
2020-07-22 00:00:00+09:00,8850.0,8930.0,8650.0,8670.0,959399.0
2020-07-23 00:00:00+09:00,8620.0,8660.0,8300.0,8330.0,1042743.0
2020-07-24 00:00:00+09:00,8210.0,8530.0,8120.0,8340.0,575230.0
2020-07-27 00:00:00+09:00,8270.0,8440.0,8270.0,8400.0,343910.0
2020-07-28 00:00:00+09:00,8400.0,8470.0,8250.0,8340.0,537572.0
2020-07-29 00:00:00+09:00,8380.0,8430.0,8200.0,8410.0,513810.0
2020-07-30 00:00:00+09:00,8450.0,8480.0,8270.0,8350.0,519631.0
2020-07-31 00:00:00+09:00,8380.0,8420.0,8280.0,8340.0,281367.0
2020-08-03 00:00:00+09:00,8380.0,8380.0,8190.0,8310.0,367750.0
2020-08-04 00:00:00+09:00,8400.0,8750.0,8350.0,8630.0,1555944.0
2020-08-05 00:00:00+09:00,8660.0,8670.0,8290.0,8380.0,1229590.0
2020-08-06 00:00:00+09:00,8390.0,8480.0,8350.0,8460.0,589122.0
2020-08-07 00:00:00+09:00,8460.0,8490.0,8190.0,8270.0,686002.0
2020-08-10 00:00:00+09:00,8310.0,8550.0,8270.0,8480.0,742452.0
2020-08-11 00:00:00+09:00,8540.0,8680.0,8500.0,8590.0,1087262.0
2020-08-12 00:00:00+09:00,8610.0,8650.0,8330.0,8540.0,703202.0
2020-08-13 00:00:00+09:00,8610.0,8740.0,8480.0,8640.0,975623.0
2020-08-14 00:00:00+09:00,8720.0,8770.0,8490.0,8660.0,1159370.0
2020-08-18 00:00:00+09:00,9200.0,9220.0,8280.0,8370.0,3408195.0
2020-08-19 00:00:00+09:00,8490.0,8560.0,8310.0,8400.0,818036.0
2020-08-20 00:00:00+09:00,8380.0,8390.0,7700.0,7740.0,1891676.0
2020-08-21 00:00:00+09:00,7860.0,8170.0,7730.0,8050.0,896541.0
2020-08-24 00:00:00+09:00,7970.0,8960.0,7800.0,8430.0,3557387.0
2020-08-25 00:00:00+09:00,8740.0,9330.0,8500.0,9250.0,7414165.0
2020-08-26 00:00:00+09:00,9410.0,9460.0,8900.0,9040.0,3287812.0
2020-08-27 00:00:00+09:00,9050.0,9180.0,8850.0,9080.0,1828731.0
2020-08-28 00:00:00+09:00,9040.0,9250.0,8870.0,8950.0,1526636.0
2020-08-31 00:00:00+09:00,8960.0,9180.0,8940.0,9070.0,1251052.0
2020-09-01 00:00:00+09:00,9090.0,10350.0,9090.0,10000.0,11204981.0
2020-09-02 00:00:00+09:00,9810.0,9980.0,9650.0,9760.0,6130179.0
2020-09-03 00:00:00+09:00,9990.0,10500.0,9900.0,9970.0,4372298.0
2020-09-04 00:00:00+09:00,9460.0,10050.0,9440.0,10000.0,2532676.0
2020-09-07 00:00:00+09:00,10200.0,11200.0,9940.0,10450.0,6434630.0
2020-09-08 00:00:00+09:00,10850.0,11100.0,10250.0,10350.0,2387780.0
2020-09-09 00:00:00+09:00,10050.0,10400.0,10000.0,10300.0,1255859.0
2020-09-10 00:00:00+09:00,10700.0,10750.0,10400.0,10500.0,1530992.0
2020-09-11 00:00:00+09:00,10450.0,10550.0,10000.0,10250.0,1303858.0
2020-09-14 00:00:00+09:00,10350.0,10500.0,9980.0,10200.0,1371691.0
2020-09-15 00:00:00+09:00,10250.0,10300.0,9900.0,10100.0,1124309.0
2020-09-16 00:00:00+09:00,10100.0,10150.0,9970.0,10000.0,678028.0
2020-09-17 00:00:00+09:00,10000.0,10100.0,9850.0,9900.0,674382.0
2020-09-18 00:00:00+09:00,9970.0,10250.0,9770.0,10200.0,884595.0
2020-09-21 00:00:00+09:00,10250.0,10350.0,9620.0,9720.0,1200587.0
2020-09-22 00:00:00+09:00,9720.0,9790.0,9200.0,9250.0,1399016.0
2020-09-23 00:00:00+09:00,9370.0,9380.0,8940.0,9240.0,805223.0
2020-09-24 00:00:00+09:00,9030.0,9400.0,8950.0,8950.0,862581.0
2020-09-25 00:00:00+09:00,9090.0,9210.0,8880.0,9050.0,508072.0
2020-09-28 00:00:00+09:00,9120.0,9380.0,9120.0,9320.0,537415.0
2020-09-29 00:00:00+09:00,9420.0,10050.0,9260.0,9540.0,2977654.0
2020-10-05 00:00:00+09:00,9460.0,9800.0,9430.0,9690.0,642695.0
2020-10-06 00:00:00+09:00,9750.0,10050.0,9710.0,9910.0,1528336.0
2020-10-07 00:00:00+09:00,9880.0,10150.0,9760.0,10100.0,1042771.0
2020-10-08 00:00:00+09:00,10200.0,10600.0,10050.0,10350.0,2129951.0
2020-10-12 00:00:00+09:00,10400.0,10500.0,10100.0,10250.0,655801.0
2020-10-13 00:00:00+09:00,10400.0,10550.0,10000.0,10100.0,1482078.0
2020-10-14 00:00:00+09:00,10100.0,10150.0,9960.0,9980.0,815761.0
2020-10-15 00:00:00+09:00,10000.0,10150.0,9780.0,10000.0,856013.0
2020-10-16 00:00:00+09:00,10050.0,10100.0,9780.0,9880.0,726135.0
2020-10-19 00:00:00+09:00,9820.0,9940.0,9660.0,9700.0,650678.0
2020-10-20 00:00:00+09:00,9610.0,9770.0,9460.0,9680.0,655378.0
2020-10-21 00:00:00+09:00,9640.0,11100.0,9620.0,11000.0,7445060.0
2020-10-22 00:00:00+09:00,10850.0,10900.0,10400.0,10850.0,3835726.0
2020-10-23 00:00:00+09:00,11150.0,11400.0,9980.0,10050.0,5145507.0
2020-10-26 00:00:00+09:00,10100.0,10100.0,9620.0,9620.0,1535780.0
2020-10-27 00:00:00+09:00,9550.0,9800.0,9440.0,9500.0,1173831.0
2020-10-28 00:00:00+09:00,9460.0,9970.0,9460.0,9890.0,904343.0
2020-10-29 00:00:00+09:00,9650.0,9820.0,9640.0,9780.0,818103.0
2020-10-30 00:00:00+09:00,9800.0,9850.0,9480.0,9510.0,766589.0
2020-11-02 00:00:00+09:00,9510.0,9730.0,9490.0,9710.0,423215.0
2020-11-03 00:00:00+09:00,9860.0,10100.0,9770.0,10050.0,1045830.0
2020-11-04 00:00:00+09:00,10250.0,10250.0,9890.0,9980.0,661132.0
2020-11-05 00:00:00+09:00,10100.0,10150.0,9970.0,10100.0,508549.0
2020-11-06 00:00:00+09:00,10150.0,10150.0,9980.0,10150.0,618189.0
2020-11-09 00:00:00+09:00,10300.0,10750.0,10150.0,10650.0,1380677.0
2020-11-10 00:00:00+09:00,10800.0,10900.0,10400.0,10550.0,881181.0
2020-11-11 00:00:00+09:00,10550.0,10700.0,10500.0,10600.0,619014.0
2020-11-12 00:00:00+09:00,10650.0,11050.0,10450.0,11000.0,1727362.0
2020-11-13 00:00:00+09:00,11000.0,11300.0,10850.0,11100.0,1329851.0
2020-11-16 00:00:00+09:00,11450.0,11750.0,11300.0,11500.0,2184368.0
2020-11-17 00:00:00+09:00,11600.0,11950.0,11500.0,11700.0,1643642.0
2020-11-18 00:00:00+09:00,11650.0,11700.0,11200.0,11350.0,1393639.0
2020-11-19 00:00:00+09:00,11200.0,11250.0,10700.0,10850.0,1751909.0
2020-11-20 00:00:00+09:00,10850.0,11300.0,10800.0,11250.0,1108023.0
2020-11-23 00:00:00+09:00,11450.0,12200.0,11400.0,11900.0,3974570.0
2020-11-24 00:00:00+09:00,12250.0,12450.0,11800.0,12050.0,1890613.0
2020-11-25 00:00:00+09:00,12150.0,13950.0,12100.0,13350.0,9167613.0
2020-11-26 00:00:00+09:00,13350.0,13500.0,12850.0,13200.0,1893456.0
2020-11-27 00:00:00+09:00,13200.0,13350.0,12850.0,13050.0,964738.0
2020-11-30 00:00:00+09:00,13250.0,13550.0,12950.0,13150.0,1644371.0
2020-12-01 00:00:00+09:00,13350.0,13450.0,12850.0,13050.0,1006833.0
2020-12-02 00:00:00+09:00,13100.0,13100.0,12650.0,12800.0,1262954.0
2020-12-03 00:00:00+09:00,12850.0,12900.0,12500.0,12650.0,998554.0
2020-12-04 00:00:00+09:00,12650.0,13050.0,12500.0,12700.0,1055298.0
2020-12-07 00:00:00+09:00,12850.0,12900.0,12150.0,12400.0,1136439.0
2020-12-08 00:00:00+09:00,12550.0,12950.0,12300.0,12650.0,1209332.0
2020-12-09 00:00:00+09:00,12750.0,14300.0,12700.0,13000.0,5422815.0
2020-12-10 00:00:00+09:00,12900.0,13250.0,12750.0,12850.0,941772.0
2020-12-11 00:00:00+09:00,13000.0,13600.0,12950.0,13250.0,1377514.0
2020-12-14 00:00:00+09:00,13350.0,13400.0,13000.0,13050.0,712542.0
2020-12-15 00:00:00+09:00,12950.0,13050.0,12550.0,12700.0,926290.0
2020-12-16 00:00:00+09:00,12850.0,12900.0,12550.0,12850.0,663952.0
2020-12-17 00:00:00+09:00,12800.0,13050.0,12700.0,13050.0,560320.0
2020-12-18 00:00:00+09:00,13150.0,13200.0,12900.0,12950.0,425126.0
2020-12-21 00:00:00+09:00,12900.0,13250.0,12750.0,13100.0,696178.0
2020-12-22 00:00:00+09:00,13150.0,13900.0,13050.0,13400.0,2743419.0
2020-12-23 00:00:00+09:00,13500.0,13850.0,13100.0,13250.0,1364481.0
2020-12-24 00:00:00+09:00,13600.0,13750.0,13300.0,13450.0,802180.0
2020-12-28 00:00:00+09:00,13600.0,13600.0,13000.0,13150.0,958567.0
2020-12-29 00:00:00+09:00,13150.0,13450.0,13050.0,13150.0,620539.0
2020-12-30 00:00:00+09:00,13200.0,13850.0,13200.0,13450.0,1229152.0
2021-01-04 00:00:00+09:00,13600.0,14350.0,13400.0,14250.0,2175238.0
2021-01-05 00:00:00+09:00,14250.0,14700.0,14100.0,14350.0,1380464.0
2021-01-06 00:00:00+09:00,14400.0,14750.0,13850.0,13900.0,1364522.0
2021-01-07 00:00:00+09:00,14050.0,14400.0,13900.0,14150.0,982157.0
2021-01-08 00:00:00+09:00,14250.0,14250.0,13700.0,13900.0,1072352.0
2021-01-11 00:00:00+09:00,13800.0,13850.0,13050.0,13500.0,1250002.0
2021-01-12 00:00:00+09:00,13400.0,13650.0,13050.0,13250.0,673566.0
2021-01-13 00:00:00+09:00,13300.0,13600.0,13250.0,13400.0,520103.0
2021-01-14 00:00:00+09:00,13400.0,13450.0,13150.0,13400.0,557070.0
2021-01-15 00:00:00+09:00,13500.0,13500.0,12850.0,12900.0,683387.0
2021-01-18 00:00:00+09:00,12700.0,12800.0,12400.0,12550.0,619309.0
2021-01-19 00:00:00+09:00,12550.0,12700.0,12300.0,12550.0,2671297.0
2021-01-20 00:00:00+09:00,12650.0,12850.0,12300.0,12650.0,1232963.0
2021-01-21 00:00:00+09:00,12700.0,13000.0,12500.0,12600.0,1281271.0
2021-01-22 00:00:00+09:00,12700.0,12700.0,12450.0,12650.0,501366.0
2021-01-25 00:00:00+09:00,12650.0,13300.0,12600.0,13250.0,1172239.0
2021-01-26 00:00:00+09:00,13550.0,13650.0,12900.0,13100.0,1424342.0
2021-01-27 00:00:00+09:00,13150.0,13300.0,12800.0,12850.0,542339.0
2021-01-28 00:00:00+09:00,12500.0,12750.0,12400.0,12400.0,726910.0
2021-01-29 00:00:00+09:00,12600.0,12650.0,11500.0,11750.0,1305970.0
2021-02-01 00:00:00+09:00,11600.0,12100.0,11250.0,12000.0,604368.0
2021-02-02 00:00:00+09:00,12100.0,12300.0,11750.0,11950.0,698341.0
2021-02-03 00:00:00+09:00,12050.0,12100.0,11600.0,11800.0,780398.0
2021-02-04 00:00:00+09:00,11750.0,11750.0,11250.0,11250.0,1462546.0
2021-02-05 00:00:00+09:00,11350.0,11550.0,11150.0,11450.0,892736.0
2021-02-08 00:00:00+09:00,11600.0,12750.0,11550.0,12050.0,3211915.0
2021-02-09 00:00:00+09:00,12150.0,12350.0,11850.0,11850.0,668801.0
2021-02-10 00:00:00+09:00,11850.0,12000.0,11600.0,11950.0,490262.0
2021-02-15 00:00:00+09:00,12100.0,12250.0,12000.0,12150.0,581800.0
2021-02-16 00:00:00+09:00,12250.0,12300.0,11950.0,12000.0,427907.0
2021-02-17 00:00:00+09:00,12100.0,12550.0,12000.0,12450.0,994540.0
2021-02-18 00:00:00+09:00,12400.0,12450.0,12050.0,12050.0,548672.0
2021-02-19 00:00:00+09:00,12050.0,12150.0,11750.0,12000.0,503514.0
2021-02-22 00:00:00+09:00,12050.0,12150.0,11900.0,11950.0,327891.0
2021-02-23 00:00:00+09:00,11950.0,12300.0,11750.0,12000.0,746287.0
2021-02-24 00:00:00+09:00,12000.0,12150.0,11350.0,11350.0,768194.0
2021-02-25 00:00:00+09:00,11550.0,11750.0,11500.0,11750.0,363714.0
2021-02-26 00:00:00+09:00,11400.0,11950.0,11350.0,11750.0,743785.0
2021-03-02 00:00:00+09:00,12000.0,12050.0,11450.0,11650.0,706346.0
2021-03-03 00:00:00+09:00,11650.0,11750.0,11500.0,11750.0,280332.0
2021-03-04 00:00:00+09:00,11550.0,11750.0,11450.0,11450.0,384685.0
2021-03-05 00:00:00+09:00,11300.0,11350.0,11000.0,11100.0,781280.0
2021-03-08 00:00:00+09:00,11200.0,11400.0,11000.0,11000.0,615257.0
2021-03-09 00:00:00+09:00,10950.0,11400.0,10600.0,11300.0,731352.0
2021-03-10 00:00:00+09:00,11450.0,11500.0,11050.0,11100.0,362001.0
2021-03-11 00:00:00+09:00,11100.0,11300.0,11000.0,11150.0,350117.0
2021-03-12 00:00:00+09:00,11250.0,11400.0,11150.0,11350.0,412610.0
2021-03-15 00:00:00+09:00,11400.0,11800.0,11250.0,11750.0,652680.0
2021-03-16 00:00:00+09:00,11850.0,12000.0,11600.0,11750.0,423715.0
2021-03-17 00:00:00+09:00,11800.0,11800.0,11500.0,11600.0,349194.0
2021-03-18 00:00:00+09:00,11700.0,11950.0,11450.0,11600.0,646503.0
2021-03-19 00:00:00+09:00,11400.0,11650.0,11400.0,11650.0,304843.0
2021-03-22 00:00:00+09:00,11750.0,11900.0,11550.0,11700.0,709043.0
2021-03-23 00:00:00+09:00,11900.0,12200.0,11700.0,11700.0,992620.0
2021-03-24 00:00:00+09:00,11550.0,11900.0,11450.0,11700.0,721606.0
2021-03-25 00:00:00+09:00,11700.0,11800.0,11400.0,11500.0,747224.0
2021-03-26 00:00:00+09:00,11600.0,12400.0,11500.0,12350.0,2706518.0
2021-03-29 00:00:00+09:00,12600.0,12850.0,12350.0,12450.0,3152584.0
2021-03-30 00:00:00+09:00,12500.0,12600.0,12050.0,12150.0,1068932.0
2021-03-31 00:00:00+09:00,12150.0,12700.0,12150.0,12300.0,1207984.0
2021-04-01 00:00:00+09:00,12450.0,12450.0,12050.0,12100.0,726285.0
2021-04-02 00:00:00+09:00,12250.0,12250.0,12000.0,12200.0,519264.0
2021-04-05 00:00:00+09:00,12300.0,12650.0,12200.0,12550.0,1039769.0
2021-04-06 00:00:00+09:00,12600.0,12650.0,12250.0,12400.0,576472.0
2021-04-07 00:00:00+09:00,12400.0,12400.0,12150.0,12300.0,664360.0
2021-04-08 00:00:00+09:00,12400.0,12550.0,12300.0,12350.0,766640.0
2021-04-09 00:00:00+09:00,12400.0,12400.0,12150.0,12250.0,473043.0
2021-04-12 00:00:00+09:00,12250.0,12400.0,12050.0,12150.0,671869.0
2021-04-13 00:00:00+09:00,12150.0,12300.0,12050.0,12150.0,514278.0
2021-04-14 00:00:00+09:00,12200.0,12250.0,12000.0,12150.0,492894.0
2021-04-15 00:00:00+09:00,12150.0,12450.0,12100.0,12200.0,654593.0
2021-04-16 00:00:00+09:00,12250.0,12400.0,12150.0,12200.0,492980.0
2021-04-19 00:00:00+09:00,12250.0,12300.0,12050.0,12200.0,449418.0
2021-04-20 00:00:00+09:00,12200.0,12550.0,12100.0,12400.0,1116305.0
2021-04-21 00:00:00+09:00,12350.0,12350.0,12050.0,12050.0,833719.0
2021-04-22 00:00:00+09:00,12150.0,12150.0,12000.0,12100.0,419793.0
2021-04-23 00:00:00+09:00,12050.0,12050.0,11800.0,11950.0,712919.0
2021-04-26 00:00:00+09:00,12000.0,12550.0,11950.0,12550.0,1628164.0
2021-04-27 00:00:00+09:00,12650.0,12650.0,12300.0,12450.0,856655.0
2021-04-28 00:00:00+09:00,12600.0,13100.0,12500.0,12550.0,3362723.0
2021-04-29 00:00:00+09:00,12650.0,12900.0,12300.0,12850.0,1468480.0
2021-04-30 00:00:00+09:00,13000.0,13300.0,12800.0,12850.0,2362211.0
2021-05-03 00:00:00+09:00,12950.0,13350.0,12800.0,12950.0,1724546.0
2021-05-04 00:00:00+09:00,13200.0,13600.0,12550.0,12800.0,3196044.0
2021-05-06 00:00:00+09:00,12600.0,12900.0,12550.0,12900.0,1263145.0
2021-05-07 00:00:00+09:00,13050.0,13050.0,12700.0,12750.0,742499.0
2021-05-10 00:00:00+09:00,12800.0,12850.0,12550.0,12650.0,801610.0
2021-05-11 00:00:00+09:00,12550.0,12600.0,12350.0,12450.0,1042361.0
2021-05-12 00:00:00+09:00,12400.0,12450.0,11850.0,12000.0,1393125.0
2021-05-13 00:00:00+09:00,11650.0,12000.0,11600.0,11750.0,696742.0
2021-05-14 00:00:00+09:00,11850.0,11950.0,11600.0,11750.0,425833.0
2021-05-17 00:00:00+09:00,11800.0,11850.0,11650.0,11750.0,449178.0
2021-05-18 00:00:00+09:00,11650.0,11800.0,11600.0,11750.0,437138.0
2021-05-20 00:00:00+09:00,11600.0,11750.0,11450.0,11600.0,497458.0
2021-05-21 00:00:00+09:00,11600.0,11700.0,11300.0,11400.0,591252.0
2021-05-24 00:00:00+09:00,11400.0,11600.0,11350.0,11450.0,322652.0
2021-05-25 00:00:00+09:00,11500.0,11550.0,11450.0,11500.0,265907.0
2021-05-26 00:00:00+09:00,11500.0,11600.0,11400.0,11600.0,276430.0
2021-05-27 00:00:00+09:00,11600.0,11850.0,11550.0,11850.0,371016.0
2021-05-28 00:00:00+09:00,12000.0,12100.0,11900.0,12050.0,636753.0
2021-05-31 00:00:00+09:00,12250.0,12400.0,12100.0,12300.0,925657.0
2021-06-01 00:00:00+09:00,12400.0,12700.0,12300.0,12650.0,1428594.0
2021-06-02 00:00:00+09:00,12700.0,12700.0,12450.0,12600.0,657959.0
2021-06-03 00:00:00+09:00,12600.0,12650.0,12300.0,12400.0,655021.0
2021-06-04 00:00:00+09:00,12300.0,12550.0,12200.0,12500.0,480908.0
2021-06-07 00:00:00+09:00,12500.0,12600.0,12300.0,12350.0,437326.0
2021-06-08 00:00:00+09:00,12200.0,12350.0,12150.0,12350.0,373118.0
2021-06-09 00:00:00+09:00,12200.0,12400.0,12200.0,12200.0,351624.0
2021-06-10 00:00:00+09:00,12200.0,12200.0,12000.0,12100.0,412191.0
2021-06-11 00:00:00+09:00,12100.0,12200.0,12050.0,12100.0,298326.0
2021-06-14 00:00:00+09:00,12050.0,12250.0,12050.0,12150.0,247521.0
2021-06-15 00:00:00+09:00,12200.0,12250.0,12000.0,12000.0,272119.0
2021-06-16 00:00:00+09:00,12000.0,12300.0,12000.0,12100.0,260854.0
2021-06-17 00:00:00+09:00,12100.0,12100.0,11950.0,12000.0,342297.0
2021-06-18 00:00:00+09:00,12000.0,12100.0,11800.0,11850.0,614720.0
2021-06-21 00:00:00+09:00,11700.0,11900.0,11650.0,11850.0,456688.0
2021-06-22 00:00:00+09:00,11950.0,12000.0,11850.0,11900.0,296376.0
2021-06-23 00:00:00+09:00,11900.0,12000.0,11700.0,11700.0,391759.0
2021-06-24 00:00:00+09:00,11700.0,11750.0,11550.0,11650.0,377053.0
2021-06-25 00:00:00+09:00,11650.0,11850.0,11650.0,11750.0,332166.0
2021-06-28 00:00:00+09:00,11800.0,11850.0,11650.0,11800.0,269052.0
2021-06-29 00:00:00+09:00,11850.0,11950.0,11800.0,11900.0,262744.0
2021-06-30 00:00:00+09:00,11900.0,11950.0,11850.0,11900.0,225660.0
2021-07-01 00:00:00+09:00,11900.0,11900.0,11700.0,11750.0,214157.0
2021-07-02 00:00:00+09:00,11750.0,11950.0,11750.0,11900.0,267801.0
2021-07-05 00:00:00+09:00,11900.0,12050.0,11850.0,12050.0,378749.0
2021-07-06 00:00:00+09:00,12100.0,12150.0,12000.0,12050.0,327488.0
2021-07-07 00:00:00+09:00,12050.0,12050.0,11850.0,11850.0,251280.0
2021-07-08 00:00:00+09:00,11850.0,11950.0,11600.0,11650.0,359500.0
2021-07-09 00:00:00+09:00,11500.0,11550.0,11300.0,11500.0,439226.0
2021-07-12 00:00:00+09:00,11550.0,11800.0,11500.0,11650.0,250690.0
2021-07-13 00:00:00+09:00,11750.0,11800.0,11650.0,11750.0,201763.0
2021-07-14 00:00:00+09:00,11650.0,11800.0,11600.0,11700.0,174521.0
2021-07-15 00:00:00+09:00,11800.0,11900.0,11700.0,11850.0,236208.0
2021-07-16 00:00:00+09:00,11800.0,11900.0,11750.0,11900.0,297613.0
2021-07-19 00:00:00+09:00,12000.0,12150.0,11800.0,11950.0,545502.0
2021-07-20 00:00:00+09:00,11850.0,12250.0,11800.0,11950.0,784869.0
2021-07-21 00:00:00+09:00,12100.0,12250.0,11950.0,12100.0,961730.0
2021-07-22 00:00:00+09:00,12200.0,12250.0,11900.0,11950.0,428912.0
2021-07-23 00:00:00+09:00,11950.0,12050.0,11800.0,11900.0,308393.0
2021-07-26 00:00:00+09:00,12000.0,12000.0,11750.0,11750.0,275979.0
2021-07-27 00:00:00+09:00,11900.0,11900.0,11750.0,11800.0,184140.0
2021-07-28 00:00:00+09:00,11700.0,11800.0,11600.0,11700.0,285301.0
2021-07-29 00:00:00+09:00,11750.0,11800.0,11650.0,11750.0,193894.0
2021-07-30 00:00:00+09:00,11750.0,11800.0,11550.0,11600.0,205952.0
2021-08-02 00:00:00+09:00,11650.0,11700.0,11500.0,11600.0,150273.0
2021-08-03 00:00:00+09:00,11500.0,11600.0,11400.0,11500.0,221346.0
2021-08-04 00:00:00+09:00,11500.0,11600.0,11400.0,11600.0,168621.0
2021-08-05 00:00:00+09:00,11600.0,11650.0,11500.0,11600.0,132389.0
2021-08-06 00:00:00+09:00,11600.0,11750.0,11500.0,11650.0,148427.0
2021-08-09 00:00:00+09:00,11600.0,11650.0,11450.0,11500.0,192300.0
2021-08-10 00:00:00+09:00,11450.0,11550.0,11300.0,11350.0,325916.0
2021-08-11 00:00:00+09:00,11350.0,11500.0,11300.0,11400.0,225380.0
2021-08-12 00:00:00+09:00,11400.0,11450.0,11200.0,11250.0,276903.0
2021-08-13 00:00:00+09:00,11250.0,11250.0,10800.0,10950.0,414385.0
2021-08-17 00:00:00+09:00,10850.0,10950.0,10250.0,10350.0,592375.0
2021-08-18 00:00:00+09:00,10200.0,10650.0,10200.0,10550.0,215381.0
2021-08-19 00:00:00+09:00,10500.0,10700.0,10050.0,10100.0,388508.0
2021-08-20 00:00:00+09:00,10150.0,10300.0,9880.0,9950.0,454764.0
2021-08-23 00:00:00+09:00,9950.0,10150.0,9910.0,10000.0,321933.0
2021-08-24 00:00:00+09:00,10150.0,10450.0,10100.0,10450.0,325654.0
2021-08-25 00:00:00+09:00,10500.0,10600.0,10350.0,10450.0,227849.0
2021-08-26 00:00:00+09:00,10600.0,10600.0,10300.0,10300.0,183873.0
2021-08-27 00:00:00+09:00,10250.0,10500.0,10200.0,10400.0,125948.0
2021-08-30 00:00:00+09:00,10550.0,10800.0,10450.0,10800.0,281725.0
2021-08-31 00:00:00+09:00,10850.0,10900.0,10550.0,10650.0,263279.0
2021-09-01 00:00:00+09:00,10700.0,11150.0,10600.0,11000.0,432297.0
2021-09-02 00:00:00+09:00,10950.0,11150.0,10850.0,11050.0,183490.0
2021-09-03 00:00:00+09:00,11050.0,11100.0,10900.0,11050.0,147713.0
2021-09-06 00:00:00+09:00,10950.0,11150.0,10900.0,11100.0,146102.0
2021-09-07 00:00:00+09:00,11250.0,11300.0,11100.0,11150.0,321972.0
2021-09-08 00:00:00+09:00,11200.0,11300.0,11050.0,11150.0,284802.0
2021-09-09 00:00:00+09:00,11100.0,11200.0,10900.0,10900.0,203449.0
2021-09-10 00:00:00+09:00,10900.0,11050.0,10800.0,11000.0,161893.0
2021-09-13 00:00:00+09:00,11000.0,11200.0,11000.0,11100.0,221293.0
2021-09-14 00:00:00+09:00,11100.0,11350.0,11050.0,11300.0,344576.0
2021-09-15 00:00:00+09:00,11300.0,11700.0,11150.0,11650.0,626567.0
2021-09-16 00:00:00+09:00,11700.0,11800.0,11550.0,11800.0,522654.0
2021-09-17 00:00:00+09:00,11950.0,11950.0,11600.0,11800.0,425860.0
2021-09-23 00:00:00+09:00,11600.0,11700.0,11450.0,11500.0,254223.0
2021-09-24 00:00:00+09:00,11550.0,11900.0,11550.0,11750.0,563792.0
2021-09-27 00:00:00+09:00,11850.0,11950.0,11750.0,11800.0,431071.0
2021-09-28 00:00:00+09:00,11950.0,11950.0,11700.0,11700.0,390118.0
2021-09-29 00:00:00+09:00,11400.0,11800.0,11250.0,11750.0,356644.0
2021-09-30 00:00:00+09:00,11650.0,11950.0,11650.0,11850.0,371745.0
2021-10-01 00:00:00+09:00,11750.0,11950.0,11600.0,11650.0,345064.0
2021-10-05 00:00:00+09:00,11500.0,11950.0,11050.0,11800.0,748094.0
2021-10-06 00:00:00+09:00,11950.0,11950.0,11400.0,11400.0,591832.0
2021-10-07 00:00:00+09:00,11550.0,11950.0,11500.0,11950.0,626411.0
2021-10-08 00:00:00+09:00,12000.0,12150.0,11750.0,11850.0,535007.0
2021-10-12 00:00:00+09:00,11850.0,12000.0,11700.0,11900.0,372412.0
2021-10-13 00:00:00+09:00,11850.0,12100.0,11750.0,12050.0,550074.0
2021-10-14 00:00:00+09:00,12100.0,12150.0,11950.0,12050.0,366136.0
2021-10-15 00:00:00+09:00,12100.0,12150.0,11850.0,11900.0,560276.0
2021-10-18 00:00:00+09:00,11900.0,11900.0,11750.0,11850.0,237075.0
2021-10-19 00:00:00+09:00,11900.0,11950.0,11750.0,11750.0,212115.0
2021-10-20 00:00:00+09:00,11850.0,11850.0,11500.0,11600.0,406650.0
2021-10-21 00:00:00+09:00,11600.0,11650.0,11450.0,11650.0,271659.0
2021-10-22 00:00:00+09:00,11650.0,11900.0,11500.0,11650.0,289845.0
2021-10-25 00:00:00+09:00,11600.0,12750.0,11550.0,12750.0,3501630.0
2021-10-26 00:00:00+09:00,12950.0,13100.0,12600.0,12800.0,1720397.0
2021-10-27 00:00:00+09:00,12750.0,13500.0,12700.0,13000.0,3346854.0
2021-10-28 00:00:00+09:00,13100.0,13400.0,12700.0,12900.0,1766781.0
2021-10-29 00:00:00+09:00,12900.0,13200.0,12450.0,12550.0,1057274.0
2021-11-01 00:00:00+09:00,12500.0,12850.0,12450.0,12600.0,830905.0
2021-11-02 00:00:00+09:00,12600.0,12650.0,12250.0,12350.0,752385.0
2021-11-03 00:00:00+09:00,12300.0,12350.0,12000.0,12050.0,784319.0
2021-11-04 00:00:00+09:00,12200.0,12250.0,11650.0,11750.0,733924.0
2021-11-05 00:00:00+09:00,11750.0,12050.0,11500.0,12050.0,620664.0
2021-11-08 00:00:00+09:00,12200.0,12250.0,11900.0,12000.0,308864.0
2021-11-09 00:00:00+09:00,12000.0,12200.0,11950.0,12000.0,346482.0
2021-11-10 00:00:00+09:00,11900.0,11950.0,11600.0,11600.0,433916.0
2021-11-11 00:00:00+09:00,11450.0,11600.0,11350.0,11450.0,405317.0
2021-11-12 00:00:00+09:00,11500.0,11850.0,11450.0,11500.0,469206.0
2021-11-15 00:00:00+09:00,11600.0,11650.0,11350.0,11550.0,322297.0
2021-11-16 00:00:00+09:00,11450.0,11550.0,11100.0,11200.0,714982.0
2021-11-17 00:00:00+09:00,11200.0,11200.0,10800.0,10900.0,498877.0
2021-11-18 00:00:00+09:00,10850.0,10850.0,10300.0,10350.0,2273764.0
2021-11-19 00:00:00+09:00,10400.0,10600.0,10350.0,10550.0,460904.0
2021-11-22 00:00:00+09:00,10600.0,10600.0,10250.0,10450.0,310554.0
2021-11-23 00:00:00+09:00,10500.0,10600.0,10400.0,10500.0,274335.0
2021-11-24 00:00:00+09:00,10600.0,10600.0,10300.0,10400.0,329292.0
2021-11-25 00:00:00+09:00,10400.0,10400.0,10300.0,10350.0,184495.0
2021-11-26 00:00:00+09:00,10300.0,10400.0,10000.0,10100.0,409303.0
2021-11-29 00:00:00+09:00,9790.0,10100.0,9770.0,9890.0,682539.0
2021-11-30 00:00:00+09:00,9960.0,10100.0,9310.0,9330.0,999824.0
2021-12-01 00:00:00+09:00,9350.0,9700.0,9100.0,9700.0,520018.0
2021-12-02 00:00:00+09:00,9580.0,9960.0,9510.0,9920.0,446186.0
2021-12-03 00:00:00+09:00,9920.0,9980.0,9860.0,9950.0,266977.0
2021-12-06 00:00:00+09:00,9940.0,10300.0,9890.0,10250.0,359223.0
2021-12-07 00:00:00+09:00,10350.0,10400.0,10250.0,10400.0,253682.0
2021-12-08 00:00:00+09:00,10750.0,10750.0,10450.0,10550.0,472372.0
2021-12-09 00:00:00+09:00,10600.0,10750.0,10500.0,10750.0,323772.0
2021-12-10 00:00:00+09:00,10700.0,10800.0,10550.0,10700.0,307892.0
2021-12-13 00:00:00+09:00,10800.0,11100.0,10650.0,11100.0,618549.0
2021-12-14 00:00:00+09:00,11000.0,11400.0,10850.0,11150.0,680085.0
2021-12-15 00:00:00+09:00,11150.0,11200.0,10800.0,10950.0,335903.0
2021-12-16 00:00:00+09:00,10950.0,11050.0,10700.0,10850.0,276789.0
2021-12-17 00:00:00+09:00,10700.0,10950.0,10650.0,10950.0,230893.0
2021-12-20 00:00:00+09:00,10850.0,10900.0,10550.0,10600.0,270131.0
2021-12-21 00:00:00+09:00,10600.0,10800.0,10500.0,10700.0,182281.0
2021-12-22 00:00:00+09:00,10800.0,10850.0,10700.0,10800.0,142507.0
2021-12-23 00:00:00+09:00,10850.0,10900.0,10500.0,10600.0,420756.0
2021-12-24 00:00:00+09:00,10600.0,10700.0,10450.0,10600.0,303373.0
2021-12-27 00:00:00+09:00,10600.0,10650.0,10450.0,10500.0,243499.0
2021-12-28 00:00:00+09:00,10550.0,10600.0,10450.0,10600.0,252533.0
2021-12-29 00:00:00+09:00,10550.0,10900.0,10550.0,10750.0,352539.0
2021-12-30 00:00:00+09:00,10750.0,10800.0,10600.0,10750.0,155920.0
2022-01-03 00:00:00+09:00,10850.0,11000.0,10800.0,10900.0,381195.0
2022-01-04 00:00:00+09:00,11000.0,11200.0,10850.0,11200.0,602655.0
2022-01-05 00:00:00+09:00,11350.0,11750.0,11250.0,11650.0,1841600.0
2022-01-06 00:00:00+09:00,11600.0,12400.0,11450.0,11900.0,2164536.0
2022-01-07 00:00:00+09:00,11950.0,12250.0,11650.0,11850.0,918691.0
2022-01-10 00:00:00+09:00,11850.0,12400.0,11600.0,12200.0,1781021.0
2022-01-11 00:00:00+09:00,12250.0,12300.0,11650.0,11750.0,971607.0
2022-01-12 00:00:00+09:00,11750.0,12050.0,11600.0,11900.0,655639.0
2022-01-13 00:00:00+09:00,12300.0,12450.0,12000.0,12050.0,1147421.0
2022-01-14 00:00:00+09:00,11900.0,12450.0,11900.0,12200.0,965338.0
2022-01-17 00:00:00+09:00,12200.0,12250.0,11750.0,11850.0,568468.0
2022-01-18 00:00:00+09:00,11850.0,11900.0,11250.0,11400.0,842366.0
2022-01-19 00:00:00+09:00,11100.0,11500.0,11100.0,11300.0,600486.0
2022-01-20 00:00:00+09:00,11250.0,11700.0,11200.0,11700.0,419883.0
2022-01-21 00:00:00+09:00,11550.0,11750.0,11450.0,11650.0,612305.0
2022-01-24 00:00:00+09:00,11650.0,11900.0,11250.0,11350.0,630177.0
2022-01-25 00:00:00+09:00,11400.0,11500.0,10700.0,10950.0,732912.0
2022-01-26 00:00:00+09:00,11000.0,11100.0,10750.0,10750.0,353601.0
2022-01-27 00:00:00+09:00,10750.0,10900.0,10200.0,10450.0,577702.0
2022-01-28 00:00:00+09:00,10450.0,10900.0,10300.0,10800.0,530331.0
2022-02-03 00:00:00+09:00,11000.0,11250.0,10850.0,11050.0,325852.0
2022-02-04 00:00:00+09:00,10950.0,11150.0,10850.0,11100.0,211530.0
2022-02-07 00:00:00+09:00,11150.0,11150.0,10750.0,10850.0,257595.0
2022-02-08 00:00:00+09:00,10850.0,11000.0,10500.0,10650.0,346630.0
2022-02-09 00:00:00+09:00,10700.0,10850.0,10550.0,10850.0,179009.0
2022-02-10 00:00:00+09:00,11000.0,11000.0,10650.0,10750.0,178622.0
2022-02-11 00:00:00+09:00,10600.0,10700.0,10350.0,10500.0,495704.0
2022-02-14 00:00:00+09:00,10200.0,10300.0,9980.0,10100.0,562491.0
2022-02-15 00:00:00+09:00,10100.0,10200.0,9950.0,9970.0,319377.0
2022-02-16 00:00:00+09:00,10200.0,10400.0,10150.0,10350.0,192024.0
2022-02-17 00:00:00+09:00,10300.0,10500.0,10100.0,10250.0,312445.0
2022-02-18 00:00:00+09:00,10050.0,10400.0,9990.0,10400.0,329986.0
2022-02-21 00:00:00+09:00,10300.0,10500.0,10200.0,10450.0,177295.0
2022-02-22 00:00:00+09:00,10150.0,10550.0,10100.0,10250.0,295833.0
2022-02-23 00:00:00+09:00,10450.0,11850.0,10450.0,11850.0,3677339.0
2022-02-24 00:00:00+09:00,11950.0,12200.0,11350.0,11400.0,2348926.0
2022-02-25 00:00:00+09:00,11650.0,12000.0,11400.0,11450.0,1539752.0
2022-02-28 00:00:00+09:00,11450.0,12000.0,11200.0,11950.0,1306476.0
2022-03-02 00:00:00+09:00,11950.0,12450.0,11900.0,12200.0,1443720.0
2022-03-03 00:00:00+09:00,12350.0,12350.0,11850.0,11950.0,832543.0
2022-03-04 00:00:00+09:00,12050.0,12750.0,12000.0,12600.0,2505225.0
2022-03-07 00:00:00+09:00,12450.0,12900.0,12250.0,12400.0,2251859.0
2022-03-08 00:00:00+09:00,12300.0,12400.0,11650.0,11700.0,1630282.0
2022-03-10 00:00:00+09:00,11800.0,11850.0,11200.0,11700.0,1089201.0
2022-03-11 00:00:00+09:00,11600.0,11950.0,11500.0,11650.0,566090.0
2022-03-14 00:00:00+09:00,11650.0,11800.0,11450.0,11700.0,496499.0
2022-03-15 00:00:00+09:00,11650.0,11700.0,11150.0,11200.0,681183.0
2022-03-16 00:00:00+09:00,11100.0,11200.0,10850.0,11000.0,723907.0
2022-03-17 00:00:00+09:00,11100.0,11200.0,10950.0,11050.0,502030.0
2022-03-18 00:00:00+09:00,11150.0,11450.0,11050.0,11300.0,512113.0
2022-03-21 00:00:00+09:00,11350.0,11550.0,11100.0,11250.0,380708.0
2022-03-22 00:00:00+09:00,11250.0,11750.0,11250.0,11700.0,516992.0
2022-03-23 00:00:00+09:00,11750.0,11800.0,11400.0,11600.0,384350.0
2022-03-24 00:00:00+09:00,11600.0,12200.0,11550.0,12150.0,910126.0
2022-03-25 00:00:00+09:00,12200.0,12300.0,11950.0,12150.0,589300.0
2022-03-28 00:00:00+09:00,12250.0,12400.0,11950.0,12250.0,654094.0
2022-03-29 00:00:00+09:00,12300.0,12300.0,11750.0,11850.0,639273.0
2022-03-30 00:00:00+09:00,11850.0,11950.0,11450.0,11600.0,572023.0
2022-03-31 00:00:00+09:00,11650.0,11950.0,11600.0,11750.0,476859.0
2022-04-01 00:00:00+09:00,11800.0,11850.0,11550.0,11550.0,263176.0
2022-04-04 00:00:00+09:00,11550.0,11700.0,11450.0,11600.0,184762.0
2022-04-05 00:00:00+09:00,11700.0,11700.0,11550.0,11600.0,159460.0
2022-04-06 00:00:00+09:00,11500.0,11600.0,11250.0,11450.0,336915.0
2022-04-07 00:00:00+09:00,11350.0,11350.0,10900.0,10950.0,697336.0
2022-04-08 00:00:00+09:00,11000.0,11100.0,10750.0,11100.0,318807.0
2022-04-11 00:00:00+09:00,11150.0,11600.0,11100.0,11500.0,631377.0
2022-04-12 00:00:00+09:00,11500.0,12200.0,11500.0,11950.0,1831793.0
2022-04-13 00:00:00+09:00,12000.0,12600.0,11800.0,12600.0,2073020.0
2022-04-14 00:00:00+09:00,12600.0,13350.0,12450.0,13150.0,3439034.0
2022-04-15 00:00:00+09:00,13050.0,13400.0,12750.0,13300.0,1741745.0
2022-04-18 00:00:00+09:00,13200.0,13600.0,13000.0,13100.0,1097863.0
2022-04-19 00:00:00+09:00,13150.0,13850.0,13000.0,13850.0,2031049.0
2022-04-20 00:00:00+09:00,13750.0,14000.0,13450.0,13850.0,1327432.0
2022-04-21 00:00:00+09:00,13850.0,14150.0,13250.0,13800.0,1344323.0
2022-04-22 00:00:00+09:00,13600.0,13900.0,13250.0,13400.0,1127401.0
2022-04-25 00:00:00+09:00,13050.0,13500.0,13000.0,13150.0,1014464.0
2022-04-26 00:00:00+09:00,13200.0,13200.0,12600.0,12850.0,1349010.0
2022-04-27 00:00:00+09:00,12500.0,13300.0,12500.0,13050.0,1118975.0
2022-04-28 00:00:00+09:00,13300.0,13450.0,13000.0,13100.0,780572.0
2022-04-29 00:00:00+09:00,13100.0,13250.0,12850.0,13150.0,408121.0
2022-05-02 00:00:00+09:00,12950.0,13450.0,12800.0,13000.0,811879.0
2022-05-03 00:00:00+09:00,13400.0,13900.0,13350.0,13400.0,2314510.0
2022-05-04 00:00:00+09:00,13800.0,14300.0,13450.0,13500.0,1855877.0
2022-05-06 00:00:00+09:00,13450.0,14400.0,13400.0,14050.0,2189382.0
2022-05-09 00:00:00+09:00,13900.0,14000.0,13300.0,13500.0,1159377.0
2022-05-10 00:00:00+09:00,13250.0,13950.0,13050.0,13950.0,1217225.0
2022-05-11 00:00:00+09:00,14000.0,14050.0,13200.0,13500.0,1150433.0
2022-05-12 00:00:00+09:00,13200.0,13750.0,12800.0,12900.0,1086892.0
2022-05-13 00:00:00+09:00,12850.0,13150.0,12800.0,12950.0,572142.0
2022-05-16 00:00:00+09:00,12900.0,13000.0,12600.0,12800.0,588508.0
2022-05-17 00:00:00+09:00,12650.0,12750.0,12400.0,12700.0,815338.0
2022-05-18 00:00:00+09:00,12800.0,12900.0,12300.0,12400.0,733469.0
2022-05-19 00:00:00+09:00,12000.0,12350.0,12000.0,12200.0,689155.0
2022-05-20 00:00:00+09:00,12350.0,12500.0,12150.0,12450.0,509495.0
2022-05-23 00:00:00+09:00,12450.0,12450.0,12050.0,12250.0,495996.0
2022-05-24 00:00:00+09:00,12250.0,12700.0,12100.0,12100.0,691874.0
2022-05-25 00:00:00+09:00,12250.0,13150.0,12050.0,12950.0,1587872.0
2022-05-26 00:00:00+09:00,12950.0,13500.0,12850.0,13350.0,935858.0
2022-05-27 00:00:00+09:00,13550.0,13600.0,13150.0,13250.0,420590.0
2022-05-30 00:00:00+09:00,13300.0,13350.0,12800.0,12900.0,554344.0
2022-05-31 00:00:00+09:00,13050.0,13400.0,12900.0,13000.0,452026.0
2022-06-02 00:00:00+09:00,13450.0,13650.0,13150.0,13450.0,817782.0
2022-06-03 00:00:00+09:00,13500.0,13650.0,13250.0,13600.0,454707.0
2022-06-07 00:00:00+09:00,13650.0,14000.0,13450.0,14000.0,785820.0
2022-06-08 00:00:00+09:00,14050.0,14100.0,13750.0,14000.0,649202.0
2022-06-09 00:00:00+09:00,14000.0,14700.0,14000.0,14150.0,1416407.0
2022-06-10 00:00:00+09:00,14150.0,14500.0,14050.0,14200.0,753093.0
2022-06-13 00:00:00+09:00,13900.0,14150.0,13500.0,13500.0,874120.0
2022-06-14 00:00:00+09:00,13250.0,13750.0,13150.0,13500.0,711010.0
2022-06-15 00:00:00+09:00,13400.0,13550.0,12700.0,12900.0,741855.0
2022-06-16 00:00:00+09:00,13200.0,13450.0,12950.0,13000.0,497541.0
2022-06-17 00:00:00+09:00,12600.0,13350.0,12600.0,13300.0,541032.0
2022-06-20 00:00:00+09:00,13450.0,13500.0,12950.0,13100.0,458246.0
2022-06-21 00:00:00+09:00,13150.0,14400.0,13100.0,14200.0,1682906.0
2022-06-22 00:00:00+09:00,14350.0,14900.0,13650.0,13650.0,2297700.0
2022-06-23 00:00:00+09:00,13900.0,14450.0,13400.0,13400.0,2114019.0
2022-06-24 00:00:00+09:00,13400.0,13800.0,13150.0,13700.0,845894.0
2022-06-27 00:00:00+09:00,13900.0,14300.0,13750.0,14000.0,727668.0
2022-06-28 00:00:00+09:00,13950.0,14350.0,13750.0,14300.0,833375.0
2022-06-29 00:00:00+09:00,14050.0,14750.0,14050.0,14550.0,1220784.0
2022-06-30 00:00:00+09:00,14600.0,15350.0,14450.0,14600.0,2600303.0
2022-07-01 00:00:00+09:00,14850.0,14900.0,14000.0,14050.0,1146490.0
2022-07-04 00:00:00+09:00,14150.0,14200.0,13100.0,13500.0,1403589.0
2022-07-05 00:00:00+09:00,13550.0,13750.0,13250.0,13750.0,941718.0
2022-07-06 00:00:00+09:00,13550.0,13550.0,12400.0,12550.0,1956894.0
2022-07-07 00:00:00+09:00,12650.0,13050.0,12500.0,12900.0,698811.0
2022-07-08 00:00:00+09:00,13150.0,13250.0,12900.0,13000.0,621615.0
2022-07-11 00:00:00+09:00,13150.0,13200.0,12600.0,12800.0,456192.0
2022-07-12 00:00:00+09:00,12600.0,13000.0,12500.0,12700.0,483939.0
2022-07-13 00:00:00+09:00,12550.0,12650.0,12150.0,12350.0,726665.0
2022-07-14 00:00:00+09:00,12350.0,12550.0,12100.0,12450.0,423733.0
2022-07-15 00:00:00+09:00,12450.0,12500.0,12050.0,12200.0,503272.0
2022-07-18 00:00:00+09:00,12300.0,13100.0,12300.0,13100.0,873195.0
2022-07-19 00:00:00+09:00,13000.0,13350.0,12900.0,13100.0,422346.0
2022-07-20 00:00:00+09:00,13300.0,13300.0,12850.0,13050.0,423562.0
2022-07-21 00:00:00+09:00,13050.0,13550.0,12950.0,13500.0,697471.0
2022-07-22 00:00:00+09:00,13500.0,13650.0,13200.0,13250.0,453720.0
2022-07-25 00:00:00+09:00,13150.0,13400.0,13050.0,13200.0,268514.0
2022-07-26 00:00:00+09:00,13350.0,13750.0,13250.0,13500.0,529429.0
2022-07-27 00:00:00+09:00,13600.0,13700.0,13300.0,13550.0,504160.0
2022-07-28 00:00:00+09:00,13700.0,13850.0,13500.0,13750.0,920262.0
2022-07-29 00:00:00+09:00,13850.0,14150.0,13650.0,13950.0,853049.0
2022-08-01 00:00:00+09:00,14150.0,14450.0,13950.0,14300.0,925615.0
2022-08-02 00:00:00+09:00,14350.0,14900.0,14100.0,14750.0,1688498.0
2022-08-03 00:00:00+09:00,14650.0,14950.0,14250.0,14500.0,702593.0
2022-08-04 00:00:00+09:00,14600.0,14650.0,14000.0,14100.0,920355.0
2022-08-05 00:00:00+09:00,14100.0,14250.0,13750.0,14050.0,523095.0
2022-08-08 00:00:00+09:00,13900.0,14450.0,13850.0,14350.0,655776.0
2022-08-09 00:00:00+09:00,14400.0,14600.0,14150.0,14550.0,763424.0
2022-08-10 00:00:00+09:00,14500.0,15550.0,14450.0,15400.0,2724598.0
2022-08-11 00:00:00+09:00,15400.0,15450.0,14950.0,15100.0,1159640.0
2022-08-12 00:00:00+09:00,15200.0,15750.0,14500.0,14550.0,1681761.0
2022-08-16 00:00:00+09:00,14650.0,14750.0,14200.0,14350.0,779164.0
2022-08-17 00:00:00+09:00,14150.0,14550.0,13900.0,14000.0,910968.0
2022-08-18 00:00:00+09:00,14000.0,14800.0,13850.0,14750.0,1026666.0
2022-08-19 00:00:00+09:00,14900.0,16050.0,14750.0,15100.0,4142266.0
2022-08-22 00:00:00+09:00,15100.0,15700.0,14900.0,15400.0,1736777.0
2022-08-23 00:00:00+09:00,15400.0,16200.0,15250.0,16050.0,2149297.0
2022-08-24 00:00:00+09:00,16050.0,16050.0,15400.0,15450.0,1503837.0
2022-08-25 00:00:00+09:00,15550.0,15850.0,14800.0,14900.0,1632617.0
2022-08-26 00:00:00+09:00,15050.0,15350.0,14750.0,15050.0,1188602.0
2022-08-29 00:00:00+09:00,14500.0,15050.0,14400.0,14600.0,1029358.0
2022-08-30 00:00:00+09:00,14750.0,15250.0,14700.0,14900.0,1034915.0
2022-08-31 00:00:00+09:00,14750.0,14800.0,14250.0,14500.0,957588.0
2022-09-01 00:00:00+09:00,14400.0,14650.0,13950.0,14000.0,924111.0
2022-09-02 00:00:00+09:00,14200.0,14450.0,13850.0,14200.0,639780.0
2022-09-05 00:00:00+09:00,14150.0,14650.0,14050.0,14250.0,876705.0
2022-09-06 00:00:00+09:00,14350.0,14700.0,14250.0,14700.0,721970.0
2022-09-07 00:00:00+09:00,14550.0,14600.0,14100.0,14300.0,693770.0
2022-09-08 00:00:00+09:00,14400.0,14500.0,13700.0,13850.0,980404.0
2022-09-13 00:00:00+09:00,14000.0,14050.0,13400.0,13750.0,878822.0
2022-09-14 00:00:00+09:00,13400.0,13700.0,13250.0,13650.0,796267.0
2022-09-15 00:00:00+09:00,13750.0,14300.0,13700.0,14100.0,791351.0
2022-09-16 00:00:00+09:00,13900.0,14200.0,13550.0,13750.0,1395931.0
2022-09-19 00:00:00+09:00,13700.0,13750.0,13150.0,13300.0,769352.0
2022-09-20 00:00:00+09:00,13450.0,13500.0,13150.0,13300.0,458995.0
2022-09-21 00:00:00+09:00,13200.0,14000.0,13200.0,13700.0,790287.0
2022-09-22 00:00:00+09:00,13650.0,14100.0,13550.0,14000.0,466936.0
2022-09-23 00:00:00+09:00,14000.0,14250.0,13350.0,13550.0,458837.0
2022-09-26 00:00:00+09:00,13250.0,13300.0,12450.0,12650.0,1005603.0
2022-09-27 00:00:00+09:00,12500.0,12700.0,12250.0,12550.0,654920.0
2022-09-28 00:00:00+09:00,12450.0,12750.0,11700.0,11900.0,772900.0
2022-09-29 00:00:00+09:00,12300.0,12500.0,11800.0,11850.0,496177.0
2022-09-30 00:00:00+09:00,11600.0,12150.0,11450.0,11900.0,473285.0
2022-10-04 00:00:00+09:00,12300.0,12400.0,12050.0,12400.0,369815.0
2022-10-05 00:00:00+09:00,12650.0,12800.0,11800.0,12000.0,643655.0
2022-10-06 00:00:00+09:00,12150.0,12500.0,12100.0,12350.0,526772.0
2022-10-07 00:00:00+09:00,12200.0,12450.0,11900.0,12000.0,406598.0
2022-10-11 00:00:00+09:00,11700.0,11750.0,11050.0,11300.0,764887.0
2022-10-12 00:00:00+09:00,11200.0,11600.0,11100.0,11400.0,361768.0
2022-10-13 00:00:00+09:00,11250.0,11300.0,10650.0,10700.0,534998.0
2022-10-14 00:00:00+09:00,11050.0,11250.0,10900.0,11150.0,436156.0
2022-10-17 00:00:00+09:00,10900.0,11400.0,10800.0,11300.0,343920.0
2022-10-18 00:00:00+09:00,11500.0,11600.0,11200.0,11450.0,321586.0
2022-10-19 00:00:00+09:00,11500.0,11700.0,11150.0,11200.0,338271.0
2022-10-20 00:00:00+09:00,11250.0,11500.0,11000.0,11100.0,285183.0
2022-10-21 00:00:00+09:00,11150.0,11250.0,10700.0,10750.0,457470.0
2022-10-24 00:00:00+09:00,10950.0,11150.0,10800.0,10900.0,262322.0
2022-10-25 00:00:00+09:00,10900.0,11050.0,10450.0,10650.0,423993.0
2022-10-26 00:00:00+09:00,10650.0,10800.0,10500.0,10550.0,245230.0
2022-10-27 00:00:00+09:00,10600.0,10900.0,10550.0,10850.0,375796.0
2022-10-28 00:00:00+09:00,10800.0,11250.0,10750.0,11050.0,379545.0
2022-10-31 00:00:00+09:00,11300.0,11300.0,11000.0,11100.0,206377.0
2022-11-01 00:00:00+09:00,11250.0,11600.0,11100.0,11600.0,529633.0
2022-11-02 00:00:00+09:00,11600.0,11700.0,11350.0,11450.0,411090.0
2022-11-03 00:00:00+09:00,11150.0,12000.0,11100.0,11900.0,485271.0
2022-11-04 00:00:00+09:00,11900.0,12200.0,11650.0,11750.0,441693.0
2022-11-07 00:00:00+09:00,11800.0,11800.0,11400.0,11550.0,376464.0
2022-11-08 00:00:00+09:00,11550.0,11650.0,11350.0,11550.0,372391.0
2022-11-09 00:00:00+09:00,11600.0,11600.0,11150.0,11300.0,678876.0
2022-11-10 00:00:00+09:00,11200.0,11250.0,10850.0,11000.0,781779.0
2022-11-11 00:00:00+09:00,11250.0,11450.0,11000.0,11250.0,1032137.0
2022-11-14 00:00:00+09:00,11300.0,11350.0,10800.0,10900.0,959606.0
2022-11-15 00:00:00+09:00,11200.0,12200.0,11150.0,12100.0,4039098.0
2022-11-16 00:00:00+09:00,12200.0,12750.0,12050.0,12550.0,2010889.0
2022-11-17 00:00:00+09:00,12500.0,12600.0,12250.0,12400.0,755296.0
2022-11-18 00:00:00+09:00,12400.0,12650.0,12100.0,12150.0,732806.0
2022-11-21 00:00:00+09:00,12250.0,12250.0,11800.0,11950.0,476905.0
2022-11-22 00:00:00+09:00,11850.0,12150.0,11850.0,11950.0,371198.0
2022-11-23 00:00:00+09:00,12000.0,12400.0,11950.0,12300.0,494306.0
2022-11-24 00:00:00+09:00,12400.0,12400.0,12150.0,12200.0,319341.0
2022-11-25 00:00:00+09:00,12150.0,12250.0,12000.0,12050.0,236850.0
2022-11-28 00:00:00+09:00,11950.0,12050.0,11600.0,11750.0,417486.0
2022-11-29 00:00:00+09:00,11700.0,11900.0,11600.0,11800.0,226702.0
2022-11-30 00:00:00+09:00,11800.0,12100.0,11600.0,11900.0,347831.0
2022-12-01 00:00:00+09:00,12100.0,12150.0,11850.0,11900.0,325346.0
2022-12-02 00:00:00+09:00,11950.0,11950.0,11600.0,11650.0,340479.0
2022-12-05 00:00:00+09:00,11700.0,11800.0,11500.0,11750.0,225540.0
2022-12-06 00:00:00+09:00,11550.0,12150.0,11500.0,12150.0,480794.0
2022-12-07 00:00:00+09:00,12050.0,12150.0,11950.0,11950.0,432831.0
2022-12-08 00:00:00+09:00,12000.0,12100.0,11550.0,11600.0,489099.0
2022-12-09 00:00:00+09:00,11700.0,11750.0,11300.0,11400.0,604750.0
2022-12-12 00:00:00+09:00,11350.0,11500.0,11200.0,11250.0,415881.0
2022-12-13 00:00:00+09:00,11400.0,11900.0,11300.0,11750.0,689398.0
2022-12-14 00:00:00+09:00,11750.0,11850.0,11600.0,11750.0,225101.0
2022-12-15 00:00:00+09:00,11700.0,11900.0,11600.0,11800.0,216268.0
2022-12-16 00:00:00+09:00,11600.0,11900.0,11450.0,11650.0,411286.0
2022-12-19 00:00:00+09:00,11650.0,11700.0,11500.0,11550.0,171600.0
2022-12-20 00:00:00+09:00,11500.0,11650.0,11200.0,11300.0,342254.0
2022-12-21 00:00:00+09:00,11300.0,11350.0,11100.0,11150.0,309166.0
2022-12-22 00:00:00+09:00,11200.0,11550.0,11200.0,11500.0,404222.0
2022-12-23 00:00:00+09:00,11300.0,11350.0,11100.0,11150.0,274359.0
2022-12-26 00:00:00+09:00,11200.0,11250.0,11000.0,11200.0,233245.0
2022-12-27 00:00:00+09:00,11150.0,11300.0,11150.0,11250.0,322396.0
2022-12-28 00:00:00+09:00,11100.0,11550.0,11100.0,11400.0,317293.0
2022-12-29 00:00:00+09:00,11350.0,11450.0,10900.0,11050.0,381042.0
2023-01-02 00:00:00+09:00,11200.0,11250.0,10750.0,10800.0,221446.0
2023-01-03 00:00:00+09:00,10700.0,10850.0,10400.0,10750.0,345794.0
2023-01-04 00:00:00+09:00,10600.0,11000.0,10500.0,10900.0,234788.0
2023-01-05 00:00:00+09:00,10950.0,11050.0,10350.0,10500.0,637940.0
2023-01-06 00:00:00+09:00,10350.0,10550.0,10300.0,10450.0,382962.0
2023-01-09 00:00:00+09:00,10550.0,10750.0,10550.0,10700.0,244073.0
2023-01-10 00:00:00+09:00,10650.0,10950.0,10600.0,10600.0,297254.0
2023-01-11 00:00:00+09:00,10650.0,10750.0,10600.0,10750.0,246441.0
2023-01-12 00:00:00+09:00,10850.0,11050.0,10800.0,10850.0,363139.0
2023-01-13 00:00:00+09:00,10950.0,11050.0,10750.0,10900.0,282337.0
2023-01-16 00:00:00+09:00,10900.0,10950.0,10700.0,10800.0,340264.0
2023-01-17 00:00:00+09:00,10800.0,11050.0,10650.0,10700.0,369304.0
2023-01-18 00:00:00+09:00,10750.0,10750.0,10600.0,10650.0,200253.0
2023-01-19 00:00:00+09:00,10650.0,10750.0,10350.0,10450.0,664165.0
2023-01-20 00:00:00+09:00,10500.0,10600.0,10400.0,10500.0,281108.0
2023-01-25 00:00:00+09:00,10560.0,10630.0,10520.0,10550.0,238804.0
2023-01-26 00:00:00+09:00,10600.0,11250.0,10600.0,11130.0,1127408.0
2023-01-27 00:00:00+09:00,11140.0,11520.0,11030.0,11480.0,969500.0
2023-01-30 00:00:00+09:00,11570.0,11790.0,11500.0,11660.0,839690.0
2023-01-31 00:00:00+09:00,11600.0,12080.0,11580.0,12000.0,924805.0
2023-02-01 00:00:00+09:00,12070.0,12190.0,11700.0,11800.0,626429.0
2023-02-02 00:00:00+09:00,11850.0,12000.0,11760.0,11890.0,334734.0
2023-02-03 00:00:00+09:00,11880.0,11920.0,11650.0,11820.0,306827.0
2023-02-06 00:00:00+09:00,11770.0,11930.0,11640.0,11870.0,279285.0
2023-02-07 00:00:00+09:00,11760.0,11900.0,11480.0,11630.0,474830.0
2023-02-08 00:00:00+09:00,11630.0,11730.0,11500.0,11560.0,376629.0
2023-02-09 00:00:00+09:00,11470.0,11620.0,11470.0,11570.0,224489.0
2023-02-10 00:00:00+09:00,11500.0,11930.0,11420.0,11850.0,416236.0
2023-02-13 00:00:00+09:00,12030.0,12320.0,11890.0,12220.0,788125.0
2023-02-14 00:00:00+09:00,12290.0,12310.0,11920.0,11960.0,438956.0
2023-02-15 00:00:00+09:00,12130.0,12290.0,11860.0,11970.0,552206.0
2023-02-16 00:00:00+09:00,12020.0,12120.0,11900.0,11910.0,297242.0
2023-02-17 00:00:00+09:00,11820.0,11870.0,11640.0,11730.0,310737.0
2023-02-20 00:00:00+09:00,11710.0,11900.0,11550.0,11730.0,271020.0
2023-02-21 00:00:00+09:00,11740.0,11990.0,11700.0,11860.0,306499.0
2023-02-22 00:00:00+09:00,11740.0,11940.0,11630.0,11760.0,223220.0
2023-02-23 00:00:00+09:00,11830.0,11870.0,11550.0,11810.0,278388.0
2023-02-24 00:00:00+09:00,11760.0,11840.0,11430.0,11570.0,373056.0
2023-02-27 00:00:00+09:00,11540.0,11540.0,11270.0,11290.0,224707.0
2023-02-28 00:00:00+09:00,11300.0,11430.0,11180.0,11230.0,193935.0
2023-03-02 00:00:00+09:00,11250.0,11410.0,11210.0,11250.0,217635.0
2023-03-03 00:00:00+09:00,11280.0,11380.0,11150.0,11260.0,224436.0
2023-03-06 00:00:00+09:00,11270.0,11550.0,11170.0,11430.0,306973.0
2023-03-07 00:00:00+09:00,11400.0,11480.0,11200.0,11270.0,297411.0
2023-03-08 00:00:00+09:00,11230.0,11300.0,10970.0,11100.0,374785.0
2023-03-09 00:00:00+09:00,11190.0,11390.0,11140.0,11190.0,186492.0
2023-03-10 00:00:00+09:00,11120.0,11280.0,10900.0,10970.0,289896.0
2023-03-13 00:00:00+09:00,10880.0,11130.0,10690.0,11060.0,248068.0
2023-03-14 00:00:00+09:00,10960.0,11000.0,10700.0,10710.0,359127.0
2023-03-15 00:00:00+09:00,10900.0,10970.0,10700.0,10810.0,242203.0
2023-03-16 00:00:00+09:00,10720.0,10720.0,10460.0,10590.0,450881.0
2023-03-17 00:00:00+09:00,10600.0,10920.0,10560.0,10910.0,251963.0
2023-03-20 00:00:00+09:00,10800.0,11190.0,10790.0,10820.0,297952.0
2023-03-21 00:00:00+09:00,10820.0,11090.0,10750.0,11090.0,278579.0
2023-03-22 00:00:00+09:00,11210.0,11250.0,11100.0,11180.0,266567.0
2023-03-23 00:00:00+09:00,11140.0,11190.0,11010.0,11080.0,225777.0
2023-03-24 00:00:00+09:00,11090.0,11110.0,10790.0,10980.0,240144.0
2023-03-27 00:00:00+09:00,10980.0,11100.0,10810.0,11020.0,175385.0
2023-03-28 00:00:00+09:00,11360.0,12280.0,11300.0,12200.0,2331201.0
2023-03-29 00:00:00+09:00,12200.0,12220.0,11860.0,11980.0,821106.0
2023-03-30 00:00:00+09:00,12010.0,12320.0,11760.0,12170.0,671498.0
2023-03-31 00:00:00+09:00,12180.0,12380.0,12080.0,12280.0,598123.0
2023-04-03 00:00:00+09:00,12400.0,12960.0,12260.0,12490.0,1533649.0
2023-04-04 00:00:00+09:00,12550.0,12820.0,12340.0,12450.0,732671.0
2023-04-05 00:00:00+09:00,12270.0,12430.0,11850.0,12010.0,827289.0
2023-04-06 00:00:00+09:00,11990.0,12330.0,11850.0,12010.0,410536.0
2023-04-07 00:00:00+09:00,12130.0,12130.0,11600.0,11690.0,595432.0
2023-04-10 00:00:00+09:00,11700.0,11890.0,11470.0,11840.0,449454.0
2023-04-11 00:00:00+09:00,11790.0,11950.0,11700.0,11920.0,350397.0
2023-04-12 00:00:00+09:00,11960.0,12180.0,11890.0,11890.0,458494.0
2023-04-13 00:00:00+09:00,11880.0,11970.0,11670.0,11830.0,283101.0
2023-04-14 00:00:00+09:00,11910.0,12200.0,11780.0,12080.0,647560.0
2023-04-17 00:00:00+09:00,12090.0,12440.0,12090.0,12250.0,589267.0
2023-04-18 00:00:00+09:00,12390.0,12390.0,11960.0,12070.0,408667.0
2023-04-19 00:00:00+09:00,12070.0,12920.0,11970.0,12700.0,1482353.0
2023-04-20 00:00:00+09:00,12920.0,12980.0,12470.0,12530.0,918652.0
2023-04-21 00:00:00+09:00,11500.0,11900.0,11220.0,11580.0,4514249.0
2023-04-24 00:00:00+09:00,11550.0,12020.0,11410.0,11800.0,1801531.0
2023-04-25 00:00:00+09:00,11810.0,11910.0,11590.0,11650.0,578856.0
2023-04-26 00:00:00+09:00,11600.0,11790.0,11490.0,11510.0,437461.0
2023-04-27 00:00:00+09:00,11520.0,11630.0,11250.0,11530.0,381353.0
2023-04-28 00:00:00+09:00,11640.0,11750.0,11330.0,11450.0,301159.0
2023-05-02 00:00:00+09:00,11450.0,11450.0,11040.0,11180.0,680686.0
2023-05-03 00:00:00+09:00,11160.0,11330.0,11110.0,11150.0,349571.0
2023-05-04 00:00:00+09:00,11180.0,11450.0,11030.0,11080.0,333611.0
2023-05-08 00:00:00+09:00,11100.0,11410.0,11100.0,11220.0,290282.0
2023-05-09 00:00:00+09:00,11280.0,11680.0,11250.0,11540.0,629373.0
2023-05-10 00:00:00+09:00,11540.0,11630.0,11390.0,11500.0,246236.0
2023-05-11 00:00:00+09:00,11520.0,11630.0,11320.0,11350.0,296261.0
2023-05-12 00:00:00+09:00,11370.0,11370.0,11120.0,11150.0,282585.0
2023-05-15 00:00:00+09:00,10840.0,11010.0,10820.0,10870.0,532656.0
2023-05-16 00:00:00+09:00,10940.0,10980.0,10850.0,10950.0,196760.0
2023-05-17 00:00:00+09:00,10870.0,10950.0,10850.0,10900.0,167504.0
2023-05-18 00:00:00+09:00,11030.0,11070.0,10900.0,10960.0,183095.0
2023-05-19 00:00:00+09:00,11000.0,11090.0,10890.0,10900.0,381564.0
2023-05-22 00:00:00+09:00,10950.0,11380.0,10870.0,11360.0,568780.0
2023-05-23 00:00:00+09:00,11460.0,11510.0,11300.0,11330.0,308499.0
2023-05-24 00:00:00+09:00,11290.0,11790.0,11260.0,11560.0,617675.0
2023-05-25 00:00:00+09:00,11600.0,11720.0,11390.0,11390.0,284611.0
2023-05-26 00:00:00+09:00,11490.0,11490.0,11220.0,11240.0,251298.0
2023-05-30 00:00:00+09:00,11260.0,11540.0,11260.0,11360.0,189160.0
2023-05-31 00:00:00+09:00,11360.0,11470.0,11300.0,11310.0,127875.0
2023-06-01 00:00:00+09:00,11310.0,11390.0,11280.0,11310.0,147318.0
2023-06-02 00:00:00+09:00,11320.0,11450.0,11290.0,11370.0,237895.0
2023-06-05 00:00:00+09:00,11450.0,12000.0,11440.0,11790.0,911478.0
2023-06-07 00:00:00+09:00,12000.0,12040.0,11820.0,11870.0,556205.0
2023-06-08 00:00:00+09:00,11900.0,12080.0,11800.0,11920.0,445254.0
2023-06-09 00:00:00+09:00,12010.0,12010.0,11650.0,11660.0,404944.0
2023-06-12 00:00:00+09:00,11770.0,11840.0,11520.0,11780.0,342798.0
2023-06-13 00:00:00+09:00,11780.0,11830.0,11650.0,11680.0,237830.0
2023-06-14 00:00:00+09:00,11790.0,12030.0,11570.0,11620.0,502486.0
2023-06-15 00:00:00+09:00,11620.0,11980.0,11600.0,11920.0,384385.0
2023-06-16 00:00:00+09:00,12000.0,12390.0,11950.0,12290.0,923900.0
2023-06-19 00:00:00+09:00,12340.0,12410.0,12200.0,12320.0,355531.0
2023-06-20 00:00:00+09:00,12420.0,12550.0,12200.0,12420.0,482316.0
2023-06-21 00:00:00+09:00,12510.0,12510.0,12010.0,12010.0,739521.0
2023-06-22 00:00:00+09:00,12330.0,12500.0,12030.0,12110.0,843175.0
2023-06-23 00:00:00+09:00,12130.0,12130.0,11710.0,11750.0,575891.0
2023-06-26 00:00:00+09:00,11750.0,12050.0,11520.0,12050.0,608017.0
2023-06-27 00:00:00+09:00,12060.0,12170.0,11700.0,11830.0,598079.0
2023-06-28 00:00:00+09:00,11930.0,11930.0,11610.0,11700.0,332806.0
2023-06-29 00:00:00+09:00,11710.0,11770.0,11430.0,11530.0,241146.0
2023-06-30 00:00:00+09:00,11540.0,11720.0,11480.0,11650.0,180023.0
2023-07-03 00:00:00+09:00,11780.0,11780.0,11630.0,11660.0,186992.0
2023-07-04 00:00:00+09:00,11590.0,12010.0,11540.0,11960.0,457340.0
2023-07-05 00:00:00+09:00,12010.0,12070.0,11800.0,11980.0,302684.0
2023-07-06 00:00:00+09:00,12050.0,12190.0,11700.0,11850.0,521130.0
2023-07-07 00:00:00+09:00,11850.0,12160.0,11800.0,11980.0,603702.0
2023-07-10 00:00:00+09:00,11960.0,12250.0,11960.0,12090.0,599449.0
2023-07-11 00:00:00+09:00,12150.0,12230.0,12010.0,12180.0,497933.0
2023-07-12 00:00:00+09:00,12170.0,13250.0,12150.0,13060.0,2596064.0
2023-07-13 00:00:00+09:00,13430.0,13950.0,13000.0,13640.0,2790775.0
2023-07-14 00:00:00+09:00,13640.0,13840.0,13010.0,13840.0,1639970.0
2023-07-17 00:00:00+09:00,14110.0,14480.0,13840.0,14030.0,1680997.0
2023-07-18 00:00:00+09:00,13960.0,14500.0,13750.0,14130.0,1552564.0
2023-07-19 00:00:00+09:00,14380.0,14790.0,14080.0,14160.0,1552918.0
2023-07-20 00:00:00+09:00,14340.0,14410.0,13830.0,14200.0,553197.0
2023-07-21 00:00:00+09:00,14100.0,14300.0,13780.0,13930.0,500848.0
2023-07-24 00:00:00+09:00,13900.0,14460.0,13830.0,14260.0,856515.0
2023-07-25 00:00:00+09:00,14260.0,14270.0,13880.0,14000.0,501054.0
2023-07-26 00:00:00+09:00,14000.0,14050.0,13400.0,13740.0,768273.0
2023-07-27 00:00:00+09:00,13850.0,14200.0,13360.0,13460.0,710530.0
2023-07-28 00:00:00+09:00,13450.0,14410.0,13410.0,14350.0,951216.0
2023-07-31 00:00:00+09:00,14470.0,14720.0,14120.0,14380.0,720368.0
2023-08-01 00:00:00+09:00,14410.0,14410.0,13860.0,14060.0,608907.0
2023-08-02 00:00:00+09:00,13900.0,14410.0,13820.0,13960.0,626763.0
2023-08-03 00:00:00+09:00,14100.0,14190.0,13430.0,13740.0,438010.0
2023-08-04 00:00:00+09:00,13740.0,14980.0,13740.0,14500.0,2190847.0
2023-08-07 00:00:00+09:00,14360.0,14400.0,13970.0,14180.0,558497.0
2023-08-08 00:00:00+09:00,14220.0,14820.0,14220.0,14600.0,870402.0
2023-08-09 00:00:00+09:00,14600.0,14750.0,14250.0,14560.0,548412.0
2023-08-10 00:00:00+09:00,14600.0,15240.0,14520.0,15070.0,1410427.0
2023-08-11 00:00:00+09:00,15070.0,15200.0,14370.0,14370.0,982788.0
2023-08-14 00:00:00+09:00,14390.0,14490.0,13630.0,13810.0,853080.0
2023-08-16 00:00:00+09:00,13650.0,13980.0,13450.0,13520.0,585883.0
2023-08-17 00:00:00+09:00,13490.0,13850.0,13100.0,13640.0,497678.0
2023-08-18 00:00:00+09:00,13460.0,13500.0,13150.0,13380.0,543418.0
2023-08-21 00:00:00+09:00,13360.0,13570.0,13330.0,13380.0,217001.0
2023-08-22 00:00:00+09:00,13400.0,13520.0,13120.0,13360.0,245276.0
2023-08-23 00:00:00+09:00,13450.0,13450.0,12990.0,13060.0,346368.0
2023-08-24 00:00:00+09:00,13100.0,13350.0,12810.0,13220.0,448878.0
2023-08-25 00:00:00+09:00,13090.0,13290.0,13050.0,13130.0,173052.0
2023-08-28 00:00:00+09:00,13300.0,13700.0,13260.0,13650.0,390926.0
2023-08-29 00:00:00+09:00,13790.0,13850.0,13610.0,13770.0,302828.0
2023-08-30 00:00:00+09:00,13770.0,13930.0,13660.0,13820.0,221571.0
2023-08-31 00:00:00+09:00,13850.0,14550.0,13810.0,14490.0,1216100.0
2023-09-01 00:00:00+09:00,14450.0,14510.0,13690.0,13800.0,486275.0
2023-09-04 00:00:00+09:00,13810.0,14000.0,13700.0,13850.0,198092.0
2023-09-05 00:00:00+09:00,13850.0,13910.0,13400.0,13670.0,256833.0
2023-09-06 00:00:00+09:00,13640.0,13750.0,13340.0,13370.0,275923.0
2023-09-07 00:00:00+09:00,13320.0,13460.0,13200.0,13340.0,168271.0
2023-09-08 00:00:00+09:00,13440.0,13440.0,13160.0,13350.0,156671.0
2023-09-11 00:00:00+09:00,13440.0,13790.0,13140.0,13780.0,316640.0
2023-09-12 00:00:00+09:00,13780.0,13850.0,13240.0,13250.0,272673.0
2023-09-13 00:00:00+09:00,13270.0,13290.0,12860.0,12900.0,340781.0
2023-09-14 00:00:00+09:00,12900.0,13070.0,12840.0,12900.0,130432.0
2023-09-15 00:00:00+09:00,12950.0,13280.0,12910.0,13240.0,208647.0
2023-09-18 00:00:00+09:00,13240.0,13280.0,13120.0,13160.0,103560.0
2023-09-19 00:00:00+09:00,13180.0,13330.0,12990.0,13020.0,119041.0
2023-09-20 00:00:00+09:00,13020.0,13130.0,12950.0,13080.0,86718.0
2023-09-21 00:00:00+09:00,13090.0,13090.0,12560.0,12610.0,304989.0
2023-09-22 00:00:00+09:00,12520.0,12600.0,12420.0,12450.0,144275.0
2023-09-25 00:00:00+09:00,12340.0,12550.0,12340.0,12360.0,108295.0
2023-09-26 00:00:00+09:00,12370.0,12500.0,12220.0,12220.0,117294.0
2023-09-27 00:00:00+09:00,12230.0,12560.0,12200.0,12550.0,96700.0
2023-10-04 00:00:00+09:00,12550.0,12550.0,12090.0,12110.0,112577.0
2023-10-05 00:00:00+09:00,12310.0,12380.0,12130.0,12150.0,117716.0
2023-10-06 00:00:00+09:00,12030.0,12470.0,12030.0,12440.0,84140.0
2023-10-10 00:00:00+09:00,12420.0,12840.0,12420.0,12580.0,190639.0
2023-10-11 00:00:00+09:00,12680.0,12760.0,12410.0,12540.0,199463.0
2023-10-12 00:00:00+09:00,12600.0,12600.0,12120.0,12260.0,201319.0
2023-10-13 00:00:00+09:00,12220.0,12230.0,11950.0,11960.0,200715.0
2023-10-16 00:00:00+09:00,11950.0,12220.0,11890.0,12200.0,298607.0
2023-10-17 00:00:00+09:00,12210.0,12320.0,11900.0,11950.0,205526.0
2023-10-18 00:00:00+09:00,11970.0,12020.0,11610.0,11650.0,180822.0
2023-10-19 00:00:00+09:00,11550.0,11590.0,11270.0,11330.0,217847.0
2023-10-20 00:00:00+09:00,11120.0,11310.0,11000.0,11090.0,229796.0
2023-10-23 00:00:00+09:00,11000.0,11740.0,11000.0,11600.0,251819.0
2023-10-24 00:00:00+09:00,11540.0,11690.0,11220.0,11680.0,110280.0
2023-10-25 00:00:00+09:00,11800.0,12330.0,11700.0,12250.0,295989.0
2023-10-26 00:00:00+09:00,12230.0,12330.0,11900.0,11970.0,162284.0
2023-10-27 00:00:00+09:00,11970.0,12230.0,11870.0,12000.0,164931.0
2023-10-30 00:00:00+09:00,12000.0,12220.0,11840.0,11950.0,107198.0
2023-10-31 00:00:00+09:00,11970.0,12010.0,11230.0,11390.0,237782.0
2023-11-01 00:00:00+09:00,11510.0,11580.0,11390.0,11460.0,88153.0
2023-11-02 00:00:00+09:00,11540.0,12070.0,11540.0,11850.0,178549.0
2023-11-03 00:00:00+09:00,11930.0,12370.0,11840.0,12290.0,283074.0
2023-11-06 00:00:00+09:00,12400.0,12420.0,12200.0,12330.0,195129.0
2023-11-07 00:00:00+09:00,12330.0,12390.0,12080.0,12190.0,104696.0
2023-11-08 00:00:00+09:00,12260.0,12280.0,11750.0,11800.0,218018.0
2023-11-09 00:00:00+09:00,11850.0,11900.0,11420.0,11450.0,325892.0
2023-11-10 00:00:00+09:00,11380.0,11450.0,11280.0,11400.0,194406.0
2023-11-13 00:00:00+09:00,11420.0,11570.0,11200.0,11330.0,211557.0
2023-11-14 00:00:00+09:00,11340.0,11520.0,11340.0,11490.0,118400.0
2023-11-15 00:00:00+09:00,11600.0,11820.0,11510.0,11780.0,377737.0
2023-11-16 00:00:00+09:00,11820.0,11900.0,11710.0,11810.0,253715.0
2023-11-17 00:00:00+09:00,11820.0,11870.0,11640.0,11730.0,152585.0
2023-11-20 00:00:00+09:00,11810.0,12380.0,11730.0,12170.0,617750.0
2023-11-21 00:00:00+09:00,12180.0,12220.0,11990.0,12000.0,335143.0
2023-11-22 00:00:00+09:00,12040.0,12300.0,11980.0,12200.0,266452.0
2023-11-23 00:00:00+09:00,12310.0,12330.0,12070.0,12080.0,172750.0
2023-11-24 00:00:00+09:00,12080.0,12160.0,12010.0,12110.0,72944.0
2023-11-27 00:00:00+09:00,12200.0,12230.0,12000.0,12100.0,121130.0
2023-11-28 00:00:00+09:00,12200.0,12560.0,12040.0,12540.0,479136.0
2023-11-29 00:00:00+09:00,12570.0,12600.0,12360.0,12430.0,284216.0
2023-11-30 00:00:00+09:00,12510.0,12510.0,12270.0,12390.0,238315.0
2023-12-01 00:00:00+09:00,12450.0,12520.0,12280.0,12470.0,187513.0
2023-12-04 00:00:00+09:00,12500.0,12570.0,12310.0,12380.0,255749.0
2023-12-05 00:00:00+09:00,12300.0,12420.0,11950.0,11970.0,347420.0
2023-12-06 00:00:00+09:00,12060.0,12110.0,11900.0,12010.0,156847.0
2023-12-07 00:00:00+09:00,12030.0,12040.0,11610.0,11710.0,357335.0
2023-12-08 00:00:00+09:00,11820.0,11830.0,11580.0,11630.0,212465.0
2023-12-11 00:00:00+09:00,11650.0,11730.0,11580.0,11580.0,107974.0
2023-12-12 00:00:00+09:00,11640.0,11750.0,11610.0,11690.0,140374.0
2023-12-13 00:00:00+09:00,11780.0,11780.0,11590.0,11620.0,108985.0
2023-12-14 00:00:00+09:00,11670.0,11800.0,11500.0,11580.0,254544.0
2023-12-15 00:00:00+09:00,11610.0,11770.0,11550.0,11560.0,447957.0
2023-12-18 00:00:00+09:00,11580.0,11590.0,11250.0,11460.0,355690.0
2023-12-19 00:00:00+09:00,11470.0,11540.0,11400.0,11480.0,194958.0
2023-12-20 00:00:00+09:00,11480.0,11850.0,11480.0,11770.0,268882.0
2023-12-21 00:00:00+09:00,11630.0,11660.0,11480.0,11550.0,227117.0
2023-12-22 00:00:00+09:00,11580.0,11640.0,11490.0,11490.0,129181.0
2023-12-26 00:00:00+09:00,11490.0,11490.0,11350.0,11380.0,154114.0
2023-12-27 00:00:00+09:00,11280.0,11530.0,11280.0,11530.0,108486.0
2023-12-28 00:00:00+09:00,11500.0,11680.0,11500.0,11640.0,218663.0
2024-01-02 00:00:00+09:00,11640.0,11660.0,11550.0,11580.0,163289.0
2024-01-03 00:00:00+09:00,11500.0,11550.0,11340.0,11390.0,206059.0
2024-01-04 00:00:00+09:00,11380.0,11760.0,11340.0,11590.0,358447.0
2024-01-05 00:00:00+09:00,11600.0,11640.0,11490.0,11540.0,112470.0
2024-01-08 00:00:00+09:00,11530.0,11600.0,11430.0,11480.0,160137.0
2024-01-09 00:00:00+09:00,11490.0,11650.0,11460.0,11470.0,104311.0
2024-01-10 00:00:00+09:00,11470.0,11490.0,11340.0,11370.0,121031.0
2024-01-11 00:00:00+09:00,11420.0,11430.0,11240.0,11260.0,196354.0
2024-01-12 00:00:00+09:00,11220.0,11310.0,11040.0,11100.0,279409.0
2024-01-15 00:00:00+09:00,11020.0,11250.0,11020.0,11230.0,256914.0
2024-01-16 00:00:00+09:00,11270.0,11270.0,10650.0,10700.0,616405.0
2024-01-17 00:00:00+09:00,10720.0,10810.0,10620.0,10620.0,184967.0
2024-01-18 00:00:00+09:00,10630.0,10810.0,10580.0,10600.0,150307.0
2024-01-19 00:00:00+09:00,10690.0,10860.0,10660.0,10840.0,99712.0
2024-01-22 00:00:00+09:00,10950.0,10950.0,10690.0,10720.0,160350.0
2024-01-23 00:00:00+09:00,10780.0,10810.0,10620.0,10630.0,152154.0
2024-01-24 00:00:00+09:00,10650.0,10720.0,10500.0,10650.0,149518.0
2024-01-25 00:00:00+09:00,10750.0,10750.0,10650.0,10660.0,114477.0
2024-01-26 00:00:00+09:00,10700.0,11030.0,10660.0,10900.0,207589.0
2024-01-29 00:00:00+09:00,11020.0,11080.0,10900.0,10960.0,152280.0
2024-01-30 00:00:00+09:00,11030.0,11030.0,10690.0,10740.0,142015.0
2024-01-31 00:00:00+09:00,10780.0,10960.0,10690.0,10690.0,145180.0
2024-02-01 00:00:00+09:00,10610.0,10690.0,10490.0,10540.0,400568.0
2024-02-02 00:00:00+09:00,10590.0,10730.0,10540.0,10700.0,204516.0
2024-02-05 00:00:00+09:00,10700.0,10730.0,10580.0,10660.0,151594.0
2024-02-06 00:00:00+09:00,10670.0,10720.0,10550.0,10600.0,188076.0
2024-02-07 00:00:00+09:00,10600.0,10750.0,10600.0,10660.0,113461.0
2024-02-08 00:00:00+09:00,10720.0,10720.0,10630.0,10650.0,128067.0
2024-02-13 00:00:00+09:00,10660.0,10740.0,10620.0,10710.0,123555.0
2024-02-14 00:00:00+09:00,10580.0,10680.0,10580.0,10630.0,130133.0
2024-02-15 00:00:00+09:00,10680.0,10840.0,10630.0,10760.0,199430.0
2024-02-16 00:00:00+09:00,10810.0,10830.0,10750.0,10830.0,120912.0
2024-02-19 00:00:00+09:00,10810.0,10890.0,10580.0,10680.0,239500.0
2024-02-20 00:00:00+09:00,10590.0,10700.0,10520.0,10560.0,262655.0
2024-02-21 00:00:00+09:00,10550.0,10630.0,10510.0,10560.0,180577.0
2024-02-22 00:00:00+09:00,10630.0,10630.0,10550.0,10610.0,93990.0
2024-02-23 00:00:00+09:00,10640.0,10680.0,10570.0,10570.0,151631.0
2024-02-26 00:00:00+09:00,10580.0,10590.0,10450.0,10500.0,169710.0
2024-02-27 00:00:00+09:00,10510.0,10520.0,10330.0,10350.0,260538.0
2024-02-28 00:00:00+09:00,10370.0,10510.0,10350.0,10490.0,286033.0
2024-02-29 00:00:00+09:00,10470.0,10480.0,10340.0,10340.0,292250.0
2024-03-04 00:00:00+09:00,10400.0,10470.0,10310.0,10400.0,157375.0
2024-03-05 00:00:00+09:00,10400.0,10450.0,10310.0,10340.0,134378.0
2024-03-06 00:00:00+09:00,10340.0,10370.0,10210.0,10240.0,151770.0
2024-03-07 00:00:00+09:00,10250.0,10280.0,10100.0,10110.0,238712.0
2024-03-08 00:00:00+09:00,10120.0,10190.0,9870.0,9940.0,485541.0
2024-03-11 00:00:00+09:00,9920.0,10300.0,9900.0,10110.0,307446.0
2024-03-12 00:00:00+09:00,10120.0,10200.0,10000.0,10030.0,150232.0
2024-03-13 00:00:00+09:00,10150.0,10300.0,10080.0,10290.0,230727.0
2024-03-14 00:00:00+09:00,10310.0,10900.0,10290.0,10880.0,973434.0
2024-03-15 00:00:00+09:00,10950.0,11030.0,10550.0,10600.0,621847.0
2024-03-18 00:00:00+09:00,10760.0,10950.0,10620.0,10800.0,302521.0
2024-03-19 00:00:00+09:00,10860.0,10930.0,10670.0,10710.0,254974.0
2024-03-20 00:00:00+09:00,10720.0,10910.0,10690.0,10820.0,269117.0
2024-03-21 00:00:00+09:00,10710.0,10850.0,10690.0,10750.0,211306.0
2024-03-22 00:00:00+09:00,10710.0,10720.0,10560.0,10630.0,263172.0
2024-03-25 00:00:00+09:00,10650.0,10670.0,10340.0,10360.0,298899.0
2024-03-26 00:00:00+09:00,10450.0,10580.0,10400.0,10580.0,222778.0
2024-03-27 00:00:00+09:00,10600.0,10820.0,10600.0,10730.0,318000.0
2024-03-28 00:00:00+09:00,10740.0,10900.0,10660.0,10750.0,318470.0
2024-03-29 00:00:00+09:00,10810.0,10850.0,10690.0,10730.0,156680.0
2024-04-01 00:00:00+09:00,10780.0,10810.0,10590.0,10800.0,207697.0
2024-04-02 00:00:00+09:00,10750.0,10870.0,10690.0,10770.0,200265.0
2024-04-03 00:00:00+09:00,10770.0,11060.0,10630.0,10920.0,332037.0
2024-04-04 00:00:00+09:00,11000.0,11010.0,10770.0,10960.0,215192.0
2024-04-05 00:00:00+09:00,10900.0,11010.0,10810.0,10860.0,161188.0
2024-04-08 00:00:00+09:00,10950.0,10990.0,10680.0,10700.0,127532.0
2024-04-09 00:00:00+09:00,10660.0,10820.0,10640.0,10680.0,111801.0
2024-04-11 00:00:00+09:00,10580.0,10590.0,10450.0,10530.0,173969.0
2024-04-12 00:00:00+09:00,10510.0,10620.0,10430.0,10520.0,120247.0
2024-04-15 00:00:00+09:00,10390.0,10510.0,10300.0,10430.0,245736.0
2024-04-16 00:00:00+09:00,10350.0,10460.0,10050.0,10170.0,268146.0
2024-04-17 00:00:00+09:00,10200.0,10280.0,10100.0,10230.0,202730.0
2024-04-18 00:00:00+09:00,10230.0,10930.0,10220.0,10840.0,623601.0
2024-04-19 00:00:00+09:00,10810.0,10990.0,10590.0,10860.0,298727.0
2024-04-22 00:00:00+09:00,11000.0,11190.0,10980.0,11040.0,349267.0
2024-04-23 00:00:00+09:00,11100.0,11390.0,11070.0,11110.0,537911.0
2024-04-24 00:00:00+09:00,11470.0,11680.0,11350.0,11520.0,1202148.0
2024-04-25 00:00:00+09:00,11600.0,11670.0,11300.0,11390.0,378865.0
2024-04-26 00:00:00+09:00,11410.0,11560.0,11300.0,11450.0,306315.0
2024-04-29 00:00:00+09:00,11520.0,11530.0,11300.0,11520.0,353802.0
2024-04-30 00:00:00+09:00,11500.0,11570.0,10790.0,11390.0,260758.0
2024-05-02 00:00:00+09:00,11340.0,11430.0,11240.0,11320.0,157395.0
2024-05-03 00:00:00+09:00,11360.0,11420.0,11160.0,11180.0,148355.0
2024-05-07 00:00:00+09:00,11300.0,11380.0,11170.0,11340.0,172677.0
2024-05-08 00:00:00+09:00,11350.0,11610.0,11310.0,11580.0,346729.0
2024-05-09 00:00:00+09:00,11650.0,11650.0,11450.0,11500.0,209223.0
2024-05-10 00:00:00+09:00,11560.0,11590.0,11350.0,11400.0,123314.0
2024-05-13 00:00:00+09:00,11500.0,11780.0,11360.0,11780.0,453853.0
2024-05-14 00:00:00+09:00,11940.0,11940.0,11620.0,11670.0,370119.0
2024-05-16 00:00:00+09:00,11770.0,11770.0,11530.0,11610.0,191402.0
2024-05-17 00:00:00+09:00,11500.0,11550.0,10990.0,10990.0,652908.0
2024-05-20 00:00:00+09:00,10930.0,11050.0,10840.0,10970.0,233525.0
2024-05-21 00:00:00+09:00,10930.0,10940.0,10680.0,10720.0,273530.0
2024-05-22 00:00:00+09:00,10780.0,10810.0,10460.0,10600.0,314708.0
2024-05-23 00:00:00+09:00,10600.0,10740.0,10500.0,10720.0,183413.0
2024-05-24 00:00:00+09:00,10600.0,10890.0,10600.0,10860.0,178352.0
2024-05-27 00:00:00+09:00,10950.0,10950.0,10720.0,10770.0,128047.0
2024-05-28 00:00:00+09:00,10820.0,10820.0,10650.0,10750.0,113045.0
2024-05-29 00:00:00+09:00,10770.0,10770.0,10520.0,10550.0,164973.0
2024-05-30 00:00:00+09:00,10560.0,10610.0,10310.0,10350.0,154092.0
2024-05-31 00:00:00+09:00,10480.0,10790.0,10330.0,10790.0,198714.0
2024-06-03 00:00:00+09:00,10860.0,11000.0,10500.0,10750.0,304944.0
2024-06-04 00:00:00+09:00,10940.0,11130.0,10720.0,10820.0,374504.0
2024-06-05 00:00:00+09:00,10900.0,10910.0,10650.0,10670.0,128653.0
2024-06-07 00:00:00+09:00,10740.0,10740.0,10580.0,10620.0,113932.0
2024-06-10 00:00:00+09:00,10600.0,10620.0,10500.0,10530.0,109779.0
2024-06-11 00:00:00+09:00,10540.0,10620.0,10380.0,10440.0,158184.0
2024-06-12 00:00:00+09:00,10480.0,10550.0,10370.0,10410.0,130999.0
2024-06-13 00:00:00+09:00,10440.0,10450.0,10370.0,10370.0,131329.0
2024-06-14 00:00:00+09:00,10370.0,10600.0,10350.0,10440.0,363656.0
2024-06-17 00:00:00+09:00,10440.0,10470.0,10370.0,10390.0,119388.0
2024-06-18 00:00:00+09:00,10390.0,10450.0,10330.0,10430.0,117583.0
2024-06-19 00:00:00+09:00,10430.0,10670.0,10410.0,10600.0,175394.0
2024-06-20 00:00:00+09:00,10710.0,10720.0,10600.0,10630.0,85282.0
2024-06-21 00:00:00+09:00,10630.0,10890.0,10630.0,10660.0,181527.0
2024-06-24 00:00:00+09:00,10670.0,10860.0,10630.0,10760.0,234403.0
2024-06-25 00:00:00+09:00,10800.0,11010.0,10660.0,10710.0,340241.0
2024-06-26 00:00:00+09:00,10710.0,10800.0,10610.0,10620.0,136444.0
2024-06-27 00:00:00+09:00,10620.0,10800.0,10580.0,10700.0,131974.0
2024-06-28 00:00:00+09:00,10790.0,10790.0,10650.0,10730.0,152075.0
2024-07-01 00:00:00+09:00,10690.0,10930.0,10690.0,10920.0,177206.0
2024-07-02 00:00:00+09:00,10950.0,10970.0,10690.0,10720.0,161502.0
2024-07-03 00:00:00+09:00,10750.0,10800.0,10470.0,10520.0,187180.0
2024-07-04 00:00:00+09:00,10550.0,10600.0,10460.0,10490.0,127396.0
2024-07-05 00:00:00+09:00,10460.0,10620.0,10460.0,10570.0,91345.0
2024-07-08 00:00:00+09:00,10590.0,10700.0,10560.0,10660.0,105030.0
2024-07-09 00:00:00+09:00,10670.0,10760.0,10640.0,10700.0,68028.0
2024-07-10 00:00:00+09:00,10730.0,10950.0,10670.0,10840.0,264380.0
2024-07-11 00:00:00+09:00,10850.0,10880.0,10650.0,10710.0,172248.0
2024-07-12 00:00:00+09:00,10750.0,10810.0,10660.0,10740.0,106749.0
2024-07-15 00:00:00+09:00,10810.0,10910.0,10760.0,10830.0,131588.0
2024-07-16 00:00:00+09:00,10910.0,11130.0,10810.0,11120.0,369164.0
2024-07-17 00:00:00+09:00,11160.0,11400.0,10920.0,11000.0,668901.0
2024-07-18 00:00:00+09:00,10900.0,11090.0,10820.0,11040.0,300925.0
2024-07-19 00:00:00+09:00,11020.0,11020.0,10760.0,10950.0,196955.0
2024-07-22 00:00:00+09:00,10900.0,11080.0,10830.0,11050.0,170903.0
2024-07-23 00:00:00+09:00,11100.0,11240.0,10930.0,11220.0,291034.0
2024-07-24 00:00:00+09:00,11350.0,12540.0,11300.0,12180.0,4825454.0
2024-07-25 00:00:00+09:00,12140.0,12290.0,11920.0,12070.0,959244.0
2024-07-26 00:00:00+09:00,12100.0,12760.0,12100.0,12640.0,2444415.0
2024-07-29 00:00:00+09:00,12780.0,12950.0,12520.0,12790.0,772369.0
2024-07-30 00:00:00+09:00,12830.0,12830.0,12430.0,12480.0,509394.0
2024-07-31 00:00:00+09:00,12360.0,12590.0,12190.0,12310.0,568804.0
2024-08-01 00:00:00+09:00,12420.0,12530.0,12290.0,12520.0,362016.0
2024-08-02 00:00:00+09:00,12300.0,12360.0,11890.0,12030.0,454690.0
2024-08-05 00:00:00+09:00,11730.0,11770.0,10230.0,10700.0,990790.0
2024-08-06 00:00:00+09:00,11090.0,11560.0,10900.0,11400.0,732932.0
2024-08-07 00:00:00+09:00,11400.0,11900.0,11360.0,11760.0,376361.0
2024-08-08 00:00:00+09:00,11690.0,12050.0,11550.0,11920.0,268521.0
2024-08-09 00:00:00+09:00,12070.0,12360.0,11830.0,12170.0,514125.0
2024-08-12 00:00:00+09:00,12390.0,12390.0,12030.0,12140.0,178485.0
2024-08-13 00:00:00+09:00,12040.0,12270.0,11830.0,11880.0,276088.0
2024-08-14 00:00:00+09:00,11940.0,12700.0,11650.0,12350.0,965823.0
2024-08-16 00:00:00+09:00,12540.0,12640.0,12070.0,12350.0,607105.0
2024-08-19 00:00:00+09:00,12360.0,12840.0,12330.0,12610.0,777387.0
2024-08-20 00:00:00+09:00,12740.0,13350.0,12600.0,13350.0,1293013.0
2024-08-21 00:00:00+09:00,13200.0,13280.0,12860.0,12970.0,493236.0
2024-08-22 00:00:00+09:00,12960.0,13170.0,12350.0,12540.0,585459.0
2024-08-23 00:00:00+09:00,12340.0,12600.0,12340.0,12400.0,232666.0
2024-08-26 00:00:00+09:00,12460.0,12460.0,11900.0,12100.0,344447.0
2024-08-27 00:00:00+09:00,12140.0,12260.0,11880.0,12060.0,134107.0
2024-08-28 00:00:00+09:00,11970.0,12260.0,11970.0,12070.0,156976.0
2024-08-29 00:00:00+09:00,12020.0,12020.0,11710.0,11710.0,245398.0
2024-08-30 00:00:00+09:00,11800.0,12000.0,11760.0,12000.0,180524.0
2024-09-02 00:00:00+09:00,12120.0,12120.0,11600.0,11680.0,210106.0
2024-09-03 00:00:00+09:00,11740.0,11770.0,11510.0,11560.0,212554.0
2024-09-04 00:00:00+09:00,11200.0,11330.0,11110.0,11200.0,380153.0
2024-09-05 00:00:00+09:00,11280.0,11290.0,10750.0,10840.0,346633.0
2024-09-06 00:00:00+09:00,10840.0,11000.0,10540.0,10720.0,214927.0
2024-09-09 00:00:00+09:00,10510.0,10830.0,10460.0,10800.0,238627.0
2024-09-10 00:00:00+09:00,10870.0,11040.0,10790.0,10990.0,194749.0
2024-09-11 00:00:00+09:00,11050.0,11260.0,10520.0,10670.0,450673.0
2024-09-12 00:00:00+09:00,10800.0,10980.0,10550.0,10910.0,221909.0
2024-09-13 00:00:00+09:00,10950.0,11250.0,10930.0,11150.0,172479.0
2024-09-19 00:00:00+09:00,11310.0,11340.0,11100.0,11270.0,143524.0
2024-09-20 00:00:00+09:00,11330.0,11620.0,11270.0,11360.0,302809.0
2024-09-23 00:00:00+09:00,11370.0,11500.0,11150.0,11190.0,275081.0
2024-09-24 00:00:00+09:00,11240.0,11350.0,11120.0,11240.0,137847.0
2024-09-25 00:00:00+09:00,11240.0,11490.0,11180.0,11320.0,398399.0
2024-09-26 00:00:00+09:00,11350.0,11360.0,11140.0,11240.0,272383.0
2024-09-27 00:00:00+09:00,11240.0,11240.0,10890.0,10920.0,331393.0
2024-09-30 00:00:00+09:00,10900.0,10990.0,10780.0,10810.0,152922.0
2024-10-02 00:00:00+09:00,10810.0,10930.0,10620.0,10840.0,170158.0
2024-10-04 00:00:00+09:00,10900.0,11080.0,10760.0,11050.0,155340.0
2024-10-07 00:00:00+09:00,11120.0,11120.0,10880.0,10920.0,104880.0
2024-10-08 00:00:00+09:00,10920.0,11150.0,10890.0,10940.0,138374.0
2024-10-10 00:00:00+09:00,10990.0,11240.0,10940.0,11090.0,169142.0
2024-10-11 00:00:00+09:00,11100.0,11170.0,10920.0,11060.0,105326.0
2024-10-14 00:00:00+09:00,11060.0,11080.0,10880.0,10970.0,115678.0
2024-10-15 00:00:00+09:00,10980.0,11240.0,10920.0,11150.0,234625.0
2024-10-16 00:00:00+09:00,11100.0,11150.0,10920.0,10950.0,117130.0
2024-10-17 00:00:00+09:00,10950.0,11100.0,10900.0,11080.0,99732.0
2024-10-18 00:00:00+09:00,11090.0,11100.0,10720.0,10800.0,204475.0
2024-10-21 00:00:00+09:00,10800.0,11240.0,10750.0,11020.0,221092.0
2024-10-22 00:00:00+09:00,11080.0,11140.0,10830.0,10850.0,127637.0
2024-10-23 00:00:00+09:00,10970.0,11050.0,10860.0,10900.0,94851.0
2024-10-24 00:00:00+09:00,10900.0,10960.0,10700.0,10770.0,152992.0
2024-10-25 00:00:00+09:00,10800.0,10850.0,10640.0,10770.0,131638.0
2024-10-28 00:00:00+09:00,10700.0,10790.0,10670.0,10720.0,112833.0
2024-10-29 00:00:00+09:00,10630.0,10750.0,10630.0,10710.0,80862.0
2024-10-30 00:00:00+09:00,10720.0,10780.0,10620.0,10650.0,92434.0
2024-10-31 00:00:00+09:00,10680.0,10950.0,10510.0,10900.0,163123.0
2024-11-01 00:00:00+09:00,10810.0,10850.0,10580.0,10590.0,138073.0
2024-11-04 00:00:00+09:00,10750.0,10800.0,10560.0,10610.0,172854.0
2024-11-05 00:00:00+09:00,10580.0,10910.0,10580.0,10740.0,101422.0
2024-11-06 00:00:00+09:00,10820.0,11010.0,10610.0,11000.0,260416.0
2024-11-07 00:00:00+09:00,11000.0,11500.0,10940.0,11210.0,1016820.0
2024-11-08 00:00:00+09:00,11410.0,11440.0,10950.0,11040.0,485580.0
2024-11-11 00:00:00+09:00,11050.0,11390.0,11010.0,11210.0,602741.0
2024-11-12 00:00:00+09:00,11310.0,11310.0,10920.0,10950.0,395774.0
2024-11-13 00:00:00+09:00,10930.0,10990.0,10600.0,10690.0,445709.0
2024-11-14 00:00:00+09:00,10680.0,10990.0,10630.0,10820.0,510726.0
2024-11-15 00:00:00+09:00,10530.0,10530.0,9910.0,10170.0,941350.0
2024-11-18 00:00:00+09:00,10120.0,10480.0,10060.0,10370.0,364539.0
2024-11-19 00:00:00+09:00,10410.0,10910.0,10350.0,10800.0,524201.0
2024-11-20 00:00:00+09:00,10950.0,11220.0,10780.0,11100.0,530809.0
2024-11-21 00:00:00+09:00,11100.0,11140.0,10680.0,10710.0,352132.0
2024-11-22 00:00:00+09:00,10750.0,11530.0,10750.0,11390.0,1336773.0
2024-11-25 00:00:00+09:00,11630.0,11930.0,11270.0,11270.0,1665367.0
2024-11-26 00:00:00+09:00,11370.0,11550.0,11160.0,11410.0,603427.0
2024-11-27 00:00:00+09:00,11420.0,11590.0,11180.0,11220.0,478253.0
2024-11-28 00:00:00+09:00,11200.0,11310.0,10900.0,10950.0,380845.0
2024-11-29 00:00:00+09:00,10990.0,10990.0,10600.0,10630.0,327912.0
2024-12-02 00:00:00+09:00,10650.0,10750.0,10320.0,10420.0,394495.0
2024-12-03 00:00:00+09:00,10430.0,10640.0,10410.0,10430.0,293589.0
2024-12-04 00:00:00+09:00,10220.0,10490.0,10180.0,10350.0,319827.0
2024-12-05 00:00:00+09:00,10360.0,10400.0,10210.0,10270.0,194255.0
2024-12-06 00:00:00+09:00,10200.0,10260.0,9910.0,10120.0,427007.0
2024-12-09 00:00:00+09:00,9900.0,9970.0,9400.0,9410.0,710049.0
2024-12-10 00:00:00+09:00,9500.0,9940.0,9500.0,9880.0,354599.0
2024-12-11 00:00:00+09:00,9850.0,10350.0,9830.0,10300.0,338363.0
2024-12-12 00:00:00+09:00,10310.0,10430.0,10240.0,10320.0,202234.0
2024-12-13 00:00:00+09:00,10320.0,10630.0,10280.0,10530.0,988516.0
2024-12-16 00:00:00+09:00,10690.0,10690.0,10320.0,10380.0,304480.0
2024-12-17 00:00:00+09:00,10350.0,10810.0,10300.0,10640.0,333651.0
2024-12-18 00:00:00+09:00,10720.0,10920.0,10640.0,10770.0,401865.0
2024-12-19 00:00:00+09:00,10500.0,11140.0,10490.0,11030.0,604345.0
2024-12-20 00:00:00+09:00,11030.0,11090.0,10720.0,10720.0,296178.0
2024-12-23 00:00:00+09:00,10850.0,11270.0,10820.0,11180.0,473543.0
2024-12-24 00:00:00+09:00,11290.0,11500.0,11110.0,11300.0,485323.0
2024-12-26 00:00:00+09:00,11400.0,11560.0,11170.0,11280.0,596621.0
2024-12-27 00:00:00+09:00,11320.0,11530.0,11180.0,11400.0,472690.0
2024-12-30 00:00:00+09:00,11280.0,11900.0,11280.0,11750.0,687826.0
2025-01-02 00:00:00+09:00,11850.0,12460.0,11840.0,12270.0,933334.0
2025-01-03 00:00:00+09:00,12200.0,12310.0,11720.0,11820.0,699806.0
2025-01-06 00:00:00+09:00,11820.0,12160.0,11600.0,12040.0,403453.0
2025-01-07 00:00:00+09:00,12120.0,12350.0,11950.0,12090.0,422846.0
2025-01-08 00:00:00+09:00,12060.0,12270.0,12000.0,12210.0,454143.0
2025-01-09 00:00:00+09:00,12210.0,12430.0,12000.0,12270.0,401615.0
2025-01-10 00:00:00+09:00,12270.0,12510.0,12130.0,12450.0,471515.0
2025-01-13 00:00:00+09:00,12480.0,12490.0,12130.0,12410.0,302571.0
2025-01-14 00:00:00+09:00,12430.0,12630.0,12290.0,12410.0,409468.0
2025-01-15 00:00:00+09:00,12480.0,12760.0,12430.0,12700.0,680875.0
2025-01-16 00:00:00+09:00,12720.0,12720.0,12380.0,12520.0,442325.0
2025-01-17 00:00:00+09:00,12530.0,13490.0,12320.0,13440.0,1554946.0
2025-01-20 00:00:00+09:00,13440.0,13500.0,13200.0,13470.0,620802.0
2025-01-21 00:00:00+09:00,13470.0,14230.0,13470.0,14200.0,1541748.0
2025-01-22 00:00:00+09:00,14330.0,14940.0,14180.0,14630.0,1480715.0
2025-01-23 00:00:00+09:00,14590.0,14700.0,14010.0,14100.0,910209.0
2025-01-24 00:00:00+09:00,14110.0,14270.0,13920.0,14070.0,511489.0
2025-01-31 00:00:00+09:00,14080.0,14310.0,13760.0,13880.0,427399.0
2025-02-03 00:00:00+09:00,13630.0,14020.0,13540.0,13900.0,326995.0
2025-02-04 00:00:00+09:00,14000.0,14260.0,13720.0,14140.0,334314.0
2025-02-05 00:00:00+09:00,14140.0,14200.0,13650.0,13840.0,375704.0
2025-02-06 00:00:00+09:00,13860.0,13990.0,13590.0,13640.0,467775.0
2025-02-07 00:00:00+09:00,13790.0,13900.0,13510.0,13640.0,331271.0
2025-02-10 00:00:00+09:00,13640.0,13960.0,13060.0,13120.0,770123.0
2025-02-11 00:00:00+09:00,13120.0,13370.0,13060.0,13130.0,470113.0
2025-02-12 00:00:00+09:00,13140.0,13520.0,13100.0,13430.0,417722.0
2025-02-13 00:00:00+09:00,13610.0,13830.0,13320.0,13700.0,360395.0
2025-02-14 00:00:00+09:00,13840.0,13850.0,13240.0,13370.0,352134.0
2025-02-17 00:00:00+09:00,13390.0,14350.0,13370.0,14330.0,959441.0
2025-02-18 00:00:00+09:00,14430.0,14850.0,14100.0,14710.0,725876.0
2025-02-19 00:00:00+09:00,15300.0,16620.0,15100.0,16000.0,6161043.0
2025-02-20 00:00:00+09:00,15620.0,15830.0,14610.0,14790.0,2300131.0
2025-02-21 00:00:00+09:00,14630.0,15620.0,14510.0,15390.0,1548139.0
2025-02-24 00:00:00+09:00,15180.0,16410.0,15070.0,16060.0,1918475.0
2025-02-25 00:00:00+09:00,16240.0,16740.0,15700.0,16310.0,1972985.0
2025-02-26 00:00:00+09:00,16600.0,16930.0,15610.0,15780.0,1507665.0
2025-02-27 00:00:00+09:00,15870.0,15980.0,15450.0,15580.0,743546.0
2025-02-28 00:00:00+09:00,15150.0,15650.0,15110.0,15370.0,536339.0
2025-03-04 00:00:00+09:00,15900.0,16140.0,15140.0,15250.0,1672686.0
2025-03-05 00:00:00+09:00,15350.0,16540.0,15340.0,16250.0,2054398.0
2025-03-06 00:00:00+09:00,16390.0,16390.0,15800.0,15820.0,605644.0
2025-03-07 00:00:00+09:00,15800.0,15900.0,15380.0,15690.0,516238.0
2025-03-10 00:00:00+09:00,15430.0,15940.0,15000.0,15750.0,674208.0
2025-03-11 00:00:00+09:00,15100.0,15620.0,14970.0,15360.0,545095.0
2025-03-12 00:00:00+09:00,16000.0,16650.0,15490.0,15650.0,1651850.0
2025-03-13 00:00:00+09:00,15740.0,15960.0,15440.0,15600.0,373408.0
2025-03-14 00:00:00+09:00,15690.0,15890.0,15370.0,15630.0,350896.0
2025-03-17 00:00:00+09:00,15560.0,15620.0,15050.0,15530.0,588288.0
2025-03-18 00:00:00+09:00,15560.0,16400.0,15530.0,16200.0,1029969.0
2025-03-19 00:00:00+09:00,16190.0,16380.0,15800.0,15870.0,395885.0
2025-03-20 00:00:00+09:00,15950.0,15980.0,14740.0,14820.0,1246477.0
2025-03-21 00:00:00+09:00,14530.0,15120.0,14510.0,14950.0,686891.0
2025-03-24 00:00:00+09:00,14970.0,14970.0,14690.0,14790.0,243562.0
2025-03-25 00:00:00+09:00,14870.0,14920.0,14030.0,14200.0,751014.0
2025-03-26 00:00:00+09:00,14190.0,14280.0,13960.0,14240.0,476612.0
2025-03-27 00:00:00+09:00,14270.0,14380.0,13710.0,13840.0,678838.0
2025-03-28 00:00:00+09:00,13830.0,13940.0,13530.0,13630.0,376230.0
2025-03-31 00:00:00+09:00,13400.0,13820.0,13340.0,13540.0,318943.0
2025-04-01 00:00:00+09:00,13990.0,14560.0,13870.0,14470.0,539706.0
2025-04-02 00:00:00+09:00,14600.0,15390.0,14290.0,15250.0,871062.0
2025-04-03 00:00:00+09:00,15020.0,16550.0,15010.0,16550.0,1839062.0
2025-04-04 00:00:00+09:00,16490.0,17400.0,16260.0,16830.0,1626654.0
2025-04-07 00:00:00+09:00,16500.0,16750.0,15790.0,16060.0,1432384.0
2025-04-08 00:00:00+09:00,16740.0,17460.0,16570.0,17310.0,1518605.0
2025-04-09 00:00:00+09:00,18200.0,18270.0,17110.0,17440.0,1406023.0
2025-04-10 00:00:00+09:00,18200.0,18840.0,17600.0,18810.0,1113480.0
2025-04-11 00:00:00+09:00,19000.0,19490.0,18760.0,19050.0,1262907.0
2025-04-14 00:00:00+09:00,19430.0,19510.0,18800.0,19220.0,870332.0
2025-04-15 00:00:00+09:00,19400.0,19540.0,18890.0,19520.0,723531.0
2025-04-16 00:00:00+09:00,19210.0,19280.0,18450.0,18810.0,898222.0
2025-04-17 00:00:00+09:00,18820.0,19170.0,18740.0,19000.0,475858.0
2025-04-18 00:00:00+09:00,18920.0,18920.0,18370.0,18880.0,442825.0
2025-04-21 00:00:00+09:00,18690.0,18690.0,17970.0,18670.0,609070.0
2025-04-22 00:00:00+09:00,18430.0,19060.0,18430.0,18930.0,399278.0
2025-04-23 00:00:00+09:00,18950.0,19060.0,18610.0,19010.0,246250.0
2025-04-24 00:00:00+09:00,18990.0,20300.0,18650.0,20100.0,932509.0
2025-04-25 00:00:00+09:00,20150.0,20550.0,19680.0,19750.0,697581.0
2025-04-28 00:00:00+09:00,20350.0,20650.0,19500.0,19740.0,627522.0
2025-04-29 00:00:00+09:00,19760.0,20300.0,19160.0,20000.0,551073.0
2025-04-30 00:00:00+09:00,20000.0,20050.0,19150.0,19490.0,393875.0
2025-05-02 00:00:00+09:00,19470.0,19750.0,19350.0,19690.0,204366.0
2025-05-07 00:00:00+09:00,19690.0,20300.0,19410.0,20200.0,408779.0
2025-05-08 00:00:00+09:00,20050.0,21100.0,19840.0,20650.0,478494.0
2025-05-09 00:00:00+09:00,20800.0,21650.0,20500.0,21050.0,692021.0
2025-05-12 00:00:00+09:00,21400.0,21400.0,19710.0,19800.0,645723.0
2025-05-13 00:00:00+09:00,19800.0,20450.0,19470.0,20350.0,415081.0
2025-05-14 00:00:00+09:00,20200.0,21500.0,20150.0,21100.0,713038.0
2025-05-15 00:00:00+09:00,21150.0,21550.0,20600.0,21350.0,624952.0
2025-05-16 00:00:00+09:00,21850.0,21900.0,19720.0,20400.0,1299001.0
2025-05-19 00:00:00+09:00,20050.0,21000.0,20000.0,20900.0,663561.0
2025-05-20 00:00:00+09:00,20950.0,21050.0,20200.0,20800.0,515320.0
2025-05-21 00:00:00+09:00,20800.0,21600.0,20500.0,21500.0,670137.0
2025-05-22 00:00:00+09:00,21350.0,21350.0,20300.0,20750.0,603677.0
2025-05-23 00:00:00+09:00,21000.0,21550.0,20750.0,21350.0,545098.0
2025-05-26 00:00:00+09:00,21350.0,22050.0,21100.0,21450.0,480866.0
2025-05-27 00:00:00+09:00,21600.0,22100.0,21250.0,21750.0,521024.0
2025-05-28 00:00:00+09:00,22100.0,22500.0,21050.0,21250.0,445668.0
2025-05-29 00:00:00+09:00,21400.0,22500.0,21250.0,22000.0,618328.0
2025-05-30 00:00:00+09:00,22050.0,22550.0,21150.0,22000.0,1141640.0
2025-06-02 00:00:00+09:00,22000.0,22100.0,21500.0,21900.0,326126.0
2025-06-04 00:00:00+09:00,21800.0,21900.0,21150.0,21750.0,518917.0
2025-06-05 00:00:00+09:00,21750.0,22600.0,21600.0,22450.0,585672.0
2025-06-09 00:00:00+09:00,22450.0,22450.0,20650.0,20800.0,989727.0
2025-06-10 00:00:00+09:00,21000.0,21500.0,20700.0,21400.0,397449.0
2025-06-11 00:00:00+09:00,21600.0,21600.0,20800.0,21050.0,491023.0
2025-06-12 00:00:00+09:00,21750.0,23400.0,21700.0,22400.0,2369039.0
2025-06-13 00:00:00+09:00,22150.0,24000.0,22100.0,23250.0,2322268.0
2025-06-16 00:00:00+09:00,23150.0,24000.0,23100.0,23950.0,740709.0
2025-06-17 00:00:00+09:00,24250.0,25650.0,23550.0,25350.0,1200409.0
2025-06-18 00:00:00+09:00,25100.0,25600.0,24700.0,25050.0,668525.0
2025-06-19 00:00:00+09:00,25400.0,25550.0,24600.0,25200.0,415563.0
2025-06-20 00:00:00+09:00,25150.0,25350.0,24550.0,25050.0,334652.0
2025-06-23 00:00:00+09:00,24850.0,26250.0,24750.0,25450.0,581168.0
2025-06-24 00:00:00+09:00,25800.0,26400.0,25250.0,25350.0,563751.0
2025-06-25 00:00:00+09:00,25400.0,26050.0,24650.0,24700.0,647276.0
2025-06-26 00:00:00+09:00,24900.0,26300.0,24650.0,26150.0,1098786.0
2025-06-27 00:00:00+09:00,25500.0,26500.0,25150.0,25300.0,1931353.0
2025-06-30 00:00:00+09:00,25450.0,26850.0,25300.0,26000.0,747162.0
2025-07-01 00:00:00+09:00,26250.0,26700.0,25750.0,25850.0,547045.0
2025-07-02 00:00:00+09:00,25900.0,26000.0,24850.0,25550.0,586741.0
2025-07-03 00:00:00+09:00,25200.0,25400.0,23550.0,24200.0,957880.0
2025-07-04 00:00:00+09:00,23850.0,24200.0,22900.0,23000.0,694590.0
2025-07-07 00:00:00+09:00,22550.0,23250.0,22300.0,23100.0,358213.0
2025-07-08 00:00:00+09:00,23450.0,23900.0,23000.0,23350.0,539776.0
2025-07-09 00:00:00+09:00,23700.0,23800.0,23150.0,23550.0,224622.0
2025-07-10 00:00:00+09:00,23450.0,23500.0,22850.0,23200.0,395407.0
2025-07-11 00:00:00+09:00,23050.0,23150.0,22200.0,22400.0,655907.0
2025-07-14 00:00:00+09:00,22300.0,23350.0,22200.0,23200.0,438364.0
2025-07-15 00:00:00+09:00,23500.0,24900.0,23150.0,24600.0,828051.0
2025-07-16 00:00:00+09:00,25050.0,26200.0,24550.0,25300.0,1028695.0
2025-07-17 00:00:00+09:00,25300.0,25650.0,24800.0,24950.0,438361.0
2025-07-18 00:00:00+09:00,25100.0,26300.0,24800.0,26100.0,597160.0
2025-07-21 00:00:00+09:00,26600.0,26650.0,25900.0,26550.0,422835.0
2025-07-22 00:00:00+09:00,26400.0,27900.0,26050.0,27000.0,711235.0
2025-07-23 00:00:00+09:00,26850.0,27200.0,25800.0,26900.0,556233.0
2025-07-24 00:00:00+09:00,27050.0,27750.0,26650.0,27000.0,481323.0
2025-07-25 00:00:00+09:00,27200.0,27550.0,26500.0,27300.0,362733.0
2025-07-28 00:00:00+09:00,28500.0,28550.0,27200.0,27600.0,619772.0
2025-07-29 00:00:00+09:00,28350.0,30800.0,28050.0,30350.0,2124394.0
2025-07-30 00:00:00+09:00,30150.0,30450.0,29450.0,29750.0,407894.0
2025-07-31 00:00:00+09:00,30750.0,31450.0,29450.0,30000.0,608767.0
2025-08-01 00:00:00+09:00,30250.0,30300.0,28550.0,29200.0,565621.0
2025-08-04 00:00:00+09:00,29050.0,30700.0,28550.0,30600.0,653775.0
2025-08-05 00:00:00+09:00,31600.0,31650.0,30050.0,31250.0,431829.0
2025-08-06 00:00:00+09:00,30850.0,31550.0,30500.0,31250.0,429051.0
2025-08-07 00:00:00+09:00,31250.0,32850.0,31100.0,32450.0,669568.0
2025-08-08 00:00:00+09:00,32500.0,32650.0,31350.0,32000.0,390187.0
2025-08-11 00:00:00+09:00,32450.0,32850.0,30700.0,31600.0,354436.0
2025-08-12 00:00:00+09:00,31600.0,32750.0,31200.0,31450.0,414642.0
2025-08-13 00:00:00+09:00,31800.0,32350.0,30450.0,30950.0,732448.0
2025-08-14 00:00:00+09:00,31000.0,31100.0,29500.0,30550.0,570098.0
2025-08-18 00:00:00+09:00,30000.0,31250.0,30000.0,31050.0,448722.0
2025-08-19 00:00:00+09:00,31550.0,32000.0,30050.0,30500.0,524287.0
2025-08-20 00:00:00+09:00,29500.0,30550.0,28700.0,29550.0,660744.0
2025-08-21 00:00:00+09:00,29750.0,29900.0,29050.0,29600.0,349095.0
2025-08-22 00:00:00+09:00,29600.0,30450.0,29500.0,30050.0,294117.0
2025-08-25 00:00:00+09:00,30450.0,30600.0,29100.0,29850.0,448564.0
2025-08-26 00:00:00+09:00,30350.0,30650.0,29300.0,30300.0,422336.0
2025-08-27 00:00:00+09:00,30500.0,32050.0,30400.0,30900.0,860634.0
2025-08-28 00:00:00+09:00,31100.0,32300.0,30750.0,31350.0,463361.0
2025-08-29 00:00:00+09:00,31600.0,33000.0,31300.0,32900.0,712665.0
2025-09-01 00:00:00+09:00,33550.0,33600.0,31700.0,32100.0,459668.0
2025-09-02 00:00:00+09:00,32450.0,32700.0,31600.0,31800.0,361848.0
2025-09-03 00:00:00+09:00,32950.0,34850.0,32550.0,33750.0,1260806.0
2025-09-04 00:00:00+09:00,33800.0,34500.0,33250.0,33950.0,467316.0
2025-09-05 00:00:00+09:00,33800.0,34100.0,32350.0,33150.0,395881.0
2025-09-08 00:00:00+09:00,32850.0,35850.0,32600.0,35550.0,818418.0
2025-09-09 00:00:00+09:00,35600.0,35700.0,33200.0,33250.0,835866.0
2025-09-10 00:00:00+09:00,33550.0,34400.0,33250.0,33900.0,426195.0
2025-09-11 00:00:00+09:00,34450.0,35000.0,33800.0,34250.0,407705.0
2025-09-12 00:00:00+09:00,34350.0,34350.0,32550.0,33000.0,521100.0
2025-09-15 00:00:00+09:00,32350.0,32600.0,31700.0,32550.0,333661.0
2025-09-16 00:00:00+09:00,33000.0,35500.0,33000.0,33800.0,1380019.0
2025-09-17 00:00:00+09:00,34550.0,34600.0,33450.0,33500.0,292619.0
2025-09-18 00:00:00+09:00,33600.0,33700.0,32750.0,32900.0,321882.0
2025-09-19 00:00:00+09:00,32650.0,32950.0,32000.0,32750.0,323949.0
2025-09-22 00:00:00+09:00,32500.0,32500.0,31300.0,31950.0,478946.0
2025-09-23 00:00:00+09:00,31400.0,32550.0,31125.0,31850.0,255374.0
2025-09-24 00:00:00+09:00,32200.0,34100.0,32200.0,33050.0,676954.0
2025-09-25 00:00:00+09:00,33800.0,34000.0,32150.0,32450.0,348612.0
2025-09-26 00:00:00+09:00,32400.0,32550.0,31300.0,32100.0,261642.0
2025-09-29 00:00:00+09:00,32400.0,32750.0,31550.0,32100.0,227696.0
2025-09-30 00:00:00+09:00,32000.0,33100.0,31750.0,32700.0,341612.0
2025-10-01 00:00:00+09:00,32750.0,34400.0,32600.0,34200.0,505047.0
2025-10-02 00:00:00+09:00,34200.0,34200.0,33200.0,33450.0,385835.0
2025-10-10 00:00:00+09:00,33150.0,33450.0,31550.0,32900.0,428660.0
2025-10-13 00:00:00+09:00,32500.0,35200.0,32250.0,34850.0,690229.0
2025-10-14 00:00:00+09:00,34450.0,34750.0,33600.0,33900.0,500115.0
2025-10-15 00:00:00+09:00,34050.0,38950.0,33700.0,38450.0,1136599.0
2025-10-16 00:00:00+09:00,38750.0,39300.0,35600.0,36100.0,885750.0
2025-10-17 00:00:00+09:00,36800.0,36850.0,34950.0,35100.0,440369.0
2025-10-20 00:00:00+09:00,35200.0,35500.0,34550.0,35250.0,395520.0
2025-10-21 00:00:00+09:00,35250.0,37050.0,35000.0,36850.0,728547.0
2025-10-22 00:00:00+09:00,37200.0,37300.0,35900.0,36700.0,286101.0
2025-10-23 00:00:00+09:00,36200.0,37400.0,35450.0,36750.0,322066.0
2025-10-24 00:00:00+09:00,36500.0,37300.0,36150.0,37150.0,285305.0
2025-10-27 00:00:00+09:00,37800.0,39150.0,37650.0,38800.0,617351.0
2025-10-28 00:00:00+09:00,38450.0,38550.0,37500.0,38100.0,353047.0
2025-10-29 00:00:00+09:00,38500.0,38500.0,36500.0,37100.0,517186.0
2025-10-30 00:00:00+09:00,38400.0,39100.0,36800.0,37050.0,420701.0
2025-10-31 00:00:00+09:00,36700.0,37250.0,36250.0,36600.0,267883.0
2025-11-03 00:00:00+09:00,37100.0,37400.0,36150.0,36500.0,324821.0
2025-11-04 00:00:00+09:00,36650.0,36950.0,35250.0,35400.0,496833.0
2025-11-05 00:00:00+09:00,34750.0,34800.0,32900.0,33150.0,459294.0
2025-11-06 00:00:00+09:00,34000.0,34000.0,32000.0,32550.0,399182.0
2025-11-07 00:00:00+09:00,31500.0,32200.0,31000.0,31600.0,472380.0
2025-11-10 00:00:00+09:00,32200.0,33150.0,31750.0,32900.0,314948.0
2025-11-11 00:00:00+09:00,33300.0,33350.0,31800.0,32000.0,486537.0
2025-11-12 00:00:00+09:00,32450.0,33200.0,31150.0,31650.0,355982.0
2025-11-13 00:00:00+09:00,31650.0,32100.0,30800.0,32050.0,304176.0
2025-11-14 00:00:00+09:00,31250.0,32400.0,30250.0,30900.0,1453889.0
2025-11-17 00:00:00+09:00,31050.0,31250.0,27400.0,28200.0,1584907.0
2025-11-18 00:00:00+09:00,28150.0,28250.0,27000.0,27400.0,805024.0
2025-11-19 00:00:00+09:00,27750.0,27950.0,26700.0,27400.0,404244.0
2025-11-20 00:00:00+09:00,27800.0,28600.0,27550.0,28350.0,354358.0
2025-11-21 00:00:00+09:00,27400.0,27750.0,26450.0,26700.0,456318.0
2025-11-24 00:00:00+09:00,27150.0,27400.0,25800.0,27200.0,377596.0
2025-11-25 00:00:00+09:00,27700.0,27700.0,26400.0,26600.0,377028.0
2025-11-26 00:00:00+09:00,26900.0,27900.0,26850.0,27850.0,316949.0
2025-11-27 00:00:00+09:00,28150.0,28200.0,27250.0,27500.0,313033.0
2025-11-28 00:00:00+09:00,27550.0,27800.0,26800.0,27300.0,333874.0
2025-12-01 00:00:00+09:00,27400.0,27550.0,26600.0,26750.0,239822.0
2025-12-02 00:00:00+09:00,26900.0,28000.0,26900.0,27850.0,321721.0
2025-12-03 00:00:00+09:00,28200.0,28200.0,27650.0,27700.0,224290.0
2025-12-04 00:00:00+09:00,27650.0,28100.0,27050.0,27250.0,248648.0
2025-12-05 00:00:00+09:00,27300.0,28200.0,27300.0,28150.0,300411.0
2025-12-08 00:00:00+09:00,28600.0,29000.0,27900.0,28850.0,371639.0
2025-12-09 00:00:00+09:00,28700.0,30600.0,28500.0,30100.0,654588.0
2025-12-10 00:00:00+09:00,30000.0,30100.0,29150.0,29150.0,283160.0
2025-12-11 00:00:00+09:00,29900.0,30100.0,29250.0,29400.0,401341.0
2025-12-12 00:00:00+09:00,29800.0,30600.0,29550.0,30150.0,343859.0
2025-12-15 00:00:00+09:00,29800.0,31900.0,29600.0,31050.0,645527.0
2025-12-16 00:00:00+09:00,31100.0,33200.0,31050.0,31850.0,961004.0
2025-12-17 00:00:00+09:00,32350.0,32500.0,30750.0,31150.0,367307.0
2025-12-18 00:00:00+09:00,30250.0,32400.0,30250.0,32350.0,482651.0
2025-12-19 00:00:00+09:00,32450.0,34550.0,32050.0,34250.0,712490.0
2025-12-22 00:00:00+09:00,34350.0,34600.0,32250.0,33000.0,794646.0
2025-12-23 00:00:00+09:00,33650.0,34550.0,33250.0,34300.0,553861.0
2025-12-24 00:00:00+09:00,33650.0,33650.0,31550.0,31800.0,549742.0
2025-12-26 00:00:00+09:00,31650.0,32200.0,31150.0,31400.0,358103.0
2025-12-29 00:00:00+09:00,31000.0,31250.0,30300.0,30450.0,369273.0
2025-12-30 00:00:00+09:00,30200.0,30750.0,29750.0,29850.0,358667.0
2026-01-02 00:00:00+09:00,29850.0,29900.0,27550.0,27750.0,880575.0
2026-01-05 00:00:00+09:00,28100.0,28400.0,27450.0,28100.0,738162.0
2026-01-06 00:00:00+09:00,29250.0,30750.0,28750.0,30650.0,773577.0
2026-01-07 00:00:00+09:00,30600.0,31600.0,30450.0,31250.0,536270.0
2026-01-08 00:00:00+09:00,31050.0,32800.0,30550.0,31400.0,729688.0
2026-01-09 00:00:00+09:00,31800.0,38950.0,31450.0,38400.0,4608293.0
2026-01-12 00:00:00+09:00,37700.0,40950.0,37050.0,39700.0,2080984.0
2026-01-13 00:00:00+09:00,39500.0,40050.0,36700.0,38200.0,1333595.0
2026-01-14 00:00:00+09:00,37600.0,37600.0,35350.0,36100.0,1038096.0
2026-01-15 00:00:00+09:00,36300.0,37150.0,35850.0,36100.0,725195.0
2026-01-16 00:00:00+09:00,36300.0,36500.0,34600.0,34950.0,695567.0
2026-01-19 00:00:00+09:00,35650.0,37600.0,35000.0,36600.0,847060.0
2026-01-20 00:00:00+09:00,36150.0,36750.0,35350.0,36300.0,474434.0
2026-01-21 00:00:00+09:00,35000.0,36300.0,34750.0,35650.0,345690.0
2026-01-22 00:00:00+09:00,36100.0,36150.0,34600.0,34850.0,478689.0
2026-01-23 00:00:00+09:00,35200.0,37000.0,34700.0,34950.0,835797.0
2026-01-26 00:00:00+09:00,34900.0,34950.0,34050.0,34300.0,432157.0
2026-01-27 00:00:00+09:00,34950.0,34950.0,33900.0,34650.0,324145.0
2026-01-28 00:00:00+09:00,34950.0,35050.0,33950.0,34850.0,420326.0
2026-01-29 00:00:00+09:00,34750.0,34800.0,33450.0,34350.0,703256.0
2026-01-30 00:00:00+09:00,35000.0,35250.0,33600.0,33850.0,444311.0
2026-02-02 00:00:00+09:00,33400.0,34400.0,31950.0,31950.0,487653.0
2026-02-03 00:00:00+09:00,32750.0,34300.0,32250.0,33800.0,463861.0
2026-02-04 00:00:00+09:00,34200.0,35300.0,33700.0,34900.0,613699.0
2026-02-05 00:00:00+09:00,34400.0,35550.0,33850.0,34250.0,553031.0
2026-02-06 00:00:00+09:00,32900.0,35100.0,32200.0,34350.0,482646.0
2026-02-09 00:00:00+09:00,35300.0,36150.0,35000.0,35250.0,512760.0
2026-02-10 00:00:00+09:00,35550.0,35550.0,33300.0,33850.0,560758.0
2026-02-11 00:00:00+09:00,34150.0,36000.0,34100.0,35050.0,633340.0
2026-02-12 00:00:00+09:00,35200.0,35350.0,33800.0,34900.0,384654.0
2026-02-13 00:00:00+09:00,34400.0,36200.0,33950.0,34900.0,481245.0
2026-02-19 00:00:00+09:00,35700.0,37400.0,35600.0,36750.0,694597.0
2026-02-20 00:00:00+09:00,37900.0,39250.0,37350.0,38250.0,891248.0
2026-02-23 00:00:00+09:00,39250.0,41350.0,37600.0,40900.0,1315857.0
2026-02-24 00:00:00+09:00,40100.0,42400.0,38900.0,41500.0,1124314.0
2026-02-25 00:00:00+09:00,42800.0,44450.0,40350.0,41050.0,1153249.0
2026-02-26 00:00:00+09:00,40850.0,41300.0,39500.0,40500.0,800932.0
2026-02-27 00:00:00+09:00,41000.0,43800.0,39800.0,41900.0,933229.0
2026-03-03 00:00:00+09:00,41300.0,43500.0,40100.0,40600.0,885700.0
2026-03-04 00:00:00+09:00,38950.0,40750.0,35750.0,36300.0,982361.0
2026-03-05 00:00:00+09:00,39200.0,40000.0,38050.0,38450.0,477770.0
2026-03-06 00:00:00+09:00,38100.0,42250.0,38100.0,41800.0,871206.0
2026-03-09 00:00:00+09:00,40500.0,46000.0,39450.0,44750.0,2285104.0
2026-03-10 00:00:00+09:00,44000.0,45150.0,41850.0,42600.0,926536.0
2026-03-11 00:00:00+09:00,43200.0,48650.0,42650.0,47100.0,1751125.0
2026-03-12 00:00:00+09:00,46000.0,49000.0,45850.0,47800.0,1016605.0
2026-03-13 00:00:00+09:00,48800.0,49250.0,46050.0,46550.0,781692.0
2026-03-16 00:00:00+09:00,46550.0,48400.0,45700.0,45850.0,500146.0
2026-03-17 00:00:00+09:00,46200.0,49850.0,46200.0,48650.0,717638.0
2026-03-18 00:00:00+09:00,49000.0,50400.0,47800.0,48750.0,789710.0
2026-03-19 00:00:00+09:00,48450.0,49950.0,47500.0,48350.0,393855.0
2026-03-20 00:00:00+09:00,49350.0,50800.0,48200.0,49800.0,398898.0
2026-03-23 00:00:00+09:00,48250.0,48550.0,46000.0,46650.0,568660.0
2026-03-24 00:00:00+09:00,48400.0,49000.0,45000.0,46800.0,552581.0
2026-03-25 00:00:00+09:00,47450.0,47800.0,39500.0,41850.0,2387781.0
2026-03-26 00:00:00+09:00,42950.0,45800.0,41800.0,42800.0,1056412.0
2026-03-27 00:00:00+09:00,41300.0,41550.0,39600.0,40500.0,540525.0
2026-03-30 00:00:00+09:00,38000.0,40100.0,37550.0,39050.0,460506.0
2026-03-31 00:00:00+09:00,39700.0,40900.0,38650.0,38850.0,528682.0
2026-04-01 00:00:00+09:00,40650.0,41250.0,39550.0,41200.0,473353.0
2026-04-02 00:00:00+09:00,42400.0,42450.0,39100.0,39600.0,579176.0
2026-04-03 00:00:00+09:00,40850.0,46500.0,40550.0,45000.0,1073410.0
2026-04-06 00:00:00+09:00,46200.0,46700.0,44350.0,46250.0,625424.0
2026-04-07 00:00:00+09:00,45750.0,45750.0,41650.0,42700.0,612734.0
2026-04-08 00:00:00+09:00,44850.0,45250.0,42700.0,44000.0,493804.0
2026-04-09 00:00:00+09:00,44200.0,44250.0,42900.0,43700.0,283686.0
2026-04-10 00:00:00+09:00,44100.0,47800.0,43700.0,46550.0,701855.0
2026-04-13 00:00:00+09:00,45650.0,52600.0,45550.0,50700.0,1553824.0
2026-04-14 00:00:00+09:00,50700.0,50700.0,46800.0,50000.0,1159631.0
2026-04-15 00:00:00+09:00,50100.0,51700.0,49000.0,51100.0,606843.0
2026-04-16 00:00:00+09:00,51000.0,52200.0,49850.0,51200.0,545748.0
2026-04-17 00:00:00+09:00,51500.0,53000.0,49050.0,52100.0,801395.0
2026-04-20 00:00:00+09:00,51000.0,52200.0,50300.0,50700.0,449098.0
2026-04-21 00:00:00+09:00,50500.0,51100.0,49700.0,50900.0,393859.0
2026-04-22 00:00:00+09:00,51000.0,52500.0,50400.0,52200.0,429985.0
2026-04-23 00:00:00+09:00,53500.0,53500.0,50000.0,51500.0,780308.0
2026-04-24 00:00:00+09:00,51900.0,53200.0,50400.0,50800.0,908481.0
2026-04-27 00:00:00+09:00,51100.0,52200.0,49800.0,51600.0,577436.0
2026-04-28 00:00:00+09:00,51700.0,54100.0,50800.0,51800.0,724168.0
2026-04-29 00:00:00+09:00,51600.0,51800.0,49250.0,50400.0,827913.0
2026-04-30 00:00:00+09:00,50400.0,50700.0,48450.0,49550.0,417170.0
2026-05-04 00:00:00+09:00,50000.0,50100.0,47500.0,48800.0,351823.0
2026-05-06 00:00:00+09:00,50200.0,50300.0,47000.0,47750.0,576293.0
2026-05-07 00:00:00+09:00,48000.0,48150.0,46400.0,47600.0,510036.0
2026-05-08 00:00:00+09:00,47900.0,48450.0,45500.0,45800.0,461263.0
2026-05-11 00:00:00+09:00,46100.0,47300.0,44500.0,45050.0,554844.0
2026-05-12 00:00:00+09:00,46000.0,46050.0,42450.0,43500.0,662719.0
2026-05-13 00:00:00+09:00,44950.0,44950.0,41800.0,43250.0,336874.0
2026-05-14 00:00:00+09:00,44000.0,44900.0,40100.0,40950.0,718296.0
2026-05-15 00:00:00+09:00,40550.0,41050.0,38100.0,38750.0,933085.0
2026-05-18 00:00:00+09:00,38100.0,38700.0,35750.0,36650.0,574090.0
2026-05-19 00:00:00+09:00,37400.0,38000.0,35600.0,36250.0,514739.0
2026-05-20 00:00:00+09:00,36850.0,36950.0,33950.0,35400.0,559312.0
2026-05-21 00:00:00+09:00,36350.0,36650.0,35150.0,35750.0,673935.0
2026-05-22 00:00:00+09:00,36900.0,37700.0,36300.0,36800.0,477279.0
2026-05-26 00:00:00+09:00,38000.0,38000.0,36250.0,36500.0,553608.0
2026-05-27 00:00:00+09:00,36700.0,36750.0,34650.0,34800.0,470229.0
2026-05-28 00:00:00+09:00,35050.0,35500.0,31400.0,34550.0,1097986.0
2026-05-29 00:00:00+09:00,34100.0,34150.0,31700.0,32250.0,510713.0
2026-06-01 00:00:00+09:00,31750.0,34150.0,31000.0,32150.0,562726.0
2026-06-02 00:00:00+09:00,31450.0,32850.0,30500.0,31200.0,353918.0
2026-06-04 00:00:00+09:00,34000.0,34050.0,31400.0,32400.0,768217.0
2026-06-05 00:00:00+09:00,33500.0,33550.0,31650.0,32250.0,495464.0
2026-06-08 00:00:00+09:00,30200.0,31800.0,29550.0,29600.0,455263.0
2026-06-09 00:00:00+09:00,29750.0,30850.0,29200.0,30500.0,337109.0
2026-06-10 00:00:00+09:00,30200.0,31900.0,29800.0,30900.0,282816.0
2026-06-11 00:00:00+09:00,30300.0,31400.0,29250.0,31250.0,576423.0
2026-06-12 00:00:00+09:00,32200.0,32650.0,31450.0,31750.0,351648.0
2026-06-15 00:00:00+09:00,33150.0,33350.0,32400.0,32800.0,270992.0
2026-06-16 00:00:00+09:00,33350.0,35850.0,33350.0,35650.0,605817.0
2026-06-17 00:00:00+09:00,36000.0,36150.0,34300.0,34900.0,501366.0
2026-06-18 00:00:00+09:00,35200.0,35250.0,31750.0,32000.0,506613.0
2026-06-19 00:00:00+09:00,31850.0,31950.0,30000.0,30350.0,400114.0
2026-06-22 00:00:00+09:00,30500.0,30900.0,29400.0,29800.0,325348.0
2026-06-23 00:00:00+09:00,29400.0,30400.0,28000.0,28000.0,369986.0
2026-06-24 00:00:00+09:00,27550.0,29100.0,27000.0,28650.0,317851.0
2026-06-25 00:00:00+09:00,28550.0,29500.0,27950.0,28250.0,313113.0
2026-06-26 00:00:00+09:00,27600.0,27900.0,25050.0,25550.0,359684.0
2026-06-29 00:00:00+09:00,25350.0,27700.0,25350.0,27700.0,248812.0
2026-06-30 00:00:00+09:00,27750.0,27750.0,26650.0,26700.0,153967.0
2026-07-01 00:00:00+09:00,27200.0,27950.0,26800.0,27500.0,220016.0
2026-07-02 00:00:00+09:00,27700.0,27700.0,26100.0,26450.0,194247.0
2026-07-03 00:00:00+09:00,26300.0,26550.0,24800.0,25950.0,322500.0
2026-07-06 00:00:00+09:00,26250.0,26750.0,25000.0,25550.0,223067.0
2026-07-07 00:00:00+09:00,24750.0,24950.0,23750.0,24500.0,281099.0
2026-07-08 00:00:00+09:00,24100.0,25350.0,23600.0,24000.0,374464.0
2026-07-09 00:00:00+09:00,23850.0,24600.0,22600.0,23250.0,362920.0
2026-07-10 00:00:00+09:00,23450.0,24900.0,23450.0,24450.0,186725.0
2026-07-13 00:00:00+09:00,25250.0,26400.0,24100.0,24600.0,254253.0
2026-07-14 00:00:00+09:00,24650.0,24650.0,22600.0,22900.0,398594.0
2026-07-15 00:00:00+09:00,23450.0,24250.0,22800.0,23300.0,352584.0
2026-07-16 00:00:00+09:00,23550.0,24050.0,22800.0,23450.0,249871.0
2026-07-20 00:00:00+09:00,23150.0,23200.0,21800.0,21950.0,171392.0
2026-07-21 00:00:00+09:00,21750.0,22200.0,21200.0,22050.0,167940.0
2026-07-22 00:00:00+09:00,22700.0,23200.0,22400.0,22500.0,183984.0
2026-07-23 00:00:00+09:00,22300.0,23650.0,21700.0,23500.0,671105.0
2026-07-24 00:00:00+09:00,23850.0,24700.0,23250.0,23700.0,516778.0
2026-07-27 00:00:00+09:00,24000.0,24000.0,22300.0,22700.0,333995.0
2026-07-28 00:00:00+09:00,22050.0,22100.0,20000.0,20200.0,447696.0
2026-07-29 00:00:00+09:00,20250.0,20800.0,18530.0,19300.0,501119.0
2026-07-30 00:00:00+09:00,18770.0,20600.0,18770.0,19790.0,368838.0
2026-07-31 00:00:00+09:00,20300.0,21350.0,20000.0,21350.0,300109.0
2026-08-03 00:00:00+09:00,20750.0,21750.0,20350.0,21300.0,178089.0
2026-08-04 00:00:00+09:00,21400.0,22300.0,21400.0,22200.0,162255.0
2026-08-05 00:00:00+09:00,22800.0,23350.0,22550.0,23250.0,206821.0
2026-08-06 00:00:00+09:00,23100.0,23500.0,22350.0,22900.0,183247.0
2026-08-07 00:00:00+09:00,22950.0,23350.0,22350.0,23100.0,172072.0
2026-08-10 00:00:00+09:00,23450.0,24950.0,23450.0,24350.0,347590.0
2026-08-11 00:00:00+09:00,24350.0,25300.0,24000.0,24350.0,225877.0
2026-08-12 00:00:00+09:00,24450.0,25200.0,23750.0,24400.0,296044.0
2026-08-13 00:00:00+09:00,24500.0,24850.0,23850.0,24300.0,382117.0
2026-08-14 00:00:00+09:00,24850.0,25450.0,23750.0,25150.0,511224.0
2026-08-18 00:00:00+09:00,25950.0,26100.0,24000.0,24500.0,579193.0
2026-08-19 00:00:00+09:00,23550.0,24400.0,23100.0,23650.0,225040.0
2026-08-20 00:00:00+09:00,23850.0,24450.0,23350.0,23450.0,254229.0
2026-08-21 00:00:00+09:00,22800.0,23000.0,22300.0,22550.0,205867.0
2026-08-24 00:00:00+09:00,22400.0,23350.0,22250.0,22750.0,164520.0
2026-08-25 00:00:00+09:00,22300.0,23300.0,21950.0,23150.0,176909.0
2026-08-26 00:00:00+09:00,23500.0,24750.0,23250.0,23850.0,265113.0
2026-08-27 00:00:00+09:00,23900.0,24050.0,23600.0,23800.0,122033.0
2026-08-28 00:00:00+09:00,24300.0,25500.0,24200.0,24950.0,527277.0
