dt,open,high,low,close,volume
2016-06-21 00:00:00+09:00,17427.0,17669.0,16700.0,17088.0,1171729.0
2016-06-22 00:00:00+09:00,17136.0,17717.0,17136.0,17669.0,441483.0
2016-06-23 00:00:00+09:00,17572.0,17572.0,17088.0,17137.0,320542.0
2016-06-24 00:00:00+09:00,17523.0,17572.0,15684.0,16168.0,1097857.0
2016-06-27 00:00:00+09:00,15635.0,17040.0,15635.0,17040.0,665709.0
2016-06-28 00:00:00+09:00,16797.0,18153.0,16797.0,17960.0,621694.0
2016-06-29 00:00:00+09:00,18153.0,18443.0,17669.0,17911.0,415322.0
2016-06-30 00:00:00+09:00,18201.0,18298.0,17814.0,17863.0,196668.0
2016-07-01 00:00:00+09:00,17959.0,18637.0,17959.0,18395.0,419994.0
2016-07-04 00:00:00+09:00,18492.0,18830.0,18201.0,18347.0,383159.0
2016-07-05 00:00:00+09:00,18346.0,18782.0,18201.0,18540.0,249056.0
2016-07-06 00:00:00+09:00,18298.0,18540.0,17911.0,18153.0,297829.0
2016-07-07 00:00:00+09:00,18492.0,18588.0,17959.0,18105.0,209791.0
2016-07-08 00:00:00+09:00,18492.0,19024.0,18007.0,18056.0,705687.0
2016-07-11 00:00:00+09:00,17959.0,18104.0,17233.0,18008.0,469333.0
2016-07-12 00:00:00+09:00,17620.0,17814.0,16894.0,16943.0,881123.0
2016-07-13 00:00:00+09:00,17185.0,17523.0,16991.0,17330.0,438634.0
2016-07-14 00:00:00+09:00,17136.0,17233.0,16942.0,17137.0,240969.0
2016-07-15 00:00:00+09:00,18104.0,18734.0,17765.0,18153.0,1643756.0
2016-07-18 00:00:00+09:00,18007.0,18395.0,17862.0,18202.0,342962.0
2016-07-19 00:00:00+09:00,18346.0,18734.0,18346.0,18395.0,530017.0
2016-07-20 00:00:00+09:00,18346.0,18685.0,18153.0,18298.0,213111.0
2016-07-21 00:00:00+09:00,18395.0,18588.0,18250.0,18298.0,208618.0
2016-07-22 00:00:00+09:00,18298.0,18346.0,17814.0,17960.0,303433.0
2016-07-25 00:00:00+09:00,17862.0,18007.0,17330.0,17379.0,378364.0
2016-07-26 00:00:00+09:00,17281.0,17669.0,17136.0,17475.0,196463.0
2016-07-27 00:00:00+09:00,17523.0,17620.0,17136.0,17137.0,166904.0
2016-07-28 00:00:00+09:00,17039.0,17330.0,16410.0,16556.0,475541.0
2016-07-29 00:00:00+09:00,16458.0,16942.0,16313.0,16556.0,341659.0
2016-08-01 00:00:00+09:00,16604.0,16942.0,16458.0,16701.0,255738.0
2016-08-02 00:00:00+09:00,16700.0,16749.0,15732.0,16120.0,759617.0
2016-08-03 00:00:00+09:00,15926.0,16652.0,15635.0,16604.0,447692.0
2016-08-04 00:00:00+09:00,16507.0,16604.0,15877.0,15975.0,404923.0
2016-08-05 00:00:00+09:00,15974.0,16168.0,15684.0,15733.0,236584.0
2016-08-08 00:00:00+09:00,16120.0,16797.0,16120.0,16362.0,529380.0
2016-08-09 00:00:00+09:00,16458.0,16749.0,16362.0,16410.0,293877.0
2016-08-10 00:00:00+09:00,16507.0,17039.0,16458.0,16846.0,267971.0
2016-08-11 00:00:00+09:00,16894.0,17185.0,16652.0,16991.0,257306.0
2016-08-12 00:00:00+09:00,17427.0,17572.0,17233.0,17524.0,473899.0
2016-08-16 00:00:00+09:00,17523.0,17718.0,17523.0,17718.0,557109.0
2016-08-17 00:00:00+09:00,18201.0,18395.0,17281.0,17379.0,764375.0
2016-08-18 00:00:00+09:00,17523.0,17669.0,17281.0,17524.0,337234.0
2016-08-19 00:00:00+09:00,17427.0,17959.0,17330.0,17379.0,372173.0
2016-08-22 00:00:00+09:00,17427.0,18104.0,17427.0,17718.0,561602.0
2016-08-23 00:00:00+09:00,17862.0,17911.0,17185.0,17379.0,275892.0
2016-08-24 00:00:00+09:00,17620.0,17765.0,17281.0,17621.0,191742.0
2016-08-25 00:00:00+09:00,17523.0,17717.0,17378.0,17475.0,181508.0
2016-08-26 00:00:00+09:00,17427.0,17572.0,17281.0,17379.0,117884.0
2016-08-29 00:00:00+09:00,17185.0,17330.0,16555.0,16653.0,294390.0
2016-08-30 00:00:00+09:00,16846.0,17620.0,16700.0,17427.0,396183.0
2016-08-31 00:00:00+09:00,17330.0,17475.0,17039.0,17427.0,203154.0
2016-09-01 00:00:00+09:00,17233.0,17330.0,16797.0,16895.0,309909.0
2016-09-02 00:00:00+09:00,16700.0,16846.0,16071.0,16507.0,523582.0
2016-09-05 00:00:00+09:00,16313.0,16458.0,16023.0,16314.0,397689.0
2016-09-06 00:00:00+09:00,16265.0,16555.0,16216.0,16410.0,197166.0
2016-09-07 00:00:00+09:00,16458.0,16507.0,15974.0,15975.0,193398.0
2016-09-08 00:00:00+09:00,15974.0,16313.0,15684.0,15878.0,187908.0
2016-09-09 00:00:00+09:00,15732.0,15877.0,15006.0,15830.0,288097.0
2016-09-12 00:00:00+09:00,15297.0,15781.0,15103.0,15103.0,230769.0
2016-09-13 00:00:00+09:00,15442.0,15684.0,15151.0,15297.0,174588.0
2016-09-19 00:00:00+09:00,15200.0,15877.0,15103.0,15781.0,223096.0
2016-09-20 00:00:00+09:00,15684.0,15781.0,15297.0,15781.0,162214.0
2016-09-21 00:00:00+09:00,15732.0,16120.0,15587.0,15975.0,142034.0
2016-09-22 00:00:00+09:00,16120.0,16217.0,16120.0,16217.0,167887.0
2016-09-23 00:00:00+09:00,16216.0,16313.0,15926.0,15926.0,124350.0
2016-09-26 00:00:00+09:00,15926.0,15926.0,15442.0,15781.0,206714.0
2016-09-27 00:00:00+09:00,15829.0,16216.0,15781.0,15975.0,138435.0
2016-09-28 00:00:00+09:00,16023.0,16168.0,15829.0,15878.0,89638.0
2016-09-29 00:00:00+09:00,16071.0,16168.0,15781.0,15975.0,188546.0
2016-09-30 00:00:00+09:00,15829.0,15926.0,15393.0,15442.0,235715.0
2016-10-04 00:00:00+09:00,15781.0,16991.0,15732.0,16895.0,790944.0
2016-10-05 00:00:00+09:00,16894.0,16894.0,16604.0,16846.0,301896.0
2016-10-06 00:00:00+09:00,16894.0,17523.0,16555.0,16653.0,627029.0
2016-10-07 00:00:00+09:00,16846.0,17185.0,16555.0,16653.0,375243.0
2016-10-10 00:00:00+09:00,16749.0,17378.0,16700.0,16846.0,389246.0
2016-10-11 00:00:00+09:00,16894.0,17136.0,16749.0,16991.0,172079.0
2016-10-12 00:00:00+09:00,16942.0,17136.0,16797.0,16798.0,147147.0
2016-10-13 00:00:00+09:00,16846.0,16846.0,16120.0,16168.0,227406.0
2016-10-14 00:00:00+09:00,16168.0,16555.0,16071.0,16459.0,175942.0
2016-10-17 00:00:00+09:00,16604.0,16846.0,16313.0,16410.0,155548.0
2016-10-18 00:00:00+09:00,16458.0,16507.0,15829.0,16023.0,221954.0
2016-10-19 00:00:00+09:00,16168.0,16410.0,15926.0,16217.0,170504.0
2016-10-20 00:00:00+09:00,16313.0,17136.0,16265.0,16749.0,490970.0
2016-10-21 00:00:00+09:00,16652.0,16652.0,16120.0,16120.0,201051.0
2016-10-24 00:00:00+09:00,16216.0,16265.0,15635.0,15733.0,268902.0
2016-10-25 00:00:00+09:00,15829.0,16120.0,15635.0,16023.0,219021.0
2016-10-26 00:00:00+09:00,15926.0,16023.0,15393.0,15781.0,207055.0
2016-10-27 00:00:00+09:00,15781.0,16071.0,15732.0,16023.0,112852.0
2016-10-28 00:00:00+09:00,16120.0,16168.0,15587.0,16023.0,142966.0
2016-10-31 00:00:00+09:00,15781.0,15877.0,15345.0,15588.0,171321.0
2016-11-01 00:00:00+09:00,15539.0,15926.0,15393.0,15830.0,126793.0
2016-11-02 00:00:00+09:00,15732.0,15829.0,14861.0,14861.0,324227.0
2016-11-03 00:00:00+09:00,14861.0,15248.0,14812.0,15200.0,167111.0
2016-11-04 00:00:00+09:00,15200.0,15490.0,14958.0,15200.0,95307.0
2016-11-07 00:00:00+09:00,15539.0,15974.0,15248.0,15878.0,213620.0
2016-11-08 00:00:00+09:00,16071.0,16071.0,14716.0,14861.0,590212.0
2016-11-09 00:00:00+09:00,15006.0,15103.0,12973.0,13603.0,897039.0
2016-11-10 00:00:00+09:00,13893.0,13893.0,12150.0,12489.0,1649435.0
2016-11-11 00:00:00+09:00,12489.0,12925.0,12295.0,12296.0,799019.0
2016-11-14 00:00:00+09:00,12537.0,12634.0,12295.0,12441.0,406994.0
2016-11-15 00:00:00+09:00,12344.0,12440.0,11956.0,12054.0,511618.0
2016-11-16 00:00:00+09:00,12198.0,12392.0,12150.0,12296.0,391414.0
2016-11-17 00:00:00+09:00,12440.0,12973.0,12295.0,12925.0,575587.0
2016-11-18 00:00:00+09:00,12973.0,12973.0,12392.0,12538.0,333288.0
2016-11-21 00:00:00+09:00,12392.0,12392.0,11956.0,12005.0,237877.0
2016-11-22 00:00:00+09:00,12053.0,12198.0,11279.0,11376.0,588935.0
2016-11-23 00:00:00+09:00,11569.0,11714.0,11279.0,11376.0,340445.0
2016-11-24 00:00:00+09:00,11521.0,11763.0,11133.0,11134.0,472583.0
2016-11-25 00:00:00+09:00,11279.0,11860.0,11182.0,11715.0,384318.0
2016-11-28 00:00:00+09:00,11860.0,11956.0,11375.0,11424.0,237048.0
2016-11-29 00:00:00+09:00,11424.0,11812.0,11424.0,11812.0,174242.0
2016-11-30 00:00:00+09:00,11811.0,11811.0,11424.0,11618.0,147720.0
2016-12-01 00:00:00+09:00,11763.0,11860.0,11521.0,11521.0,136573.0
2016-12-02 00:00:00+09:00,11472.0,11521.0,11182.0,11231.0,154990.0
2016-12-05 00:00:00+09:00,11085.0,11182.0,10795.0,10989.0,210962.0
2016-12-06 00:00:00+09:00,11037.0,11763.0,11037.0,11521.0,328763.0
2016-12-07 00:00:00+09:00,11666.0,11763.0,11230.0,11328.0,152162.0
2016-12-08 00:00:00+09:00,11521.0,12295.0,11472.0,12199.0,496890.0
2016-12-09 00:00:00+09:00,12198.0,12344.0,12005.0,12247.0,216421.0
2016-12-12 00:00:00+09:00,12537.0,12877.0,12537.0,12877.0,479045.0
2016-12-13 00:00:00+09:00,12779.0,12925.0,12489.0,12828.0,249687.0
2016-12-14 00:00:00+09:00,12973.0,13021.0,12537.0,12731.0,242488.0
2016-12-15 00:00:00+09:00,12731.0,13651.0,12731.0,13264.0,792653.0
2016-12-16 00:00:00+09:00,13409.0,13554.0,13070.0,13409.0,385268.0
2016-12-19 00:00:00+09:00,13409.0,13457.0,13070.0,13409.0,185134.0
2016-12-20 00:00:00+09:00,13360.0,13457.0,13167.0,13264.0,105871.0
2016-12-21 00:00:00+09:00,13312.0,13651.0,13263.0,13506.0,248254.0
2016-12-22 00:00:00+09:00,13505.0,13554.0,12683.0,12973.0,577299.0
2016-12-23 00:00:00+09:00,12828.0,13409.0,12731.0,13119.0,270423.0
2016-12-26 00:00:00+09:00,13118.0,13215.0,12779.0,13070.0,107957.0
2016-12-27 00:00:00+09:00,13118.0,13505.0,12973.0,13458.0,214669.0
2016-12-28 00:00:00+09:00,13457.0,13651.0,13360.0,13506.0,174440.0
2016-12-29 00:00:00+09:00,13457.0,13651.0,13312.0,13506.0,181778.0
2017-01-02 00:00:00+09:00,12925.0,13070.0,12392.0,12393.0,646882.0
2017-01-03 00:00:00+09:00,12537.0,12779.0,12392.0,12586.0,327433.0
2017-01-04 00:00:00+09:00,12634.0,12779.0,12198.0,12296.0,308171.0
2017-01-05 00:00:00+09:00,12392.0,12586.0,12198.0,12586.0,166312.0
2017-01-06 00:00:00+09:00,12634.0,12683.0,12440.0,12586.0,107246.0
2017-01-09 00:00:00+09:00,12489.0,12537.0,12053.0,12151.0,301303.0
2017-01-10 00:00:00+09:00,12247.0,12295.0,11811.0,11908.0,263853.0
2017-01-11 00:00:00+09:00,11860.0,12198.0,11860.0,11908.0,229687.0
2017-01-12 00:00:00+09:00,11956.0,12102.0,11618.0,12102.0,216365.0
2017-01-13 00:00:00+09:00,12150.0,12392.0,12005.0,12247.0,153524.0
2017-01-16 00:00:00+09:00,12295.0,12344.0,11811.0,11860.0,166452.0
2017-01-17 00:00:00+09:00,11908.0,12005.0,11666.0,11763.0,242710.0
2017-01-18 00:00:00+09:00,11763.0,12586.0,11763.0,12441.0,583574.0
2017-01-19 00:00:00+09:00,12392.0,12489.0,12150.0,12199.0,242484.0
2017-01-20 00:00:00+09:00,12198.0,12198.0,11908.0,12005.0,171814.0
2017-01-23 00:00:00+09:00,11956.0,12247.0,11860.0,11908.0,157023.0
2017-01-24 00:00:00+09:00,11956.0,12102.0,11714.0,12005.0,114552.0
2017-01-25 00:00:00+09:00,12198.0,12247.0,11908.0,12005.0,151768.0
2017-01-26 00:00:00+09:00,12053.0,12344.0,11908.0,12199.0,145016.0
2017-01-31 00:00:00+09:00,12198.0,12295.0,12005.0,12199.0,130024.0
2017-02-01 00:00:00+09:00,12247.0,13941.0,12247.0,13845.0,1520311.0
2017-02-02 00:00:00+09:00,13941.0,14425.0,13699.0,13990.0,948706.0
2017-02-03 00:00:00+09:00,13990.0,14232.0,13748.0,14232.0,381941.0
2017-02-06 00:00:00+09:00,14280.0,14764.0,14135.0,14232.0,493169.0
2017-02-07 00:00:00+09:00,14280.0,14667.0,14038.0,14281.0,332297.0
2017-02-08 00:00:00+09:00,14425.0,14425.0,13554.0,13893.0,534256.0
2017-02-09 00:00:00+09:00,13844.0,14328.0,13699.0,14232.0,367640.0
2017-02-10 00:00:00+09:00,14377.0,14570.0,13990.0,14038.0,299501.0
2017-02-13 00:00:00+09:00,14183.0,14232.0,13699.0,13796.0,247240.0
2017-02-14 00:00:00+09:00,13844.0,14474.0,13844.0,14329.0,409463.0
2017-02-15 00:00:00+09:00,14328.0,14377.0,14038.0,14135.0,231164.0
2017-02-16 00:00:00+09:00,14280.0,14716.0,14086.0,14329.0,381958.0
2017-02-17 00:00:00+09:00,14619.0,15103.0,14425.0,14910.0,857182.0
2017-02-20 00:00:00+09:00,14812.0,15103.0,14570.0,14958.0,349034.0
2017-02-21 00:00:00+09:00,14958.0,15103.0,14619.0,14813.0,313965.0
2017-02-22 00:00:00+09:00,14861.0,14909.0,14522.0,14571.0,196021.0
2017-02-23 00:00:00+09:00,14522.0,14958.0,14474.0,14474.0,297723.0
2017-02-24 00:00:00+09:00,14474.0,14667.0,14183.0,14281.0,241345.0
2017-02-27 00:00:00+09:00,14425.0,15006.0,14377.0,14813.0,379761.0
2017-02-28 00:00:00+09:00,14716.0,14861.0,14328.0,14813.0,280999.0
2017-03-02 00:00:00+09:00,14958.0,15006.0,14474.0,14716.0,239335.0
2017-03-03 00:00:00+09:00,14716.0,14764.0,13941.0,13942.0,431675.0
2017-03-06 00:00:00+09:00,13602.0,14183.0,13312.0,14135.0,428873.0
2017-03-07 00:00:00+09:00,14135.0,14377.0,13990.0,14184.0,140513.0
2017-03-08 00:00:00+09:00,14232.0,14570.0,13990.0,14523.0,282797.0
2017-03-09 00:00:00+09:00,14522.0,14667.0,14183.0,14474.0,179308.0
2017-03-10 00:00:00+09:00,14425.0,14571.0,14425.0,14571.0,219545.0
2017-03-13 00:00:00+09:00,14522.0,15103.0,14474.0,14668.0,484548.0
2017-03-14 00:00:00+09:00,14716.0,14812.0,14377.0,14426.0,181765.0
2017-03-15 00:00:00+09:00,14474.0,14619.0,14135.0,14281.0,158328.0
2017-03-16 00:00:00+09:00,14377.0,14474.0,14232.0,14377.0,187009.0
2017-03-17 00:00:00+09:00,14619.0,15684.0,14570.0,15588.0,1468654.0
2017-03-20 00:00:00+09:00,15781.0,15974.0,15393.0,15733.0,712948.0
2017-03-21 00:00:00+09:00,15732.0,16071.0,15490.0,15830.0,494604.0
2017-03-22 00:00:00+09:00,15635.0,16458.0,15587.0,15926.0,764294.0
2017-03-23 00:00:00+09:00,15926.0,16168.0,15635.0,16023.0,323140.0
2017-03-24 00:00:00+09:00,16071.0,16410.0,15877.0,16217.0,296709.0
2017-03-27 00:00:00+09:00,16749.0,17039.0,16023.0,16072.0,589993.0
2017-03-28 00:00:00+09:00,15974.0,16604.0,15781.0,16459.0,398374.0
2017-03-29 00:00:00+09:00,16604.0,16797.0,16168.0,16459.0,219449.0
2017-03-30 00:00:00+09:00,16362.0,16410.0,15974.0,16168.0,224376.0
2017-03-31 00:00:00+09:00,16216.0,16555.0,16023.0,16410.0,279138.0
2017-04-03 00:00:00+09:00,16555.0,16555.0,16216.0,16410.0,204118.0
2017-04-04 00:00:00+09:00,16749.0,17088.0,16555.0,16798.0,522777.0
2017-04-05 00:00:00+09:00,16894.0,17233.0,16749.0,16798.0,301846.0
2017-04-06 00:00:00+09:00,16797.0,17088.0,16652.0,17040.0,185132.0
2017-04-07 00:00:00+09:00,16942.0,17136.0,16652.0,16895.0,160169.0
2017-04-10 00:00:00+09:00,16846.0,16846.0,16120.0,16314.0,381873.0
2017-04-11 00:00:00+09:00,16265.0,16700.0,15974.0,16459.0,212248.0
2017-04-12 00:00:00+09:00,16604.0,16700.0,16410.0,16653.0,176191.0
2017-04-13 00:00:00+09:00,16604.0,17040.0,16604.0,17040.0,374931.0
2017-04-14 00:00:00+09:00,16894.0,17185.0,16797.0,16895.0,298404.0
2017-04-17 00:00:00+09:00,16991.0,17039.0,16507.0,16798.0,282043.0
2017-04-18 00:00:00+09:00,16942.0,16942.0,16507.0,16749.0,159572.0
2017-04-19 00:00:00+09:00,16652.0,16797.0,16458.0,16556.0,217701.0
2017-04-20 00:00:00+09:00,16507.0,17088.0,16410.0,16749.0,370109.0
2017-04-21 00:00:00+09:00,16846.0,16846.0,16458.0,16507.0,144670.0
2017-04-24 00:00:00+09:00,16507.0,16555.0,15684.0,16023.0,496503.0
2017-04-25 00:00:00+09:00,15926.0,16265.0,15926.0,16217.0,136624.0
2017-04-26 00:00:00+09:00,16362.0,16410.0,16071.0,16072.0,156901.0
2017-04-27 00:00:00+09:00,16120.0,16458.0,16023.0,16217.0,157918.0
2017-04-28 00:00:00+09:00,16168.0,16458.0,16023.0,16314.0,167145.0
2017-05-02 00:00:00+09:00,16313.0,17427.0,16313.0,16846.0,885359.0
2017-05-04 00:00:00+09:00,16749.0,17136.0,16749.0,16943.0,243130.0
2017-05-08 00:00:00+09:00,17088.0,17572.0,16942.0,17427.0,499084.0
2017-05-10 00:00:00+09:00,17475.0,18685.0,17378.0,18492.0,1501803.0
2017-05-11 00:00:00+09:00,18492.0,19121.0,18443.0,18734.0,783303.0
2017-05-12 00:00:00+09:00,18734.0,19653.0,18734.0,19460.0,776930.0
2017-05-15 00:00:00+09:00,19653.0,20089.0,19024.0,19412.0,590335.0
2017-05-16 00:00:00+09:00,19895.0,20960.0,19314.0,20670.0,1160911.0
2017-05-17 00:00:00+09:00,20525.0,21638.0,20476.0,21155.0,600877.0
2017-05-18 00:00:00+09:00,20525.0,21396.0,20476.0,21251.0,471055.0
2017-05-19 00:00:00+09:00,21106.0,21493.0,20767.0,21106.0,317183.0
2017-05-22 00:00:00+09:00,21106.0,22122.0,20864.0,21735.0,400638.0
2017-05-23 00:00:00+09:00,21735.0,22364.0,21251.0,21590.0,445594.0
2017-05-24 00:00:00+09:00,21687.0,22364.0,21154.0,22171.0,529193.0
2017-05-25 00:00:00+09:00,22025.0,22413.0,21735.0,21832.0,294546.0
2017-05-26 00:00:00+09:00,21832.0,22122.0,21444.0,21881.0,262327.0
2017-05-29 00:00:00+09:00,22025.0,22897.0,21783.0,22462.0,417254.0
2017-05-30 00:00:00+09:00,22316.0,22945.0,22074.0,22365.0,267817.0
2017-05-31 00:00:00+09:00,22219.0,22800.0,21735.0,21881.0,367037.0
2017-06-01 00:00:00+09:00,21880.0,22122.0,21299.0,21977.0,303691.0
2017-06-02 00:00:00+09:00,22025.0,22025.0,21299.0,21735.0,267571.0
2017-06-05 00:00:00+09:00,21832.0,22316.0,21541.0,21590.0,238646.0
2017-06-07 00:00:00+09:00,21638.0,22994.0,21493.0,22946.0,575368.0
2017-06-08 00:00:00+09:00,23187.0,23187.0,22461.0,22510.0,428989.0
2017-06-09 00:00:00+09:00,22606.0,22751.0,22074.0,22219.0,278078.0
2017-06-12 00:00:00+09:00,21977.0,22025.0,21202.0,21300.0,447074.0
2017-06-13 00:00:00+09:00,21251.0,22267.0,21202.0,21590.0,444989.0
2017-06-14 00:00:00+09:00,21977.0,23671.0,21638.0,23623.0,984190.0
2017-06-15 00:00:00+09:00,23865.0,25608.0,23720.0,25414.0,1221799.0
2017-06-16 00:00:00+09:00,25850.0,27980.0,25511.0,26431.0,1507530.0
2017-06-19 00:00:00+09:00,26334.0,27253.0,26043.0,26818.0,579279.0
2017-06-20 00:00:00+09:00,27447.0,27447.0,25656.0,25802.0,607779.0
2017-06-21 00:00:00+09:00,25511.0,27883.0,25317.0,27786.0,880059.0
2017-06-22 00:00:00+09:00,28367.0,28561.0,26769.0,27206.0,703371.0
2017-06-23 00:00:00+09:00,27496.0,27980.0,27108.0,27786.0,330717.0
2017-06-26 00:00:00+09:00,28028.0,31755.0,27980.0,31127.0,1622406.0
2017-06-27 00:00:00+09:00,30981.0,32627.0,30303.0,31514.0,790700.0
2017-06-28 00:00:00+09:00,30981.0,32578.0,30836.0,31175.0,732727.0
2017-06-29 00:00:00+09:00,31901.0,31901.0,29771.0,30497.0,786780.0
2017-06-30 00:00:00+09:00,29577.0,30981.0,29480.0,30933.0,539872.0
2017-07-03 00:00:00+09:00,31417.0,31465.0,29238.0,29723.0,594053.0
2017-07-04 00:00:00+09:00,29480.0,30690.0,28899.0,29723.0,574475.0
2017-07-05 00:00:00+09:00,30013.0,30836.0,29722.0,30207.0,470910.0
2017-07-06 00:00:00+09:00,28899.0,31223.0,27786.0,30255.0,1805816.0
2017-07-07 00:00:00+09:00,30497.0,33837.0,30497.0,33450.0,1824348.0
2017-07-10 00:00:00+09:00,33208.0,36596.0,32094.0,34854.0,1964820.0
2017-07-11 00:00:00+09:00,34757.0,36451.0,33934.0,35048.0,1419165.0
2017-07-12 00:00:00+09:00,34612.0,36451.0,34563.0,35290.0,1195793.0
2017-07-13 00:00:00+09:00,35725.0,36500.0,34805.0,35048.0,875635.0
2017-07-14 00:00:00+09:00,34854.0,35967.0,34176.0,35822.0,747597.0
2017-07-17 00:00:00+09:00,36209.0,41196.0,36209.0,41196.0,1641281.0
2017-07-18 00:00:00+09:00,41195.0,43470.0,38049.0,39066.0,2729812.0
2017-07-19 00:00:00+09:00,38678.0,39598.0,36596.0,38340.0,2044501.0
2017-07-20 00:00:00+09:00,38629.0,38726.0,37274.0,37759.0,1170085.0
2017-07-21 00:00:00+09:00,36742.0,38291.0,36064.0,36500.0,1843664.0
2017-07-24 00:00:00+09:00,37950.0,41700.0,37600.0,40500.0,2256640.0
2017-07-25 00:00:00+09:00,41150.0,41150.0,38750.0,38850.0,935346.0
2017-07-26 00:00:00+09:00,39350.0,39350.0,35500.0,36750.0,1420978.0
2017-07-27 00:00:00+09:00,36400.0,38450.0,35750.0,37250.0,1239300.0
2017-07-28 00:00:00+09:00,37050.0,37900.0,36100.0,36850.0,711501.0
2017-07-31 00:00:00+09:00,36050.0,37650.0,35700.0,37450.0,624265.0
2017-08-01 00:00:00+09:00,37700.0,38050.0,37000.0,37050.0,399345.0
2017-08-02 00:00:00+09:00,36800.0,38950.0,36800.0,38850.0,765726.0
2017-08-03 00:00:00+09:00,39800.0,39900.0,38050.0,39100.0,870249.0
2017-08-04 00:00:00+09:00,39300.0,39900.0,38450.0,39800.0,784341.0
2017-08-07 00:00:00+09:00,40400.0,40600.0,38300.0,38300.0,741173.0
2017-08-08 00:00:00+09:00,38400.0,38600.0,36350.0,38050.0,823024.0
2017-08-09 00:00:00+09:00,37550.0,38000.0,35250.0,35250.0,857060.0
2017-08-10 00:00:00+09:00,34700.0,37100.0,34450.0,36300.0,1053816.0
2017-08-11 00:00:00+09:00,35300.0,36650.0,35300.0,36250.0,543165.0
2017-08-14 00:00:00+09:00,37100.0,37200.0,36000.0,36500.0,344234.0
2017-08-16 00:00:00+09:00,37100.0,39650.0,36400.0,39500.0,1231625.0
2017-08-17 00:00:00+09:00,40200.0,40900.0,39100.0,39300.0,1281985.0
2017-08-18 00:00:00+09:00,38750.0,39700.0,38100.0,38850.0,1290955.0
2017-08-21 00:00:00+09:00,38850.0,39400.0,37800.0,39000.0,1136346.0
2017-08-22 00:00:00+09:00,39050.0,39250.0,38350.0,38600.0,550622.0
2017-08-23 00:00:00+09:00,39050.0,42950.0,38350.0,42900.0,2811847.0
2017-08-24 00:00:00+09:00,42650.0,44700.0,42400.0,43250.0,1922584.0
2017-08-25 00:00:00+09:00,43000.0,44450.0,42300.0,42650.0,1181032.0
2017-08-28 00:00:00+09:00,42400.0,43200.0,40900.0,41050.0,1128289.0
2017-08-29 00:00:00+09:00,40350.0,41900.0,40050.0,41450.0,901339.0
2017-08-30 00:00:00+09:00,41700.0,41900.0,40200.0,40200.0,720281.0
2017-08-31 00:00:00+09:00,40750.0,42650.0,40700.0,40850.0,1172893.0
2017-09-01 00:00:00+09:00,41600.0,41650.0,39900.0,40350.0,673957.0
2017-09-04 00:00:00+09:00,39000.0,40300.0,38750.0,38900.0,814807.0
2017-09-05 00:00:00+09:00,39400.0,39800.0,38150.0,38800.0,549917.0
2017-09-06 00:00:00+09:00,38800.0,40600.0,38750.0,38800.0,698599.0
2017-09-07 00:00:00+09:00,39450.0,39950.0,38300.0,38500.0,651237.0
2017-09-08 00:00:00+09:00,38550.0,39450.0,38400.0,38650.0,576760.0
2017-09-11 00:00:00+09:00,39300.0,41400.0,38500.0,41300.0,1660406.0
2017-09-12 00:00:00+09:00,42000.0,42050.0,40450.0,40750.0,1047429.0
2017-09-13 00:00:00+09:00,40850.0,44800.0,40100.0,44250.0,2598597.0
2017-09-14 00:00:00+09:00,44850.0,45100.0,43000.0,43650.0,997354.0
2017-09-15 00:00:00+09:00,41550.0,42750.0,41000.0,41650.0,3016896.0
2017-09-18 00:00:00+09:00,41900.0,43300.0,41200.0,42400.0,1185602.0
2017-09-19 00:00:00+09:00,42100.0,43150.0,41500.0,42150.0,1315972.0
2017-09-20 00:00:00+09:00,42400.0,42450.0,39100.0,39300.0,1408858.0
2017-09-21 00:00:00+09:00,39100.0,39650.0,37150.0,37500.0,1695731.0
2017-09-22 00:00:00+09:00,37100.0,37850.0,34400.0,34600.0,1930316.0
2017-09-25 00:00:00+09:00,34200.0,36400.0,34200.0,35550.0,1253114.0
2017-09-26 00:00:00+09:00,35200.0,36050.0,34550.0,35000.0,604612.0
2017-09-27 00:00:00+09:00,35750.0,37400.0,35400.0,36600.0,803448.0
2017-09-28 00:00:00+09:00,36600.0,36600.0,35500.0,35500.0,497388.0
2017-09-29 00:00:00+09:00,35300.0,35950.0,33700.0,35050.0,1000628.0
2017-10-10 00:00:00+09:00,35400.0,36950.0,34550.0,35950.0,790786.0
2017-10-11 00:00:00+09:00,36150.0,36700.0,35750.0,36200.0,345392.0
2017-10-12 00:00:00+09:00,36050.0,36150.0,35200.0,35200.0,406622.0
2017-10-13 00:00:00+09:00,35250.0,36650.0,33800.0,34350.0,819422.0
2017-10-16 00:00:00+09:00,33700.0,33950.0,32500.0,33500.0,1114486.0
2017-10-17 00:00:00+09:00,33850.0,35900.0,33850.0,34750.0,852353.0
2017-10-18 00:00:00+09:00,34750.0,35600.0,33950.0,34300.0,360306.0
2017-10-19 00:00:00+09:00,34350.0,35950.0,34250.0,34950.0,633768.0
2017-10-20 00:00:00+09:00,35200.0,35900.0,34800.0,35000.0,376900.0
2017-10-23 00:00:00+09:00,35150.0,35850.0,34300.0,35700.0,426233.0
2017-10-24 00:00:00+09:00,35600.0,35650.0,34400.0,34400.0,497036.0
2017-10-25 00:00:00+09:00,34200.0,34900.0,33300.0,33400.0,650460.0
2017-10-26 00:00:00+09:00,33700.0,34500.0,32700.0,32950.0,688274.0
2017-10-27 00:00:00+09:00,32950.0,33700.0,32800.0,33300.0,628034.0
2017-10-30 00:00:00+09:00,33300.0,33550.0,31300.0,31450.0,805507.0
2017-10-31 00:00:00+09:00,31650.0,32400.0,30750.0,32250.0,759917.0
2017-11-01 00:00:00+09:00,32700.0,33500.0,32150.0,33400.0,580092.0
2017-11-02 00:00:00+09:00,33450.0,35600.0,33200.0,34350.0,1401510.0
2017-11-03 00:00:00+09:00,33700.0,34150.0,31650.0,32600.0,1318484.0
2017-11-06 00:00:00+09:00,31800.0,32050.0,31200.0,31250.0,717752.0
2017-11-07 00:00:00+09:00,31500.0,32150.0,31300.0,31850.0,520348.0
2017-11-08 00:00:00+09:00,33100.0,33700.0,32100.0,33350.0,1003664.0
2017-11-09 00:00:00+09:00,33950.0,38300.0,33700.0,38150.0,3742627.0
2017-11-10 00:00:00+09:00,38000.0,39400.0,37300.0,38300.0,1831045.0
2017-11-13 00:00:00+09:00,38650.0,38650.0,36500.0,37000.0,1182425.0
2017-11-14 00:00:00+09:00,37700.0,37950.0,36250.0,37200.0,1112545.0
2017-11-15 00:00:00+09:00,36600.0,36600.0,35400.0,36300.0,1291136.0
2017-11-16 00:00:00+09:00,36400.0,38200.0,35850.0,38000.0,1631541.0
2017-11-17 00:00:00+09:00,38450.0,40300.0,36750.0,36800.0,1907411.0
2017-11-20 00:00:00+09:00,37150.0,38200.0,36600.0,37700.0,660353.0
2017-11-21 00:00:00+09:00,37750.0,39150.0,37250.0,38300.0,1085520.0
2017-11-22 00:00:00+09:00,38500.0,40900.0,37900.0,40500.0,2272059.0
2017-11-23 00:00:00+09:00,41050.0,41200.0,39500.0,40550.0,1101472.0
2017-11-24 00:00:00+09:00,40800.0,42100.0,40200.0,41100.0,1161365.0
2017-11-27 00:00:00+09:00,41700.0,42900.0,40500.0,41100.0,1101495.0
2017-11-28 00:00:00+09:00,40700.0,40700.0,38500.0,38800.0,1209530.0
2017-11-29 00:00:00+09:00,38900.0,40200.0,38900.0,39900.0,637692.0
2017-11-30 00:00:00+09:00,39300.0,39700.0,38450.0,39700.0,662840.0
2017-12-01 00:00:00+09:00,39700.0,40200.0,38700.0,39450.0,507342.0
2017-12-04 00:00:00+09:00,39150.0,39250.0,37050.0,37150.0,750347.0
2017-12-05 00:00:00+09:00,37300.0,37850.0,36500.0,36500.0,375192.0
2017-12-06 00:00:00+09:00,36850.0,37600.0,36000.0,36150.0,334828.0
2017-12-07 00:00:00+09:00,36200.0,36800.0,34750.0,36800.0,465932.0
2017-12-08 00:00:00+09:00,36550.0,36750.0,35700.0,35700.0,269027.0
2017-12-11 00:00:00+09:00,35500.0,37700.0,34950.0,36950.0,523038.0
2017-12-12 00:00:00+09:00,37400.0,37500.0,36300.0,36350.0,257774.0
2017-12-13 00:00:00+09:00,36750.0,37350.0,36350.0,36950.0,229015.0
2017-12-14 00:00:00+09:00,37250.0,37950.0,36850.0,37950.0,480933.0
2017-12-15 00:00:00+09:00,37650.0,37950.0,36900.0,37100.0,239001.0
2017-12-18 00:00:00+09:00,37000.0,37950.0,36200.0,36250.0,367880.0
2017-12-19 00:00:00+09:00,36350.0,37150.0,35350.0,35650.0,376323.0
2017-12-20 00:00:00+09:00,35500.0,36450.0,35250.0,35700.0,301630.0
2017-12-21 00:00:00+09:00,35700.0,36050.0,34350.0,34400.0,390108.0
2017-12-22 00:00:00+09:00,34500.0,36300.0,34200.0,36100.0,471425.0
2017-12-26 00:00:00+09:00,36050.0,36700.0,35650.0,35900.0,572967.0
2017-12-27 00:00:00+09:00,36100.0,38650.0,36000.0,38100.0,731996.0
2017-12-28 00:00:00+09:00,38000.0,39000.0,37650.0,38300.0,442295.0
2018-01-02 00:00:00+09:00,38600.0,39000.0,38150.0,38650.0,391848.0
2018-01-03 00:00:00+09:00,39350.0,39400.0,37500.0,37750.0,495149.0
2018-01-04 00:00:00+09:00,37550.0,38300.0,36800.0,36900.0,438890.0
2018-01-05 00:00:00+09:00,37250.0,38450.0,37050.0,37650.0,380245.0
2018-01-08 00:00:00+09:00,37750.0,37900.0,36250.0,36700.0,477595.0
2018-01-09 00:00:00+09:00,36700.0,37150.0,35950.0,36250.0,360829.0
2018-01-10 00:00:00+09:00,36400.0,36700.0,35450.0,36000.0,293119.0
2018-01-11 00:00:00+09:00,36050.0,37850.0,35750.0,37000.0,520936.0
2018-01-12 00:00:00+09:00,37450.0,37600.0,36000.0,37100.0,460434.0
2018-01-15 00:00:00+09:00,37000.0,38400.0,36700.0,37900.0,573937.0
2018-01-16 00:00:00+09:00,38100.0,41300.0,37550.0,40300.0,1923143.0
2018-01-17 00:00:00+09:00,40400.0,41050.0,39600.0,40150.0,680907.0
2018-01-18 00:00:00+09:00,40750.0,40850.0,39050.0,39350.0,606988.0
2018-01-19 00:00:00+09:00,39450.0,39500.0,37200.0,37700.0,844140.0
2018-01-22 00:00:00+09:00,37700.0,37900.0,36150.0,37850.0,340791.0
2018-01-23 00:00:00+09:00,38000.0,38450.0,37550.0,38250.0,371527.0
2018-01-24 00:00:00+09:00,38350.0,39800.0,38300.0,38750.0,599870.0
2018-01-25 00:00:00+09:00,38900.0,39200.0,38300.0,38850.0,321905.0
2018-01-26 00:00:00+09:00,38700.0,39700.0,38700.0,39400.0,365140.0
2018-01-29 00:00:00+09:00,40000.0,40200.0,39300.0,39450.0,511411.0
2018-01-30 00:00:00+09:00,39650.0,39650.0,38350.0,38400.0,402661.0
2018-01-31 00:00:00+09:00,37700.0,39150.0,37350.0,38850.0,323348.0
2018-02-01 00:00:00+09:00,39050.0,39050.0,37950.0,38850.0,263043.0
2018-02-02 00:00:00+09:00,38750.0,38850.0,36750.0,37050.0,576359.0
2018-02-05 00:00:00+09:00,35800.0,36600.0,35400.0,35450.0,534040.0
2018-02-06 00:00:00+09:00,33000.0,35500.0,32250.0,34950.0,820719.0
2018-02-07 00:00:00+09:00,35800.0,35800.0,33500.0,33500.0,424947.0
2018-02-08 00:00:00+09:00,33300.0,34150.0,32700.0,33400.0,563865.0
2018-02-09 00:00:00+09:00,32150.0,32500.0,31550.0,32350.0,598755.0
2018-02-12 00:00:00+09:00,32750.0,33350.0,32250.0,32450.0,391796.0
2018-02-13 00:00:00+09:00,32750.0,32950.0,31950.0,31950.0,266283.0
2018-02-14 00:00:00+09:00,32050.0,33250.0,31800.0,33150.0,238330.0
2018-02-19 00:00:00+09:00,34150.0,34600.0,33600.0,34450.0,308846.0
2018-02-20 00:00:00+09:00,34700.0,34850.0,33500.0,33800.0,242247.0
2018-02-21 00:00:00+09:00,33650.0,34400.0,33400.0,34000.0,186556.0
2018-02-22 00:00:00+09:00,33200.0,33750.0,33100.0,33500.0,159689.0
2018-02-23 00:00:00+09:00,33800.0,34300.0,33700.0,34200.0,171983.0
2018-02-26 00:00:00+09:00,34500.0,34500.0,33650.0,33800.0,147298.0
2018-02-27 00:00:00+09:00,34300.0,34450.0,33750.0,33850.0,163756.0
2018-02-28 00:00:00+09:00,33450.0,33900.0,32200.0,32600.0,428006.0
2018-03-02 00:00:00+09:00,32000.0,33200.0,31950.0,32950.0,236899.0
2018-03-05 00:00:00+09:00,32700.0,33300.0,32100.0,32150.0,195010.0
2018-03-06 00:00:00+09:00,32500.0,35550.0,32500.0,34750.0,654988.0
2018-03-07 00:00:00+09:00,34500.0,35100.0,33650.0,34050.0,412525.0
2018-03-08 00:00:00+09:00,34400.0,35650.0,34400.0,35350.0,423771.0
2018-03-09 00:00:00+09:00,35450.0,35900.0,35100.0,35700.0,494275.0
2018-03-12 00:00:00+09:00,36050.0,36300.0,35450.0,35800.0,438807.0
2018-03-13 00:00:00+09:00,35600.0,36100.0,34850.0,35400.0,336263.0
2018-03-14 00:00:00+09:00,35050.0,37750.0,35000.0,37550.0,814312.0
2018-03-15 00:00:00+09:00,37600.0,38750.0,37100.0,38100.0,548540.0
2018-03-16 00:00:00+09:00,38000.0,38150.0,37350.0,37900.0,287786.0
2018-03-19 00:00:00+09:00,37450.0,38800.0,37300.0,37600.0,393303.0
2018-03-20 00:00:00+09:00,37050.0,38450.0,37050.0,38150.0,348542.0
2018-03-21 00:00:00+09:00,38300.0,38550.0,37700.0,37700.0,351483.0
2018-03-22 00:00:00+09:00,37750.0,39150.0,37600.0,38300.0,707925.0
2018-03-23 00:00:00+09:00,37000.0,38150.0,36900.0,36900.0,575858.0
2018-03-26 00:00:00+09:00,37050.0,38800.0,36550.0,38700.0,522918.0
2018-03-27 00:00:00+09:00,39250.0,39250.0,38300.0,38500.0,403893.0
2018-03-28 00:00:00+09:00,37900.0,37950.0,36650.0,37000.0,510633.0
2018-03-29 00:00:00+09:00,36450.0,36850.0,34700.0,36850.0,830842.0
2018-03-30 00:00:00+09:00,37300.0,37500.0,36550.0,37300.0,302689.0
2018-04-02 00:00:00+09:00,38000.0,38900.0,36850.0,37300.0,410463.0
2018-04-03 00:00:00+09:00,36500.0,37050.0,36000.0,36500.0,347386.0
2018-04-04 00:00:00+09:00,36700.0,36900.0,34350.0,34600.0,485930.0
2018-04-05 00:00:00+09:00,35050.0,35600.0,34650.0,34700.0,302201.0
2018-04-06 00:00:00+09:00,34700.0,35100.0,34000.0,34950.0,186767.0
2018-04-09 00:00:00+09:00,34500.0,34800.0,33700.0,34200.0,363825.0
2018-04-10 00:00:00+09:00,33800.0,34800.0,33800.0,34350.0,218129.0
2018-04-11 00:00:00+09:00,34550.0,35200.0,34050.0,34700.0,347466.0
2018-04-12 00:00:00+09:00,34750.0,34950.0,34250.0,34850.0,354836.0
2018-04-13 00:00:00+09:00,35300.0,36450.0,34900.0,36200.0,438599.0
2018-04-16 00:00:00+09:00,36200.0,36850.0,36050.0,36750.0,265085.0
2018-04-17 00:00:00+09:00,36750.0,38100.0,36600.0,36950.0,534392.0
2018-04-18 00:00:00+09:00,36950.0,37150.0,35600.0,36150.0,312036.0
2018-04-19 00:00:00+09:00,35950.0,36500.0,35950.0,36050.0,179681.0
2018-04-20 00:00:00+09:00,35800.0,36450.0,34950.0,35400.0,205723.0
2018-04-23 00:00:00+09:00,35200.0,36300.0,35200.0,35750.0,182913.0
2018-04-24 00:00:00+09:00,35800.0,35900.0,34400.0,34600.0,226503.0
2018-04-25 00:00:00+09:00,34350.0,34650.0,33600.0,33800.0,239512.0
2018-04-26 00:00:00+09:00,34050.0,34650.0,33750.0,33900.0,179787.0
2018-04-27 00:00:00+09:00,34150.0,34250.0,33350.0,33550.0,208774.0
2018-04-30 00:00:00+09:00,33950.0,33950.0,32300.0,33450.0,360724.0
2018-05-02 00:00:00+09:00,33500.0,33500.0,32600.0,32850.0,192936.0
2018-05-03 00:00:00+09:00,32800.0,33700.0,32800.0,33050.0,117023.0
2018-05-04 00:00:00+09:00,32800.0,32900.0,31700.0,31850.0,336433.0
2018-05-08 00:00:00+09:00,32000.0,33350.0,31500.0,31900.0,305547.0
2018-05-09 00:00:00+09:00,31900.0,34450.0,31800.0,34050.0,407762.0
2018-05-10 00:00:00+09:00,34050.0,34400.0,33550.0,34150.0,162396.0
2018-05-11 00:00:00+09:00,34150.0,34550.0,33700.0,33850.0,130219.0
2018-05-14 00:00:00+09:00,33600.0,34750.0,33600.0,34350.0,254509.0
2018-05-15 00:00:00+09:00,34350.0,34550.0,33250.0,33400.0,164579.0
2018-05-16 00:00:00+09:00,32650.0,33200.0,31800.0,32400.0,204852.0
2018-05-17 00:00:00+09:00,32400.0,34150.0,32400.0,33100.0,208622.0
2018-05-18 00:00:00+09:00,33600.0,34250.0,33500.0,33800.0,183239.0
2018-05-21 00:00:00+09:00,34250.0,35100.0,33750.0,34550.0,272212.0
2018-05-23 00:00:00+09:00,35100.0,36200.0,33600.0,33950.0,513713.0
2018-05-24 00:00:00+09:00,34200.0,34200.0,33100.0,33550.0,165966.0
2018-05-25 00:00:00+09:00,33600.0,34250.0,33100.0,34000.0,137487.0
2018-05-28 00:00:00+09:00,33550.0,35300.0,33150.0,35050.0,366211.0
2018-05-29 00:00:00+09:00,35400.0,35600.0,34500.0,34900.0,179390.0
2018-05-30 00:00:00+09:00,34850.0,35250.0,33800.0,34800.0,196650.0
2018-05-31 00:00:00+09:00,35200.0,35200.0,34350.0,34650.0,257453.0
2018-06-01 00:00:00+09:00,34550.0,37200.0,34550.0,36950.0,865379.0
2018-06-04 00:00:00+09:00,37350.0,39700.0,37050.0,38650.0,1329804.0
2018-06-05 00:00:00+09:00,39200.0,39900.0,38200.0,38350.0,588141.0
2018-06-07 00:00:00+09:00,39200.0,40800.0,39150.0,40250.0,986997.0
2018-06-08 00:00:00+09:00,40200.0,40650.0,39550.0,39900.0,335763.0
2018-06-11 00:00:00+09:00,39600.0,40600.0,39400.0,40250.0,327362.0
2018-06-12 00:00:00+09:00,40500.0,41650.0,40100.0,41350.0,699148.0
2018-06-14 00:00:00+09:00,41350.0,44050.0,41200.0,42850.0,1260328.0
2018-06-15 00:00:00+09:00,43400.0,44300.0,41000.0,42300.0,925475.0
2018-06-18 00:00:00+09:00,41800.0,42050.0,38850.0,40150.0,914715.0
2018-06-19 00:00:00+09:00,40050.0,40650.0,38250.0,38350.0,575564.0
2018-06-20 00:00:00+09:00,38650.0,41750.0,38400.0,41750.0,777967.0
2018-06-21 00:00:00+09:00,41800.0,43100.0,40500.0,41250.0,736385.0
2018-06-22 00:00:00+09:00,40800.0,41950.0,39650.0,41900.0,393603.0
2018-06-25 00:00:00+09:00,42450.0,42700.0,41300.0,41800.0,408362.0
2018-06-26 00:00:00+09:00,41000.0,44400.0,40800.0,44400.0,919747.0
2018-06-27 00:00:00+09:00,44500.0,45250.0,43100.0,43200.0,636199.0
2018-06-28 00:00:00+09:00,42950.0,44250.0,41650.0,42700.0,529349.0
2018-06-29 00:00:00+09:00,42700.0,43000.0,40750.0,42350.0,538082.0
2018-07-02 00:00:00+09:00,41700.0,43650.0,41700.0,42150.0,576291.0
2018-07-03 00:00:00+09:00,43050.0,43950.0,41000.0,42400.0,776251.0
2018-07-04 00:00:00+09:00,42000.0,42400.0,40500.0,40800.0,507564.0
2018-07-05 00:00:00+09:00,40850.0,41300.0,39800.0,40850.0,341220.0
2018-07-06 00:00:00+09:00,40950.0,42750.0,40250.0,42600.0,443946.0
2018-07-09 00:00:00+09:00,42950.0,44350.0,42900.0,43500.0,586412.0
2018-07-10 00:00:00+09:00,44200.0,44800.0,43200.0,43650.0,378406.0
2018-07-11 00:00:00+09:00,43200.0,47100.0,42900.0,46700.0,1366214.0
2018-07-12 00:00:00+09:00,47600.0,49950.0,47200.0,49950.0,1456020.0
2018-07-13 00:00:00+09:00,50600.0,51300.0,48450.0,49600.0,983389.0
2018-07-16 00:00:00+09:00,50400.0,52900.0,49600.0,50500.0,990050.0
2018-07-17 00:00:00+09:00,51100.0,52400.0,49850.0,50300.0,515183.0
2018-07-18 00:00:00+09:00,51500.0,51800.0,48750.0,49400.0,584849.0
2018-07-19 00:00:00+09:00,49650.0,54400.0,49650.0,53200.0,1826315.0
2018-07-20 00:00:00+09:00,53000.0,53800.0,51200.0,53200.0,785609.0
2018-07-23 00:00:00+09:00,53000.0,53400.0,49900.0,50500.0,867404.0
2018-07-24 00:00:00+09:00,50100.0,52400.0,49200.0,51400.0,654553.0
2018-07-25 00:00:00+09:00,51700.0,54700.0,51300.0,52200.0,877760.0
2018-07-26 00:00:00+09:00,53200.0,54500.0,51500.0,54300.0,587701.0
2018-07-27 00:00:00+09:00,54400.0,57700.0,54000.0,55900.0,933410.0
2018-07-30 00:00:00+09:00,56000.0,57300.0,54300.0,55300.0,700350.0
2018-07-31 00:00:00+09:00,54500.0,55800.0,51900.0,53100.0,846701.0
2018-08-01 00:00:00+09:00,53500.0,54200.0,51500.0,53600.0,726587.0
2018-08-02 00:00:00+09:00,53600.0,55600.0,52400.0,54100.0,777286.0
2018-08-03 00:00:00+09:00,55000.0,55100.0,53800.0,54200.0,237871.0
2018-08-06 00:00:00+09:00,54300.0,54400.0,51700.0,51800.0,394624.0
2018-08-07 00:00:00+09:00,51900.0,52900.0,50700.0,52000.0,510545.0
2018-08-08 00:00:00+09:00,52400.0,52500.0,50500.0,50500.0,420510.0
2018-08-09 00:00:00+09:00,50400.0,51500.0,49650.0,50400.0,483232.0
2018-08-10 00:00:00+09:00,50000.0,50400.0,48250.0,48950.0,569761.0
2018-08-13 00:00:00+09:00,48000.0,49550.0,47350.0,49000.0,484888.0
2018-08-14 00:00:00+09:00,49500.0,49950.0,47400.0,48700.0,380548.0
2018-08-16 00:00:00+09:00,47850.0,52300.0,47700.0,52100.0,698581.0
2018-08-17 00:00:00+09:00,52700.0,52800.0,50900.0,52100.0,441615.0
2018-08-20 00:00:00+09:00,51700.0,52700.0,50700.0,51600.0,283958.0
2018-08-21 00:00:00+09:00,52200.0,54400.0,52100.0,52900.0,601329.0
2018-08-22 00:00:00+09:00,53400.0,53500.0,52200.0,52200.0,260720.0
2018-08-23 00:00:00+09:00,52300.0,53300.0,51100.0,52600.0,414184.0
2018-08-24 00:00:00+09:00,56400.0,57300.0,53900.0,54800.0,1628869.0
2018-08-27 00:00:00+09:00,54800.0,59200.0,54400.0,58700.0,1328341.0
2018-08-28 00:00:00+09:00,58700.0,60100.0,57200.0,57500.0,754571.0
2018-08-29 00:00:00+09:00,58100.0,59300.0,57000.0,58300.0,425466.0
2018-08-30 00:00:00+09:00,58400.0,59700.0,57100.0,58000.0,508498.0
2018-08-31 00:00:00+09:00,56800.0,56900.0,53900.0,55400.0,3975818.0
2018-09-03 00:00:00+09:00,55600.0,56000.0,54400.0,54700.0,839840.0
2018-09-04 00:00:00+09:00,54900.0,58200.0,54500.0,57900.0,1365634.0
2018-09-05 00:00:00+09:00,57900.0,59200.0,57200.0,58000.0,723744.0
2018-09-06 00:00:00+09:00,58500.0,58500.0,56500.0,57200.0,457533.0
2018-09-07 00:00:00+09:00,57100.0,58400.0,55200.0,56600.0,705710.0
2018-09-10 00:00:00+09:00,56500.0,57300.0,55500.0,56300.0,384605.0
2018-09-11 00:00:00+09:00,56500.0,59200.0,56500.0,57800.0,777820.0
2018-09-12 00:00:00+09:00,57700.0,58100.0,55000.0,55600.0,764917.0
2018-09-13 00:00:00+09:00,55000.0,56700.0,54900.0,55200.0,342330.0
2018-09-14 00:00:00+09:00,55600.0,56500.0,54600.0,55500.0,418185.0
2018-09-17 00:00:00+09:00,55200.0,56000.0,54200.0,55200.0,320988.0
2018-09-18 00:00:00+09:00,54800.0,57000.0,54700.0,56700.0,446938.0
2018-09-19 00:00:00+09:00,57200.0,57500.0,55800.0,56100.0,293956.0
2018-09-20 00:00:00+09:00,56300.0,56500.0,54300.0,54600.0,446819.0
2018-09-21 00:00:00+09:00,54900.0,55200.0,53200.0,53600.0,563008.0
2018-09-27 00:00:00+09:00,53600.0,55300.0,53300.0,55100.0,387123.0
2018-09-28 00:00:00+09:00,55300.0,55900.0,53100.0,53500.0,456189.0
2018-10-01 00:00:00+09:00,53500.0,54500.0,53000.0,53500.0,389426.0
2018-10-02 00:00:00+09:00,54000.0,55300.0,51800.0,51900.0,460179.0
2018-10-04 00:00:00+09:00,52300.0,52900.0,51200.0,52000.0,318151.0
2018-10-05 00:00:00+09:00,51800.0,51900.0,48900.0,49800.0,615349.0
2018-10-08 00:00:00+09:00,49000.0,51100.0,48950.0,49750.0,299899.0
2018-10-10 00:00:00+09:00,50100.0,50400.0,47500.0,48300.0,486239.0
2018-10-11 00:00:00+09:00,46000.0,47200.0,45700.0,45700.0,555407.0
2018-10-12 00:00:00+09:00,46000.0,49600.0,45950.0,48900.0,672473.0
2018-10-15 00:00:00+09:00,49750.0,50800.0,48450.0,48650.0,504643.0
2018-10-16 00:00:00+09:00,49300.0,49850.0,48700.0,49150.0,321436.0
2018-10-17 00:00:00+09:00,50400.0,50800.0,47300.0,48700.0,558554.0
2018-10-18 00:00:00+09:00,48750.0,48800.0,46900.0,47350.0,355241.0
2018-10-19 00:00:00+09:00,46400.0,48650.0,46200.0,48600.0,410847.0
2018-10-22 00:00:00+09:00,48250.0,51400.0,47650.0,51300.0,551826.0
2018-10-23 00:00:00+09:00,51000.0,51300.0,47800.0,48150.0,653061.0
2018-10-24 00:00:00+09:00,49000.0,49300.0,46300.0,46600.0,457592.0
2018-10-25 00:00:00+09:00,44550.0,48300.0,44550.0,47350.0,605476.0
2018-10-26 00:00:00+09:00,47850.0,47900.0,43600.0,45250.0,588648.0
2018-10-29 00:00:00+09:00,45500.0,46150.0,42000.0,42800.0,638612.0
2018-10-30 00:00:00+09:00,42000.0,45400.0,41500.0,45050.0,623534.0
2018-10-31 00:00:00+09:00,45400.0,45650.0,43900.0,45450.0,308552.0
2018-11-01 00:00:00+09:00,45900.0,47700.0,45600.0,46150.0,508278.0
2018-11-02 00:00:00+09:00,47100.0,47950.0,46400.0,47750.0,449144.0
2018-11-05 00:00:00+09:00,47650.0,47650.0,46650.0,47350.0,227321.0
2018-11-06 00:00:00+09:00,47800.0,48750.0,46500.0,47400.0,364955.0
2018-11-07 00:00:00+09:00,47850.0,47900.0,46000.0,46350.0,311531.0
2018-11-08 00:00:00+09:00,47250.0,49450.0,47200.0,48150.0,522484.0
2018-11-09 00:00:00+09:00,48500.0,48550.0,46350.0,46750.0,359953.0
2018-11-12 00:00:00+09:00,46100.0,47200.0,45500.0,46400.0,229471.0
2018-11-13 00:00:00+09:00,45350.0,49050.0,44550.0,48800.0,503206.0
2018-11-14 00:00:00+09:00,48650.0,50400.0,48100.0,49000.0,559025.0
2018-11-15 00:00:00+09:00,48550.0,49450.0,47500.0,48850.0,372590.0
2018-11-16 00:00:00+09:00,49150.0,49800.0,48050.0,48350.0,283991.0
2018-11-19 00:00:00+09:00,49000.0,50400.0,48900.0,49450.0,422654.0
2018-11-20 00:00:00+09:00,48600.0,49200.0,47400.0,47750.0,406460.0
2018-11-21 00:00:00+09:00,46950.0,47650.0,45350.0,47550.0,534394.0
2018-11-22 00:00:00+09:00,47550.0,47550.0,45250.0,45700.0,577296.0
2018-11-23 00:00:00+09:00,45700.0,45800.0,40000.0,40950.0,3009075.0
2018-11-26 00:00:00+09:00,40600.0,41800.0,40400.0,41600.0,873709.0
2018-11-27 00:00:00+09:00,41950.0,42250.0,40300.0,41400.0,662533.0
2018-11-28 00:00:00+09:00,41100.0,41150.0,37500.0,37850.0,2514559.0
2018-11-29 00:00:00+09:00,38300.0,38700.0,37500.0,37600.0,1148952.0
2018-11-30 00:00:00+09:00,37800.0,39300.0,37600.0,38550.0,1342338.0
2018-12-03 00:00:00+09:00,39150.0,39850.0,38600.0,39600.0,642435.0
2018-12-04 00:00:00+09:00,39600.0,39800.0,38700.0,39550.0,509539.0
2018-12-05 00:00:00+09:00,38600.0,39900.0,38600.0,39300.0,383130.0
2018-12-06 00:00:00+09:00,39200.0,39300.0,37750.0,37750.0,385308.0
2018-12-07 00:00:00+09:00,38250.0,38950.0,38000.0,38650.0,308563.0
2018-12-10 00:00:00+09:00,37950.0,38000.0,35750.0,36000.0,659456.0
2018-12-11 00:00:00+09:00,36300.0,36900.0,35800.0,35800.0,402364.0
2018-12-12 00:00:00+09:00,35850.0,38250.0,35850.0,38200.0,643683.0
2018-12-13 00:00:00+09:00,38300.0,39000.0,37650.0,38300.0,413692.0
2018-12-14 00:00:00+09:00,38300.0,38300.0,36350.0,36700.0,415555.0
2018-12-17 00:00:00+09:00,36400.0,37200.0,36100.0,37000.0,278393.0
2018-12-18 00:00:00+09:00,36350.0,37400.0,36250.0,37200.0,251470.0
2018-12-19 00:00:00+09:00,37700.0,40450.0,37700.0,39800.0,1097628.0
2018-12-20 00:00:00+09:00,39300.0,40150.0,38600.0,39350.0,606335.0
2018-12-21 00:00:00+09:00,39700.0,41800.0,39600.0,41100.0,975757.0
2018-12-24 00:00:00+09:00,40950.0,41150.0,39850.0,40400.0,418404.0
2018-12-26 00:00:00+09:00,39350.0,40450.0,38600.0,39850.0,518797.0
2018-12-27 00:00:00+09:00,40950.0,41150.0,39700.0,40050.0,402725.0
2018-12-28 00:00:00+09:00,40450.0,41200.0,39650.0,41000.0,361070.0
2019-01-02 00:00:00+09:00,41300.0,41400.0,39050.0,39400.0,401371.0
2019-01-03 00:00:00+09:00,39800.0,39850.0,36900.0,37900.0,620309.0
2019-01-04 00:00:00+09:00,37450.0,38000.0,36350.0,37450.0,506921.0
2019-01-07 00:00:00+09:00,38300.0,39950.0,38250.0,39650.0,569644.0
2019-01-08 00:00:00+09:00,39850.0,39850.0,38550.0,38750.0,234486.0
2019-01-09 00:00:00+09:00,39000.0,40100.0,38700.0,39900.0,329253.0
2019-01-10 00:00:00+09:00,39650.0,40650.0,39250.0,40050.0,284479.0
2019-01-11 00:00:00+09:00,40350.0,41000.0,39500.0,39700.0,300713.0
2019-01-14 00:00:00+09:00,39200.0,39450.0,38600.0,39000.0,220569.0
2019-01-15 00:00:00+09:00,38800.0,40700.0,38800.0,40300.0,413733.0
2019-01-16 00:00:00+09:00,40600.0,40700.0,39850.0,40300.0,199416.0
2019-01-17 00:00:00+09:00,40350.0,40550.0,37900.0,37950.0,706940.0
2019-01-18 00:00:00+09:00,38400.0,38950.0,37550.0,37800.0,494506.0
2019-01-21 00:00:00+09:00,38100.0,38250.0,37300.0,37550.0,303446.0
2019-01-22 00:00:00+09:00,37850.0,39650.0,37850.0,38150.0,623386.0
2019-01-23 00:00:00+09:00,38000.0,39050.0,37750.0,38350.0,301133.0
2019-01-24 00:00:00+09:00,38350.0,39050.0,37950.0,38500.0,261797.0
2019-01-25 00:00:00+09:00,38600.0,41650.0,38600.0,41350.0,1175167.0
2019-01-28 00:00:00+09:00,41900.0,42700.0,41050.0,41750.0,615134.0
2019-01-29 00:00:00+09:00,41750.0,42350.0,40500.0,41250.0,386331.0
2019-01-30 00:00:00+09:00,41300.0,41650.0,40250.0,40500.0,378278.0
2019-01-31 00:00:00+09:00,41000.0,41350.0,40300.0,40550.0,233285.0
2019-02-01 00:00:00+09:00,40750.0,41800.0,40700.0,41200.0,389763.0
2019-02-07 00:00:00+09:00,41850.0,43500.0,41500.0,43350.0,686054.0
2019-02-08 00:00:00+09:00,42800.0,43450.0,42500.0,42950.0,378837.0
2019-02-11 00:00:00+09:00,43300.0,43350.0,42250.0,42600.0,263874.0
2019-02-12 00:00:00+09:00,42650.0,43850.0,42600.0,42950.0,380524.0
2019-02-13 00:00:00+09:00,43200.0,43400.0,42150.0,42800.0,339311.0
2019-02-14 00:00:00+09:00,42500.0,43800.0,42100.0,43800.0,431325.0
2019-02-15 00:00:00+09:00,43800.0,43900.0,42300.0,42700.0,387936.0
2019-02-18 00:00:00+09:00,43100.0,43800.0,42900.0,43750.0,381017.0
2019-02-19 00:00:00+09:00,43800.0,44800.0,42900.0,44500.0,463567.0
2019-02-20 00:00:00+09:00,44600.0,44750.0,43250.0,43450.0,326195.0
2019-02-21 00:00:00+09:00,43950.0,45150.0,43700.0,43800.0,580923.0
2019-02-22 00:00:00+09:00,43550.0,43650.0,41900.0,42050.0,643285.0
2019-02-25 00:00:00+09:00,41950.0,42650.0,41200.0,42550.0,325606.0
2019-02-26 00:00:00+09:00,42550.0,42600.0,41500.0,41550.0,304988.0
2019-02-27 00:00:00+09:00,41350.0,42100.0,41350.0,41750.0,168241.0
2019-02-28 00:00:00+09:00,42250.0,42500.0,40750.0,40750.0,349506.0
2019-03-04 00:00:00+09:00,41000.0,41500.0,40800.0,40950.0,233384.0
2019-03-05 00:00:00+09:00,41200.0,41200.0,39000.0,39350.0,546737.0
2019-03-06 00:00:00+09:00,39500.0,40500.0,39300.0,39500.0,303998.0
2019-03-07 00:00:00+09:00,39200.0,39500.0,38000.0,38400.0,783528.0
2019-03-08 00:00:00+09:00,39100.0,40200.0,39050.0,39200.0,654822.0
2019-03-11 00:00:00+09:00,38750.0,39500.0,37800.0,39300.0,302276.0
2019-03-12 00:00:00+09:00,39850.0,40100.0,39300.0,39450.0,229733.0
2019-03-13 00:00:00+09:00,39300.0,39900.0,39050.0,39450.0,182909.0
2019-03-14 00:00:00+09:00,39900.0,40450.0,39700.0,40250.0,313920.0
2019-03-15 00:00:00+09:00,40200.0,40600.0,39750.0,40100.0,203279.0
2019-03-18 00:00:00+09:00,39950.0,40050.0,39600.0,39700.0,201128.0
2019-03-19 00:00:00+09:00,39700.0,40300.0,39400.0,39500.0,210840.0
2019-03-20 00:00:00+09:00,39400.0,39600.0,38500.0,39150.0,255670.0
2019-03-21 00:00:00+09:00,39850.0,42400.0,39850.0,41550.0,1281314.0
2019-03-22 00:00:00+09:00,42000.0,42000.0,40650.0,40800.0,385046.0
2019-03-25 00:00:00+09:00,39900.0,40000.0,38800.0,38900.0,450679.0
2019-03-26 00:00:00+09:00,38950.0,39500.0,38700.0,39000.0,177722.0
2019-03-27 00:00:00+09:00,39050.0,39250.0,38150.0,38900.0,239161.0
2019-03-28 00:00:00+09:00,38550.0,38600.0,36500.0,36950.0,553025.0
2019-03-29 00:00:00+09:00,36950.0,37600.0,35900.0,37100.0,349783.0
2019-04-01 00:00:00+09:00,37200.0,37950.0,37200.0,37400.0,208455.0
2019-04-02 00:00:00+09:00,37500.0,37750.0,37300.0,37350.0,160300.0
2019-04-03 00:00:00+09:00,37400.0,38250.0,37100.0,38200.0,254153.0
2019-04-04 00:00:00+09:00,38400.0,38500.0,37850.0,37950.0,188527.0
2019-04-05 00:00:00+09:00,38050.0,38300.0,37100.0,37500.0,237286.0
2019-04-08 00:00:00+09:00,37500.0,38500.0,37500.0,38050.0,246319.0
2019-04-09 00:00:00+09:00,38950.0,39200.0,38350.0,38400.0,268027.0
2019-04-10 00:00:00+09:00,38400.0,38400.0,37150.0,37950.0,281052.0
2019-04-11 00:00:00+09:00,38000.0,38750.0,38000.0,38400.0,237884.0
2019-04-12 00:00:00+09:00,38650.0,39450.0,38450.0,39100.0,411251.0
2019-04-15 00:00:00+09:00,39400.0,39650.0,38750.0,38950.0,249415.0
2019-04-16 00:00:00+09:00,38800.0,38800.0,38000.0,38750.0,243113.0
2019-04-17 00:00:00+09:00,38450.0,39350.0,38450.0,38600.0,189047.0
2019-04-18 00:00:00+09:00,39200.0,40150.0,38550.0,38550.0,523886.0
2019-04-19 00:00:00+09:00,39050.0,39450.0,38950.0,39150.0,157930.0
2019-04-22 00:00:00+09:00,39450.0,39550.0,38650.0,38950.0,223275.0
2019-04-23 00:00:00+09:00,38900.0,39350.0,38550.0,39000.0,133665.0
2019-04-24 00:00:00+09:00,39200.0,39250.0,38000.0,38050.0,227258.0
2019-04-25 00:00:00+09:00,38050.0,38100.0,37300.0,37350.0,243209.0
2019-04-26 00:00:00+09:00,37350.0,37600.0,36700.0,36950.0,196344.0
2019-04-29 00:00:00+09:00,36950.0,37600.0,36800.0,37600.0,173600.0
2019-04-30 00:00:00+09:00,37650.0,37650.0,36900.0,37300.0,136480.0
2019-05-02 00:00:00+09:00,37050.0,38050.0,37050.0,38000.0,145787.0
2019-05-03 00:00:00+09:00,37900.0,38800.0,37850.0,38400.0,169615.0
2019-05-07 00:00:00+09:00,37900.0,37950.0,37000.0,37450.0,155864.0
2019-05-08 00:00:00+09:00,36800.0,36900.0,36150.0,36250.0,351159.0
2019-05-09 00:00:00+09:00,36150.0,36250.0,33300.0,33400.0,827363.0
2019-05-10 00:00:00+09:00,33000.0,34150.0,32800.0,33250.0,375277.0
2019-05-13 00:00:00+09:00,32850.0,33500.0,32350.0,32500.0,271848.0
2019-05-14 00:00:00+09:00,31650.0,34000.0,31550.0,33100.0,368708.0
2019-05-15 00:00:00+09:00,33500.0,34450.0,33300.0,34350.0,185511.0
2019-05-16 00:00:00+09:00,34700.0,34700.0,33100.0,33350.0,226435.0
2019-05-17 00:00:00+09:00,33450.0,33650.0,32150.0,32300.0,213059.0
2019-05-20 00:00:00+09:00,32000.0,32550.0,31100.0,31250.0,372294.0
2019-05-21 00:00:00+09:00,31000.0,32250.0,30950.0,31800.0,240547.0
2019-05-22 00:00:00+09:00,32300.0,32550.0,31750.0,32050.0,115827.0
2019-05-23 00:00:00+09:00,31850.0,32450.0,31550.0,31950.0,107606.0
2019-05-24 00:00:00+09:00,31700.0,32700.0,31700.0,32050.0,164689.0
2019-05-27 00:00:00+09:00,32000.0,33350.0,31950.0,32900.0,262190.0
2019-05-28 00:00:00+09:00,32450.0,33300.0,32450.0,32950.0,211865.0
2019-05-29 00:00:00+09:00,32950.0,33200.0,31650.0,32100.0,171507.0
2019-05-30 00:00:00+09:00,32150.0,35000.0,32150.0,34850.0,953582.0
2019-05-31 00:00:00+09:00,34550.0,35200.0,34250.0,34750.0,233598.0
2019-06-03 00:00:00+09:00,34450.0,36650.0,34200.0,36600.0,534878.0
2019-06-04 00:00:00+09:00,36650.0,37850.0,36550.0,36950.0,467814.0
2019-06-05 00:00:00+09:00,37650.0,37850.0,36200.0,36500.0,364361.0
2019-06-07 00:00:00+09:00,36550.0,37250.0,36150.0,36950.0,268506.0
2019-06-10 00:00:00+09:00,37500.0,37550.0,36250.0,36600.0,242167.0
2019-06-11 00:00:00+09:00,36650.0,37200.0,35500.0,36200.0,405709.0
2019-06-12 00:00:00+09:00,35950.0,36000.0,35350.0,35450.0,291539.0
2019-06-13 00:00:00+09:00,35450.0,38250.0,35400.0,36650.0,1254161.0
2019-06-14 00:00:00+09:00,36800.0,36900.0,35550.0,35800.0,471098.0
2019-06-17 00:00:00+09:00,36000.0,36150.0,35400.0,35600.0,250763.0
2019-06-18 00:00:00+09:00,35300.0,36300.0,35250.0,36050.0,275401.0
2019-06-19 00:00:00+09:00,36900.0,36900.0,35800.0,35950.0,241582.0
2019-06-20 00:00:00+09:00,36000.0,36950.0,35950.0,36600.0,228744.0
2019-06-21 00:00:00+09:00,36550.0,36850.0,36200.0,36400.0,148919.0
2019-06-24 00:00:00+09:00,36600.0,36700.0,35800.0,35800.0,156960.0
2019-06-25 00:00:00+09:00,36550.0,38000.0,36500.0,37150.0,771055.0
2019-06-26 00:00:00+09:00,36900.0,37150.0,36100.0,36350.0,280267.0
2019-06-27 00:00:00+09:00,36450.0,37150.0,36300.0,36850.0,328733.0
2019-06-28 00:00:00+09:00,36600.0,37600.0,36600.0,37350.0,398168.0
2019-07-01 00:00:00+09:00,37950.0,39150.0,37500.0,39050.0,693773.0
2019-07-02 00:00:00+09:00,39050.0,39650.0,38400.0,39150.0,357256.0
2019-07-03 00:00:00+09:00,39800.0,40500.0,39600.0,40150.0,782206.0
2019-07-04 00:00:00+09:00,40200.0,40650.0,39700.0,40400.0,376465.0
2019-07-05 00:00:00+09:00,40400.0,40400.0,38950.0,39150.0,363117.0
2019-07-08 00:00:00+09:00,39150.0,39150.0,38250.0,38500.0,472381.0
2019-07-09 00:00:00+09:00,38550.0,38900.0,36850.0,37750.0,459520.0
2019-07-10 00:00:00+09:00,38000.0,38450.0,36800.0,37900.0,382748.0
2019-07-11 00:00:00+09:00,38100.0,39000.0,37700.0,38900.0,401888.0
2019-07-12 00:00:00+09:00,38900.0,40800.0,38600.0,40400.0,664299.0
2019-07-15 00:00:00+09:00,40550.0,41000.0,39600.0,41000.0,443890.0
2019-07-16 00:00:00+09:00,41000.0,41450.0,39750.0,40150.0,408372.0
2019-07-17 00:00:00+09:00,40100.0,40800.0,39850.0,40300.0,316962.0
2019-07-18 00:00:00+09:00,39850.0,41250.0,39850.0,40400.0,341878.0
2019-07-19 00:00:00+09:00,40750.0,41500.0,40500.0,40500.0,240033.0
2019-07-22 00:00:00+09:00,40850.0,40850.0,39850.0,40200.0,174239.0
2019-07-23 00:00:00+09:00,40300.0,41150.0,39400.0,39650.0,338142.0
2019-07-24 00:00:00+09:00,39850.0,40900.0,39700.0,39850.0,252394.0
2019-07-25 00:00:00+09:00,39750.0,40100.0,37850.0,38150.0,548726.0
2019-07-26 00:00:00+09:00,37450.0,38350.0,37000.0,37950.0,361417.0
2019-07-29 00:00:00+09:00,38000.0,38150.0,36550.0,36650.0,294496.0
2019-07-30 00:00:00+09:00,36650.0,37350.0,36500.0,36600.0,197166.0
2019-07-31 00:00:00+09:00,36900.0,37850.0,35200.0,37600.0,407511.0
2019-08-01 00:00:00+09:00,37450.0,37650.0,36650.0,36650.0,176917.0
2019-08-02 00:00:00+09:00,35550.0,37300.0,35500.0,36700.0,199211.0
2019-08-05 00:00:00+09:00,36350.0,36850.0,35250.0,35600.0,453860.0
2019-08-06 00:00:00+09:00,34450.0,35850.0,33200.0,34300.0,466927.0
2019-08-07 00:00:00+09:00,34450.0,35900.0,34400.0,35650.0,397572.0
2019-08-08 00:00:00+09:00,36600.0,37800.0,36000.0,37800.0,408375.0
2019-08-09 00:00:00+09:00,37850.0,38250.0,37500.0,37950.0,150938.0
2019-08-12 00:00:00+09:00,37950.0,39700.0,37750.0,39100.0,360451.0
2019-08-13 00:00:00+09:00,38800.0,38900.0,38050.0,38250.0,201990.0
2019-08-14 00:00:00+09:00,39250.0,40000.0,38400.0,39700.0,413565.0
2019-08-16 00:00:00+09:00,39650.0,42300.0,39550.0,41050.0,1366764.0
2019-08-19 00:00:00+09:00,41600.0,41850.0,40050.0,40500.0,472943.0
2019-08-20 00:00:00+09:00,40700.0,41450.0,40600.0,40900.0,575010.0
2019-08-21 00:00:00+09:00,40900.0,41200.0,39800.0,40050.0,490383.0
2019-08-22 00:00:00+09:00,40300.0,41600.0,39750.0,41100.0,616529.0
2019-08-23 00:00:00+09:00,40800.0,43050.0,40700.0,42600.0,779229.0
2019-08-26 00:00:00+09:00,41950.0,43000.0,41550.0,42200.0,535148.0
2019-08-27 00:00:00+09:00,42950.0,43250.0,42400.0,42850.0,401421.0
2019-08-28 00:00:00+09:00,43150.0,44800.0,42950.0,43350.0,799508.0
2019-08-29 00:00:00+09:00,43900.0,44400.0,43100.0,43650.0,475263.0
2019-08-30 00:00:00+09:00,43700.0,43950.0,41900.0,42650.0,729132.0
2019-09-02 00:00:00+09:00,41900.0,42650.0,40450.0,42450.0,715677.0
2019-09-03 00:00:00+09:00,42400.0,42950.0,41450.0,41800.0,358859.0
2019-09-04 00:00:00+09:00,41700.0,42400.0,41600.0,42150.0,222507.0
2019-09-05 00:00:00+09:00,42450.0,42850.0,41650.0,41750.0,327443.0
2019-09-06 00:00:00+09:00,42150.0,42200.0,41200.0,41950.0,264121.0
2019-09-09 00:00:00+09:00,41950.0,42000.0,39800.0,40050.0,595121.0
2019-09-10 00:00:00+09:00,40350.0,40700.0,39400.0,39700.0,345063.0
2019-09-11 00:00:00+09:00,39900.0,40200.0,39250.0,40050.0,357430.0
2019-09-16 00:00:00+09:00,40300.0,41700.0,39750.0,41700.0,419941.0
2019-09-17 00:00:00+09:00,41800.0,41800.0,40950.0,41000.0,266870.0
2019-09-18 00:00:00+09:00,41100.0,41800.0,40950.0,41150.0,200751.0
2019-09-19 00:00:00+09:00,41450.0,42100.0,40650.0,40750.0,290518.0
2019-09-20 00:00:00+09:00,40750.0,40900.0,39900.0,40500.0,287843.0
2019-09-23 00:00:00+09:00,40250.0,40750.0,39700.0,39950.0,291749.0
2019-09-24 00:00:00+09:00,40000.0,40450.0,39750.0,40100.0,175150.0
2019-09-25 00:00:00+09:00,40100.0,40100.0,37200.0,37350.0,993179.0
2019-09-26 00:00:00+09:00,37650.0,38150.0,36900.0,37500.0,404926.0
2019-09-27 00:00:00+09:00,37750.0,37950.0,37200.0,37650.0,215056.0
2019-09-30 00:00:00+09:00,37150.0,38000.0,35950.0,37400.0,360277.0
2019-10-01 00:00:00+09:00,37100.0,38100.0,37100.0,37800.0,195825.0
2019-10-02 00:00:00+09:00,37500.0,37950.0,36850.0,37050.0,245215.0
2019-10-04 00:00:00+09:00,36900.0,36950.0,35600.0,35800.0,572031.0
2019-10-07 00:00:00+09:00,35700.0,36000.0,34650.0,35900.0,425512.0
2019-10-08 00:00:00+09:00,35800.0,37450.0,35600.0,36850.0,429027.0
2019-10-10 00:00:00+09:00,36500.0,36800.0,35950.0,36500.0,277576.0
2019-10-11 00:00:00+09:00,37200.0,37200.0,36300.0,36450.0,182258.0
2019-10-14 00:00:00+09:00,37050.0,37200.0,36550.0,36750.0,197222.0
2019-10-15 00:00:00+09:00,37000.0,37000.0,35750.0,36050.0,294400.0
2019-10-16 00:00:00+09:00,36350.0,37600.0,36350.0,37450.0,396862.0
2019-10-17 00:00:00+09:00,37500.0,37600.0,36400.0,36550.0,281373.0
2019-10-18 00:00:00+09:00,36500.0,37150.0,36000.0,36200.0,247805.0
2019-10-21 00:00:00+09:00,36150.0,36550.0,35900.0,36350.0,117084.0
2019-10-22 00:00:00+09:00,36550.0,36600.0,35850.0,36200.0,204136.0
2019-10-23 00:00:00+09:00,36250.0,36650.0,35850.0,35850.0,232687.0
2019-10-24 00:00:00+09:00,36800.0,37700.0,36350.0,36350.0,754763.0
2019-10-25 00:00:00+09:00,36650.0,36700.0,35900.0,35950.0,212002.0
2019-10-28 00:00:00+09:00,36000.0,38600.0,36000.0,38400.0,753308.0
2019-10-29 00:00:00+09:00,38850.0,38850.0,37900.0,38150.0,367395.0
2019-10-30 00:00:00+09:00,38050.0,38650.0,37700.0,38300.0,336467.0
2019-10-31 00:00:00+09:00,38650.0,39650.0,38000.0,39300.0,455467.0
2019-11-01 00:00:00+09:00,39700.0,39700.0,38950.0,39050.0,225842.0
2019-11-04 00:00:00+09:00,39300.0,39750.0,38950.0,39600.0,229667.0
2019-11-05 00:00:00+09:00,39750.0,40700.0,39600.0,39900.0,401436.0
2019-11-06 00:00:00+09:00,40250.0,40250.0,39250.0,39500.0,230052.0
2019-11-07 00:00:00+09:00,39450.0,39700.0,38500.0,38650.0,261681.0
2019-11-08 00:00:00+09:00,38950.0,41250.0,38950.0,41200.0,902548.0
2019-11-11 00:00:00+09:00,41150.0,42200.0,40850.0,41550.0,553849.0
2019-11-12 00:00:00+09:00,41650.0,41950.0,40250.0,40550.0,422848.0
2019-11-13 00:00:00+09:00,40800.0,41100.0,39750.0,40150.0,304676.0
2019-11-14 00:00:00+09:00,40400.0,40800.0,39750.0,39950.0,372605.0
2019-11-15 00:00:00+09:00,39750.0,39850.0,37800.0,38700.0,816815.0
2019-11-18 00:00:00+09:00,39050.0,39050.0,37850.0,38250.0,438137.0
2019-11-19 00:00:00+09:00,38300.0,39950.0,38200.0,39800.0,425398.0
2019-11-20 00:00:00+09:00,39800.0,40450.0,38600.0,38600.0,335316.0
2019-11-21 00:00:00+09:00,39100.0,39500.0,38000.0,38250.0,318601.0
2019-11-22 00:00:00+09:00,38250.0,39450.0,37950.0,38500.0,350343.0
2019-11-25 00:00:00+09:00,38900.0,39450.0,38550.0,39400.0,200201.0
2019-11-26 00:00:00+09:00,39500.0,40200.0,39050.0,40050.0,280998.0
2019-11-27 00:00:00+09:00,40050.0,40400.0,39300.0,39800.0,231281.0
2019-11-28 00:00:00+09:00,39200.0,40050.0,39150.0,39500.0,143123.0
2019-11-29 00:00:00+09:00,39750.0,39950.0,39100.0,39300.0,132306.0
2019-12-02 00:00:00+09:00,39500.0,40400.0,39350.0,40050.0,234228.0
2019-12-03 00:00:00+09:00,39650.0,39750.0,39100.0,39600.0,211774.0
2019-12-04 00:00:00+09:00,39200.0,39350.0,36450.0,36850.0,727280.0
2019-12-05 00:00:00+09:00,37050.0,37550.0,35900.0,36900.0,452303.0
2019-12-06 00:00:00+09:00,36900.0,38050.0,36900.0,37800.0,330680.0
2019-12-09 00:00:00+09:00,38100.0,38700.0,37650.0,37900.0,228307.0
2019-12-10 00:00:00+09:00,38500.0,38500.0,37600.0,38000.0,118831.0
2019-12-11 00:00:00+09:00,37850.0,39000.0,37850.0,38800.0,248543.0
2019-12-12 00:00:00+09:00,38850.0,39300.0,38800.0,39100.0,276808.0
2019-12-13 00:00:00+09:00,39600.0,40050.0,39300.0,39800.0,404568.0
2019-12-16 00:00:00+09:00,40100.0,40100.0,39500.0,39650.0,196970.0
2019-12-17 00:00:00+09:00,39850.0,40700.0,39650.0,40550.0,379288.0
2019-12-18 00:00:00+09:00,40500.0,40500.0,38850.0,39800.0,454432.0
2019-12-19 00:00:00+09:00,39750.0,39950.0,39350.0,39450.0,161199.0
2019-12-20 00:00:00+09:00,39650.0,39900.0,39000.0,39650.0,173108.0
2019-12-23 00:00:00+09:00,39650.0,39900.0,39000.0,39250.0,166186.0
2019-12-24 00:00:00+09:00,39350.0,39600.0,39000.0,39450.0,194430.0
2019-12-26 00:00:00+09:00,39600.0,40250.0,39350.0,40250.0,203945.0
2019-12-27 00:00:00+09:00,41000.0,41800.0,40550.0,41700.0,499407.0
2019-12-30 00:00:00+09:00,41900.0,43650.0,41900.0,42750.0,555607.0
2020-01-02 00:00:00+09:00,43500.0,43650.0,42600.0,43000.0,321068.0
2020-01-03 00:00:00+09:00,43200.0,43250.0,41700.0,41750.0,425663.0
2020-01-06 00:00:00+09:00,41000.0,42000.0,40800.0,41850.0,296900.0
2020-01-07 00:00:00+09:00,42200.0,42550.0,41700.0,41700.0,271418.0
2020-01-08 00:00:00+09:00,41150.0,41500.0,40550.0,40750.0,378881.0
2020-01-09 00:00:00+09:00,41750.0,43100.0,41550.0,42850.0,601337.0
2020-01-10 00:00:00+09:00,43050.0,45700.0,43000.0,45500.0,1123255.0
2020-01-13 00:00:00+09:00,46000.0,47850.0,45900.0,46750.0,930296.0
2020-01-14 00:00:00+09:00,47450.0,48800.0,46400.0,46750.0,708074.0
2020-01-15 00:00:00+09:00,47350.0,47550.0,46550.0,46950.0,346781.0
2020-01-16 00:00:00+09:00,47050.0,48350.0,46650.0,48350.0,456658.0
2020-01-17 00:00:00+09:00,48850.0,49550.0,47650.0,47750.0,502630.0
2020-01-20 00:00:00+09:00,48200.0,50000.0,47800.0,49100.0,627951.0
2020-01-21 00:00:00+09:00,49300.0,49800.0,48400.0,48850.0,326816.0
2020-01-22 00:00:00+09:00,49000.0,50400.0,48750.0,50300.0,428245.0
2020-01-23 00:00:00+09:00,50400.0,51000.0,49500.0,49600.0,452528.0
2020-01-28 00:00:00+09:00,47100.0,51300.0,47100.0,51200.0,706446.0
2020-01-29 00:00:00+09:00,51700.0,52000.0,50300.0,51000.0,427210.0
2020-01-30 00:00:00+09:00,51700.0,52800.0,49250.0,49650.0,917696.0
2020-01-31 00:00:00+09:00,49950.0,50400.0,47600.0,48000.0,722006.0
2020-02-03 00:00:00+09:00,47050.0,50600.0,46700.0,50300.0,796443.0
2020-02-04 00:00:00+09:00,52000.0,53300.0,51300.0,52300.0,857756.0
2020-02-05 00:00:00+09:00,53600.0,53700.0,51700.0,52000.0,734425.0
2020-02-06 00:00:00+09:00,51100.0,52100.0,50500.0,51700.0,767490.0
2020-02-07 00:00:00+09:00,51600.0,52800.0,51300.0,52200.0,582358.0
2020-02-10 00:00:00+09:00,51300.0,52400.0,51100.0,51800.0,259810.0
2020-02-11 00:00:00+09:00,52300.0,54400.0,52200.0,53600.0,729058.0
2020-02-12 00:00:00+09:00,53700.0,53900.0,52100.0,52600.0,576455.0
2020-02-13 00:00:00+09:00,52700.0,53200.0,51900.0,52200.0,603711.0
2020-02-14 00:00:00+09:00,52800.0,53000.0,52100.0,52800.0,306011.0
2020-02-17 00:00:00+09:00,53100.0,53100.0,51800.0,52800.0,265797.0
2020-02-18 00:00:00+09:00,52800.0,53100.0,51500.0,51800.0,338107.0
2020-02-19 00:00:00+09:00,52600.0,52800.0,51000.0,52300.0,334517.0
2020-02-20 00:00:00+09:00,52400.0,52900.0,50900.0,52300.0,442805.0
2020-02-21 00:00:00+09:00,51300.0,52100.0,50500.0,50600.0,347172.0
2020-02-24 00:00:00+09:00,48500.0,50700.0,48350.0,49700.0,568791.0
2020-02-25 00:00:00+09:00,49700.0,50900.0,48850.0,50700.0,411177.0
2020-02-26 00:00:00+09:00,49950.0,50700.0,49550.0,50100.0,326051.0
2020-02-27 00:00:00+09:00,49850.0,50400.0,48400.0,48900.0,421592.0
2020-02-28 00:00:00+09:00,47300.0,48150.0,46200.0,46350.0,709456.0
2020-03-02 00:00:00+09:00,46750.0,48000.0,45550.0,48000.0,598285.0
2020-03-03 00:00:00+09:00,49900.0,49950.0,47800.0,48000.0,526329.0
2020-03-04 00:00:00+09:00,47150.0,49200.0,47150.0,48700.0,441229.0
2020-03-05 00:00:00+09:00,49200.0,49250.0,47000.0,47350.0,744098.0
2020-03-06 00:00:00+09:00,46700.0,47150.0,45950.0,46700.0,553302.0
2020-03-09 00:00:00+09:00,45100.0,45400.0,43250.0,43750.0,731563.0
2020-03-10 00:00:00+09:00,43300.0,44400.0,42650.0,44000.0,794638.0
2020-03-11 00:00:00+09:00,44150.0,44150.0,41350.0,41900.0,701605.0
2020-03-12 00:00:00+09:00,40950.0,42100.0,38750.0,39450.0,1095180.0
2020-03-13 00:00:00+09:00,36000.0,38300.0,33300.0,36450.0,1431418.0
2020-03-16 00:00:00+09:00,37150.0,37700.0,33900.0,33950.0,808511.0
2020-03-17 00:00:00+09:00,31750.0,34500.0,31450.0,33350.0,1021655.0
2020-03-18 00:00:00+09:00,33800.0,34050.0,28650.0,28700.0,1267427.0
2020-03-19 00:00:00+09:00,29250.0,29900.0,21700.0,22550.0,2306945.0
2020-03-20 00:00:00+09:00,23900.0,25450.0,23050.0,25050.0,1569859.0
2020-03-23 00:00:00+09:00,22800.0,25350.0,22700.0,23900.0,1085539.0
2020-03-24 00:00:00+09:00,24950.0,27950.0,24400.0,27800.0,1691246.0
2020-03-25 00:00:00+09:00,29900.0,31050.0,29000.0,31050.0,1734685.0
2020-03-26 00:00:00+09:00,31300.0,34000.0,30200.0,31100.0,1683655.0
2020-03-27 00:00:00+09:00,33200.0,33300.0,30050.0,31850.0,1172248.0
2020-03-30 00:00:00+09:00,30400.0,32400.0,30250.0,32200.0,745682.0
2020-03-31 00:00:00+09:00,32650.0,32850.0,30600.0,31400.0,962023.0
2020-04-01 00:00:00+09:00,31000.0,32500.0,30450.0,30850.0,825742.0
2020-04-02 00:00:00+09:00,31000.0,31350.0,29600.0,31300.0,714761.0
2020-04-03 00:00:00+09:00,32650.0,32700.0,30850.0,31400.0,828294.0
2020-04-06 00:00:00+09:00,31350.0,32250.0,31000.0,32250.0,840363.0
2020-04-07 00:00:00+09:00,33450.0,34500.0,32400.0,33350.0,1243052.0
2020-04-08 00:00:00+09:00,33350.0,37200.0,32900.0,35250.0,1962604.0
2020-04-09 00:00:00+09:00,36350.0,36900.0,35500.0,36200.0,979640.0
2020-04-10 00:00:00+09:00,36450.0,36800.0,34750.0,36200.0,886382.0
2020-04-13 00:00:00+09:00,35750.0,35900.0,34000.0,34050.0,713305.0
2020-04-14 00:00:00+09:00,35500.0,36100.0,35150.0,35600.0,641833.0
2020-04-16 00:00:00+09:00,36000.0,38400.0,35800.0,38300.0,1314387.0
2020-04-17 00:00:00+09:00,39850.0,41650.0,39700.0,40650.0,1577286.0
2020-04-20 00:00:00+09:00,40900.0,41750.0,40150.0,40750.0,788886.0
2020-04-21 00:00:00+09:00,40300.0,41300.0,37500.0,40500.0,1226510.0
2020-04-22 00:00:00+09:00,39300.0,40700.0,38900.0,40650.0,616764.0
2020-04-23 00:00:00+09:00,41550.0,41600.0,40200.0,40450.0,494819.0
2020-04-24 00:00:00+09:00,39550.0,40100.0,38950.0,39150.0,589627.0
2020-04-27 00:00:00+09:00,39250.0,39750.0,38650.0,39650.0,386475.0
2020-04-28 00:00:00+09:00,40700.0,40750.0,39250.0,39450.0,424702.0
2020-04-29 00:00:00+09:00,39600.0,40200.0,39500.0,39850.0,341009.0
2020-05-04 00:00:00+09:00,38650.0,39500.0,38600.0,39200.0,313485.0
2020-05-06 00:00:00+09:00,39800.0,39900.0,39000.0,39400.0,268666.0
2020-05-07 00:00:00+09:00,39300.0,40200.0,39050.0,40000.0,297049.0
2020-05-08 00:00:00+09:00,40200.0,40600.0,40000.0,40400.0,394866.0
2020-05-11 00:00:00+09:00,40600.0,40600.0,39850.0,39900.0,293989.0
2020-05-12 00:00:00+09:00,39700.0,39800.0,38650.0,39350.0,360286.0
2020-05-13 00:00:00+09:00,38550.0,44150.0,38550.0,42500.0,1925740.0
2020-05-14 00:00:00+09:00,42500.0,43350.0,41350.0,42800.0,1187880.0
2020-05-15 00:00:00+09:00,43200.0,43250.0,42050.0,42850.0,497928.0
2020-05-18 00:00:00+09:00,43250.0,45300.0,42500.0,44500.0,1056032.0
2020-05-19 00:00:00+09:00,45650.0,45750.0,44000.0,44250.0,626622.0
2020-05-20 00:00:00+09:00,44650.0,47200.0,44200.0,46900.0,813567.0
2020-05-21 00:00:00+09:00,47850.0,48300.0,47200.0,47400.0,733820.0
2020-05-22 00:00:00+09:00,47800.0,48350.0,46800.0,47200.0,723163.0
2020-05-25 00:00:00+09:00,47500.0,49100.0,47000.0,49000.0,730341.0
2020-05-26 00:00:00+09:00,49900.0,51100.0,49100.0,49800.0,991281.0
2020-05-27 00:00:00+09:00,49100.0,49450.0,47100.0,47400.0,948717.0
2020-05-28 00:00:00+09:00,47550.0,48050.0,44700.0,46400.0,962083.0
2020-05-29 00:00:00+09:00,46150.0,47150.0,45350.0,46650.0,436926.0
2020-06-01 00:00:00+09:00,46700.0,47850.0,46650.0,47300.0,369510.0
2020-06-02 00:00:00+09:00,47550.0,48250.0,46900.0,46900.0,424785.0
2020-06-03 00:00:00+09:00,47300.0,47300.0,45800.0,46050.0,532081.0
2020-06-04 00:00:00+09:00,46250.0,48000.0,46250.0,47600.0,713981.0
2020-06-05 00:00:00+09:00,48000.0,48700.0,47600.0,47900.0,447328.0
2020-06-08 00:00:00+09:00,48400.0,48600.0,47200.0,47450.0,335919.0
2020-06-09 00:00:00+09:00,48050.0,48500.0,47050.0,47600.0,465754.0
2020-06-10 00:00:00+09:00,47200.0,47900.0,47100.0,47900.0,339605.0
2020-06-11 00:00:00+09:00,49400.0,49700.0,48050.0,48300.0,1133429.0
2020-06-12 00:00:00+09:00,45100.0,47300.0,45100.0,46700.0,692916.0
2020-06-15 00:00:00+09:00,46000.0,48500.0,44500.0,44550.0,852438.0
2020-06-16 00:00:00+09:00,46150.0,48300.0,45450.0,48150.0,677575.0
2020-06-17 00:00:00+09:00,48050.0,49850.0,47650.0,49000.0,1025489.0
2020-06-18 00:00:00+09:00,49050.0,49150.0,47600.0,47850.0,489031.0
2020-06-19 00:00:00+09:00,48500.0,48500.0,46500.0,47850.0,517886.0
2020-06-22 00:00:00+09:00,47400.0,49900.0,47200.0,49200.0,943953.0
2020-06-23 00:00:00+09:00,50000.0,50100.0,48050.0,48500.0,714072.0
2020-06-24 00:00:00+09:00,49000.0,49250.0,48150.0,48650.0,453855.0
2020-06-25 00:00:00+09:00,50300.0,53700.0,50100.0,53000.0,4541445.0
2020-06-26 00:00:00+09:00,54200.0,54400.0,50800.0,52100.0,1583645.0
2020-06-29 00:00:00+09:00,51000.0,52100.0,49950.0,50100.0,760426.0
2020-06-30 00:00:00+09:00,51300.0,51300.0,48750.0,49600.0,755231.0
2020-07-01 00:00:00+09:00,50200.0,50900.0,48700.0,48750.0,592274.0
2020-07-02 00:00:00+09:00,49100.0,49750.0,48200.0,49700.0,427727.0
2020-07-03 00:00:00+09:00,50500.0,52500.0,50200.0,51300.0,897335.0
2020-07-06 00:00:00+09:00,51600.0,52900.0,51100.0,52500.0,703209.0
2020-07-07 00:00:00+09:00,53400.0,54500.0,51600.0,51900.0,865422.0
2020-07-08 00:00:00+09:00,52000.0,52700.0,51200.0,51900.0,324634.0
2020-07-09 00:00:00+09:00,52400.0,52600.0,51200.0,52300.0,643535.0
2020-07-10 00:00:00+09:00,52200.0,52200.0,50700.0,51600.0,477988.0
2020-07-13 00:00:00+09:00,52700.0,52800.0,51900.0,52600.0,447251.0
2020-07-14 00:00:00+09:00,51700.0,51800.0,50800.0,51200.0,432637.0
2020-07-15 00:00:00+09:00,51700.0,51700.0,50600.0,51500.0,388133.0
2020-07-16 00:00:00+09:00,51500.0,52400.0,50600.0,50900.0,376072.0
2020-07-17 00:00:00+09:00,50600.0,51200.0,49950.0,50500.0,307720.0
2020-07-20 00:00:00+09:00,51000.0,51000.0,49550.0,50000.0,374634.0
2020-07-21 00:00:00+09:00,50800.0,50900.0,50100.0,50300.0,319556.0
2020-07-22 00:00:00+09:00,50300.0,50400.0,48600.0,49850.0,471440.0
2020-07-23 00:00:00+09:00,50700.0,51400.0,50200.0,50800.0,592728.0
2020-07-24 00:00:00+09:00,49950.0,50300.0,49250.0,49700.0,389770.0
2020-07-27 00:00:00+09:00,49100.0,50100.0,49100.0,49850.0,274227.0
2020-07-28 00:00:00+09:00,50400.0,50700.0,49650.0,49650.0,410098.0
2020-07-29 00:00:00+09:00,49500.0,49850.0,49100.0,49450.0,263353.0
2020-07-30 00:00:00+09:00,50000.0,51400.0,49900.0,51000.0,584780.0
2020-07-31 00:00:00+09:00,51200.0,52500.0,50600.0,50700.0,869486.0
2020-08-03 00:00:00+09:00,51200.0,55300.0,51100.0,55200.0,2490868.0
2020-08-04 00:00:00+09:00,55700.0,56200.0,53000.0,53200.0,1595837.0
2020-08-05 00:00:00+09:00,53500.0,55200.0,52600.0,54900.0,1319256.0
2020-08-06 00:00:00+09:00,55700.0,56900.0,54200.0,55300.0,1293844.0
2020-08-07 00:00:00+09:00,55800.0,57900.0,55400.0,56000.0,1600253.0
2020-08-10 00:00:00+09:00,56700.0,56900.0,54400.0,56300.0,839936.0
2020-08-11 00:00:00+09:00,56400.0,57200.0,55200.0,55400.0,612549.0
2020-08-12 00:00:00+09:00,55300.0,55300.0,53500.0,54200.0,693013.0
2020-08-13 00:00:00+09:00,55000.0,55700.0,54200.0,54400.0,714758.0
2020-08-14 00:00:00+09:00,54400.0,54600.0,52500.0,54000.0,461822.0
2020-08-18 00:00:00+09:00,54000.0,54200.0,50000.0,50900.0,713134.0
2020-08-19 00:00:00+09:00,51500.0,52400.0,50800.0,52400.0,507951.0
2020-08-20 00:00:00+09:00,51800.0,52200.0,48650.0,48900.0,757945.0
2020-08-21 00:00:00+09:00,49400.0,50800.0,47950.0,49700.0,587288.0
2020-08-24 00:00:00+09:00,49500.0,52200.0,48800.0,51900.0,446970.0
2020-08-25 00:00:00+09:00,52200.0,52500.0,51200.0,52100.0,309582.0
2020-08-26 00:00:00+09:00,52100.0,52200.0,50500.0,51600.0,377664.0
2020-08-27 00:00:00+09:00,51800.0,52800.0,50700.0,50700.0,513867.0
2020-08-28 00:00:00+09:00,51000.0,51200.0,49800.0,50200.0,391838.0
2020-08-31 00:00:00+09:00,50500.0,50800.0,49150.0,49850.0,383181.0
2020-09-01 00:00:00+09:00,49950.0,50300.0,49800.0,50300.0,243493.0
2020-09-02 00:00:00+09:00,50700.0,50800.0,49950.0,50200.0,222145.0
2020-09-03 00:00:00+09:00,50400.0,50800.0,50000.0,50400.0,294572.0
2020-09-04 00:00:00+09:00,47750.0,51300.0,47750.0,50800.0,707350.0
2020-09-07 00:00:00+09:00,52600.0,52900.0,51200.0,51400.0,641180.0
2020-09-08 00:00:00+09:00,51800.0,51900.0,50400.0,50600.0,403099.0
2020-09-09 00:00:00+09:00,49500.0,50200.0,49500.0,49600.0,300144.0
2020-09-10 00:00:00+09:00,50400.0,50400.0,49350.0,49550.0,451918.0
2020-09-11 00:00:00+09:00,49350.0,49500.0,48900.0,49500.0,249145.0
2020-09-14 00:00:00+09:00,49750.0,50000.0,49250.0,49800.0,295977.0
2020-09-15 00:00:00+09:00,50300.0,50300.0,49700.0,49950.0,225092.0
2020-09-16 00:00:00+09:00,50000.0,50100.0,49050.0,49300.0,282869.0
2020-09-17 00:00:00+09:00,49200.0,49250.0,48300.0,48300.0,284309.0
2020-09-18 00:00:00+09:00,48150.0,49300.0,48100.0,48750.0,240807.0
2020-09-21 00:00:00+09:00,48900.0,49300.0,47150.0,47450.0,337820.0
2020-09-22 00:00:00+09:00,47450.0,47900.0,46150.0,46450.0,307350.0
2020-09-23 00:00:00+09:00,47300.0,48800.0,45050.0,46350.0,380585.0
2020-09-24 00:00:00+09:00,44700.0,45800.0,42250.0,42550.0,528297.0
2020-09-25 00:00:00+09:00,42700.0,43200.0,40300.0,42150.0,579240.0
2020-09-28 00:00:00+09:00,42500.0,43850.0,42250.0,43850.0,215853.0
2020-09-29 00:00:00+09:00,44900.0,45650.0,44300.0,45150.0,243701.0
2020-10-05 00:00:00+09:00,45350.0,45800.0,43900.0,45000.0,240617.0
2020-10-06 00:00:00+09:00,45250.0,45700.0,45100.0,45450.0,135469.0
2020-10-07 00:00:00+09:00,44700.0,44950.0,44300.0,44950.0,237307.0
2020-10-08 00:00:00+09:00,45250.0,45650.0,45000.0,45400.0,301157.0
2020-10-12 00:00:00+09:00,45800.0,45950.0,44900.0,45400.0,200194.0
2020-10-13 00:00:00+09:00,45450.0,45450.0,44350.0,44600.0,180634.0
2020-10-14 00:00:00+09:00,44500.0,44500.0,43050.0,43400.0,264165.0
2020-10-15 00:00:00+09:00,43350.0,43350.0,41500.0,42250.0,297213.0
2020-10-16 00:00:00+09:00,42400.0,43050.0,41100.0,41800.0,252381.0
2020-10-19 00:00:00+09:00,41800.0,42200.0,40700.0,41050.0,303522.0
2020-10-20 00:00:00+09:00,40500.0,41800.0,40350.0,41800.0,211084.0
2020-10-21 00:00:00+09:00,42150.0,42300.0,41450.0,42250.0,143647.0
2020-10-22 00:00:00+09:00,42150.0,42150.0,40850.0,41150.0,235906.0
2020-10-23 00:00:00+09:00,41150.0,41200.0,40450.0,41150.0,151282.0
2020-10-26 00:00:00+09:00,45500.0,47700.0,41900.0,42150.0,1682978.0
2020-10-27 00:00:00+09:00,41750.0,42900.0,41050.0,41900.0,467636.0
2020-10-28 00:00:00+09:00,41800.0,42600.0,41650.0,42550.0,254593.0
2020-10-29 00:00:00+09:00,41600.0,42850.0,41400.0,42850.0,249418.0
2020-10-30 00:00:00+09:00,42800.0,42850.0,41800.0,42700.0,217644.0
2020-11-02 00:00:00+09:00,42500.0,43100.0,42000.0,43100.0,170872.0
2020-11-03 00:00:00+09:00,43350.0,44500.0,43350.0,44000.0,380564.0
2020-11-04 00:00:00+09:00,44750.0,44750.0,43750.0,44100.0,275012.0
2020-11-05 00:00:00+09:00,44650.0,45650.0,44350.0,45600.0,387184.0
2020-11-06 00:00:00+09:00,46050.0,46800.0,45500.0,45650.0,425764.0
2020-11-09 00:00:00+09:00,46750.0,47050.0,46300.0,46800.0,395409.0
2020-11-10 00:00:00+09:00,47800.0,48650.0,47100.0,47250.0,646863.0
2020-11-11 00:00:00+09:00,47300.0,47300.0,45850.0,45850.0,441263.0
2020-11-12 00:00:00+09:00,46000.0,46950.0,45950.0,46150.0,379135.0
2020-11-13 00:00:00+09:00,45700.0,46500.0,44650.0,46500.0,272848.0
2020-11-16 00:00:00+09:00,46300.0,46350.0,45500.0,46100.0,249597.0
2020-11-17 00:00:00+09:00,45400.0,46700.0,44200.0,44400.0,666215.0
2020-11-18 00:00:00+09:00,44050.0,44750.0,43050.0,44600.0,322258.0
2020-11-19 00:00:00+09:00,44650.0,44700.0,44000.0,44300.0,162112.0
2020-11-20 00:00:00+09:00,44950.0,45000.0,44500.0,45000.0,233817.0
2020-11-23 00:00:00+09:00,44700.0,45350.0,44600.0,45350.0,219961.0
2020-11-24 00:00:00+09:00,45550.0,45650.0,45000.0,45450.0,304776.0
2020-11-25 00:00:00+09:00,46000.0,46050.0,44400.0,45000.0,357127.0
2020-11-26 00:00:00+09:00,44500.0,45250.0,44500.0,44900.0,162127.0
2020-11-27 00:00:00+09:00,45350.0,46950.0,45150.0,46850.0,729144.0
2020-11-30 00:00:00+09:00,47450.0,47700.0,46550.0,46800.0,449598.0
2020-12-01 00:00:00+09:00,47000.0,47250.0,46050.0,46800.0,242006.0
2020-12-02 00:00:00+09:00,47200.0,47200.0,46600.0,46900.0,268133.0
2020-12-03 00:00:00+09:00,46900.0,46950.0,45850.0,46750.0,232605.0
2020-12-04 00:00:00+09:00,47200.0,47300.0,46500.0,47150.0,387453.0
2020-12-07 00:00:00+09:00,46700.0,47000.0,45550.0,45950.0,396046.0
2020-12-08 00:00:00+09:00,45950.0,47200.0,45700.0,46000.0,352460.0
2020-12-09 00:00:00+09:00,46050.0,46450.0,45250.0,46400.0,330199.0
2020-12-10 00:00:00+09:00,46000.0,46400.0,45400.0,46250.0,438822.0
2020-12-11 00:00:00+09:00,46400.0,48450.0,46100.0,48400.0,988388.0
2020-12-14 00:00:00+09:00,47800.0,48350.0,47200.0,47600.0,416373.0
2020-12-15 00:00:00+09:00,47800.0,48600.0,47500.0,48350.0,361497.0
2020-12-16 00:00:00+09:00,48850.0,49850.0,48650.0,49700.0,752055.0
2020-12-17 00:00:00+09:00,50600.0,50900.0,49700.0,50400.0,724705.0
2020-12-18 00:00:00+09:00,50500.0,50600.0,49450.0,49700.0,427331.0
2020-12-21 00:00:00+09:00,49950.0,50400.0,48800.0,50100.0,415893.0
2020-12-22 00:00:00+09:00,49600.0,49900.0,48400.0,48600.0,392958.0
2020-12-23 00:00:00+09:00,48750.0,49350.0,47450.0,49200.0,380888.0
2020-12-24 00:00:00+09:00,49600.0,49700.0,48850.0,49500.0,343337.0
2020-12-28 00:00:00+09:00,49500.0,50500.0,48850.0,50400.0,507807.0
2020-12-29 00:00:00+09:00,51500.0,51900.0,49950.0,50500.0,510897.0
2020-12-30 00:00:00+09:00,50600.0,50900.0,49950.0,50900.0,354834.0
2021-01-04 00:00:00+09:00,52000.0,52800.0,50900.0,52500.0,802979.0
2021-01-05 00:00:00+09:00,52500.0,53600.0,51600.0,53000.0,613593.0
2021-01-06 00:00:00+09:00,53700.0,53700.0,51800.0,52400.0,526107.0
2021-01-07 00:00:00+09:00,52900.0,52900.0,52000.0,52600.0,399206.0
2021-01-08 00:00:00+09:00,53900.0,56800.0,53100.0,56400.0,1681455.0
2021-01-11 00:00:00+09:00,58100.0,61500.0,55900.0,58600.0,2020539.0
2021-01-12 00:00:00+09:00,59500.0,59600.0,56500.0,58800.0,739195.0
2021-01-13 00:00:00+09:00,59400.0,60100.0,57400.0,59000.0,619237.0
2021-01-14 00:00:00+09:00,59000.0,61400.0,58600.0,60800.0,1358309.0
2021-01-15 00:00:00+09:00,60800.0,61800.0,58700.0,59000.0,595545.0
2021-01-18 00:00:00+09:00,57900.0,58600.0,56200.0,56900.0,644612.0
2021-01-19 00:00:00+09:00,57700.0,60400.0,57300.0,60000.0,727055.0
2021-01-20 00:00:00+09:00,60800.0,60900.0,59400.0,60900.0,474547.0
2021-01-21 00:00:00+09:00,61600.0,61700.0,60100.0,61400.0,388688.0
2021-01-22 00:00:00+09:00,60900.0,65500.0,60600.0,64400.0,1061737.0
2021-01-25 00:00:00+09:00,65100.0,66300.0,63700.0,64200.0,517637.0
2021-01-26 00:00:00+09:00,64200.0,66000.0,63200.0,66000.0,492624.0
2021-01-27 00:00:00+09:00,66300.0,69800.0,65200.0,67500.0,801913.0
2021-01-28 00:00:00+09:00,65100.0,70000.0,65100.0,69400.0,791460.0
2021-01-29 00:00:00+09:00,70300.0,73500.0,67500.0,71400.0,1337393.0
2021-02-01 00:00:00+09:00,71600.0,71800.0,68400.0,70700.0,545753.0
2021-02-02 00:00:00+09:00,71600.0,76800.0,70100.0,75500.0,903917.0
2021-02-03 00:00:00+09:00,76000.0,80700.0,76000.0,79000.0,1205920.0
2021-02-04 00:00:00+09:00,78500.0,79600.0,76000.0,77500.0,823739.0
2021-02-05 00:00:00+09:00,78200.0,82200.0,75000.0,76200.0,1956543.0
2021-02-08 00:00:00+09:00,75200.0,78000.0,71800.0,76800.0,620470.0
2021-02-09 00:00:00+09:00,76800.0,76800.0,74700.0,75000.0,487847.0
2021-02-10 00:00:00+09:00,75700.0,78000.0,75400.0,76900.0,690265.0
2021-02-15 00:00:00+09:00,78300.0,79400.0,77100.0,77900.0,482107.0
2021-02-16 00:00:00+09:00,78100.0,79300.0,77000.0,78000.0,278280.0
2021-02-17 00:00:00+09:00,78000.0,80500.0,77100.0,80000.0,503077.0
2021-02-18 00:00:00+09:00,81200.0,82300.0,79800.0,80800.0,470253.0
2021-02-19 00:00:00+09:00,79800.0,81000.0,78700.0,81000.0,350628.0
2021-02-22 00:00:00+09:00,81400.0,82000.0,79000.0,80000.0,323899.0
2021-02-23 00:00:00+09:00,78100.0,79000.0,76100.0,76600.0,621823.0
2021-02-24 00:00:00+09:00,76600.0,77300.0,72100.0,72500.0,679201.0
2021-02-25 00:00:00+09:00,74200.0,74300.0,72300.0,73000.0,434347.0
2021-02-26 00:00:00+09:00,70800.0,70900.0,67600.0,69900.0,817974.0
2021-03-02 00:00:00+09:00,71600.0,72400.0,68300.0,69500.0,614200.0
2021-03-03 00:00:00+09:00,68100.0,70200.0,68100.0,69900.0,373559.0
2021-03-04 00:00:00+09:00,68500.0,69000.0,66600.0,67000.0,427609.0
2021-03-05 00:00:00+09:00,65000.0,67800.0,63700.0,67300.0,516223.0
2021-03-08 00:00:00+09:00,68000.0,68100.0,63400.0,63500.0,435472.0
2021-03-09 00:00:00+09:00,62500.0,64200.0,60400.0,63200.0,679084.0
2021-03-10 00:00:00+09:00,65800.0,66100.0,62200.0,62500.0,441683.0
2021-03-11 00:00:00+09:00,63100.0,65500.0,62800.0,65000.0,797481.0
2021-03-12 00:00:00+09:00,66500.0,68300.0,65900.0,67300.0,438167.0
2021-03-15 00:00:00+09:00,67300.0,67900.0,66200.0,66600.0,197938.0
2021-03-16 00:00:00+09:00,66300.0,67500.0,65400.0,66500.0,278802.0
2021-03-17 00:00:00+09:00,66300.0,66300.0,64300.0,65500.0,320304.0
2021-03-18 00:00:00+09:00,66500.0,67100.0,65400.0,65400.0,254923.0
2021-03-19 00:00:00+09:00,64000.0,65700.0,63400.0,65100.0,212109.0
2021-03-22 00:00:00+09:00,65200.0,65300.0,63500.0,64300.0,190005.0
2021-03-23 00:00:00+09:00,64300.0,65500.0,62000.0,62300.0,317125.0
2021-03-24 00:00:00+09:00,61400.0,63400.0,61300.0,62500.0,217747.0
2021-03-25 00:00:00+09:00,62400.0,64700.0,62200.0,64000.0,272851.0
2021-03-26 00:00:00+09:00,64700.0,66900.0,64500.0,66900.0,398818.0
2021-03-29 00:00:00+09:00,67300.0,69400.0,65700.0,68000.0,438022.0
2021-03-30 00:00:00+09:00,68400.0,69500.0,67600.0,68200.0,255328.0
2021-03-31 00:00:00+09:00,69100.0,69400.0,67000.0,67900.0,197718.0
2021-04-01 00:00:00+09:00,68600.0,69500.0,68000.0,69200.0,218220.0
2021-04-02 00:00:00+09:00,69800.0,72500.0,69800.0,71900.0,443872.0
2021-04-05 00:00:00+09:00,71900.0,72500.0,70600.0,72400.0,198796.0
2021-04-06 00:00:00+09:00,73100.0,74500.0,71500.0,72000.0,314125.0
2021-04-07 00:00:00+09:00,72100.0,73600.0,71500.0,71700.0,185895.0
2021-04-08 00:00:00+09:00,74600.0,75200.0,72900.0,74400.0,690679.0
2021-04-09 00:00:00+09:00,75000.0,78500.0,74900.0,77600.0,469161.0
2021-04-12 00:00:00+09:00,79500.0,79700.0,76400.0,77000.0,476982.0
2021-04-13 00:00:00+09:00,77000.0,78000.0,75700.0,76700.0,345618.0
2021-04-14 00:00:00+09:00,77800.0,77900.0,76700.0,76800.0,234698.0
2021-04-15 00:00:00+09:00,76500.0,76600.0,75300.0,75700.0,235958.0
2021-04-16 00:00:00+09:00,75800.0,76100.0,74000.0,74900.0,300975.0
2021-04-19 00:00:00+09:00,75000.0,75700.0,74000.0,75000.0,198700.0
2021-04-20 00:00:00+09:00,74500.0,75500.0,73400.0,75000.0,234774.0
2021-04-21 00:00:00+09:00,74800.0,74800.0,73400.0,74100.0,217446.0
2021-04-22 00:00:00+09:00,74500.0,76900.0,74300.0,76000.0,398089.0
2021-04-23 00:00:00+09:00,75100.0,75800.0,74300.0,74400.0,218184.0
2021-04-26 00:00:00+09:00,74400.0,74400.0,72900.0,73300.0,250508.0
2021-04-27 00:00:00+09:00,73300.0,73900.0,72000.0,72100.0,207157.0
2021-04-28 00:00:00+09:00,71600.0,71700.0,69600.0,70200.0,301040.0
2021-04-29 00:00:00+09:00,70300.0,71500.0,69000.0,69100.0,242241.0
2021-04-30 00:00:00+09:00,69300.0,69500.0,67400.0,69100.0,232350.0
2021-05-03 00:00:00+09:00,68500.0,69100.0,66300.0,66500.0,216112.0
2021-05-04 00:00:00+09:00,66600.0,68900.0,66400.0,68900.0,248525.0
2021-05-06 00:00:00+09:00,68400.0,69200.0,67200.0,67700.0,247457.0
2021-05-07 00:00:00+09:00,68000.0,69300.0,67900.0,68700.0,140081.0
2021-05-10 00:00:00+09:00,69500.0,70000.0,68800.0,69900.0,160739.0
2021-05-11 00:00:00+09:00,68700.0,69400.0,67100.0,67500.0,238625.0
2021-05-12 00:00:00+09:00,67300.0,67500.0,65300.0,65900.0,211622.0
2021-05-13 00:00:00+09:00,63700.0,66200.0,63100.0,64200.0,422896.0
2021-05-14 00:00:00+09:00,65100.0,67200.0,65000.0,66300.0,214465.0
2021-05-17 00:00:00+09:00,68000.0,68000.0,66100.0,66100.0,160249.0
2021-05-18 00:00:00+09:00,65300.0,66800.0,64900.0,66300.0,112452.0
2021-05-20 00:00:00+09:00,66900.0,67200.0,66000.0,66500.0,129243.0
2021-05-21 00:00:00+09:00,67100.0,68700.0,66800.0,66900.0,213674.0
2021-05-24 00:00:00+09:00,66900.0,66900.0,65000.0,65100.0,137874.0
2021-05-25 00:00:00+09:00,65900.0,66000.0,64800.0,65800.0,128237.0
2021-05-26 00:00:00+09:00,65300.0,66500.0,65300.0,65700.0,83268.0
2021-05-27 00:00:00+09:00,65800.0,65900.0,63700.0,65400.0,208567.0
2021-05-28 00:00:00+09:00,65700.0,68200.0,65100.0,67900.0,257936.0
2021-05-31 00:00:00+09:00,68300.0,68400.0,65000.0,65700.0,329782.0
2021-06-01 00:00:00+09:00,66000.0,66900.0,65400.0,66400.0,165963.0
2021-06-02 00:00:00+09:00,66400.0,66800.0,65400.0,65500.0,215617.0
2021-06-03 00:00:00+09:00,65500.0,67300.0,65500.0,66600.0,219851.0
2021-06-04 00:00:00+09:00,66000.0,66400.0,65400.0,66100.0,143108.0
2021-06-07 00:00:00+09:00,66500.0,67300.0,65900.0,66700.0,196500.0
2021-06-08 00:00:00+09:00,66800.0,68000.0,66700.0,67000.0,294539.0
2021-06-09 00:00:00+09:00,67500.0,67500.0,66800.0,67000.0,166661.0
2021-06-10 00:00:00+09:00,67200.0,67300.0,65700.0,66400.0,285380.0
2021-06-11 00:00:00+09:00,66700.0,70600.0,66500.0,68100.0,765423.0
2021-06-14 00:00:00+09:00,68900.0,69800.0,68700.0,69200.0,298727.0
2021-06-15 00:00:00+09:00,69600.0,71000.0,69500.0,69800.0,303654.0
2021-06-16 00:00:00+09:00,69600.0,69700.0,68500.0,68900.0,212813.0
2021-06-17 00:00:00+09:00,68600.0,70400.0,68000.0,69600.0,239975.0
2021-06-18 00:00:00+09:00,70200.0,71700.0,70100.0,70600.0,318964.0
2021-06-21 00:00:00+09:00,69800.0,70000.0,68900.0,69700.0,193501.0
2021-06-22 00:00:00+09:00,70300.0,70400.0,68700.0,69100.0,131106.0
2021-06-23 00:00:00+09:00,69300.0,72400.0,69300.0,71000.0,486716.0
2021-06-24 00:00:00+09:00,72100.0,73600.0,71400.0,71700.0,393856.0
2021-06-25 00:00:00+09:00,72500.0,73300.0,71800.0,72100.0,234114.0
2021-06-28 00:00:00+09:00,72700.0,74400.0,72100.0,72500.0,359087.0
2021-06-29 00:00:00+09:00,72500.0,73300.0,72100.0,72500.0,190420.0
2021-06-30 00:00:00+09:00,72700.0,73300.0,72000.0,73000.0,173202.0
2021-07-01 00:00:00+09:00,73000.0,73900.0,72500.0,73300.0,196187.0
2021-07-02 00:00:00+09:00,73500.0,74100.0,72100.0,72200.0,167826.0
2021-07-05 00:00:00+09:00,72500.0,75200.0,72500.0,74900.0,376631.0
2021-07-06 00:00:00+09:00,74900.0,75400.0,74200.0,74800.0,181483.0
2021-07-07 00:00:00+09:00,74900.0,75500.0,74200.0,74700.0,226355.0
2021-07-08 00:00:00+09:00,74900.0,75200.0,71500.0,71700.0,491043.0
2021-07-09 00:00:00+09:00,70800.0,71500.0,69500.0,71000.0,435001.0
2021-07-12 00:00:00+09:00,71700.0,71800.0,70100.0,71200.0,150231.0
2021-07-13 00:00:00+09:00,71200.0,72300.0,70100.0,71800.0,433339.0
2021-07-14 00:00:00+09:00,71500.0,76700.0,70600.0,75700.0,927542.0
2021-07-15 00:00:00+09:00,76300.0,77000.0,74700.0,75100.0,465218.0
2021-07-16 00:00:00+09:00,74900.0,78900.0,74500.0,76800.0,761115.0
2021-07-19 00:00:00+09:00,75600.0,79900.0,75500.0,79100.0,812905.0
2021-07-20 00:00:00+09:00,80500.0,86300.0,80400.0,81800.0,2609568.0
2021-07-21 00:00:00+09:00,82400.0,83700.0,80500.0,83000.0,708711.0
2021-07-22 00:00:00+09:00,82700.0,84200.0,81200.0,83400.0,567486.0
2021-07-23 00:00:00+09:00,83800.0,85700.0,82700.0,83900.0,392812.0
2021-07-26 00:00:00+09:00,84600.0,84700.0,82100.0,82600.0,375497.0
2021-07-27 00:00:00+09:00,83000.0,83500.0,80800.0,83000.0,367689.0
2021-07-28 00:00:00+09:00,82300.0,82900.0,79800.0,81200.0,337351.0
2021-07-29 00:00:00+09:00,81900.0,81900.0,80100.0,81000.0,279736.0
2021-07-30 00:00:00+09:00,81100.0,82300.0,79800.0,80400.0,282871.0
2021-08-02 00:00:00+09:00,80500.0,81100.0,78600.0,80000.0,251514.0
2021-08-03 00:00:00+09:00,80000.0,81700.0,78600.0,79000.0,312931.0
2021-08-04 00:00:00+09:00,80500.0,80500.0,77100.0,78600.0,355597.0
2021-08-05 00:00:00+09:00,78700.0,81600.0,78500.0,81500.0,370507.0
2021-08-06 00:00:00+09:00,82400.0,82500.0,80100.0,80900.0,276826.0
2021-08-09 00:00:00+09:00,80500.0,82500.0,79900.0,81500.0,409319.0
2021-08-10 00:00:00+09:00,85400.0,89200.0,81100.0,81500.0,1067113.0
2021-08-11 00:00:00+09:00,81100.0,82700.0,79500.0,79700.0,372038.0
2021-08-12 00:00:00+09:00,79900.0,82900.0,78800.0,81900.0,643181.0
2021-08-13 00:00:00+09:00,82500.0,84000.0,80000.0,80700.0,381381.0
2021-08-17 00:00:00+09:00,80500.0,81000.0,74900.0,75300.0,551587.0
2021-08-18 00:00:00+09:00,74900.0,78100.0,73100.0,77300.0,350468.0
2021-08-19 00:00:00+09:00,76200.0,79400.0,75800.0,76700.0,321806.0
2021-08-20 00:00:00+09:00,78600.0,78700.0,73800.0,74600.0,416784.0
2021-08-23 00:00:00+09:00,75500.0,76700.0,73900.0,75800.0,283349.0
2021-08-24 00:00:00+09:00,76000.0,78300.0,73500.0,75900.0,382867.0
2021-08-25 00:00:00+09:00,75900.0,76600.0,74800.0,76400.0,197599.0
2021-08-26 00:00:00+09:00,76500.0,76900.0,74900.0,75500.0,173506.0
2021-08-27 00:00:00+09:00,75000.0,76000.0,74500.0,75300.0,159203.0
2021-08-30 00:00:00+09:00,76000.0,76300.0,73500.0,73900.0,255227.0
2021-08-31 00:00:00+09:00,74200.0,76300.0,73400.0,75700.0,296259.0
2021-09-01 00:00:00+09:00,76400.0,76500.0,74600.0,75500.0,206075.0
2021-09-02 00:00:00+09:00,75100.0,75400.0,72400.0,72900.0,397707.0
2021-09-03 00:00:00+09:00,72900.0,74600.0,72600.0,74000.0,179118.0
2021-09-06 00:00:00+09:00,75100.0,76300.0,74200.0,75200.0,274584.0
2021-09-07 00:00:00+09:00,76000.0,78500.0,75500.0,78100.0,542926.0
2021-09-08 00:00:00+09:00,80000.0,80000.0,76900.0,77000.0,332348.0
2021-09-09 00:00:00+09:00,77600.0,79500.0,76700.0,77200.0,672412.0
2021-09-10 00:00:00+09:00,77400.0,77600.0,75900.0,76900.0,268920.0
2021-09-13 00:00:00+09:00,76300.0,84000.0,76200.0,82800.0,1482172.0
2021-09-14 00:00:00+09:00,83500.0,84500.0,81200.0,83900.0,708497.0
2021-09-15 00:00:00+09:00,83900.0,87200.0,83200.0,83900.0,774255.0
2021-09-16 00:00:00+09:00,84800.0,88000.0,84000.0,87100.0,953475.0
2021-09-17 00:00:00+09:00,87200.0,87800.0,81000.0,82400.0,984456.0
2021-09-23 00:00:00+09:00,82500.0,84500.0,81100.0,83600.0,494897.0
2021-09-24 00:00:00+09:00,84300.0,87400.0,82700.0,86700.0,752646.0
2021-09-27 00:00:00+09:00,87900.0,98900.0,87000.0,98900.0,3155714.0
2021-09-28 00:00:00+09:00,98900.0,102500.0,98100.0,100500.0,1547985.0
2021-09-29 00:00:00+09:00,97400.0,108000.0,96600.0,106500.0,1452438.0
2021-09-30 00:00:00+09:00,105000.0,106500.0,99900.0,104000.0,1111460.0
2021-10-01 00:00:00+09:00,102500.0,106500.0,100500.0,103000.0,637992.0
2021-10-05 00:00:00+09:00,102000.0,110500.0,100500.0,109500.0,974904.0
2021-10-06 00:00:00+09:00,109500.0,112000.0,100000.0,101500.0,996015.0
2021-10-07 00:00:00+09:00,103500.0,104000.0,95900.0,101000.0,989569.0
2021-10-08 00:00:00+09:00,102000.0,108000.0,101500.0,104500.0,724330.0
2021-10-12 00:00:00+09:00,104500.0,108500.0,104000.0,105500.0,642436.0
2021-10-13 00:00:00+09:00,105500.0,110500.0,102000.0,109500.0,799120.0
2021-10-14 00:00:00+09:00,112500.0,115500.0,107500.0,108500.0,1131960.0
2021-10-15 00:00:00+09:00,109500.0,112500.0,107000.0,111000.0,481684.0
2021-10-18 00:00:00+09:00,112000.0,116000.0,110000.0,110500.0,600526.0
2021-10-19 00:00:00+09:00,111000.0,118000.0,109500.0,117000.0,868990.0
2021-10-20 00:00:00+09:00,117500.0,117500.0,108500.0,109500.0,823707.0
2021-10-21 00:00:00+09:00,109000.0,110000.0,103000.0,107000.0,973822.0
2021-10-22 00:00:00+09:00,105500.0,108500.0,104500.0,104500.0,476460.0
2021-10-25 00:00:00+09:00,104500.0,106000.0,99900.0,105500.0,540820.0
2021-10-26 00:00:00+09:00,107500.0,109000.0,104000.0,105000.0,373269.0
2021-10-27 00:00:00+09:00,104500.0,107000.0,100500.0,104500.0,436779.0
2021-10-28 00:00:00+09:00,104500.0,106000.0,102500.0,103000.0,369250.0
2021-10-29 00:00:00+09:00,103000.0,103500.0,99400.0,100500.0,689404.0
2021-11-01 00:00:00+09:00,100500.0,100500.0,94700.0,97600.0,749888.0
2021-11-02 00:00:00+09:00,98300.0,100500.0,98100.0,98400.0,345702.0
2021-11-03 00:00:00+09:00,98600.0,101500.0,98500.0,99100.0,286159.0
2021-11-04 00:00:00+09:00,100500.0,105500.0,99800.0,103000.0,470017.0
2021-11-05 00:00:00+09:00,104500.0,106500.0,100500.0,102500.0,386737.0
2021-11-08 00:00:00+09:00,102500.0,108500.0,102500.0,106000.0,425793.0
2021-11-09 00:00:00+09:00,108000.0,110500.0,105000.0,109000.0,473127.0
2021-11-10 00:00:00+09:00,107500.0,109000.0,101500.0,103500.0,537983.0
2021-11-11 00:00:00+09:00,101500.0,109000.0,101500.0,107500.0,700990.0
2021-11-12 00:00:00+09:00,110500.0,110500.0,104500.0,109000.0,527523.0
2021-11-15 00:00:00+09:00,112500.0,114000.0,106500.0,108500.0,581356.0
2021-11-16 00:00:00+09:00,108500.0,116000.0,108000.0,114500.0,697384.0
2021-11-17 00:00:00+09:00,116500.0,117500.0,113000.0,114500.0,435589.0
2021-11-18 00:00:00+09:00,115000.0,131000.0,113500.0,129500.0,1664378.0
2021-11-19 00:00:00+09:00,130000.0,132000.0,126500.0,130500.0,587106.0
2021-11-22 00:00:00+09:00,129000.0,131000.0,123000.0,126000.0,527040.0
2021-11-23 00:00:00+09:00,125000.0,128500.0,123500.0,126500.0,301350.0
2021-11-24 00:00:00+09:00,126000.0,134000.0,125500.0,131500.0,622332.0
2021-11-25 00:00:00+09:00,132500.0,142500.0,132000.0,134500.0,774804.0
2021-11-26 00:00:00+09:00,132500.0,141000.0,132500.0,137000.0,559945.0
2021-11-29 00:00:00+09:00,133500.0,141000.0,131500.0,139500.0,576828.0
2021-11-30 00:00:00+09:00,146000.0,148000.0,123500.0,128500.0,3267151.0
2021-12-01 00:00:00+09:00,129500.0,132000.0,122000.0,130500.0,683643.0
2021-12-02 00:00:00+09:00,127500.0,127500.0,116000.0,121000.0,782985.0
2021-12-03 00:00:00+09:00,121000.0,125000.0,120000.0,123500.0,346395.0
2021-12-06 00:00:00+09:00,121000.0,123500.0,118500.0,122500.0,263348.0
2021-12-07 00:00:00+09:00,123500.0,126500.0,120000.0,123000.0,328275.0
2021-12-08 00:00:00+09:00,125500.0,130000.0,123500.0,127500.0,457236.0
2021-12-09 00:00:00+09:00,128500.0,130500.0,126000.0,128000.0,477478.0
2021-12-10 00:00:00+09:00,126500.0,129500.0,121000.0,121500.0,551612.0
2021-12-13 00:00:00+09:00,121500.0,124500.0,120000.0,120500.0,248842.0
2021-12-14 00:00:00+09:00,120500.0,121500.0,118500.0,120500.0,164843.0
2021-12-15 00:00:00+09:00,119000.0,120000.0,115500.0,118500.0,348564.0
2021-12-16 00:00:00+09:00,120000.0,123500.0,118000.0,119000.0,269897.0
2021-12-17 00:00:00+09:00,116500.0,120000.0,116500.0,119500.0,213465.0
2021-12-20 00:00:00+09:00,119500.0,122500.0,118500.0,122000.0,367115.0
2021-12-21 00:00:00+09:00,122000.0,122500.0,113000.0,120500.0,442524.0
2021-12-22 00:00:00+09:00,122000.0,127000.0,121500.0,125500.0,406188.0
2021-12-23 00:00:00+09:00,127500.0,128000.0,123500.0,126500.0,306801.0
2021-12-24 00:00:00+09:00,126500.0,129500.0,126000.0,126500.0,207696.0
2021-12-27 00:00:00+09:00,126500.0,128000.0,120500.0,124500.0,282249.0
2021-12-28 00:00:00+09:00,124000.0,130500.0,124000.0,130000.0,550582.0
2021-12-29 00:00:00+09:00,130000.0,134500.0,130000.0,133500.0,402828.0
2021-12-30 00:00:00+09:00,132500.0,136000.0,131500.0,135000.0,249297.0
2022-01-03 00:00:00+09:00,136500.0,137000.0,129500.0,131500.0,291487.0
2022-01-04 00:00:00+09:00,132500.0,134000.0,128000.0,128500.0,221399.0
2022-01-05 00:00:00+09:00,126500.0,127000.0,122500.0,123500.0,334173.0
2022-01-06 00:00:00+09:00,119500.0,124500.0,118000.0,118000.0,261675.0
2022-01-07 00:00:00+09:00,118000.0,119500.0,115500.0,117500.0,392260.0
2022-01-10 00:00:00+09:00,115000.0,116500.0,110000.0,111500.0,396517.0
2022-01-11 00:00:00+09:00,111000.0,112500.0,107500.0,108500.0,320618.0
2022-01-12 00:00:00+09:00,110000.0,114500.0,110000.0,113000.0,262718.0
2022-01-13 00:00:00+09:00,116000.0,116500.0,111500.0,113500.0,360398.0
2022-01-14 00:00:00+09:00,111000.0,113000.0,109500.0,112000.0,136853.0
2022-01-17 00:00:00+09:00,112000.0,114500.0,109500.0,111000.0,165953.0
2022-01-18 00:00:00+09:00,112500.0,115500.0,110000.0,111500.0,296243.0
2022-01-19 00:00:00+09:00,109500.0,110500.0,106500.0,107500.0,257738.0
2022-01-20 00:00:00+09:00,106500.0,112000.0,106000.0,111000.0,233178.0
2022-01-21 00:00:00+09:00,109500.0,111000.0,107000.0,108500.0,195162.0
2022-01-24 00:00:00+09:00,106500.0,107500.0,103500.0,106000.0,241834.0
2022-01-25 00:00:00+09:00,105500.0,107500.0,101000.0,102500.0,326529.0
2022-01-26 00:00:00+09:00,102000.0,103500.0,98000.0,98300.0,382485.0
2022-01-27 00:00:00+09:00,98000.0,100500.0,92500.0,95000.0,438690.0
2022-01-28 00:00:00+09:00,93200.0,95400.0,89700.0,93700.0,562891.0
2022-02-03 00:00:00+09:00,96900.0,98700.0,94600.0,96400.0,368302.0
2022-02-04 00:00:00+09:00,95800.0,98800.0,95500.0,98100.0,238060.0
2022-02-07 00:00:00+09:00,98200.0,100500.0,96600.0,97900.0,294513.0
2022-02-08 00:00:00+09:00,99000.0,101500.0,95400.0,96800.0,351593.0
2022-02-09 00:00:00+09:00,97800.0,100500.0,97400.0,99400.0,231548.0
2022-02-10 00:00:00+09:00,99900.0,101000.0,96100.0,96200.0,398370.0
2022-02-11 00:00:00+09:00,94100.0,96500.0,92200.0,95100.0,286668.0
2022-02-14 00:00:00+09:00,93000.0,93800.0,90100.0,91200.0,355877.0
2022-02-15 00:00:00+09:00,91200.0,92900.0,89800.0,91200.0,259242.0
2022-02-16 00:00:00+09:00,92900.0,94500.0,92400.0,93500.0,210376.0
2022-02-17 00:00:00+09:00,94900.0,96400.0,90900.0,93400.0,297265.0
2022-02-18 00:00:00+09:00,91100.0,93900.0,89900.0,93400.0,203338.0
2022-02-21 00:00:00+09:00,91400.0,93800.0,90200.0,93400.0,176458.0
2022-02-22 00:00:00+09:00,91900.0,93500.0,91300.0,92000.0,169502.0
2022-02-23 00:00:00+09:00,92300.0,93100.0,91600.0,92400.0,134213.0
2022-02-24 00:00:00+09:00,91800.0,93600.0,87200.0,87500.0,367633.0
2022-02-25 00:00:00+09:00,89300.0,92800.0,88500.0,89300.0,432596.0
2022-02-28 00:00:00+09:00,88900.0,90900.0,88100.0,90900.0,256032.0
2022-03-02 00:00:00+09:00,90200.0,92900.0,90000.0,92100.0,236524.0
2022-03-03 00:00:00+09:00,93200.0,93300.0,91800.0,92600.0,204029.0
2022-03-04 00:00:00+09:00,92200.0,92600.0,89700.0,90200.0,197258.0
2022-03-07 00:00:00+09:00,88700.0,88700.0,84200.0,85900.0,373890.0
2022-03-08 00:00:00+09:00,84400.0,87100.0,83000.0,85000.0,252571.0
2022-03-10 00:00:00+09:00,87300.0,88200.0,85600.0,86100.0,354172.0
2022-03-11 00:00:00+09:00,86000.0,87400.0,84100.0,85300.0,213272.0
2022-03-14 00:00:00+09:00,85000.0,85000.0,80700.0,83000.0,383475.0
2022-03-15 00:00:00+09:00,82100.0,84500.0,81100.0,83000.0,221675.0
2022-03-16 00:00:00+09:00,84300.0,85700.0,82800.0,83900.0,213699.0
2022-03-17 00:00:00+09:00,85900.0,87200.0,85800.0,86500.0,264834.0
2022-03-18 00:00:00+09:00,87000.0,87700.0,86300.0,86800.0,389904.0
2022-03-21 00:00:00+09:00,87600.0,88700.0,86300.0,86300.0,201581.0
2022-03-22 00:00:00+09:00,86100.0,87200.0,85100.0,86700.0,134408.0
2022-03-23 00:00:00+09:00,87900.0,88300.0,86500.0,87100.0,202590.0
2022-03-24 00:00:00+09:00,86600.0,89200.0,85600.0,89200.0,249551.0
2022-03-25 00:00:00+09:00,90200.0,91000.0,89000.0,89300.0,290306.0
2022-03-28 00:00:00+09:00,90900.0,90900.0,89200.0,89400.0,233522.0
2022-03-29 00:00:00+09:00,90600.0,91600.0,89900.0,90700.0,249766.0
2022-03-30 00:00:00+09:00,91300.0,91900.0,90300.0,90800.0,207773.0
2022-03-31 00:00:00+09:00,90400.0,96600.0,90400.0,96600.0,602538.0
2022-04-01 00:00:00+09:00,95900.0,97000.0,94700.0,95500.0,305709.0
2022-04-04 00:00:00+09:00,95600.0,99400.0,94300.0,98800.0,365471.0
2022-04-05 00:00:00+09:00,101000.0,102500.0,99700.0,101000.0,431294.0
2022-04-06 00:00:00+09:00,99400.0,102500.0,99300.0,100000.0,273915.0
2022-04-07 00:00:00+09:00,98100.0,100500.0,98000.0,99900.0,349332.0
2022-04-08 00:00:00+09:00,100000.0,103500.0,99600.0,103000.0,405033.0
2022-04-11 00:00:00+09:00,102500.0,102500.0,94900.0,96000.0,527616.0
2022-04-12 00:00:00+09:00,93500.0,95500.0,93100.0,94800.0,263828.0
2022-04-13 00:00:00+09:00,95000.0,96400.0,94200.0,95600.0,196533.0
2022-04-14 00:00:00+09:00,96600.0,97800.0,95300.0,96300.0,266271.0
2022-04-15 00:00:00+09:00,95100.0,95600.0,93900.0,94300.0,168112.0
2022-04-18 00:00:00+09:00,93500.0,93600.0,88200.0,88600.0,413276.0
2022-04-19 00:00:00+09:00,88600.0,91000.0,88600.0,90500.0,190991.0
2022-04-20 00:00:00+09:00,90900.0,91500.0,89200.0,89600.0,171606.0
2022-04-21 00:00:00+09:00,89600.0,92000.0,89600.0,90400.0,201817.0
2022-04-22 00:00:00+09:00,89200.0,89800.0,87400.0,89100.0,301662.0
2022-04-25 00:00:00+09:00,87000.0,87900.0,83200.0,83200.0,551758.0
2022-04-26 00:00:00+09:00,83500.0,85700.0,83300.0,85000.0,253904.0
2022-04-27 00:00:00+09:00,81700.0,86800.0,81700.0,86700.0,258953.0
2022-04-28 00:00:00+09:00,87700.0,88400.0,85400.0,86700.0,256570.0
2022-04-29 00:00:00+09:00,87200.0,88700.0,86700.0,88000.0,199232.0
2022-05-02 00:00:00+09:00,86800.0,88900.0,86800.0,88700.0,128826.0
2022-05-03 00:00:00+09:00,89000.0,89200.0,87600.0,88000.0,160571.0
2022-05-04 00:00:00+09:00,88300.0,89600.0,86300.0,86700.0,209915.0
2022-05-06 00:00:00+09:00,84800.0,89200.0,84800.0,87200.0,260424.0
2022-05-09 00:00:00+09:00,88100.0,88100.0,83100.0,83400.0,258490.0
2022-05-10 00:00:00+09:00,81600.0,83600.0,79900.0,82800.0,340921.0
2022-05-11 00:00:00+09:00,82000.0,83500.0,80800.0,81400.0,273494.0
2022-05-12 00:00:00+09:00,79900.0,80700.0,77000.0,77000.0,492171.0
2022-05-13 00:00:00+09:00,77000.0,80700.0,77000.0,80200.0,317978.0
2022-05-16 00:00:00+09:00,81500.0,83900.0,80800.0,81500.0,235809.0
2022-05-17 00:00:00+09:00,81700.0,88100.0,81700.0,86900.0,478869.0
2022-05-18 00:00:00+09:00,87900.0,89800.0,87500.0,88200.0,378421.0
2022-05-19 00:00:00+09:00,86000.0,94200.0,85500.0,93500.0,737447.0
2022-05-20 00:00:00+09:00,94300.0,96000.0,92500.0,94700.0,419243.0
2022-05-23 00:00:00+09:00,95300.0,96700.0,93200.0,94800.0,267016.0
2022-05-24 00:00:00+09:00,94800.0,95700.0,91800.0,93900.0,526575.0
2022-05-25 00:00:00+09:00,93900.0,93900.0,79500.0,83600.0,2564195.0
2022-05-26 00:00:00+09:00,83600.0,84500.0,81300.0,81600.0,677138.0
2022-05-27 00:00:00+09:00,82800.0,84300.0,77600.0,78900.0,972803.0
2022-05-30 00:00:00+09:00,79700.0,85300.0,78800.0,83700.0,1048327.0
2022-05-31 00:00:00+09:00,83700.0,91800.0,82600.0,89900.0,1440442.0
2022-06-02 00:00:00+09:00,88600.0,90600.0,87800.0,87900.0,465889.0
2022-06-03 00:00:00+09:00,88800.0,89500.0,85500.0,87100.0,408500.0
2022-06-07 00:00:00+09:00,86200.0,87700.0,84200.0,84400.0,354073.0
2022-06-08 00:00:00+09:00,84400.0,85000.0,82600.0,83200.0,289178.0
2022-06-09 00:00:00+09:00,83500.0,85400.0,82800.0,82900.0,378604.0
2022-06-10 00:00:00+09:00,82000.0,84400.0,81900.0,82700.0,242375.0
2022-06-13 00:00:00+09:00,81400.0,81900.0,79000.0,79300.0,340750.0
2022-06-14 00:00:00+09:00,77000.0,81300.0,77000.0,78400.0,511724.0
2022-06-15 00:00:00+09:00,78800.0,79500.0,73400.0,73500.0,634186.0
2022-06-16 00:00:00+09:00,76500.0,83200.0,76300.0,80700.0,1225736.0
2022-06-17 00:00:00+09:00,78300.0,81100.0,77300.0,78700.0,519081.0
2022-06-20 00:00:00+09:00,79900.0,80200.0,76000.0,77500.0,361594.0
2022-06-21 00:00:00+09:00,78000.0,78700.0,74800.0,77000.0,345121.0
2022-06-22 00:00:00+09:00,78300.0,79300.0,73400.0,73800.0,437051.0
2022-06-23 00:00:00+09:00,73400.0,74600.0,69400.0,70000.0,614494.0
2022-06-24 00:00:00+09:00,69700.0,80700.0,69500.0,78400.0,2363487.0
2022-06-27 00:00:00+09:00,79200.0,80000.0,77400.0,77800.0,663369.0
2022-06-28 00:00:00+09:00,77900.0,78900.0,77100.0,78700.0,327970.0
2022-06-29 00:00:00+09:00,77100.0,77800.0,73300.0,74600.0,473517.0
2022-06-30 00:00:00+09:00,73800.0,74900.0,68400.0,69800.0,970425.0
2022-07-01 00:00:00+09:00,69800.0,71300.0,67200.0,68500.0,606527.0
2022-07-04 00:00:00+09:00,68700.0,69500.0,64800.0,66300.0,678258.0
2022-07-05 00:00:00+09:00,66500.0,70000.0,65400.0,70000.0,587572.0
2022-07-06 00:00:00+09:00,69600.0,72800.0,69000.0,69500.0,553194.0
2022-07-07 00:00:00+09:00,71300.0,72300.0,68900.0,70000.0,342778.0
2022-07-08 00:00:00+09:00,70800.0,71500.0,69100.0,69300.0,287667.0
2022-07-11 00:00:00+09:00,69500.0,70100.0,68100.0,69100.0,187010.0
2022-07-12 00:00:00+09:00,68300.0,68400.0,65800.0,66400.0,314340.0
2022-07-13 00:00:00+09:00,66200.0,67500.0,65600.0,67300.0,249575.0
2022-07-14 00:00:00+09:00,68500.0,69300.0,67000.0,68600.0,460603.0
2022-07-15 00:00:00+09:00,68500.0,69100.0,66800.0,68400.0,211770.0
2022-07-18 00:00:00+09:00,69200.0,69800.0,67400.0,69300.0,236341.0
2022-07-19 00:00:00+09:00,69100.0,71000.0,68700.0,70200.0,230911.0
2022-07-20 00:00:00+09:00,71500.0,71700.0,69700.0,70100.0,221941.0
2022-07-21 00:00:00+09:00,70400.0,72400.0,70100.0,71900.0,299732.0
2022-07-22 00:00:00+09:00,72500.0,74300.0,71700.0,71800.0,377234.0
2022-07-25 00:00:00+09:00,71300.0,73000.0,71100.0,72400.0,179307.0
2022-07-26 00:00:00+09:00,72400.0,73000.0,71300.0,72500.0,185593.0
2022-07-27 00:00:00+09:00,72400.0,72700.0,70900.0,71300.0,202072.0
2022-07-28 00:00:00+09:00,72100.0,73800.0,71700.0,73100.0,285346.0
2022-07-29 00:00:00+09:00,73600.0,74700.0,73000.0,73500.0,199805.0
2022-08-01 00:00:00+09:00,74000.0,75200.0,73000.0,74900.0,244523.0
2022-08-02 00:00:00+09:00,75000.0,75500.0,73700.0,74000.0,219715.0
2022-08-03 00:00:00+09:00,73700.0,75400.0,73500.0,75100.0,191522.0
2022-08-04 00:00:00+09:00,75600.0,76500.0,75300.0,76200.0,195473.0
2022-08-05 00:00:00+09:00,76900.0,78000.0,75600.0,76100.0,325827.0
2022-08-08 00:00:00+09:00,75700.0,76300.0,75000.0,75800.0,179907.0
2022-08-09 00:00:00+09:00,75900.0,76400.0,71900.0,74900.0,447635.0
2022-08-10 00:00:00+09:00,74400.0,75900.0,74200.0,74800.0,222030.0
2022-08-11 00:00:00+09:00,75800.0,76400.0,74700.0,75100.0,302202.0
2022-08-12 00:00:00+09:00,75300.0,77000.0,74800.0,76800.0,276726.0
2022-08-16 00:00:00+09:00,78100.0,79500.0,76600.0,77500.0,312666.0
2022-08-17 00:00:00+09:00,77500.0,77500.0,74000.0,74600.0,410414.0
2022-08-18 00:00:00+09:00,72900.0,73500.0,71100.0,72500.0,434874.0
2022-08-19 00:00:00+09:00,73000.0,76600.0,71300.0,74000.0,897416.0
2022-08-22 00:00:00+09:00,72600.0,72900.0,70000.0,70000.0,449433.0
2022-08-23 00:00:00+09:00,68800.0,70800.0,68400.0,69800.0,286297.0
2022-08-24 00:00:00+09:00,69800.0,72800.0,69300.0,70700.0,319632.0
2022-08-25 00:00:00+09:00,70600.0,77300.0,70600.0,73500.0,891273.0
2022-08-26 00:00:00+09:00,73500.0,74300.0,72600.0,73000.0,237675.0
2022-08-29 00:00:00+09:00,69600.0,72000.0,69600.0,70700.0,291746.0
2022-08-30 00:00:00+09:00,70800.0,74200.0,70200.0,73300.0,465405.0
2022-08-31 00:00:00+09:00,72500.0,74300.0,72100.0,74200.0,288657.0
2022-09-01 00:00:00+09:00,73700.0,74000.0,70000.0,70000.0,445723.0
2022-09-02 00:00:00+09:00,70800.0,70900.0,68600.0,68800.0,284510.0
2022-09-05 00:00:00+09:00,67900.0,68700.0,66500.0,66900.0,298907.0
2022-09-06 00:00:00+09:00,66500.0,67800.0,66200.0,67300.0,180001.0
2022-09-07 00:00:00+09:00,66600.0,67000.0,64700.0,65400.0,293666.0
2022-09-08 00:00:00+09:00,65900.0,67600.0,65900.0,66600.0,285312.0
2022-09-13 00:00:00+09:00,68000.0,69400.0,68000.0,68500.0,270404.0
2022-09-14 00:00:00+09:00,65700.0,67600.0,65700.0,66600.0,280360.0
2022-09-15 00:00:00+09:00,66900.0,68300.0,66000.0,67300.0,240776.0
2022-09-16 00:00:00+09:00,67700.0,68700.0,64700.0,64800.0,346001.0
2022-09-19 00:00:00+09:00,64900.0,65500.0,63100.0,63200.0,246271.0
2022-09-20 00:00:00+09:00,63400.0,64200.0,62000.0,62900.0,304044.0
2022-09-21 00:00:00+09:00,62500.0,62800.0,61600.0,62400.0,223470.0
2022-09-22 00:00:00+09:00,60700.0,62600.0,60200.0,62200.0,285250.0
2022-09-23 00:00:00+09:00,62000.0,62000.0,58900.0,59200.0,335465.0
2022-09-26 00:00:00+09:00,57800.0,58200.0,55700.0,56100.0,479915.0
2022-09-27 00:00:00+09:00,55700.0,57000.0,53800.0,57000.0,559854.0
2022-09-28 00:00:00+09:00,62100.0,62300.0,52100.0,52100.0,1804372.0
2022-09-29 00:00:00+09:00,53300.0,56200.0,52300.0,52400.0,812759.0
2022-09-30 00:00:00+09:00,51600.0,52300.0,50300.0,50800.0,512082.0
2022-10-04 00:00:00+09:00,51600.0,53300.0,50800.0,53200.0,382608.0
2022-10-05 00:00:00+09:00,54200.0,54500.0,51000.0,51000.0,342244.0
2022-10-06 00:00:00+09:00,51500.0,54600.0,51500.0,54500.0,368498.0
2022-10-07 00:00:00+09:00,53400.0,55100.0,53100.0,54000.0,298042.0
2022-10-11 00:00:00+09:00,54500.0,58000.0,52700.0,56800.0,1172999.0
2022-10-12 00:00:00+09:00,55600.0,56000.0,53800.0,54500.0,633539.0
2022-10-13 00:00:00+09:00,53900.0,55700.0,53900.0,54200.0,591980.0
2022-10-14 00:00:00+09:00,55300.0,57500.0,55100.0,56200.0,624626.0
2022-10-17 00:00:00+09:00,55200.0,61700.0,54700.0,59900.0,821565.0
2022-10-18 00:00:00+09:00,61700.0,61900.0,58400.0,59900.0,650517.0
2022-10-19 00:00:00+09:00,60100.0,61800.0,59400.0,59800.0,508250.0
2022-10-20 00:00:00+09:00,59700.0,59700.0,57800.0,58800.0,367357.0
2022-10-21 00:00:00+09:00,58800.0,60600.0,58500.0,58800.0,335831.0
2022-10-24 00:00:00+09:00,60000.0,60600.0,58600.0,59000.0,295702.0
2022-10-25 00:00:00+09:00,58500.0,59300.0,54100.0,56800.0,846299.0
2022-10-26 00:00:00+09:00,57200.0,57900.0,56200.0,56200.0,289861.0
2022-10-27 00:00:00+09:00,56900.0,58900.0,56800.0,58300.0,423479.0
2022-10-28 00:00:00+09:00,57900.0,61800.0,57700.0,59400.0,594947.0
2022-10-31 00:00:00+09:00,60700.0,60900.0,59100.0,60600.0,641910.0
2022-11-01 00:00:00+09:00,60600.0,62300.0,59800.0,61900.0,318834.0
2022-11-02 00:00:00+09:00,62000.0,65500.0,61200.0,62500.0,581954.0
2022-11-03 00:00:00+09:00,60800.0,64000.0,60600.0,63300.0,295063.0
2022-11-04 00:00:00+09:00,63300.0,63500.0,62100.0,62400.0,239412.0
2022-11-07 00:00:00+09:00,62000.0,63100.0,61800.0,62700.0,202347.0
2022-11-08 00:00:00+09:00,62800.0,63300.0,60300.0,63200.0,274870.0
2022-11-09 00:00:00+09:00,63400.0,63900.0,62300.0,63300.0,282469.0
2022-11-10 00:00:00+09:00,62900.0,63700.0,61300.0,61400.0,393784.0
2022-11-11 00:00:00+09:00,63600.0,66000.0,63200.0,65000.0,542901.0
2022-11-14 00:00:00+09:00,65600.0,68000.0,65000.0,67300.0,468818.0
2022-11-15 00:00:00+09:00,66600.0,66900.0,64800.0,66400.0,334963.0
2022-11-16 00:00:00+09:00,67000.0,67100.0,64200.0,65900.0,225129.0
2022-11-17 00:00:00+09:00,65800.0,65800.0,63900.0,64400.0,211120.0
2022-11-18 00:00:00+09:00,64100.0,66000.0,63900.0,65100.0,223427.0
2022-11-21 00:00:00+09:00,65000.0,65500.0,61000.0,61300.0,322865.0
2022-11-22 00:00:00+09:00,61000.0,61700.0,58700.0,59100.0,344964.0
2022-11-23 00:00:00+09:00,59400.0,61100.0,59400.0,60700.0,274265.0
2022-11-24 00:00:00+09:00,61200.0,62100.0,60900.0,61400.0,192607.0
2022-11-25 00:00:00+09:00,61200.0,62000.0,60700.0,60900.0,167947.0
2022-11-28 00:00:00+09:00,60800.0,61500.0,59900.0,60000.0,166967.0
2022-11-29 00:00:00+09:00,59400.0,61100.0,59400.0,61100.0,161057.0
2022-11-30 00:00:00+09:00,60400.0,61900.0,59700.0,61900.0,242975.0
2022-12-01 00:00:00+09:00,62900.0,63500.0,62100.0,63300.0,263909.0
2022-12-02 00:00:00+09:00,63100.0,63500.0,61300.0,61300.0,128718.0
2022-12-05 00:00:00+09:00,61400.0,61500.0,59100.0,59700.0,226646.0
2022-12-06 00:00:00+09:00,58700.0,59600.0,58200.0,58600.0,154682.0
2022-12-07 00:00:00+09:00,58500.0,60300.0,57600.0,59900.0,166204.0
2022-12-08 00:00:00+09:00,59900.0,60600.0,58900.0,59300.0,188141.0
2022-12-09 00:00:00+09:00,59800.0,60100.0,57200.0,58300.0,230652.0
2022-12-12 00:00:00+09:00,58000.0,58800.0,57200.0,58400.0,160221.0
2022-12-13 00:00:00+09:00,58500.0,59300.0,55100.0,55900.0,366682.0
2022-12-14 00:00:00+09:00,55900.0,59200.0,55900.0,59100.0,281951.0
2022-12-15 00:00:00+09:00,58400.0,59400.0,57900.0,57900.0,133025.0
2022-12-16 00:00:00+09:00,56700.0,58400.0,56400.0,58400.0,178588.0
2022-12-19 00:00:00+09:00,57600.0,57800.0,56100.0,56300.0,165706.0
2022-12-20 00:00:00+09:00,56000.0,56700.0,54700.0,55300.0,169773.0
2022-12-21 00:00:00+09:00,55500.0,55900.0,53500.0,53800.0,214664.0
2022-12-22 00:00:00+09:00,54300.0,54900.0,53800.0,54700.0,163485.0
2022-12-23 00:00:00+09:00,53600.0,54400.0,52600.0,52800.0,230181.0
2022-12-26 00:00:00+09:00,52600.0,53200.0,52100.0,52600.0,174879.0
2022-12-27 00:00:00+09:00,52700.0,54800.0,52700.0,54800.0,260500.0
2022-12-28 00:00:00+09:00,54000.0,54200.0,51300.0,51800.0,312792.0
2022-12-29 00:00:00+09:00,51400.0,52800.0,51000.0,51900.0,201974.0
2023-01-02 00:00:00+09:00,52000.0,53500.0,51900.0,51900.0,165374.0
2023-01-03 00:00:00+09:00,51600.0,52400.0,49850.0,51800.0,284554.0
2023-01-04 00:00:00+09:00,50600.0,53300.0,49600.0,53300.0,242153.0
2023-01-05 00:00:00+09:00,53400.0,54200.0,52200.0,52700.0,190716.0
2023-01-06 00:00:00+09:00,52300.0,54800.0,52200.0,54600.0,236560.0
2023-01-09 00:00:00+09:00,55200.0,55600.0,54700.0,55300.0,188366.0
2023-01-10 00:00:00+09:00,55900.0,57300.0,55400.0,56200.0,256357.0
2023-01-11 00:00:00+09:00,57000.0,59500.0,56400.0,59500.0,380286.0
2023-01-12 00:00:00+09:00,59900.0,60000.0,58500.0,58500.0,381078.0
2023-01-13 00:00:00+09:00,58600.0,59300.0,57500.0,57800.0,195188.0
2023-01-16 00:00:00+09:00,58300.0,59500.0,58100.0,59300.0,155097.0
2023-01-17 00:00:00+09:00,59300.0,59700.0,58200.0,59000.0,172349.0
2023-01-18 00:00:00+09:00,59700.0,60300.0,58100.0,59500.0,191946.0
2023-01-19 00:00:00+09:00,58600.0,59300.0,57700.0,58400.0,131397.0
2023-01-20 00:00:00+09:00,58000.0,60400.0,57900.0,59500.0,178995.0
2023-01-25 00:00:00+09:00,60300.0,61300.0,60000.0,61000.0,174935.0
2023-01-26 00:00:00+09:00,61200.0,63800.0,60800.0,63500.0,343068.0
2023-01-27 00:00:00+09:00,64300.0,64700.0,63200.0,64400.0,282397.0
2023-01-30 00:00:00+09:00,64500.0,65500.0,62600.0,63400.0,247963.0
2023-01-31 00:00:00+09:00,63000.0,64500.0,62200.0,62800.0,219586.0
2023-02-01 00:00:00+09:00,62800.0,64200.0,62700.0,63900.0,166909.0
2023-02-02 00:00:00+09:00,64900.0,65900.0,64400.0,65600.0,262379.0
2023-02-03 00:00:00+09:00,65400.0,66100.0,63700.0,64600.0,217507.0
2023-02-06 00:00:00+09:00,64400.0,66100.0,63900.0,65000.0,228466.0
2023-02-07 00:00:00+09:00,64800.0,67000.0,64400.0,65800.0,253166.0
2023-02-08 00:00:00+09:00,66000.0,66100.0,63600.0,64100.0,298641.0
2023-02-09 00:00:00+09:00,63700.0,65500.0,63500.0,65500.0,263162.0
2023-02-10 00:00:00+09:00,66100.0,66900.0,64100.0,64300.0,360691.0
2023-02-13 00:00:00+09:00,64000.0,64500.0,62700.0,63400.0,218677.0
2023-02-14 00:00:00+09:00,63600.0,65200.0,63400.0,64100.0,189231.0
2023-02-15 00:00:00+09:00,64500.0,65200.0,62000.0,62200.0,301463.0
2023-02-16 00:00:00+09:00,62900.0,65400.0,62500.0,65100.0,329349.0
2023-02-17 00:00:00+09:00,63800.0,64300.0,61500.0,61700.0,433694.0
2023-02-20 00:00:00+09:00,62400.0,63800.0,61200.0,63000.0,322927.0
2023-02-21 00:00:00+09:00,63800.0,66300.0,62800.0,64900.0,470319.0
2023-02-22 00:00:00+09:00,63800.0,63900.0,60600.0,61200.0,626266.0
2023-02-23 00:00:00+09:00,61700.0,62600.0,60100.0,62300.0,261137.0
2023-02-24 00:00:00+09:00,62700.0,63000.0,61300.0,61700.0,187009.0
2023-02-27 00:00:00+09:00,60800.0,62100.0,60000.0,61600.0,240226.0
2023-02-28 00:00:00+09:00,62400.0,64200.0,62300.0,63600.0,354008.0
2023-03-02 00:00:00+09:00,63600.0,64900.0,63500.0,64000.0,342155.0
2023-03-03 00:00:00+09:00,64600.0,71300.0,63800.0,71300.0,1361321.0
2023-03-06 00:00:00+09:00,73400.0,75000.0,70200.0,70600.0,1172308.0
2023-03-07 00:00:00+09:00,70600.0,71300.0,68300.0,70000.0,685132.0
2023-03-08 00:00:00+09:00,68300.0,69000.0,66000.0,67300.0,669466.0
2023-03-09 00:00:00+09:00,67400.0,67400.0,64300.0,64300.0,635813.0
2023-03-10 00:00:00+09:00,62500.0,63900.0,62100.0,62600.0,407237.0
2023-03-13 00:00:00+09:00,62100.0,64800.0,61900.0,64800.0,334077.0
2023-03-14 00:00:00+09:00,64100.0,64100.0,61500.0,62100.0,348490.0
2023-03-15 00:00:00+09:00,63800.0,65200.0,63000.0,63900.0,314278.0
2023-03-16 00:00:00+09:00,63900.0,64300.0,62200.0,63700.0,302105.0
2023-03-17 00:00:00+09:00,65400.0,65400.0,62000.0,63000.0,441584.0
2023-03-20 00:00:00+09:00,62500.0,63300.0,61600.0,62900.0,275939.0
2023-03-21 00:00:00+09:00,63000.0,64300.0,62600.0,63000.0,273610.0
2023-03-22 00:00:00+09:00,64100.0,67000.0,63200.0,66800.0,600173.0
2023-03-23 00:00:00+09:00,65800.0,68000.0,65100.0,66200.0,660946.0
2023-03-24 00:00:00+09:00,66700.0,66700.0,62500.0,64000.0,657517.0
2023-03-27 00:00:00+09:00,64400.0,66500.0,64200.0,65800.0,608833.0
2023-03-28 00:00:00+09:00,65800.0,65800.0,63200.0,64700.0,452392.0
2023-03-29 00:00:00+09:00,64100.0,67100.0,64100.0,66500.0,602578.0
2023-03-30 00:00:00+09:00,67600.0,67700.0,65400.0,66500.0,577111.0
2023-03-31 00:00:00+09:00,67100.0,70300.0,65500.0,68800.0,897486.0
2023-04-03 00:00:00+09:00,70300.0,70400.0,67100.0,68800.0,577640.0
2023-04-04 00:00:00+09:00,68300.0,74000.0,68000.0,69700.0,1289186.0
2023-04-05 00:00:00+09:00,71000.0,72300.0,69700.0,71400.0,663308.0
2023-04-06 00:00:00+09:00,72200.0,72500.0,70000.0,71200.0,660022.0
2023-04-07 00:00:00+09:00,71800.0,73300.0,70700.0,72400.0,527906.0
2023-04-10 00:00:00+09:00,73600.0,74500.0,70300.0,71200.0,842603.0
2023-04-11 00:00:00+09:00,71100.0,71900.0,68300.0,70500.0,698277.0
2023-04-12 00:00:00+09:00,70900.0,70900.0,67800.0,68000.0,539374.0
2023-04-13 00:00:00+09:00,67200.0,69700.0,66100.0,69200.0,539861.0
2023-04-14 00:00:00+09:00,70000.0,70100.0,68000.0,69300.0,328485.0
2023-04-17 00:00:00+09:00,69400.0,69400.0,67600.0,68200.0,346737.0
2023-04-18 00:00:00+09:00,68500.0,68500.0,66200.0,66900.0,434324.0
2023-04-19 00:00:00+09:00,66900.0,68700.0,66000.0,67500.0,380799.0
2023-04-20 00:00:00+09:00,67000.0,67300.0,64900.0,65200.0,426303.0
2023-04-21 00:00:00+09:00,64700.0,66200.0,63900.0,64100.0,306263.0
2023-04-24 00:00:00+09:00,63500.0,64700.0,63100.0,63500.0,224250.0
2023-04-25 00:00:00+09:00,63400.0,64100.0,60700.0,61500.0,395318.0
2023-04-26 00:00:00+09:00,61300.0,62500.0,61100.0,61200.0,218681.0
2023-04-27 00:00:00+09:00,61000.0,62000.0,60100.0,61600.0,234163.0
2023-04-28 00:00:00+09:00,62200.0,62600.0,59800.0,60200.0,307294.0
2023-05-02 00:00:00+09:00,60300.0,61300.0,60000.0,61000.0,178640.0
2023-05-03 00:00:00+09:00,60700.0,61500.0,59900.0,60000.0,167193.0
2023-05-04 00:00:00+09:00,60100.0,60400.0,59100.0,60400.0,161363.0
2023-05-08 00:00:00+09:00,62100.0,64800.0,62000.0,62400.0,436715.0
2023-05-09 00:00:00+09:00,62600.0,63800.0,60600.0,61100.0,228057.0
2023-05-10 00:00:00+09:00,60900.0,61700.0,60100.0,60500.0,162757.0
2023-05-11 00:00:00+09:00,60600.0,61400.0,59900.0,59900.0,195629.0
2023-05-12 00:00:00+09:00,59800.0,60300.0,59200.0,59500.0,153382.0
2023-05-15 00:00:00+09:00,58900.0,59300.0,57300.0,59300.0,215102.0
2023-05-16 00:00:00+09:00,58800.0,59100.0,57600.0,58300.0,172517.0
2023-05-17 00:00:00+09:00,58300.0,59900.0,58000.0,59900.0,130596.0
2023-05-18 00:00:00+09:00,60300.0,60300.0,55900.0,56000.0,611254.0
2023-05-19 00:00:00+09:00,56000.0,56200.0,54400.0,55600.0,318062.0
2023-05-22 00:00:00+09:00,55400.0,56800.0,54800.0,56300.0,214636.0
2023-05-23 00:00:00+09:00,56600.0,57800.0,56400.0,57000.0,215207.0
2023-05-24 00:00:00+09:00,56800.0,57400.0,56200.0,56900.0,149779.0
2023-05-25 00:00:00+09:00,56800.0,57600.0,56600.0,57000.0,153685.0
2023-05-26 00:00:00+09:00,57100.0,57200.0,55800.0,56100.0,173204.0
2023-05-30 00:00:00+09:00,56400.0,58000.0,56400.0,57600.0,236028.0
2023-05-31 00:00:00+09:00,57300.0,58400.0,57300.0,57300.0,331744.0
2023-06-01 00:00:00+09:00,58000.0,58300.0,57000.0,57000.0,124736.0
2023-06-02 00:00:00+09:00,57300.0,59200.0,57100.0,58600.0,201628.0
2023-06-05 00:00:00+09:00,59100.0,59500.0,58200.0,59300.0,133080.0
2023-06-07 00:00:00+09:00,59500.0,60300.0,59300.0,59600.0,159944.0
2023-06-08 00:00:00+09:00,59200.0,60100.0,58800.0,59200.0,171146.0
2023-06-09 00:00:00+09:00,60000.0,61300.0,59300.0,61000.0,210543.0
2023-06-12 00:00:00+09:00,60900.0,61500.0,60200.0,61300.0,175286.0
2023-06-13 00:00:00+09:00,61300.0,61900.0,60900.0,61100.0,151319.0
2023-06-14 00:00:00+09:00,61500.0,61600.0,59100.0,59500.0,239167.0
2023-06-15 00:00:00+09:00,59500.0,60400.0,58200.0,59300.0,189715.0
2023-06-16 00:00:00+09:00,59500.0,59800.0,58200.0,59200.0,211547.0
2023-06-19 00:00:00+09:00,59200.0,59700.0,58300.0,59200.0,118894.0
2023-06-20 00:00:00+09:00,58500.0,59400.0,58400.0,58700.0,135136.0
2023-06-21 00:00:00+09:00,58800.0,59800.0,57200.0,57500.0,180822.0
2023-06-22 00:00:00+09:00,56600.0,57800.0,56600.0,57200.0,178107.0
2023-06-23 00:00:00+09:00,57300.0,57600.0,55400.0,56500.0,199957.0
2023-06-26 00:00:00+09:00,56600.0,56800.0,55300.0,55500.0,183998.0
2023-06-27 00:00:00+09:00,55000.0,55400.0,53700.0,54500.0,252800.0
2023-06-28 00:00:00+09:00,54700.0,54800.0,50800.0,50800.0,516632.0
2023-06-29 00:00:00+09:00,50100.0,51000.0,47700.0,47850.0,700633.0
2023-06-30 00:00:00+09:00,47850.0,48250.0,47050.0,48200.0,447520.0
2023-07-03 00:00:00+09:00,48200.0,50800.0,48200.0,49500.0,376408.0
2023-07-04 00:00:00+09:00,49950.0,50400.0,48250.0,48600.0,365692.0
2023-07-05 00:00:00+09:00,48900.0,58900.0,48900.0,58000.0,2599076.0
2023-07-06 00:00:00+09:00,57000.0,57200.0,54200.0,54400.0,748680.0
2023-07-07 00:00:00+09:00,53900.0,57600.0,53800.0,54700.0,820731.0
2023-07-10 00:00:00+09:00,54400.0,54600.0,51800.0,52000.0,447963.0
2023-07-11 00:00:00+09:00,52600.0,54200.0,52200.0,52900.0,362697.0
2023-07-12 00:00:00+09:00,53000.0,53800.0,51500.0,52900.0,325054.0
2023-07-13 00:00:00+09:00,53500.0,55400.0,53300.0,53300.0,519338.0
2023-07-14 00:00:00+09:00,53900.0,54800.0,53400.0,54300.0,300347.0
2023-07-17 00:00:00+09:00,54900.0,55800.0,53500.0,54800.0,328361.0
2023-07-18 00:00:00+09:00,55000.0,56100.0,53600.0,55900.0,588391.0
2023-07-19 00:00:00+09:00,56300.0,56300.0,52700.0,53800.0,562950.0
2023-07-20 00:00:00+09:00,53700.0,55300.0,53200.0,54600.0,372912.0
2023-07-21 00:00:00+09:00,53800.0,54300.0,53300.0,53500.0,230807.0
2023-07-24 00:00:00+09:00,52900.0,53700.0,51500.0,53100.0,472753.0
2023-07-25 00:00:00+09:00,53800.0,54800.0,52400.0,53300.0,429584.0
2023-07-26 00:00:00+09:00,53300.0,59700.0,53200.0,56700.0,2230914.0
2023-07-27 00:00:00+09:00,58000.0,58400.0,53800.0,54400.0,803673.0
2023-07-28 00:00:00+09:00,53900.0,54800.0,53100.0,54400.0,337938.0
2023-07-31 00:00:00+09:00,54300.0,55800.0,54300.0,54800.0,346929.0
2023-08-01 00:00:00+09:00,55700.0,57100.0,55500.0,56400.0,440636.0
2023-08-02 00:00:00+09:00,56000.0,56400.0,54700.0,55200.0,343856.0
2023-08-03 00:00:00+09:00,54900.0,55400.0,52500.0,53400.0,442708.0
2023-08-04 00:00:00+09:00,53300.0,53400.0,51200.0,51300.0,351120.0
2023-08-07 00:00:00+09:00,50500.0,52500.0,50500.0,51900.0,229255.0
2023-08-08 00:00:00+09:00,50700.0,52100.0,49750.0,50900.0,322118.0
2023-08-09 00:00:00+09:00,51300.0,54400.0,51100.0,54100.0,385493.0
2023-08-10 00:00:00+09:00,53700.0,54400.0,53400.0,54100.0,194132.0
2023-08-11 00:00:00+09:00,56200.0,58200.0,55800.0,57500.0,852068.0
2023-08-14 00:00:00+09:00,58000.0,59100.0,54800.0,56200.0,420585.0
2023-08-16 00:00:00+09:00,54900.0,55700.0,52600.0,52600.0,305215.0
2023-08-17 00:00:00+09:00,51900.0,52600.0,51000.0,51700.0,268735.0
2023-08-18 00:00:00+09:00,51300.0,51300.0,49850.0,49900.0,304902.0
2023-08-21 00:00:00+09:00,50100.0,51800.0,50100.0,50400.0,184102.0
2023-08-22 00:00:00+09:00,50700.0,52000.0,49900.0,50100.0,196183.0
2023-08-23 00:00:00+09:00,50200.0,50300.0,47500.0,47650.0,509101.0
2023-08-24 00:00:00+09:00,48000.0,49200.0,48000.0,48150.0,247514.0
2023-08-25 00:00:00+09:00,47650.0,48550.0,47100.0,48250.0,167210.0
2023-08-28 00:00:00+09:00,48650.0,48800.0,47950.0,48600.0,186405.0
2023-08-29 00:00:00+09:00,49000.0,49400.0,48500.0,49150.0,167006.0
2023-08-30 00:00:00+09:00,49800.0,50100.0,49050.0,49050.0,174004.0
2023-08-31 00:00:00+09:00,49700.0,50300.0,48500.0,48700.0,290974.0
2023-09-01 00:00:00+09:00,48700.0,49000.0,48150.0,48500.0,177579.0
2023-09-04 00:00:00+09:00,48050.0,48900.0,47850.0,48900.0,229634.0
2023-09-05 00:00:00+09:00,48450.0,49250.0,48050.0,48300.0,232911.0
2023-09-06 00:00:00+09:00,48350.0,48700.0,47250.0,47300.0,309554.0
2023-09-07 00:00:00+09:00,46950.0,47000.0,44350.0,44600.0,549903.0
2023-09-08 00:00:00+09:00,44700.0,45600.0,44050.0,44550.0,331771.0
2023-09-11 00:00:00+09:00,44100.0,44850.0,43350.0,44000.0,272257.0
2023-09-12 00:00:00+09:00,44600.0,45550.0,43000.0,43450.0,343330.0
2023-09-13 00:00:00+09:00,42550.0,43550.0,42100.0,42350.0,330925.0
2023-09-14 00:00:00+09:00,42350.0,43650.0,42350.0,43600.0,345939.0
2023-09-15 00:00:00+09:00,43600.0,45150.0,43000.0,45150.0,302859.0
2023-09-18 00:00:00+09:00,45100.0,45550.0,44450.0,45150.0,258100.0
2023-09-19 00:00:00+09:00,45200.0,45250.0,43200.0,43400.0,294962.0
2023-09-20 00:00:00+09:00,43400.0,44250.0,43150.0,44000.0,190539.0
2023-09-21 00:00:00+09:00,43700.0,43800.0,40850.0,41100.0,419169.0
2023-09-22 00:00:00+09:00,40500.0,41050.0,40050.0,40550.0,304672.0
2023-09-25 00:00:00+09:00,40050.0,41300.0,40050.0,40400.0,197941.0
2023-09-26 00:00:00+09:00,40300.0,40850.0,39450.0,39650.0,249617.0
2023-09-27 00:00:00+09:00,38850.0,40050.0,38850.0,39800.0,300306.0
2023-10-04 00:00:00+09:00,39350.0,39350.0,37050.0,37400.0,431192.0
2023-10-05 00:00:00+09:00,37550.0,39250.0,37100.0,38250.0,359585.0
2023-10-06 00:00:00+09:00,38150.0,38950.0,38000.0,38500.0,177724.0
2023-10-10 00:00:00+09:00,39050.0,39850.0,38400.0,38700.0,217650.0
2023-10-11 00:00:00+09:00,39100.0,40400.0,39100.0,40200.0,212043.0
2023-10-12 00:00:00+09:00,40300.0,41250.0,40100.0,41050.0,234109.0
2023-10-13 00:00:00+09:00,40650.0,40950.0,39900.0,40250.0,183788.0
2023-10-16 00:00:00+09:00,39850.0,41550.0,39350.0,41150.0,260581.0
2023-10-17 00:00:00+09:00,41150.0,41700.0,40850.0,41300.0,137769.0
2023-10-18 00:00:00+09:00,41200.0,41200.0,40000.0,40800.0,116733.0
2023-10-19 00:00:00+09:00,40000.0,40400.0,39350.0,39600.0,186131.0
2023-10-20 00:00:00+09:00,39400.0,39400.0,37350.0,37700.0,260010.0
2023-10-23 00:00:00+09:00,36800.0,38200.0,36800.0,37600.0,189210.0
2023-10-24 00:00:00+09:00,37950.0,40250.0,36750.0,40250.0,291553.0
2023-10-25 00:00:00+09:00,40350.0,40600.0,38900.0,39000.0,220460.0
2023-10-26 00:00:00+09:00,38600.0,38600.0,36650.0,36650.0,348273.0
2023-10-27 00:00:00+09:00,36750.0,38450.0,36750.0,38000.0,219623.0
2023-10-30 00:00:00+09:00,37500.0,40100.0,37500.0,39750.0,264046.0
2023-10-31 00:00:00+09:00,39900.0,39900.0,37750.0,38500.0,230925.0
2023-11-01 00:00:00+09:00,39000.0,39150.0,37500.0,38000.0,218889.0
2023-11-02 00:00:00+09:00,38500.0,40400.0,38450.0,40100.0,301771.0
2023-11-03 00:00:00+09:00,40750.0,41050.0,39850.0,40500.0,188351.0
2023-11-06 00:00:00+09:00,42650.0,44900.0,42150.0,44900.0,643580.0
2023-11-07 00:00:00+09:00,44800.0,45100.0,42350.0,43350.0,250291.0
2023-11-08 00:00:00+09:00,43800.0,44650.0,42000.0,42150.0,193088.0
2023-11-09 00:00:00+09:00,42050.0,42750.0,40850.0,41500.0,210322.0
2023-11-10 00:00:00+09:00,40550.0,40800.0,39750.0,40200.0,154374.0
2023-11-13 00:00:00+09:00,40450.0,41100.0,39900.0,40200.0,92630.0
2023-11-14 00:00:00+09:00,40450.0,42300.0,40300.0,41600.0,141054.0
2023-11-15 00:00:00+09:00,42950.0,43250.0,41400.0,41950.0,244158.0
2023-11-16 00:00:00+09:00,42000.0,42100.0,40900.0,41950.0,132767.0
2023-11-17 00:00:00+09:00,42100.0,42100.0,40900.0,41350.0,129501.0
2023-11-20 00:00:00+09:00,41400.0,43800.0,41200.0,43050.0,180603.0
2023-11-21 00:00:00+09:00,43500.0,45450.0,42950.0,45000.0,298175.0
2023-11-22 00:00:00+09:00,44500.0,45200.0,43800.0,45100.0,137730.0
2023-11-23 00:00:00+09:00,44750.0,45000.0,44050.0,44100.0,109039.0
2023-11-24 00:00:00+09:00,43900.0,44500.0,43500.0,43800.0,77490.0
2023-11-27 00:00:00+09:00,43900.0,43900.0,43050.0,43250.0,125372.0
2023-11-28 00:00:00+09:00,43250.0,44550.0,43100.0,44000.0,169903.0
2023-11-29 00:00:00+09:00,44300.0,45400.0,43650.0,44950.0,237977.0
2023-11-30 00:00:00+09:00,44550.0,46750.0,44450.0,45000.0,2171459.0
2023-12-01 00:00:00+09:00,45200.0,46050.0,44500.0,44900.0,196683.0
2023-12-04 00:00:00+09:00,45500.0,45900.0,44350.0,45300.0,211636.0
2023-12-05 00:00:00+09:00,44850.0,44900.0,43500.0,43500.0,181718.0
2023-12-06 00:00:00+09:00,43600.0,44400.0,43550.0,43950.0,96473.0
2023-12-07 00:00:00+09:00,44000.0,44200.0,42650.0,42700.0,154823.0
2023-12-08 00:00:00+09:00,43000.0,43650.0,42200.0,42850.0,97563.0
2023-12-11 00:00:00+09:00,42900.0,43350.0,42200.0,42600.0,96117.0
2023-12-12 00:00:00+09:00,42400.0,43150.0,41900.0,42350.0,131817.0
2023-12-13 00:00:00+09:00,42300.0,42350.0,41450.0,41550.0,113996.0
2023-12-14 00:00:00+09:00,42100.0,42850.0,41650.0,42400.0,202548.0
2023-12-15 00:00:00+09:00,42650.0,43500.0,41900.0,42100.0,316115.0
2023-12-18 00:00:00+09:00,42250.0,42400.0,41100.0,41300.0,189381.0
2023-12-19 00:00:00+09:00,41200.0,41600.0,40400.0,40400.0,175766.0
2023-12-20 00:00:00+09:00,41000.0,41500.0,40600.0,41500.0,134483.0
2023-12-21 00:00:00+09:00,41200.0,41200.0,40450.0,40850.0,94811.0
2023-12-22 00:00:00+09:00,41200.0,41600.0,40650.0,40950.0,97337.0
2023-12-26 00:00:00+09:00,41100.0,41100.0,40300.0,40500.0,103121.0
2023-12-27 00:00:00+09:00,40500.0,41650.0,40400.0,41450.0,92719.0
2023-12-28 00:00:00+09:00,41650.0,42200.0,41150.0,42050.0,98118.0
2024-01-02 00:00:00+09:00,41700.0,42200.0,41250.0,41500.0,107099.0
2024-01-03 00:00:00+09:00,41000.0,41400.0,40400.0,40950.0,125776.0
2024-01-04 00:00:00+09:00,40650.0,40750.0,39850.0,39900.0,182789.0
2024-01-05 00:00:00+09:00,40000.0,41000.0,39850.0,40400.0,101054.0
2024-01-08 00:00:00+09:00,40400.0,40900.0,39850.0,40050.0,98648.0
2024-01-09 00:00:00+09:00,40850.0,40850.0,39750.0,39750.0,94567.0
2024-01-10 00:00:00+09:00,39750.0,39950.0,38250.0,38350.0,196295.0
2024-01-11 00:00:00+09:00,38350.0,38600.0,37450.0,37450.0,292667.0
2024-01-12 00:00:00+09:00,37600.0,38100.0,37000.0,37550.0,141891.0
2024-01-15 00:00:00+09:00,37500.0,37900.0,37000.0,37250.0,150063.0
2024-01-16 00:00:00+09:00,36850.0,37500.0,36700.0,36700.0,112734.0
2024-01-17 00:00:00+09:00,36800.0,36900.0,34800.0,34800.0,233638.0
2024-01-18 00:00:00+09:00,34500.0,35200.0,33300.0,33650.0,265724.0
2024-01-19 00:00:00+09:00,33800.0,34500.0,33600.0,33900.0,155278.0
2024-01-22 00:00:00+09:00,33900.0,34100.0,32450.0,32700.0,215490.0
2024-01-23 00:00:00+09:00,32700.0,32950.0,32350.0,32500.0,172354.0
2024-01-24 00:00:00+09:00,32400.0,32750.0,31650.0,32100.0,149421.0
2024-01-25 00:00:00+09:00,32100.0,32200.0,31400.0,31850.0,144718.0
2024-01-26 00:00:00+09:00,31500.0,33000.0,31400.0,32450.0,118065.0
2024-01-29 00:00:00+09:00,32550.0,33450.0,32550.0,33050.0,142162.0
2024-01-30 00:00:00+09:00,33450.0,33950.0,32300.0,32300.0,144799.0
2024-01-31 00:00:00+09:00,32050.0,32650.0,31500.0,31550.0,112458.0
2024-02-01 00:00:00+09:00,31250.0,32850.0,31000.0,32700.0,121831.0
2024-02-02 00:00:00+09:00,32850.0,33900.0,32650.0,33150.0,131101.0
2024-02-05 00:00:00+09:00,33100.0,33200.0,32500.0,32950.0,108736.0
2024-02-06 00:00:00+09:00,32600.0,33100.0,31950.0,32650.0,152059.0
2024-02-07 00:00:00+09:00,33050.0,36000.0,33000.0,34650.0,353187.0
2024-02-08 00:00:00+09:00,34900.0,35050.0,34500.0,34600.0,172950.0
2024-02-13 00:00:00+09:00,34800.0,35450.0,34550.0,35350.0,140655.0
2024-02-14 00:00:00+09:00,34650.0,35350.0,34450.0,35050.0,130835.0
2024-02-15 00:00:00+09:00,35400.0,36700.0,35100.0,35350.0,156915.0
2024-02-16 00:00:00+09:00,35800.0,36050.0,35350.0,35600.0,99180.0
2024-02-19 00:00:00+09:00,35500.0,36550.0,35300.0,35850.0,113772.0
2024-02-20 00:00:00+09:00,35800.0,37950.0,34200.0,37650.0,297555.0
2024-02-21 00:00:00+09:00,37500.0,38550.0,36900.0,37800.0,202793.0
2024-02-22 00:00:00+09:00,38000.0,39700.0,37500.0,37500.0,317534.0
2024-02-23 00:00:00+09:00,37500.0,37850.0,36600.0,36900.0,141418.0
2024-02-26 00:00:00+09:00,37100.0,37300.0,36200.0,36200.0,105767.0
2024-02-27 00:00:00+09:00,36200.0,37000.0,35400.0,35550.0,93243.0
2024-02-28 00:00:00+09:00,35950.0,36100.0,35100.0,35200.0,91768.0
2024-02-29 00:00:00+09:00,35100.0,35500.0,34800.0,34800.0,107470.0
2024-03-04 00:00:00+09:00,35000.0,36950.0,35000.0,36000.0,179661.0
2024-03-05 00:00:00+09:00,36000.0,38900.0,35550.0,36750.0,491684.0
2024-03-06 00:00:00+09:00,36450.0,37450.0,35950.0,36050.0,160500.0
2024-03-07 00:00:00+09:00,36100.0,37400.0,35450.0,36800.0,156606.0
2024-03-08 00:00:00+09:00,37500.0,39200.0,37300.0,38000.0,336645.0
2024-03-11 00:00:00+09:00,38200.0,38750.0,37250.0,37900.0,166192.0
2024-03-12 00:00:00+09:00,38000.0,39600.0,38000.0,39550.0,325534.0
2024-03-13 00:00:00+09:00,39950.0,40950.0,39400.0,39900.0,384336.0
2024-03-14 00:00:00+09:00,40350.0,40550.0,39600.0,40400.0,214118.0
2024-03-15 00:00:00+09:00,40000.0,40200.0,39300.0,39300.0,222668.0
2024-03-18 00:00:00+09:00,39300.0,40550.0,39300.0,40200.0,212121.0
2024-03-19 00:00:00+09:00,40200.0,40450.0,39450.0,39950.0,191287.0
2024-03-20 00:00:00+09:00,40350.0,43200.0,39950.0,42350.0,563283.0
2024-03-21 00:00:00+09:00,43000.0,49200.0,42850.0,47050.0,2039716.0
2024-03-22 00:00:00+09:00,46900.0,48500.0,46450.0,47800.0,566822.0
2024-03-25 00:00:00+09:00,48900.0,51500.0,48450.0,50700.0,828490.0
2024-03-26 00:00:00+09:00,51600.0,51600.0,49050.0,49850.0,519504.0
2024-03-27 00:00:00+09:00,49550.0,52400.0,49150.0,51000.0,528464.0
2024-03-28 00:00:00+09:00,51000.0,51500.0,49150.0,49950.0,396831.0
2024-03-29 00:00:00+09:00,49600.0,51100.0,48350.0,49000.0,404799.0
2024-04-01 00:00:00+09:00,49000.0,49600.0,47600.0,48050.0,300391.0
2024-04-02 00:00:00+09:00,47700.0,48500.0,46200.0,46950.0,392512.0
2024-04-03 00:00:00+09:00,46250.0,48650.0,46250.0,47050.0,414100.0
2024-04-04 00:00:00+09:00,46950.0,49850.0,46650.0,47950.0,614279.0
2024-04-05 00:00:00+09:00,47050.0,49100.0,47050.0,47400.0,331684.0
2024-04-08 00:00:00+09:00,48550.0,49350.0,47000.0,47850.0,450803.0
2024-04-09 00:00:00+09:00,47600.0,47800.0,44500.0,45000.0,440596.0
2024-04-11 00:00:00+09:00,44100.0,46800.0,44100.0,46600.0,299142.0
2024-04-12 00:00:00+09:00,47000.0,47350.0,44650.0,44650.0,230829.0
2024-04-15 00:00:00+09:00,43200.0,43850.0,42650.0,43350.0,226212.0
2024-04-16 00:00:00+09:00,42800.0,43200.0,41250.0,41400.0,263470.0
2024-04-17 00:00:00+09:00,41500.0,41950.0,40650.0,40650.0,145862.0
2024-04-18 00:00:00+09:00,40650.0,42600.0,40400.0,42000.0,193288.0
2024-04-19 00:00:00+09:00,41600.0,43200.0,40850.0,42200.0,242795.0
2024-04-22 00:00:00+09:00,45200.0,45800.0,43850.0,44500.0,441363.0
2024-04-23 00:00:00+09:00,45250.0,48400.0,45000.0,46750.0,526045.0
2024-04-24 00:00:00+09:00,47900.0,48050.0,46700.0,47800.0,250942.0
2024-04-25 00:00:00+09:00,47750.0,49400.0,46950.0,47600.0,287583.0
2024-04-26 00:00:00+09:00,47450.0,47950.0,45400.0,45500.0,222763.0
2024-04-29 00:00:00+09:00,45200.0,46500.0,44750.0,46150.0,152528.0
2024-04-30 00:00:00+09:00,46650.0,47000.0,45400.0,45500.0,145448.0
2024-05-02 00:00:00+09:00,45550.0,46500.0,44200.0,45200.0,241448.0
2024-05-03 00:00:00+09:00,45500.0,46100.0,44700.0,44800.0,167642.0
2024-05-07 00:00:00+09:00,45450.0,46500.0,44800.0,46400.0,161071.0
2024-05-08 00:00:00+09:00,46700.0,47750.0,45700.0,47750.0,238391.0
2024-05-09 00:00:00+09:00,47700.0,48900.0,46450.0,47650.0,320706.0
2024-05-10 00:00:00+09:00,48300.0,48750.0,45750.0,45900.0,207682.0
2024-05-13 00:00:00+09:00,46000.0,46400.0,44850.0,45950.0,127392.0
2024-05-14 00:00:00+09:00,46350.0,46600.0,45600.0,45650.0,117387.0
2024-05-16 00:00:00+09:00,47000.0,51000.0,46950.0,49550.0,797933.0
2024-05-17 00:00:00+09:00,50500.0,50600.0,48300.0,49200.0,299562.0
2024-05-20 00:00:00+09:00,49650.0,50700.0,48050.0,48850.0,340475.0
2024-05-21 00:00:00+09:00,50000.0,50100.0,48000.0,48050.0,258639.0
2024-05-22 00:00:00+09:00,48550.0,49000.0,47600.0,48300.0,213490.0
2024-05-23 00:00:00+09:00,48450.0,49350.0,47100.0,48900.0,206335.0
2024-05-24 00:00:00+09:00,48300.0,48700.0,45600.0,45700.0,391592.0
2024-05-27 00:00:00+09:00,46000.0,46500.0,44500.0,46000.0,352396.0
2024-05-28 00:00:00+09:00,46000.0,46000.0,44200.0,44750.0,284650.0
2024-05-29 00:00:00+09:00,46800.0,50400.0,45800.0,48900.0,1295838.0
2024-05-30 00:00:00+09:00,48000.0,48750.0,46700.0,46800.0,314252.0
2024-05-31 00:00:00+09:00,46800.0,49200.0,46600.0,47600.0,319773.0
2024-06-03 00:00:00+09:00,48200.0,49450.0,47000.0,47250.0,294939.0
2024-06-04 00:00:00+09:00,47800.0,49350.0,47300.0,49200.0,388511.0
2024-06-05 00:00:00+09:00,49650.0,51100.0,48700.0,49950.0,471104.0
2024-06-07 00:00:00+09:00,51200.0,51300.0,48850.0,49200.0,486109.0
2024-06-10 00:00:00+09:00,49350.0,53000.0,49350.0,51800.0,878686.0
2024-06-11 00:00:00+09:00,52800.0,57000.0,51500.0,56200.0,1366559.0
2024-06-12 00:00:00+09:00,57000.0,58900.0,54200.0,56300.0,975597.0
2024-06-13 00:00:00+09:00,57400.0,57900.0,54400.0,55000.0,1283302.0
2024-06-14 00:00:00+09:00,55800.0,57200.0,53000.0,55900.0,805496.0
2024-06-17 00:00:00+09:00,56300.0,58900.0,55300.0,57300.0,699740.0
2024-06-18 00:00:00+09:00,58000.0,59200.0,56700.0,57300.0,565460.0
2024-06-19 00:00:00+09:00,56500.0,57800.0,55700.0,55700.0,468845.0
2024-06-20 00:00:00+09:00,56300.0,58000.0,55200.0,55500.0,399595.0
2024-06-21 00:00:00+09:00,55300.0,56400.0,53800.0,55800.0,341467.0
2024-06-24 00:00:00+09:00,56400.0,57700.0,52600.0,53000.0,638313.0
2024-06-25 00:00:00+09:00,53000.0,54100.0,52000.0,52600.0,292048.0
2024-06-26 00:00:00+09:00,53100.0,55100.0,53100.0,53300.0,315190.0
2024-06-27 00:00:00+09:00,53100.0,54100.0,51700.0,52000.0,267020.0
2024-06-28 00:00:00+09:00,52400.0,53500.0,51300.0,52800.0,228665.0
2024-07-01 00:00:00+09:00,52500.0,54900.0,51200.0,54100.0,315025.0
2024-07-02 00:00:00+09:00,55000.0,55300.0,53100.0,53500.0,351743.0
2024-07-03 00:00:00+09:00,54900.0,56100.0,52100.0,52900.0,344462.0
2024-07-04 00:00:00+09:00,53400.0,53700.0,51500.0,52700.0,274711.0
2024-07-05 00:00:00+09:00,52400.0,52800.0,50600.0,51700.0,307413.0
2024-07-08 00:00:00+09:00,52000.0,52100.0,50700.0,50800.0,260119.0
2024-07-09 00:00:00+09:00,51100.0,51600.0,50600.0,51300.0,172081.0
2024-07-10 00:00:00+09:00,50900.0,50900.0,49950.0,50000.0,225909.0
2024-07-11 00:00:00+09:00,50700.0,50700.0,47650.0,47650.0,524671.0
2024-07-12 00:00:00+09:00,47900.0,48900.0,47600.0,48000.0,282707.0
2024-07-15 00:00:00+09:00,48000.0,48600.0,46250.0,46250.0,355303.0
2024-07-16 00:00:00+09:00,46050.0,46200.0,44900.0,45050.0,277643.0
2024-07-17 00:00:00+09:00,45150.0,46100.0,44700.0,45100.0,230571.0
2024-07-18 00:00:00+09:00,44200.0,44700.0,43450.0,44100.0,188764.0
2024-07-19 00:00:00+09:00,43900.0,44200.0,42950.0,44050.0,209460.0
2024-07-22 00:00:00+09:00,44050.0,44150.0,40500.0,40500.0,413143.0
2024-07-23 00:00:00+09:00,40750.0,41200.0,38950.0,39200.0,358002.0
2024-07-24 00:00:00+09:00,38500.0,39650.0,38150.0,38350.0,264413.0
2024-07-25 00:00:00+09:00,37050.0,38300.0,36700.0,37500.0,311744.0
2024-07-26 00:00:00+09:00,37450.0,37750.0,36300.0,36800.0,237532.0
2024-07-29 00:00:00+09:00,36800.0,37800.0,36400.0,37450.0,187418.0
2024-07-30 00:00:00+09:00,37000.0,38950.0,36950.0,37700.0,202157.0
2024-07-31 00:00:00+09:00,37800.0,38750.0,37200.0,38400.0,150400.0
2024-08-01 00:00:00+09:00,38650.0,39600.0,38200.0,39400.0,147200.0
2024-08-02 00:00:00+09:00,38550.0,38900.0,37450.0,37550.0,170225.0
2024-08-05 00:00:00+09:00,36100.0,36750.0,30500.0,32200.0,468908.0
2024-08-06 00:00:00+09:00,32200.0,34700.0,32200.0,34550.0,311633.0
2024-08-07 00:00:00+09:00,34300.0,34900.0,33650.0,33700.0,185949.0
2024-08-08 00:00:00+09:00,32750.0,33000.0,30850.0,30850.0,507372.0
2024-08-09 00:00:00+09:00,31800.0,33900.0,31700.0,33550.0,298457.0
2024-08-12 00:00:00+09:00,33800.0,35150.0,33800.0,34400.0,130366.0
2024-08-13 00:00:00+09:00,34400.0,35600.0,33750.0,34950.0,187599.0
2024-08-14 00:00:00+09:00,36000.0,36500.0,35450.0,36500.0,193061.0
2024-08-16 00:00:00+09:00,37100.0,37750.0,36500.0,36500.0,202144.0
2024-08-19 00:00:00+09:00,36500.0,37150.0,35100.0,35350.0,133385.0
2024-08-20 00:00:00+09:00,35650.0,37850.0,35500.0,37250.0,173035.0
2024-08-21 00:00:00+09:00,38000.0,38050.0,36950.0,37350.0,168511.0
2024-08-22 00:00:00+09:00,37500.0,37800.0,36600.0,37050.0,137046.0
2024-08-23 00:00:00+09:00,36500.0,38800.0,35750.0,37000.0,411857.0
2024-08-26 00:00:00+09:00,37250.0,37600.0,36100.0,36100.0,150026.0
2024-08-27 00:00:00+09:00,37800.0,38700.0,36450.0,37650.0,370545.0
2024-08-28 00:00:00+09:00,38500.0,38650.0,37250.0,37800.0,217375.0
2024-08-29 00:00:00+09:00,37150.0,39300.0,36800.0,38950.0,234575.0
2024-08-30 00:00:00+09:00,38950.0,39350.0,38200.0,39150.0,130517.0
2024-09-02 00:00:00+09:00,39000.0,40950.0,38700.0,40550.0,354370.0
2024-09-03 00:00:00+09:00,40550.0,43500.0,39300.0,41350.0,617019.0
2024-09-04 00:00:00+09:00,38900.0,40700.0,38800.0,39700.0,263896.0
2024-09-05 00:00:00+09:00,40050.0,45650.0,40050.0,43000.0,1121196.0
2024-09-06 00:00:00+09:00,43000.0,43950.0,39750.0,39750.0,455364.0
2024-09-09 00:00:00+09:00,38700.0,39950.0,38000.0,39000.0,230422.0
2024-09-10 00:00:00+09:00,39100.0,40600.0,38250.0,38550.0,205386.0
2024-09-11 00:00:00+09:00,38400.0,40950.0,38100.0,40500.0,272954.0
2024-09-12 00:00:00+09:00,41000.0,41450.0,39750.0,40450.0,218358.0
2024-09-13 00:00:00+09:00,40550.0,40600.0,39350.0,39500.0,183999.0
2024-09-19 00:00:00+09:00,39700.0,40300.0,38850.0,38850.0,193956.0
2024-09-20 00:00:00+09:00,39700.0,40200.0,38350.0,38350.0,304540.0
2024-09-23 00:00:00+09:00,38350.0,40800.0,38150.0,40350.0,327967.0
2024-09-24 00:00:00+09:00,40450.0,42700.0,40450.0,41500.0,309674.0
2024-09-25 00:00:00+09:00,42300.0,42500.0,41100.0,41100.0,231266.0
2024-09-26 00:00:00+09:00,41100.0,42350.0,40600.0,42300.0,197258.0
2024-09-27 00:00:00+09:00,42500.0,43700.0,41850.0,43200.0,297891.0
2024-09-30 00:00:00+09:00,43250.0,43400.0,40950.0,41200.0,306867.0
2024-10-02 00:00:00+09:00,40650.0,41450.0,39800.0,40600.0,206758.0
2024-10-04 00:00:00+09:00,40600.0,40900.0,39000.0,39000.0,213395.0
2024-10-07 00:00:00+09:00,39400.0,41850.0,39400.0,41450.0,235319.0
2024-10-08 00:00:00+09:00,40950.0,42800.0,40500.0,42350.0,207305.0
2024-10-10 00:00:00+09:00,43000.0,43000.0,41650.0,42050.0,251757.0
2024-10-11 00:00:00+09:00,42050.0,43200.0,41950.0,42550.0,197911.0
2024-10-14 00:00:00+09:00,42200.0,42200.0,40700.0,40750.0,194316.0
2024-10-15 00:00:00+09:00,40750.0,41050.0,39200.0,39600.0,226496.0
2024-10-16 00:00:00+09:00,39950.0,39950.0,39050.0,39200.0,110235.0
2024-10-17 00:00:00+09:00,39450.0,39650.0,39050.0,39100.0,73112.0
2024-10-18 00:00:00+09:00,38600.0,39400.0,37050.0,37400.0,154619.0
2024-10-21 00:00:00+09:00,37150.0,38150.0,36950.0,37450.0,169254.0
2024-10-22 00:00:00+09:00,37300.0,37650.0,35400.0,35750.0,187624.0
2024-10-23 00:00:00+09:00,35750.0,37000.0,34500.0,36800.0,173417.0
2024-10-24 00:00:00+09:00,36900.0,37400.0,36150.0,36200.0,91832.0
2024-10-25 00:00:00+09:00,36700.0,37800.0,36300.0,37150.0,141868.0
2024-10-28 00:00:00+09:00,36750.0,38750.0,36750.0,38600.0,114032.0
2024-10-29 00:00:00+09:00,38500.0,38500.0,37400.0,38150.0,84677.0
2024-10-30 00:00:00+09:00,38250.0,39100.0,37250.0,37300.0,72248.0
2024-10-31 00:00:00+09:00,36500.0,38100.0,36350.0,38100.0,90572.0
2024-11-01 00:00:00+09:00,37300.0,37550.0,35600.0,36300.0,141288.0
2024-11-04 00:00:00+09:00,36200.0,36950.0,35300.0,36550.0,147523.0
2024-11-05 00:00:00+09:00,36450.0,36700.0,35400.0,35750.0,138770.0
2024-11-06 00:00:00+09:00,36150.0,36250.0,33500.0,33550.0,236986.0
2024-11-07 00:00:00+09:00,33550.0,33750.0,32450.0,33050.0,152687.0
2024-11-08 00:00:00+09:00,33300.0,34300.0,33200.0,33200.0,132475.0
2024-11-11 00:00:00+09:00,33500.0,33750.0,31450.0,31900.0,175019.0
2024-11-12 00:00:00+09:00,31600.0,33100.0,30750.0,32150.0,193845.0
2024-11-13 00:00:00+09:00,31950.0,32300.0,30250.0,30250.0,192743.0
2024-11-14 00:00:00+09:00,30300.0,30650.0,28100.0,28100.0,332305.0
2024-11-15 00:00:00+09:00,27100.0,27850.0,25850.0,27500.0,348830.0
2024-11-18 00:00:00+09:00,27200.0,28550.0,27000.0,27400.0,199788.0
2024-11-19 00:00:00+09:00,27400.0,27600.0,26300.0,26900.0,159685.0
2024-11-20 00:00:00+09:00,26750.0,27400.0,26600.0,26650.0,116833.0
2024-11-21 00:00:00+09:00,26400.0,27250.0,26100.0,26900.0,130584.0
2024-11-22 00:00:00+09:00,27150.0,27700.0,26500.0,26600.0,147889.0
2024-11-25 00:00:00+09:00,26600.0,27650.0,26300.0,27000.0,180230.0
2024-11-26 00:00:00+09:00,27000.0,27550.0,25850.0,25950.0,218184.0
2024-11-27 00:00:00+09:00,26350.0,26400.0,24950.0,25050.0,217485.0
2024-11-28 00:00:00+09:00,25100.0,26200.0,25100.0,25800.0,165463.0
2024-11-29 00:00:00+09:00,25550.0,26050.0,23850.0,24000.0,265831.0
2024-12-02 00:00:00+09:00,24200.0,25000.0,24200.0,24500.0,117268.0
2024-12-03 00:00:00+09:00,24300.0,24950.0,24250.0,24500.0,110153.0
2024-12-04 00:00:00+09:00,23600.0,24250.0,23200.0,23950.0,208937.0
2024-12-05 00:00:00+09:00,23900.0,24100.0,22800.0,23050.0,153780.0
2024-12-06 00:00:00+09:00,22900.0,23500.0,22000.0,22700.0,178120.0
2024-12-09 00:00:00+09:00,22100.0,22400.0,20900.0,21000.0,212907.0
2024-12-10 00:00:00+09:00,21000.0,22500.0,21000.0,22300.0,161306.0
2024-12-11 00:00:00+09:00,22350.0,23350.0,22300.0,23200.0,90719.0
2024-12-12 00:00:00+09:00,23400.0,23600.0,22800.0,23450.0,83043.0
2024-12-13 00:00:00+09:00,23050.0,23850.0,23050.0,23800.0,74028.0
2024-12-16 00:00:00+09:00,24300.0,27650.0,24300.0,27400.0,536011.0
2024-12-17 00:00:00+09:00,27550.0,29900.0,25450.0,25900.0,597436.0
2024-12-18 00:00:00+09:00,26500.0,28450.0,25800.0,25900.0,486178.0
2024-12-19 00:00:00+09:00,24850.0,26000.0,24800.0,25650.0,127141.0
2024-12-20 00:00:00+09:00,25700.0,25900.0,24600.0,24750.0,116878.0
2024-12-23 00:00:00+09:00,24650.0,25550.0,24350.0,25100.0,102840.0
2024-12-24 00:00:00+09:00,25100.0,25600.0,24300.0,24700.0,74920.0
2024-12-26 00:00:00+09:00,24700.0,24900.0,23850.0,23900.0,82420.0
2024-12-27 00:00:00+09:00,23650.0,24200.0,23200.0,23600.0,81366.0
2024-12-30 00:00:00+09:00,23200.0,24150.0,23200.0,23600.0,58728.0
2025-01-02 00:00:00+09:00,23350.0,23700.0,22550.0,22750.0,94474.0
2025-01-03 00:00:00+09:00,22700.0,24300.0,22700.0,24100.0,107322.0
2025-01-06 00:00:00+09:00,24350.0,24800.0,24000.0,24450.0,110347.0
2025-01-07 00:00:00+09:00,24450.0,24950.0,24250.0,24450.0,94713.0
2025-01-08 00:00:00+09:00,24300.0,25350.0,24150.0,25100.0,105441.0
2025-01-09 00:00:00+09:00,25250.0,25500.0,24400.0,24550.0,133285.0
2025-01-10 00:00:00+09:00,24550.0,24900.0,24000.0,24250.0,68474.0
2025-01-13 00:00:00+09:00,24100.0,24350.0,23550.0,23550.0,68143.0
2025-01-14 00:00:00+09:00,23700.0,24450.0,23400.0,24250.0,81564.0
2025-01-15 00:00:00+09:00,24300.0,24750.0,23600.0,23800.0,51967.0
2025-01-16 00:00:00+09:00,24300.0,24500.0,24000.0,24050.0,66857.0
2025-01-17 00:00:00+09:00,23850.0,24200.0,23800.0,23800.0,61691.0
2025-01-20 00:00:00+09:00,24050.0,25850.0,24000.0,25250.0,306219.0
2025-01-21 00:00:00+09:00,25200.0,25250.0,23650.0,24200.0,160649.0
2025-01-22 00:00:00+09:00,24200.0,24650.0,23800.0,24250.0,89024.0
2025-01-23 00:00:00+09:00,24200.0,24200.0,23150.0,23150.0,115951.0
2025-01-24 00:00:00+09:00,23150.0,23300.0,22550.0,23050.0,83993.0
2025-01-31 00:00:00+09:00,22900.0,23000.0,22100.0,22100.0,113593.0
2025-02-03 00:00:00+09:00,21900.0,21900.0,20250.0,20300.0,238532.0
2025-02-04 00:00:00+09:00,20600.0,22050.0,20600.0,21000.0,175364.0
2025-02-05 00:00:00+09:00,20850.0,21750.0,20850.0,21250.0,75950.0
2025-02-06 00:00:00+09:00,21500.0,25100.0,21250.0,22600.0,698061.0
2025-02-07 00:00:00+09:00,22400.0,25950.0,21950.0,24100.0,636053.0
2025-02-10 00:00:00+09:00,24000.0,25500.0,23350.0,25000.0,275795.0
2025-02-11 00:00:00+09:00,25000.0,25100.0,24150.0,24700.0,157355.0
2025-02-12 00:00:00+09:00,24550.0,26100.0,24450.0,24450.0,248719.0
2025-02-13 00:00:00+09:00,24750.0,25400.0,24500.0,25300.0,136662.0
2025-02-14 00:00:00+09:00,25500.0,26450.0,24750.0,25600.0,191620.0
2025-02-17 00:00:00+09:00,25800.0,28350.0,25650.0,27950.0,357516.0
2025-02-18 00:00:00+09:00,27950.0,30450.0,27550.0,29700.0,451596.0
2025-02-19 00:00:00+09:00,29450.0,30950.0,28950.0,30500.0,348023.0
2025-02-20 00:00:00+09:00,30550.0,31550.0,29950.0,30100.0,277326.0
2025-02-21 00:00:00+09:00,30100.0,30300.0,29050.0,29800.0,162922.0
2025-02-24 00:00:00+09:00,29200.0,30250.0,28800.0,30000.0,154481.0
2025-02-25 00:00:00+09:00,29850.0,29900.0,27850.0,27950.0,260838.0
2025-02-26 00:00:00+09:00,27700.0,29100.0,27600.0,28950.0,199803.0
2025-02-27 00:00:00+09:00,29000.0,29000.0,27850.0,28150.0,130560.0
2025-02-28 00:00:00+09:00,27650.0,27800.0,26950.0,27250.0,139459.0
2025-03-04 00:00:00+09:00,26500.0,26950.0,25600.0,25700.0,149710.0
2025-03-05 00:00:00+09:00,25500.0,27500.0,25500.0,26800.0,149722.0
2025-03-06 00:00:00+09:00,27250.0,28900.0,27050.0,27050.0,199239.0
2025-03-07 00:00:00+09:00,26450.0,28450.0,26350.0,27900.0,136104.0
2025-03-10 00:00:00+09:00,27900.0,28350.0,27400.0,27950.0,85957.0
2025-03-11 00:00:00+09:00,27100.0,27250.0,26350.0,27050.0,113778.0
2025-03-12 00:00:00+09:00,27200.0,27450.0,26500.0,26700.0,85746.0
2025-03-13 00:00:00+09:00,27100.0,27150.0,26150.0,26150.0,75523.0
2025-03-14 00:00:00+09:00,26500.0,27000.0,25500.0,26100.0,148917.0
2025-03-17 00:00:00+09:00,26200.0,26450.0,25800.0,26100.0,67131.0
2025-03-18 00:00:00+09:00,26100.0,26600.0,25900.0,26550.0,97196.0
2025-03-19 00:00:00+09:00,26550.0,27525.0,26400.0,26500.0,110785.0
2025-03-20 00:00:00+09:00,27300.0,27350.0,26450.0,26450.0,88156.0
2025-03-21 00:00:00+09:00,26500.0,27100.0,25800.0,25950.0,342189.0
2025-03-24 00:00:00+09:00,26000.0,26250.0,25650.0,25750.0,77492.0
2025-03-25 00:00:00+09:00,25900.0,26400.0,24950.0,25000.0,114076.0
2025-03-26 00:00:00+09:00,25100.0,26550.0,24950.0,26300.0,91314.0
2025-03-27 00:00:00+09:00,25900.0,26300.0,25200.0,25300.0,76833.0
2025-03-28 00:00:00+09:00,25150.0,25300.0,24050.0,24050.0,115224.0
2025-03-31 00:00:00+09:00,23600.0,23600.0,22450.0,22450.0,134339.0
2025-04-01 00:00:00+09:00,23800.0,23800.0,22100.0,22300.0,123941.0
2025-04-02 00:00:00+09:00,22400.0,22650.0,21250.0,21600.0,138610.0
2025-04-03 00:00:00+09:00,20650.0,21550.0,20600.0,21250.0,105934.0
2025-04-04 00:00:00+09:00,21050.0,22400.0,20700.0,22400.0,123954.0
2025-04-07 00:00:00+09:00,21900.0,22350.0,21050.0,21050.0,106295.0
2025-04-08 00:00:00+09:00,21500.0,21750.0,20900.0,20950.0,74999.0
2025-04-09 00:00:00+09:00,20600.0,21350.0,20100.0,20250.0,89209.0
2025-04-10 00:00:00+09:00,21950.0,22100.0,21000.0,22100.0,154798.0
2025-04-11 00:00:00+09:00,21500.0,22300.0,21100.0,22300.0,130285.0
2025-04-14 00:00:00+09:00,22300.0,22700.0,22100.0,22350.0,65048.0
2025-04-15 00:00:00+09:00,22300.0,22800.0,21900.0,22550.0,55846.0
2025-04-16 00:00:00+09:00,22550.0,22800.0,21750.0,21850.0,54127.0
2025-04-17 00:00:00+09:00,21600.0,22300.0,21550.0,22150.0,45778.0
2025-04-18 00:00:00+09:00,22250.0,22400.0,21800.0,22150.0,33129.0
2025-04-21 00:00:00+09:00,22150.0,22550.0,21850.0,22100.0,45557.0
2025-04-22 00:00:00+09:00,21800.0,22250.0,21600.0,21750.0,62763.0
2025-04-23 00:00:00+09:00,22100.0,22950.0,22000.0,22800.0,98894.0
2025-04-24 00:00:00+09:00,23050.0,23100.0,22450.0,22750.0,54410.0
2025-04-25 00:00:00+09:00,23000.0,23450.0,22750.0,23050.0,55271.0
2025-04-28 00:00:00+09:00,23750.0,24000.0,23250.0,23250.0,64748.0
2025-04-29 00:00:00+09:00,23650.0,23750.0,23050.0,23450.0,52625.0
2025-04-30 00:00:00+09:00,23800.0,23800.0,22500.0,22650.0,61805.0
2025-05-02 00:00:00+09:00,22650.0,23000.0,22300.0,22650.0,45457.0
2025-05-07 00:00:00+09:00,22800.0,22950.0,22050.0,22200.0,98676.0
2025-05-08 00:00:00+09:00,22300.0,22800.0,22300.0,22650.0,36625.0
2025-05-09 00:00:00+09:00,22800.0,22800.0,22000.0,22000.0,71322.0
2025-05-12 00:00:00+09:00,22050.0,22500.0,21500.0,22300.0,97273.0
2025-05-13 00:00:00+09:00,22650.0,22950.0,22150.0,22350.0,77612.0
2025-05-14 00:00:00+09:00,22200.0,22550.0,21900.0,22300.0,95683.0
2025-05-15 00:00:00+09:00,22300.0,22450.0,21750.0,21950.0,55783.0
2025-05-16 00:00:00+09:00,21950.0,22000.0,20850.0,21000.0,120871.0
2025-05-19 00:00:00+09:00,20800.0,21600.0,20800.0,21100.0,97102.0
2025-05-20 00:00:00+09:00,21350.0,21500.0,20200.0,20200.0,111639.0
2025-05-21 00:00:00+09:00,20200.0,20750.0,20050.0,20100.0,101451.0
2025-05-22 00:00:00+09:00,20000.0,20200.0,19460.0,19960.0,129106.0
2025-05-23 00:00:00+09:00,19980.0,20250.0,19610.0,19730.0,62797.0
2025-05-26 00:00:00+09:00,19580.0,20600.0,19580.0,20250.0,84962.0
2025-05-27 00:00:00+09:00,20000.0,20150.0,19700.0,19900.0,57981.0
2025-05-28 00:00:00+09:00,20150.0,22300.0,20000.0,22100.0,221650.0
2025-05-29 00:00:00+09:00,22450.0,22450.0,21500.0,22350.0,71096.0
2025-05-30 00:00:00+09:00,22200.0,22400.0,21700.0,22050.0,56184.0
2025-06-02 00:00:00+09:00,22100.0,22600.0,21600.0,21850.0,85665.0
2025-06-04 00:00:00+09:00,22000.0,22550.0,21950.0,22250.0,92117.0
2025-06-05 00:00:00+09:00,22150.0,23000.0,21950.0,22350.0,126871.0
2025-06-09 00:00:00+09:00,22150.0,22200.0,21500.0,22050.0,92855.0
2025-06-10 00:00:00+09:00,22250.0,22250.0,21800.0,22000.0,68862.0
2025-06-11 00:00:00+09:00,22050.0,22750.0,22050.0,22400.0,67806.0
2025-06-12 00:00:00+09:00,22450.0,23000.0,22200.0,22900.0,105913.0
2025-06-13 00:00:00+09:00,22700.0,23550.0,21750.0,23000.0,235519.0
2025-06-16 00:00:00+09:00,22750.0,22750.0,21700.0,22200.0,169411.0
2025-06-17 00:00:00+09:00,22200.0,22600.0,21600.0,22200.0,130069.0
2025-06-18 00:00:00+09:00,21950.0,22250.0,21700.0,22050.0,109544.0
2025-06-19 00:00:00+09:00,22150.0,22800.0,21950.0,22300.0,102042.0
2025-06-20 00:00:00+09:00,22500.0,23350.0,22050.0,23200.0,235142.0
2025-06-23 00:00:00+09:00,22600.0,22650.0,21950.0,22200.0,103887.0
2025-06-24 00:00:00+09:00,22600.0,23250.0,22600.0,23100.0,121016.0
2025-06-25 00:00:00+09:00,23250.0,23350.0,22800.0,23100.0,82469.0
2025-06-26 00:00:00+09:00,23200.0,23700.0,22550.0,22900.0,131061.0
2025-06-27 00:00:00+09:00,23150.0,23150.0,22050.0,22150.0,97319.0
2025-06-30 00:00:00+09:00,22150.0,22500.0,21700.0,21900.0,93360.0
2025-07-01 00:00:00+09:00,21900.0,22650.0,21850.0,22150.0,96598.0
2025-07-02 00:00:00+09:00,22250.0,22600.0,21850.0,22550.0,54552.0
2025-07-03 00:00:00+09:00,22550.0,23550.0,22150.0,23350.0,197509.0
2025-07-04 00:00:00+09:00,23200.0,23250.0,22750.0,23200.0,78619.0
2025-07-07 00:00:00+09:00,23200.0,23400.0,22500.0,22700.0,64558.0
2025-07-08 00:00:00+09:00,22450.0,22750.0,21900.0,22200.0,110144.0
2025-07-09 00:00:00+09:00,22400.0,22550.0,22000.0,22150.0,79676.0
2025-07-10 00:00:00+09:00,22350.0,23350.0,22200.0,23200.0,173373.0
2025-07-11 00:00:00+09:00,23300.0,24150.0,23200.0,23400.0,156529.0
2025-07-14 00:00:00+09:00,23300.0,23600.0,22900.0,22950.0,78400.0
2025-07-15 00:00:00+09:00,23200.0,23200.0,22700.0,23000.0,37593.0
2025-07-16 00:00:00+09:00,22950.0,23050.0,22550.0,22550.0,71179.0
2025-07-17 00:00:00+09:00,22800.0,22950.0,22300.0,22650.0,44830.0
2025-07-18 00:00:00+09:00,22800.0,23750.0,22800.0,23600.0,168841.0
2025-07-21 00:00:00+09:00,23750.0,27150.0,23500.0,26450.0,513385.0
2025-07-22 00:00:00+09:00,26500.0,27150.0,25500.0,25850.0,215273.0
2025-07-23 00:00:00+09:00,26200.0,26350.0,24950.0,25200.0,113293.0
2025-07-24 00:00:00+09:00,25200.0,26100.0,25150.0,25350.0,101413.0
2025-07-25 00:00:00+09:00,25550.0,25600.0,24700.0,25200.0,67437.0
2025-07-28 00:00:00+09:00,25150.0,25650.0,25000.0,25250.0,81786.0
2025-07-29 00:00:00+09:00,25050.0,25200.0,24400.0,25050.0,84308.0
2025-07-30 00:00:00+09:00,24750.0,25800.0,24750.0,25400.0,97780.0
2025-07-31 00:00:00+09:00,26050.0,26100.0,24400.0,25000.0,117751.0
2025-08-01 00:00:00+09:00,25000.0,25000.0,24150.0,24450.0,118086.0
2025-08-04 00:00:00+09:00,24200.0,24850.0,23950.0,24750.0,41442.0
2025-08-05 00:00:00+09:00,25000.0,26200.0,24450.0,25900.0,156013.0
2025-08-06 00:00:00+09:00,25600.0,26650.0,25450.0,25950.0,110876.0
2025-08-07 00:00:00+09:00,25950.0,26000.0,24550.0,25950.0,120294.0
2025-08-08 00:00:00+09:00,25950.0,26450.0,25550.0,25800.0,75988.0
2025-08-11 00:00:00+09:00,26050.0,26900.0,26050.0,26750.0,145311.0
2025-08-12 00:00:00+09:00,26600.0,27400.0,26500.0,26600.0,80798.0
2025-08-13 00:00:00+09:00,27000.0,27350.0,26500.0,27200.0,82340.0
2025-08-14 00:00:00+09:00,27150.0,27700.0,26650.0,27150.0,115804.0
2025-08-18 00:00:00+09:00,26900.0,27300.0,26100.0,26150.0,80181.0
2025-08-19 00:00:00+09:00,26300.0,26450.0,25500.0,25650.0,61329.0
2025-08-20 00:00:00+09:00,25200.0,25700.0,25000.0,25400.0,83346.0
2025-08-21 00:00:00+09:00,25500.0,26450.0,25500.0,25750.0,58083.0
2025-08-22 00:00:00+09:00,25800.0,26300.0,25600.0,25950.0,48703.0
2025-08-25 00:00:00+09:00,26550.0,26900.0,26300.0,26700.0,59509.0
2025-08-26 00:00:00+09:00,26900.0,28250.0,26800.0,26950.0,134820.0
2025-08-27 00:00:00+09:00,27300.0,27600.0,26700.0,26950.0,69008.0
2025-08-28 00:00:00+09:00,27150.0,27150.0,26100.0,26250.0,96829.0
2025-08-29 00:00:00+09:00,26550.0,27050.0,25750.0,25950.0,93245.0
2025-09-01 00:00:00+09:00,26300.0,26300.0,24500.0,24600.0,78145.0
2025-09-02 00:00:00+09:00,24700.0,24950.0,23850.0,23950.0,111310.0
2025-09-03 00:00:00+09:00,24000.0,24300.0,23900.0,24150.0,45503.0
2025-09-04 00:00:00+09:00,24550.0,24700.0,24050.0,24250.0,40992.0
2025-09-05 00:00:00+09:00,24400.0,24700.0,24150.0,24350.0,46389.0
2025-09-08 00:00:00+09:00,24200.0,24400.0,24000.0,24100.0,38443.0
2025-09-09 00:00:00+09:00,24200.0,24350.0,23950.0,24300.0,81199.0
2025-09-10 00:00:00+09:00,24250.0,24250.0,23800.0,24150.0,65591.0
2025-09-11 00:00:00+09:00,24150.0,24350.0,23800.0,23800.0,62222.0
2025-09-12 00:00:00+09:00,24150.0,24500.0,23900.0,24100.0,118383.0
2025-09-15 00:00:00+09:00,24200.0,24650.0,23950.0,23950.0,89151.0
2025-09-16 00:00:00+09:00,24100.0,24300.0,23550.0,23550.0,94212.0
2025-09-17 00:00:00+09:00,23750.0,24250.0,23400.0,24250.0,89508.0
2025-09-18 00:00:00+09:00,24200.0,24600.0,23950.0,24550.0,67264.0
2025-09-19 00:00:00+09:00,24550.0,24550.0,23850.0,24150.0,169596.0
2025-09-22 00:00:00+09:00,24150.0,24450.0,23800.0,23850.0,65166.0
2025-09-23 00:00:00+09:00,23900.0,24100.0,23600.0,24000.0,62786.0
2025-09-24 00:00:00+09:00,24000.0,24000.0,23250.0,23650.0,77970.0
2025-09-25 00:00:00+09:00,23600.0,24050.0,23500.0,23850.0,44664.0
2025-09-26 00:00:00+09:00,23600.0,23650.0,22900.0,23100.0,64527.0
2025-09-29 00:00:00+09:00,23300.0,23300.0,22550.0,22700.0,40861.0
2025-09-30 00:00:00+09:00,22900.0,23000.0,22500.0,22600.0,36918.0
2025-10-01 00:00:00+09:00,22650.0,22900.0,22250.0,22400.0,33808.0
2025-10-02 00:00:00+09:00,22550.0,22850.0,22350.0,22350.0,80079.0
2025-10-10 00:00:00+09:00,22550.0,22800.0,22000.0,22350.0,72535.0
2025-10-13 00:00:00+09:00,21750.0,23000.0,21600.0,23000.0,86753.0
2025-10-14 00:00:00+09:00,22750.0,24300.0,22750.0,24000.0,170017.0
2025-10-15 00:00:00+09:00,24100.0,24400.0,23600.0,24200.0,66873.0
2025-10-16 00:00:00+09:00,24450.0,26000.0,24300.0,25950.0,241154.0
2025-10-17 00:00:00+09:00,25650.0,27450.0,25200.0,27100.0,247004.0
2025-10-20 00:00:00+09:00,26900.0,27100.0,25850.0,26800.0,124813.0
2025-10-21 00:00:00+09:00,27000.0,27900.0,26500.0,26850.0,137917.0
2025-10-22 00:00:00+09:00,27100.0,27250.0,26500.0,26900.0,96751.0
2025-10-23 00:00:00+09:00,26900.0,27100.0,25950.0,26000.0,79314.0
2025-10-24 00:00:00+09:00,26300.0,28300.0,26300.0,28100.0,254106.0
2025-10-27 00:00:00+09:00,29350.0,29400.0,27050.0,27500.0,189533.0
2025-10-28 00:00:00+09:00,27300.0,28200.0,26750.0,27900.0,152568.0
2025-10-29 00:00:00+09:00,28100.0,28300.0,27550.0,28200.0,120785.0
2025-10-30 00:00:00+09:00,27900.0,28250.0,25150.0,26250.0,179110.0
2025-10-31 00:00:00+09:00,26500.0,26700.0,26000.0,26000.0,68986.0
2025-11-03 00:00:00+09:00,26550.0,26550.0,26000.0,26350.0,72712.0
2025-11-04 00:00:00+09:00,26900.0,27450.0,26300.0,26350.0,93480.0
2025-11-05 00:00:00+09:00,26000.0,26000.0,24650.0,25500.0,154263.0
2025-11-06 00:00:00+09:00,25850.0,26200.0,25350.0,25700.0,57736.0
2025-11-07 00:00:00+09:00,25000.0,25450.0,24200.0,24650.0,109623.0
2025-11-10 00:00:00+09:00,24800.0,32000.0,24150.0,32000.0,1546640.0
2025-11-11 00:00:00+09:00,35950.0,36350.0,33050.0,35150.0,1669106.0
2025-11-12 00:00:00+09:00,36550.0,43450.0,35950.0,40200.0,4090388.0
2025-11-13 00:00:00+09:00,39650.0,40250.0,38000.0,40200.0,1019128.0
2025-11-14 00:00:00+09:00,38850.0,39050.0,36550.0,36950.0,691734.0
2025-11-17 00:00:00+09:00,37350.0,39400.0,36800.0,37550.0,760980.0
2025-11-18 00:00:00+09:00,39000.0,39050.0,34300.0,34900.0,592318.0
2025-11-19 00:00:00+09:00,34400.0,34800.0,32650.0,33300.0,470460.0
2025-11-20 00:00:00+09:00,36600.0,41600.0,36250.0,39000.0,2141483.0
2025-11-21 00:00:00+09:00,37100.0,42200.0,36700.0,41200.0,1791114.0
2025-11-24 00:00:00+09:00,42100.0,42700.0,40300.0,41000.0,881946.0
2025-11-25 00:00:00+09:00,42850.0,44650.0,41700.0,42750.0,1429639.0
2025-11-26 00:00:00+09:00,44050.0,44400.0,40400.0,42800.0,881094.0
2025-11-27 00:00:00+09:00,42300.0,42850.0,39100.0,39150.0,663911.0
2025-11-28 00:00:00+09:00,39350.0,40150.0,38150.0,39100.0,391831.0
2025-12-01 00:00:00+09:00,39500.0,43350.0,38800.0,42100.0,789223.0
2025-12-02 00:00:00+09:00,41100.0,42300.0,40200.0,42250.0,490311.0
2025-12-03 00:00:00+09:00,41900.0,42450.0,41050.0,42250.0,318155.0
2025-12-04 00:00:00+09:00,42100.0,42200.0,40300.0,40450.0,273100.0
2025-12-05 00:00:00+09:00,40150.0,40800.0,39650.0,40150.0,250003.0
2025-12-08 00:00:00+09:00,40200.0,40200.0,36700.0,38000.0,753110.0
2025-12-09 00:00:00+09:00,38400.0,38700.0,36450.0,36700.0,431699.0
2025-12-10 00:00:00+09:00,37250.0,37950.0,36500.0,36750.0,300474.0
2025-12-11 00:00:00+09:00,37100.0,38400.0,36550.0,36750.0,230567.0
2025-12-12 00:00:00+09:00,36900.0,36900.0,35500.0,36000.0,265966.0
2025-12-15 00:00:00+09:00,35650.0,36150.0,34500.0,34950.0,336433.0
2025-12-16 00:00:00+09:00,35000.0,35250.0,33150.0,33650.0,434401.0
2025-12-17 00:00:00+09:00,33900.0,34350.0,33100.0,34250.0,221327.0
2025-12-18 00:00:00+09:00,32950.0,33300.0,32000.0,32150.0,232608.0
2025-12-19 00:00:00+09:00,32450.0,32450.0,31200.0,31600.0,280203.0
2025-12-22 00:00:00+09:00,32450.0,32600.0,31800.0,32400.0,189820.0
2025-12-23 00:00:00+09:00,32700.0,32800.0,32000.0,32300.0,124315.0
2025-12-24 00:00:00+09:00,32900.0,34250.0,32300.0,32600.0,274268.0
2025-12-26 00:00:00+09:00,32900.0,33000.0,31600.0,32000.0,131092.0
2025-12-29 00:00:00+09:00,31100.0,32150.0,30900.0,31650.0,118699.0
2025-12-30 00:00:00+09:00,31150.0,31150.0,30400.0,30550.0,204770.0
2026-01-02 00:00:00+09:00,30250.0,30300.0,29350.0,30000.0,230650.0
2026-01-05 00:00:00+09:00,30500.0,31650.0,30000.0,30650.0,259990.0
2026-01-06 00:00:00+09:00,31300.0,31300.0,30150.0,30350.0,181101.0
2026-01-07 00:00:00+09:00,30300.0,30300.0,29200.0,29600.0,191950.0
2026-01-08 00:00:00+09:00,29200.0,29800.0,28700.0,29000.0,208644.0
2026-01-09 00:00:00+09:00,29300.0,29300.0,28050.0,28750.0,177144.0
2026-01-12 00:00:00+09:00,28450.0,30050.0,28400.0,29900.0,197111.0
2026-01-13 00:00:00+09:00,30000.0,30850.0,29400.0,30750.0,203731.0
2026-01-14 00:00:00+09:00,32150.0,34700.0,31600.0,34000.0,953132.0
2026-01-15 00:00:00+09:00,35450.0,36000.0,33800.0,34000.0,445038.0
2026-01-16 00:00:00+09:00,35350.0,35350.0,33300.0,33750.0,238291.0
2026-01-19 00:00:00+09:00,33200.0,34650.0,32800.0,34450.0,227914.0
2026-01-20 00:00:00+09:00,34350.0,35050.0,33150.0,34250.0,218047.0
2026-01-21 00:00:00+09:00,33000.0,33550.0,32150.0,33450.0,190047.0
2026-01-22 00:00:00+09:00,34250.0,42900.0,34100.0,42350.0,2654667.0
2026-01-23 00:00:00+09:00,42400.0,42450.0,38200.0,38900.0,1169796.0
2026-01-26 00:00:00+09:00,40350.0,41600.0,39300.0,40750.0,769718.0
2026-01-27 00:00:00+09:00,39600.0,41250.0,39350.0,40350.0,328150.0
2026-01-28 00:00:00+09:00,40700.0,43000.0,40200.0,42800.0,836332.0
2026-01-29 00:00:00+09:00,43550.0,43550.0,39000.0,40900.0,548469.0
2026-01-30 00:00:00+09:00,41450.0,41850.0,38500.0,38850.0,423877.0
2026-02-02 00:00:00+09:00,37450.0,39450.0,36500.0,36800.0,302848.0
2026-02-03 00:00:00+09:00,37700.0,42450.0,37050.0,41950.0,682519.0
2026-02-04 00:00:00+09:00,42650.0,49450.0,42650.0,47750.0,2184127.0
2026-02-05 00:00:00+09:00,46350.0,50500.0,46050.0,48850.0,1282746.0
2026-02-06 00:00:00+09:00,46950.0,48050.0,44550.0,46350.0,551584.0
2026-02-09 00:00:00+09:00,48100.0,48250.0,44500.0,45250.0,525861.0
2026-02-10 00:00:00+09:00,46350.0,47100.0,44650.0,45300.0,222947.0
2026-02-11 00:00:00+09:00,45100.0,45100.0,41650.0,42500.0,474204.0
2026-02-12 00:00:00+09:00,43200.0,44900.0,42500.0,43800.0,225983.0
2026-02-13 00:00:00+09:00,42950.0,44250.0,42200.0,42450.0,223982.0
2026-02-19 00:00:00+09:00,43150.0,44850.0,42300.0,44100.0,231190.0
2026-02-20 00:00:00+09:00,44100.0,45750.0,43400.0,44250.0,304030.0
2026-02-23 00:00:00+09:00,45650.0,45800.0,43500.0,44100.0,331493.0
2026-02-24 00:00:00+09:00,44500.0,45900.0,43750.0,44650.0,359563.0
2026-02-25 00:00:00+09:00,45600.0,46950.0,45100.0,45700.0,423895.0
2026-02-26 00:00:00+09:00,46700.0,47900.0,45100.0,45500.0,354376.0
2026-02-27 00:00:00+09:00,44800.0,45550.0,44050.0,44700.0,174693.0
2026-03-03 00:00:00+09:00,43500.0,44200.0,39600.0,40150.0,362425.0
2026-03-04 00:00:00+09:00,38400.0,40150.0,33050.0,33250.0,587065.0
2026-03-05 00:00:00+09:00,36250.0,37900.0,35250.0,37250.0,317870.0
2026-03-06 00:00:00+09:00,37950.0,41300.0,36400.0,41000.0,239696.0
2026-03-09 00:00:00+09:00,37550.0,38300.0,35900.0,37550.0,203631.0
2026-03-10 00:00:00+09:00,39400.0,39400.0,37100.0,37850.0,212136.0
2026-03-11 00:00:00+09:00,38950.0,39600.0,36650.0,37500.0,165968.0
2026-03-12 00:00:00+09:00,37150.0,38900.0,36900.0,38500.0,135973.0
2026-03-13 00:00:00+09:00,37600.0,37700.0,36900.0,37250.0,143913.0
2026-03-16 00:00:00+09:00,37350.0,38050.0,36200.0,36400.0,126441.0
2026-03-17 00:00:00+09:00,37400.0,37650.0,36750.0,36800.0,111322.0
2026-03-18 00:00:00+09:00,37500.0,39200.0,37300.0,39100.0,140480.0
2026-03-19 00:00:00+09:00,38450.0,38700.0,37500.0,37550.0,83543.0
2026-03-20 00:00:00+09:00,38750.0,40800.0,38500.0,40550.0,215901.0
2026-03-23 00:00:00+09:00,42000.0,42000.0,38800.0,38850.0,249544.0
2026-03-24 00:00:00+09:00,42950.0,43050.0,38550.0,39600.0,276235.0
2026-03-25 00:00:00+09:00,40550.0,43000.0,39100.0,40850.0,198657.0
2026-03-26 00:00:00+09:00,41450.0,42000.0,39750.0,40550.0,129845.0
2026-03-27 00:00:00+09:00,39250.0,43100.0,38750.0,42100.0,247141.0
2026-03-30 00:00:00+09:00,40650.0,42950.0,40100.0,42050.0,218415.0
2026-03-31 00:00:00+09:00,42550.0,42550.0,40550.0,41400.0,238977.0
2026-04-01 00:00:00+09:00,42550.0,42700.0,41550.0,42400.0,143620.0
2026-04-02 00:00:00+09:00,42350.0,42950.0,38500.0,39250.0,305225.0
2026-04-03 00:00:00+09:00,40150.0,41400.0,39450.0,40450.0,118680.0
2026-04-06 00:00:00+09:00,41500.0,47250.0,41500.0,45450.0,1138524.0
2026-04-07 00:00:00+09:00,44800.0,46700.0,43850.0,45500.0,488345.0
2026-04-08 00:00:00+09:00,46700.0,46800.0,43650.0,45100.0,390619.0
2026-04-09 00:00:00+09:00,45600.0,45600.0,44500.0,44600.0,155883.0
2026-04-10 00:00:00+09:00,45700.0,49600.0,45400.0,49150.0,732289.0
2026-04-13 00:00:00+09:00,48600.0,51300.0,47000.0,47350.0,411882.0
2026-04-14 00:00:00+09:00,48000.0,48000.0,45100.0,46000.0,331757.0
2026-04-15 00:00:00+09:00,46900.0,47300.0,45200.0,46200.0,244624.0
2026-04-16 00:00:00+09:00,46600.0,49250.0,46000.0,48850.0,327709.0
2026-04-17 00:00:00+09:00,49200.0,54500.0,48450.0,52900.0,1001421.0
2026-04-20 00:00:00+09:00,53200.0,53500.0,51200.0,52500.0,325078.0
2026-04-21 00:00:00+09:00,53300.0,57200.0,52500.0,56700.0,745342.0
2026-04-22 00:00:00+09:00,59200.0,64300.0,56400.0,62100.0,1047066.0
2026-04-23 00:00:00+09:00,62100.0,64500.0,60600.0,63400.0,698846.0
2026-04-24 00:00:00+09:00,63700.0,68500.0,62400.0,68100.0,837255.0
2026-04-27 00:00:00+09:00,69500.0,69900.0,63800.0,67100.0,480601.0
2026-04-28 00:00:00+09:00,68000.0,70900.0,66000.0,67400.0,523842.0
2026-04-29 00:00:00+09:00,68300.0,70900.0,66900.0,68300.0,315839.0
2026-04-30 00:00:00+09:00,68800.0,72500.0,66500.0,66700.0,462540.0
2026-05-04 00:00:00+09:00,70800.0,83100.0,70800.0,78500.0,1230570.0
2026-05-06 00:00:00+09:00,80000.0,81300.0,73000.0,78500.0,586641.0
2026-05-07 00:00:00+09:00,77900.0,78500.0,73300.0,74000.0,370762.0
2026-05-08 00:00:00+09:00,71500.0,74000.0,70100.0,71400.0,307214.0
2026-05-11 00:00:00+09:00,74200.0,77900.0,69700.0,75400.0,532496.0
2026-05-12 00:00:00+09:00,76800.0,76800.0,67800.0,71900.0,496779.0
2026-05-13 00:00:00+09:00,69100.0,69900.0,64900.0,67600.0,359512.0
2026-05-14 00:00:00+09:00,69300.0,71200.0,63000.0,66900.0,355385.0
2026-05-15 00:00:00+09:00,68200.0,72000.0,59700.0,61200.0,445244.0
2026-05-18 00:00:00+09:00,58100.0,60100.0,56000.0,59800.0,343721.0
2026-05-19 00:00:00+09:00,60200.0,60900.0,55600.0,56400.0,221000.0
2026-05-20 00:00:00+09:00,55500.0,55800.0,52000.0,53800.0,379862.0
2026-05-21 00:00:00+09:00,56100.0,58000.0,55200.0,57700.0,219743.0
2026-05-22 00:00:00+09:00,59700.0,60900.0,57100.0,60100.0,211076.0
2026-05-26 00:00:00+09:00,62300.0,62500.0,57000.0,58100.0,310902.0
2026-05-27 00:00:00+09:00,58500.0,62100.0,56300.0,58200.0,397431.0
2026-05-28 00:00:00+09:00,60600.0,62400.0,54200.0,57300.0,377622.0
2026-05-29 00:00:00+09:00,57500.0,57900.0,53000.0,56100.0,267015.0
2026-06-01 00:00:00+09:00,56900.0,69600.0,55200.0,64300.0,937318.0
2026-06-02 00:00:00+09:00,75600.0,75600.0,65500.0,67300.0,1158910.0
2026-06-04 00:00:00+09:00,67300.0,68000.0,59600.0,61000.0,510698.0
2026-06-05 00:00:00+09:00,59300.0,59400.0,52500.0,55300.0,443148.0
2026-06-08 00:00:00+09:00,47550.0,51200.0,46700.0,47050.0,388267.0
2026-06-09 00:00:00+09:00,48200.0,49400.0,45050.0,48950.0,308782.0
2026-06-10 00:00:00+09:00,47850.0,49600.0,44050.0,45500.0,353619.0
2026-06-11 00:00:00+09:00,43500.0,48350.0,43000.0,47950.0,220810.0
2026-06-12 00:00:00+09:00,52200.0,60200.0,51700.0,56500.0,651859.0
2026-06-15 00:00:00+09:00,57700.0,57700.0,53800.0,56800.0,286519.0
2026-06-16 00:00:00+09:00,57300.0,57700.0,54600.0,57700.0,181450.0
2026-06-17 00:00:00+09:00,56800.0,56900.0,54700.0,55200.0,185150.0
2026-06-18 00:00:00+09:00,54000.0,54400.0,51000.0,51100.0,180901.0
2026-06-19 00:00:00+09:00,51500.0,53400.0,48050.0,49200.0,495863.0
2026-06-22 00:00:00+09:00,48150.0,51400.0,47100.0,47550.0,157531.0
2026-06-23 00:00:00+09:00,47900.0,50800.0,44850.0,45000.0,271790.0
2026-06-24 00:00:00+09:00,44900.0,47550.0,44150.0,45600.0,244045.0
2026-06-25 00:00:00+09:00,46250.0,47450.0,42700.0,43200.0,203128.0
2026-06-26 00:00:00+09:00,42750.0,44850.0,41650.0,42100.0,364212.0
2026-06-29 00:00:00+09:00,41900.0,45350.0,41750.0,45050.0,211825.0
2026-06-30 00:00:00+09:00,45050.0,45950.0,42950.0,44450.0,240758.0
2026-07-01 00:00:00+09:00,45050.0,47050.0,43350.0,43700.0,188772.0
2026-07-02 00:00:00+09:00,42600.0,43850.0,39200.0,39200.0,226559.0
2026-07-03 00:00:00+09:00,39000.0,39750.0,35550.0,39750.0,253150.0
2026-07-06 00:00:00+09:00,39550.0,39600.0,36300.0,37600.0,219658.0
2026-07-07 00:00:00+09:00,37150.0,37950.0,34600.0,35800.0,211773.0
2026-07-08 00:00:00+09:00,34350.0,35650.0,31450.0,32050.0,461229.0
2026-07-09 00:00:00+09:00,32250.0,33700.0,31400.0,33300.0,276243.0
2026-07-10 00:00:00+09:00,33350.0,36000.0,33350.0,35600.0,224753.0
2026-07-13 00:00:00+09:00,35000.0,37150.0,33300.0,33850.0,166926.0
2026-07-14 00:00:00+09:00,33500.0,33550.0,30550.0,31450.0,221193.0
2026-07-15 00:00:00+09:00,32450.0,34450.0,32450.0,34200.0,137763.0
2026-07-16 00:00:00+09:00,33250.0,33850.0,31400.0,32250.0,150358.0
2026-07-20 00:00:00+09:00,31100.0,31100.0,29600.0,29900.0,124943.0
2026-07-21 00:00:00+09:00,29600.0,30500.0,28700.0,29900.0,110433.0
2026-07-22 00:00:00+09:00,31000.0,31550.0,29800.0,29850.0,113242.0
2026-07-23 00:00:00+09:00,30250.0,33200.0,30050.0,33150.0,156893.0
2026-07-24 00:00:00+09:00,32850.0,32850.0,30000.0,30150.0,137496.0
2026-07-27 00:00:00+09:00,31550.0,31550.0,28550.0,29400.0,218979.0
2026-07-28 00:00:00+09:00,28250.0,28500.0,26050.0,26550.0,274954.0
2026-07-29 00:00:00+09:00,26600.0,27050.0,23300.0,24200.0,241875.0
2026-07-30 00:00:00+09:00,22600.0,25450.0,22600.0,24350.0,137112.0
2026-07-31 00:00:00+09:00,25550.0,27500.0,25350.0,27350.0,168526.0
2026-08-03 00:00:00+09:00,27050.0,29000.0,26350.0,27600.0,114708.0
2026-08-04 00:00:00+09:00,28300.0,30600.0,28300.0,30450.0,166581.0
2026-08-05 00:00:00+09:00,31500.0,32000.0,30200.0,31250.0,156784.0
2026-08-06 00:00:00+09:00,31250.0,32200.0,30350.0,31250.0,189498.0
2026-08-07 00:00:00+09:00,32500.0,33250.0,28650.0,30600.0,412017.0
2026-08-10 00:00:00+09:00,32500.0,32950.0,31250.0,32900.0,249274.0
2026-08-11 00:00:00+09:00,32400.0,32950.0,31200.0,32400.0,158880.0
2026-08-12 00:00:00+09:00,32950.0,33700.0,31950.0,33100.0,188129.0
2026-08-13 00:00:00+09:00,34300.0,35800.0,33350.0,34650.0,237585.0
2026-08-14 00:00:00+09:00,35100.0,35300.0,33200.0,34450.0,160431.0
2026-08-18 00:00:00+09:00,34400.0,34450.0,31950.0,32350.0,150130.0
2026-08-19 00:00:00+09:00,31100.0,32850.0,30650.0,31600.0,78151.0
2026-08-20 00:00:00+09:00,32100.0,33350.0,31650.0,32000.0,103092.0
2026-08-21 00:00:00+09:00,31400.0,31400.0,29300.0,29450.0,151321.0
2026-08-24 00:00:00+09:00,30250.0,32950.0,29850.0,32350.0,213684.0
2026-08-25 00:00:00+09:00,32050.0,32050.0,29950.0,31950.0,97792.0
2026-08-26 00:00:00+09:00,32350.0,33250.0,31400.0,32900.0,117709.0
2026-08-27 00:00:00+09:00,32950.0,36700.0,32550.0,35200.0,362463.0
2026-08-28 00:00:00+09:00,34900.0,35850.0,34200.0,35300.0,135727.0
