dt,open,high,low,close,volume
2016-06-21 00:00:00+09:00,15300.0,15400.0,15100.0,15300.0,283638.0
2016-06-22 00:00:00+09:00,15400.0,15400.0,15200.0,15400.0,226213.0
2016-06-23 00:00:00+09:00,15300.0,15400.0,15100.0,15200.0,272793.0
2016-06-24 00:00:00+09:00,15400.0,15600.0,14000.0,14500.0,1136191.0
2016-06-27 00:00:00+09:00,14100.0,14950.0,14050.0,14750.0,555201.0
2016-06-28 00:00:00+09:00,14500.0,15100.0,14500.0,15000.0,406957.0
2016-06-29 00:00:00+09:00,15200.0,15450.0,15100.0,15150.0,388354.0
2016-06-30 00:00:00+09:00,15350.0,15450.0,15100.0,15150.0,328687.0
2016-07-01 00:00:00+09:00,15350.0,15600.0,15200.0,15300.0,344040.0
2016-07-04 00:00:00+09:00,15400.0,15750.0,15350.0,15700.0,418606.0
2016-07-05 00:00:00+09:00,15800.0,16500.0,15700.0,16500.0,1151645.0
2016-07-06 00:00:00+09:00,16750.0,17300.0,16200.0,16550.0,1756207.0
2016-07-07 00:00:00+09:00,16600.0,16850.0,16400.0,16550.0,597955.0
2016-07-08 00:00:00+09:00,16800.0,16800.0,15650.0,15700.0,1347635.0
2016-07-11 00:00:00+09:00,15400.0,15450.0,14950.0,15100.0,1390509.0
2016-07-12 00:00:00+09:00,15200.0,15500.0,15050.0,15100.0,730313.0
2016-07-13 00:00:00+09:00,15250.0,15300.0,15100.0,15200.0,438337.0
2016-07-14 00:00:00+09:00,15150.0,15200.0,14950.0,15000.0,600334.0
2016-07-15 00:00:00+09:00,15000.0,15400.0,15000.0,15150.0,600578.0
2016-07-18 00:00:00+09:00,15200.0,15250.0,15100.0,15150.0,284656.0
2016-07-19 00:00:00+09:00,15200.0,15750.0,15150.0,15500.0,718629.0
2016-07-20 00:00:00+09:00,15650.0,15650.0,15350.0,15450.0,269222.0
2016-07-21 00:00:00+09:00,15550.0,15600.0,15100.0,15200.0,334518.0
2016-07-22 00:00:00+09:00,15200.0,15350.0,15100.0,15350.0,187251.0
2016-07-25 00:00:00+09:00,15500.0,15550.0,15150.0,15200.0,294681.0
2016-07-26 00:00:00+09:00,15250.0,16000.0,15250.0,15900.0,1085846.0
2016-07-27 00:00:00+09:00,16100.0,16400.0,15900.0,16150.0,947513.0
2016-07-28 00:00:00+09:00,16250.0,16300.0,15850.0,15950.0,473823.0
2016-07-29 00:00:00+09:00,15950.0,16100.0,15700.0,16050.0,342913.0
2016-08-01 00:00:00+09:00,16250.0,16450.0,16000.0,16100.0,460331.0
2016-08-02 00:00:00+09:00,16200.0,16250.0,15800.0,15800.0,318531.0
2016-08-03 00:00:00+09:00,15700.0,15800.0,15350.0,15750.0,448608.0
2016-08-04 00:00:00+09:00,15750.0,16450.0,15750.0,16200.0,1746446.0
2016-08-05 00:00:00+09:00,16000.0,16250.0,15400.0,15500.0,1346234.0
2016-08-08 00:00:00+09:00,15550.0,15750.0,15500.0,15650.0,381775.0
2016-08-09 00:00:00+09:00,15800.0,16150.0,15750.0,15950.0,723434.0
2016-08-10 00:00:00+09:00,16100.0,16100.0,15750.0,15800.0,428033.0
2016-08-11 00:00:00+09:00,15850.0,16100.0,15700.0,16050.0,516108.0
2016-08-12 00:00:00+09:00,16100.0,16300.0,15950.0,16100.0,478482.0
2016-08-16 00:00:00+09:00,16200.0,16450.0,16100.0,16450.0,604495.0
2016-08-17 00:00:00+09:00,16400.0,16600.0,16250.0,16400.0,493205.0
2016-08-18 00:00:00+09:00,16500.0,16850.0,16450.0,16650.0,779619.0
2016-08-19 00:00:00+09:00,16800.0,16800.0,16100.0,16300.0,655965.0
2016-08-22 00:00:00+09:00,16200.0,16400.0,15850.0,16200.0,452275.0
2016-08-23 00:00:00+09:00,16250.0,16600.0,16250.0,16500.0,633674.0
2016-08-24 00:00:00+09:00,16600.0,17000.0,16400.0,16900.0,1279782.0
2016-08-25 00:00:00+09:00,17000.0,17050.0,16750.0,16850.0,464402.0
2016-08-26 00:00:00+09:00,16900.0,17300.0,16550.0,16650.0,829006.0
2016-08-29 00:00:00+09:00,16700.0,16900.0,16450.0,16500.0,429587.0
2016-08-30 00:00:00+09:00,16700.0,17000.0,16550.0,16800.0,472752.0
2016-08-31 00:00:00+09:00,16900.0,17000.0,16600.0,16750.0,425872.0
2016-09-01 00:00:00+09:00,16800.0,17050.0,16650.0,17000.0,469677.0
2016-09-02 00:00:00+09:00,17250.0,17650.0,17200.0,17450.0,1158091.0
2016-09-05 00:00:00+09:00,17600.0,17700.0,16900.0,17000.0,920867.0
2016-09-06 00:00:00+09:00,16900.0,17050.0,16500.0,16650.0,765133.0
2016-09-07 00:00:00+09:00,16800.0,16800.0,16200.0,16300.0,645570.0
2016-09-08 00:00:00+09:00,16350.0,16450.0,16150.0,16350.0,401800.0
2016-09-09 00:00:00+09:00,16350.0,16500.0,15950.0,16100.0,449199.0
2016-09-12 00:00:00+09:00,15850.0,15950.0,15450.0,15500.0,703275.0
2016-09-13 00:00:00+09:00,15650.0,15950.0,15500.0,15900.0,364826.0
2016-09-19 00:00:00+09:00,16000.0,16200.0,15750.0,16050.0,221567.0
2016-09-20 00:00:00+09:00,16100.0,16150.0,15950.0,16150.0,165455.0
2016-09-21 00:00:00+09:00,16150.0,16150.0,15950.0,16100.0,186741.0
2016-09-22 00:00:00+09:00,16200.0,16400.0,16000.0,16000.0,281252.0
2016-09-23 00:00:00+09:00,16100.0,16200.0,15950.0,16000.0,244336.0
2016-09-26 00:00:00+09:00,16150.0,16200.0,15650.0,15750.0,423261.0
2016-09-27 00:00:00+09:00,15650.0,16300.0,15450.0,16250.0,616792.0
2016-09-28 00:00:00+09:00,16250.0,16400.0,15900.0,15900.0,324778.0
2016-09-29 00:00:00+09:00,16000.0,16200.0,16000.0,16050.0,192736.0
2016-09-30 00:00:00+09:00,15900.0,16100.0,15800.0,15900.0,265426.0
2016-10-04 00:00:00+09:00,15900.0,16100.0,15900.0,16000.0,208586.0
2016-10-05 00:00:00+09:00,15950.0,16650.0,15850.0,16650.0,933108.0
2016-10-06 00:00:00+09:00,16600.0,16650.0,16100.0,16200.0,669853.0
2016-10-07 00:00:00+09:00,16250.0,16250.0,15750.0,15900.0,535182.0
2016-10-10 00:00:00+09:00,15750.0,15950.0,15600.0,15600.0,429837.0
2016-10-11 00:00:00+09:00,15550.0,15750.0,15200.0,15250.0,716740.0
2016-10-12 00:00:00+09:00,15250.0,15500.0,15200.0,15350.0,187231.0
2016-10-13 00:00:00+09:00,15350.0,15500.0,15200.0,15200.0,227295.0
2016-10-14 00:00:00+09:00,15250.0,15300.0,15050.0,15150.0,352001.0
2016-10-17 00:00:00+09:00,15200.0,15250.0,14700.0,14850.0,598188.0
2016-10-18 00:00:00+09:00,14850.0,14900.0,14100.0,14150.0,1594303.0
2016-10-19 00:00:00+09:00,14250.0,14400.0,14000.0,14200.0,768517.0
2016-10-20 00:00:00+09:00,14250.0,14250.0,14000.0,14050.0,557848.0
2016-10-21 00:00:00+09:00,14100.0,14150.0,13700.0,13850.0,803712.0
2016-10-24 00:00:00+09:00,13850.0,14150.0,13800.0,13950.0,513731.0
2016-10-25 00:00:00+09:00,13950.0,14000.0,13250.0,13250.0,1408738.0
2016-10-26 00:00:00+09:00,13100.0,13400.0,12850.0,13100.0,1162089.0
2016-10-27 00:00:00+09:00,13350.0,13550.0,13200.0,13400.0,714144.0
2016-10-28 00:00:00+09:00,13450.0,13500.0,13300.0,13300.0,300791.0
2016-10-31 00:00:00+09:00,13300.0,13350.0,13000.0,13000.0,400008.0
2016-11-01 00:00:00+09:00,13050.0,13600.0,13050.0,13150.0,524764.0
2016-11-02 00:00:00+09:00,13100.0,13300.0,12950.0,13050.0,409360.0
2016-11-03 00:00:00+09:00,12950.0,13550.0,12950.0,13350.0,604897.0
2016-11-04 00:00:00+09:00,13300.0,13700.0,13050.0,13550.0,510575.0
2016-11-07 00:00:00+09:00,13600.0,13650.0,13200.0,13350.0,462420.0
2016-11-08 00:00:00+09:00,13400.0,13750.0,13350.0,13400.0,490337.0
2016-11-09 00:00:00+09:00,13450.0,13650.0,12800.0,13100.0,795220.0
2016-11-10 00:00:00+09:00,13400.0,13600.0,13300.0,13400.0,439437.0
2016-11-11 00:00:00+09:00,13500.0,13500.0,13050.0,13050.0,520683.0
2016-11-14 00:00:00+09:00,13100.0,13200.0,12900.0,12950.0,314713.0
2016-11-15 00:00:00+09:00,12900.0,12950.0,12300.0,12500.0,1524898.0
2016-11-16 00:00:00+09:00,12500.0,13250.0,12400.0,13000.0,977633.0
2016-11-17 00:00:00+09:00,13100.0,13600.0,12850.0,13600.0,623693.0
2016-11-18 00:00:00+09:00,13500.0,13600.0,13200.0,13300.0,427380.0
2016-11-21 00:00:00+09:00,13500.0,13600.0,13250.0,13400.0,507491.0
2016-11-22 00:00:00+09:00,13350.0,13650.0,13200.0,13450.0,637227.0
2016-11-23 00:00:00+09:00,13500.0,13600.0,13250.0,13550.0,458942.0
2016-11-24 00:00:00+09:00,13550.0,13600.0,13250.0,13300.0,393458.0
2016-11-25 00:00:00+09:00,13300.0,13350.0,13100.0,13100.0,242754.0
2016-11-28 00:00:00+09:00,13100.0,13300.0,12900.0,12900.0,370870.0
2016-11-29 00:00:00+09:00,12800.0,13650.0,12800.0,13550.0,575994.0
2016-11-30 00:00:00+09:00,13600.0,13650.0,13300.0,13400.0,3935143.0
2016-12-01 00:00:00+09:00,13400.0,13600.0,13300.0,13400.0,337541.0
2016-12-02 00:00:00+09:00,13450.0,13550.0,13350.0,13450.0,268472.0
2016-12-05 00:00:00+09:00,13250.0,13250.0,12500.0,12600.0,1068296.0
2016-12-06 00:00:00+09:00,12600.0,12800.0,12550.0,12650.0,401412.0
2016-12-07 00:00:00+09:00,12650.0,12800.0,12250.0,12300.0,573802.0
2016-12-08 00:00:00+09:00,12350.0,12600.0,12300.0,12300.0,504548.0
2016-12-09 00:00:00+09:00,12300.0,12700.0,12200.0,12650.0,643198.0
2016-12-12 00:00:00+09:00,12750.0,12800.0,12600.0,12750.0,341860.0
2016-12-13 00:00:00+09:00,12650.0,12850.0,12650.0,12800.0,254336.0
2016-12-14 00:00:00+09:00,12900.0,12950.0,12700.0,12750.0,297966.0
2016-12-15 00:00:00+09:00,12750.0,12800.0,12600.0,12750.0,307854.0
2016-12-16 00:00:00+09:00,12800.0,12800.0,12550.0,12550.0,410884.0
2016-12-19 00:00:00+09:00,12550.0,12650.0,12300.0,12400.0,391310.0
2016-12-20 00:00:00+09:00,12500.0,12500.0,12100.0,12200.0,717601.0
2016-12-21 00:00:00+09:00,12250.0,12300.0,12050.0,12100.0,559119.0
2016-12-22 00:00:00+09:00,12100.0,12400.0,12050.0,12050.0,477951.0
2016-12-23 00:00:00+09:00,12050.0,12250.0,12050.0,12200.0,426365.0
2016-12-26 00:00:00+09:00,12300.0,12300.0,12050.0,12100.0,409615.0
2016-12-27 00:00:00+09:00,12100.0,12250.0,12050.0,12100.0,606487.0
2016-12-28 00:00:00+09:00,12000.0,12200.0,11950.0,12150.0,420343.0
2016-12-29 00:00:00+09:00,12100.0,12150.0,12000.0,12150.0,293279.0
2017-01-02 00:00:00+09:00,12050.0,12250.0,12000.0,12200.0,253969.0
2017-01-03 00:00:00+09:00,12250.0,12250.0,12050.0,12150.0,370855.0
2017-01-04 00:00:00+09:00,12200.0,12650.0,12100.0,12600.0,687983.0
2017-01-05 00:00:00+09:00,12600.0,12750.0,12500.0,12700.0,406926.0
2017-01-06 00:00:00+09:00,12750.0,13050.0,12600.0,12950.0,922275.0
2017-01-09 00:00:00+09:00,13100.0,13200.0,12850.0,12950.0,469266.0
2017-01-10 00:00:00+09:00,12900.0,12900.0,12500.0,12550.0,580268.0
2017-01-11 00:00:00+09:00,12500.0,12850.0,12400.0,12800.0,340860.0
2017-01-12 00:00:00+09:00,12850.0,13450.0,12800.0,13400.0,1277475.0
2017-01-13 00:00:00+09:00,13450.0,13700.0,13400.0,13550.0,837363.0
2017-01-16 00:00:00+09:00,13600.0,14100.0,13550.0,14000.0,994557.0
2017-01-17 00:00:00+09:00,14050.0,14050.0,13650.0,13750.0,711307.0
2017-01-18 00:00:00+09:00,13650.0,14050.0,13650.0,14000.0,542033.0
2017-01-19 00:00:00+09:00,14000.0,14100.0,13800.0,13950.0,403744.0
2017-01-20 00:00:00+09:00,13900.0,14000.0,13850.0,13850.0,246405.0
2017-01-23 00:00:00+09:00,13850.0,14300.0,13650.0,14200.0,648560.0
2017-01-24 00:00:00+09:00,14250.0,14350.0,14000.0,14050.0,416019.0
2017-01-25 00:00:00+09:00,14000.0,14000.0,13250.0,13350.0,768393.0
2017-01-26 00:00:00+09:00,13350.0,13850.0,13350.0,13750.0,350622.0
2017-01-31 00:00:00+09:00,13600.0,13750.0,13400.0,13400.0,354597.0
2017-02-01 00:00:00+09:00,13500.0,13500.0,13250.0,13400.0,473581.0
2017-02-02 00:00:00+09:00,13400.0,13750.0,13300.0,13500.0,504379.0
2017-02-03 00:00:00+09:00,13350.0,13450.0,12950.0,13000.0,691392.0
2017-02-06 00:00:00+09:00,13000.0,13150.0,12750.0,13100.0,372091.0
2017-02-07 00:00:00+09:00,13100.0,13350.0,13050.0,13150.0,287719.0
2017-02-08 00:00:00+09:00,13100.0,13350.0,13000.0,13350.0,252740.0
2017-02-09 00:00:00+09:00,13300.0,13350.0,12850.0,13200.0,525227.0
2017-02-10 00:00:00+09:00,13200.0,14150.0,13100.0,13950.0,1433014.0
2017-02-13 00:00:00+09:00,14000.0,14000.0,13650.0,13750.0,537667.0
2017-02-14 00:00:00+09:00,13900.0,14300.0,13750.0,14250.0,1010507.0
2017-02-15 00:00:00+09:00,14250.0,14650.0,14150.0,14550.0,1019039.0
2017-02-16 00:00:00+09:00,14600.0,14600.0,14150.0,14250.0,492935.0
2017-02-17 00:00:00+09:00,14250.0,14350.0,14000.0,14250.0,531333.0
2017-02-20 00:00:00+09:00,14150.0,14750.0,14150.0,14600.0,834440.0
2017-02-21 00:00:00+09:00,14600.0,14750.0,14450.0,14650.0,516857.0
2017-02-22 00:00:00+09:00,14750.0,15000.0,14550.0,14900.0,707718.0
2017-02-23 00:00:00+09:00,15000.0,15400.0,14950.0,15250.0,1231310.0
2017-02-24 00:00:00+09:00,15250.0,15350.0,15000.0,15200.0,706560.0
2017-02-27 00:00:00+09:00,15350.0,15600.0,15250.0,15300.0,678799.0
2017-02-28 00:00:00+09:00,15350.0,15550.0,15000.0,15500.0,704313.0
2017-03-02 00:00:00+09:00,15500.0,15600.0,15350.0,15450.0,357622.0
2017-03-03 00:00:00+09:00,14700.0,14700.0,13350.0,13400.0,3856042.0
2017-03-06 00:00:00+09:00,12950.0,13350.0,12700.0,13250.0,1894020.0
2017-03-07 00:00:00+09:00,13300.0,13350.0,12950.0,13050.0,926757.0
2017-03-08 00:00:00+09:00,13050.0,13350.0,12950.0,13100.0,833114.0
2017-03-09 00:00:00+09:00,13150.0,13700.0,13100.0,13550.0,1170166.0
2017-03-10 00:00:00+09:00,13600.0,14150.0,13300.0,13500.0,1621487.0
2017-03-13 00:00:00+09:00,13500.0,13650.0,13300.0,13300.0,779971.0
2017-03-14 00:00:00+09:00,13400.0,13450.0,13050.0,13150.0,735305.0
2017-03-15 00:00:00+09:00,13100.0,13250.0,12500.0,12600.0,1889188.0
2017-03-16 00:00:00+09:00,12700.0,12850.0,12600.0,12700.0,681203.0
2017-03-17 00:00:00+09:00,12700.0,13150.0,12700.0,13150.0,816548.0
2017-03-20 00:00:00+09:00,13150.0,13250.0,12800.0,12900.0,580031.0
2017-03-21 00:00:00+09:00,12900.0,13050.0,12850.0,12950.0,402554.0
2017-03-22 00:00:00+09:00,12800.0,13250.0,12800.0,13100.0,912304.0
2017-03-23 00:00:00+09:00,13200.0,13250.0,13000.0,13100.0,613875.0
2017-03-24 00:00:00+09:00,13150.0,13500.0,13050.0,13500.0,868879.0
2017-03-27 00:00:00+09:00,13550.0,13650.0,13250.0,13500.0,426495.0
2017-03-28 00:00:00+09:00,13550.0,14200.0,13500.0,14050.0,1728616.0
2017-03-29 00:00:00+09:00,14100.0,14100.0,13800.0,13950.0,420249.0
2017-03-30 00:00:00+09:00,13950.0,14000.0,13750.0,13750.0,356251.0
2017-03-31 00:00:00+09:00,13700.0,14050.0,13700.0,13800.0,591256.0
2017-04-03 00:00:00+09:00,13850.0,14750.0,13800.0,14550.0,1902984.0
2017-04-04 00:00:00+09:00,14550.0,14700.0,14450.0,14600.0,599145.0
2017-04-05 00:00:00+09:00,14700.0,14750.0,13950.0,14150.0,1179140.0
2017-04-06 00:00:00+09:00,14200.0,14500.0,13950.0,14500.0,541778.0
2017-04-07 00:00:00+09:00,14550.0,14600.0,14200.0,14300.0,369261.0
2017-04-10 00:00:00+09:00,14150.0,14250.0,13550.0,13650.0,1095473.0
2017-04-11 00:00:00+09:00,13650.0,14050.0,13650.0,14050.0,595406.0
2017-04-12 00:00:00+09:00,14050.0,14100.0,13800.0,14000.0,429436.0
2017-04-13 00:00:00+09:00,14000.0,14600.0,14000.0,14350.0,750317.0
2017-04-14 00:00:00+09:00,14400.0,14400.0,14050.0,14150.0,251674.0
2017-04-17 00:00:00+09:00,14250.0,14950.0,14250.0,14900.0,1285037.0
2017-04-18 00:00:00+09:00,14850.0,15200.0,14700.0,15000.0,849663.0
2017-04-19 00:00:00+09:00,15000.0,15050.0,14550.0,14950.0,830291.0
2017-04-20 00:00:00+09:00,15050.0,15100.0,14450.0,14500.0,957423.0
2017-04-21 00:00:00+09:00,14700.0,15150.0,14600.0,14850.0,1048476.0
2017-04-24 00:00:00+09:00,14850.0,14900.0,14350.0,14400.0,728371.0
2017-04-25 00:00:00+09:00,14450.0,14600.0,14100.0,14200.0,733301.0
2017-04-26 00:00:00+09:00,14100.0,14600.0,14100.0,14500.0,609165.0
2017-04-27 00:00:00+09:00,14500.0,14550.0,14250.0,14400.0,388002.0
2017-04-28 00:00:00+09:00,14400.0,14400.0,14050.0,14100.0,596988.0
2017-05-02 00:00:00+09:00,14100.0,14300.0,14050.0,14200.0,356227.0
2017-05-04 00:00:00+09:00,14300.0,14900.0,14200.0,14850.0,850326.0
2017-05-08 00:00:00+09:00,14850.0,15200.0,14750.0,15150.0,960582.0
2017-05-10 00:00:00+09:00,15300.0,15350.0,14800.0,15050.0,840351.0
2017-05-11 00:00:00+09:00,15000.0,15550.0,14850.0,15450.0,1101759.0
2017-05-12 00:00:00+09:00,15350.0,15550.0,15150.0,15350.0,828725.0
2017-05-15 00:00:00+09:00,15350.0,16100.0,15300.0,15800.0,1643773.0
2017-05-16 00:00:00+09:00,15850.0,16000.0,15650.0,15900.0,1037970.0
2017-05-17 00:00:00+09:00,16100.0,17050.0,16050.0,17050.0,3030539.0
2017-05-18 00:00:00+09:00,16800.0,17500.0,16800.0,17350.0,2124952.0
2017-05-19 00:00:00+09:00,17350.0,17350.0,16700.0,16850.0,1495924.0
2017-05-22 00:00:00+09:00,16800.0,16800.0,16400.0,16450.0,1075668.0
2017-05-23 00:00:00+09:00,16600.0,17200.0,16550.0,16650.0,1474461.0
2017-05-24 00:00:00+09:00,16700.0,16900.0,16400.0,16750.0,800271.0
2017-05-25 00:00:00+09:00,16900.0,16900.0,15950.0,16100.0,1650730.0
2017-05-26 00:00:00+09:00,16050.0,16300.0,15750.0,16000.0,1401888.0
2017-05-29 00:00:00+09:00,16050.0,16100.0,15350.0,15450.0,1498400.0
2017-05-30 00:00:00+09:00,15600.0,15800.0,15400.0,15550.0,909000.0
2017-05-31 00:00:00+09:00,15600.0,15650.0,15250.0,15400.0,783993.0
2017-06-01 00:00:00+09:00,15450.0,15600.0,15050.0,15200.0,799011.0
2017-06-02 00:00:00+09:00,15250.0,15500.0,15000.0,15100.0,1135293.0
2017-06-05 00:00:00+09:00,15100.0,15450.0,14950.0,15300.0,945196.0
2017-06-07 00:00:00+09:00,15400.0,15700.0,15350.0,15650.0,1018826.0
2017-06-08 00:00:00+09:00,15700.0,16400.0,15550.0,16400.0,2038391.0
2017-06-09 00:00:00+09:00,16500.0,16550.0,16050.0,16100.0,870182.0
2017-06-12 00:00:00+09:00,15950.0,16100.0,15550.0,15700.0,628925.0
2017-06-13 00:00:00+09:00,15700.0,16000.0,15550.0,15650.0,545432.0
2017-06-14 00:00:00+09:00,15700.0,15750.0,15150.0,15300.0,826084.0
2017-06-15 00:00:00+09:00,15250.0,15600.0,15150.0,15600.0,469533.0
2017-06-16 00:00:00+09:00,15550.0,15800.0,15450.0,15450.0,344311.0
2017-06-19 00:00:00+09:00,15300.0,15400.0,15000.0,15050.0,854042.0
2017-06-20 00:00:00+09:00,15100.0,15350.0,14950.0,15250.0,495883.0
2017-06-21 00:00:00+09:00,15300.0,15550.0,15150.0,15400.0,426098.0
2017-06-22 00:00:00+09:00,15450.0,15550.0,15300.0,15300.0,365960.0
2017-06-23 00:00:00+09:00,15400.0,15650.0,15200.0,15400.0,496824.0
2017-06-26 00:00:00+09:00,15400.0,15500.0,14900.0,14950.0,740598.0
2017-06-27 00:00:00+09:00,14950.0,15150.0,14550.0,14650.0,936362.0
2017-06-28 00:00:00+09:00,14700.0,14900.0,14550.0,14650.0,267075.0
2017-06-29 00:00:00+09:00,14550.0,14700.0,14100.0,14200.0,1302527.0
2017-06-30 00:00:00+09:00,14150.0,14600.0,14000.0,14350.0,764068.0
2017-07-03 00:00:00+09:00,14300.0,14550.0,14150.0,14400.0,338126.0
2017-07-04 00:00:00+09:00,14350.0,14500.0,14050.0,14100.0,424211.0
2017-07-05 00:00:00+09:00,14100.0,14200.0,13650.0,13900.0,728907.0
2017-07-06 00:00:00+09:00,13850.0,13900.0,13750.0,13850.0,404295.0
2017-07-07 00:00:00+09:00,13850.0,13950.0,13450.0,13500.0,672352.0
2017-07-10 00:00:00+09:00,13450.0,13500.0,12800.0,12850.0,1577181.0
2017-07-11 00:00:00+09:00,12850.0,13200.0,12800.0,12850.0,954295.0
2017-07-12 00:00:00+09:00,12900.0,13200.0,12750.0,13050.0,657857.0
2017-07-13 00:00:00+09:00,13150.0,13250.0,13050.0,13150.0,501763.0
2017-07-14 00:00:00+09:00,13200.0,13400.0,13100.0,13400.0,564797.0
2017-07-17 00:00:00+09:00,13350.0,13600.0,13250.0,13550.0,440391.0
2017-07-18 00:00:00+09:00,13600.0,13650.0,13350.0,13400.0,297537.0
2017-07-19 00:00:00+09:00,13400.0,13850.0,13300.0,13750.0,474047.0
2017-07-20 00:00:00+09:00,13750.0,13750.0,13450.0,13450.0,381390.0
2017-07-21 00:00:00+09:00,13400.0,13400.0,13200.0,13350.0,316217.0
2017-07-24 00:00:00+09:00,13300.0,13350.0,13050.0,13100.0,401578.0
2017-07-25 00:00:00+09:00,13100.0,13450.0,13050.0,13400.0,410048.0
2017-07-26 00:00:00+09:00,13400.0,13900.0,13400.0,13550.0,573131.0
2017-07-27 00:00:00+09:00,13550.0,13700.0,13350.0,13450.0,411504.0
2017-07-28 00:00:00+09:00,13550.0,13900.0,13500.0,13850.0,732386.0
2017-07-31 00:00:00+09:00,13600.0,13600.0,13200.0,13300.0,512316.0
2017-08-01 00:00:00+09:00,13400.0,13750.0,13400.0,13750.0,393204.0
2017-08-02 00:00:00+09:00,13650.0,13850.0,13600.0,13700.0,214001.0
2017-08-03 00:00:00+09:00,13700.0,13700.0,13300.0,13300.0,369441.0
2017-08-04 00:00:00+09:00,13350.0,13550.0,13300.0,13400.0,285083.0
2017-08-07 00:00:00+09:00,13400.0,13750.0,13400.0,13650.0,352629.0
2017-08-08 00:00:00+09:00,13650.0,14600.0,13450.0,14500.0,2014060.0
2017-08-09 00:00:00+09:00,14500.0,15250.0,14450.0,15050.0,3467849.0
2017-08-10 00:00:00+09:00,14950.0,15200.0,14800.0,15150.0,1309328.0
2017-08-11 00:00:00+09:00,14800.0,14950.0,14550.0,14600.0,945811.0
2017-08-14 00:00:00+09:00,14600.0,15100.0,14500.0,15000.0,802426.0
2017-08-16 00:00:00+09:00,15100.0,15150.0,14700.0,14850.0,668855.0
2017-08-17 00:00:00+09:00,14900.0,14950.0,14650.0,14950.0,392849.0
2017-08-18 00:00:00+09:00,14700.0,14900.0,14600.0,14700.0,355825.0
2017-08-21 00:00:00+09:00,14700.0,15150.0,14550.0,14750.0,624786.0
2017-08-22 00:00:00+09:00,14750.0,14850.0,14650.0,14700.0,256224.0
2017-08-23 00:00:00+09:00,14700.0,14850.0,14350.0,14450.0,384296.0
2017-08-24 00:00:00+09:00,14450.0,14900.0,14450.0,14900.0,420993.0
2017-08-25 00:00:00+09:00,14950.0,15150.0,14700.0,14750.0,336915.0
2017-08-28 00:00:00+09:00,14800.0,15300.0,14750.0,15250.0,871267.0
2017-08-29 00:00:00+09:00,15100.0,15400.0,14950.0,15350.0,574398.0
2017-08-30 00:00:00+09:00,15350.0,15400.0,14950.0,15000.0,434782.0
2017-08-31 00:00:00+09:00,15050.0,15100.0,14550.0,14600.0,476746.0
2017-09-01 00:00:00+09:00,14650.0,14800.0,14550.0,14700.0,303131.0
2017-09-04 00:00:00+09:00,14250.0,14550.0,14150.0,14350.0,450862.0
2017-09-05 00:00:00+09:00,14350.0,14450.0,13950.0,14200.0,557029.0
2017-09-06 00:00:00+09:00,14200.0,14350.0,13900.0,13950.0,453514.0
2017-09-07 00:00:00+09:00,13950.0,14100.0,13500.0,13850.0,948354.0
2017-09-08 00:00:00+09:00,13650.0,13850.0,13250.0,13450.0,941596.0
2017-09-11 00:00:00+09:00,13400.0,13700.0,13300.0,13650.0,302488.0
2017-09-12 00:00:00+09:00,13700.0,13700.0,13500.0,13650.0,243086.0
2017-09-13 00:00:00+09:00,13500.0,13650.0,13350.0,13600.0,399650.0
2017-09-14 00:00:00+09:00,13550.0,13850.0,13450.0,13850.0,448402.0
2017-09-15 00:00:00+09:00,13750.0,13750.0,13400.0,13500.0,378636.0
2017-09-18 00:00:00+09:00,13450.0,13500.0,13200.0,13300.0,458960.0
2017-09-19 00:00:00+09:00,13250.0,13500.0,13250.0,13300.0,315107.0
2017-09-20 00:00:00+09:00,13300.0,13400.0,13100.0,13150.0,322947.0
2017-09-21 00:00:00+09:00,13200.0,13650.0,13100.0,13550.0,490501.0
2017-09-22 00:00:00+09:00,13500.0,13550.0,13200.0,13300.0,379501.0
2017-09-25 00:00:00+09:00,13650.0,13950.0,13550.0,13600.0,969352.0
2017-09-26 00:00:00+09:00,13600.0,14600.0,13550.0,14600.0,1460365.0
2017-09-27 00:00:00+09:00,14700.0,14700.0,14100.0,14350.0,828906.0
2017-09-28 00:00:00+09:00,14350.0,15000.0,14250.0,14900.0,1227413.0
2017-09-29 00:00:00+09:00,14900.0,15300.0,14900.0,15150.0,1577524.0
2017-10-10 00:00:00+09:00,14950.0,15350.0,14650.0,14700.0,910591.0
2017-10-11 00:00:00+09:00,14800.0,15950.0,14650.0,15900.0,2040195.0
2017-10-12 00:00:00+09:00,15900.0,16300.0,15700.0,16050.0,1475750.0
2017-10-13 00:00:00+09:00,16150.0,16850.0,15850.0,16700.0,1990961.0
2017-10-16 00:00:00+09:00,16850.0,17450.0,16800.0,17400.0,2854336.0
2017-10-17 00:00:00+09:00,17450.0,17900.0,16850.0,17100.0,2562539.0
2017-10-18 00:00:00+09:00,17150.0,17800.0,17000.0,17350.0,1587905.0
2017-10-19 00:00:00+09:00,17550.0,17600.0,16800.0,17350.0,971248.0
2017-10-20 00:00:00+09:00,17250.0,18050.0,17200.0,17800.0,2614874.0
2017-10-23 00:00:00+09:00,17800.0,18150.0,17200.0,17250.0,1338980.0
2017-10-24 00:00:00+09:00,17150.0,17950.0,17100.0,17750.0,1165215.0
2017-10-25 00:00:00+09:00,17950.0,18450.0,17850.0,18350.0,1358719.0
2017-10-26 00:00:00+09:00,18500.0,19600.0,18100.0,19350.0,3342748.0
2017-10-27 00:00:00+09:00,19550.0,20000.0,18950.0,19700.0,2331595.0
2017-10-30 00:00:00+09:00,20000.0,20550.0,19950.0,20200.0,1715897.0
2017-10-31 00:00:00+09:00,20350.0,20950.0,19350.0,20100.0,3298970.0
2017-11-01 00:00:00+09:00,20300.0,20400.0,19700.0,19800.0,1253030.0
2017-11-02 00:00:00+09:00,20150.0,20600.0,19650.0,20050.0,1323023.0
2017-11-03 00:00:00+09:00,20100.0,20400.0,19550.0,20400.0,1051087.0
2017-11-06 00:00:00+09:00,20600.0,20650.0,20100.0,20400.0,785797.0
2017-11-07 00:00:00+09:00,20500.0,22150.0,20100.0,21950.0,3681242.0
2017-11-08 00:00:00+09:00,21900.0,24000.0,21700.0,23700.0,3649112.0
2017-11-09 00:00:00+09:00,24300.0,25100.0,23500.0,24050.0,2860145.0
2017-11-10 00:00:00+09:00,23800.0,25000.0,23550.0,24950.0,1547279.0
2017-11-13 00:00:00+09:00,25750.0,25800.0,23950.0,24750.0,2257319.0
2017-11-14 00:00:00+09:00,25300.0,26100.0,24650.0,26000.0,1893919.0
2017-11-15 00:00:00+09:00,26400.0,28000.0,26150.0,27250.0,3105248.0
2017-11-16 00:00:00+09:00,27550.0,27600.0,26300.0,26650.0,1960305.0
2017-11-17 00:00:00+09:00,26200.0,26200.0,24100.0,24550.0,5609599.0
2017-11-20 00:00:00+09:00,24700.0,25800.0,24400.0,25500.0,2707946.0
2017-11-21 00:00:00+09:00,25800.0,26350.0,24700.0,25050.0,2220518.0
2017-11-22 00:00:00+09:00,25350.0,25450.0,24400.0,25150.0,1535279.0
2017-11-23 00:00:00+09:00,25200.0,26100.0,25000.0,25700.0,1401868.0
2017-11-24 00:00:00+09:00,25750.0,25800.0,25200.0,25200.0,696427.0
2017-11-27 00:00:00+09:00,25000.0,25700.0,24550.0,25400.0,984696.0
2017-11-28 00:00:00+09:00,25700.0,26750.0,24850.0,25950.0,2020270.0
2017-11-29 00:00:00+09:00,26000.0,26700.0,25150.0,25550.0,1724325.0
2017-11-30 00:00:00+09:00,25250.0,25900.0,24800.0,25400.0,907703.0
2017-12-01 00:00:00+09:00,25800.0,25850.0,25050.0,25600.0,907826.0
2017-12-04 00:00:00+09:00,25700.0,27700.0,25550.0,27100.0,2956912.0
2017-12-05 00:00:00+09:00,27250.0,27550.0,25000.0,25000.0,2934787.0
2017-12-06 00:00:00+09:00,25300.0,26100.0,23950.0,24550.0,2885371.0
2017-12-07 00:00:00+09:00,24650.0,24700.0,22350.0,22650.0,4359738.0
2017-12-08 00:00:00+09:00,22600.0,23300.0,21700.0,22150.0,2711760.0
2017-12-11 00:00:00+09:00,22400.0,23400.0,22350.0,23400.0,1593163.0
2017-12-12 00:00:00+09:00,23400.0,23550.0,21700.0,21800.0,2070537.0
2017-12-13 00:00:00+09:00,21950.0,23200.0,21800.0,23000.0,1471140.0
2017-12-14 00:00:00+09:00,23000.0,23100.0,22100.0,22100.0,2172727.0
2017-12-15 00:00:00+09:00,22400.0,22700.0,22100.0,22550.0,843387.0
2017-12-18 00:00:00+09:00,23000.0,23650.0,22750.0,22900.0,1692407.0
2017-12-19 00:00:00+09:00,22800.0,22950.0,21300.0,22200.0,2168401.0
2017-12-20 00:00:00+09:00,21750.0,22000.0,21100.0,21450.0,1456051.0
2017-12-21 00:00:00+09:00,21400.0,22100.0,21200.0,21200.0,1211594.0
2017-12-22 00:00:00+09:00,21350.0,21450.0,19900.0,21100.0,2944683.0
2017-12-26 00:00:00+09:00,21250.0,22400.0,21150.0,21550.0,1725625.0
2017-12-27 00:00:00+09:00,22000.0,22300.0,21750.0,22250.0,828297.0
2017-12-28 00:00:00+09:00,22450.0,22450.0,21650.0,22300.0,882433.0
2018-01-02 00:00:00+09:00,22650.0,23050.0,22200.0,22650.0,1529033.0
2018-01-03 00:00:00+09:00,22550.0,22700.0,21800.0,22400.0,1695526.0
2018-01-04 00:00:00+09:00,22350.0,22400.0,21050.0,21100.0,1766353.0
2018-01-05 00:00:00+09:00,21300.0,21950.0,21200.0,21950.0,1117114.0
2018-01-08 00:00:00+09:00,21250.0,21650.0,20550.0,20850.0,1874617.0
2018-01-09 00:00:00+09:00,21050.0,21550.0,20900.0,21250.0,929492.0
2018-01-10 00:00:00+09:00,21500.0,23200.0,21250.0,23200.0,3068575.0
2018-01-11 00:00:00+09:00,23450.0,23500.0,22450.0,22950.0,1853368.0
2018-01-12 00:00:00+09:00,23000.0,23000.0,21850.0,22150.0,1762097.0
2018-01-15 00:00:00+09:00,21850.0,22850.0,21550.0,22350.0,1436566.0
2018-01-16 00:00:00+09:00,22200.0,22750.0,22050.0,22400.0,1432676.0
2018-01-17 00:00:00+09:00,22550.0,24900.0,22450.0,24900.0,5309903.0
2018-01-18 00:00:00+09:00,25150.0,25400.0,24250.0,25000.0,2991825.0
2018-01-19 00:00:00+09:00,25150.0,26150.0,24800.0,25600.0,2811107.0
2018-01-22 00:00:00+09:00,26000.0,26350.0,24700.0,25500.0,1963896.0
2018-01-23 00:00:00+09:00,25400.0,25700.0,24650.0,24900.0,1597379.0
2018-01-24 00:00:00+09:00,24600.0,24700.0,23750.0,24150.0,2029944.0
2018-01-25 00:00:00+09:00,23950.0,24400.0,23500.0,23900.0,1650698.0
2018-01-26 00:00:00+09:00,24100.0,24600.0,23950.0,24300.0,1835661.0
2018-01-29 00:00:00+09:00,24350.0,24600.0,23700.0,24100.0,1668051.0
2018-01-30 00:00:00+09:00,23900.0,24050.0,23600.0,23700.0,933484.0
2018-01-31 00:00:00+09:00,23300.0,24150.0,22850.0,23650.0,1419948.0
2018-02-01 00:00:00+09:00,24000.0,25450.0,23750.0,25200.0,3129288.0
2018-02-02 00:00:00+09:00,25400.0,25450.0,24600.0,25200.0,1847125.0
2018-02-05 00:00:00+09:00,24400.0,24700.0,23350.0,23450.0,2241228.0
2018-02-06 00:00:00+09:00,22200.0,23250.0,21650.0,23050.0,2436828.0
2018-02-07 00:00:00+09:00,23600.0,23650.0,21850.0,21850.0,1717687.0
2018-02-08 00:00:00+09:00,21200.0,23000.0,21000.0,22600.0,2333399.0
2018-02-09 00:00:00+09:00,21600.0,22200.0,21450.0,21700.0,1667209.0
2018-02-12 00:00:00+09:00,22050.0,22350.0,21500.0,22100.0,737617.0
2018-02-13 00:00:00+09:00,22100.0,22350.0,21300.0,21300.0,1041282.0
2018-02-14 00:00:00+09:00,21400.0,21500.0,20900.0,21250.0,919114.0
2018-02-19 00:00:00+09:00,21350.0,21600.0,21050.0,21600.0,821304.0
2018-02-20 00:00:00+09:00,21600.0,21850.0,21250.0,21400.0,660814.0
2018-02-21 00:00:00+09:00,21350.0,21600.0,21100.0,21250.0,691244.0
2018-02-22 00:00:00+09:00,21250.0,21300.0,20350.0,20700.0,1099420.0
2018-02-23 00:00:00+09:00,20700.0,20750.0,20000.0,20100.0,1732746.0
2018-02-26 00:00:00+09:00,20150.0,20400.0,18700.0,19200.0,3021929.0
2018-02-27 00:00:00+09:00,19250.0,19800.0,19200.0,19350.0,1243045.0
2018-02-28 00:00:00+09:00,19150.0,19550.0,18000.0,18300.0,2179572.0
2018-03-02 00:00:00+09:00,18050.0,18300.0,17750.0,18200.0,1459422.0
2018-03-05 00:00:00+09:00,18300.0,19400.0,18150.0,19150.0,2479512.0
2018-03-06 00:00:00+09:00,19250.0,19550.0,18900.0,19100.0,878515.0
2018-03-07 00:00:00+09:00,19350.0,19850.0,19000.0,19450.0,1126622.0
2018-03-08 00:00:00+09:00,19500.0,19850.0,19200.0,19600.0,820483.0
2018-03-09 00:00:00+09:00,19700.0,21950.0,19650.0,21850.0,4080450.0
2018-03-12 00:00:00+09:00,22000.0,22300.0,21200.0,21700.0,1947162.0
2018-03-13 00:00:00+09:00,21650.0,21650.0,20350.0,20500.0,1740233.0
2018-03-14 00:00:00+09:00,20250.0,20600.0,19850.0,20400.0,1027281.0
2018-03-15 00:00:00+09:00,20300.0,20800.0,19850.0,20750.0,1026835.0
2018-03-16 00:00:00+09:00,20700.0,21000.0,20300.0,20900.0,721848.0
2018-03-19 00:00:00+09:00,20600.0,20800.0,20200.0,20200.0,513004.0
2018-03-20 00:00:00+09:00,19900.0,20250.0,19800.0,20250.0,700041.0
2018-03-21 00:00:00+09:00,20100.0,20600.0,20000.0,20100.0,493181.0
2018-03-22 00:00:00+09:00,20000.0,20800.0,20000.0,20050.0,812148.0
2018-03-23 00:00:00+09:00,19350.0,19950.0,18800.0,18800.0,1033734.0
2018-03-26 00:00:00+09:00,18800.0,19600.0,18650.0,19500.0,654412.0
2018-03-27 00:00:00+09:00,19800.0,20350.0,19550.0,20150.0,859626.0
2018-03-28 00:00:00+09:00,19850.0,20600.0,19750.0,20350.0,626964.0
2018-03-29 00:00:00+09:00,20550.0,20550.0,19900.0,20400.0,398364.0
2018-03-30 00:00:00+09:00,20450.0,21100.0,20200.0,21000.0,1165542.0
2018-04-02 00:00:00+09:00,23050.0,24100.0,22350.0,23600.0,6328039.0
2018-04-03 00:00:00+09:00,23450.0,24900.0,23250.0,24350.0,4212740.0
2018-04-04 00:00:00+09:00,24200.0,24250.0,22950.0,23200.0,2237578.0
2018-04-05 00:00:00+09:00,23550.0,23650.0,22200.0,22800.0,1937734.0
2018-04-06 00:00:00+09:00,22500.0,23100.0,22150.0,22400.0,1053932.0
2018-04-09 00:00:00+09:00,22650.0,23050.0,22400.0,22550.0,811633.0
2018-04-10 00:00:00+09:00,22600.0,22700.0,21800.0,22550.0,843775.0
2018-04-11 00:00:00+09:00,22650.0,22750.0,21800.0,21950.0,1177679.0
2018-04-12 00:00:00+09:00,22000.0,22000.0,21400.0,21400.0,900939.0
2018-04-13 00:00:00+09:00,21700.0,22800.0,21300.0,22700.0,1531777.0
2018-04-16 00:00:00+09:00,22950.0,23900.0,22850.0,23050.0,2164403.0
2018-04-17 00:00:00+09:00,23150.0,23200.0,22300.0,22500.0,1023223.0
2018-04-18 00:00:00+09:00,22700.0,23400.0,22650.0,23150.0,1089692.0
2018-04-19 00:00:00+09:00,23100.0,23600.0,22900.0,23400.0,1065023.0
2018-04-20 00:00:00+09:00,23550.0,23750.0,22400.0,22550.0,1074658.0
2018-04-23 00:00:00+09:00,22200.0,22650.0,21400.0,21900.0,1213654.0
2018-04-24 00:00:00+09:00,22100.0,22600.0,21950.0,22100.0,782143.0
2018-04-25 00:00:00+09:00,21800.0,22300.0,21600.0,22150.0,556215.0
2018-04-26 00:00:00+09:00,22450.0,22950.0,21850.0,21950.0,752237.0
2018-04-27 00:00:00+09:00,22150.0,22700.0,21900.0,22700.0,685370.0
2018-04-30 00:00:00+09:00,22900.0,23600.0,22550.0,23350.0,1400172.0
2018-05-02 00:00:00+09:00,23400.0,23450.0,22750.0,22900.0,706372.0
2018-05-03 00:00:00+09:00,23000.0,23150.0,22100.0,22500.0,913351.0
2018-05-04 00:00:00+09:00,23500.0,23600.0,22650.0,23050.0,1302595.0
2018-05-08 00:00:00+09:00,23700.0,23700.0,22100.0,22100.0,1272958.0
2018-05-09 00:00:00+09:00,22100.0,22350.0,21300.0,21700.0,1079287.0
2018-05-10 00:00:00+09:00,21750.0,22550.0,20300.0,20500.0,3862357.0
2018-05-11 00:00:00+09:00,20400.0,20800.0,19900.0,20350.0,2410546.0
2018-05-14 00:00:00+09:00,20550.0,20600.0,19800.0,19800.0,2009260.0
2018-05-15 00:00:00+09:00,20000.0,20300.0,19750.0,19950.0,1345791.0
2018-05-16 00:00:00+09:00,19900.0,20700.0,19550.0,20400.0,1271581.0
2018-05-17 00:00:00+09:00,20650.0,20650.0,20050.0,20250.0,769667.0
2018-05-18 00:00:00+09:00,20100.0,20450.0,20050.0,20300.0,536361.0
2018-05-21 00:00:00+09:00,20350.0,20500.0,20050.0,20250.0,565336.0
2018-05-23 00:00:00+09:00,20300.0,20300.0,19500.0,19600.0,1173477.0
2018-05-24 00:00:00+09:00,19550.0,19950.0,19350.0,19500.0,868618.0
2018-05-25 00:00:00+09:00,19150.0,19250.0,18800.0,19050.0,1020516.0
2018-05-28 00:00:00+09:00,19050.0,19600.0,19050.0,19500.0,858434.0
2018-05-29 00:00:00+09:00,19600.0,20200.0,19400.0,19850.0,949076.0
2018-05-30 00:00:00+09:00,19750.0,19750.0,19100.0,19250.0,709495.0
2018-05-31 00:00:00+09:00,19400.0,19450.0,19200.0,19400.0,526845.0
2018-06-01 00:00:00+09:00,19500.0,19800.0,19200.0,19400.0,674958.0
2018-06-04 00:00:00+09:00,19450.0,19500.0,18800.0,18850.0,1097218.0
2018-06-05 00:00:00+09:00,19250.0,20750.0,19250.0,19950.0,4330451.0
2018-06-07 00:00:00+09:00,20200.0,20400.0,19950.0,20100.0,1014102.0
2018-06-08 00:00:00+09:00,20200.0,20200.0,19550.0,19750.0,774334.0
2018-06-11 00:00:00+09:00,19750.0,20250.0,19650.0,20050.0,648814.0
2018-06-12 00:00:00+09:00,20200.0,20600.0,20000.0,20100.0,855592.0
2018-06-14 00:00:00+09:00,20050.0,20500.0,19550.0,19850.0,892938.0
2018-06-15 00:00:00+09:00,19800.0,19900.0,19200.0,19350.0,715757.0
2018-06-18 00:00:00+09:00,19250.0,19550.0,18700.0,18950.0,879354.0
2018-06-19 00:00:00+09:00,18900.0,19300.0,18650.0,18650.0,604741.0
2018-06-20 00:00:00+09:00,18650.0,18850.0,18150.0,18600.0,1016903.0
2018-06-21 00:00:00+09:00,18700.0,18750.0,17550.0,17600.0,1178619.0
2018-06-22 00:00:00+09:00,17550.0,18200.0,17400.0,18000.0,694902.0
2018-06-25 00:00:00+09:00,17900.0,18400.0,17750.0,18400.0,421685.0
2018-06-26 00:00:00+09:00,18150.0,18400.0,18000.0,18400.0,447267.0
2018-06-27 00:00:00+09:00,18300.0,18350.0,17750.0,17800.0,511385.0
2018-06-28 00:00:00+09:00,17550.0,18400.0,17550.0,17900.0,563775.0
2018-06-29 00:00:00+09:00,18050.0,18150.0,17550.0,18050.0,332420.0
2018-07-02 00:00:00+09:00,18100.0,18150.0,17050.0,17100.0,541515.0
2018-07-03 00:00:00+09:00,17150.0,17550.0,16600.0,17550.0,1044515.0
2018-07-04 00:00:00+09:00,17300.0,17650.0,17250.0,17500.0,374774.0
2018-07-05 00:00:00+09:00,17450.0,18300.0,17250.0,18200.0,611538.0
2018-07-06 00:00:00+09:00,18050.0,18050.0,17100.0,17600.0,1143982.0
2018-07-09 00:00:00+09:00,17350.0,17650.0,17250.0,17500.0,312038.0
2018-07-10 00:00:00+09:00,17500.0,18100.0,17500.0,17650.0,598330.0
2018-07-11 00:00:00+09:00,17550.0,17600.0,17100.0,17250.0,458787.0
2018-07-12 00:00:00+09:00,17300.0,17600.0,17250.0,17350.0,267459.0
2018-07-13 00:00:00+09:00,17400.0,18400.0,17400.0,17950.0,841819.0
2018-07-16 00:00:00+09:00,18050.0,18050.0,17600.0,17800.0,300855.0
2018-07-17 00:00:00+09:00,17800.0,18450.0,17750.0,18350.0,627921.0
2018-07-18 00:00:00+09:00,18550.0,18850.0,18400.0,18750.0,768574.0
2018-07-19 00:00:00+09:00,18750.0,19050.0,18500.0,18700.0,479699.0
2018-07-20 00:00:00+09:00,18550.0,19050.0,18500.0,19000.0,498201.0
2018-07-23 00:00:00+09:00,18800.0,18800.0,18000.0,18300.0,669631.0
2018-07-24 00:00:00+09:00,18300.0,18700.0,18250.0,18550.0,343079.0
2018-07-25 00:00:00+09:00,18600.0,18800.0,18250.0,18600.0,422264.0
2018-07-26 00:00:00+09:00,18800.0,18800.0,18250.0,18350.0,347396.0
2018-07-27 00:00:00+09:00,18250.0,18400.0,17850.0,17900.0,463772.0
2018-07-30 00:00:00+09:00,17900.0,18000.0,17500.0,17850.0,359196.0
2018-07-31 00:00:00+09:00,17700.0,17750.0,17550.0,17600.0,301397.0
2018-08-01 00:00:00+09:00,17850.0,19350.0,17800.0,19350.0,1877281.0
2018-08-02 00:00:00+09:00,19200.0,19350.0,18100.0,18400.0,1532198.0
2018-08-03 00:00:00+09:00,18500.0,18600.0,18300.0,18450.0,437435.0
2018-08-06 00:00:00+09:00,18550.0,19950.0,18500.0,19200.0,2821499.0
2018-08-07 00:00:00+09:00,19200.0,19600.0,18900.0,19600.0,1132373.0
2018-08-08 00:00:00+09:00,19600.0,19700.0,19100.0,19200.0,1022351.0
2018-08-09 00:00:00+09:00,19250.0,19900.0,18900.0,19900.0,1404291.0
2018-08-10 00:00:00+09:00,19700.0,20400.0,19500.0,20200.0,1620722.0
2018-08-13 00:00:00+09:00,19950.0,20000.0,19000.0,19250.0,1213717.0
2018-08-14 00:00:00+09:00,19250.0,19450.0,19150.0,19300.0,422822.0
2018-08-16 00:00:00+09:00,19100.0,19100.0,18400.0,18900.0,923402.0
2018-08-17 00:00:00+09:00,18950.0,19900.0,18950.0,19850.0,931327.0
2018-08-20 00:00:00+09:00,20000.0,20850.0,19950.0,20400.0,1566679.0
2018-08-21 00:00:00+09:00,20450.0,20700.0,20250.0,20500.0,608860.0
2018-08-22 00:00:00+09:00,20500.0,20650.0,20000.0,20400.0,525952.0
2018-08-23 00:00:00+09:00,20800.0,21500.0,20400.0,20800.0,2119871.0
2018-08-24 00:00:00+09:00,20850.0,20850.0,20200.0,20550.0,923376.0
2018-08-27 00:00:00+09:00,20550.0,20650.0,19850.0,19950.0,995711.0
2018-08-28 00:00:00+09:00,20100.0,20400.0,19900.0,20050.0,424000.0
2018-08-29 00:00:00+09:00,20250.0,20250.0,19850.0,20150.0,448820.0
2018-08-30 00:00:00+09:00,20800.0,20800.0,19900.0,20050.0,1003426.0
2018-08-31 00:00:00+09:00,20050.0,20300.0,19750.0,20250.0,461941.0
2018-09-03 00:00:00+09:00,20350.0,20400.0,19650.0,19750.0,655583.0
2018-09-04 00:00:00+09:00,19900.0,20850.0,19800.0,20800.0,1240517.0
2018-09-05 00:00:00+09:00,20700.0,21050.0,20400.0,20450.0,527346.0
2018-09-06 00:00:00+09:00,20600.0,20750.0,20150.0,20350.0,472438.0
2018-09-07 00:00:00+09:00,20400.0,20800.0,20150.0,20700.0,661800.0
2018-09-10 00:00:00+09:00,20300.0,20450.0,19850.0,19900.0,990211.0
2018-09-11 00:00:00+09:00,20050.0,20400.0,19950.0,20200.0,487254.0
2018-09-12 00:00:00+09:00,20350.0,20550.0,20050.0,20250.0,475121.0
2018-09-13 00:00:00+09:00,20450.0,21450.0,20450.0,21350.0,2034745.0
2018-09-14 00:00:00+09:00,21550.0,21600.0,21150.0,21400.0,894592.0
2018-09-17 00:00:00+09:00,21750.0,21950.0,21250.0,21350.0,814623.0
2018-09-18 00:00:00+09:00,21350.0,21750.0,21250.0,21350.0,642130.0
2018-09-19 00:00:00+09:00,21500.0,21500.0,20600.0,20750.0,935720.0
2018-09-20 00:00:00+09:00,20900.0,21250.0,20750.0,20850.0,536090.0
2018-09-21 00:00:00+09:00,21050.0,21250.0,20800.0,21050.0,455614.0
2018-09-27 00:00:00+09:00,20950.0,21250.0,20700.0,21200.0,440391.0
2018-09-28 00:00:00+09:00,21300.0,21600.0,20900.0,20950.0,700402.0
2018-10-01 00:00:00+09:00,21200.0,21250.0,19900.0,20050.0,1146080.0
2018-10-02 00:00:00+09:00,20150.0,20150.0,18750.0,18800.0,1805861.0
2018-10-04 00:00:00+09:00,18800.0,19050.0,18050.0,18450.0,1311901.0
2018-10-05 00:00:00+09:00,18400.0,19050.0,18350.0,18700.0,666597.0
2018-10-08 00:00:00+09:00,18700.0,19150.0,18600.0,18850.0,403827.0
2018-10-10 00:00:00+09:00,18850.0,19150.0,18550.0,18600.0,397654.0
2018-10-11 00:00:00+09:00,17800.0,18250.0,17550.0,17550.0,944631.0
2018-10-12 00:00:00+09:00,17200.0,18100.0,17200.0,18050.0,576868.0
2018-10-15 00:00:00+09:00,18000.0,18400.0,17850.0,18050.0,382853.0
2018-10-16 00:00:00+09:00,18000.0,18700.0,18000.0,18650.0,487782.0
2018-10-17 00:00:00+09:00,18950.0,19400.0,18700.0,18900.0,757239.0
2018-10-18 00:00:00+09:00,19000.0,19150.0,18600.0,18700.0,356157.0
2018-10-19 00:00:00+09:00,18550.0,19250.0,18500.0,18850.0,452789.0
2018-10-22 00:00:00+09:00,19000.0,19850.0,18950.0,19850.0,716643.0
2018-10-23 00:00:00+09:00,19850.0,20500.0,19400.0,19650.0,1093973.0
2018-10-24 00:00:00+09:00,20100.0,20150.0,19300.0,19800.0,745223.0
2018-10-25 00:00:00+09:00,19250.0,19500.0,18700.0,19100.0,647903.0
2018-10-26 00:00:00+09:00,19350.0,19350.0,18700.0,19150.0,729752.0
2018-10-29 00:00:00+09:00,19100.0,19350.0,17200.0,17950.0,1284315.0
2018-10-30 00:00:00+09:00,17700.0,18100.0,16700.0,17700.0,1101138.0
2018-10-31 00:00:00+09:00,17800.0,18050.0,17250.0,17900.0,528255.0
2018-11-01 00:00:00+09:00,18100.0,18750.0,17800.0,18350.0,816858.0
2018-11-02 00:00:00+09:00,18700.0,20700.0,18700.0,20700.0,2858519.0
2018-11-05 00:00:00+09:00,20800.0,21100.0,20100.0,20650.0,1511272.0
2018-11-06 00:00:00+09:00,20850.0,20900.0,20400.0,20800.0,616206.0
2018-11-07 00:00:00+09:00,20900.0,21150.0,19650.0,20150.0,1444605.0
2018-11-08 00:00:00+09:00,20450.0,21800.0,19450.0,19900.0,3087137.0
2018-11-09 00:00:00+09:00,19950.0,20000.0,19150.0,19550.0,1119921.0
2018-11-12 00:00:00+09:00,19350.0,19700.0,18900.0,18900.0,820425.0
2018-11-13 00:00:00+09:00,18550.0,18950.0,18100.0,18850.0,928585.0
2018-11-14 00:00:00+09:00,18800.0,19100.0,18450.0,18800.0,618939.0
2018-11-15 00:00:00+09:00,19350.0,20250.0,19150.0,20250.0,1904217.0
2018-11-16 00:00:00+09:00,20300.0,20600.0,19850.0,20250.0,980461.0
2018-11-19 00:00:00+09:00,20450.0,20500.0,19850.0,20200.0,646626.0
2018-11-20 00:00:00+09:00,19700.0,19900.0,19300.0,19450.0,786926.0
2018-11-21 00:00:00+09:00,19000.0,19950.0,18850.0,19850.0,675461.0
2018-11-22 00:00:00+09:00,19900.0,19950.0,19400.0,19400.0,398573.0
2018-11-23 00:00:00+09:00,19500.0,20400.0,19350.0,20000.0,1581667.0
2018-11-26 00:00:00+09:00,20150.0,20700.0,20050.0,20600.0,1016223.0
2018-11-27 00:00:00+09:00,20800.0,20850.0,20250.0,20500.0,611476.0
2018-11-28 00:00:00+09:00,20600.0,20900.0,20200.0,20800.0,716211.0
2018-11-29 00:00:00+09:00,21050.0,21300.0,20800.0,20850.0,1114634.0
2018-11-30 00:00:00+09:00,20900.0,21200.0,20150.0,21050.0,797143.0
2018-12-03 00:00:00+09:00,21350.0,21500.0,20850.0,21050.0,726246.0
2018-12-04 00:00:00+09:00,21100.0,21300.0,20900.0,21300.0,612074.0
2018-12-05 00:00:00+09:00,20750.0,21200.0,20350.0,20650.0,1102329.0
2018-12-06 00:00:00+09:00,20600.0,20900.0,20250.0,20250.0,645987.0
2018-12-07 00:00:00+09:00,20550.0,20950.0,20150.0,20500.0,593963.0
2018-12-10 00:00:00+09:00,20150.0,20750.0,20150.0,20500.0,483444.0
2018-12-11 00:00:00+09:00,20750.0,20950.0,20400.0,20750.0,579123.0
2018-12-12 00:00:00+09:00,20900.0,21000.0,20550.0,20750.0,548095.0
2018-12-13 00:00:00+09:00,20800.0,20800.0,19750.0,19750.0,1653316.0
2018-12-14 00:00:00+09:00,19950.0,20150.0,19600.0,19850.0,581466.0
2018-12-17 00:00:00+09:00,19800.0,19950.0,19550.0,19900.0,393077.0
2018-12-18 00:00:00+09:00,19650.0,20000.0,19550.0,19800.0,418563.0
2018-12-19 00:00:00+09:00,19850.0,19900.0,19050.0,19200.0,855907.0
2018-12-20 00:00:00+09:00,19100.0,19300.0,18600.0,18700.0,989015.0
2018-12-21 00:00:00+09:00,18650.0,19050.0,18400.0,18750.0,637721.0
2018-12-24 00:00:00+09:00,18600.0,19000.0,18550.0,18650.0,455914.0
2018-12-26 00:00:00+09:00,18400.0,18500.0,17950.0,18450.0,970292.0
2018-12-27 00:00:00+09:00,18750.0,19200.0,18600.0,18950.0,615207.0
2018-12-28 00:00:00+09:00,19050.0,19050.0,18750.0,18850.0,367556.0
2019-01-02 00:00:00+09:00,19000.0,19000.0,18300.0,18400.0,487151.0
2019-01-03 00:00:00+09:00,18400.0,18850.0,18350.0,18650.0,470288.0
2019-01-04 00:00:00+09:00,18500.0,19800.0,18500.0,19650.0,893327.0
2019-01-07 00:00:00+09:00,19900.0,20400.0,19650.0,20100.0,986980.0
2019-01-08 00:00:00+09:00,20150.0,20300.0,19050.0,19050.0,739990.0
2019-01-09 00:00:00+09:00,19150.0,19450.0,18700.0,18800.0,952901.0
2019-01-10 00:00:00+09:00,18900.0,19050.0,18500.0,18600.0,1056916.0
2019-01-11 00:00:00+09:00,18800.0,18850.0,18550.0,18650.0,494279.0
2019-01-14 00:00:00+09:00,18700.0,19200.0,18700.0,18800.0,781816.0
2019-01-15 00:00:00+09:00,19000.0,19050.0,18800.0,18900.0,457133.0
2019-01-16 00:00:00+09:00,18950.0,19000.0,18700.0,18800.0,417088.0
2019-01-17 00:00:00+09:00,18800.0,18850.0,18200.0,18350.0,837140.0
2019-01-18 00:00:00+09:00,18400.0,18550.0,18100.0,18200.0,727169.0
2019-01-21 00:00:00+09:00,18300.0,18350.0,17900.0,18000.0,811893.0
2019-01-22 00:00:00+09:00,18050.0,18100.0,17550.0,17700.0,944456.0
2019-01-23 00:00:00+09:00,17650.0,18250.0,17600.0,18200.0,927473.0
2019-01-24 00:00:00+09:00,18200.0,18250.0,18000.0,18100.0,325959.0
2019-01-25 00:00:00+09:00,18100.0,18350.0,18100.0,18250.0,563567.0
2019-01-28 00:00:00+09:00,18400.0,18400.0,18050.0,18150.0,561610.0
2019-01-29 00:00:00+09:00,18100.0,18150.0,17900.0,18050.0,415185.0
2019-01-30 00:00:00+09:00,18150.0,18400.0,18050.0,18250.0,526458.0
2019-01-31 00:00:00+09:00,18400.0,18500.0,18250.0,18250.0,458164.0
2019-02-01 00:00:00+09:00,18400.0,18450.0,18250.0,18250.0,342214.0
2019-02-07 00:00:00+09:00,18250.0,18350.0,17850.0,17950.0,702126.0
2019-02-08 00:00:00+09:00,17850.0,17950.0,17600.0,17800.0,674574.0
2019-02-11 00:00:00+09:00,17850.0,18150.0,17800.0,18050.0,419668.0
2019-02-12 00:00:00+09:00,18100.0,18100.0,17550.0,17650.0,878236.0
2019-02-13 00:00:00+09:00,17700.0,18550.0,17600.0,18400.0,976538.0
2019-02-14 00:00:00+09:00,18400.0,18550.0,18150.0,18350.0,536420.0
2019-02-15 00:00:00+09:00,18350.0,18500.0,18150.0,18400.0,643970.0
2019-02-18 00:00:00+09:00,18500.0,18500.0,18100.0,18300.0,569087.0
2019-02-19 00:00:00+09:00,18150.0,18350.0,18050.0,18200.0,442939.0
2019-02-20 00:00:00+09:00,18250.0,18900.0,18200.0,18850.0,1410027.0
2019-02-21 00:00:00+09:00,19150.0,19250.0,18750.0,18900.0,1093548.0
2019-02-22 00:00:00+09:00,19000.0,19200.0,18800.0,19150.0,686836.0
2019-02-25 00:00:00+09:00,19250.0,19300.0,18900.0,19200.0,555616.0
2019-02-26 00:00:00+09:00,19250.0,19300.0,18900.0,19000.0,555439.0
2019-02-27 00:00:00+09:00,19100.0,19200.0,19000.0,19150.0,459800.0
2019-02-28 00:00:00+09:00,19150.0,19150.0,18400.0,18400.0,734411.0
2019-03-04 00:00:00+09:00,18700.0,19250.0,18700.0,19250.0,878082.0
2019-03-05 00:00:00+09:00,19200.0,19800.0,19100.0,19700.0,1450915.0
2019-03-06 00:00:00+09:00,19800.0,19800.0,19500.0,19700.0,745666.0
2019-03-07 00:00:00+09:00,19750.0,19750.0,18700.0,18900.0,882131.0
2019-03-08 00:00:00+09:00,18700.0,19150.0,18700.0,19000.0,518985.0
2019-03-11 00:00:00+09:00,18900.0,18950.0,18200.0,18400.0,706718.0
2019-03-12 00:00:00+09:00,18550.0,18850.0,18500.0,18650.0,531009.0
2019-03-13 00:00:00+09:00,18600.0,18850.0,18500.0,18650.0,370862.0
2019-03-14 00:00:00+09:00,18700.0,18750.0,18500.0,18550.0,470304.0
2019-03-15 00:00:00+09:00,18550.0,18700.0,18250.0,18300.0,624623.0
2019-03-18 00:00:00+09:00,18500.0,19500.0,18450.0,19250.0,1733102.0
2019-03-19 00:00:00+09:00,19250.0,19300.0,18800.0,18850.0,683865.0
2019-03-20 00:00:00+09:00,18900.0,18950.0,18400.0,18650.0,611221.0
2019-03-21 00:00:00+09:00,18650.0,18750.0,18300.0,18350.0,568562.0
2019-03-22 00:00:00+09:00,18400.0,18500.0,18000.0,18150.0,697651.0
2019-03-25 00:00:00+09:00,17800.0,18050.0,17650.0,17900.0,507089.0
2019-03-26 00:00:00+09:00,17950.0,18050.0,17650.0,17700.0,589679.0
2019-03-27 00:00:00+09:00,17850.0,17850.0,17500.0,17650.0,582842.0
2019-03-28 00:00:00+09:00,17600.0,17700.0,17400.0,17450.0,460073.0
2019-03-29 00:00:00+09:00,17500.0,17900.0,17450.0,17900.0,533692.0
2019-04-01 00:00:00+09:00,18000.0,18250.0,17750.0,18200.0,495647.0
2019-04-02 00:00:00+09:00,18350.0,18400.0,17850.0,17950.0,455674.0
2019-04-03 00:00:00+09:00,17950.0,18200.0,17850.0,18000.0,453606.0
2019-04-04 00:00:00+09:00,18000.0,18100.0,17650.0,17700.0,665456.0
2019-04-05 00:00:00+09:00,17750.0,17900.0,17700.0,17800.0,304602.0
2019-04-08 00:00:00+09:00,17950.0,18400.0,17850.0,17900.0,814069.0
2019-04-09 00:00:00+09:00,18100.0,18250.0,17750.0,18200.0,631878.0
2019-04-10 00:00:00+09:00,18150.0,18500.0,18000.0,18400.0,876414.0
2019-04-11 00:00:00+09:00,18400.0,18750.0,18400.0,18550.0,823368.0
2019-04-12 00:00:00+09:00,18500.0,18700.0,18250.0,18650.0,573791.0
2019-04-15 00:00:00+09:00,18850.0,19250.0,18750.0,19000.0,1611539.0
2019-04-16 00:00:00+09:00,19100.0,19200.0,18850.0,18950.0,707542.0
2019-04-17 00:00:00+09:00,19200.0,19200.0,18600.0,18800.0,647085.0
2019-04-18 00:00:00+09:00,18750.0,18900.0,18500.0,18650.0,425099.0
2019-04-19 00:00:00+09:00,18650.0,19000.0,18550.0,18650.0,548936.0
2019-04-22 00:00:00+09:00,18650.0,18850.0,18450.0,18550.0,410483.0
2019-04-23 00:00:00+09:00,18550.0,18900.0,18450.0,18550.0,422254.0
2019-04-24 00:00:00+09:00,18750.0,19150.0,18700.0,18900.0,957197.0
2019-04-25 00:00:00+09:00,18950.0,18950.0,18450.0,18550.0,582011.0
2019-04-26 00:00:00+09:00,18550.0,18550.0,18100.0,18200.0,487866.0
2019-04-29 00:00:00+09:00,18400.0,18400.0,18150.0,18350.0,193639.0
2019-04-30 00:00:00+09:00,18450.0,18600.0,18300.0,18550.0,298022.0
2019-05-02 00:00:00+09:00,18600.0,18900.0,18450.0,18800.0,429234.0
2019-05-03 00:00:00+09:00,18700.0,18800.0,18550.0,18650.0,265716.0
2019-05-07 00:00:00+09:00,18200.0,18450.0,18050.0,18200.0,365635.0
2019-05-08 00:00:00+09:00,18000.0,18400.0,18000.0,18100.0,349740.0
2019-05-09 00:00:00+09:00,18100.0,18200.0,17600.0,17650.0,711537.0
2019-05-10 00:00:00+09:00,17550.0,17900.0,17100.0,17700.0,542863.0
2019-05-13 00:00:00+09:00,17600.0,17800.0,17000.0,17000.0,487565.0
2019-05-14 00:00:00+09:00,16700.0,17200.0,16300.0,16900.0,745387.0
2019-05-15 00:00:00+09:00,17550.0,17650.0,17300.0,17350.0,630920.0
2019-05-16 00:00:00+09:00,17400.0,17400.0,16650.0,16800.0,462512.0
2019-05-17 00:00:00+09:00,17000.0,17150.0,16550.0,16650.0,459359.0
2019-05-20 00:00:00+09:00,16600.0,17100.0,16600.0,16700.0,373829.0
2019-05-21 00:00:00+09:00,16900.0,17050.0,16700.0,16950.0,281961.0
2019-05-22 00:00:00+09:00,16950.0,17100.0,16600.0,16800.0,329594.0
2019-05-23 00:00:00+09:00,16700.0,16750.0,16500.0,16500.0,298584.0
2019-05-24 00:00:00+09:00,16400.0,16450.0,15650.0,15750.0,806863.0
2019-05-27 00:00:00+09:00,15750.0,15900.0,15200.0,15900.0,615946.0
2019-05-28 00:00:00+09:00,15800.0,16050.0,15800.0,15900.0,403870.0
2019-05-29 00:00:00+09:00,15700.0,15950.0,15650.0,15700.0,264136.0
2019-05-30 00:00:00+09:00,15600.0,15950.0,15050.0,15250.0,784532.0
2019-05-31 00:00:00+09:00,15250.0,15450.0,15200.0,15400.0,419212.0
2019-06-03 00:00:00+09:00,15150.0,15300.0,15100.0,15250.0,495144.0
2019-06-04 00:00:00+09:00,15250.0,15850.0,15250.0,15750.0,623655.0
2019-06-05 00:00:00+09:00,15900.0,16350.0,15750.0,16300.0,632627.0
2019-06-07 00:00:00+09:00,16400.0,16700.0,16100.0,16450.0,506355.0
2019-06-10 00:00:00+09:00,16600.0,16700.0,16300.0,16400.0,380163.0
2019-06-11 00:00:00+09:00,16400.0,16600.0,16400.0,16500.0,217010.0
2019-06-12 00:00:00+09:00,16700.0,17100.0,16550.0,16800.0,562398.0
2019-06-13 00:00:00+09:00,16650.0,16800.0,16450.0,16550.0,469979.0
2019-06-14 00:00:00+09:00,16550.0,16800.0,16500.0,16550.0,201729.0
2019-06-17 00:00:00+09:00,16650.0,16700.0,16450.0,16600.0,208453.0
2019-06-18 00:00:00+09:00,16450.0,16750.0,16350.0,16700.0,214659.0
2019-06-19 00:00:00+09:00,16800.0,16900.0,16600.0,16700.0,221673.0
2019-06-20 00:00:00+09:00,16650.0,16850.0,16650.0,16800.0,221686.0
2019-06-21 00:00:00+09:00,16850.0,16850.0,16400.0,16700.0,304818.0
2019-06-24 00:00:00+09:00,16550.0,16700.0,16350.0,16400.0,208526.0
2019-06-25 00:00:00+09:00,16500.0,16800.0,16500.0,16500.0,266260.0
2019-06-26 00:00:00+09:00,16550.0,16600.0,16250.0,16300.0,267858.0
2019-06-27 00:00:00+09:00,16250.0,16650.0,16250.0,16450.0,300472.0
2019-06-28 00:00:00+09:00,16550.0,16550.0,16300.0,16300.0,229339.0
2019-07-01 00:00:00+09:00,16500.0,16900.0,16500.0,16650.0,269677.0
2019-07-02 00:00:00+09:00,16650.0,17750.0,16550.0,17450.0,1557573.0
2019-07-03 00:00:00+09:00,17700.0,17750.0,16850.0,16850.0,620529.0
2019-07-04 00:00:00+09:00,17000.0,17400.0,16950.0,17350.0,459025.0
2019-07-05 00:00:00+09:00,17350.0,17350.0,16900.0,17050.0,278255.0
2019-07-08 00:00:00+09:00,16900.0,17000.0,16000.0,16050.0,596063.0
2019-07-09 00:00:00+09:00,16150.0,16450.0,15800.0,15950.0,470411.0
2019-07-10 00:00:00+09:00,16050.0,16200.0,15900.0,16000.0,287279.0
2019-07-11 00:00:00+09:00,16150.0,16500.0,16000.0,16400.0,375213.0
2019-07-12 00:00:00+09:00,16400.0,16500.0,16200.0,16400.0,251469.0
2019-07-15 00:00:00+09:00,16450.0,16500.0,16200.0,16500.0,256207.0
2019-07-16 00:00:00+09:00,16500.0,16550.0,16100.0,16150.0,388947.0
2019-07-17 00:00:00+09:00,15950.0,16000.0,15350.0,15600.0,543618.0
2019-07-18 00:00:00+09:00,15500.0,15850.0,15350.0,15550.0,242947.0
2019-07-19 00:00:00+09:00,15650.0,15850.0,15550.0,15800.0,248621.0
2019-07-22 00:00:00+09:00,15600.0,15900.0,15600.0,15700.0,138846.0
2019-07-23 00:00:00+09:00,15700.0,15900.0,15500.0,15650.0,169109.0
2019-07-24 00:00:00+09:00,15700.0,15850.0,15600.0,15600.0,193591.0
2019-07-25 00:00:00+09:00,15500.0,15700.0,15300.0,15400.0,302176.0
2019-07-26 00:00:00+09:00,15400.0,15700.0,15150.0,15650.0,351186.0
2019-07-29 00:00:00+09:00,15550.0,15600.0,15100.0,15100.0,311169.0
2019-07-30 00:00:00+09:00,15050.0,16000.0,15050.0,16000.0,716860.0
2019-07-31 00:00:00+09:00,16000.0,16400.0,15650.0,16350.0,449269.0
2019-08-01 00:00:00+09:00,16150.0,16550.0,15850.0,15900.0,389676.0
2019-08-02 00:00:00+09:00,15600.0,15900.0,15450.0,15700.0,329400.0
2019-08-05 00:00:00+09:00,15600.0,15750.0,13750.0,13800.0,1257430.0
2019-08-06 00:00:00+09:00,13500.0,14300.0,13300.0,13800.0,996148.0
2019-08-07 00:00:00+09:00,13900.0,14400.0,13650.0,13850.0,661555.0
2019-08-08 00:00:00+09:00,14000.0,14950.0,14000.0,14950.0,933982.0
2019-08-09 00:00:00+09:00,15050.0,15100.0,14700.0,14900.0,328588.0
2019-08-12 00:00:00+09:00,14750.0,15100.0,14700.0,14850.0,231442.0
2019-08-13 00:00:00+09:00,14750.0,15850.0,14600.0,15050.0,723928.0
2019-08-14 00:00:00+09:00,15600.0,16150.0,15150.0,15450.0,1004103.0
2019-08-16 00:00:00+09:00,15300.0,15450.0,15100.0,15350.0,201320.0
2019-08-19 00:00:00+09:00,15400.0,15500.0,15000.0,15400.0,299332.0
2019-08-20 00:00:00+09:00,15350.0,15800.0,15250.0,15650.0,292104.0
2019-08-21 00:00:00+09:00,15600.0,16050.0,15550.0,16000.0,343665.0
2019-08-22 00:00:00+09:00,16050.0,16250.0,15800.0,15900.0,274338.0
2019-08-23 00:00:00+09:00,15650.0,15950.0,15550.0,15650.0,289543.0
2019-08-26 00:00:00+09:00,15150.0,15300.0,14850.0,15000.0,549469.0
2019-08-27 00:00:00+09:00,15250.0,15400.0,15150.0,15350.0,238761.0
2019-08-28 00:00:00+09:00,15300.0,15800.0,15250.0,15800.0,291665.0
2019-08-29 00:00:00+09:00,15900.0,16150.0,15700.0,16100.0,362005.0
2019-08-30 00:00:00+09:00,16250.0,16400.0,16100.0,16200.0,353981.0
2019-09-02 00:00:00+09:00,16100.0,16600.0,16000.0,16550.0,346527.0
2019-09-03 00:00:00+09:00,16450.0,17450.0,16450.0,17350.0,1300635.0
2019-09-04 00:00:00+09:00,17500.0,17850.0,17350.0,17700.0,818337.0
2019-09-05 00:00:00+09:00,17850.0,18200.0,17450.0,17850.0,726594.0
2019-09-06 00:00:00+09:00,17900.0,17950.0,17650.0,17800.0,267846.0
2019-09-09 00:00:00+09:00,17850.0,18150.0,17700.0,17950.0,376615.0
2019-09-10 00:00:00+09:00,17950.0,18000.0,17650.0,18000.0,415126.0
2019-09-11 00:00:00+09:00,17950.0,18050.0,17650.0,17750.0,384053.0
2019-09-16 00:00:00+09:00,17800.0,18000.0,17650.0,17750.0,289444.0
2019-09-17 00:00:00+09:00,17800.0,17950.0,17650.0,17800.0,361351.0
2019-09-18 00:00:00+09:00,17800.0,18100.0,17750.0,18050.0,326709.0
2019-09-19 00:00:00+09:00,18200.0,18800.0,18000.0,18600.0,1029496.0
2019-09-20 00:00:00+09:00,18750.0,19000.0,18450.0,18650.0,780270.0
2019-09-23 00:00:00+09:00,18650.0,19000.0,18650.0,18900.0,484938.0
2019-09-24 00:00:00+09:00,18900.0,19100.0,18650.0,19050.0,520774.0
2019-09-25 00:00:00+09:00,18900.0,19000.0,18350.0,18400.0,496448.0
2019-09-26 00:00:00+09:00,18600.0,18700.0,18200.0,18500.0,372832.0
2019-09-27 00:00:00+09:00,18450.0,18650.0,18300.0,18550.0,244478.0
2019-09-30 00:00:00+09:00,18700.0,18700.0,18300.0,18500.0,267125.0
2019-10-01 00:00:00+09:00,18450.0,18800.0,18400.0,18650.0,296294.0
2019-10-02 00:00:00+09:00,18550.0,19000.0,18300.0,18550.0,612419.0
2019-10-04 00:00:00+09:00,18500.0,18550.0,17700.0,17750.0,764356.0
2019-10-07 00:00:00+09:00,17800.0,17900.0,17250.0,17850.0,396508.0
2019-10-08 00:00:00+09:00,17650.0,18050.0,17550.0,17900.0,423648.0
2019-10-10 00:00:00+09:00,17700.0,17900.0,17500.0,17650.0,310248.0
2019-10-11 00:00:00+09:00,17900.0,18750.0,17800.0,18450.0,635046.0
2019-10-14 00:00:00+09:00,18600.0,19000.0,18600.0,18900.0,528073.0
2019-10-15 00:00:00+09:00,18900.0,19000.0,18700.0,19000.0,348500.0
2019-10-16 00:00:00+09:00,19050.0,19100.0,18650.0,18800.0,225918.0
2019-10-17 00:00:00+09:00,19050.0,19350.0,18700.0,18750.0,604990.0
2019-10-18 00:00:00+09:00,18950.0,19200.0,18800.0,18950.0,428939.0
2019-10-21 00:00:00+09:00,19100.0,19100.0,18650.0,18800.0,307637.0
2019-10-22 00:00:00+09:00,18850.0,18950.0,18650.0,18800.0,311056.0
2019-10-23 00:00:00+09:00,18800.0,19000.0,18650.0,18750.0,260675.0
2019-10-24 00:00:00+09:00,18850.0,18900.0,18450.0,18750.0,440185.0
2019-10-25 00:00:00+09:00,18850.0,19000.0,18650.0,18800.0,273593.0
2019-10-28 00:00:00+09:00,18800.0,18950.0,18500.0,18500.0,306893.0
2019-10-29 00:00:00+09:00,18650.0,18850.0,18550.0,18800.0,283107.0
2019-10-30 00:00:00+09:00,18850.0,18900.0,18500.0,18750.0,260829.0
2019-10-31 00:00:00+09:00,18800.0,19000.0,18600.0,18650.0,410962.0
2019-11-01 00:00:00+09:00,18650.0,18700.0,18450.0,18600.0,227375.0
2019-11-04 00:00:00+09:00,18700.0,19600.0,18650.0,19550.0,1453665.0
2019-11-05 00:00:00+09:00,19600.0,20000.0,19550.0,19900.0,940235.0
2019-11-06 00:00:00+09:00,20000.0,20000.0,19700.0,19850.0,533478.0
2019-11-07 00:00:00+09:00,20050.0,21050.0,19750.0,20300.0,2746143.0
2019-11-08 00:00:00+09:00,20400.0,20450.0,19950.0,20300.0,665553.0
2019-11-11 00:00:00+09:00,20300.0,20450.0,20150.0,20250.0,462147.0
2019-11-12 00:00:00+09:00,20250.0,20300.0,19300.0,19500.0,1184287.0
2019-11-13 00:00:00+09:00,19600.0,19800.0,19200.0,19350.0,459239.0
2019-11-14 00:00:00+09:00,19450.0,19500.0,18850.0,19050.0,542978.0
2019-11-15 00:00:00+09:00,19050.0,19300.0,18650.0,18850.0,790632.0
2019-11-18 00:00:00+09:00,19000.0,19700.0,18950.0,19600.0,721799.0
2019-11-19 00:00:00+09:00,19600.0,19900.0,19300.0,19750.0,397316.0
2019-11-20 00:00:00+09:00,19850.0,19850.0,19100.0,19100.0,521198.0
2019-11-21 00:00:00+09:00,19000.0,19050.0,18300.0,18800.0,784849.0
2019-11-22 00:00:00+09:00,18600.0,18950.0,18550.0,18650.0,325003.0
2019-11-25 00:00:00+09:00,19000.0,19500.0,18900.0,19450.0,622590.0
2019-11-26 00:00:00+09:00,19500.0,19550.0,19050.0,19050.0,517053.0
2019-11-27 00:00:00+09:00,19150.0,19250.0,18750.0,18900.0,368351.0
2019-11-28 00:00:00+09:00,18700.0,18900.0,18450.0,18600.0,378247.0
2019-11-29 00:00:00+09:00,18800.0,19200.0,18600.0,18800.0,600672.0
2019-12-02 00:00:00+09:00,18900.0,19050.0,18550.0,18800.0,284246.0
2019-12-03 00:00:00+09:00,18600.0,18800.0,18450.0,18600.0,326301.0
2019-12-04 00:00:00+09:00,18450.0,18600.0,18050.0,18250.0,552401.0
2019-12-05 00:00:00+09:00,18450.0,18650.0,18200.0,18250.0,612600.0
2019-12-06 00:00:00+09:00,18450.0,18600.0,18250.0,18600.0,282810.0
2019-12-09 00:00:00+09:00,18750.0,18900.0,18450.0,18800.0,314029.0
2019-12-10 00:00:00+09:00,18650.0,18850.0,18500.0,18750.0,200671.0
2019-12-11 00:00:00+09:00,18700.0,19000.0,18550.0,19000.0,300114.0
2019-12-12 00:00:00+09:00,19150.0,19250.0,18900.0,19100.0,612950.0
2019-12-13 00:00:00+09:00,19400.0,19500.0,19200.0,19350.0,457122.0
2019-12-16 00:00:00+09:00,19400.0,19550.0,19250.0,19500.0,321437.0
2019-12-17 00:00:00+09:00,19550.0,19600.0,19050.0,19300.0,447365.0
2019-12-18 00:00:00+09:00,19200.0,19200.0,18750.0,18950.0,438011.0
2019-12-19 00:00:00+09:00,18950.0,19450.0,18850.0,19350.0,665217.0
2019-12-20 00:00:00+09:00,19400.0,19400.0,19000.0,19300.0,382907.0
2019-12-23 00:00:00+09:00,19500.0,19500.0,19050.0,19200.0,401140.0
2019-12-24 00:00:00+09:00,19250.0,19400.0,19050.0,19100.0,369002.0
2019-12-26 00:00:00+09:00,19200.0,19550.0,19150.0,19450.0,784891.0
2019-12-27 00:00:00+09:00,19350.0,19500.0,19200.0,19350.0,510321.0
2019-12-30 00:00:00+09:00,19350.0,19850.0,19250.0,19750.0,540579.0
2020-01-02 00:00:00+09:00,19750.0,20350.0,19450.0,20150.0,1047446.0
2020-01-03 00:00:00+09:00,20200.0,20600.0,19900.0,19900.0,1179123.0
2020-01-06 00:00:00+09:00,19600.0,19650.0,18850.0,19000.0,1336187.0
2020-01-07 00:00:00+09:00,19200.0,20150.0,19150.0,20000.0,1079288.0
2020-01-08 00:00:00+09:00,19800.0,20300.0,19300.0,19700.0,1287264.0
2020-01-09 00:00:00+09:00,20500.0,20650.0,20150.0,20400.0,1007237.0
2020-01-10 00:00:00+09:00,20600.0,21250.0,20550.0,21150.0,1709190.0
2020-01-13 00:00:00+09:00,21400.0,21900.0,21250.0,21500.0,1388798.0
2020-01-14 00:00:00+09:00,21700.0,22200.0,21200.0,21500.0,1321692.0
2020-01-15 00:00:00+09:00,21350.0,21800.0,21200.0,21600.0,732703.0
2020-01-16 00:00:00+09:00,21550.0,21850.0,21400.0,21800.0,505207.0
2020-01-17 00:00:00+09:00,21600.0,21800.0,21250.0,21550.0,576383.0
2020-01-20 00:00:00+09:00,21700.0,22000.0,20300.0,20550.0,1997526.0
2020-01-21 00:00:00+09:00,20350.0,20750.0,20200.0,20300.0,1034365.0
2020-01-22 00:00:00+09:00,20000.0,20450.0,19600.0,20350.0,1716870.0
2020-01-23 00:00:00+09:00,19950.0,20150.0,19800.0,20000.0,1116238.0
2020-01-28 00:00:00+09:00,18100.0,18350.0,17100.0,17400.0,4444947.0
2020-01-29 00:00:00+09:00,17700.0,17900.0,16750.0,17650.0,2275297.0
2020-01-30 00:00:00+09:00,17600.0,17850.0,16800.0,17050.0,1745399.0
2020-01-31 00:00:00+09:00,17250.0,17450.0,16900.0,17000.0,1092386.0
2020-02-03 00:00:00+09:00,16400.0,17400.0,16200.0,17300.0,1456992.0
2020-02-04 00:00:00+09:00,17250.0,18300.0,17100.0,18050.0,1689801.0
2020-02-05 00:00:00+09:00,18250.0,18300.0,17550.0,17700.0,984352.0
2020-02-06 00:00:00+09:00,17800.0,18350.0,17700.0,18250.0,1204040.0
2020-02-07 00:00:00+09:00,18250.0,18800.0,18050.0,18600.0,1184168.0
2020-02-10 00:00:00+09:00,18500.0,18550.0,18200.0,18350.0,677206.0
2020-02-11 00:00:00+09:00,18450.0,19150.0,18450.0,19000.0,1042575.0
2020-02-12 00:00:00+09:00,19000.0,19550.0,18950.0,19500.0,1115794.0
2020-02-13 00:00:00+09:00,19600.0,19700.0,19050.0,19350.0,937037.0
2020-02-14 00:00:00+09:00,19300.0,19850.0,19150.0,19550.0,796451.0
2020-02-17 00:00:00+09:00,19550.0,20000.0,19350.0,19700.0,621157.0
2020-02-18 00:00:00+09:00,19600.0,19800.0,19200.0,19200.0,649971.0
2020-02-19 00:00:00+09:00,19250.0,19500.0,18850.0,19050.0,731178.0
2020-02-20 00:00:00+09:00,19000.0,19200.0,18550.0,18650.0,767604.0
2020-02-21 00:00:00+09:00,18400.0,18550.0,17600.0,18000.0,1740757.0
2020-02-24 00:00:00+09:00,17450.0,17600.0,17100.0,17150.0,1302019.0
2020-02-25 00:00:00+09:00,17100.0,17900.0,17100.0,17700.0,808015.0
2020-02-26 00:00:00+09:00,17250.0,18000.0,17100.0,17300.0,1166150.0
2020-02-27 00:00:00+09:00,17550.0,17750.0,16600.0,16800.0,1204377.0
2020-02-28 00:00:00+09:00,16300.0,16500.0,15700.0,16400.0,1822228.0
2020-03-02 00:00:00+09:00,16300.0,16750.0,15900.0,16450.0,928704.0
2020-03-03 00:00:00+09:00,16950.0,17450.0,16400.0,16550.0,1438157.0
2020-03-04 00:00:00+09:00,16400.0,17350.0,16400.0,17350.0,1058346.0
2020-03-05 00:00:00+09:00,17450.0,17750.0,17200.0,17600.0,967474.0
2020-03-06 00:00:00+09:00,17150.0,17150.0,16400.0,16650.0,1763903.0
2020-03-09 00:00:00+09:00,15950.0,16150.0,15100.0,15350.0,1905602.0
2020-03-10 00:00:00+09:00,15150.0,15900.0,15050.0,15850.0,1362202.0
2020-03-11 00:00:00+09:00,15900.0,16050.0,15250.0,15400.0,864729.0
2020-03-12 00:00:00+09:00,15300.0,15500.0,13950.0,14300.0,1788168.0
2020-03-13 00:00:00+09:00,13000.0,14050.0,12250.0,13250.0,2018202.0
2020-03-16 00:00:00+09:00,13500.0,13750.0,12800.0,12800.0,1198454.0
2020-03-17 00:00:00+09:00,12250.0,13450.0,12200.0,13100.0,1112227.0
2020-03-18 00:00:00+09:00,13200.0,13400.0,12200.0,12200.0,938822.0
2020-03-19 00:00:00+09:00,12400.0,12750.0,10100.0,10900.0,2052131.0
2020-03-20 00:00:00+09:00,11100.0,11600.0,10500.0,11250.0,1280752.0
2020-03-23 00:00:00+09:00,10400.0,10500.0,9790.0,9790.0,1644128.0
2020-03-24 00:00:00+09:00,9890.0,10850.0,9800.0,10850.0,1534078.0
2020-03-25 00:00:00+09:00,11450.0,12500.0,11200.0,12350.0,1811745.0
2020-03-26 00:00:00+09:00,12450.0,13700.0,11750.0,12800.0,2067578.0
2020-03-27 00:00:00+09:00,13450.0,13500.0,12600.0,13000.0,1162613.0
2020-03-30 00:00:00+09:00,12300.0,13050.0,12100.0,12950.0,1154375.0
2020-03-31 00:00:00+09:00,13150.0,13250.0,12600.0,12950.0,897657.0
2020-04-01 00:00:00+09:00,12700.0,13100.0,12100.0,12150.0,1332205.0
2020-04-02 00:00:00+09:00,12200.0,12650.0,11700.0,12650.0,971165.0
2020-04-03 00:00:00+09:00,12300.0,12450.0,11850.0,12100.0,1109012.0
2020-04-06 00:00:00+09:00,12000.0,12500.0,11600.0,12400.0,1656756.0
2020-04-07 00:00:00+09:00,12950.0,13750.0,12600.0,13650.0,2771452.0
2020-04-08 00:00:00+09:00,13400.0,14150.0,13150.0,13400.0,1704358.0
2020-04-09 00:00:00+09:00,13700.0,14350.0,13550.0,14350.0,2084548.0
2020-04-10 00:00:00+09:00,14100.0,14200.0,13650.0,14050.0,1200909.0
2020-04-13 00:00:00+09:00,13850.0,13850.0,13300.0,13300.0,1045442.0
2020-04-14 00:00:00+09:00,13500.0,14150.0,13400.0,13950.0,1041947.0
2020-04-16 00:00:00+09:00,13750.0,15100.0,13600.0,14850.0,1568819.0
2020-04-17 00:00:00+09:00,15200.0,15750.0,14950.0,15550.0,2049100.0
2020-04-20 00:00:00+09:00,15900.0,16250.0,15250.0,15450.0,1387029.0
2020-04-21 00:00:00+09:00,15650.0,15750.0,14300.0,15150.0,1689359.0
2020-04-22 00:00:00+09:00,14850.0,15800.0,14550.0,15800.0,1030193.0
2020-04-23 00:00:00+09:00,15750.0,15900.0,15450.0,15700.0,548521.0
2020-04-24 00:00:00+09:00,15500.0,15700.0,14800.0,15000.0,812448.0
2020-04-27 00:00:00+09:00,15100.0,15500.0,14850.0,15300.0,552761.0
2020-04-28 00:00:00+09:00,15650.0,16400.0,15450.0,15950.0,2360784.0
2020-04-29 00:00:00+09:00,16100.0,16150.0,15550.0,15750.0,864210.0
2020-05-04 00:00:00+09:00,15300.0,15550.0,15100.0,15200.0,668445.0
2020-05-06 00:00:00+09:00,15400.0,15550.0,15150.0,15450.0,696390.0
2020-05-07 00:00:00+09:00,15400.0,15550.0,15200.0,15500.0,452949.0
2020-05-08 00:00:00+09:00,15650.0,15850.0,15500.0,15650.0,711182.0
2020-05-11 00:00:00+09:00,15400.0,15500.0,14900.0,15100.0,941017.0
2020-05-12 00:00:00+09:00,14900.0,14950.0,14150.0,14600.0,1462976.0
2020-05-13 00:00:00+09:00,14300.0,14350.0,14100.0,14300.0,747004.0
2020-05-14 00:00:00+09:00,14200.0,14550.0,14050.0,14400.0,696194.0
2020-05-15 00:00:00+09:00,14450.0,14550.0,14000.0,14100.0,510487.0
2020-05-18 00:00:00+09:00,14200.0,14250.0,13850.0,14050.0,541867.0
2020-05-19 00:00:00+09:00,15100.0,15900.0,15100.0,15600.0,4161913.0
2020-05-20 00:00:00+09:00,15350.0,15750.0,15100.0,15400.0,1159112.0
2020-05-21 00:00:00+09:00,15700.0,15750.0,14950.0,15000.0,1248595.0
2020-05-22 00:00:00+09:00,15000.0,15100.0,14450.0,14550.0,762695.0
2020-05-25 00:00:00+09:00,14600.0,14700.0,14250.0,14500.0,624755.0
2020-05-26 00:00:00+09:00,14600.0,15200.0,14200.0,15050.0,1124437.0
2020-05-27 00:00:00+09:00,15400.0,15500.0,14900.0,15450.0,1279830.0
2020-05-28 00:00:00+09:00,15350.0,15400.0,14500.0,14800.0,1142194.0
2020-05-29 00:00:00+09:00,14600.0,14800.0,14400.0,14500.0,557962.0
2020-06-01 00:00:00+09:00,14450.0,14800.0,14400.0,14700.0,507703.0
2020-06-02 00:00:00+09:00,14700.0,14800.0,14400.0,14600.0,706251.0
2020-06-03 00:00:00+09:00,14700.0,15300.0,14550.0,15050.0,1885150.0
2020-06-04 00:00:00+09:00,15500.0,15850.0,15200.0,15300.0,3308564.0
2020-06-05 00:00:00+09:00,15500.0,15650.0,15200.0,15550.0,1098608.0
2020-06-08 00:00:00+09:00,15850.0,15950.0,15450.0,15650.0,1208814.0
2020-06-09 00:00:00+09:00,15750.0,16100.0,15500.0,15600.0,1186257.0
2020-06-10 00:00:00+09:00,15450.0,15550.0,15150.0,15200.0,665553.0
2020-06-11 00:00:00+09:00,15100.0,15150.0,14650.0,14800.0,1254986.0
2020-06-12 00:00:00+09:00,13950.0,14400.0,13900.0,14400.0,1080462.0
2020-06-15 00:00:00+09:00,14200.0,14200.0,13050.0,13250.0,1382962.0
2020-06-16 00:00:00+09:00,13600.0,13850.0,13500.0,13800.0,651311.0
2020-06-17 00:00:00+09:00,13650.0,13900.0,13350.0,13500.0,665769.0
2020-06-18 00:00:00+09:00,13300.0,13550.0,13150.0,13250.0,632578.0
2020-06-19 00:00:00+09:00,13400.0,13550.0,13100.0,13300.0,543705.0
2020-06-22 00:00:00+09:00,13150.0,13200.0,13000.0,13050.0,442502.0
2020-06-23 00:00:00+09:00,13100.0,13200.0,12650.0,12850.0,557927.0
2020-06-24 00:00:00+09:00,13000.0,13350.0,12950.0,13050.0,521886.0
2020-06-25 00:00:00+09:00,12750.0,12950.0,12600.0,12650.0,524120.0
2020-06-26 00:00:00+09:00,12800.0,12800.0,12500.0,12750.0,401484.0
2020-06-29 00:00:00+09:00,12500.0,12600.0,12000.0,12100.0,623163.0
2020-06-30 00:00:00+09:00,12300.0,14200.0,12150.0,13350.0,4362600.0
2020-07-01 00:00:00+09:00,13350.0,13350.0,12550.0,12600.0,1294276.0
2020-07-02 00:00:00+09:00,12650.0,13250.0,12600.0,12950.0,806110.0
2020-07-03 00:00:00+09:00,13050.0,13250.0,12900.0,13100.0,471756.0
2020-07-06 00:00:00+09:00,13100.0,13100.0,12750.0,12900.0,520951.0
2020-07-07 00:00:00+09:00,12950.0,13100.0,12700.0,12750.0,394387.0
2020-07-08 00:00:00+09:00,12750.0,13050.0,12650.0,12900.0,426526.0
2020-07-09 00:00:00+09:00,12900.0,12900.0,12650.0,12700.0,668025.0
2020-07-10 00:00:00+09:00,12650.0,12700.0,12350.0,12600.0,612717.0
2020-07-13 00:00:00+09:00,12700.0,13200.0,12650.0,12950.0,756921.0
2020-07-14 00:00:00+09:00,13050.0,13300.0,12750.0,13200.0,655481.0
2020-07-15 00:00:00+09:00,13500.0,13900.0,13300.0,13900.0,1524783.0
2020-07-16 00:00:00+09:00,14000.0,14250.0,13350.0,13550.0,1186569.0
2020-07-17 00:00:00+09:00,13550.0,13700.0,13150.0,13350.0,565741.0
2020-07-20 00:00:00+09:00,13450.0,13550.0,13300.0,13400.0,418793.0
2020-07-21 00:00:00+09:00,13500.0,13900.0,13300.0,13750.0,922857.0
2020-07-22 00:00:00+09:00,13750.0,13800.0,13400.0,13600.0,555961.0
2020-07-23 00:00:00+09:00,13450.0,13500.0,13000.0,13150.0,774711.0
2020-07-24 00:00:00+09:00,13000.0,13200.0,12900.0,13050.0,499851.0
2020-07-27 00:00:00+09:00,12950.0,13200.0,12900.0,13100.0,463969.0
2020-07-28 00:00:00+09:00,13150.0,13500.0,13050.0,13400.0,502712.0
2020-07-29 00:00:00+09:00,13400.0,13600.0,13100.0,13300.0,688665.0
2020-07-30 00:00:00+09:00,13250.0,13500.0,13150.0,13450.0,728131.0
2020-07-31 00:00:00+09:00,13400.0,13500.0,13000.0,13100.0,707531.0
2020-08-03 00:00:00+09:00,13150.0,13150.0,12800.0,12850.0,542811.0
2020-08-04 00:00:00+09:00,12900.0,13050.0,12800.0,12850.0,367862.0
2020-08-05 00:00:00+09:00,12900.0,13150.0,12800.0,12900.0,638778.0
2020-08-06 00:00:00+09:00,12900.0,13100.0,12700.0,13000.0,853789.0
2020-08-07 00:00:00+09:00,13050.0,14250.0,13050.0,13650.0,5264992.0
2020-08-10 00:00:00+09:00,13600.0,13700.0,13200.0,13400.0,1574383.0
2020-08-11 00:00:00+09:00,13600.0,13800.0,13400.0,13550.0,1388867.0
2020-08-12 00:00:00+09:00,13900.0,15050.0,13850.0,14950.0,8149947.0
2020-08-13 00:00:00+09:00,14850.0,15150.0,14550.0,15000.0,2861416.0
2020-08-14 00:00:00+09:00,15050.0,15650.0,14650.0,14700.0,3181268.0
2020-08-18 00:00:00+09:00,14200.0,14250.0,13150.0,13500.0,2638119.0
2020-08-19 00:00:00+09:00,13400.0,13700.0,13000.0,13500.0,1455840.0
2020-08-20 00:00:00+09:00,13400.0,13400.0,12700.0,12850.0,1373060.0
2020-08-21 00:00:00+09:00,12950.0,13150.0,12700.0,13100.0,736384.0
2020-08-24 00:00:00+09:00,12850.0,13050.0,12700.0,13050.0,698269.0
2020-08-25 00:00:00+09:00,13350.0,13550.0,13200.0,13550.0,823765.0
2020-08-26 00:00:00+09:00,13400.0,13400.0,13000.0,13200.0,757879.0
2020-08-27 00:00:00+09:00,13100.0,13150.0,12800.0,12850.0,963038.0
2020-08-28 00:00:00+09:00,12950.0,13150.0,12800.0,13100.0,850194.0
2020-08-31 00:00:00+09:00,13300.0,13350.0,13050.0,13300.0,678216.0
2020-09-01 00:00:00+09:00,13300.0,13900.0,13150.0,13750.0,1414358.0
2020-09-02 00:00:00+09:00,13950.0,14200.0,13550.0,13900.0,1450275.0
2020-09-03 00:00:00+09:00,14050.0,14050.0,13700.0,14000.0,796271.0
2020-09-04 00:00:00+09:00,13550.0,13900.0,13500.0,13750.0,1210931.0
2020-09-07 00:00:00+09:00,13750.0,14000.0,13500.0,13850.0,708319.0
2020-09-08 00:00:00+09:00,13950.0,14500.0,13850.0,14400.0,1421264.0
2020-09-09 00:00:00+09:00,14100.0,14200.0,13900.0,14200.0,703506.0
2020-09-10 00:00:00+09:00,14200.0,14250.0,13900.0,14150.0,592867.0
2020-09-11 00:00:00+09:00,14100.0,14100.0,13800.0,13950.0,486919.0
2020-09-14 00:00:00+09:00,14000.0,14050.0,13850.0,14000.0,422130.0
2020-09-15 00:00:00+09:00,14050.0,14100.0,13850.0,14100.0,464383.0
2020-09-16 00:00:00+09:00,14100.0,14200.0,13900.0,14200.0,582855.0
2020-09-17 00:00:00+09:00,14150.0,14850.0,14050.0,14500.0,1801750.0
2020-09-18 00:00:00+09:00,14600.0,14650.0,14250.0,14400.0,453153.0
2020-09-21 00:00:00+09:00,14250.0,14500.0,13900.0,14000.0,648511.0
2020-09-22 00:00:00+09:00,13900.0,13950.0,13550.0,13550.0,541586.0
2020-09-23 00:00:00+09:00,13700.0,13850.0,13350.0,13750.0,362539.0
2020-09-24 00:00:00+09:00,13450.0,13650.0,12950.0,13050.0,1004230.0
2020-09-25 00:00:00+09:00,13150.0,13300.0,13000.0,13100.0,411145.0
2020-09-28 00:00:00+09:00,13200.0,13700.0,13200.0,13550.0,617741.0
2020-09-29 00:00:00+09:00,13550.0,13750.0,13500.0,13750.0,331701.0
2020-10-05 00:00:00+09:00,13500.0,13900.0,13450.0,13650.0,448018.0
2020-10-06 00:00:00+09:00,13700.0,13700.0,13300.0,13450.0,461193.0
2020-10-07 00:00:00+09:00,13250.0,13500.0,13250.0,13450.0,310267.0
2020-10-08 00:00:00+09:00,13500.0,13550.0,13350.0,13450.0,410449.0
2020-10-12 00:00:00+09:00,13650.0,14100.0,13550.0,13850.0,975842.0
2020-10-13 00:00:00+09:00,13950.0,13950.0,13500.0,13800.0,542124.0
2020-10-14 00:00:00+09:00,13800.0,13800.0,13400.0,13400.0,543157.0
2020-10-15 00:00:00+09:00,13300.0,13350.0,13100.0,13150.0,540514.0
2020-10-16 00:00:00+09:00,13250.0,13250.0,13000.0,13200.0,360050.0
2020-10-19 00:00:00+09:00,13250.0,13750.0,13150.0,13600.0,643674.0
2020-10-20 00:00:00+09:00,13600.0,13600.0,13250.0,13550.0,439373.0
2020-10-21 00:00:00+09:00,13600.0,13750.0,13400.0,13650.0,570922.0
2020-10-22 00:00:00+09:00,13550.0,13550.0,13200.0,13250.0,478973.0
2020-10-23 00:00:00+09:00,13450.0,13550.0,13200.0,13250.0,389076.0
2020-10-26 00:00:00+09:00,13100.0,13250.0,12850.0,12900.0,606472.0
2020-10-27 00:00:00+09:00,12800.0,13200.0,12700.0,13150.0,487159.0
2020-10-28 00:00:00+09:00,13000.0,13300.0,12900.0,13250.0,282592.0
2020-10-29 00:00:00+09:00,12950.0,13100.0,12850.0,13050.0,405779.0
2020-10-30 00:00:00+09:00,13000.0,13000.0,12700.0,12700.0,398568.0
2020-11-02 00:00:00+09:00,12700.0,12850.0,12550.0,12800.0,211971.0
2020-11-03 00:00:00+09:00,12850.0,13000.0,12800.0,12850.0,261704.0
2020-11-04 00:00:00+09:00,13050.0,13050.0,12750.0,12850.0,421633.0
2020-11-05 00:00:00+09:00,12900.0,13150.0,12800.0,13100.0,413951.0
2020-11-06 00:00:00+09:00,13100.0,13100.0,12650.0,12850.0,671698.0
2020-11-09 00:00:00+09:00,12900.0,13050.0,12850.0,13050.0,374791.0
2020-11-10 00:00:00+09:00,14800.0,14800.0,13850.0,13950.0,5196926.0
2020-11-11 00:00:00+09:00,14050.0,14550.0,13850.0,14300.0,2438946.0
2020-11-12 00:00:00+09:00,14100.0,14450.0,13950.0,14350.0,973242.0
2020-11-13 00:00:00+09:00,14100.0,14350.0,13900.0,13900.0,759475.0
2020-11-16 00:00:00+09:00,14050.0,14450.0,13900.0,14200.0,846616.0
2020-11-17 00:00:00+09:00,14700.0,14950.0,14400.0,14600.0,2006099.0
2020-11-18 00:00:00+09:00,14500.0,14700.0,14350.0,14450.0,643992.0
2020-11-19 00:00:00+09:00,14450.0,15200.0,14000.0,15000.0,1526898.0
2020-11-20 00:00:00+09:00,14950.0,15350.0,14850.0,15050.0,1380671.0
2020-11-23 00:00:00+09:00,15000.0,15200.0,14700.0,14900.0,1241040.0
2020-11-24 00:00:00+09:00,15100.0,15250.0,14900.0,15150.0,984590.0
2020-11-25 00:00:00+09:00,15400.0,16000.0,15100.0,15550.0,3033182.0
2020-11-26 00:00:00+09:00,15450.0,15500.0,14950.0,15200.0,969021.0
2020-11-27 00:00:00+09:00,15050.0,15400.0,14950.0,15150.0,608906.0
2020-11-30 00:00:00+09:00,15150.0,15200.0,14800.0,14800.0,658257.0
2020-12-01 00:00:00+09:00,14850.0,15700.0,14850.0,15700.0,1348124.0
2020-12-02 00:00:00+09:00,15600.0,16500.0,15600.0,16300.0,2361016.0
2020-12-03 00:00:00+09:00,16400.0,16650.0,15850.0,16050.0,1104701.0
2020-12-04 00:00:00+09:00,16150.0,16200.0,15500.0,15750.0,928038.0
2020-12-07 00:00:00+09:00,15500.0,15900.0,15100.0,15650.0,923737.0
2020-12-08 00:00:00+09:00,15700.0,16150.0,15500.0,16100.0,926100.0
2020-12-09 00:00:00+09:00,16100.0,16500.0,15900.0,16050.0,915654.0
2020-12-10 00:00:00+09:00,15950.0,16700.0,15800.0,16450.0,1187769.0
2020-12-11 00:00:00+09:00,16500.0,16800.0,16400.0,16600.0,669884.0
2020-12-14 00:00:00+09:00,16250.0,16300.0,15950.0,16050.0,673370.0
2020-12-15 00:00:00+09:00,16000.0,16100.0,15650.0,16000.0,614786.0
2020-12-16 00:00:00+09:00,16100.0,16150.0,15800.0,15850.0,426638.0
2020-12-17 00:00:00+09:00,15900.0,15900.0,15300.0,15450.0,793407.0
2020-12-18 00:00:00+09:00,15400.0,15750.0,15250.0,15550.0,492049.0
2020-12-21 00:00:00+09:00,15400.0,15500.0,15000.0,15400.0,642144.0
2020-12-22 00:00:00+09:00,15200.0,15500.0,14850.0,14900.0,633884.0
2020-12-23 00:00:00+09:00,14850.0,15100.0,14500.0,14600.0,745435.0
2020-12-24 00:00:00+09:00,14800.0,15300.0,14750.0,15150.0,747713.0
2020-12-28 00:00:00+09:00,15050.0,15100.0,14800.0,15050.0,691728.0
2020-12-29 00:00:00+09:00,15150.0,15400.0,14900.0,15350.0,520215.0
2020-12-30 00:00:00+09:00,15250.0,15600.0,15100.0,15300.0,604250.0
2021-01-04 00:00:00+09:00,15350.0,15400.0,15100.0,15200.0,686191.0
2021-01-05 00:00:00+09:00,15000.0,15350.0,15000.0,15200.0,564107.0
2021-01-06 00:00:00+09:00,15250.0,15800.0,15150.0,15500.0,1170188.0
2021-01-07 00:00:00+09:00,15600.0,15700.0,15200.0,15350.0,791568.0
2021-01-08 00:00:00+09:00,15450.0,15600.0,15200.0,15600.0,804018.0
2021-01-11 00:00:00+09:00,15700.0,15750.0,14950.0,15250.0,1143314.0
2021-01-12 00:00:00+09:00,15100.0,15850.0,14900.0,15700.0,1504391.0
2021-01-13 00:00:00+09:00,15900.0,16250.0,15500.0,16250.0,1421500.0
2021-01-14 00:00:00+09:00,16300.0,17250.0,16050.0,16600.0,2150930.0
2021-01-15 00:00:00+09:00,16750.0,17000.0,16350.0,16750.0,1591762.0
2021-01-18 00:00:00+09:00,16450.0,17150.0,15350.0,15400.0,3138696.0
2021-01-19 00:00:00+09:00,15550.0,16150.0,15500.0,15800.0,1288144.0
2021-01-20 00:00:00+09:00,15900.0,16000.0,15600.0,15900.0,816905.0
2021-01-21 00:00:00+09:00,16100.0,16200.0,15800.0,15900.0,696891.0
2021-01-22 00:00:00+09:00,16150.0,16800.0,15650.0,16700.0,1818813.0
2021-01-25 00:00:00+09:00,16700.0,17500.0,16700.0,17100.0,2095214.0
2021-01-26 00:00:00+09:00,17250.0,17250.0,16350.0,16550.0,1305224.0
2021-01-27 00:00:00+09:00,16700.0,16850.0,16050.0,16650.0,1226351.0
2021-01-28 00:00:00+09:00,16150.0,16500.0,16050.0,16500.0,971245.0
2021-01-29 00:00:00+09:00,16600.0,16650.0,15350.0,15800.0,1393542.0
2021-02-01 00:00:00+09:00,15650.0,15950.0,15300.0,15800.0,732254.0
2021-02-02 00:00:00+09:00,16000.0,16100.0,15650.0,15850.0,782943.0
2021-02-03 00:00:00+09:00,16100.0,16150.0,15750.0,16050.0,989774.0
2021-02-04 00:00:00+09:00,16000.0,16400.0,15800.0,16100.0,884058.0
2021-02-05 00:00:00+09:00,16150.0,16400.0,15900.0,16300.0,927040.0
2021-02-08 00:00:00+09:00,16250.0,16750.0,16100.0,16650.0,1284484.0
2021-02-09 00:00:00+09:00,16750.0,16750.0,16000.0,16300.0,1114691.0
2021-02-10 00:00:00+09:00,16150.0,16250.0,15850.0,16200.0,870833.0
2021-02-15 00:00:00+09:00,16350.0,16450.0,16050.0,16250.0,802820.0
2021-02-16 00:00:00+09:00,16250.0,16450.0,16100.0,16400.0,615965.0
2021-02-17 00:00:00+09:00,16400.0,16450.0,16050.0,16100.0,511741.0
2021-02-18 00:00:00+09:00,16050.0,16350.0,15950.0,16200.0,667036.0
2021-02-19 00:00:00+09:00,16150.0,16200.0,15500.0,15750.0,1199809.0
2021-02-22 00:00:00+09:00,15850.0,16200.0,15750.0,15900.0,1002142.0
2021-02-23 00:00:00+09:00,15950.0,17450.0,15850.0,17300.0,6485683.0
2021-02-24 00:00:00+09:00,17200.0,18000.0,16800.0,16900.0,4649636.0
2021-02-25 00:00:00+09:00,17500.0,17600.0,16900.0,17550.0,2162445.0
2021-02-26 00:00:00+09:00,17000.0,17550.0,16950.0,17200.0,2090347.0
2021-03-02 00:00:00+09:00,17550.0,17900.0,17200.0,17650.0,2330193.0
2021-03-03 00:00:00+09:00,17550.0,18000.0,17300.0,18000.0,1502993.0
2021-03-04 00:00:00+09:00,17850.0,18800.0,17650.0,18600.0,3428797.0
2021-03-05 00:00:00+09:00,18450.0,18750.0,18050.0,18650.0,1308587.0
2021-03-08 00:00:00+09:00,18550.0,18600.0,17550.0,17750.0,1886379.0
2021-03-09 00:00:00+09:00,17750.0,18350.0,17500.0,18100.0,1635640.0
2021-03-10 00:00:00+09:00,17800.0,18050.0,17550.0,17900.0,965268.0
2021-03-11 00:00:00+09:00,17800.0,18050.0,17300.0,17800.0,1361791.0
2021-03-12 00:00:00+09:00,18050.0,18200.0,17750.0,17950.0,816080.0
2021-03-15 00:00:00+09:00,18100.0,18350.0,17800.0,18050.0,714595.0
2021-03-16 00:00:00+09:00,18250.0,18700.0,18150.0,18400.0,1374595.0
2021-03-17 00:00:00+09:00,18400.0,18500.0,17900.0,18250.0,919285.0
2021-03-18 00:00:00+09:00,18300.0,18400.0,17650.0,17650.0,1275127.0
2021-03-19 00:00:00+09:00,17400.0,17850.0,17400.0,17700.0,654962.0
2021-03-22 00:00:00+09:00,17700.0,18100.0,17500.0,18050.0,831926.0
2021-03-23 00:00:00+09:00,18000.0,18100.0,17750.0,17800.0,433753.0
2021-03-24 00:00:00+09:00,17400.0,17800.0,17300.0,17800.0,576686.0
2021-03-25 00:00:00+09:00,17650.0,18000.0,17550.0,17900.0,600196.0
2021-03-26 00:00:00+09:00,17950.0,18000.0,17250.0,17500.0,933084.0
2021-03-29 00:00:00+09:00,17500.0,17500.0,16850.0,17100.0,875526.0
2021-03-30 00:00:00+09:00,17050.0,17250.0,16550.0,16650.0,1729934.0
2021-03-31 00:00:00+09:00,16700.0,16850.0,16550.0,16650.0,632875.0
2021-04-01 00:00:00+09:00,16750.0,17050.0,16650.0,17000.0,727685.0
2021-04-02 00:00:00+09:00,17050.0,17100.0,16550.0,16700.0,1113777.0
2021-04-05 00:00:00+09:00,16700.0,16800.0,16500.0,16800.0,375740.0
2021-04-06 00:00:00+09:00,16900.0,17100.0,16650.0,17100.0,697788.0
2021-04-07 00:00:00+09:00,17050.0,17100.0,16850.0,17050.0,687655.0
2021-04-08 00:00:00+09:00,16850.0,17050.0,16800.0,17050.0,711121.0
2021-04-09 00:00:00+09:00,16950.0,17000.0,16700.0,16750.0,578178.0
2021-04-12 00:00:00+09:00,16700.0,16700.0,16350.0,16550.0,685416.0
2021-04-13 00:00:00+09:00,16550.0,16800.0,16450.0,16750.0,470901.0
2021-04-14 00:00:00+09:00,16650.0,16700.0,16250.0,16300.0,943689.0
2021-04-15 00:00:00+09:00,16350.0,16350.0,15950.0,16050.0,1002363.0
2021-04-16 00:00:00+09:00,16150.0,16300.0,16050.0,16150.0,537220.0
2021-04-19 00:00:00+09:00,16200.0,16400.0,16050.0,16300.0,546031.0
2021-04-20 00:00:00+09:00,16350.0,16800.0,16250.0,16700.0,725655.0
2021-04-21 00:00:00+09:00,16550.0,16650.0,16350.0,16500.0,541752.0
2021-04-22 00:00:00+09:00,16550.0,16600.0,16400.0,16600.0,352983.0
2021-04-23 00:00:00+09:00,16300.0,16650.0,16250.0,16600.0,465326.0
2021-04-26 00:00:00+09:00,16650.0,17100.0,16600.0,17100.0,949043.0
2021-04-27 00:00:00+09:00,17150.0,17200.0,16900.0,17200.0,617994.0
2021-04-28 00:00:00+09:00,17150.0,17300.0,16700.0,17300.0,961710.0
2021-04-29 00:00:00+09:00,17450.0,17850.0,17100.0,17800.0,1675397.0
2021-04-30 00:00:00+09:00,17800.0,18500.0,17550.0,18000.0,3215598.0
2021-05-03 00:00:00+09:00,18050.0,18250.0,17500.0,18000.0,1734156.0
2021-05-04 00:00:00+09:00,17900.0,17950.0,16750.0,17300.0,2297797.0
2021-05-06 00:00:00+09:00,17300.0,17850.0,17000.0,17750.0,1221452.0
2021-05-07 00:00:00+09:00,17800.0,17900.0,17500.0,17600.0,879132.0
2021-05-10 00:00:00+09:00,17600.0,18450.0,17500.0,18150.0,1933853.0
2021-05-11 00:00:00+09:00,18150.0,18650.0,18100.0,18400.0,1777020.0
2021-05-12 00:00:00+09:00,18400.0,18600.0,17850.0,18250.0,1165128.0
2021-05-13 00:00:00+09:00,17900.0,19150.0,17800.0,18600.0,2405045.0
2021-05-14 00:00:00+09:00,18800.0,19100.0,18600.0,18700.0,1403604.0
2021-05-17 00:00:00+09:00,18850.0,19100.0,18400.0,18900.0,1252624.0
2021-05-18 00:00:00+09:00,19000.0,19300.0,18750.0,19050.0,999853.0
2021-05-20 00:00:00+09:00,18950.0,19300.0,18650.0,19250.0,781681.0
2021-05-21 00:00:00+09:00,19250.0,19300.0,18100.0,18350.0,1983416.0
2021-05-24 00:00:00+09:00,18200.0,18600.0,18050.0,18550.0,690822.0
2021-05-25 00:00:00+09:00,18650.0,19200.0,18450.0,19050.0,1264176.0
2021-05-26 00:00:00+09:00,19100.0,19550.0,19050.0,19450.0,1284051.0
2021-05-27 00:00:00+09:00,19450.0,19800.0,19250.0,19650.0,1256696.0
2021-05-28 00:00:00+09:00,19500.0,19600.0,19100.0,19500.0,887093.0
2021-05-31 00:00:00+09:00,19450.0,20050.0,19400.0,19850.0,1365797.0
2021-06-01 00:00:00+09:00,19850.0,20000.0,19000.0,19400.0,1828647.0
2021-06-02 00:00:00+09:00,19400.0,19900.0,19250.0,19800.0,1085957.0
2021-06-03 00:00:00+09:00,19850.0,20000.0,19600.0,19900.0,669975.0
2021-06-04 00:00:00+09:00,19800.0,19800.0,18950.0,19100.0,1808696.0
2021-06-07 00:00:00+09:00,19250.0,19250.0,18700.0,19100.0,880138.0
2021-06-08 00:00:00+09:00,19000.0,19300.0,18900.0,19150.0,565714.0
2021-06-09 00:00:00+09:00,19250.0,19550.0,19050.0,19250.0,814651.0
2021-06-10 00:00:00+09:00,19500.0,20100.0,19300.0,19650.0,2405042.0
2021-06-11 00:00:00+09:00,19700.0,19700.0,19100.0,19400.0,1024603.0
2021-06-14 00:00:00+09:00,19400.0,19400.0,18900.0,19000.0,741049.0
2021-06-15 00:00:00+09:00,18850.0,19100.0,18500.0,19050.0,1010376.0
2021-06-16 00:00:00+09:00,18950.0,19300.0,18800.0,19300.0,807041.0
2021-06-17 00:00:00+09:00,19200.0,19550.0,19050.0,19500.0,793688.0
2021-06-18 00:00:00+09:00,19400.0,19500.0,19200.0,19450.0,506709.0
2021-06-21 00:00:00+09:00,19200.0,19300.0,18400.0,18600.0,1765616.0
2021-06-22 00:00:00+09:00,18850.0,19050.0,18700.0,18900.0,716323.0
2021-06-23 00:00:00+09:00,18800.0,18800.0,18250.0,18550.0,987686.0
2021-06-24 00:00:00+09:00,18400.0,18400.0,17850.0,18350.0,1049521.0
2021-06-25 00:00:00+09:00,18350.0,18700.0,18250.0,18400.0,618645.0
2021-06-28 00:00:00+09:00,18150.0,18400.0,18050.0,18300.0,559036.0
2021-06-29 00:00:00+09:00,18250.0,18450.0,17900.0,18200.0,955607.0
2021-06-30 00:00:00+09:00,18150.0,18250.0,17900.0,18100.0,762029.0
2021-07-01 00:00:00+09:00,18050.0,18200.0,17950.0,18100.0,591485.0
2021-07-02 00:00:00+09:00,18100.0,18150.0,17900.0,18050.0,711190.0
2021-07-05 00:00:00+09:00,18000.0,18250.0,17900.0,18200.0,536178.0
2021-07-06 00:00:00+09:00,18200.0,18700.0,18150.0,18650.0,920499.0
2021-07-07 00:00:00+09:00,18300.0,18350.0,17800.0,17850.0,1082282.0
2021-07-08 00:00:00+09:00,17700.0,17950.0,17150.0,17150.0,1171641.0
2021-07-09 00:00:00+09:00,17000.0,17200.0,16700.0,17100.0,1269531.0
2021-07-12 00:00:00+09:00,17200.0,17350.0,17050.0,17200.0,497268.0
2021-07-13 00:00:00+09:00,17250.0,17650.0,17150.0,17550.0,557532.0
2021-07-14 00:00:00+09:00,17300.0,17350.0,17000.0,17050.0,917841.0
2021-07-15 00:00:00+09:00,17100.0,17250.0,17050.0,17200.0,424277.0
2021-07-16 00:00:00+09:00,17150.0,17250.0,16950.0,17000.0,698980.0
2021-07-19 00:00:00+09:00,16850.0,17000.0,16700.0,16800.0,615399.0
2021-07-20 00:00:00+09:00,16550.0,16900.0,16500.0,16850.0,462547.0
2021-07-21 00:00:00+09:00,17050.0,17100.0,16700.0,16800.0,681422.0
2021-07-22 00:00:00+09:00,16950.0,17500.0,16850.0,17200.0,1186537.0
2021-07-23 00:00:00+09:00,17100.0,17200.0,16900.0,17200.0,521396.0
2021-07-26 00:00:00+09:00,17150.0,17150.0,16800.0,16800.0,487245.0
2021-07-27 00:00:00+09:00,16900.0,17150.0,16800.0,17100.0,581340.0
2021-07-28 00:00:00+09:00,16950.0,17100.0,16800.0,17100.0,459284.0
2021-07-29 00:00:00+09:00,17050.0,17250.0,16950.0,17250.0,552188.0
2021-07-30 00:00:00+09:00,17200.0,17200.0,16650.0,16800.0,992022.0
2021-08-02 00:00:00+09:00,16750.0,16850.0,16350.0,16450.0,843284.0
2021-08-03 00:00:00+09:00,16450.0,16700.0,16300.0,16600.0,605830.0
2021-08-04 00:00:00+09:00,16600.0,17000.0,16550.0,16950.0,772540.0
2021-08-05 00:00:00+09:00,16650.0,16850.0,16600.0,16750.0,529743.0
2021-08-06 00:00:00+09:00,16950.0,17050.0,16750.0,16850.0,514315.0
2021-08-09 00:00:00+09:00,16750.0,16800.0,16600.0,16750.0,408615.0
2021-08-10 00:00:00+09:00,16750.0,16750.0,16450.0,16500.0,587776.0
2021-08-11 00:00:00+09:00,16450.0,16750.0,16400.0,16500.0,520996.0
2021-08-12 00:00:00+09:00,16400.0,16600.0,16250.0,16450.0,1040635.0
2021-08-13 00:00:00+09:00,16400.0,16500.0,16050.0,16200.0,692438.0
2021-08-17 00:00:00+09:00,16150.0,16200.0,15600.0,15600.0,864115.0
2021-08-18 00:00:00+09:00,15450.0,16000.0,15250.0,15900.0,651808.0
2021-08-19 00:00:00+09:00,15600.0,15900.0,15100.0,15100.0,919973.0
2021-08-20 00:00:00+09:00,15150.0,15250.0,14800.0,15050.0,661975.0
2021-08-23 00:00:00+09:00,15050.0,15650.0,15050.0,15550.0,513413.0
2021-08-24 00:00:00+09:00,15750.0,16400.0,15650.0,16400.0,763943.0
2021-08-25 00:00:00+09:00,16500.0,16500.0,16150.0,16450.0,433469.0
2021-08-26 00:00:00+09:00,16500.0,16800.0,16400.0,16600.0,556308.0
2021-08-27 00:00:00+09:00,16450.0,16750.0,16300.0,16700.0,480850.0
2021-08-30 00:00:00+09:00,16850.0,17200.0,16800.0,16950.0,761248.0
2021-08-31 00:00:00+09:00,16900.0,17050.0,16550.0,17000.0,526111.0
2021-09-01 00:00:00+09:00,16950.0,17150.0,16800.0,17100.0,482220.0
2021-09-02 00:00:00+09:00,17050.0,17600.0,16850.0,17450.0,1849933.0
2021-09-03 00:00:00+09:00,17500.0,17550.0,17150.0,17450.0,932597.0
2021-09-06 00:00:00+09:00,17400.0,17450.0,16750.0,16900.0,1280458.0
2021-09-07 00:00:00+09:00,16900.0,17250.0,16700.0,17250.0,608177.0
2021-09-08 00:00:00+09:00,17150.0,17300.0,16800.0,17250.0,1164762.0
2021-09-09 00:00:00+09:00,17000.0,17050.0,16650.0,16900.0,787606.0
2021-09-10 00:00:00+09:00,16900.0,17300.0,16800.0,17200.0,837003.0
2021-09-13 00:00:00+09:00,17100.0,17200.0,16600.0,16900.0,780105.0
2021-09-14 00:00:00+09:00,16900.0,17400.0,16850.0,17350.0,1795081.0
2021-09-15 00:00:00+09:00,17350.0,18200.0,17100.0,17700.0,2332755.0
2021-09-16 00:00:00+09:00,17750.0,17800.0,17100.0,17350.0,1424581.0
2021-09-17 00:00:00+09:00,17500.0,17800.0,16900.0,17100.0,1809946.0
2021-09-23 00:00:00+09:00,16850.0,17550.0,16700.0,17450.0,1329931.0
2021-09-24 00:00:00+09:00,17600.0,17700.0,17000.0,17100.0,877541.0
2021-09-27 00:00:00+09:00,17000.0,17350.0,16850.0,17250.0,457174.0
2021-09-28 00:00:00+09:00,17200.0,17450.0,17050.0,17450.0,713895.0
2021-09-29 00:00:00+09:00,17100.0,17450.0,17000.0,17450.0,684549.0
2021-09-30 00:00:00+09:00,17450.0,17650.0,17200.0,17650.0,708019.0
2021-10-01 00:00:00+09:00,17350.0,17500.0,17050.0,17350.0,794776.0
2021-10-05 00:00:00+09:00,17350.0,18050.0,17350.0,17850.0,2263238.0
2021-10-06 00:00:00+09:00,17900.0,17950.0,17150.0,17450.0,1569260.0
2021-10-07 00:00:00+09:00,17500.0,17700.0,17250.0,17650.0,954548.0
2021-10-08 00:00:00+09:00,17700.0,17750.0,17200.0,17250.0,844072.0
2021-10-12 00:00:00+09:00,17250.0,17300.0,17000.0,17150.0,583338.0
2021-10-13 00:00:00+09:00,17300.0,17700.0,17300.0,17600.0,1063737.0
2021-10-14 00:00:00+09:00,17650.0,17850.0,17450.0,17650.0,1432396.0
2021-10-15 00:00:00+09:00,17800.0,18150.0,17650.0,17950.0,1391622.0
2021-10-18 00:00:00+09:00,18100.0,18300.0,17800.0,18100.0,1120082.0
2021-10-19 00:00:00+09:00,18200.0,18200.0,17900.0,18100.0,695718.0
2021-10-20 00:00:00+09:00,18000.0,18350.0,17700.0,17700.0,821542.0
2021-10-21 00:00:00+09:00,17700.0,17950.0,17600.0,17850.0,661855.0
2021-10-22 00:00:00+09:00,17700.0,17850.0,17500.0,17800.0,881862.0
2021-10-25 00:00:00+09:00,17850.0,18300.0,17600.0,18250.0,1295142.0
2021-10-26 00:00:00+09:00,18350.0,18350.0,18050.0,18200.0,633108.0
2021-10-27 00:00:00+09:00,18200.0,18200.0,17800.0,17850.0,749763.0
2021-10-28 00:00:00+09:00,17800.0,17850.0,17550.0,17800.0,677227.0
2021-10-29 00:00:00+09:00,17750.0,17850.0,17300.0,17400.0,848393.0
2021-11-01 00:00:00+09:00,17400.0,17650.0,16900.0,16950.0,726805.0
2021-11-02 00:00:00+09:00,17000.0,17350.0,16950.0,17300.0,437559.0
2021-11-03 00:00:00+09:00,17200.0,17200.0,16600.0,16650.0,821236.0
2021-11-04 00:00:00+09:00,16750.0,16850.0,16550.0,16700.0,558970.0
2021-11-05 00:00:00+09:00,16700.0,16700.0,16000.0,16100.0,925017.0
2021-11-08 00:00:00+09:00,16750.0,17150.0,16650.0,17050.0,1269214.0
2021-11-09 00:00:00+09:00,16900.0,17200.0,16750.0,17050.0,694047.0
2021-11-10 00:00:00+09:00,16900.0,16950.0,16650.0,16700.0,447731.0
2021-11-11 00:00:00+09:00,16500.0,16850.0,16250.0,16700.0,789207.0
2021-11-12 00:00:00+09:00,16550.0,16900.0,16450.0,16850.0,436251.0
2021-11-15 00:00:00+09:00,16850.0,16850.0,16400.0,16450.0,497981.0
2021-11-16 00:00:00+09:00,16500.0,16600.0,16200.0,16400.0,509683.0
2021-11-17 00:00:00+09:00,16350.0,16350.0,15800.0,15900.0,728918.0
2021-11-18 00:00:00+09:00,15750.0,15800.0,15350.0,15400.0,761180.0
2021-11-19 00:00:00+09:00,15400.0,15600.0,15400.0,15500.0,375705.0
2021-11-22 00:00:00+09:00,15300.0,15550.0,15200.0,15500.0,536141.0
2021-11-23 00:00:00+09:00,15450.0,15800.0,15350.0,15650.0,339692.0
2021-11-24 00:00:00+09:00,15550.0,15600.0,15000.0,15100.0,829833.0
2021-11-25 00:00:00+09:00,15150.0,15200.0,14800.0,14850.0,463186.0
2021-11-26 00:00:00+09:00,14800.0,14850.0,14250.0,14400.0,855356.0
2021-11-29 00:00:00+09:00,13750.0,14200.0,13750.0,14050.0,1188917.0
2021-11-30 00:00:00+09:00,14150.0,14250.0,13550.0,13700.0,885734.0
2021-12-01 00:00:00+09:00,13500.0,14250.0,13500.0,14250.0,728654.0
2021-12-02 00:00:00+09:00,13900.0,14450.0,13800.0,14400.0,538341.0
2021-12-03 00:00:00+09:00,14700.0,14850.0,14350.0,14550.0,602268.0
2021-12-06 00:00:00+09:00,14400.0,14850.0,14150.0,14800.0,408442.0
2021-12-07 00:00:00+09:00,15150.0,15250.0,14900.0,15000.0,476149.0
2021-12-08 00:00:00+09:00,15100.0,15100.0,14750.0,14850.0,352097.0
2021-12-09 00:00:00+09:00,14950.0,15250.0,14850.0,15100.0,415280.0
2021-12-10 00:00:00+09:00,14900.0,15100.0,14850.0,15050.0,245001.0
2021-12-13 00:00:00+09:00,14950.0,15100.0,14750.0,14800.0,261599.0
2021-12-14 00:00:00+09:00,14650.0,14850.0,14550.0,14700.0,210875.0
2021-12-15 00:00:00+09:00,14700.0,15000.0,14600.0,14700.0,221900.0
2021-12-16 00:00:00+09:00,14750.0,14800.0,14400.0,14400.0,274886.0
2021-12-17 00:00:00+09:00,14250.0,14600.0,14200.0,14600.0,206167.0
2021-12-20 00:00:00+09:00,14450.0,14500.0,14200.0,14250.0,206840.0
2021-12-21 00:00:00+09:00,14250.0,14400.0,14200.0,14350.0,204383.0
2021-12-22 00:00:00+09:00,14500.0,14850.0,14450.0,14800.0,368594.0
2021-12-23 00:00:00+09:00,14850.0,15100.0,14800.0,14900.0,332191.0
2021-12-24 00:00:00+09:00,15050.0,15150.0,14950.0,15000.0,284826.0
2021-12-27 00:00:00+09:00,14900.0,15000.0,14800.0,15000.0,188984.0
2021-12-28 00:00:00+09:00,15050.0,15250.0,14950.0,15250.0,391569.0
2021-12-29 00:00:00+09:00,15250.0,15450.0,15100.0,15200.0,402338.0
2021-12-30 00:00:00+09:00,15150.0,15150.0,14850.0,14950.0,254156.0
2022-01-03 00:00:00+09:00,15050.0,15150.0,14900.0,15100.0,171968.0
2022-01-04 00:00:00+09:00,15150.0,15200.0,14950.0,15100.0,267793.0
2022-01-05 00:00:00+09:00,15100.0,15100.0,14850.0,14950.0,292009.0
2022-01-06 00:00:00+09:00,14750.0,15000.0,14750.0,14950.0,272442.0
2022-01-07 00:00:00+09:00,14950.0,15150.0,14800.0,15150.0,257787.0
2022-01-10 00:00:00+09:00,15150.0,15150.0,14750.0,14900.0,296506.0
2022-01-11 00:00:00+09:00,14850.0,15000.0,14650.0,14850.0,211944.0
2022-01-12 00:00:00+09:00,14950.0,15200.0,14950.0,15050.0,274205.0
2022-01-13 00:00:00+09:00,15050.0,15650.0,15000.0,15600.0,804088.0
2022-01-14 00:00:00+09:00,15600.0,15800.0,15300.0,15450.0,393602.0
2022-01-17 00:00:00+09:00,15600.0,15650.0,15200.0,15450.0,423061.0
2022-01-18 00:00:00+09:00,15500.0,15600.0,15000.0,15200.0,461357.0
2022-01-19 00:00:00+09:00,15000.0,15200.0,14700.0,14850.0,390535.0
2022-01-20 00:00:00+09:00,14850.0,15200.0,14750.0,15200.0,267808.0
2022-01-21 00:00:00+09:00,14950.0,15200.0,14900.0,15150.0,311444.0
2022-01-24 00:00:00+09:00,15150.0,15200.0,14650.0,14650.0,314928.0
2022-01-25 00:00:00+09:00,14700.0,14750.0,14050.0,14250.0,408442.0
2022-01-26 00:00:00+09:00,14200.0,14650.0,14100.0,14600.0,292125.0
2022-01-27 00:00:00+09:00,14650.0,14650.0,14050.0,14050.0,384463.0
2022-01-28 00:00:00+09:00,14000.0,15000.0,13850.0,14950.0,601908.0
2022-02-03 00:00:00+09:00,15100.0,15500.0,14950.0,15100.0,592886.0
2022-02-04 00:00:00+09:00,15000.0,16500.0,14850.0,16400.0,1703729.0
2022-02-07 00:00:00+09:00,16350.0,17000.0,16050.0,16450.0,2096850.0
2022-02-08 00:00:00+09:00,16750.0,17100.0,16250.0,16450.0,1427056.0
2022-02-09 00:00:00+09:00,16650.0,16800.0,16250.0,16500.0,862642.0
2022-02-10 00:00:00+09:00,16500.0,16750.0,16250.0,16500.0,783834.0
2022-02-11 00:00:00+09:00,16400.0,17300.0,16250.0,16600.0,1756437.0
2022-02-14 00:00:00+09:00,16350.0,16950.0,16350.0,16650.0,1082669.0
2022-02-15 00:00:00+09:00,16700.0,16900.0,16250.0,16550.0,1027608.0
2022-02-16 00:00:00+09:00,17050.0,17200.0,16650.0,17200.0,1257196.0
2022-02-17 00:00:00+09:00,17100.0,17650.0,16850.0,17100.0,1778208.0
2022-02-18 00:00:00+09:00,17000.0,17450.0,16250.0,16600.0,1518800.0
2022-02-21 00:00:00+09:00,16450.0,17650.0,16450.0,17400.0,1705237.0
2022-02-22 00:00:00+09:00,17050.0,17350.0,16900.0,16950.0,877715.0
2022-02-23 00:00:00+09:00,17150.0,17150.0,16500.0,16850.0,974486.0
2022-02-24 00:00:00+09:00,16600.0,16650.0,16000.0,16100.0,1385458.0
2022-02-25 00:00:00+09:00,16450.0,16550.0,16050.0,16450.0,749684.0
2022-02-28 00:00:00+09:00,16350.0,16850.0,16150.0,16600.0,579095.0
2022-03-02 00:00:00+09:00,16500.0,16800.0,16400.0,16650.0,469277.0
2022-03-03 00:00:00+09:00,16950.0,17000.0,16550.0,16650.0,518422.0
2022-03-04 00:00:00+09:00,16650.0,16750.0,16350.0,16700.0,512093.0
2022-03-07 00:00:00+09:00,16400.0,16650.0,16050.0,16050.0,640782.0
2022-03-08 00:00:00+09:00,15750.0,16150.0,15400.0,15650.0,972959.0
2022-03-10 00:00:00+09:00,16050.0,16600.0,15950.0,16150.0,873843.0
2022-03-11 00:00:00+09:00,16300.0,17250.0,16250.0,17200.0,1842435.0
2022-03-14 00:00:00+09:00,17200.0,17450.0,16650.0,16750.0,1035374.0
2022-03-15 00:00:00+09:00,16650.0,17000.0,16400.0,16600.0,731310.0
2022-03-16 00:00:00+09:00,16900.0,16950.0,16500.0,16900.0,839901.0
2022-03-17 00:00:00+09:00,17050.0,17100.0,16700.0,16950.0,655884.0
2022-03-18 00:00:00+09:00,16850.0,16900.0,16400.0,16450.0,736768.0
2022-03-21 00:00:00+09:00,16650.0,16950.0,16500.0,16550.0,592608.0
2022-03-22 00:00:00+09:00,16500.0,16650.0,16500.0,16550.0,206048.0
2022-03-23 00:00:00+09:00,16650.0,16650.0,16350.0,16400.0,380397.0
2022-03-24 00:00:00+09:00,16300.0,16550.0,16200.0,16500.0,334019.0
2022-03-25 00:00:00+09:00,16500.0,16500.0,16150.0,16300.0,406587.0
2022-03-28 00:00:00+09:00,16300.0,16400.0,16100.0,16200.0,360533.0
2022-03-29 00:00:00+09:00,16300.0,16600.0,16200.0,16550.0,513853.0
2022-03-30 00:00:00+09:00,16650.0,16700.0,16500.0,16550.0,317555.0
2022-03-31 00:00:00+09:00,16500.0,16600.0,16400.0,16550.0,272000.0
2022-04-01 00:00:00+09:00,16500.0,17400.0,16450.0,17250.0,1720766.0
2022-04-04 00:00:00+09:00,17350.0,17550.0,17100.0,17500.0,934834.0
2022-04-05 00:00:00+09:00,17700.0,18250.0,17150.0,17700.0,2255590.0
2022-04-06 00:00:00+09:00,17650.0,17850.0,17500.0,17650.0,818654.0
2022-04-07 00:00:00+09:00,17450.0,17450.0,16850.0,16950.0,931641.0
2022-04-08 00:00:00+09:00,17000.0,17000.0,16550.0,16800.0,484373.0
2022-04-11 00:00:00+09:00,16800.0,16950.0,16550.0,16750.0,549200.0
2022-04-12 00:00:00+09:00,16500.0,16700.0,16350.0,16400.0,480473.0
2022-04-13 00:00:00+09:00,16450.0,16600.0,16300.0,16600.0,387733.0
2022-04-14 00:00:00+09:00,16750.0,16850.0,16600.0,16650.0,437678.0
2022-04-15 00:00:00+09:00,16750.0,17050.0,16650.0,16950.0,710050.0
2022-04-18 00:00:00+09:00,16950.0,17250.0,16800.0,16850.0,543746.0
2022-04-19 00:00:00+09:00,17000.0,17000.0,16700.0,16900.0,369181.0
2022-04-20 00:00:00+09:00,16950.0,17000.0,16700.0,16750.0,290633.0
2022-04-21 00:00:00+09:00,16800.0,16900.0,16650.0,16650.0,367123.0
2022-04-22 00:00:00+09:00,16550.0,16600.0,16250.0,16300.0,638999.0
2022-04-25 00:00:00+09:00,16000.0,16250.0,15800.0,16150.0,642831.0
2022-04-26 00:00:00+09:00,16250.0,16550.0,16050.0,16400.0,351429.0
2022-04-27 00:00:00+09:00,15950.0,16350.0,15950.0,16200.0,307105.0
2022-04-28 00:00:00+09:00,16300.0,16400.0,16150.0,16400.0,377313.0
2022-04-29 00:00:00+09:00,16450.0,16850.0,16400.0,16650.0,499643.0
2022-05-02 00:00:00+09:00,16450.0,16750.0,16400.0,16600.0,457791.0
2022-05-03 00:00:00+09:00,16650.0,16650.0,16250.0,16250.0,492305.0
2022-05-04 00:00:00+09:00,16300.0,16350.0,16000.0,16050.0,375552.0
2022-05-06 00:00:00+09:00,15850.0,16000.0,15500.0,15700.0,645772.0
2022-05-09 00:00:00+09:00,15700.0,15700.0,15000.0,15100.0,798061.0
2022-05-10 00:00:00+09:00,14750.0,15100.0,14550.0,15100.0,679283.0
2022-05-11 00:00:00+09:00,15050.0,15350.0,14850.0,15250.0,430599.0
2022-05-12 00:00:00+09:00,15050.0,15150.0,14700.0,14700.0,544991.0
2022-05-13 00:00:00+09:00,14800.0,15450.0,14800.0,15450.0,573483.0
2022-05-16 00:00:00+09:00,15550.0,15550.0,15250.0,15400.0,319946.0
2022-05-17 00:00:00+09:00,15450.0,15450.0,15200.0,15300.0,238932.0
2022-05-18 00:00:00+09:00,15400.0,15500.0,15200.0,15350.0,273987.0
2022-05-19 00:00:00+09:00,15000.0,15150.0,14850.0,15000.0,328613.0
2022-05-20 00:00:00+09:00,15100.0,15450.0,15100.0,15350.0,320917.0
2022-05-23 00:00:00+09:00,15350.0,15350.0,15050.0,15250.0,278088.0
2022-05-24 00:00:00+09:00,15100.0,15250.0,14850.0,14950.0,328909.0
2022-05-25 00:00:00+09:00,15000.0,15250.0,14950.0,15050.0,252177.0
2022-05-26 00:00:00+09:00,15200.0,15850.0,15150.0,15600.0,838813.0
2022-05-27 00:00:00+09:00,15950.0,16400.0,15700.0,16300.0,1205735.0
2022-05-30 00:00:00+09:00,16400.0,16550.0,16300.0,16350.0,436290.0
2022-05-31 00:00:00+09:00,16450.0,16500.0,16150.0,16400.0,428670.0
2022-06-02 00:00:00+09:00,16400.0,16600.0,16150.0,16500.0,474278.0
2022-06-03 00:00:00+09:00,16600.0,16900.0,16500.0,16650.0,737884.0
2022-06-07 00:00:00+09:00,16700.0,16800.0,16450.0,16550.0,463827.0
2022-06-08 00:00:00+09:00,16650.0,16750.0,16450.0,16550.0,308488.0
2022-06-09 00:00:00+09:00,16600.0,16650.0,16350.0,16550.0,399739.0
2022-06-10 00:00:00+09:00,16400.0,16800.0,16250.0,16600.0,627370.0
2022-06-13 00:00:00+09:00,16250.0,16350.0,15750.0,15800.0,771225.0
2022-06-14 00:00:00+09:00,15500.0,15900.0,15350.0,15800.0,650771.0
2022-06-15 00:00:00+09:00,15750.0,15800.0,15150.0,15400.0,502946.0
2022-06-16 00:00:00+09:00,15650.0,15700.0,15150.0,15150.0,371493.0
2022-06-17 00:00:00+09:00,14650.0,15350.0,14650.0,15300.0,513883.0
2022-06-20 00:00:00+09:00,15350.0,15400.0,14800.0,15000.0,499557.0
2022-06-21 00:00:00+09:00,14950.0,15600.0,14900.0,15350.0,465754.0
2022-06-22 00:00:00+09:00,15450.0,15500.0,14600.0,14700.0,639813.0
2022-06-23 00:00:00+09:00,14600.0,14950.0,12700.0,12850.0,2448595.0
2022-06-24 00:00:00+09:00,12900.0,13600.0,12900.0,13450.0,900369.0
2022-06-27 00:00:00+09:00,13600.0,14100.0,13350.0,13950.0,613331.0
2022-06-28 00:00:00+09:00,13900.0,14000.0,13500.0,13650.0,444842.0
2022-06-29 00:00:00+09:00,13700.0,13950.0,13350.0,13750.0,661554.0
2022-06-30 00:00:00+09:00,13800.0,13850.0,13450.0,13500.0,353700.0
2022-07-01 00:00:00+09:00,13550.0,13750.0,13200.0,13350.0,447582.0
2022-07-04 00:00:00+09:00,13400.0,13550.0,13050.0,13300.0,322157.0
2022-07-05 00:00:00+09:00,13300.0,13900.0,13250.0,13650.0,496835.0
2022-07-06 00:00:00+09:00,13650.0,13900.0,13400.0,13400.0,447999.0
2022-07-07 00:00:00+09:00,13500.0,13900.0,13400.0,13850.0,440991.0
2022-07-08 00:00:00+09:00,13900.0,13950.0,13550.0,13700.0,257449.0
2022-07-11 00:00:00+09:00,13650.0,13650.0,12650.0,12700.0,1276542.0
2022-07-12 00:00:00+09:00,12500.0,12600.0,12050.0,12350.0,891480.0
2022-07-13 00:00:00+09:00,12250.0,12800.0,12250.0,12750.0,543752.0
2022-07-14 00:00:00+09:00,12550.0,13000.0,12500.0,12750.0,443373.0
2022-07-15 00:00:00+09:00,12850.0,12900.0,12400.0,12650.0,298566.0
2022-07-18 00:00:00+09:00,12800.0,12900.0,12650.0,12750.0,420403.0
2022-07-19 00:00:00+09:00,12600.0,12750.0,12500.0,12600.0,281683.0
2022-07-20 00:00:00+09:00,12800.0,12950.0,12600.0,12650.0,394536.0
2022-07-21 00:00:00+09:00,12800.0,13050.0,12700.0,12850.0,442113.0
2022-07-22 00:00:00+09:00,12900.0,13350.0,12850.0,13100.0,735317.0
2022-07-25 00:00:00+09:00,13050.0,13250.0,13000.0,13250.0,276606.0
2022-07-26 00:00:00+09:00,13150.0,13250.0,13000.0,13150.0,206091.0
2022-07-27 00:00:00+09:00,13100.0,13150.0,13000.0,13150.0,158316.0
2022-07-28 00:00:00+09:00,13250.0,13450.0,13100.0,13400.0,421533.0
2022-07-29 00:00:00+09:00,13450.0,13650.0,13400.0,13550.0,296675.0
2022-08-01 00:00:00+09:00,13600.0,13800.0,13500.0,13600.0,206927.0
2022-08-02 00:00:00+09:00,13500.0,14050.0,13450.0,13900.0,676439.0
2022-08-03 00:00:00+09:00,13900.0,14400.0,13750.0,14300.0,720927.0
2022-08-04 00:00:00+09:00,14450.0,14900.0,14350.0,14550.0,928192.0
2022-08-05 00:00:00+09:00,14550.0,14600.0,14300.0,14550.0,382775.0
2022-08-08 00:00:00+09:00,14450.0,14800.0,14350.0,14700.0,410645.0
2022-08-09 00:00:00+09:00,14700.0,14900.0,14450.0,14800.0,374439.0
2022-08-10 00:00:00+09:00,14700.0,14950.0,14500.0,14750.0,428970.0
2022-08-11 00:00:00+09:00,14800.0,15200.0,14800.0,15100.0,652042.0
2022-08-12 00:00:00+09:00,15150.0,15250.0,14850.0,15150.0,330465.0
2022-08-16 00:00:00+09:00,15300.0,15500.0,15100.0,15200.0,408916.0
2022-08-17 00:00:00+09:00,15100.0,15300.0,14900.0,15200.0,247425.0
2022-08-18 00:00:00+09:00,15000.0,15500.0,14900.0,15300.0,470428.0
2022-08-19 00:00:00+09:00,15200.0,15300.0,15000.0,15150.0,368743.0
2022-08-22 00:00:00+09:00,14950.0,15250.0,14750.0,15050.0,367476.0
2022-08-23 00:00:00+09:00,14850.0,15100.0,14650.0,14750.0,419223.0
2022-08-24 00:00:00+09:00,14500.0,16000.0,14500.0,15850.0,1784630.0
2022-08-25 00:00:00+09:00,15900.0,16200.0,15700.0,16050.0,609401.0
2022-08-26 00:00:00+09:00,16000.0,16050.0,15500.0,15550.0,475249.0
2022-08-29 00:00:00+09:00,15100.0,15750.0,15050.0,15600.0,783574.0
2022-08-30 00:00:00+09:00,15700.0,16050.0,15600.0,15800.0,568652.0
2022-08-31 00:00:00+09:00,15800.0,16200.0,15550.0,16000.0,877660.0
2022-09-01 00:00:00+09:00,15900.0,16400.0,15800.0,16050.0,1065081.0
2022-09-02 00:00:00+09:00,16150.0,16550.0,15950.0,16300.0,903518.0
2022-09-05 00:00:00+09:00,16350.0,16600.0,16000.0,16100.0,588799.0
2022-09-06 00:00:00+09:00,16250.0,16400.0,16000.0,16150.0,415779.0
2022-09-07 00:00:00+09:00,16050.0,16100.0,15750.0,16050.0,381878.0
2022-09-08 00:00:00+09:00,16250.0,16300.0,15900.0,16050.0,394160.0
2022-09-13 00:00:00+09:00,16200.0,16500.0,16150.0,16300.0,435065.0
2022-09-14 00:00:00+09:00,15800.0,16400.0,15700.0,16150.0,475504.0
2022-09-15 00:00:00+09:00,16200.0,16350.0,16100.0,16200.0,251280.0
2022-09-16 00:00:00+09:00,16150.0,16200.0,15900.0,16200.0,306699.0
2022-09-19 00:00:00+09:00,16200.0,16250.0,15900.0,16000.0,342042.0
2022-09-20 00:00:00+09:00,16200.0,16850.0,16150.0,16750.0,1184618.0
2022-09-21 00:00:00+09:00,16800.0,16950.0,16400.0,16450.0,614557.0
2022-09-22 00:00:00+09:00,16250.0,16750.0,16000.0,16650.0,682396.0
2022-09-23 00:00:00+09:00,16550.0,16550.0,15400.0,15650.0,1534034.0
2022-09-26 00:00:00+09:00,15350.0,15550.0,14900.0,15050.0,720759.0
2022-09-27 00:00:00+09:00,15300.0,16250.0,15200.0,16200.0,1630429.0
2022-09-28 00:00:00+09:00,16200.0,16450.0,15650.0,15900.0,930376.0
2022-09-29 00:00:00+09:00,15950.0,16100.0,15550.0,15650.0,703622.0
2022-09-30 00:00:00+09:00,15550.0,15800.0,15200.0,15400.0,637828.0
2022-10-04 00:00:00+09:00,15500.0,16000.0,15450.0,16000.0,419481.0
2022-10-05 00:00:00+09:00,16150.0,16200.0,15350.0,15600.0,698250.0
2022-10-06 00:00:00+09:00,15700.0,15750.0,15200.0,15700.0,774837.0
2022-10-07 00:00:00+09:00,15700.0,16300.0,15550.0,16200.0,998972.0
2022-10-11 00:00:00+09:00,15950.0,16100.0,14850.0,15050.0,1128127.0
2022-10-12 00:00:00+09:00,15050.0,15150.0,14700.0,15000.0,555918.0
2022-10-13 00:00:00+09:00,14850.0,14950.0,14250.0,14350.0,751123.0
2022-10-14 00:00:00+09:00,14700.0,15000.0,14450.0,14850.0,515670.0
2022-10-17 00:00:00+09:00,14550.0,14750.0,14400.0,14600.0,351935.0
2022-10-18 00:00:00+09:00,14850.0,15500.0,14800.0,15400.0,830248.0
2022-10-19 00:00:00+09:00,15500.0,15550.0,14950.0,15050.0,424486.0
2022-10-20 00:00:00+09:00,15050.0,15200.0,14550.0,14800.0,363162.0
2022-10-21 00:00:00+09:00,14850.0,14950.0,14550.0,14750.0,286496.0
2022-10-24 00:00:00+09:00,14950.0,15000.0,14350.0,14450.0,518907.0
2022-10-25 00:00:00+09:00,14350.0,14400.0,13750.0,13950.0,796482.0
2022-10-26 00:00:00+09:00,13900.0,14000.0,13600.0,13850.0,518605.0
2022-10-27 00:00:00+09:00,13850.0,14300.0,13800.0,14050.0,524094.0
2022-10-28 00:00:00+09:00,14000.0,14550.0,13900.0,14150.0,385200.0
2022-10-31 00:00:00+09:00,14300.0,14350.0,13850.0,14200.0,256720.0
2022-11-01 00:00:00+09:00,14150.0,14550.0,14150.0,14500.0,323863.0
2022-11-02 00:00:00+09:00,14400.0,14800.0,14300.0,14750.0,516813.0
2022-11-03 00:00:00+09:00,14550.0,14750.0,14450.0,14450.0,293257.0
2022-11-04 00:00:00+09:00,14400.0,15200.0,14150.0,15100.0,1202491.0
2022-11-07 00:00:00+09:00,14800.0,15000.0,14200.0,14900.0,771140.0
2022-11-08 00:00:00+09:00,14900.0,15300.0,14750.0,15150.0,492403.0
2022-11-09 00:00:00+09:00,15150.0,15300.0,14900.0,15000.0,513078.0
2022-11-10 00:00:00+09:00,14850.0,15850.0,14700.0,15250.0,1738096.0
2022-11-11 00:00:00+09:00,15950.0,16600.0,15900.0,16550.0,2151493.0
2022-11-14 00:00:00+09:00,16600.0,16950.0,16500.0,16650.0,1070603.0
2022-11-15 00:00:00+09:00,16650.0,16950.0,16550.0,16900.0,602558.0
2022-11-16 00:00:00+09:00,16900.0,17100.0,16600.0,17050.0,832221.0
2022-11-17 00:00:00+09:00,16900.0,17250.0,16500.0,16900.0,774579.0
2022-11-18 00:00:00+09:00,16900.0,17000.0,16600.0,16750.0,572774.0
2022-11-21 00:00:00+09:00,16750.0,16800.0,16050.0,16200.0,996726.0
2022-11-22 00:00:00+09:00,16200.0,16300.0,15500.0,15650.0,1020983.0
2022-11-23 00:00:00+09:00,15750.0,16150.0,15600.0,16050.0,552453.0
2022-11-24 00:00:00+09:00,16100.0,16350.0,16000.0,16150.0,352746.0
2022-11-25 00:00:00+09:00,16200.0,16300.0,15950.0,16200.0,232147.0
2022-11-28 00:00:00+09:00,16050.0,16300.0,15850.0,16200.0,390614.0
2022-11-29 00:00:00+09:00,16100.0,17100.0,16050.0,16900.0,1443661.0
2022-11-30 00:00:00+09:00,16800.0,17450.0,16700.0,17200.0,1348710.0
2022-12-01 00:00:00+09:00,17400.0,17600.0,17050.0,17250.0,1354772.0
2022-12-02 00:00:00+09:00,17150.0,17550.0,17050.0,17400.0,794374.0
2022-12-05 00:00:00+09:00,17550.0,18250.0,17450.0,18050.0,2256936.0
2022-12-06 00:00:00+09:00,17950.0,18200.0,17550.0,17750.0,987198.0
2022-12-07 00:00:00+09:00,17750.0,18200.0,17600.0,17700.0,990955.0
2022-12-08 00:00:00+09:00,17650.0,17850.0,17050.0,17650.0,1222912.0
2022-12-09 00:00:00+09:00,17800.0,17850.0,17200.0,17650.0,963545.0
2022-12-12 00:00:00+09:00,17500.0,17700.0,17300.0,17600.0,465060.0
2022-12-13 00:00:00+09:00,17750.0,17750.0,17250.0,17450.0,495799.0
2022-12-14 00:00:00+09:00,17500.0,17550.0,17300.0,17500.0,347268.0
2022-12-15 00:00:00+09:00,17550.0,17700.0,17200.0,17300.0,495959.0
2022-12-16 00:00:00+09:00,17000.0,17750.0,16950.0,17700.0,656816.0
2022-12-19 00:00:00+09:00,17650.0,17900.0,17350.0,17750.0,520684.0
2022-12-20 00:00:00+09:00,17700.0,17700.0,17100.0,17400.0,620561.0
2022-12-21 00:00:00+09:00,17450.0,17500.0,17100.0,17450.0,296380.0
2022-12-22 00:00:00+09:00,17500.0,17600.0,17200.0,17600.0,508871.0
2022-12-23 00:00:00+09:00,17300.0,17500.0,17200.0,17400.0,429134.0
2022-12-26 00:00:00+09:00,17300.0,17400.0,16600.0,17000.0,662945.0
2022-12-27 00:00:00+09:00,17150.0,17900.0,17150.0,17750.0,950183.0
2022-12-28 00:00:00+09:00,17750.0,18350.0,17550.0,18100.0,1438424.0
2022-12-29 00:00:00+09:00,17750.0,18000.0,17450.0,17600.0,850809.0
2023-01-02 00:00:00+09:00,17200.0,17600.0,16500.0,17450.0,1209714.0
2023-01-03 00:00:00+09:00,17350.0,17900.0,17100.0,17600.0,725268.0
2023-01-04 00:00:00+09:00,17550.0,17800.0,17150.0,17600.0,499513.0
2023-01-05 00:00:00+09:00,17700.0,17950.0,17500.0,17900.0,586475.0
2023-01-06 00:00:00+09:00,17850.0,18150.0,17400.0,17500.0,797768.0
2023-01-09 00:00:00+09:00,17650.0,17800.0,17450.0,17600.0,673145.0
2023-01-10 00:00:00+09:00,17500.0,17650.0,17150.0,17200.0,722954.0
2023-01-11 00:00:00+09:00,17250.0,17800.0,17200.0,17700.0,754043.0
2023-01-12 00:00:00+09:00,17650.0,17700.0,16900.0,16900.0,1413710.0
2023-01-13 00:00:00+09:00,17000.0,17250.0,16950.0,17000.0,551061.0
2023-01-16 00:00:00+09:00,17050.0,17700.0,17000.0,17500.0,832528.0
2023-01-17 00:00:00+09:00,17550.0,17700.0,17400.0,17550.0,523808.0
2023-01-18 00:00:00+09:00,17500.0,18150.0,17300.0,17550.0,1342226.0
2023-01-19 00:00:00+09:00,17450.0,17950.0,17400.0,17900.0,694920.0
2023-01-20 00:00:00+09:00,17950.0,18250.0,17650.0,18200.0,936569.0
2023-01-25 00:00:00+09:00,18350.0,18450.0,17960.0,18280.0,843691.0
2023-01-26 00:00:00+09:00,18290.0,18430.0,18090.0,18200.0,757976.0
2023-01-27 00:00:00+09:00,18230.0,18670.0,17680.0,18120.0,1589008.0
2023-01-30 00:00:00+09:00,18120.0,18220.0,17980.0,18050.0,660518.0
2023-01-31 00:00:00+09:00,18000.0,18150.0,17880.0,17990.0,527324.0
2023-02-01 00:00:00+09:00,18150.0,18200.0,17580.0,17650.0,930338.0
2023-02-02 00:00:00+09:00,17740.0,17910.0,17390.0,17600.0,1047700.0
2023-02-03 00:00:00+09:00,17600.0,17690.0,17280.0,17350.0,814461.0
2023-02-06 00:00:00+09:00,17300.0,17840.0,17110.0,17520.0,808135.0
2023-02-07 00:00:00+09:00,17550.0,17640.0,17270.0,17600.0,791507.0
2023-02-08 00:00:00+09:00,17670.0,17670.0,17400.0,17440.0,502464.0
2023-02-09 00:00:00+09:00,17490.0,18180.0,17430.0,17980.0,1563646.0
2023-02-10 00:00:00+09:00,18060.0,18800.0,18000.0,18320.0,1655532.0
2023-02-13 00:00:00+09:00,18430.0,18600.0,17880.0,18030.0,829183.0
2023-02-14 00:00:00+09:00,18130.0,18360.0,17950.0,18130.0,549623.0
2023-02-15 00:00:00+09:00,18250.0,18260.0,17850.0,17880.0,760747.0
2023-02-16 00:00:00+09:00,17990.0,18100.0,17710.0,17880.0,572412.0
2023-02-17 00:00:00+09:00,17850.0,18060.0,17560.0,17790.0,617231.0
2023-02-20 00:00:00+09:00,17790.0,17830.0,17500.0,17580.0,594615.0
2023-02-21 00:00:00+09:00,17670.0,17670.0,16910.0,17000.0,1485847.0
2023-02-22 00:00:00+09:00,16840.0,16840.0,16440.0,16490.0,936278.0
2023-02-23 00:00:00+09:00,16630.0,16960.0,16630.0,16730.0,653245.0
2023-02-24 00:00:00+09:00,16780.0,16780.0,16470.0,16480.0,472290.0
2023-02-27 00:00:00+09:00,16480.0,16540.0,16110.0,16440.0,546971.0
2023-02-28 00:00:00+09:00,16530.0,16930.0,16530.0,16740.0,814704.0
2023-03-02 00:00:00+09:00,16990.0,17260.0,16990.0,17100.0,935166.0
2023-03-03 00:00:00+09:00,17210.0,17220.0,16820.0,16880.0,560604.0
2023-03-06 00:00:00+09:00,17040.0,17040.0,16610.0,16790.0,590099.0
2023-03-07 00:00:00+09:00,16850.0,16860.0,16140.0,16200.0,1016564.0
2023-03-08 00:00:00+09:00,16040.0,16100.0,15700.0,15990.0,718608.0
2023-03-09 00:00:00+09:00,16080.0,16410.0,15930.0,16130.0,488731.0
2023-03-10 00:00:00+09:00,16050.0,16050.0,15760.0,15800.0,441999.0
2023-03-13 00:00:00+09:00,15670.0,15850.0,15420.0,15850.0,483093.0
2023-03-14 00:00:00+09:00,15760.0,15800.0,15200.0,15540.0,717718.0
2023-03-15 00:00:00+09:00,15700.0,15700.0,15260.0,15380.0,608063.0
2023-03-16 00:00:00+09:00,15260.0,15580.0,15070.0,15450.0,501281.0
2023-03-17 00:00:00+09:00,15550.0,16010.0,15460.0,15900.0,738261.0
2023-03-20 00:00:00+09:00,15860.0,16500.0,15850.0,15970.0,1075769.0
2023-03-21 00:00:00+09:00,16060.0,16340.0,15900.0,16300.0,638805.0
2023-03-22 00:00:00+09:00,16350.0,16360.0,15740.0,15970.0,909970.0
2023-03-23 00:00:00+09:00,15940.0,16510.0,15820.0,16400.0,1090181.0
2023-03-24 00:00:00+09:00,16450.0,16450.0,16080.0,16360.0,635705.0
2023-03-27 00:00:00+09:00,16390.0,16460.0,15840.0,16230.0,1053462.0
2023-03-28 00:00:00+09:00,16250.0,16450.0,16170.0,16390.0,621463.0
2023-03-29 00:00:00+09:00,16420.0,16770.0,16310.0,16750.0,889429.0
2023-03-30 00:00:00+09:00,16800.0,16830.0,16470.0,16700.0,647109.0
2023-03-31 00:00:00+09:00,16750.0,16800.0,16580.0,16790.0,522024.0
2023-04-03 00:00:00+09:00,16890.0,17150.0,16800.0,16890.0,800011.0
2023-04-04 00:00:00+09:00,16870.0,17100.0,16570.0,16750.0,931968.0
2023-04-05 00:00:00+09:00,16660.0,16770.0,16210.0,16240.0,1084645.0
2023-04-06 00:00:00+09:00,16250.0,16460.0,16130.0,16350.0,518094.0
2023-04-07 00:00:00+09:00,16350.0,16540.0,16270.0,16400.0,429585.0
2023-04-10 00:00:00+09:00,16390.0,16390.0,16010.0,16120.0,687225.0
2023-04-11 00:00:00+09:00,16110.0,16540.0,16100.0,16350.0,614387.0
2023-04-12 00:00:00+09:00,16390.0,16480.0,16160.0,16240.0,388022.0
2023-04-13 00:00:00+09:00,16200.0,16370.0,16020.0,16130.0,839463.0
2023-04-14 00:00:00+09:00,16200.0,16330.0,16090.0,16150.0,633617.0
2023-04-17 00:00:00+09:00,16180.0,16180.0,15710.0,15790.0,1167180.0
2023-04-18 00:00:00+09:00,15870.0,16460.0,15740.0,16440.0,1444823.0
2023-04-19 00:00:00+09:00,16490.0,16630.0,16250.0,16500.0,863852.0
2023-04-20 00:00:00+09:00,16560.0,16580.0,16230.0,16450.0,881521.0
2023-04-21 00:00:00+09:00,16350.0,16360.0,14620.0,14740.0,4305875.0
2023-04-24 00:00:00+09:00,14700.0,14890.0,14460.0,14840.0,1260433.0
2023-04-25 00:00:00+09:00,14750.0,15050.0,14610.0,14880.0,1084662.0
2023-04-26 00:00:00+09:00,14750.0,15200.0,14690.0,15180.0,825641.0
2023-04-27 00:00:00+09:00,15200.0,15250.0,15000.0,15150.0,511971.0
2023-04-28 00:00:00+09:00,15180.0,15460.0,15040.0,15350.0,763955.0
2023-05-02 00:00:00+09:00,15360.0,15770.0,15250.0,15750.0,753754.0
2023-05-03 00:00:00+09:00,15690.0,15930.0,15540.0,15550.0,690525.0
2023-05-04 00:00:00+09:00,15580.0,15590.0,15290.0,15370.0,419221.0
2023-05-08 00:00:00+09:00,15480.0,15480.0,14840.0,14870.0,1487652.0
2023-05-09 00:00:00+09:00,14930.0,15080.0,14830.0,14920.0,657218.0
2023-05-10 00:00:00+09:00,14950.0,15230.0,14910.0,14980.0,793072.0
2023-05-11 00:00:00+09:00,15200.0,15230.0,14960.0,14980.0,885964.0
2023-05-12 00:00:00+09:00,15000.0,15200.0,14910.0,15110.0,882005.0
2023-05-15 00:00:00+09:00,15100.0,15100.0,14750.0,14950.0,735132.0
2023-05-16 00:00:00+09:00,15010.0,15070.0,14770.0,14780.0,450600.0
2023-05-17 00:00:00+09:00,14750.0,15180.0,14750.0,15150.0,482265.0
2023-05-18 00:00:00+09:00,15210.0,15340.0,15040.0,15080.0,494719.0
2023-05-19 00:00:00+09:00,15090.0,15240.0,14990.0,15190.0,473109.0
2023-05-22 00:00:00+09:00,15250.0,15310.0,15100.0,15210.0,408520.0
2023-05-23 00:00:00+09:00,15160.0,15310.0,15060.0,15270.0,352669.0
2023-05-24 00:00:00+09:00,15120.0,15150.0,15000.0,15000.0,322819.0
2023-05-25 00:00:00+09:00,14950.0,15060.0,14680.0,14720.0,533963.0
2023-05-26 00:00:00+09:00,14700.0,14850.0,14590.0,14800.0,371505.0
2023-05-30 00:00:00+09:00,14800.0,14800.0,14360.0,14470.0,669597.0
2023-05-31 00:00:00+09:00,14440.0,14580.0,14310.0,14360.0,515805.0
2023-06-01 00:00:00+09:00,14370.0,14660.0,14260.0,14430.0,778533.0
2023-06-02 00:00:00+09:00,14500.0,14500.0,14290.0,14340.0,378432.0
2023-06-05 00:00:00+09:00,14500.0,14670.0,14420.0,14460.0,507219.0
2023-06-07 00:00:00+09:00,14510.0,14620.0,14460.0,14460.0,403299.0
2023-06-08 00:00:00+09:00,14490.0,14490.0,14270.0,14270.0,598319.0
2023-06-09 00:00:00+09:00,14360.0,14490.0,14120.0,14180.0,739706.0
2023-06-12 00:00:00+09:00,14180.0,14180.0,13610.0,13920.0,1129582.0
2023-06-13 00:00:00+09:00,13950.0,14230.0,13920.0,13930.0,759720.0
2023-06-14 00:00:00+09:00,13960.0,13970.0,13640.0,13800.0,558559.0
2023-06-15 00:00:00+09:00,13800.0,13820.0,13480.0,13620.0,652826.0
2023-06-16 00:00:00+09:00,13650.0,13890.0,13650.0,13740.0,427925.0
2023-06-19 00:00:00+09:00,13770.0,14030.0,13700.0,13910.0,498744.0
2023-06-20 00:00:00+09:00,14100.0,14510.0,14090.0,14140.0,1420438.0
2023-06-21 00:00:00+09:00,14140.0,14640.0,14100.0,14550.0,1481501.0
2023-06-22 00:00:00+09:00,14500.0,14630.0,14300.0,14470.0,579938.0
2023-06-23 00:00:00+09:00,14530.0,14550.0,14330.0,14400.0,475724.0
2023-06-26 00:00:00+09:00,14390.0,14470.0,13960.0,14000.0,580662.0
2023-06-27 00:00:00+09:00,14000.0,14370.0,13940.0,14090.0,601809.0
2023-06-28 00:00:00+09:00,14110.0,14300.0,14060.0,14190.0,438747.0
2023-06-29 00:00:00+09:00,14240.0,14260.0,13810.0,13880.0,504659.0
2023-06-30 00:00:00+09:00,13870.0,14210.0,13820.0,14130.0,621156.0
2023-07-03 00:00:00+09:00,14230.0,14750.0,14080.0,14490.0,1291958.0
2023-07-04 00:00:00+09:00,14750.0,15100.0,14480.0,14520.0,1633861.0
2023-07-05 00:00:00+09:00,14580.0,14850.0,14460.0,14520.0,829720.0
2023-07-06 00:00:00+09:00,14520.0,14520.0,14050.0,14080.0,759915.0
2023-07-07 00:00:00+09:00,14200.0,14410.0,14180.0,14350.0,623980.0
2023-07-10 00:00:00+09:00,14430.0,14670.0,14200.0,14460.0,664547.0
2023-07-11 00:00:00+09:00,14530.0,14680.0,14430.0,14640.0,455226.0
2023-07-12 00:00:00+09:00,14610.0,14980.0,14560.0,14860.0,706011.0
2023-07-13 00:00:00+09:00,14980.0,14980.0,14520.0,14610.0,817756.0
2023-07-14 00:00:00+09:00,14680.0,15270.0,14670.0,15000.0,1353131.0
2023-07-17 00:00:00+09:00,14930.0,15000.0,14580.0,14680.0,794754.0
2023-07-18 00:00:00+09:00,14680.0,14810.0,14360.0,14380.0,617288.0
2023-07-19 00:00:00+09:00,14420.0,14590.0,14180.0,14440.0,715901.0
2023-07-20 00:00:00+09:00,14460.0,14490.0,14060.0,14120.0,678395.0
2023-07-21 00:00:00+09:00,14130.0,14140.0,13880.0,13930.0,478538.0
2023-07-24 00:00:00+09:00,13920.0,13920.0,13550.0,13560.0,718149.0
2023-07-25 00:00:00+09:00,13580.0,13620.0,13160.0,13240.0,911356.0
2023-07-26 00:00:00+09:00,13160.0,13170.0,12570.0,12790.0,1298493.0
2023-07-27 00:00:00+09:00,12810.0,14170.0,12810.0,14160.0,1618169.0
2023-07-28 00:00:00+09:00,14080.0,14200.0,13760.0,14190.0,858513.0
2023-07-31 00:00:00+09:00,14280.0,14450.0,14060.0,14360.0,695376.0
2023-08-01 00:00:00+09:00,14300.0,14550.0,14090.0,14290.0,667388.0
2023-08-02 00:00:00+09:00,14270.0,14410.0,14000.0,14240.0,576063.0
2023-08-03 00:00:00+09:00,14210.0,14220.0,13910.0,13990.0,531200.0
2023-08-04 00:00:00+09:00,13950.0,14550.0,13920.0,14420.0,652432.0
2023-08-07 00:00:00+09:00,14430.0,14540.0,14360.0,14520.0,541352.0
2023-08-08 00:00:00+09:00,14580.0,14650.0,14330.0,14350.0,401397.0
2023-08-09 00:00:00+09:00,14380.0,14450.0,14150.0,14450.0,548882.0
2023-08-10 00:00:00+09:00,16300.0,17740.0,15520.0,17070.0,20996063.0
2023-08-11 00:00:00+09:00,17650.0,17810.0,16800.0,17480.0,7845818.0
2023-08-14 00:00:00+09:00,17800.0,18550.0,17800.0,18010.0,7148746.0
2023-08-16 00:00:00+09:00,17880.0,17980.0,17300.0,17800.0,2823030.0
2023-08-17 00:00:00+09:00,17410.0,17420.0,16700.0,17180.0,2115318.0
2023-08-18 00:00:00+09:00,16960.0,17470.0,16720.0,17200.0,2427626.0
2023-08-21 00:00:00+09:00,16850.0,17260.0,16350.0,16630.0,1637604.0
2023-08-22 00:00:00+09:00,16700.0,16870.0,16510.0,16620.0,948160.0
2023-08-23 00:00:00+09:00,16680.0,17100.0,16600.0,16680.0,1091934.0
2023-08-24 00:00:00+09:00,16800.0,17200.0,16470.0,17020.0,1518125.0
2023-08-25 00:00:00+09:00,16940.0,17180.0,16760.0,17030.0,815682.0
2023-08-28 00:00:00+09:00,17470.0,17900.0,17100.0,17190.0,1712924.0
2023-08-29 00:00:00+09:00,17260.0,17270.0,16780.0,16790.0,1012949.0
2023-08-30 00:00:00+09:00,16950.0,17000.0,16690.0,16900.0,699514.0
2023-08-31 00:00:00+09:00,16860.0,16960.0,16710.0,16850.0,701655.0
2023-09-01 00:00:00+09:00,16860.0,17420.0,16760.0,17120.0,1543253.0
2023-09-04 00:00:00+09:00,17230.0,17230.0,16710.0,17010.0,904575.0
2023-09-05 00:00:00+09:00,17100.0,17490.0,16790.0,16850.0,1045997.0
2023-09-06 00:00:00+09:00,17000.0,17500.0,16900.0,17250.0,1674492.0
2023-09-07 00:00:00+09:00,17330.0,17350.0,16930.0,17140.0,718633.0
2023-09-08 00:00:00+09:00,17200.0,17640.0,17140.0,17560.0,1225609.0
2023-09-11 00:00:00+09:00,17600.0,17610.0,17270.0,17480.0,825211.0
2023-09-12 00:00:00+09:00,17550.0,17730.0,16780.0,16930.0,1104282.0
2023-09-13 00:00:00+09:00,16930.0,17170.0,16810.0,16950.0,503041.0
2023-09-14 00:00:00+09:00,17090.0,17120.0,16820.0,16900.0,587384.0
2023-09-15 00:00:00+09:00,16800.0,17100.0,16800.0,16960.0,551423.0
2023-09-18 00:00:00+09:00,16900.0,17120.0,16850.0,16940.0,451328.0
2023-09-19 00:00:00+09:00,17050.0,17300.0,16760.0,16840.0,708187.0
2023-09-20 00:00:00+09:00,16840.0,16850.0,16530.0,16650.0,554461.0
2023-09-21 00:00:00+09:00,16580.0,16930.0,16260.0,16440.0,751309.0
2023-09-22 00:00:00+09:00,16300.0,16560.0,16220.0,16550.0,409538.0
2023-09-25 00:00:00+09:00,16600.0,16840.0,16440.0,16530.0,608443.0
2023-09-26 00:00:00+09:00,16530.0,16590.0,15940.0,16010.0,644445.0
2023-09-27 00:00:00+09:00,15940.0,16300.0,15880.0,16270.0,424432.0
2023-10-04 00:00:00+09:00,16190.0,16190.0,14990.0,15210.0,1469125.0
2023-10-05 00:00:00+09:00,15350.0,15420.0,14840.0,14880.0,799256.0
2023-10-06 00:00:00+09:00,15010.0,15240.0,14760.0,14800.0,553016.0
2023-10-10 00:00:00+09:00,14600.0,15140.0,14460.0,14580.0,846256.0
2023-10-11 00:00:00+09:00,14740.0,14970.0,14660.0,14820.0,382498.0
2023-10-12 00:00:00+09:00,14890.0,15100.0,14840.0,14950.0,447111.0
2023-10-13 00:00:00+09:00,14860.0,15140.0,14700.0,14800.0,475789.0
2023-10-16 00:00:00+09:00,14690.0,14740.0,14390.0,14530.0,462337.0
2023-10-17 00:00:00+09:00,14620.0,14780.0,14510.0,14580.0,310195.0
2023-10-18 00:00:00+09:00,14600.0,14640.0,14300.0,14410.0,482630.0
2023-10-19 00:00:00+09:00,14240.0,14240.0,14030.0,14060.0,420949.0
2023-10-20 00:00:00+09:00,14000.0,14100.0,13720.0,13880.0,547137.0
2023-10-23 00:00:00+09:00,13930.0,14360.0,13930.0,14140.0,531420.0
2023-10-24 00:00:00+09:00,14290.0,14500.0,14010.0,14470.0,483072.0
2023-10-25 00:00:00+09:00,14490.0,14880.0,14310.0,14670.0,602154.0
2023-10-26 00:00:00+09:00,14410.0,14840.0,14230.0,14500.0,423515.0
2023-10-27 00:00:00+09:00,14600.0,14750.0,14240.0,14440.0,450247.0
2023-10-30 00:00:00+09:00,14360.0,14740.0,14360.0,14670.0,281939.0
2023-10-31 00:00:00+09:00,14700.0,14990.0,14480.0,14660.0,495174.0
2023-11-01 00:00:00+09:00,14710.0,14710.0,14460.0,14550.0,241735.0
2023-11-02 00:00:00+09:00,14710.0,14800.0,13490.0,13580.0,2045147.0
2023-11-03 00:00:00+09:00,13710.0,14270.0,13640.0,14180.0,1568212.0
2023-11-06 00:00:00+09:00,14400.0,14650.0,14260.0,14500.0,793341.0
2023-11-07 00:00:00+09:00,14610.0,14690.0,14180.0,14430.0,572732.0
2023-11-08 00:00:00+09:00,14550.0,14620.0,14390.0,14420.0,402637.0
2023-11-09 00:00:00+09:00,14510.0,14880.0,14440.0,14670.0,1039667.0
2023-11-10 00:00:00+09:00,14670.0,14670.0,14020.0,14120.0,990549.0
2023-11-13 00:00:00+09:00,14280.0,14280.0,13650.0,13660.0,743133.0
2023-11-14 00:00:00+09:00,13690.0,13880.0,13680.0,13840.0,371914.0
2023-11-15 00:00:00+09:00,14090.0,14420.0,13970.0,14340.0,533008.0
2023-11-16 00:00:00+09:00,14340.0,14350.0,14150.0,14240.0,332159.0
2023-11-17 00:00:00+09:00,14210.0,14210.0,13980.0,14070.0,330305.0
2023-11-20 00:00:00+09:00,14090.0,14230.0,13990.0,14180.0,276415.0
2023-11-21 00:00:00+09:00,14220.0,14220.0,14080.0,14120.0,319121.0
2023-11-22 00:00:00+09:00,14070.0,14160.0,13960.0,14060.0,381073.0
2023-11-23 00:00:00+09:00,14100.0,14110.0,14010.0,14050.0,222280.0
2023-11-24 00:00:00+09:00,14130.0,14190.0,13980.0,14050.0,422329.0
2023-11-27 00:00:00+09:00,14050.0,14060.0,13740.0,13860.0,507115.0
2023-11-28 00:00:00+09:00,13860.0,13890.0,13700.0,13720.0,496093.0
2023-11-29 00:00:00+09:00,13710.0,13710.0,13370.0,13460.0,841693.0
2023-11-30 00:00:00+09:00,13450.0,13450.0,13260.0,13350.0,652118.0
2023-12-01 00:00:00+09:00,13310.0,13500.0,13290.0,13320.0,383405.0
2023-12-04 00:00:00+09:00,13320.0,13450.0,13250.0,13330.0,297342.0
2023-12-05 00:00:00+09:00,13340.0,13340.0,13250.0,13280.0,282070.0
2023-12-06 00:00:00+09:00,13270.0,13490.0,13210.0,13440.0,476551.0
2023-12-07 00:00:00+09:00,13440.0,13460.0,13200.0,13200.0,359700.0
2023-12-08 00:00:00+09:00,13210.0,13360.0,13160.0,13330.0,279501.0
2023-12-11 00:00:00+09:00,13380.0,13640.0,13370.0,13570.0,405177.0
2023-12-12 00:00:00+09:00,13570.0,13660.0,13440.0,13590.0,298410.0
2023-12-13 00:00:00+09:00,13590.0,13700.0,13490.0,13600.0,316358.0
2023-12-14 00:00:00+09:00,13710.0,13810.0,13670.0,13750.0,452278.0
2023-12-15 00:00:00+09:00,13750.0,13770.0,13600.0,13700.0,327463.0
2023-12-18 00:00:00+09:00,13700.0,13730.0,13610.0,13730.0,209923.0
2023-12-19 00:00:00+09:00,13670.0,13680.0,13510.0,13550.0,360313.0
2023-12-20 00:00:00+09:00,13600.0,13710.0,13570.0,13650.0,246529.0
2023-12-21 00:00:00+09:00,13500.0,13650.0,13380.0,13380.0,353975.0
2023-12-22 00:00:00+09:00,13430.0,13460.0,13320.0,13410.0,187856.0
2023-12-26 00:00:00+09:00,13410.0,13430.0,13140.0,13220.0,426216.0
2023-12-27 00:00:00+09:00,13140.0,13280.0,13120.0,13160.0,275228.0
2023-12-28 00:00:00+09:00,13120.0,13320.0,13120.0,13320.0,268827.0
2024-01-02 00:00:00+09:00,13300.0,13510.0,13300.0,13440.0,283637.0
2024-01-03 00:00:00+09:00,13400.0,13470.0,13260.0,13290.0,334088.0
2024-01-04 00:00:00+09:00,13300.0,13310.0,13010.0,13030.0,551972.0
2024-01-05 00:00:00+09:00,13020.0,13100.0,12930.0,12960.0,453950.0
2024-01-08 00:00:00+09:00,12950.0,13110.0,12930.0,13050.0,219214.0
2024-01-09 00:00:00+09:00,13130.0,13310.0,13070.0,13310.0,295144.0
2024-01-10 00:00:00+09:00,13300.0,13310.0,13040.0,13050.0,301189.0
2024-01-11 00:00:00+09:00,13050.0,13140.0,13020.0,13060.0,270595.0
2024-01-12 00:00:00+09:00,13060.0,13130.0,12790.0,12850.0,538586.0
2024-01-15 00:00:00+09:00,12870.0,12980.0,12800.0,12840.0,235751.0
2024-01-16 00:00:00+09:00,12810.0,12850.0,12490.0,12520.0,514501.0
2024-01-17 00:00:00+09:00,12530.0,12600.0,12210.0,12300.0,557166.0
2024-01-18 00:00:00+09:00,12210.0,12480.0,12210.0,12310.0,267847.0
2024-01-19 00:00:00+09:00,12400.0,12780.0,12400.0,12650.0,473572.0
2024-01-22 00:00:00+09:00,12730.0,12830.0,12580.0,12660.0,277492.0
2024-01-23 00:00:00+09:00,12780.0,12780.0,12490.0,12560.0,248965.0
2024-01-24 00:00:00+09:00,12540.0,12680.0,12510.0,12590.0,347029.0
2024-01-25 00:00:00+09:00,12560.0,12560.0,12270.0,12450.0,399609.0
2024-01-26 00:00:00+09:00,12400.0,13050.0,12400.0,12990.0,591509.0
2024-01-29 00:00:00+09:00,12930.0,12960.0,12700.0,12750.0,288963.0
2024-01-30 00:00:00+09:00,12750.0,12990.0,12740.0,12780.0,296925.0
2024-01-31 00:00:00+09:00,12780.0,12830.0,12620.0,12650.0,230276.0
2024-02-01 00:00:00+09:00,12690.0,12970.0,12600.0,12930.0,403507.0
2024-02-02 00:00:00+09:00,13000.0,13140.0,12890.0,13050.0,550772.0
2024-02-05 00:00:00+09:00,13090.0,13110.0,12850.0,13020.0,267109.0
2024-02-06 00:00:00+09:00,13000.0,13250.0,12920.0,13020.0,433377.0
2024-02-07 00:00:00+09:00,13140.0,13180.0,12970.0,13120.0,286785.0
2024-02-08 00:00:00+09:00,13150.0,13280.0,13070.0,13180.0,490500.0
2024-02-13 00:00:00+09:00,13220.0,13280.0,12940.0,13150.0,387836.0
2024-02-14 00:00:00+09:00,12970.0,13290.0,12970.0,13120.0,308566.0
2024-02-15 00:00:00+09:00,13180.0,13280.0,12980.0,13060.0,520406.0
2024-02-16 00:00:00+09:00,13370.0,13500.0,13070.0,13160.0,815466.0
2024-02-19 00:00:00+09:00,13140.0,13530.0,13140.0,13410.0,933308.0
2024-02-20 00:00:00+09:00,13450.0,13460.0,13070.0,13110.0,624462.0
2024-02-21 00:00:00+09:00,13010.0,13210.0,12970.0,13100.0,315226.0
2024-02-22 00:00:00+09:00,13120.0,13120.0,12830.0,12840.0,581997.0
2024-02-23 00:00:00+09:00,12840.0,12850.0,12590.0,12650.0,528252.0
2024-02-26 00:00:00+09:00,12590.0,12660.0,12520.0,12590.0,275215.0
2024-02-27 00:00:00+09:00,12530.0,12540.0,12300.0,12370.0,465386.0
2024-02-28 00:00:00+09:00,12380.0,12710.0,12310.0,12630.0,350837.0
2024-02-29 00:00:00+09:00,12560.0,12660.0,12500.0,12660.0,290194.0
2024-03-04 00:00:00+09:00,12720.0,12810.0,12620.0,12800.0,313807.0
2024-03-05 00:00:00+09:00,12830.0,13090.0,12780.0,13000.0,610906.0
2024-03-06 00:00:00+09:00,13000.0,13050.0,12860.0,12900.0,502933.0
2024-03-07 00:00:00+09:00,13440.0,13740.0,13170.0,13550.0,2585781.0
2024-03-08 00:00:00+09:00,13630.0,13660.0,13200.0,13210.0,799421.0
2024-03-11 00:00:00+09:00,13210.0,13360.0,13100.0,13110.0,411188.0
2024-03-12 00:00:00+09:00,13120.0,13260.0,13080.0,13250.0,301919.0
2024-03-13 00:00:00+09:00,13260.0,13300.0,13040.0,13090.0,423979.0
2024-03-14 00:00:00+09:00,13090.0,13320.0,13050.0,13320.0,382757.0
2024-03-15 00:00:00+09:00,13190.0,13250.0,13030.0,13070.0,344139.0
2024-03-18 00:00:00+09:00,13090.0,13120.0,13010.0,13050.0,185119.0
2024-03-19 00:00:00+09:00,13170.0,13560.0,13160.0,13450.0,1094710.0
2024-03-20 00:00:00+09:00,13560.0,13640.0,13400.0,13530.0,767155.0
2024-03-21 00:00:00+09:00,13550.0,13650.0,13420.0,13580.0,518869.0
2024-03-22 00:00:00+09:00,13580.0,13790.0,13500.0,13680.0,547380.0
2024-03-25 00:00:00+09:00,13820.0,13820.0,13600.0,13770.0,520687.0
2024-03-26 00:00:00+09:00,13790.0,14140.0,13620.0,14120.0,983893.0
2024-03-27 00:00:00+09:00,14170.0,14450.0,14120.0,14420.0,1273303.0
2024-03-28 00:00:00+09:00,14490.0,14620.0,14310.0,14310.0,956820.0
2024-03-29 00:00:00+09:00,14310.0,14340.0,14050.0,14220.0,519336.0
2024-04-01 00:00:00+09:00,14300.0,15310.0,14290.0,15310.0,2213276.0
2024-04-02 00:00:00+09:00,15130.0,15190.0,14590.0,14650.0,1191235.0
2024-04-03 00:00:00+09:00,14650.0,15050.0,14590.0,14800.0,957517.0
2024-04-04 00:00:00+09:00,14940.0,15180.0,14590.0,14980.0,965115.0
2024-04-05 00:00:00+09:00,14870.0,15100.0,14750.0,15010.0,527559.0
2024-04-08 00:00:00+09:00,15050.0,15150.0,14740.0,15090.0,644360.0
2024-04-09 00:00:00+09:00,15190.0,15670.0,15060.0,15180.0,1253000.0
2024-04-11 00:00:00+09:00,15180.0,15220.0,14660.0,14750.0,848480.0
2024-04-12 00:00:00+09:00,14680.0,14780.0,14310.0,14640.0,713228.0
2024-04-15 00:00:00+09:00,14400.0,14570.0,14290.0,14470.0,457849.0
2024-04-16 00:00:00+09:00,14390.0,14570.0,14140.0,14560.0,505517.0
2024-04-17 00:00:00+09:00,14790.0,15100.0,14700.0,14850.0,916292.0
2024-04-18 00:00:00+09:00,15000.0,15180.0,14890.0,15070.0,474346.0
2024-04-19 00:00:00+09:00,14980.0,15240.0,14810.0,15090.0,795758.0
2024-04-22 00:00:00+09:00,15150.0,15160.0,14690.0,14830.0,551449.0
2024-04-23 00:00:00+09:00,14830.0,14920.0,14540.0,14680.0,308020.0
2024-04-24 00:00:00+09:00,14820.0,14890.0,14610.0,14730.0,343075.0
2024-04-25 00:00:00+09:00,14610.0,14780.0,14520.0,14710.0,344427.0
2024-04-26 00:00:00+09:00,14730.0,14960.0,14570.0,14910.0,420166.0
2024-04-29 00:00:00+09:00,14980.0,15140.0,14920.0,15050.0,538163.0
2024-04-30 00:00:00+09:00,15080.0,15180.0,14960.0,15060.0,364771.0
2024-05-02 00:00:00+09:00,15060.0,15710.0,14920.0,15400.0,1303543.0
2024-05-03 00:00:00+09:00,15560.0,15570.0,15200.0,15410.0,593574.0
2024-05-07 00:00:00+09:00,15550.0,15580.0,14720.0,14890.0,1420193.0
2024-05-08 00:00:00+09:00,14850.0,14930.0,14740.0,14920.0,506153.0
2024-05-09 00:00:00+09:00,14920.0,15130.0,14750.0,14850.0,699133.0
2024-05-10 00:00:00+09:00,14960.0,15120.0,14780.0,15020.0,798677.0
2024-05-13 00:00:00+09:00,15130.0,15280.0,14910.0,15240.0,735825.0
2024-05-14 00:00:00+09:00,15210.0,15290.0,14970.0,15020.0,457846.0
2024-05-16 00:00:00+09:00,15120.0,15170.0,14940.0,14970.0,428246.0
2024-05-17 00:00:00+09:00,15100.0,15100.0,14870.0,14890.0,288740.0
2024-05-20 00:00:00+09:00,14890.0,14950.0,14590.0,14900.0,613276.0
2024-05-21 00:00:00+09:00,14920.0,14920.0,14530.0,14580.0,491384.0
2024-05-22 00:00:00+09:00,14580.0,14670.0,14290.0,14490.0,571302.0
2024-05-23 00:00:00+09:00,14480.0,14690.0,14450.0,14530.0,293026.0
2024-05-24 00:00:00+09:00,14390.0,14700.0,14380.0,14490.0,359194.0
2024-05-27 00:00:00+09:00,14670.0,14840.0,14500.0,14580.0,356885.0
2024-05-28 00:00:00+09:00,14570.0,14570.0,14110.0,14120.0,730711.0
2024-05-29 00:00:00+09:00,14120.0,14130.0,13800.0,13820.0,615417.0
2024-05-30 00:00:00+09:00,13820.0,14060.0,13760.0,14010.0,368484.0
2024-05-31 00:00:00+09:00,14050.0,14360.0,14010.0,14320.0,477988.0
2024-06-03 00:00:00+09:00,14350.0,14390.0,14100.0,14230.0,277081.0
2024-06-04 00:00:00+09:00,14190.0,14270.0,13940.0,13940.0,299965.0
2024-06-05 00:00:00+09:00,13960.0,14110.0,13870.0,13950.0,233089.0
2024-06-07 00:00:00+09:00,14020.0,14080.0,13950.0,14010.0,158285.0
2024-06-10 00:00:00+09:00,13910.0,14160.0,13820.0,14050.0,180040.0
2024-06-11 00:00:00+09:00,14050.0,14200.0,13980.0,14030.0,155834.0
2024-06-12 00:00:00+09:00,14020.0,14130.0,13940.0,13990.0,159753.0
2024-06-13 00:00:00+09:00,14130.0,14190.0,13990.0,14000.0,342882.0
2024-06-14 00:00:00+09:00,14100.0,14570.0,14030.0,14520.0,846451.0
2024-06-17 00:00:00+09:00,14430.0,14540.0,14150.0,14290.0,311011.0
2024-06-18 00:00:00+09:00,14300.0,14420.0,14200.0,14240.0,274734.0
2024-06-19 00:00:00+09:00,14310.0,14310.0,13800.0,13900.0,732386.0
2024-06-20 00:00:00+09:00,13900.0,14100.0,13870.0,14020.0,274274.0
2024-06-21 00:00:00+09:00,14120.0,14860.0,14050.0,14860.0,1534677.0
2024-06-24 00:00:00+09:00,14860.0,14860.0,14230.0,14240.0,644282.0
2024-06-25 00:00:00+09:00,14250.0,14490.0,14210.0,14380.0,290087.0
2024-06-26 00:00:00+09:00,14380.0,14430.0,14160.0,14230.0,253393.0
2024-06-27 00:00:00+09:00,14220.0,14230.0,13970.0,14060.0,255833.0
2024-06-28 00:00:00+09:00,14090.0,14220.0,13950.0,14100.0,194007.0
2024-07-01 00:00:00+09:00,14080.0,14290.0,14080.0,14230.0,197398.0
2024-07-02 00:00:00+09:00,14230.0,14230.0,13960.0,14040.0,276512.0
2024-07-03 00:00:00+09:00,14050.0,14060.0,13010.0,13070.0,1266610.0
2024-07-04 00:00:00+09:00,12930.0,13140.0,12550.0,12700.0,1102609.0
2024-07-05 00:00:00+09:00,12750.0,12750.0,12360.0,12510.0,1167501.0
2024-07-08 00:00:00+09:00,12510.0,12690.0,12510.0,12680.0,437804.0
2024-07-09 00:00:00+09:00,12680.0,12810.0,12560.0,12700.0,370256.0
2024-07-10 00:00:00+09:00,12720.0,12770.0,12600.0,12740.0,265173.0
2024-07-11 00:00:00+09:00,12750.0,12930.0,12710.0,12840.0,359861.0
2024-07-12 00:00:00+09:00,12860.0,12990.0,12820.0,12950.0,313743.0
2024-07-15 00:00:00+09:00,12950.0,12980.0,12910.0,12970.0,146559.0
2024-07-16 00:00:00+09:00,12970.0,12990.0,12650.0,12780.0,312642.0
2024-07-17 00:00:00+09:00,12800.0,12810.0,12530.0,12570.0,570767.0
2024-07-18 00:00:00+09:00,12510.0,12590.0,12400.0,12530.0,232514.0
2024-07-19 00:00:00+09:00,12490.0,12520.0,12200.0,12220.0,752620.0
2024-07-22 00:00:00+09:00,12230.0,12300.0,12070.0,12120.0,321599.0
2024-07-23 00:00:00+09:00,12200.0,12280.0,11940.0,12150.0,608150.0
2024-07-24 00:00:00+09:00,12140.0,12170.0,12000.0,12050.0,256088.0
2024-07-25 00:00:00+09:00,11940.0,12120.0,11930.0,12060.0,287947.0
2024-07-26 00:00:00+09:00,12060.0,12090.0,11930.0,11970.0,317972.0
2024-07-29 00:00:00+09:00,12000.0,12120.0,11940.0,12090.0,171560.0
2024-07-30 00:00:00+09:00,12070.0,12130.0,11800.0,11840.0,325347.0
2024-07-31 00:00:00+09:00,11860.0,12050.0,11790.0,11800.0,603552.0
2024-08-01 00:00:00+09:00,11890.0,12110.0,11830.0,12070.0,293015.0
2024-08-02 00:00:00+09:00,11920.0,11990.0,11770.0,11810.0,407963.0
2024-08-05 00:00:00+09:00,11740.0,11740.0,10330.0,10470.0,1110426.0
2024-08-06 00:00:00+09:00,10450.0,11140.0,10450.0,11080.0,509498.0
2024-08-07 00:00:00+09:00,11040.0,11300.0,10910.0,11080.0,321276.0
2024-08-08 00:00:00+09:00,10910.0,11120.0,10870.0,11000.0,192421.0
2024-08-09 00:00:00+09:00,11170.0,11250.0,10770.0,10840.0,374362.0
2024-08-12 00:00:00+09:00,10840.0,11010.0,10770.0,10840.0,442123.0
2024-08-13 00:00:00+09:00,10820.0,10870.0,10600.0,10620.0,345376.0
2024-08-14 00:00:00+09:00,10700.0,10930.0,10650.0,10930.0,289018.0
2024-08-16 00:00:00+09:00,10980.0,11030.0,10810.0,10820.0,297009.0
2024-08-19 00:00:00+09:00,10850.0,10880.0,10710.0,10750.0,188205.0
2024-08-20 00:00:00+09:00,10760.0,10830.0,10760.0,10780.0,153346.0
2024-08-21 00:00:00+09:00,10800.0,10870.0,10740.0,10850.0,198802.0
2024-08-22 00:00:00+09:00,10900.0,11230.0,10880.0,11010.0,413637.0
2024-08-23 00:00:00+09:00,11010.0,11190.0,10960.0,11100.0,185961.0
2024-08-26 00:00:00+09:00,11210.0,11210.0,11000.0,11090.0,193336.0
2024-08-27 00:00:00+09:00,11100.0,11240.0,10990.0,11150.0,184844.0
2024-08-28 00:00:00+09:00,11170.0,11180.0,11010.0,11050.0,128820.0
2024-08-29 00:00:00+09:00,11000.0,11060.0,10910.0,11030.0,142993.0
2024-08-30 00:00:00+09:00,11030.0,11190.0,10960.0,11190.0,206463.0
2024-09-02 00:00:00+09:00,11230.0,11380.0,11070.0,11320.0,212527.0
2024-09-03 00:00:00+09:00,11380.0,11670.0,11330.0,11540.0,527284.0
2024-09-04 00:00:00+09:00,11280.0,11400.0,11180.0,11230.0,313798.0
2024-09-05 00:00:00+09:00,11380.0,12020.0,11310.0,11650.0,1162153.0
2024-09-06 00:00:00+09:00,11720.0,11800.0,11390.0,11490.0,413087.0
2024-09-09 00:00:00+09:00,11280.0,11600.0,11130.0,11500.0,229969.0
2024-09-10 00:00:00+09:00,11540.0,11600.0,11310.0,11320.0,209715.0
2024-09-11 00:00:00+09:00,11330.0,11440.0,11150.0,11180.0,205526.0
2024-09-12 00:00:00+09:00,11200.0,11450.0,11190.0,11320.0,288011.0
2024-09-13 00:00:00+09:00,11300.0,11490.0,11220.0,11460.0,210065.0
2024-09-19 00:00:00+09:00,11600.0,11620.0,11130.0,11140.0,461161.0
2024-09-20 00:00:00+09:00,11160.0,11180.0,10980.0,11040.0,429640.0
2024-09-23 00:00:00+09:00,11100.0,11100.0,10980.0,10980.0,135636.0
2024-09-24 00:00:00+09:00,10980.0,11110.0,10960.0,11100.0,172890.0
2024-09-25 00:00:00+09:00,11200.0,11560.0,11140.0,11170.0,880546.0
2024-09-26 00:00:00+09:00,11260.0,11400.0,11160.0,11380.0,395957.0
2024-09-27 00:00:00+09:00,11420.0,12130.0,11400.0,12050.0,1558820.0
2024-09-30 00:00:00+09:00,12230.0,12480.0,12050.0,12070.0,1130064.0
2024-10-02 00:00:00+09:00,11970.0,12100.0,11820.0,11890.0,355825.0
2024-10-04 00:00:00+09:00,11730.0,11780.0,11100.0,11260.0,1016495.0
2024-10-07 00:00:00+09:00,11400.0,11400.0,11200.0,11290.0,201849.0
2024-10-08 00:00:00+09:00,11390.0,11440.0,11010.0,11020.0,517015.0
2024-10-10 00:00:00+09:00,11040.0,11090.0,10850.0,10850.0,703945.0
2024-10-11 00:00:00+09:00,10810.0,10980.0,10810.0,10930.0,240891.0
2024-10-14 00:00:00+09:00,10940.0,10940.0,10590.0,10820.0,348719.0
2024-10-15 00:00:00+09:00,10820.0,10840.0,10530.0,10610.0,508653.0
2024-10-16 00:00:00+09:00,10530.0,10700.0,10350.0,10700.0,512414.0
2024-10-17 00:00:00+09:00,10620.0,10720.0,10520.0,10700.0,246369.0
2024-10-18 00:00:00+09:00,10690.0,10740.0,10530.0,10590.0,210489.0
2024-10-21 00:00:00+09:00,10510.0,10650.0,10510.0,10580.0,139890.0
2024-10-22 00:00:00+09:00,10500.0,10560.0,10340.0,10360.0,236485.0
2024-10-23 00:00:00+09:00,10370.0,10420.0,10290.0,10400.0,213027.0
2024-10-24 00:00:00+09:00,10350.0,10430.0,10280.0,10300.0,125417.0
2024-10-25 00:00:00+09:00,10310.0,10360.0,10050.0,10100.0,201556.0
2024-10-28 00:00:00+09:00,10050.0,10300.0,10050.0,10260.0,95656.0
2024-10-29 00:00:00+09:00,10260.0,10390.0,10220.0,10360.0,84131.0
2024-10-30 00:00:00+09:00,10360.0,10570.0,10200.0,10350.0,192846.0
2024-10-31 00:00:00+09:00,10350.0,10580.0,10240.0,10580.0,158776.0
2024-11-01 00:00:00+09:00,10540.0,10580.0,10400.0,10470.0,136240.0
2024-11-04 00:00:00+09:00,10540.0,10720.0,10500.0,10570.0,222418.0
2024-11-05 00:00:00+09:00,10570.0,10580.0,10410.0,10420.0,133799.0
2024-11-06 00:00:00+09:00,10440.0,10480.0,10190.0,10230.0,205703.0
2024-11-07 00:00:00+09:00,10230.0,10260.0,10130.0,10200.0,121562.0
2024-11-08 00:00:00+09:00,10240.0,10260.0,10160.0,10180.0,154872.0
2024-11-11 00:00:00+09:00,10180.0,10200.0,9830.0,9830.0,521622.0
2024-11-12 00:00:00+09:00,9830.0,9860.0,9320.0,9460.0,652854.0
2024-11-13 00:00:00+09:00,9290.0,9450.0,9160.0,9170.0,342326.0
2024-11-14 00:00:00+09:00,9170.0,9310.0,9020.0,9020.0,298110.0
2024-11-15 00:00:00+09:00,9020.0,9370.0,9000.0,9340.0,252490.0
2024-11-18 00:00:00+09:00,9250.0,9590.0,9250.0,9490.0,217977.0
2024-11-19 00:00:00+09:00,9500.0,9610.0,9460.0,9600.0,99983.0
2024-11-20 00:00:00+09:00,9620.0,9720.0,9550.0,9670.0,115278.0
2024-11-21 00:00:00+09:00,9650.0,9710.0,9570.0,9710.0,90485.0
2024-11-22 00:00:00+09:00,9730.0,9760.0,9660.0,9720.0,103863.0
2024-11-25 00:00:00+09:00,9730.0,10000.0,9720.0,10000.0,180294.0
2024-11-26 00:00:00+09:00,9990.0,10070.0,9900.0,10030.0,134190.0
2024-11-27 00:00:00+09:00,10040.0,10070.0,9940.0,10030.0,201727.0
2024-11-28 00:00:00+09:00,10000.0,10050.0,9960.0,10050.0,124183.0
2024-11-29 00:00:00+09:00,10050.0,10050.0,9840.0,10050.0,234210.0
2024-12-02 00:00:00+09:00,10080.0,10300.0,10020.0,10280.0,229058.0
2024-12-03 00:00:00+09:00,10280.0,10480.0,10250.0,10460.0,222993.0
2024-12-04 00:00:00+09:00,10210.0,10340.0,9990.0,10040.0,327167.0
2024-12-05 00:00:00+09:00,10040.0,10140.0,9900.0,9990.0,140208.0
2024-12-06 00:00:00+09:00,9990.0,10000.0,9460.0,9960.0,208303.0
2024-12-09 00:00:00+09:00,9750.0,9790.0,9230.0,9410.0,200463.0
2024-12-10 00:00:00+09:00,9410.0,9870.0,9410.0,9850.0,144179.0
2024-12-11 00:00:00+09:00,9850.0,10010.0,9810.0,9970.0,91184.0
2024-12-12 00:00:00+09:00,9970.0,10060.0,9890.0,9980.0,148740.0
2024-12-13 00:00:00+09:00,9980.0,10180.0,9960.0,10030.0,129314.0
2024-12-16 00:00:00+09:00,10130.0,10200.0,10080.0,10150.0,108176.0
2024-12-17 00:00:00+09:00,10150.0,10160.0,10020.0,10050.0,80579.0
2024-12-18 00:00:00+09:00,10100.0,10100.0,9950.0,10000.0,113434.0
2024-12-19 00:00:00+09:00,9860.0,9920.0,9800.0,9810.0,105995.0
2024-12-20 00:00:00+09:00,9810.0,9870.0,9650.0,9680.0,159454.0
2024-12-23 00:00:00+09:00,9690.0,9810.0,9650.0,9730.0,151707.0
2024-12-24 00:00:00+09:00,9800.0,9900.0,9750.0,9780.0,98487.0
2024-12-26 00:00:00+09:00,9830.0,9890.0,9720.0,9730.0,142844.0
2024-12-27 00:00:00+09:00,9730.0,9790.0,9550.0,9590.0,103687.0
2024-12-30 00:00:00+09:00,9560.0,9750.0,9500.0,9600.0,100761.0
2025-01-02 00:00:00+09:00,9610.0,9740.0,9610.0,9670.0,74608.0
2025-01-03 00:00:00+09:00,9670.0,9980.0,9670.0,9800.0,164118.0
2025-01-06 00:00:00+09:00,9800.0,10060.0,9800.0,10000.0,236773.0
2025-01-07 00:00:00+09:00,10090.0,10150.0,9880.0,9930.0,148812.0
2025-01-08 00:00:00+09:00,9900.0,10070.0,9900.0,9940.0,106194.0
2025-01-09 00:00:00+09:00,10000.0,10010.0,9850.0,9860.0,122008.0
2025-01-10 00:00:00+09:00,9960.0,10020.0,9600.0,9980.0,138153.0
2025-01-13 00:00:00+09:00,9980.0,10070.0,9860.0,9920.0,97867.0
2025-01-14 00:00:00+09:00,9940.0,10040.0,9890.0,9980.0,88771.0
2025-01-15 00:00:00+09:00,10040.0,10240.0,10040.0,10120.0,330290.0
2025-01-16 00:00:00+09:00,10210.0,10210.0,9960.0,9960.0,230910.0
2025-01-17 00:00:00+09:00,10000.0,10190.0,9960.0,10170.0,254932.0
2025-01-20 00:00:00+09:00,10190.0,10240.0,10050.0,10090.0,167367.0
2025-01-21 00:00:00+09:00,10110.0,10190.0,10000.0,10030.0,131471.0
2025-01-22 00:00:00+09:00,10010.0,10090.0,9990.0,9990.0,126347.0
2025-01-23 00:00:00+09:00,10040.0,10040.0,9940.0,9950.0,93264.0
2025-01-24 00:00:00+09:00,9950.0,10080.0,9950.0,9980.0,119134.0
2025-01-31 00:00:00+09:00,9980.0,10000.0,9850.0,9910.0,161842.0
2025-02-03 00:00:00+09:00,9870.0,9870.0,9650.0,9730.0,139121.0
2025-02-04 00:00:00+09:00,9730.0,10010.0,9730.0,9970.0,124299.0
2025-02-05 00:00:00+09:00,9960.0,10080.0,9910.0,9910.0,150894.0
2025-02-06 00:00:00+09:00,9930.0,9990.0,9890.0,9920.0,113761.0
2025-02-07 00:00:00+09:00,9930.0,9980.0,9870.0,9920.0,160539.0
2025-02-10 00:00:00+09:00,9940.0,10060.0,9910.0,10000.0,155980.0
2025-02-11 00:00:00+09:00,10040.0,10200.0,9980.0,9990.0,244030.0
2025-02-12 00:00:00+09:00,10070.0,10280.0,10050.0,10280.0,415688.0
2025-02-13 00:00:00+09:00,10390.0,10390.0,10200.0,10240.0,353615.0
2025-02-14 00:00:00+09:00,10300.0,10400.0,10250.0,10350.0,255940.0
2025-02-17 00:00:00+09:00,10400.0,10490.0,10350.0,10470.0,357668.0
2025-02-18 00:00:00+09:00,10500.0,10520.0,10290.0,10430.0,251370.0
2025-02-19 00:00:00+09:00,10420.0,10430.0,10210.0,10410.0,286355.0
2025-02-20 00:00:00+09:00,10580.0,11120.0,10560.0,10840.0,1310642.0
2025-02-21 00:00:00+09:00,10840.0,10930.0,10730.0,10860.0,368223.0
2025-02-24 00:00:00+09:00,10720.0,10830.0,10650.0,10740.0,262991.0
2025-02-25 00:00:00+09:00,10720.0,11330.0,10650.0,11300.0,970215.0
2025-02-26 00:00:00+09:00,11300.0,11310.0,11050.0,11170.0,439774.0
2025-02-27 00:00:00+09:00,11170.0,11340.0,11070.0,11230.0,294862.0
2025-02-28 00:00:00+09:00,11150.0,11290.0,10900.0,10910.0,430761.0
2025-03-04 00:00:00+09:00,10840.0,11060.0,10670.0,10720.0,301158.0
2025-03-05 00:00:00+09:00,10710.0,10890.0,10550.0,10690.0,258492.0
2025-03-06 00:00:00+09:00,10790.0,10840.0,10610.0,10650.0,211427.0
2025-03-07 00:00:00+09:00,10750.0,11130.0,10550.0,11010.0,432102.0
2025-03-10 00:00:00+09:00,11110.0,11110.0,10910.0,10980.0,174285.0
2025-03-11 00:00:00+09:00,10780.0,11130.0,10720.0,11060.0,212639.0
2025-03-12 00:00:00+09:00,11060.0,11140.0,10980.0,11020.0,174099.0
2025-03-13 00:00:00+09:00,11090.0,11090.0,10050.0,10300.0,818554.0
2025-03-14 00:00:00+09:00,10230.0,10360.0,10100.0,10320.0,345083.0
2025-03-17 00:00:00+09:00,10400.0,10540.0,10330.0,10520.0,195241.0
2025-03-18 00:00:00+09:00,10540.0,10580.0,10470.0,10560.0,136215.0
2025-03-19 00:00:00+09:00,10580.0,10770.0,10520.0,10620.0,152296.0
2025-03-20 00:00:00+09:00,10620.0,10700.0,10510.0,10550.0,176649.0
2025-03-21 00:00:00+09:00,10680.0,11080.0,10650.0,10790.0,1058520.0
2025-03-24 00:00:00+09:00,10870.0,10980.0,10700.0,10710.0,365736.0
2025-03-25 00:00:00+09:00,10770.0,10840.0,10570.0,10760.0,258852.0
2025-03-26 00:00:00+09:00,10750.0,10930.0,10680.0,10840.0,225241.0
2025-03-27 00:00:00+09:00,10840.0,10920.0,10600.0,10850.0,174075.0
2025-03-28 00:00:00+09:00,10930.0,11000.0,10720.0,11000.0,294226.0
2025-03-31 00:00:00+09:00,11000.0,11040.0,10730.0,10930.0,287737.0
2025-04-01 00:00:00+09:00,10970.0,11200.0,10960.0,11150.0,284806.0
2025-04-02 00:00:00+09:00,11200.0,11210.0,10820.0,10830.0,221219.0
2025-04-03 00:00:00+09:00,10690.0,11160.0,10630.0,11070.0,259079.0
2025-04-04 00:00:00+09:00,10900.0,11570.0,10900.0,11570.0,719525.0
2025-04-07 00:00:00+09:00,11390.0,11450.0,11010.0,11120.0,482447.0
2025-04-08 00:00:00+09:00,11230.0,11640.0,11160.0,11560.0,461603.0
2025-04-09 00:00:00+09:00,11480.0,11540.0,11120.0,11210.0,293151.0
2025-04-10 00:00:00+09:00,11590.0,11610.0,11320.0,11420.0,267575.0
2025-04-11 00:00:00+09:00,11380.0,11620.0,11300.0,11530.0,260180.0
2025-04-14 00:00:00+09:00,11580.0,11700.0,11450.0,11640.0,267685.0
2025-04-15 00:00:00+09:00,11680.0,12100.0,11610.0,12000.0,548693.0
2025-04-16 00:00:00+09:00,11990.0,12200.0,11950.0,12030.0,368285.0
2025-04-17 00:00:00+09:00,12140.0,12410.0,11940.0,12180.0,468739.0
2025-04-18 00:00:00+09:00,12200.0,12320.0,12080.0,12140.0,301656.0
2025-04-21 00:00:00+09:00,12230.0,12390.0,12100.0,12260.0,303330.0
2025-04-22 00:00:00+09:00,12180.0,12400.0,12160.0,12260.0,293694.0
2025-04-23 00:00:00+09:00,12330.0,12350.0,12000.0,12270.0,321931.0
2025-04-24 00:00:00+09:00,12220.0,12220.0,11910.0,12010.0,222746.0
2025-04-25 00:00:00+09:00,11960.0,12060.0,11720.0,12030.0,248287.0
2025-04-28 00:00:00+09:00,12050.0,12340.0,11980.0,12260.0,365125.0
2025-04-29 00:00:00+09:00,12300.0,12370.0,12160.0,12330.0,236351.0
2025-04-30 00:00:00+09:00,12310.0,12530.0,12280.0,12350.0,247818.0
2025-05-02 00:00:00+09:00,12380.0,12380.0,12220.0,12360.0,128299.0
2025-05-07 00:00:00+09:00,12200.0,12400.0,12040.0,12380.0,192638.0
2025-05-08 00:00:00+09:00,12350.0,12420.0,12290.0,12400.0,97574.0
2025-05-09 00:00:00+09:00,12410.0,12490.0,12350.0,12480.0,186974.0
2025-05-12 00:00:00+09:00,12470.0,12500.0,12310.0,12490.0,181092.0
2025-05-13 00:00:00+09:00,12570.0,12800.0,12420.0,12740.0,319886.0
2025-05-14 00:00:00+09:00,12750.0,12980.0,12750.0,12900.0,357710.0
2025-05-15 00:00:00+09:00,12900.0,13190.0,12810.0,13070.0,391351.0
2025-05-16 00:00:00+09:00,13130.0,13230.0,13000.0,13190.0,366520.0
2025-05-19 00:00:00+09:00,13080.0,13520.0,13060.0,13350.0,366912.0
2025-05-20 00:00:00+09:00,13400.0,13550.0,13070.0,13550.0,349672.0
2025-05-21 00:00:00+09:00,13540.0,13700.0,13320.0,13450.0,313066.0
2025-05-22 00:00:00+09:00,13360.0,13810.0,13300.0,13550.0,391138.0
2025-05-23 00:00:00+09:00,13410.0,13580.0,13210.0,13230.0,396257.0
2025-05-26 00:00:00+09:00,13200.0,13300.0,12860.0,13120.0,542352.0
2025-05-27 00:00:00+09:00,13150.0,13380.0,13130.0,13280.0,219080.0
2025-05-28 00:00:00+09:00,13340.0,13490.0,12970.0,13010.0,349612.0
2025-05-29 00:00:00+09:00,13030.0,13100.0,12590.0,12640.0,745445.0
2025-05-30 00:00:00+09:00,12650.0,12730.0,12430.0,12550.0,399970.0
2025-06-02 00:00:00+09:00,12550.0,12990.0,12410.0,12810.0,595984.0
2025-06-04 00:00:00+09:00,13020.0,13430.0,12970.0,13210.0,572714.0
2025-06-05 00:00:00+09:00,13110.0,13570.0,12980.0,13480.0,659915.0
2025-06-09 00:00:00+09:00,13640.0,14040.0,13600.0,13890.0,845671.0
2025-06-10 00:00:00+09:00,13850.0,13930.0,13620.0,13880.0,318347.0
2025-06-11 00:00:00+09:00,14000.0,14010.0,13680.0,13850.0,246319.0
2025-06-12 00:00:00+09:00,13900.0,14300.0,13880.0,14000.0,415078.0
2025-06-13 00:00:00+09:00,14050.0,14190.0,13450.0,13590.0,368799.0
2025-06-16 00:00:00+09:00,13600.0,13860.0,13500.0,13720.0,289590.0
2025-06-17 00:00:00+09:00,13830.0,13940.0,13430.0,13650.0,432638.0
2025-06-18 00:00:00+09:00,13730.0,14220.0,13650.0,14110.0,895503.0
2025-06-19 00:00:00+09:00,14420.0,14680.0,14320.0,14630.0,1475135.0
2025-06-20 00:00:00+09:00,14590.0,14590.0,14260.0,14540.0,579539.0
2025-06-23 00:00:00+09:00,14270.0,14550.0,14060.0,14540.0,525403.0
2025-06-24 00:00:00+09:00,14650.0,15000.0,14330.0,14860.0,639303.0
2025-06-25 00:00:00+09:00,14890.0,15040.0,14730.0,14950.0,504436.0
2025-06-26 00:00:00+09:00,15080.0,15080.0,14550.0,14970.0,356744.0
2025-06-27 00:00:00+09:00,14930.0,15020.0,14600.0,15000.0,339001.0
2025-06-30 00:00:00+09:00,15000.0,15370.0,15000.0,15270.0,399964.0
2025-07-01 00:00:00+09:00,15310.0,15330.0,14590.0,14660.0,756330.0
2025-07-02 00:00:00+09:00,14800.0,15230.0,14660.0,15090.0,434059.0
2025-07-03 00:00:00+09:00,15380.0,16330.0,15250.0,15560.0,1943326.0
2025-07-04 00:00:00+09:00,15560.0,16210.0,15310.0,16020.0,1540664.0
2025-07-07 00:00:00+09:00,16200.0,16940.0,16130.0,16790.0,1704754.0
2025-07-08 00:00:00+09:00,16570.0,17810.0,16560.0,17780.0,1961269.0
2025-07-09 00:00:00+09:00,17800.0,18120.0,17450.0,18000.0,1101329.0
2025-07-10 00:00:00+09:00,17970.0,18680.0,17760.0,18400.0,1187194.0
2025-07-11 00:00:00+09:00,18460.0,18950.0,17980.0,18780.0,1250996.0
2025-07-14 00:00:00+09:00,18940.0,18950.0,18340.0,18590.0,757940.0
2025-07-15 00:00:00+09:00,18480.0,18940.0,18350.0,18690.0,634117.0
2025-07-16 00:00:00+09:00,18900.0,19250.0,18570.0,18580.0,852631.0
2025-07-17 00:00:00+09:00,18500.0,18950.0,18300.0,18950.0,873150.0
2025-07-18 00:00:00+09:00,19100.0,19710.0,18600.0,19050.0,1230226.0
2025-07-21 00:00:00+09:00,19100.0,19480.0,18900.0,19320.0,778158.0
2025-07-22 00:00:00+09:00,19420.0,19930.0,18950.0,19500.0,1185980.0
2025-07-23 00:00:00+09:00,19720.0,19790.0,18750.0,19500.0,888631.0
2025-07-24 00:00:00+09:00,19490.0,19570.0,18950.0,19190.0,709610.0
2025-07-25 00:00:00+09:00,19110.0,19450.0,18150.0,18470.0,1205496.0
2025-07-28 00:00:00+09:00,18450.0,18870.0,18190.0,18420.0,994423.0
2025-07-29 00:00:00+09:00,18180.0,18210.0,17350.0,17830.0,1334091.0
2025-07-30 00:00:00+09:00,17820.0,17820.0,17090.0,17470.0,1572244.0
2025-07-31 00:00:00+09:00,17550.0,18240.0,17480.0,18110.0,1017660.0
2025-08-01 00:00:00+09:00,17900.0,17900.0,17460.0,17720.0,616450.0
2025-08-04 00:00:00+09:00,17700.0,18620.0,17700.0,18220.0,876860.0
2025-08-05 00:00:00+09:00,18350.0,18670.0,17940.0,18320.0,671963.0
2025-08-06 00:00:00+09:00,18320.0,18900.0,18260.0,18850.0,1127463.0
2025-08-07 00:00:00+09:00,19300.0,19670.0,19000.0,19500.0,1527534.0
2025-08-08 00:00:00+09:00,19750.0,22600.0,19690.0,21650.0,5778587.0
2025-08-11 00:00:00+09:00,21550.0,21750.0,21250.0,21550.0,926941.0
2025-08-12 00:00:00+09:00,21450.0,21850.0,21100.0,21550.0,736964.0
2025-08-13 00:00:00+09:00,21500.0,21950.0,20350.0,21400.0,1064823.0
2025-08-14 00:00:00+09:00,21250.0,21450.0,20500.0,20500.0,828591.0
2025-08-18 00:00:00+09:00,20300.0,21000.0,20300.0,20650.0,985535.0
2025-08-19 00:00:00+09:00,20150.0,20550.0,19520.0,20300.0,1304056.0
2025-08-20 00:00:00+09:00,20000.0,20950.0,19860.0,20750.0,1016729.0
2025-08-21 00:00:00+09:00,21000.0,21300.0,20550.0,20800.0,687958.0
2025-08-22 00:00:00+09:00,20950.0,21000.0,20450.0,20600.0,431744.0
2025-08-25 00:00:00+09:00,20600.0,20900.0,20350.0,20550.0,427954.0
2025-08-26 00:00:00+09:00,20650.0,21550.0,20600.0,20850.0,1532311.0
2025-08-27 00:00:00+09:00,21200.0,21525.0,20250.0,20500.0,967379.0
2025-08-28 00:00:00+09:00,20100.0,20550.0,20000.0,20400.0,453326.0
2025-08-29 00:00:00+09:00,20450.0,21150.0,20250.0,21000.0,706036.0
2025-09-01 00:00:00+09:00,21000.0,21200.0,20500.0,20650.0,634504.0
2025-09-02 00:00:00+09:00,20600.0,21100.0,19470.0,19470.0,1620243.0
2025-09-03 00:00:00+09:00,19600.0,21200.0,19600.0,21100.0,2299116.0
2025-09-04 00:00:00+09:00,21250.0,21800.0,20800.0,21150.0,1480640.0
2025-09-05 00:00:00+09:00,21300.0,21500.0,20600.0,20700.0,675545.0
2025-09-08 00:00:00+09:00,20900.0,21650.0,20500.0,21650.0,1097208.0
2025-09-09 00:00:00+09:00,21750.0,21900.0,21100.0,21450.0,875082.0
2025-09-10 00:00:00+09:00,21550.0,22100.0,21150.0,21550.0,1047433.0
2025-09-11 00:00:00+09:00,21750.0,21750.0,21200.0,21350.0,735849.0
2025-09-12 00:00:00+09:00,21550.0,21950.0,21200.0,21400.0,890415.0
2025-09-15 00:00:00+09:00,21450.0,21500.0,20150.0,21050.0,2776622.0
2025-09-16 00:00:00+09:00,21050.0,21400.0,20450.0,21300.0,963767.0
2025-09-17 00:00:00+09:00,21300.0,23400.0,21250.0,22650.0,6070820.0
2025-09-18 00:00:00+09:00,22750.0,22800.0,21700.0,22700.0,3543229.0
2025-09-19 00:00:00+09:00,22700.0,22975.0,22150.0,22900.0,1578555.0
2025-09-22 00:00:00+09:00,22900.0,23250.0,22300.0,22500.0,1210863.0
2025-09-23 00:00:00+09:00,22350.0,24000.0,22250.0,23650.0,2950724.0
2025-09-24 00:00:00+09:00,23900.0,23900.0,21950.0,22200.0,3232536.0
2025-09-25 00:00:00+09:00,22300.0,22500.0,21100.0,21350.0,1359427.0
2025-09-26 00:00:00+09:00,21450.0,21600.0,20950.0,21150.0,878527.0
2025-09-29 00:00:00+09:00,21350.0,22100.0,20600.0,20900.0,1541366.0
2025-09-30 00:00:00+09:00,21000.0,21350.0,20700.0,21100.0,819066.0
2025-10-01 00:00:00+09:00,21150.0,21300.0,20550.0,20950.0,904188.0
2025-10-02 00:00:00+09:00,21150.0,21450.0,20650.0,21350.0,1260007.0
2025-10-10 00:00:00+09:00,20500.0,20650.0,18860.0,19800.0,4276681.0
2025-10-13 00:00:00+09:00,19210.0,19910.0,19100.0,19260.0,1302677.0
2025-10-14 00:00:00+09:00,19100.0,19290.0,18530.0,18850.0,1748651.0
2025-10-15 00:00:00+09:00,18850.0,19440.0,18430.0,19210.0,1320878.0
2025-10-16 00:00:00+09:00,19210.0,19460.0,18880.0,18880.0,746415.0
2025-10-17 00:00:00+09:00,18880.0,19550.0,18790.0,18850.0,972534.0
2025-10-20 00:00:00+09:00,18880.0,19580.0,18500.0,19480.0,1065961.0
2025-10-21 00:00:00+09:00,19510.0,19870.0,19090.0,19230.0,968168.0
2025-10-22 00:00:00+09:00,19230.0,19410.0,19040.0,19210.0,635822.0
2025-10-23 00:00:00+09:00,19190.0,19240.0,18780.0,18860.0,891167.0
2025-10-24 00:00:00+09:00,19000.0,19060.0,18660.0,18870.0,710686.0
2025-10-27 00:00:00+09:00,18860.0,19100.0,18570.0,18990.0,921540.0
2025-10-28 00:00:00+09:00,19090.0,19300.0,18780.0,19180.0,797022.0
2025-10-29 00:00:00+09:00,19230.0,19240.0,18540.0,18730.0,854440.0
2025-10-30 00:00:00+09:00,18660.0,18820.0,18350.0,18490.0,740718.0
2025-10-31 00:00:00+09:00,18410.0,18850.0,18200.0,18490.0,832230.0
2025-11-03 00:00:00+09:00,18620.0,19070.0,18170.0,18380.0,1397951.0
2025-11-04 00:00:00+09:00,18390.0,18820.0,18090.0,18750.0,1381669.0
2025-11-05 00:00:00+09:00,18810.0,18900.0,17000.0,17060.0,2056396.0
2025-11-06 00:00:00+09:00,17230.0,17610.0,16940.0,17340.0,1555884.0
2025-11-07 00:00:00+09:00,17150.0,17430.0,16560.0,16800.0,1339766.0
2025-11-10 00:00:00+09:00,16870.0,17290.0,16750.0,17190.0,802049.0
2025-11-11 00:00:00+09:00,16700.0,16700.0,14110.0,14600.0,7825506.0
2025-11-12 00:00:00+09:00,14610.0,15040.0,14550.0,15010.0,1767249.0
2025-11-13 00:00:00+09:00,14980.0,15470.0,14950.0,15040.0,1557207.0
2025-11-14 00:00:00+09:00,14950.0,15320.0,14790.0,14910.0,912470.0
2025-11-17 00:00:00+09:00,15350.0,15940.0,15250.0,15650.0,2616621.0
2025-11-18 00:00:00+09:00,15710.0,16260.0,15590.0,16100.0,2606179.0
2025-11-19 00:00:00+09:00,16530.0,16790.0,15930.0,16190.0,1845188.0
2025-11-20 00:00:00+09:00,16200.0,18700.0,16000.0,18400.0,5088024.0
2025-11-21 00:00:00+09:00,18170.0,18890.0,18070.0,18090.0,2643715.0
2025-11-24 00:00:00+09:00,18360.0,18600.0,17300.0,17300.0,1730832.0
2025-11-25 00:00:00+09:00,17330.0,17550.0,16670.0,16730.0,1525839.0
2025-11-26 00:00:00+09:00,16780.0,16940.0,16580.0,16870.0,1278706.0
2025-11-27 00:00:00+09:00,16750.0,16990.0,16350.0,16540.0,1154041.0
2025-11-28 00:00:00+09:00,16630.0,17070.0,16410.0,17050.0,839205.0
2025-12-01 00:00:00+09:00,17180.0,18590.0,17110.0,18040.0,1925557.0
2025-12-02 00:00:00+09:00,18290.0,18700.0,17950.0,18210.0,1110365.0
2025-12-03 00:00:00+09:00,18360.0,18760.0,17880.0,17990.0,1422485.0
2025-12-04 00:00:00+09:00,18000.0,18070.0,17260.0,17440.0,1232934.0
2025-12-05 00:00:00+09:00,17440.0,17570.0,17120.0,17460.0,666197.0
2025-12-08 00:00:00+09:00,17480.0,17930.0,17350.0,17650.0,730358.0
2025-12-09 00:00:00+09:00,17750.0,18460.0,17680.0,18040.0,1072279.0
2025-12-10 00:00:00+09:00,18050.0,18050.0,17690.0,17690.0,449258.0
2025-12-11 00:00:00+09:00,17790.0,18170.0,17570.0,17900.0,2221560.0
2025-12-12 00:00:00+09:00,18120.0,18550.0,17670.0,18090.0,1217282.0
2025-12-15 00:00:00+09:00,17890.0,18190.0,17580.0,18000.0,666022.0
2025-12-16 00:00:00+09:00,17840.0,18000.0,17400.0,17480.0,657153.0
2025-12-17 00:00:00+09:00,16590.0,16880.0,15570.0,16260.0,2842431.0
2025-12-18 00:00:00+09:00,16200.0,16570.0,16020.0,16520.0,737989.0
2025-12-19 00:00:00+09:00,16720.0,16890.0,16560.0,16770.0,423207.0
2025-12-22 00:00:00+09:00,16780.0,16990.0,16650.0,16980.0,500050.0
2025-12-23 00:00:00+09:00,16980.0,17030.0,16320.0,16400.0,921472.0
2025-12-24 00:00:00+09:00,16500.0,16600.0,16300.0,16430.0,408237.0
2025-12-26 00:00:00+09:00,16440.0,16450.0,16110.0,16160.0,560243.0
2025-12-29 00:00:00+09:00,16010.0,16370.0,15910.0,16360.0,389260.0
2025-12-30 00:00:00+09:00,16310.0,16590.0,16150.0,16550.0,515479.0
2026-01-02 00:00:00+09:00,16720.0,16950.0,16370.0,16660.0,368777.0
2026-01-05 00:00:00+09:00,16890.0,16890.0,16250.0,16440.0,571872.0
2026-01-06 00:00:00+09:00,16540.0,16540.0,15830.0,15900.0,589006.0
2026-01-07 00:00:00+09:00,15850.0,15890.0,15390.0,15550.0,554584.0
2026-01-08 00:00:00+09:00,15580.0,15950.0,15360.0,15800.0,550355.0
2026-01-09 00:00:00+09:00,15900.0,16750.0,15810.0,16590.0,730790.0
2026-01-12 00:00:00+09:00,16600.0,17050.0,16230.0,16690.0,592648.0
2026-01-13 00:00:00+09:00,16950.0,17020.0,16560.0,17010.0,542425.0
2026-01-14 00:00:00+09:00,16970.0,17170.0,16820.0,16920.0,357098.0
2026-01-15 00:00:00+09:00,16920.0,17320.0,16920.0,17080.0,408308.0
2026-01-16 00:00:00+09:00,17200.0,17200.0,16660.0,16780.0,452708.0
2026-01-19 00:00:00+09:00,16760.0,17020.0,16520.0,16880.0,457004.0
2026-01-20 00:00:00+09:00,16800.0,17560.0,16800.0,17420.0,636624.0
2026-01-21 00:00:00+09:00,17280.0,17390.0,16900.0,17140.0,389702.0
2026-01-22 00:00:00+09:00,17090.0,17540.0,16910.0,17230.0,428384.0
2026-01-23 00:00:00+09:00,17550.0,17550.0,16960.0,17140.0,407920.0
2026-01-26 00:00:00+09:00,17090.0,17300.0,16790.0,16910.0,479268.0
2026-01-27 00:00:00+09:00,16920.0,17170.0,16400.0,16570.0,649333.0
2026-01-28 00:00:00+09:00,16720.0,17270.0,16640.0,16960.0,712909.0
2026-01-29 00:00:00+09:00,16960.0,17830.0,16650.0,17710.0,1160267.0
2026-01-30 00:00:00+09:00,17730.0,18400.0,17230.0,17740.0,1180798.0
2026-02-02 00:00:00+09:00,17900.0,18100.0,17080.0,17420.0,894106.0
2026-02-03 00:00:00+09:00,17890.0,18580.0,17730.0,18550.0,1443042.0
2026-02-04 00:00:00+09:00,19010.0,20500.0,18940.0,20050.0,2303204.0
2026-02-05 00:00:00+09:00,20250.0,21850.0,19800.0,20750.0,2602773.0
2026-02-06 00:00:00+09:00,20550.0,20650.0,19850.0,20350.0,1056129.0
2026-02-09 00:00:00+09:00,20400.0,21400.0,19900.0,20900.0,1475551.0
2026-02-10 00:00:00+09:00,20750.0,21600.0,20550.0,21250.0,872603.0
2026-02-11 00:00:00+09:00,21200.0,21500.0,20750.0,21400.0,1013851.0
2026-02-12 00:00:00+09:00,21450.0,21500.0,20250.0,20750.0,1265989.0
2026-02-13 00:00:00+09:00,20700.0,20850.0,20100.0,20500.0,617454.0
2026-02-19 00:00:00+09:00,20400.0,20500.0,19540.0,20150.0,986614.0
2026-02-20 00:00:00+09:00,20100.0,20800.0,20050.0,20400.0,664027.0
2026-02-23 00:00:00+09:00,20300.0,20850.0,19900.0,20500.0,628105.0
2026-02-24 00:00:00+09:00,20550.0,20600.0,19980.0,19990.0,515778.0
2026-02-25 00:00:00+09:00,20050.0,20050.0,18900.0,19620.0,1119378.0
2026-02-26 00:00:00+09:00,19570.0,19800.0,19350.0,19510.0,695729.0
2026-02-27 00:00:00+09:00,19510.0,20300.0,19430.0,19950.0,736773.0
2026-03-03 00:00:00+09:00,19520.0,19550.0,18300.0,18600.0,733204.0
2026-03-04 00:00:00+09:00,17600.0,17850.0,15500.0,16100.0,1141688.0
2026-03-05 00:00:00+09:00,17130.0,17560.0,16910.0,17090.0,761486.0
2026-03-06 00:00:00+09:00,16660.0,17300.0,16560.0,16960.0,507255.0
2026-03-09 00:00:00+09:00,15830.0,16090.0,15580.0,15900.0,532427.0
2026-03-10 00:00:00+09:00,16700.0,16700.0,16110.0,16240.0,456253.0
2026-03-11 00:00:00+09:00,16400.0,17480.0,16380.0,17070.0,596693.0
2026-03-12 00:00:00+09:00,17060.0,17470.0,16810.0,17020.0,251113.0
2026-03-13 00:00:00+09:00,16380.0,17040.0,16380.0,16750.0,408837.0
2026-03-16 00:00:00+09:00,16950.0,17840.0,16810.0,17100.0,397136.0
2026-03-17 00:00:00+09:00,17320.0,18340.0,17260.0,18070.0,708279.0
2026-03-18 00:00:00+09:00,18190.0,18200.0,17790.0,17960.0,480816.0
2026-03-19 00:00:00+09:00,17760.0,19340.0,17620.0,18890.0,1220362.0
2026-03-20 00:00:00+09:00,18870.0,19190.0,18190.0,18190.0,692119.0
2026-03-23 00:00:00+09:00,17600.0,17600.0,16650.0,16700.0,551339.0
2026-03-24 00:00:00+09:00,17250.0,18030.0,17130.0,17910.0,802875.0
2026-03-25 00:00:00+09:00,17910.0,17990.0,16860.0,16970.0,882601.0
2026-03-26 00:00:00+09:00,17130.0,17450.0,16930.0,16990.0,547301.0
2026-03-27 00:00:00+09:00,16800.0,17840.0,16730.0,17830.0,767003.0
2026-03-30 00:00:00+09:00,17130.0,17180.0,16300.0,16500.0,802875.0
2026-03-31 00:00:00+09:00,16290.0,16690.0,15850.0,16100.0,805054.0
2026-04-01 00:00:00+09:00,16690.0,17040.0,16520.0,16900.0,416149.0
2026-04-02 00:00:00+09:00,17140.0,17290.0,16440.0,16490.0,585576.0
2026-04-03 00:00:00+09:00,15700.0,15980.0,14850.0,15020.0,1936639.0
2026-04-06 00:00:00+09:00,14900.0,15290.0,14740.0,14810.0,677168.0
2026-04-07 00:00:00+09:00,14870.0,15480.0,14400.0,14600.0,745976.0
2026-04-08 00:00:00+09:00,15130.0,15320.0,14740.0,14850.0,950301.0
2026-04-09 00:00:00+09:00,14930.0,15050.0,14750.0,14820.0,568785.0
2026-04-10 00:00:00+09:00,14920.0,15290.0,14920.0,15170.0,544380.0
2026-04-13 00:00:00+09:00,15020.0,15180.0,14870.0,15160.0,313317.0
2026-04-14 00:00:00+09:00,15340.0,15450.0,15090.0,15400.0,750685.0
2026-04-15 00:00:00+09:00,15720.0,15780.0,15300.0,15400.0,723399.0
2026-04-16 00:00:00+09:00,15570.0,16000.0,15560.0,15920.0,569392.0
2026-04-17 00:00:00+09:00,16180.0,16180.0,15650.0,15710.0,555927.0
2026-04-20 00:00:00+09:00,15630.0,15630.0,15410.0,15460.0,426422.0
2026-04-21 00:00:00+09:00,15560.0,15620.0,15210.0,15350.0,650772.0
2026-04-22 00:00:00+09:00,15300.0,15590.0,15210.0,15380.0,598390.0
2026-04-23 00:00:00+09:00,15570.0,15600.0,15100.0,15290.0,553510.0
2026-04-24 00:00:00+09:00,15260.0,15950.0,15210.0,15860.0,894488.0
2026-04-27 00:00:00+09:00,16250.0,16680.0,16000.0,16080.0,1178803.0
2026-04-28 00:00:00+09:00,16080.0,16470.0,15930.0,16090.0,711994.0
2026-04-29 00:00:00+09:00,16230.0,16440.0,15850.0,16140.0,529698.0
2026-04-30 00:00:00+09:00,16110.0,16130.0,15800.0,15850.0,314976.0
2026-05-04 00:00:00+09:00,16060.0,16200.0,15820.0,15850.0,532100.0
2026-05-06 00:00:00+09:00,15830.0,15860.0,15210.0,15420.0,640638.0
2026-05-07 00:00:00+09:00,15660.0,16610.0,15570.0,16000.0,1295545.0
2026-05-08 00:00:00+09:00,16020.0,16160.0,15600.0,15810.0,539903.0
2026-05-11 00:00:00+09:00,15790.0,15790.0,15130.0,15240.0,595531.0
2026-05-12 00:00:00+09:00,15280.0,15280.0,14570.0,14810.0,547085.0
2026-05-13 00:00:00+09:00,14840.0,15200.0,14670.0,14990.0,647243.0
2026-05-14 00:00:00+09:00,14970.0,15980.0,14970.0,15980.0,728966.0
2026-05-15 00:00:00+09:00,15950.0,16220.0,15160.0,15310.0,721788.0
2026-05-18 00:00:00+09:00,15270.0,15270.0,14180.0,14430.0,1088041.0
2026-05-19 00:00:00+09:00,14460.0,14890.0,14190.0,14450.0,518847.0
2026-05-20 00:00:00+09:00,14760.0,14760.0,13950.0,14160.0,637972.0
2026-05-21 00:00:00+09:00,14200.0,14520.0,14160.0,14250.0,736519.0
2026-05-22 00:00:00+09:00,14440.0,14900.0,14170.0,14700.0,529188.0
2026-05-26 00:00:00+09:00,14940.0,14960.0,14300.0,14370.0,557956.0
2026-05-27 00:00:00+09:00,14120.0,14410.0,13900.0,14050.0,659127.0
2026-05-28 00:00:00+09:00,14120.0,14290.0,13540.0,13920.0,480555.0
2026-05-29 00:00:00+09:00,14080.0,14260.0,13550.0,14100.0,478983.0
2026-06-01 00:00:00+09:00,13960.0,14100.0,13610.0,13850.0,862435.0
2026-06-02 00:00:00+09:00,13750.0,13800.0,13300.0,13680.0,652403.0
2026-06-04 00:00:00+09:00,14400.0,15170.0,14090.0,14690.0,1509971.0
2026-06-05 00:00:00+09:00,15240.0,15950.0,14680.0,15500.0,1884916.0
2026-06-08 00:00:00+09:00,14900.0,15310.0,14530.0,14800.0,1218778.0
2026-06-09 00:00:00+09:00,14990.0,16000.0,14270.0,15020.0,1544179.0
2026-06-10 00:00:00+09:00,14930.0,15480.0,14640.0,15120.0,644681.0
2026-06-11 00:00:00+09:00,14930.0,15180.0,14570.0,14760.0,916362.0
2026-06-12 00:00:00+09:00,15120.0,15390.0,14600.0,15000.0,664154.0
2026-06-15 00:00:00+09:00,15100.0,15270.0,14800.0,14970.0,572570.0
2026-06-16 00:00:00+09:00,15060.0,15570.0,15010.0,15460.0,591602.0
2026-06-17 00:00:00+09:00,15600.0,15670.0,15080.0,15100.0,783987.0
2026-06-18 00:00:00+09:00,14900.0,15200.0,14610.0,14680.0,620996.0
2026-06-19 00:00:00+09:00,14600.0,14730.0,14200.0,14410.0,635837.0
2026-06-22 00:00:00+09:00,14340.0,14770.0,13960.0,13960.0,354850.0
2026-06-23 00:00:00+09:00,13950.0,13970.0,12850.0,12860.0,786148.0
2026-06-24 00:00:00+09:00,12900.0,12930.0,12500.0,12680.0,675578.0
2026-06-25 00:00:00+09:00,12900.0,13730.0,12900.0,13070.0,639266.0
2026-06-26 00:00:00+09:00,13240.0,13240.0,12350.0,12410.0,299498.0
2026-06-29 00:00:00+09:00,13120.0,14570.0,13100.0,14370.0,1031728.0
2026-06-30 00:00:00+09:00,14330.0,14740.0,13800.0,13800.0,481215.0
2026-07-01 00:00:00+09:00,14000.0,14540.0,13800.0,14440.0,357734.0
2026-07-02 00:00:00+09:00,14500.0,15600.0,14250.0,14530.0,779977.0
2026-07-03 00:00:00+09:00,13810.0,13820.0,12220.0,12820.0,1698873.0
2026-07-06 00:00:00+09:00,12820.0,13350.0,12710.0,13090.0,649249.0
2026-07-07 00:00:00+09:00,13100.0,13720.0,12850.0,13410.0,621754.0
2026-07-08 00:00:00+09:00,13380.0,13400.0,12650.0,12920.0,496166.0
2026-07-09 00:00:00+09:00,12830.0,12920.0,12070.0,12210.0,635329.0
2026-07-10 00:00:00+09:00,12340.0,13100.0,12340.0,12660.0,614277.0
2026-07-13 00:00:00+09:00,12780.0,13120.0,12320.0,12550.0,453283.0
2026-07-14 00:00:00+09:00,12670.0,12670.0,12050.0,12080.0,450291.0
2026-07-15 00:00:00+09:00,12200.0,12280.0,10150.0,10450.0,4534063.0
2026-07-16 00:00:00+09:00,10450.0,10530.0,9980.0,10190.0,1772630.0
2026-07-20 00:00:00+09:00,10050.0,10090.0,9660.0,9790.0,825218.0
2026-07-21 00:00:00+09:00,9740.0,9900.0,9520.0,9670.0,729488.0
2026-07-22 00:00:00+09:00,9780.0,9900.0,9720.0,9730.0,499936.0
2026-07-23 00:00:00+09:00,9740.0,10180.0,9740.0,10180.0,524999.0
2026-07-24 00:00:00+09:00,10030.0,10220.0,9900.0,10030.0,327362.0
2026-07-27 00:00:00+09:00,10210.0,10480.0,10160.0,10330.0,467228.0
2026-07-28 00:00:00+09:00,10260.0,10270.0,9780.0,9910.0,390982.0
2026-07-29 00:00:00+09:00,9960.0,10130.0,9490.0,9630.0,731694.0
2026-07-30 00:00:00+09:00,9320.0,9840.0,9320.0,9450.0,480467.0
2026-07-31 00:00:00+09:00,9710.0,9790.0,9560.0,9700.0,292249.0
2026-08-03 00:00:00+09:00,9630.0,9740.0,9370.0,9520.0,315320.0
2026-08-04 00:00:00+09:00,9530.0,10010.0,9520.0,10010.0,381633.0
2026-08-05 00:00:00+09:00,10110.0,10230.0,9760.0,9780.0,556886.0
2026-08-06 00:00:00+09:00,9800.0,10050.0,9720.0,9990.0,477620.0
2026-08-07 00:00:00+09:00,10010.0,10100.0,9820.0,10100.0,348295.0
2026-08-10 00:00:00+09:00,10090.0,10090.0,9650.0,9840.0,731020.0
2026-08-11 00:00:00+09:00,9850.0,9900.0,9660.0,9860.0,611171.0
2026-08-12 00:00:00+09:00,9870.0,10120.0,9870.0,9900.0,617343.0
2026-08-13 00:00:00+09:00,9960.0,10010.0,9670.0,9710.0,723655.0
2026-08-14 00:00:00+09:00,9740.0,9920.0,9680.0,9890.0,661166.0
2026-08-18 00:00:00+09:00,9860.0,9940.0,9480.0,9580.0,555120.0
2026-08-19 00:00:00+09:00,9480.0,9520.0,9320.0,9460.0,361362.0
2026-08-20 00:00:00+09:00,9510.0,9690.0,9450.0,9480.0,399822.0
2026-08-21 00:00:00+09:00,9330.0,9390.0,9160.0,9260.0,342133.0
2026-08-24 00:00:00+09:00,9240.0,9460.0,9220.0,9440.0,184038.0
2026-08-25 00:00:00+09:00,9440.0,9670.0,9320.0,9620.0,308829.0
2026-08-26 00:00:00+09:00,9620.0,9960.0,9610.0,9890.0,420461.0
2026-08-27 00:00:00+09:00,9920.0,9990.0,9530.0,9780.0,286901.0
2026-08-28 00:00:00+09:00,9770.0,10060.0,9660.0,10030.0,614573.0
