dt,open,high,low,close,volume
2016-06-20 00:00:00+09:00,3401.0,3424.0,3325.0,3406.0,434634.0
2016-06-21 00:00:00+09:00,3434.0,3472.0,3397.0,3449.0,545940.0
2016-06-22 00:00:00+09:00,3462.0,3688.0,3448.0,3604.0,2176782.0
2016-06-23 00:00:00+09:00,3594.0,3731.0,3566.0,3642.0,1706474.0
2016-06-24 00:00:00+09:00,3698.0,3698.0,3222.0,3392.0,3089240.0
2016-06-27 00:00:00+09:00,3302.0,3472.0,3250.0,3345.0,1230190.0
2016-06-28 00:00:00+09:00,3335.0,3461.0,3316.0,3387.0,1229490.0
2016-06-29 00:00:00+09:00,3453.0,3542.0,3378.0,3411.0,1297796.0
2016-06-30 00:00:00+09:00,3444.0,3533.0,3411.0,3529.0,648534.0
2016-07-01 00:00:00+09:00,3557.0,3627.0,3533.0,3623.0,907818.0
2016-07-04 00:00:00+09:00,3669.0,3688.0,3599.0,3684.0,723248.0
2016-07-05 00:00:00+09:00,3707.0,3932.0,3627.0,3825.0,1868690.0
2016-07-06 00:00:00+09:00,3825.0,3876.0,3735.0,3825.0,1090412.0
2016-07-07 00:00:00+09:00,3821.0,3971.0,3816.0,3920.0,867068.0
2016-07-08 00:00:00+09:00,3877.0,3919.0,3670.0,3755.0,1345884.0
2016-07-11 00:00:00+09:00,3688.0,3721.0,3538.0,3538.0,1806110.0
2016-07-12 00:00:00+09:00,3533.0,3604.0,3382.0,3562.0,1921588.0
2016-07-13 00:00:00+09:00,3603.0,3744.0,3603.0,3632.0,1451010.0
2016-07-14 00:00:00+09:00,3674.0,3744.0,3622.0,3731.0,687684.0
2016-07-15 00:00:00+09:00,3759.0,3787.0,3693.0,3755.0,743620.0
2016-07-18 00:00:00+09:00,3769.0,3863.0,3740.0,3821.0,794594.0
2016-07-19 00:00:00+09:00,3835.0,3962.0,3745.0,3840.0,1224746.0
2016-07-20 00:00:00+09:00,3829.0,3862.0,3726.0,3745.0,783032.0
2016-07-21 00:00:00+09:00,3745.0,3788.0,3675.0,3675.0,559082.0
2016-07-22 00:00:00+09:00,3675.0,3844.0,3632.0,3840.0,820464.0
2016-07-25 00:00:00+09:00,3839.0,3957.0,3839.0,3887.0,941156.0
2016-07-26 00:00:00+09:00,3951.0,3951.0,3839.0,3891.0,879720.0
2016-07-27 00:00:00+09:00,3890.0,3914.0,3858.0,3877.0,510184.0
2016-07-28 00:00:00+09:00,3901.0,3948.0,3868.0,3887.0,590570.0
2016-07-29 00:00:00+09:00,3887.0,3938.0,3863.0,3873.0,438356.0
2016-08-01 00:00:00+09:00,3844.0,3887.0,3708.0,3741.0,1021028.0
2016-08-02 00:00:00+09:00,3740.0,3740.0,3570.0,3571.0,1325460.0
2016-08-03 00:00:00+09:00,3594.0,3641.0,3538.0,3571.0,726594.0
2016-08-04 00:00:00+09:00,3575.0,3815.0,3556.0,3698.0,1731550.0
2016-08-05 00:00:00+09:00,3717.0,3736.0,3566.0,3595.0,720014.0
2016-08-08 00:00:00+09:00,3575.0,3575.0,3321.0,3392.0,1353888.0
2016-08-09 00:00:00+09:00,3406.0,3485.0,3307.0,3406.0,818176.0
2016-08-10 00:00:00+09:00,3377.0,3429.0,3373.0,3425.0,304098.0
2016-08-11 00:00:00+09:00,3420.0,3509.0,3378.0,3378.0,321998.0
2016-08-12 00:00:00+09:00,3378.0,3443.0,3363.0,3411.0,449722.0
2016-08-16 00:00:00+09:00,3392.0,3434.0,3345.0,3397.0,314532.0
2016-08-17 00:00:00+09:00,3406.0,3406.0,3204.0,3204.0,1009628.0
2016-08-18 00:00:00+09:00,3240.0,3631.0,3212.0,3453.0,1926988.0
2016-08-19 00:00:00+09:00,3368.0,3604.0,3359.0,3364.0,1361476.0
2016-08-22 00:00:00+09:00,3419.0,3433.0,3321.0,3326.0,413760.0
2016-08-23 00:00:00+09:00,3325.0,3400.0,3288.0,3373.0,318462.0
2016-08-24 00:00:00+09:00,3348.0,3381.0,3302.0,3307.0,338900.0
2016-08-25 00:00:00+09:00,3302.0,3359.0,3246.0,3312.0,430458.0
2016-08-26 00:00:00+09:00,3274.0,3334.0,3274.0,3326.0,184628.0
2016-08-29 00:00:00+09:00,3321.0,3335.0,3251.0,3251.0,328994.0
2016-08-30 00:00:00+09:00,3232.0,3331.0,3232.0,3284.0,316810.0
2016-08-31 00:00:00+09:00,3273.0,3310.0,3250.0,3269.0,252888.0
2016-09-01 00:00:00+09:00,3274.0,3505.0,3255.0,3392.0,531180.0
2016-09-02 00:00:00+09:00,3396.0,3476.0,3359.0,3458.0,414282.0
2016-09-05 00:00:00+09:00,3424.0,3480.0,3387.0,3453.0,341788.0
2016-09-06 00:00:00+09:00,3477.0,3505.0,3401.0,3416.0,287624.0
2016-09-07 00:00:00+09:00,3401.0,3429.0,3279.0,3279.0,540614.0
2016-09-08 00:00:00+09:00,3263.0,3311.0,3165.0,3222.0,657122.0
2016-09-09 00:00:00+09:00,3222.0,3250.0,3053.0,3119.0,719614.0
2016-09-12 00:00:00+09:00,3090.0,3307.0,3001.0,3039.0,1075418.0
2016-09-13 00:00:00+09:00,3062.0,3161.0,3062.0,3147.0,346916.0
2016-09-19 00:00:00+09:00,3169.0,3169.0,3085.0,3128.0,370220.0
2016-09-20 00:00:00+09:00,3127.0,3131.0,3080.0,3090.0,231344.0
2016-09-21 00:00:00+09:00,3094.0,3146.0,3061.0,3090.0,244824.0
2016-09-22 00:00:00+09:00,3180.0,3255.0,3104.0,3166.0,550132.0
2016-09-23 00:00:00+09:00,3180.0,3184.0,3114.0,3133.0,295360.0
2016-09-26 00:00:00+09:00,3137.0,3227.0,3062.0,3166.0,751644.0
2016-09-27 00:00:00+09:00,3100.0,3165.0,3090.0,3100.0,293798.0
2016-09-28 00:00:00+09:00,3085.0,3150.0,3085.0,3123.0,266802.0
2016-09-29 00:00:00+09:00,3138.0,3166.0,3109.0,3138.0,182354.0
2016-09-30 00:00:00+09:00,3132.0,3147.0,3067.0,3067.0,228686.0
2016-10-04 00:00:00+09:00,3076.0,3076.0,2972.0,2987.0,543082.0
2016-10-05 00:00:00+09:00,2985.0,3014.0,2929.0,2944.0,335452.0
2016-10-06 00:00:00+09:00,2934.0,2957.0,2831.0,2864.0,728766.0
2016-10-07 00:00:00+09:00,2868.0,2919.0,2826.0,2845.0,469306.0
2016-10-10 00:00:00+09:00,2845.0,2915.0,2831.0,2897.0,264362.0
2016-10-11 00:00:00+09:00,2944.0,2944.0,2845.0,2893.0,274360.0
2016-10-12 00:00:00+09:00,2872.0,2910.0,2845.0,2864.0,172978.0
2016-10-13 00:00:00+09:00,2864.0,2906.0,2591.0,2690.0,795190.0
2016-10-14 00:00:00+09:00,2666.0,2873.0,2666.0,2822.0,614416.0
2016-10-17 00:00:00+09:00,2792.0,2830.0,2727.0,2732.0,376042.0
2016-10-18 00:00:00+09:00,2731.0,2806.0,2722.0,2779.0,167178.0
2016-10-19 00:00:00+09:00,2816.0,2816.0,2732.0,2751.0,164810.0
2016-10-20 00:00:00+09:00,2750.0,2759.0,2661.0,2666.0,442792.0
2016-10-21 00:00:00+09:00,2685.0,2727.0,2652.0,2695.0,207386.0
2016-10-24 00:00:00+09:00,2707.0,2745.0,2670.0,2699.0,190208.0
2016-10-25 00:00:00+09:00,2708.0,2745.0,2652.0,2652.0,239406.0
2016-10-26 00:00:00+09:00,2647.0,2661.0,2402.0,2464.0,1084180.0
2016-10-27 00:00:00+09:00,2431.0,2548.0,2421.0,2497.0,461756.0
2016-10-28 00:00:00+09:00,2486.0,2514.0,2402.0,2421.0,503122.0
2016-10-31 00:00:00+09:00,2374.0,2514.0,2355.0,2440.0,639758.0
2016-11-01 00:00:00+09:00,2378.0,2496.0,2378.0,2440.0,254712.0
2016-11-02 00:00:00+09:00,2445.0,2614.0,2355.0,2445.0,1723278.0
2016-11-03 00:00:00+09:00,2439.0,2495.0,2350.0,2355.0,626106.0
2016-11-04 00:00:00+09:00,2352.0,2396.0,2331.0,2388.0,463264.0
2016-11-07 00:00:00+09:00,2388.0,2416.0,2364.0,2393.0,239890.0
2016-11-08 00:00:00+09:00,2416.0,2440.0,2379.0,2379.0,235840.0
2016-11-09 00:00:00+09:00,2401.0,2406.0,2070.0,2176.0,1765464.0
2016-11-10 00:00:00+09:00,2226.0,2334.0,2226.0,2259.0,820056.0
2016-11-11 00:00:00+09:00,2287.0,2459.0,2261.0,2445.0,745966.0
2016-11-14 00:00:00+09:00,2449.0,2500.0,2397.0,2426.0,406340.0
2016-11-15 00:00:00+09:00,2445.0,2572.0,2407.0,2516.0,862978.0
2016-11-16 00:00:00+09:00,2548.0,2610.0,2501.0,2530.0,372392.0
2016-11-17 00:00:00+09:00,2543.0,2557.0,2487.0,2487.0,206908.0
2016-11-18 00:00:00+09:00,2519.0,2519.0,2426.0,2426.0,280336.0
2016-11-21 00:00:00+09:00,2425.0,2425.0,2327.0,2360.0,384562.0
2016-11-22 00:00:00+09:00,2374.0,2374.0,2341.0,2346.0,191650.0
2016-11-23 00:00:00+09:00,2350.0,2378.0,2327.0,2327.0,187126.0
2016-11-24 00:00:00+09:00,2307.0,2342.0,2256.0,2256.0,240844.0
2016-11-25 00:00:00+09:00,2215.0,2269.0,2171.0,2176.0,569744.0
2016-11-28 00:00:00+09:00,2185.0,2203.0,2089.0,2089.0,417752.0
2016-11-29 00:00:00+09:00,2086.0,2495.0,2055.0,2421.0,2504546.0
2016-11-30 00:00:00+09:00,2529.0,2638.0,2402.0,2412.0,1701666.0
2016-12-01 00:00:00+09:00,2412.0,2426.0,2313.0,2318.0,545998.0
2016-12-02 00:00:00+09:00,2309.0,2309.0,2178.0,2183.0,612612.0
2016-12-05 00:00:00+09:00,2183.0,2186.0,2113.0,2113.0,485702.0
2016-12-06 00:00:00+09:00,2103.0,2171.0,2101.0,2113.0,381472.0
2016-12-07 00:00:00+09:00,2131.0,2171.0,2030.0,2113.0,668118.0
2016-12-08 00:00:00+09:00,2129.0,2254.0,2117.0,2245.0,626244.0
2016-12-09 00:00:00+09:00,2258.0,2388.0,2218.0,2365.0,631800.0
2016-12-12 00:00:00+09:00,2374.0,2430.0,2336.0,2398.0,341350.0
2016-12-13 00:00:00+09:00,2401.0,2420.0,2355.0,2374.0,259146.0
2016-12-14 00:00:00+09:00,2378.0,2401.0,2364.0,2374.0,164722.0
2016-12-15 00:00:00+09:00,2378.0,2468.0,2359.0,2468.0,330834.0
2016-12-16 00:00:00+09:00,2468.0,2468.0,2426.0,2431.0,163552.0
2016-12-19 00:00:00+09:00,2402.0,2463.0,2383.0,2407.0,372020.0
2016-12-20 00:00:00+09:00,2417.0,2459.0,2403.0,2403.0,180264.0
2016-12-21 00:00:00+09:00,2421.0,2426.0,2383.0,2426.0,185316.0
2016-12-22 00:00:00+09:00,2421.0,2435.0,2374.0,2384.0,211228.0
2016-12-23 00:00:00+09:00,2392.0,2500.0,2350.0,2454.0,414228.0
2016-12-26 00:00:00+09:00,2473.0,2510.0,2444.0,2506.0,323202.0
2016-12-27 00:00:00+09:00,2506.0,2533.0,2473.0,2506.0,252290.0
2016-12-28 00:00:00+09:00,2529.0,2552.0,2492.0,2492.0,197434.0
2016-12-29 00:00:00+09:00,2482.0,2511.0,2459.0,2497.0,135662.0
2017-01-02 00:00:00+09:00,2463.0,2514.0,2421.0,2473.0,376174.0
2017-01-03 00:00:00+09:00,2495.0,2500.0,2439.0,2454.0,221408.0
2017-01-04 00:00:00+09:00,2449.0,2468.0,2402.0,2431.0,409902.0
2017-01-05 00:00:00+09:00,2449.0,2458.0,2360.0,2393.0,488898.0
2017-01-06 00:00:00+09:00,2393.0,2417.0,2355.0,2370.0,290830.0
2017-01-09 00:00:00+09:00,2364.0,2378.0,2277.0,2287.0,587090.0
2017-01-10 00:00:00+09:00,2279.0,2312.0,2162.0,2188.0,1163026.0
2017-01-11 00:00:00+09:00,2209.0,2233.0,2181.0,2212.0,392466.0
2017-01-12 00:00:00+09:00,2196.0,2232.0,2171.0,2195.0,254190.0
2017-01-13 00:00:00+09:00,2208.0,2234.0,2175.0,2223.0,301648.0
2017-01-16 00:00:00+09:00,2234.0,2243.0,2152.0,2190.0,379172.0
2017-01-17 00:00:00+09:00,2222.0,2251.0,2162.0,2162.0,497970.0
2017-01-18 00:00:00+09:00,2177.0,2180.0,2142.0,2157.0,140060.0
2017-01-19 00:00:00+09:00,2171.0,2181.0,2150.0,2167.0,107780.0
2017-01-20 00:00:00+09:00,2182.0,2182.0,2121.0,2162.0,279348.0
2017-01-23 00:00:00+09:00,2157.0,2176.0,2106.0,2106.0,246412.0
2017-01-24 00:00:00+09:00,2116.0,2142.0,2046.0,2049.0,330378.0
2017-01-25 00:00:00+09:00,2068.0,2096.0,2058.0,2073.0,217624.0
2017-01-26 00:00:00+09:00,2093.0,2192.0,2086.0,2169.0,235572.0
2017-01-31 00:00:00+09:00,2157.0,2190.0,2155.0,2167.0,173228.0
2017-02-01 00:00:00+09:00,2169.0,2190.0,2152.0,2174.0,152078.0
2017-02-02 00:00:00+09:00,2174.0,2183.0,2120.0,2120.0,224800.0
2017-02-03 00:00:00+09:00,2119.0,2156.0,2105.0,2122.0,185064.0
2017-02-06 00:00:00+09:00,2122.0,2155.0,2073.0,2106.0,169782.0
2017-02-07 00:00:00+09:00,2096.0,2123.0,2081.0,2122.0,133428.0
2017-02-08 00:00:00+09:00,2135.0,2154.0,2086.0,2103.0,215400.0
2017-02-09 00:00:00+09:00,2107.0,2118.0,2084.0,2110.0,96058.0
2017-02-10 00:00:00+09:00,2115.0,2199.0,2115.0,2181.0,443464.0
2017-02-13 00:00:00+09:00,2209.0,2209.0,2145.0,2153.0,277122.0
2017-02-14 00:00:00+09:00,2138.0,2163.0,2121.0,2143.0,195344.0
2017-02-15 00:00:00+09:00,2127.0,2164.0,2127.0,2153.0,157796.0
2017-02-16 00:00:00+09:00,2152.0,2162.0,2136.0,2160.0,255278.0
2017-02-17 00:00:00+09:00,2185.0,2368.0,2185.0,2296.0,1379506.0
2017-02-20 00:00:00+09:00,2326.0,2342.0,2289.0,2308.0,338904.0
2017-02-21 00:00:00+09:00,2299.0,2322.0,2271.0,2271.0,266752.0
2017-02-22 00:00:00+09:00,2114.0,2142.0,2065.0,2077.0,1523092.0
2017-02-23 00:00:00+09:00,2096.0,2153.0,2077.0,2125.0,473670.0
2017-02-24 00:00:00+09:00,2112.0,2136.0,2101.0,2120.0,270718.0
2017-02-27 00:00:00+09:00,2118.0,2130.0,2062.0,2077.0,309948.0
2017-02-28 00:00:00+09:00,2084.0,2120.0,2049.0,2066.0,268920.0
2017-03-02 00:00:00+09:00,2065.0,2096.0,2035.0,2035.0,242584.0
2017-03-03 00:00:00+09:00,2002.0,2032.0,1908.0,1908.0,845442.0
2017-03-06 00:00:00+09:00,1864.0,1880.0,1784.0,1839.0,1320780.0
2017-03-07 00:00:00+09:00,1865.0,1967.0,1837.0,1927.0,632380.0
2017-03-08 00:00:00+09:00,1947.0,1996.0,1928.0,1957.0,226644.0
2017-03-09 00:00:00+09:00,1978.0,2095.0,1954.0,2056.0,589830.0
2017-03-10 00:00:00+09:00,2048.0,2111.0,2029.0,2103.0,356994.0
2017-03-13 00:00:00+09:00,2123.0,2173.0,2093.0,2103.0,430494.0
2017-03-14 00:00:00+09:00,2135.0,2135.0,2062.0,2103.0,225388.0
2017-03-15 00:00:00+09:00,2076.0,2116.0,2056.0,2056.0,206908.0
2017-03-16 00:00:00+09:00,2055.0,2111.0,2044.0,2096.0,166776.0
2017-03-17 00:00:00+09:00,2091.0,2113.0,2049.0,2073.0,217134.0
2017-03-20 00:00:00+09:00,2082.0,2086.0,1981.0,1981.0,314732.0
2017-03-21 00:00:00+09:00,1981.0,2011.0,1964.0,1974.0,182722.0
2017-03-22 00:00:00+09:00,1958.0,1991.0,1898.0,1898.0,292412.0
2017-03-23 00:00:00+09:00,1912.0,1968.0,1860.0,1936.0,558280.0
2017-03-24 00:00:00+09:00,1959.0,1964.0,1919.0,1922.0,148386.0
2017-03-27 00:00:00+09:00,1942.0,1942.0,1798.0,1806.0,592696.0
2017-03-28 00:00:00+09:00,1831.0,1874.0,1813.0,1830.0,278886.0
2017-03-29 00:00:00+09:00,1853.0,1919.0,1837.0,1908.0,237046.0
2017-03-30 00:00:00+09:00,1917.0,1947.0,1884.0,1889.0,219560.0
2017-03-31 00:00:00+09:00,1889.0,1927.0,1872.0,1887.0,196782.0
2017-04-03 00:00:00+09:00,1905.0,1936.0,1877.0,1922.0,198168.0
2017-04-04 00:00:00+09:00,1936.0,1969.0,1900.0,1915.0,331658.0
2017-04-05 00:00:00+09:00,1900.0,1955.0,1891.0,1941.0,167156.0
2017-04-06 00:00:00+09:00,1918.0,1940.0,1879.0,1884.0,327208.0
2017-04-07 00:00:00+09:00,1889.0,1907.0,1879.0,1889.0,118632.0
2017-04-10 00:00:00+09:00,1887.0,1887.0,1780.0,1806.0,518346.0
2017-04-11 00:00:00+09:00,1830.0,1830.0,1794.0,1802.0,270732.0
2017-04-12 00:00:00+09:00,1804.0,1820.0,1790.0,1795.0,196212.0
2017-04-13 00:00:00+09:00,1792.0,1814.0,1729.0,1814.0,613988.0
2017-04-14 00:00:00+09:00,1807.0,1869.0,1789.0,1792.0,348102.0
2017-04-17 00:00:00+09:00,1815.0,1871.0,1799.0,1863.0,281516.0
2017-04-18 00:00:00+09:00,1873.0,1911.0,1855.0,1865.0,214304.0
2017-04-19 00:00:00+09:00,1882.0,1882.0,1844.0,1854.0,87126.0
2017-04-20 00:00:00+09:00,1879.0,1881.0,1834.0,1856.0,186748.0
2017-04-21 00:00:00+09:00,1854.0,1871.0,1827.0,1839.0,154308.0
2017-04-24 00:00:00+09:00,1848.0,1858.0,1801.0,1858.0,399154.0
2017-04-25 00:00:00+09:00,1858.0,1909.0,1832.0,1884.0,262984.0
2017-04-26 00:00:00+09:00,1905.0,1966.0,1856.0,1901.0,330914.0
2017-04-27 00:00:00+09:00,1886.0,1912.0,1860.0,1868.0,177758.0
2017-04-28 00:00:00+09:00,1860.0,1883.0,1818.0,1837.0,253736.0
2017-05-02 00:00:00+09:00,1859.0,1864.0,1789.0,1806.0,208202.0
2017-05-04 00:00:00+09:00,1806.0,1825.0,1783.0,1802.0,318952.0
2017-05-08 00:00:00+09:00,1811.0,1832.0,1801.0,1809.0,214620.0
2017-05-10 00:00:00+09:00,1826.0,1826.0,1801.0,1806.0,213106.0
2017-05-11 00:00:00+09:00,1816.0,1828.0,1811.0,1828.0,167722.0
2017-05-12 00:00:00+09:00,1836.0,1914.0,1822.0,1851.0,434776.0
2017-05-15 00:00:00+09:00,1867.0,1883.0,1848.0,1872.0,196494.0
2017-05-16 00:00:00+09:00,1874.0,1874.0,1801.0,1818.0,258762.0
2017-05-17 00:00:00+09:00,1818.0,1883.0,1803.0,1851.0,294436.0
2017-05-18 00:00:00+09:00,1851.0,1877.0,1813.0,1816.0,219030.0
2017-05-19 00:00:00+09:00,1852.0,1852.0,1815.0,1825.0,142606.0
2017-05-22 00:00:00+09:00,1827.0,1860.0,1813.0,1816.0,186148.0
2017-05-23 00:00:00+09:00,1818.0,1897.0,1792.0,1884.0,476984.0
2017-05-24 00:00:00+09:00,1910.0,1959.0,1882.0,1882.0,832002.0
2017-05-25 00:00:00+09:00,1867.0,1897.0,1834.0,1844.0,173780.0
2017-05-26 00:00:00+09:00,1869.0,2055.0,1869.0,1990.0,994140.0
2017-05-29 00:00:00+09:00,1990.0,2002.0,1943.0,1948.0,308824.0
2017-05-30 00:00:00+09:00,1973.0,1973.0,1926.0,1955.0,245878.0
2017-05-31 00:00:00+09:00,1954.0,2034.0,1954.0,1997.0,378752.0
2017-06-01 00:00:00+09:00,1999.0,2015.0,1954.0,1976.0,259700.0
2017-06-02 00:00:00+09:00,1997.0,2013.0,1976.0,2002.0,228456.0
2017-06-05 00:00:00+09:00,1976.0,2002.0,1967.0,1967.0,184378.0
2017-06-07 00:00:00+09:00,2046.0,2553.0,2011.0,2553.0,10527372.0
2017-06-08 00:00:00+09:00,2576.0,3249.0,2571.0,2845.0,23103442.0
2017-06-09 00:00:00+09:00,2863.0,2981.0,2769.0,2845.0,5525578.0
2017-06-12 00:00:00+09:00,2873.0,2949.0,2812.0,2921.0,3089494.0
2017-06-13 00:00:00+09:00,2873.0,2981.0,2849.0,2958.0,2646788.0
2017-06-14 00:00:00+09:00,3051.0,3061.0,2901.0,2944.0,1877388.0
2017-06-15 00:00:00+09:00,2929.0,2943.0,2741.0,2878.0,1635228.0
2017-06-16 00:00:00+09:00,2822.0,2911.0,2807.0,2888.0,881460.0
2017-06-19 00:00:00+09:00,2850.0,3665.0,2817.0,3510.0,13280632.0
2017-06-20 00:00:00+09:00,3528.0,3608.0,3368.0,3524.0,4087450.0
2017-06-21 00:00:00+09:00,3599.0,4348.0,3585.0,3727.0,20755368.0
2017-06-22 00:00:00+09:00,3627.0,3840.0,3576.0,3840.0,1414636.0
2017-06-23 00:00:00+09:00,3886.0,4145.0,3886.0,4014.0,1356060.0
2017-06-26 00:00:00+09:00,3962.0,4230.0,3962.0,4028.0,1289626.0
2017-06-27 00:00:00+09:00,4103.0,4103.0,3571.0,3788.0,3336072.0
2017-06-28 00:00:00+09:00,3697.0,3758.0,3476.0,3486.0,2411110.0
2017-06-29 00:00:00+09:00,3523.0,3631.0,3424.0,3519.0,1779484.0
2017-06-30 00:00:00+09:00,3448.0,3585.0,3439.0,3529.0,1001976.0
2017-07-03 00:00:00+09:00,3566.0,3609.0,3279.0,3350.0,2250854.0
2017-07-04 00:00:00+09:00,3349.0,3349.0,3151.0,3213.0,2062078.0
2017-07-05 00:00:00+09:00,3241.0,3368.0,3213.0,3317.0,1460778.0
2017-07-06 00:00:00+09:00,3316.0,3462.0,3250.0,3439.0,1257520.0
2017-07-07 00:00:00+09:00,3420.0,3500.0,3392.0,3482.0,943050.0
2017-07-10 00:00:00+09:00,3500.0,3626.0,3434.0,3533.0,1898376.0
2017-07-11 00:00:00+09:00,3533.0,3584.0,3490.0,3552.0,581832.0
2017-07-12 00:00:00+09:00,3571.0,3768.0,3217.0,3246.0,3807446.0
2017-07-13 00:00:00+09:00,3217.0,3344.0,3146.0,3274.0,855334.0
2017-07-14 00:00:00+09:00,3274.0,3279.0,3118.0,3166.0,852232.0
2017-07-17 00:00:00+09:00,3164.0,3245.0,3141.0,3156.0,539646.0
2017-07-18 00:00:00+09:00,3165.0,3316.0,3165.0,3279.0,758948.0
2017-07-19 00:00:00+09:00,3307.0,3392.0,3236.0,3251.0,714208.0
2017-07-20 00:00:00+09:00,3235.0,3263.0,3127.0,3156.0,727802.0
2017-07-21 00:00:00+09:00,3189.0,3279.0,3161.0,3265.0,550512.0
2017-07-24 00:00:00+09:00,3297.0,3377.0,3269.0,3274.0,857210.0
2017-07-25 00:00:00+09:00,3212.0,3245.0,3128.0,3147.0,900830.0
2017-07-26 00:00:00+09:00,3179.0,3226.0,2901.0,2963.0,1863238.0
2017-07-27 00:00:00+09:00,3010.0,3362.0,2934.0,3076.0,3948872.0
2017-07-28 00:00:00+09:00,3070.0,3084.0,2925.0,2991.0,1053816.0
2017-07-31 00:00:00+09:00,2991.0,3085.0,2944.0,3001.0,572624.0
2017-08-01 00:00:00+09:00,2999.0,3061.0,2972.0,2991.0,460906.0
2017-08-02 00:00:00+09:00,2995.0,3033.0,2944.0,2949.0,598286.0
2017-08-03 00:00:00+09:00,2949.0,2968.0,2789.0,2855.0,1034860.0
2017-08-04 00:00:00+09:00,2836.0,2944.0,2746.0,2921.0,887528.0
2017-08-07 00:00:00+09:00,2954.0,3015.0,2916.0,2987.0,491792.0
2017-08-08 00:00:00+09:00,3029.0,3048.0,2902.0,2921.0,704624.0
2017-08-09 00:00:00+09:00,2905.0,2919.0,2765.0,2765.0,697808.0
2017-08-10 00:00:00+09:00,2722.0,2802.0,2685.0,2718.0,645196.0
2017-08-11 00:00:00+09:00,2665.0,2731.0,2628.0,2652.0,645256.0
2017-08-14 00:00:00+09:00,2661.0,2915.0,2661.0,2732.0,990284.0
2017-08-16 00:00:00+09:00,2764.0,2853.0,2760.0,2779.0,361168.0
2017-08-17 00:00:00+09:00,2789.0,3331.0,2761.0,3039.0,5955828.0
2017-08-18 00:00:00+09:00,2981.0,3061.0,2948.0,3024.0,980288.0
2017-08-21 00:00:00+09:00,3014.0,3042.0,2963.0,2982.0,556994.0
2017-08-22 00:00:00+09:00,2976.0,3037.0,2920.0,2930.0,758760.0
2017-08-23 00:00:00+09:00,2953.0,2971.0,2915.0,2930.0,353158.0
2017-08-24 00:00:00+09:00,2944.0,3029.0,2925.0,3001.0,673700.0
2017-08-25 00:00:00+09:00,3000.0,3000.0,2934.0,2949.0,439160.0
2017-08-28 00:00:00+09:00,2982.0,2986.0,2920.0,2935.0,359444.0
2017-08-29 00:00:00+09:00,2916.0,3053.0,2897.0,2907.0,879344.0
2017-08-30 00:00:00+09:00,2901.0,2924.0,2774.0,2784.0,850414.0
2017-08-31 00:00:00+09:00,2778.0,2793.0,2708.0,2737.0,636174.0
2017-09-01 00:00:00+09:00,2742.0,2807.0,2685.0,2742.0,578802.0
2017-09-04 00:00:00+09:00,2637.0,2689.0,2618.0,2633.0,671964.0
2017-09-05 00:00:00+09:00,2652.0,2718.0,2595.0,2709.0,539252.0
2017-09-06 00:00:00+09:00,2709.0,2732.0,2643.0,2662.0,272320.0
2017-09-07 00:00:00+09:00,2671.0,2751.0,2614.0,2676.0,484872.0
2017-09-08 00:00:00+09:00,2675.0,2708.0,2590.0,2605.0,588234.0
2017-09-11 00:00:00+09:00,2609.0,2651.0,2553.0,2572.0,487740.0
2017-09-12 00:00:00+09:00,2558.0,2685.0,2558.0,2676.0,845746.0
2017-09-13 00:00:00+09:00,2679.0,2679.0,2562.0,2567.0,671874.0
2017-09-14 00:00:00+09:00,2547.0,2604.0,2463.0,2473.0,607096.0
2017-09-15 00:00:00+09:00,2448.0,2500.0,2355.0,2421.0,730556.0
2017-09-18 00:00:00+09:00,2416.0,2463.0,2379.0,2412.0,517640.0
2017-09-19 00:00:00+09:00,2420.0,2430.0,2331.0,2360.0,593514.0
2017-09-20 00:00:00+09:00,2368.0,2368.0,2277.0,2289.0,530004.0
2017-09-21 00:00:00+09:00,2270.0,2821.0,2270.0,2360.0,9131462.0
2017-09-22 00:00:00+09:00,2378.0,2392.0,2244.0,2247.0,1170478.0
2017-09-25 00:00:00+09:00,2247.0,2497.0,2214.0,2417.0,1428120.0
2017-09-26 00:00:00+09:00,2416.0,2656.0,2364.0,2445.0,2414112.0
2017-09-27 00:00:00+09:00,2454.0,2599.0,2430.0,2520.0,1001922.0
2017-09-28 00:00:00+09:00,2505.0,2575.0,2449.0,2534.0,844794.0
2017-09-29 00:00:00+09:00,2562.0,2572.0,2496.0,2511.0,491238.0
2017-10-10 00:00:00+09:00,2515.0,2628.0,2478.0,2544.0,479622.0
2017-10-11 00:00:00+09:00,2558.0,2591.0,2544.0,2563.0,299756.0
2017-10-12 00:00:00+09:00,2543.0,2646.0,2505.0,2633.0,507114.0
2017-10-13 00:00:00+09:00,2674.0,2731.0,2496.0,2553.0,830874.0
2017-10-16 00:00:00+09:00,2505.0,2552.0,2411.0,2435.0,479578.0
2017-10-17 00:00:00+09:00,2449.0,2509.0,2420.0,2501.0,344116.0
2017-10-18 00:00:00+09:00,2552.0,2566.0,2435.0,2435.0,428468.0
2017-10-19 00:00:00+09:00,2439.0,2482.0,2355.0,2426.0,386794.0
2017-10-20 00:00:00+09:00,2462.0,2462.0,2397.0,2421.0,168188.0
2017-10-23 00:00:00+09:00,2449.0,2514.0,2402.0,2506.0,373954.0
2017-10-24 00:00:00+09:00,2520.0,2632.0,2510.0,2539.0,945068.0
2017-10-25 00:00:00+09:00,2539.0,2553.0,2483.0,2483.0,322158.0
2017-10-26 00:00:00+09:00,2506.0,2506.0,2450.0,2450.0,330322.0
2017-10-27 00:00:00+09:00,2487.0,2581.0,2440.0,2563.0,696484.0
2017-10-30 00:00:00+09:00,2604.0,2703.0,2567.0,2567.0,1038144.0
2017-10-31 00:00:00+09:00,2558.0,2577.0,2459.0,2516.0,720120.0
2017-11-01 00:00:00+09:00,2520.0,2577.0,2473.0,2577.0,426642.0
2017-11-02 00:00:00+09:00,2604.0,2674.0,2510.0,2666.0,1189114.0
2017-11-03 00:00:00+09:00,2718.0,2732.0,2572.0,2629.0,1218988.0
2017-11-06 00:00:00+09:00,2628.0,2647.0,2553.0,2563.0,547776.0
2017-11-07 00:00:00+09:00,2563.0,2600.0,2534.0,2582.0,325032.0
2017-11-08 00:00:00+09:00,2567.0,2825.0,2543.0,2685.0,2657586.0
2017-11-09 00:00:00+09:00,2760.0,2830.0,2708.0,2765.0,1552788.0
2017-11-10 00:00:00+09:00,2793.0,2873.0,2718.0,2775.0,868766.0
2017-11-13 00:00:00+09:00,2817.0,2826.0,2718.0,2742.0,574200.0
2017-11-14 00:00:00+09:00,2797.0,2802.0,2670.0,2765.0,647074.0
2017-11-15 00:00:00+09:00,2718.0,2949.0,2685.0,2874.0,2799654.0
2017-11-16 00:00:00+09:00,2887.0,2934.0,2831.0,2916.0,1290780.0
2017-11-17 00:00:00+09:00,2882.0,3037.0,2877.0,2958.0,2216934.0
2017-11-20 00:00:00+09:00,2958.0,3029.0,2925.0,2940.0,1069974.0
2017-11-21 00:00:00+09:00,2938.0,2948.0,2765.0,2765.0,1471538.0
2017-11-22 00:00:00+09:00,2769.0,2891.0,2741.0,2850.0,1029988.0
2017-11-23 00:00:00+09:00,2850.0,2869.0,2779.0,2794.0,544952.0
2017-11-24 00:00:00+09:00,2803.0,2831.0,2737.0,2756.0,538294.0
2017-11-27 00:00:00+09:00,2806.0,2806.0,2666.0,2666.0,733458.0
2017-11-28 00:00:00+09:00,2675.0,2778.0,2675.0,2685.0,438528.0
2017-11-29 00:00:00+09:00,2703.0,2943.0,2703.0,2883.0,4381758.0
2017-11-30 00:00:00+09:00,2891.0,2938.0,2826.0,2864.0,1044920.0
2017-12-01 00:00:00+09:00,2883.0,2940.0,2803.0,2860.0,1198036.0
2017-12-04 00:00:00+09:00,2906.0,3142.0,2869.0,3133.0,4299352.0
2017-12-05 00:00:00+09:00,3194.0,3269.0,3038.0,3067.0,2818706.0
2017-12-06 00:00:00+09:00,3098.0,3282.0,3019.0,3090.0,3375182.0
2017-12-07 00:00:00+09:00,3100.0,3104.0,2874.0,2907.0,1772086.0
2017-12-08 00:00:00+09:00,2943.0,2995.0,2770.0,2770.0,1291220.0
2017-12-11 00:00:00+09:00,2732.0,2850.0,2728.0,2794.0,347448.0
2017-12-12 00:00:00+09:00,2779.0,2793.0,2652.0,2662.0,937994.0
2017-12-13 00:00:00+09:00,2685.0,2774.0,2647.0,2685.0,558900.0
2017-12-14 00:00:00+09:00,2694.0,2755.0,2680.0,2699.0,381014.0
2017-12-15 00:00:00+09:00,2746.0,2746.0,2638.0,2657.0,422550.0
2017-12-18 00:00:00+09:00,2656.0,2656.0,2520.0,2520.0,924422.0
2017-12-19 00:00:00+09:00,2544.0,2577.0,2426.0,2464.0,726400.0
2017-12-20 00:00:00+09:00,2448.0,2528.0,2411.0,2421.0,556838.0
2017-12-21 00:00:00+09:00,2462.0,2557.0,2421.0,2454.0,791306.0
2017-12-22 00:00:00+09:00,2468.0,2478.0,2421.0,2431.0,337688.0
2017-12-26 00:00:00+09:00,2487.0,2510.0,2374.0,2379.0,492074.0
2017-12-27 00:00:00+09:00,2411.0,2449.0,2397.0,2426.0,282826.0
2017-12-28 00:00:00+09:00,2450.0,2497.0,2421.0,2483.0,269144.0
2018-01-02 00:00:00+09:00,2496.0,2509.0,2453.0,2501.0,469290.0
2018-01-03 00:00:00+09:00,2519.0,2519.0,2458.0,2501.0,657628.0
2018-01-04 00:00:00+09:00,2510.0,2533.0,2458.0,2506.0,440184.0
2018-01-05 00:00:00+09:00,2515.0,2623.0,2510.0,2553.0,637366.0
2018-01-08 00:00:00+09:00,2558.0,2581.0,2482.0,2497.0,458876.0
2018-01-09 00:00:00+09:00,2478.0,2506.0,2445.0,2450.0,398662.0
2018-01-10 00:00:00+09:00,2458.0,2576.0,2430.0,2506.0,862336.0
2018-01-11 00:00:00+09:00,2525.0,2595.0,2487.0,2544.0,537142.0
2018-01-12 00:00:00+09:00,2548.0,2562.0,2478.0,2478.0,497964.0
2018-01-15 00:00:00+09:00,2515.0,2520.0,2431.0,2450.0,515986.0
2018-01-16 00:00:00+09:00,2449.0,2505.0,2425.0,2468.0,327950.0
2018-01-17 00:00:00+09:00,2472.0,2500.0,2421.0,2421.0,494774.0
2018-01-18 00:00:00+09:00,2421.0,2487.0,2412.0,2450.0,503794.0
2018-01-19 00:00:00+09:00,2473.0,2784.0,2464.0,2761.0,2664154.0
2018-01-22 00:00:00+09:00,2778.0,2820.0,2637.0,2713.0,1277690.0
2018-01-23 00:00:00+09:00,2737.0,2737.0,2671.0,2728.0,638462.0
2018-01-24 00:00:00+09:00,2737.0,2784.0,2695.0,2728.0,679806.0
2018-01-25 00:00:00+09:00,2732.0,2905.0,2727.0,2864.0,1622758.0
2018-01-26 00:00:00+09:00,2897.0,2897.0,2779.0,2794.0,741256.0
2018-01-29 00:00:00+09:00,2760.0,2854.0,2755.0,2817.0,644872.0
2018-01-30 00:00:00+09:00,2817.0,2836.0,2761.0,2794.0,642352.0
2018-01-31 00:00:00+09:00,2765.0,2803.0,2718.0,2723.0,486438.0
2018-02-01 00:00:00+09:00,2915.0,3131.0,2873.0,3010.0,5746342.0
2018-02-02 00:00:00+09:00,2953.0,2986.0,2803.0,2921.0,1673820.0
2018-02-05 00:00:00+09:00,2816.0,2891.0,2732.0,2784.0,935344.0
2018-02-06 00:00:00+09:00,2671.0,2723.0,2581.0,2723.0,1180520.0
2018-02-07 00:00:00+09:00,2779.0,3146.0,2736.0,2845.0,5281572.0
2018-02-08 00:00:00+09:00,2849.0,2948.0,2793.0,2878.0,1297660.0
2018-02-09 00:00:00+09:00,2760.0,2883.0,2746.0,2822.0,878672.0
2018-02-12 00:00:00+09:00,2863.0,2910.0,2798.0,2798.0,807446.0
2018-02-13 00:00:00+09:00,2826.0,2915.0,2793.0,2897.0,1213054.0
2018-02-14 00:00:00+09:00,2920.0,3009.0,2887.0,2897.0,1272454.0
2018-02-19 00:00:00+09:00,2902.0,2925.0,2883.0,2921.0,608720.0
2018-02-20 00:00:00+09:00,2944.0,3076.0,2916.0,3039.0,2793456.0
2018-02-21 00:00:00+09:00,3019.0,3065.0,2943.0,3057.0,1885498.0
2018-02-22 00:00:00+09:00,3047.0,3047.0,2910.0,2911.0,1164654.0
2018-02-23 00:00:00+09:00,2916.0,3010.0,2897.0,2940.0,917966.0
2018-02-26 00:00:00+09:00,2967.0,2982.0,2911.0,2935.0,758316.0
2018-02-27 00:00:00+09:00,3038.0,3057.0,2958.0,2987.0,1679822.0
2018-02-28 00:00:00+09:00,2986.0,3052.0,2949.0,3001.0,1274620.0
2018-03-02 00:00:00+09:00,2991.0,3010.0,2935.0,2968.0,763030.0
2018-03-05 00:00:00+09:00,3015.0,3019.0,2812.0,2822.0,1120146.0
2018-03-06 00:00:00+09:00,2892.0,2892.0,2822.0,2822.0,524350.0
2018-03-07 00:00:00+09:00,2821.0,2840.0,2741.0,2770.0,785062.0
2018-03-08 00:00:00+09:00,2792.0,2820.0,2755.0,2779.0,346314.0
2018-03-09 00:00:00+09:00,2812.0,2887.0,2774.0,2855.0,712388.0
2018-03-12 00:00:00+09:00,2883.0,2901.0,2835.0,2883.0,756560.0
2018-03-13 00:00:00+09:00,2883.0,2987.0,2859.0,2940.0,1118026.0
2018-03-14 00:00:00+09:00,3015.0,3038.0,2968.0,3006.0,1709564.0
2018-03-15 00:00:00+09:00,3023.0,3023.0,2977.0,3010.0,788212.0
2018-03-16 00:00:00+09:00,3020.0,3034.0,2968.0,3020.0,767078.0
2018-03-19 00:00:00+09:00,3056.0,3103.0,2901.0,2911.0,2231908.0
2018-03-20 00:00:00+09:00,2868.0,2919.0,2826.0,2878.0,738378.0
2018-03-21 00:00:00+09:00,2878.0,2883.0,2803.0,2874.0,1172448.0
2018-03-22 00:00:00+09:00,2873.0,2887.0,2817.0,2822.0,798590.0
2018-03-23 00:00:00+09:00,2750.0,2764.0,2590.0,2600.0,1823838.0
2018-03-26 00:00:00+09:00,2619.0,2737.0,2596.0,2695.0,942546.0
2018-03-27 00:00:00+09:00,2741.0,2802.0,2666.0,2685.0,637148.0
2018-03-28 00:00:00+09:00,2642.0,2670.0,2576.0,2619.0,1104668.0
2018-03-29 00:00:00+09:00,2619.0,2665.0,2600.0,2652.0,453914.0
2018-03-30 00:00:00+09:00,2675.0,2746.0,2661.0,2690.0,702622.0
2018-04-02 00:00:00+09:00,2708.0,2830.0,2642.0,2770.0,1736062.0
2018-04-03 00:00:00+09:00,2741.0,2888.0,2685.0,2888.0,1430846.0
2018-04-04 00:00:00+09:00,2915.0,2915.0,2760.0,2779.0,1108974.0
2018-04-05 00:00:00+09:00,2778.0,2821.0,2755.0,2765.0,558016.0
2018-04-06 00:00:00+09:00,2793.0,2812.0,2685.0,2728.0,781890.0
2018-04-09 00:00:00+09:00,2718.0,2723.0,2657.0,2723.0,672738.0
2018-04-10 00:00:00+09:00,2741.0,2906.0,2666.0,2869.0,1705966.0
2018-04-11 00:00:00+09:00,2888.0,3246.0,2864.0,2954.0,10601506.0
2018-04-12 00:00:00+09:00,3000.0,3056.0,2953.0,3024.0,3273110.0
2018-04-13 00:00:00+09:00,3005.0,3053.0,2916.0,3053.0,1817932.0
2018-04-16 00:00:00+09:00,3165.0,3264.0,3062.0,3062.0,3528878.0
2018-04-17 00:00:00+09:00,3062.0,3109.0,2968.0,3006.0,1385722.0
2018-04-18 00:00:00+09:00,3000.0,3042.0,2944.0,3010.0,1139974.0
2018-04-19 00:00:00+09:00,3020.0,3024.0,2888.0,2907.0,1110304.0
2018-04-20 00:00:00+09:00,2897.0,2986.0,2897.0,2935.0,862108.0
2018-04-23 00:00:00+09:00,2911.0,2921.0,2841.0,2874.0,894706.0
2018-04-24 00:00:00+09:00,2863.0,2910.0,2764.0,2779.0,1325516.0
2018-04-25 00:00:00+09:00,2764.0,2858.0,2680.0,2699.0,1822406.0
2018-04-26 00:00:00+09:00,2727.0,2792.0,2684.0,2732.0,1051072.0
2018-04-27 00:00:00+09:00,2741.0,2774.0,2671.0,2709.0,865646.0
2018-04-30 00:00:00+09:00,2708.0,2741.0,2623.0,2638.0,1048672.0
2018-05-02 00:00:00+09:00,2623.0,2689.0,2590.0,2671.0,1283580.0
2018-05-03 00:00:00+09:00,2689.0,2693.0,2637.0,2652.0,572830.0
2018-05-04 00:00:00+09:00,2660.0,2684.0,2501.0,2501.0,1199554.0
2018-05-08 00:00:00+09:00,2520.0,2742.0,2506.0,2648.0,1328636.0
2018-05-09 00:00:00+09:00,2675.0,2689.0,2548.0,2685.0,839548.0
2018-05-10 00:00:00+09:00,2690.0,2690.0,2638.0,2681.0,371436.0
2018-05-11 00:00:00+09:00,2684.0,2726.0,2680.0,2699.0,349654.0
2018-05-14 00:00:00+09:00,2703.0,2703.0,2590.0,2600.0,688176.0
2018-05-15 00:00:00+09:00,2591.0,2746.0,2581.0,2695.0,1242464.0
2018-05-16 00:00:00+09:00,2694.0,2723.0,2629.0,2629.0,715044.0
2018-05-17 00:00:00+09:00,2623.0,2722.0,2623.0,2638.0,588278.0
2018-05-18 00:00:00+09:00,2662.0,2699.0,2629.0,2681.0,323024.0
2018-05-21 00:00:00+09:00,2676.0,2737.0,2676.0,2676.0,433724.0
2018-05-23 00:00:00+09:00,2657.0,2694.0,2628.0,2643.0,485186.0
2018-05-24 00:00:00+09:00,2642.0,2685.0,2605.0,2610.0,441250.0
2018-05-25 00:00:00+09:00,2590.0,2619.0,2529.0,2558.0,588808.0
2018-05-28 00:00:00+09:00,2557.0,2557.0,2487.0,2520.0,710224.0
2018-05-29 00:00:00+09:00,2529.0,2566.0,2492.0,2492.0,495420.0
2018-05-30 00:00:00+09:00,2478.0,2624.0,2416.0,2544.0,801344.0
2018-05-31 00:00:00+09:00,2524.0,2580.0,2496.0,2501.0,322394.0
2018-06-01 00:00:00+09:00,2473.0,2534.0,2440.0,2516.0,278558.0
2018-06-04 00:00:00+09:00,2525.0,2680.0,2515.0,2610.0,868946.0
2018-06-05 00:00:00+09:00,2638.0,2661.0,2581.0,2643.0,416990.0
2018-06-07 00:00:00+09:00,2637.0,2684.0,2618.0,2633.0,446460.0
2018-06-08 00:00:00+09:00,2642.0,2675.0,2600.0,2605.0,413926.0
2018-06-11 00:00:00+09:00,2594.0,2656.0,2567.0,2567.0,255644.0
2018-06-12 00:00:00+09:00,2567.0,2685.0,2567.0,2615.0,440866.0
2018-06-14 00:00:00+09:00,2629.0,2676.0,2591.0,2615.0,537202.0
2018-06-15 00:00:00+09:00,2623.0,2670.0,2590.0,2600.0,420896.0
2018-06-18 00:00:00+09:00,2628.0,2755.0,2591.0,2624.0,1766260.0
2018-06-19 00:00:00+09:00,2661.0,2694.0,2445.0,2464.0,887284.0
2018-06-20 00:00:00+09:00,2430.0,2500.0,2374.0,2459.0,717996.0
2018-06-21 00:00:00+09:00,2487.0,2492.0,2402.0,2412.0,356848.0
2018-06-22 00:00:00+09:00,2416.0,2435.0,2348.0,2379.0,408878.0
2018-06-25 00:00:00+09:00,2365.0,2440.0,2355.0,2431.0,249876.0
2018-06-26 00:00:00+09:00,2430.0,2585.0,2378.0,2539.0,720612.0
2018-06-27 00:00:00+09:00,2544.0,2642.0,2525.0,2577.0,662414.0
2018-06-28 00:00:00+09:00,2656.0,2665.0,2576.0,2638.0,764338.0
2018-06-29 00:00:00+09:00,2638.0,2704.0,2582.0,2681.0,1229286.0
2018-07-02 00:00:00+09:00,2698.0,2708.0,2426.0,2426.0,1392134.0
2018-07-03 00:00:00+09:00,2482.0,2515.0,2327.0,2384.0,900828.0
2018-07-04 00:00:00+09:00,2339.0,2445.0,2329.0,2403.0,519420.0
2018-07-05 00:00:00+09:00,2407.0,2421.0,2294.0,2306.0,654060.0
2018-07-06 00:00:00+09:00,2364.0,2392.0,2289.0,2334.0,424712.0
2018-07-09 00:00:00+09:00,2355.0,2392.0,2333.0,2355.0,278052.0
2018-07-10 00:00:00+09:00,2355.0,2449.0,2355.0,2412.0,324572.0
2018-07-11 00:00:00+09:00,2411.0,2415.0,2355.0,2355.0,283182.0
2018-07-12 00:00:00+09:00,2355.0,2388.0,2325.0,2370.0,415512.0
2018-07-13 00:00:00+09:00,2359.0,2382.0,2345.0,2348.0,352666.0
2018-07-16 00:00:00+09:00,2351.0,2379.0,2341.0,2370.0,339614.0
2018-07-17 00:00:00+09:00,2355.0,2387.0,2350.0,2374.0,286514.0
2018-07-18 00:00:00+09:00,2368.0,2382.0,2334.0,2334.0,424578.0
2018-07-19 00:00:00+09:00,2336.0,2340.0,2261.0,2280.0,452814.0
2018-07-20 00:00:00+09:00,2260.0,2326.0,2260.0,2301.0,185664.0
2018-07-23 00:00:00+09:00,2300.0,2324.0,2190.0,2195.0,425664.0
2018-07-24 00:00:00+09:00,2205.0,2247.0,2190.0,2231.0,193276.0
2018-07-25 00:00:00+09:00,2259.0,2287.0,2214.0,2219.0,182058.0
2018-07-26 00:00:00+09:00,2364.0,2364.0,2247.0,2273.0,308338.0
2018-07-27 00:00:00+09:00,2294.0,2359.0,2275.0,2353.0,248956.0
2018-07-30 00:00:00+09:00,2364.0,2383.0,2336.0,2360.0,159716.0
2018-07-31 00:00:00+09:00,2379.0,2459.0,2355.0,2431.0,467580.0
2018-08-01 00:00:00+09:00,2434.0,2463.0,2411.0,2426.0,212394.0
2018-08-02 00:00:00+09:00,2425.0,2444.0,2341.0,2393.0,241934.0
2018-08-03 00:00:00+09:00,2407.0,2439.0,2383.0,2407.0,103956.0
2018-08-06 00:00:00+09:00,2426.0,2426.0,2369.0,2384.0,125558.0
2018-08-07 00:00:00+09:00,2402.0,2458.0,2279.0,2407.0,390342.0
2018-08-08 00:00:00+09:00,2416.0,2416.0,2350.0,2353.0,233592.0
2018-08-09 00:00:00+09:00,2379.0,2379.0,2341.0,2365.0,156760.0
2018-08-10 00:00:00+09:00,2368.0,2382.0,2307.0,2315.0,191064.0
2018-08-13 00:00:00+09:00,2315.0,2325.0,2214.0,2238.0,260786.0
2018-08-14 00:00:00+09:00,2237.0,2291.0,2237.0,2259.0,124538.0
2018-08-16 00:00:00+09:00,2258.0,2335.0,2251.0,2315.0,141854.0
2018-08-17 00:00:00+09:00,2337.0,2342.0,2312.0,2322.0,109242.0
2018-08-20 00:00:00+09:00,2346.0,2355.0,2313.0,2318.0,189012.0
2018-08-21 00:00:00+09:00,2312.0,2349.0,2312.0,2341.0,135344.0
2018-08-22 00:00:00+09:00,2360.0,2398.0,2341.0,2344.0,274308.0
2018-08-23 00:00:00+09:00,2359.0,2373.0,2340.0,2355.0,176212.0
2018-08-24 00:00:00+09:00,2369.0,2445.0,2355.0,2431.0,481340.0
2018-08-27 00:00:00+09:00,2421.0,2439.0,2406.0,2421.0,215236.0
2018-08-28 00:00:00+09:00,2439.0,2533.0,2425.0,2520.0,710088.0
2018-08-29 00:00:00+09:00,2547.0,2566.0,2439.0,2468.0,535258.0
2018-08-30 00:00:00+09:00,2454.0,2501.0,2445.0,2450.0,361534.0
2018-08-31 00:00:00+09:00,2464.0,2515.0,2450.0,2483.0,267622.0
2018-09-03 00:00:00+09:00,2482.0,2497.0,2421.0,2450.0,371920.0
2018-09-04 00:00:00+09:00,2510.0,2670.0,2449.0,2525.0,2477662.0
2018-09-05 00:00:00+09:00,2497.0,2586.0,2482.0,2497.0,518132.0
2018-09-06 00:00:00+09:00,2501.0,2501.0,2398.0,2403.0,638384.0
2018-09-07 00:00:00+09:00,2398.0,2417.0,2365.0,2370.0,375824.0
2018-09-10 00:00:00+09:00,2369.0,2402.0,2350.0,2379.0,373286.0
2018-09-11 00:00:00+09:00,2369.0,2407.0,2350.0,2365.0,421158.0
2018-09-12 00:00:00+09:00,2473.0,3052.0,2473.0,2808.0,25658462.0
2018-09-13 00:00:00+09:00,2807.0,2811.0,2666.0,2737.0,4051652.0
2018-09-14 00:00:00+09:00,2737.0,3557.0,2708.0,3557.0,51628346.0
2018-09-17 00:00:00+09:00,3740.0,4622.0,3703.0,4622.0,55921738.0
2018-09-18 00:00:00+09:00,4945.0,5676.0,4593.0,4626.0,58866814.0
2018-09-19 00:00:00+09:00,4469.0,4502.0,4225.0,4315.0,7231566.0
2018-09-20 00:00:00+09:00,4240.0,4579.0,4240.0,4537.0,6066236.0
2018-09-21 00:00:00+09:00,4489.0,4852.0,4489.0,4782.0,5112190.0
2018-09-27 00:00:00+09:00,4630.0,4875.0,4343.0,4758.0,13046768.0
2018-09-28 00:00:00+09:00,4733.0,4733.0,4418.0,4447.0,6829994.0
2018-10-01 00:00:00+09:00,4311.0,4358.0,4051.0,4132.0,7304432.0
2018-10-02 00:00:00+09:00,4206.0,4461.0,3839.0,4019.0,10951142.0
2018-10-04 00:00:00+09:00,4018.0,4386.0,3919.0,4179.0,7695528.0
2018-10-05 00:00:00+09:00,4305.0,4389.0,4084.0,4381.0,7271414.0
2018-10-08 00:00:00+09:00,4257.0,4361.0,4103.0,4103.0,3092502.0
2018-10-10 00:00:00+09:00,4122.0,4536.0,4070.0,4207.0,11105674.0
2018-10-11 00:00:00+09:00,3976.0,4240.0,3712.0,3760.0,5064816.0
2018-10-12 00:00:00+09:00,3674.0,3915.0,3594.0,3755.0,7795958.0
2018-10-15 00:00:00+09:00,3754.0,3970.0,3651.0,3684.0,5390786.0
2018-10-16 00:00:00+09:00,3684.0,3891.0,3684.0,3868.0,4923306.0
2018-10-17 00:00:00+09:00,4080.0,4207.0,3835.0,3868.0,7309792.0
2018-10-18 00:00:00+09:00,3909.0,3909.0,3759.0,3792.0,2304312.0
2018-10-19 00:00:00+09:00,3702.0,3791.0,3613.0,3783.0,3317290.0
2018-10-22 00:00:00+09:00,3745.0,3862.0,3664.0,3811.0,3091132.0
2018-10-23 00:00:00+09:00,3763.0,3786.0,3433.0,3434.0,5024162.0
2018-10-24 00:00:00+09:00,3513.0,3541.0,3254.0,3269.0,5307862.0
2018-10-25 00:00:00+09:00,3142.0,3255.0,3038.0,3251.0,4199924.0
2018-10-26 00:00:00+09:00,3293.0,3312.0,2954.0,2954.0,4269028.0
2018-10-29 00:00:00+09:00,2953.0,3076.0,2826.0,2855.0,4184510.0
2018-10-30 00:00:00+09:00,2821.0,3009.0,2774.0,2991.0,4430688.0
2018-10-31 00:00:00+09:00,3015.0,3029.0,2883.0,2902.0,3076424.0
2018-11-01 00:00:00+09:00,2967.0,3155.0,2939.0,3015.0,5602146.0
2018-11-02 00:00:00+09:00,3057.0,3165.0,3029.0,3114.0,4709746.0
2018-11-05 00:00:00+09:00,3099.0,3240.0,3033.0,3175.0,4550136.0
2018-11-06 00:00:00+09:00,3213.0,3217.0,3020.0,3086.0,2756090.0
2018-11-07 00:00:00+09:00,3114.0,3175.0,2954.0,3006.0,2681102.0
2018-11-08 00:00:00+09:00,3113.0,3293.0,3113.0,3293.0,4355994.0
2018-11-09 00:00:00+09:00,3254.0,3282.0,3109.0,3142.0,3874052.0
2018-11-12 00:00:00+09:00,3038.0,3053.0,2916.0,2940.0,3223158.0
2018-11-13 00:00:00+09:00,2968.0,3062.0,2878.0,3034.0,5464888.0
2018-11-14 00:00:00+09:00,3010.0,3118.0,2949.0,3034.0,2949140.0
2018-11-15 00:00:00+09:00,3029.0,3100.0,2987.0,3072.0,1854842.0
2018-11-16 00:00:00+09:00,3080.0,3174.0,3061.0,3123.0,3285236.0
2018-11-19 00:00:00+09:00,3156.0,3175.0,3105.0,3171.0,2930484.0
2018-11-20 00:00:00+09:00,3114.0,3137.0,3062.0,3067.0,2209762.0
2018-11-21 00:00:00+09:00,3010.0,3180.0,2972.0,3166.0,3212526.0
2018-11-22 00:00:00+09:00,3203.0,3255.0,3156.0,3180.0,5089448.0
2018-11-23 00:00:00+09:00,3165.0,3207.0,3062.0,3062.0,2261796.0
2018-11-26 00:00:00+09:00,3038.0,3132.0,3033.0,3062.0,1525196.0
2018-11-27 00:00:00+09:00,3095.0,3133.0,3048.0,3072.0,1402564.0
2018-11-28 00:00:00+09:00,3099.0,3103.0,3024.0,3029.0,1412608.0
2018-11-29 00:00:00+09:00,3056.0,3089.0,2976.0,2991.0,1448836.0
2018-11-30 00:00:00+09:00,2987.0,3128.0,2925.0,3086.0,3101750.0
2018-12-03 00:00:00+09:00,3142.0,3156.0,3081.0,3119.0,2364828.0
2018-12-04 00:00:00+09:00,3136.0,3259.0,3085.0,3109.0,5344124.0
2018-12-05 00:00:00+09:00,3039.0,3104.0,3024.0,3072.0,1572556.0
2018-12-06 00:00:00+09:00,3048.0,3067.0,2939.0,2954.0,2123692.0
2018-12-07 00:00:00+09:00,2991.0,3038.0,2944.0,2954.0,1400462.0
2018-12-10 00:00:00+09:00,2882.0,2887.0,2788.0,2817.0,1546886.0
2018-12-11 00:00:00+09:00,2836.0,2868.0,2647.0,2657.0,2018478.0
2018-12-12 00:00:00+09:00,2656.0,2722.0,2656.0,2704.0,954366.0
2018-12-13 00:00:00+09:00,2718.0,2745.0,2666.0,2718.0,966150.0
2018-12-14 00:00:00+09:00,2721.0,2736.0,2571.0,2600.0,1351444.0
2018-12-17 00:00:00+09:00,2586.0,2591.0,2478.0,2582.0,1186306.0
2018-12-18 00:00:00+09:00,2529.0,2585.0,2515.0,2534.0,933004.0
2018-12-19 00:00:00+09:00,2553.0,2567.0,2459.0,2511.0,1049770.0
2018-12-20 00:00:00+09:00,2510.0,2632.0,2425.0,2440.0,1598262.0
2018-12-21 00:00:00+09:00,2445.0,2643.0,2440.0,2549.0,2985522.0
2018-12-24 00:00:00+09:00,2525.0,2553.0,2454.0,2464.0,980892.0
2018-12-26 00:00:00+09:00,2382.0,2411.0,2319.0,2355.0,1743056.0
2018-12-27 00:00:00+09:00,2421.0,2501.0,2393.0,2417.0,1333174.0
2018-12-28 00:00:00+09:00,2425.0,2594.0,2421.0,2553.0,2245236.0
2019-01-02 00:00:00+09:00,2581.0,2652.0,2544.0,2596.0,1782438.0
2019-01-03 00:00:00+09:00,2594.0,2608.0,2463.0,2468.0,1147472.0
2019-01-04 00:00:00+09:00,2463.0,2548.0,2402.0,2511.0,1008764.0
2019-01-07 00:00:00+09:00,2548.0,2750.0,2538.0,2619.0,5364792.0
2019-01-08 00:00:00+09:00,2624.0,2680.0,2478.0,2483.0,1886782.0
2019-01-09 00:00:00+09:00,2497.0,2657.0,2497.0,2582.0,2108492.0
2019-01-10 00:00:00+09:00,2580.0,2599.0,2534.0,2567.0,868434.0
2019-01-11 00:00:00+09:00,2599.0,2637.0,2567.0,2572.0,1102440.0
2019-01-14 00:00:00+09:00,2566.0,2604.0,2524.0,2539.0,859450.0
2019-01-15 00:00:00+09:00,2558.0,2694.0,2539.0,2629.0,2553500.0
2019-01-16 00:00:00+09:00,2637.0,2665.0,2604.0,2619.0,899030.0
2019-01-17 00:00:00+09:00,2647.0,2788.0,2609.0,2652.0,5152594.0
2019-01-18 00:00:00+09:00,2689.0,2741.0,2647.0,2671.0,2193748.0
2019-01-21 00:00:00+09:00,2670.0,2698.0,2614.0,2633.0,1176938.0
2019-01-22 00:00:00+09:00,2637.0,2674.0,2623.0,2633.0,798394.0
2019-01-23 00:00:00+09:00,2642.0,2745.0,2642.0,2685.0,1648242.0
2019-01-24 00:00:00+09:00,2699.0,2803.0,2671.0,2775.0,2890012.0
2019-01-25 00:00:00+09:00,2775.0,2803.0,2751.0,2775.0,1387542.0
2019-01-28 00:00:00+09:00,2822.0,2822.0,2761.0,2761.0,1339340.0
2019-01-29 00:00:00+09:00,2755.0,2769.0,2685.0,2704.0,922450.0
2019-01-30 00:00:00+09:00,2703.0,2764.0,2703.0,2713.0,888370.0
2019-01-31 00:00:00+09:00,2723.0,2760.0,2713.0,2728.0,915358.0
2019-02-01 00:00:00+09:00,2727.0,2746.0,2666.0,2709.0,865646.0
2019-02-07 00:00:00+09:00,2690.0,2765.0,2685.0,2756.0,867478.0
2019-02-08 00:00:00+09:00,2737.0,2807.0,2732.0,2789.0,1191838.0
2019-02-11 00:00:00+09:00,2821.0,2896.0,2798.0,2850.0,2458046.0
2019-02-12 00:00:00+09:00,2854.0,2873.0,2803.0,2836.0,1002442.0
2019-02-13 00:00:00+09:00,2822.0,2860.0,2812.0,2860.0,860692.0
2019-02-14 00:00:00+09:00,2830.0,2872.0,2812.0,2845.0,826404.0
2019-02-15 00:00:00+09:00,2822.0,2845.0,2756.0,2794.0,863494.0
2019-02-18 00:00:00+09:00,2793.0,2850.0,2793.0,2850.0,601626.0
2019-02-19 00:00:00+09:00,2849.0,2858.0,2812.0,2831.0,515832.0
2019-02-20 00:00:00+09:00,2840.0,2976.0,2817.0,2949.0,2965168.0
2019-02-21 00:00:00+09:00,2953.0,2967.0,2854.0,2864.0,1986286.0
2019-02-22 00:00:00+09:00,2883.0,2921.0,2836.0,2860.0,1067614.0
2019-02-25 00:00:00+09:00,2864.0,2925.0,2855.0,2874.0,965754.0
2019-02-26 00:00:00+09:00,2872.0,2896.0,2807.0,2812.0,1090712.0
2019-02-27 00:00:00+09:00,2817.0,2855.0,2803.0,2841.0,662506.0
2019-02-28 00:00:00+09:00,2831.0,2930.0,2713.0,2723.0,2305650.0
2019-03-04 00:00:00+09:00,2774.0,2911.0,2770.0,2888.0,1563136.0
2019-03-05 00:00:00+09:00,2888.0,2982.0,2878.0,2926.0,2169302.0
2019-03-06 00:00:00+09:00,2925.0,2953.0,2859.0,2888.0,958410.0
2019-03-07 00:00:00+09:00,2869.0,2925.0,2761.0,2827.0,1506774.0
2019-03-08 00:00:00+09:00,2825.0,2872.0,2765.0,2765.0,1026838.0
2019-03-11 00:00:00+09:00,2775.0,2817.0,2619.0,2681.0,1232834.0
2019-03-12 00:00:00+09:00,2708.0,2778.0,2694.0,2751.0,709082.0
2019-03-13 00:00:00+09:00,2750.0,2797.0,2731.0,2746.0,715584.0
2019-03-14 00:00:00+09:00,2751.0,2826.0,2751.0,2789.0,807530.0
2019-03-15 00:00:00+09:00,2797.0,2807.0,2699.0,2704.0,1048338.0
2019-03-18 00:00:00+09:00,2703.0,2774.0,2703.0,2718.0,545534.0
2019-03-19 00:00:00+09:00,2731.0,2764.0,2684.0,2699.0,614234.0
2019-03-20 00:00:00+09:00,3156.0,3505.0,2873.0,3505.0,22526818.0
2019-03-21 00:00:00+09:00,3862.0,4427.0,3834.0,4042.0,71252270.0
2019-03-22 00:00:00+09:00,4084.0,4278.0,3934.0,4132.0,27591930.0
2019-03-25 00:00:00+09:00,4033.0,4782.0,4000.0,4396.0,58529034.0
2019-03-26 00:00:00+09:00,4404.0,4427.0,4287.0,4386.0,4071978.0
2019-03-27 00:00:00+09:00,4409.0,4545.0,4409.0,4466.0,3501712.0
2019-03-28 00:00:00+09:00,4499.0,4650.0,4499.0,4528.0,5046156.0
2019-03-29 00:00:00+09:00,4527.0,4583.0,4108.0,4160.0,14633354.0
2019-04-01 00:00:00+09:00,4197.0,4441.0,4046.0,4221.0,15661984.0
2019-04-02 00:00:00+09:00,4254.0,4428.0,4155.0,4311.0,10940882.0
2019-04-03 00:00:00+09:00,4254.0,4442.0,4211.0,4292.0,7725426.0
2019-04-04 00:00:00+09:00,4282.0,5559.0,4268.0,5559.0,64990426.0
2019-04-05 00:00:00+09:00,5936.0,7209.0,5936.0,7209.0,73364264.0
2019-04-08 00:00:00+09:00,7467.0,7537.0,6501.0,6973.0,28747760.0
2019-04-09 00:00:00+09:00,6807.0,7019.0,6407.0,6737.0,17944286.0
2019-04-10 00:00:00+09:00,6643.0,7397.0,6501.0,6879.0,19565576.0
2019-04-11 00:00:00+09:00,6996.0,7090.0,6596.0,6714.0,5789262.0
2019-04-12 00:00:00+09:00,6830.0,6830.0,6171.0,6313.0,12311290.0
2019-04-15 00:00:00+09:00,6288.0,6288.0,5888.0,6101.0,13100004.0
2019-04-16 00:00:00+09:00,5983.0,6242.0,5724.0,6219.0,13910616.0
2019-04-17 00:00:00+09:00,6124.0,6312.0,5959.0,6195.0,7726904.0
2019-04-18 00:00:00+09:00,6195.0,6525.0,6054.0,6290.0,11962616.0
2019-04-19 00:00:00+09:00,6242.0,6596.0,6172.0,6455.0,8016902.0
2019-04-22 00:00:00+09:00,6407.0,6454.0,5818.0,5866.0,8174656.0
2019-04-23 00:00:00+09:00,5794.0,6006.0,5677.0,5842.0,6324826.0
2019-04-24 00:00:00+09:00,5865.0,5889.0,5229.0,5277.0,12589540.0
2019-04-25 00:00:00+09:00,5300.0,6784.0,5206.0,5960.0,58078276.0
2019-04-26 00:00:00+09:00,6007.0,6572.0,5653.0,5795.0,28145524.0
2019-04-29 00:00:00+09:00,5889.0,6243.0,5842.0,6031.0,12248990.0
2019-04-30 00:00:00+09:00,6266.0,7821.0,6195.0,7821.0,39931036.0
2019-05-02 00:00:00+09:00,8504.0,9210.0,8221.0,8669.0,46448670.0
2019-05-03 00:00:00+09:00,8409.0,8432.0,7491.0,7491.0,18730466.0
2019-05-07 00:00:00+09:00,7326.0,7561.0,7067.0,7209.0,9076808.0
2019-05-08 00:00:00+09:00,6996.0,7161.0,6667.0,6832.0,7952336.0
2019-05-09 00:00:00+09:00,6878.0,7655.0,6831.0,7232.0,18349840.0
2019-05-10 00:00:00+09:00,7325.0,7466.0,6336.0,6737.0,9947536.0
2019-05-13 00:00:00+09:00,6548.0,6595.0,5983.0,6054.0,5888914.0
2019-05-14 00:00:00+09:00,6265.0,6618.0,6147.0,6360.0,7506256.0
2019-05-15 00:00:00+09:00,6572.0,6855.0,6454.0,6714.0,4081440.0
2019-05-16 00:00:00+09:00,6949.0,6973.0,6289.0,6761.0,5544590.0
2019-05-17 00:00:00+09:00,6690.0,6926.0,6596.0,6832.0,2728452.0
2019-05-20 00:00:00+09:00,6830.0,7019.0,6477.0,6525.0,3140118.0
2019-05-21 00:00:00+09:00,6643.0,7373.0,6620.0,7209.0,14584706.0
2019-05-22 00:00:00+09:00,7279.0,9139.0,7137.0,8622.0,43217104.0
2019-05-23 00:00:00+09:00,8715.0,8809.0,7656.0,7656.0,17210366.0
2019-05-24 00:00:00+09:00,7514.0,7585.0,7161.0,7350.0,7694792.0
2019-05-27 00:00:00+09:00,7373.0,8385.0,7349.0,8127.0,16794876.0
2019-05-28 00:00:00+09:00,8245.0,8598.0,7892.0,8222.0,9895792.0
2019-05-29 00:00:00+09:00,7915.0,8434.0,7656.0,8222.0,6353104.0
2019-05-30 00:00:00+09:00,8292.0,8692.0,7915.0,8457.0,10771152.0
2019-05-31 00:00:00+09:00,8575.0,8740.0,8198.0,8222.0,8115452.0
2019-06-03 00:00:00+09:00,8080.0,8339.0,7915.0,8010.0,3916490.0
2019-06-04 00:00:00+09:00,8198.0,8292.0,7750.0,8010.0,4807916.0
2019-06-05 00:00:00+09:00,8150.0,8197.0,7915.0,7915.0,3272500.0
2019-06-07 00:00:00+09:00,7939.0,8080.0,7844.0,8057.0,2852678.0
2019-06-10 00:00:00+09:00,8079.0,9045.0,7938.0,8292.0,15553032.0
2019-06-11 00:00:00+09:00,8315.0,8504.0,8221.0,8363.0,4116780.0
2019-06-12 00:00:00+09:00,8480.0,8715.0,8009.0,8033.0,4479808.0
2019-06-13 00:00:00+09:00,8057.0,8245.0,7985.0,8057.0,2582392.0
2019-06-14 00:00:00+09:00,8056.0,8692.0,7985.0,8198.0,10780040.0
2019-06-17 00:00:00+09:00,8269.0,8363.0,8009.0,8057.0,3056228.0
2019-06-18 00:00:00+09:00,8221.0,9093.0,8127.0,8198.0,13876984.0
2019-06-19 00:00:00+09:00,8315.0,8386.0,8198.0,8198.0,2971590.0
2019-06-20 00:00:00+09:00,8268.0,8316.0,8033.0,8104.0,3200068.0
2019-06-21 00:00:00+09:00,8126.0,8197.0,7891.0,7915.0,3231324.0
2019-06-24 00:00:00+09:00,7986.0,8103.0,7703.0,7727.0,2800262.0
2019-06-25 00:00:00+09:00,7631.0,7914.0,7561.0,7585.0,2819578.0
2019-06-26 00:00:00+09:00,7868.0,9847.0,7797.0,9847.0,72439306.0
2019-06-27 00:00:00+09:00,9965.0,10083.0,8598.0,9023.0,35555364.0
2019-06-28 00:00:00+09:00,9211.0,9894.0,8174.0,8363.0,31486740.0
2019-07-01 00:00:00+09:00,8692.0,9021.0,8056.0,8457.0,15388630.0
2019-07-02 00:00:00+09:00,8480.0,8622.0,8127.0,8198.0,5594850.0
2019-07-03 00:00:00+09:00,8362.0,8456.0,8150.0,8245.0,4030804.0
2019-07-04 00:00:00+09:00,8056.0,8197.0,7820.0,8127.0,4505960.0
2019-07-05 00:00:00+09:00,8221.0,8292.0,8009.0,8198.0,3670894.0
2019-07-08 00:00:00+09:00,8056.0,8151.0,7915.0,7939.0,2626150.0
2019-07-09 00:00:00+09:00,8055.0,8220.0,7891.0,7962.0,3347626.0
2019-07-10 00:00:00+09:00,7938.0,8080.0,7868.0,7986.0,2230688.0
2019-07-11 00:00:00+09:00,8103.0,8150.0,7278.0,7774.0,8005124.0
2019-07-12 00:00:00+09:00,7797.0,7868.0,7632.0,7727.0,2929832.0
2019-07-15 00:00:00+09:00,7655.0,7867.0,7302.0,7326.0,4076804.0
2019-07-16 00:00:00+09:00,7372.0,7631.0,6713.0,6949.0,9570210.0
2019-07-17 00:00:00+09:00,6925.0,7066.0,6595.0,7020.0,6412330.0
2019-07-18 00:00:00+09:00,7019.0,7042.0,6619.0,6643.0,4053086.0
2019-07-19 00:00:00+09:00,6642.0,6877.0,6642.0,6737.0,3333692.0
2019-07-22 00:00:00+09:00,6784.0,7042.0,6713.0,6902.0,3969972.0
2019-07-23 00:00:00+09:00,6877.0,7160.0,6736.0,6784.0,4677826.0
2019-07-24 00:00:00+09:00,6736.0,6854.0,6147.0,6195.0,7552914.0
2019-07-25 00:00:00+09:00,6148.0,6313.0,5936.0,6243.0,5921320.0
2019-07-26 00:00:00+09:00,6171.0,6288.0,6077.0,6101.0,2472908.0
2019-07-29 00:00:00+09:00,6124.0,6219.0,5912.0,5960.0,4375834.0
2019-07-30 00:00:00+09:00,5959.0,6170.0,5959.0,5983.0,3252418.0
2019-07-31 00:00:00+09:00,5936.0,6147.0,5700.0,6101.0,4462744.0
2019-08-01 00:00:00+09:00,6313.0,6714.0,5795.0,5819.0,10606846.0
2019-08-02 00:00:00+09:00,5606.0,5865.0,5323.0,5630.0,4498272.0
2019-08-05 00:00:00+09:00,5581.0,5699.0,5064.0,5182.0,6492372.0
2019-08-06 00:00:00+09:00,5065.0,6360.0,4853.0,5654.0,22024190.0
2019-08-07 00:00:00+09:00,5746.0,5935.0,5276.0,5394.0,7099390.0
2019-08-08 00:00:00+09:00,5558.0,5817.0,5464.0,5512.0,5031672.0
2019-08-09 00:00:00+09:00,5699.0,5841.0,5535.0,5559.0,3902356.0
2019-08-12 00:00:00+09:00,5559.0,5818.0,5559.0,5748.0,3073712.0
2019-08-13 00:00:00+09:00,5653.0,5723.0,5535.0,5630.0,2034208.0
2019-08-14 00:00:00+09:00,5795.0,5818.0,5583.0,5583.0,2299864.0
2019-08-16 00:00:00+09:00,5417.0,6123.0,5417.0,5724.0,6617420.0
2019-08-19 00:00:00+09:00,5794.0,5888.0,5629.0,5630.0,3023666.0
2019-08-20 00:00:00+09:00,5771.0,6313.0,5677.0,5819.0,7299810.0
2019-08-21 00:00:00+09:00,5795.0,6101.0,5747.0,5960.0,5083126.0
2019-08-22 00:00:00+09:00,6053.0,6289.0,5912.0,6007.0,6508620.0
2019-08-23 00:00:00+09:00,5911.0,6053.0,5700.0,5771.0,3470598.0
2019-08-26 00:00:00+09:00,5606.0,5701.0,5418.0,5442.0,3355002.0
2019-08-27 00:00:00+09:00,5534.0,5770.0,5323.0,5394.0,3239794.0
2019-08-28 00:00:00+09:00,5441.0,5748.0,5347.0,5701.0,4065744.0
2019-08-29 00:00:00+09:00,5842.0,5960.0,5606.0,5748.0,3426786.0
2019-08-30 00:00:00+09:00,5864.0,6006.0,5723.0,5771.0,3076508.0
2019-09-02 00:00:00+09:00,5747.0,5982.0,5747.0,5936.0,2863616.0
2019-09-03 00:00:00+09:00,5935.0,6029.0,5888.0,5889.0,1908080.0
2019-09-04 00:00:00+09:00,5888.0,6029.0,5888.0,5936.0,2227838.0
2019-09-05 00:00:00+09:00,6101.0,6172.0,5889.0,5913.0,3433022.0
2019-09-06 00:00:00+09:00,5982.0,5982.0,5888.0,5936.0,1346856.0
2019-09-09 00:00:00+09:00,5983.0,6030.0,5771.0,5795.0,1814554.0
2019-09-10 00:00:00+09:00,5794.0,5841.0,5606.0,5630.0,1472644.0
2019-09-11 00:00:00+09:00,5629.0,5865.0,5606.0,5842.0,1807292.0
2019-09-16 00:00:00+09:00,5865.0,5959.0,5771.0,5889.0,1531132.0
2019-09-17 00:00:00+09:00,5913.0,6501.0,5818.0,6243.0,12251846.0
2019-09-18 00:00:00+09:00,6313.0,6313.0,6031.0,6031.0,3077802.0
2019-09-19 00:00:00+09:00,6053.0,6171.0,5912.0,5936.0,2151574.0
2019-09-20 00:00:00+09:00,5936.0,6241.0,5912.0,6101.0,3469076.0
2019-09-23 00:00:00+09:00,6077.0,6148.0,5960.0,5960.0,1176232.0
2019-09-24 00:00:00+09:00,5818.0,6029.0,5747.0,5889.0,2167728.0
2019-09-25 00:00:00+09:00,5889.0,5936.0,5653.0,5701.0,1573258.0
2019-09-26 00:00:00+09:00,5794.0,5935.0,5653.0,5771.0,2237858.0
2019-09-27 00:00:00+09:00,5747.0,5841.0,5653.0,5771.0,1008552.0
2019-09-30 00:00:00+09:00,5889.0,6030.0,5724.0,5913.0,2244244.0
2019-10-01 00:00:00+09:00,5960.0,6148.0,5842.0,6078.0,4760214.0
2019-10-02 00:00:00+09:00,5912.0,6006.0,5865.0,5936.0,1823156.0
2019-10-04 00:00:00+09:00,5959.0,6053.0,5794.0,5983.0,2023430.0
2019-10-07 00:00:00+09:00,6030.0,6407.0,6030.0,6384.0,10983876.0
2019-10-08 00:00:00+09:00,6359.0,6359.0,6053.0,6195.0,5948556.0
2019-10-10 00:00:00+09:00,6265.0,6337.0,6125.0,6125.0,3398732.0
2019-10-11 00:00:00+09:00,6242.0,7937.0,6171.0,7373.0,63797198.0
2019-10-14 00:00:00+09:00,7584.0,7725.0,7161.0,7326.0,16458578.0
2019-10-15 00:00:00+09:00,7302.0,7679.0,7067.0,7185.0,11679684.0
2019-10-16 00:00:00+09:00,7208.0,7303.0,6879.0,7044.0,7337044.0
2019-10-17 00:00:00+09:00,6996.0,7303.0,6926.0,7209.0,8294076.0
2019-10-18 00:00:00+09:00,7231.0,7231.0,6713.0,6784.0,5403368.0
2019-10-21 00:00:00+09:00,6760.0,6901.0,6642.0,6737.0,2992426.0
2019-10-22 00:00:00+09:00,6784.0,7397.0,6619.0,6667.0,19318624.0
2019-10-23 00:00:00+09:00,6714.0,7020.0,6666.0,6879.0,7268690.0
2019-10-24 00:00:00+09:00,6902.0,6996.0,6454.0,6596.0,6329084.0
2019-10-25 00:00:00+09:00,6548.0,6595.0,6242.0,6313.0,3152674.0
2019-10-28 00:00:00+09:00,6289.0,6549.0,6265.0,6337.0,3088436.0
2019-10-29 00:00:00+09:00,6430.0,6690.0,6407.0,6502.0,3295410.0
2019-10-30 00:00:00+09:00,6525.0,6642.0,6407.0,6502.0,2376574.0
2019-10-31 00:00:00+09:00,6549.0,6831.0,6501.0,6667.0,4467760.0
2019-11-01 00:00:00+09:00,6666.0,7325.0,6548.0,6855.0,17399302.0
2019-11-04 00:00:00+09:00,6878.0,6995.0,6760.0,6808.0,4620366.0
2019-11-05 00:00:00+09:00,6808.0,7161.0,6784.0,6973.0,8042334.0
2019-11-06 00:00:00+09:00,6972.0,7184.0,6854.0,6949.0,4306184.0
2019-11-07 00:00:00+09:00,7019.0,7066.0,6831.0,6855.0,2661684.0
2019-11-08 00:00:00+09:00,6972.0,7207.0,6831.0,6902.0,5558500.0
2019-11-11 00:00:00+09:00,6996.0,7138.0,6878.0,6926.0,3388210.0
2019-11-12 00:00:00+09:00,6996.0,7397.0,6949.0,7044.0,11197930.0
2019-11-13 00:00:00+09:00,7137.0,7161.0,6925.0,6973.0,3040698.0
2019-11-14 00:00:00+09:00,7019.0,7160.0,6949.0,7114.0,3613162.0
2019-11-15 00:00:00+09:00,7161.0,7608.0,7114.0,7279.0,11524064.0
2019-11-18 00:00:00+09:00,7278.0,7372.0,7137.0,7326.0,3192120.0
2019-11-19 00:00:00+09:00,7349.0,7373.0,7091.0,7091.0,2926916.0
2019-11-20 00:00:00+09:00,7090.0,7113.0,6784.0,6855.0,3065790.0
2019-11-21 00:00:00+09:00,6854.0,6924.0,6572.0,6737.0,2911350.0
2019-11-22 00:00:00+09:00,6736.0,6924.0,6642.0,6784.0,2005036.0
2019-11-25 00:00:00+09:00,6925.0,7042.0,6854.0,6949.0,1872150.0
2019-11-26 00:00:00+09:00,6996.0,7232.0,6925.0,7232.0,4459370.0
2019-11-27 00:00:00+09:00,7183.0,7231.0,6760.0,6784.0,3564268.0
2019-11-28 00:00:00+09:00,6832.0,6973.0,6784.0,6832.0,1851620.0
2019-11-29 00:00:00+09:00,6855.0,6996.0,6784.0,6832.0,1580368.0
2019-12-02 00:00:00+09:00,6878.0,6972.0,6807.0,6902.0,1312372.0
2019-12-03 00:00:00+09:00,6830.0,6972.0,6737.0,6737.0,1409914.0
2019-12-04 00:00:00+09:00,6596.0,6761.0,6572.0,6667.0,1291932.0
2019-12-05 00:00:00+09:00,6736.0,6736.0,6195.0,6313.0,2994996.0
2019-12-06 00:00:00+09:00,6289.0,6572.0,6266.0,6502.0,1527464.0
2019-12-09 00:00:00+09:00,6502.0,6690.0,6431.0,6620.0,1163530.0
2019-12-10 00:00:00+09:00,6666.0,7396.0,6572.0,7161.0,14802198.0
2019-12-11 00:00:00+09:00,7161.0,7490.0,7066.0,7279.0,8157608.0
2019-12-12 00:00:00+09:00,7397.0,7420.0,6854.0,6926.0,8851062.0
2019-12-13 00:00:00+09:00,6948.0,6972.0,6737.0,6737.0,4228498.0
2019-12-16 00:00:00+09:00,6783.0,6877.0,6666.0,6737.0,1735746.0
2019-12-17 00:00:00+09:00,6761.0,6808.0,6454.0,6549.0,2505594.0
2019-12-18 00:00:00+09:00,6596.0,6689.0,6454.0,6549.0,2025648.0
2019-12-19 00:00:00+09:00,6548.0,6642.0,6454.0,6478.0,1481786.0
2019-12-20 00:00:00+09:00,6501.0,6595.0,6407.0,6572.0,1406416.0
2019-12-23 00:00:00+09:00,6595.0,6712.0,6524.0,6572.0,1304686.0
2019-12-24 00:00:00+09:00,6572.0,6619.0,6266.0,6290.0,2493202.0
2019-12-26 00:00:00+09:00,6289.0,6406.0,6242.0,6266.0,2326160.0
2019-12-27 00:00:00+09:00,6360.0,6524.0,6336.0,6431.0,1690590.0
2019-12-30 00:00:00+09:00,6549.0,6643.0,6478.0,6620.0,1611372.0
2020-01-02 00:00:00+09:00,6689.0,6689.0,6501.0,6643.0,1213286.0
2020-01-03 00:00:00+09:00,6666.0,6666.0,6502.0,6502.0,1658118.0
2020-01-06 00:00:00+09:00,6313.0,6431.0,6289.0,6337.0,1298458.0
2020-01-07 00:00:00+09:00,6383.0,6501.0,6360.0,6478.0,1263514.0
2020-01-08 00:00:00+09:00,6406.0,6406.0,5935.0,5983.0,3269420.0
2020-01-09 00:00:00+09:00,6218.0,6525.0,6171.0,6525.0,2449688.0
2020-01-10 00:00:00+09:00,6501.0,6643.0,6407.0,6596.0,1589536.0
2020-01-13 00:00:00+09:00,6572.0,6665.0,6524.0,6572.0,985438.0
2020-01-14 00:00:00+09:00,6808.0,7750.0,6596.0,6596.0,21793322.0
2020-01-15 00:00:00+09:00,6619.0,6714.0,6407.0,6455.0,3506964.0
2020-01-16 00:00:00+09:00,6407.0,6548.0,6383.0,6431.0,1864048.0
2020-01-17 00:00:00+09:00,6454.0,6548.0,6430.0,6478.0,1371424.0
2020-01-20 00:00:00+09:00,6478.0,6502.0,6384.0,6408.0,1213454.0
2020-01-21 00:00:00+09:00,6407.0,6407.0,6195.0,6243.0,1421570.0
2020-01-22 00:00:00+09:00,6219.0,6407.0,6195.0,6337.0,884192.0
2020-01-23 00:00:00+09:00,6289.0,6359.0,6242.0,6313.0,627064.0
2020-01-28 00:00:00+09:00,6031.0,6172.0,5889.0,6031.0,1702042.0
2020-01-29 00:00:00+09:00,6078.0,6172.0,6006.0,6078.0,903606.0
2020-01-30 00:00:00+09:00,6053.0,6124.0,5794.0,5842.0,1549776.0
2020-01-31 00:00:00+09:00,5817.0,5911.0,5535.0,5559.0,1711296.0
2020-02-03 00:00:00+09:00,5371.0,5818.0,5276.0,5748.0,1971396.0
2020-02-04 00:00:00+09:00,5747.0,6030.0,5747.0,6007.0,1246740.0
2020-02-05 00:00:00+09:00,6076.0,6076.0,5865.0,5889.0,851288.0
2020-02-06 00:00:00+09:00,5913.0,6077.0,5913.0,6031.0,861450.0
2020-02-07 00:00:00+09:00,6031.0,6125.0,5936.0,6031.0,863182.0
2020-02-10 00:00:00+09:00,5983.0,6077.0,5913.0,6031.0,763216.0
2020-02-11 00:00:00+09:00,6078.0,6242.0,5983.0,6078.0,1419844.0
2020-02-12 00:00:00+09:00,6077.0,6172.0,6030.0,6125.0,819528.0
2020-02-13 00:00:00+09:00,6147.0,6218.0,6077.0,6101.0,878914.0
2020-02-14 00:00:00+09:00,6077.0,6171.0,6053.0,6101.0,734594.0
2020-02-17 00:00:00+09:00,6101.0,6218.0,6054.0,6078.0,927460.0
2020-02-18 00:00:00+09:00,6007.0,6124.0,5936.0,5960.0,960524.0
2020-02-19 00:00:00+09:00,5959.0,6124.0,5865.0,6101.0,812372.0
2020-02-20 00:00:00+09:00,6123.0,6194.0,5936.0,5936.0,1004874.0
2020-02-21 00:00:00+09:00,5841.0,5935.0,5676.0,5771.0,1282910.0
2020-02-24 00:00:00+09:00,5558.0,5629.0,5347.0,5347.0,1555750.0
2020-02-25 00:00:00+09:00,5229.0,5676.0,5229.0,5630.0,1470128.0
2020-02-26 00:00:00+09:00,5464.0,5652.0,5417.0,5559.0,829420.0
2020-02-27 00:00:00+09:00,5558.0,5676.0,5323.0,5394.0,1102694.0
2020-02-28 00:00:00+09:00,5252.0,5370.0,5064.0,5135.0,1642828.0
2020-03-02 00:00:00+09:00,5135.0,5983.0,5088.0,5536.0,3197736.0
2020-03-03 00:00:00+09:00,5653.0,5700.0,5465.0,5536.0,1409844.0
2020-03-04 00:00:00+09:00,5441.0,5701.0,5441.0,5654.0,948316.0
2020-03-05 00:00:00+09:00,5723.0,5794.0,5629.0,5677.0,1186828.0
2020-03-06 00:00:00+09:00,5536.0,5630.0,5465.0,5536.0,846488.0
2020-03-09 00:00:00+09:00,5371.0,5418.0,5229.0,5277.0,1219936.0
2020-03-10 00:00:00+09:00,5158.0,5582.0,5158.0,5465.0,1384576.0
2020-03-11 00:00:00+09:00,5536.0,5536.0,5017.0,5112.0,1526878.0
2020-03-12 00:00:00+09:00,5040.0,5087.0,4659.0,4758.0,3015808.0
2020-03-13 00:00:00+09:00,4192.0,4470.0,3877.0,4287.0,3766922.0
2020-03-16 00:00:00+09:00,4376.0,4555.0,4033.0,4033.0,2451132.0
2020-03-17 00:00:00+09:00,3769.0,4127.0,3769.0,4085.0,3286518.0
2020-03-18 00:00:00+09:00,4098.0,4183.0,3769.0,3769.0,2656260.0
2020-03-19 00:00:00+09:00,3858.0,3915.0,2972.0,3133.0,5231840.0
2020-03-20 00:00:00+09:00,3156.0,3410.0,3104.0,3406.0,3899606.0
2020-03-23 00:00:00+09:00,3109.0,3241.0,3024.0,3067.0,2665954.0
2020-03-24 00:00:00+09:00,3203.0,3741.0,3133.0,3496.0,6007706.0
2020-03-25 00:00:00+09:00,3660.0,3717.0,3490.0,3670.0,3579954.0
2020-03-26 00:00:00+09:00,3722.0,4004.0,3632.0,3755.0,4222336.0
2020-03-27 00:00:00+09:00,3999.0,4013.0,3622.0,3783.0,3414602.0
2020-03-30 00:00:00+09:00,3650.0,4616.0,3636.0,4334.0,10804992.0
2020-03-31 00:00:00+09:00,4551.0,4899.0,4334.0,4457.0,7907412.0
2020-04-01 00:00:00+09:00,4545.0,4668.0,4310.0,4339.0,3257148.0
2020-04-02 00:00:00+09:00,4339.0,4532.0,4155.0,4495.0,2089174.0
2020-04-03 00:00:00+09:00,4504.0,4570.0,4358.0,4429.0,1483286.0
2020-04-06 00:00:00+09:00,4428.0,4653.0,4428.0,4546.0,2845864.0
2020-04-07 00:00:00+09:00,4734.0,4875.0,4598.0,4664.0,3885526.0
2020-04-08 00:00:00+09:00,4734.0,4781.0,4654.0,4678.0,2354188.0
2020-04-09 00:00:00+09:00,4782.0,4829.0,4687.0,4735.0,1862806.0
2020-04-10 00:00:00+09:00,4757.0,4781.0,4461.0,4650.0,2345882.0
2020-04-13 00:00:00+09:00,4711.0,4946.0,4678.0,4711.0,3347456.0
2020-04-14 00:00:00+09:00,4805.0,4852.0,4673.0,4735.0,1838812.0
2020-04-16 00:00:00+09:00,4692.0,4758.0,4626.0,4758.0,1301376.0
2020-04-17 00:00:00+09:00,4876.0,4994.0,4758.0,4900.0,2687228.0
2020-04-20 00:00:00+09:00,4923.0,5017.0,4829.0,4853.0,1499978.0
2020-04-21 00:00:00+09:00,4851.0,4875.0,4588.0,4711.0,2327968.0
2020-04-22 00:00:00+09:00,4702.0,4758.0,4617.0,4735.0,1066378.0
2020-04-23 00:00:00+09:00,4758.0,4806.0,4711.0,4806.0,872762.0
2020-04-24 00:00:00+09:00,4781.0,4875.0,4682.0,4692.0,1517336.0
2020-04-27 00:00:00+09:00,4735.0,4853.0,4692.0,4853.0,1386896.0
2020-04-28 00:00:00+09:00,4946.0,5252.0,4899.0,4923.0,6218854.0
2020-04-29 00:00:00+09:00,4947.0,5418.0,4805.0,5065.0,11547766.0
2020-05-04 00:00:00+09:00,4994.0,5253.0,4947.0,5112.0,2722126.0
2020-05-06 00:00:00+09:00,5206.0,5418.0,5159.0,5324.0,3107976.0
2020-05-07 00:00:00+09:00,5370.0,5511.0,5252.0,5300.0,2439176.0
2020-05-08 00:00:00+09:00,5324.0,5371.0,5253.0,5324.0,1173092.0
2020-05-11 00:00:00+09:00,5323.0,5371.0,5135.0,5159.0,1406328.0
2020-05-12 00:00:00+09:00,5159.0,5253.0,5017.0,5112.0,1059290.0
2020-05-13 00:00:00+09:00,5017.0,5182.0,4994.0,5159.0,798042.0
2020-05-14 00:00:00+09:00,5088.0,5135.0,4923.0,5018.0,1161046.0
2020-05-15 00:00:00+09:00,5088.0,5088.0,4899.0,4947.0,1009414.0
2020-05-18 00:00:00+09:00,4946.0,4969.0,4805.0,4876.0,888944.0
2020-05-19 00:00:00+09:00,4946.0,5181.0,4875.0,5088.0,2124012.0
2020-05-20 00:00:00+09:00,5064.0,5181.0,4993.0,5088.0,1276336.0
2020-05-21 00:00:00+09:00,5112.0,5159.0,5041.0,5065.0,858764.0
2020-05-22 00:00:00+09:00,5041.0,5088.0,4899.0,4947.0,885594.0
2020-05-25 00:00:00+09:00,4923.0,4970.0,4852.0,4947.0,895418.0
2020-05-26 00:00:00+09:00,4946.0,5017.0,4899.0,4994.0,888636.0
2020-05-27 00:00:00+09:00,5064.0,5252.0,5017.0,5182.0,2630508.0
2020-05-28 00:00:00+09:00,5205.0,5205.0,4852.0,4923.0,1614250.0
2020-05-29 00:00:00+09:00,4899.0,5159.0,4829.0,5159.0,1348772.0
2020-06-01 00:00:00+09:00,5112.0,5347.0,5041.0,5230.0,2863300.0
2020-06-02 00:00:00+09:00,5229.0,5347.0,5159.0,5277.0,1640474.0
2020-06-03 00:00:00+09:00,5347.0,5418.0,5229.0,5277.0,1878162.0
2020-06-04 00:00:00+09:00,5323.0,5323.0,5135.0,5206.0,1181488.0
2020-06-05 00:00:00+09:00,5159.0,5371.0,5112.0,5277.0,1434776.0
2020-06-08 00:00:00+09:00,5347.0,5654.0,5253.0,5654.0,6441690.0
2020-06-09 00:00:00+09:00,5652.0,5699.0,5417.0,5512.0,2688856.0
2020-06-10 00:00:00+09:00,5535.0,5865.0,5441.0,5795.0,5758502.0
2020-06-11 00:00:00+09:00,5795.0,5936.0,5606.0,5701.0,3553554.0
2020-06-12 00:00:00+09:00,5347.0,5488.0,5276.0,5418.0,2354992.0
2020-06-15 00:00:00+09:00,5394.0,5442.0,4806.0,4806.0,2767852.0
2020-06-16 00:00:00+09:00,5182.0,6241.0,5158.0,5771.0,43672698.0
2020-06-17 00:00:00+09:00,5841.0,5982.0,5559.0,5677.0,10434604.0
2020-06-18 00:00:00+09:00,5818.0,6948.0,5724.0,6313.0,38527454.0
2020-06-19 00:00:00+09:00,6383.0,7373.0,6242.0,6596.0,31295922.0
2020-06-22 00:00:00+09:00,6689.0,6689.0,6360.0,6525.0,4431168.0
2020-06-23 00:00:00+09:00,6572.0,6737.0,6101.0,6172.0,5851214.0
2020-06-24 00:00:00+09:00,6195.0,6336.0,6030.0,6219.0,2958664.0
2020-06-25 00:00:00+09:00,6077.0,6290.0,6054.0,6243.0,2820430.0
2020-06-26 00:00:00+09:00,6289.0,6337.0,6077.0,6125.0,1874904.0
2020-06-29 00:00:00+09:00,6054.0,6124.0,5912.0,6054.0,1749030.0
2020-06-30 00:00:00+09:00,6619.0,7868.0,6172.0,6243.0,46570144.0
2020-07-01 00:00:00+09:00,6194.0,6335.0,5959.0,5983.0,5218158.0
2020-07-02 00:00:00+09:00,6077.0,6194.0,6007.0,6007.0,3751322.0
2020-07-03 00:00:00+09:00,6030.0,6195.0,5936.0,6125.0,2542348.0
2020-07-06 00:00:00+09:00,6194.0,6241.0,6030.0,6148.0,1731394.0
2020-07-07 00:00:00+09:00,6241.0,6241.0,6100.0,6195.0,1366240.0
2020-07-08 00:00:00+09:00,6171.0,6171.0,6030.0,6054.0,1241694.0
2020-07-09 00:00:00+09:00,6100.0,6124.0,5794.0,5842.0,2885422.0
2020-07-10 00:00:00+09:00,5817.0,5817.0,5582.0,5630.0,2029502.0
2020-07-13 00:00:00+09:00,5654.0,5818.0,5512.0,5654.0,2140186.0
2020-07-14 00:00:00+09:00,5889.0,6455.0,5795.0,5819.0,10758132.0
2020-07-15 00:00:00+09:00,5864.0,5911.0,5629.0,5771.0,2243080.0
2020-07-16 00:00:00+09:00,5794.0,5794.0,5606.0,5630.0,1384072.0
2020-07-17 00:00:00+09:00,5630.0,5748.0,5630.0,5654.0,870970.0
2020-07-20 00:00:00+09:00,5630.0,5677.0,5418.0,5607.0,1813350.0
2020-07-21 00:00:00+09:00,5630.0,5865.0,5606.0,5795.0,2377544.0
2020-07-22 00:00:00+09:00,5818.0,6125.0,5677.0,5913.0,4778758.0
2020-07-23 00:00:00+09:00,5912.0,6101.0,5794.0,6101.0,4115084.0
2020-07-24 00:00:00+09:00,6242.0,6761.0,6101.0,6125.0,16920940.0
2020-07-27 00:00:00+09:00,6125.0,6125.0,5889.0,5913.0,2813738.0
2020-07-28 00:00:00+09:00,5936.0,6125.0,5889.0,5913.0,2351630.0
2020-07-29 00:00:00+09:00,5865.0,5935.0,5794.0,5842.0,1292036.0
2020-07-30 00:00:00+09:00,5842.0,5889.0,5677.0,5748.0,1886634.0
2020-07-31 00:00:00+09:00,5794.0,5865.0,5747.0,5842.0,1178118.0
2020-08-03 00:00:00+09:00,5842.0,6007.0,5724.0,5866.0,2149434.0
2020-08-04 00:00:00+09:00,5936.0,6030.0,5865.0,5913.0,1836964.0
2020-08-05 00:00:00+09:00,6006.0,6171.0,5912.0,6148.0,3689666.0
2020-08-06 00:00:00+09:00,6148.0,6290.0,6030.0,6078.0,3253944.0
2020-08-07 00:00:00+09:00,6148.0,6172.0,5983.0,6031.0,1710998.0
2020-08-10 00:00:00+09:00,6123.0,6123.0,5888.0,5936.0,1565588.0
2020-08-11 00:00:00+09:00,6006.0,6100.0,5912.0,6054.0,2165110.0
2020-08-12 00:00:00+09:00,6029.0,6053.0,5841.0,5889.0,1483406.0
2020-08-13 00:00:00+09:00,5960.0,6007.0,5865.0,5960.0,1681718.0
2020-08-14 00:00:00+09:00,5959.0,6006.0,5818.0,5842.0,1167270.0
2020-08-18 00:00:00+09:00,5841.0,5888.0,5394.0,5418.0,2229282.0
2020-08-19 00:00:00+09:00,5394.0,5583.0,5394.0,5489.0,966920.0
2020-08-20 00:00:00+09:00,5440.0,5558.0,5182.0,5182.0,1786732.0
2020-08-21 00:00:00+09:00,5230.0,5324.0,5088.0,5230.0,1078882.0
2020-08-24 00:00:00+09:00,5205.0,5370.0,5087.0,5300.0,1243002.0
2020-08-25 00:00:00+09:00,5323.0,5653.0,5300.0,5536.0,2167976.0
2020-08-26 00:00:00+09:00,5583.0,5583.0,5394.0,5489.0,1220000.0
2020-08-27 00:00:00+09:00,5511.0,5535.0,5276.0,5300.0,1225210.0
2020-08-28 00:00:00+09:00,5347.0,5440.0,5299.0,5347.0,1050072.0
2020-08-31 00:00:00+09:00,5417.0,5440.0,5276.0,5347.0,846038.0
2020-09-01 00:00:00+09:00,5300.0,5558.0,5276.0,5465.0,1292292.0
2020-09-02 00:00:00+09:00,5488.0,5583.0,5394.0,5536.0,1156438.0
2020-09-03 00:00:00+09:00,5559.0,5770.0,5535.0,5677.0,2228212.0
2020-09-04 00:00:00+09:00,5418.0,5583.0,5394.0,5536.0,1147156.0
2020-09-07 00:00:00+09:00,5559.0,5629.0,5464.0,5559.0,1056444.0
2020-09-08 00:00:00+09:00,5559.0,5630.0,5465.0,5489.0,882764.0
2020-09-09 00:00:00+09:00,5347.0,5464.0,5347.0,5418.0,815442.0
2020-09-10 00:00:00+09:00,5489.0,5536.0,5394.0,5442.0,733872.0
2020-09-11 00:00:00+09:00,5418.0,5465.0,5371.0,5442.0,820792.0
2020-09-14 00:00:00+09:00,5465.0,5677.0,5442.0,5607.0,1708234.0
2020-09-15 00:00:00+09:00,5653.0,5677.0,5488.0,5536.0,1021070.0
2020-09-16 00:00:00+09:00,5536.0,5583.0,5441.0,5489.0,795100.0
2020-09-17 00:00:00+09:00,5489.0,5607.0,5442.0,5607.0,1009518.0
2020-09-18 00:00:00+09:00,5583.0,5606.0,5465.0,5536.0,868394.0
2020-09-21 00:00:00+09:00,5583.0,5606.0,5442.0,5442.0,1054798.0
2020-09-22 00:00:00+09:00,5488.0,5511.0,5253.0,5253.0,1027436.0
2020-09-23 00:00:00+09:00,5275.0,5370.0,4970.0,5088.0,1305662.0
2020-09-24 00:00:00+09:00,4922.0,5016.0,4758.0,4829.0,1352396.0
2020-09-25 00:00:00+09:00,4852.0,4922.0,4687.0,4829.0,1155360.0
2020-09-28 00:00:00+09:00,4876.0,4994.0,4829.0,4994.0,518874.0
2020-09-29 00:00:00+09:00,5017.0,5276.0,5017.0,5206.0,846376.0
2020-10-05 00:00:00+09:00,5135.0,5371.0,5112.0,5277.0,504414.0
2020-10-06 00:00:00+09:00,5324.0,5371.0,5159.0,5230.0,476228.0
2020-10-07 00:00:00+09:00,5159.0,5324.0,5135.0,5277.0,371112.0
2020-10-08 00:00:00+09:00,5324.0,5347.0,5182.0,5277.0,446274.0
2020-10-12 00:00:00+09:00,5300.0,5324.0,5206.0,5230.0,349148.0
2020-10-13 00:00:00+09:00,5228.0,5275.0,5111.0,5182.0,550664.0
2020-10-14 00:00:00+09:00,5135.0,5182.0,4970.0,4994.0,853154.0
2020-10-15 00:00:00+09:00,5017.0,5041.0,4829.0,4900.0,752760.0
2020-10-16 00:00:00+09:00,4899.0,4899.0,4711.0,4782.0,726062.0
2020-10-19 00:00:00+09:00,4782.0,5041.0,4782.0,5018.0,633020.0
2020-10-20 00:00:00+09:00,4970.0,5017.0,4805.0,4900.0,473460.0
2020-10-21 00:00:00+09:00,4947.0,5018.0,4876.0,5018.0,384562.0
2020-10-22 00:00:00+09:00,4947.0,4994.0,4876.0,4947.0,342318.0
2020-10-23 00:00:00+09:00,4922.0,4969.0,4852.0,4876.0,406460.0
2020-10-26 00:00:00+09:00,4852.0,4875.0,4711.0,4829.0,520078.0
2020-10-27 00:00:00+09:00,4734.0,4922.0,4734.0,4876.0,559926.0
2020-10-28 00:00:00+09:00,4852.0,4947.0,4805.0,4947.0,333714.0
2020-10-29 00:00:00+09:00,5182.0,5889.0,5135.0,5277.0,25206700.0
2020-10-30 00:00:00+09:00,5347.0,5512.0,5159.0,5159.0,4372474.0
2020-11-02 00:00:00+09:00,5229.0,5323.0,5159.0,5159.0,1614556.0
2020-11-03 00:00:00+09:00,5159.0,5394.0,5159.0,5230.0,2083566.0
2020-11-04 00:00:00+09:00,5276.0,5323.0,5158.0,5253.0,1542448.0
2020-11-05 00:00:00+09:00,5347.0,5440.0,5276.0,5347.0,1739298.0
2020-11-06 00:00:00+09:00,5393.0,5417.0,5205.0,5253.0,1294156.0
2020-11-09 00:00:00+09:00,5300.0,5371.0,5229.0,5277.0,1357706.0
2020-11-10 00:00:00+09:00,5277.0,5324.0,5182.0,5230.0,1382818.0
2020-11-11 00:00:00+09:00,5206.0,5299.0,5182.0,5206.0,1117730.0
2020-11-12 00:00:00+09:00,5228.0,5228.0,5111.0,5135.0,1102284.0
2020-11-13 00:00:00+09:00,5088.0,5112.0,4947.0,5018.0,944644.0
2020-11-16 00:00:00+09:00,4970.0,5159.0,4947.0,5065.0,761284.0
2020-11-17 00:00:00+09:00,5063.0,5087.0,4946.0,4970.0,831998.0
2020-11-18 00:00:00+09:00,4947.0,5065.0,4947.0,5018.0,576242.0
2020-11-19 00:00:00+09:00,4970.0,5018.0,4923.0,5018.0,796358.0
2020-11-20 00:00:00+09:00,4993.0,5158.0,4970.0,5088.0,999102.0
2020-11-23 00:00:00+09:00,5088.0,5346.0,5040.0,5253.0,1606970.0
2020-11-24 00:00:00+09:00,5253.0,5347.0,5135.0,5277.0,1408044.0
2020-11-25 00:00:00+09:00,5275.0,5323.0,4993.0,5088.0,1291158.0
2020-11-26 00:00:00+09:00,5040.0,5370.0,5040.0,5347.0,1767130.0
2020-11-27 00:00:00+09:00,5489.0,5489.0,5182.0,5277.0,1946238.0
2020-11-30 00:00:00+09:00,5300.0,5324.0,5111.0,5324.0,864074.0
2020-12-01 00:00:00+09:00,5370.0,5440.0,5205.0,5253.0,2303802.0
2020-12-02 00:00:00+09:00,5275.0,5322.0,5134.0,5182.0,898312.0
2020-12-03 00:00:00+09:00,5111.0,5181.0,5064.0,5088.0,1117758.0
2020-12-04 00:00:00+09:00,5087.0,5134.0,4970.0,5041.0,1065406.0
2020-12-07 00:00:00+09:00,5041.0,5064.0,4899.0,4947.0,1281436.0
2020-12-08 00:00:00+09:00,5064.0,6431.0,5017.0,6431.0,34418524.0
2020-12-09 00:00:00+09:00,7066.0,7254.0,6006.0,6101.0,60072232.0
2020-12-10 00:00:00+09:00,6100.0,7820.0,5936.0,6949.0,101512726.0
2020-12-11 00:00:00+09:00,7020.0,7796.0,6949.0,7020.0,51120548.0
2020-12-14 00:00:00+09:00,7232.0,9117.0,7020.0,9117.0,81285490.0
2020-12-15 00:00:00+09:00,8905.0,9329.0,8669.0,9235.0,8940292.0
2020-12-16 00:00:00+09:00,9305.0,11025.0,9305.0,10460.0,7977462.0
2020-12-17 00:00:00+09:00,10459.0,12391.0,10459.0,12391.0,6221130.0
2020-12-18 00:00:00+09:00,12956.0,16090.0,12956.0,16090.0,5851926.0
2020-12-22 00:00:00+09:00,17056.0,19883.0,17033.0,17033.0,7020190.0
2020-12-23 00:00:00+09:00,15595.0,17338.0,11944.0,11944.0,43815856.0
2020-12-24 00:00:00+09:00,11614.0,11755.0,9376.0,10413.0,45020714.0
2020-12-28 00:00:00+09:00,10624.0,11237.0,9682.0,9706.0,26235688.0
2020-12-29 00:00:00+09:00,10601.0,12604.0,10130.0,12604.0,46023312.0
2020-12-30 00:00:00+09:00,13569.0,15736.0,12862.0,13758.0,48204238.0
2021-01-04 00:00:00+09:00,14675.0,14817.0,12650.0,13993.0,19402778.0
2021-01-05 00:00:00+09:00,13428.0,17032.0,12933.0,14559.0,28736280.0
2021-01-06 00:00:00+09:00,14440.0,15523.0,13922.0,14370.0,11817184.0
2021-01-07 00:00:00+09:00,13969.0,14675.0,13427.0,14370.0,7948712.0
2021-01-08 00:00:00+09:00,14653.0,14653.0,13663.0,13758.0,5991216.0
2021-01-11 00:00:00+09:00,13239.0,13333.0,11873.0,12533.0,11161476.0
2021-01-12 00:00:00+09:00,13545.0,14840.0,12933.0,13098.0,33947496.0
2021-01-13 00:00:00+09:00,12720.0,12932.0,12061.0,12085.0,7287718.0
2021-01-14 00:00:00+09:00,11543.0,12932.0,11307.0,12085.0,15385284.0
2021-01-15 00:00:00+09:00,11707.0,12437.0,11589.0,11590.0,6984298.0
2021-01-18 00:00:00+09:00,11354.0,11708.0,10718.0,10978.0,7366226.0
2021-01-19 00:00:00+09:00,11401.0,11589.0,10506.0,11119.0,11305008.0
2021-01-20 00:00:00+09:00,11024.0,12367.0,10765.0,11284.0,12387262.0
2021-01-21 00:00:00+09:00,11354.0,12061.0,11260.0,11402.0,6832372.0
2021-01-22 00:00:00+09:00,11449.0,11473.0,10931.0,11002.0,3389772.0
2021-01-25 00:00:00+09:00,11119.0,11543.0,10836.0,11355.0,4775756.0
2021-01-26 00:00:00+09:00,11520.0,13169.0,11378.0,12274.0,26010350.0
2021-01-27 00:00:00+09:00,11966.0,12131.0,11095.0,11119.0,5537626.0
2021-01-28 00:00:00+09:00,10577.0,11330.0,10506.0,10577.0,3780746.0
2021-01-29 00:00:00+09:00,10789.0,11331.0,10412.0,10719.0,4375756.0
2021-02-01 00:00:00+09:00,10765.0,11212.0,10436.0,11025.0,2979954.0
2021-02-02 00:00:00+09:00,11095.0,14323.0,10907.0,14323.0,39636332.0
2021-02-03 00:00:00+09:00,14983.0,16019.0,12980.0,14300.0,53631924.0
2021-02-04 00:00:00+09:00,13663.0,14464.0,13592.0,13852.0,12806360.0
2021-02-05 00:00:00+09:00,14182.0,15289.0,13993.0,14630.0,29017658.0
2021-02-08 00:00:00+09:00,15053.0,18633.0,14888.0,15289.0,50530340.0
2021-02-09 00:00:00+09:00,15218.0,17197.0,13664.0,14465.0,45345920.0
2021-02-10 00:00:00+09:00,14511.0,15359.0,14275.0,14912.0,13613242.0
2021-02-15 00:00:00+09:00,14912.0,17268.0,14417.0,16703.0,31378698.0
2021-02-16 00:00:00+09:00,16584.0,17974.0,16254.0,16255.0,20394790.0
2021-02-17 00:00:00+09:00,16819.0,17173.0,16160.0,16302.0,7732698.0
2021-02-18 00:00:00+09:00,16019.0,16302.0,14983.0,14983.0,6808168.0
2021-02-19 00:00:00+09:00,14841.0,17338.0,14606.0,16797.0,24998958.0
2021-02-22 00:00:00+09:00,18468.0,19552.0,17244.0,17480.0,24012342.0
2021-02-23 00:00:00+09:00,17480.0,21790.0,17150.0,21061.0,64060466.0
2021-02-24 00:00:00+09:00,22239.0,22804.0,18847.0,18847.0,24230276.0
2021-02-25 00:00:00+09:00,22710.0,24501.0,21509.0,24501.0,21653484.0
2021-02-26 00:00:00+09:00,26385.0,31238.0,25018.0,25773.0,55166186.0
2021-03-02 00:00:00+09:00,25160.0,26149.0,23346.0,24972.0,23479646.0
2021-03-03 00:00:00+09:00,25348.0,26337.0,24547.0,25066.0,10011528.0
2021-03-04 00:00:00+09:00,24171.0,24736.0,23134.0,23323.0,6840434.0
2021-03-05 00:00:00+09:00,23323.0,25066.0,22451.0,24501.0,13431902.0
2021-03-08 00:00:00+09:00,24406.0,24642.0,23322.0,23370.0,4374422.0
2021-03-09 00:00:00+09:00,22921.0,24453.0,21862.0,22616.0,8083190.0
2021-03-10 00:00:00+09:00,23134.0,23888.0,22475.0,22852.0,4018924.0
2021-03-11 00:00:00+09:00,22615.0,22827.0,21956.0,22239.0,4227794.0
2021-03-12 00:00:00+09:00,22239.0,24735.0,22168.0,24218.0,9395042.0
2021-03-15 00:00:00+09:00,24029.0,26054.0,23652.0,25066.0,9060612.0
2021-03-16 00:00:00+09:00,25348.0,25583.0,24594.0,24689.0,3423242.0
2021-03-17 00:00:00+09:00,24641.0,26101.0,24406.0,25160.0,5361720.0
2021-03-18 00:00:00+09:00,25112.0,25677.0,24783.0,25584.0,3458212.0
2021-03-19 00:00:00+09:00,25112.0,25772.0,23228.0,24265.0,6188372.0
2021-03-22 00:00:00+09:00,24030.0,24030.0,22640.0,22805.0,4805006.0
2021-03-23 00:00:00+09:00,22662.0,22992.0,21437.0,22286.0,5120958.0
2021-03-24 00:00:00+09:00,22357.0,24030.0,20354.0,24030.0,9643992.0
2021-03-25 00:00:00+09:00,23323.0,23370.0,21297.0,21297.0,6060188.0
2021-03-26 00:00:00+09:00,20825.0,22262.0,19883.0,20967.0,9607492.0
2021-03-29 00:00:00+09:00,20472.0,21155.0,20213.0,20237.0,3644210.0
2021-03-30 00:00:00+09:00,20047.0,20636.0,19624.0,20001.0,3338082.0
2021-03-31 00:00:00+09:00,20142.0,21297.0,20071.0,20284.0,3258804.0
2021-04-01 00:00:00+09:00,20448.0,22309.0,20401.0,21485.0,6510664.0
2021-04-02 00:00:00+09:00,21767.0,21815.0,20849.0,20967.0,2379882.0
2021-04-05 00:00:00+09:00,21037.0,21509.0,20401.0,21250.0,2296046.0
2021-04-06 00:00:00+09:00,21225.0,21413.0,20260.0,20260.0,2621934.0
2021-04-07 00:00:00+09:00,20236.0,20590.0,19789.0,19860.0,2250618.0
2021-04-08 00:00:00+09:00,20684.0,25489.0,20283.0,22828.0,26279378.0
2021-04-09 00:00:00+09:00,23323.0,23841.0,22098.0,22216.0,5614060.0
2021-04-12 00:00:00+09:00,22473.0,22850.0,21838.0,22074.0,3201696.0
2021-04-13 00:00:00+09:00,21838.0,23463.0,21649.0,22380.0,7592714.0
2021-04-14 00:00:00+09:00,22380.0,23369.0,22215.0,23346.0,6907936.0
2021-04-15 00:00:00+09:00,23345.0,23981.0,22804.0,22828.0,5043506.0
2021-04-16 00:00:00+09:00,22828.0,23276.0,22757.0,22805.0,1729676.0
2021-04-19 00:00:00+09:00,25819.0,26149.0,22922.0,22993.0,7230014.0
2021-04-20 00:00:00+09:00,23087.0,23840.0,22804.0,23087.0,4260216.0
2021-04-21 00:00:00+09:00,23087.0,24029.0,22993.0,23276.0,5252514.0
2021-04-22 00:00:00+09:00,23134.0,23346.0,22215.0,22310.0,3739260.0
2021-04-23 00:00:00+09:00,21956.0,22427.0,21721.0,21721.0,2536682.0
2021-04-26 00:00:00+09:00,21460.0,21531.0,21013.0,21061.0,2416070.0
2021-04-27 00:00:00+09:00,21061.0,21532.0,20307.0,20614.0,2686748.0
2021-04-28 00:00:00+09:00,20990.0,22898.0,20825.0,21061.0,9277090.0
2021-04-29 00:00:00+09:00,20967.0,21391.0,20307.0,20543.0,2713280.0
2021-04-30 00:00:00+09:00,20377.0,20731.0,19482.0,19577.0,2777894.0
2021-05-03 00:00:00+09:00,19529.0,19741.0,17927.0,17975.0,4948474.0
2021-05-04 00:00:00+09:00,17951.0,18233.0,17291.0,18022.0,3839666.0
2021-05-06 00:00:00+09:00,17833.0,18187.0,17503.0,17551.0,2168346.0
2021-05-07 00:00:00+09:00,17574.0,18163.0,17480.0,17669.0,2136998.0
2021-05-10 00:00:00+09:00,17715.0,18469.0,17692.0,17975.0,2644798.0
2021-05-11 00:00:00+09:00,18303.0,19858.0,17974.0,17998.0,5785746.0
2021-05-12 00:00:00+09:00,17975.0,17975.0,16585.0,16703.0,4283954.0
2021-05-13 00:00:00+09:00,16254.0,21201.0,16207.0,18163.0,28581486.0
2021-05-14 00:00:00+09:00,19057.0,20942.0,18445.0,18540.0,22735170.0
2021-05-17 00:00:00+09:00,18539.0,19199.0,17150.0,17268.0,4784258.0
2021-05-18 00:00:00+09:00,17150.0,18751.0,16726.0,17268.0,5473766.0
2021-05-20 00:00:00+09:00,17080.0,18658.0,17080.0,18423.0,7159916.0
2021-05-21 00:00:00+09:00,18422.0,18446.0,17668.0,17881.0,3264258.0
2021-05-24 00:00:00+09:00,18657.0,19316.0,17998.0,17998.0,7390272.0
2021-05-25 00:00:00+09:00,18303.0,18586.0,17950.0,17998.0,2687418.0
2021-05-26 00:00:00+09:00,17997.0,18115.0,17574.0,17574.0,1885866.0
2021-05-27 00:00:00+09:00,17480.0,18068.0,17480.0,17810.0,1814332.0
2021-05-28 00:00:00+09:00,17810.0,17998.0,17574.0,17716.0,1772096.0
2021-05-31 00:00:00+09:00,17810.0,17951.0,17174.0,17292.0,1797066.0
2021-06-01 00:00:00+09:00,17243.0,17479.0,16796.0,16985.0,2164480.0
2021-06-02 00:00:00+09:00,16891.0,17103.0,16490.0,16538.0,2228890.0
2021-06-03 00:00:00+09:00,16538.0,16985.0,16491.0,16656.0,1430818.0
2021-06-04 00:00:00+09:00,16702.0,17149.0,16702.0,16726.0,1590006.0
2021-06-07 00:00:00+09:00,16726.0,16797.0,15925.0,15949.0,2674394.0
2021-06-08 00:00:00+09:00,15972.0,17832.0,15312.0,16514.0,7815048.0
2021-06-09 00:00:00+09:00,16702.0,16796.0,15783.0,15831.0,2219412.0
2021-06-10 00:00:00+09:00,15643.0,18658.0,15524.0,17410.0,20797264.0
2021-06-11 00:00:00+09:00,17149.0,18162.0,16608.0,16891.0,8805442.0
2021-06-14 00:00:00+09:00,17150.0,18281.0,16962.0,17339.0,6075384.0
2021-06-15 00:00:00+09:00,17974.0,18539.0,17409.0,17480.0,6838382.0
2021-06-16 00:00:00+09:00,18115.0,18987.0,17715.0,17951.0,10587734.0
2021-06-17 00:00:00+09:00,18233.0,18680.0,18021.0,18116.0,4641084.0
2021-06-18 00:00:00+09:00,18563.0,18681.0,17927.0,17975.0,3721302.0
2021-06-21 00:00:00+09:00,17834.0,18375.0,17480.0,17834.0,2760054.0
2021-06-22 00:00:00+09:00,17903.0,18045.0,17433.0,17433.0,1993772.0
2021-06-23 00:00:00+09:00,17433.0,18234.0,17268.0,18234.0,4216082.0
2021-06-24 00:00:00+09:00,18375.0,18399.0,17598.0,17622.0,2361854.0
2021-06-25 00:00:00+09:00,17621.0,18256.0,17456.0,17692.0,3388050.0
2021-06-28 00:00:00+09:00,17738.0,18068.0,17456.0,17480.0,2505746.0
2021-06-29 00:00:00+09:00,17479.0,17668.0,17197.0,17221.0,1652580.0
2021-06-30 00:00:00+09:00,17244.0,17433.0,16773.0,17080.0,2029676.0
2021-07-01 00:00:00+09:00,17079.0,17291.0,16915.0,16915.0,1267448.0
2021-07-02 00:00:00+09:00,17008.0,17691.0,16890.0,17150.0,2608580.0
2021-07-05 00:00:00+09:00,17362.0,18257.0,17362.0,17975.0,6917216.0
2021-07-06 00:00:00+09:00,17738.0,17738.0,17220.0,17433.0,2836802.0
2021-07-07 00:00:00+09:00,17574.0,18092.0,17386.0,17763.0,3575778.0
2021-07-08 00:00:00+09:00,18068.0,18350.0,17574.0,17574.0,3742372.0
2021-07-09 00:00:00+09:00,17290.0,17832.0,16985.0,17103.0,2071526.0
2021-07-12 00:00:00+09:00,17150.0,17221.0,16632.0,16656.0,1685622.0
2021-07-13 00:00:00+09:00,16655.0,17573.0,16443.0,17433.0,3286224.0
2021-07-14 00:00:00+09:00,17267.0,17267.0,16891.0,16891.0,1375378.0
2021-07-15 00:00:00+09:00,16937.0,17055.0,16608.0,16679.0,1236806.0
2021-07-16 00:00:00+09:00,16679.0,17009.0,16514.0,16703.0,1244610.0
2021-07-19 00:00:00+09:00,16561.0,17197.0,16279.0,16444.0,1869474.0
2021-07-20 00:00:00+09:00,16019.0,16585.0,15996.0,16114.0,1360234.0
2021-07-21 00:00:00+09:00,16207.0,16371.0,15972.0,15972.0,1087868.0
2021-07-22 00:00:00+09:00,15925.0,16114.0,15336.0,15478.0,1826084.0
2021-07-23 00:00:00+09:00,15406.0,16183.0,15406.0,15619.0,1718620.0
2021-07-26 00:00:00+09:00,15995.0,16089.0,15077.0,15077.0,1814880.0
2021-07-27 00:00:00+09:00,15101.0,15689.0,15006.0,15101.0,1557400.0
2021-07-28 00:00:00+09:00,14982.0,15147.0,14653.0,14818.0,1720362.0
2021-07-29 00:00:00+09:00,14935.0,15689.0,14841.0,15148.0,3678958.0
2021-07-30 00:00:00+09:00,15076.0,15123.0,13781.0,14064.0,4328618.0
2021-08-02 00:00:00+09:00,13898.0,14605.0,13875.0,14323.0,1799512.0
2021-08-03 00:00:00+09:00,14158.0,14559.0,14135.0,14465.0,1190378.0
2021-08-04 00:00:00+09:00,14417.0,14841.0,14252.0,14771.0,1399828.0
2021-08-05 00:00:00+09:00,14605.0,15123.0,14605.0,14700.0,1356124.0
2021-08-06 00:00:00+09:00,14817.0,14912.0,14464.0,14724.0,1025790.0
2021-08-09 00:00:00+09:00,14675.0,14770.0,14252.0,14276.0,1087062.0
2021-08-10 00:00:00+09:00,14276.0,16420.0,14253.0,15007.0,12413070.0
2021-08-11 00:00:00+09:00,14794.0,15195.0,14606.0,14983.0,1776230.0
2021-08-12 00:00:00+09:00,14817.0,15641.0,14817.0,15077.0,2597320.0
2021-08-13 00:00:00+09:00,14983.0,15454.0,14676.0,14771.0,1748614.0
2021-08-17 00:00:00+09:00,14983.0,15760.0,14959.0,15478.0,3337424.0
2021-08-18 00:00:00+09:00,15312.0,15736.0,14912.0,15619.0,1840102.0
2021-08-19 00:00:00+09:00,15453.0,17008.0,15453.0,16679.0,7865942.0
2021-08-20 00:00:00+09:00,16396.0,16467.0,15289.0,15855.0,4350054.0
2021-08-23 00:00:00+09:00,15760.0,15972.0,15383.0,15431.0,1481588.0
2021-08-24 00:00:00+09:00,15595.0,15783.0,15194.0,15619.0,1706348.0
2021-08-25 00:00:00+09:00,15548.0,16913.0,15406.0,16349.0,5523748.0
2021-08-26 00:00:00+09:00,16372.0,16749.0,15972.0,16255.0,2336356.0
2021-08-27 00:00:00+09:00,16396.0,16491.0,15148.0,15219.0,3098444.0
2021-08-30 00:00:00+09:00,15124.0,15148.0,14229.0,14677.0,2937638.0
2021-08-31 00:00:00+09:00,14417.0,14981.0,14322.0,14582.0,3091914.0
2021-09-01 00:00:00+09:00,13664.0,14677.0,13616.0,14465.0,3803368.0
2021-09-02 00:00:00+09:00,14605.0,14605.0,14135.0,14300.0,1527196.0
2021-09-03 00:00:00+09:00,14465.0,14677.0,14370.0,14418.0,1165894.0
2021-09-06 00:00:00+09:00,14416.0,14510.0,14228.0,14323.0,1042518.0
2021-09-07 00:00:00+09:00,14300.0,14300.0,13875.0,14088.0,1584060.0
2021-09-08 00:00:00+09:00,14087.0,14087.0,13616.0,13640.0,1458230.0
2021-09-09 00:00:00+09:00,13474.0,13804.0,13215.0,13428.0,1629508.0
2021-09-10 00:00:00+09:00,13875.0,13993.0,13546.0,13711.0,1336676.0
2021-09-13 00:00:00+09:00,13852.0,13852.0,13240.0,13240.0,1057368.0
2021-09-14 00:00:00+09:00,13216.0,13357.0,13121.0,13334.0,849756.0
2021-09-15 00:00:00+09:00,13215.0,13733.0,13192.0,13357.0,1092448.0
2021-09-16 00:00:00+09:00,13474.0,13474.0,13215.0,13263.0,656106.0
2021-09-17 00:00:00+09:00,13404.0,14723.0,13003.0,14064.0,5353610.0
2021-09-23 00:00:00+09:00,14040.0,14252.0,13640.0,13876.0,1594562.0
2021-09-24 00:00:00+09:00,13780.0,13898.0,13522.0,13522.0,1166014.0
2021-09-27 00:00:00+09:00,13475.0,15830.0,13404.0,15030.0,10153340.0
2021-09-28 00:00:00+09:00,14959.0,15736.0,14794.0,15289.0,3473544.0
2021-09-29 00:00:00+09:00,16396.0,17244.0,15383.0,15996.0,9752420.0
2021-09-30 00:00:00+09:00,16490.0,16914.0,15972.0,16326.0,5275580.0
2021-10-01 00:00:00+09:00,16772.0,16820.0,13710.0,13805.0,7086162.0
2021-10-05 00:00:00+09:00,13686.0,13733.0,10624.0,10907.0,7897746.0
2021-10-06 00:00:00+09:00,10837.0,12109.0,10460.0,11426.0,7829100.0
2021-10-07 00:00:00+09:00,11260.0,12721.0,11213.0,12486.0,3663786.0
2021-10-08 00:00:00+09:00,12532.0,13498.0,12532.0,12886.0,3162780.0
2021-10-12 00:00:00+09:00,12533.0,12886.0,11826.0,12533.0,1576886.0
2021-10-13 00:00:00+09:00,12178.0,12744.0,11967.0,12085.0,1250602.0
2021-10-14 00:00:00+09:00,12155.0,13003.0,12155.0,12721.0,1583262.0
2021-10-15 00:00:00+09:00,12862.0,12933.0,12391.0,12580.0,1091712.0
2021-10-18 00:00:00+09:00,12649.0,12649.0,12108.0,12132.0,952282.0
2021-10-19 00:00:00+09:00,11826.0,12368.0,11638.0,11803.0,1476566.0
2021-10-20 00:00:00+09:00,11895.0,11966.0,11543.0,11543.0,1124964.0
2021-10-21 00:00:00+09:00,11707.0,11731.0,11260.0,11284.0,1174700.0
2021-10-22 00:00:00+09:00,11284.0,11543.0,10978.0,11261.0,1023932.0
2021-10-25 00:00:00+09:00,11260.0,11683.0,11142.0,11378.0,803142.0
2021-10-26 00:00:00+09:00,11449.0,12132.0,11425.0,11850.0,1529546.0
2021-10-27 00:00:00+09:00,11850.0,11850.0,11426.0,11426.0,889484.0
2021-10-28 00:00:00+09:00,11472.0,11543.0,11308.0,11308.0,600934.0
2021-10-29 00:00:00+09:00,11236.0,11354.0,11072.0,11072.0,697952.0
2021-11-01 00:00:00+09:00,11072.0,11614.0,11072.0,11190.0,883206.0
2021-11-02 00:00:00+09:00,11213.0,11661.0,11213.0,11567.0,755938.0
2021-11-03 00:00:00+09:00,11730.0,11848.0,11425.0,11543.0,656050.0
2021-11-04 00:00:00+09:00,11543.0,11991.0,11213.0,11308.0,1018192.0
2021-11-05 00:00:00+09:00,11424.0,11424.0,9563.0,9988.0,4029868.0
2021-11-08 00:00:00+09:00,9447.0,10813.0,8693.0,10036.0,5746408.0
2021-11-09 00:00:00+09:00,9634.0,10293.0,9540.0,9894.0,1574704.0
2021-11-10 00:00:00+09:00,9706.0,10200.0,9658.0,9871.0,1103582.0
2021-11-11 00:00:00+09:00,9870.0,10318.0,9611.0,10177.0,1321184.0
2021-11-12 00:00:00+09:00,10765.0,10954.0,9894.0,10177.0,2758204.0
2021-11-15 00:00:00+09:00,10200.0,10788.0,10200.0,10318.0,1922350.0
2021-11-16 00:00:00+09:00,10247.0,10317.0,9941.0,10012.0,1478968.0
2021-11-17 00:00:00+09:00,10012.0,10012.0,9564.0,9612.0,1204760.0
2021-11-18 00:00:00+09:00,9611.0,9823.0,9375.0,9588.0,955678.0
2021-11-19 00:00:00+09:00,9423.0,9894.0,9423.0,9612.0,736038.0
2021-11-22 00:00:00+09:00,9634.0,9940.0,9469.0,9517.0,833236.0
2021-11-23 00:00:00+09:00,9517.0,9799.0,9493.0,9635.0,779510.0
2021-11-24 00:00:00+09:00,9564.0,9682.0,9281.0,9376.0,825940.0
2021-11-25 00:00:00+09:00,9376.0,9682.0,9352.0,9400.0,697912.0
2021-11-26 00:00:00+09:00,9422.0,10105.0,9399.0,9776.0,2107996.0
2021-11-29 00:00:00+09:00,11143.0,12698.0,10177.0,12698.0,11152010.0
2021-11-30 00:00:00+09:00,13475.0,15336.0,12014.0,14559.0,41067422.0
2021-12-01 00:00:00+09:00,14841.0,15902.0,14252.0,14465.0,16072580.0
2021-12-02 00:00:00+09:00,15360.0,15713.0,14299.0,14512.0,7987422.0
2021-12-03 00:00:00+09:00,14229.0,15501.0,14205.0,15148.0,10253990.0
2021-12-06 00:00:00+09:00,16066.0,16231.0,14724.0,14724.0,8143750.0
2021-12-07 00:00:00+09:00,14628.0,15523.0,12414.0,12509.0,24241314.0
2021-12-08 00:00:00+09:00,12814.0,13168.0,12155.0,12344.0,9700332.0
2021-12-09 00:00:00+09:00,13168.0,13309.0,12532.0,12721.0,6945456.0
2021-12-10 00:00:00+09:00,12532.0,12908.0,12461.0,12768.0,2765246.0
2021-12-13 00:00:00+09:00,12580.0,12674.0,12038.0,12062.0,2951972.0
2021-12-14 00:00:00+09:00,12225.0,12485.0,12014.0,12038.0,2347700.0
2021-12-15 00:00:00+09:00,12297.0,14653.0,12250.0,13664.0,31472214.0
2021-12-16 00:00:00+09:00,13710.0,13757.0,12909.0,13381.0,5753566.0
2021-12-17 00:00:00+09:00,13238.0,13568.0,12815.0,12886.0,3880040.0
2021-12-20 00:00:00+09:00,12744.0,13474.0,12673.0,12980.0,5387526.0
2021-12-21 00:00:00+09:00,13263.0,14535.0,12815.0,13075.0,13544276.0
2021-12-22 00:00:00+09:00,13357.0,13569.0,12862.0,12910.0,3824810.0
2021-12-23 00:00:00+09:00,12485.0,12485.0,11543.0,11732.0,5218094.0
2021-12-24 00:00:00+09:00,11732.0,11944.0,11096.0,11096.0,2800506.0
2021-12-27 00:00:00+09:00,11001.0,11424.0,10883.0,11166.0,2104844.0
2021-12-28 00:00:00+09:00,11236.0,11424.0,10789.0,11072.0,2597206.0
2021-12-29 00:00:00+09:00,11660.0,12767.0,11448.0,11920.0,9448898.0
2021-12-30 00:00:00+09:00,11779.0,12085.0,11779.0,11897.0,1621906.0
2022-01-03 00:00:00+09:00,12037.0,12484.0,11990.0,12179.0,1755012.0
2022-01-04 00:00:00+09:00,12038.0,12768.0,11944.0,12698.0,2334284.0
2022-01-05 00:00:00+09:00,12744.0,13262.0,12367.0,12933.0,2896546.0
2022-01-06 00:00:00+09:00,12744.0,13191.0,12626.0,12839.0,1454814.0
2022-01-07 00:00:00+09:00,13144.0,13804.0,12838.0,13051.0,3064266.0
2022-01-10 00:00:00+09:00,13050.0,13521.0,13050.0,13310.0,1555878.0
2022-01-11 00:00:00+09:00,13168.0,13545.0,12839.0,13428.0,1350882.0
2022-01-12 00:00:00+09:00,13427.0,13591.0,13050.0,13192.0,1224106.0
2022-01-13 00:00:00+09:00,13192.0,13239.0,12603.0,12863.0,1140588.0
2022-01-14 00:00:00+09:00,12862.0,13945.0,12862.0,13852.0,4691412.0
2022-01-17 00:00:00+09:00,13664.0,13923.0,13263.0,13452.0,1526354.0
2022-01-18 00:00:00+09:00,13593.0,13711.0,12816.0,12816.0,1368060.0
2022-01-19 00:00:00+09:00,12578.0,12743.0,12249.0,12391.0,856710.0
2022-01-20 00:00:00+09:00,12415.0,13687.0,12415.0,13546.0,1851658.0
2022-01-21 00:00:00+09:00,13568.0,14086.0,12226.0,12344.0,6155126.0
2022-01-24 00:00:00+09:00,12556.0,12933.0,12250.0,12321.0,2107028.0
2022-01-25 00:00:00+09:00,12343.0,12390.0,11142.0,11402.0,2230106.0
2022-01-26 00:00:00+09:00,11355.0,11873.0,11284.0,11426.0,1315610.0
2022-01-27 00:00:00+09:00,11519.0,14534.0,11142.0,13640.0,16388828.0
2022-01-28 00:00:00+09:00,13758.0,14487.0,13239.0,13711.0,10693704.0
2022-02-03 00:00:00+09:00,14063.0,16277.0,13710.0,15713.0,22687170.0
2022-02-04 00:00:00+09:00,15595.0,15878.0,12745.0,13499.0,8886114.0
2022-02-07 00:00:00+09:00,14087.0,15854.0,13404.0,14771.0,22381462.0
2022-02-08 00:00:00+09:00,14653.0,14676.0,13475.0,13970.0,5600318.0
2022-02-09 00:00:00+09:00,14864.0,15477.0,14228.0,14441.0,12526998.0
2022-02-10 00:00:00+09:00,14111.0,15760.0,13899.0,14465.0,15450628.0
2022-02-11 00:00:00+09:00,14087.0,14276.0,13522.0,13593.0,3467626.0
2022-02-14 00:00:00+09:00,13758.0,16467.0,13758.0,15431.0,33778482.0
2022-02-15 00:00:00+09:00,15147.0,15901.0,14229.0,14394.0,9166738.0
2022-02-16 00:00:00+09:00,15407.0,15713.0,14889.0,15266.0,8381384.0
2022-02-17 00:00:00+09:00,15029.0,15500.0,14040.0,14653.0,7695730.0
2022-02-18 00:00:00+09:00,14464.0,14982.0,14322.0,14959.0,4760546.0
2022-02-21 00:00:00+09:00,14558.0,15052.0,14511.0,14747.0,2705724.0
2022-02-22 00:00:00+09:00,14605.0,15359.0,14511.0,14865.0,9373454.0
2022-02-23 00:00:00+09:00,14794.0,15077.0,14700.0,14889.0,3601116.0
2022-02-24 00:00:00+09:00,14629.0,14747.0,13758.0,13876.0,4966296.0
2022-02-25 00:00:00+09:00,14134.0,15147.0,13993.0,14983.0,7506064.0
2022-02-28 00:00:00+09:00,14747.0,15313.0,14653.0,15101.0,4586620.0
2022-03-02 00:00:00+09:00,15006.0,15641.0,14747.0,15336.0,4554064.0
2022-03-03 00:00:00+09:00,15359.0,17197.0,15170.0,17197.0,16205732.0
2022-03-04 00:00:00+09:00,16750.0,16985.0,15148.0,15525.0,10934574.0
2022-03-07 00:00:00+09:00,15289.0,15477.0,14535.0,14559.0,4183224.0
2022-03-08 00:00:00+09:00,14135.0,15171.0,13805.0,14041.0,6608142.0
2022-03-10 00:00:00+09:00,14252.0,14558.0,14158.0,14323.0,2048462.0
2022-03-11 00:00:00+09:00,14228.0,14605.0,13757.0,13946.0,3138688.0
2022-03-14 00:00:00+09:00,13781.0,14041.0,12815.0,13028.0,4073494.0
2022-03-15 00:00:00+09:00,13027.0,14322.0,12980.0,13569.0,6759616.0
2022-03-16 00:00:00+09:00,14087.0,14417.0,13710.0,14182.0,3577178.0
2022-03-17 00:00:00+09:00,15217.0,16961.0,14747.0,15124.0,29370094.0
2022-03-18 00:00:00+09:00,15099.0,15358.0,14605.0,14794.0,4620434.0
2022-03-21 00:00:00+09:00,14818.0,14912.0,14158.0,14182.0,3224364.0
2022-03-22 00:00:00+09:00,14157.0,14557.0,14134.0,14370.0,1891666.0
2022-03-23 00:00:00+09:00,14252.0,14581.0,14040.0,14535.0,2166462.0
2022-03-24 00:00:00+09:00,14370.0,14559.0,14158.0,14300.0,1436812.0
2022-03-25 00:00:00+09:00,14417.0,14911.0,14322.0,14794.0,3059262.0
2022-03-28 00:00:00+09:00,14606.0,14629.0,14182.0,14182.0,1749790.0
2022-03-29 00:00:00+09:00,14229.0,14959.0,13239.0,13711.0,5806496.0
2022-03-30 00:00:00+09:00,13899.0,14088.0,13475.0,13664.0,2759164.0
2022-03-31 00:00:00+09:00,13616.0,13993.0,13522.0,13664.0,1998374.0
2022-04-01 00:00:00+09:00,13733.0,13968.0,13521.0,13569.0,1592904.0
2022-04-04 00:00:00+09:00,13569.0,14699.0,13239.0,14064.0,5836914.0
2022-04-05 00:00:00+09:00,14229.0,14771.0,13758.0,13758.0,4044132.0
2022-04-06 00:00:00+09:00,13805.0,14017.0,13569.0,13711.0,1527300.0
2022-04-07 00:00:00+09:00,13710.0,13851.0,13592.0,13805.0,1290828.0
2022-04-08 00:00:00+09:00,13757.0,14181.0,13733.0,13946.0,1282272.0
2022-04-11 00:00:00+09:00,13899.0,13899.0,13663.0,13711.0,903410.0
2022-04-12 00:00:00+09:00,13546.0,13640.0,13216.0,13334.0,1084618.0
2022-04-13 00:00:00+09:00,13333.0,15665.0,13333.0,14606.0,13300758.0
2022-04-14 00:00:00+09:00,14605.0,15123.0,14393.0,14865.0,4106514.0
2022-04-15 00:00:00+09:00,14629.0,14746.0,13805.0,13805.0,2880968.0
2022-04-18 00:00:00+09:00,13639.0,14157.0,13639.0,13781.0,1155680.0
2022-04-19 00:00:00+09:00,13711.0,14064.0,13711.0,13829.0,1013052.0
2022-04-20 00:00:00+09:00,13993.0,14017.0,13758.0,13758.0,774152.0
2022-04-21 00:00:00+09:00,13756.0,13898.0,13569.0,13569.0,965312.0
2022-04-22 00:00:00+09:00,13757.0,13874.0,13380.0,13475.0,1295436.0
2022-04-25 00:00:00+09:00,13240.0,13569.0,13216.0,13405.0,800090.0
2022-04-26 00:00:00+09:00,13521.0,13592.0,13309.0,13357.0,791388.0
2022-04-27 00:00:00+09:00,13192.0,14487.0,13145.0,13946.0,2958590.0
2022-04-28 00:00:00+09:00,13827.0,13851.0,13427.0,13640.0,1142166.0
2022-04-29 00:00:00+09:00,13639.0,13686.0,13404.0,13428.0,840382.0
2022-05-02 00:00:00+09:00,13428.0,13616.0,13310.0,13499.0,683054.0
2022-05-03 00:00:00+09:00,13662.0,13921.0,13522.0,13522.0,846610.0
2022-05-04 00:00:00+09:00,13522.0,13545.0,13357.0,13381.0,516458.0
2022-05-06 00:00:00+09:00,13239.0,13875.0,13168.0,13593.0,1085902.0
2022-05-09 00:00:00+09:00,13499.0,14111.0,13499.0,13617.0,1205958.0
2022-05-10 00:00:00+09:00,13521.0,14110.0,13333.0,13734.0,1519736.0
2022-05-11 00:00:00+09:00,13758.0,15077.0,13758.0,14253.0,6135880.0
2022-05-12 00:00:00+09:00,14110.0,14417.0,13805.0,13805.0,1508480.0
2022-05-13 00:00:00+09:00,13828.0,14652.0,13804.0,14370.0,2181742.0
2022-05-16 00:00:00+09:00,14581.0,14817.0,14417.0,14535.0,1439212.0
2022-05-17 00:00:00+09:00,14417.0,14794.0,14346.0,14559.0,1012736.0
2022-05-18 00:00:00+09:00,14605.0,14864.0,14205.0,14794.0,1809128.0
2022-05-19 00:00:00+09:00,14441.0,14935.0,14370.0,14394.0,1432962.0
2022-05-20 00:00:00+09:00,14416.0,14605.0,14205.0,14276.0,985064.0
2022-05-23 00:00:00+09:00,14369.0,14487.0,13875.0,13899.0,1247768.0
2022-05-24 00:00:00+09:00,13922.0,15312.0,13805.0,14135.0,5903786.0
2022-05-25 00:00:00+09:00,14063.0,14369.0,13851.0,13899.0,1793622.0
2022-05-26 00:00:00+09:00,13969.0,14040.0,13286.0,13381.0,2322148.0
2022-05-27 00:00:00+09:00,13569.0,13640.0,13380.0,13499.0,886596.0
2022-05-30 00:00:00+09:00,13545.0,14016.0,13451.0,13522.0,2277292.0
2022-05-31 00:00:00+09:00,13663.0,13898.0,13569.0,13805.0,1453840.0
2022-06-02 00:00:00+09:00,13827.0,14228.0,13733.0,13734.0,1099820.0
2022-06-03 00:00:00+09:00,13805.0,13875.0,13475.0,13499.0,875264.0
2022-06-07 00:00:00+09:00,13546.0,13569.0,13239.0,13287.0,769018.0
2022-06-08 00:00:00+09:00,13262.0,13403.0,12885.0,13098.0,1071668.0
2022-06-09 00:00:00+09:00,13098.0,13169.0,12415.0,12604.0,1582374.0
2022-06-10 00:00:00+09:00,12390.0,12531.0,12061.0,12132.0,1249964.0
2022-06-13 00:00:00+09:00,11802.0,11943.0,11567.0,11567.0,1372984.0
2022-06-14 00:00:00+09:00,11237.0,12061.0,11166.0,11520.0,1344078.0
2022-06-15 00:00:00+09:00,11355.0,11849.0,11355.0,11520.0,899234.0
2022-06-16 00:00:00+09:00,11779.0,11849.0,11260.0,11308.0,805010.0
2022-06-17 00:00:00+09:00,10860.0,11472.0,10836.0,11237.0,1038462.0
2022-06-20 00:00:00+09:00,11189.0,11306.0,10530.0,10530.0,1436342.0
2022-06-21 00:00:00+09:00,10553.0,11190.0,10553.0,10978.0,1431500.0
2022-06-22 00:00:00+09:00,11518.0,12060.0,11118.0,11378.0,3015828.0
2022-06-23 00:00:00+09:00,11165.0,11212.0,9988.0,9988.0,2295726.0
2022-06-24 00:00:00+09:00,10058.0,10882.0,10058.0,10742.0,1344102.0
2022-06-27 00:00:00+09:00,10765.0,11307.0,10553.0,10860.0,1166732.0
2022-06-28 00:00:00+09:00,10742.0,11308.0,10530.0,10837.0,1275752.0
2022-06-29 00:00:00+09:00,10577.0,10835.0,10530.0,10648.0,579960.0
2022-06-30 00:00:00+09:00,10741.0,10977.0,10318.0,10318.0,777600.0
2022-07-01 00:00:00+09:00,10412.0,10742.0,10012.0,10177.0,808222.0
2022-07-04 00:00:00+09:00,10224.0,11331.0,10224.0,10837.0,2198878.0
2022-07-05 00:00:00+09:00,11071.0,11542.0,10930.0,11331.0,1613662.0
2022-07-06 00:00:00+09:00,11778.0,11872.0,11284.0,11402.0,2415388.0
2022-07-07 00:00:00+09:00,11425.0,11496.0,10860.0,11355.0,1105430.0
2022-07-08 00:00:00+09:00,11496.0,11802.0,11331.0,11638.0,1164506.0
2022-07-11 00:00:00+09:00,11943.0,12391.0,11590.0,12321.0,2166530.0
2022-07-12 00:00:00+09:00,12555.0,12602.0,12249.0,12344.0,1459494.0
2022-07-13 00:00:00+09:00,12461.0,12531.0,12037.0,12391.0,929264.0
2022-07-14 00:00:00+09:00,12414.0,12909.0,12179.0,12627.0,1570680.0
2022-07-15 00:00:00+09:00,12627.0,13639.0,12627.0,13593.0,3059272.0
2022-07-18 00:00:00+09:00,13498.0,13545.0,12956.0,13216.0,1994720.0
2022-07-19 00:00:00+09:00,13263.0,13616.0,13098.0,13381.0,1454342.0
2022-07-20 00:00:00+09:00,13428.0,13663.0,13216.0,13381.0,1333662.0
2022-07-21 00:00:00+09:00,13451.0,13874.0,13262.0,13475.0,2010484.0
2022-07-22 00:00:00+09:00,13498.0,13851.0,13404.0,13522.0,1200944.0
2022-07-25 00:00:00+09:00,14252.0,14347.0,12862.0,12910.0,4263576.0
2022-07-26 00:00:00+09:00,12979.0,13191.0,12791.0,12839.0,1058522.0
2022-07-27 00:00:00+09:00,12839.0,13545.0,12815.0,13381.0,2119430.0
2022-07-28 00:00:00+09:00,13381.0,13687.0,13357.0,13405.0,918262.0
2022-07-29 00:00:00+09:00,13521.0,13662.0,13357.0,13475.0,751686.0
2022-08-01 00:00:00+09:00,13474.0,13874.0,13474.0,13734.0,1029816.0
2022-08-02 00:00:00+09:00,13827.0,13827.0,13380.0,13569.0,758424.0
2022-08-03 00:00:00+09:00,13427.0,13874.0,13427.0,13569.0,612140.0
2022-08-04 00:00:00+09:00,13592.0,13804.0,13522.0,13640.0,530760.0
2022-08-05 00:00:00+09:00,13710.0,13851.0,13522.0,13687.0,705580.0
2022-08-08 00:00:00+09:00,13687.0,13899.0,13192.0,13546.0,950232.0
2022-08-09 00:00:00+09:00,13640.0,13640.0,13427.0,13546.0,473726.0
2022-08-10 00:00:00+09:00,13521.0,13662.0,13215.0,13263.0,614090.0
2022-08-11 00:00:00+09:00,13475.0,13969.0,13427.0,13852.0,1509526.0
2022-08-12 00:00:00+09:00,14110.0,14204.0,13686.0,13734.0,1212534.0
2022-08-16 00:00:00+09:00,13781.0,13781.0,13381.0,13405.0,933214.0
2022-08-17 00:00:00+09:00,13404.0,13664.0,12957.0,13028.0,867554.0
2022-08-18 00:00:00+09:00,12932.0,13121.0,12650.0,12674.0,762032.0
2022-08-19 00:00:00+09:00,12720.0,12720.0,12438.0,12462.0,535902.0
2022-08-22 00:00:00+09:00,12721.0,13616.0,12650.0,12957.0,2203522.0
2022-08-23 00:00:00+09:00,12792.0,13074.0,12156.0,12156.0,1298548.0
2022-08-24 00:00:00+09:00,12203.0,12344.0,11896.0,12321.0,875332.0
2022-08-25 00:00:00+09:00,12344.0,12979.0,12249.0,12933.0,911402.0
2022-08-26 00:00:00+09:00,12956.0,15831.0,12862.0,14983.0,22550544.0
2022-08-29 00:00:00+09:00,14652.0,15971.0,14464.0,15171.0,7013152.0
2022-08-30 00:00:00+09:00,15336.0,16868.0,15266.0,15855.0,11166030.0
2022-08-31 00:00:00+09:00,16043.0,16655.0,15265.0,16279.0,5375556.0
2022-09-01 00:00:00+09:00,16466.0,16701.0,16019.0,16184.0,3409404.0
2022-09-02 00:00:00+09:00,16208.0,19200.0,16042.0,18564.0,23840912.0
2022-09-05 00:00:00+09:00,18846.0,19459.0,18304.0,18564.0,7505572.0
2022-09-06 00:00:00+09:00,18563.0,19434.0,18398.0,18658.0,4999020.0
2022-09-07 00:00:00+09:00,19010.0,19340.0,18210.0,18658.0,5300810.0
2022-09-08 00:00:00+09:00,18752.0,19388.0,18634.0,19153.0,4305836.0
2022-09-13 00:00:00+09:00,19294.0,19600.0,18917.0,19365.0,3572434.0
2022-09-14 00:00:00+09:00,18870.0,19506.0,18658.0,18988.0,2032876.0
2022-09-15 00:00:00+09:00,19129.0,19247.0,18469.0,18988.0,2036512.0
2022-09-16 00:00:00+09:00,19081.0,19222.0,14370.0,14747.0,20426678.0
2022-09-19 00:00:00+09:00,15194.0,16230.0,13333.0,13687.0,10271776.0
2022-09-20 00:00:00+09:00,13568.0,13827.0,12579.0,12721.0,5506216.0
2022-09-21 00:00:00+09:00,12815.0,12886.0,11755.0,11944.0,4645188.0
2022-09-22 00:00:00+09:00,11730.0,12178.0,11236.0,11590.0,4311422.0
2022-09-23 00:00:00+09:00,11613.0,11754.0,10836.0,11072.0,2982616.0
2022-09-26 00:00:00+09:00,10764.0,11495.0,10435.0,10577.0,3737260.0
2022-09-27 00:00:00+09:00,10459.0,11095.0,10294.0,10860.0,2578870.0
2022-09-28 00:00:00+09:00,10929.0,10977.0,10223.0,10365.0,2189316.0
2022-09-29 00:00:00+09:00,10553.0,11024.0,10506.0,10577.0,2070396.0
2022-09-30 00:00:00+09:00,10317.0,10623.0,9752.0,9894.0,1940188.0
2022-10-04 00:00:00+09:00,10200.0,10836.0,10130.0,10719.0,1931776.0
2022-10-05 00:00:00+09:00,11001.0,11095.0,10341.0,10389.0,1482254.0
2022-10-06 00:00:00+09:00,10860.0,10884.0,10224.0,10413.0,2092732.0
2022-10-07 00:00:00+09:00,10435.0,10435.0,9140.0,9423.0,4013872.0
2022-10-11 00:00:00+09:00,9446.0,9588.0,9022.0,9117.0,1975494.0
2022-10-12 00:00:00+09:00,8880.0,9257.0,8880.0,9140.0,1385152.0
2022-10-13 00:00:00+09:00,9116.0,9186.0,8692.0,8834.0,1347764.0
2022-10-14 00:00:00+09:00,8998.0,9257.0,8974.0,9187.0,1060982.0
2022-10-17 00:00:00+09:00,8904.0,9870.0,8857.0,9753.0,2666166.0
2022-10-18 00:00:00+09:00,9870.0,10058.0,9658.0,9894.0,1486462.0
2022-10-19 00:00:00+09:00,9987.0,9987.0,9375.0,9423.0,1298920.0
2022-10-20 00:00:00+09:00,9423.0,9634.0,9234.0,9423.0,848596.0
2022-10-21 00:00:00+09:00,9422.0,9469.0,9187.0,9258.0,670704.0
2022-10-24 00:00:00+09:00,9588.0,10271.0,9540.0,9965.0,2163780.0
2022-10-25 00:00:00+09:00,10247.0,10388.0,9800.0,9800.0,1805068.0
2022-10-26 00:00:00+09:00,9894.0,10177.0,9611.0,9824.0,1026526.0
2022-10-27 00:00:00+09:00,9823.0,10035.0,9776.0,10012.0,612292.0
2022-10-28 00:00:00+09:00,9988.0,10247.0,9847.0,10130.0,833566.0
2022-10-31 00:00:00+09:00,10271.0,10318.0,10012.0,10083.0,722220.0
2022-11-01 00:00:00+09:00,10036.0,10177.0,9847.0,10036.0,691438.0
2022-11-02 00:00:00+09:00,10035.0,10246.0,9846.0,10153.0,856954.0
2022-11-03 00:00:00+09:00,9918.0,10200.0,9894.0,10083.0,535158.0
2022-11-04 00:00:00+09:00,10177.0,10883.0,9823.0,10719.0,2577300.0
2022-11-07 00:00:00+09:00,10906.0,10977.0,10600.0,10813.0,1021976.0
2022-11-08 00:00:00+09:00,10883.0,11944.0,10789.0,11520.0,3399972.0
2022-11-09 00:00:00+09:00,11566.0,11919.0,11425.0,11496.0,1505558.0
2022-11-10 00:00:00+09:00,11331.0,11543.0,11142.0,11190.0,1063784.0
2022-11-11 00:00:00+09:00,11590.0,11872.0,11448.0,11755.0,1440108.0
2022-11-14 00:00:00+09:00,12014.0,12697.0,11896.0,12203.0,2170306.0
2022-11-15 00:00:00+09:00,12203.0,12980.0,12179.0,12863.0,2356094.0
2022-11-16 00:00:00+09:00,13215.0,13874.0,12744.0,13098.0,3232308.0
2022-11-17 00:00:00+09:00,13051.0,13192.0,12509.0,12580.0,1475424.0
2022-11-18 00:00:00+09:00,12909.0,13333.0,12815.0,13004.0,1569146.0
2022-11-21 00:00:00+09:00,13285.0,13639.0,11919.0,11967.0,3831152.0
2022-11-22 00:00:00+09:00,11731.0,13004.0,11708.0,12698.0,3066360.0
2022-11-23 00:00:00+09:00,12579.0,12743.0,12155.0,12344.0,1408126.0
2022-11-24 00:00:00+09:00,12274.0,12627.0,12274.0,12604.0,869590.0
2022-11-25 00:00:00+09:00,12721.0,12980.0,12650.0,12745.0,1081060.0
2022-11-28 00:00:00+09:00,12838.0,12956.0,12391.0,12415.0,1099702.0
2022-11-29 00:00:00+09:00,12414.0,12862.0,12414.0,12627.0,795422.0
2022-11-30 00:00:00+09:00,12626.0,12721.0,12202.0,12274.0,949156.0
2022-12-01 00:00:00+09:00,12414.0,12885.0,12391.0,12556.0,1196966.0
2022-12-02 00:00:00+09:00,12603.0,13640.0,12344.0,12580.0,4793496.0
2022-12-05 00:00:00+09:00,12626.0,12909.0,12273.0,12674.0,1362190.0
2022-12-06 00:00:00+09:00,12674.0,12815.0,11331.0,11473.0,2253988.0
2022-12-07 00:00:00+09:00,11284.0,11589.0,10883.0,11402.0,1699762.0
2022-12-08 00:00:00+09:00,11354.0,12226.0,11354.0,11779.0,1661236.0
2022-12-09 00:00:00+09:00,11849.0,12155.0,11825.0,12038.0,679170.0
2022-12-12 00:00:00+09:00,12038.0,12368.0,12014.0,12062.0,713476.0
2022-12-13 00:00:00+09:00,12155.0,12391.0,11873.0,12062.0,605204.0
2022-12-14 00:00:00+09:00,12156.0,12556.0,12085.0,12321.0,1037836.0
2022-12-15 00:00:00+09:00,12438.0,12580.0,12226.0,12368.0,859988.0
2022-12-16 00:00:00+09:00,12202.0,12484.0,12108.0,12132.0,916120.0
2022-12-19 00:00:00+09:00,12226.0,12368.0,12179.0,12274.0,591242.0
2022-12-20 00:00:00+09:00,12343.0,12461.0,11967.0,11967.0,712442.0
2022-12-21 00:00:00+09:00,11990.0,12649.0,11967.0,12556.0,1593184.0
2022-12-22 00:00:00+09:00,12721.0,12957.0,12556.0,12816.0,1883358.0
2022-12-23 00:00:00+09:00,12602.0,12649.0,11613.0,11661.0,2869240.0
2022-12-26 00:00:00+09:00,11990.0,12037.0,11637.0,11755.0,1762824.0
2022-12-27 00:00:00+09:00,11920.0,12438.0,11873.0,12156.0,2518014.0
2022-12-28 00:00:00+09:00,12485.0,13122.0,12250.0,12910.0,7898844.0
2022-12-29 00:00:00+09:00,12839.0,12933.0,12533.0,12910.0,1871158.0
2023-01-02 00:00:00+09:00,13120.0,13215.0,12650.0,12768.0,1487638.0
2023-01-03 00:00:00+09:00,12673.0,12792.0,12391.0,12580.0,990812.0
2023-01-04 00:00:00+09:00,12627.0,12627.0,11850.0,12227.0,1474630.0
2023-01-05 00:00:00+09:00,12227.0,13687.0,12015.0,13617.0,3085766.0
2023-01-06 00:00:00+09:00,13286.0,13805.0,13216.0,13617.0,2593178.0
2023-01-09 00:00:00+09:00,13686.0,13992.0,12367.0,13357.0,2586902.0
2023-01-10 00:00:00+09:00,13216.0,13287.0,12603.0,12651.0,2230800.0
2023-01-11 00:00:00+09:00,12768.0,13286.0,12745.0,13122.0,1326938.0
2023-01-12 00:00:00+09:00,13239.0,13286.0,12815.0,13122.0,917586.0
2023-01-13 00:00:00+09:00,12910.0,13169.0,12910.0,13075.0,595548.0
2023-01-16 00:00:00+09:00,13097.0,13286.0,12980.0,13004.0,803934.0
2023-01-17 00:00:00+09:00,12886.0,12909.0,12273.0,12368.0,1660710.0
2023-01-18 00:00:00+09:00,12368.0,12438.0,11943.0,12156.0,1180054.0
2023-01-19 00:00:00+09:00,12038.0,12791.0,11779.0,12439.0,1436442.0
2023-01-20 00:00:00+09:00,12368.0,12509.0,11991.0,12015.0,1007826.0
2023-01-25 00:00:00+09:00,12061.0,12179.0,11708.0,11779.0,1224100.0
2023-01-26 00:00:00+09:00,11779.0,12038.0,11496.0,11850.0,1053458.0
2023-01-27 00:00:00+09:00,11896.0,11966.0,11755.0,11920.0,713778.0
2023-01-30 00:00:00+09:00,11920.0,12084.0,11331.0,11355.0,1397480.0
2023-01-31 00:00:00+09:00,11260.0,11425.0,11119.0,11261.0,997408.0
2023-02-01 00:00:00+09:00,11283.0,11518.0,11165.0,11378.0,719028.0
2023-02-02 00:00:00+09:00,11496.0,11754.0,11496.0,11661.0,775294.0
2023-02-03 00:00:00+09:00,11683.0,11825.0,11566.0,11590.0,541250.0
2023-02-06 00:00:00+09:00,11566.0,12084.0,11378.0,11614.0,1030586.0
2023-02-07 00:00:00+09:00,11613.0,11872.0,11590.0,11661.0,621138.0
2023-02-08 00:00:00+09:00,11779.0,11897.0,11637.0,11685.0,643692.0
2023-02-09 00:00:00+09:00,11637.0,11754.0,11331.0,11661.0,930316.0
2023-02-10 00:00:00+09:00,11566.0,11872.0,11425.0,11543.0,760982.0
2023-02-13 00:00:00+09:00,11518.0,11565.0,11142.0,11166.0,910540.0
2023-02-14 00:00:00+09:00,11095.0,11354.0,11001.0,11072.0,669002.0
2023-02-15 00:00:00+09:00,11166.0,11708.0,11166.0,11426.0,1342640.0
2023-02-16 00:00:00+09:00,11566.0,11990.0,11401.0,11920.0,1203078.0
2023-02-17 00:00:00+09:00,11920.0,12108.0,11778.0,12085.0,868370.0
2023-02-20 00:00:00+09:00,12014.0,12533.0,11897.0,12486.0,1337596.0
2023-02-21 00:00:00+09:00,12485.0,12674.0,12438.0,12533.0,755662.0
2023-02-22 00:00:00+09:00,12320.0,13403.0,12132.0,12627.0,2343916.0
2023-02-23 00:00:00+09:00,12626.0,12790.0,12391.0,12391.0,790472.0
2023-02-24 00:00:00+09:00,12321.0,12698.0,12014.0,12274.0,987258.0
2023-02-27 00:00:00+09:00,12203.0,12321.0,12014.0,12062.0,645106.0
2023-02-28 00:00:00+09:00,12061.0,12532.0,12061.0,12415.0,816960.0
2023-03-02 00:00:00+09:00,12531.0,12861.0,12367.0,12391.0,997392.0
2023-03-03 00:00:00+09:00,12414.0,12508.0,12131.0,12391.0,688666.0
2023-03-06 00:00:00+09:00,12414.0,12649.0,11967.0,12297.0,893566.0
2023-03-07 00:00:00+09:00,12132.0,13003.0,12132.0,12674.0,1810560.0
2023-03-08 00:00:00+09:00,12768.0,13145.0,12580.0,12957.0,1675170.0
2023-03-09 00:00:00+09:00,13191.0,13332.0,12862.0,13145.0,1332616.0
2023-03-10 00:00:00+09:00,13191.0,13238.0,10553.0,10648.0,8524520.0
2023-03-13 00:00:00+09:00,10906.0,11236.0,9380.0,9470.0,4340166.0
2023-03-14 00:00:00+09:00,9493.0,10506.0,9376.0,9706.0,3772496.0
2023-03-15 00:00:00+09:00,9752.0,10199.0,9587.0,10012.0,1822618.0
2023-03-16 00:00:00+09:00,10011.0,10011.0,9422.0,9564.0,1492030.0
2023-03-17 00:00:00+09:00,9682.0,9918.0,9470.0,9918.0,1279480.0
2023-03-20 00:00:00+09:00,10011.0,10176.0,9917.0,10059.0,806996.0
2023-03-21 00:00:00+09:00,10059.0,10177.0,9682.0,9824.0,917054.0
2023-03-22 00:00:00+09:00,9869.0,9893.0,9493.0,9564.0,1088510.0
2023-03-23 00:00:00+09:00,9493.0,9587.0,9276.0,9423.0,1502510.0
2023-03-24 00:00:00+09:00,9423.0,9541.0,9319.0,9447.0,708288.0
2023-03-27 00:00:00+09:00,9447.0,9753.0,9187.0,9447.0,1162870.0
2023-03-28 00:00:00+09:00,9446.0,9564.0,9318.0,9564.0,904218.0
2023-03-29 00:00:00+09:00,9588.0,9871.0,9418.0,9447.0,958618.0
2023-03-30 00:00:00+09:00,9423.0,9870.0,9347.0,9753.0,1309922.0
2023-03-31 00:00:00+09:00,9752.0,9869.0,9564.0,9729.0,780890.0
2023-04-03 00:00:00+09:00,9753.0,9988.0,9706.0,9871.0,725446.0
2023-04-04 00:00:00+09:00,9894.0,10036.0,9706.0,10036.0,771894.0
2023-04-05 00:00:00+09:00,10153.0,10435.0,10035.0,10224.0,1598316.0
2023-04-06 00:00:00+09:00,10177.0,10224.0,9871.0,9871.0,862738.0
2023-04-07 00:00:00+09:00,9965.0,10083.0,9776.0,10083.0,565098.0
2023-04-10 00:00:00+09:00,10011.0,10199.0,9823.0,9988.0,877200.0
2023-04-11 00:00:00+09:00,9847.0,10106.0,9611.0,9965.0,907590.0
2023-04-12 00:00:00+09:00,9988.0,10223.0,9846.0,10153.0,865576.0
2023-04-13 00:00:00+09:00,10176.0,10270.0,9941.0,10224.0,803138.0
2023-04-14 00:00:00+09:00,11024.0,11024.0,10106.0,10106.0,3838456.0
2023-04-17 00:00:00+09:00,9987.0,9987.0,9611.0,9729.0,1503748.0
2023-04-18 00:00:00+09:00,9753.0,9823.0,9588.0,9753.0,955382.0
2023-04-19 00:00:00+09:00,9753.0,9800.0,9658.0,9753.0,748424.0
2023-04-20 00:00:00+09:00,9706.0,9706.0,9447.0,9447.0,850358.0
2023-04-21 00:00:00+09:00,9422.0,10128.0,9403.0,9776.0,1264022.0
2023-04-24 00:00:00+09:00,9823.0,10083.0,9414.0,9447.0,1086346.0
2023-04-25 00:00:00+09:00,9517.0,9517.0,9253.0,9282.0,1024750.0
2023-04-26 00:00:00+09:00,9092.0,9398.0,9012.0,9107.0,692194.0
2023-04-27 00:00:00+09:00,9107.0,9729.0,8829.0,9494.0,1353154.0
2023-04-28 00:00:00+09:00,9517.0,9988.0,9446.0,9541.0,1120452.0
2023-05-02 00:00:00+09:00,9847.0,10600.0,9776.0,10224.0,3271630.0
2023-05-03 00:00:00+09:00,10129.0,10458.0,9658.0,9682.0,1197534.0
2023-05-04 00:00:00+09:00,9752.0,11236.0,9493.0,11025.0,5616468.0
2023-05-08 00:00:00+09:00,11259.0,11731.0,10624.0,10907.0,3169936.0
2023-05-09 00:00:00+09:00,10789.0,10813.0,10035.0,10130.0,1737386.0
2023-05-10 00:00:00+09:00,9940.0,10176.0,9846.0,9894.0,886146.0
2023-05-11 00:00:00+09:00,9988.0,10364.0,9776.0,10012.0,976938.0
2023-05-12 00:00:00+09:00,9682.0,10553.0,9149.0,10177.0,3439642.0
2023-05-15 00:00:00+09:00,10318.0,10507.0,10059.0,10248.0,882104.0
2023-05-16 00:00:00+09:00,10106.0,10836.0,10035.0,10460.0,1509376.0
2023-05-17 00:00:00+09:00,10436.0,10507.0,10059.0,10413.0,677556.0
2023-05-18 00:00:00+09:00,10412.0,10577.0,10177.0,10460.0,607322.0
2023-05-19 00:00:00+09:00,10389.0,10837.0,10365.0,10837.0,1095358.0
2023-05-22 00:00:00+09:00,10789.0,11143.0,10672.0,10837.0,814950.0
2023-05-23 00:00:00+09:00,10860.0,11025.0,10695.0,10837.0,668528.0
2023-05-24 00:00:00+09:00,11094.0,11141.0,10482.0,10742.0,1015662.0
2023-05-25 00:00:00+09:00,10624.0,10954.0,10554.0,10672.0,760742.0
2023-05-26 00:00:00+09:00,10671.0,10741.0,10506.0,10648.0,449778.0
2023-05-30 00:00:00+09:00,10812.0,10859.0,10530.0,10530.0,564410.0
2023-05-31 00:00:00+09:00,10529.0,10671.0,10247.0,10436.0,580774.0
2023-06-01 00:00:00+09:00,10506.0,10953.0,10459.0,10813.0,830160.0
2023-06-02 00:00:00+09:00,10883.0,10978.0,10766.0,10931.0,474378.0
2023-06-05 00:00:00+09:00,10954.0,11754.0,10860.0,11237.0,1344812.0
2023-06-07 00:00:00+09:00,11284.0,12085.0,11284.0,11850.0,1904934.0
2023-06-08 00:00:00+09:00,12014.0,12179.0,11731.0,11991.0,1492256.0
2023-06-09 00:00:00+09:00,12179.0,15572.0,12014.0,15572.0,10410506.0
2023-06-12 00:00:00+09:00,15383.0,16301.0,15359.0,16137.0,5488406.0
2023-06-13 00:00:00+09:00,16113.0,18728.0,15972.0,18069.0,7525900.0
2023-06-14 00:00:00+09:00,18069.0,18069.0,14182.0,14677.0,10281754.0
2023-06-15 00:00:00+09:00,13922.0,15335.0,13663.0,14959.0,4886836.0
2023-06-16 00:00:00+09:00,14983.0,16867.0,14959.0,15572.0,5076406.0
2023-06-19 00:00:00+09:00,18139.0,18186.0,14982.0,15077.0,4656820.0
2023-06-20 00:00:00+09:00,14841.0,15312.0,14229.0,14936.0,2081326.0
2023-06-21 00:00:00+09:00,14724.0,14724.0,13758.0,14041.0,3365292.0
2023-06-22 00:00:00+09:00,13757.0,14534.0,13687.0,14064.0,1571530.0
2023-06-23 00:00:00+09:00,13993.0,14276.0,13852.0,14041.0,1031456.0
2023-06-26 00:00:00+09:00,13828.0,14322.0,12579.0,13993.0,1977364.0
2023-06-27 00:00:00+09:00,13780.0,13921.0,12979.0,13192.0,1385052.0
2023-06-28 00:00:00+09:00,13286.0,13357.0,12579.0,12792.0,1730834.0
2023-06-29 00:00:00+09:00,12650.0,12909.0,12415.0,12533.0,1013028.0
2023-06-30 00:00:00+09:00,12697.0,12980.0,12368.0,12533.0,1037680.0
2023-07-03 00:00:00+09:00,12580.0,13239.0,12509.0,12651.0,1089978.0
2023-07-04 00:00:00+09:00,12649.0,12861.0,12296.0,12509.0,903582.0
2023-07-05 00:00:00+09:00,11778.0,12060.0,11378.0,11755.0,2694000.0
2023-07-06 00:00:00+09:00,11755.0,11826.0,11095.0,11190.0,1324564.0
2023-07-07 00:00:00+09:00,11190.0,11260.0,10813.0,10978.0,1052538.0
2023-07-10 00:00:00+09:00,11095.0,11472.0,10883.0,10978.0,1036092.0
2023-07-11 00:00:00+09:00,11025.0,11166.0,10672.0,11049.0,958746.0
2023-07-12 00:00:00+09:00,10977.0,11471.0,10812.0,11119.0,986994.0
2023-07-13 00:00:00+09:00,11166.0,11543.0,11095.0,11308.0,1105480.0
2023-07-14 00:00:00+09:00,11331.0,11449.0,10931.0,11096.0,914696.0
2023-07-17 00:00:00+09:00,11119.0,11213.0,10789.0,11143.0,584386.0
2023-07-18 00:00:00+09:00,11071.0,11283.0,10836.0,10907.0,706200.0
2023-07-19 00:00:00+09:00,10906.0,11683.0,10318.0,11119.0,1582712.0
2023-07-20 00:00:00+09:00,11166.0,11967.0,10860.0,11214.0,1829274.0
2023-07-21 00:00:00+09:00,11189.0,11966.0,10883.0,11402.0,2004026.0
2023-07-24 00:00:00+09:00,11402.0,11402.0,10789.0,11214.0,1375696.0
2023-07-25 00:00:00+09:00,11000.0,11377.0,10859.0,10907.0,959586.0
2023-07-26 00:00:00+09:00,10978.0,11025.0,10554.0,10625.0,1383860.0
2023-07-27 00:00:00+09:00,10624.0,11401.0,10624.0,11237.0,1494652.0
2023-07-28 00:00:00+09:00,11237.0,11520.0,10860.0,11214.0,787804.0
2023-07-31 00:00:00+09:00,11283.0,11848.0,11189.0,11708.0,1417148.0
2023-08-01 00:00:00+09:00,11685.0,11755.0,11213.0,11426.0,1121280.0
2023-08-02 00:00:00+09:00,11471.0,11495.0,11071.0,11119.0,959114.0
2023-08-03 00:00:00+09:00,11425.0,13262.0,11260.0,13145.0,6271542.0
2023-08-04 00:00:00+09:00,13262.0,13427.0,11307.0,11378.0,4450498.0
2023-08-07 00:00:00+09:00,11377.0,11401.0,10624.0,10907.0,1970344.0
2023-08-08 00:00:00+09:00,10671.0,11048.0,10648.0,10931.0,1288166.0
2023-08-09 00:00:00+09:00,10954.0,13734.0,10931.0,13122.0,9250066.0
2023-08-10 00:00:00+09:00,12862.0,13380.0,12532.0,13216.0,2965836.0
2023-08-11 00:00:00+09:00,13003.0,13874.0,12721.0,13475.0,2906314.0
2023-08-14 00:00:00+09:00,14134.0,15288.0,12155.0,12203.0,6332676.0
2023-08-16 00:00:00+09:00,12367.0,14817.0,12273.0,13475.0,8944706.0
2023-08-17 00:00:00+09:00,13287.0,13475.0,12344.0,13075.0,2625252.0
2023-08-18 00:00:00+09:00,12909.0,13616.0,12603.0,13546.0,1860558.0
2023-08-21 00:00:00+09:00,13310.0,13498.0,12791.0,12792.0,1881146.0
2023-08-22 00:00:00+09:00,12745.0,12886.0,12438.0,12745.0,1306650.0
2023-08-23 00:00:00+09:00,12602.0,13427.0,11778.0,11967.0,2568698.0
2023-08-24 00:00:00+09:00,11778.0,12154.0,11731.0,11967.0,1043634.0
2023-08-25 00:00:00+09:00,11873.0,12321.0,11873.0,12062.0,1024184.0
2023-08-28 00:00:00+09:00,12062.0,12580.0,11920.0,12227.0,1141724.0
2023-08-29 00:00:00+09:00,12462.0,13169.0,12344.0,12957.0,2175204.0
2023-08-30 00:00:00+09:00,13145.0,13545.0,12839.0,13028.0,1337554.0
2023-08-31 00:00:00+09:00,12980.0,13121.0,12391.0,12792.0,1354740.0
2023-09-01 00:00:00+09:00,12697.0,12768.0,12368.0,12533.0,1033116.0
2023-09-04 00:00:00+09:00,12484.0,12696.0,12249.0,12297.0,634290.0
2023-09-05 00:00:00+09:00,12296.0,12532.0,12202.0,12250.0,622078.0
2023-09-06 00:00:00+09:00,12156.0,12462.0,12085.0,12227.0,734134.0
2023-09-07 00:00:00+09:00,12062.0,12321.0,12038.0,12227.0,648888.0
2023-09-08 00:00:00+09:00,12108.0,12626.0,12108.0,12462.0,803152.0
2023-09-11 00:00:00+09:00,12580.0,12886.0,12320.0,12745.0,1272690.0
2023-09-12 00:00:00+09:00,12744.0,13003.0,12626.0,12839.0,1135814.0
2023-09-13 00:00:00+09:00,13592.0,13616.0,12462.0,12792.0,2903030.0
2023-09-14 00:00:00+09:00,12744.0,12979.0,12509.0,12839.0,852034.0
2023-09-15 00:00:00+09:00,12957.0,13452.0,12792.0,13240.0,1670034.0
2023-09-18 00:00:00+09:00,13098.0,13334.0,12815.0,12910.0,893800.0
2023-09-19 00:00:00+09:00,12862.0,13098.0,12627.0,12910.0,564580.0
2023-09-20 00:00:00+09:00,12767.0,12814.0,12485.0,12627.0,641398.0
2023-09-21 00:00:00+09:00,12484.0,12602.0,12131.0,12179.0,789258.0
2023-09-22 00:00:00+09:00,11896.0,13898.0,11825.0,13357.0,4129374.0
2023-09-25 00:00:00+09:00,13285.0,13851.0,12932.0,12980.0,1483872.0
2023-09-26 00:00:00+09:00,12863.0,13263.0,12721.0,13028.0,945808.0
2023-09-27 00:00:00+09:00,13192.0,14110.0,12838.0,13852.0,2276764.0
2023-10-04 00:00:00+09:00,14087.0,14087.0,13051.0,13169.0,1716676.0
2023-10-05 00:00:00+09:00,13191.0,13568.0,12862.0,13051.0,1008854.0
2023-10-06 00:00:00+09:00,13074.0,13428.0,12980.0,13240.0,602518.0
2023-10-10 00:00:00+09:00,13309.0,13804.0,13121.0,13263.0,1421548.0
2023-10-11 00:00:00+09:00,13286.0,13733.0,13286.0,13569.0,903298.0
2023-10-12 00:00:00+09:00,13592.0,13781.0,13334.0,13711.0,790742.0
2023-10-13 00:00:00+09:00,13545.0,13781.0,12580.0,12745.0,2056748.0
2023-10-16 00:00:00+09:00,12768.0,13051.0,12391.0,12910.0,963136.0
2023-10-17 00:00:00+09:00,12933.0,13263.0,12745.0,12910.0,730998.0
2023-10-18 00:00:00+09:00,12697.0,12815.0,12391.0,12415.0,849924.0
2023-10-19 00:00:00+09:00,12202.0,13238.0,12132.0,12886.0,1008452.0
2023-10-20 00:00:00+09:00,12791.0,15358.0,12673.0,14794.0,6818908.0
2023-10-23 00:00:00+09:00,15148.0,16632.0,14606.0,16067.0,7568418.0
2023-10-24 00:00:00+09:00,15759.0,17196.0,15006.0,16985.0,6713520.0
2023-10-25 00:00:00+09:00,16820.0,18705.0,16820.0,18140.0,7186592.0
2023-10-26 00:00:00+09:00,17432.0,18398.0,17103.0,18069.0,3071678.0
2023-10-27 00:00:00+09:00,18375.0,19412.0,17598.0,18211.0,4896222.0
2023-10-30 00:00:00+09:00,18281.0,18681.0,18045.0,18399.0,1640684.0
2023-10-31 00:00:00+09:00,18540.0,19106.0,16726.0,17622.0,3064882.0
2023-11-01 00:00:00+09:00,17550.0,18633.0,17527.0,18069.0,1518418.0
2023-11-02 00:00:00+09:00,18468.0,18492.0,16914.0,17527.0,1818936.0
2023-11-03 00:00:00+09:00,17314.0,17314.0,14158.0,14700.0,7694076.0
2023-11-06 00:00:00+09:00,15124.0,17668.0,14959.0,16585.0,6052224.0
2023-11-07 00:00:00+09:00,16702.0,16844.0,15548.0,15784.0,2127730.0
2023-11-08 00:00:00+09:00,15759.0,15995.0,15218.0,15289.0,1259614.0
2023-11-09 00:00:00+09:00,15429.0,15618.0,14935.0,15289.0,1032900.0
2023-11-10 00:00:00+09:00,14888.0,18845.0,14464.0,15713.0,4019888.0
2023-11-13 00:00:00+09:00,16019.0,17479.0,15854.0,16420.0,3252916.0
2023-11-14 00:00:00+09:00,16513.0,16655.0,15760.0,16043.0,1527672.0
2023-11-15 00:00:00+09:00,15877.0,15900.0,14841.0,15501.0,2579978.0
2023-11-16 00:00:00+09:00,15359.0,15830.0,15218.0,15454.0,1048856.0
2023-11-17 00:00:00+09:00,15572.0,15737.0,15054.0,15431.0,1119332.0
2023-11-20 00:00:00+09:00,15454.0,16537.0,14700.0,14936.0,2994508.0
2023-11-21 00:00:00+09:00,14934.0,15099.0,14464.0,14747.0,1182128.0
2023-11-22 00:00:00+09:00,14676.0,14818.0,14299.0,14512.0,1046252.0
2023-11-23 00:00:00+09:00,14559.0,14700.0,13475.0,13923.0,1874400.0
2023-11-24 00:00:00+09:00,14064.0,14135.0,13640.0,13876.0,1230744.0
2023-11-27 00:00:00+09:00,13946.0,14582.0,13876.0,14465.0,1245162.0
2023-11-28 00:00:00+09:00,14323.0,14394.0,13899.0,13970.0,977582.0
2023-11-29 00:00:00+09:00,13899.0,13923.0,13428.0,13617.0,1180480.0
2023-11-30 00:00:00+09:00,13427.0,14016.0,13380.0,13687.0,822900.0
2023-12-01 00:00:00+09:00,13593.0,13970.0,13428.0,13758.0,809350.0
2023-12-04 00:00:00+09:00,13711.0,13805.0,13287.0,13664.0,789072.0
2023-12-05 00:00:00+09:00,13616.0,14488.0,13499.0,14253.0,1482524.0
2023-12-06 00:00:00+09:00,14298.0,14298.0,13851.0,13899.0,809392.0
2023-12-07 00:00:00+09:00,13852.0,13875.0,13404.0,13546.0,873904.0
2023-12-08 00:00:00+09:00,13450.0,13709.0,12862.0,13357.0,1023808.0
2023-12-11 00:00:00+09:00,13356.0,13474.0,13027.0,13145.0,772846.0
2023-12-12 00:00:00+09:00,13145.0,13428.0,12933.0,13240.0,864308.0
2023-12-13 00:00:00+09:00,11260.0,12462.0,11048.0,11520.0,5244296.0
2023-12-14 00:00:00+09:00,11402.0,12273.0,11378.0,12156.0,2311558.0
2023-12-15 00:00:00+09:00,12368.0,12792.0,12179.0,12321.0,1253862.0
2023-12-18 00:00:00+09:00,12274.0,12391.0,11967.0,12062.0,998032.0
2023-12-19 00:00:00+09:00,11920.0,12415.0,11920.0,12321.0,929128.0
2023-12-20 00:00:00+09:00,12320.0,12437.0,12179.0,12344.0,691710.0
2023-12-21 00:00:00+09:00,12296.0,12484.0,12014.0,12179.0,779190.0
2023-12-22 00:00:00+09:00,12226.0,12484.0,12132.0,12297.0,863450.0
2023-12-26 00:00:00+09:00,12461.0,12461.0,11920.0,12038.0,973580.0
2023-12-27 00:00:00+09:00,12108.0,12225.0,11613.0,12132.0,1187084.0
2023-12-28 00:00:00+09:00,12061.0,12343.0,11920.0,12297.0,732282.0
2024-01-02 00:00:00+09:00,12296.0,12414.0,12131.0,12344.0,592560.0
2024-01-03 00:00:00+09:00,12274.0,12297.0,11072.0,11638.0,1868526.0
2024-01-04 00:00:00+09:00,11377.0,11754.0,11236.0,11590.0,979008.0
2024-01-05 00:00:00+09:00,11542.0,11684.0,11401.0,11449.0,690404.0
2024-01-08 00:00:00+09:00,11378.0,11520.0,11213.0,11261.0,655912.0
2024-01-09 00:00:00+09:00,11260.0,11518.0,11260.0,11378.0,464756.0
2024-01-10 00:00:00+09:00,11377.0,11471.0,10954.0,11072.0,1031504.0
2024-01-11 00:00:00+09:00,11071.0,11589.0,11024.0,11378.0,736854.0
2024-01-12 00:00:00+09:00,11330.0,11448.0,10930.0,11072.0,664666.0
2024-01-15 00:00:00+09:00,11166.0,12037.0,11166.0,11826.0,2164328.0
2024-01-16 00:00:00+09:00,11755.0,11873.0,11425.0,11520.0,598524.0
2024-01-17 00:00:00+09:00,11425.0,11520.0,11190.0,11308.0,527628.0
2024-01-18 00:00:00+09:00,11424.0,11683.0,11236.0,11331.0,377570.0
2024-01-19 00:00:00+09:00,11495.0,11589.0,11213.0,11237.0,517360.0
2024-01-22 00:00:00+09:00,11330.0,11377.0,11024.0,11119.0,652172.0
2024-01-23 00:00:00+09:00,11213.0,11566.0,11024.0,11237.0,661858.0
2024-01-24 00:00:00+09:00,11308.0,12062.0,11096.0,11638.0,1267334.0
2024-01-25 00:00:00+09:00,11542.0,11566.0,11283.0,11331.0,502242.0
2024-01-26 00:00:00+09:00,11331.0,11755.0,11260.0,11685.0,538156.0
2024-01-29 00:00:00+09:00,11826.0,12108.0,11496.0,11520.0,816116.0
2024-01-30 00:00:00+09:00,11543.0,12343.0,11472.0,11920.0,1621172.0
2024-01-31 00:00:00+09:00,12085.0,12109.0,11543.0,11638.0,734092.0
2024-02-01 00:00:00+09:00,11543.0,11661.0,8292.0,10554.0,3853730.0
2024-02-02 00:00:00+09:00,10388.0,11165.0,10365.0,11072.0,984578.0
2024-02-05 00:00:00+09:00,10978.0,11001.0,10648.0,10719.0,557374.0
2024-02-06 00:00:00+09:00,10577.0,10977.0,10577.0,10695.0,556854.0
2024-02-07 00:00:00+09:00,10835.0,10859.0,9469.0,9988.0,1885744.0
2024-02-08 00:00:00+09:00,10105.0,10128.0,9705.0,9988.0,611990.0
2024-02-13 00:00:00+09:00,10012.0,10224.0,9988.0,10130.0,516628.0
2024-02-14 00:00:00+09:00,9988.0,10177.0,9847.0,10083.0,491930.0
2024-02-15 00:00:00+09:00,10129.0,10293.0,10058.0,10153.0,515354.0
2024-02-16 00:00:00+09:00,10106.0,10906.0,10082.0,10483.0,1091946.0
2024-02-19 00:00:00+09:00,10483.0,10648.0,10318.0,10389.0,468860.0
2024-02-20 00:00:00+09:00,10318.0,10436.0,10082.0,10295.0,598204.0
2024-02-21 00:00:00+09:00,10129.0,10341.0,10059.0,10224.0,608638.0
2024-02-22 00:00:00+09:00,10224.0,10365.0,10177.0,10248.0,453374.0
2024-02-23 00:00:00+09:00,10223.0,10223.0,9941.0,10106.0,755722.0
2024-02-26 00:00:00+09:00,9941.0,10671.0,9847.0,10012.0,964574.0
2024-02-27 00:00:00+09:00,10012.0,10082.0,9729.0,9753.0,737954.0
2024-02-28 00:00:00+09:00,9776.0,9871.0,9564.0,9612.0,763280.0
2024-02-29 00:00:00+09:00,9611.0,10034.0,9516.0,9729.0,629910.0
2024-03-04 00:00:00+09:00,9728.0,9917.0,9587.0,9635.0,465138.0
2024-03-05 00:00:00+09:00,9611.0,9729.0,9423.0,9494.0,602738.0
2024-03-06 00:00:00+09:00,9446.0,9587.0,8739.0,9145.0,1306820.0
2024-03-07 00:00:00+09:00,9093.0,9611.0,9083.0,9329.0,1089976.0
2024-03-08 00:00:00+09:00,9423.0,9775.0,9328.0,9423.0,775900.0
2024-03-11 00:00:00+09:00,9399.0,9659.0,9282.0,9659.0,670218.0
2024-03-12 00:00:00+09:00,9964.0,10505.0,9799.0,9941.0,1823404.0
2024-03-13 00:00:00+09:00,9941.0,9941.0,9493.0,9541.0,919528.0
2024-03-14 00:00:00+09:00,9610.0,9799.0,8980.0,9357.0,1286140.0
2024-03-15 00:00:00+09:00,9267.0,9272.0,8980.0,9084.0,841412.0
2024-03-18 00:00:00+09:00,9084.0,9263.0,9037.0,9169.0,436244.0
2024-03-19 00:00:00+09:00,9187.0,9244.0,9032.0,9089.0,475786.0
2024-03-20 00:00:00+09:00,9154.0,10482.0,9088.0,9894.0,3607832.0
2024-03-21 00:00:00+09:00,9918.0,10059.0,9659.0,9824.0,804750.0
2024-03-22 00:00:00+09:00,9847.0,11378.0,9729.0,10766.0,5948146.0
2024-03-25 00:00:00+09:00,10436.0,10694.0,10153.0,10436.0,1424820.0
2024-03-26 00:00:00+09:00,10412.0,10483.0,9941.0,10130.0,1336140.0
2024-03-27 00:00:00+09:00,10129.0,10247.0,9847.0,9965.0,816480.0
2024-03-28 00:00:00+09:00,10058.0,10058.0,9799.0,9894.0,555256.0
2024-03-29 00:00:00+09:00,9987.0,10482.0,9823.0,9894.0,1330782.0
2024-04-01 00:00:00+09:00,10271.0,10460.0,10083.0,10201.0,1102666.0
2024-04-02 00:00:00+09:00,10153.0,10177.0,9753.0,9824.0,749370.0
2024-04-03 00:00:00+09:00,9775.0,9846.0,9587.0,9635.0,525296.0
2024-04-04 00:00:00+09:00,9776.0,9870.0,9300.0,9494.0,759114.0
2024-04-05 00:00:00+09:00,9352.0,9588.0,9286.0,9447.0,452186.0
2024-04-08 00:00:00+09:00,9446.0,9470.0,9229.0,9310.0,500624.0
2024-04-09 00:00:00+09:00,9310.0,9414.0,9225.0,9301.0,391078.0
2024-04-11 00:00:00+09:00,9187.0,9494.0,9032.0,9447.0,341604.0
2024-04-12 00:00:00+09:00,9423.0,9494.0,9338.0,9367.0,257748.0
2024-04-15 00:00:00+09:00,9271.0,9313.0,9045.0,9060.0,605326.0
2024-04-16 00:00:00+09:00,9173.0,9846.0,9041.0,9305.0,1398056.0
2024-04-17 00:00:00+09:00,9445.0,9469.0,9196.0,9286.0,434654.0
2024-04-18 00:00:00+09:00,9276.0,9470.0,9257.0,9470.0,298188.0
2024-04-19 00:00:00+09:00,9894.0,10648.0,9423.0,9541.0,3869410.0
2024-04-22 00:00:00+09:00,9563.0,9869.0,9446.0,9517.0,828014.0
2024-04-23 00:00:00+09:00,9564.0,9588.0,9409.0,9541.0,411670.0
2024-04-24 00:00:00+09:00,9588.0,9635.0,9446.0,9494.0,316038.0
2024-04-25 00:00:00+09:00,9380.0,9492.0,9375.0,9385.0,379026.0
2024-04-26 00:00:00+09:00,9389.0,9516.0,9347.0,9357.0,395754.0
2024-04-29 00:00:00+09:00,9394.0,9587.0,9380.0,9564.0,449450.0
2024-04-30 00:00:00+09:00,9588.0,9635.0,9423.0,9541.0,328308.0
2024-05-02 00:00:00+09:00,9540.0,9681.0,9399.0,9418.0,515912.0
2024-05-03 00:00:00+09:00,9470.0,9610.0,9422.0,9470.0,418668.0
2024-05-07 00:00:00+09:00,9587.0,10246.0,9564.0,9894.0,1874070.0
2024-05-08 00:00:00+09:00,9846.0,10081.0,9752.0,9894.0,579546.0
2024-05-09 00:00:00+09:00,9893.0,9964.0,9658.0,9729.0,495000.0
2024-05-10 00:00:00+09:00,9799.0,10034.0,9729.0,9894.0,586066.0
2024-05-13 00:00:00+09:00,9987.0,10034.0,9729.0,9847.0,429656.0
2024-05-14 00:00:00+09:00,9823.0,9988.0,9706.0,9871.0,307694.0
2024-05-16 00:00:00+09:00,9846.0,10011.0,9776.0,9800.0,444664.0
2024-05-17 00:00:00+09:00,9752.0,10105.0,9752.0,9941.0,600760.0
2024-05-20 00:00:00+09:00,10034.0,10129.0,9729.0,9847.0,543450.0
2024-05-21 00:00:00+09:00,9799.0,9940.0,9634.0,9729.0,458550.0
2024-05-22 00:00:00+09:00,9706.0,9729.0,9390.0,9494.0,573408.0
2024-05-23 00:00:00+09:00,9446.0,9540.0,9333.0,9423.0,440256.0
2024-05-24 00:00:00+09:00,9409.0,9494.0,9343.0,9447.0,311796.0
2024-05-27 00:00:00+09:00,9446.0,9469.0,9371.0,9423.0,410710.0
2024-05-28 00:00:00+09:00,9469.0,9610.0,9413.0,9423.0,444214.0
2024-05-29 00:00:00+09:00,9447.0,9447.0,9187.0,9202.0,496306.0
2024-05-30 00:00:00+09:00,9210.0,9280.0,9022.0,9206.0,441822.0
2024-05-31 00:00:00+09:00,9248.0,9564.0,9248.0,9564.0,568634.0
2024-06-03 00:00:00+09:00,9563.0,9610.0,9422.0,9470.0,283682.0
2024-06-04 00:00:00+09:00,9541.0,9541.0,9296.0,9315.0,416296.0
2024-06-05 00:00:00+09:00,9314.0,9371.0,9140.0,9216.0,315940.0
2024-06-07 00:00:00+09:00,9215.0,9365.0,9201.0,9220.0,274688.0
2024-06-10 00:00:00+09:00,9164.0,9182.0,9032.0,9051.0,447048.0
2024-06-11 00:00:00+09:00,9046.0,9178.0,9041.0,9056.0,250658.0
2024-06-12 00:00:00+09:00,9037.0,9135.0,9004.0,9037.0,269684.0
2024-06-13 00:00:00+09:00,9045.0,9073.0,8730.0,8801.0,889540.0
2024-06-14 00:00:00+09:00,8754.0,9060.0,8565.0,8811.0,575696.0
2024-06-17 00:00:00+09:00,8900.0,8900.0,8758.0,8806.0,207146.0
2024-06-18 00:00:00+09:00,8804.0,8866.0,8574.0,8598.0,392586.0
2024-06-19 00:00:00+09:00,8550.0,8588.0,8291.0,8339.0,830378.0
2024-06-20 00:00:00+09:00,8376.0,8583.0,8343.0,8405.0,301238.0
2024-06-21 00:00:00+09:00,8493.0,8493.0,8287.0,8306.0,314164.0
2024-06-24 00:00:00+09:00,8556.0,9587.0,8122.0,8787.0,2644412.0
2024-06-25 00:00:00+09:00,8787.0,8796.0,8495.0,8495.0,463614.0
2024-06-26 00:00:00+09:00,8470.0,8526.0,8353.0,8485.0,321278.0
2024-06-27 00:00:00+09:00,8550.0,9139.0,8480.0,8598.0,857320.0
2024-06-28 00:00:00+09:00,8551.0,8711.0,8438.0,8655.0,276078.0
2024-07-01 00:00:00+09:00,8664.0,8918.0,8640.0,8862.0,450538.0
2024-07-02 00:00:00+09:00,8834.0,9013.0,8749.0,8858.0,426342.0
2024-07-03 00:00:00+09:00,8753.0,8791.0,8584.0,8589.0,552420.0
2024-07-04 00:00:00+09:00,8588.0,8588.0,8409.0,8457.0,414572.0
2024-07-05 00:00:00+09:00,8409.0,8616.0,8404.0,8551.0,283662.0
2024-07-08 00:00:00+09:00,8480.0,8589.0,8419.0,8575.0,315864.0
2024-07-09 00:00:00+09:00,8575.0,8749.0,8546.0,8561.0,474408.0
2024-07-10 00:00:00+09:00,8484.0,8555.0,8056.0,8344.0,675254.0
2024-07-11 00:00:00+09:00,8348.0,8409.0,8244.0,8353.0,251496.0
2024-07-12 00:00:00+09:00,8353.0,8451.0,8338.0,8386.0,253426.0
2024-07-15 00:00:00+09:00,8433.0,8740.0,8367.0,8514.0,481392.0
2024-07-16 00:00:00+09:00,8537.0,8537.0,8391.0,8415.0,243732.0
2024-07-17 00:00:00+09:00,8386.0,8480.0,8381.0,8410.0,180390.0
2024-07-18 00:00:00+09:00,8489.0,8541.0,8376.0,8424.0,322194.0
2024-07-19 00:00:00+09:00,8415.0,8429.0,8231.0,8236.0,288188.0
2024-07-22 00:00:00+09:00,8235.0,8240.0,7896.0,8118.0,422130.0
2024-07-23 00:00:00+09:00,8085.0,8170.0,7934.0,7944.0,266354.0
2024-07-24 00:00:00+09:00,7868.0,8179.0,7868.0,8005.0,253652.0
2024-07-25 00:00:00+09:00,7943.0,9181.0,7938.0,8504.0,2005746.0
2024-07-26 00:00:00+09:00,8594.0,9121.0,8551.0,8905.0,1233488.0
2024-07-29 00:00:00+09:00,9140.0,9286.0,8933.0,9202.0,749868.0
2024-07-30 00:00:00+09:00,9343.0,9347.0,8805.0,8853.0,491084.0
2024-07-31 00:00:00+09:00,8853.0,9032.0,8636.0,8971.0,301584.0
2024-08-01 00:00:00+09:00,8984.0,9046.0,8758.0,8787.0,220018.0
2024-08-02 00:00:00+09:00,8881.0,9423.0,8650.0,8844.0,1118800.0
2024-08-05 00:00:00+09:00,8900.0,8909.0,8203.0,8255.0,862728.0
2024-08-06 00:00:00+09:00,8391.0,8904.0,8391.0,8900.0,695554.0
2024-08-07 00:00:00+09:00,8899.0,9752.0,8796.0,9470.0,1791760.0
2024-08-08 00:00:00+09:00,9399.0,9659.0,9282.0,9612.0,1149550.0
2024-08-09 00:00:00+09:00,9611.0,9776.0,9423.0,9541.0,826962.0
2024-08-12 00:00:00+09:00,9917.0,10176.0,8720.0,8980.0,2463800.0
2024-08-13 00:00:00+09:00,9046.0,9541.0,9013.0,9037.0,1284486.0
2024-08-14 00:00:00+09:00,9192.0,9800.0,8909.0,9706.0,1654854.0
2024-08-16 00:00:00+09:00,9894.0,10341.0,9729.0,10059.0,2239722.0
2024-08-19 00:00:00+09:00,10246.0,10317.0,9870.0,9988.0,1327546.0
2024-08-20 00:00:00+09:00,9988.0,10012.0,9399.0,9494.0,1395722.0
2024-08-21 00:00:00+09:00,9493.0,9682.0,9182.0,9409.0,767342.0
2024-08-22 00:00:00+09:00,9422.0,9445.0,8843.0,9013.0,1045350.0
2024-08-23 00:00:00+09:00,8914.0,9347.0,8857.0,9098.0,517710.0
2024-08-26 00:00:00+09:00,9215.0,9219.0,8857.0,8914.0,430544.0
2024-08-27 00:00:00+09:00,8919.0,9093.0,8674.0,8811.0,477366.0
2024-08-28 00:00:00+09:00,9008.0,10694.0,9003.0,10153.0,8620348.0
2024-08-29 00:00:00+09:00,9846.0,10034.0,9403.0,9418.0,1812460.0
2024-08-30 00:00:00+09:00,9447.0,9635.0,9343.0,9612.0,773328.0
2024-09-02 00:00:00+09:00,9610.0,9634.0,9083.0,9192.0,852120.0
2024-09-03 00:00:00+09:00,9116.0,9370.0,9031.0,9272.0,530312.0
2024-09-04 00:00:00+09:00,9083.0,9158.0,8876.0,9074.0,407358.0
2024-09-05 00:00:00+09:00,9178.0,9706.0,9112.0,9334.0,1108322.0
2024-09-06 00:00:00+09:00,9337.0,9360.0,9130.0,9319.0,319954.0
2024-09-09 00:00:00+09:00,9234.0,9611.0,9070.0,9447.0,665310.0
2024-09-10 00:00:00+09:00,9445.0,9540.0,9234.0,9239.0,363318.0
2024-09-11 00:00:00+09:00,9238.0,9361.0,8970.0,8980.0,413934.0
2024-09-12 00:00:00+09:00,8994.0,9215.0,8994.0,9093.0,314504.0
2024-09-13 00:00:00+09:00,9140.0,9140.0,8881.0,9070.0,316758.0
2024-09-19 00:00:00+09:00,9116.0,9705.0,9116.0,9470.0,989424.0
2024-09-20 00:00:00+09:00,9492.0,9516.0,9304.0,9352.0,545960.0
2024-09-23 00:00:00+09:00,9329.0,9366.0,9187.0,9315.0,261372.0
2024-09-24 00:00:00+09:00,9333.0,9588.0,9291.0,9447.0,423072.0
2024-09-25 00:00:00+09:00,9493.0,9516.0,9192.0,9192.0,465982.0
2024-09-26 00:00:00+09:00,9220.0,9357.0,9206.0,9235.0,270852.0
2024-09-27 00:00:00+09:00,9210.0,9285.0,9107.0,9140.0,343388.0
2024-09-30 00:00:00+09:00,9296.0,9611.0,9004.0,9023.0,743126.0
2024-10-02 00:00:00+09:00,8951.0,9060.0,8834.0,8919.0,314430.0
2024-10-04 00:00:00+09:00,8899.0,9116.0,8815.0,9013.0,217846.0
2024-10-07 00:00:00+09:00,8951.0,9036.0,8918.0,8933.0,305124.0
2024-10-08 00:00:00+09:00,8950.0,9031.0,8909.0,8909.0,255376.0
2024-10-10 00:00:00+09:00,8838.0,8946.0,8721.0,8721.0,403380.0
2024-10-11 00:00:00+09:00,8757.0,8809.0,8574.0,8617.0,299822.0
2024-10-14 00:00:00+09:00,8616.0,8640.0,8537.0,8589.0,268472.0
2024-10-15 00:00:00+09:00,8616.0,8635.0,8395.0,8485.0,447648.0
2024-10-16 00:00:00+09:00,8433.0,8536.0,8390.0,8504.0,254532.0
2024-10-17 00:00:00+09:00,8433.0,8716.0,8433.0,8509.0,411052.0
2024-10-18 00:00:00+09:00,8547.0,8561.0,8250.0,8335.0,445094.0
2024-10-21 00:00:00+09:00,8334.0,8673.0,8334.0,8410.0,296272.0
2024-10-22 00:00:00+09:00,8410.0,8410.0,8122.0,8123.0,443024.0
2024-10-23 00:00:00+09:00,8122.0,8211.0,8018.0,8132.0,295384.0
2024-10-24 00:00:00+09:00,8179.0,8179.0,7962.0,7972.0,321184.0
2024-10-25 00:00:00+09:00,8009.0,8061.0,7815.0,8061.0,454934.0
2024-10-28 00:00:00+09:00,8061.0,8150.0,8014.0,8099.0,249348.0
2024-10-29 00:00:00+09:00,8056.0,8132.0,8056.0,8132.0,299442.0
2024-10-30 00:00:00+09:00,8136.0,8136.0,8033.0,8085.0,163090.0
2024-10-31 00:00:00+09:00,8009.0,8151.0,7905.0,8151.0,258096.0
2024-11-01 00:00:00+09:00,8099.0,8151.0,7967.0,8104.0,170748.0
2024-11-04 00:00:00+09:00,8104.0,8316.0,8028.0,8302.0,323210.0
2024-11-05 00:00:00+09:00,8250.0,8353.0,8169.0,8283.0,137070.0
2024-11-06 00:00:00+09:00,8282.0,8344.0,8127.0,8184.0,239768.0
2024-11-07 00:00:00+09:00,8178.0,8192.0,8009.0,8014.0,248770.0
2024-11-08 00:00:00+09:00,8122.0,8165.0,7858.0,7873.0,383448.0
2024-11-11 00:00:00+09:00,7872.0,7905.0,7472.0,7590.0,720916.0
2024-11-12 00:00:00+09:00,7443.0,7509.0,6883.0,7227.0,690922.0
2024-11-13 00:00:00+09:00,7297.0,7405.0,7047.0,7161.0,484472.0
2024-11-14 00:00:00+09:00,7265.0,7971.0,7114.0,7821.0,893574.0
2024-11-15 00:00:00+09:00,7821.0,7878.0,7434.0,7454.0,685356.0
2024-11-18 00:00:00+09:00,6219.0,7161.0,6219.0,6653.0,1929230.0
2024-11-19 00:00:00+09:00,6676.0,6841.0,6581.0,6667.0,454380.0
2024-11-20 00:00:00+09:00,6642.0,6788.0,6553.0,6624.0,369468.0
2024-11-21 00:00:00+09:00,6689.0,6689.0,6501.0,6549.0,401950.0
2024-11-22 00:00:00+09:00,6619.0,6704.0,6501.0,6596.0,356800.0
2024-11-25 00:00:00+09:00,6572.0,6973.0,6549.0,6865.0,521878.0
2024-11-26 00:00:00+09:00,6874.0,6925.0,6709.0,6827.0,248120.0
2024-11-27 00:00:00+09:00,6907.0,7020.0,6761.0,6912.0,235174.0
2024-11-28 00:00:00+09:00,6977.0,7057.0,6860.0,6860.0,182316.0
2024-11-29 00:00:00+09:00,6879.0,6883.0,6643.0,6700.0,211016.0
2024-12-02 00:00:00+09:00,6722.0,6774.0,6454.0,6502.0,345808.0
2024-12-03 00:00:00+09:00,6501.0,6665.0,6478.0,6478.0,340804.0
2024-12-04 00:00:00+09:00,6388.0,6406.0,6171.0,6252.0,531914.0
2024-12-05 00:00:00+09:00,6242.0,6260.0,6007.0,6106.0,650688.0
2024-12-06 00:00:00+09:00,6162.0,6953.0,5959.0,6718.0,1141074.0
2024-12-09 00:00:00+09:00,6666.0,7100.0,6614.0,6940.0,990262.0
2024-12-10 00:00:00+09:00,6972.0,7368.0,6972.0,7322.0,813930.0
2024-12-11 00:00:00+09:00,7349.0,7439.0,6902.0,6940.0,553460.0
2024-12-12 00:00:00+09:00,7175.0,7208.0,6940.0,6992.0,577206.0
2024-12-13 00:00:00+09:00,6978.0,7185.0,6831.0,7044.0,456224.0
2024-12-16 00:00:00+09:00,7029.0,7746.0,7029.0,7520.0,1275404.0
2024-12-17 00:00:00+09:00,7530.0,7560.0,6905.0,6995.0,802668.0
2024-12-18 00:00:00+09:00,7060.0,7140.0,6940.0,7125.0,255554.0
2024-12-19 00:00:00+09:00,7250.0,7260.0,6940.0,6975.0,335710.0
2024-12-20 00:00:00+09:00,6905.0,7005.0,6840.0,6855.0,195538.0
2024-12-23 00:00:00+09:00,6920.0,7085.0,6920.0,6980.0,261650.0
2024-12-24 00:00:00+09:00,7165.0,7650.0,7165.0,7500.0,970352.0
2024-12-26 00:00:00+09:00,7410.0,7730.0,7355.0,7395.0,422410.0
2024-12-27 00:00:00+09:00,7400.0,7525.0,6965.0,7035.0,472398.0
2024-12-30 00:00:00+09:00,7040.0,7290.0,6989.0,7055.0,242286.0
2025-01-02 00:00:00+09:00,7000.0,7260.0,6990.0,7200.0,199960.0
2025-01-03 00:00:00+09:00,7400.0,7560.0,7220.0,7450.0,377368.0
2025-01-06 00:00:00+09:00,7450.0,7950.0,7450.0,7870.0,651674.0
2025-01-07 00:00:00+09:00,7870.0,7874.0,7505.0,7590.0,457548.0
2025-01-08 00:00:00+09:00,7670.0,8225.0,7555.0,7725.0,1732002.0
2025-01-09 00:00:00+09:00,7750.0,7850.0,7545.0,7600.0,394558.0
2025-01-10 00:00:00+09:00,7600.0,7694.0,7360.0,7550.0,558884.0
2025-01-13 00:00:00+09:00,7475.0,7795.0,7160.0,7200.0,608788.0
2025-01-14 00:00:00+09:00,7205.0,7390.0,7090.0,7190.0,298122.0
2025-01-15 00:00:00+09:00,7165.0,7210.0,7065.0,7140.0,272076.0
2025-01-16 00:00:00+09:00,7149.0,7385.0,7090.0,7275.0,422394.0
2025-01-17 00:00:00+09:00,7275.0,7849.0,7045.0,7725.0,1426326.0
2025-01-20 00:00:00+09:00,7724.0,7875.0,7364.0,7650.0,949288.0
2025-01-21 00:00:00+09:00,7684.0,7684.0,7435.0,7490.0,301586.0
2025-01-22 00:00:00+09:00,7550.0,7550.0,7325.0,7325.0,295590.0
2025-01-23 00:00:00+09:00,7324.0,7324.0,7080.0,7090.0,330828.0
2025-01-24 00:00:00+09:00,7090.0,7350.0,7014.0,7070.0,304206.0
2025-01-31 00:00:00+09:00,7040.0,7080.0,6900.0,6900.0,373308.0
2025-02-03 00:00:00+09:00,6880.0,6880.0,6195.0,6360.0,702616.0
2025-02-04 00:00:00+09:00,6465.0,6560.0,6205.0,6365.0,689760.0
2025-02-05 00:00:00+09:00,6380.0,6489.0,6225.0,6225.0,667576.0
2025-02-06 00:00:00+09:00,6300.0,6390.0,6075.0,6290.0,731922.0
2025-02-07 00:00:00+09:00,6410.0,6410.0,6050.0,6190.0,475488.0
2025-02-10 00:00:00+09:00,6150.0,6195.0,6020.0,6180.0,263298.0
2025-02-11 00:00:00+09:00,6180.0,7645.0,6160.0,7190.0,3298832.0
2025-02-12 00:00:00+09:00,7015.0,7350.0,6924.0,7050.0,697242.0
2025-02-13 00:00:00+09:00,7125.0,7145.0,6975.0,6985.0,321996.0
2025-02-14 00:00:00+09:00,6995.0,7035.0,6685.0,6700.0,496256.0
2025-02-17 00:00:00+09:00,6694.0,6854.0,6640.0,6710.0,279068.0
2025-02-18 00:00:00+09:00,6700.0,6950.0,6670.0,6800.0,418362.0
2025-02-19 00:00:00+09:00,6750.0,6935.0,6750.0,6840.0,245120.0
2025-02-20 00:00:00+09:00,6795.0,6865.0,6515.0,6515.0,436282.0
2025-02-21 00:00:00+09:00,6515.0,6675.0,6490.0,6535.0,244182.0
2025-02-24 00:00:00+09:00,6640.0,6749.0,6535.0,6595.0,325878.0
2025-02-25 00:00:00+09:00,5749.0,6265.0,5735.0,6155.0,2124048.0
2025-02-26 00:00:00+09:00,6165.0,6220.0,6075.0,6160.0,382468.0
2025-02-27 00:00:00+09:00,6134.0,6280.0,6050.0,6150.0,496828.0
2025-02-28 00:00:00+09:00,6080.0,6135.0,5865.0,5905.0,864146.0
2025-03-04 00:00:00+09:00,5905.0,6269.0,5850.0,6035.0,506118.0
2025-03-05 00:00:00+09:00,6095.0,6165.0,5965.0,6125.0,308420.0
2025-03-06 00:00:00+09:00,6165.0,6185.0,5990.0,6070.0,310676.0
2025-03-07 00:00:00+09:00,6065.0,6090.0,5920.0,5960.0,267164.0
2025-03-10 00:00:00+09:00,5965.0,6240.0,5860.0,5905.0,666056.0
2025-03-11 00:00:00+09:00,5849.0,5875.0,5690.0,5825.0,394524.0
2025-03-12 00:00:00+09:00,5770.0,5895.0,5760.0,5855.0,219678.0
2025-03-13 00:00:00+09:00,5935.0,6050.0,5825.0,5835.0,569762.0
2025-03-14 00:00:00+09:00,5835.0,5960.0,5835.0,5900.0,263870.0
2025-03-17 00:00:00+09:00,5900.0,6150.0,5750.0,5890.0,501512.0
2025-03-18 00:00:00+09:00,5895.0,6015.0,5885.0,5915.0,229390.0
2025-03-19 00:00:00+09:00,5925.0,5980.0,5900.0,5935.0,251238.0
2025-03-20 00:00:00+09:00,5985.0,6035.0,5920.0,5935.0,320442.0
2025-03-21 00:00:00+09:00,5935.0,5990.0,5844.0,5890.0,408762.0
2025-03-24 00:00:00+09:00,5860.0,5945.0,5800.0,5820.0,263926.0
2025-03-25 00:00:00+09:00,5820.0,5900.0,5800.0,5870.0,236898.0
2025-03-26 00:00:00+09:00,5889.0,6020.0,5845.0,5885.0,248016.0
2025-03-27 00:00:00+09:00,5884.0,5884.0,5770.0,5770.0,221002.0
2025-03-28 00:00:00+09:00,5740.0,5780.0,5660.0,5675.0,225024.0
2025-03-31 00:00:00+09:00,5640.0,5675.0,5355.0,5440.0,444992.0
2025-04-01 00:00:00+09:00,5460.0,5640.0,5420.0,5445.0,300388.0
2025-04-02 00:00:00+09:00,5450.0,5480.0,5075.0,5195.0,548976.0
2025-04-03 00:00:00+09:00,5100.0,5225.0,4980.0,5200.0,430098.0
2025-04-04 00:00:00+09:00,5005.0,5290.0,4995.0,5160.0,455496.0
2025-04-07 00:00:00+09:00,4800.0,5050.0,4660.0,4895.0,409832.0
2025-04-08 00:00:00+09:00,4925.0,5060.0,4915.0,4940.0,324980.0
2025-04-09 00:00:00+09:00,4945.0,5440.0,4935.0,5295.0,641900.0
2025-04-10 00:00:00+09:00,5450.0,5725.0,5320.0,5725.0,518766.0
2025-04-11 00:00:00+09:00,5675.0,5949.0,5580.0,5775.0,364940.0
2025-04-14 00:00:00+09:00,5700.0,5870.0,5645.0,5780.0,307852.0
2025-04-15 00:00:00+09:00,5210.0,5595.0,5150.0,5550.0,591830.0
2025-04-16 00:00:00+09:00,5500.0,5730.0,5385.0,5495.0,280878.0
2025-04-17 00:00:00+09:00,5400.0,5635.0,5390.0,5620.0,287360.0
2025-04-18 00:00:00+09:00,5540.0,5870.0,5540.0,5805.0,335898.0
2025-04-21 00:00:00+09:00,5640.0,6130.0,5525.0,5610.0,909144.0
2025-04-22 00:00:00+09:00,5545.0,5665.0,5505.0,5550.0,220442.0
2025-04-23 00:00:00+09:00,5909.0,6060.0,5710.0,5815.0,617144.0
2025-04-24 00:00:00+09:00,5760.0,5810.0,5300.0,5575.0,364172.0
2025-04-25 00:00:00+09:00,5610.0,5645.0,5500.0,5505.0,227240.0
2025-04-28 00:00:00+09:00,5500.0,5595.0,5435.0,5515.0,290630.0
2025-04-29 00:00:00+09:00,5515.0,5555.0,5455.0,5520.0,170952.0
2025-04-30 00:00:00+09:00,5480.0,5585.0,5360.0,5375.0,299870.0
2025-05-02 00:00:00+09:00,5315.0,5450.0,5305.0,5435.0,233540.0
2025-05-07 00:00:00+09:00,5495.0,5495.0,5205.0,5250.0,340420.0
2025-05-08 00:00:00+09:00,5255.0,5335.0,5235.0,5255.0,231370.0
2025-05-09 00:00:00+09:00,5260.0,5315.0,5235.0,5260.0,209460.0
2025-05-12 00:00:00+09:00,5280.0,5290.0,5170.0,5250.0,222152.0
2025-05-13 00:00:00+09:00,5255.0,5310.0,5200.0,5205.0,223362.0
2025-05-14 00:00:00+09:00,5255.0,5400.0,5175.0,5380.0,318926.0
2025-05-15 00:00:00+09:00,5360.0,5440.0,5240.0,5320.0,181284.0
2025-05-16 00:00:00+09:00,5295.0,5445.0,5285.0,5350.0,196070.0
2025-05-19 00:00:00+09:00,5980.0,6000.0,5500.0,5740.0,1232338.0
2025-05-20 00:00:00+09:00,5700.0,5705.0,5320.0,5375.0,819796.0
2025-05-21 00:00:00+09:00,5450.0,5565.0,5255.0,5255.0,703440.0
2025-05-22 00:00:00+09:00,5290.0,5900.0,5250.0,5650.0,1885884.0
2025-05-23 00:00:00+09:00,5645.0,5650.0,5310.0,5615.0,932046.0
2025-05-26 00:00:00+09:00,5670.0,5675.0,5515.0,5530.0,499210.0
2025-05-27 00:00:00+09:00,5545.0,5765.0,5465.0,5500.0,563404.0
2025-05-28 00:00:00+09:00,5500.0,5600.0,5335.0,5415.0,384282.0
2025-05-29 00:00:00+09:00,5495.0,5550.0,5420.0,5530.0,343564.0
2025-05-30 00:00:00+09:00,5470.0,5780.0,5470.0,5530.0,2515496.0
2025-06-02 00:00:00+09:00,5570.0,5640.0,5395.0,5415.0,451006.0
2025-06-04 00:00:00+09:00,5490.0,5535.0,5415.0,5505.0,378412.0
2025-06-05 00:00:00+09:00,5480.0,5565.0,5450.0,5490.0,366618.0
2025-06-09 00:00:00+09:00,5535.0,5535.0,5382.0,5420.0,426676.0
2025-06-10 00:00:00+09:00,5420.0,5490.0,5395.0,5420.0,346238.0
2025-06-11 00:00:00+09:00,5420.0,5450.0,5375.0,5400.0,366366.0
2025-06-12 00:00:00+09:00,5400.0,5440.0,5315.0,5340.0,713998.0
2025-06-13 00:00:00+09:00,5315.0,5345.0,5085.0,5125.0,871142.0
2025-06-16 00:00:00+09:00,5175.0,5190.0,5040.0,5055.0,454394.0
2025-06-17 00:00:00+09:00,5050.0,5095.0,4945.0,5020.0,592606.0
2025-06-18 00:00:00+09:00,4975.0,5105.0,4975.0,5020.0,279752.0
2025-06-19 00:00:00+09:00,5025.0,5035.0,4400.0,4530.0,1789416.0
2025-06-20 00:00:00+09:00,4325.0,4582.0,4325.0,4505.0,839788.0
2025-06-23 00:00:00+09:00,4505.0,4510.0,4345.0,4395.0,544220.0
2025-06-24 00:00:00+09:00,4430.0,4560.0,4375.0,4480.0,678768.0
2025-06-25 00:00:00+09:00,4580.0,4650.0,4505.0,4605.0,458192.0
2025-06-26 00:00:00+09:00,4555.0,4575.0,4395.0,4455.0,433910.0
2025-06-27 00:00:00+09:00,4435.0,4495.0,4400.0,4410.0,231902.0
2025-06-30 00:00:00+09:00,4450.0,4505.0,4415.0,4415.0,193588.0
2025-07-01 00:00:00+09:00,4445.0,4500.0,4400.0,4455.0,279502.0
2025-07-02 00:00:00+09:00,4435.0,4550.0,4400.0,4515.0,313758.0
2025-07-03 00:00:00+09:00,4515.0,4590.0,4515.0,4550.0,280760.0
2025-07-04 00:00:00+09:00,4535.0,4570.0,4475.0,4530.0,213248.0
2025-07-07 00:00:00+09:00,4520.0,5660.0,4445.0,5345.0,7790406.0
2025-07-08 00:00:00+09:00,5035.0,5535.0,4900.0,5010.0,3221828.0
2025-07-09 00:00:00+09:00,4985.0,5375.0,4885.0,5125.0,2451008.0
2025-07-10 00:00:00+09:00,5080.0,5465.0,5050.0,5410.0,1733206.0
2025-07-11 00:00:00+09:00,6555.0,7025.0,6210.0,6960.0,10673188.0
2025-07-14 00:00:00+09:00,7404.0,7940.0,6900.0,7050.0,5196400.0
2025-07-15 00:00:00+09:00,6964.0,7104.0,6795.0,6850.0,1270450.0
2025-07-16 00:00:00+09:00,7009.0,7155.0,6845.0,6965.0,1147072.0
2025-07-17 00:00:00+09:00,6970.0,7100.0,6830.0,7010.0,1169052.0
2025-07-18 00:00:00+09:00,7075.0,7310.0,6965.0,7260.0,1602644.0
2025-07-21 00:00:00+09:00,7734.0,7750.0,6620.0,6790.0,3262462.0
2025-07-22 00:00:00+09:00,6785.0,7075.0,6705.0,6945.0,1265040.0
2025-07-23 00:00:00+09:00,6850.0,7140.0,6850.0,7090.0,1772048.0
2025-07-24 00:00:00+09:00,7590.0,7720.0,6770.0,6780.0,1574578.0
2025-07-25 00:00:00+09:00,6700.0,6750.0,6320.0,6320.0,599223.0
2025-07-28 00:00:00+09:00,6200.0,6330.0,6000.0,6060.0,503197.0
2025-07-29 00:00:00+09:00,6060.0,6080.0,5900.0,5970.0,256017.0
2025-07-30 00:00:00+09:00,5910.0,6100.0,5850.0,5950.0,294520.0
2025-07-31 00:00:00+09:00,5940.0,6000.0,5810.0,5940.0,265860.0
2025-08-01 00:00:00+09:00,5940.0,5940.0,5640.0,5700.0,261118.0
2025-08-04 00:00:00+09:00,6160.0,6380.0,5810.0,5820.0,1069846.0
2025-08-05 00:00:00+09:00,5840.0,5930.0,5770.0,5770.0,283378.0
2025-08-06 00:00:00+09:00,5810.0,5830.0,5750.0,5790.0,135548.0
2025-08-07 00:00:00+09:00,5800.0,5890.0,5710.0,5810.0,200303.0
2025-08-08 00:00:00+09:00,5860.0,5900.0,5770.0,5800.0,189508.0
2025-08-11 00:00:00+09:00,5740.0,6140.0,5680.0,5780.0,518581.0
2025-08-12 00:00:00+09:00,5710.0,5910.0,5660.0,5820.0,514757.0
2025-08-13 00:00:00+09:00,5820.0,6390.0,5780.0,5960.0,1819642.0
2025-08-14 00:00:00+09:00,5760.0,5800.0,5580.0,5600.0,877904.0
2025-08-18 00:00:00+09:00,5460.0,5480.0,5110.0,5220.0,894964.0
2025-08-19 00:00:00+09:00,5050.0,5280.0,4965.0,5080.0,927440.0
2025-08-20 00:00:00+09:00,5010.0,5030.0,4825.0,4900.0,602913.0
2025-08-21 00:00:00+09:00,4905.0,4975.0,4685.0,4730.0,753582.0
2025-08-22 00:00:00+09:00,4700.0,4875.0,4700.0,4730.0,310810.0
2025-08-25 00:00:00+09:00,4735.0,4840.0,4735.0,4800.0,327385.0
2025-08-26 00:00:00+09:00,4845.0,5400.0,4825.0,5230.0,2408511.0
2025-08-27 00:00:00+09:00,5750.0,5920.0,5320.0,5320.0,2078543.0
2025-08-28 00:00:00+09:00,5220.0,6870.0,5190.0,6660.0,9853912.0
2025-08-29 00:00:00+09:00,6810.0,6820.0,5910.0,6080.0,4300715.0
2025-09-01 00:00:00+09:00,5910.0,5960.0,5600.0,5720.0,1379789.0
2025-09-02 00:00:00+09:00,6190.0,6330.0,5800.0,5930.0,2230051.0
2025-09-03 00:00:00+09:00,5880.0,5940.0,5710.0,5770.0,929765.0
2025-09-04 00:00:00+09:00,5770.0,5890.0,5680.0,5780.0,491693.0
2025-09-05 00:00:00+09:00,5740.0,5780.0,5670.0,5740.0,428107.0
2025-09-08 00:00:00+09:00,5910.0,5920.0,5750.0,5760.0,419489.0
2025-09-09 00:00:00+09:00,5820.0,5840.0,5680.0,5750.0,421257.0
2025-09-10 00:00:00+09:00,5740.0,5810.0,5690.0,5730.0,448283.0
2025-09-11 00:00:00+09:00,5760.0,5780.0,5670.0,5700.0,452150.0
2025-09-12 00:00:00+09:00,5720.0,5870.0,5720.0,5790.0,484237.0
2025-09-15 00:00:00+09:00,5800.0,5810.0,5650.0,5750.0,441901.0
2025-09-16 00:00:00+09:00,5740.0,5800.0,5700.0,5700.0,395588.0
2025-09-17 00:00:00+09:00,5740.0,5790.0,5600.0,5670.0,417606.0
2025-09-18 00:00:00+09:00,5650.0,5670.0,5580.0,5610.0,338489.0
2025-09-19 00:00:00+09:00,5570.0,5610.0,5450.0,5540.0,472675.0
2025-09-22 00:00:00+09:00,5610.0,6000.0,5530.0,5890.0,2030669.0
2025-09-23 00:00:00+09:00,5830.0,5830.0,5660.0,5690.0,490026.0
2025-09-24 00:00:00+09:00,5780.0,5870.0,5500.0,5600.0,665839.0
2025-09-25 00:00:00+09:00,5560.0,5620.0,5510.0,5570.0,343091.0
2025-09-26 00:00:00+09:00,5550.0,5550.0,5350.0,5450.0,404265.0
2025-09-29 00:00:00+09:00,5460.0,5520.0,5420.0,5450.0,201183.0
2025-09-30 00:00:00+09:00,5400.0,5430.0,5290.0,5320.0,336591.0
2025-10-01 00:00:00+09:00,5280.0,5340.0,5240.0,5250.0,229419.0
2025-10-02 00:00:00+09:00,5290.0,5500.0,5240.0,5300.0,565955.0
2025-10-10 00:00:00+09:00,5390.0,5590.0,5280.0,5310.0,593253.0
2025-10-13 00:00:00+09:00,5240.0,5520.0,5140.0,5310.0,458122.0
2025-10-14 00:00:00+09:00,5330.0,5590.0,5320.0,5370.0,788074.0
2025-10-15 00:00:00+09:00,5520.0,5520.0,5360.0,5440.0,343176.0
2025-10-16 00:00:00+09:00,5490.0,5670.0,5460.0,5530.0,698359.0
2025-10-17 00:00:00+09:00,5540.0,5610.0,5400.0,5430.0,444970.0
2025-10-20 00:00:00+09:00,5400.0,5440.0,5280.0,5350.0,318843.0
2025-10-21 00:00:00+09:00,5400.0,5600.0,5370.0,5380.0,596696.0
2025-10-22 00:00:00+09:00,5420.0,5420.0,5240.0,5300.0,363960.0
2025-10-23 00:00:00+09:00,5310.0,5380.0,5250.0,5250.0,390593.0
2025-10-24 00:00:00+09:00,5290.0,5430.0,5220.0,5290.0,533924.0
2025-10-27 00:00:00+09:00,5310.0,5470.0,5250.0,5390.0,489395.0
2025-10-28 00:00:00+09:00,5410.0,5500.0,5340.0,5460.0,361204.0
2025-10-29 00:00:00+09:00,5510.0,5650.0,5390.0,5420.0,564296.0
2025-10-30 00:00:00+09:00,5400.0,5420.0,5270.0,5290.0,366080.0
2025-10-31 00:00:00+09:00,5300.0,5300.0,5200.0,5220.0,433047.0
2025-11-03 00:00:00+09:00,5250.0,5290.0,5120.0,5180.0,391069.0
2025-11-04 00:00:00+09:00,5100.0,5440.0,5090.0,5340.0,656681.0
2025-11-05 00:00:00+09:00,5760.0,5770.0,5240.0,5400.0,1297151.0
2025-11-06 00:00:00+09:00,5340.0,5450.0,5170.0,5180.0,525608.0
2025-11-07 00:00:00+09:00,5370.0,5380.0,4920.0,5020.0,632698.0
2025-11-10 00:00:00+09:00,5030.0,5200.0,5000.0,5120.0,308587.0
2025-11-11 00:00:00+09:00,5100.0,5200.0,5070.0,5100.0,342876.0
2025-11-12 00:00:00+09:00,5150.0,5450.0,5100.0,5420.0,884195.0
2025-11-13 00:00:00+09:00,5350.0,5560.0,5320.0,5340.0,1021079.0
2025-11-14 00:00:00+09:00,5280.0,5320.0,5060.0,5080.0,639422.0
2025-11-17 00:00:00+09:00,5130.0,5160.0,4945.0,4995.0,399148.0
2025-11-18 00:00:00+09:00,5010.0,5020.0,4780.0,4790.0,514394.0
2025-11-19 00:00:00+09:00,4825.0,4840.0,4700.0,4755.0,308165.0
2025-11-20 00:00:00+09:00,4785.0,4895.0,4785.0,4855.0,258589.0
2025-11-21 00:00:00+09:00,4710.0,4765.0,4610.0,4655.0,450096.0
2025-11-24 00:00:00+09:00,4720.0,4735.0,4600.0,4635.0,210189.0
2025-11-25 00:00:00+09:00,4670.0,4705.0,4565.0,4595.0,411682.0
2025-11-26 00:00:00+09:00,4615.0,4780.0,4615.0,4760.0,405524.0
2025-11-27 00:00:00+09:00,4775.0,4995.0,4770.0,4890.0,432357.0
2025-11-28 00:00:00+09:00,4935.0,5070.0,4925.0,5030.0,494345.0
2025-12-01 00:00:00+09:00,5110.0,5220.0,5030.0,5200.0,493785.0
2025-12-02 00:00:00+09:00,5200.0,5630.0,5190.0,5580.0,1185433.0
2025-12-03 00:00:00+09:00,5650.0,6380.0,5530.0,6100.0,2963611.0
2025-12-04 00:00:00+09:00,6210.0,6290.0,5730.0,5870.0,1690253.0
2025-12-05 00:00:00+09:00,5950.0,5960.0,5550.0,5710.0,1049431.0
2025-12-08 00:00:00+09:00,5520.0,5650.0,5350.0,5430.0,741700.0
2025-12-09 00:00:00+09:00,5430.0,5470.0,5370.0,5410.0,312570.0
2025-12-10 00:00:00+09:00,5450.0,5500.0,5270.0,5350.0,407192.0
2025-12-11 00:00:00+09:00,5400.0,5470.0,5310.0,5420.0,636687.0
2025-12-12 00:00:00+09:00,5420.0,5430.0,5300.0,5310.0,349153.0
2025-12-15 00:00:00+09:00,5320.0,5320.0,5170.0,5220.0,337025.0
2025-12-16 00:00:00+09:00,5210.0,5420.0,5190.0,5300.0,563470.0
2025-12-17 00:00:00+09:00,5280.0,5500.0,5190.0,5230.0,471791.0
2025-12-18 00:00:00+09:00,5220.0,5380.0,5130.0,5260.0,335239.0
2025-12-19 00:00:00+09:00,5270.0,5350.0,5220.0,5260.0,287907.0
2025-12-22 00:00:00+09:00,5330.0,5400.0,5270.0,5300.0,284192.0
2025-12-23 00:00:00+09:00,5370.0,5370.0,5220.0,5220.0,302087.0
2025-12-24 00:00:00+09:00,5220.0,5250.0,5160.0,5220.0,214686.0
2025-12-26 00:00:00+09:00,5220.0,5280.0,5100.0,5130.0,356216.0
2025-12-29 00:00:00+09:00,5000.0,5120.0,5000.0,5070.0,279335.0
2025-12-30 00:00:00+09:00,5050.0,5120.0,4960.0,4965.0,413248.0
2026-01-02 00:00:00+09:00,4965.0,5140.0,4950.0,5140.0,316260.0
2026-01-05 00:00:00+09:00,5190.0,5240.0,5040.0,5080.0,388188.0
2026-01-06 00:00:00+09:00,5050.0,5100.0,4975.0,4980.0,454360.0
2026-01-07 00:00:00+09:00,4990.0,5010.0,4890.0,4940.0,354380.0
2026-01-08 00:00:00+09:00,4915.0,4985.0,4850.0,4855.0,334914.0
2026-01-09 00:00:00+09:00,4860.0,4960.0,4645.0,4930.0,216668.0
2026-01-12 00:00:00+09:00,5030.0,5370.0,5010.0,5350.0,1250181.0
2026-01-13 00:00:00+09:00,5300.0,5390.0,5080.0,5140.0,617962.0
2026-01-14 00:00:00+09:00,5140.0,5250.0,5080.0,5180.0,330351.0
2026-01-15 00:00:00+09:00,5170.0,5390.0,5080.0,5330.0,761487.0
2026-01-16 00:00:00+09:00,5300.0,6050.0,5270.0,5890.0,3469715.0
2026-01-19 00:00:00+09:00,6090.0,6140.0,5480.0,5670.0,1928205.0
2026-01-20 00:00:00+09:00,5610.0,5810.0,5500.0,5740.0,1057507.0
2026-01-21 00:00:00+09:00,5600.0,5700.0,5520.0,5640.0,879511.0
2026-01-22 00:00:00+09:00,5650.0,5960.0,5590.0,5890.0,1039395.0
2026-01-23 00:00:00+09:00,5840.0,6000.0,5740.0,5870.0,1035997.0
2026-01-26 00:00:00+09:00,5920.0,6240.0,5880.0,6240.0,2281932.0
2026-01-27 00:00:00+09:00,6340.0,8110.0,6250.0,8110.0,9623839.0
2026-01-28 00:00:00+09:00,9900.0,10390.0,8880.0,9300.0,13411374.0
2026-01-29 00:00:00+09:00,9240.0,10330.0,8830.0,10100.0,8938299.0
2026-01-30 00:00:00+09:00,9920.0,12970.0,9920.0,11250.0,4739376.0
2026-02-02 00:00:00+09:00,11290.0,11290.0,10050.0,10630.0,2580171.0
2026-02-03 00:00:00+09:00,11200.0,11290.0,10920.0,11120.0,1881417.0
2026-02-04 00:00:00+09:00,11220.0,11230.0,9840.0,9990.0,4392289.0
2026-02-05 00:00:00+09:00,9780.0,10170.0,9310.0,9480.0,3394310.0
2026-02-06 00:00:00+09:00,8840.0,9890.0,8750.0,9480.0,2842402.0
2026-02-09 00:00:00+09:00,9480.0,10500.0,9480.0,10370.0,3086904.0
2026-02-10 00:00:00+09:00,10540.0,12750.0,10390.0,11550.0,8304648.0
2026-02-11 00:00:00+09:00,11400.0,12180.0,10660.0,10680.0,2939132.0
2026-02-12 00:00:00+09:00,10650.0,12140.0,9980.0,11530.0,8420362.0
2026-02-13 00:00:00+09:00,11200.0,12680.0,11040.0,12030.0,6699665.0
2026-02-19 00:00:00+09:00,12060.0,14850.0,12060.0,13740.0,9173032.0
2026-02-20 00:00:00+09:00,13770.0,14300.0,13100.0,13670.0,3431856.0
2026-02-23 00:00:00+09:00,13770.0,17770.0,13770.0,17770.0,12217245.0
2026-02-24 00:00:00+09:00,18000.0,21500.0,16400.0,20000.0,22906485.0
2026-02-25 00:00:00+09:00,20600.0,21450.0,18550.0,19060.0,5968455.0
2026-02-26 00:00:00+09:00,19650.0,20100.0,14410.0,16800.0,18324914.0
2026-02-27 00:00:00+09:00,16180.0,17200.0,14570.0,15680.0,7182262.0
2026-03-03 00:00:00+09:00,15270.0,17430.0,14500.0,16330.0,5457250.0
2026-03-04 00:00:00+09:00,16010.0,16010.0,11570.0,11780.0,4471802.0
2026-03-05 00:00:00+09:00,14500.0,15310.0,13500.0,15310.0,2799453.0
2026-03-06 00:00:00+09:00,16300.0,17500.0,13900.0,15250.0,5433999.0
2026-03-09 00:00:00+09:00,13800.0,17600.0,13800.0,15410.0,5678194.0
2026-03-10 00:00:00+09:00,16390.0,16480.0,15500.0,15730.0,2626204.0
2026-03-11 00:00:00+09:00,15910.0,16160.0,14700.0,15030.0,1961858.0
2026-03-12 00:00:00+09:00,15000.0,18450.0,14700.0,16650.0,13185821.0
2026-03-13 00:00:00+09:00,17410.0,17980.0,16060.0,16690.0,6929919.0
2026-03-16 00:00:00+09:00,17150.0,17170.0,15360.0,15750.0,2655897.0
2026-03-17 00:00:00+09:00,15920.0,16440.0,15310.0,15540.0,2124091.0
2026-03-18 00:00:00+09:00,15870.0,16690.0,14790.0,16670.0,4746493.0
2026-03-19 00:00:00+09:00,16000.0,16660.0,15190.0,15240.0,2711379.0
2026-03-20 00:00:00+09:00,15240.0,15400.0,14480.0,14700.0,2925834.0
2026-03-23 00:00:00+09:00,14240.0,15000.0,14100.0,14100.0,1578608.0
2026-03-24 00:00:00+09:00,14560.0,15170.0,14230.0,14330.0,1545676.0
2026-03-25 00:00:00+09:00,14370.0,14800.0,14060.0,14180.0,1173378.0
2026-03-26 00:00:00+09:00,14190.0,14650.0,13600.0,13710.0,1396598.0
2026-03-27 00:00:00+09:00,13500.0,14290.0,13000.0,14020.0,1606858.0
2026-03-30 00:00:00+09:00,13330.0,14240.0,13300.0,13850.0,874856.0
2026-03-31 00:00:00+09:00,13760.0,14350.0,13060.0,13300.0,1576999.0
2026-04-01 00:00:00+09:00,13560.0,14270.0,13530.0,13900.0,1072590.0
2026-04-02 00:00:00+09:00,13920.0,14630.0,12990.0,13200.0,1377376.0
2026-04-03 00:00:00+09:00,13500.0,13590.0,12760.0,13000.0,932375.0
2026-04-06 00:00:00+09:00,13000.0,13300.0,12670.0,12760.0,1066619.0
2026-04-07 00:00:00+09:00,12760.0,13540.0,12760.0,13000.0,905647.0
2026-04-08 00:00:00+09:00,13930.0,15320.0,13690.0,14300.0,3230488.0
2026-04-09 00:00:00+09:00,14150.0,14650.0,13870.0,14150.0,1237279.0
2026-04-10 00:00:00+09:00,14430.0,14600.0,13890.0,13900.0,1072503.0
2026-04-13 00:00:00+09:00,13800.0,13800.0,13020.0,13470.0,829447.0
2026-04-14 00:00:00+09:00,13980.0,14060.0,12720.0,13140.0,1818271.0
2026-04-15 00:00:00+09:00,13130.0,14400.0,12870.0,14250.0,2836539.0
2026-04-16 00:00:00+09:00,14310.0,15140.0,13790.0,13800.0,2521972.0
2026-04-17 00:00:00+09:00,13930.0,14770.0,13510.0,14420.0,2261952.0
2026-04-20 00:00:00+09:00,14560.0,16450.0,14220.0,14910.0,6396673.0
2026-04-21 00:00:00+09:00,14970.0,14970.0,13610.0,13730.0,3071007.0
2026-04-22 00:00:00+09:00,13730.0,14050.0,13320.0,13800.0,1389636.0
2026-04-23 00:00:00+09:00,13830.0,14380.0,13740.0,14130.0,1579274.0
2026-04-24 00:00:00+09:00,14130.0,14650.0,13970.0,14630.0,1751475.0
2026-04-27 00:00:00+09:00,14800.0,16060.0,14790.0,15390.0,3415980.0
2026-04-28 00:00:00+09:00,15450.0,15500.0,14500.0,14510.0,1549357.0
2026-04-29 00:00:00+09:00,14500.0,14700.0,14010.0,14600.0,1224325.0
2026-04-30 00:00:00+09:00,14280.0,14440.0,13370.0,13400.0,2160353.0
2026-05-04 00:00:00+09:00,13000.0,14690.0,12900.0,14400.0,3108844.0
2026-05-06 00:00:00+09:00,14690.0,14690.0,13670.0,13740.0,1392437.0
2026-05-07 00:00:00+09:00,13740.0,14550.0,13550.0,13580.0,1466962.0
2026-05-08 00:00:00+09:00,13610.0,14250.0,13080.0,13250.0,1727331.0
2026-05-11 00:00:00+09:00,13250.0,13250.0,12200.0,12330.0,2011703.0
2026-05-12 00:00:00+09:00,12450.0,13830.0,12220.0,13140.0,3073028.0
2026-05-13 00:00:00+09:00,13140.0,13290.0,12080.0,12190.0,1682181.0
2026-05-14 00:00:00+09:00,12190.0,12430.0,11400.0,12150.0,1383991.0
2026-05-15 00:00:00+09:00,12300.0,12300.0,10900.0,11170.0,2528193.0
2026-05-18 00:00:00+09:00,11030.0,11100.0,10460.0,10980.0,1365353.0
2026-05-19 00:00:00+09:00,10790.0,11270.0,10000.0,10990.0,2786899.0
2026-05-20 00:00:00+09:00,12600.0,12610.0,10080.0,10520.0,3743801.0
2026-05-21 00:00:00+09:00,10600.0,11760.0,10400.0,11210.0,2761256.0
2026-05-22 00:00:00+09:00,11300.0,14450.0,11300.0,13450.0,9459140.0
2026-05-26 00:00:00+09:00,14200.0,14380.0,13210.0,13630.0,4043626.0
2026-05-27 00:00:00+09:00,13640.0,16690.0,13190.0,14190.0,14115497.0
2026-05-28 00:00:00+09:00,13900.0,14135.0,12050.0,13150.0,3866657.0
2026-05-29 00:00:00+09:00,13000.0,13780.0,11230.0,11570.0,3528602.0
2026-06-01 00:00:00+09:00,11560.0,11760.0,10970.0,11200.0,2169122.0
2026-06-02 00:00:00+09:00,11220.0,11960.0,10670.0,11320.0,2255842.0
2026-06-04 00:00:00+09:00,11310.0,11630.0,10810.0,10940.0,1213141.0
2026-06-05 00:00:00+09:00,10950.0,10950.0,10120.0,10160.0,1733685.0
2026-06-08 00:00:00+09:00,9600.0,9600.0,8790.0,8860.0,2287082.0
2026-06-09 00:00:00+09:00,8880.0,9430.0,8780.0,8790.0,1491940.0
2026-06-10 00:00:00+09:00,8700.0,8850.0,8100.0,8360.0,1740526.0
2026-06-11 00:00:00+09:00,8050.0,9080.0,8000.0,9080.0,2288116.0
2026-06-12 00:00:00+09:00,9350.0,9800.0,8880.0,8910.0,1823137.0
2026-06-15 00:00:00+09:00,9120.0,9590.0,9010.0,9530.0,1318678.0
2026-06-16 00:00:00+09:00,9570.0,10190.0,9270.0,9570.0,1362761.0
2026-06-17 00:00:00+09:00,9570.0,10040.0,9410.0,9700.0,959499.0
2026-06-18 00:00:00+09:00,9720.0,9790.0,9200.0,9200.0,658670.0
2026-06-19 00:00:00+09:00,9140.0,9200.0,8600.0,8820.0,1036618.0
2026-06-22 00:00:00+09:00,8830.0,9110.0,8440.0,8530.0,784996.0
2026-06-23 00:00:00+09:00,8590.0,8820.0,8000.0,8030.0,1136155.0
2026-06-24 00:00:00+09:00,7940.0,8440.0,7890.0,8140.0,793528.0
2026-06-25 00:00:00+09:00,8160.0,8550.0,7760.0,8050.0,824860.0
2026-06-26 00:00:00+09:00,8050.0,8050.0,7400.0,7570.0,1149947.0
2026-06-29 00:00:00+09:00,7570.0,8480.0,7570.0,8460.0,1077875.0
2026-06-30 00:00:00+09:00,8310.0,8460.0,8020.0,8220.0,698419.0
2026-07-01 00:00:00+09:00,8140.0,8720.0,8000.0,8330.0,718944.0
2026-07-02 00:00:00+09:00,8100.0,8240.0,7770.0,7920.0,645545.0
2026-07-03 00:00:00+09:00,7920.0,8070.0,7500.0,8040.0,650621.0
2026-07-06 00:00:00+09:00,7880.0,8100.0,7500.0,7560.0,602340.0
2026-07-07 00:00:00+09:00,7570.0,7870.0,7100.0,7410.0,800395.0
2026-07-08 00:00:00+09:00,7210.0,7330.0,6750.0,6930.0,909143.0
2026-07-09 00:00:00+09:00,6930.0,7230.0,6760.0,6820.0,732605.0
2026-07-10 00:00:00+09:00,6900.0,7400.0,6880.0,7260.0,734773.0
2026-07-13 00:00:00+09:00,7260.0,8100.0,6920.0,6950.0,1309717.0
2026-07-14 00:00:00+09:00,6810.0,6980.0,6230.0,6650.0,1110282.0
2026-07-15 00:00:00+09:00,6660.0,6970.0,6660.0,6800.0,655680.0
2026-07-16 00:00:00+09:00,6750.0,6750.0,6400.0,6520.0,759780.0
2026-07-20 00:00:00+09:00,6450.0,6450.0,6030.0,6080.0,556115.0
2026-07-21 00:00:00+09:00,6080.0,6190.0,5880.0,6010.0,765591.0
2026-07-22 00:00:00+09:00,6090.0,6280.0,5970.0,5970.0,727901.0
2026-07-23 00:00:00+09:00,6000.0,6700.0,6000.0,6550.0,1156429.0
2026-07-24 00:00:00+09:00,6380.0,6620.0,6190.0,6210.0,677479.0
2026-07-27 00:00:00+09:00,6340.0,6500.0,6000.0,6160.0,639984.0
2026-07-28 00:00:00+09:00,6010.0,6070.0,5600.0,5790.0,890945.0
2026-07-29 00:00:00+09:00,5790.0,5970.0,5150.0,5390.0,1335176.0
2026-07-30 00:00:00+09:00,5140.0,5690.0,5120.0,5270.0,975663.0
2026-07-31 00:00:00+09:00,5400.0,6070.0,5380.0,5900.0,1103400.0
2026-08-03 00:00:00+09:00,5760.0,6570.0,5760.0,6200.0,1157682.0
2026-08-04 00:00:00+09:00,6140.0,6830.0,6140.0,6500.0,1255184.0
2026-08-05 00:00:00+09:00,6580.0,6860.0,6500.0,6810.0,877195.0
2026-08-06 00:00:00+09:00,6790.0,7280.0,6530.0,6890.0,1122922.0
2026-08-07 00:00:00+09:00,6880.0,7130.0,6560.0,6790.0,513983.0
2026-08-10 00:00:00+09:00,6800.0,7630.0,6800.0,7540.0,2221759.0
2026-08-11 00:00:00+09:00,7470.0,8290.0,7390.0,8250.0,1779501.0
2026-08-12 00:00:00+09:00,8030.0,8250.0,7720.0,7950.0,1021693.0
2026-08-13 00:00:00+09:00,7940.0,8340.0,7770.0,8040.0,1136081.0
2026-08-14 00:00:00+09:00,8050.0,8160.0,7460.0,7560.0,855344.0
2026-08-18 00:00:00+09:00,7500.0,7730.0,7220.0,7300.0,768798.0
2026-08-19 00:00:00+09:00,7120.0,7360.0,7010.0,7160.0,542877.0
2026-08-20 00:00:00+09:00,7440.0,7650.0,7050.0,7090.0,637889.0
2026-08-21 00:00:00+09:00,6990.0,6990.0,6590.0,6650.0,686895.0
2026-08-24 00:00:00+09:00,6910.0,7070.0,6600.0,6660.0,673364.0
2026-08-25 00:00:00+09:00,6660.0,6710.0,6260.0,6550.0,763295.0
2026-08-26 00:00:00+09:00,6560.0,6735.0,6380.0,6580.0,933328.0
2026-08-27 00:00:00+09:00,6500.0,6980.0,6330.0,6430.0,1216840.0
2026-08-28 00:00:00+09:00,6430.0,6570.0,6310.0,6540.0,595400.0
