dt,open,high,low,close,volume
2016-06-21 00:00:00+09:00,1055000.0,1085000.0,1055000.0,1085000.0,20893.0
2016-06-22 00:00:00+09:00,1093000.0,1093000.0,1063000.0,1081000.0,23770.0
2016-06-23 00:00:00+09:00,1088000.0,1099000.0,1071000.0,1090000.0,18275.0
2016-06-24 00:00:00+09:00,1080000.0,1095000.0,1045000.0,1064000.0,31906.0
2016-06-27 00:00:00+09:00,1064000.0,1084000.0,1057000.0,1074000.0,22739.0
2016-06-28 00:00:00+09:00,1069000.0,1095000.0,1065000.0,1080000.0,22319.0
2016-06-29 00:00:00+09:00,1079000.0,1138000.0,1079000.0,1112000.0,36781.0
2016-06-30 00:00:00+09:00,1122000.0,1166000.0,1107000.0,1117000.0,45826.0
2016-07-01 00:00:00+09:00,1128000.0,1149000.0,1120000.0,1126000.0,19219.0
2016-07-04 00:00:00+09:00,1136000.0,1157000.0,1128000.0,1150000.0,24650.0
2016-07-05 00:00:00+09:00,1162000.0,1169000.0,1146000.0,1154000.0,26254.0
2016-07-06 00:00:00+09:00,1148000.0,1164000.0,1135000.0,1156000.0,24591.0
2016-07-07 00:00:00+09:00,1157000.0,1181000.0,1156000.0,1181000.0,18593.0
2016-07-08 00:00:00+09:00,1166000.0,1199000.0,1093000.0,1128000.0,95705.0
2016-07-11 00:00:00+09:00,1103000.0,1119000.0,1061000.0,1088000.0,109078.0
2016-07-12 00:00:00+09:00,1096000.0,1116000.0,1088000.0,1115000.0,50169.0
2016-07-13 00:00:00+09:00,1111000.0,1123000.0,1088000.0,1095000.0,44583.0
2016-07-14 00:00:00+09:00,1096000.0,1120000.0,1096000.0,1120000.0,39505.0
2016-07-15 00:00:00+09:00,1122000.0,1141000.0,1113000.0,1120000.0,35621.0
2016-07-18 00:00:00+09:00,1128000.0,1150000.0,1120000.0,1145000.0,26110.0
2016-07-19 00:00:00+09:00,1155000.0,1166000.0,1142000.0,1146000.0,39986.0
2016-07-20 00:00:00+09:00,1143000.0,1148000.0,1122000.0,1136000.0,21275.0
2016-07-21 00:00:00+09:00,1142000.0,1142000.0,1111000.0,1113000.0,27188.0
2016-07-22 00:00:00+09:00,1117000.0,1128000.0,1100000.0,1112000.0,24021.0
2016-07-25 00:00:00+09:00,1128000.0,1145000.0,1080000.0,1089000.0,38898.0
2016-07-26 00:00:00+09:00,1089000.0,1098000.0,1082000.0,1092000.0,40356.0
2016-07-27 00:00:00+09:00,1078000.0,1079000.0,1003000.0,1003000.0,203687.0
2016-07-28 00:00:00+09:00,1032000.0,1042000.0,1002000.0,1010000.0,164029.0
2016-07-29 00:00:00+09:00,1018000.0,1029000.0,1001000.0,1008000.0,96355.0
2016-08-01 00:00:00+09:00,990000.0,995000.0,942000.0,947000.0,148745.0
2016-08-02 00:00:00+09:00,949000.0,962000.0,938000.0,955000.0,71483.0
2016-08-03 00:00:00+09:00,950000.0,969000.0,945000.0,960000.0,62397.0
2016-08-04 00:00:00+09:00,960000.0,964000.0,946000.0,963000.0,37698.0
2016-08-05 00:00:00+09:00,955000.0,958000.0,912000.0,920000.0,106934.0
2016-08-08 00:00:00+09:00,925000.0,956000.0,901000.0,952000.0,130315.0
2016-08-09 00:00:00+09:00,960000.0,967000.0,939000.0,946000.0,55423.0
2016-08-10 00:00:00+09:00,946000.0,979000.0,945000.0,977000.0,55127.0
2016-08-11 00:00:00+09:00,983000.0,989000.0,967000.0,983000.0,41391.0
2016-08-12 00:00:00+09:00,986000.0,991000.0,978000.0,990000.0,48422.0
2016-08-16 00:00:00+09:00,994000.0,998000.0,972000.0,976000.0,39016.0
2016-08-17 00:00:00+09:00,971000.0,986000.0,960000.0,969000.0,30865.0
2016-08-18 00:00:00+09:00,970000.0,985000.0,936000.0,938000.0,52456.0
2016-08-19 00:00:00+09:00,950000.0,950000.0,934000.0,941000.0,65167.0
2016-08-22 00:00:00+09:00,943000.0,947000.0,921000.0,928000.0,38012.0
2016-08-23 00:00:00+09:00,938000.0,996000.0,938000.0,988000.0,100777.0
2016-08-24 00:00:00+09:00,1014000.0,1014000.0,960000.0,965000.0,70455.0
2016-08-25 00:00:00+09:00,965000.0,970000.0,925000.0,928000.0,110085.0
2016-08-26 00:00:00+09:00,933000.0,951000.0,929000.0,946000.0,77126.0
2016-08-29 00:00:00+09:00,946000.0,957000.0,943000.0,954000.0,43681.0
2016-08-30 00:00:00+09:00,950000.0,955000.0,936000.0,944000.0,46716.0
2016-08-31 00:00:00+09:00,948000.0,957000.0,940000.0,951000.0,45081.0
2016-09-01 00:00:00+09:00,955000.0,985000.0,952000.0,979000.0,62574.0
2016-09-02 00:00:00+09:00,992000.0,1014000.0,986000.0,995000.0,65741.0
2016-09-05 00:00:00+09:00,1018000.0,1018000.0,983000.0,991000.0,55414.0
2016-09-06 00:00:00+09:00,999000.0,1008000.0,981000.0,985000.0,31301.0
2016-09-07 00:00:00+09:00,997000.0,1003000.0,965000.0,972000.0,46671.0
2016-09-08 00:00:00+09:00,972000.0,996000.0,972000.0,986000.0,37299.0
2016-09-09 00:00:00+09:00,990000.0,992000.0,976000.0,979000.0,43772.0
2016-09-12 00:00:00+09:00,980000.0,996000.0,978000.0,982000.0,36392.0
2016-09-13 00:00:00+09:00,982000.0,983000.0,956000.0,973000.0,52967.0
2016-09-19 00:00:00+09:00,954000.0,983000.0,951000.0,970000.0,62904.0
2016-09-20 00:00:00+09:00,970000.0,977000.0,965000.0,973000.0,43500.0
2016-09-21 00:00:00+09:00,968000.0,981000.0,967000.0,980000.0,27778.0
2016-09-22 00:00:00+09:00,992000.0,1009000.0,990000.0,997000.0,50401.0
2016-09-23 00:00:00+09:00,997000.0,1008000.0,995000.0,1004000.0,31974.0
2016-09-26 00:00:00+09:00,1006000.0,1007000.0,999000.0,1007000.0,26309.0
2016-09-27 00:00:00+09:00,1015000.0,1015000.0,986000.0,1008000.0,30730.0
2016-09-28 00:00:00+09:00,1001000.0,1006000.0,994000.0,994000.0,17687.0
2016-09-29 00:00:00+09:00,997000.0,1004000.0,950000.0,950000.0,88348.0
2016-09-30 00:00:00+09:00,949000.0,968000.0,939000.0,955000.0,50357.0
2016-10-04 00:00:00+09:00,972000.0,973000.0,960000.0,973000.0,37008.0
2016-10-05 00:00:00+09:00,966000.0,972000.0,932000.0,937000.0,80915.0
2016-10-06 00:00:00+09:00,934000.0,943000.0,931000.0,942000.0,56237.0
2016-10-07 00:00:00+09:00,937000.0,937000.0,887000.0,891000.0,98516.0
2016-10-10 00:00:00+09:00,902000.0,906000.0,882000.0,900000.0,53818.0
2016-10-11 00:00:00+09:00,918000.0,920000.0,895000.0,903000.0,62429.0
2016-10-12 00:00:00+09:00,893000.0,915000.0,892000.0,912000.0,48715.0
2016-10-13 00:00:00+09:00,920000.0,926000.0,913000.0,924000.0,47032.0
2016-10-14 00:00:00+09:00,924000.0,930000.0,912000.0,916000.0,48554.0
2016-10-17 00:00:00+09:00,916000.0,923000.0,903000.0,912000.0,39287.0
2016-10-18 00:00:00+09:00,910000.0,911000.0,889000.0,903000.0,36154.0
2016-10-19 00:00:00+09:00,900000.0,905000.0,896000.0,904000.0,35691.0
2016-10-20 00:00:00+09:00,901000.0,907000.0,897000.0,906000.0,22843.0
2016-10-21 00:00:00+09:00,903000.0,909000.0,898000.0,903000.0,15331.0
2016-10-24 00:00:00+09:00,902000.0,928000.0,901000.0,923000.0,43131.0
2016-10-25 00:00:00+09:00,885000.0,888000.0,827000.0,846000.0,236944.0
2016-10-26 00:00:00+09:00,847000.0,872000.0,836000.0,846000.0,200492.0
2016-10-27 00:00:00+09:00,880000.0,880000.0,854000.0,858000.0,140301.0
2016-10-28 00:00:00+09:00,860000.0,868000.0,853000.0,858000.0,85228.0
2016-10-31 00:00:00+09:00,846000.0,852000.0,818000.0,820000.0,58560.0
2016-11-01 00:00:00+09:00,820000.0,845000.0,807000.0,844000.0,69311.0
2016-11-02 00:00:00+09:00,849000.0,849000.0,818000.0,820000.0,48827.0
2016-11-03 00:00:00+09:00,822000.0,858000.0,822000.0,852000.0,54462.0
2016-11-04 00:00:00+09:00,859000.0,878000.0,859000.0,866000.0,54133.0
2016-11-07 00:00:00+09:00,854000.0,863000.0,841000.0,842000.0,42577.0
2016-11-08 00:00:00+09:00,843000.0,863000.0,843000.0,858000.0,27672.0
2016-11-09 00:00:00+09:00,865000.0,878000.0,834000.0,868000.0,52165.0
2016-11-10 00:00:00+09:00,880000.0,894000.0,872000.0,888000.0,37235.0
2016-11-11 00:00:00+09:00,870000.0,886000.0,855000.0,855000.0,39157.0
2016-11-14 00:00:00+09:00,846000.0,861000.0,835000.0,839000.0,38551.0
2016-11-15 00:00:00+09:00,835000.0,840000.0,823000.0,832000.0,47087.0
2016-11-16 00:00:00+09:00,836000.0,843000.0,828000.0,829000.0,29754.0
2016-11-17 00:00:00+09:00,831000.0,835000.0,823000.0,826000.0,23021.0
2016-11-18 00:00:00+09:00,828000.0,830000.0,801000.0,807000.0,70174.0
2016-11-21 00:00:00+09:00,805000.0,808000.0,772000.0,782000.0,114802.0
2016-11-22 00:00:00+09:00,774000.0,783000.0,759000.0,760000.0,152547.0
2016-11-23 00:00:00+09:00,763000.0,768000.0,757000.0,764000.0,88255.0
2016-11-24 00:00:00+09:00,766000.0,773000.0,740000.0,741000.0,76183.0
2016-11-25 00:00:00+09:00,745000.0,774000.0,742000.0,770000.0,145507.0
2016-11-28 00:00:00+09:00,783000.0,788000.0,770000.0,784000.0,51215.0
2016-11-29 00:00:00+09:00,790000.0,816000.0,785000.0,812000.0,82994.0
2016-11-30 00:00:00+09:00,812000.0,819000.0,787000.0,787000.0,55962.0
2016-12-01 00:00:00+09:00,789000.0,805000.0,770000.0,800000.0,42593.0
2016-12-02 00:00:00+09:00,812000.0,812000.0,791000.0,802000.0,45714.0
2016-12-05 00:00:00+09:00,810000.0,810000.0,791000.0,801000.0,38243.0
2016-12-06 00:00:00+09:00,809000.0,818000.0,797000.0,812000.0,59640.0
2016-12-07 00:00:00+09:00,818000.0,818000.0,807000.0,812000.0,41330.0
2016-12-08 00:00:00+09:00,812000.0,838000.0,785000.0,838000.0,43954.0
2016-12-09 00:00:00+09:00,845000.0,859000.0,828000.0,846000.0,68596.0
2016-12-12 00:00:00+09:00,857000.0,862000.0,846000.0,851000.0,40584.0
2016-12-13 00:00:00+09:00,859000.0,859000.0,841000.0,846000.0,39810.0
2016-12-14 00:00:00+09:00,848000.0,872000.0,845000.0,866000.0,39405.0
2016-12-15 00:00:00+09:00,878000.0,880000.0,863000.0,880000.0,42773.0
2016-12-16 00:00:00+09:00,889000.0,889000.0,865000.0,869000.0,48206.0
2016-12-19 00:00:00+09:00,865000.0,868000.0,838000.0,863000.0,35397.0
2016-12-20 00:00:00+09:00,851000.0,863000.0,846000.0,851000.0,18398.0
2016-12-21 00:00:00+09:00,851000.0,860000.0,838000.0,838000.0,24586.0
2016-12-22 00:00:00+09:00,837000.0,847000.0,827000.0,839000.0,18633.0
2016-12-23 00:00:00+09:00,827000.0,854000.0,826000.0,848000.0,18706.0
2016-12-26 00:00:00+09:00,848000.0,867000.0,848000.0,858000.0,11077.0
2016-12-27 00:00:00+09:00,853000.0,860000.0,846000.0,854000.0,13176.0
2016-12-28 00:00:00+09:00,841000.0,863000.0,840000.0,851000.0,21912.0
2016-12-29 00:00:00+09:00,852000.0,869000.0,840000.0,857000.0,20686.0
2017-01-02 00:00:00+09:00,845000.0,848000.0,813000.0,817000.0,39687.0
2017-01-03 00:00:00+09:00,822000.0,852000.0,818000.0,836000.0,32460.0
2017-01-04 00:00:00+09:00,836000.0,852000.0,829000.0,851000.0,21261.0
2017-01-05 00:00:00+09:00,843000.0,852000.0,829000.0,838000.0,39979.0
2017-01-06 00:00:00+09:00,842000.0,855000.0,833000.0,850000.0,23018.0
2017-01-09 00:00:00+09:00,839000.0,851000.0,835000.0,850000.0,33432.0
2017-01-10 00:00:00+09:00,850000.0,855000.0,840000.0,848000.0,25912.0
2017-01-11 00:00:00+09:00,850000.0,853000.0,840000.0,840000.0,37469.0
2017-01-12 00:00:00+09:00,843000.0,849000.0,837000.0,845000.0,39278.0
2017-01-13 00:00:00+09:00,845000.0,862000.0,831000.0,854000.0,66263.0
2017-01-16 00:00:00+09:00,860000.0,879000.0,849000.0,873000.0,32691.0
2017-01-17 00:00:00+09:00,873000.0,885000.0,858000.0,873000.0,26100.0
2017-01-18 00:00:00+09:00,872000.0,875000.0,854000.0,857000.0,21493.0
2017-01-19 00:00:00+09:00,860000.0,884000.0,857000.0,876000.0,23800.0
2017-01-20 00:00:00+09:00,877000.0,886000.0,873000.0,875000.0,15177.0
2017-01-23 00:00:00+09:00,865000.0,875000.0,846000.0,846000.0,45590.0
2017-01-24 00:00:00+09:00,851000.0,868000.0,851000.0,863000.0,45817.0
2017-01-25 00:00:00+09:00,865000.0,875000.0,843000.0,874000.0,50030.0
2017-01-26 00:00:00+09:00,866000.0,880000.0,855000.0,859000.0,30601.0
2017-01-31 00:00:00+09:00,865000.0,882000.0,865000.0,879000.0,60220.0
2017-02-01 00:00:00+09:00,880000.0,880000.0,860000.0,862000.0,45298.0
2017-02-02 00:00:00+09:00,857000.0,867000.0,833000.0,833000.0,79943.0
2017-02-03 00:00:00+09:00,834000.0,861000.0,832000.0,855000.0,52905.0
2017-02-06 00:00:00+09:00,865000.0,871000.0,847000.0,870000.0,28680.0
2017-02-07 00:00:00+09:00,874000.0,876000.0,863000.0,873000.0,16874.0
2017-02-08 00:00:00+09:00,866000.0,872000.0,840000.0,845000.0,48459.0
2017-02-09 00:00:00+09:00,845000.0,848000.0,827000.0,827000.0,61764.0
2017-02-10 00:00:00+09:00,833000.0,841000.0,823000.0,828000.0,37056.0
2017-02-13 00:00:00+09:00,815000.0,833000.0,814000.0,820000.0,48779.0
2017-02-14 00:00:00+09:00,815000.0,837000.0,815000.0,827000.0,29856.0
2017-02-15 00:00:00+09:00,833000.0,848000.0,830000.0,844000.0,27068.0
2017-02-16 00:00:00+09:00,837000.0,849000.0,831000.0,834000.0,27777.0
2017-02-17 00:00:00+09:00,842000.0,850000.0,837000.0,850000.0,29753.0
2017-02-20 00:00:00+09:00,852000.0,853000.0,842000.0,849000.0,15585.0
2017-02-21 00:00:00+09:00,852000.0,855000.0,845000.0,849000.0,19525.0
2017-02-22 00:00:00+09:00,850000.0,854000.0,838000.0,839000.0,26906.0
2017-02-23 00:00:00+09:00,845000.0,845000.0,829000.0,835000.0,38155.0
2017-02-24 00:00:00+09:00,835000.0,875000.0,835000.0,868000.0,61615.0
2017-02-27 00:00:00+09:00,870000.0,885000.0,870000.0,878000.0,36737.0
2017-02-28 00:00:00+09:00,878000.0,884000.0,860000.0,878000.0,38435.0
2017-03-02 00:00:00+09:00,887000.0,890000.0,860000.0,864000.0,51410.0
2017-03-03 00:00:00+09:00,830000.0,830000.0,781000.0,793000.0,130170.0
2017-03-06 00:00:00+09:00,785000.0,793000.0,774000.0,782000.0,90155.0
2017-03-07 00:00:00+09:00,786000.0,794000.0,778000.0,789000.0,80125.0
2017-03-08 00:00:00+09:00,789000.0,793000.0,781000.0,785000.0,38737.0
2017-03-09 00:00:00+09:00,795000.0,813000.0,790000.0,808000.0,47316.0
2017-03-10 00:00:00+09:00,814000.0,820000.0,785000.0,800000.0,83654.0
2017-03-13 00:00:00+09:00,804000.0,827000.0,804000.0,821000.0,52991.0
2017-03-14 00:00:00+09:00,841000.0,844000.0,825000.0,844000.0,64332.0
2017-03-15 00:00:00+09:00,851000.0,858000.0,846000.0,851000.0,48028.0
2017-03-16 00:00:00+09:00,858000.0,865000.0,818000.0,820000.0,51013.0
2017-03-17 00:00:00+09:00,824000.0,841000.0,822000.0,836000.0,23834.0
2017-03-20 00:00:00+09:00,836000.0,838000.0,808000.0,812000.0,45339.0
2017-03-21 00:00:00+09:00,823000.0,826000.0,817000.0,819000.0,23037.0
2017-03-22 00:00:00+09:00,824000.0,824000.0,801000.0,805000.0,37620.0
2017-03-23 00:00:00+09:00,806000.0,819000.0,805000.0,817000.0,25896.0
2017-03-24 00:00:00+09:00,821000.0,845000.0,816000.0,821000.0,43526.0
2017-03-27 00:00:00+09:00,821000.0,822000.0,808000.0,816000.0,16828.0
2017-03-28 00:00:00+09:00,822000.0,834000.0,816000.0,821000.0,24948.0
2017-03-29 00:00:00+09:00,821000.0,825000.0,812000.0,825000.0,16902.0
2017-03-30 00:00:00+09:00,830000.0,831000.0,821000.0,823000.0,21103.0
2017-03-31 00:00:00+09:00,817000.0,835000.0,811000.0,811000.0,32464.0
2017-04-03 00:00:00+09:00,813000.0,824000.0,808000.0,819000.0,30257.0
2017-04-04 00:00:00+09:00,814000.0,822000.0,810000.0,812000.0,32800.0
2017-04-05 00:00:00+09:00,820000.0,822000.0,792000.0,794000.0,62006.0
2017-04-06 00:00:00+09:00,783000.0,802000.0,782000.0,794000.0,30013.0
2017-04-07 00:00:00+09:00,792000.0,800000.0,783000.0,785000.0,49828.0
2017-04-10 00:00:00+09:00,782000.0,790000.0,775000.0,784000.0,29229.0
2017-04-11 00:00:00+09:00,780000.0,782000.0,774000.0,778000.0,16291.0
2017-04-12 00:00:00+09:00,775000.0,782000.0,774000.0,776000.0,25852.0
2017-04-13 00:00:00+09:00,783000.0,791000.0,779000.0,783000.0,19050.0
2017-04-14 00:00:00+09:00,780000.0,787000.0,778000.0,784000.0,10209.0
2017-04-17 00:00:00+09:00,787000.0,821000.0,787000.0,819000.0,45294.0
2017-04-18 00:00:00+09:00,820000.0,822000.0,806000.0,813000.0,29022.0
2017-04-19 00:00:00+09:00,801000.0,830000.0,801000.0,827000.0,43282.0
2017-04-20 00:00:00+09:00,838000.0,852000.0,823000.0,851000.0,63767.0
2017-04-21 00:00:00+09:00,852000.0,884000.0,851000.0,881000.0,68985.0
2017-04-24 00:00:00+09:00,889000.0,889000.0,867000.0,875000.0,38263.0
2017-04-25 00:00:00+09:00,867000.0,871000.0,850000.0,856000.0,47326.0
2017-04-26 00:00:00+09:00,853000.0,863000.0,848000.0,854000.0,25909.0
2017-04-27 00:00:00+09:00,862000.0,864000.0,842000.0,845000.0,18479.0
2017-04-28 00:00:00+09:00,826000.0,867000.0,822000.0,866000.0,54578.0
2017-05-02 00:00:00+09:00,866000.0,866000.0,846000.0,850000.0,44346.0
2017-05-04 00:00:00+09:00,864000.0,919000.0,856000.0,916000.0,77210.0
2017-05-08 00:00:00+09:00,910000.0,946000.0,909000.0,946000.0,73914.0
2017-05-10 00:00:00+09:00,956000.0,970000.0,937000.0,962000.0,69903.0
2017-05-11 00:00:00+09:00,972000.0,990000.0,964000.0,990000.0,64109.0
2017-05-12 00:00:00+09:00,981000.0,983000.0,955000.0,958000.0,45313.0
2017-05-15 00:00:00+09:00,961000.0,981000.0,956000.0,972000.0,28236.0
2017-05-16 00:00:00+09:00,980000.0,984000.0,966000.0,976000.0,17994.0
2017-05-17 00:00:00+09:00,972000.0,1004000.0,972000.0,1000000.0,40067.0
2017-05-18 00:00:00+09:00,990000.0,999000.0,971000.0,978000.0,50325.0
2017-05-19 00:00:00+09:00,979000.0,1000000.0,979000.0,999000.0,22187.0
2017-05-22 00:00:00+09:00,999000.0,1000000.0,985000.0,985000.0,22673.0
2017-05-23 00:00:00+09:00,983000.0,1000000.0,979000.0,982000.0,30702.0
2017-05-24 00:00:00+09:00,977000.0,995000.0,976000.0,988000.0,27227.0
2017-05-25 00:00:00+09:00,997000.0,1000000.0,989000.0,990000.0,29316.0
2017-05-26 00:00:00+09:00,990000.0,998000.0,986000.0,995000.0,18633.0
2017-05-29 00:00:00+09:00,993000.0,998000.0,990000.0,997000.0,16014.0
2017-05-30 00:00:00+09:00,996000.0,1005000.0,990000.0,991000.0,20770.0
2017-05-31 00:00:00+09:00,989000.0,1000000.0,983000.0,983000.0,43568.0
2017-06-01 00:00:00+09:00,983000.0,1008000.0,983000.0,995000.0,24245.0
2017-06-02 00:00:00+09:00,992000.0,1003000.0,992000.0,1002000.0,23584.0
2017-06-05 00:00:00+09:00,1000000.0,1000000.0,994000.0,995000.0,15468.0
2017-06-07 00:00:00+09:00,983000.0,1000000.0,983000.0,989000.0,28102.0
2017-06-08 00:00:00+09:00,1000000.0,1000000.0,981000.0,996000.0,29801.0
2017-06-09 00:00:00+09:00,997000.0,997000.0,971000.0,971000.0,37277.0
2017-06-12 00:00:00+09:00,970000.0,973000.0,947000.0,967000.0,31034.0
2017-06-13 00:00:00+09:00,964000.0,979000.0,959000.0,965000.0,21653.0
2017-06-14 00:00:00+09:00,965000.0,981000.0,965000.0,980000.0,29080.0
2017-06-15 00:00:00+09:00,975000.0,992000.0,972000.0,976000.0,21706.0
2017-06-16 00:00:00+09:00,978000.0,982000.0,970000.0,982000.0,17385.0
2017-06-19 00:00:00+09:00,975000.0,983000.0,959000.0,964000.0,41239.0
2017-06-20 00:00:00+09:00,965000.0,980000.0,958000.0,977000.0,30116.0
2017-06-21 00:00:00+09:00,967000.0,978000.0,967000.0,978000.0,26549.0
2017-06-22 00:00:00+09:00,974000.0,987000.0,974000.0,987000.0,27290.0
2017-06-23 00:00:00+09:00,988000.0,1000000.0,986000.0,992000.0,35992.0
2017-06-26 00:00:00+09:00,992000.0,998000.0,974000.0,975000.0,15432.0
2017-06-27 00:00:00+09:00,975000.0,999000.0,975000.0,994000.0,25872.0
2017-06-28 00:00:00+09:00,999000.0,1007000.0,982000.0,1007000.0,35349.0
2017-06-29 00:00:00+09:00,1004000.0,1007000.0,974000.0,982000.0,67267.0
2017-06-30 00:00:00+09:00,983000.0,994000.0,975000.0,994000.0,31673.0
2017-07-03 00:00:00+09:00,995000.0,998000.0,980000.0,990000.0,16301.0
2017-07-04 00:00:00+09:00,983000.0,998000.0,981000.0,982000.0,21172.0
2017-07-05 00:00:00+09:00,978000.0,982000.0,971000.0,972000.0,22048.0
2017-07-06 00:00:00+09:00,971000.0,976000.0,953000.0,957000.0,23746.0
2017-07-07 00:00:00+09:00,957000.0,967000.0,937000.0,948000.0,32103.0
2017-07-10 00:00:00+09:00,938000.0,947000.0,914000.0,918000.0,36046.0
2017-07-11 00:00:00+09:00,910000.0,930000.0,910000.0,916000.0,41201.0
2017-07-12 00:00:00+09:00,916000.0,939000.0,916000.0,917000.0,28064.0
2017-07-13 00:00:00+09:00,920000.0,927000.0,911000.0,920000.0,32002.0
2017-07-14 00:00:00+09:00,922000.0,928000.0,913000.0,924000.0,12969.0
2017-07-17 00:00:00+09:00,934000.0,943000.0,927000.0,936000.0,17871.0
2017-07-18 00:00:00+09:00,942000.0,952000.0,938000.0,945000.0,26524.0
2017-07-19 00:00:00+09:00,953000.0,962000.0,935000.0,962000.0,16728.0
2017-07-20 00:00:00+09:00,973000.0,973000.0,939000.0,939000.0,50779.0
2017-07-21 00:00:00+09:00,936000.0,939000.0,924000.0,935000.0,21233.0
2017-07-24 00:00:00+09:00,939000.0,944000.0,928000.0,938000.0,26758.0
2017-07-25 00:00:00+09:00,938000.0,994000.0,930000.0,962000.0,97401.0
2017-07-26 00:00:00+09:00,986000.0,998000.0,983000.0,994000.0,60254.0
2017-07-27 00:00:00+09:00,998000.0,1000000.0,986000.0,999000.0,31042.0
2017-07-28 00:00:00+09:00,1000000.0,1019000.0,995000.0,1001000.0,39271.0
2017-07-31 00:00:00+09:00,1000000.0,1003000.0,982000.0,991000.0,29956.0
2017-08-01 00:00:00+09:00,982000.0,996000.0,970000.0,982000.0,29115.0
2017-08-02 00:00:00+09:00,977000.0,994000.0,970000.0,983000.0,24760.0
2017-08-03 00:00:00+09:00,984000.0,1000000.0,976000.0,985000.0,35278.0
2017-08-04 00:00:00+09:00,975000.0,995000.0,970000.0,970000.0,15080.0
2017-08-07 00:00:00+09:00,970000.0,985000.0,967000.0,970000.0,13808.0
2017-08-08 00:00:00+09:00,969000.0,990000.0,960000.0,969000.0,25453.0
2017-08-09 00:00:00+09:00,974000.0,975000.0,961000.0,963000.0,25938.0
2017-08-10 00:00:00+09:00,956000.0,990000.0,956000.0,980000.0,39866.0
2017-08-11 00:00:00+09:00,980000.0,984000.0,962000.0,976000.0,29311.0
2017-08-14 00:00:00+09:00,973000.0,982000.0,965000.0,969000.0,10884.0
2017-08-16 00:00:00+09:00,953000.0,980000.0,950000.0,975000.0,32200.0
2017-08-17 00:00:00+09:00,969000.0,985000.0,968000.0,982000.0,19557.0
2017-08-18 00:00:00+09:00,976000.0,980000.0,971000.0,977000.0,11193.0
2017-08-21 00:00:00+09:00,977000.0,981000.0,962000.0,962000.0,8347.0
2017-08-22 00:00:00+09:00,974000.0,978000.0,962000.0,963000.0,9613.0
2017-08-23 00:00:00+09:00,961000.0,966000.0,950000.0,952000.0,13723.0
2017-08-24 00:00:00+09:00,950000.0,986000.0,950000.0,984000.0,23596.0
2017-08-25 00:00:00+09:00,984000.0,984000.0,955000.0,956000.0,24929.0
2017-08-28 00:00:00+09:00,954000.0,961000.0,954000.0,960000.0,9617.0
2017-08-29 00:00:00+09:00,952000.0,962000.0,949000.0,957000.0,13783.0
2017-08-30 00:00:00+09:00,952000.0,958000.0,950000.0,954000.0,14704.0
2017-08-31 00:00:00+09:00,952000.0,965000.0,948000.0,960000.0,18771.0
2017-09-01 00:00:00+09:00,953000.0,964000.0,952000.0,953000.0,15599.0
2017-09-04 00:00:00+09:00,957000.0,960000.0,939000.0,940000.0,14193.0
2017-09-05 00:00:00+09:00,941000.0,944000.0,925000.0,928000.0,21034.0
2017-09-06 00:00:00+09:00,929000.0,939000.0,924000.0,927000.0,20621.0
2017-09-07 00:00:00+09:00,930000.0,935000.0,928000.0,928000.0,14221.0
2017-09-08 00:00:00+09:00,925000.0,929000.0,905000.0,906000.0,32381.0
2017-09-11 00:00:00+09:00,907000.0,918000.0,906000.0,908000.0,14636.0
2017-09-12 00:00:00+09:00,905000.0,914000.0,899000.0,901000.0,26563.0
2017-09-13 00:00:00+09:00,900000.0,901000.0,876000.0,887000.0,41351.0
2017-09-14 00:00:00+09:00,887000.0,919000.0,887000.0,919000.0,33228.0
2017-09-15 00:00:00+09:00,918000.0,919000.0,901000.0,909000.0,32048.0
2017-09-18 00:00:00+09:00,905000.0,907000.0,898000.0,904000.0,26290.0
2017-09-19 00:00:00+09:00,900000.0,918000.0,899000.0,918000.0,32599.0
2017-09-20 00:00:00+09:00,923000.0,923000.0,896000.0,898000.0,25501.0
2017-09-21 00:00:00+09:00,893000.0,903000.0,888000.0,896000.0,20509.0
2017-09-22 00:00:00+09:00,889000.0,891000.0,849000.0,851000.0,61567.0
2017-09-25 00:00:00+09:00,850000.0,864000.0,842000.0,851000.0,42301.0
2017-09-26 00:00:00+09:00,847000.0,859000.0,844000.0,853000.0,36398.0
2017-09-27 00:00:00+09:00,860000.0,886000.0,856000.0,869000.0,37968.0
2017-09-28 00:00:00+09:00,876000.0,904000.0,874000.0,892000.0,75585.0
2017-09-29 00:00:00+09:00,912000.0,940000.0,902000.0,936000.0,64022.0
2017-10-10 00:00:00+09:00,957000.0,964000.0,945000.0,963000.0,65935.0
2017-10-11 00:00:00+09:00,979000.0,979000.0,950000.0,955000.0,51645.0
2017-10-12 00:00:00+09:00,942000.0,975000.0,942000.0,975000.0,27794.0
2017-10-13 00:00:00+09:00,985000.0,1026000.0,977000.0,1019000.0,67005.0
2017-10-16 00:00:00+09:00,1016000.0,1050000.0,1005000.0,1042000.0,63940.0
2017-10-17 00:00:00+09:00,1049000.0,1052000.0,1020000.0,1050000.0,56967.0
2017-10-18 00:00:00+09:00,1059000.0,1079000.0,1053000.0,1063000.0,58122.0
2017-10-19 00:00:00+09:00,1065000.0,1076000.0,1039000.0,1071000.0,31764.0
2017-10-20 00:00:00+09:00,1077000.0,1081000.0,1044000.0,1049000.0,31282.0
2017-10-23 00:00:00+09:00,1030000.0,1069000.0,1028000.0,1062000.0,21039.0
2017-10-24 00:00:00+09:00,1059000.0,1149000.0,1056000.0,1131000.0,63698.0
2017-10-25 00:00:00+09:00,1123000.0,1135000.0,1096000.0,1126000.0,61802.0
2017-10-26 00:00:00+09:00,1135000.0,1203000.0,1129000.0,1193000.0,75956.0
2017-10-27 00:00:00+09:00,1180000.0,1186000.0,1144000.0,1175000.0,59967.0
2017-10-30 00:00:00+09:00,1175000.0,1185000.0,1154000.0,1166000.0,56954.0
2017-10-31 00:00:00+09:00,1167000.0,1201000.0,1162000.0,1177000.0,55290.0
2017-11-01 00:00:00+09:00,1158000.0,1178000.0,1152000.0,1161000.0,35929.0
2017-11-02 00:00:00+09:00,1151000.0,1181000.0,1147000.0,1149000.0,30249.0
2017-11-03 00:00:00+09:00,1165000.0,1194000.0,1164000.0,1185000.0,30413.0
2017-11-06 00:00:00+09:00,1185000.0,1249000.0,1185000.0,1217000.0,44582.0
2017-11-07 00:00:00+09:00,1200000.0,1217000.0,1199000.0,1206000.0,25861.0
2017-11-08 00:00:00+09:00,1196000.0,1253000.0,1196000.0,1246000.0,45730.0
2017-11-09 00:00:00+09:00,1289000.0,1290000.0,1242000.0,1250000.0,48657.0
2017-11-10 00:00:00+09:00,1241000.0,1242000.0,1207000.0,1220000.0,36878.0
2017-11-13 00:00:00+09:00,1233000.0,1248000.0,1226000.0,1235000.0,36015.0
2017-11-14 00:00:00+09:00,1235000.0,1236000.0,1206000.0,1210000.0,45289.0
2017-11-15 00:00:00+09:00,1200000.0,1226000.0,1200000.0,1218000.0,31304.0
2017-11-16 00:00:00+09:00,1220000.0,1220000.0,1182000.0,1209000.0,22996.0
2017-11-17 00:00:00+09:00,1209000.0,1228000.0,1206000.0,1212000.0,18245.0
2017-11-20 00:00:00+09:00,1198000.0,1250000.0,1192000.0,1238000.0,30663.0
2017-11-21 00:00:00+09:00,1235000.0,1247000.0,1218000.0,1228000.0,18741.0
2017-11-22 00:00:00+09:00,1221000.0,1227000.0,1192000.0,1195000.0,27059.0
2017-11-23 00:00:00+09:00,1191000.0,1218000.0,1191000.0,1191000.0,20381.0
2017-11-24 00:00:00+09:00,1190000.0,1191000.0,1162000.0,1169000.0,31662.0
2017-11-27 00:00:00+09:00,1168000.0,1188000.0,1160000.0,1177000.0,35194.0
2017-11-28 00:00:00+09:00,1181000.0,1230000.0,1170000.0,1221000.0,43921.0
2017-11-29 00:00:00+09:00,1205000.0,1233000.0,1201000.0,1216000.0,19060.0
2017-11-30 00:00:00+09:00,1235000.0,1235000.0,1160000.0,1173000.0,51690.0
2017-12-01 00:00:00+09:00,1208000.0,1217000.0,1186000.0,1209000.0,26975.0
2017-12-04 00:00:00+09:00,1222000.0,1237000.0,1220000.0,1234000.0,38172.0
2017-12-05 00:00:00+09:00,1235000.0,1235000.0,1221000.0,1226000.0,24264.0
2017-12-06 00:00:00+09:00,1235000.0,1235000.0,1212000.0,1227000.0,18240.0
2017-12-07 00:00:00+09:00,1230000.0,1233000.0,1180000.0,1180000.0,31064.0
2017-12-08 00:00:00+09:00,1190000.0,1205000.0,1173000.0,1188000.0,35861.0
2017-12-11 00:00:00+09:00,1181000.0,1195000.0,1160000.0,1188000.0,25491.0
2017-12-12 00:00:00+09:00,1179000.0,1185000.0,1141000.0,1154000.0,32867.0
2017-12-13 00:00:00+09:00,1158000.0,1192000.0,1143000.0,1183000.0,31128.0
2017-12-14 00:00:00+09:00,1196000.0,1230000.0,1183000.0,1202000.0,58582.0
2017-12-15 00:00:00+09:00,1185000.0,1202000.0,1181000.0,1185000.0,34392.0
2017-12-18 00:00:00+09:00,1199000.0,1232000.0,1191000.0,1214000.0,19096.0
2017-12-19 00:00:00+09:00,1227000.0,1227000.0,1185000.0,1198000.0,20664.0
2017-12-20 00:00:00+09:00,1196000.0,1214000.0,1160000.0,1198000.0,29273.0
2017-12-21 00:00:00+09:00,1188000.0,1206000.0,1180000.0,1187000.0,23757.0
2017-12-22 00:00:00+09:00,1194000.0,1194000.0,1161000.0,1178000.0,19657.0
2017-12-26 00:00:00+09:00,1190000.0,1207000.0,1175000.0,1182000.0,20274.0
2017-12-27 00:00:00+09:00,1182000.0,1183000.0,1158000.0,1174000.0,13404.0
2017-12-28 00:00:00+09:00,1190000.0,1199000.0,1176000.0,1189000.0,15075.0
2018-01-02 00:00:00+09:00,1195000.0,1208000.0,1191000.0,1200000.0,14662.0
2018-01-03 00:00:00+09:00,1175000.0,1199000.0,1175000.0,1188000.0,16103.0
2018-01-04 00:00:00+09:00,1199000.0,1199000.0,1164000.0,1167000.0,24714.0
2018-01-05 00:00:00+09:00,1174000.0,1184000.0,1153000.0,1158000.0,23314.0
2018-01-08 00:00:00+09:00,1168000.0,1172000.0,1155000.0,1164000.0,17562.0
2018-01-09 00:00:00+09:00,1175000.0,1180000.0,1138000.0,1148000.0,39422.0
2018-01-10 00:00:00+09:00,1177000.0,1225000.0,1152000.0,1222000.0,53136.0
2018-01-11 00:00:00+09:00,1234000.0,1264000.0,1225000.0,1250000.0,46073.0
2018-01-12 00:00:00+09:00,1230000.0,1235000.0,1204000.0,1214000.0,19835.0
2018-01-15 00:00:00+09:00,1229000.0,1240000.0,1203000.0,1240000.0,20485.0
2018-01-16 00:00:00+09:00,1226000.0,1258000.0,1220000.0,1233000.0,18665.0
2018-01-17 00:00:00+09:00,1216000.0,1249000.0,1216000.0,1233000.0,18751.0
2018-01-18 00:00:00+09:00,1233000.0,1244000.0,1215000.0,1222000.0,13504.0
2018-01-19 00:00:00+09:00,1215000.0,1251000.0,1212000.0,1244000.0,22142.0
2018-01-22 00:00:00+09:00,1245000.0,1267000.0,1213000.0,1228000.0,26023.0
2018-01-23 00:00:00+09:00,1249000.0,1264000.0,1195000.0,1202000.0,56092.0
2018-01-24 00:00:00+09:00,1194000.0,1200000.0,1123000.0,1150000.0,140552.0
2018-01-25 00:00:00+09:00,1149000.0,1180000.0,1132000.0,1174000.0,60640.0
2018-01-26 00:00:00+09:00,1157000.0,1184000.0,1157000.0,1174000.0,31248.0
2018-01-29 00:00:00+09:00,1174000.0,1184000.0,1160000.0,1170000.0,39237.0
2018-01-30 00:00:00+09:00,1170000.0,1183000.0,1159000.0,1161000.0,34977.0
2018-01-31 00:00:00+09:00,1157000.0,1180000.0,1140000.0,1177000.0,39277.0
2018-02-01 00:00:00+09:00,1180000.0,1189000.0,1165000.0,1188000.0,37644.0
2018-02-02 00:00:00+09:00,1194000.0,1203000.0,1156000.0,1160000.0,51398.0
2018-02-05 00:00:00+09:00,1161000.0,1163000.0,1138000.0,1142000.0,28726.0
2018-02-06 00:00:00+09:00,1143000.0,1149000.0,1084000.0,1106000.0,35960.0
2018-02-07 00:00:00+09:00,1107000.0,1111000.0,1059000.0,1064000.0,38335.0
2018-02-08 00:00:00+09:00,1079000.0,1090000.0,1056000.0,1090000.0,46110.0
2018-02-09 00:00:00+09:00,1057000.0,1084000.0,1056000.0,1076000.0,21998.0
2018-02-12 00:00:00+09:00,1064000.0,1072000.0,1045000.0,1062000.0,23984.0
2018-02-13 00:00:00+09:00,1057000.0,1067000.0,1050000.0,1053000.0,21789.0
2018-02-14 00:00:00+09:00,1064000.0,1069000.0,1050000.0,1064000.0,22855.0
2018-02-19 00:00:00+09:00,1111000.0,1111000.0,1080000.0,1088000.0,23587.0
2018-02-20 00:00:00+09:00,1097000.0,1097000.0,1077000.0,1087000.0,13636.0
2018-02-21 00:00:00+09:00,1083000.0,1093000.0,1071000.0,1088000.0,18182.0
2018-02-22 00:00:00+09:00,1075000.0,1090000.0,1061000.0,1080000.0,24984.0
2018-02-23 00:00:00+09:00,1081000.0,1110000.0,1081000.0,1110000.0,29226.0
2018-02-26 00:00:00+09:00,1111000.0,1119000.0,1101000.0,1110000.0,20410.0
2018-02-27 00:00:00+09:00,1101000.0,1118000.0,1100000.0,1111000.0,16235.0
2018-02-28 00:00:00+09:00,1110000.0,1110000.0,1093000.0,1100000.0,24215.0
2018-03-02 00:00:00+09:00,1095000.0,1109000.0,1080000.0,1095000.0,24248.0
2018-03-05 00:00:00+09:00,1110000.0,1125000.0,1080000.0,1092000.0,23488.0
2018-03-06 00:00:00+09:00,1090000.0,1099000.0,1067000.0,1070000.0,29949.0
2018-03-07 00:00:00+09:00,1070000.0,1096000.0,1065000.0,1080000.0,28605.0
2018-03-08 00:00:00+09:00,1080000.0,1141000.0,1073000.0,1124000.0,55455.0
2018-03-09 00:00:00+09:00,1150000.0,1171000.0,1134000.0,1154000.0,50752.0
2018-03-12 00:00:00+09:00,1165000.0,1175000.0,1149000.0,1164000.0,56387.0
2018-03-13 00:00:00+09:00,1143000.0,1174000.0,1115000.0,1169000.0,34640.0
2018-03-14 00:00:00+09:00,1140000.0,1159000.0,1130000.0,1135000.0,21297.0
2018-03-15 00:00:00+09:00,1141000.0,1157000.0,1125000.0,1153000.0,21034.0
2018-03-16 00:00:00+09:00,1150000.0,1157000.0,1144000.0,1152000.0,18255.0
2018-03-19 00:00:00+09:00,1154000.0,1158000.0,1138000.0,1149000.0,17066.0
2018-03-20 00:00:00+09:00,1144000.0,1160000.0,1138000.0,1153000.0,30720.0
2018-03-21 00:00:00+09:00,1150000.0,1157000.0,1143000.0,1150000.0,19575.0
2018-03-22 00:00:00+09:00,1146000.0,1159000.0,1129000.0,1139000.0,39613.0
2018-03-23 00:00:00+09:00,1127000.0,1135000.0,1105000.0,1120000.0,36031.0
2018-03-26 00:00:00+09:00,1138000.0,1141000.0,1111000.0,1140000.0,22487.0
2018-03-27 00:00:00+09:00,1153000.0,1174000.0,1140000.0,1163000.0,37796.0
2018-03-28 00:00:00+09:00,1162000.0,1184000.0,1155000.0,1180000.0,29609.0
2018-03-29 00:00:00+09:00,1187000.0,1193000.0,1175000.0,1192000.0,24277.0
2018-03-30 00:00:00+09:00,1198000.0,1214000.0,1185000.0,1208000.0,23156.0
2018-04-02 00:00:00+09:00,1219000.0,1278000.0,1219000.0,1251000.0,28383.0
2018-04-03 00:00:00+09:00,1257000.0,1307000.0,1246000.0,1274000.0,55455.0
2018-04-04 00:00:00+09:00,1260000.0,1282000.0,1239000.0,1263000.0,29580.0
2018-04-05 00:00:00+09:00,1251000.0,1284000.0,1251000.0,1282000.0,32967.0
2018-04-06 00:00:00+09:00,1261000.0,1285000.0,1249000.0,1255000.0,25706.0
2018-04-09 00:00:00+09:00,1245000.0,1275000.0,1245000.0,1264000.0,25017.0
2018-04-10 00:00:00+09:00,1252000.0,1305000.0,1245000.0,1305000.0,35421.0
2018-04-11 00:00:00+09:00,1275000.0,1287000.0,1263000.0,1266000.0,23426.0
2018-04-12 00:00:00+09:00,1263000.0,1274000.0,1248000.0,1249000.0,21569.0
2018-04-13 00:00:00+09:00,1241000.0,1280000.0,1230000.0,1276000.0,24475.0
2018-04-16 00:00:00+09:00,1285000.0,1289000.0,1255000.0,1277000.0,20516.0
2018-04-17 00:00:00+09:00,1269000.0,1307000.0,1269000.0,1306000.0,29654.0
2018-04-18 00:00:00+09:00,1300000.0,1310000.0,1290000.0,1300000.0,29707.0
2018-04-19 00:00:00+09:00,1286000.0,1304000.0,1266000.0,1276000.0,20345.0
2018-04-20 00:00:00+09:00,1267000.0,1280000.0,1257000.0,1278000.0,19024.0
2018-04-23 00:00:00+09:00,1262000.0,1278000.0,1251000.0,1267000.0,20743.0
2018-04-24 00:00:00+09:00,1277000.0,1301000.0,1253000.0,1267000.0,38509.0
2018-04-25 00:00:00+09:00,1264000.0,1266000.0,1218000.0,1223000.0,35296.0
2018-04-26 00:00:00+09:00,1240000.0,1262000.0,1231000.0,1256000.0,44755.0
2018-04-27 00:00:00+09:00,1256000.0,1300000.0,1251000.0,1297000.0,40382.0
2018-04-30 00:00:00+09:00,1300000.0,1371000.0,1297000.0,1370000.0,42548.0
2018-05-02 00:00:00+09:00,1390000.0,1396000.0,1375000.0,1390000.0,35782.0
2018-05-03 00:00:00+09:00,1371000.0,1380000.0,1311000.0,1312000.0,22844.0
2018-05-04 00:00:00+09:00,1348000.0,1359000.0,1304000.0,1304000.0,24624.0
2018-05-08 00:00:00+09:00,1300000.0,1303000.0,1275000.0,1293000.0,24768.0
2018-05-09 00:00:00+09:00,1293000.0,1332000.0,1287000.0,1331000.0,23729.0
2018-05-10 00:00:00+09:00,1313000.0,1324000.0,1281000.0,1309000.0,24860.0
2018-05-11 00:00:00+09:00,1309000.0,1335000.0,1295000.0,1313000.0,14187.0
2018-05-14 00:00:00+09:00,1326000.0,1328000.0,1290000.0,1290000.0,28132.0
2018-05-15 00:00:00+09:00,1287000.0,1295000.0,1267000.0,1277000.0,19873.0
2018-05-16 00:00:00+09:00,1270000.0,1297000.0,1269000.0,1287000.0,15056.0
2018-05-17 00:00:00+09:00,1272000.0,1285000.0,1265000.0,1269000.0,20701.0
2018-05-18 00:00:00+09:00,1263000.0,1286000.0,1261000.0,1268000.0,12996.0
2018-05-21 00:00:00+09:00,1284000.0,1285000.0,1263000.0,1264000.0,10862.0
2018-05-23 00:00:00+09:00,1251000.0,1251000.0,1231000.0,1246000.0,26395.0
2018-05-24 00:00:00+09:00,1252000.0,1310000.0,1251000.0,1310000.0,27795.0
2018-05-25 00:00:00+09:00,1310000.0,1335000.0,1296000.0,1320000.0,28942.0
2018-05-28 00:00:00+09:00,1344000.0,1344000.0,1311000.0,1328000.0,22147.0
2018-05-29 00:00:00+09:00,1345000.0,1345000.0,1321000.0,1337000.0,18043.0
2018-05-30 00:00:00+09:00,1330000.0,1363000.0,1323000.0,1338000.0,40141.0
2018-05-31 00:00:00+09:00,1333000.0,1349000.0,1323000.0,1343000.0,50719.0
2018-06-01 00:00:00+09:00,1344000.0,1387000.0,1344000.0,1385000.0,19872.0
2018-06-04 00:00:00+09:00,1386000.0,1394000.0,1343000.0,1362000.0,23243.0
2018-06-05 00:00:00+09:00,1342000.0,1399000.0,1342000.0,1381000.0,26870.0
2018-06-07 00:00:00+09:00,1381000.0,1420000.0,1373000.0,1420000.0,25775.0
2018-06-08 00:00:00+09:00,1410000.0,1420000.0,1382000.0,1392000.0,16662.0
2018-06-11 00:00:00+09:00,1390000.0,1403000.0,1366000.0,1398000.0,20795.0
2018-06-12 00:00:00+09:00,1399000.0,1441000.0,1398000.0,1437000.0,32363.0
2018-06-14 00:00:00+09:00,1412000.0,1469000.0,1410000.0,1441000.0,33812.0
2018-06-15 00:00:00+09:00,1459000.0,1459000.0,1422000.0,1423000.0,31382.0
2018-06-18 00:00:00+09:00,1424000.0,1457000.0,1415000.0,1436000.0,23399.0
2018-06-19 00:00:00+09:00,1411000.0,1446000.0,1395000.0,1409000.0,28787.0
2018-06-20 00:00:00+09:00,1468000.0,1497000.0,1424000.0,1479000.0,33455.0
2018-06-21 00:00:00+09:00,1450000.0,1495000.0,1449000.0,1449000.0,23718.0
2018-06-22 00:00:00+09:00,1427000.0,1486000.0,1427000.0,1480000.0,19220.0
2018-06-25 00:00:00+09:00,1469000.0,1485000.0,1427000.0,1455000.0,25136.0
2018-06-26 00:00:00+09:00,1464000.0,1473000.0,1437000.0,1452000.0,19719.0
2018-06-27 00:00:00+09:00,1423000.0,1467000.0,1422000.0,1433000.0,22520.0
2018-06-28 00:00:00+09:00,1430000.0,1452000.0,1419000.0,1424000.0,41415.0
2018-06-29 00:00:00+09:00,1429000.0,1432000.0,1396000.0,1396000.0,32173.0
2018-07-02 00:00:00+09:00,1400000.0,1426000.0,1394000.0,1398000.0,25480.0
2018-07-03 00:00:00+09:00,1390000.0,1413000.0,1331000.0,1335000.0,84971.0
2018-07-04 00:00:00+09:00,1336000.0,1337000.0,1320000.0,1328000.0,44806.0
2018-07-05 00:00:00+09:00,1332000.0,1356000.0,1332000.0,1354000.0,37774.0
2018-07-06 00:00:00+09:00,1351000.0,1359000.0,1334000.0,1350000.0,22438.0
2018-07-09 00:00:00+09:00,1350000.0,1360000.0,1331000.0,1341000.0,23936.0
2018-07-10 00:00:00+09:00,1342000.0,1350000.0,1283000.0,1287000.0,46498.0
2018-07-11 00:00:00+09:00,1292000.0,1308000.0,1280000.0,1300000.0,38123.0
2018-07-12 00:00:00+09:00,1314000.0,1365000.0,1308000.0,1343000.0,45070.0
2018-07-13 00:00:00+09:00,1343000.0,1389000.0,1336000.0,1387000.0,32314.0
2018-07-16 00:00:00+09:00,1366000.0,1399000.0,1366000.0,1397000.0,27236.0
2018-07-17 00:00:00+09:00,1381000.0,1393000.0,1349000.0,1353000.0,26984.0
2018-07-18 00:00:00+09:00,1394000.0,1394000.0,1331000.0,1335000.0,26670.0
2018-07-19 00:00:00+09:00,1336000.0,1352000.0,1284000.0,1284000.0,42322.0
2018-07-20 00:00:00+09:00,1285000.0,1295000.0,1262000.0,1271000.0,34038.0
2018-07-23 00:00:00+09:00,1271000.0,1292000.0,1265000.0,1273000.0,34345.0
2018-07-24 00:00:00+09:00,1279000.0,1337000.0,1278000.0,1331000.0,44286.0
2018-07-25 00:00:00+09:00,1316000.0,1325000.0,1253000.0,1257000.0,79239.0
2018-07-26 00:00:00+09:00,1270000.0,1273000.0,1232000.0,1239000.0,37156.0
2018-07-27 00:00:00+09:00,1245000.0,1262000.0,1203000.0,1261000.0,50013.0
2018-07-30 00:00:00+09:00,1247000.0,1263000.0,1236000.0,1237000.0,28006.0
2018-07-31 00:00:00+09:00,1251000.0,1255000.0,1210000.0,1210000.0,50284.0
2018-08-01 00:00:00+09:00,1210000.0,1265000.0,1209000.0,1262000.0,50303.0
2018-08-02 00:00:00+09:00,1270000.0,1285000.0,1250000.0,1253000.0,26615.0
2018-08-03 00:00:00+09:00,1256000.0,1277000.0,1255000.0,1272000.0,24964.0
2018-08-06 00:00:00+09:00,1259000.0,1281000.0,1254000.0,1256000.0,22251.0
2018-08-07 00:00:00+09:00,1246000.0,1256000.0,1228000.0,1240000.0,23798.0
2018-08-08 00:00:00+09:00,1233000.0,1234000.0,1210000.0,1214000.0,35339.0
2018-08-09 00:00:00+09:00,1218000.0,1227000.0,1210000.0,1220000.0,31033.0
2018-08-10 00:00:00+09:00,1214000.0,1225000.0,1201000.0,1202000.0,26445.0
2018-08-13 00:00:00+09:00,1200000.0,1208000.0,1180000.0,1191000.0,32541.0
2018-08-14 00:00:00+09:00,1197000.0,1197000.0,1181000.0,1185000.0,23235.0
2018-08-16 00:00:00+09:00,1195000.0,1204000.0,1183000.0,1188000.0,51849.0
2018-08-17 00:00:00+09:00,1198000.0,1199000.0,1175000.0,1180000.0,33323.0
2018-08-20 00:00:00+09:00,1183000.0,1191000.0,1139000.0,1146000.0,41538.0
2018-08-21 00:00:00+09:00,1157000.0,1193000.0,1155000.0,1188000.0,44069.0
2018-08-22 00:00:00+09:00,1188000.0,1196000.0,1175000.0,1190000.0,17852.0
2018-08-23 00:00:00+09:00,1214000.0,1253000.0,1212000.0,1252000.0,55157.0
2018-08-24 00:00:00+09:00,1250000.0,1262000.0,1243000.0,1256000.0,27448.0
2018-08-27 00:00:00+09:00,1275000.0,1285000.0,1256000.0,1280000.0,34287.0
2018-08-28 00:00:00+09:00,1276000.0,1276000.0,1232000.0,1245000.0,39680.0
2018-08-29 00:00:00+09:00,1247000.0,1249000.0,1235000.0,1247000.0,43673.0
2018-08-30 00:00:00+09:00,1268000.0,1284000.0,1261000.0,1263000.0,22835.0
2018-08-31 00:00:00+09:00,1251000.0,1274000.0,1236000.0,1265000.0,57090.0
2018-09-03 00:00:00+09:00,1260000.0,1269000.0,1244000.0,1254000.0,25260.0
2018-09-04 00:00:00+09:00,1255000.0,1265000.0,1245000.0,1259000.0,13037.0
2018-09-05 00:00:00+09:00,1259000.0,1278000.0,1250000.0,1254000.0,21182.0
2018-09-06 00:00:00+09:00,1254000.0,1265000.0,1234000.0,1236000.0,19745.0
2018-09-07 00:00:00+09:00,1250000.0,1257000.0,1217000.0,1226000.0,33770.0
2018-09-10 00:00:00+09:00,1207000.0,1208000.0,1187000.0,1200000.0,31740.0
2018-09-11 00:00:00+09:00,1201000.0,1225000.0,1193000.0,1196000.0,31598.0
2018-09-12 00:00:00+09:00,1200000.0,1207000.0,1186000.0,1201000.0,28607.0
2018-09-13 00:00:00+09:00,1201000.0,1202000.0,1172000.0,1182000.0,45429.0
2018-09-14 00:00:00+09:00,1188000.0,1245000.0,1185000.0,1243000.0,35288.0
2018-09-17 00:00:00+09:00,1228000.0,1237000.0,1216000.0,1224000.0,17697.0
2018-09-18 00:00:00+09:00,1217000.0,1258000.0,1213000.0,1254000.0,26533.0
2018-09-19 00:00:00+09:00,1254000.0,1257000.0,1225000.0,1242000.0,20255.0
2018-09-20 00:00:00+09:00,1232000.0,1240000.0,1221000.0,1221000.0,20372.0
2018-09-21 00:00:00+09:00,1241000.0,1243000.0,1205000.0,1218000.0,33018.0
2018-09-27 00:00:00+09:00,1218000.0,1284000.0,1217000.0,1278000.0,47830.0
2018-09-28 00:00:00+09:00,1274000.0,1298000.0,1271000.0,1276000.0,26707.0
2018-10-01 00:00:00+09:00,1282000.0,1350000.0,1281000.0,1316000.0,44324.0
2018-10-02 00:00:00+09:00,1316000.0,1323000.0,1276000.0,1297000.0,24118.0
2018-10-04 00:00:00+09:00,1300000.0,1303000.0,1197000.0,1197000.0,65853.0
2018-10-05 00:00:00+09:00,1193000.0,1193000.0,1146000.0,1191000.0,74437.0
2018-10-08 00:00:00+09:00,1190000.0,1197000.0,1151000.0,1190000.0,26518.0
2018-10-10 00:00:00+09:00,1197000.0,1212000.0,1140000.0,1140000.0,37869.0
2018-10-11 00:00:00+09:00,1083000.0,1083000.0,1046000.0,1047000.0,85540.0
2018-10-12 00:00:00+09:00,1048000.0,1125000.0,1047000.0,1112000.0,67214.0
2018-10-15 00:00:00+09:00,1103000.0,1108000.0,1074000.0,1077000.0,38099.0
2018-10-16 00:00:00+09:00,1083000.0,1091000.0,1066000.0,1089000.0,31655.0
2018-10-17 00:00:00+09:00,1107000.0,1130000.0,1088000.0,1094000.0,23479.0
2018-10-18 00:00:00+09:00,1096000.0,1117000.0,1077000.0,1081000.0,25000.0
2018-10-19 00:00:00+09:00,1065000.0,1082000.0,1040000.0,1077000.0,35958.0
2018-10-22 00:00:00+09:00,1077000.0,1120000.0,1077000.0,1114000.0,31809.0
2018-10-23 00:00:00+09:00,1104000.0,1121000.0,1079000.0,1087000.0,46098.0
2018-10-24 00:00:00+09:00,1106000.0,1129000.0,1083000.0,1095000.0,33762.0
2018-10-25 00:00:00+09:00,1091000.0,1140000.0,1073000.0,1140000.0,73811.0
2018-10-26 00:00:00+09:00,1140000.0,1141000.0,1073000.0,1105000.0,55605.0
2018-10-29 00:00:00+09:00,1115000.0,1120000.0,1042000.0,1046000.0,45211.0
2018-10-30 00:00:00+09:00,1047000.0,1060000.0,1010000.0,1058000.0,64426.0
2018-10-31 00:00:00+09:00,1048000.0,1065000.0,1026000.0,1044000.0,43832.0
2018-11-01 00:00:00+09:00,1055000.0,1135000.0,1050000.0,1135000.0,64566.0
2018-11-02 00:00:00+09:00,1175000.0,1180000.0,1124000.0,1160000.0,48364.0
2018-11-05 00:00:00+09:00,1159000.0,1159000.0,1111000.0,1129000.0,25470.0
2018-11-06 00:00:00+09:00,1140000.0,1166000.0,1125000.0,1166000.0,29456.0
2018-11-07 00:00:00+09:00,1164000.0,1186000.0,1141000.0,1159000.0,30712.0
2018-11-08 00:00:00+09:00,1179000.0,1197000.0,1152000.0,1166000.0,59478.0
2018-11-09 00:00:00+09:00,1155000.0,1157000.0,1105000.0,1110000.0,77679.0
2018-11-12 00:00:00+09:00,1110000.0,1120000.0,1090000.0,1094000.0,55573.0
2018-11-13 00:00:00+09:00,1090000.0,1090000.0,1051000.0,1070000.0,143521.0
2018-11-14 00:00:00+09:00,1073000.0,1090000.0,1072000.0,1080000.0,34009.0
2018-11-15 00:00:00+09:00,1119000.0,1166000.0,1109000.0,1163000.0,55402.0
2018-11-16 00:00:00+09:00,1164000.0,1178000.0,1142000.0,1151000.0,27992.0
2018-11-19 00:00:00+09:00,1146000.0,1176000.0,1146000.0,1174000.0,32656.0
2018-11-20 00:00:00+09:00,1169000.0,1169000.0,1142000.0,1156000.0,30736.0
2018-11-21 00:00:00+09:00,1130000.0,1168000.0,1107000.0,1156000.0,40403.0
2018-11-22 00:00:00+09:00,1161000.0,1180000.0,1150000.0,1169000.0,35124.0
2018-11-23 00:00:00+09:00,1169000.0,1176000.0,1136000.0,1141000.0,17671.0
2018-11-26 00:00:00+09:00,1136000.0,1162000.0,1136000.0,1145000.0,26256.0
2018-11-27 00:00:00+09:00,1150000.0,1172000.0,1150000.0,1160000.0,85515.0
2018-11-28 00:00:00+09:00,1168000.0,1176000.0,1162000.0,1172000.0,18536.0
2018-11-29 00:00:00+09:00,1190000.0,1198000.0,1163000.0,1170000.0,34290.0
2018-11-30 00:00:00+09:00,1160000.0,1174000.0,1148000.0,1160000.0,39783.0
2018-12-03 00:00:00+09:00,1188000.0,1212000.0,1173000.0,1200000.0,35464.0
2018-12-04 00:00:00+09:00,1187000.0,1203000.0,1180000.0,1190000.0,37865.0
2018-12-05 00:00:00+09:00,1178000.0,1202000.0,1175000.0,1189000.0,27209.0
2018-12-06 00:00:00+09:00,1210000.0,1210000.0,1145000.0,1160000.0,48161.0
2018-12-07 00:00:00+09:00,1159000.0,1165000.0,1133000.0,1139000.0,27046.0
2018-12-10 00:00:00+09:00,1139000.0,1165000.0,1130000.0,1162000.0,24714.0
2018-12-11 00:00:00+09:00,1150000.0,1175000.0,1150000.0,1151000.0,31768.0
2018-12-12 00:00:00+09:00,1155000.0,1156000.0,1132000.0,1148000.0,38541.0
2018-12-13 00:00:00+09:00,1155000.0,1164000.0,1142000.0,1160000.0,57419.0
2018-12-14 00:00:00+09:00,1166000.0,1179000.0,1153000.0,1158000.0,41469.0
2018-12-17 00:00:00+09:00,1157000.0,1163000.0,1141000.0,1149000.0,22902.0
2018-12-18 00:00:00+09:00,1148000.0,1157000.0,1139000.0,1150000.0,52886.0
2018-12-19 00:00:00+09:00,1155000.0,1163000.0,1148000.0,1152000.0,35757.0
2018-12-20 00:00:00+09:00,1147000.0,1147000.0,1110000.0,1124000.0,45051.0
2018-12-21 00:00:00+09:00,1121000.0,1121000.0,1087000.0,1091000.0,53294.0
2018-12-24 00:00:00+09:00,1086000.0,1094000.0,1075000.0,1082000.0,17749.0
2018-12-26 00:00:00+09:00,1063000.0,1092000.0,1062000.0,1073000.0,26922.0
2018-12-27 00:00:00+09:00,1075000.0,1095000.0,1065000.0,1081000.0,25774.0
2018-12-28 00:00:00+09:00,1082000.0,1111000.0,1077000.0,1101000.0,23839.0
2019-01-02 00:00:00+09:00,1106000.0,1125000.0,1075000.0,1081000.0,26387.0
2019-01-03 00:00:00+09:00,1087000.0,1105000.0,1083000.0,1095000.0,24144.0
2019-01-04 00:00:00+09:00,1117000.0,1117000.0,1065000.0,1104000.0,32483.0
2019-01-07 00:00:00+09:00,1120000.0,1120000.0,1085000.0,1086000.0,32983.0
2019-01-08 00:00:00+09:00,1099000.0,1102000.0,1078000.0,1084000.0,21249.0
2019-01-09 00:00:00+09:00,1092000.0,1099000.0,1081000.0,1097000.0,31026.0
2019-01-10 00:00:00+09:00,1089000.0,1092000.0,1079000.0,1091000.0,32433.0
2019-01-11 00:00:00+09:00,1096000.0,1104000.0,1077000.0,1082000.0,34231.0
2019-01-14 00:00:00+09:00,1086000.0,1105000.0,1085000.0,1102000.0,39695.0
2019-01-15 00:00:00+09:00,1100000.0,1150000.0,1097000.0,1150000.0,44161.0
2019-01-16 00:00:00+09:00,1150000.0,1150000.0,1140000.0,1146000.0,34417.0
2019-01-17 00:00:00+09:00,1150000.0,1150000.0,1122000.0,1134000.0,28699.0
2019-01-18 00:00:00+09:00,1146000.0,1150000.0,1137000.0,1140000.0,24583.0
2019-01-21 00:00:00+09:00,1140000.0,1140000.0,1126000.0,1135000.0,25571.0
2019-01-22 00:00:00+09:00,1130000.0,1144000.0,1130000.0,1139000.0,36999.0
2019-01-23 00:00:00+09:00,1139000.0,1145000.0,1126000.0,1129000.0,34455.0
2019-01-24 00:00:00+09:00,1121000.0,1148000.0,1121000.0,1140000.0,40723.0
2019-01-25 00:00:00+09:00,1131000.0,1207000.0,1130000.0,1203000.0,78685.0
2019-01-28 00:00:00+09:00,1203000.0,1208000.0,1179000.0,1201000.0,26709.0
2019-01-29 00:00:00+09:00,1185000.0,1213000.0,1179000.0,1206000.0,23638.0
2019-01-30 00:00:00+09:00,1216000.0,1269000.0,1207000.0,1260000.0,50277.0
2019-01-31 00:00:00+09:00,1279000.0,1290000.0,1254000.0,1265000.0,35530.0
2019-02-01 00:00:00+09:00,1275000.0,1298000.0,1254000.0,1254000.0,30993.0
2019-02-07 00:00:00+09:00,1260000.0,1265000.0,1237000.0,1249000.0,25965.0
2019-02-08 00:00:00+09:00,1232000.0,1254000.0,1216000.0,1220000.0,28082.0
2019-02-11 00:00:00+09:00,1226000.0,1228000.0,1206000.0,1219000.0,19522.0
2019-02-12 00:00:00+09:00,1220000.0,1227000.0,1209000.0,1210000.0,25149.0
2019-02-13 00:00:00+09:00,1205000.0,1218000.0,1205000.0,1213000.0,17619.0
2019-02-14 00:00:00+09:00,1206000.0,1233000.0,1204000.0,1233000.0,32915.0
2019-02-15 00:00:00+09:00,1218000.0,1227000.0,1209000.0,1224000.0,21125.0
2019-02-18 00:00:00+09:00,1239000.0,1260000.0,1220000.0,1251000.0,32979.0
2019-02-19 00:00:00+09:00,1235000.0,1260000.0,1222000.0,1224000.0,21256.0
2019-02-20 00:00:00+09:00,1229000.0,1291000.0,1225000.0,1291000.0,57740.0
2019-02-21 00:00:00+09:00,1287000.0,1306000.0,1278000.0,1280000.0,28209.0
2019-02-22 00:00:00+09:00,1280000.0,1288000.0,1253000.0,1287000.0,24288.0
2019-02-25 00:00:00+09:00,1286000.0,1296000.0,1267000.0,1275000.0,19966.0
2019-02-26 00:00:00+09:00,1262000.0,1274000.0,1244000.0,1250000.0,49886.0
2019-02-27 00:00:00+09:00,1245000.0,1257000.0,1232000.0,1254000.0,28758.0
2019-02-28 00:00:00+09:00,1259000.0,1265000.0,1242000.0,1246000.0,46645.0
2019-03-04 00:00:00+09:00,1272000.0,1278000.0,1251000.0,1263000.0,41070.0
2019-03-05 00:00:00+09:00,1257000.0,1266000.0,1233000.0,1238000.0,20513.0
2019-03-06 00:00:00+09:00,1238000.0,1247000.0,1219000.0,1240000.0,27436.0
2019-03-07 00:00:00+09:00,1243000.0,1269000.0,1237000.0,1260000.0,38732.0
2019-03-08 00:00:00+09:00,1260000.0,1293000.0,1254000.0,1273000.0,54283.0
2019-03-11 00:00:00+09:00,1268000.0,1279000.0,1247000.0,1274000.0,29340.0
2019-03-12 00:00:00+09:00,1266000.0,1280000.0,1257000.0,1271000.0,21450.0
2019-03-13 00:00:00+09:00,1284000.0,1329000.0,1277000.0,1323000.0,45163.0
2019-03-14 00:00:00+09:00,1326000.0,1347000.0,1311000.0,1340000.0,43572.0
2019-03-15 00:00:00+09:00,1341000.0,1371000.0,1334000.0,1361000.0,52604.0
2019-03-18 00:00:00+09:00,1395000.0,1399000.0,1379000.0,1397000.0,43091.0
2019-03-19 00:00:00+09:00,1400000.0,1420000.0,1375000.0,1405000.0,34034.0
2019-03-20 00:00:00+09:00,1405000.0,1429000.0,1392000.0,1416000.0,26286.0
2019-03-21 00:00:00+09:00,1418000.0,1430000.0,1378000.0,1390000.0,43683.0
2019-03-22 00:00:00+09:00,1380000.0,1402000.0,1371000.0,1389000.0,30465.0
2019-03-25 00:00:00+09:00,1390000.0,1392000.0,1362000.0,1383000.0,23759.0
2019-03-26 00:00:00+09:00,1402000.0,1436000.0,1386000.0,1422000.0,31678.0
2019-03-27 00:00:00+09:00,1411000.0,1419000.0,1397000.0,1401000.0,20838.0
2019-03-28 00:00:00+09:00,1383000.0,1412000.0,1376000.0,1396000.0,35709.0
2019-03-29 00:00:00+09:00,1430000.0,1432000.0,1409000.0,1417000.0,37960.0
2019-04-01 00:00:00+09:00,1401000.0,1419000.0,1397000.0,1415000.0,26416.0
2019-04-02 00:00:00+09:00,1408000.0,1420000.0,1391000.0,1399000.0,21552.0
2019-04-03 00:00:00+09:00,1380000.0,1399000.0,1380000.0,1390000.0,25948.0
2019-04-04 00:00:00+09:00,1404000.0,1404000.0,1382000.0,1396000.0,33934.0
2019-04-05 00:00:00+09:00,1390000.0,1426000.0,1389000.0,1397000.0,18842.0
2019-04-08 00:00:00+09:00,1392000.0,1413000.0,1392000.0,1404000.0,19704.0
2019-04-09 00:00:00+09:00,1414000.0,1450000.0,1412000.0,1443000.0,31343.0
2019-04-10 00:00:00+09:00,1428000.0,1457000.0,1415000.0,1430000.0,33029.0
2019-04-11 00:00:00+09:00,1423000.0,1453000.0,1420000.0,1453000.0,32359.0
2019-04-12 00:00:00+09:00,1453000.0,1453000.0,1419000.0,1432000.0,37235.0
2019-04-15 00:00:00+09:00,1433000.0,1449000.0,1427000.0,1440000.0,41626.0
2019-04-16 00:00:00+09:00,1431000.0,1444000.0,1422000.0,1434000.0,13123.0
2019-04-17 00:00:00+09:00,1426000.0,1439000.0,1423000.0,1427000.0,25279.0
2019-04-18 00:00:00+09:00,1423000.0,1431000.0,1392000.0,1406000.0,25117.0
2019-04-19 00:00:00+09:00,1414000.0,1438000.0,1403000.0,1411000.0,18613.0
2019-04-22 00:00:00+09:00,1425000.0,1442000.0,1400000.0,1438000.0,21216.0
2019-04-23 00:00:00+09:00,1433000.0,1444000.0,1430000.0,1439000.0,19727.0
2019-04-24 00:00:00+09:00,1455000.0,1466000.0,1423000.0,1440000.0,31015.0
2019-04-25 00:00:00+09:00,1426000.0,1449000.0,1356000.0,1395000.0,46266.0
2019-04-26 00:00:00+09:00,1395000.0,1408000.0,1385000.0,1388000.0,29205.0
2019-04-29 00:00:00+09:00,1377000.0,1418000.0,1377000.0,1417000.0,30411.0
2019-04-30 00:00:00+09:00,1419000.0,1427000.0,1404000.0,1422000.0,27711.0
2019-05-02 00:00:00+09:00,1409000.0,1422000.0,1391000.0,1393000.0,29984.0
2019-05-03 00:00:00+09:00,1390000.0,1403000.0,1376000.0,1384000.0,21610.0
2019-05-07 00:00:00+09:00,1364000.0,1376000.0,1344000.0,1368000.0,26923.0
2019-05-08 00:00:00+09:00,1333000.0,1362000.0,1332000.0,1358000.0,18719.0
2019-05-09 00:00:00+09:00,1354000.0,1356000.0,1309000.0,1309000.0,40368.0
2019-05-10 00:00:00+09:00,1310000.0,1348000.0,1310000.0,1323000.0,29182.0
2019-05-13 00:00:00+09:00,1311000.0,1333000.0,1295000.0,1297000.0,18819.0
2019-05-14 00:00:00+09:00,1300000.0,1309000.0,1290000.0,1292000.0,21599.0
2019-05-15 00:00:00+09:00,1304000.0,1347000.0,1292000.0,1302000.0,27459.0
2019-05-16 00:00:00+09:00,1306000.0,1330000.0,1302000.0,1315000.0,25587.0
2019-05-17 00:00:00+09:00,1321000.0,1324000.0,1271000.0,1271000.0,28789.0
2019-05-20 00:00:00+09:00,1284000.0,1296000.0,1269000.0,1282000.0,48137.0
2019-05-21 00:00:00+09:00,1286000.0,1293000.0,1272000.0,1282000.0,29457.0
2019-05-22 00:00:00+09:00,1287000.0,1307000.0,1279000.0,1282000.0,30932.0
2019-05-23 00:00:00+09:00,1282000.0,1300000.0,1262000.0,1287000.0,32721.0
2019-05-24 00:00:00+09:00,1270000.0,1287000.0,1241000.0,1258000.0,36541.0
2019-05-27 00:00:00+09:00,1250000.0,1274000.0,1220000.0,1268000.0,26411.0
2019-05-28 00:00:00+09:00,1270000.0,1289000.0,1259000.0,1259000.0,73451.0
2019-05-29 00:00:00+09:00,1290000.0,1300000.0,1273000.0,1291000.0,38539.0
2019-05-30 00:00:00+09:00,1294000.0,1308000.0,1268000.0,1286000.0,35847.0
2019-05-31 00:00:00+09:00,1286000.0,1294000.0,1267000.0,1278000.0,29379.0
2019-06-03 00:00:00+09:00,1262000.0,1299000.0,1260000.0,1297000.0,25454.0
2019-06-04 00:00:00+09:00,1316000.0,1317000.0,1297000.0,1304000.0,29779.0
2019-06-05 00:00:00+09:00,1320000.0,1320000.0,1280000.0,1284000.0,20538.0
2019-06-07 00:00:00+09:00,1276000.0,1300000.0,1273000.0,1295000.0,17549.0
2019-06-10 00:00:00+09:00,1303000.0,1323000.0,1294000.0,1322000.0,20024.0
2019-06-11 00:00:00+09:00,1320000.0,1320000.0,1302000.0,1309000.0,22468.0
2019-06-12 00:00:00+09:00,1309000.0,1351000.0,1309000.0,1339000.0,29958.0
2019-06-13 00:00:00+09:00,1339000.0,1347000.0,1326000.0,1341000.0,32428.0
2019-06-14 00:00:00+09:00,1322000.0,1329000.0,1305000.0,1311000.0,21106.0
2019-06-17 00:00:00+09:00,1321000.0,1331000.0,1296000.0,1330000.0,22847.0
2019-06-18 00:00:00+09:00,1331000.0,1344000.0,1318000.0,1331000.0,22362.0
2019-06-19 00:00:00+09:00,1347000.0,1367000.0,1343000.0,1367000.0,18497.0
2019-06-20 00:00:00+09:00,1347000.0,1361000.0,1341000.0,1356000.0,18761.0
2019-06-21 00:00:00+09:00,1344000.0,1345000.0,1300000.0,1308000.0,37339.0
2019-06-24 00:00:00+09:00,1315000.0,1315000.0,1277000.0,1293000.0,25435.0
2019-06-25 00:00:00+09:00,1298000.0,1325000.0,1294000.0,1320000.0,25130.0
2019-06-26 00:00:00+09:00,1310000.0,1316000.0,1300000.0,1303000.0,15894.0
2019-06-27 00:00:00+09:00,1304000.0,1324000.0,1295000.0,1319000.0,19236.0
2019-06-28 00:00:00+09:00,1315000.0,1324000.0,1308000.0,1313000.0,14184.0
2019-07-01 00:00:00+09:00,1340000.0,1341000.0,1312000.0,1314000.0,10845.0
2019-07-02 00:00:00+09:00,1300000.0,1320000.0,1266000.0,1276000.0,28388.0
2019-07-03 00:00:00+09:00,1275000.0,1280000.0,1242000.0,1278000.0,30117.0
2019-07-04 00:00:00+09:00,1283000.0,1286000.0,1262000.0,1276000.0,15837.0
2019-07-05 00:00:00+09:00,1276000.0,1294000.0,1274000.0,1294000.0,24839.0
2019-07-08 00:00:00+09:00,1297000.0,1303000.0,1270000.0,1276000.0,25917.0
2019-07-09 00:00:00+09:00,1294000.0,1294000.0,1264000.0,1264000.0,15357.0
2019-07-10 00:00:00+09:00,1277000.0,1283000.0,1260000.0,1261000.0,15208.0
2019-07-11 00:00:00+09:00,1260000.0,1279000.0,1256000.0,1265000.0,18456.0
2019-07-12 00:00:00+09:00,1269000.0,1277000.0,1258000.0,1260000.0,17246.0
2019-07-15 00:00:00+09:00,1261000.0,1269000.0,1256000.0,1266000.0,14944.0
2019-07-16 00:00:00+09:00,1280000.0,1318000.0,1274000.0,1314000.0,36845.0
2019-07-17 00:00:00+09:00,1301000.0,1311000.0,1278000.0,1283000.0,14861.0
2019-07-18 00:00:00+09:00,1291000.0,1318000.0,1278000.0,1318000.0,30938.0
2019-07-19 00:00:00+09:00,1311000.0,1334000.0,1303000.0,1329000.0,28881.0
2019-07-22 00:00:00+09:00,1327000.0,1332000.0,1307000.0,1311000.0,18461.0
2019-07-23 00:00:00+09:00,1315000.0,1330000.0,1307000.0,1323000.0,20636.0
2019-07-24 00:00:00+09:00,1323000.0,1332000.0,1308000.0,1319000.0,17099.0
2019-07-25 00:00:00+09:00,1323000.0,1323000.0,1291000.0,1308000.0,29660.0
2019-07-26 00:00:00+09:00,1285000.0,1298000.0,1222000.0,1224000.0,77045.0
2019-07-29 00:00:00+09:00,1230000.0,1248000.0,1226000.0,1240000.0,31789.0
2019-07-30 00:00:00+09:00,1260000.0,1265000.0,1240000.0,1263000.0,28485.0
2019-07-31 00:00:00+09:00,1262000.0,1277000.0,1246000.0,1257000.0,38167.0
2019-08-01 00:00:00+09:00,1280000.0,1280000.0,1249000.0,1254000.0,34892.0
2019-08-02 00:00:00+09:00,1249000.0,1254000.0,1204000.0,1219000.0,47404.0
2019-08-05 00:00:00+09:00,1218000.0,1226000.0,1173000.0,1198000.0,63980.0
2019-08-06 00:00:00+09:00,1174000.0,1188000.0,1131000.0,1176000.0,55081.0
2019-08-07 00:00:00+09:00,1176000.0,1184000.0,1145000.0,1161000.0,75351.0
2019-08-08 00:00:00+09:00,1174000.0,1174000.0,1152000.0,1160000.0,61809.0
2019-08-09 00:00:00+09:00,1194000.0,1194000.0,1171000.0,1181000.0,43906.0
2019-08-12 00:00:00+09:00,1172000.0,1188000.0,1163000.0,1173000.0,22315.0
2019-08-13 00:00:00+09:00,1162000.0,1185000.0,1162000.0,1180000.0,22908.0
2019-08-14 00:00:00+09:00,1181000.0,1189000.0,1177000.0,1177000.0,23859.0
2019-08-16 00:00:00+09:00,1195000.0,1195000.0,1165000.0,1179000.0,18523.0
2019-08-19 00:00:00+09:00,1173000.0,1173000.0,1146000.0,1160000.0,41462.0
2019-08-20 00:00:00+09:00,1157000.0,1169000.0,1142000.0,1165000.0,36929.0
2019-08-21 00:00:00+09:00,1165000.0,1173000.0,1151000.0,1158000.0,26028.0
2019-08-22 00:00:00+09:00,1154000.0,1164000.0,1146000.0,1149000.0,25854.0
2019-08-23 00:00:00+09:00,1146000.0,1154000.0,1143000.0,1150000.0,14941.0
2019-08-26 00:00:00+09:00,1141000.0,1144000.0,1122000.0,1137000.0,18797.0
2019-08-27 00:00:00+09:00,1138000.0,1155000.0,1131000.0,1151000.0,42614.0
2019-08-28 00:00:00+09:00,1160000.0,1160000.0,1139000.0,1145000.0,20180.0
2019-08-29 00:00:00+09:00,1154000.0,1156000.0,1125000.0,1155000.0,22280.0
2019-08-30 00:00:00+09:00,1157000.0,1180000.0,1157000.0,1179000.0,32000.0
2019-09-02 00:00:00+09:00,1165000.0,1186000.0,1163000.0,1175000.0,11086.0
2019-09-03 00:00:00+09:00,1170000.0,1239000.0,1170000.0,1231000.0,43123.0
2019-09-04 00:00:00+09:00,1248000.0,1248000.0,1230000.0,1241000.0,28486.0
2019-09-05 00:00:00+09:00,1232000.0,1247000.0,1229000.0,1245000.0,25017.0
2019-09-06 00:00:00+09:00,1235000.0,1247000.0,1231000.0,1247000.0,19196.0
2019-09-09 00:00:00+09:00,1246000.0,1255000.0,1241000.0,1242000.0,12341.0
2019-09-10 00:00:00+09:00,1249000.0,1267000.0,1244000.0,1267000.0,33727.0
2019-09-11 00:00:00+09:00,1274000.0,1280000.0,1266000.0,1280000.0,45262.0
2019-09-16 00:00:00+09:00,1285000.0,1299000.0,1282000.0,1290000.0,25503.0
2019-09-17 00:00:00+09:00,1290000.0,1308000.0,1286000.0,1300000.0,20744.0
2019-09-18 00:00:00+09:00,1274000.0,1291000.0,1261000.0,1262000.0,35391.0
2019-09-19 00:00:00+09:00,1264000.0,1267000.0,1253000.0,1257000.0,22342.0
2019-09-20 00:00:00+09:00,1245000.0,1262000.0,1236000.0,1262000.0,31590.0
2019-09-23 00:00:00+09:00,1264000.0,1269000.0,1254000.0,1263000.0,10663.0
2019-09-24 00:00:00+09:00,1269000.0,1290000.0,1265000.0,1287000.0,25028.0
2019-09-25 00:00:00+09:00,1290000.0,1305000.0,1280000.0,1290000.0,28610.0
2019-09-26 00:00:00+09:00,1289000.0,1300000.0,1277000.0,1279000.0,17593.0
2019-09-27 00:00:00+09:00,1293000.0,1313000.0,1293000.0,1306000.0,23773.0
2019-09-30 00:00:00+09:00,1315000.0,1320000.0,1301000.0,1307000.0,20282.0
2019-10-01 00:00:00+09:00,1306000.0,1312000.0,1296000.0,1307000.0,13260.0
2019-10-02 00:00:00+09:00,1301000.0,1307000.0,1290000.0,1290000.0,15828.0
2019-10-04 00:00:00+09:00,1273000.0,1294000.0,1270000.0,1270000.0,23777.0
2019-10-07 00:00:00+09:00,1270000.0,1288000.0,1263000.0,1265000.0,16552.0
2019-10-08 00:00:00+09:00,1280000.0,1320000.0,1270000.0,1320000.0,43337.0
2019-10-10 00:00:00+09:00,1300000.0,1309000.0,1279000.0,1288000.0,38752.0
2019-10-11 00:00:00+09:00,1293000.0,1306000.0,1272000.0,1272000.0,25267.0
2019-10-14 00:00:00+09:00,1280000.0,1280000.0,1260000.0,1262000.0,21964.0
2019-10-15 00:00:00+09:00,1276000.0,1290000.0,1270000.0,1289000.0,26427.0
2019-10-16 00:00:00+09:00,1285000.0,1292000.0,1274000.0,1286000.0,20932.0
2019-10-17 00:00:00+09:00,1290000.0,1298000.0,1272000.0,1275000.0,20010.0
2019-10-18 00:00:00+09:00,1278000.0,1284000.0,1267000.0,1271000.0,17577.0
2019-10-21 00:00:00+09:00,1279000.0,1279000.0,1252000.0,1255000.0,22912.0
2019-10-22 00:00:00+09:00,1266000.0,1279000.0,1260000.0,1275000.0,27219.0
2019-10-23 00:00:00+09:00,1280000.0,1280000.0,1270000.0,1277000.0,21836.0
2019-10-24 00:00:00+09:00,1277000.0,1314000.0,1270000.0,1302000.0,48519.0
2019-10-25 00:00:00+09:00,1306000.0,1309000.0,1249000.0,1254000.0,61269.0
2019-10-28 00:00:00+09:00,1254000.0,1256000.0,1239000.0,1246000.0,39543.0
2019-10-29 00:00:00+09:00,1246000.0,1253000.0,1215000.0,1224000.0,46230.0
2019-10-30 00:00:00+09:00,1221000.0,1261000.0,1216000.0,1247000.0,42050.0
2019-10-31 00:00:00+09:00,1249000.0,1274000.0,1248000.0,1261000.0,39732.0
2019-11-01 00:00:00+09:00,1249000.0,1268000.0,1248000.0,1258000.0,26265.0
2019-11-04 00:00:00+09:00,1255000.0,1266000.0,1247000.0,1260000.0,31639.0
2019-11-05 00:00:00+09:00,1260000.0,1262000.0,1244000.0,1258000.0,37913.0
2019-11-06 00:00:00+09:00,1256000.0,1265000.0,1245000.0,1250000.0,33100.0
2019-11-07 00:00:00+09:00,1251000.0,1254000.0,1242000.0,1249000.0,19611.0
2019-11-08 00:00:00+09:00,1252000.0,1262000.0,1244000.0,1253000.0,28241.0
2019-11-11 00:00:00+09:00,1254000.0,1254000.0,1216000.0,1216000.0,51084.0
2019-11-12 00:00:00+09:00,1228000.0,1230000.0,1216000.0,1227000.0,21019.0
2019-11-13 00:00:00+09:00,1218000.0,1221000.0,1209000.0,1210000.0,24081.0
2019-11-14 00:00:00+09:00,1222000.0,1236000.0,1219000.0,1231000.0,45395.0
2019-11-15 00:00:00+09:00,1225000.0,1235000.0,1224000.0,1233000.0,23087.0
2019-11-18 00:00:00+09:00,1229000.0,1233000.0,1218000.0,1226000.0,25243.0
2019-11-19 00:00:00+09:00,1210000.0,1223000.0,1202000.0,1215000.0,31359.0
2019-11-20 00:00:00+09:00,1205000.0,1217000.0,1202000.0,1213000.0,30605.0
2019-11-21 00:00:00+09:00,1213000.0,1240000.0,1213000.0,1233000.0,42375.0
2019-11-22 00:00:00+09:00,1250000.0,1262000.0,1237000.0,1261000.0,39159.0
2019-11-25 00:00:00+09:00,1260000.0,1274000.0,1252000.0,1271000.0,32800.0
2019-11-26 00:00:00+09:00,1271000.0,1279000.0,1259000.0,1275000.0,62248.0
2019-11-27 00:00:00+09:00,1288000.0,1289000.0,1272000.0,1276000.0,18555.0
2019-11-28 00:00:00+09:00,1276000.0,1292000.0,1264000.0,1290000.0,22331.0
2019-11-29 00:00:00+09:00,1294000.0,1304000.0,1260000.0,1265000.0,30107.0
2019-12-02 00:00:00+09:00,1273000.0,1289000.0,1249000.0,1258000.0,25534.0
2019-12-03 00:00:00+09:00,1258000.0,1266000.0,1247000.0,1266000.0,17348.0
2019-12-04 00:00:00+09:00,1242000.0,1265000.0,1242000.0,1260000.0,17301.0
2019-12-05 00:00:00+09:00,1252000.0,1267000.0,1243000.0,1249000.0,19348.0
2019-12-06 00:00:00+09:00,1262000.0,1267000.0,1255000.0,1267000.0,16278.0
2019-12-09 00:00:00+09:00,1262000.0,1277000.0,1250000.0,1267000.0,23518.0
2019-12-10 00:00:00+09:00,1268000.0,1273000.0,1261000.0,1265000.0,17458.0
2019-12-11 00:00:00+09:00,1266000.0,1266000.0,1248000.0,1255000.0,27959.0
2019-12-12 00:00:00+09:00,1253000.0,1277000.0,1251000.0,1277000.0,45147.0
2019-12-13 00:00:00+09:00,1273000.0,1273000.0,1224000.0,1246000.0,69877.0
2019-12-16 00:00:00+09:00,1250000.0,1275000.0,1246000.0,1272000.0,46014.0
2019-12-17 00:00:00+09:00,1278000.0,1282000.0,1270000.0,1279000.0,28672.0
2019-12-18 00:00:00+09:00,1280000.0,1288000.0,1265000.0,1269000.0,23207.0
2019-12-19 00:00:00+09:00,1255000.0,1269000.0,1255000.0,1266000.0,21073.0
2019-12-20 00:00:00+09:00,1271000.0,1277000.0,1260000.0,1273000.0,28045.0
2019-12-23 00:00:00+09:00,1272000.0,1273000.0,1257000.0,1262000.0,19108.0
2019-12-24 00:00:00+09:00,1264000.0,1267000.0,1256000.0,1259000.0,13327.0
2019-12-26 00:00:00+09:00,1264000.0,1264000.0,1248000.0,1257000.0,13947.0
2019-12-27 00:00:00+09:00,1250000.0,1263000.0,1243000.0,1258000.0,21526.0
2019-12-30 00:00:00+09:00,1257000.0,1265000.0,1255000.0,1261000.0,14787.0
2020-01-02 00:00:00+09:00,1254000.0,1272000.0,1249000.0,1266000.0,24426.0
2020-01-03 00:00:00+09:00,1273000.0,1282000.0,1259000.0,1263000.0,29170.0
2020-01-06 00:00:00+09:00,1252000.0,1269000.0,1249000.0,1249000.0,19929.0
2020-01-07 00:00:00+09:00,1262000.0,1347000.0,1251000.0,1343000.0,62787.0
2020-01-08 00:00:00+09:00,1314000.0,1350000.0,1313000.0,1345000.0,43472.0
2020-01-09 00:00:00+09:00,1332000.0,1351000.0,1324000.0,1324000.0,41494.0
2020-01-10 00:00:00+09:00,1316000.0,1355000.0,1316000.0,1343000.0,22346.0
2020-01-13 00:00:00+09:00,1344000.0,1425000.0,1343000.0,1404000.0,49449.0
2020-01-14 00:00:00+09:00,1446000.0,1446000.0,1402000.0,1411000.0,47813.0
2020-01-15 00:00:00+09:00,1401000.0,1425000.0,1395000.0,1422000.0,42809.0
2020-01-16 00:00:00+09:00,1420000.0,1422000.0,1402000.0,1405000.0,33389.0
2020-01-17 00:00:00+09:00,1406000.0,1423000.0,1402000.0,1406000.0,35291.0
2020-01-20 00:00:00+09:00,1407000.0,1423000.0,1377000.0,1387000.0,45475.0
2020-01-21 00:00:00+09:00,1386000.0,1397000.0,1340000.0,1343000.0,50018.0
2020-01-22 00:00:00+09:00,1355000.0,1368000.0,1352000.0,1368000.0,39024.0
2020-01-23 00:00:00+09:00,1351000.0,1364000.0,1334000.0,1349000.0,50508.0
2020-01-28 00:00:00+09:00,1302000.0,1309000.0,1252000.0,1253000.0,98803.0
2020-01-29 00:00:00+09:00,1287000.0,1317000.0,1262000.0,1296000.0,132198.0
2020-01-30 00:00:00+09:00,1294000.0,1296000.0,1258000.0,1262000.0,72600.0
2020-01-31 00:00:00+09:00,1275000.0,1278000.0,1256000.0,1258000.0,50358.0
2020-02-03 00:00:00+09:00,1249000.0,1256000.0,1230000.0,1250000.0,47434.0
2020-02-04 00:00:00+09:00,1257000.0,1274000.0,1245000.0,1269000.0,44714.0
2020-02-05 00:00:00+09:00,1271000.0,1305000.0,1270000.0,1302000.0,58788.0
2020-02-06 00:00:00+09:00,1334000.0,1358000.0,1311000.0,1354000.0,69729.0
2020-02-07 00:00:00+09:00,1354000.0,1363000.0,1337000.0,1352000.0,58273.0
2020-02-10 00:00:00+09:00,1342000.0,1357000.0,1341000.0,1356000.0,31814.0
2020-02-11 00:00:00+09:00,1382000.0,1385000.0,1365000.0,1382000.0,36979.0
2020-02-12 00:00:00+09:00,1382000.0,1399000.0,1371000.0,1398000.0,41677.0
2020-02-13 00:00:00+09:00,1404000.0,1410000.0,1394000.0,1403000.0,42792.0
2020-02-14 00:00:00+09:00,1402000.0,1406000.0,1386000.0,1389000.0,42012.0
2020-02-17 00:00:00+09:00,1389000.0,1409000.0,1385000.0,1397000.0,27878.0
2020-02-18 00:00:00+09:00,1388000.0,1403000.0,1380000.0,1390000.0,34561.0
2020-02-19 00:00:00+09:00,1412000.0,1415000.0,1390000.0,1410000.0,26329.0
2020-02-20 00:00:00+09:00,1419000.0,1426000.0,1366000.0,1372000.0,58831.0
2020-02-21 00:00:00+09:00,1373000.0,1385000.0,1350000.0,1364000.0,48179.0
2020-02-24 00:00:00+09:00,1323000.0,1330000.0,1275000.0,1278000.0,67766.0
2020-02-25 00:00:00+09:00,1290000.0,1309000.0,1289000.0,1294000.0,61641.0
2020-02-26 00:00:00+09:00,1269000.0,1291000.0,1262000.0,1277000.0,54650.0
2020-02-27 00:00:00+09:00,1267000.0,1284000.0,1241000.0,1246000.0,62741.0
2020-02-28 00:00:00+09:00,1244000.0,1258000.0,1206000.0,1221000.0,69915.0
2020-03-02 00:00:00+09:00,1235000.0,1237000.0,1205000.0,1210000.0,71043.0
2020-03-03 00:00:00+09:00,1240000.0,1250000.0,1224000.0,1232000.0,76694.0
2020-03-04 00:00:00+09:00,1244000.0,1282000.0,1239000.0,1269000.0,54284.0
2020-03-05 00:00:00+09:00,1289000.0,1307000.0,1282000.0,1298000.0,52229.0
2020-03-06 00:00:00+09:00,1290000.0,1292000.0,1277000.0,1284000.0,41595.0
2020-03-09 00:00:00+09:00,1270000.0,1270000.0,1235000.0,1251000.0,50860.0
2020-03-10 00:00:00+09:00,1241000.0,1264000.0,1230000.0,1255000.0,48845.0
2020-03-11 00:00:00+09:00,1250000.0,1257000.0,1212000.0,1218000.0,45214.0
2020-03-12 00:00:00+09:00,1216000.0,1224000.0,1142000.0,1160000.0,89277.0
2020-03-13 00:00:00+09:00,1072000.0,1161000.0,1060000.0,1140000.0,119769.0
2020-03-16 00:00:00+09:00,1128000.0,1157000.0,1086000.0,1090000.0,66839.0
2020-03-17 00:00:00+09:00,1050000.0,1121000.0,1050000.0,1091000.0,97311.0
2020-03-18 00:00:00+09:00,1111000.0,1205000.0,1106000.0,1133000.0,119151.0
2020-03-19 00:00:00+09:00,1146000.0,1195000.0,1077000.0,1097000.0,94466.0
2020-03-20 00:00:00+09:00,1140000.0,1180000.0,1097000.0,1110000.0,79664.0
2020-03-23 00:00:00+09:00,1066000.0,1090000.0,1045000.0,1066000.0,75697.0
2020-03-24 00:00:00+09:00,1108000.0,1150000.0,1061000.0,1144000.0,69628.0
2020-03-25 00:00:00+09:00,1155000.0,1157000.0,1105000.0,1120000.0,92747.0
2020-03-26 00:00:00+09:00,1116000.0,1123000.0,1091000.0,1091000.0,82915.0
2020-03-27 00:00:00+09:00,1127000.0,1128000.0,1092000.0,1109000.0,65208.0
2020-03-30 00:00:00+09:00,1070000.0,1108000.0,1070000.0,1100000.0,51265.0
2020-03-31 00:00:00+09:00,1118000.0,1123000.0,1096000.0,1120000.0,53853.0
2020-04-01 00:00:00+09:00,1120000.0,1120000.0,1071000.0,1071000.0,66300.0
2020-04-02 00:00:00+09:00,1090000.0,1138000.0,1074000.0,1135000.0,56498.0
2020-04-03 00:00:00+09:00,1140000.0,1166000.0,1122000.0,1164000.0,48374.0
2020-04-06 00:00:00+09:00,1176000.0,1237000.0,1174000.0,1223000.0,60263.0
2020-04-07 00:00:00+09:00,1224000.0,1227000.0,1190000.0,1223000.0,60943.0
2020-04-08 00:00:00+09:00,1202000.0,1229000.0,1198000.0,1211000.0,36450.0
2020-04-09 00:00:00+09:00,1220000.0,1255000.0,1205000.0,1255000.0,37474.0
2020-04-10 00:00:00+09:00,1226000.0,1235000.0,1201000.0,1215000.0,38315.0
2020-04-13 00:00:00+09:00,1210000.0,1214000.0,1195000.0,1197000.0,26824.0
2020-04-14 00:00:00+09:00,1204000.0,1217000.0,1198000.0,1200000.0,37782.0
2020-04-16 00:00:00+09:00,1166000.0,1206000.0,1166000.0,1191000.0,52827.0
2020-04-17 00:00:00+09:00,1209000.0,1257000.0,1207000.0,1249000.0,62084.0
2020-04-20 00:00:00+09:00,1225000.0,1273000.0,1224000.0,1262000.0,61136.0
2020-04-21 00:00:00+09:00,1262000.0,1310000.0,1228000.0,1299000.0,97720.0
2020-04-22 00:00:00+09:00,1297000.0,1339000.0,1284000.0,1337000.0,72655.0
2020-04-23 00:00:00+09:00,1368000.0,1444000.0,1330000.0,1444000.0,148170.0
2020-04-24 00:00:00+09:00,1424000.0,1444000.0,1406000.0,1434000.0,75610.0
2020-04-27 00:00:00+09:00,1428000.0,1428000.0,1394000.0,1395000.0,44795.0
2020-04-28 00:00:00+09:00,1370000.0,1388000.0,1362000.0,1371000.0,56479.0
2020-04-29 00:00:00+09:00,1380000.0,1398000.0,1375000.0,1386000.0,38211.0
2020-05-04 00:00:00+09:00,1345000.0,1393000.0,1341000.0,1362000.0,46930.0
2020-05-06 00:00:00+09:00,1365000.0,1381000.0,1357000.0,1381000.0,38996.0
2020-05-07 00:00:00+09:00,1376000.0,1408000.0,1367000.0,1402000.0,41840.0
2020-05-08 00:00:00+09:00,1405000.0,1425000.0,1404000.0,1420000.0,45632.0
2020-05-11 00:00:00+09:00,1414000.0,1439000.0,1412000.0,1436000.0,31434.0
2020-05-12 00:00:00+09:00,1444000.0,1444000.0,1419000.0,1419000.0,35531.0
2020-05-13 00:00:00+09:00,1419000.0,1442000.0,1413000.0,1437000.0,30396.0
2020-05-14 00:00:00+09:00,1456000.0,1457000.0,1408000.0,1455000.0,40839.0
2020-05-15 00:00:00+09:00,1456000.0,1475000.0,1441000.0,1475000.0,29592.0
2020-05-18 00:00:00+09:00,1489000.0,1490000.0,1430000.0,1437000.0,31969.0
2020-05-19 00:00:00+09:00,1443000.0,1448000.0,1417000.0,1417000.0,31604.0
2020-05-20 00:00:00+09:00,1438000.0,1438000.0,1409000.0,1416000.0,30145.0
2020-05-21 00:00:00+09:00,1404000.0,1420000.0,1388000.0,1412000.0,55863.0
2020-05-22 00:00:00+09:00,1429000.0,1430000.0,1396000.0,1397000.0,24947.0
2020-05-25 00:00:00+09:00,1413000.0,1414000.0,1385000.0,1400000.0,28841.0
2020-05-26 00:00:00+09:00,1408000.0,1414000.0,1392000.0,1400000.0,23917.0
2020-05-27 00:00:00+09:00,1387000.0,1402000.0,1386000.0,1390000.0,28837.0
2020-05-28 00:00:00+09:00,1386000.0,1394000.0,1380000.0,1385000.0,33510.0
2020-05-29 00:00:00+09:00,1394000.0,1394000.0,1370000.0,1370000.0,54088.0
2020-06-01 00:00:00+09:00,1359000.0,1367000.0,1347000.0,1363000.0,42182.0
2020-06-02 00:00:00+09:00,1364000.0,1375000.0,1363000.0,1370000.0,31065.0
2020-06-03 00:00:00+09:00,1370000.0,1390000.0,1368000.0,1387000.0,48995.0
2020-06-04 00:00:00+09:00,1383000.0,1415000.0,1376000.0,1403000.0,63330.0
2020-06-05 00:00:00+09:00,1404000.0,1411000.0,1397000.0,1401000.0,33992.0
2020-06-08 00:00:00+09:00,1415000.0,1415000.0,1379000.0,1379000.0,37072.0
2020-06-09 00:00:00+09:00,1380000.0,1389000.0,1366000.0,1374000.0,32971.0
2020-06-10 00:00:00+09:00,1374000.0,1377000.0,1366000.0,1371000.0,28627.0
2020-06-11 00:00:00+09:00,1360000.0,1374000.0,1338000.0,1360000.0,56280.0
2020-06-12 00:00:00+09:00,1350000.0,1350000.0,1324000.0,1325000.0,37370.0
2020-06-15 00:00:00+09:00,1303000.0,1312000.0,1263000.0,1270000.0,47831.0
2020-06-16 00:00:00+09:00,1272000.0,1308000.0,1272000.0,1300000.0,34637.0
2020-06-17 00:00:00+09:00,1298000.0,1302000.0,1280000.0,1288000.0,41485.0
2020-06-18 00:00:00+09:00,1280000.0,1288000.0,1274000.0,1274000.0,38772.0
2020-06-19 00:00:00+09:00,1276000.0,1287000.0,1257000.0,1287000.0,49256.0
2020-06-22 00:00:00+09:00,1271000.0,1285000.0,1264000.0,1264000.0,46210.0
2020-06-23 00:00:00+09:00,1275000.0,1323000.0,1268000.0,1321000.0,52597.0
2020-06-24 00:00:00+09:00,1305000.0,1351000.0,1304000.0,1345000.0,35176.0
2020-06-25 00:00:00+09:00,1338000.0,1338000.0,1277000.0,1277000.0,45849.0
2020-06-26 00:00:00+09:00,1306000.0,1340000.0,1299000.0,1337000.0,48453.0
2020-06-29 00:00:00+09:00,1314000.0,1323000.0,1295000.0,1300000.0,24018.0
2020-06-30 00:00:00+09:00,1317000.0,1370000.0,1304000.0,1346000.0,76009.0
2020-07-01 00:00:00+09:00,1340000.0,1355000.0,1302000.0,1326000.0,34636.0
2020-07-02 00:00:00+09:00,1335000.0,1379000.0,1330000.0,1379000.0,42001.0
2020-07-03 00:00:00+09:00,1377000.0,1389000.0,1357000.0,1380000.0,41681.0
2020-07-06 00:00:00+09:00,1378000.0,1378000.0,1355000.0,1356000.0,33829.0
2020-07-07 00:00:00+09:00,1377000.0,1380000.0,1326000.0,1348000.0,50630.0
2020-07-08 00:00:00+09:00,1321000.0,1342000.0,1315000.0,1317000.0,41906.0
2020-07-09 00:00:00+09:00,1317000.0,1331000.0,1307000.0,1307000.0,43377.0
2020-07-10 00:00:00+09:00,1307000.0,1312000.0,1288000.0,1295000.0,27608.0
2020-07-13 00:00:00+09:00,1316000.0,1316000.0,1298000.0,1300000.0,20748.0
2020-07-14 00:00:00+09:00,1319000.0,1343000.0,1302000.0,1340000.0,42225.0
2020-07-15 00:00:00+09:00,1356000.0,1360000.0,1336000.0,1350000.0,38328.0
2020-07-16 00:00:00+09:00,1331000.0,1357000.0,1330000.0,1339000.0,25129.0
2020-07-17 00:00:00+09:00,1357000.0,1357000.0,1340000.0,1345000.0,22386.0
2020-07-20 00:00:00+09:00,1351000.0,1353000.0,1311000.0,1321000.0,20409.0
2020-07-21 00:00:00+09:00,1319000.0,1400000.0,1316000.0,1385000.0,77971.0
2020-07-22 00:00:00+09:00,1385000.0,1397000.0,1363000.0,1383000.0,32388.0
2020-07-23 00:00:00+09:00,1384000.0,1414000.0,1325000.0,1341000.0,100071.0
2020-07-24 00:00:00+09:00,1341000.0,1341000.0,1306000.0,1323000.0,50471.0
2020-07-27 00:00:00+09:00,1323000.0,1348000.0,1317000.0,1346000.0,24832.0
2020-07-28 00:00:00+09:00,1335000.0,1352000.0,1325000.0,1350000.0,37319.0
2020-07-29 00:00:00+09:00,1341000.0,1397000.0,1340000.0,1390000.0,56276.0
2020-07-30 00:00:00+09:00,1391000.0,1414000.0,1382000.0,1385000.0,31061.0
2020-07-31 00:00:00+09:00,1400000.0,1400000.0,1370000.0,1371000.0,27006.0
2020-08-03 00:00:00+09:00,1366000.0,1377000.0,1348000.0,1350000.0,39951.0
2020-08-04 00:00:00+09:00,1350000.0,1368000.0,1343000.0,1354000.0,27230.0
2020-08-05 00:00:00+09:00,1358000.0,1399000.0,1358000.0,1364000.0,38836.0
2020-08-06 00:00:00+09:00,1385000.0,1390000.0,1367000.0,1385000.0,26783.0
2020-08-07 00:00:00+09:00,1395000.0,1432000.0,1388000.0,1432000.0,65788.0
2020-08-10 00:00:00+09:00,1411000.0,1446000.0,1405000.0,1445000.0,36558.0
2020-08-11 00:00:00+09:00,1455000.0,1600000.0,1452000.0,1573000.0,93232.0
2020-08-12 00:00:00+09:00,1569000.0,1596000.0,1541000.0,1548000.0,34961.0
2020-08-13 00:00:00+09:00,1548000.0,1600000.0,1525000.0,1560000.0,43833.0
2020-08-14 00:00:00+09:00,1572000.0,1593000.0,1543000.0,1565000.0,26191.0
2020-08-18 00:00:00+09:00,1595000.0,1596000.0,1499000.0,1500000.0,50554.0
2020-08-19 00:00:00+09:00,1475000.0,1544000.0,1472000.0,1519000.0,33302.0
2020-08-20 00:00:00+09:00,1502000.0,1535000.0,1493000.0,1500000.0,36587.0
2020-08-21 00:00:00+09:00,1506000.0,1596000.0,1506000.0,1563000.0,36757.0
2020-08-24 00:00:00+09:00,1585000.0,1600000.0,1537000.0,1543000.0,25732.0
2020-08-25 00:00:00+09:00,1544000.0,1556000.0,1536000.0,1539000.0,19954.0
2020-08-26 00:00:00+09:00,1531000.0,1531000.0,1500000.0,1517000.0,42308.0
2020-08-27 00:00:00+09:00,1500000.0,1516000.0,1497000.0,1499000.0,21958.0
2020-08-28 00:00:00+09:00,1515000.0,1518000.0,1497000.0,1509000.0,26011.0
2020-08-31 00:00:00+09:00,1509000.0,1525000.0,1473000.0,1473000.0,36969.0
2020-09-01 00:00:00+09:00,1495000.0,1514000.0,1488000.0,1513000.0,29672.0
2020-09-02 00:00:00+09:00,1510000.0,1513000.0,1480000.0,1499000.0,25102.0
2020-09-03 00:00:00+09:00,1485000.0,1506000.0,1483000.0,1483000.0,20737.0
2020-09-04 00:00:00+09:00,1482000.0,1483000.0,1445000.0,1453000.0,32181.0
2020-09-07 00:00:00+09:00,1436000.0,1476000.0,1436000.0,1475000.0,22370.0
2020-09-08 00:00:00+09:00,1478000.0,1493000.0,1465000.0,1493000.0,22557.0
2020-09-09 00:00:00+09:00,1510000.0,1513000.0,1480000.0,1510000.0,36196.0
2020-09-10 00:00:00+09:00,1511000.0,1539000.0,1496000.0,1527000.0,34347.0
2020-09-11 00:00:00+09:00,1523000.0,1542000.0,1509000.0,1518000.0,26302.0
2020-09-14 00:00:00+09:00,1521000.0,1531000.0,1505000.0,1519000.0,18782.0
2020-09-15 00:00:00+09:00,1501000.0,1534000.0,1500000.0,1533000.0,20656.0
2020-09-16 00:00:00+09:00,1513000.0,1535000.0,1506000.0,1506000.0,16229.0
2020-09-17 00:00:00+09:00,1506000.0,1511000.0,1486000.0,1508000.0,18622.0
2020-09-18 00:00:00+09:00,1518000.0,1523000.0,1501000.0,1516000.0,29963.0
2020-09-21 00:00:00+09:00,1502000.0,1517000.0,1491000.0,1497000.0,16592.0
2020-09-22 00:00:00+09:00,1516000.0,1517000.0,1461000.0,1473000.0,22655.0
2020-09-23 00:00:00+09:00,1451000.0,1481000.0,1450000.0,1455000.0,23970.0
2020-09-24 00:00:00+09:00,1454000.0,1455000.0,1417000.0,1418000.0,25119.0
2020-09-25 00:00:00+09:00,1445000.0,1445000.0,1419000.0,1419000.0,15061.0
2020-09-28 00:00:00+09:00,1429000.0,1470000.0,1419000.0,1469000.0,22430.0
2020-09-29 00:00:00+09:00,1488000.0,1488000.0,1448000.0,1448000.0,29073.0
2020-10-05 00:00:00+09:00,1455000.0,1515000.0,1454000.0,1499000.0,37143.0
2020-10-06 00:00:00+09:00,1508000.0,1525000.0,1495000.0,1500000.0,18373.0
2020-10-07 00:00:00+09:00,1514000.0,1518000.0,1490000.0,1513000.0,19124.0
2020-10-08 00:00:00+09:00,1536000.0,1540000.0,1514000.0,1540000.0,32935.0
2020-10-12 00:00:00+09:00,1560000.0,1598000.0,1541000.0,1585000.0,31235.0
2020-10-13 00:00:00+09:00,1593000.0,1593000.0,1548000.0,1548000.0,25353.0
2020-10-14 00:00:00+09:00,1541000.0,1546000.0,1511000.0,1546000.0,23585.0
2020-10-15 00:00:00+09:00,1550000.0,1569000.0,1520000.0,1569000.0,26730.0
2020-10-16 00:00:00+09:00,1568000.0,1588000.0,1552000.0,1571000.0,26034.0
2020-10-19 00:00:00+09:00,1585000.0,1587000.0,1555000.0,1562000.0,29547.0
2020-10-20 00:00:00+09:00,1571000.0,1577000.0,1547000.0,1547000.0,18165.0
2020-10-21 00:00:00+09:00,1548000.0,1566000.0,1539000.0,1551000.0,20458.0
2020-10-22 00:00:00+09:00,1549000.0,1551000.0,1497000.0,1539000.0,34458.0
2020-10-23 00:00:00+09:00,1544000.0,1562000.0,1524000.0,1539000.0,26952.0
2020-10-26 00:00:00+09:00,1539000.0,1542000.0,1507000.0,1515000.0,18435.0
2020-10-27 00:00:00+09:00,1503000.0,1543000.0,1495000.0,1543000.0,43164.0
2020-10-28 00:00:00+09:00,1518000.0,1538000.0,1512000.0,1524000.0,18950.0
2020-10-29 00:00:00+09:00,1521000.0,1522000.0,1496000.0,1507000.0,23582.0
2020-10-30 00:00:00+09:00,1508000.0,1516000.0,1495000.0,1500000.0,26906.0
2020-11-02 00:00:00+09:00,1515000.0,1533000.0,1490000.0,1531000.0,19283.0
2020-11-03 00:00:00+09:00,1515000.0,1533000.0,1512000.0,1517000.0,22826.0
2020-11-04 00:00:00+09:00,1520000.0,1527000.0,1505000.0,1505000.0,29280.0
2020-11-05 00:00:00+09:00,1506000.0,1530000.0,1495000.0,1530000.0,34779.0
2020-11-06 00:00:00+09:00,1518000.0,1535000.0,1517000.0,1526000.0,19413.0
2020-11-09 00:00:00+09:00,1517000.0,1534000.0,1517000.0,1527000.0,21957.0
2020-11-10 00:00:00+09:00,1543000.0,1543000.0,1511000.0,1529000.0,31661.0
2020-11-11 00:00:00+09:00,1523000.0,1575000.0,1523000.0,1571000.0,41690.0
2020-11-12 00:00:00+09:00,1570000.0,1648000.0,1554000.0,1607000.0,57493.0
2020-11-13 00:00:00+09:00,1608000.0,1620000.0,1560000.0,1576000.0,26507.0
2020-11-16 00:00:00+09:00,1577000.0,1589000.0,1558000.0,1562000.0,22394.0
2020-11-17 00:00:00+09:00,1543000.0,1574000.0,1540000.0,1542000.0,29583.0
2020-11-18 00:00:00+09:00,1536000.0,1562000.0,1521000.0,1538000.0,22769.0
2020-11-19 00:00:00+09:00,1538000.0,1546000.0,1525000.0,1532000.0,21900.0
2020-11-20 00:00:00+09:00,1540000.0,1570000.0,1532000.0,1564000.0,28759.0
2020-11-23 00:00:00+09:00,1578000.0,1583000.0,1556000.0,1565000.0,23028.0
2020-11-24 00:00:00+09:00,1566000.0,1580000.0,1544000.0,1544000.0,26626.0
2020-11-25 00:00:00+09:00,1543000.0,1564000.0,1540000.0,1548000.0,33981.0
2020-11-26 00:00:00+09:00,1548000.0,1567000.0,1536000.0,1537000.0,25153.0
2020-11-27 00:00:00+09:00,1536000.0,1542000.0,1531000.0,1533000.0,19023.0
2020-11-30 00:00:00+09:00,1532000.0,1541000.0,1514000.0,1514000.0,54725.0
2020-12-01 00:00:00+09:00,1534000.0,1538000.0,1515000.0,1538000.0,19516.0
2020-12-02 00:00:00+09:00,1552000.0,1552000.0,1525000.0,1541000.0,31085.0
2020-12-03 00:00:00+09:00,1525000.0,1539000.0,1525000.0,1527000.0,28777.0
2020-12-04 00:00:00+09:00,1528000.0,1535000.0,1522000.0,1522000.0,27133.0
2020-12-07 00:00:00+09:00,1521000.0,1560000.0,1518000.0,1553000.0,43578.0
2020-12-08 00:00:00+09:00,1558000.0,1561000.0,1539000.0,1547000.0,30797.0
2020-12-09 00:00:00+09:00,1536000.0,1561000.0,1535000.0,1555000.0,31450.0
2020-12-10 00:00:00+09:00,1565000.0,1565000.0,1531000.0,1531000.0,69151.0
2020-12-11 00:00:00+09:00,1545000.0,1609000.0,1540000.0,1571000.0,74962.0
2020-12-14 00:00:00+09:00,1618000.0,1618000.0,1578000.0,1590000.0,35478.0
2020-12-15 00:00:00+09:00,1600000.0,1600000.0,1577000.0,1593000.0,35063.0
2020-12-16 00:00:00+09:00,1618000.0,1649000.0,1602000.0,1649000.0,42755.0
2020-12-17 00:00:00+09:00,1645000.0,1647000.0,1605000.0,1614000.0,30428.0
2020-12-18 00:00:00+09:00,1612000.0,1629000.0,1601000.0,1611000.0,28103.0
2020-12-21 00:00:00+09:00,1632000.0,1641000.0,1601000.0,1630000.0,20002.0
2020-12-22 00:00:00+09:00,1613000.0,1639000.0,1606000.0,1606000.0,18079.0
2020-12-23 00:00:00+09:00,1618000.0,1625000.0,1601000.0,1611000.0,17966.0
2020-12-24 00:00:00+09:00,1613000.0,1629000.0,1603000.0,1625000.0,18308.0
2020-12-28 00:00:00+09:00,1625000.0,1638000.0,1610000.0,1638000.0,24302.0
2020-12-29 00:00:00+09:00,1621000.0,1631000.0,1605000.0,1619000.0,28411.0
2020-12-30 00:00:00+09:00,1626000.0,1628000.0,1607000.0,1620000.0,26149.0
2021-01-04 00:00:00+09:00,1604000.0,1633000.0,1600000.0,1612000.0,31432.0
2021-01-05 00:00:00+09:00,1613000.0,1622000.0,1595000.0,1610000.0,39957.0
2021-01-06 00:00:00+09:00,1601000.0,1622000.0,1590000.0,1590000.0,45979.0
2021-01-07 00:00:00+09:00,1608000.0,1622000.0,1593000.0,1609000.0,38959.0
2021-01-08 00:00:00+09:00,1609000.0,1638000.0,1606000.0,1638000.0,50703.0
2021-01-11 00:00:00+09:00,1622000.0,1624000.0,1598000.0,1602000.0,72138.0
2021-01-12 00:00:00+09:00,1614000.0,1614000.0,1540000.0,1560000.0,57656.0
2021-01-13 00:00:00+09:00,1567000.0,1598000.0,1560000.0,1598000.0,54253.0
2021-01-14 00:00:00+09:00,1562000.0,1607000.0,1561000.0,1596000.0,37275.0
2021-01-15 00:00:00+09:00,1612000.0,1631000.0,1580000.0,1580000.0,47772.0
2021-01-18 00:00:00+09:00,1589000.0,1594000.0,1537000.0,1539000.0,47323.0
2021-01-19 00:00:00+09:00,1557000.0,1564000.0,1539000.0,1551000.0,28217.0
2021-01-20 00:00:00+09:00,1578000.0,1578000.0,1547000.0,1554000.0,63150.0
2021-01-21 00:00:00+09:00,1558000.0,1563000.0,1542000.0,1545000.0,46203.0
2021-01-22 00:00:00+09:00,1545000.0,1578000.0,1545000.0,1562000.0,71651.0
2021-01-25 00:00:00+09:00,1584000.0,1680000.0,1580000.0,1676000.0,111499.0
2021-01-26 00:00:00+09:00,1692000.0,1706000.0,1611000.0,1626000.0,52449.0
2021-01-27 00:00:00+09:00,1644000.0,1666000.0,1575000.0,1602000.0,61445.0
2021-01-28 00:00:00+09:00,1593000.0,1594000.0,1570000.0,1589000.0,37379.0
2021-01-29 00:00:00+09:00,1578000.0,1586000.0,1557000.0,1557000.0,61506.0
2021-02-01 00:00:00+09:00,1576000.0,1600000.0,1558000.0,1564000.0,38722.0
2021-02-02 00:00:00+09:00,1585000.0,1613000.0,1568000.0,1599000.0,33801.0
2021-02-03 00:00:00+09:00,1629000.0,1643000.0,1609000.0,1632000.0,47277.0
2021-02-04 00:00:00+09:00,1646000.0,1646000.0,1611000.0,1623000.0,28699.0
2021-02-05 00:00:00+09:00,1624000.0,1639000.0,1617000.0,1626000.0,21503.0
2021-02-08 00:00:00+09:00,1649000.0,1683000.0,1627000.0,1656000.0,42880.0
2021-02-09 00:00:00+09:00,1642000.0,1670000.0,1642000.0,1652000.0,32784.0
2021-02-10 00:00:00+09:00,1676000.0,1676000.0,1650000.0,1672000.0,29213.0
2021-02-15 00:00:00+09:00,1688000.0,1698000.0,1673000.0,1680000.0,18692.0
2021-02-16 00:00:00+09:00,1664000.0,1674000.0,1625000.0,1627000.0,45309.0
2021-02-17 00:00:00+09:00,1628000.0,1635000.0,1601000.0,1616000.0,31041.0
2021-02-18 00:00:00+09:00,1633000.0,1633000.0,1596000.0,1596000.0,26378.0
2021-02-19 00:00:00+09:00,1618000.0,1618000.0,1575000.0,1600000.0,24438.0
2021-02-22 00:00:00+09:00,1620000.0,1620000.0,1561000.0,1561000.0,41640.0
2021-02-23 00:00:00+09:00,1565000.0,1592000.0,1560000.0,1585000.0,26126.0
2021-02-24 00:00:00+09:00,1592000.0,1598000.0,1555000.0,1558000.0,39934.0
2021-02-25 00:00:00+09:00,1556000.0,1577000.0,1544000.0,1567000.0,32677.0
2021-02-26 00:00:00+09:00,1566000.0,1571000.0,1510000.0,1513000.0,55612.0
2021-03-02 00:00:00+09:00,1536000.0,1549000.0,1500000.0,1505000.0,49539.0
2021-03-03 00:00:00+09:00,1519000.0,1521000.0,1490000.0,1507000.0,36039.0
2021-03-04 00:00:00+09:00,1482000.0,1496000.0,1468000.0,1496000.0,60305.0
2021-03-05 00:00:00+09:00,1490000.0,1511000.0,1470000.0,1511000.0,39195.0
2021-03-08 00:00:00+09:00,1530000.0,1545000.0,1511000.0,1515000.0,33518.0
2021-03-09 00:00:00+09:00,1541000.0,1544000.0,1483000.0,1504000.0,38603.0
2021-03-10 00:00:00+09:00,1504000.0,1515000.0,1496000.0,1504000.0,30282.0
2021-03-11 00:00:00+09:00,1514000.0,1550000.0,1495000.0,1550000.0,43760.0
2021-03-12 00:00:00+09:00,1560000.0,1571000.0,1535000.0,1571000.0,35135.0
2021-03-15 00:00:00+09:00,1576000.0,1581000.0,1551000.0,1580000.0,24591.0
2021-03-16 00:00:00+09:00,1584000.0,1585000.0,1565000.0,1573000.0,20318.0
2021-03-17 00:00:00+09:00,1571000.0,1574000.0,1534000.0,1560000.0,18141.0
2021-03-18 00:00:00+09:00,1561000.0,1579000.0,1544000.0,1550000.0,17816.0
2021-03-19 00:00:00+09:00,1535000.0,1538000.0,1510000.0,1518000.0,36971.0
2021-03-22 00:00:00+09:00,1518000.0,1528000.0,1501000.0,1503000.0,39621.0
2021-03-23 00:00:00+09:00,1518000.0,1518000.0,1500000.0,1505000.0,37113.0
2021-03-24 00:00:00+09:00,1512000.0,1547000.0,1498000.0,1541000.0,39690.0
2021-03-25 00:00:00+09:00,1549000.0,1550000.0,1525000.0,1545000.0,30542.0
2021-03-26 00:00:00+09:00,1557000.0,1557000.0,1521000.0,1524000.0,24304.0
2021-03-29 00:00:00+09:00,1542000.0,1542000.0,1522000.0,1530000.0,25197.0
2021-03-30 00:00:00+09:00,1545000.0,1589000.0,1533000.0,1589000.0,44386.0
2021-03-31 00:00:00+09:00,1597000.0,1597000.0,1570000.0,1570000.0,34293.0
2021-04-01 00:00:00+09:00,1570000.0,1588000.0,1562000.0,1578000.0,19512.0
2021-04-02 00:00:00+09:00,1587000.0,1588000.0,1569000.0,1570000.0,17681.0
2021-04-05 00:00:00+09:00,1545000.0,1570000.0,1541000.0,1551000.0,20837.0
2021-04-06 00:00:00+09:00,1553000.0,1568000.0,1547000.0,1561000.0,15305.0
2021-04-07 00:00:00+09:00,1552000.0,1562000.0,1547000.0,1549000.0,16212.0
2021-04-08 00:00:00+09:00,1542000.0,1588000.0,1533000.0,1585000.0,36760.0
2021-04-09 00:00:00+09:00,1588000.0,1590000.0,1560000.0,1566000.0,14083.0
2021-04-12 00:00:00+09:00,1564000.0,1576000.0,1557000.0,1564000.0,15400.0
2021-04-13 00:00:00+09:00,1581000.0,1581000.0,1561000.0,1563000.0,19332.0
2021-04-14 00:00:00+09:00,1575000.0,1575000.0,1556000.0,1565000.0,21160.0
2021-04-15 00:00:00+09:00,1567000.0,1567000.0,1555000.0,1561000.0,23286.0
2021-04-16 00:00:00+09:00,1562000.0,1570000.0,1555000.0,1560000.0,25377.0
2021-04-19 00:00:00+09:00,1553000.0,1574000.0,1551000.0,1558000.0,20803.0
2021-04-20 00:00:00+09:00,1561000.0,1573000.0,1560000.0,1571000.0,19369.0
2021-04-21 00:00:00+09:00,1569000.0,1573000.0,1544000.0,1544000.0,40145.0
2021-04-22 00:00:00+09:00,1544000.0,1555000.0,1524000.0,1526000.0,49811.0
2021-04-23 00:00:00+09:00,1539000.0,1605000.0,1534000.0,1598000.0,88636.0
2021-04-26 00:00:00+09:00,1598000.0,1600000.0,1578000.0,1593000.0,29873.0
2021-04-27 00:00:00+09:00,1601000.0,1601000.0,1560000.0,1570000.0,28797.0
2021-04-28 00:00:00+09:00,1556000.0,1564000.0,1543000.0,1550000.0,28129.0
2021-04-29 00:00:00+09:00,1558000.0,1570000.0,1528000.0,1531000.0,37948.0
2021-04-30 00:00:00+09:00,1541000.0,1560000.0,1533000.0,1539000.0,31519.0
2021-05-03 00:00:00+09:00,1561000.0,1568000.0,1545000.0,1565000.0,28960.0
2021-05-04 00:00:00+09:00,1568000.0,1581000.0,1548000.0,1570000.0,26619.0
2021-05-06 00:00:00+09:00,1570000.0,1581000.0,1554000.0,1581000.0,31049.0
2021-05-07 00:00:00+09:00,1574000.0,1588000.0,1568000.0,1571000.0,25226.0
2021-05-10 00:00:00+09:00,1577000.0,1593000.0,1562000.0,1593000.0,26962.0
2021-05-11 00:00:00+09:00,1596000.0,1596000.0,1557000.0,1561000.0,36517.0
2021-05-12 00:00:00+09:00,1556000.0,1560000.0,1522000.0,1530000.0,42804.0
2021-05-13 00:00:00+09:00,1525000.0,1539000.0,1516000.0,1519000.0,36979.0
2021-05-14 00:00:00+09:00,1521000.0,1530000.0,1515000.0,1521000.0,23542.0
2021-05-17 00:00:00+09:00,1521000.0,1529000.0,1511000.0,1518000.0,23640.0
2021-05-18 00:00:00+09:00,1534000.0,1536000.0,1518000.0,1518000.0,30246.0
2021-05-20 00:00:00+09:00,1518000.0,1532000.0,1515000.0,1517000.0,35435.0
2021-05-21 00:00:00+09:00,1519000.0,1529000.0,1502000.0,1507000.0,30881.0
2021-05-24 00:00:00+09:00,1509000.0,1518000.0,1500000.0,1505000.0,20380.0
2021-05-25 00:00:00+09:00,1506000.0,1515000.0,1501000.0,1508000.0,22644.0
2021-05-26 00:00:00+09:00,1516000.0,1562000.0,1511000.0,1556000.0,48948.0
2021-05-27 00:00:00+09:00,1550000.0,1562000.0,1518000.0,1518000.0,50227.0
2021-05-28 00:00:00+09:00,1524000.0,1544000.0,1523000.0,1530000.0,21571.0
2021-05-31 00:00:00+09:00,1549000.0,1567000.0,1534000.0,1559000.0,28996.0
2021-06-01 00:00:00+09:00,1556000.0,1560000.0,1533000.0,1539000.0,22256.0
2021-06-02 00:00:00+09:00,1532000.0,1539000.0,1521000.0,1528000.0,34604.0
2021-06-03 00:00:00+09:00,1523000.0,1529000.0,1518000.0,1521000.0,31419.0
2021-06-04 00:00:00+09:00,1514000.0,1532000.0,1514000.0,1529000.0,26779.0
2021-06-07 00:00:00+09:00,1538000.0,1538000.0,1519000.0,1535000.0,21889.0
2021-06-08 00:00:00+09:00,1526000.0,1537000.0,1522000.0,1522000.0,17057.0
2021-06-09 00:00:00+09:00,1518000.0,1528000.0,1516000.0,1517000.0,25680.0
2021-06-10 00:00:00+09:00,1515000.0,1532000.0,1515000.0,1532000.0,39075.0
2021-06-11 00:00:00+09:00,1533000.0,1547000.0,1522000.0,1545000.0,41479.0
2021-06-14 00:00:00+09:00,1545000.0,1546000.0,1535000.0,1546000.0,11192.0
2021-06-15 00:00:00+09:00,1553000.0,1570000.0,1541000.0,1570000.0,39147.0
2021-06-16 00:00:00+09:00,1590000.0,1675000.0,1583000.0,1675000.0,129392.0
2021-06-17 00:00:00+09:00,1675000.0,1701000.0,1642000.0,1665000.0,49972.0
2021-06-18 00:00:00+09:00,1688000.0,1714000.0,1673000.0,1701000.0,50697.0
2021-06-21 00:00:00+09:00,1697000.0,1726000.0,1683000.0,1714000.0,32937.0
2021-06-22 00:00:00+09:00,1723000.0,1728000.0,1700000.0,1720000.0,44147.0
2021-06-23 00:00:00+09:00,1720000.0,1727000.0,1710000.0,1721000.0,37166.0
2021-06-24 00:00:00+09:00,1741000.0,1777000.0,1726000.0,1755000.0,53092.0
2021-06-25 00:00:00+09:00,1755000.0,1781000.0,1746000.0,1763000.0,24354.0
2021-06-28 00:00:00+09:00,1757000.0,1770000.0,1735000.0,1750000.0,29470.0
2021-06-29 00:00:00+09:00,1757000.0,1773000.0,1751000.0,1757000.0,42468.0
2021-06-30 00:00:00+09:00,1760000.0,1770000.0,1756000.0,1762000.0,30728.0
2021-07-01 00:00:00+09:00,1770000.0,1784000.0,1750000.0,1770000.0,35712.0
2021-07-02 00:00:00+09:00,1741000.0,1779000.0,1721000.0,1729000.0,35414.0
2021-07-05 00:00:00+09:00,1746000.0,1758000.0,1729000.0,1741000.0,25594.0
2021-07-06 00:00:00+09:00,1755000.0,1773000.0,1742000.0,1755000.0,16869.0
2021-07-07 00:00:00+09:00,1770000.0,1777000.0,1740000.0,1743000.0,29494.0
2021-07-08 00:00:00+09:00,1750000.0,1763000.0,1745000.0,1763000.0,28416.0
2021-07-09 00:00:00+09:00,1750000.0,1765000.0,1703000.0,1720000.0,34778.0
2021-07-12 00:00:00+09:00,1721000.0,1732000.0,1711000.0,1726000.0,13592.0
2021-07-13 00:00:00+09:00,1738000.0,1748000.0,1728000.0,1737000.0,14264.0
2021-07-14 00:00:00+09:00,1697000.0,1737000.0,1696000.0,1703000.0,27865.0
2021-07-15 00:00:00+09:00,1714000.0,1714000.0,1695000.0,1699000.0,16577.0
2021-07-16 00:00:00+09:00,1695000.0,1715000.0,1693000.0,1713000.0,16940.0
2021-07-19 00:00:00+09:00,1713000.0,1720000.0,1700000.0,1711000.0,17714.0
2021-07-20 00:00:00+09:00,1717000.0,1718000.0,1695000.0,1698000.0,11035.0
2021-07-21 00:00:00+09:00,1686000.0,1704000.0,1671000.0,1690000.0,21358.0
2021-07-22 00:00:00+09:00,1700000.0,1722000.0,1606000.0,1627000.0,76936.0
2021-07-23 00:00:00+09:00,1591000.0,1592000.0,1527000.0,1527000.0,166903.0
2021-07-26 00:00:00+09:00,1518000.0,1522000.0,1480000.0,1480000.0,108477.0
2021-07-27 00:00:00+09:00,1489000.0,1502000.0,1473000.0,1476000.0,62087.0
2021-07-28 00:00:00+09:00,1470000.0,1495000.0,1468000.0,1495000.0,47294.0
2021-07-29 00:00:00+09:00,1496000.0,1503000.0,1483000.0,1490000.0,49448.0
2021-07-30 00:00:00+09:00,1481000.0,1481000.0,1458000.0,1459000.0,68301.0
2021-08-02 00:00:00+09:00,1462000.0,1469000.0,1441000.0,1453000.0,38478.0
2021-08-03 00:00:00+09:00,1454000.0,1464000.0,1446000.0,1452000.0,32131.0
2021-08-04 00:00:00+09:00,1450000.0,1482000.0,1445000.0,1470000.0,32359.0
2021-08-05 00:00:00+09:00,1480000.0,1481000.0,1465000.0,1467000.0,32841.0
2021-08-06 00:00:00+09:00,1468000.0,1469000.0,1455000.0,1458000.0,29317.0
2021-08-09 00:00:00+09:00,1451000.0,1456000.0,1441000.0,1452000.0,33483.0
2021-08-10 00:00:00+09:00,1460000.0,1460000.0,1431000.0,1433000.0,43218.0
2021-08-11 00:00:00+09:00,1432000.0,1433000.0,1417000.0,1417000.0,44021.0
2021-08-12 00:00:00+09:00,1426000.0,1437000.0,1417000.0,1421000.0,48335.0
2021-08-13 00:00:00+09:00,1441000.0,1445000.0,1425000.0,1444000.0,109037.0
2021-08-17 00:00:00+09:00,1440000.0,1459000.0,1440000.0,1459000.0,35906.0
2021-08-18 00:00:00+09:00,1462000.0,1466000.0,1445000.0,1447000.0,19842.0
2021-08-19 00:00:00+09:00,1463000.0,1464000.0,1433000.0,1437000.0,36733.0
2021-08-20 00:00:00+09:00,1437000.0,1454000.0,1411000.0,1414000.0,32248.0
2021-08-23 00:00:00+09:00,1434000.0,1435000.0,1416000.0,1416000.0,17341.0
2021-08-24 00:00:00+09:00,1438000.0,1458000.0,1425000.0,1450000.0,27045.0
2021-08-25 00:00:00+09:00,1441000.0,1455000.0,1432000.0,1441000.0,22413.0
2021-08-26 00:00:00+09:00,1418000.0,1435000.0,1407000.0,1411000.0,43733.0
2021-08-27 00:00:00+09:00,1415000.0,1426000.0,1409000.0,1421000.0,34875.0
2021-08-30 00:00:00+09:00,1425000.0,1433000.0,1415000.0,1424000.0,23171.0
2021-08-31 00:00:00+09:00,1425000.0,1462000.0,1415000.0,1461000.0,57376.0
2021-09-01 00:00:00+09:00,1466000.0,1468000.0,1442000.0,1462000.0,36822.0
2021-09-02 00:00:00+09:00,1461000.0,1474000.0,1450000.0,1473000.0,33326.0
2021-09-03 00:00:00+09:00,1474000.0,1474000.0,1443000.0,1444000.0,29624.0
2021-09-06 00:00:00+09:00,1442000.0,1450000.0,1427000.0,1433000.0,28689.0
2021-09-07 00:00:00+09:00,1434000.0,1453000.0,1433000.0,1453000.0,22317.0
2021-09-08 00:00:00+09:00,1427000.0,1445000.0,1405000.0,1408000.0,55024.0
2021-09-09 00:00:00+09:00,1408000.0,1409000.0,1367000.0,1374000.0,66731.0
2021-09-10 00:00:00+09:00,1375000.0,1393000.0,1362000.0,1387000.0,31169.0
2021-09-13 00:00:00+09:00,1377000.0,1385000.0,1372000.0,1378000.0,25250.0
2021-09-14 00:00:00+09:00,1364000.0,1391000.0,1358000.0,1386000.0,37192.0
2021-09-15 00:00:00+09:00,1411000.0,1416000.0,1390000.0,1393000.0,44351.0
2021-09-16 00:00:00+09:00,1395000.0,1402000.0,1379000.0,1383000.0,19653.0
2021-09-17 00:00:00+09:00,1369000.0,1376000.0,1356000.0,1358000.0,43710.0
2021-09-23 00:00:00+09:00,1340000.0,1341000.0,1316000.0,1337000.0,62906.0
2021-09-24 00:00:00+09:00,1337000.0,1346000.0,1325000.0,1339000.0,34066.0
2021-09-27 00:00:00+09:00,1328000.0,1350000.0,1328000.0,1347000.0,19682.0
2021-09-28 00:00:00+09:00,1345000.0,1352000.0,1335000.0,1343000.0,48946.0
2021-09-29 00:00:00+09:00,1345000.0,1346000.0,1319000.0,1333000.0,51091.0
2021-09-30 00:00:00+09:00,1322000.0,1339000.0,1320000.0,1337000.0,32875.0
2021-10-01 00:00:00+09:00,1337000.0,1349000.0,1321000.0,1331000.0,22422.0
2021-10-05 00:00:00+09:00,1316000.0,1354000.0,1316000.0,1346000.0,38091.0
2021-10-06 00:00:00+09:00,1350000.0,1356000.0,1322000.0,1327000.0,37636.0
2021-10-07 00:00:00+09:00,1353000.0,1389000.0,1336000.0,1380000.0,40821.0
2021-10-08 00:00:00+09:00,1363000.0,1391000.0,1363000.0,1384000.0,28047.0
2021-10-12 00:00:00+09:00,1389000.0,1389000.0,1330000.0,1336000.0,37035.0
2021-10-13 00:00:00+09:00,1336000.0,1355000.0,1331000.0,1340000.0,21840.0
2021-10-14 00:00:00+09:00,1353000.0,1357000.0,1334000.0,1354000.0,41276.0
2021-10-15 00:00:00+09:00,1355000.0,1375000.0,1347000.0,1372000.0,31209.0
2021-10-18 00:00:00+09:00,1372000.0,1377000.0,1340000.0,1345000.0,34452.0
2021-10-19 00:00:00+09:00,1362000.0,1374000.0,1346000.0,1370000.0,18621.0
2021-10-20 00:00:00+09:00,1390000.0,1400000.0,1375000.0,1390000.0,30609.0
2021-10-21 00:00:00+09:00,1406000.0,1406000.0,1385000.0,1387000.0,23358.0
2021-10-22 00:00:00+09:00,1400000.0,1400000.0,1359000.0,1365000.0,35940.0
2021-10-25 00:00:00+09:00,1365000.0,1389000.0,1356000.0,1383000.0,35523.0
2021-10-26 00:00:00+09:00,1376000.0,1385000.0,1314000.0,1331000.0,75550.0
2021-10-27 00:00:00+09:00,1319000.0,1319000.0,1218000.0,1221000.0,211778.0
2021-10-28 00:00:00+09:00,1200000.0,1212000.0,1172000.0,1182000.0,177113.0
2021-10-29 00:00:00+09:00,1183000.0,1194000.0,1168000.0,1171000.0,113703.0
2021-11-01 00:00:00+09:00,1170000.0,1200000.0,1155000.0,1200000.0,72133.0
2021-11-02 00:00:00+09:00,1208000.0,1230000.0,1201000.0,1217000.0,61723.0
2021-11-03 00:00:00+09:00,1230000.0,1235000.0,1214000.0,1231000.0,46936.0
2021-11-04 00:00:00+09:00,1255000.0,1255000.0,1237000.0,1239000.0,51023.0
2021-11-05 00:00:00+09:00,1239000.0,1252000.0,1216000.0,1229000.0,36765.0
2021-11-08 00:00:00+09:00,1225000.0,1235000.0,1209000.0,1225000.0,22404.0
2021-11-09 00:00:00+09:00,1235000.0,1239000.0,1213000.0,1219000.0,24750.0
2021-11-10 00:00:00+09:00,1210000.0,1217000.0,1190000.0,1191000.0,30573.0
2021-11-11 00:00:00+09:00,1180000.0,1197000.0,1174000.0,1191000.0,42515.0
2021-11-12 00:00:00+09:00,1204000.0,1230000.0,1196000.0,1215000.0,35230.0
2021-11-15 00:00:00+09:00,1238000.0,1238000.0,1205000.0,1205000.0,38554.0
2021-11-16 00:00:00+09:00,1206000.0,1228000.0,1202000.0,1219000.0,23177.0
2021-11-17 00:00:00+09:00,1229000.0,1229000.0,1196000.0,1198000.0,30887.0
2021-11-18 00:00:00+09:00,1188000.0,1195000.0,1181000.0,1181000.0,32511.0
2021-11-19 00:00:00+09:00,1182000.0,1188000.0,1168000.0,1172000.0,42741.0
2021-11-22 00:00:00+09:00,1168000.0,1178000.0,1159000.0,1170000.0,49202.0
2021-11-23 00:00:00+09:00,1160000.0,1176000.0,1160000.0,1166000.0,36147.0
2021-11-24 00:00:00+09:00,1160000.0,1172000.0,1158000.0,1163000.0,40030.0
2021-11-25 00:00:00+09:00,1165000.0,1181000.0,1158000.0,1169000.0,33380.0
2021-11-26 00:00:00+09:00,1161000.0,1163000.0,1137000.0,1142000.0,44910.0
2021-11-29 00:00:00+09:00,1115000.0,1135000.0,1113000.0,1113000.0,47416.0
2021-11-30 00:00:00+09:00,1111000.0,1119000.0,1054000.0,1054000.0,98918.0
2021-12-01 00:00:00+09:00,1059000.0,1106000.0,1058000.0,1098000.0,96932.0
2021-12-02 00:00:00+09:00,1099000.0,1167000.0,1099000.0,1162000.0,97130.0
2021-12-03 00:00:00+09:00,1171000.0,1179000.0,1151000.0,1167000.0,62080.0
2021-12-06 00:00:00+09:00,1174000.0,1195000.0,1160000.0,1177000.0,61860.0
2021-12-07 00:00:00+09:00,1192000.0,1195000.0,1169000.0,1183000.0,43564.0
2021-12-08 00:00:00+09:00,1177000.0,1181000.0,1154000.0,1162000.0,47623.0
2021-12-09 00:00:00+09:00,1162000.0,1185000.0,1162000.0,1172000.0,73883.0
2021-12-10 00:00:00+09:00,1172000.0,1176000.0,1161000.0,1165000.0,26639.0
2021-12-13 00:00:00+09:00,1170000.0,1174000.0,1150000.0,1153000.0,30165.0
2021-12-14 00:00:00+09:00,1154000.0,1163000.0,1144000.0,1153000.0,31414.0
2021-12-15 00:00:00+09:00,1153000.0,1166000.0,1153000.0,1160000.0,28869.0
2021-12-16 00:00:00+09:00,1160000.0,1165000.0,1130000.0,1135000.0,49572.0
2021-12-17 00:00:00+09:00,1139000.0,1143000.0,1128000.0,1142000.0,34623.0
2021-12-20 00:00:00+09:00,1125000.0,1135000.0,1114000.0,1120000.0,31222.0
2021-12-21 00:00:00+09:00,1132000.0,1136000.0,1115000.0,1116000.0,33664.0
2021-12-22 00:00:00+09:00,1117000.0,1128000.0,1102000.0,1114000.0,39415.0
2021-12-23 00:00:00+09:00,1120000.0,1121000.0,1110000.0,1118000.0,18683.0
2021-12-24 00:00:00+09:00,1127000.0,1137000.0,1120000.0,1122000.0,20809.0
2021-12-27 00:00:00+09:00,1114000.0,1135000.0,1113000.0,1132000.0,18556.0
2021-12-28 00:00:00+09:00,1126000.0,1135000.0,1122000.0,1132000.0,23844.0
2021-12-29 00:00:00+09:00,1121000.0,1128000.0,1110000.0,1111000.0,30125.0
2021-12-30 00:00:00+09:00,1107000.0,1107000.0,1094000.0,1097000.0,38343.0
2022-01-03 00:00:00+09:00,1109000.0,1109000.0,1093000.0,1104000.0,19072.0
2022-01-04 00:00:00+09:00,1093000.0,1115000.0,1093000.0,1102000.0,26830.0
2022-01-05 00:00:00+09:00,1093000.0,1100000.0,1060000.0,1075000.0,54996.0
2022-01-06 00:00:00+09:00,1078000.0,1097000.0,1072000.0,1087000.0,74364.0
2022-01-07 00:00:00+09:00,1101000.0,1110000.0,1086000.0,1104000.0,49583.0
2022-01-10 00:00:00+09:00,1041000.0,1044000.0,921000.0,956000.0,348732.0
2022-01-11 00:00:00+09:00,959000.0,965000.0,938000.0,948000.0,166701.0
2022-01-12 00:00:00+09:00,954000.0,962000.0,944000.0,949000.0,125705.0
2022-01-13 00:00:00+09:00,951000.0,992000.0,946000.0,975000.0,110300.0
2022-01-14 00:00:00+09:00,963000.0,983000.0,950000.0,974000.0,79380.0
2022-01-17 00:00:00+09:00,974000.0,985000.0,952000.0,957000.0,78119.0
2022-01-18 00:00:00+09:00,950000.0,968000.0,950000.0,953000.0,34257.0
2022-01-19 00:00:00+09:00,962000.0,962000.0,940000.0,955000.0,47717.0
2022-01-20 00:00:00+09:00,959000.0,972000.0,958000.0,969000.0,36380.0
2022-01-21 00:00:00+09:00,969000.0,999000.0,965000.0,990000.0,81706.0
2022-01-24 00:00:00+09:00,993000.0,994000.0,962000.0,969000.0,59193.0
2022-01-25 00:00:00+09:00,980000.0,980000.0,940000.0,952000.0,66583.0
2022-01-26 00:00:00+09:00,962000.0,963000.0,943000.0,959000.0,43667.0
2022-01-27 00:00:00+09:00,984000.0,984000.0,941000.0,948000.0,83770.0
2022-01-28 00:00:00+09:00,961000.0,989000.0,950000.0,975000.0,112236.0
2022-02-03 00:00:00+09:00,1013000.0,1013000.0,970000.0,970000.0,47308.0
2022-02-04 00:00:00+09:00,977000.0,987000.0,967000.0,986000.0,40989.0
2022-02-07 00:00:00+09:00,997000.0,997000.0,968000.0,970000.0,54414.0
2022-02-08 00:00:00+09:00,979000.0,996000.0,957000.0,964000.0,63177.0
2022-02-09 00:00:00+09:00,970000.0,979000.0,960000.0,968000.0,37368.0
2022-02-10 00:00:00+09:00,961000.0,979000.0,957000.0,974000.0,120038.0
2022-02-11 00:00:00+09:00,954000.0,969000.0,949000.0,952000.0,49958.0
2022-02-14 00:00:00+09:00,944000.0,950000.0,933000.0,950000.0,35759.0
2022-02-15 00:00:00+09:00,950000.0,986000.0,945000.0,975000.0,47521.0
2022-02-16 00:00:00+09:00,980000.0,981000.0,965000.0,975000.0,32483.0
2022-02-17 00:00:00+09:00,970000.0,1034000.0,970000.0,1028000.0,144342.0
2022-02-18 00:00:00+09:00,1027000.0,1045000.0,1018000.0,1040000.0,59738.0
2022-02-21 00:00:00+09:00,1025000.0,1035000.0,1012000.0,1019000.0,44175.0
2022-02-22 00:00:00+09:00,999000.0,1020000.0,999000.0,1007000.0,50046.0
2022-02-23 00:00:00+09:00,1009000.0,1013000.0,973000.0,975000.0,65009.0
2022-02-24 00:00:00+09:00,964000.0,971000.0,947000.0,956000.0,77787.0
2022-02-25 00:00:00+09:00,972000.0,974000.0,939000.0,942000.0,64179.0
2022-02-28 00:00:00+09:00,940000.0,951000.0,927000.0,950000.0,56800.0
2022-03-02 00:00:00+09:00,950000.0,963000.0,938000.0,940000.0,63021.0
2022-03-03 00:00:00+09:00,945000.0,959000.0,942000.0,959000.0,32954.0
2022-03-04 00:00:00+09:00,959000.0,969000.0,944000.0,950000.0,32534.0
2022-03-07 00:00:00+09:00,940000.0,962000.0,928000.0,951000.0,55782.0
2022-03-08 00:00:00+09:00,946000.0,956000.0,933000.0,933000.0,39323.0
2022-03-10 00:00:00+09:00,945000.0,950000.0,923000.0,936000.0,69683.0
2022-03-11 00:00:00+09:00,930000.0,933000.0,910000.0,911000.0,63971.0
2022-03-14 00:00:00+09:00,913000.0,914000.0,841000.0,841000.0,136361.0
2022-03-15 00:00:00+09:00,831000.0,850000.0,825000.0,832000.0,88546.0
2022-03-16 00:00:00+09:00,835000.0,850000.0,831000.0,838000.0,84467.0
2022-03-17 00:00:00+09:00,854000.0,873000.0,847000.0,863000.0,97824.0
2022-03-18 00:00:00+09:00,854000.0,859000.0,836000.0,838000.0,94391.0
2022-03-21 00:00:00+09:00,843000.0,859000.0,839000.0,850000.0,77009.0
2022-03-22 00:00:00+09:00,854000.0,866000.0,847000.0,866000.0,61541.0
2022-03-23 00:00:00+09:00,870000.0,876000.0,857000.0,862000.0,44339.0
2022-03-24 00:00:00+09:00,861000.0,865000.0,854000.0,865000.0,34722.0
2022-03-25 00:00:00+09:00,866000.0,867000.0,856000.0,867000.0,33780.0
2022-03-28 00:00:00+09:00,857000.0,863000.0,830000.0,835000.0,91054.0
2022-03-29 00:00:00+09:00,840000.0,866000.0,840000.0,859000.0,55619.0
2022-03-30 00:00:00+09:00,866000.0,867000.0,853000.0,863000.0,36938.0
2022-03-31 00:00:00+09:00,864000.0,872000.0,853000.0,858000.0,48259.0
2022-04-01 00:00:00+09:00,855000.0,898000.0,853000.0,896000.0,85755.0
2022-04-04 00:00:00+09:00,905000.0,905000.0,891000.0,904000.0,45107.0
2022-04-05 00:00:00+09:00,903000.0,921000.0,896000.0,909000.0,51769.0
2022-04-06 00:00:00+09:00,900000.0,919000.0,893000.0,895000.0,38192.0
2022-04-07 00:00:00+09:00,890000.0,892000.0,865000.0,865000.0,55015.0
2022-04-08 00:00:00+09:00,866000.0,871000.0,851000.0,868000.0,43696.0
2022-04-11 00:00:00+09:00,862000.0,890000.0,855000.0,881000.0,38546.0
2022-04-12 00:00:00+09:00,878000.0,885000.0,864000.0,882000.0,35342.0
2022-04-13 00:00:00+09:00,885000.0,895000.0,877000.0,890000.0,25919.0
2022-04-14 00:00:00+09:00,889000.0,895000.0,881000.0,894000.0,42468.0
2022-04-15 00:00:00+09:00,891000.0,892000.0,877000.0,877000.0,21712.0
2022-04-18 00:00:00+09:00,877000.0,915000.0,868000.0,903000.0,40421.0
2022-04-19 00:00:00+09:00,912000.0,913000.0,898000.0,903000.0,51077.0
2022-04-20 00:00:00+09:00,903000.0,936000.0,903000.0,921000.0,83513.0
2022-04-21 00:00:00+09:00,935000.0,953000.0,933000.0,942000.0,80706.0
2022-04-22 00:00:00+09:00,940000.0,940000.0,918000.0,930000.0,64201.0
2022-04-25 00:00:00+09:00,915000.0,915000.0,882000.0,883000.0,73266.0
2022-04-26 00:00:00+09:00,883000.0,897000.0,873000.0,896000.0,53674.0
2022-04-27 00:00:00+09:00,870000.0,894000.0,868000.0,891000.0,46021.0
2022-04-28 00:00:00+09:00,917000.0,933000.0,894000.0,906000.0,98339.0
2022-04-29 00:00:00+09:00,913000.0,925000.0,903000.0,909000.0,44179.0
2022-05-02 00:00:00+09:00,900000.0,919000.0,898000.0,911000.0,34439.0
2022-05-03 00:00:00+09:00,913000.0,913000.0,875000.0,876000.0,89088.0
2022-05-04 00:00:00+09:00,877000.0,877000.0,839000.0,845000.0,114630.0
2022-05-06 00:00:00+09:00,832000.0,835000.0,821000.0,825000.0,74904.0
2022-05-09 00:00:00+09:00,813000.0,815000.0,799000.0,800000.0,99559.0
2022-05-10 00:00:00+09:00,787000.0,809000.0,780000.0,807000.0,70071.0
2022-05-11 00:00:00+09:00,792000.0,822000.0,792000.0,811000.0,65141.0
2022-05-12 00:00:00+09:00,731000.0,741000.0,690000.0,691000.0,534499.0
2022-05-13 00:00:00+09:00,690000.0,697000.0,680000.0,694000.0,167736.0
2022-05-16 00:00:00+09:00,701000.0,702000.0,690000.0,692000.0,123662.0
2022-05-17 00:00:00+09:00,693000.0,699000.0,682000.0,684000.0,91142.0
2022-05-18 00:00:00+09:00,689000.0,692000.0,673000.0,677000.0,136183.0
2022-05-19 00:00:00+09:00,664000.0,676000.0,657000.0,668000.0,112107.0
2022-05-20 00:00:00+09:00,672000.0,689000.0,666000.0,685000.0,62118.0
2022-05-23 00:00:00+09:00,687000.0,710000.0,684000.0,703000.0,88232.0
2022-05-24 00:00:00+09:00,705000.0,711000.0,697000.0,705000.0,60341.0
2022-05-25 00:00:00+09:00,707000.0,712000.0,695000.0,708000.0,52807.0
2022-05-26 00:00:00+09:00,710000.0,722000.0,699000.0,704000.0,75145.0
2022-05-27 00:00:00+09:00,710000.0,714000.0,702000.0,713000.0,58631.0
2022-05-30 00:00:00+09:00,714000.0,728000.0,714000.0,720000.0,55085.0
2022-05-31 00:00:00+09:00,729000.0,739000.0,722000.0,734000.0,94345.0
2022-06-02 00:00:00+09:00,724000.0,728000.0,719000.0,723000.0,56745.0
2022-06-03 00:00:00+09:00,733000.0,738000.0,727000.0,734000.0,42313.0
2022-06-07 00:00:00+09:00,722000.0,731000.0,699000.0,700000.0,103319.0
2022-06-08 00:00:00+09:00,706000.0,706000.0,687000.0,697000.0,99236.0
2022-06-09 00:00:00+09:00,690000.0,692000.0,683000.0,685000.0,114405.0
2022-06-10 00:00:00+09:00,680000.0,680000.0,668000.0,672000.0,97733.0
2022-06-13 00:00:00+09:00,655000.0,669000.0,654000.0,665000.0,62962.0
2022-06-14 00:00:00+09:00,650000.0,660000.0,645000.0,651000.0,82905.0
2022-06-15 00:00:00+09:00,647000.0,651000.0,625000.0,633000.0,85265.0
2022-06-16 00:00:00+09:00,635000.0,641000.0,613000.0,614000.0,117096.0
2022-06-17 00:00:00+09:00,599000.0,623000.0,596000.0,622000.0,121573.0
2022-06-20 00:00:00+09:00,623000.0,629000.0,610000.0,620000.0,47596.0
2022-06-21 00:00:00+09:00,616000.0,625000.0,615000.0,623000.0,42710.0
2022-06-22 00:00:00+09:00,624000.0,625000.0,603000.0,605000.0,59986.0
2022-06-23 00:00:00+09:00,601000.0,631000.0,601000.0,619000.0,79842.0
2022-06-24 00:00:00+09:00,619000.0,630000.0,615000.0,622000.0,66186.0
2022-06-27 00:00:00+09:00,626000.0,675000.0,624000.0,666000.0,138572.0
2022-06-28 00:00:00+09:00,671000.0,681000.0,663000.0,673000.0,74952.0
2022-06-29 00:00:00+09:00,676000.0,719000.0,675000.0,712000.0,218965.0
2022-06-30 00:00:00+09:00,713000.0,717000.0,677000.0,680000.0,164512.0
2022-07-01 00:00:00+09:00,680000.0,689000.0,675000.0,685000.0,64620.0
2022-07-04 00:00:00+09:00,686000.0,690000.0,663000.0,673000.0,46263.0
2022-07-05 00:00:00+09:00,677000.0,697000.0,675000.0,688000.0,43534.0
2022-07-06 00:00:00+09:00,674000.0,713000.0,674000.0,685000.0,80626.0
2022-07-07 00:00:00+09:00,701000.0,723000.0,699000.0,715000.0,83739.0
2022-07-08 00:00:00+09:00,725000.0,726000.0,709000.0,714000.0,53579.0
2022-07-11 00:00:00+09:00,715000.0,716000.0,698000.0,704000.0,32062.0
2022-07-12 00:00:00+09:00,704000.0,713000.0,697000.0,708000.0,42882.0
2022-07-13 00:00:00+09:00,710000.0,731000.0,704000.0,715000.0,81869.0
2022-07-14 00:00:00+09:00,705000.0,726000.0,705000.0,720000.0,69383.0
2022-07-15 00:00:00+09:00,726000.0,727000.0,700000.0,711000.0,38351.0
2022-07-18 00:00:00+09:00,713000.0,725000.0,712000.0,717000.0,32283.0
2022-07-19 00:00:00+09:00,717000.0,718000.0,704000.0,710000.0,33057.0
2022-07-20 00:00:00+09:00,720000.0,723000.0,710000.0,723000.0,48112.0
2022-07-21 00:00:00+09:00,724000.0,727000.0,717000.0,722000.0,40531.0
2022-07-22 00:00:00+09:00,724000.0,743000.0,723000.0,723000.0,42769.0
2022-07-25 00:00:00+09:00,717000.0,729000.0,717000.0,724000.0,19187.0
2022-07-26 00:00:00+09:00,725000.0,727000.0,717000.0,721000.0,32199.0
2022-07-27 00:00:00+09:00,722000.0,765000.0,700000.0,752000.0,167418.0
2022-07-28 00:00:00+09:00,752000.0,779000.0,726000.0,743000.0,145657.0
2022-07-29 00:00:00+09:00,765000.0,791000.0,760000.0,779000.0,115281.0
2022-08-01 00:00:00+09:00,784000.0,792000.0,774000.0,788000.0,55718.0
2022-08-02 00:00:00+09:00,789000.0,790000.0,767000.0,767000.0,37160.0
2022-08-03 00:00:00+09:00,769000.0,777000.0,755000.0,767000.0,41325.0
2022-08-04 00:00:00+09:00,773000.0,779000.0,762000.0,766000.0,33618.0
2022-08-05 00:00:00+09:00,770000.0,772000.0,760000.0,761000.0,24673.0
2022-08-08 00:00:00+09:00,761000.0,762000.0,744000.0,758000.0,29273.0
2022-08-09 00:00:00+09:00,759000.0,759000.0,731000.0,740000.0,49692.0
2022-08-10 00:00:00+09:00,744000.0,748000.0,732000.0,736000.0,26570.0
2022-08-11 00:00:00+09:00,745000.0,748000.0,732000.0,733000.0,38683.0
2022-08-12 00:00:00+09:00,734000.0,745000.0,727000.0,732000.0,36327.0
2022-08-16 00:00:00+09:00,734000.0,736000.0,715000.0,732000.0,28191.0
2022-08-17 00:00:00+09:00,734000.0,739000.0,726000.0,726000.0,25151.0
2022-08-18 00:00:00+09:00,720000.0,732000.0,717000.0,726000.0,26611.0
2022-08-19 00:00:00+09:00,724000.0,726000.0,711000.0,714000.0,28754.0
2022-08-22 00:00:00+09:00,710000.0,713000.0,701000.0,701000.0,31244.0
2022-08-23 00:00:00+09:00,695000.0,698000.0,670000.0,678000.0,72900.0
2022-08-24 00:00:00+09:00,678000.0,682000.0,662000.0,673000.0,59415.0
2022-08-25 00:00:00+09:00,679000.0,717000.0,678000.0,710000.0,50081.0
2022-08-26 00:00:00+09:00,711000.0,723000.0,702000.0,702000.0,38147.0
2022-08-29 00:00:00+09:00,686000.0,703000.0,685000.0,700000.0,27754.0
2022-08-30 00:00:00+09:00,701000.0,714000.0,697000.0,710000.0,23794.0
2022-08-31 00:00:00+09:00,710000.0,715000.0,706000.0,712000.0,30855.0
2022-09-01 00:00:00+09:00,707000.0,707000.0,687000.0,687000.0,36745.0
2022-09-02 00:00:00+09:00,688000.0,697000.0,687000.0,691000.0,27358.0
2022-09-05 00:00:00+09:00,690000.0,698000.0,672000.0,672000.0,26969.0
2022-09-06 00:00:00+09:00,673000.0,682000.0,672000.0,676000.0,27037.0
2022-09-07 00:00:00+09:00,670000.0,676000.0,651000.0,654000.0,46627.0
2022-09-08 00:00:00+09:00,660000.0,665000.0,654000.0,655000.0,29779.0
2022-09-13 00:00:00+09:00,672000.0,695000.0,670000.0,690000.0,65432.0
2022-09-14 00:00:00+09:00,673000.0,682000.0,660000.0,672000.0,53208.0
2022-09-15 00:00:00+09:00,675000.0,703000.0,674000.0,680000.0,53658.0
2022-09-16 00:00:00+09:00,673000.0,694000.0,654000.0,689000.0,44664.0
2022-09-19 00:00:00+09:00,694000.0,698000.0,677000.0,679000.0,25996.0
2022-09-20 00:00:00+09:00,684000.0,687000.0,672000.0,679000.0,29177.0
2022-09-21 00:00:00+09:00,680000.0,713000.0,680000.0,698000.0,60168.0
2022-09-22 00:00:00+09:00,698000.0,714000.0,691000.0,692000.0,46408.0
2022-09-23 00:00:00+09:00,702000.0,702000.0,663000.0,663000.0,48721.0
2022-09-26 00:00:00+09:00,651000.0,660000.0,641000.0,643000.0,49260.0
2022-09-27 00:00:00+09:00,644000.0,681000.0,643000.0,673000.0,70006.0
2022-09-28 00:00:00+09:00,662000.0,675000.0,649000.0,653000.0,55883.0
2022-09-29 00:00:00+09:00,661000.0,682000.0,647000.0,651000.0,66288.0
2022-09-30 00:00:00+09:00,641000.0,653000.0,631000.0,633000.0,78443.0
2022-10-04 00:00:00+09:00,642000.0,645000.0,616000.0,632000.0,78154.0
2022-10-05 00:00:00+09:00,642000.0,643000.0,626000.0,637000.0,52283.0
2022-10-06 00:00:00+09:00,643000.0,658000.0,638000.0,650000.0,44364.0
2022-10-07 00:00:00+09:00,642000.0,654000.0,638000.0,650000.0,37732.0
2022-10-11 00:00:00+09:00,638000.0,642000.0,602000.0,613000.0,139092.0
2022-10-12 00:00:00+09:00,608000.0,613000.0,571000.0,581000.0,110541.0
2022-10-13 00:00:00+09:00,579000.0,581000.0,561000.0,563000.0,70291.0
2022-10-14 00:00:00+09:00,568000.0,582000.0,567000.0,575000.0,58130.0
2022-10-17 00:00:00+09:00,565000.0,578000.0,553000.0,575000.0,42592.0
2022-10-18 00:00:00+09:00,583000.0,586000.0,572000.0,578000.0,39309.0
2022-10-19 00:00:00+09:00,584000.0,589000.0,576000.0,578000.0,43609.0
2022-10-20 00:00:00+09:00,575000.0,581000.0,556000.0,564000.0,72311.0
2022-10-21 00:00:00+09:00,563000.0,581000.0,557000.0,574000.0,64956.0
2022-10-24 00:00:00+09:00,580000.0,582000.0,552000.0,553000.0,71804.0
2022-10-25 00:00:00+09:00,555000.0,557000.0,539000.0,542000.0,58068.0
2022-10-26 00:00:00+09:00,541000.0,543000.0,516000.0,522000.0,132579.0
2022-10-27 00:00:00+09:00,527000.0,534000.0,515000.0,527000.0,77825.0
2022-10-28 00:00:00+09:00,520000.0,520000.0,499500.0,504000.0,162500.0
2022-10-31 00:00:00+09:00,509000.0,515000.0,503000.0,510000.0,72867.0
2022-11-01 00:00:00+09:00,513000.0,534000.0,511000.0,526000.0,77995.0
2022-11-02 00:00:00+09:00,527000.0,539000.0,517000.0,535000.0,65224.0
2022-11-03 00:00:00+09:00,523000.0,529000.0,520000.0,522000.0,50434.0
2022-11-04 00:00:00+09:00,523000.0,555000.0,517000.0,555000.0,92350.0
2022-11-07 00:00:00+09:00,547000.0,571000.0,539000.0,570000.0,95487.0
2022-11-08 00:00:00+09:00,578000.0,599000.0,576000.0,584000.0,107872.0
2022-11-09 00:00:00+09:00,582000.0,592000.0,577000.0,579000.0,62042.0
2022-11-10 00:00:00+09:00,570000.0,590000.0,568000.0,577000.0,86460.0
2022-11-11 00:00:00+09:00,603000.0,618000.0,595000.0,613000.0,92989.0
2022-11-14 00:00:00+09:00,619000.0,674000.0,618000.0,652000.0,175737.0
2022-11-15 00:00:00+09:00,655000.0,675000.0,647000.0,672000.0,80991.0
2022-11-16 00:00:00+09:00,672000.0,683000.0,666000.0,671000.0,78503.0
2022-11-17 00:00:00+09:00,677000.0,684000.0,663000.0,666000.0,62581.0
2022-11-18 00:00:00+09:00,664000.0,674000.0,661000.0,663000.0,36776.0
2022-11-21 00:00:00+09:00,663000.0,667000.0,630000.0,634000.0,84034.0
2022-11-22 00:00:00+09:00,630000.0,634000.0,617000.0,620000.0,43269.0
2022-11-23 00:00:00+09:00,625000.0,642000.0,620000.0,624000.0,40622.0
2022-11-24 00:00:00+09:00,630000.0,638000.0,616000.0,624000.0,50776.0
2022-11-25 00:00:00+09:00,624000.0,629000.0,609000.0,613000.0,58333.0
2022-11-28 00:00:00+09:00,613000.0,628000.0,593000.0,617000.0,82591.0
2022-11-29 00:00:00+09:00,618000.0,658000.0,614000.0,654000.0,117257.0
2022-11-30 00:00:00+09:00,655000.0,666000.0,648000.0,656000.0,100633.0
2022-12-01 00:00:00+09:00,673000.0,679000.0,639000.0,646000.0,86869.0
2022-12-02 00:00:00+09:00,640000.0,679000.0,639000.0,670000.0,119890.0
2022-12-05 00:00:00+09:00,681000.0,720000.0,681000.0,715000.0,161483.0
2022-12-06 00:00:00+09:00,708000.0,714000.0,688000.0,688000.0,64628.0
2022-12-07 00:00:00+09:00,687000.0,713000.0,684000.0,693000.0,82412.0
2022-12-08 00:00:00+09:00,690000.0,693000.0,668000.0,679000.0,89487.0
2022-12-09 00:00:00+09:00,688000.0,727000.0,686000.0,722000.0,107848.0
2022-12-12 00:00:00+09:00,717000.0,735000.0,699000.0,702000.0,99837.0
2022-12-13 00:00:00+09:00,706000.0,707000.0,681000.0,699000.0,63477.0
2022-12-14 00:00:00+09:00,704000.0,707000.0,696000.0,705000.0,37767.0
2022-12-15 00:00:00+09:00,707000.0,709000.0,688000.0,689000.0,36319.0
2022-12-16 00:00:00+09:00,680000.0,700000.0,676000.0,693000.0,43404.0
2022-12-19 00:00:00+09:00,687000.0,703000.0,683000.0,686000.0,28314.0
2022-12-20 00:00:00+09:00,682000.0,697000.0,681000.0,688000.0,24285.0
2022-12-21 00:00:00+09:00,690000.0,699000.0,687000.0,693000.0,29921.0
2022-12-22 00:00:00+09:00,699000.0,709000.0,689000.0,704000.0,41829.0
2022-12-23 00:00:00+09:00,700000.0,712000.0,697000.0,705000.0,39711.0
2022-12-26 00:00:00+09:00,703000.0,708000.0,683000.0,697000.0,37105.0
2022-12-27 00:00:00+09:00,705000.0,727000.0,701000.0,723000.0,62145.0
2022-12-28 00:00:00+09:00,723000.0,746000.0,718000.0,739000.0,92274.0
2022-12-29 00:00:00+09:00,733000.0,736000.0,704000.0,722000.0,84144.0
2023-01-02 00:00:00+09:00,704000.0,720000.0,692000.0,720000.0,53140.0
2023-01-03 00:00:00+09:00,708000.0,725000.0,692000.0,708000.0,62583.0
2023-01-04 00:00:00+09:00,702000.0,707000.0,697000.0,703000.0,27068.0
2023-01-05 00:00:00+09:00,703000.0,733000.0,703000.0,730000.0,55386.0
2023-01-06 00:00:00+09:00,718000.0,746000.0,718000.0,726000.0,42418.0
2023-01-09 00:00:00+09:00,737000.0,767000.0,736000.0,766000.0,100446.0
2023-01-10 00:00:00+09:00,768000.0,771000.0,733000.0,743000.0,61489.0
2023-01-11 00:00:00+09:00,751000.0,770000.0,744000.0,768000.0,106617.0
2023-01-12 00:00:00+09:00,763000.0,767000.0,736000.0,736000.0,88896.0
2023-01-13 00:00:00+09:00,737000.0,750000.0,736000.0,744000.0,52666.0
2023-01-16 00:00:00+09:00,741000.0,763000.0,736000.0,755000.0,41396.0
2023-01-17 00:00:00+09:00,759000.0,762000.0,745000.0,757000.0,44879.0
2023-01-18 00:00:00+09:00,756000.0,762000.0,737000.0,757000.0,66961.0
2023-01-19 00:00:00+09:00,760000.0,768000.0,750000.0,766000.0,68484.0
2023-01-20 00:00:00+09:00,767000.0,772000.0,746000.0,754000.0,66867.0
2023-01-25 00:00:00+09:00,753000.0,757000.0,728000.0,732000.0,75083.0
2023-01-26 00:00:00+09:00,733000.0,734000.0,721000.0,727000.0,68112.0
2023-01-27 00:00:00+09:00,728000.0,765000.0,723000.0,759000.0,102901.0
2023-01-30 00:00:00+09:00,763000.0,772000.0,743000.0,748000.0,76158.0
2023-01-31 00:00:00+09:00,752000.0,758000.0,738000.0,743000.0,60623.0
2023-02-01 00:00:00+09:00,734000.0,734000.0,673000.0,691000.0,242980.0
2023-02-02 00:00:00+09:00,697000.0,710000.0,690000.0,692000.0,101394.0
2023-02-03 00:00:00+09:00,693000.0,695000.0,681000.0,693000.0,126100.0
2023-02-06 00:00:00+09:00,690000.0,704000.0,687000.0,694000.0,86519.0
2023-02-07 00:00:00+09:00,695000.0,701000.0,689000.0,697000.0,74556.0
2023-02-08 00:00:00+09:00,697000.0,700000.0,691000.0,694000.0,49115.0
2023-02-09 00:00:00+09:00,691000.0,714000.0,690000.0,702000.0,90271.0
2023-02-10 00:00:00+09:00,702000.0,708000.0,696000.0,699000.0,48465.0
2023-02-13 00:00:00+09:00,699000.0,703000.0,687000.0,696000.0,45627.0
2023-02-14 00:00:00+09:00,701000.0,703000.0,696000.0,700000.0,31590.0
2023-02-15 00:00:00+09:00,701000.0,702000.0,686000.0,687000.0,51919.0
2023-02-16 00:00:00+09:00,690000.0,696000.0,683000.0,686000.0,47833.0
2023-02-17 00:00:00+09:00,685000.0,693000.0,677000.0,680000.0,34850.0
2023-02-20 00:00:00+09:00,681000.0,694000.0,680000.0,689000.0,32333.0
2023-02-21 00:00:00+09:00,691000.0,693000.0,682000.0,684000.0,31975.0
2023-02-22 00:00:00+09:00,677000.0,683000.0,668000.0,671000.0,57004.0
2023-02-23 00:00:00+09:00,672000.0,681000.0,671000.0,675000.0,32535.0
2023-02-24 00:00:00+09:00,673000.0,678000.0,667000.0,672000.0,45701.0
2023-02-27 00:00:00+09:00,665000.0,674000.0,654000.0,673000.0,52603.0
2023-02-28 00:00:00+09:00,670000.0,676000.0,665000.0,668000.0,57019.0
2023-03-02 00:00:00+09:00,669000.0,688000.0,669000.0,678000.0,83893.0
2023-03-03 00:00:00+09:00,681000.0,692000.0,671000.0,676000.0,75159.0
2023-03-06 00:00:00+09:00,685000.0,694000.0,670000.0,671000.0,73824.0
2023-03-07 00:00:00+09:00,675000.0,675000.0,662000.0,672000.0,66590.0
2023-03-08 00:00:00+09:00,665000.0,668000.0,641000.0,641000.0,91100.0
2023-03-09 00:00:00+09:00,642000.0,646000.0,618000.0,618000.0,100971.0
2023-03-10 00:00:00+09:00,613000.0,615000.0,600000.0,603000.0,82310.0
2023-03-13 00:00:00+09:00,602000.0,612000.0,598000.0,607000.0,55433.0
2023-03-14 00:00:00+09:00,600000.0,609000.0,590000.0,590000.0,59569.0
2023-03-15 00:00:00+09:00,599000.0,601000.0,588000.0,590000.0,44119.0
2023-03-16 00:00:00+09:00,581000.0,585000.0,555000.0,559000.0,188736.0
2023-03-17 00:00:00+09:00,570000.0,581000.0,566000.0,567000.0,118742.0
2023-03-20 00:00:00+09:00,571000.0,595000.0,567000.0,572000.0,87987.0
2023-03-21 00:00:00+09:00,580000.0,594000.0,575000.0,592000.0,57583.0
2023-03-22 00:00:00+09:00,597000.0,600000.0,573000.0,576000.0,76650.0
2023-03-23 00:00:00+09:00,571000.0,587000.0,567000.0,584000.0,50359.0
2023-03-24 00:00:00+09:00,578000.0,586000.0,572000.0,581000.0,42607.0
2023-03-27 00:00:00+09:00,583000.0,589000.0,577000.0,581000.0,61527.0
2023-03-28 00:00:00+09:00,588000.0,593000.0,576000.0,588000.0,60010.0
2023-03-29 00:00:00+09:00,589000.0,598000.0,588000.0,595000.0,59230.0
2023-03-30 00:00:00+09:00,594000.0,596000.0,587000.0,591000.0,33924.0
2023-03-31 00:00:00+09:00,593000.0,603000.0,590000.0,600000.0,43059.0
2023-04-03 00:00:00+09:00,601000.0,611000.0,596000.0,600000.0,54558.0
2023-04-04 00:00:00+09:00,602000.0,602000.0,594000.0,600000.0,33109.0
2023-04-05 00:00:00+09:00,603000.0,613000.0,595000.0,600000.0,39464.0
2023-04-06 00:00:00+09:00,600000.0,602000.0,588000.0,590000.0,45383.0
2023-04-07 00:00:00+09:00,590000.0,631000.0,582000.0,624000.0,117379.0
2023-04-10 00:00:00+09:00,617000.0,631000.0,612000.0,625000.0,109678.0
2023-04-11 00:00:00+09:00,626000.0,657000.0,612000.0,646000.0,137785.0
2023-04-12 00:00:00+09:00,641000.0,652000.0,635000.0,650000.0,68365.0
2023-04-13 00:00:00+09:00,651000.0,663000.0,641000.0,643000.0,63317.0
2023-04-14 00:00:00+09:00,650000.0,661000.0,641000.0,652000.0,59008.0
2023-04-17 00:00:00+09:00,651000.0,657000.0,642000.0,647000.0,46648.0
2023-04-18 00:00:00+09:00,637000.0,687000.0,637000.0,680000.0,117121.0
2023-04-19 00:00:00+09:00,684000.0,691000.0,669000.0,674000.0,78565.0
2023-04-20 00:00:00+09:00,675000.0,680000.0,660000.0,664000.0,42461.0
2023-04-21 00:00:00+09:00,654000.0,655000.0,608000.0,610000.0,153598.0
2023-04-24 00:00:00+09:00,607000.0,626000.0,596000.0,625000.0,106426.0
2023-04-25 00:00:00+09:00,621000.0,625000.0,605000.0,609000.0,42695.0
2023-04-26 00:00:00+09:00,609000.0,627000.0,604000.0,617000.0,44660.0
2023-04-27 00:00:00+09:00,612000.0,628000.0,607000.0,618000.0,68793.0
2023-04-28 00:00:00+09:00,611000.0,626000.0,588000.0,623000.0,118337.0
2023-05-02 00:00:00+09:00,632000.0,632000.0,609000.0,618000.0,70468.0
2023-05-03 00:00:00+09:00,615000.0,621000.0,583000.0,586000.0,146857.0
2023-05-04 00:00:00+09:00,583000.0,587000.0,573000.0,587000.0,72355.0
2023-05-08 00:00:00+09:00,587000.0,596000.0,586000.0,587000.0,43721.0
2023-05-09 00:00:00+09:00,583000.0,587000.0,576000.0,578000.0,53802.0
2023-05-10 00:00:00+09:00,575000.0,583000.0,571000.0,573000.0,60645.0
2023-05-11 00:00:00+09:00,574000.0,583000.0,573000.0,577000.0,44429.0
2023-05-12 00:00:00+09:00,574000.0,576000.0,566000.0,567000.0,39380.0
2023-05-15 00:00:00+09:00,568000.0,572000.0,560000.0,568000.0,34463.0
2023-05-16 00:00:00+09:00,568000.0,573000.0,560000.0,564000.0,40698.0
2023-05-17 00:00:00+09:00,560000.0,565000.0,559000.0,560000.0,44297.0
2023-05-18 00:00:00+09:00,561000.0,565000.0,556000.0,563000.0,41240.0
2023-05-19 00:00:00+09:00,565000.0,575000.0,564000.0,570000.0,44915.0
2023-05-22 00:00:00+09:00,573000.0,585000.0,567000.0,582000.0,51200.0
2023-05-23 00:00:00+09:00,583000.0,590000.0,574000.0,585000.0,52824.0
2023-05-24 00:00:00+09:00,581000.0,583000.0,561000.0,562000.0,86808.0
2023-05-25 00:00:00+09:00,560000.0,566000.0,555000.0,557000.0,62607.0
2023-05-26 00:00:00+09:00,557000.0,560000.0,545000.0,557000.0,77405.0
2023-05-30 00:00:00+09:00,559000.0,561000.0,535000.0,536000.0,94085.0
2023-05-31 00:00:00+09:00,535000.0,546000.0,523000.0,527000.0,220423.0
2023-06-01 00:00:00+09:00,524000.0,538000.0,524000.0,536000.0,58121.0
2023-06-02 00:00:00+09:00,539000.0,541000.0,531000.0,533000.0,49765.0
2023-06-05 00:00:00+09:00,536000.0,545000.0,536000.0,538000.0,48232.0
2023-06-07 00:00:00+09:00,543000.0,552000.0,538000.0,539000.0,82852.0
2023-06-08 00:00:00+09:00,543000.0,547000.0,530000.0,533000.0,118933.0
2023-06-09 00:00:00+09:00,538000.0,552000.0,537000.0,540000.0,85714.0
2023-06-12 00:00:00+09:00,540000.0,540000.0,516000.0,519000.0,129501.0
2023-06-13 00:00:00+09:00,523000.0,528000.0,516000.0,517000.0,102342.0
2023-06-14 00:00:00+09:00,517000.0,518000.0,507000.0,508000.0,93960.0
2023-06-15 00:00:00+09:00,510000.0,522000.0,506000.0,508000.0,87624.0
2023-06-16 00:00:00+09:00,511000.0,518000.0,509000.0,510000.0,94598.0
2023-06-19 00:00:00+09:00,515000.0,521000.0,508000.0,514000.0,61428.0
2023-06-20 00:00:00+09:00,516000.0,524000.0,508000.0,509000.0,85050.0
2023-06-21 00:00:00+09:00,511000.0,512000.0,500000.0,501000.0,80242.0
2023-06-22 00:00:00+09:00,499500.0,506000.0,495000.0,498000.0,64828.0
2023-06-23 00:00:00+09:00,498500.0,500000.0,493000.0,493500.0,52834.0
2023-06-26 00:00:00+09:00,490000.0,498000.0,479500.0,494500.0,63236.0
2023-06-27 00:00:00+09:00,491000.0,493000.0,480000.0,483000.0,70428.0
2023-06-28 00:00:00+09:00,486000.0,487500.0,471000.0,475500.0,105132.0
2023-06-29 00:00:00+09:00,471000.0,475500.0,461000.0,461500.0,112803.0
2023-06-30 00:00:00+09:00,461000.0,464500.0,458000.0,459000.0,65621.0
2023-07-03 00:00:00+09:00,456500.0,464000.0,456000.0,459000.0,66417.0
2023-07-04 00:00:00+09:00,457500.0,460000.0,452500.0,455000.0,92929.0
2023-07-05 00:00:00+09:00,451000.0,457000.0,444000.0,444500.0,91286.0
2023-07-06 00:00:00+09:00,444000.0,447500.0,435500.0,437000.0,95566.0
2023-07-07 00:00:00+09:00,429500.0,437000.0,427000.0,432000.0,91306.0
2023-07-10 00:00:00+09:00,436500.0,447500.0,433000.0,440000.0,159173.0
2023-07-11 00:00:00+09:00,438000.0,448000.0,437500.0,446000.0,78286.0
2023-07-12 00:00:00+09:00,446000.0,462000.0,446000.0,459000.0,92984.0
2023-07-13 00:00:00+09:00,463500.0,469500.0,461000.0,461000.0,81264.0
2023-07-14 00:00:00+09:00,463500.0,467000.0,461000.0,464500.0,57508.0
2023-07-17 00:00:00+09:00,461000.0,470000.0,458500.0,469000.0,49070.0
2023-07-18 00:00:00+09:00,470000.0,472500.0,455000.0,458500.0,66954.0
2023-07-19 00:00:00+09:00,456000.0,459500.0,452000.0,454000.0,53908.0
2023-07-20 00:00:00+09:00,451500.0,455500.0,445000.0,445500.0,54492.0
2023-07-21 00:00:00+09:00,442000.0,450500.0,442000.0,446500.0,39991.0
2023-07-24 00:00:00+09:00,446000.0,446000.0,432000.0,432500.0,88776.0
2023-07-25 00:00:00+09:00,430000.0,437500.0,427500.0,432000.0,93794.0
2023-07-26 00:00:00+09:00,426000.0,427000.0,406500.0,415000.0,151125.0
2023-07-27 00:00:00+09:00,410000.0,456500.0,410000.0,455500.0,183134.0
2023-07-28 00:00:00+09:00,448000.0,448000.0,417000.0,418500.0,130075.0
2023-07-31 00:00:00+09:00,418500.0,429500.0,418000.0,428000.0,93566.0
2023-08-01 00:00:00+09:00,428000.0,446000.0,423000.0,441000.0,74016.0
2023-08-02 00:00:00+09:00,440000.0,461000.0,437000.0,449000.0,143587.0
2023-08-03 00:00:00+09:00,449000.0,450000.0,439000.0,441000.0,40974.0
2023-08-04 00:00:00+09:00,443000.0,459500.0,443000.0,453500.0,63504.0
2023-08-07 00:00:00+09:00,452500.0,458500.0,447500.0,448000.0,43543.0
2023-08-08 00:00:00+09:00,450000.0,450000.0,437000.0,437500.0,43348.0
2023-08-09 00:00:00+09:00,441000.0,445000.0,437500.0,439500.0,32330.0
2023-08-10 00:00:00+09:00,470000.0,516000.0,465000.0,498000.0,411994.0
2023-08-11 00:00:00+09:00,504000.0,516000.0,486000.0,495000.0,194502.0
2023-08-14 00:00:00+09:00,513000.0,516000.0,493000.0,495000.0,128507.0
2023-08-16 00:00:00+09:00,494000.0,494000.0,456500.0,460000.0,152889.0
2023-08-17 00:00:00+09:00,452000.0,456000.0,439000.0,450000.0,109989.0
2023-08-18 00:00:00+09:00,440500.0,466000.0,440500.0,447500.0,97629.0
2023-08-21 00:00:00+09:00,448000.0,454500.0,442000.0,444500.0,57589.0
2023-08-22 00:00:00+09:00,447500.0,449000.0,431500.0,435000.0,87377.0
2023-08-23 00:00:00+09:00,431500.0,436500.0,425500.0,431500.0,75487.0
2023-08-24 00:00:00+09:00,433500.0,436500.0,429000.0,434000.0,38098.0
2023-08-25 00:00:00+09:00,431000.0,451000.0,431000.0,449000.0,76681.0
2023-08-28 00:00:00+09:00,462000.0,467500.0,456000.0,458000.0,58829.0
2023-08-29 00:00:00+09:00,458500.0,462500.0,447500.0,448500.0,54429.0
2023-08-30 00:00:00+09:00,452000.0,471000.0,451000.0,469500.0,107236.0
2023-08-31 00:00:00+09:00,470000.0,470000.0,460000.0,464500.0,69990.0
2023-09-01 00:00:00+09:00,468000.0,491000.0,468000.0,484500.0,120686.0
2023-09-04 00:00:00+09:00,484500.0,484500.0,469000.0,480500.0,55786.0
2023-09-05 00:00:00+09:00,480500.0,490000.0,474500.0,476500.0,36347.0
2023-09-06 00:00:00+09:00,475500.0,481500.0,471500.0,473500.0,32456.0
2023-09-07 00:00:00+09:00,469000.0,471000.0,459500.0,462500.0,84016.0
2023-09-08 00:00:00+09:00,462500.0,465000.0,458000.0,462500.0,35368.0
2023-09-11 00:00:00+09:00,463000.0,463500.0,452000.0,457000.0,54829.0
2023-09-12 00:00:00+09:00,460500.0,477000.0,460000.0,466000.0,90200.0
2023-09-13 00:00:00+09:00,462000.0,462500.0,451500.0,454000.0,74966.0
2023-09-14 00:00:00+09:00,454500.0,462500.0,453000.0,457500.0,69539.0
2023-09-15 00:00:00+09:00,462000.0,471500.0,457500.0,470500.0,114782.0
2023-09-18 00:00:00+09:00,467500.0,471500.0,463000.0,470000.0,35030.0
2023-09-19 00:00:00+09:00,471000.0,479000.0,465500.0,469000.0,46629.0
2023-09-20 00:00:00+09:00,469000.0,469000.0,456000.0,457500.0,43112.0
2023-09-21 00:00:00+09:00,457500.0,462000.0,447000.0,448000.0,77959.0
2023-09-22 00:00:00+09:00,439000.0,446500.0,434000.0,441500.0,72903.0
2023-09-25 00:00:00+09:00,440500.0,458000.0,440500.0,454000.0,63356.0
2023-09-26 00:00:00+09:00,449500.0,452500.0,441500.0,448500.0,98693.0
2023-09-27 00:00:00+09:00,444000.0,449000.0,439000.0,446500.0,102355.0
2023-10-04 00:00:00+09:00,444000.0,445000.0,424000.0,438000.0,144774.0
2023-10-05 00:00:00+09:00,438000.0,441000.0,428000.0,434500.0,69008.0
2023-10-06 00:00:00+09:00,430000.0,438500.0,423000.0,425000.0,77323.0
2023-10-10 00:00:00+09:00,432000.0,436000.0,423000.0,423500.0,60805.0
2023-10-11 00:00:00+09:00,426500.0,432500.0,418000.0,421500.0,53406.0
2023-10-12 00:00:00+09:00,424000.0,430000.0,420500.0,426000.0,57074.0
2023-10-13 00:00:00+09:00,422500.0,428000.0,417500.0,420000.0,39490.0
2023-10-16 00:00:00+09:00,417000.0,419500.0,413000.0,414500.0,46318.0
2023-10-17 00:00:00+09:00,418500.0,424500.0,416500.0,418000.0,33725.0
2023-10-18 00:00:00+09:00,418000.0,418000.0,403500.0,406500.0,73447.0
2023-10-19 00:00:00+09:00,402000.0,402500.0,389000.0,390000.0,100942.0
2023-10-20 00:00:00+09:00,385000.0,390000.0,378500.0,380000.0,98077.0
2023-10-23 00:00:00+09:00,376500.0,394500.0,375500.0,388500.0,55403.0
2023-10-24 00:00:00+09:00,385000.0,390500.0,376000.0,385000.0,77215.0
2023-10-25 00:00:00+09:00,388000.0,403500.0,388000.0,399500.0,156682.0
2023-10-26 00:00:00+09:00,398000.0,402000.0,390500.0,391000.0,83595.0
2023-10-27 00:00:00+09:00,373000.0,374500.0,308500.0,311500.0,670594.0
2023-10-30 00:00:00+09:00,309000.0,314000.0,305500.0,311000.0,179274.0
2023-10-31 00:00:00+09:00,314000.0,322000.0,313500.0,315500.0,217370.0
2023-11-01 00:00:00+09:00,315000.0,322500.0,313000.0,322500.0,107371.0
2023-11-02 00:00:00+09:00,325000.0,325500.0,317500.0,321500.0,163703.0
2023-11-03 00:00:00+09:00,324500.0,329500.0,320500.0,328000.0,113032.0
2023-11-06 00:00:00+09:00,336000.0,348500.0,332500.0,348500.0,134206.0
2023-11-07 00:00:00+09:00,345500.0,349500.0,338500.0,346000.0,117285.0
2023-11-08 00:00:00+09:00,348000.0,351000.0,342500.0,347000.0,66799.0
2023-11-09 00:00:00+09:00,346000.0,349000.0,340500.0,340500.0,90825.0
2023-11-10 00:00:00+09:00,337000.0,340500.0,332000.0,332500.0,55461.0
2023-11-13 00:00:00+09:00,336000.0,339500.0,328000.0,329500.0,46193.0
2023-11-14 00:00:00+09:00,332000.0,336000.0,330000.0,334000.0,47639.0
2023-11-15 00:00:00+09:00,340000.0,346500.0,337000.0,343500.0,64758.0
2023-11-16 00:00:00+09:00,344500.0,351000.0,343000.0,345500.0,53387.0
2023-11-17 00:00:00+09:00,345000.0,347000.0,337500.0,337500.0,38393.0
2023-11-20 00:00:00+09:00,340000.0,346000.0,339000.0,344000.0,38092.0
2023-11-21 00:00:00+09:00,346000.0,348500.0,339500.0,347000.0,65165.0
2023-11-22 00:00:00+09:00,343000.0,345000.0,339000.0,344000.0,56231.0
2023-11-23 00:00:00+09:00,344500.0,347000.0,342000.0,344500.0,32125.0
2023-11-24 00:00:00+09:00,346500.0,347000.0,337500.0,337500.0,47405.0
2023-11-27 00:00:00+09:00,338500.0,344500.0,337500.0,340000.0,36401.0
2023-11-28 00:00:00+09:00,341000.0,344500.0,337000.0,338000.0,40869.0
2023-11-29 00:00:00+09:00,339000.0,341000.0,331000.0,331500.0,63806.0
2023-11-30 00:00:00+09:00,329500.0,340000.0,329500.0,333500.0,116403.0
2023-12-01 00:00:00+09:00,334500.0,334500.0,325000.0,328000.0,58947.0
2023-12-04 00:00:00+09:00,328000.0,328500.0,322500.0,324500.0,66383.0
2023-12-05 00:00:00+09:00,323000.0,328000.0,321000.0,325000.0,47497.0
2023-12-06 00:00:00+09:00,325000.0,326000.0,321000.0,323500.0,41546.0
2023-12-07 00:00:00+09:00,322000.0,323000.0,317500.0,317500.0,65671.0
2023-12-08 00:00:00+09:00,321000.0,323500.0,319000.0,320500.0,37937.0
2023-12-11 00:00:00+09:00,321000.0,322500.0,319000.0,321500.0,31444.0
2023-12-12 00:00:00+09:00,322500.0,326500.0,321000.0,324500.0,43742.0
2023-12-13 00:00:00+09:00,325500.0,336500.0,325500.0,336000.0,86485.0
2023-12-14 00:00:00+09:00,339500.0,352500.0,337500.0,344500.0,167736.0
2023-12-15 00:00:00+09:00,346500.0,353500.0,344500.0,353500.0,89454.0
2023-12-18 00:00:00+09:00,353500.0,357500.0,349500.0,353000.0,60224.0
2023-12-19 00:00:00+09:00,353000.0,361500.0,352000.0,358500.0,71119.0
2023-12-20 00:00:00+09:00,361000.0,364500.0,358000.0,358500.0,50165.0
2023-12-21 00:00:00+09:00,358500.0,361500.0,348000.0,350500.0,57049.0
2023-12-22 00:00:00+09:00,353000.0,354500.0,350000.0,350500.0,25675.0
2023-12-26 00:00:00+09:00,350500.0,356000.0,349000.0,349500.0,28691.0
2023-12-27 00:00:00+09:00,349500.0,354500.0,344500.0,350500.0,29744.0
2023-12-28 00:00:00+09:00,351000.0,355000.0,347000.0,355000.0,52355.0
2024-01-02 00:00:00+09:00,353000.0,355000.0,347000.0,354000.0,36386.0
2024-01-03 00:00:00+09:00,349000.0,351000.0,340500.0,340500.0,61278.0
2024-01-04 00:00:00+09:00,340500.0,341000.0,333500.0,334500.0,40508.0
2024-01-05 00:00:00+09:00,335000.0,338000.0,333000.0,335000.0,27935.0
2024-01-08 00:00:00+09:00,331000.0,335000.0,327500.0,328500.0,37817.0
2024-01-09 00:00:00+09:00,331500.0,339500.0,331000.0,339000.0,39836.0
2024-01-10 00:00:00+09:00,340000.0,340000.0,330500.0,332500.0,32427.0
2024-01-11 00:00:00+09:00,334000.0,334000.0,328500.0,330000.0,55385.0
2024-01-12 00:00:00+09:00,330000.0,331000.0,323000.0,325000.0,53757.0
2024-01-15 00:00:00+09:00,325500.0,326000.0,317000.0,317500.0,47215.0
2024-01-16 00:00:00+09:00,317500.0,319500.0,312000.0,312500.0,41430.0
2024-01-17 00:00:00+09:00,311000.0,314000.0,303500.0,305000.0,57292.0
2024-01-18 00:00:00+09:00,303000.0,339000.0,303000.0,325500.0,143490.0
2024-01-19 00:00:00+09:00,328000.0,329000.0,321000.0,322500.0,45309.0
2024-01-22 00:00:00+09:00,324500.0,326000.0,314000.0,315000.0,44040.0
2024-01-23 00:00:00+09:00,313000.0,320500.0,312500.0,319000.0,72358.0
2024-01-24 00:00:00+09:00,319000.0,320000.0,315000.0,317500.0,42086.0
2024-01-25 00:00:00+09:00,318000.0,318500.0,310500.0,315000.0,46566.0
2024-01-26 00:00:00+09:00,312000.0,318500.0,309000.0,315500.0,47447.0
2024-01-29 00:00:00+09:00,317000.0,317500.0,312500.0,314000.0,45203.0
2024-01-30 00:00:00+09:00,316000.0,322500.0,314000.0,318000.0,49745.0
2024-01-31 00:00:00+09:00,315500.0,316000.0,303500.0,303500.0,123440.0
2024-02-01 00:00:00+09:00,302500.0,307500.0,300000.0,305500.0,80389.0
2024-02-02 00:00:00+09:00,306500.0,315500.0,304000.0,314000.0,73492.0
2024-02-05 00:00:00+09:00,312500.0,312500.0,306500.0,308000.0,63028.0
2024-02-06 00:00:00+09:00,308000.0,312500.0,307000.0,311000.0,80530.0
2024-02-07 00:00:00+09:00,314500.0,318500.0,312500.0,316000.0,80230.0
2024-02-08 00:00:00+09:00,317000.0,318500.0,308500.0,308500.0,114063.0
2024-02-13 00:00:00+09:00,309000.0,312000.0,305500.0,309500.0,92721.0
2024-02-14 00:00:00+09:00,307000.0,314000.0,300000.0,308000.0,219962.0
2024-02-15 00:00:00+09:00,312500.0,342000.0,309000.0,322000.0,488788.0
2024-02-16 00:00:00+09:00,326500.0,340500.0,315000.0,336500.0,194637.0
2024-02-19 00:00:00+09:00,336500.0,342000.0,332000.0,340000.0,89997.0
2024-02-20 00:00:00+09:00,340000.0,353000.0,333500.0,340000.0,124603.0
2024-02-21 00:00:00+09:00,340000.0,340000.0,331000.0,332000.0,74934.0
2024-02-22 00:00:00+09:00,335000.0,335000.0,326500.0,329500.0,51199.0
2024-02-23 00:00:00+09:00,329500.0,330500.0,319500.0,321500.0,86725.0
2024-02-26 00:00:00+09:00,321500.0,326000.0,319500.0,321500.0,53446.0
2024-02-27 00:00:00+09:00,320000.0,322000.0,312000.0,313500.0,89366.0
2024-02-28 00:00:00+09:00,314500.0,328000.0,314000.0,324500.0,75612.0
2024-02-29 00:00:00+09:00,322000.0,324000.0,317000.0,319000.0,88498.0
2024-03-04 00:00:00+09:00,321500.0,328000.0,318500.0,321500.0,74349.0
2024-03-05 00:00:00+09:00,321500.0,336500.0,321500.0,333000.0,148211.0
2024-03-06 00:00:00+09:00,333000.0,347000.0,329000.0,342000.0,115808.0
2024-03-07 00:00:00+09:00,342500.0,347000.0,332000.0,335000.0,73145.0
2024-03-08 00:00:00+09:00,335500.0,340000.0,333000.0,334500.0,57781.0
2024-03-11 00:00:00+09:00,336000.0,353500.0,334500.0,350500.0,132928.0
2024-03-12 00:00:00+09:00,354000.0,354000.0,344000.0,348000.0,59917.0
2024-03-13 00:00:00+09:00,351000.0,351000.0,342000.0,342000.0,57368.0
2024-03-14 00:00:00+09:00,343500.0,351000.0,343500.0,347000.0,99001.0
2024-03-15 00:00:00+09:00,346000.0,347000.0,336500.0,345500.0,105806.0
2024-03-18 00:00:00+09:00,348000.0,359000.0,346000.0,355500.0,111882.0
2024-03-19 00:00:00+09:00,353000.0,359500.0,348500.0,349000.0,87584.0
2024-03-20 00:00:00+09:00,359000.0,372000.0,355500.0,365000.0,226278.0
2024-03-21 00:00:00+09:00,368000.0,377000.0,363000.0,376500.0,131472.0
2024-03-22 00:00:00+09:00,382000.0,387000.0,373000.0,381500.0,123224.0
2024-03-25 00:00:00+09:00,381500.0,395500.0,378500.0,388000.0,110485.0
2024-03-26 00:00:00+09:00,388000.0,391000.0,380000.0,380000.0,99071.0
2024-03-27 00:00:00+09:00,378500.0,393500.0,374500.0,392000.0,94033.0
2024-03-28 00:00:00+09:00,394000.0,394000.0,385500.0,386500.0,67559.0
2024-03-29 00:00:00+09:00,389000.0,394000.0,377500.0,380000.0,73813.0
2024-04-01 00:00:00+09:00,388000.0,408000.0,385000.0,405000.0,177849.0
2024-04-02 00:00:00+09:00,405000.0,405500.0,396500.0,401000.0,88667.0
2024-04-03 00:00:00+09:00,398000.0,398500.0,385000.0,386000.0,110432.0
2024-04-04 00:00:00+09:00,389500.0,389500.0,374500.0,383000.0,105110.0
2024-04-05 00:00:00+09:00,377500.0,380000.0,370000.0,370500.0,82789.0
2024-04-08 00:00:00+09:00,367000.0,370000.0,356500.0,361000.0,91794.0
2024-04-09 00:00:00+09:00,363500.0,366000.0,357500.0,357500.0,73207.0
2024-04-11 00:00:00+09:00,353500.0,356500.0,348500.0,353000.0,80741.0
2024-04-12 00:00:00+09:00,354500.0,371000.0,353500.0,368000.0,83900.0
2024-04-15 00:00:00+09:00,359000.0,378000.0,358500.0,373500.0,92980.0
2024-04-16 00:00:00+09:00,370000.0,380500.0,368000.0,373000.0,89641.0
2024-04-17 00:00:00+09:00,373000.0,390000.0,373000.0,386000.0,95903.0
2024-04-18 00:00:00+09:00,388500.0,397500.0,381000.0,381500.0,115292.0
2024-04-19 00:00:00+09:00,381500.0,387000.0,366500.0,371000.0,112082.0
2024-04-22 00:00:00+09:00,376500.0,386500.0,376000.0,382500.0,57713.0
2024-04-23 00:00:00+09:00,382500.0,398500.0,382500.0,392000.0,110865.0
2024-04-24 00:00:00+09:00,391000.0,395000.0,386000.0,390500.0,68370.0
2024-04-25 00:00:00+09:00,385000.0,385500.0,374500.0,375500.0,104075.0
2024-04-26 00:00:00+09:00,387500.0,395500.0,374500.0,392000.0,169812.0
2024-04-29 00:00:00+09:00,395000.0,402500.0,392500.0,396500.0,118646.0
2024-04-30 00:00:00+09:00,400500.0,420000.0,397500.0,420000.0,208141.0
2024-05-02 00:00:00+09:00,423500.0,431500.0,416000.0,425500.0,189135.0
2024-05-03 00:00:00+09:00,421500.0,432000.0,420500.0,432000.0,96793.0
2024-05-07 00:00:00+09:00,434500.0,437000.0,423500.0,436500.0,98184.0
2024-05-08 00:00:00+09:00,436500.0,440000.0,430500.0,437000.0,69588.0
2024-05-09 00:00:00+09:00,441500.0,460500.0,441000.0,459000.0,191263.0
2024-05-10 00:00:00+09:00,459000.0,479000.0,447000.0,466000.0,177065.0
2024-05-13 00:00:00+09:00,469500.0,475000.0,453500.0,455500.0,93964.0
2024-05-14 00:00:00+09:00,458500.0,464000.0,446500.0,450000.0,67453.0
2024-05-16 00:00:00+09:00,454500.0,457000.0,449000.0,455000.0,67500.0
2024-05-17 00:00:00+09:00,451500.0,454000.0,447000.0,448000.0,37142.0
2024-05-20 00:00:00+09:00,452000.0,452500.0,441000.0,444000.0,60633.0
2024-05-21 00:00:00+09:00,440000.0,459000.0,437500.0,449500.0,62270.0
2024-05-22 00:00:00+09:00,447000.0,470500.0,447000.0,469000.0,111218.0
2024-05-23 00:00:00+09:00,469500.0,480000.0,458000.0,460000.0,88760.0
2024-05-24 00:00:00+09:00,458000.0,462500.0,450000.0,454500.0,42162.0
2024-05-27 00:00:00+09:00,461000.0,463500.0,445500.0,450500.0,53387.0
2024-05-28 00:00:00+09:00,450500.0,456000.0,431500.0,435000.0,90062.0
2024-05-29 00:00:00+09:00,434000.0,437000.0,424500.0,430000.0,72453.0
2024-05-30 00:00:00+09:00,426000.0,435000.0,420500.0,422500.0,64607.0
2024-05-31 00:00:00+09:00,426000.0,442000.0,417500.0,417500.0,153082.0
2024-06-03 00:00:00+09:00,425000.0,434000.0,416000.0,424500.0,70098.0
2024-06-04 00:00:00+09:00,423000.0,423000.0,402000.0,402500.0,108047.0
2024-06-05 00:00:00+09:00,403500.0,412500.0,403000.0,410500.0,78721.0
2024-06-07 00:00:00+09:00,414000.0,418000.0,410500.0,414500.0,51984.0
2024-06-10 00:00:00+09:00,409500.0,409500.0,398500.0,400000.0,65602.0
2024-06-11 00:00:00+09:00,404500.0,417000.0,400000.0,401500.0,75947.0
2024-06-12 00:00:00+09:00,403000.0,407500.0,401000.0,403500.0,70406.0
2024-06-13 00:00:00+09:00,406500.0,412000.0,400000.0,400000.0,136018.0
2024-06-14 00:00:00+09:00,403000.0,407000.0,391500.0,401000.0,115058.0
2024-06-17 00:00:00+09:00,400000.0,400000.0,387500.0,392500.0,75626.0
2024-06-18 00:00:00+09:00,394000.0,395500.0,385000.0,388500.0,65581.0
2024-06-19 00:00:00+09:00,391500.0,393000.0,379000.0,381500.0,77825.0
2024-06-20 00:00:00+09:00,382000.0,386000.0,370500.0,373000.0,97566.0
2024-06-21 00:00:00+09:00,372500.0,373000.0,365500.0,369000.0,103593.0
2024-06-24 00:00:00+09:00,370000.0,370500.0,359500.0,360000.0,103879.0
2024-06-25 00:00:00+09:00,360000.0,366000.0,358000.0,363000.0,67556.0
2024-06-26 00:00:00+09:00,362000.0,364500.0,358500.0,363500.0,58644.0
2024-06-27 00:00:00+09:00,360000.0,360500.0,351000.0,351500.0,82078.0
2024-06-28 00:00:00+09:00,351000.0,352500.0,342500.0,345500.0,89489.0
2024-07-01 00:00:00+09:00,344000.0,362000.0,344000.0,361500.0,129177.0
2024-07-02 00:00:00+09:00,358500.0,362500.0,353000.0,360000.0,72438.0
2024-07-03 00:00:00+09:00,364000.0,364000.0,348500.0,350000.0,65153.0
2024-07-04 00:00:00+09:00,350000.0,352500.0,342500.0,348000.0,60811.0
2024-07-05 00:00:00+09:00,350000.0,353000.0,347000.0,348500.0,44275.0
2024-07-08 00:00:00+09:00,347500.0,356000.0,347500.0,356000.0,38651.0
2024-07-09 00:00:00+09:00,356500.0,361000.0,355000.0,358500.0,45934.0
2024-07-10 00:00:00+09:00,358500.0,360500.0,355500.0,357500.0,34884.0
2024-07-11 00:00:00+09:00,358500.0,364000.0,354000.0,360500.0,75831.0
2024-07-12 00:00:00+09:00,361500.0,365500.0,355500.0,360000.0,43781.0
2024-07-15 00:00:00+09:00,359000.0,362000.0,352500.0,353500.0,37773.0
2024-07-16 00:00:00+09:00,354000.0,355000.0,340000.0,341500.0,87022.0
2024-07-17 00:00:00+09:00,340000.0,353000.0,340000.0,350000.0,66777.0
2024-07-18 00:00:00+09:00,350000.0,362500.0,346000.0,354000.0,62839.0
2024-07-19 00:00:00+09:00,351000.0,352500.0,340000.0,342500.0,56199.0
2024-07-22 00:00:00+09:00,341000.0,351000.0,341000.0,346500.0,37547.0
2024-07-23 00:00:00+09:00,346500.0,351500.0,338500.0,339500.0,49022.0
2024-07-24 00:00:00+09:00,339500.0,350500.0,339500.0,343000.0,36539.0
2024-07-25 00:00:00+09:00,342500.0,346000.0,333500.0,341500.0,51071.0
2024-07-26 00:00:00+09:00,347500.0,364000.0,347500.0,351000.0,94653.0
2024-07-29 00:00:00+09:00,354000.0,361500.0,350500.0,359000.0,63513.0
2024-07-30 00:00:00+09:00,357500.0,360500.0,351000.0,352500.0,43717.0
2024-07-31 00:00:00+09:00,353000.0,357500.0,348500.0,352000.0,55554.0
2024-08-01 00:00:00+09:00,352000.0,356500.0,346500.0,350000.0,89989.0
2024-08-02 00:00:00+09:00,347000.0,355500.0,345000.0,354000.0,71287.0
2024-08-05 00:00:00+09:00,351000.0,352000.0,321000.0,327000.0,127703.0
2024-08-06 00:00:00+09:00,336500.0,350500.0,331000.0,345000.0,85501.0
2024-08-07 00:00:00+09:00,349500.0,356000.0,345500.0,350000.0,69468.0
2024-08-08 00:00:00+09:00,349500.0,352500.0,342000.0,350000.0,58316.0
2024-08-09 00:00:00+09:00,351000.0,352500.0,333500.0,338500.0,85659.0
2024-08-12 00:00:00+09:00,342500.0,345500.0,337000.0,340500.0,43036.0
2024-08-13 00:00:00+09:00,337000.0,340500.0,330000.0,330000.0,82404.0
2024-08-14 00:00:00+09:00,333000.0,337500.0,332000.0,337000.0,36855.0
2024-08-16 00:00:00+09:00,343000.0,346000.0,336000.0,336000.0,39717.0
2024-08-19 00:00:00+09:00,339000.0,341000.0,335000.0,338000.0,29687.0
2024-08-20 00:00:00+09:00,341000.0,341000.0,335500.0,338500.0,32267.0
2024-08-21 00:00:00+09:00,340000.0,341000.0,335500.0,338500.0,35053.0
2024-08-22 00:00:00+09:00,340500.0,343500.0,337500.0,340000.0,39427.0
2024-08-23 00:00:00+09:00,341000.0,344000.0,339500.0,341500.0,33361.0
2024-08-26 00:00:00+09:00,343000.0,344000.0,334000.0,336500.0,42671.0
2024-08-27 00:00:00+09:00,339500.0,346500.0,337500.0,345500.0,47919.0
2024-08-28 00:00:00+09:00,348000.0,366000.0,346000.0,359500.0,130760.0
2024-08-29 00:00:00+09:00,360500.0,361000.0,353000.0,355000.0,73581.0
2024-08-30 00:00:00+09:00,355500.0,361000.0,352500.0,354500.0,98967.0
2024-09-02 00:00:00+09:00,359000.0,365500.0,359000.0,360500.0,76219.0
2024-09-03 00:00:00+09:00,363000.0,364500.0,354000.0,355000.0,36345.0
2024-09-04 00:00:00+09:00,345000.0,347000.0,338500.0,338500.0,53296.0
2024-09-05 00:00:00+09:00,342000.0,346500.0,340500.0,344000.0,29859.0
2024-09-06 00:00:00+09:00,344000.0,344500.0,338500.0,339000.0,39272.0
2024-09-09 00:00:00+09:00,329500.0,349000.0,329000.0,346000.0,39419.0
2024-09-10 00:00:00+09:00,349000.0,353500.0,346000.0,346000.0,25911.0
2024-09-11 00:00:00+09:00,348500.0,361000.0,348000.0,356500.0,74381.0
2024-09-12 00:00:00+09:00,357000.0,363500.0,350500.0,363500.0,61437.0
2024-09-13 00:00:00+09:00,360500.0,361500.0,350000.0,350000.0,39968.0
2024-09-19 00:00:00+09:00,354500.0,361000.0,347000.0,349500.0,70363.0
2024-09-20 00:00:00+09:00,351000.0,353000.0,346500.0,349500.0,49609.0
2024-09-23 00:00:00+09:00,352500.0,353500.0,348500.0,352000.0,23660.0
2024-09-24 00:00:00+09:00,353000.0,355000.0,349500.0,355000.0,40934.0
2024-09-25 00:00:00+09:00,359500.0,384500.0,359000.0,374000.0,218546.0
2024-09-26 00:00:00+09:00,370500.0,371000.0,358500.0,364000.0,94196.0
2024-09-27 00:00:00+09:00,367500.0,391500.0,367000.0,383500.0,154063.0
2024-09-30 00:00:00+09:00,387000.0,390000.0,379000.0,379000.0,80979.0
2024-10-02 00:00:00+09:00,376500.0,387500.0,372000.0,381000.0,90071.0
2024-10-04 00:00:00+09:00,383500.0,386000.0,372500.0,383000.0,68861.0
2024-10-07 00:00:00+09:00,384500.0,387000.0,379000.0,384500.0,43904.0
2024-10-08 00:00:00+09:00,383000.0,385000.0,353500.0,353500.0,142538.0
2024-10-10 00:00:00+09:00,354500.0,359500.0,354000.0,358000.0,66193.0
2024-10-11 00:00:00+09:00,359000.0,359500.0,353000.0,354000.0,47449.0
2024-10-14 00:00:00+09:00,354000.0,358000.0,351000.0,356500.0,29201.0
2024-10-15 00:00:00+09:00,358000.0,360500.0,347500.0,354000.0,63466.0
2024-10-16 00:00:00+09:00,351500.0,355000.0,345500.0,351000.0,74499.0
2024-10-17 00:00:00+09:00,351000.0,354500.0,347500.0,350500.0,56303.0
2024-10-18 00:00:00+09:00,350500.0,353500.0,346000.0,349000.0,34788.0
2024-10-21 00:00:00+09:00,349500.0,350500.0,347000.0,348500.0,36147.0
2024-10-22 00:00:00+09:00,348000.0,349500.0,340000.0,347500.0,58245.0
2024-10-23 00:00:00+09:00,349000.0,358000.0,346500.0,354000.0,52431.0
2024-10-24 00:00:00+09:00,353000.0,356000.0,348500.0,354500.0,29892.0
2024-10-25 00:00:00+09:00,354000.0,354500.0,343000.0,346000.0,47924.0
2024-10-28 00:00:00+09:00,346000.0,351500.0,345500.0,351500.0,42862.0
2024-10-29 00:00:00+09:00,351500.0,352500.0,346000.0,350000.0,35318.0
2024-10-30 00:00:00+09:00,338000.0,339500.0,329500.0,329500.0,135336.0
2024-10-31 00:00:00+09:00,330000.0,331500.0,326000.0,331500.0,70096.0
2024-11-01 00:00:00+09:00,334500.0,334500.0,329500.0,332000.0,60872.0
2024-11-04 00:00:00+09:00,331000.0,338000.0,330500.0,338000.0,46639.0
2024-11-05 00:00:00+09:00,335500.0,341500.0,335000.0,339000.0,38834.0
2024-11-06 00:00:00+09:00,341000.0,344500.0,334000.0,337000.0,43953.0
2024-11-07 00:00:00+09:00,335000.0,346000.0,331000.0,342500.0,37559.0
2024-11-08 00:00:00+09:00,347500.0,349500.0,343500.0,347000.0,41706.0
2024-11-11 00:00:00+09:00,347500.0,349500.0,343000.0,347000.0,55778.0
2024-11-12 00:00:00+09:00,346000.0,346000.0,334500.0,334500.0,55080.0
2024-11-13 00:00:00+09:00,334500.0,340000.0,331500.0,332500.0,45139.0
2024-11-14 00:00:00+09:00,331000.0,357000.0,327500.0,357000.0,50751.0
2024-11-15 00:00:00+09:00,339000.0,341500.0,328500.0,338000.0,46253.0
2024-11-18 00:00:00+09:00,337000.0,339500.0,333000.0,337000.0,39793.0
2024-11-19 00:00:00+09:00,335000.0,338500.0,332000.0,334000.0,41432.0
2024-11-20 00:00:00+09:00,332000.0,333500.0,321000.0,321000.0,69326.0
2024-11-21 00:00:00+09:00,321500.0,322500.0,314000.0,314000.0,46498.0
2024-11-22 00:00:00+09:00,316500.0,329500.0,314500.0,325500.0,62779.0
2024-11-25 00:00:00+09:00,330000.0,338500.0,326000.0,326000.0,86945.0
2024-11-26 00:00:00+09:00,326500.0,329500.0,324000.0,324500.0,23788.0
2024-11-27 00:00:00+09:00,324500.0,327500.0,319500.0,320500.0,36268.0
2024-11-28 00:00:00+09:00,322500.0,323500.0,318500.0,320000.0,18424.0
2024-11-29 00:00:00+09:00,321500.0,321500.0,309500.0,310500.0,50296.0
2024-12-02 00:00:00+09:00,315500.0,320000.0,313500.0,316000.0,30496.0
2024-12-03 00:00:00+09:00,319000.0,329000.0,319000.0,327500.0,57245.0
2024-12-04 00:00:00+09:00,317000.0,326000.0,315000.0,324500.0,34289.0
2024-12-05 00:00:00+09:00,323500.0,327500.0,320500.0,324500.0,23440.0
2024-12-06 00:00:00+09:00,326500.0,330500.0,323500.0,327000.0,42495.0
2024-12-09 00:00:00+09:00,326500.0,332500.0,324500.0,331000.0,54681.0
2024-12-10 00:00:00+09:00,336000.0,342500.0,332000.0,334000.0,55878.0
2024-12-11 00:00:00+09:00,334500.0,339500.0,331500.0,334500.0,36394.0
2024-12-12 00:00:00+09:00,337000.0,339000.0,334000.0,339000.0,66764.0
2024-12-13 00:00:00+09:00,338500.0,341500.0,335000.0,337500.0,26825.0
2024-12-16 00:00:00+09:00,340000.0,341500.0,334000.0,337500.0,24520.0
2024-12-17 00:00:00+09:00,334500.0,337500.0,322000.0,322000.0,58091.0
2024-12-18 00:00:00+09:00,323500.0,324500.0,320000.0,321000.0,28046.0
2024-12-19 00:00:00+09:00,317000.0,320500.0,313000.0,316500.0,30678.0
2024-12-20 00:00:00+09:00,315000.0,318000.0,311500.0,311500.0,36382.0
2024-12-23 00:00:00+09:00,312500.0,315000.0,310000.0,313500.0,24630.0
2024-12-24 00:00:00+09:00,313500.0,315000.0,311000.0,312000.0,21442.0
2024-12-26 00:00:00+09:00,314500.0,314500.0,309500.0,309500.0,32093.0
2024-12-27 00:00:00+09:00,309000.0,311000.0,304000.0,307000.0,32838.0
2024-12-30 00:00:00+09:00,307000.0,312000.0,305000.0,305000.0,24929.0
2025-01-02 00:00:00+09:00,305000.0,309000.0,303000.0,306500.0,26649.0
2025-01-03 00:00:00+09:00,308000.0,313500.0,307000.0,312000.0,31712.0
2025-01-06 00:00:00+09:00,315000.0,317500.0,310500.0,312000.0,76269.0
2025-01-07 00:00:00+09:00,313500.0,314000.0,311000.0,311000.0,47372.0
2025-01-08 00:00:00+09:00,310000.0,313000.0,308000.0,311000.0,41655.0
2025-01-09 00:00:00+09:00,311000.0,312000.0,306500.0,312000.0,55362.0
2025-01-10 00:00:00+09:00,309500.0,311500.0,305500.0,306000.0,49706.0
2025-01-13 00:00:00+09:00,305500.0,307000.0,300500.0,301000.0,47660.0
2025-01-14 00:00:00+09:00,302500.0,303000.0,300500.0,301500.0,23201.0
2025-01-15 00:00:00+09:00,303000.0,304000.0,300500.0,300500.0,36276.0
2025-01-16 00:00:00+09:00,303500.0,304500.0,301000.0,302000.0,50703.0
2025-01-17 00:00:00+09:00,302500.0,305500.0,300000.0,303000.0,41903.0
2025-01-20 00:00:00+09:00,303000.0,303500.0,294500.0,296000.0,75679.0
2025-01-21 00:00:00+09:00,297500.0,300000.0,295500.0,297500.0,35102.0
2025-01-22 00:00:00+09:00,299000.0,302500.0,299000.0,301000.0,38342.0
2025-01-23 00:00:00+09:00,301500.0,301500.0,298000.0,298000.0,34264.0
2025-01-24 00:00:00+09:00,298000.0,300000.0,297000.0,297500.0,21102.0
2025-01-31 00:00:00+09:00,301500.0,308000.0,300500.0,307000.0,65067.0
2025-02-03 00:00:00+09:00,302500.0,302500.0,296000.0,300500.0,52013.0
2025-02-04 00:00:00+09:00,301000.0,304000.0,295000.0,296000.0,38979.0
2025-02-05 00:00:00+09:00,301500.0,311500.0,300500.0,311000.0,80537.0
2025-02-06 00:00:00+09:00,310000.0,311500.0,307000.0,309000.0,22259.0
2025-02-07 00:00:00+09:00,307500.0,312500.0,303000.0,309500.0,29211.0
2025-02-10 00:00:00+09:00,309500.0,311000.0,302000.0,304000.0,32081.0
2025-02-11 00:00:00+09:00,305500.0,310500.0,305000.0,309500.0,26903.0
2025-02-12 00:00:00+09:00,310000.0,310000.0,305500.0,309000.0,19185.0
2025-02-13 00:00:00+09:00,308500.0,316000.0,307000.0,316000.0,64159.0
2025-02-14 00:00:00+09:00,316000.0,316000.0,308500.0,309000.0,33023.0
2025-02-17 00:00:00+09:00,310500.0,316500.0,309500.0,315000.0,29107.0
2025-02-18 00:00:00+09:00,315000.0,315500.0,310000.0,312000.0,22597.0
2025-02-19 00:00:00+09:00,311500.0,316500.0,311500.0,315500.0,29458.0
2025-02-20 00:00:00+09:00,325000.0,344000.0,322500.0,335000.0,201842.0
2025-02-21 00:00:00+09:00,339000.0,339000.0,328000.0,330000.0,51357.0
2025-02-24 00:00:00+09:00,327000.0,329500.0,324500.0,327000.0,27441.0
2025-02-25 00:00:00+09:00,327000.0,328000.0,320000.0,320500.0,33031.0
2025-02-26 00:00:00+09:00,321000.0,322500.0,315500.0,321000.0,54045.0
2025-02-27 00:00:00+09:00,321500.0,323000.0,316500.0,320500.0,54177.0
2025-02-28 00:00:00+09:00,319000.0,323000.0,315000.0,319500.0,109360.0
2025-03-04 00:00:00+09:00,316500.0,326500.0,316500.0,319500.0,67347.0
2025-03-05 00:00:00+09:00,323000.0,325500.0,315500.0,316500.0,67735.0
2025-03-06 00:00:00+09:00,317500.0,319000.0,315500.0,318500.0,34229.0
2025-03-07 00:00:00+09:00,317000.0,321000.0,315000.0,319500.0,34955.0
2025-03-10 00:00:00+09:00,319500.0,324500.0,317000.0,319000.0,33158.0
2025-03-11 00:00:00+09:00,310000.0,324500.0,308000.0,323000.0,68787.0
2025-03-12 00:00:00+09:00,323000.0,332500.0,320500.0,330000.0,44548.0
2025-03-13 00:00:00+09:00,331000.0,331500.0,321500.0,327000.0,99691.0
2025-03-14 00:00:00+09:00,326000.0,332500.0,323000.0,327000.0,21517.0
2025-03-17 00:00:00+09:00,330000.0,330000.0,325500.0,328000.0,26434.0
2025-03-18 00:00:00+09:00,329000.0,330000.0,324500.0,325000.0,22618.0
2025-03-19 00:00:00+09:00,324000.0,328000.0,322500.0,325500.0,24676.0
2025-03-20 00:00:00+09:00,325500.0,330000.0,324500.0,324500.0,24578.0
2025-03-21 00:00:00+09:00,324500.0,328500.0,322500.0,326500.0,51106.0
2025-03-24 00:00:00+09:00,326000.0,328000.0,322500.0,324000.0,22770.0
2025-03-25 00:00:00+09:00,324500.0,326000.0,322000.0,323000.0,27797.0
2025-03-26 00:00:00+09:00,325000.0,327500.0,323000.0,325000.0,18487.0
2025-03-27 00:00:00+09:00,324000.0,335000.0,322500.0,329000.0,37196.0
2025-03-28 00:00:00+09:00,329500.0,335000.0,325500.0,331500.0,31640.0
2025-03-31 00:00:00+09:00,328000.0,330000.0,311000.0,312500.0,67361.0
2025-04-01 00:00:00+09:00,314000.0,316500.0,308500.0,312500.0,41083.0
2025-04-02 00:00:00+09:00,315000.0,317500.0,304500.0,310500.0,70550.0
2025-04-03 00:00:00+09:00,302500.0,315500.0,302000.0,315000.0,42933.0
2025-04-04 00:00:00+09:00,312000.0,316500.0,304000.0,316000.0,43416.0
2025-04-07 00:00:00+09:00,309000.0,312000.0,303000.0,305000.0,50370.0
2025-04-08 00:00:00+09:00,307500.0,309500.0,299000.0,299500.0,39689.0
2025-04-09 00:00:00+09:00,304000.0,304000.0,290000.0,290000.0,48526.0
2025-04-10 00:00:00+09:00,300500.0,311500.0,298500.0,309500.0,94485.0
2025-04-11 00:00:00+09:00,305500.0,312500.0,304000.0,312500.0,31968.0
2025-04-14 00:00:00+09:00,312000.0,314000.0,310000.0,310500.0,17624.0
2025-04-15 00:00:00+09:00,309000.0,311500.0,307500.0,309500.0,26243.0
2025-04-16 00:00:00+09:00,310000.0,316000.0,310000.0,312500.0,30250.0
2025-04-17 00:00:00+09:00,313500.0,316500.0,312500.0,315000.0,20058.0
2025-04-18 00:00:00+09:00,315500.0,315500.0,310000.0,310500.0,20540.0
2025-04-21 00:00:00+09:00,311500.0,324000.0,309500.0,322000.0,42783.0
2025-04-22 00:00:00+09:00,321500.0,323000.0,317500.0,321000.0,20898.0
2025-04-23 00:00:00+09:00,325000.0,326000.0,320500.0,321500.0,24432.0
2025-04-24 00:00:00+09:00,320500.0,323000.0,318000.0,322000.0,20278.0
2025-04-25 00:00:00+09:00,323000.0,324500.0,317500.0,319500.0,24511.0
2025-04-28 00:00:00+09:00,319500.0,324000.0,317000.0,319000.0,26226.0
2025-04-29 00:00:00+09:00,325500.0,348500.0,325500.0,341000.0,123973.0
2025-04-30 00:00:00+09:00,341500.0,342500.0,334500.0,337500.0,35007.0
2025-05-02 00:00:00+09:00,336000.0,341500.0,335500.0,337500.0,27802.0
2025-05-07 00:00:00+09:00,343000.0,343500.0,329000.0,329500.0,38626.0
2025-05-08 00:00:00+09:00,330000.0,335500.0,329000.0,329500.0,53040.0
2025-05-09 00:00:00+09:00,331000.0,333000.0,325000.0,326500.0,23095.0
2025-05-12 00:00:00+09:00,327500.0,328500.0,321000.0,323000.0,34402.0
2025-05-13 00:00:00+09:00,323000.0,325000.0,322000.0,325000.0,24320.0
2025-05-14 00:00:00+09:00,325500.0,327000.0,321500.0,323500.0,20195.0
2025-05-15 00:00:00+09:00,322500.0,323500.0,318000.0,320000.0,23895.0
2025-05-16 00:00:00+09:00,320500.0,321500.0,313000.0,316000.0,23388.0
2025-05-19 00:00:00+09:00,316000.0,317000.0,309000.0,312000.0,16335.0
2025-05-20 00:00:00+09:00,313500.0,314000.0,309000.0,312000.0,20491.0
2025-05-21 00:00:00+09:00,312500.0,316500.0,311000.0,311500.0,22361.0
2025-05-22 00:00:00+09:00,309500.0,312500.0,308000.0,309500.0,24172.0
2025-05-23 00:00:00+09:00,309500.0,319000.0,309500.0,317000.0,32928.0
2025-05-26 00:00:00+09:00,320000.0,322500.0,313000.0,320500.0,26723.0
2025-05-27 00:00:00+09:00,317500.0,326500.0,316000.0,324500.0,37418.0
2025-05-28 00:00:00+09:00,325000.0,327500.0,323000.0,325500.0,19303.0
2025-05-29 00:00:00+09:00,327500.0,329000.0,320500.0,327500.0,50208.0
2025-05-30 00:00:00+09:00,326500.0,329500.0,325000.0,326000.0,57325.0
2025-06-02 00:00:00+09:00,327000.0,327500.0,320500.0,322500.0,28030.0
2025-06-04 00:00:00+09:00,326500.0,333500.0,326500.0,330000.0,53632.0
2025-06-05 00:00:00+09:00,330000.0,344000.0,330000.0,340500.0,55370.0
2025-06-09 00:00:00+09:00,346500.0,350000.0,338500.0,340500.0,54046.0
2025-06-10 00:00:00+09:00,341500.0,346500.0,340500.0,346500.0,46453.0
2025-06-11 00:00:00+09:00,348500.0,349000.0,341500.0,345500.0,39420.0
2025-06-12 00:00:00+09:00,343000.0,344500.0,340500.0,342500.0,79607.0
2025-06-13 00:00:00+09:00,343500.0,345500.0,332000.0,334500.0,40887.0
2025-06-16 00:00:00+09:00,338500.0,339000.0,332500.0,339000.0,27240.0
2025-06-17 00:00:00+09:00,338000.0,342000.0,334500.0,336500.0,27296.0
2025-06-18 00:00:00+09:00,333500.0,342000.0,333000.0,339000.0,40453.0
2025-06-19 00:00:00+09:00,342000.0,346500.0,335000.0,338500.0,28562.0
2025-06-20 00:00:00+09:00,341500.0,355500.0,340000.0,348500.0,93700.0
2025-06-23 00:00:00+09:00,344000.0,344000.0,335000.0,341500.0,45756.0
2025-06-24 00:00:00+09:00,348000.0,351500.0,342500.0,349500.0,44094.0
2025-06-25 00:00:00+09:00,349000.0,349000.0,339500.0,341500.0,59859.0
2025-06-26 00:00:00+09:00,341000.0,341000.0,331000.0,334500.0,45500.0
2025-06-27 00:00:00+09:00,336500.0,336500.0,324000.0,325000.0,61252.0
2025-06-30 00:00:00+09:00,321000.0,325000.0,315500.0,319500.0,73441.0
2025-07-01 00:00:00+09:00,322000.0,325500.0,319000.0,320500.0,67345.0
2025-07-02 00:00:00+09:00,320500.0,325000.0,318000.0,324000.0,53746.0
2025-07-03 00:00:00+09:00,325500.0,328500.0,324000.0,327000.0,63189.0
2025-07-04 00:00:00+09:00,329500.0,330000.0,322500.0,324000.0,45830.0
2025-07-07 00:00:00+09:00,325500.0,325500.0,321500.0,322000.0,45455.0
2025-07-08 00:00:00+09:00,323000.0,325000.0,320500.0,324000.0,48190.0
2025-07-09 00:00:00+09:00,323000.0,327500.0,320500.0,322000.0,64488.0
2025-07-10 00:00:00+09:00,323000.0,331500.0,321000.0,329000.0,85970.0
2025-07-11 00:00:00+09:00,329000.0,331000.0,327000.0,329500.0,38905.0
2025-07-14 00:00:00+09:00,334500.0,342000.0,334500.0,339000.0,70958.0
2025-07-15 00:00:00+09:00,339000.0,346500.0,328500.0,333000.0,99397.0
2025-07-16 00:00:00+09:00,335000.0,336500.0,326500.0,328500.0,44847.0
2025-07-17 00:00:00+09:00,329500.0,331000.0,325500.0,331000.0,28516.0
2025-07-18 00:00:00+09:00,331000.0,332500.0,328500.0,330500.0,25066.0
2025-07-21 00:00:00+09:00,330000.0,332000.0,328000.0,330500.0,31131.0
2025-07-22 00:00:00+09:00,331500.0,336000.0,329000.0,331000.0,44409.0
2025-07-23 00:00:00+09:00,332500.0,334500.0,328500.0,331500.0,40621.0
2025-07-24 00:00:00+09:00,334000.0,335000.0,327000.0,329000.0,45386.0
2025-07-25 00:00:00+09:00,328000.0,331500.0,326000.0,327000.0,36435.0
2025-07-28 00:00:00+09:00,329500.0,330000.0,323000.0,326500.0,39215.0
2025-07-29 00:00:00+09:00,324500.0,327500.0,322000.0,323500.0,68251.0
2025-07-30 00:00:00+09:00,324500.0,325500.0,321000.0,321500.0,68156.0
2025-07-31 00:00:00+09:00,323000.0,323500.0,314000.0,316000.0,103239.0
2025-08-01 00:00:00+09:00,307000.0,307500.0,290500.0,293000.0,242942.0
2025-08-04 00:00:00+09:00,296000.0,299500.0,292500.0,298500.0,44938.0
2025-08-05 00:00:00+09:00,301500.0,305000.0,294500.0,294500.0,73605.0
2025-08-06 00:00:00+09:00,296500.0,298000.0,295000.0,297000.0,48697.0
2025-08-07 00:00:00+09:00,302500.0,302500.0,297000.0,299000.0,32973.0
2025-08-08 00:00:00+09:00,299000.0,300000.0,297500.0,298000.0,31025.0
2025-08-11 00:00:00+09:00,299500.0,299500.0,296000.0,297500.0,36362.0
2025-08-12 00:00:00+09:00,297500.0,298500.0,294500.0,295000.0,31775.0
2025-08-13 00:00:00+09:00,295500.0,298000.0,294000.0,296500.0,64887.0
2025-08-14 00:00:00+09:00,296500.0,305500.0,296000.0,305500.0,91183.0
2025-08-18 00:00:00+09:00,302000.0,302000.0,296000.0,296500.0,65277.0
2025-08-19 00:00:00+09:00,298000.0,301500.0,296500.0,301500.0,41315.0
2025-08-20 00:00:00+09:00,300000.0,303500.0,298500.0,302000.0,46512.0
2025-08-21 00:00:00+09:00,303000.0,304000.0,300500.0,303000.0,38182.0
2025-08-22 00:00:00+09:00,303000.0,304500.0,300000.0,300000.0,31109.0
2025-08-25 00:00:00+09:00,302000.0,302500.0,297500.0,298000.0,31316.0
2025-08-26 00:00:00+09:00,298000.0,302000.0,297000.0,302000.0,58717.0
2025-08-27 00:00:00+09:00,301500.0,302000.0,298000.0,299000.0,27693.0
2025-08-28 00:00:00+09:00,299000.0,299500.0,296500.0,298500.0,47446.0
2025-08-29 00:00:00+09:00,299500.0,299500.0,295000.0,295500.0,40241.0
2025-09-01 00:00:00+09:00,295000.0,295000.0,292000.0,292500.0,34422.0
2025-09-02 00:00:00+09:00,293000.0,294500.0,290500.0,292000.0,42970.0
2025-09-03 00:00:00+09:00,291000.0,294500.0,291000.0,293500.0,24667.0
2025-09-04 00:00:00+09:00,292000.0,295000.0,292000.0,294000.0,33444.0
2025-09-05 00:00:00+09:00,293500.0,298000.0,293500.0,296500.0,38329.0
2025-09-08 00:00:00+09:00,297000.0,299500.0,293000.0,293500.0,43163.0
2025-09-09 00:00:00+09:00,294000.0,295000.0,292500.0,293000.0,40905.0
2025-09-10 00:00:00+09:00,293000.0,294500.0,292500.0,292500.0,56444.0
2025-09-11 00:00:00+09:00,293000.0,294000.0,290500.0,294000.0,120036.0
2025-09-12 00:00:00+09:00,294500.0,295500.0,292500.0,294000.0,81456.0
2025-09-15 00:00:00+09:00,294000.0,295000.0,291000.0,291500.0,70885.0
2025-09-16 00:00:00+09:00,293000.0,293000.0,290500.0,291000.0,42953.0
2025-09-17 00:00:00+09:00,291500.0,292000.0,290500.0,291500.0,16379.0
2025-09-18 00:00:00+09:00,292500.0,294000.0,291000.0,292500.0,40762.0
2025-09-19 00:00:00+09:00,292500.0,293000.0,290500.0,292000.0,44250.0
2025-09-22 00:00:00+09:00,293000.0,293500.0,291000.0,292000.0,36662.0
2025-09-23 00:00:00+09:00,291000.0,291500.0,282500.0,284000.0,95974.0
2025-09-24 00:00:00+09:00,285000.0,286000.0,282000.0,285500.0,35706.0
2025-09-25 00:00:00+09:00,285500.0,286500.0,284000.0,286500.0,26149.0
2025-09-26 00:00:00+09:00,282500.0,284000.0,280000.0,281000.0,52931.0
2025-09-29 00:00:00+09:00,282000.0,287500.0,281000.0,285500.0,39422.0
2025-09-30 00:00:00+09:00,287500.0,291500.0,285500.0,286000.0,52108.0
2025-10-01 00:00:00+09:00,288000.0,289000.0,285500.0,286500.0,28706.0
2025-10-02 00:00:00+09:00,287500.0,289000.0,284500.0,289000.0,67436.0
2025-10-10 00:00:00+09:00,286000.0,290500.0,285000.0,289000.0,60232.0
2025-10-13 00:00:00+09:00,285000.0,290500.0,281500.0,289500.0,51148.0
2025-10-14 00:00:00+09:00,287000.0,287500.0,282000.0,282500.0,48139.0
2025-10-15 00:00:00+09:00,284000.0,284500.0,281500.0,282000.0,32743.0
2025-10-16 00:00:00+09:00,282000.0,286500.0,282000.0,283500.0,39634.0
2025-10-17 00:00:00+09:00,283000.0,284000.0,281000.0,281500.0,39510.0
2025-10-20 00:00:00+09:00,283000.0,283000.0,279000.0,281500.0,44083.0
2025-10-21 00:00:00+09:00,282500.0,284500.0,280500.0,282000.0,63516.0
2025-10-22 00:00:00+09:00,281000.0,288000.0,281000.0,288000.0,47768.0
2025-10-23 00:00:00+09:00,286500.0,289500.0,283000.0,283500.0,36411.0
2025-10-24 00:00:00+09:00,285000.0,286500.0,281000.0,284000.0,32851.0
2025-10-27 00:00:00+09:00,284000.0,289000.0,283500.0,286500.0,38680.0
2025-10-28 00:00:00+09:00,287000.0,291000.0,287000.0,290500.0,57448.0
2025-10-29 00:00:00+09:00,292500.0,293000.0,286500.0,288000.0,44194.0
2025-10-30 00:00:00+09:00,291000.0,293500.0,286000.0,287000.0,81096.0
2025-10-31 00:00:00+09:00,287000.0,287000.0,283500.0,284500.0,54530.0
2025-11-03 00:00:00+09:00,293500.0,295500.0,284000.0,286500.0,106784.0
2025-11-04 00:00:00+09:00,290500.0,298000.0,290000.0,291000.0,115547.0
2025-11-05 00:00:00+09:00,293500.0,294000.0,283000.0,286000.0,67432.0
2025-11-06 00:00:00+09:00,286500.0,288000.0,283500.0,286000.0,49641.0
2025-11-07 00:00:00+09:00,286000.0,294000.0,284000.0,289000.0,78161.0
2025-11-10 00:00:00+09:00,292500.0,293000.0,286500.0,288500.0,44780.0
2025-11-11 00:00:00+09:00,287000.0,293500.0,285500.0,291000.0,83795.0
2025-11-12 00:00:00+09:00,291000.0,301000.0,289250.0,298500.0,121564.0
2025-11-13 00:00:00+09:00,298500.0,301000.0,295000.0,301000.0,76998.0
2025-11-14 00:00:00+09:00,297000.0,301000.0,294000.0,294000.0,53460.0
2025-11-17 00:00:00+09:00,294000.0,294500.0,288000.0,289000.0,45238.0
2025-11-18 00:00:00+09:00,288000.0,289500.0,280500.0,281000.0,70624.0
2025-11-19 00:00:00+09:00,283500.0,287500.0,281000.0,286000.0,37460.0
2025-11-20 00:00:00+09:00,287000.0,303000.0,286500.0,296500.0,133720.0
2025-11-21 00:00:00+09:00,295500.0,296500.0,291500.0,295000.0,46143.0
2025-11-24 00:00:00+09:00,297500.0,298000.0,288500.0,289000.0,82066.0
2025-11-25 00:00:00+09:00,290000.0,291500.0,281000.0,282500.0,56782.0
2025-11-26 00:00:00+09:00,283500.0,286500.0,282000.0,285500.0,33598.0
2025-11-27 00:00:00+09:00,286000.0,287500.0,278750.0,279500.0,111056.0
2025-11-28 00:00:00+09:00,280000.0,280500.0,275000.0,276500.0,93631.0
2025-12-01 00:00:00+09:00,277500.0,278000.0,275000.0,276000.0,62818.0
2025-12-02 00:00:00+09:00,276000.0,276500.0,275000.0,276000.0,23548.0
2025-12-03 00:00:00+09:00,276500.0,277000.0,275000.0,276500.0,30638.0
2025-12-04 00:00:00+09:00,276000.0,276000.0,270500.0,271500.0,98684.0
2025-12-05 00:00:00+09:00,271500.0,273500.0,271000.0,272500.0,48004.0
2025-12-08 00:00:00+09:00,273000.0,273500.0,270000.0,270500.0,45945.0
2025-12-09 00:00:00+09:00,272000.0,272000.0,267000.0,267500.0,68502.0
2025-12-10 00:00:00+09:00,269000.0,269000.0,262500.0,263000.0,78107.0
2025-12-11 00:00:00+09:00,264000.0,264500.0,258000.0,259000.0,118682.0
2025-12-12 00:00:00+09:00,261500.0,263000.0,259500.0,263000.0,53436.0
2025-12-15 00:00:00+09:00,261000.0,271500.0,260000.0,267000.0,100450.0
2025-12-16 00:00:00+09:00,267000.0,268500.0,264500.0,266000.0,51253.0
2025-12-17 00:00:00+09:00,267000.0,268500.0,264500.0,266000.0,36097.0
2025-12-18 00:00:00+09:00,265000.0,265000.0,262000.0,262500.0,45537.0
2025-12-19 00:00:00+09:00,265000.0,265000.0,261000.0,264000.0,68312.0
2025-12-22 00:00:00+09:00,264500.0,265000.0,262500.0,263500.0,39247.0
2025-12-23 00:00:00+09:00,264500.0,265000.0,262000.0,263000.0,34011.0
2025-12-24 00:00:00+09:00,264000.0,264500.0,262000.0,264000.0,35157.0
2025-12-26 00:00:00+09:00,264000.0,264000.0,259500.0,260000.0,41973.0
2025-12-29 00:00:00+09:00,258000.0,259000.0,254500.0,258000.0,43470.0
2025-12-30 00:00:00+09:00,258000.0,259500.0,256500.0,258500.0,33611.0
2026-01-02 00:00:00+09:00,262000.0,271000.0,262000.0,270000.0,103703.0
2026-01-05 00:00:00+09:00,272500.0,273000.0,265500.0,267000.0,83729.0
2026-01-06 00:00:00+09:00,269000.0,270000.0,263500.0,266500.0,61981.0
2026-01-07 00:00:00+09:00,263000.0,264000.0,257500.0,262000.0,97857.0
2026-01-08 00:00:00+09:00,258500.0,262500.0,256500.0,262500.0,84536.0
2026-01-09 00:00:00+09:00,261000.0,262500.0,259500.0,262000.0,53870.0
2026-01-12 00:00:00+09:00,262000.0,262000.0,257500.0,262000.0,69434.0
2026-01-13 00:00:00+09:00,262500.0,263000.0,260000.0,262000.0,49691.0
2026-01-14 00:00:00+09:00,262000.0,264500.0,261000.0,263000.0,48217.0
2026-01-15 00:00:00+09:00,262500.0,264500.0,260500.0,263000.0,49113.0
2026-01-16 00:00:00+09:00,263000.0,267000.0,262500.0,264500.0,69106.0
2026-01-19 00:00:00+09:00,263000.0,263500.0,260500.0,263500.0,40472.0
2026-01-20 00:00:00+09:00,262000.0,271000.0,262000.0,270000.0,80467.0
2026-01-21 00:00:00+09:00,269000.0,273000.0,265000.0,269500.0,72089.0
2026-01-22 00:00:00+09:00,270000.0,274500.0,268500.0,274000.0,97488.0
2026-01-23 00:00:00+09:00,274000.0,275000.0,271000.0,274000.0,46761.0
2026-01-26 00:00:00+09:00,273000.0,275500.0,272000.0,273000.0,57344.0
2026-01-27 00:00:00+09:00,274000.0,278500.0,273500.0,276500.0,106575.0
2026-01-28 00:00:00+09:00,277000.0,277500.0,273000.0,275000.0,69386.0
2026-01-29 00:00:00+09:00,269500.0,270000.0,261500.0,266500.0,128621.0
2026-01-30 00:00:00+09:00,265500.0,266500.0,262000.0,262500.0,85466.0
2026-02-02 00:00:00+09:00,260500.0,261500.0,253500.0,257000.0,96937.0
2026-02-03 00:00:00+09:00,258000.0,260000.0,254500.0,257500.0,99306.0
2026-02-04 00:00:00+09:00,257000.0,265000.0,256500.0,264500.0,76894.0
2026-02-05 00:00:00+09:00,264500.0,270000.0,263000.0,266500.0,91747.0
2026-02-06 00:00:00+09:00,262500.0,264000.0,256500.0,261500.0,82068.0
2026-02-09 00:00:00+09:00,265500.0,275000.0,265500.0,268500.0,106258.0
2026-02-10 00:00:00+09:00,270000.0,276000.0,268500.0,274500.0,82415.0
2026-02-11 00:00:00+09:00,273500.0,276000.0,271000.0,271500.0,83762.0
2026-02-12 00:00:00+09:00,274500.0,278500.0,272000.0,276000.0,99942.0
2026-02-13 00:00:00+09:00,276500.0,278000.0,272000.0,276500.0,72036.0
2026-02-19 00:00:00+09:00,277000.0,279500.0,270500.0,278500.0,109336.0
2026-02-20 00:00:00+09:00,276500.0,279500.0,273000.0,273000.0,81612.0
2026-02-23 00:00:00+09:00,273500.0,275000.0,271000.0,272000.0,76598.0
2026-02-24 00:00:00+09:00,273000.0,273000.0,269000.0,269500.0,78952.0
2026-02-25 00:00:00+09:00,270000.0,271000.0,266500.0,268000.0,75532.0
2026-02-26 00:00:00+09:00,272000.0,275000.0,269000.0,269000.0,127191.0
2026-02-27 00:00:00+09:00,270000.0,270500.0,263500.0,267000.0,1078217.0
2026-03-03 00:00:00+09:00,263000.0,264500.0,253500.0,253500.0,121906.0
2026-03-04 00:00:00+09:00,246000.0,247000.0,225000.0,225000.0,162688.0
2026-03-05 00:00:00+09:00,237000.0,240000.0,234500.0,235500.0,76429.0
2026-03-06 00:00:00+09:00,234000.0,248000.0,234000.0,248000.0,72992.0
2026-03-09 00:00:00+09:00,236000.0,250000.0,233000.0,249000.0,104696.0
2026-03-10 00:00:00+09:00,253500.0,253500.0,244500.0,245000.0,69763.0
2026-03-11 00:00:00+09:00,248000.0,252500.0,246000.0,248000.0,62015.0
2026-03-12 00:00:00+09:00,248500.0,252000.0,246000.0,251500.0,81284.0
2026-03-13 00:00:00+09:00,246000.0,251000.0,245500.0,249500.0,49844.0
2026-03-16 00:00:00+09:00,247500.0,248500.0,240000.0,240500.0,65383.0
2026-03-17 00:00:00+09:00,244000.0,244000.0,239000.0,243000.0,70184.0
2026-03-18 00:00:00+09:00,244000.0,247000.0,243000.0,245500.0,54216.0
2026-03-19 00:00:00+09:00,241500.0,243500.0,240000.0,243000.0,56110.0
2026-03-20 00:00:00+09:00,243500.0,257000.0,242000.0,255500.0,116290.0
2026-03-23 00:00:00+09:00,248500.0,250000.0,244500.0,245000.0,47519.0
2026-03-24 00:00:00+09:00,250000.0,251500.0,245500.0,250000.0,41460.0
2026-03-25 00:00:00+09:00,254000.0,258000.0,245000.0,246500.0,56295.0
2026-03-26 00:00:00+09:00,247000.0,247000.0,241000.0,242000.0,31598.0
2026-03-27 00:00:00+09:00,240500.0,247500.0,236500.0,247500.0,60981.0
2026-03-30 00:00:00+09:00,240500.0,244000.0,239500.0,244000.0,39551.0
2026-03-31 00:00:00+09:00,240500.0,249500.0,240500.0,247000.0,81306.0
2026-04-01 00:00:00+09:00,250500.0,254500.0,246000.0,253500.0,58780.0
2026-04-02 00:00:00+09:00,253500.0,254000.0,241000.0,245000.0,62131.0
2026-04-03 00:00:00+09:00,245500.0,248000.0,245000.0,247000.0,30686.0
2026-04-06 00:00:00+09:00,245500.0,248000.0,239000.0,239000.0,45059.0
2026-04-07 00:00:00+09:00,239500.0,242500.0,235000.0,236000.0,40558.0
2026-04-08 00:00:00+09:00,241500.0,247500.0,240500.0,247000.0,54278.0
2026-04-09 00:00:00+09:00,245000.0,251000.0,243500.0,251000.0,60823.0
2026-04-10 00:00:00+09:00,249000.0,251500.0,245000.0,249000.0,52392.0
2026-04-13 00:00:00+09:00,248000.0,255000.0,247000.0,248500.0,35103.0
2026-04-14 00:00:00+09:00,251000.0,252000.0,247500.0,249000.0,29834.0
2026-04-15 00:00:00+09:00,250000.0,252000.0,248000.0,249000.0,45481.0
2026-04-16 00:00:00+09:00,250500.0,254000.0,250000.0,253500.0,41997.0
2026-04-17 00:00:00+09:00,253500.0,257000.0,251000.0,255000.0,47001.0
2026-04-20 00:00:00+09:00,255500.0,255500.0,251000.0,251500.0,28231.0
2026-04-21 00:00:00+09:00,252000.0,254000.0,250500.0,250500.0,37867.0
2026-04-22 00:00:00+09:00,250000.0,251500.0,249500.0,250000.0,29854.0
2026-04-23 00:00:00+09:00,252000.0,252000.0,245000.0,247000.0,52403.0
2026-04-24 00:00:00+09:00,247000.0,254000.0,247000.0,253000.0,54684.0
2026-04-27 00:00:00+09:00,255000.0,255500.0,251500.0,254000.0,41026.0
2026-04-28 00:00:00+09:00,252500.0,259500.0,252500.0,255000.0,42085.0
2026-04-29 00:00:00+09:00,259500.0,260000.0,252500.0,254500.0,55473.0
2026-04-30 00:00:00+09:00,253500.0,262000.0,251000.0,254000.0,81025.0
2026-05-04 00:00:00+09:00,268500.0,292000.0,267000.0,279500.0,333640.0
2026-05-06 00:00:00+09:00,277500.0,278500.0,266000.0,267500.0,108692.0
2026-05-07 00:00:00+09:00,269500.0,279500.0,267500.0,275000.0,112909.0
2026-05-08 00:00:00+09:00,278000.0,278500.0,271750.0,275500.0,58367.0
2026-05-11 00:00:00+09:00,273000.0,275000.0,266500.0,268500.0,59412.0
2026-05-12 00:00:00+09:00,268000.0,268000.0,256250.0,264000.0,81231.0
2026-05-13 00:00:00+09:00,263000.0,266000.0,254000.0,256500.0,68999.0
2026-05-14 00:00:00+09:00,256500.0,283000.0,256500.0,283000.0,153309.0
2026-05-15 00:00:00+09:00,282000.0,282000.0,265000.0,268000.0,80683.0
2026-05-18 00:00:00+09:00,269500.0,270000.0,256000.0,259500.0,56089.0
2026-05-19 00:00:00+09:00,257000.0,265500.0,256500.0,260000.0,61655.0
2026-05-20 00:00:00+09:00,258500.0,260500.0,247500.0,248500.0,64027.0
2026-05-21 00:00:00+09:00,250500.0,252500.0,248000.0,252000.0,58080.0
2026-05-22 00:00:00+09:00,253000.0,266000.0,253000.0,262500.0,55426.0
2026-05-26 00:00:00+09:00,267000.0,267000.0,256000.0,257500.0,46846.0
2026-05-27 00:00:00+09:00,256000.0,258000.0,248500.0,252500.0,66441.0
2026-05-28 00:00:00+09:00,252500.0,253000.0,240500.0,248000.0,59014.0
2026-05-29 00:00:00+09:00,249500.0,254000.0,244000.0,247500.0,77706.0
2026-06-01 00:00:00+09:00,249500.0,259000.0,246500.0,248500.0,183035.0
2026-06-02 00:00:00+09:00,249000.0,249000.0,242500.0,244000.0,58022.0
2026-06-04 00:00:00+09:00,244500.0,258500.0,236000.0,254000.0,80669.0
2026-06-05 00:00:00+09:00,255000.0,257500.0,241500.0,248000.0,57327.0
2026-06-08 00:00:00+09:00,237500.0,240500.0,233000.0,238000.0,55449.0
2026-06-09 00:00:00+09:00,238500.0,246000.0,236000.0,242000.0,69040.0
2026-06-10 00:00:00+09:00,237500.0,243000.0,229500.0,234500.0,114520.0
2026-06-11 00:00:00+09:00,230000.0,240000.0,226500.0,238500.0,90621.0
2026-06-12 00:00:00+09:00,242000.0,248500.0,238000.0,242000.0,96389.0
2026-06-15 00:00:00+09:00,248500.0,249500.0,244000.0,246500.0,39770.0
2026-06-16 00:00:00+09:00,246500.0,249000.0,244000.0,246500.0,35112.0
2026-06-17 00:00:00+09:00,247000.0,248000.0,239500.0,239500.0,47137.0
2026-06-18 00:00:00+09:00,239500.0,241000.0,235000.0,237000.0,36289.0
2026-06-19 00:00:00+09:00,239000.0,241000.0,232500.0,235500.0,72004.0
2026-06-22 00:00:00+09:00,234000.0,235000.0,226000.0,226500.0,45459.0
2026-06-23 00:00:00+09:00,225000.0,230000.0,220000.0,225500.0,74574.0
2026-06-24 00:00:00+09:00,223500.0,225000.0,218500.0,225000.0,54021.0
2026-06-25 00:00:00+09:00,224000.0,232500.0,220500.0,224000.0,63853.0
2026-06-26 00:00:00+09:00,222500.0,223500.0,210000.0,215000.0,54588.0
2026-06-29 00:00:00+09:00,215500.0,237000.0,215000.0,236000.0,85763.0
2026-06-30 00:00:00+09:00,235500.0,235500.0,226500.0,229500.0,55621.0
2026-07-01 00:00:00+09:00,231500.0,237500.0,228000.0,236000.0,33206.0
2026-07-02 00:00:00+09:00,236000.0,248500.0,230500.0,245000.0,92277.0
2026-07-03 00:00:00+09:00,246000.0,249000.0,239500.0,245000.0,36373.0
2026-07-06 00:00:00+09:00,244500.0,254000.0,242000.0,247500.0,37778.0
2026-07-07 00:00:00+09:00,247500.0,259000.0,244000.0,258000.0,84489.0
2026-07-08 00:00:00+09:00,257000.0,260500.0,251500.0,256000.0,71920.0
2026-07-09 00:00:00+09:00,253500.0,255000.0,240000.0,241000.0,65829.0
2026-07-10 00:00:00+09:00,243500.0,254000.0,243500.0,245000.0,36857.0
2026-07-13 00:00:00+09:00,245500.0,252000.0,245500.0,248500.0,40864.0
2026-07-14 00:00:00+09:00,249500.0,250000.0,240500.0,240500.0,52773.0
2026-07-15 00:00:00+09:00,242500.0,244500.0,235000.0,238000.0,43870.0
2026-07-16 00:00:00+09:00,239500.0,248500.0,238500.0,246500.0,37406.0
2026-07-20 00:00:00+09:00,246000.0,251500.0,239500.0,245000.0,58289.0
2026-07-21 00:00:00+09:00,242000.0,248000.0,242000.0,245000.0,34354.0
2026-07-22 00:00:00+09:00,246500.0,249500.0,243000.0,244000.0,32354.0
2026-07-23 00:00:00+09:00,244000.0,249000.0,242500.0,248000.0,36762.0
2026-07-24 00:00:00+09:00,245500.0,254000.0,245500.0,248500.0,38448.0
2026-07-27 00:00:00+09:00,251000.0,260000.0,249000.0,256000.0,38412.0
2026-07-28 00:00:00+09:00,254000.0,262500.0,253500.0,255500.0,68483.0
2026-07-29 00:00:00+09:00,256000.0,278500.0,255000.0,263000.0,171968.0
2026-07-30 00:00:00+09:00,270000.0,314500.0,270000.0,292000.0,497701.0
2026-07-31 00:00:00+09:00,287500.0,287500.0,271000.0,287000.0,154619.0
2026-08-03 00:00:00+09:00,287000.0,299000.0,279000.0,283500.0,98338.0
2026-08-04 00:00:00+09:00,278000.0,292500.0,277500.0,291500.0,101117.0
2026-08-05 00:00:00+09:00,289000.0,302500.0,286000.0,292500.0,108556.0
2026-08-06 00:00:00+09:00,296000.0,328000.0,295000.0,324000.0,285599.0
2026-08-07 00:00:00+09:00,317000.0,335500.0,310000.0,333500.0,183762.0
2026-08-10 00:00:00+09:00,328500.0,332000.0,311000.0,320000.0,88802.0
2026-08-11 00:00:00+09:00,322000.0,325500.0,313000.0,318500.0,95104.0
2026-08-12 00:00:00+09:00,318500.0,321000.0,312000.0,314000.0,101403.0
2026-08-13 00:00:00+09:00,309500.0,311500.0,300000.0,303500.0,159421.0
2026-08-14 00:00:00+09:00,303000.0,311000.0,300500.0,307500.0,76531.0
2026-08-18 00:00:00+09:00,305000.0,305000.0,295500.0,300000.0,74761.0
2026-08-19 00:00:00+09:00,295500.0,306000.0,295500.0,302000.0,51493.0
2026-08-20 00:00:00+09:00,301000.0,309500.0,300000.0,304500.0,49959.0
2026-08-21 00:00:00+09:00,304000.0,316000.0,301000.0,313000.0,73598.0
2026-08-24 00:00:00+09:00,312000.0,319000.0,307000.0,316000.0,51262.0
2026-08-25 00:00:00+09:00,314000.0,321000.0,313000.0,316000.0,91044.0
2026-08-26 00:00:00+09:00,315500.0,318500.0,308500.0,311000.0,56093.0
2026-08-27 00:00:00+09:00,311000.0,314000.0,295000.0,298500.0,91530.0
2026-08-28 00:00:00+09:00,297000.0,319500.0,296000.0,318000.0,90844.0
