dt,open,high,low,close,volume
2016-06-21 00:00:00+09:00,255500.0,258500.0,252000.0,257500.0,470967.0
2016-06-22 00:00:00+09:00,258000.0,258500.0,253500.0,255500.0,313149.0
2016-06-23 00:00:00+09:00,257000.0,259000.0,252000.0,253000.0,250258.0
2016-06-24 00:00:00+09:00,256500.0,257000.0,238500.0,240000.0,602804.0
2016-06-27 00:00:00+09:00,231000.0,240500.0,230000.0,238500.0,418524.0
2016-06-28 00:00:00+09:00,235500.0,239500.0,234500.0,238500.0,368958.0
2016-06-29 00:00:00+09:00,245500.0,258000.0,245500.0,257000.0,488673.0
2016-06-30 00:00:00+09:00,263500.0,263500.0,255500.0,260000.0,411978.0
2016-07-01 00:00:00+09:00,259000.0,259500.0,256000.0,258000.0,152999.0
2016-07-04 00:00:00+09:00,258000.0,263500.0,256500.0,262500.0,172075.0
2016-07-05 00:00:00+09:00,262500.0,265000.0,261000.0,261500.0,158091.0
2016-07-06 00:00:00+09:00,259500.0,259500.0,247500.0,248500.0,429129.0
2016-07-07 00:00:00+09:00,250000.0,252500.0,248000.0,249500.0,253246.0
2016-07-08 00:00:00+09:00,250000.0,252000.0,245500.0,247500.0,147738.0
2016-07-11 00:00:00+09:00,245000.0,257000.0,245000.0,255000.0,289664.0
2016-07-12 00:00:00+09:00,253000.0,255000.0,248500.0,252000.0,164395.0
2016-07-13 00:00:00+09:00,256000.0,257000.0,251500.0,253500.0,157337.0
2016-07-14 00:00:00+09:00,252500.0,256000.0,251000.0,256000.0,164915.0
2016-07-15 00:00:00+09:00,259000.0,260000.0,255500.0,258000.0,205077.0
2016-07-18 00:00:00+09:00,260500.0,262500.0,256500.0,257500.0,144360.0
2016-07-19 00:00:00+09:00,260500.0,262000.0,257500.0,259000.0,144119.0
2016-07-20 00:00:00+09:00,259500.0,260500.0,255000.0,256000.0,130951.0
2016-07-21 00:00:00+09:00,256500.0,259000.0,248000.0,249000.0,330939.0
2016-07-22 00:00:00+09:00,250500.0,250500.0,238500.0,240500.0,657471.0
2016-07-25 00:00:00+09:00,241000.0,243500.0,240000.0,243000.0,224512.0
2016-07-26 00:00:00+09:00,242500.0,247000.0,242000.0,246500.0,210022.0
2016-07-27 00:00:00+09:00,248000.0,248500.0,245000.0,246500.0,148775.0
2016-07-28 00:00:00+09:00,246500.0,247500.0,241500.0,242500.0,172604.0
2016-07-29 00:00:00+09:00,242500.0,249500.0,242500.0,243500.0,248177.0
2016-08-01 00:00:00+09:00,244000.0,257000.0,244000.0,257000.0,362747.0
2016-08-02 00:00:00+09:00,255500.0,258500.0,250500.0,251000.0,221254.0
2016-08-03 00:00:00+09:00,249000.0,250500.0,246000.0,249500.0,128706.0
2016-08-04 00:00:00+09:00,252500.0,253500.0,249500.0,251000.0,163442.0
2016-08-05 00:00:00+09:00,252000.0,253000.0,246500.0,246500.0,178401.0
2016-08-08 00:00:00+09:00,247500.0,249000.0,246000.0,248000.0,150119.0
2016-08-09 00:00:00+09:00,248000.0,258000.0,246000.0,257500.0,287596.0
2016-08-10 00:00:00+09:00,260000.0,268500.0,259500.0,265500.0,542350.0
2016-08-11 00:00:00+09:00,266000.0,267000.0,260000.0,261500.0,194226.0
2016-08-12 00:00:00+09:00,265000.0,269000.0,264500.0,265000.0,220552.0
2016-08-16 00:00:00+09:00,265000.0,265500.0,260500.0,261500.0,199852.0
2016-08-17 00:00:00+09:00,262000.0,263500.0,258500.0,262500.0,120690.0
2016-08-18 00:00:00+09:00,263500.0,264500.0,258000.0,259000.0,152561.0
2016-08-19 00:00:00+09:00,260000.0,263000.0,258000.0,262000.0,199995.0
2016-08-22 00:00:00+09:00,269000.0,276000.0,267500.0,268500.0,449990.0
2016-08-23 00:00:00+09:00,270500.0,271500.0,263000.0,269000.0,268098.0
2016-08-24 00:00:00+09:00,269500.0,273000.0,267000.0,267000.0,190556.0
2016-08-25 00:00:00+09:00,265000.0,269500.0,261000.0,268000.0,165231.0
2016-08-26 00:00:00+09:00,268000.0,270500.0,267000.0,268500.0,122172.0
2016-08-29 00:00:00+09:00,265000.0,266000.0,262000.0,263500.0,206256.0
2016-08-30 00:00:00+09:00,265000.0,266500.0,263500.0,264000.0,102645.0
2016-08-31 00:00:00+09:00,264500.0,271000.0,263500.0,270500.0,247093.0
2016-09-01 00:00:00+09:00,271500.0,271500.0,267000.0,270000.0,149894.0
2016-09-02 00:00:00+09:00,267500.0,268500.0,262500.0,263000.0,241400.0
2016-09-05 00:00:00+09:00,265500.0,268000.0,265000.0,267000.0,131630.0
2016-09-06 00:00:00+09:00,261000.0,264500.0,250500.0,251500.0,773416.0
2016-09-07 00:00:00+09:00,252500.0,256000.0,249500.0,249500.0,505160.0
2016-09-08 00:00:00+09:00,252000.0,252500.0,247500.0,248000.0,266658.0
2016-09-09 00:00:00+09:00,248000.0,250000.0,247000.0,248500.0,159837.0
2016-09-12 00:00:00+09:00,245000.0,252500.0,244000.0,245500.0,244829.0
2016-09-13 00:00:00+09:00,248500.0,249500.0,237000.0,237500.0,589842.0
2016-09-19 00:00:00+09:00,234000.0,235000.0,227500.0,233000.0,696631.0
2016-09-20 00:00:00+09:00,233000.0,235000.0,230000.0,232500.0,408531.0
2016-09-21 00:00:00+09:00,233500.0,241000.0,232500.0,241000.0,376149.0
2016-09-22 00:00:00+09:00,244500.0,245000.0,238500.0,238500.0,272299.0
2016-09-23 00:00:00+09:00,240000.0,242000.0,238000.0,239000.0,238213.0
2016-09-26 00:00:00+09:00,242000.0,244000.0,241500.0,242500.0,227794.0
2016-09-27 00:00:00+09:00,242500.0,245000.0,242000.0,244000.0,238189.0
2016-09-28 00:00:00+09:00,246000.0,246000.0,242000.0,242000.0,185517.0
2016-09-29 00:00:00+09:00,245000.0,247500.0,243500.0,244000.0,253285.0
2016-09-30 00:00:00+09:00,242000.0,243000.0,239000.0,241500.0,242273.0
2016-10-04 00:00:00+09:00,243000.0,243000.0,237000.0,237500.0,252151.0
2016-10-05 00:00:00+09:00,237500.0,240000.0,237000.0,240000.0,172292.0
2016-10-06 00:00:00+09:00,238500.0,239500.0,233000.0,234000.0,430401.0
2016-10-07 00:00:00+09:00,235000.0,235500.0,232000.0,233500.0,262507.0
2016-10-10 00:00:00+09:00,234000.0,237000.0,231500.0,232500.0,257172.0
2016-10-11 00:00:00+09:00,235000.0,238000.0,232500.0,235000.0,302622.0
2016-10-12 00:00:00+09:00,233500.0,238500.0,233000.0,237000.0,248384.0
2016-10-13 00:00:00+09:00,236500.0,237000.0,230500.0,230500.0,299144.0
2016-10-14 00:00:00+09:00,231000.0,235500.0,230000.0,232500.0,256461.0
2016-10-17 00:00:00+09:00,234000.0,240000.0,232500.0,240000.0,283643.0
2016-10-18 00:00:00+09:00,240500.0,245500.0,240000.0,245000.0,419090.0
2016-10-19 00:00:00+09:00,242500.0,249500.0,242000.0,244500.0,415140.0
2016-10-20 00:00:00+09:00,248500.0,253000.0,248000.0,251000.0,403226.0
2016-10-21 00:00:00+09:00,252000.0,252500.0,249500.0,250500.0,203091.0
2016-10-24 00:00:00+09:00,252000.0,254500.0,250500.0,251000.0,211346.0
2016-10-25 00:00:00+09:00,252500.0,253000.0,246000.0,248500.0,297371.0
2016-10-26 00:00:00+09:00,246000.0,246500.0,239500.0,242000.0,291821.0
2016-10-27 00:00:00+09:00,242500.0,247000.0,242500.0,245500.0,166754.0
2016-10-28 00:00:00+09:00,243000.0,245000.0,240000.0,241500.0,195127.0
2016-10-31 00:00:00+09:00,240500.0,246500.0,240500.0,246500.0,188980.0
2016-11-01 00:00:00+09:00,245500.0,246000.0,240500.0,244500.0,149572.0
2016-11-02 00:00:00+09:00,243500.0,244500.0,241000.0,243000.0,133183.0
2016-11-03 00:00:00+09:00,243500.0,245500.0,242000.0,245000.0,170120.0
2016-11-04 00:00:00+09:00,243500.0,245000.0,242500.0,244500.0,104504.0
2016-11-07 00:00:00+09:00,245500.0,250000.0,245000.0,250000.0,228503.0
2016-11-08 00:00:00+09:00,253500.0,254500.0,250000.0,252500.0,185393.0
2016-11-09 00:00:00+09:00,254000.0,255000.0,237500.0,242000.0,472018.0
2016-11-10 00:00:00+09:00,247000.0,247500.0,240000.0,241000.0,404141.0
2016-11-11 00:00:00+09:00,240000.0,243000.0,235500.0,236500.0,297575.0
2016-11-14 00:00:00+09:00,236500.0,237000.0,233000.0,235500.0,240941.0
2016-11-15 00:00:00+09:00,234500.0,241500.0,233000.0,240500.0,233269.0
2016-11-16 00:00:00+09:00,243000.0,243000.0,238000.0,238000.0,152133.0
2016-11-17 00:00:00+09:00,238000.0,240000.0,236000.0,239500.0,95003.0
2016-11-18 00:00:00+09:00,239000.0,239500.0,233500.0,233500.0,181603.0
2016-11-21 00:00:00+09:00,232000.0,234500.0,230500.0,230500.0,186522.0
2016-11-22 00:00:00+09:00,232500.0,234000.0,230500.0,232500.0,180910.0
2016-11-23 00:00:00+09:00,232500.0,236500.0,232000.0,234500.0,172925.0
2016-11-24 00:00:00+09:00,231000.0,232000.0,218000.0,219500.0,808712.0
2016-11-25 00:00:00+09:00,218500.0,223000.0,215500.0,222500.0,249375.0
2016-11-28 00:00:00+09:00,223000.0,226500.0,222000.0,224500.0,280516.0
2016-11-29 00:00:00+09:00,224500.0,226500.0,224500.0,226000.0,148283.0
2016-11-30 00:00:00+09:00,227000.0,229500.0,224500.0,226500.0,209854.0
2016-12-01 00:00:00+09:00,230000.0,231000.0,227000.0,229500.0,182583.0
2016-12-02 00:00:00+09:00,230500.0,233500.0,229500.0,231500.0,184880.0
2016-12-05 00:00:00+09:00,231500.0,234500.0,228500.0,233000.0,146501.0
2016-12-06 00:00:00+09:00,235000.0,243000.0,233000.0,242000.0,356666.0
2016-12-07 00:00:00+09:00,242500.0,245000.0,242000.0,244000.0,217310.0
2016-12-08 00:00:00+09:00,246000.0,252000.0,245500.0,252000.0,454072.0
2016-12-09 00:00:00+09:00,250500.0,253500.0,248500.0,251500.0,212022.0
2016-12-12 00:00:00+09:00,255500.0,256500.0,247500.0,249500.0,225358.0
2016-12-13 00:00:00+09:00,250500.0,254500.0,249000.0,254500.0,184556.0
2016-12-14 00:00:00+09:00,253000.0,255000.0,247000.0,247000.0,198067.0
2016-12-15 00:00:00+09:00,246000.0,255000.0,246000.0,253000.0,254924.0
2016-12-16 00:00:00+09:00,253000.0,256500.0,251000.0,251000.0,163019.0
2016-12-19 00:00:00+09:00,252000.0,260000.0,252000.0,259500.0,352588.0
2016-12-20 00:00:00+09:00,261500.0,263000.0,258000.0,258500.0,207602.0
2016-12-21 00:00:00+09:00,260500.0,264000.0,259000.0,263500.0,217128.0
2016-12-22 00:00:00+09:00,265000.0,265000.0,262000.0,264000.0,171290.0
2016-12-23 00:00:00+09:00,266500.0,266500.0,263500.0,266500.0,216506.0
2016-12-26 00:00:00+09:00,266500.0,267000.0,261000.0,263000.0,145603.0
2016-12-27 00:00:00+09:00,264500.0,266500.0,261500.0,266500.0,299387.0
2016-12-28 00:00:00+09:00,263000.0,265000.0,260000.0,261000.0,166227.0
2016-12-29 00:00:00+09:00,263000.0,263000.0,255500.0,261000.0,165816.0
2017-01-02 00:00:00+09:00,250000.0,255000.0,247500.0,253000.0,294947.0
2017-01-03 00:00:00+09:00,255000.0,264000.0,254000.0,262000.0,253540.0
2017-01-04 00:00:00+09:00,263000.0,269000.0,262000.0,268500.0,255597.0
2017-01-05 00:00:00+09:00,267000.0,268500.0,265000.0,267500.0,148537.0
2017-01-06 00:00:00+09:00,268000.0,268500.0,265000.0,266000.0,84524.0
2017-01-09 00:00:00+09:00,264500.0,267000.0,261500.0,264500.0,124839.0
2017-01-10 00:00:00+09:00,266500.0,270500.0,266000.0,267500.0,192011.0
2017-01-11 00:00:00+09:00,269000.0,281000.0,268000.0,280000.0,559100.0
2017-01-12 00:00:00+09:00,281000.0,287000.0,278500.0,285000.0,321519.0
2017-01-13 00:00:00+09:00,283000.0,287500.0,281000.0,283000.0,283435.0
2017-01-16 00:00:00+09:00,282000.0,283500.0,278000.0,278500.0,198568.0
2017-01-17 00:00:00+09:00,278000.0,284000.0,276000.0,278500.0,218884.0
2017-01-18 00:00:00+09:00,278000.0,278500.0,270000.0,271500.0,305022.0
2017-01-19 00:00:00+09:00,272000.0,274000.0,265500.0,270500.0,283405.0
2017-01-20 00:00:00+09:00,266000.0,267000.0,259000.0,261000.0,424426.0
2017-01-23 00:00:00+09:00,262000.0,265500.0,261000.0,265500.0,201425.0
2017-01-24 00:00:00+09:00,264000.0,264500.0,260500.0,263000.0,167168.0
2017-01-25 00:00:00+09:00,265000.0,266000.0,262000.0,263500.0,129004.0
2017-01-26 00:00:00+09:00,264500.0,274500.0,262500.0,270000.0,325835.0
2017-01-31 00:00:00+09:00,268500.0,270000.0,262000.0,262000.0,324050.0
2017-02-01 00:00:00+09:00,265000.0,273000.0,265000.0,272500.0,249084.0
2017-02-02 00:00:00+09:00,272500.0,279500.0,272500.0,274500.0,313439.0
2017-02-03 00:00:00+09:00,276000.0,277000.0,271500.0,275500.0,192256.0
2017-02-06 00:00:00+09:00,280000.0,282000.0,277000.0,277500.0,202277.0
2017-02-07 00:00:00+09:00,278500.0,278500.0,271500.0,273000.0,165682.0
2017-02-08 00:00:00+09:00,273000.0,274000.0,268000.0,270500.0,162108.0
2017-02-09 00:00:00+09:00,273000.0,275000.0,270500.0,272000.0,165764.0
2017-02-10 00:00:00+09:00,275000.0,281500.0,274000.0,281000.0,371551.0
2017-02-13 00:00:00+09:00,282000.0,282500.0,279000.0,279500.0,190988.0
2017-02-14 00:00:00+09:00,281500.0,282000.0,274500.0,277000.0,242951.0
2017-02-15 00:00:00+09:00,278500.0,283000.0,278000.0,282000.0,229913.0
2017-02-16 00:00:00+09:00,283500.0,283500.0,274500.0,275000.0,322009.0
2017-02-17 00:00:00+09:00,273000.0,278000.0,273000.0,277000.0,162813.0
2017-02-20 00:00:00+09:00,274000.0,278500.0,272000.0,278500.0,198672.0
2017-02-21 00:00:00+09:00,279000.0,280500.0,276500.0,278000.0,186061.0
2017-02-22 00:00:00+09:00,281000.0,283000.0,279000.0,279500.0,254219.0
2017-02-23 00:00:00+09:00,281500.0,284000.0,279000.0,284000.0,309140.0
2017-02-24 00:00:00+09:00,285000.0,285000.0,279500.0,281000.0,276766.0
2017-02-27 00:00:00+09:00,282000.0,283000.0,277000.0,282500.0,201230.0
2017-02-28 00:00:00+09:00,281500.0,284500.0,279500.0,283000.0,212901.0
2017-03-02 00:00:00+09:00,286000.0,288000.0,282000.0,287500.0,411436.0
2017-03-03 00:00:00+09:00,287500.0,287500.0,278000.0,282000.0,381929.0
2017-03-06 00:00:00+09:00,279000.0,280500.0,272000.0,275500.0,415679.0
2017-03-07 00:00:00+09:00,275500.0,279500.0,275000.0,277000.0,153695.0
2017-03-08 00:00:00+09:00,273500.0,277000.0,271000.0,273000.0,296457.0
2017-03-09 00:00:00+09:00,274000.0,274500.0,269000.0,269500.0,274928.0
2017-03-10 00:00:00+09:00,268500.0,269500.0,264000.0,266500.0,369397.0
2017-03-13 00:00:00+09:00,267000.0,270500.0,266500.0,269000.0,169880.0
2017-03-14 00:00:00+09:00,273000.0,277500.0,272000.0,274000.0,269479.0
2017-03-15 00:00:00+09:00,274000.0,276500.0,273000.0,276000.0,178579.0
2017-03-16 00:00:00+09:00,279000.0,282000.0,277500.0,278500.0,222324.0
2017-03-17 00:00:00+09:00,279500.0,279500.0,274500.0,279500.0,207185.0
2017-03-20 00:00:00+09:00,279500.0,283500.0,278500.0,283000.0,188329.0
2017-03-21 00:00:00+09:00,285000.0,296500.0,285000.0,295000.0,526655.0
2017-03-22 00:00:00+09:00,293000.0,295500.0,288000.0,290500.0,295302.0
2017-03-23 00:00:00+09:00,295000.0,299000.0,287000.0,287000.0,355854.0
2017-03-24 00:00:00+09:00,290000.0,290500.0,285500.0,286500.0,232272.0
2017-03-27 00:00:00+09:00,286000.0,289000.0,281000.0,282500.0,270917.0
2017-03-28 00:00:00+09:00,285000.0,294000.0,284500.0,292500.0,264727.0
2017-03-29 00:00:00+09:00,296000.0,300000.0,294000.0,299500.0,370123.0
2017-03-30 00:00:00+09:00,298500.0,300000.0,293500.0,297000.0,162306.0
2017-03-31 00:00:00+09:00,298000.0,300000.0,294000.0,294000.0,250456.0
2017-04-03 00:00:00+09:00,296000.0,297000.0,290500.0,293000.0,206581.0
2017-04-04 00:00:00+09:00,290500.0,292000.0,283000.0,283000.0,364169.0
2017-04-05 00:00:00+09:00,285000.0,287500.0,279000.0,284500.0,286902.0
2017-04-06 00:00:00+09:00,283000.0,288000.0,280500.0,284000.0,186872.0
2017-04-07 00:00:00+09:00,285500.0,287000.0,281500.0,284500.0,144246.0
2017-04-10 00:00:00+09:00,284000.0,284500.0,279500.0,281000.0,123570.0
2017-04-11 00:00:00+09:00,280500.0,284500.0,277000.0,280500.0,163171.0
2017-04-12 00:00:00+09:00,283000.0,283500.0,280000.0,282000.0,122532.0
2017-04-13 00:00:00+09:00,282500.0,282500.0,274000.0,274000.0,295018.0
2017-04-14 00:00:00+09:00,273000.0,276000.0,272500.0,274500.0,109972.0
2017-04-17 00:00:00+09:00,274500.0,282500.0,274500.0,278500.0,133099.0
2017-04-18 00:00:00+09:00,278500.0,280000.0,275000.0,276000.0,100626.0
2017-04-19 00:00:00+09:00,277000.0,278500.0,270500.0,270500.0,254640.0
2017-04-20 00:00:00+09:00,276000.0,280000.0,275500.0,279000.0,346429.0
2017-04-21 00:00:00+09:00,279000.0,281500.0,278500.0,280000.0,161029.0
2017-04-24 00:00:00+09:00,284000.0,286000.0,281000.0,281500.0,174272.0
2017-04-25 00:00:00+09:00,283500.0,283500.0,276500.0,279500.0,176156.0
2017-04-26 00:00:00+09:00,282500.0,284500.0,279500.0,279500.0,258794.0
2017-04-27 00:00:00+09:00,281000.0,283500.0,277500.0,281000.0,171628.0
2017-04-28 00:00:00+09:00,276500.0,279000.0,273500.0,274000.0,211136.0
2017-05-02 00:00:00+09:00,273500.0,278500.0,273500.0,275000.0,237946.0
2017-05-04 00:00:00+09:00,275000.0,279500.0,275000.0,276000.0,160423.0
2017-05-08 00:00:00+09:00,276000.0,280000.0,275000.0,280000.0,314036.0
2017-05-10 00:00:00+09:00,283500.0,285000.0,277500.0,278000.0,352589.0
2017-05-11 00:00:00+09:00,281000.0,286000.0,279000.0,285500.0,318325.0
2017-05-12 00:00:00+09:00,287000.0,289500.0,285000.0,287500.0,201706.0
2017-05-15 00:00:00+09:00,289500.0,289500.0,284500.0,285000.0,145932.0
2017-05-16 00:00:00+09:00,286500.0,289000.0,285000.0,285500.0,172833.0
2017-05-17 00:00:00+09:00,285500.0,287500.0,282500.0,284000.0,152412.0
2017-05-18 00:00:00+09:00,280500.0,282500.0,276000.0,280500.0,201563.0
2017-05-19 00:00:00+09:00,280000.0,284500.0,280000.0,282000.0,152117.0
2017-05-22 00:00:00+09:00,281500.0,288500.0,281000.0,287000.0,305798.0
2017-05-23 00:00:00+09:00,286500.0,292000.0,286000.0,289500.0,240357.0
2017-05-24 00:00:00+09:00,292000.0,292000.0,288000.0,290000.0,113315.0
2017-05-25 00:00:00+09:00,292000.0,296500.0,291000.0,296000.0,298294.0
2017-05-26 00:00:00+09:00,300000.0,306000.0,298000.0,304500.0,538283.0
2017-05-29 00:00:00+09:00,306500.0,311000.0,306000.0,309500.0,400894.0
2017-05-30 00:00:00+09:00,309500.0,309500.0,304000.0,306500.0,260369.0
2017-05-31 00:00:00+09:00,306000.0,308000.0,300500.0,302000.0,263470.0
2017-06-01 00:00:00+09:00,301000.0,305500.0,301000.0,303000.0,196318.0
2017-06-02 00:00:00+09:00,303500.0,304000.0,294000.0,294000.0,424935.0
2017-06-05 00:00:00+09:00,292000.0,294000.0,289000.0,291500.0,292409.0
2017-06-07 00:00:00+09:00,294000.0,294500.0,289000.0,290500.0,291299.0
2017-06-08 00:00:00+09:00,290000.0,292500.0,286000.0,289500.0,390922.0
2017-06-09 00:00:00+09:00,291000.0,297000.0,290000.0,292500.0,371924.0
2017-06-12 00:00:00+09:00,293500.0,296500.0,288500.0,289500.0,191591.0
2017-06-13 00:00:00+09:00,293500.0,297000.0,291000.0,292500.0,269402.0
2017-06-14 00:00:00+09:00,289500.0,290000.0,280000.0,281000.0,669742.0
2017-06-15 00:00:00+09:00,280000.0,280000.0,274500.0,276500.0,361523.0
2017-06-16 00:00:00+09:00,276500.0,283000.0,276500.0,278000.0,289532.0
2017-06-19 00:00:00+09:00,277500.0,279500.0,275500.0,279000.0,157850.0
2017-06-20 00:00:00+09:00,279500.0,280000.0,275000.0,275500.0,165525.0
2017-06-21 00:00:00+09:00,273500.0,281500.0,270000.0,280000.0,281125.0
2017-06-22 00:00:00+09:00,280500.0,287000.0,278500.0,287000.0,331461.0
2017-06-23 00:00:00+09:00,287500.0,288000.0,281500.0,283500.0,222360.0
2017-06-26 00:00:00+09:00,284000.0,285000.0,282500.0,282500.0,135404.0
2017-06-27 00:00:00+09:00,284000.0,287000.0,282500.0,283000.0,225758.0
2017-06-28 00:00:00+09:00,284000.0,285000.0,279500.0,280500.0,148004.0
2017-06-29 00:00:00+09:00,282500.0,283500.0,280000.0,282000.0,219741.0
2017-06-30 00:00:00+09:00,281000.0,291500.0,280500.0,291000.0,330131.0
2017-07-03 00:00:00+09:00,294000.0,297500.0,293000.0,296500.0,356166.0
2017-07-04 00:00:00+09:00,297500.0,298000.0,288500.0,290000.0,195257.0
2017-07-05 00:00:00+09:00,290000.0,293000.0,286000.0,291000.0,176809.0
2017-07-06 00:00:00+09:00,292000.0,293500.0,288500.0,290000.0,113140.0
2017-07-07 00:00:00+09:00,288500.0,293000.0,287000.0,289000.0,151570.0
2017-07-10 00:00:00+09:00,288500.0,292000.0,285500.0,291500.0,146503.0
2017-07-11 00:00:00+09:00,291000.0,299000.0,291000.0,299000.0,304052.0
2017-07-12 00:00:00+09:00,298000.0,300000.0,295000.0,299500.0,250718.0
2017-07-13 00:00:00+09:00,304000.0,315000.0,304000.0,314000.0,896560.0
2017-07-14 00:00:00+09:00,316500.0,321000.0,316000.0,318500.0,399294.0
2017-07-17 00:00:00+09:00,322000.0,322500.0,317500.0,319500.0,282589.0
2017-07-18 00:00:00+09:00,319500.0,327000.0,316000.0,326500.0,313590.0
2017-07-19 00:00:00+09:00,326500.0,326500.0,317000.0,318500.0,300700.0
2017-07-20 00:00:00+09:00,330000.0,330500.0,322000.0,326000.0,420954.0
2017-07-21 00:00:00+09:00,330000.0,338000.0,326500.0,329000.0,396713.0
2017-07-24 00:00:00+09:00,332500.0,336500.0,330500.0,335000.0,345871.0
2017-07-25 00:00:00+09:00,333000.0,334000.0,328000.0,329000.0,264797.0
2017-07-26 00:00:00+09:00,333500.0,334000.0,322500.0,326500.0,246771.0
2017-07-27 00:00:00+09:00,328500.0,331000.0,324500.0,331000.0,149286.0
2017-07-28 00:00:00+09:00,332000.0,333000.0,320000.0,323000.0,224660.0
2017-07-31 00:00:00+09:00,320000.0,329500.0,319500.0,328000.0,212502.0
2017-08-01 00:00:00+09:00,328500.0,335000.0,328000.0,333000.0,228563.0
2017-08-02 00:00:00+09:00,333500.0,334000.0,327000.0,333500.0,245624.0
2017-08-03 00:00:00+09:00,333500.0,333500.0,325000.0,329000.0,223188.0
2017-08-04 00:00:00+09:00,329000.0,343000.0,329000.0,342500.0,509506.0
2017-08-07 00:00:00+09:00,344500.0,349500.0,342500.0,344000.0,241835.0
2017-08-08 00:00:00+09:00,345500.0,345500.0,335500.0,340000.0,251640.0
2017-08-09 00:00:00+09:00,335000.0,338000.0,331500.0,332500.0,272997.0
2017-08-10 00:00:00+09:00,332000.0,338500.0,331000.0,337500.0,261606.0
2017-08-11 00:00:00+09:00,330000.0,341500.0,329500.0,339500.0,319347.0
2017-08-14 00:00:00+09:00,343000.0,345000.0,339500.0,343500.0,148005.0
2017-08-16 00:00:00+09:00,348000.0,352000.0,343000.0,345500.0,258739.0
2017-08-17 00:00:00+09:00,345000.0,347500.0,342000.0,343500.0,181488.0
2017-08-18 00:00:00+09:00,339500.0,349500.0,339500.0,349000.0,163964.0
2017-08-21 00:00:00+09:00,352000.0,352000.0,347500.0,349000.0,181004.0
2017-08-22 00:00:00+09:00,350000.0,364000.0,350000.0,363000.0,317416.0
2017-08-23 00:00:00+09:00,365000.0,366500.0,362000.0,366000.0,256240.0
2017-08-24 00:00:00+09:00,366000.0,378000.0,365500.0,375000.0,343287.0
2017-08-25 00:00:00+09:00,375000.0,375000.0,367000.0,368500.0,240518.0
2017-08-28 00:00:00+09:00,368000.0,372000.0,365500.0,369500.0,144557.0
2017-08-29 00:00:00+09:00,367000.0,368500.0,362500.0,368500.0,191646.0
2017-08-30 00:00:00+09:00,371500.0,383000.0,371000.0,380000.0,342483.0
2017-08-31 00:00:00+09:00,382500.0,383000.0,372000.0,379000.0,228146.0
2017-09-01 00:00:00+09:00,378000.0,379000.0,372000.0,373000.0,183132.0
2017-09-04 00:00:00+09:00,365000.0,374500.0,364500.0,370000.0,232497.0
2017-09-05 00:00:00+09:00,372000.0,373000.0,363500.0,366000.0,237215.0
2017-09-06 00:00:00+09:00,365000.0,372000.0,364500.0,372000.0,179775.0
2017-09-07 00:00:00+09:00,373000.0,375000.0,369500.0,370000.0,129141.0
2017-09-08 00:00:00+09:00,370500.0,372500.0,366500.0,372500.0,116853.0
2017-09-11 00:00:00+09:00,375500.0,392000.0,374500.0,392000.0,337307.0
2017-09-12 00:00:00+09:00,394500.0,397000.0,388500.0,390000.0,281130.0
2017-09-13 00:00:00+09:00,392000.0,411000.0,390500.0,407500.0,448119.0
2017-09-14 00:00:00+09:00,406500.0,408500.0,399500.0,407000.0,429395.0
2017-09-15 00:00:00+09:00,404000.0,405000.0,398000.0,401000.0,304611.0
2017-09-18 00:00:00+09:00,403000.0,404500.0,393000.0,395000.0,368552.0
2017-09-19 00:00:00+09:00,397500.0,400000.0,393500.0,397000.0,201017.0
2017-09-20 00:00:00+09:00,397500.0,398500.0,387000.0,388500.0,323891.0
2017-09-21 00:00:00+09:00,390000.0,394000.0,385500.0,389000.0,250454.0
2017-09-22 00:00:00+09:00,388000.0,388500.0,365500.0,369000.0,568634.0
2017-09-25 00:00:00+09:00,366000.0,380000.0,362500.0,379500.0,274941.0
2017-09-26 00:00:00+09:00,379500.0,382000.0,372500.0,375500.0,211177.0
2017-09-27 00:00:00+09:00,373500.0,381000.0,372500.0,378000.0,162016.0
2017-09-28 00:00:00+09:00,375000.0,387000.0,369500.0,386000.0,258624.0
2017-09-29 00:00:00+09:00,384500.0,396000.0,383500.0,392000.0,278506.0
2017-10-10 00:00:00+09:00,396500.0,398500.0,387000.0,393000.0,406615.0
2017-10-11 00:00:00+09:00,397000.0,401000.0,380500.0,385000.0,432585.0
2017-10-12 00:00:00+09:00,382500.0,387000.0,376500.0,379000.0,381170.0
2017-10-13 00:00:00+09:00,376000.0,381000.0,372500.0,375000.0,326570.0
2017-10-16 00:00:00+09:00,377000.0,381000.0,368000.0,370000.0,341678.0
2017-10-17 00:00:00+09:00,373000.0,374000.0,367500.0,373000.0,266741.0
2017-10-18 00:00:00+09:00,376500.0,385000.0,376000.0,384000.0,357530.0
2017-10-19 00:00:00+09:00,387500.0,391000.0,384000.0,385000.0,306726.0
2017-10-20 00:00:00+09:00,388500.0,390000.0,381000.0,384000.0,206656.0
2017-10-23 00:00:00+09:00,385500.0,397000.0,385000.0,395500.0,293065.0
2017-10-24 00:00:00+09:00,395000.0,395500.0,387500.0,388500.0,212289.0
2017-10-25 00:00:00+09:00,390500.0,392000.0,385000.0,386500.0,129780.0
2017-10-26 00:00:00+09:00,388500.0,397000.0,386500.0,394500.0,327261.0
2017-10-27 00:00:00+09:00,400000.0,407000.0,398000.0,405500.0,536199.0
2017-10-30 00:00:00+09:00,406000.0,409000.0,399500.0,405500.0,386527.0
2017-10-31 00:00:00+09:00,405000.0,408000.0,399500.0,403500.0,279672.0
2017-11-01 00:00:00+09:00,407000.0,419000.0,405500.0,414500.0,336389.0
2017-11-02 00:00:00+09:00,417500.0,425000.0,412500.0,420000.0,329073.0
2017-11-03 00:00:00+09:00,419500.0,419500.0,405000.0,414000.0,387441.0
2017-11-06 00:00:00+09:00,410000.0,416000.0,407000.0,409000.0,270093.0
2017-11-07 00:00:00+09:00,408500.0,413500.0,403500.0,409000.0,245940.0
2017-11-08 00:00:00+09:00,406000.0,412000.0,403500.0,409000.0,206990.0
2017-11-09 00:00:00+09:00,415000.0,415000.0,410000.0,414000.0,194087.0
2017-11-10 00:00:00+09:00,411500.0,412000.0,405000.0,406500.0,167505.0
2017-11-13 00:00:00+09:00,403500.0,406500.0,390000.0,394500.0,494297.0
2017-11-14 00:00:00+09:00,394500.0,396000.0,388500.0,392500.0,365212.0
2017-11-15 00:00:00+09:00,391000.0,397000.0,388500.0,397000.0,292227.0
2017-11-16 00:00:00+09:00,397000.0,406000.0,392500.0,405500.0,248330.0
2017-11-17 00:00:00+09:00,408000.0,414500.0,405500.0,408500.0,285105.0
2017-11-20 00:00:00+09:00,409000.0,412500.0,408000.0,409500.0,231641.0
2017-11-21 00:00:00+09:00,409500.0,413000.0,408000.0,413000.0,205930.0
2017-11-22 00:00:00+09:00,411000.0,417000.0,407500.0,417000.0,254436.0
2017-11-23 00:00:00+09:00,418000.0,424000.0,418000.0,421500.0,195782.0
2017-11-24 00:00:00+09:00,424500.0,426000.0,421000.0,423500.0,154584.0
2017-11-27 00:00:00+09:00,422500.0,426000.0,416000.0,419500.0,235268.0
2017-11-28 00:00:00+09:00,420000.0,424500.0,418000.0,420500.0,152850.0
2017-11-29 00:00:00+09:00,419500.0,425000.0,419500.0,422500.0,149735.0
2017-11-30 00:00:00+09:00,424500.0,426000.0,416000.0,417500.0,339763.0
2017-12-01 00:00:00+09:00,412000.0,416000.0,407000.0,412000.0,547839.0
2017-12-04 00:00:00+09:00,414500.0,422500.0,413500.0,420000.0,180998.0
2017-12-05 00:00:00+09:00,416500.0,419500.0,410000.0,414000.0,160533.0
2017-12-06 00:00:00+09:00,414000.0,416000.0,408500.0,408500.0,140456.0
2017-12-07 00:00:00+09:00,405500.0,407000.0,395000.0,397000.0,257473.0
2017-12-08 00:00:00+09:00,393500.0,400000.0,393500.0,398500.0,161340.0
2017-12-11 00:00:00+09:00,398500.0,403500.0,397500.0,400000.0,143139.0
2017-12-12 00:00:00+09:00,399000.0,400000.0,388000.0,390000.0,270505.0
2017-12-13 00:00:00+09:00,388500.0,398500.0,388500.0,393000.0,298912.0
2017-12-14 00:00:00+09:00,394000.0,397000.0,388000.0,390000.0,379926.0
2017-12-15 00:00:00+09:00,395000.0,397000.0,393000.0,394000.0,197159.0
2017-12-18 00:00:00+09:00,396000.0,398000.0,393000.0,397500.0,158523.0
2017-12-19 00:00:00+09:00,399500.0,399500.0,395500.0,398500.0,135439.0
2017-12-20 00:00:00+09:00,396500.0,398500.0,395000.0,398000.0,142948.0
2017-12-21 00:00:00+09:00,398500.0,398500.0,391000.0,391000.0,123480.0
2017-12-22 00:00:00+09:00,391500.0,395000.0,389500.0,393500.0,134256.0
2017-12-26 00:00:00+09:00,393500.0,395000.0,392000.0,392000.0,267020.0
2017-12-27 00:00:00+09:00,394000.0,395000.0,391000.0,394500.0,138310.0
2017-12-28 00:00:00+09:00,396500.0,407000.0,395000.0,405000.0,169517.0
2018-01-02 00:00:00+09:00,407000.0,415000.0,406500.0,411000.0,153739.0
2018-01-03 00:00:00+09:00,404000.0,413000.0,404000.0,409500.0,103370.0
2018-01-04 00:00:00+09:00,410000.0,412000.0,395000.0,395500.0,215698.0
2018-01-05 00:00:00+09:00,396500.0,405500.0,395000.0,405000.0,154954.0
2018-01-08 00:00:00+09:00,409000.0,425000.0,407000.0,424500.0,321484.0
2018-01-09 00:00:00+09:00,427500.0,436500.0,424000.0,425500.0,235552.0
2018-01-10 00:00:00+09:00,427500.0,428500.0,416500.0,416500.0,126227.0
2018-01-11 00:00:00+09:00,421500.0,426000.0,415500.0,421500.0,131522.0
2018-01-12 00:00:00+09:00,418500.0,429000.0,418500.0,426000.0,150523.0
2018-01-15 00:00:00+09:00,426000.0,441500.0,425500.0,437000.0,212044.0
2018-01-16 00:00:00+09:00,438000.0,440500.0,429000.0,431500.0,144682.0
2018-01-17 00:00:00+09:00,430500.0,435000.0,420500.0,420500.0,178216.0
2018-01-18 00:00:00+09:00,420500.0,423500.0,415500.0,417000.0,161817.0
2018-01-19 00:00:00+09:00,417000.0,424500.0,417000.0,423500.0,147058.0
2018-01-22 00:00:00+09:00,425500.0,426000.0,412000.0,418000.0,203541.0
2018-01-23 00:00:00+09:00,420000.0,423000.0,417000.0,423000.0,132280.0
2018-01-24 00:00:00+09:00,424500.0,438000.0,424500.0,438000.0,309355.0
2018-01-25 00:00:00+09:00,436000.0,440500.0,435000.0,436500.0,177052.0
2018-01-26 00:00:00+09:00,436000.0,443500.0,430500.0,435500.0,134906.0
2018-01-29 00:00:00+09:00,436000.0,442000.0,434000.0,441500.0,202072.0
2018-01-30 00:00:00+09:00,441500.0,447500.0,436000.0,436000.0,220050.0
2018-01-31 00:00:00+09:00,432500.0,435000.0,421000.0,432000.0,212494.0
2018-02-01 00:00:00+09:00,434500.0,440000.0,418500.0,418500.0,392278.0
2018-02-02 00:00:00+09:00,415000.0,416000.0,400000.0,400500.0,468545.0
2018-02-05 00:00:00+09:00,392500.0,393000.0,388000.0,390000.0,395055.0
2018-02-06 00:00:00+09:00,375500.0,390000.0,373000.0,388500.0,431592.0
2018-02-07 00:00:00+09:00,393000.0,395000.0,375000.0,375000.0,366880.0
2018-02-08 00:00:00+09:00,375000.0,381500.0,369000.0,374000.0,335211.0
2018-02-09 00:00:00+09:00,363500.0,369000.0,361500.0,366000.0,238835.0
2018-02-12 00:00:00+09:00,369500.0,376500.0,366500.0,372000.0,216955.0
2018-02-13 00:00:00+09:00,375000.0,376000.0,361500.0,364500.0,249981.0
2018-02-14 00:00:00+09:00,362500.0,374000.0,362500.0,372500.0,141209.0
2018-02-19 00:00:00+09:00,378000.0,383500.0,376500.0,383500.0,211347.0
2018-02-20 00:00:00+09:00,384000.0,384000.0,375000.0,376500.0,117191.0
2018-02-21 00:00:00+09:00,375500.0,376500.0,371000.0,374500.0,128261.0
2018-02-22 00:00:00+09:00,372500.0,378500.0,371500.0,376500.0,120813.0
2018-02-23 00:00:00+09:00,380500.0,389500.0,378000.0,389000.0,242090.0
2018-02-26 00:00:00+09:00,393500.0,397500.0,390000.0,394000.0,206748.0
2018-02-27 00:00:00+09:00,400000.0,400500.0,396000.0,398000.0,205730.0
2018-02-28 00:00:00+09:00,394500.0,397000.0,383000.0,383000.0,184706.0
2018-03-02 00:00:00+09:00,385000.0,385500.0,379000.0,383500.0,184855.0
2018-03-05 00:00:00+09:00,383500.0,383500.0,372500.0,375000.0,144653.0
2018-03-06 00:00:00+09:00,379500.0,387500.0,377000.0,387500.0,159217.0
2018-03-07 00:00:00+09:00,384500.0,390500.0,382500.0,385000.0,150030.0
2018-03-08 00:00:00+09:00,386000.0,387000.0,378000.0,387000.0,208588.0
2018-03-09 00:00:00+09:00,387000.0,408000.0,383500.0,406500.0,364917.0
2018-03-12 00:00:00+09:00,410500.0,413500.0,407500.0,410500.0,216317.0
2018-03-13 00:00:00+09:00,404500.0,411500.0,400500.0,409500.0,148046.0
2018-03-14 00:00:00+09:00,415000.0,419000.0,410000.0,411500.0,199225.0
2018-03-15 00:00:00+09:00,414000.0,420000.0,411500.0,419000.0,241683.0
2018-03-16 00:00:00+09:00,419000.0,419000.0,408500.0,413500.0,205744.0
2018-03-19 00:00:00+09:00,419000.0,419500.0,404000.0,405000.0,140007.0
2018-03-20 00:00:00+09:00,402000.0,407000.0,399500.0,406500.0,144071.0
2018-03-21 00:00:00+09:00,417000.0,417500.0,408000.0,410000.0,169621.0
2018-03-22 00:00:00+09:00,413500.0,416500.0,407500.0,409000.0,131002.0
2018-03-23 00:00:00+09:00,399500.0,403500.0,392000.0,393500.0,208234.0
2018-03-26 00:00:00+09:00,390500.0,402000.0,390500.0,400000.0,155289.0
2018-03-27 00:00:00+09:00,404000.0,408500.0,402500.0,403000.0,127168.0
2018-03-28 00:00:00+09:00,396500.0,401500.0,384500.0,386000.0,292609.0
2018-03-29 00:00:00+09:00,386500.0,391000.0,381500.0,386000.0,199377.0
2018-03-30 00:00:00+09:00,390000.0,391000.0,385500.0,385500.0,103447.0
2018-04-02 00:00:00+09:00,394000.0,398500.0,387000.0,387500.0,161454.0
2018-04-03 00:00:00+09:00,381500.0,382000.0,375500.0,378500.0,238504.0
2018-04-04 00:00:00+09:00,381500.0,384500.0,373500.0,376000.0,180548.0
2018-04-05 00:00:00+09:00,377000.0,389000.0,377000.0,383500.0,158893.0
2018-04-06 00:00:00+09:00,382500.0,382500.0,375500.0,379000.0,131831.0
2018-04-09 00:00:00+09:00,375500.0,378000.0,373500.0,376000.0,142530.0
2018-04-10 00:00:00+09:00,374000.0,374000.0,364500.0,368000.0,298550.0
2018-04-11 00:00:00+09:00,370000.0,374000.0,366500.0,367000.0,261589.0
2018-04-12 00:00:00+09:00,373000.0,379000.0,369500.0,378000.0,262006.0
2018-04-13 00:00:00+09:00,376500.0,377000.0,370500.0,373000.0,146231.0
2018-04-16 00:00:00+09:00,374000.0,375000.0,364000.0,365000.0,216512.0
2018-04-17 00:00:00+09:00,367000.0,369500.0,366000.0,368500.0,117092.0
2018-04-18 00:00:00+09:00,373500.0,378500.0,371500.0,376000.0,200737.0
2018-04-19 00:00:00+09:00,377500.0,381000.0,373500.0,376000.0,170308.0
2018-04-20 00:00:00+09:00,376500.0,378500.0,372000.0,372500.0,140993.0
2018-04-23 00:00:00+09:00,374500.0,374500.0,369500.0,372500.0,126975.0
2018-04-24 00:00:00+09:00,375000.0,376500.0,371500.0,374500.0,144778.0
2018-04-25 00:00:00+09:00,370500.0,370500.0,350500.0,352500.0,496231.0
2018-04-26 00:00:00+09:00,353500.0,356500.0,352500.0,353500.0,232263.0
2018-04-27 00:00:00+09:00,354000.0,360000.0,354000.0,354500.0,156968.0
2018-04-30 00:00:00+09:00,351500.0,361000.0,351500.0,360000.0,155327.0
2018-05-02 00:00:00+09:00,356000.0,358500.0,338500.0,339000.0,523971.0
2018-05-03 00:00:00+09:00,337000.0,344500.0,333500.0,343000.0,296458.0
2018-05-04 00:00:00+09:00,340000.0,344000.0,340000.0,341000.0,194462.0
2018-05-08 00:00:00+09:00,332000.0,336000.0,330500.0,330500.0,356424.0
2018-05-09 00:00:00+09:00,328500.0,341500.0,326500.0,339500.0,242892.0
2018-05-10 00:00:00+09:00,339500.0,344500.0,337500.0,340000.0,189496.0
2018-05-11 00:00:00+09:00,343500.0,347500.0,341500.0,345000.0,214165.0
2018-05-14 00:00:00+09:00,349000.0,357500.0,347000.0,354500.0,302609.0
2018-05-15 00:00:00+09:00,350500.0,353500.0,346500.0,348500.0,185959.0
2018-05-16 00:00:00+09:00,348000.0,348000.0,340000.0,342000.0,225069.0
2018-05-17 00:00:00+09:00,345500.0,353500.0,345000.0,345500.0,212479.0
2018-05-18 00:00:00+09:00,345000.0,350500.0,342500.0,344000.0,164369.0
2018-05-21 00:00:00+09:00,344000.0,345000.0,335000.0,338500.0,195380.0
2018-05-23 00:00:00+09:00,340000.0,352500.0,339500.0,343500.0,491113.0
2018-05-24 00:00:00+09:00,345000.0,348500.0,339500.0,345000.0,244651.0
2018-05-25 00:00:00+09:00,344500.0,356500.0,344000.0,352500.0,334692.0
2018-05-28 00:00:00+09:00,353000.0,356500.0,349500.0,352000.0,133191.0
2018-05-29 00:00:00+09:00,352000.0,352500.0,343500.0,343500.0,162022.0
2018-05-30 00:00:00+09:00,340500.0,341000.0,328500.0,330500.0,372066.0
2018-05-31 00:00:00+09:00,332500.0,341000.0,332500.0,338500.0,318155.0
2018-06-01 00:00:00+09:00,338000.0,340000.0,332500.0,337000.0,109544.0
2018-06-04 00:00:00+09:00,338500.0,364500.0,338500.0,363000.0,512468.0
2018-06-05 00:00:00+09:00,364500.0,368000.0,358000.0,363500.0,306447.0
2018-06-07 00:00:00+09:00,368000.0,377500.0,366000.0,368500.0,440365.0
2018-06-08 00:00:00+09:00,370500.0,378000.0,367500.0,375500.0,368726.0
2018-06-11 00:00:00+09:00,374000.0,378000.0,365000.0,377000.0,352196.0
2018-06-12 00:00:00+09:00,380000.0,383500.0,377000.0,380500.0,283822.0
2018-06-14 00:00:00+09:00,380500.0,381000.0,370000.0,370000.0,361070.0
2018-06-15 00:00:00+09:00,377000.0,380000.0,372500.0,373500.0,271394.0
2018-06-18 00:00:00+09:00,371500.0,375000.0,363500.0,366500.0,263538.0
2018-06-19 00:00:00+09:00,363000.0,365000.0,348000.0,349500.0,295137.0
2018-06-20 00:00:00+09:00,350000.0,356500.0,350000.0,353500.0,273786.0
2018-06-21 00:00:00+09:00,349500.0,355500.0,347500.0,349500.0,245404.0
2018-06-22 00:00:00+09:00,343000.0,346500.0,336000.0,343000.0,354003.0
2018-06-25 00:00:00+09:00,347500.0,353000.0,338500.0,351000.0,229558.0
2018-06-26 00:00:00+09:00,347000.0,353500.0,344000.0,348500.0,224402.0
2018-06-27 00:00:00+09:00,345500.0,347500.0,335500.0,335500.0,423651.0
2018-06-28 00:00:00+09:00,335000.0,338500.0,332000.0,334000.0,233374.0
2018-06-29 00:00:00+09:00,334500.0,336500.0,323000.0,333500.0,358347.0
2018-07-02 00:00:00+09:00,332500.0,335000.0,316000.0,317500.0,370321.0
2018-07-03 00:00:00+09:00,320000.0,322500.0,312000.0,317500.0,309321.0
2018-07-04 00:00:00+09:00,318500.0,324500.0,317000.0,317500.0,151246.0
2018-07-05 00:00:00+09:00,315000.0,324000.0,315000.0,320500.0,184723.0
2018-07-06 00:00:00+09:00,320000.0,325000.0,315000.0,322000.0,287560.0
2018-07-09 00:00:00+09:00,321000.0,329500.0,315000.0,322500.0,308046.0
2018-07-10 00:00:00+09:00,326000.0,332000.0,324500.0,325500.0,249661.0
2018-07-11 00:00:00+09:00,322500.0,328000.0,320000.0,326000.0,177280.0
2018-07-12 00:00:00+09:00,326000.0,329500.0,323500.0,323500.0,323171.0
2018-07-13 00:00:00+09:00,328000.0,338500.0,327500.0,335000.0,321145.0
2018-07-16 00:00:00+09:00,338000.0,340500.0,327500.0,328000.0,173396.0
2018-07-17 00:00:00+09:00,328500.0,329000.0,317000.0,321500.0,271505.0
2018-07-18 00:00:00+09:00,323000.0,333000.0,323000.0,331000.0,326510.0
2018-07-19 00:00:00+09:00,335000.0,339000.0,332000.0,336000.0,311545.0
2018-07-20 00:00:00+09:00,336000.0,337500.0,331000.0,332500.0,170407.0
2018-07-23 00:00:00+09:00,336500.0,341000.0,331000.0,333000.0,208747.0
2018-07-24 00:00:00+09:00,335000.0,338500.0,327500.0,330500.0,243972.0
2018-07-25 00:00:00+09:00,346000.0,363500.0,344500.0,361500.0,1134542.0
2018-07-26 00:00:00+09:00,364000.0,374000.0,362000.0,372500.0,456404.0
2018-07-27 00:00:00+09:00,376000.0,379500.0,367000.0,374500.0,341202.0
2018-07-30 00:00:00+09:00,375500.0,380500.0,370500.0,377000.0,247627.0
2018-07-31 00:00:00+09:00,377500.0,378500.0,372500.0,375000.0,186065.0
2018-08-01 00:00:00+09:00,376500.0,382500.0,368500.0,374500.0,274139.0
2018-08-02 00:00:00+09:00,374500.0,378000.0,373000.0,375000.0,230794.0
2018-08-03 00:00:00+09:00,375500.0,391000.0,373500.0,391000.0,424377.0
2018-08-06 00:00:00+09:00,391000.0,393000.0,376500.0,381000.0,309612.0
2018-08-07 00:00:00+09:00,378000.0,386000.0,375000.0,383000.0,288687.0
2018-08-08 00:00:00+09:00,384000.0,387500.0,376000.0,376000.0,212497.0
2018-08-09 00:00:00+09:00,375500.0,385000.0,371000.0,385000.0,261641.0
2018-08-10 00:00:00+09:00,385000.0,386500.0,369000.0,375000.0,264018.0
2018-08-13 00:00:00+09:00,374500.0,376500.0,366500.0,368000.0,216645.0
2018-08-14 00:00:00+09:00,368500.0,374500.0,367500.0,373000.0,169637.0
2018-08-16 00:00:00+09:00,364000.0,373500.0,361500.0,367500.0,267621.0
2018-08-17 00:00:00+09:00,370000.0,371500.0,364000.0,365500.0,136918.0
2018-08-20 00:00:00+09:00,369500.0,372500.0,364000.0,366000.0,150033.0
2018-08-21 00:00:00+09:00,364000.0,366500.0,358500.0,364000.0,306601.0
2018-08-22 00:00:00+09:00,366000.0,366500.0,351000.0,354500.0,351978.0
2018-08-23 00:00:00+09:00,355500.0,358500.0,354000.0,356500.0,238476.0
2018-08-24 00:00:00+09:00,355500.0,366500.0,352500.0,366000.0,288319.0
2018-08-27 00:00:00+09:00,366000.0,374500.0,360500.0,372000.0,271726.0
2018-08-28 00:00:00+09:00,372500.0,376500.0,365000.0,366000.0,243083.0
2018-08-29 00:00:00+09:00,368500.0,375000.0,366500.0,374000.0,173330.0
2018-08-30 00:00:00+09:00,370500.0,370500.0,363000.0,363500.0,229283.0
2018-08-31 00:00:00+09:00,362000.0,366000.0,355500.0,366000.0,229780.0
2018-09-03 00:00:00+09:00,365500.0,370500.0,360500.0,368000.0,201113.0
2018-09-04 00:00:00+09:00,369500.0,371500.0,364000.0,367500.0,167988.0
2018-09-05 00:00:00+09:00,367000.0,368000.0,356500.0,358000.0,251673.0
2018-09-06 00:00:00+09:00,358000.0,360500.0,349000.0,351000.0,272191.0
2018-09-07 00:00:00+09:00,351500.0,356000.0,344500.0,352000.0,194487.0
2018-09-10 00:00:00+09:00,348500.0,356000.0,346000.0,347000.0,207667.0
2018-09-11 00:00:00+09:00,347000.0,351000.0,338000.0,341000.0,296052.0
2018-09-12 00:00:00+09:00,343000.0,348500.0,341500.0,343500.0,180103.0
2018-09-13 00:00:00+09:00,347000.0,354000.0,346500.0,350000.0,331687.0
2018-09-14 00:00:00+09:00,348500.0,356000.0,348500.0,352000.0,167126.0
2018-09-17 00:00:00+09:00,359000.0,363500.0,353000.0,354000.0,237273.0
2018-09-18 00:00:00+09:00,354500.0,367000.0,350500.0,367000.0,286490.0
2018-09-19 00:00:00+09:00,371000.0,371000.0,359000.0,360000.0,230425.0
2018-09-20 00:00:00+09:00,358500.0,364000.0,354000.0,361000.0,210992.0
2018-09-21 00:00:00+09:00,364500.0,367500.0,360000.0,367000.0,197796.0
2018-09-27 00:00:00+09:00,360000.0,372500.0,360000.0,370000.0,252375.0
2018-09-28 00:00:00+09:00,370500.0,373000.0,365000.0,365500.0,188182.0
2018-10-01 00:00:00+09:00,365500.0,372000.0,365500.0,368500.0,168059.0
2018-10-02 00:00:00+09:00,370500.0,373000.0,351000.0,353000.0,271022.0
2018-10-04 00:00:00+09:00,355000.0,355500.0,328500.0,329500.0,487014.0
2018-10-05 00:00:00+09:00,331500.0,334500.0,319500.0,324000.0,365895.0
2018-10-08 00:00:00+09:00,321000.0,327000.0,319000.0,321500.0,197409.0
2018-10-10 00:00:00+09:00,323000.0,326500.0,316000.0,316000.0,260899.0
2018-10-11 00:00:00+09:00,307000.0,311500.0,302000.0,307000.0,378913.0
2018-10-12 00:00:00+09:00,307000.0,319000.0,305000.0,315500.0,256790.0
2018-10-15 00:00:00+09:00,317000.0,329500.0,316000.0,324500.0,233988.0
2018-10-16 00:00:00+09:00,329000.0,329000.0,318500.0,318500.0,145684.0
2018-10-17 00:00:00+09:00,325000.0,329000.0,321500.0,325000.0,136572.0
2018-10-18 00:00:00+09:00,326000.0,328500.0,316000.0,317000.0,135868.0
2018-10-19 00:00:00+09:00,314000.0,333500.0,313500.0,330000.0,241703.0
2018-10-22 00:00:00+09:00,328000.0,339000.0,323000.0,337500.0,197166.0
2018-10-23 00:00:00+09:00,334500.0,337000.0,326000.0,329000.0,150924.0
2018-10-24 00:00:00+09:00,334500.0,343000.0,328000.0,330500.0,280451.0
2018-10-25 00:00:00+09:00,323500.0,339500.0,323000.0,339500.0,264688.0
2018-10-26 00:00:00+09:00,344000.0,344500.0,317500.0,324000.0,320435.0
2018-10-29 00:00:00+09:00,340000.0,348000.0,331500.0,335500.0,448795.0
2018-10-30 00:00:00+09:00,335500.0,346000.0,329500.0,338500.0,276286.0
2018-10-31 00:00:00+09:00,336000.0,348000.0,330000.0,347000.0,251134.0
2018-11-01 00:00:00+09:00,350000.0,352500.0,338500.0,339000.0,209045.0
2018-11-02 00:00:00+09:00,347000.0,359000.0,345000.0,358000.0,239187.0
2018-11-05 00:00:00+09:00,356500.0,363500.0,348000.0,356000.0,177433.0
2018-11-06 00:00:00+09:00,359500.0,359500.0,345500.0,350000.0,214150.0
2018-11-07 00:00:00+09:00,348000.0,350000.0,338500.0,340000.0,361104.0
2018-11-08 00:00:00+09:00,345000.0,347000.0,335000.0,335000.0,345238.0
2018-11-09 00:00:00+09:00,335000.0,339000.0,326500.0,327500.0,347828.0
2018-11-12 00:00:00+09:00,328500.0,335000.0,323500.0,333500.0,180275.0
2018-11-13 00:00:00+09:00,328500.0,335500.0,321500.0,335500.0,208344.0
2018-11-14 00:00:00+09:00,338000.0,343000.0,332000.0,340000.0,265603.0
2018-11-15 00:00:00+09:00,337000.0,342500.0,335000.0,342000.0,150336.0
2018-11-16 00:00:00+09:00,344500.0,347500.0,342000.0,344500.0,181324.0
2018-11-19 00:00:00+09:00,342000.0,346000.0,341000.0,345500.0,117733.0
2018-11-20 00:00:00+09:00,343500.0,344500.0,335000.0,339500.0,170177.0
2018-11-21 00:00:00+09:00,335500.0,343500.0,334500.0,340500.0,153279.0
2018-11-22 00:00:00+09:00,341000.0,341000.0,335000.0,338000.0,128580.0
2018-11-23 00:00:00+09:00,338000.0,343000.0,327500.0,328500.0,147880.0
2018-11-26 00:00:00+09:00,330500.0,338000.0,329000.0,335000.0,210200.0
2018-11-27 00:00:00+09:00,337000.0,343000.0,330000.0,343000.0,198864.0
2018-11-28 00:00:00+09:00,344000.0,347500.0,340500.0,347000.0,300120.0
2018-11-29 00:00:00+09:00,351000.0,351500.0,345500.0,347500.0,232946.0
2018-11-30 00:00:00+09:00,349500.0,351500.0,344000.0,345500.0,303151.0
2018-12-03 00:00:00+09:00,351500.0,366000.0,351500.0,365000.0,327930.0
2018-12-04 00:00:00+09:00,364000.0,364000.0,354500.0,358500.0,214522.0
2018-12-05 00:00:00+09:00,350000.0,357500.0,348000.0,354500.0,143860.0
2018-12-06 00:00:00+09:00,358000.0,363500.0,350000.0,353500.0,175833.0
2018-12-07 00:00:00+09:00,355000.0,360000.0,351000.0,351500.0,131615.0
2018-12-10 00:00:00+09:00,347500.0,351000.0,340500.0,345000.0,179911.0
2018-12-11 00:00:00+09:00,343500.0,351500.0,343500.0,349500.0,170594.0
2018-12-12 00:00:00+09:00,351500.0,353000.0,346000.0,350000.0,166963.0
2018-12-13 00:00:00+09:00,352500.0,361000.0,350000.0,355000.0,281643.0
2018-12-14 00:00:00+09:00,356500.0,361000.0,346000.0,351500.0,175154.0
2018-12-17 00:00:00+09:00,352500.0,358000.0,351500.0,351500.0,133815.0
2018-12-18 00:00:00+09:00,349000.0,349500.0,337500.0,340000.0,253947.0
2018-12-19 00:00:00+09:00,342000.0,355000.0,342000.0,352500.0,276651.0
2018-12-20 00:00:00+09:00,351500.0,351500.0,338000.0,344000.0,253607.0
2018-12-21 00:00:00+09:00,344000.0,361500.0,341500.0,358500.0,397305.0
2018-12-24 00:00:00+09:00,357000.0,362500.0,355000.0,357500.0,104960.0
2018-12-26 00:00:00+09:00,350000.0,356500.0,347500.0,353000.0,191680.0
2018-12-27 00:00:00+09:00,359000.0,359500.0,345500.0,347000.0,172656.0
2018-12-28 00:00:00+09:00,349000.0,352500.0,345500.0,347000.0,107893.0
2019-01-02 00:00:00+09:00,351000.0,353500.0,335500.0,337000.0,227694.0
2019-01-03 00:00:00+09:00,337500.0,341000.0,327500.0,328000.0,232935.0
2019-01-04 00:00:00+09:00,327500.0,331500.0,321500.0,330500.0,146988.0
2019-01-07 00:00:00+09:00,340000.0,350000.0,337500.0,343000.0,322157.0
2019-01-08 00:00:00+09:00,346500.0,351500.0,343000.0,349500.0,191633.0
2019-01-09 00:00:00+09:00,349500.0,353000.0,346500.0,352000.0,189562.0
2019-01-10 00:00:00+09:00,352000.0,354000.0,344500.0,347000.0,160808.0
2019-01-11 00:00:00+09:00,347000.0,353000.0,344000.0,349000.0,133523.0
2019-01-14 00:00:00+09:00,349000.0,354500.0,347000.0,350500.0,116345.0
2019-01-15 00:00:00+09:00,350500.0,356000.0,348500.0,356000.0,162948.0
2019-01-16 00:00:00+09:00,356000.0,367500.0,356000.0,366000.0,338647.0
2019-01-17 00:00:00+09:00,366000.0,369500.0,359500.0,360000.0,195538.0
2019-01-18 00:00:00+09:00,365500.0,371000.0,363000.0,368500.0,175106.0
2019-01-21 00:00:00+09:00,370000.0,373000.0,366000.0,370000.0,185149.0
2019-01-22 00:00:00+09:00,369500.0,371500.0,361500.0,366000.0,168874.0
2019-01-23 00:00:00+09:00,365000.0,371000.0,361500.0,369000.0,135604.0
2019-01-24 00:00:00+09:00,365000.0,372500.0,364000.0,367500.0,163790.0
2019-01-25 00:00:00+09:00,364000.0,376000.0,363000.0,373500.0,179731.0
2019-01-28 00:00:00+09:00,376500.0,380500.0,371000.0,374500.0,169205.0
2019-01-29 00:00:00+09:00,374500.0,378000.0,373000.0,378000.0,129353.0
2019-01-30 00:00:00+09:00,378500.0,382500.0,368500.0,379000.0,292815.0
2019-01-31 00:00:00+09:00,384500.0,385000.0,367000.0,368000.0,366641.0
2019-02-01 00:00:00+09:00,369500.0,373000.0,367000.0,368000.0,186088.0
2019-02-07 00:00:00+09:00,368000.0,373000.0,368000.0,369500.0,203911.0
2019-02-08 00:00:00+09:00,368000.0,375000.0,366000.0,370000.0,200400.0
2019-02-11 00:00:00+09:00,374000.0,375500.0,369000.0,372000.0,222401.0
2019-02-12 00:00:00+09:00,372000.0,372500.0,368500.0,371500.0,161623.0
2019-02-13 00:00:00+09:00,372000.0,378500.0,371000.0,378000.0,238938.0
2019-02-14 00:00:00+09:00,375500.0,380000.0,373000.0,380000.0,174263.0
2019-02-15 00:00:00+09:00,380000.0,382000.0,377000.0,380000.0,176600.0
2019-02-18 00:00:00+09:00,383000.0,395000.0,382000.0,391000.0,391159.0
2019-02-19 00:00:00+09:00,390500.0,394500.0,387500.0,390000.0,167684.0
2019-02-20 00:00:00+09:00,390000.0,395000.0,388500.0,394500.0,187571.0
2019-02-21 00:00:00+09:00,391000.0,392500.0,386500.0,387500.0,196217.0
2019-02-22 00:00:00+09:00,387000.0,388000.0,375500.0,383500.0,321536.0
2019-02-25 00:00:00+09:00,386500.0,389000.0,381500.0,385500.0,184192.0
2019-02-26 00:00:00+09:00,385500.0,388500.0,380500.0,386000.0,186216.0
2019-02-27 00:00:00+09:00,388000.0,393000.0,386000.0,392000.0,203931.0
2019-02-28 00:00:00+09:00,391000.0,393500.0,387000.0,390500.0,232429.0
2019-03-04 00:00:00+09:00,395000.0,400000.0,385500.0,387000.0,272909.0
2019-03-05 00:00:00+09:00,384500.0,385000.0,371500.0,373500.0,301137.0
2019-03-06 00:00:00+09:00,373500.0,376500.0,370000.0,373000.0,185818.0
2019-03-07 00:00:00+09:00,373500.0,375500.0,364500.0,366000.0,217748.0
2019-03-08 00:00:00+09:00,369500.0,375000.0,363500.0,364500.0,241496.0
2019-03-11 00:00:00+09:00,364500.0,365500.0,358000.0,361000.0,176310.0
2019-03-12 00:00:00+09:00,364500.0,369500.0,362500.0,365500.0,134842.0
2019-03-13 00:00:00+09:00,365000.0,365500.0,359500.0,363000.0,130719.0
2019-03-14 00:00:00+09:00,368000.0,370000.0,364500.0,370000.0,218477.0
2019-03-15 00:00:00+09:00,366000.0,374000.0,364500.0,370500.0,224707.0
2019-03-18 00:00:00+09:00,375000.0,375000.0,364500.0,366000.0,143247.0
2019-03-19 00:00:00+09:00,369000.0,370000.0,365500.0,369500.0,101797.0
2019-03-20 00:00:00+09:00,371000.0,371000.0,358500.0,363000.0,197333.0
2019-03-21 00:00:00+09:00,375500.0,382000.0,370000.0,382000.0,422078.0
2019-03-22 00:00:00+09:00,380000.0,383500.0,376000.0,379500.0,168236.0
2019-03-25 00:00:00+09:00,368000.0,371500.0,364000.0,367000.0,275020.0
2019-03-26 00:00:00+09:00,367500.0,369000.0,364000.0,366500.0,126328.0
2019-03-27 00:00:00+09:00,366000.0,367000.0,360500.0,362500.0,201938.0
2019-03-28 00:00:00+09:00,361000.0,364500.0,359000.0,361000.0,154119.0
2019-03-29 00:00:00+09:00,365000.0,366000.0,359000.0,366000.0,142056.0
2019-04-01 00:00:00+09:00,367000.0,376000.0,366500.0,370500.0,170894.0
2019-04-02 00:00:00+09:00,372500.0,375000.0,369500.0,372000.0,124592.0
2019-04-03 00:00:00+09:00,366500.0,377000.0,365500.0,376500.0,182955.0
2019-04-04 00:00:00+09:00,378000.0,380000.0,373500.0,376500.0,117507.0
2019-04-05 00:00:00+09:00,377000.0,379000.0,374000.0,377500.0,111499.0
2019-04-08 00:00:00+09:00,377000.0,387000.0,377000.0,383500.0,247069.0
2019-04-09 00:00:00+09:00,387000.0,390000.0,380500.0,387000.0,159712.0
2019-04-10 00:00:00+09:00,387000.0,389000.0,381500.0,389000.0,172063.0
2019-04-11 00:00:00+09:00,389000.0,390000.0,385000.0,388500.0,206847.0
2019-04-12 00:00:00+09:00,387000.0,387000.0,379500.0,380000.0,206511.0
2019-04-15 00:00:00+09:00,379000.0,381500.0,373000.0,374000.0,219027.0
2019-04-16 00:00:00+09:00,373500.0,377000.0,371000.0,373500.0,144284.0
2019-04-17 00:00:00+09:00,374000.0,377000.0,370500.0,371000.0,155525.0
2019-04-18 00:00:00+09:00,369500.0,373000.0,367000.0,369000.0,281963.0
2019-04-19 00:00:00+09:00,370000.0,371000.0,366500.0,366500.0,110098.0
2019-04-22 00:00:00+09:00,368500.0,374500.0,368000.0,370500.0,164492.0
2019-04-23 00:00:00+09:00,369500.0,372500.0,366500.0,371000.0,151790.0
2019-04-24 00:00:00+09:00,371500.0,371500.0,359500.0,361500.0,431261.0
2019-04-25 00:00:00+09:00,357500.0,365500.0,356500.0,365000.0,281721.0
2019-04-26 00:00:00+09:00,363000.0,364500.0,358500.0,358500.0,185237.0
2019-04-29 00:00:00+09:00,357000.0,365000.0,354000.0,365000.0,208561.0
2019-04-30 00:00:00+09:00,366000.0,368000.0,356500.0,361000.0,247798.0
2019-05-02 00:00:00+09:00,357500.0,364000.0,357500.0,359000.0,260801.0
2019-05-03 00:00:00+09:00,360500.0,366000.0,359000.0,364500.0,160521.0
2019-05-07 00:00:00+09:00,358000.0,360000.0,355000.0,358000.0,190156.0
2019-05-08 00:00:00+09:00,354000.0,360000.0,352500.0,356000.0,156763.0
2019-05-09 00:00:00+09:00,355500.0,356500.0,343000.0,343000.0,358834.0
2019-05-10 00:00:00+09:00,341000.0,349500.0,339000.0,344000.0,243229.0
2019-05-13 00:00:00+09:00,340000.0,342000.0,332500.0,333000.0,229518.0
2019-05-14 00:00:00+09:00,328500.0,335000.0,328000.0,331500.0,223147.0
2019-05-15 00:00:00+09:00,332500.0,342500.0,330500.0,340500.0,256554.0
2019-05-16 00:00:00+09:00,346000.0,347500.0,334500.0,335500.0,224008.0
2019-05-17 00:00:00+09:00,339000.0,344000.0,333500.0,334000.0,132312.0
2019-05-20 00:00:00+09:00,336000.0,341000.0,328500.0,330000.0,134913.0
2019-05-21 00:00:00+09:00,328500.0,333500.0,328000.0,329500.0,151917.0
2019-05-22 00:00:00+09:00,331000.0,334000.0,329500.0,332000.0,96373.0
2019-05-23 00:00:00+09:00,332000.0,332000.0,325000.0,327000.0,147111.0
2019-05-24 00:00:00+09:00,323000.0,326500.0,319000.0,325500.0,173785.0
2019-05-27 00:00:00+09:00,324000.0,329000.0,322000.0,326000.0,122563.0
2019-05-28 00:00:00+09:00,326000.0,330500.0,322500.0,326000.0,288317.0
2019-05-29 00:00:00+09:00,328000.0,330000.0,322000.0,323000.0,159476.0
2019-05-30 00:00:00+09:00,329500.0,337500.0,326000.0,327500.0,263071.0
2019-05-31 00:00:00+09:00,329000.0,336500.0,327000.0,333000.0,222635.0
2019-06-03 00:00:00+09:00,330000.0,337000.0,328500.0,337000.0,156208.0
2019-06-04 00:00:00+09:00,337000.0,339500.0,333500.0,337500.0,106548.0
2019-06-05 00:00:00+09:00,341000.0,341500.0,331500.0,331500.0,158733.0
2019-06-07 00:00:00+09:00,335000.0,335000.0,330000.0,330500.0,114979.0
2019-06-10 00:00:00+09:00,334000.0,337000.0,330000.0,337000.0,133998.0
2019-06-11 00:00:00+09:00,338000.0,341500.0,329000.0,341000.0,285000.0
2019-06-12 00:00:00+09:00,341500.0,342000.0,335000.0,337000.0,141549.0
2019-06-13 00:00:00+09:00,345000.0,349000.0,339500.0,349000.0,336019.0
2019-06-14 00:00:00+09:00,349000.0,350500.0,341500.0,344500.0,229667.0
2019-06-17 00:00:00+09:00,344500.0,350000.0,343500.0,348500.0,147491.0
2019-06-18 00:00:00+09:00,348000.0,349000.0,342500.0,345500.0,187801.0
2019-06-19 00:00:00+09:00,349500.0,350500.0,346000.0,348500.0,102094.0
2019-06-20 00:00:00+09:00,349500.0,352000.0,347500.0,352000.0,150039.0
2019-06-21 00:00:00+09:00,350000.0,351500.0,346000.0,348000.0,121196.0
2019-06-24 00:00:00+09:00,349000.0,349000.0,345000.0,348500.0,84084.0
2019-06-25 00:00:00+09:00,350000.0,356000.0,350000.0,352000.0,169316.0
2019-06-26 00:00:00+09:00,350500.0,350500.0,346500.0,347500.0,100381.0
2019-06-27 00:00:00+09:00,346000.0,350000.0,343000.0,349500.0,172767.0
2019-06-28 00:00:00+09:00,350000.0,356000.0,348000.0,354500.0,163529.0
2019-07-01 00:00:00+09:00,360000.0,360000.0,353000.0,355000.0,113228.0
2019-07-02 00:00:00+09:00,352500.0,355000.0,348500.0,348500.0,105241.0
2019-07-03 00:00:00+09:00,353000.0,359500.0,351000.0,355500.0,220098.0
2019-07-04 00:00:00+09:00,359500.0,360000.0,355000.0,358500.0,82751.0
2019-07-05 00:00:00+09:00,361000.0,361000.0,352000.0,354500.0,100106.0
2019-07-08 00:00:00+09:00,352000.0,352500.0,343500.0,345000.0,147643.0
2019-07-09 00:00:00+09:00,344500.0,349000.0,337000.0,337500.0,194090.0
2019-07-10 00:00:00+09:00,339000.0,344000.0,337000.0,337500.0,151141.0
2019-07-11 00:00:00+09:00,341500.0,344000.0,340000.0,341000.0,159837.0
2019-07-12 00:00:00+09:00,341500.0,347000.0,341500.0,344500.0,128147.0
2019-07-15 00:00:00+09:00,344000.0,348000.0,342500.0,347000.0,102063.0
2019-07-16 00:00:00+09:00,346000.0,353000.0,346000.0,353000.0,141257.0
2019-07-17 00:00:00+09:00,355000.0,356500.0,349500.0,353000.0,142249.0
2019-07-18 00:00:00+09:00,353000.0,359500.0,352500.0,356000.0,145999.0
2019-07-19 00:00:00+09:00,358500.0,361500.0,355000.0,361500.0,158745.0
2019-07-22 00:00:00+09:00,360000.0,360000.0,355500.0,357000.0,80333.0
2019-07-23 00:00:00+09:00,357500.0,361500.0,357000.0,359000.0,87905.0
2019-07-24 00:00:00+09:00,361000.0,361000.0,351000.0,353500.0,102363.0
2019-07-25 00:00:00+09:00,345500.0,346000.0,335000.0,336000.0,488905.0
2019-07-26 00:00:00+09:00,336000.0,337000.0,330500.0,333000.0,203369.0
2019-07-29 00:00:00+09:00,333500.0,333500.0,325000.0,333000.0,168075.0
2019-07-30 00:00:00+09:00,328000.0,336000.0,328000.0,334500.0,95024.0
2019-07-31 00:00:00+09:00,330000.0,342000.0,330000.0,337500.0,185273.0
2019-08-01 00:00:00+09:00,338500.0,339000.0,332500.0,332500.0,129913.0
2019-08-02 00:00:00+09:00,325000.0,333000.0,325000.0,331500.0,151336.0
2019-08-05 00:00:00+09:00,328000.0,330000.0,315500.0,315500.0,234602.0
2019-08-06 00:00:00+09:00,301000.0,317500.0,301000.0,310000.0,287938.0
2019-08-07 00:00:00+09:00,309500.0,317500.0,309000.0,315500.0,164132.0
2019-08-08 00:00:00+09:00,320000.0,322000.0,314000.0,318000.0,182984.0
2019-08-09 00:00:00+09:00,321000.0,322500.0,317000.0,317000.0,86491.0
2019-08-12 00:00:00+09:00,315500.0,317000.0,313000.0,314000.0,84452.0
2019-08-13 00:00:00+09:00,312000.0,314500.0,308500.0,309000.0,119987.0
2019-08-14 00:00:00+09:00,313500.0,323500.0,311500.0,323500.0,192588.0
2019-08-16 00:00:00+09:00,320000.0,320500.0,315000.0,320000.0,85005.0
2019-08-19 00:00:00+09:00,321000.0,322000.0,318000.0,321000.0,84033.0
2019-08-20 00:00:00+09:00,319500.0,325000.0,319000.0,324000.0,75449.0
2019-08-21 00:00:00+09:00,324500.0,330000.0,323500.0,328000.0,114378.0
2019-08-22 00:00:00+09:00,327500.0,332000.0,320000.0,320000.0,165953.0
2019-08-23 00:00:00+09:00,316000.0,332500.0,316000.0,329500.0,178100.0
2019-08-26 00:00:00+09:00,329500.0,332500.0,322500.0,323500.0,179599.0
2019-08-27 00:00:00+09:00,327000.0,331500.0,321500.0,323000.0,190393.0
2019-08-28 00:00:00+09:00,324000.0,329000.0,323000.0,324000.0,107317.0
2019-08-29 00:00:00+09:00,325500.0,327500.0,322500.0,325000.0,70201.0
2019-08-30 00:00:00+09:00,329000.0,331000.0,327500.0,330500.0,115040.0
2019-09-02 00:00:00+09:00,322000.0,324000.0,315500.0,321500.0,227172.0
2019-09-03 00:00:00+09:00,321500.0,323500.0,320000.0,322000.0,98010.0
2019-09-04 00:00:00+09:00,318500.0,321500.0,318000.0,321500.0,137210.0
2019-09-05 00:00:00+09:00,322500.0,328000.0,321000.0,325000.0,170296.0
2019-09-06 00:00:00+09:00,326000.0,330000.0,326000.0,328500.0,111619.0
2019-09-09 00:00:00+09:00,328000.0,330500.0,325000.0,325000.0,128902.0
2019-09-10 00:00:00+09:00,325500.0,328000.0,320000.0,322000.0,150462.0
2019-09-11 00:00:00+09:00,322000.0,327000.0,321500.0,324000.0,244506.0
2019-09-16 00:00:00+09:00,321000.0,326500.0,318500.0,324500.0,319049.0
2019-09-17 00:00:00+09:00,324000.0,327500.0,320500.0,327500.0,227963.0
2019-09-18 00:00:00+09:00,328000.0,328500.0,324500.0,325500.0,100339.0
2019-09-19 00:00:00+09:00,325000.0,328500.0,324500.0,327500.0,108529.0
2019-09-20 00:00:00+09:00,327500.0,329000.0,326000.0,329000.0,158169.0
2019-09-23 00:00:00+09:00,328500.0,328500.0,323000.0,323500.0,174354.0
2019-09-24 00:00:00+09:00,322500.0,327000.0,322500.0,327000.0,142221.0
2019-09-25 00:00:00+09:00,315000.0,315000.0,304000.0,305000.0,962072.0
2019-09-26 00:00:00+09:00,306500.0,307500.0,303500.0,304500.0,239641.0
2019-09-27 00:00:00+09:00,303500.0,304500.0,301000.0,301500.0,273366.0
2019-09-30 00:00:00+09:00,300000.0,302500.0,297500.0,299500.0,214811.0
2019-10-01 00:00:00+09:00,299000.0,308500.0,298000.0,304500.0,190739.0
2019-10-02 00:00:00+09:00,303500.0,303500.0,296500.0,296500.0,234302.0
2019-10-04 00:00:00+09:00,297500.0,302000.0,296000.0,296000.0,167424.0
2019-10-07 00:00:00+09:00,294500.0,297000.0,286500.0,289000.0,284855.0
2019-10-08 00:00:00+09:00,290000.0,296500.0,289500.0,295500.0,205540.0
2019-10-10 00:00:00+09:00,294000.0,297500.0,292500.0,297000.0,224500.0
2019-10-11 00:00:00+09:00,300500.0,303500.0,299000.0,302500.0,182446.0
2019-10-14 00:00:00+09:00,305000.0,306500.0,302000.0,304000.0,146205.0
2019-10-15 00:00:00+09:00,304000.0,305500.0,302000.0,303000.0,127670.0
2019-10-16 00:00:00+09:00,303500.0,304500.0,301000.0,303000.0,169910.0
2019-10-17 00:00:00+09:00,306500.0,307000.0,303000.0,304000.0,124636.0
2019-10-18 00:00:00+09:00,301500.0,305000.0,295500.0,295500.0,263628.0
2019-10-21 00:00:00+09:00,298500.0,300000.0,296500.0,298500.0,146338.0
2019-10-22 00:00:00+09:00,299000.0,300000.0,296500.0,298500.0,250758.0
2019-10-23 00:00:00+09:00,298500.0,300500.0,297000.0,299500.0,125797.0
2019-10-24 00:00:00+09:00,303500.0,305000.0,296500.0,298000.0,238188.0
2019-10-25 00:00:00+09:00,306000.0,307500.0,299500.0,301500.0,255701.0
2019-10-28 00:00:00+09:00,304000.0,305000.0,301500.0,302000.0,141604.0
2019-10-29 00:00:00+09:00,304000.0,304500.0,300000.0,300000.0,141589.0
2019-10-30 00:00:00+09:00,302500.0,306000.0,299000.0,305000.0,196715.0
2019-10-31 00:00:00+09:00,308000.0,310500.0,305500.0,307500.0,236988.0
2019-11-01 00:00:00+09:00,308000.0,309000.0,305000.0,309000.0,86443.0
2019-11-04 00:00:00+09:00,311000.0,315000.0,310500.0,315000.0,236514.0
2019-11-05 00:00:00+09:00,316500.0,321500.0,316000.0,321500.0,244050.0
2019-11-06 00:00:00+09:00,324000.0,325500.0,317000.0,317500.0,201082.0
2019-11-07 00:00:00+09:00,317000.0,318500.0,314000.0,316500.0,108717.0
2019-11-08 00:00:00+09:00,320500.0,323000.0,318000.0,323000.0,173853.0
2019-11-11 00:00:00+09:00,323500.0,324000.0,316000.0,317000.0,124161.0
2019-11-12 00:00:00+09:00,317500.0,319000.0,316500.0,317500.0,62703.0
2019-11-13 00:00:00+09:00,316500.0,318000.0,312000.0,314500.0,117232.0
2019-11-14 00:00:00+09:00,317500.0,319500.0,315000.0,319500.0,135926.0
2019-11-15 00:00:00+09:00,317500.0,321000.0,316000.0,317500.0,130953.0
2019-11-18 00:00:00+09:00,317500.0,318000.0,315500.0,316000.0,88958.0
2019-11-19 00:00:00+09:00,315500.0,319000.0,313500.0,317500.0,136513.0
2019-11-20 00:00:00+09:00,316500.0,317500.0,308500.0,309500.0,188995.0
2019-11-21 00:00:00+09:00,310000.0,310500.0,303500.0,305000.0,156773.0
2019-11-22 00:00:00+09:00,304500.0,307000.0,301000.0,301000.0,285700.0
2019-11-25 00:00:00+09:00,302500.0,311500.0,302000.0,308500.0,300005.0
2019-11-26 00:00:00+09:00,311000.0,313000.0,308500.0,308500.0,302933.0
2019-11-27 00:00:00+09:00,312500.0,312500.0,307000.0,309000.0,100282.0
2019-11-28 00:00:00+09:00,308500.0,311000.0,307000.0,309000.0,87936.0
2019-11-29 00:00:00+09:00,306500.0,309500.0,304000.0,306500.0,197050.0
2019-12-02 00:00:00+09:00,308000.0,311000.0,306000.0,309000.0,123351.0
2019-12-03 00:00:00+09:00,308500.0,310500.0,305500.0,309500.0,97676.0
2019-12-04 00:00:00+09:00,306500.0,307000.0,295500.0,296500.0,316394.0
2019-12-05 00:00:00+09:00,296500.0,296500.0,292000.0,293500.0,199730.0
2019-12-06 00:00:00+09:00,295500.0,298500.0,293000.0,294500.0,155425.0
2019-12-09 00:00:00+09:00,297500.0,298500.0,294500.0,295000.0,150943.0
2019-12-10 00:00:00+09:00,298500.0,300000.0,297500.0,299000.0,159077.0
2019-12-11 00:00:00+09:00,302000.0,302500.0,299500.0,300500.0,137285.0
2019-12-12 00:00:00+09:00,302000.0,302500.0,299500.0,300500.0,246964.0
2019-12-13 00:00:00+09:00,305000.0,306500.0,301000.0,303000.0,223170.0
2019-12-16 00:00:00+09:00,302500.0,309000.0,301500.0,309000.0,182481.0
2019-12-17 00:00:00+09:00,306500.0,308000.0,305000.0,305500.0,176726.0
2019-12-18 00:00:00+09:00,307000.0,307000.0,298000.0,307000.0,207013.0
2019-12-19 00:00:00+09:00,304500.0,309500.0,302500.0,309000.0,110138.0
2019-12-20 00:00:00+09:00,310000.0,315500.0,309500.0,314500.0,248130.0
2019-12-23 00:00:00+09:00,314000.0,315000.0,311000.0,313000.0,121761.0
2019-12-24 00:00:00+09:00,317000.0,321000.0,312500.0,312500.0,224260.0
2019-12-26 00:00:00+09:00,312500.0,314000.0,307500.0,308000.0,166208.0
2019-12-27 00:00:00+09:00,308500.0,312000.0,306000.0,310500.0,149622.0
2019-12-30 00:00:00+09:00,311500.0,318000.0,311000.0,317500.0,168990.0
2020-01-02 00:00:00+09:00,321000.0,321000.0,313500.0,314000.0,139496.0
2020-01-03 00:00:00+09:00,317000.0,318500.0,310500.0,311000.0,165030.0
2020-01-06 00:00:00+09:00,308000.0,311000.0,306500.0,307000.0,138154.0
2020-01-07 00:00:00+09:00,306000.0,313500.0,305000.0,311000.0,133788.0
2020-01-08 00:00:00+09:00,306000.0,307000.0,301500.0,302000.0,225471.0
2020-01-09 00:00:00+09:00,305000.0,307500.0,304500.0,306500.0,198621.0
2020-01-10 00:00:00+09:00,307000.0,325500.0,306500.0,325000.0,610981.0
2020-01-13 00:00:00+09:00,328500.0,335000.0,327500.0,332500.0,359435.0
2020-01-14 00:00:00+09:00,335000.0,343000.0,331000.0,333500.0,425340.0
2020-01-15 00:00:00+09:00,330500.0,333000.0,327000.0,328500.0,231766.0
2020-01-16 00:00:00+09:00,328500.0,330000.0,324000.0,329000.0,194414.0
2020-01-17 00:00:00+09:00,330500.0,333000.0,330000.0,333000.0,221203.0
2020-01-20 00:00:00+09:00,340500.0,355000.0,340000.0,354000.0,556519.0
2020-01-21 00:00:00+09:00,358000.0,359000.0,344500.0,344500.0,364883.0
2020-01-22 00:00:00+09:00,347500.0,353000.0,344500.0,351500.0,311524.0
2020-01-23 00:00:00+09:00,347500.0,354000.0,347000.0,348500.0,260932.0
2020-01-28 00:00:00+09:00,338000.0,339500.0,335000.0,336500.0,348298.0
2020-01-29 00:00:00+09:00,338000.0,339000.0,332500.0,335000.0,272147.0
2020-01-30 00:00:00+09:00,338500.0,347500.0,338500.0,343500.0,642288.0
2020-01-31 00:00:00+09:00,349000.0,354000.0,335000.0,337500.0,391298.0
2020-02-03 00:00:00+09:00,328500.0,351500.0,325500.0,350000.0,594448.0
2020-02-04 00:00:00+09:00,364500.0,385000.0,361500.0,379500.0,995237.0
2020-02-05 00:00:00+09:00,391000.0,391500.0,377000.0,382000.0,731711.0
2020-02-06 00:00:00+09:00,374500.0,385000.0,372500.0,382000.0,551088.0
2020-02-07 00:00:00+09:00,377000.0,391500.0,377000.0,386500.0,392312.0
2020-02-10 00:00:00+09:00,382500.0,390000.0,381000.0,387000.0,291904.0
2020-02-11 00:00:00+09:00,394500.0,420000.0,393500.0,413500.0,983089.0
2020-02-12 00:00:00+09:00,408500.0,412000.0,403500.0,408000.0,463511.0
2020-02-13 00:00:00+09:00,408500.0,418000.0,408000.0,411500.0,448366.0
2020-02-14 00:00:00+09:00,416500.0,420000.0,412000.0,413500.0,301730.0
2020-02-17 00:00:00+09:00,420500.0,422500.0,409000.0,419500.0,514355.0
2020-02-18 00:00:00+09:00,418000.0,422000.0,415000.0,418000.0,366288.0
2020-02-19 00:00:00+09:00,420500.0,421500.0,403500.0,404000.0,766920.0
2020-02-20 00:00:00+09:00,408500.0,422000.0,406000.0,419000.0,482732.0
2020-02-21 00:00:00+09:00,407000.0,416500.0,406500.0,407000.0,400924.0
2020-02-24 00:00:00+09:00,392000.0,400000.0,391500.0,395000.0,463848.0
2020-02-25 00:00:00+09:00,395500.0,400500.0,391500.0,399500.0,478820.0
2020-02-26 00:00:00+09:00,394000.0,398000.0,387000.0,395000.0,334971.0
2020-02-27 00:00:00+09:00,394000.0,398000.0,384000.0,388000.0,345104.0
2020-02-28 00:00:00+09:00,376500.0,380000.0,366500.0,368000.0,643995.0
2020-03-02 00:00:00+09:00,368500.0,385000.0,362500.0,377000.0,514325.0
2020-03-03 00:00:00+09:00,393000.0,398500.0,384500.0,386500.0,547921.0
2020-03-04 00:00:00+09:00,383500.0,398500.0,382000.0,392000.0,478790.0
2020-03-05 00:00:00+09:00,407500.0,412000.0,402000.0,406000.0,645954.0
2020-03-06 00:00:00+09:00,401000.0,404000.0,395500.0,400000.0,357631.0
2020-03-09 00:00:00+09:00,383000.0,385500.0,373500.0,374000.0,611394.0
2020-03-10 00:00:00+09:00,371000.0,380000.0,368000.0,373500.0,660399.0
2020-03-11 00:00:00+09:00,374000.0,377500.0,362000.0,365000.0,447847.0
2020-03-12 00:00:00+09:00,359000.0,367000.0,334500.0,341500.0,1041370.0
2020-03-13 00:00:00+09:00,315000.0,343500.0,313000.0,340500.0,899561.0
2020-03-16 00:00:00+09:00,343000.0,348000.0,312500.0,312500.0,747892.0
2020-03-17 00:00:00+09:00,295000.0,315500.0,294500.0,306500.0,819960.0
2020-03-18 00:00:00+09:00,307500.0,312000.0,280000.0,280000.0,946373.0
2020-03-19 00:00:00+09:00,284500.0,285500.0,230000.0,230000.0,1394682.0
2020-03-20 00:00:00+09:00,246000.0,273000.0,242000.0,272500.0,1306067.0
2020-03-23 00:00:00+09:00,249500.0,286500.0,248500.0,268000.0,947838.0
2020-03-24 00:00:00+09:00,283500.0,297500.0,274000.0,288000.0,966345.0
2020-03-25 00:00:00+09:00,310000.0,316500.0,296500.0,307500.0,803831.0
2020-03-26 00:00:00+09:00,309500.0,314000.0,297500.0,299500.0,720792.0
2020-03-27 00:00:00+09:00,313000.0,314500.0,292500.0,303500.0,648602.0
2020-03-30 00:00:00+09:00,291000.0,307000.0,289500.0,303000.0,473701.0
2020-03-31 00:00:00+09:00,306500.0,309500.0,298500.0,305000.0,492967.0
2020-04-01 00:00:00+09:00,305000.0,307000.0,292000.0,292000.0,599459.0
2020-04-02 00:00:00+09:00,292000.0,294500.0,280000.0,291000.0,688886.0
2020-04-03 00:00:00+09:00,300000.0,304500.0,285500.0,290500.0,540101.0
2020-04-06 00:00:00+09:00,295000.0,297000.0,290500.0,296500.0,494846.0
2020-04-07 00:00:00+09:00,307000.0,309500.0,301000.0,309000.0,717617.0
2020-04-08 00:00:00+09:00,308500.0,319500.0,306500.0,313000.0,616801.0
2020-04-09 00:00:00+09:00,319000.0,324500.0,317000.0,324500.0,470177.0
2020-04-10 00:00:00+09:00,324500.0,326000.0,318500.0,324000.0,313697.0
2020-04-13 00:00:00+09:00,325500.0,325500.0,314000.0,315000.0,298575.0
2020-04-14 00:00:00+09:00,327500.0,329000.0,321000.0,326500.0,436161.0
2020-04-16 00:00:00+09:00,327500.0,345000.0,327000.0,343000.0,621763.0
2020-04-17 00:00:00+09:00,352500.0,376000.0,352000.0,362500.0,753764.0
2020-04-20 00:00:00+09:00,362500.0,369500.0,351000.0,351500.0,504864.0
2020-04-21 00:00:00+09:00,348000.0,359500.0,343500.0,354000.0,710608.0
2020-04-22 00:00:00+09:00,346500.0,357000.0,345500.0,355000.0,362008.0
2020-04-23 00:00:00+09:00,360000.0,361500.0,356500.0,361000.0,343123.0
2020-04-24 00:00:00+09:00,358000.0,358500.0,350000.0,353500.0,270535.0
2020-04-27 00:00:00+09:00,353500.0,357000.0,348000.0,353500.0,445576.0
2020-04-28 00:00:00+09:00,365000.0,371500.0,354000.0,362500.0,582497.0
2020-04-29 00:00:00+09:00,368000.0,376500.0,365000.0,376500.0,566265.0
2020-05-04 00:00:00+09:00,361000.0,366000.0,358000.0,360000.0,669179.0
2020-05-06 00:00:00+09:00,366500.0,366500.0,356500.0,361000.0,344167.0
2020-05-07 00:00:00+09:00,358000.0,361000.0,352500.0,354000.0,431374.0
2020-05-08 00:00:00+09:00,349000.0,356500.0,346500.0,352500.0,678484.0
2020-05-11 00:00:00+09:00,351500.0,354000.0,345000.0,346500.0,629395.0
2020-05-12 00:00:00+09:00,346000.0,346000.0,336500.0,338000.0,554982.0
2020-05-13 00:00:00+09:00,330000.0,352500.0,330000.0,352000.0,861294.0
2020-05-14 00:00:00+09:00,348000.0,351000.0,341000.0,344500.0,399418.0
2020-05-15 00:00:00+09:00,348500.0,349500.0,343000.0,346500.0,364374.0
2020-05-18 00:00:00+09:00,349500.0,356000.0,346000.0,354000.0,408948.0
2020-05-19 00:00:00+09:00,363500.0,364000.0,356500.0,357000.0,395494.0
2020-05-20 00:00:00+09:00,352500.0,362500.0,351500.0,362500.0,358098.0
2020-05-21 00:00:00+09:00,367000.0,385000.0,365000.0,377500.0,1033430.0
2020-05-22 00:00:00+09:00,382000.0,385000.0,373500.0,377000.0,504011.0
2020-05-25 00:00:00+09:00,380000.0,389500.0,375000.0,389500.0,505854.0
2020-05-26 00:00:00+09:00,398500.0,416000.0,398000.0,414000.0,958956.0
2020-05-27 00:00:00+09:00,406000.0,412000.0,394500.0,395500.0,622426.0
2020-05-28 00:00:00+09:00,403000.0,404000.0,380000.0,388500.0,842769.0
2020-05-29 00:00:00+09:00,381500.0,391000.0,381500.0,390500.0,526505.0
2020-06-01 00:00:00+09:00,391000.0,401000.0,389500.0,396000.0,401656.0
2020-06-02 00:00:00+09:00,400000.0,402000.0,393000.0,395000.0,390982.0
2020-06-03 00:00:00+09:00,399000.0,401500.0,395000.0,400500.0,474692.0
2020-06-04 00:00:00+09:00,400500.0,420000.0,399500.0,417500.0,966577.0
2020-06-05 00:00:00+09:00,421500.0,434000.0,421000.0,434000.0,865564.0
2020-06-08 00:00:00+09:00,440000.0,446000.0,432000.0,434000.0,684281.0
2020-06-09 00:00:00+09:00,439000.0,441500.0,425500.0,432500.0,609988.0
2020-06-10 00:00:00+09:00,432500.0,442000.0,429500.0,440000.0,535589.0
2020-06-11 00:00:00+09:00,447000.0,469500.0,446000.0,463000.0,1250374.0
2020-06-12 00:00:00+09:00,436500.0,466000.0,436000.0,462000.0,1007453.0
2020-06-15 00:00:00+09:00,455000.0,460500.0,428000.0,428000.0,851192.0
2020-06-16 00:00:00+09:00,445000.0,487500.0,444000.0,487500.0,1156149.0
2020-06-17 00:00:00+09:00,484000.0,512000.0,481500.0,491500.0,1390544.0
2020-06-18 00:00:00+09:00,491500.0,494500.0,481500.0,491000.0,509457.0
2020-06-19 00:00:00+09:00,499500.0,512000.0,488000.0,512000.0,738862.0
2020-06-22 00:00:00+09:00,510000.0,519000.0,502000.0,506000.0,509229.0
2020-06-23 00:00:00+09:00,512000.0,518000.0,500000.0,504000.0,516968.0
2020-06-24 00:00:00+09:00,514000.0,520000.0,510000.0,516000.0,391402.0
2020-06-25 00:00:00+09:00,506000.0,513000.0,499000.0,499000.0,551096.0
2020-06-26 00:00:00+09:00,508000.0,509000.0,488500.0,501000.0,473636.0
2020-06-29 00:00:00+09:00,492000.0,501000.0,486000.0,489500.0,454763.0
2020-06-30 00:00:00+09:00,501000.0,502000.0,487500.0,490500.0,443059.0
2020-07-01 00:00:00+09:00,499000.0,503000.0,491000.0,491500.0,357203.0
2020-07-02 00:00:00+09:00,495000.0,496500.0,487500.0,496000.0,362498.0
2020-07-03 00:00:00+09:00,509000.0,515000.0,502000.0,507000.0,443404.0
2020-07-06 00:00:00+09:00,507000.0,511000.0,498500.0,509000.0,317805.0
2020-07-07 00:00:00+09:00,525000.0,531000.0,515000.0,516000.0,630054.0
2020-07-08 00:00:00+09:00,518000.0,521000.0,509000.0,513000.0,358194.0
2020-07-09 00:00:00+09:00,515000.0,549000.0,512000.0,539000.0,819218.0
2020-07-10 00:00:00+09:00,544000.0,548000.0,527000.0,529000.0,470969.0
2020-07-13 00:00:00+09:00,540000.0,548000.0,531000.0,547000.0,368579.0
2020-07-14 00:00:00+09:00,535000.0,545000.0,531000.0,534000.0,441154.0
2020-07-15 00:00:00+09:00,539000.0,546000.0,536000.0,544000.0,341645.0
2020-07-16 00:00:00+09:00,547000.0,547000.0,520000.0,523000.0,504937.0
2020-07-17 00:00:00+09:00,516000.0,522000.0,505000.0,516000.0,540426.0
2020-07-20 00:00:00+09:00,518000.0,519000.0,506000.0,511000.0,318383.0
2020-07-21 00:00:00+09:00,525000.0,537000.0,522000.0,531000.0,489307.0
2020-07-22 00:00:00+09:00,524000.0,529000.0,516000.0,527000.0,332150.0
2020-07-23 00:00:00+09:00,535000.0,535000.0,522000.0,532000.0,270382.0
2020-07-24 00:00:00+09:00,521000.0,526000.0,513000.0,516000.0,406633.0
2020-07-27 00:00:00+09:00,509000.0,520000.0,509000.0,517000.0,257568.0
2020-07-28 00:00:00+09:00,526000.0,532000.0,521000.0,528000.0,372041.0
2020-07-29 00:00:00+09:00,527000.0,538000.0,523000.0,527000.0,315710.0
2020-07-30 00:00:00+09:00,530000.0,533000.0,523000.0,530000.0,244581.0
2020-07-31 00:00:00+09:00,541000.0,580000.0,532000.0,568000.0,1376453.0
2020-08-03 00:00:00+09:00,578000.0,650000.0,577000.0,635000.0,1715295.0
2020-08-04 00:00:00+09:00,652000.0,665000.0,635000.0,642000.0,894736.0
2020-08-05 00:00:00+09:00,640000.0,681000.0,637000.0,670000.0,917661.0
2020-08-06 00:00:00+09:00,672000.0,688000.0,659000.0,680000.0,634951.0
2020-08-07 00:00:00+09:00,680000.0,758000.0,680000.0,746000.0,1399982.0
2020-08-10 00:00:00+09:00,747000.0,748000.0,716000.0,720000.0,1035305.0
2020-08-11 00:00:00+09:00,715000.0,771000.0,708000.0,758000.0,1087515.0
2020-08-12 00:00:00+09:00,746000.0,764000.0,740000.0,741000.0,673527.0
2020-08-13 00:00:00+09:00,758000.0,776000.0,722000.0,737000.0,970866.0
2020-08-14 00:00:00+09:00,716000.0,724000.0,695000.0,700000.0,1160403.0
2020-08-18 00:00:00+09:00,689000.0,722000.0,673000.0,690000.0,1051815.0
2020-08-19 00:00:00+09:00,708000.0,710000.0,677000.0,683000.0,746732.0
2020-08-20 00:00:00+09:00,681000.0,697000.0,662000.0,667000.0,841507.0
2020-08-21 00:00:00+09:00,676000.0,709000.0,676000.0,699000.0,1078744.0
2020-08-24 00:00:00+09:00,695000.0,708000.0,687000.0,702000.0,574924.0
2020-08-25 00:00:00+09:00,712000.0,714000.0,703000.0,713000.0,450237.0
2020-08-26 00:00:00+09:00,718000.0,768000.0,716000.0,757000.0,1094918.0
2020-08-27 00:00:00+09:00,774000.0,785000.0,759000.0,762000.0,1060767.0
2020-08-28 00:00:00+09:00,767000.0,776000.0,751000.0,759000.0,496857.0
2020-08-31 00:00:00+09:00,763000.0,775000.0,731000.0,740000.0,835300.0
2020-09-01 00:00:00+09:00,741000.0,753000.0,723000.0,743000.0,645681.0
2020-09-02 00:00:00+09:00,743000.0,747000.0,728000.0,742000.0,462821.0
2020-09-03 00:00:00+09:00,756000.0,774000.0,756000.0,768000.0,690256.0
2020-09-04 00:00:00+09:00,734000.0,751000.0,734000.0,743000.0,773517.0
2020-09-07 00:00:00+09:00,743000.0,743000.0,718000.0,720000.0,635302.0
2020-09-08 00:00:00+09:00,720000.0,727000.0,697000.0,709000.0,811834.0
2020-09-09 00:00:00+09:00,682000.0,704000.0,682000.0,699000.0,575376.0
2020-09-10 00:00:00+09:00,716000.0,716000.0,699000.0,713000.0,541097.0
2020-09-11 00:00:00+09:00,707000.0,709000.0,695000.0,705000.0,361882.0
2020-09-14 00:00:00+09:00,707000.0,715000.0,696000.0,712000.0,327850.0
2020-09-15 00:00:00+09:00,722000.0,728000.0,710000.0,726000.0,435166.0
2020-09-16 00:00:00+09:00,730000.0,732000.0,685000.0,687000.0,958233.0
2020-09-17 00:00:00+09:00,671000.0,687000.0,625000.0,645000.0,3408145.0
2020-09-18 00:00:00+09:00,653000.0,677000.0,650000.0,666000.0,1775061.0
2020-09-21 00:00:00+09:00,656000.0,657000.0,626000.0,627000.0,1239438.0
2020-09-22 00:00:00+09:00,646000.0,659000.0,633000.0,639000.0,1209481.0
2020-09-23 00:00:00+09:00,660000.0,662000.0,604000.0,630000.0,1271568.0
2020-09-24 00:00:00+09:00,619000.0,643000.0,610000.0,611000.0,872924.0
2020-09-25 00:00:00+09:00,621000.0,630000.0,604000.0,627000.0,493489.0
2020-09-28 00:00:00+09:00,636000.0,639000.0,616000.0,626000.0,367111.0
2020-09-29 00:00:00+09:00,659000.0,660000.0,636000.0,654000.0,677451.0
2020-10-05 00:00:00+09:00,670000.0,670000.0,648000.0,659000.0,443499.0
2020-10-06 00:00:00+09:00,659000.0,680000.0,654000.0,674000.0,451956.0
2020-10-07 00:00:00+09:00,673000.0,680000.0,667000.0,680000.0,294545.0
2020-10-08 00:00:00+09:00,684000.0,698000.0,682000.0,692000.0,564700.0
2020-10-12 00:00:00+09:00,680000.0,692000.0,670000.0,672000.0,551057.0
2020-10-13 00:00:00+09:00,675000.0,678000.0,640000.0,644000.0,678451.0
2020-10-14 00:00:00+09:00,642000.0,644000.0,620000.0,628000.0,725349.0
2020-10-15 00:00:00+09:00,636000.0,648000.0,629000.0,637000.0,531454.0
2020-10-16 00:00:00+09:00,633000.0,643000.0,628000.0,640000.0,310579.0
2020-10-19 00:00:00+09:00,642000.0,642000.0,614000.0,615000.0,473127.0
2020-10-20 00:00:00+09:00,606000.0,626000.0,605000.0,621000.0,483397.0
2020-10-21 00:00:00+09:00,624000.0,626000.0,614000.0,617000.0,241633.0
2020-10-22 00:00:00+09:00,623000.0,642000.0,621000.0,639000.0,512433.0
2020-10-23 00:00:00+09:00,646000.0,650000.0,633000.0,650000.0,405718.0
2020-10-26 00:00:00+09:00,645000.0,650000.0,634000.0,646000.0,264208.0
2020-10-27 00:00:00+09:00,633000.0,641000.0,627000.0,632000.0,261388.0
2020-10-28 00:00:00+09:00,647000.0,647000.0,626000.0,642000.0,368105.0
2020-10-29 00:00:00+09:00,629000.0,654000.0,629000.0,651000.0,386081.0
2020-10-30 00:00:00+09:00,647000.0,648000.0,611000.0,611000.0,820454.0
2020-11-02 00:00:00+09:00,609000.0,625000.0,588000.0,623000.0,505856.0
2020-11-03 00:00:00+09:00,630000.0,659000.0,628000.0,656000.0,638480.0
2020-11-04 00:00:00+09:00,662000.0,673000.0,645000.0,650000.0,472730.0
2020-11-05 00:00:00+09:00,663000.0,677000.0,656000.0,677000.0,446583.0
2020-11-06 00:00:00+09:00,688000.0,724000.0,686000.0,720000.0,1268197.0
2020-11-09 00:00:00+09:00,739000.0,750000.0,722000.0,734000.0,601476.0
2020-11-10 00:00:00+09:00,722000.0,733000.0,701000.0,702000.0,563688.0
2020-11-11 00:00:00+09:00,708000.0,717000.0,685000.0,692000.0,528736.0
2020-11-12 00:00:00+09:00,696000.0,710000.0,691000.0,692000.0,396873.0
2020-11-13 00:00:00+09:00,688000.0,710000.0,680000.0,705000.0,388449.0
2020-11-16 00:00:00+09:00,682000.0,691000.0,675000.0,677000.0,573360.0
2020-11-17 00:00:00+09:00,678000.0,686000.0,675000.0,686000.0,331899.0
2020-11-18 00:00:00+09:00,688000.0,709000.0,686000.0,709000.0,350805.0
2020-11-19 00:00:00+09:00,712000.0,725000.0,709000.0,721000.0,356316.0
2020-11-20 00:00:00+09:00,722000.0,731000.0,716000.0,724000.0,285042.0
2020-11-23 00:00:00+09:00,739000.0,748000.0,735000.0,748000.0,466506.0
2020-11-24 00:00:00+09:00,760000.0,799000.0,754000.0,799000.0,858347.0
2020-11-25 00:00:00+09:00,820000.0,833000.0,784000.0,788000.0,780482.0
2020-11-26 00:00:00+09:00,794000.0,821000.0,783000.0,816000.0,556575.0
2020-11-27 00:00:00+09:00,807000.0,820000.0,798000.0,810000.0,390212.0
2020-11-30 00:00:00+09:00,807000.0,813000.0,790000.0,800000.0,728920.0
2020-12-01 00:00:00+09:00,808000.0,816000.0,794000.0,809000.0,404022.0
2020-12-02 00:00:00+09:00,816000.0,849000.0,811000.0,841000.0,592081.0
2020-12-03 00:00:00+09:00,839000.0,846000.0,827000.0,846000.0,372854.0
2020-12-04 00:00:00+09:00,863000.0,863000.0,846000.0,846000.0,375662.0
2020-12-07 00:00:00+09:00,832000.0,838000.0,807000.0,816000.0,498527.0
2020-12-08 00:00:00+09:00,816000.0,830000.0,805000.0,811000.0,389335.0
2020-12-09 00:00:00+09:00,820000.0,836000.0,807000.0,836000.0,392544.0
2020-12-10 00:00:00+09:00,822000.0,833000.0,815000.0,817000.0,615054.0
2020-12-11 00:00:00+09:00,825000.0,827000.0,808000.0,808000.0,363164.0
2020-12-14 00:00:00+09:00,811000.0,811000.0,791000.0,793000.0,332473.0
2020-12-15 00:00:00+09:00,802000.0,804000.0,794000.0,801000.0,300410.0
2020-12-16 00:00:00+09:00,812000.0,822000.0,808000.0,819000.0,321381.0
2020-12-17 00:00:00+09:00,823000.0,830000.0,811000.0,830000.0,319523.0
2020-12-18 00:00:00+09:00,831000.0,832000.0,806000.0,814000.0,353819.0
2020-12-21 00:00:00+09:00,819000.0,823000.0,809000.0,815000.0,284091.0
2020-12-22 00:00:00+09:00,815000.0,816000.0,796000.0,797000.0,306523.0
2020-12-23 00:00:00+09:00,802000.0,830000.0,777000.0,806000.0,594211.0
2020-12-24 00:00:00+09:00,810000.0,822000.0,802000.0,818000.0,335065.0
2020-12-28 00:00:00+09:00,818000.0,824000.0,807000.0,814000.0,264888.0
2020-12-29 00:00:00+09:00,817000.0,827000.0,805000.0,813000.0,392849.0
2020-12-30 00:00:00+09:00,813000.0,824000.0,805000.0,824000.0,339889.0
2021-01-04 00:00:00+09:00,849000.0,900000.0,835000.0,889000.0,858451.0
2021-01-05 00:00:00+09:00,891000.0,893000.0,875000.0,893000.0,371709.0
2021-01-06 00:00:00+09:00,908000.0,912000.0,883000.0,890000.0,513628.0
2021-01-07 00:00:00+09:00,910000.0,969000.0,896000.0,962000.0,706912.0
2021-01-08 00:00:00+09:00,989000.0,1016000.0,970000.0,999000.0,924780.0
2021-01-11 00:00:00+09:00,1012000.0,1045000.0,981000.0,998000.0,940100.0
2021-01-12 00:00:00+09:00,985000.0,994000.0,935000.0,962000.0,774712.0
2021-01-13 00:00:00+09:00,966000.0,1002000.0,963000.0,1000000.0,571276.0
2021-01-14 00:00:00+09:00,1008000.0,1050000.0,1000000.0,1010000.0,652537.0
2021-01-15 00:00:00+09:00,1015000.0,1025000.0,975000.0,979000.0,445649.0
2021-01-18 00:00:00+09:00,958000.0,990000.0,943000.0,964000.0,423917.0
2021-01-19 00:00:00+09:00,983000.0,1003000.0,970000.0,997000.0,386045.0
2021-01-20 00:00:00+09:00,1004000.0,1010000.0,983000.0,1000000.0,360937.0
2021-01-21 00:00:00+09:00,1011000.0,1019000.0,988000.0,988000.0,364628.0
2021-01-22 00:00:00+09:00,986000.0,990000.0,975000.0,975000.0,394045.0
2021-01-25 00:00:00+09:00,990000.0,991000.0,972000.0,990000.0,298557.0
2021-01-26 00:00:00+09:00,994000.0,994000.0,955000.0,955000.0,476393.0
2021-01-27 00:00:00+09:00,945000.0,960000.0,925000.0,928000.0,739531.0
2021-01-28 00:00:00+09:00,905000.0,943000.0,899000.0,938000.0,677727.0
2021-01-29 00:00:00+09:00,955000.0,960000.0,913000.0,917000.0,626744.0
2021-02-01 00:00:00+09:00,923000.0,950000.0,905000.0,950000.0,401253.0
2021-02-02 00:00:00+09:00,963000.0,976000.0,951000.0,965000.0,426057.0
2021-02-03 00:00:00+09:00,980000.0,1000000.0,970000.0,999000.0,724008.0
2021-02-04 00:00:00+09:00,999000.0,1005000.0,982000.0,1000000.0,440798.0
2021-02-05 00:00:00+09:00,1009000.0,1043000.0,1005000.0,1028000.0,522768.0
2021-02-08 00:00:00+09:00,1017000.0,1025000.0,990000.0,990000.0,288825.0
2021-02-09 00:00:00+09:00,994000.0,1012000.0,973000.0,973000.0,370167.0
2021-02-10 00:00:00+09:00,982000.0,983000.0,936000.0,960000.0,698567.0
2021-02-15 00:00:00+09:00,1008000.0,1010000.0,984000.0,990000.0,450962.0
2021-02-16 00:00:00+09:00,992000.0,992000.0,973000.0,978000.0,214557.0
2021-02-17 00:00:00+09:00,987000.0,987000.0,955000.0,957000.0,335846.0
2021-02-18 00:00:00+09:00,954000.0,960000.0,939000.0,939000.0,350635.0
2021-02-19 00:00:00+09:00,939000.0,956000.0,938000.0,941000.0,255628.0
2021-02-22 00:00:00+09:00,943000.0,944000.0,905000.0,916000.0,450568.0
2021-02-23 00:00:00+09:00,901000.0,905000.0,882000.0,885000.0,522075.0
2021-02-24 00:00:00+09:00,875000.0,894000.0,860000.0,860000.0,452597.0
2021-02-25 00:00:00+09:00,867000.0,890000.0,866000.0,890000.0,451276.0
2021-02-26 00:00:00+09:00,865000.0,867000.0,825000.0,831000.0,656689.0
2021-03-02 00:00:00+09:00,863000.0,905000.0,857000.0,891000.0,697301.0
2021-03-03 00:00:00+09:00,883000.0,894000.0,863000.0,870000.0,416803.0
2021-03-04 00:00:00+09:00,870000.0,876000.0,855000.0,865000.0,348607.0
2021-03-05 00:00:00+09:00,853000.0,922000.0,853000.0,904000.0,548940.0
2021-03-08 00:00:00+09:00,911000.0,915000.0,889000.0,890000.0,289075.0
2021-03-09 00:00:00+09:00,888000.0,890000.0,850000.0,861000.0,436628.0
2021-03-10 00:00:00+09:00,910000.0,914000.0,886000.0,891000.0,364520.0
2021-03-11 00:00:00+09:00,907000.0,943000.0,895000.0,939000.0,601480.0
2021-03-12 00:00:00+09:00,962000.0,963000.0,940000.0,944000.0,255668.0
2021-03-15 00:00:00+09:00,960000.0,975000.0,948000.0,966000.0,336241.0
2021-03-16 00:00:00+09:00,917000.0,935000.0,885000.0,891000.0,941008.0
2021-03-17 00:00:00+09:00,881000.0,882000.0,843000.0,857000.0,780786.0
2021-03-18 00:00:00+09:00,865000.0,875000.0,857000.0,861000.0,554558.0
2021-03-19 00:00:00+09:00,840000.0,846000.0,829000.0,830000.0,537750.0
2021-03-22 00:00:00+09:00,826000.0,828000.0,796000.0,805000.0,595899.0
2021-03-23 00:00:00+09:00,809000.0,814000.0,774000.0,775000.0,727322.0
2021-03-24 00:00:00+09:00,771000.0,792000.0,770000.0,784000.0,506234.0
2021-03-25 00:00:00+09:00,800000.0,805000.0,782000.0,788000.0,530883.0
2021-03-26 00:00:00+09:00,795000.0,806000.0,781000.0,802000.0,624049.0
2021-03-29 00:00:00+09:00,805000.0,812000.0,791000.0,799000.0,275352.0
2021-03-30 00:00:00+09:00,802000.0,816000.0,788000.0,808000.0,372673.0
2021-03-31 00:00:00+09:00,823000.0,826000.0,805000.0,805000.0,374401.0
2021-04-01 00:00:00+09:00,817000.0,822000.0,811000.0,819000.0,361295.0
2021-04-02 00:00:00+09:00,830000.0,833000.0,822000.0,828000.0,283958.0
2021-04-05 00:00:00+09:00,828000.0,835000.0,815000.0,817000.0,188784.0
2021-04-06 00:00:00+09:00,821000.0,822000.0,801000.0,812000.0,265899.0
2021-04-07 00:00:00+09:00,815000.0,836000.0,808000.0,811000.0,279211.0
2021-04-08 00:00:00+09:00,811000.0,814000.0,803000.0,810000.0,288954.0
2021-04-09 00:00:00+09:00,814000.0,816000.0,804000.0,812000.0,376621.0
2021-04-12 00:00:00+09:00,845000.0,845000.0,816000.0,817000.0,485379.0
2021-04-13 00:00:00+09:00,825000.0,875000.0,822000.0,868000.0,713786.0
2021-04-14 00:00:00+09:00,892000.0,899000.0,871000.0,897000.0,555279.0
2021-04-15 00:00:00+09:00,898000.0,898000.0,881000.0,891000.0,299044.0
2021-04-16 00:00:00+09:00,897000.0,910000.0,891000.0,897000.0,271425.0
2021-04-19 00:00:00+09:00,903000.0,904000.0,881000.0,881000.0,268880.0
2021-04-20 00:00:00+09:00,884000.0,895000.0,882000.0,893000.0,232900.0
2021-04-21 00:00:00+09:00,884000.0,889000.0,864000.0,864000.0,361883.0
2021-04-22 00:00:00+09:00,872000.0,881000.0,867000.0,871000.0,201220.0
2021-04-23 00:00:00+09:00,877000.0,879000.0,855000.0,874000.0,210739.0
2021-04-26 00:00:00+09:00,880000.0,885000.0,865000.0,883000.0,219608.0
2021-04-27 00:00:00+09:00,891000.0,903000.0,886000.0,891000.0,404010.0
2021-04-28 00:00:00+09:00,890000.0,895000.0,873000.0,890000.0,341070.0
2021-04-29 00:00:00+09:00,915000.0,965000.0,913000.0,951000.0,1405704.0
2021-04-30 00:00:00+09:00,950000.0,950000.0,918000.0,932000.0,657252.0
2021-05-03 00:00:00+09:00,935000.0,935000.0,899000.0,907000.0,344795.0
2021-05-04 00:00:00+09:00,905000.0,927000.0,895000.0,920000.0,297052.0
2021-05-06 00:00:00+09:00,915000.0,939000.0,911000.0,938000.0,330040.0
2021-05-07 00:00:00+09:00,938000.0,941000.0,919000.0,919000.0,221711.0
2021-05-10 00:00:00+09:00,930000.0,931000.0,908000.0,912000.0,214715.0
2021-05-11 00:00:00+09:00,912000.0,922000.0,905000.0,911000.0,327452.0
2021-05-12 00:00:00+09:00,912000.0,913000.0,860000.0,863000.0,494315.0
2021-05-13 00:00:00+09:00,848000.0,858000.0,843000.0,850000.0,299954.0
2021-05-14 00:00:00+09:00,852000.0,865000.0,846000.0,854000.0,218492.0
2021-05-17 00:00:00+09:00,862000.0,867000.0,854000.0,860000.0,126099.0
2021-05-18 00:00:00+09:00,868000.0,889000.0,865000.0,881000.0,185804.0
2021-05-20 00:00:00+09:00,915000.0,915000.0,887000.0,903000.0,318001.0
2021-05-21 00:00:00+09:00,913000.0,915000.0,881000.0,894000.0,228349.0
2021-05-24 00:00:00+09:00,894000.0,901000.0,882000.0,892000.0,150518.0
2021-05-25 00:00:00+09:00,897000.0,907000.0,889000.0,892000.0,164647.0
2021-05-26 00:00:00+09:00,880000.0,880000.0,832000.0,832000.0,760533.0
2021-05-27 00:00:00+09:00,824000.0,825000.0,791000.0,803000.0,938480.0
2021-05-28 00:00:00+09:00,813000.0,835000.0,809000.0,832000.0,409642.0
2021-05-31 00:00:00+09:00,831000.0,831000.0,811000.0,819000.0,265930.0
2021-06-01 00:00:00+09:00,818000.0,830000.0,818000.0,825000.0,175369.0
2021-06-02 00:00:00+09:00,826000.0,826000.0,805000.0,807000.0,322361.0
2021-06-03 00:00:00+09:00,807000.0,818000.0,803000.0,812000.0,264741.0
2021-06-04 00:00:00+09:00,810000.0,810000.0,803000.0,809000.0,245210.0
2021-06-07 00:00:00+09:00,813000.0,819000.0,808000.0,814000.0,188145.0
2021-06-08 00:00:00+09:00,812000.0,814000.0,806000.0,808000.0,196826.0
2021-06-09 00:00:00+09:00,807000.0,810000.0,801000.0,802000.0,147055.0
2021-06-10 00:00:00+09:00,803000.0,808000.0,795000.0,807000.0,288927.0
2021-06-11 00:00:00+09:00,809000.0,850000.0,807000.0,850000.0,507734.0
2021-06-14 00:00:00+09:00,841000.0,842000.0,824000.0,827000.0,220818.0
2021-06-15 00:00:00+09:00,834000.0,841000.0,817000.0,820000.0,256471.0
2021-06-16 00:00:00+09:00,820000.0,820000.0,806000.0,808000.0,297754.0
2021-06-17 00:00:00+09:00,819000.0,840000.0,815000.0,835000.0,467626.0
2021-06-18 00:00:00+09:00,835000.0,840000.0,821000.0,822000.0,252978.0
2021-06-21 00:00:00+09:00,812000.0,826000.0,807000.0,822000.0,144762.0
2021-06-22 00:00:00+09:00,825000.0,844000.0,824000.0,842000.0,243411.0
2021-06-23 00:00:00+09:00,846000.0,846000.0,825000.0,835000.0,220075.0
2021-06-24 00:00:00+09:00,837000.0,839000.0,827000.0,831000.0,188866.0
2021-06-25 00:00:00+09:00,841000.0,849000.0,835000.0,838000.0,199611.0
2021-06-28 00:00:00+09:00,838000.0,839000.0,830000.0,830000.0,89725.0
2021-06-29 00:00:00+09:00,840000.0,840000.0,830000.0,839000.0,196036.0
2021-06-30 00:00:00+09:00,848000.0,863000.0,841000.0,850000.0,309353.0
2021-07-01 00:00:00+09:00,851000.0,870000.0,843000.0,845000.0,327945.0
2021-07-02 00:00:00+09:00,850000.0,856000.0,845000.0,849000.0,132383.0
2021-07-05 00:00:00+09:00,856000.0,875000.0,851000.0,870000.0,221078.0
2021-07-06 00:00:00+09:00,874000.0,874000.0,863000.0,873000.0,156056.0
2021-07-07 00:00:00+09:00,880000.0,880000.0,866000.0,872000.0,139395.0
2021-07-08 00:00:00+09:00,873000.0,873000.0,854000.0,859000.0,220628.0
2021-07-09 00:00:00+09:00,859000.0,865000.0,830000.0,833000.0,277158.0
2021-07-12 00:00:00+09:00,842000.0,849000.0,833000.0,849000.0,151667.0
2021-07-13 00:00:00+09:00,860000.0,860000.0,840000.0,840000.0,160012.0
2021-07-14 00:00:00+09:00,846000.0,858000.0,837000.0,844000.0,235349.0
2021-07-15 00:00:00+09:00,844000.0,846000.0,817000.0,818000.0,371147.0
2021-07-16 00:00:00+09:00,820000.0,828000.0,818000.0,828000.0,215692.0
2021-07-19 00:00:00+09:00,827000.0,828000.0,820000.0,820000.0,126570.0
2021-07-20 00:00:00+09:00,810000.0,818000.0,809000.0,815000.0,104113.0
2021-07-21 00:00:00+09:00,823000.0,823000.0,810000.0,810000.0,146224.0
2021-07-22 00:00:00+09:00,820000.0,826000.0,815000.0,826000.0,232708.0
2021-07-23 00:00:00+09:00,835000.0,835000.0,820000.0,828000.0,149803.0
2021-07-26 00:00:00+09:00,827000.0,827000.0,815000.0,817000.0,182829.0
2021-07-27 00:00:00+09:00,827000.0,837000.0,823000.0,835000.0,326286.0
2021-07-28 00:00:00+09:00,831000.0,836000.0,827000.0,835000.0,252183.0
2021-07-29 00:00:00+09:00,843000.0,843000.0,831000.0,835000.0,142235.0
2021-07-30 00:00:00+09:00,845000.0,857000.0,836000.0,842000.0,318555.0
2021-08-02 00:00:00+09:00,848000.0,865000.0,830000.0,864000.0,314349.0
2021-08-03 00:00:00+09:00,872000.0,872000.0,850000.0,853000.0,224682.0
2021-08-04 00:00:00+09:00,846000.0,862000.0,832000.0,856000.0,227941.0
2021-08-05 00:00:00+09:00,849000.0,862000.0,845000.0,857000.0,228011.0
2021-08-06 00:00:00+09:00,859000.0,860000.0,841000.0,842000.0,181169.0
2021-08-09 00:00:00+09:00,843000.0,847000.0,835000.0,846000.0,162031.0
2021-08-10 00:00:00+09:00,852000.0,855000.0,840000.0,852000.0,200490.0
2021-08-11 00:00:00+09:00,855000.0,863000.0,842000.0,851000.0,232194.0
2021-08-12 00:00:00+09:00,861000.0,879000.0,856000.0,878000.0,448345.0
2021-08-13 00:00:00+09:00,882000.0,899000.0,878000.0,896000.0,398111.0
2021-08-17 00:00:00+09:00,900000.0,903000.0,885000.0,893000.0,286560.0
2021-08-18 00:00:00+09:00,907000.0,908000.0,885000.0,896000.0,166366.0
2021-08-19 00:00:00+09:00,892000.0,900000.0,887000.0,894000.0,250867.0
2021-08-20 00:00:00+09:00,903000.0,910000.0,892000.0,898000.0,220082.0
2021-08-23 00:00:00+09:00,865000.0,869000.0,789000.0,798000.0,944586.0
2021-08-24 00:00:00+09:00,775000.0,810000.0,772000.0,787000.0,895863.0
2021-08-25 00:00:00+09:00,791000.0,805000.0,790000.0,799000.0,459360.0
2021-08-26 00:00:00+09:00,798000.0,802000.0,785000.0,788000.0,240562.0
2021-08-27 00:00:00+09:00,782000.0,788000.0,757000.0,783000.0,353049.0
2021-08-30 00:00:00+09:00,787000.0,789000.0,767000.0,770000.0,252845.0
2021-08-31 00:00:00+09:00,770000.0,777000.0,752000.0,758000.0,577128.0
2021-09-01 00:00:00+09:00,763000.0,766000.0,721000.0,721000.0,906907.0
2021-09-02 00:00:00+09:00,715000.0,721000.0,705000.0,711000.0,781458.0
2021-09-03 00:00:00+09:00,703000.0,726000.0,696000.0,725000.0,718380.0
2021-09-06 00:00:00+09:00,720000.0,754000.0,717000.0,750000.0,545952.0
2021-09-07 00:00:00+09:00,757000.0,761000.0,747000.0,758000.0,411836.0
2021-09-08 00:00:00+09:00,758000.0,760000.0,749000.0,756000.0,301550.0
2021-09-09 00:00:00+09:00,748000.0,752000.0,739000.0,748000.0,313846.0
2021-09-10 00:00:00+09:00,748000.0,753000.0,740000.0,740000.0,267584.0
2021-09-13 00:00:00+09:00,734000.0,747000.0,727000.0,747000.0,312766.0
2021-09-14 00:00:00+09:00,744000.0,748000.0,729000.0,734000.0,243009.0
2021-09-15 00:00:00+09:00,723000.0,725000.0,706000.0,718000.0,457453.0
2021-09-16 00:00:00+09:00,716000.0,723000.0,713000.0,716000.0,251126.0
2021-09-17 00:00:00+09:00,712000.0,713000.0,701000.0,701000.0,337421.0
2021-09-23 00:00:00+09:00,712000.0,760000.0,701000.0,760000.0,762911.0
2021-09-24 00:00:00+09:00,770000.0,770000.0,746000.0,761000.0,399539.0
2021-09-27 00:00:00+09:00,763000.0,770000.0,757000.0,770000.0,234240.0
2021-09-28 00:00:00+09:00,777000.0,783000.0,765000.0,776000.0,293276.0
2021-09-29 00:00:00+09:00,762000.0,769000.0,749000.0,767000.0,346422.0
2021-09-30 00:00:00+09:00,754000.0,780000.0,748000.0,776000.0,365073.0
2021-10-01 00:00:00+09:00,778000.0,781000.0,764000.0,770000.0,231735.0
2021-10-05 00:00:00+09:00,767000.0,769000.0,737000.0,747000.0,289280.0
2021-10-06 00:00:00+09:00,750000.0,770000.0,743000.0,743000.0,274023.0
2021-10-07 00:00:00+09:00,743000.0,750000.0,722000.0,737000.0,255037.0
2021-10-08 00:00:00+09:00,749000.0,768000.0,742000.0,764000.0,306286.0
2021-10-12 00:00:00+09:00,779000.0,797000.0,770000.0,796000.0,504233.0
2021-10-13 00:00:00+09:00,797000.0,813000.0,782000.0,808000.0,341155.0
2021-10-14 00:00:00+09:00,831000.0,848000.0,825000.0,848000.0,472154.0
2021-10-15 00:00:00+09:00,835000.0,848000.0,831000.0,836000.0,206286.0
2021-10-18 00:00:00+09:00,827000.0,849000.0,825000.0,827000.0,185465.0
2021-10-19 00:00:00+09:00,837000.0,841000.0,827000.0,831000.0,130673.0
2021-10-20 00:00:00+09:00,847000.0,863000.0,840000.0,840000.0,273548.0
2021-10-21 00:00:00+09:00,823000.0,833000.0,802000.0,806000.0,262926.0
2021-10-22 00:00:00+09:00,807000.0,828000.0,807000.0,818000.0,160106.0
2021-10-25 00:00:00+09:00,813000.0,829000.0,800000.0,821000.0,170671.0
2021-10-26 00:00:00+09:00,840000.0,844000.0,826000.0,830000.0,175513.0
2021-10-27 00:00:00+09:00,827000.0,832000.0,811000.0,825000.0,153039.0
2021-10-28 00:00:00+09:00,831000.0,864000.0,828000.0,850000.0,416963.0
2021-10-29 00:00:00+09:00,850000.0,860000.0,836000.0,836000.0,316682.0
2021-11-01 00:00:00+09:00,849000.0,849000.0,825000.0,832000.0,219710.0
2021-11-02 00:00:00+09:00,840000.0,856000.0,827000.0,831000.0,143263.0
2021-11-03 00:00:00+09:00,818000.0,819000.0,780000.0,784000.0,380709.0
2021-11-04 00:00:00+09:00,796000.0,802000.0,785000.0,790000.0,287067.0
2021-11-05 00:00:00+09:00,800000.0,800000.0,779000.0,786000.0,173098.0
2021-11-08 00:00:00+09:00,792000.0,792000.0,766000.0,771000.0,171469.0
2021-11-09 00:00:00+09:00,771000.0,778000.0,759000.0,769000.0,214251.0
2021-11-10 00:00:00+09:00,758000.0,758000.0,733000.0,739000.0,258543.0
2021-11-11 00:00:00+09:00,746000.0,769000.0,742000.0,757000.0,279482.0
2021-11-12 00:00:00+09:00,767000.0,774000.0,757000.0,774000.0,195369.0
2021-11-15 00:00:00+09:00,773000.0,780000.0,751000.0,765000.0,167747.0
2021-11-16 00:00:00+09:00,773000.0,785000.0,765000.0,777000.0,188716.0
2021-11-17 00:00:00+09:00,785000.0,787000.0,765000.0,769000.0,131941.0
2021-11-18 00:00:00+09:00,773000.0,780000.0,760000.0,776000.0,148071.0
2021-11-19 00:00:00+09:00,770000.0,779000.0,755000.0,758000.0,232115.0
2021-11-22 00:00:00+09:00,758000.0,765000.0,751000.0,765000.0,200500.0
2021-11-23 00:00:00+09:00,765000.0,768000.0,739000.0,740000.0,222133.0
2021-11-24 00:00:00+09:00,747000.0,757000.0,740000.0,747000.0,206853.0
2021-11-25 00:00:00+09:00,741000.0,748000.0,737000.0,739000.0,112764.0
2021-11-26 00:00:00+09:00,734000.0,740000.0,720000.0,721000.0,201250.0
2021-11-29 00:00:00+09:00,715000.0,723000.0,710000.0,712000.0,171460.0
2021-11-30 00:00:00+09:00,709000.0,716000.0,694000.0,694000.0,395074.0
2021-12-01 00:00:00+09:00,702000.0,722000.0,696000.0,718000.0,251126.0
2021-12-02 00:00:00+09:00,734000.0,734000.0,711000.0,727000.0,268812.0
2021-12-03 00:00:00+09:00,727000.0,727000.0,711000.0,717000.0,229502.0
2021-12-06 00:00:00+09:00,722000.0,722000.0,706000.0,717000.0,140266.0
2021-12-07 00:00:00+09:00,720000.0,726000.0,708000.0,711000.0,173785.0
2021-12-08 00:00:00+09:00,719000.0,754000.0,718000.0,751000.0,463760.0
2021-12-09 00:00:00+09:00,759000.0,764000.0,745000.0,747000.0,371186.0
2021-12-10 00:00:00+09:00,737000.0,746000.0,729000.0,740000.0,267924.0
2021-12-13 00:00:00+09:00,740000.0,745000.0,731000.0,738000.0,217195.0
2021-12-14 00:00:00+09:00,724000.0,729000.0,699000.0,701000.0,436465.0
2021-12-15 00:00:00+09:00,697000.0,703000.0,695000.0,696000.0,228912.0
2021-12-16 00:00:00+09:00,706000.0,714000.0,699000.0,705000.0,226179.0
2021-12-17 00:00:00+09:00,698000.0,703000.0,695000.0,697000.0,231327.0
2021-12-20 00:00:00+09:00,701000.0,702000.0,648000.0,656000.0,556191.0
2021-12-21 00:00:00+09:00,656000.0,658000.0,636000.0,642000.0,503987.0
2021-12-22 00:00:00+09:00,640000.0,645000.0,622000.0,625000.0,522225.0
2021-12-23 00:00:00+09:00,627000.0,635000.0,625000.0,634000.0,273757.0
2021-12-24 00:00:00+09:00,638000.0,640000.0,620000.0,621000.0,292150.0
2021-12-27 00:00:00+09:00,620000.0,632000.0,616000.0,627000.0,147200.0
2021-12-28 00:00:00+09:00,630000.0,633000.0,624000.0,632000.0,181706.0
2021-12-29 00:00:00+09:00,629000.0,632000.0,624000.0,628000.0,161669.0
2021-12-30 00:00:00+09:00,630000.0,630000.0,611000.0,615000.0,243420.0
2022-01-03 00:00:00+09:00,622000.0,627000.0,616000.0,618000.0,192335.0
2022-01-04 00:00:00+09:00,626000.0,645000.0,620000.0,644000.0,406952.0
2022-01-05 00:00:00+09:00,652000.0,666000.0,635000.0,664000.0,523345.0
2022-01-06 00:00:00+09:00,670000.0,691000.0,662000.0,690000.0,692603.0
2022-01-07 00:00:00+09:00,720000.0,722000.0,691000.0,719000.0,836306.0
2022-01-10 00:00:00+09:00,732000.0,732000.0,695000.0,710000.0,549323.0
2022-01-11 00:00:00+09:00,708000.0,735000.0,707000.0,734000.0,462973.0
2022-01-12 00:00:00+09:00,750000.0,774000.0,747000.0,773000.0,646296.0
2022-01-13 00:00:00+09:00,766000.0,767000.0,742000.0,755000.0,545491.0
2022-01-14 00:00:00+09:00,746000.0,752000.0,712000.0,716000.0,319701.0
2022-01-17 00:00:00+09:00,713000.0,732000.0,698000.0,707000.0,281141.0
2022-01-18 00:00:00+09:00,713000.0,720000.0,691000.0,694000.0,245949.0
2022-01-19 00:00:00+09:00,690000.0,693000.0,643000.0,653000.0,440752.0
2022-01-20 00:00:00+09:00,640000.0,697000.0,633000.0,696000.0,450658.0
2022-01-21 00:00:00+09:00,697000.0,710000.0,679000.0,694000.0,324652.0
2022-01-24 00:00:00+09:00,693000.0,694000.0,663000.0,671000.0,246196.0
2022-01-25 00:00:00+09:00,654000.0,668000.0,630000.0,643000.0,349700.0
2022-01-26 00:00:00+09:00,643000.0,675000.0,643000.0,664000.0,374033.0
2022-01-27 00:00:00+09:00,644000.0,669000.0,605000.0,610000.0,882032.0
2022-01-28 00:00:00+09:00,628000.0,643000.0,622000.0,639000.0,528869.0
2022-02-03 00:00:00+09:00,677000.0,691000.0,661000.0,677000.0,356414.0
2022-02-04 00:00:00+09:00,680000.0,687000.0,668000.0,678000.0,217715.0
2022-02-07 00:00:00+09:00,676000.0,677000.0,638000.0,639000.0,317108.0
2022-02-08 00:00:00+09:00,630000.0,655000.0,617000.0,617000.0,691459.0
2022-02-09 00:00:00+09:00,624000.0,627000.0,610000.0,610000.0,389461.0
2022-02-10 00:00:00+09:00,613000.0,666000.0,613000.0,661000.0,694375.0
2022-02-11 00:00:00+09:00,645000.0,658000.0,633000.0,633000.0,310519.0
2022-02-14 00:00:00+09:00,632000.0,640000.0,618000.0,619000.0,219372.0
2022-02-15 00:00:00+09:00,630000.0,654000.0,622000.0,622000.0,277189.0
2022-02-16 00:00:00+09:00,650000.0,657000.0,636000.0,653000.0,380506.0
2022-02-17 00:00:00+09:00,650000.0,654000.0,635000.0,640000.0,294891.0
2022-02-18 00:00:00+09:00,633000.0,648000.0,629000.0,629000.0,182644.0
2022-02-21 00:00:00+09:00,616000.0,626000.0,600000.0,616000.0,316630.0
2022-02-22 00:00:00+09:00,600000.0,604000.0,587000.0,590000.0,473027.0
2022-02-23 00:00:00+09:00,593000.0,600000.0,582000.0,589000.0,274373.0
2022-02-24 00:00:00+09:00,577000.0,580000.0,548000.0,549000.0,498865.0
2022-02-25 00:00:00+09:00,562000.0,564000.0,546000.0,554000.0,371646.0
2022-02-28 00:00:00+09:00,550000.0,569000.0,542000.0,565000.0,351838.0
2022-03-02 00:00:00+09:00,565000.0,565000.0,549000.0,555000.0,276155.0
2022-03-03 00:00:00+09:00,559000.0,565000.0,551000.0,558000.0,228286.0
2022-03-04 00:00:00+09:00,552000.0,554000.0,534000.0,535000.0,311241.0
2022-03-07 00:00:00+09:00,522000.0,526000.0,503000.0,514000.0,454602.0
2022-03-08 00:00:00+09:00,501000.0,513000.0,498000.0,503000.0,289591.0
2022-03-10 00:00:00+09:00,498000.0,521000.0,493500.0,496500.0,743086.0
2022-03-11 00:00:00+09:00,496000.0,499500.0,469500.0,472000.0,713668.0
2022-03-14 00:00:00+09:00,465000.0,472000.0,454000.0,457000.0,617168.0
2022-03-15 00:00:00+09:00,447500.0,451000.0,438500.0,439000.0,678296.0
2022-03-16 00:00:00+09:00,446000.0,446500.0,437000.0,442000.0,425454.0
2022-03-17 00:00:00+09:00,453500.0,475000.0,453500.0,470000.0,911878.0
2022-03-18 00:00:00+09:00,480000.0,491500.0,473000.0,488500.0,559378.0
2022-03-21 00:00:00+09:00,493000.0,496500.0,483000.0,490000.0,317216.0
2022-03-22 00:00:00+09:00,496500.0,497000.0,487500.0,492000.0,222919.0
2022-03-23 00:00:00+09:00,497500.0,510000.0,494500.0,508000.0,307359.0
2022-03-24 00:00:00+09:00,518000.0,532000.0,512000.0,531000.0,523564.0
2022-03-25 00:00:00+09:00,536000.0,537000.0,520000.0,526000.0,322408.0
2022-03-28 00:00:00+09:00,527000.0,530000.0,510000.0,523000.0,186517.0
2022-03-29 00:00:00+09:00,528000.0,532000.0,522000.0,523000.0,144803.0
2022-03-30 00:00:00+09:00,528000.0,531000.0,521000.0,525000.0,175835.0
2022-03-31 00:00:00+09:00,523000.0,534000.0,517000.0,532000.0,169611.0
2022-04-01 00:00:00+09:00,538000.0,545000.0,520000.0,523000.0,198741.0
2022-04-04 00:00:00+09:00,522000.0,527000.0,516000.0,526000.0,95926.0
2022-04-05 00:00:00+09:00,537000.0,546000.0,534000.0,540000.0,225685.0
2022-04-06 00:00:00+09:00,536000.0,539000.0,529000.0,530000.0,125060.0
2022-04-07 00:00:00+09:00,519000.0,524000.0,511000.0,518000.0,196367.0
2022-04-08 00:00:00+09:00,518000.0,527000.0,513000.0,525000.0,128480.0
2022-04-11 00:00:00+09:00,518000.0,524000.0,507000.0,510000.0,111018.0
2022-04-12 00:00:00+09:00,497000.0,509000.0,497000.0,505000.0,149845.0
2022-04-13 00:00:00+09:00,507000.0,518000.0,505000.0,518000.0,89777.0
2022-04-14 00:00:00+09:00,510000.0,519000.0,510000.0,514000.0,126954.0
2022-04-15 00:00:00+09:00,510000.0,513000.0,502000.0,505000.0,79943.0
2022-04-18 00:00:00+09:00,500000.0,504000.0,493500.0,500000.0,81451.0
2022-04-19 00:00:00+09:00,503000.0,510000.0,499500.0,503000.0,86974.0
2022-04-20 00:00:00+09:00,504000.0,513000.0,499000.0,505000.0,131581.0
2022-04-21 00:00:00+09:00,505000.0,509000.0,500000.0,503000.0,110061.0
2022-04-22 00:00:00+09:00,498000.0,498500.0,483000.0,486000.0,239523.0
2022-04-25 00:00:00+09:00,475000.0,497500.0,471500.0,486000.0,229146.0
2022-04-26 00:00:00+09:00,487500.0,494500.0,475000.0,475000.0,198963.0
2022-04-27 00:00:00+09:00,461000.0,466500.0,455000.0,463000.0,283075.0
2022-04-28 00:00:00+09:00,470000.0,505000.0,469500.0,502000.0,553556.0
2022-04-29 00:00:00+09:00,506000.0,527000.0,502000.0,519000.0,479495.0
2022-05-02 00:00:00+09:00,513000.0,530000.0,513000.0,526000.0,223203.0
2022-05-03 00:00:00+09:00,519000.0,526000.0,515000.0,517000.0,161916.0
2022-05-04 00:00:00+09:00,519000.0,525000.0,516000.0,518000.0,130210.0
2022-05-06 00:00:00+09:00,518000.0,524000.0,510000.0,520000.0,200642.0
2022-05-09 00:00:00+09:00,517000.0,523000.0,502000.0,504000.0,211606.0
2022-05-10 00:00:00+09:00,490000.0,505000.0,480000.0,501000.0,449131.0
2022-05-11 00:00:00+09:00,496500.0,520000.0,495000.0,520000.0,238476.0
2022-05-12 00:00:00+09:00,511000.0,514000.0,485500.0,485500.0,276864.0
2022-05-13 00:00:00+09:00,493000.0,515000.0,492500.0,510000.0,220604.0
2022-05-16 00:00:00+09:00,515000.0,524000.0,505000.0,507000.0,140135.0
2022-05-17 00:00:00+09:00,501000.0,509000.0,497000.0,505000.0,159223.0
2022-05-18 00:00:00+09:00,520000.0,525000.0,510000.0,512000.0,168961.0
2022-05-19 00:00:00+09:00,495000.0,507000.0,495000.0,502000.0,200969.0
2022-05-20 00:00:00+09:00,505000.0,546000.0,505000.0,545000.0,531053.0
2022-05-23 00:00:00+09:00,547000.0,555000.0,538000.0,543000.0,270359.0
2022-05-24 00:00:00+09:00,544000.0,551000.0,537000.0,539000.0,198053.0
2022-05-25 00:00:00+09:00,549000.0,550000.0,534000.0,534000.0,198348.0
2022-05-26 00:00:00+09:00,543000.0,547000.0,533000.0,534000.0,240223.0
2022-05-27 00:00:00+09:00,541000.0,564000.0,541000.0,550000.0,330735.0
2022-05-30 00:00:00+09:00,559000.0,563000.0,541000.0,557000.0,249598.0
2022-05-31 00:00:00+09:00,557000.0,586000.0,555000.0,585000.0,721921.0
2022-06-02 00:00:00+09:00,596000.0,600000.0,570000.0,570000.0,426553.0
2022-06-03 00:00:00+09:00,581000.0,588000.0,570000.0,585000.0,296215.0
2022-06-07 00:00:00+09:00,574000.0,580000.0,555000.0,556000.0,309089.0
2022-06-08 00:00:00+09:00,567000.0,590000.0,560000.0,581000.0,282013.0
2022-06-09 00:00:00+09:00,585000.0,590000.0,574000.0,589000.0,401828.0
2022-06-10 00:00:00+09:00,588000.0,589000.0,573000.0,583000.0,239123.0
2022-06-13 00:00:00+09:00,574000.0,574000.0,556000.0,562000.0,209761.0
2022-06-14 00:00:00+09:00,558000.0,568000.0,548000.0,564000.0,247673.0
2022-06-15 00:00:00+09:00,562000.0,570000.0,558000.0,561000.0,199680.0
2022-06-16 00:00:00+09:00,586000.0,597000.0,570000.0,584000.0,327560.0
2022-06-17 00:00:00+09:00,571000.0,584000.0,562000.0,578000.0,311529.0
2022-06-20 00:00:00+09:00,583000.0,589000.0,565000.0,572000.0,228497.0
2022-06-21 00:00:00+09:00,576000.0,579000.0,565000.0,568000.0,180207.0
2022-06-22 00:00:00+09:00,573000.0,574000.0,552000.0,553000.0,209917.0
2022-06-23 00:00:00+09:00,553000.0,566000.0,546000.0,551000.0,321659.0
2022-06-24 00:00:00+09:00,561000.0,561000.0,539000.0,543000.0,287977.0
2022-06-27 00:00:00+09:00,544000.0,553000.0,535000.0,545000.0,269873.0
2022-06-28 00:00:00+09:00,548000.0,570000.0,543000.0,570000.0,185976.0
2022-06-29 00:00:00+09:00,558000.0,561000.0,523000.0,530000.0,444423.0
2022-06-30 00:00:00+09:00,531000.0,539000.0,516000.0,516000.0,312772.0
2022-07-01 00:00:00+09:00,516000.0,526000.0,503000.0,509000.0,243043.0
2022-07-04 00:00:00+09:00,511000.0,513000.0,497500.0,500000.0,167301.0
2022-07-05 00:00:00+09:00,508000.0,522000.0,505000.0,512000.0,228594.0
2022-07-06 00:00:00+09:00,507000.0,522000.0,500000.0,506000.0,194029.0
2022-07-07 00:00:00+09:00,515000.0,532000.0,513000.0,524000.0,207035.0
2022-07-08 00:00:00+09:00,550000.0,555000.0,540000.0,540000.0,272655.0
2022-07-11 00:00:00+09:00,538000.0,538000.0,516000.0,522000.0,355703.0
2022-07-12 00:00:00+09:00,519000.0,522000.0,509000.0,514000.0,171869.0
2022-07-13 00:00:00+09:00,516000.0,524000.0,511000.0,517000.0,209137.0
2022-07-14 00:00:00+09:00,515000.0,533000.0,514000.0,530000.0,226078.0
2022-07-15 00:00:00+09:00,529000.0,530000.0,507000.0,512000.0,229151.0
2022-07-18 00:00:00+09:00,514000.0,517000.0,505000.0,515000.0,160879.0
2022-07-19 00:00:00+09:00,525000.0,530000.0,517000.0,521000.0,161162.0
2022-07-20 00:00:00+09:00,538000.0,547000.0,535000.0,540000.0,225805.0
2022-07-21 00:00:00+09:00,541000.0,572000.0,540000.0,569000.0,363430.0
2022-07-22 00:00:00+09:00,556000.0,579000.0,555000.0,561000.0,160911.0
2022-07-25 00:00:00+09:00,562000.0,572000.0,552000.0,556000.0,169024.0
2022-07-26 00:00:00+09:00,553000.0,572000.0,547000.0,567000.0,235116.0
2022-07-27 00:00:00+09:00,584000.0,587000.0,556000.0,565000.0,417385.0
2022-07-28 00:00:00+09:00,572000.0,605000.0,555000.0,598000.0,553103.0
2022-07-29 00:00:00+09:00,603000.0,605000.0,595000.0,603000.0,323842.0
2022-08-01 00:00:00+09:00,608000.0,628000.0,601000.0,613000.0,281615.0
2022-08-02 00:00:00+09:00,612000.0,613000.0,604000.0,610000.0,163355.0
2022-08-03 00:00:00+09:00,608000.0,617000.0,597000.0,614000.0,235931.0
2022-08-04 00:00:00+09:00,618000.0,619000.0,602000.0,609000.0,208348.0
2022-08-05 00:00:00+09:00,613000.0,646000.0,611000.0,642000.0,399896.0
2022-08-08 00:00:00+09:00,637000.0,654000.0,634000.0,652000.0,202613.0
2022-08-09 00:00:00+09:00,666000.0,681000.0,653000.0,671000.0,345726.0
2022-08-10 00:00:00+09:00,671000.0,672000.0,646000.0,648000.0,219243.0
2022-08-11 00:00:00+09:00,655000.0,679000.0,649000.0,658000.0,241071.0
2022-08-12 00:00:00+09:00,653000.0,665000.0,645000.0,665000.0,181272.0
2022-08-16 00:00:00+09:00,675000.0,676000.0,659000.0,662000.0,144859.0
2022-08-17 00:00:00+09:00,666000.0,673000.0,648000.0,658000.0,156969.0
2022-08-18 00:00:00+09:00,654000.0,656000.0,645000.0,651000.0,109764.0
2022-08-19 00:00:00+09:00,657000.0,657000.0,639000.0,640000.0,125190.0
2022-08-22 00:00:00+09:00,635000.0,649000.0,627000.0,639000.0,137281.0
2022-08-23 00:00:00+09:00,642000.0,645000.0,617000.0,620000.0,186219.0
2022-08-24 00:00:00+09:00,620000.0,624000.0,604000.0,614000.0,211971.0
2022-08-25 00:00:00+09:00,619000.0,619000.0,607000.0,616000.0,130414.0
2022-08-26 00:00:00+09:00,620000.0,635000.0,614000.0,616000.0,158260.0
2022-08-29 00:00:00+09:00,598000.0,615000.0,591000.0,604000.0,184247.0
2022-08-30 00:00:00+09:00,609000.0,615000.0,601000.0,611000.0,106908.0
2022-08-31 00:00:00+09:00,603000.0,632000.0,603000.0,632000.0,220189.0
2022-09-01 00:00:00+09:00,624000.0,632000.0,613000.0,623000.0,216332.0
2022-09-02 00:00:00+09:00,630000.0,631000.0,607000.0,610000.0,222946.0
2022-09-05 00:00:00+09:00,615000.0,620000.0,610000.0,616000.0,117418.0
2022-09-06 00:00:00+09:00,612000.0,621000.0,607000.0,619000.0,121347.0
2022-09-07 00:00:00+09:00,611000.0,626000.0,610000.0,623000.0,125039.0
2022-09-08 00:00:00+09:00,635000.0,649000.0,628000.0,644000.0,261855.0
2022-09-13 00:00:00+09:00,656000.0,667000.0,649000.0,665000.0,255024.0
2022-09-14 00:00:00+09:00,647000.0,666000.0,643000.0,663000.0,241828.0
2022-09-15 00:00:00+09:00,664000.0,667000.0,654000.0,658000.0,178835.0
2022-09-16 00:00:00+09:00,650000.0,655000.0,632000.0,635000.0,269644.0
2022-09-19 00:00:00+09:00,636000.0,657000.0,632000.0,635000.0,176594.0
2022-09-20 00:00:00+09:00,637000.0,641000.0,622000.0,630000.0,151446.0
2022-09-21 00:00:00+09:00,630000.0,634000.0,623000.0,625000.0,130405.0
2022-09-22 00:00:00+09:00,611000.0,628000.0,609000.0,626000.0,169181.0
2022-09-23 00:00:00+09:00,623000.0,623000.0,599000.0,604000.0,170878.0
2022-09-26 00:00:00+09:00,591000.0,592000.0,568000.0,571000.0,228945.0
2022-09-27 00:00:00+09:00,571000.0,578000.0,560000.0,569000.0,198596.0
2022-09-28 00:00:00+09:00,564000.0,567000.0,543000.0,546000.0,268783.0
2022-09-29 00:00:00+09:00,550000.0,561000.0,542000.0,547000.0,238292.0
2022-09-30 00:00:00+09:00,539000.0,554000.0,534000.0,536000.0,195616.0
2022-10-04 00:00:00+09:00,546000.0,558000.0,535000.0,555000.0,243185.0
2022-10-05 00:00:00+09:00,562000.0,570000.0,551000.0,560000.0,277111.0
2022-10-06 00:00:00+09:00,563000.0,590000.0,559000.0,583000.0,271926.0
2022-10-07 00:00:00+09:00,575000.0,593000.0,569000.0,589000.0,226552.0
2022-10-11 00:00:00+09:00,584000.0,597000.0,577000.0,597000.0,182433.0
2022-10-12 00:00:00+09:00,588000.0,593000.0,576000.0,591000.0,223909.0
2022-10-13 00:00:00+09:00,596000.0,602000.0,575000.0,575000.0,179628.0
2022-10-14 00:00:00+09:00,583000.0,588000.0,571000.0,573000.0,202716.0
2022-10-17 00:00:00+09:00,565000.0,577000.0,553000.0,575000.0,204701.0
2022-10-18 00:00:00+09:00,586000.0,614000.0,585000.0,611000.0,252952.0
2022-10-19 00:00:00+09:00,581000.0,607000.0,573000.0,593000.0,373510.0
2022-10-20 00:00:00+09:00,588000.0,589000.0,565000.0,569000.0,331791.0
2022-10-21 00:00:00+09:00,570000.0,580000.0,562000.0,568000.0,215837.0
2022-10-24 00:00:00+09:00,579000.0,590000.0,569000.0,575000.0,223220.0
2022-10-25 00:00:00+09:00,576000.0,576000.0,550000.0,552000.0,394043.0
2022-10-26 00:00:00+09:00,557000.0,571000.0,555000.0,562000.0,377920.0
2022-10-27 00:00:00+09:00,572000.0,600000.0,570000.0,599000.0,368746.0
2022-10-28 00:00:00+09:00,593000.0,624000.0,588000.0,615000.0,382546.0
2022-10-31 00:00:00+09:00,627000.0,627000.0,609000.0,626000.0,742102.0
2022-11-01 00:00:00+09:00,633000.0,700000.0,632000.0,695000.0,542234.0
2022-11-02 00:00:00+09:00,696000.0,705000.0,662000.0,672000.0,406352.0
2022-11-03 00:00:00+09:00,660000.0,691000.0,659000.0,683000.0,280224.0
2022-11-04 00:00:00+09:00,679000.0,692000.0,674000.0,690000.0,228545.0
2022-11-07 00:00:00+09:00,693000.0,704000.0,686000.0,704000.0,227579.0
2022-11-08 00:00:00+09:00,703000.0,704000.0,676000.0,691000.0,275840.0
2022-11-09 00:00:00+09:00,692000.0,717000.0,684000.0,715000.0,259082.0
2022-11-10 00:00:00+09:00,706000.0,717000.0,695000.0,695000.0,244047.0
2022-11-11 00:00:00+09:00,730000.0,744000.0,724000.0,737000.0,304326.0
2022-11-14 00:00:00+09:00,740000.0,760000.0,725000.0,726000.0,261052.0
2022-11-15 00:00:00+09:00,735000.0,740000.0,703000.0,710000.0,317416.0
2022-11-16 00:00:00+09:00,700000.0,713000.0,690000.0,707000.0,288503.0
2022-11-17 00:00:00+09:00,704000.0,712000.0,697000.0,700000.0,129929.0
2022-11-18 00:00:00+09:00,701000.0,716000.0,696000.0,704000.0,142426.0
2022-11-21 00:00:00+09:00,704000.0,705000.0,679000.0,682000.0,182612.0
2022-11-22 00:00:00+09:00,682000.0,721000.0,679000.0,687000.0,310815.0
2022-11-23 00:00:00+09:00,700000.0,718000.0,693000.0,701000.0,191924.0
2022-11-24 00:00:00+09:00,718000.0,729000.0,704000.0,728000.0,579933.0
2022-11-25 00:00:00+09:00,726000.0,731000.0,718000.0,721000.0,101478.0
2022-11-28 00:00:00+09:00,721000.0,730000.0,709000.0,719000.0,138547.0
2022-11-29 00:00:00+09:00,719000.0,720000.0,706000.0,715000.0,111726.0
2022-11-30 00:00:00+09:00,716000.0,744000.0,707000.0,740000.0,320344.0
2022-12-01 00:00:00+09:00,748000.0,755000.0,722000.0,722000.0,249831.0
2022-12-02 00:00:00+09:00,718000.0,728000.0,711000.0,711000.0,163235.0
2022-12-05 00:00:00+09:00,703000.0,710000.0,687000.0,696000.0,245961.0
2022-12-06 00:00:00+09:00,687000.0,697000.0,679000.0,686000.0,148248.0
2022-12-07 00:00:00+09:00,685000.0,691000.0,677000.0,679000.0,171428.0
2022-12-08 00:00:00+09:00,682000.0,685000.0,665000.0,670000.0,249650.0
2022-12-09 00:00:00+09:00,665000.0,666000.0,627000.0,627000.0,438095.0
2022-12-12 00:00:00+09:00,621000.0,636000.0,620000.0,628000.0,189748.0
2022-12-13 00:00:00+09:00,628000.0,635000.0,617000.0,623000.0,280770.0
2022-12-14 00:00:00+09:00,625000.0,646000.0,623000.0,646000.0,208017.0
2022-12-15 00:00:00+09:00,640000.0,650000.0,633000.0,643000.0,170130.0
2022-12-16 00:00:00+09:00,637000.0,649000.0,630000.0,645000.0,176864.0
2022-12-19 00:00:00+09:00,640000.0,643000.0,627000.0,633000.0,101519.0
2022-12-20 00:00:00+09:00,631000.0,640000.0,627000.0,631000.0,88474.0
2022-12-21 00:00:00+09:00,627000.0,636000.0,618000.0,620000.0,98514.0
2022-12-22 00:00:00+09:00,625000.0,628000.0,617000.0,626000.0,102015.0
2022-12-23 00:00:00+09:00,619000.0,624000.0,603000.0,610000.0,135064.0
2022-12-26 00:00:00+09:00,604000.0,621000.0,600000.0,618000.0,99300.0
2022-12-27 00:00:00+09:00,624000.0,635000.0,620000.0,628000.0,113845.0
2022-12-28 00:00:00+09:00,614000.0,614000.0,598000.0,602000.0,178560.0
2022-12-29 00:00:00+09:00,597000.0,607000.0,593000.0,600000.0,103968.0
2023-01-02 00:00:00+09:00,596000.0,620000.0,596000.0,604000.0,108253.0
2023-01-03 00:00:00+09:00,605000.0,610000.0,599000.0,601000.0,112173.0
2023-01-04 00:00:00+09:00,594000.0,608000.0,586000.0,601000.0,129672.0
2023-01-05 00:00:00+09:00,603000.0,609000.0,580000.0,581000.0,190445.0
2023-01-06 00:00:00+09:00,581000.0,598000.0,575000.0,594000.0,135877.0
2023-01-09 00:00:00+09:00,599000.0,627000.0,589000.0,624000.0,187189.0
2023-01-10 00:00:00+09:00,632000.0,647000.0,628000.0,629000.0,217651.0
2023-01-11 00:00:00+09:00,631000.0,642000.0,622000.0,634000.0,130042.0
2023-01-12 00:00:00+09:00,643000.0,644000.0,629000.0,637000.0,152114.0
2023-01-13 00:00:00+09:00,636000.0,649000.0,631000.0,644000.0,153532.0
2023-01-16 00:00:00+09:00,645000.0,655000.0,637000.0,638000.0,111249.0
2023-01-17 00:00:00+09:00,638000.0,641000.0,615000.0,619000.0,192280.0
2023-01-18 00:00:00+09:00,624000.0,630000.0,609000.0,613000.0,146564.0
2023-01-19 00:00:00+09:00,610000.0,621000.0,608000.0,621000.0,143197.0
2023-01-20 00:00:00+09:00,623000.0,628000.0,612000.0,625000.0,134554.0
2023-01-25 00:00:00+09:00,646000.0,655000.0,638000.0,652000.0,221307.0
2023-01-26 00:00:00+09:00,653000.0,687000.0,645000.0,685000.0,257413.0
2023-01-27 00:00:00+09:00,696000.0,696000.0,674000.0,685000.0,186406.0
2023-01-30 00:00:00+09:00,688000.0,703000.0,677000.0,683000.0,250561.0
2023-01-31 00:00:00+09:00,680000.0,700000.0,672000.0,690000.0,310432.0
2023-02-01 00:00:00+09:00,682000.0,694000.0,677000.0,688000.0,282102.0
2023-02-02 00:00:00+09:00,695000.0,696000.0,672000.0,676000.0,275597.0
2023-02-03 00:00:00+09:00,672000.0,676000.0,661000.0,674000.0,211018.0
2023-02-06 00:00:00+09:00,665000.0,672000.0,658000.0,658000.0,169927.0
2023-02-07 00:00:00+09:00,653000.0,685000.0,653000.0,681000.0,241408.0
2023-02-08 00:00:00+09:00,681000.0,686000.0,672000.0,672000.0,134248.0
2023-02-09 00:00:00+09:00,664000.0,691000.0,657000.0,680000.0,206970.0
2023-02-10 00:00:00+09:00,675000.0,680000.0,666000.0,673000.0,129178.0
2023-02-13 00:00:00+09:00,674000.0,678000.0,663000.0,670000.0,114841.0
2023-02-14 00:00:00+09:00,676000.0,682000.0,664000.0,676000.0,160165.0
2023-02-15 00:00:00+09:00,676000.0,682000.0,669000.0,674000.0,139846.0
2023-02-16 00:00:00+09:00,680000.0,728000.0,675000.0,717000.0,405051.0
2023-02-17 00:00:00+09:00,707000.0,722000.0,686000.0,689000.0,257670.0
2023-02-20 00:00:00+09:00,696000.0,696000.0,666000.0,667000.0,242105.0
2023-02-21 00:00:00+09:00,668000.0,690000.0,666000.0,687000.0,220058.0
2023-02-22 00:00:00+09:00,675000.0,680000.0,666000.0,666000.0,192246.0
2023-02-23 00:00:00+09:00,666000.0,677000.0,659000.0,668000.0,127506.0
2023-02-24 00:00:00+09:00,668000.0,686000.0,666000.0,669000.0,145162.0
2023-02-27 00:00:00+09:00,661000.0,666000.0,651000.0,657000.0,175530.0
2023-02-28 00:00:00+09:00,663000.0,684000.0,659000.0,680000.0,252098.0
2023-03-02 00:00:00+09:00,672000.0,684000.0,671000.0,678000.0,174629.0
2023-03-03 00:00:00+09:00,687000.0,707000.0,684000.0,703000.0,236335.0
2023-03-06 00:00:00+09:00,722000.0,727000.0,711000.0,726000.0,274209.0
2023-03-07 00:00:00+09:00,733000.0,757000.0,730000.0,740000.0,372754.0
2023-03-08 00:00:00+09:00,727000.0,727000.0,711000.0,715000.0,229545.0
2023-03-09 00:00:00+09:00,720000.0,725000.0,700000.0,710000.0,222278.0
2023-03-10 00:00:00+09:00,694000.0,710000.0,690000.0,707000.0,195645.0
2023-03-13 00:00:00+09:00,714000.0,727000.0,699000.0,718000.0,291597.0
2023-03-14 00:00:00+09:00,708000.0,718000.0,695000.0,705000.0,189009.0
2023-03-15 00:00:00+09:00,719000.0,727000.0,711000.0,721000.0,153827.0
2023-03-16 00:00:00+09:00,716000.0,731000.0,707000.0,730000.0,224294.0
2023-03-17 00:00:00+09:00,743000.0,745000.0,696000.0,702000.0,495493.0
2023-03-20 00:00:00+09:00,694000.0,703000.0,681000.0,683000.0,242829.0
2023-03-21 00:00:00+09:00,690000.0,693000.0,673000.0,677000.0,220078.0
2023-03-22 00:00:00+09:00,687000.0,703000.0,687000.0,703000.0,206510.0
2023-03-23 00:00:00+09:00,697000.0,717000.0,695000.0,712000.0,202975.0
2023-03-24 00:00:00+09:00,711000.0,714000.0,683000.0,690000.0,243174.0
2023-03-27 00:00:00+09:00,702000.0,712000.0,691000.0,698000.0,175698.0
2023-03-28 00:00:00+09:00,701000.0,704000.0,687000.0,704000.0,238741.0
2023-03-29 00:00:00+09:00,704000.0,708000.0,695000.0,705000.0,146056.0
2023-03-30 00:00:00+09:00,708000.0,709000.0,692000.0,696000.0,181406.0
2023-03-31 00:00:00+09:00,699000.0,720000.0,692000.0,712000.0,234893.0
2023-04-03 00:00:00+09:00,728000.0,730000.0,708000.0,712000.0,210319.0
2023-04-04 00:00:00+09:00,717000.0,754000.0,716000.0,722000.0,357335.0
2023-04-05 00:00:00+09:00,722000.0,739000.0,716000.0,732000.0,173102.0
2023-04-06 00:00:00+09:00,728000.0,730000.0,712000.0,716000.0,214460.0
2023-04-07 00:00:00+09:00,720000.0,720000.0,706000.0,714000.0,176079.0
2023-04-10 00:00:00+09:00,721000.0,766000.0,718000.0,750000.0,435352.0
2023-04-11 00:00:00+09:00,768000.0,857000.0,765000.0,806000.0,1194745.0
2023-04-12 00:00:00+09:00,799000.0,821000.0,775000.0,775000.0,614112.0
2023-04-13 00:00:00+09:00,760000.0,810000.0,760000.0,802000.0,500579.0
2023-04-14 00:00:00+09:00,812000.0,813000.0,781000.0,802000.0,372206.0
2023-04-17 00:00:00+09:00,802000.0,816000.0,782000.0,805000.0,351391.0
2023-04-18 00:00:00+09:00,822000.0,830000.0,808000.0,825000.0,359378.0
2023-04-19 00:00:00+09:00,820000.0,823000.0,790000.0,790000.0,388626.0
2023-04-20 00:00:00+09:00,790000.0,807000.0,790000.0,800000.0,281434.0
2023-04-21 00:00:00+09:00,798000.0,798000.0,766000.0,771000.0,280781.0
2023-04-24 00:00:00+09:00,762000.0,780000.0,762000.0,767000.0,221374.0
2023-04-25 00:00:00+09:00,774000.0,778000.0,729000.0,742000.0,311844.0
2023-04-26 00:00:00+09:00,742000.0,746000.0,727000.0,727000.0,240656.0
2023-04-27 00:00:00+09:00,734000.0,747000.0,726000.0,741000.0,315286.0
2023-04-28 00:00:00+09:00,746000.0,750000.0,730000.0,740000.0,257164.0
2023-05-02 00:00:00+09:00,750000.0,760000.0,738000.0,746000.0,203437.0
2023-05-03 00:00:00+09:00,741000.0,742000.0,726000.0,726000.0,159157.0
2023-05-04 00:00:00+09:00,727000.0,735000.0,724000.0,731000.0,149664.0
2023-05-08 00:00:00+09:00,741000.0,747000.0,723000.0,726000.0,150083.0
2023-05-09 00:00:00+09:00,726000.0,735000.0,710000.0,722000.0,149656.0
2023-05-10 00:00:00+09:00,717000.0,723000.0,704000.0,709000.0,201484.0
2023-05-11 00:00:00+09:00,712000.0,715000.0,691000.0,691000.0,311828.0
2023-05-12 00:00:00+09:00,697000.0,700000.0,685000.0,688000.0,232162.0
2023-05-15 00:00:00+09:00,685000.0,694000.0,677000.0,691000.0,175241.0
2023-05-16 00:00:00+09:00,696000.0,707000.0,692000.0,695000.0,179012.0
2023-05-17 00:00:00+09:00,692000.0,712000.0,687000.0,709000.0,136372.0
2023-05-18 00:00:00+09:00,712000.0,714000.0,701000.0,709000.0,151282.0
2023-05-19 00:00:00+09:00,710000.0,711000.0,697000.0,698000.0,161829.0
2023-05-22 00:00:00+09:00,698000.0,707000.0,692000.0,700000.0,161714.0
2023-05-23 00:00:00+09:00,705000.0,741000.0,700000.0,719000.0,375157.0
2023-05-24 00:00:00+09:00,719000.0,734000.0,716000.0,720000.0,181354.0
2023-05-25 00:00:00+09:00,719000.0,722000.0,709000.0,712000.0,158080.0
2023-05-26 00:00:00+09:00,708000.0,716000.0,697000.0,706000.0,133917.0
2023-05-30 00:00:00+09:00,715000.0,717000.0,698000.0,702000.0,182533.0
2023-05-31 00:00:00+09:00,702000.0,710000.0,692000.0,693000.0,489828.0
2023-06-01 00:00:00+09:00,698000.0,702000.0,686000.0,687000.0,258102.0
2023-06-02 00:00:00+09:00,693000.0,724000.0,688000.0,721000.0,346407.0
2023-06-05 00:00:00+09:00,730000.0,730000.0,716000.0,723000.0,148006.0
2023-06-07 00:00:00+09:00,729000.0,752000.0,728000.0,746000.0,297767.0
2023-06-08 00:00:00+09:00,746000.0,751000.0,731000.0,737000.0,249933.0
2023-06-09 00:00:00+09:00,741000.0,761000.0,735000.0,752000.0,235688.0
2023-06-12 00:00:00+09:00,763000.0,763000.0,745000.0,746000.0,140486.0
2023-06-13 00:00:00+09:00,750000.0,751000.0,736000.0,736000.0,155147.0
2023-06-14 00:00:00+09:00,736000.0,739000.0,716000.0,719000.0,265425.0
2023-06-15 00:00:00+09:00,721000.0,730000.0,708000.0,722000.0,254423.0
2023-06-16 00:00:00+09:00,727000.0,754000.0,725000.0,743000.0,355710.0
2023-06-19 00:00:00+09:00,747000.0,763000.0,730000.0,752000.0,315174.0
2023-06-20 00:00:00+09:00,755000.0,755000.0,735000.0,739000.0,204789.0
2023-06-21 00:00:00+09:00,742000.0,742000.0,723000.0,723000.0,177750.0
2023-06-22 00:00:00+09:00,721000.0,728000.0,710000.0,721000.0,146160.0
2023-06-23 00:00:00+09:00,723000.0,723000.0,706000.0,709000.0,170902.0
2023-06-26 00:00:00+09:00,709000.0,712000.0,702000.0,703000.0,145097.0
2023-06-27 00:00:00+09:00,705000.0,709000.0,697000.0,703000.0,150949.0
2023-06-28 00:00:00+09:00,710000.0,710000.0,657000.0,662000.0,523591.0
2023-06-29 00:00:00+09:00,666000.0,682000.0,660000.0,660000.0,293283.0
2023-06-30 00:00:00+09:00,665000.0,673000.0,660000.0,667000.0,176510.0
2023-07-03 00:00:00+09:00,678000.0,695000.0,677000.0,691000.0,227535.0
2023-07-04 00:00:00+09:00,692000.0,692000.0,678000.0,680000.0,221408.0
2023-07-05 00:00:00+09:00,684000.0,684000.0,673000.0,676000.0,197455.0
2023-07-06 00:00:00+09:00,673000.0,675000.0,662000.0,664000.0,221272.0
2023-07-07 00:00:00+09:00,661000.0,665000.0,652000.0,656000.0,274332.0
2023-07-10 00:00:00+09:00,650000.0,660000.0,643000.0,654000.0,210646.0
2023-07-11 00:00:00+09:00,656000.0,659000.0,648000.0,654000.0,193263.0
2023-07-12 00:00:00+09:00,659000.0,660000.0,642000.0,653000.0,278392.0
2023-07-13 00:00:00+09:00,654000.0,677000.0,653000.0,670000.0,488183.0
2023-07-14 00:00:00+09:00,675000.0,682000.0,666000.0,680000.0,271672.0
2023-07-17 00:00:00+09:00,680000.0,681000.0,667000.0,670000.0,152544.0
2023-07-18 00:00:00+09:00,669000.0,687000.0,667000.0,679000.0,251222.0
2023-07-19 00:00:00+09:00,682000.0,687000.0,672000.0,687000.0,281004.0
2023-07-20 00:00:00+09:00,687000.0,704000.0,684000.0,685000.0,282841.0
2023-07-21 00:00:00+09:00,681000.0,694000.0,672000.0,694000.0,232253.0
2023-07-24 00:00:00+09:00,699000.0,728000.0,695000.0,713000.0,593589.0
2023-07-25 00:00:00+09:00,730000.0,739000.0,714000.0,725000.0,470635.0
2023-07-26 00:00:00+09:00,727000.0,783000.0,716000.0,728000.0,1219557.0
2023-07-27 00:00:00+09:00,729000.0,730000.0,653000.0,658000.0,875950.0
2023-07-28 00:00:00+09:00,640000.0,655000.0,626000.0,650000.0,595011.0
2023-07-31 00:00:00+09:00,650000.0,663000.0,642000.0,648000.0,497694.0
2023-08-01 00:00:00+09:00,650000.0,679000.0,647000.0,655000.0,486703.0
2023-08-02 00:00:00+09:00,650000.0,654000.0,640000.0,642000.0,320098.0
2023-08-03 00:00:00+09:00,646000.0,653000.0,635000.0,643000.0,270159.0
2023-08-04 00:00:00+09:00,638000.0,643000.0,635000.0,636000.0,217939.0
2023-08-07 00:00:00+09:00,631000.0,638000.0,609000.0,615000.0,296920.0
2023-08-08 00:00:00+09:00,615000.0,626000.0,612000.0,615000.0,234283.0
2023-08-09 00:00:00+09:00,617000.0,633000.0,611000.0,630000.0,204061.0
2023-08-10 00:00:00+09:00,624000.0,634000.0,612000.0,634000.0,210456.0
2023-08-11 00:00:00+09:00,631000.0,632000.0,620000.0,622000.0,163446.0
2023-08-14 00:00:00+09:00,616000.0,619000.0,596000.0,597000.0,361375.0
2023-08-16 00:00:00+09:00,584000.0,601000.0,583000.0,584000.0,290601.0
2023-08-17 00:00:00+09:00,575000.0,583000.0,570000.0,581000.0,414889.0
2023-08-18 00:00:00+09:00,571000.0,578000.0,566000.0,569000.0,230975.0
2023-08-21 00:00:00+09:00,562000.0,577000.0,562000.0,568000.0,240323.0
2023-08-22 00:00:00+09:00,579000.0,587000.0,571000.0,573000.0,186466.0
2023-08-23 00:00:00+09:00,571000.0,574000.0,559000.0,562000.0,160649.0
2023-08-24 00:00:00+09:00,564000.0,572000.0,558000.0,563000.0,215589.0
2023-08-25 00:00:00+09:00,556000.0,563000.0,548000.0,560000.0,197844.0
2023-08-28 00:00:00+09:00,565000.0,567000.0,557000.0,563000.0,191493.0
2023-08-29 00:00:00+09:00,566000.0,566000.0,558000.0,560000.0,157444.0
2023-08-30 00:00:00+09:00,566000.0,589000.0,566000.0,576000.0,290928.0
2023-08-31 00:00:00+09:00,579000.0,583000.0,574000.0,583000.0,287714.0
2023-09-01 00:00:00+09:00,583000.0,584000.0,569000.0,570000.0,163494.0
2023-09-04 00:00:00+09:00,568000.0,588000.0,567000.0,586000.0,273574.0
2023-09-05 00:00:00+09:00,584000.0,597000.0,583000.0,592000.0,174044.0
2023-09-06 00:00:00+09:00,592000.0,597000.0,583000.0,585000.0,147451.0
2023-09-07 00:00:00+09:00,580000.0,581000.0,570000.0,577000.0,225581.0
2023-09-08 00:00:00+09:00,573000.0,576000.0,557000.0,564000.0,271069.0
2023-09-11 00:00:00+09:00,563000.0,567000.0,559000.0,561000.0,120007.0
2023-09-12 00:00:00+09:00,568000.0,570000.0,552000.0,559000.0,132378.0
2023-09-13 00:00:00+09:00,552000.0,557000.0,537000.0,540000.0,330861.0
2023-09-14 00:00:00+09:00,541000.0,553000.0,539000.0,553000.0,329285.0
2023-09-15 00:00:00+09:00,553000.0,575000.0,547000.0,573000.0,366386.0
2023-09-18 00:00:00+09:00,562000.0,573000.0,560000.0,573000.0,204926.0
2023-09-19 00:00:00+09:00,567000.0,569000.0,547000.0,552000.0,293242.0
2023-09-20 00:00:00+09:00,546000.0,554000.0,545000.0,551000.0,239783.0
2023-09-21 00:00:00+09:00,537000.0,540000.0,518000.0,525000.0,599866.0
2023-09-22 00:00:00+09:00,510000.0,523000.0,508000.0,517000.0,254370.0
2023-09-25 00:00:00+09:00,513000.0,518000.0,505000.0,509000.0,224034.0
2023-09-26 00:00:00+09:00,505000.0,512000.0,500000.0,505000.0,228941.0
2023-09-27 00:00:00+09:00,497000.0,501000.0,487500.0,496500.0,379178.0
2023-10-04 00:00:00+09:00,497000.0,504000.0,485000.0,486000.0,544310.0
2023-10-05 00:00:00+09:00,490000.0,515000.0,488500.0,502000.0,286883.0
2023-10-06 00:00:00+09:00,497500.0,503000.0,495000.0,499500.0,169375.0
2023-10-10 00:00:00+09:00,500000.0,514000.0,493000.0,497500.0,271381.0
2023-10-11 00:00:00+09:00,513000.0,524000.0,506000.0,518000.0,356936.0
2023-10-12 00:00:00+09:00,523000.0,541000.0,523000.0,529000.0,320061.0
2023-10-13 00:00:00+09:00,529000.0,537000.0,525000.0,528000.0,149218.0
2023-10-16 00:00:00+09:00,523000.0,524000.0,506000.0,513000.0,257701.0
2023-10-17 00:00:00+09:00,517000.0,530000.0,515000.0,516000.0,193389.0
2023-10-18 00:00:00+09:00,511000.0,514000.0,501000.0,506000.0,177343.0
2023-10-19 00:00:00+09:00,491000.0,498500.0,488500.0,494000.0,462488.0
2023-10-20 00:00:00+09:00,485000.0,487000.0,475000.0,479000.0,349050.0
2023-10-23 00:00:00+09:00,475000.0,489000.0,469000.0,481000.0,292347.0
2023-10-24 00:00:00+09:00,481000.0,494000.0,463000.0,492000.0,340115.0
2023-10-25 00:00:00+09:00,489000.0,489000.0,456500.0,458000.0,405933.0
2023-10-26 00:00:00+09:00,437000.0,442000.0,424500.0,426000.0,685812.0
2023-10-27 00:00:00+09:00,426000.0,448000.0,426000.0,438500.0,601730.0
2023-10-30 00:00:00+09:00,429500.0,456000.0,427500.0,445000.0,363083.0
2023-10-31 00:00:00+09:00,448500.0,449000.0,430500.0,440000.0,433840.0
2023-11-01 00:00:00+09:00,440500.0,444000.0,429500.0,431000.0,352808.0
2023-11-02 00:00:00+09:00,440000.0,458000.0,438000.0,455500.0,285900.0
2023-11-03 00:00:00+09:00,466000.0,474500.0,463500.0,471000.0,296159.0
2023-11-06 00:00:00+09:00,499000.0,529000.0,487500.0,521000.0,713254.0
2023-11-07 00:00:00+09:00,509000.0,512000.0,483500.0,492000.0,539187.0
2023-11-08 00:00:00+09:00,496500.0,505000.0,474500.0,478000.0,276747.0
2023-11-09 00:00:00+09:00,477000.0,482000.0,463500.0,467500.0,378393.0
2023-11-10 00:00:00+09:00,460500.0,461000.0,450500.0,457500.0,192219.0
2023-11-13 00:00:00+09:00,460000.0,466500.0,452000.0,453500.0,180132.0
2023-11-14 00:00:00+09:00,464000.0,473000.0,460000.0,465000.0,196531.0
2023-11-15 00:00:00+09:00,483500.0,486000.0,474500.0,480000.0,261064.0
2023-11-16 00:00:00+09:00,477000.0,483500.0,473500.0,480000.0,141192.0
2023-11-17 00:00:00+09:00,478000.0,489500.0,476500.0,484000.0,195198.0
2023-11-20 00:00:00+09:00,481000.0,503000.0,481000.0,493500.0,236740.0
2023-11-21 00:00:00+09:00,502000.0,505000.0,493500.0,501000.0,173343.0
2023-11-22 00:00:00+09:00,496000.0,508000.0,495000.0,504000.0,137990.0
2023-11-23 00:00:00+09:00,505000.0,527000.0,505000.0,519000.0,339574.0
2023-11-24 00:00:00+09:00,527000.0,537000.0,513000.0,514000.0,269104.0
2023-11-27 00:00:00+09:00,519000.0,520000.0,504000.0,506000.0,159379.0
2023-11-28 00:00:00+09:00,509000.0,517000.0,502000.0,504000.0,195567.0
2023-11-29 00:00:00+09:00,507000.0,511000.0,495500.0,504000.0,326444.0
2023-11-30 00:00:00+09:00,499000.0,506000.0,498000.0,501000.0,287538.0
2023-12-01 00:00:00+09:00,499500.0,501000.0,485500.0,486500.0,299762.0
2023-12-04 00:00:00+09:00,485000.0,491000.0,471000.0,473000.0,338110.0
2023-12-05 00:00:00+09:00,469000.0,476500.0,465500.0,471000.0,218525.0
2023-12-06 00:00:00+09:00,471500.0,477500.0,467000.0,471000.0,206370.0
2023-12-07 00:00:00+09:00,471000.0,477000.0,466000.0,468500.0,173904.0
2023-12-08 00:00:00+09:00,475000.0,483000.0,473000.0,478500.0,153815.0
2023-12-11 00:00:00+09:00,477500.0,480000.0,471000.0,475500.0,194422.0
2023-12-12 00:00:00+09:00,476500.0,481500.0,470000.0,472000.0,188152.0
2023-12-13 00:00:00+09:00,467500.0,469000.0,458500.0,460000.0,207659.0
2023-12-14 00:00:00+09:00,469000.0,471000.0,459500.0,464000.0,375683.0
2023-12-15 00:00:00+09:00,469500.0,496500.0,469000.0,493000.0,615510.0
2023-12-18 00:00:00+09:00,495000.0,498500.0,489000.0,498000.0,289001.0
2023-12-19 00:00:00+09:00,497000.0,502000.0,489000.0,502000.0,204428.0
2023-12-20 00:00:00+09:00,502000.0,507000.0,501000.0,504000.0,197344.0
2023-12-21 00:00:00+09:00,501000.0,504000.0,493500.0,495000.0,206883.0
2023-12-22 00:00:00+09:00,498000.0,499000.0,490000.0,490000.0,140767.0
2023-12-26 00:00:00+09:00,494500.0,499500.0,485500.0,490500.0,160900.0
2023-12-27 00:00:00+09:00,490500.0,493000.0,483000.0,486000.0,202496.0
2023-12-28 00:00:00+09:00,488000.0,499000.0,483500.0,499000.0,199695.0
2024-01-02 00:00:00+09:00,494000.0,496000.0,488000.0,493500.0,160698.0
2024-01-03 00:00:00+09:00,490500.0,490500.0,480500.0,480500.0,168770.0
2024-01-04 00:00:00+09:00,476000.0,486000.0,475000.0,481000.0,147635.0
2024-01-05 00:00:00+09:00,482000.0,491500.0,479000.0,482500.0,131560.0
2024-01-08 00:00:00+09:00,490500.0,490500.0,478000.0,479000.0,122976.0
2024-01-09 00:00:00+09:00,486000.0,486500.0,471500.0,471500.0,146249.0
2024-01-10 00:00:00+09:00,472000.0,473500.0,463000.0,464500.0,146052.0
2024-01-11 00:00:00+09:00,458500.0,466000.0,458500.0,459500.0,243938.0
2024-01-12 00:00:00+09:00,461000.0,462000.0,445000.0,449000.0,357185.0
2024-01-15 00:00:00+09:00,445000.0,447500.0,435000.0,438500.0,264758.0
2024-01-16 00:00:00+09:00,433500.0,438000.0,430500.0,432000.0,241396.0
2024-01-17 00:00:00+09:00,427500.0,431000.0,408000.0,408500.0,627074.0
2024-01-18 00:00:00+09:00,403500.0,416000.0,403000.0,412000.0,308307.0
2024-01-19 00:00:00+09:00,415500.0,417000.0,400500.0,404500.0,287727.0
2024-01-22 00:00:00+09:00,404000.0,408000.0,384500.0,387000.0,474355.0
2024-01-23 00:00:00+09:00,383500.0,393500.0,383500.0,391000.0,285986.0
2024-01-24 00:00:00+09:00,390000.0,409500.0,389000.0,400500.0,288449.0
2024-01-25 00:00:00+09:00,398500.0,407500.0,393000.0,404500.0,197843.0
2024-01-26 00:00:00+09:00,402500.0,424000.0,401500.0,416500.0,312594.0
2024-01-29 00:00:00+09:00,421500.0,430500.0,419500.0,425000.0,245972.0
2024-01-30 00:00:00+09:00,425500.0,445000.0,425500.0,426500.0,287657.0
2024-01-31 00:00:00+09:00,425500.0,441500.0,423500.0,434500.0,245248.0
2024-02-01 00:00:00+09:00,426500.0,433000.0,417000.0,430000.0,312842.0
2024-02-02 00:00:00+09:00,451000.0,468500.0,433000.0,461000.0,679677.0
2024-02-05 00:00:00+09:00,465500.0,477500.0,456500.0,467000.0,487996.0
2024-02-06 00:00:00+09:00,454000.0,470000.0,453000.0,462500.0,311282.0
2024-02-07 00:00:00+09:00,464500.0,474500.0,456000.0,463500.0,363161.0
2024-02-08 00:00:00+09:00,489000.0,489000.0,470500.0,470500.0,768536.0
2024-02-13 00:00:00+09:00,473000.0,475000.0,469500.0,471000.0,379733.0
2024-02-14 00:00:00+09:00,460500.0,463500.0,449000.0,461000.0,323305.0
2024-02-15 00:00:00+09:00,468000.0,488500.0,468000.0,483500.0,423918.0
2024-02-16 00:00:00+09:00,489000.0,515000.0,488000.0,504000.0,587439.0
2024-02-19 00:00:00+09:00,508000.0,520000.0,504000.0,508000.0,358152.0
2024-02-20 00:00:00+09:00,507000.0,513000.0,491500.0,506000.0,295676.0
2024-02-21 00:00:00+09:00,503000.0,504000.0,491000.0,500000.0,293801.0
2024-02-22 00:00:00+09:00,495000.0,502000.0,481000.0,481000.0,451942.0
2024-02-23 00:00:00+09:00,478500.0,482000.0,467000.0,472000.0,512499.0
2024-02-26 00:00:00+09:00,470500.0,475000.0,459000.0,472500.0,376704.0
2024-02-27 00:00:00+09:00,488500.0,494000.0,465000.0,466000.0,359912.0
2024-02-28 00:00:00+09:00,469000.0,472500.0,463500.0,464500.0,186537.0
2024-02-29 00:00:00+09:00,459500.0,465000.0,453000.0,453000.0,448418.0
2024-03-04 00:00:00+09:00,452500.0,471500.0,452500.0,462000.0,290424.0
2024-03-05 00:00:00+09:00,454500.0,457000.0,445000.0,452500.0,242147.0
2024-03-06 00:00:00+09:00,448000.0,456500.0,441000.0,441500.0,290385.0
2024-03-07 00:00:00+09:00,443000.0,446000.0,434000.0,443000.0,311412.0
2024-03-08 00:00:00+09:00,448000.0,456500.0,440500.0,443000.0,288423.0
2024-03-11 00:00:00+09:00,440000.0,441000.0,435000.0,436000.0,181317.0
2024-03-12 00:00:00+09:00,441000.0,454500.0,441000.0,450500.0,364050.0
2024-03-13 00:00:00+09:00,452000.0,471000.0,449000.0,450000.0,382300.0
2024-03-14 00:00:00+09:00,450000.0,454000.0,438500.0,440000.0,410324.0
2024-03-15 00:00:00+09:00,437000.0,438000.0,430000.0,431000.0,310713.0
2024-03-18 00:00:00+09:00,434000.0,443000.0,431500.0,440000.0,237874.0
2024-03-19 00:00:00+09:00,440500.0,440500.0,431000.0,436500.0,229435.0
2024-03-20 00:00:00+09:00,440500.0,444000.0,435500.0,438500.0,165255.0
2024-03-21 00:00:00+09:00,442000.0,446000.0,438000.0,439000.0,214431.0
2024-03-22 00:00:00+09:00,439000.0,453500.0,436000.0,449500.0,263558.0
2024-03-25 00:00:00+09:00,450500.0,465500.0,450500.0,460500.0,275423.0
2024-03-26 00:00:00+09:00,458500.0,466000.0,449000.0,449000.0,303727.0
2024-03-27 00:00:00+09:00,445500.0,453000.0,441000.0,444000.0,236697.0
2024-03-28 00:00:00+09:00,443000.0,447000.0,437000.0,440000.0,210043.0
2024-03-29 00:00:00+09:00,440500.0,442500.0,436000.0,439000.0,158560.0
2024-04-01 00:00:00+09:00,440000.0,442000.0,429000.0,430500.0,239956.0
2024-04-02 00:00:00+09:00,426500.0,429500.0,420500.0,424000.0,250523.0
2024-04-03 00:00:00+09:00,416000.0,418500.0,400500.0,403000.0,479871.0
2024-04-04 00:00:00+09:00,406500.0,408500.0,399000.0,402500.0,274989.0
2024-04-05 00:00:00+09:00,397000.0,404500.0,395000.0,400000.0,340599.0
2024-04-08 00:00:00+09:00,395500.0,399000.0,384000.0,394000.0,464147.0
2024-04-09 00:00:00+09:00,397000.0,398500.0,391000.0,395000.0,255430.0
2024-04-11 00:00:00+09:00,387000.0,394500.0,386500.0,387000.0,490848.0
2024-04-12 00:00:00+09:00,391500.0,402500.0,387000.0,393000.0,260610.0
2024-04-15 00:00:00+09:00,389500.0,400500.0,387000.0,394500.0,242936.0
2024-04-16 00:00:00+09:00,388000.0,390000.0,380000.0,382000.0,304367.0
2024-04-17 00:00:00+09:00,385000.0,391000.0,375500.0,375500.0,301786.0
2024-04-18 00:00:00+09:00,377500.0,382500.0,376500.0,378500.0,264859.0
2024-04-19 00:00:00+09:00,374500.0,374500.0,366000.0,370500.0,348850.0
2024-04-22 00:00:00+09:00,376000.0,381000.0,372500.0,378000.0,301294.0
2024-04-23 00:00:00+09:00,374000.0,376500.0,368500.0,372000.0,244370.0
2024-04-24 00:00:00+09:00,382500.0,389500.0,379000.0,381500.0,293307.0
2024-04-25 00:00:00+09:00,377000.0,380000.0,371500.0,373000.0,258272.0
2024-04-26 00:00:00+09:00,373500.0,376000.0,368500.0,373500.0,224588.0
2024-04-29 00:00:00+09:00,377500.0,400500.0,377000.0,395500.0,607744.0
2024-04-30 00:00:00+09:00,397500.0,412000.0,390500.0,402500.0,525542.0
2024-05-02 00:00:00+09:00,406000.0,412000.0,397500.0,405000.0,276804.0
2024-05-03 00:00:00+09:00,406000.0,408000.0,399500.0,403500.0,146460.0
2024-05-07 00:00:00+09:00,406000.0,407500.0,396000.0,402000.0,252320.0
2024-05-08 00:00:00+09:00,401500.0,403500.0,397000.0,402000.0,150249.0
2024-05-09 00:00:00+09:00,401500.0,403500.0,396500.0,396500.0,231065.0
2024-05-10 00:00:00+09:00,401000.0,404500.0,395500.0,397000.0,116254.0
2024-05-13 00:00:00+09:00,396000.0,396000.0,386500.0,391000.0,277871.0
2024-05-14 00:00:00+09:00,393000.0,407000.0,392500.0,402500.0,293777.0
2024-05-16 00:00:00+09:00,408500.0,411000.0,403000.0,404000.0,293066.0
2024-05-17 00:00:00+09:00,400000.0,404000.0,397000.0,398000.0,204095.0
2024-05-20 00:00:00+09:00,398000.0,399500.0,390500.0,391500.0,321170.0
2024-05-21 00:00:00+09:00,387000.0,388000.0,379000.0,384500.0,284865.0
2024-05-22 00:00:00+09:00,388000.0,388000.0,382000.0,383000.0,153439.0
2024-05-23 00:00:00+09:00,381000.0,406500.0,380000.0,394000.0,343337.0
2024-05-24 00:00:00+09:00,386500.0,403500.0,383500.0,394000.0,317431.0
2024-05-27 00:00:00+09:00,395000.0,399500.0,385000.0,396500.0,289057.0
2024-05-28 00:00:00+09:00,396500.0,399500.0,388500.0,391000.0,211698.0
2024-05-29 00:00:00+09:00,386000.0,386500.0,367000.0,370500.0,581535.0
2024-05-30 00:00:00+09:00,365000.0,368000.0,350000.0,350500.0,634361.0
2024-05-31 00:00:00+09:00,353000.0,361500.0,351500.0,351500.0,502915.0
2024-06-03 00:00:00+09:00,355000.0,365500.0,354000.0,357500.0,275342.0
2024-06-04 00:00:00+09:00,352500.0,366500.0,351500.0,361000.0,184831.0
2024-06-05 00:00:00+09:00,362000.0,381000.0,361000.0,374500.0,395879.0
2024-06-07 00:00:00+09:00,384500.0,388000.0,377000.0,382000.0,247532.0
2024-06-10 00:00:00+09:00,377500.0,377500.0,370000.0,370500.0,270879.0
2024-06-11 00:00:00+09:00,371000.0,379500.0,366000.0,375000.0,298873.0
2024-06-12 00:00:00+09:00,371500.0,376000.0,368000.0,371500.0,234425.0
2024-06-13 00:00:00+09:00,377500.0,377500.0,367000.0,367000.0,393893.0
2024-06-14 00:00:00+09:00,365000.0,367000.0,356000.0,361000.0,448269.0
2024-06-17 00:00:00+09:00,357000.0,358000.0,353000.0,355000.0,322322.0
2024-06-18 00:00:00+09:00,358000.0,359000.0,351000.0,351500.0,208142.0
2024-06-19 00:00:00+09:00,353000.0,362000.0,350500.0,359500.0,306960.0
2024-06-20 00:00:00+09:00,359500.0,366000.0,358000.0,361500.0,269674.0
2024-06-21 00:00:00+09:00,361000.0,364500.0,355500.0,355500.0,250301.0
2024-06-24 00:00:00+09:00,355000.0,359000.0,353000.0,356000.0,163598.0
2024-06-25 00:00:00+09:00,359500.0,360000.0,351000.0,351000.0,201226.0
2024-06-26 00:00:00+09:00,350500.0,354500.0,348000.0,352000.0,180895.0
2024-06-27 00:00:00+09:00,350000.0,353500.0,342500.0,344000.0,241552.0
2024-06-28 00:00:00+09:00,344000.0,347000.0,336500.0,345500.0,221160.0
2024-07-01 00:00:00+09:00,345500.0,357500.0,341000.0,355500.0,245435.0
2024-07-02 00:00:00+09:00,354000.0,358500.0,351500.0,353000.0,196964.0
2024-07-03 00:00:00+09:00,358000.0,369500.0,357000.0,360000.0,352143.0
2024-07-04 00:00:00+09:00,364500.0,366000.0,357500.0,362000.0,178230.0
2024-07-05 00:00:00+09:00,364500.0,365000.0,358000.0,361000.0,156023.0
2024-07-08 00:00:00+09:00,361000.0,367500.0,358000.0,360500.0,167941.0
2024-07-09 00:00:00+09:00,362500.0,364500.0,359500.0,362500.0,200811.0
2024-07-10 00:00:00+09:00,361000.0,361500.0,354000.0,356000.0,225609.0
2024-07-11 00:00:00+09:00,358000.0,371000.0,354500.0,366500.0,479591.0
2024-07-12 00:00:00+09:00,362500.0,371000.0,362000.0,367500.0,211244.0
2024-07-15 00:00:00+09:00,368000.0,368500.0,357000.0,359000.0,272945.0
2024-07-16 00:00:00+09:00,358000.0,359000.0,341000.0,341500.0,471069.0
2024-07-17 00:00:00+09:00,341500.0,344000.0,334000.0,335500.0,382543.0
2024-07-18 00:00:00+09:00,335000.0,339500.0,332000.0,333500.0,201812.0
2024-07-19 00:00:00+09:00,332500.0,333500.0,326000.0,333500.0,303750.0
2024-07-22 00:00:00+09:00,332500.0,333000.0,319000.0,320000.0,276341.0
2024-07-23 00:00:00+09:00,323000.0,324500.0,311500.0,312500.0,365796.0
2024-07-24 00:00:00+09:00,309000.0,318500.0,309000.0,310000.0,310446.0
2024-07-25 00:00:00+09:00,305500.0,318000.0,299500.0,313000.0,358228.0
2024-07-26 00:00:00+09:00,312500.0,312500.0,302000.0,307000.0,269526.0
2024-07-29 00:00:00+09:00,307500.0,310000.0,301000.0,308000.0,177920.0
2024-07-30 00:00:00+09:00,304500.0,312000.0,303000.0,305000.0,213468.0
2024-07-31 00:00:00+09:00,306000.0,310000.0,303000.0,305500.0,166216.0
2024-08-01 00:00:00+09:00,305500.0,318500.0,305500.0,314000.0,234675.0
2024-08-02 00:00:00+09:00,308000.0,314000.0,305500.0,308500.0,184521.0
2024-08-05 00:00:00+09:00,302500.0,304500.0,263500.0,272500.0,739306.0
2024-08-06 00:00:00+09:00,281000.0,295500.0,277500.0,289500.0,522030.0
2024-08-07 00:00:00+09:00,282500.0,295500.0,282000.0,290000.0,234689.0
2024-08-08 00:00:00+09:00,284000.0,288500.0,276500.0,276500.0,513713.0
2024-08-09 00:00:00+09:00,280000.0,289000.0,278500.0,286000.0,266416.0
2024-08-12 00:00:00+09:00,286000.0,293000.0,286000.0,290000.0,116247.0
2024-08-13 00:00:00+09:00,289000.0,292000.0,283500.0,288500.0,149417.0
2024-08-14 00:00:00+09:00,293500.0,297500.0,293000.0,296000.0,135332.0
2024-08-16 00:00:00+09:00,301000.0,302000.0,292500.0,292500.0,178695.0
2024-08-19 00:00:00+09:00,293500.0,298500.0,287500.0,289500.0,134205.0
2024-08-20 00:00:00+09:00,292000.0,293500.0,283500.0,291500.0,186647.0
2024-08-21 00:00:00+09:00,292000.0,306000.0,292000.0,298000.0,315259.0
2024-08-22 00:00:00+09:00,300500.0,317500.0,299500.0,316000.0,477216.0
2024-08-23 00:00:00+09:00,316000.0,319000.0,312000.0,315000.0,278249.0
2024-08-26 00:00:00+09:00,315500.0,325000.0,315000.0,317000.0,306821.0
2024-08-27 00:00:00+09:00,320500.0,329000.0,316000.0,319000.0,266835.0
2024-08-28 00:00:00+09:00,319000.0,325000.0,313000.0,313500.0,263763.0
2024-08-29 00:00:00+09:00,312000.0,327500.0,309500.0,320500.0,365891.0
2024-08-30 00:00:00+09:00,326000.0,329500.0,320000.0,321500.0,300871.0
2024-09-02 00:00:00+09:00,328000.0,347500.0,326500.0,340000.0,628791.0
2024-09-03 00:00:00+09:00,344500.0,346500.0,331500.0,333000.0,300066.0
2024-09-04 00:00:00+09:00,322500.0,327500.0,319000.0,324000.0,288314.0
2024-09-05 00:00:00+09:00,327000.0,330500.0,318000.0,321500.0,243178.0
2024-09-06 00:00:00+09:00,321500.0,323500.0,308500.0,311500.0,274201.0
2024-09-09 00:00:00+09:00,304500.0,310000.0,301500.0,309500.0,261256.0
2024-09-10 00:00:00+09:00,309500.0,316000.0,303000.0,306500.0,241348.0
2024-09-11 00:00:00+09:00,307000.0,318500.0,307000.0,315500.0,258088.0
2024-09-12 00:00:00+09:00,325000.0,325000.0,318500.0,320500.0,267862.0
2024-09-13 00:00:00+09:00,323000.0,326000.0,315500.0,321500.0,166966.0
2024-09-19 00:00:00+09:00,327500.0,331500.0,312500.0,319500.0,254625.0
2024-09-20 00:00:00+09:00,323500.0,326000.0,316500.0,316500.0,338962.0
2024-09-23 00:00:00+09:00,319000.0,320500.0,313500.0,319000.0,212728.0
2024-09-24 00:00:00+09:00,321000.0,347000.0,321000.0,346000.0,619371.0
2024-09-25 00:00:00+09:00,349500.0,359500.0,345000.0,348500.0,554936.0
2024-09-26 00:00:00+09:00,352500.0,359000.0,349000.0,358000.0,310692.0
2024-09-27 00:00:00+09:00,360000.0,368500.0,353500.0,357500.0,477097.0
2024-09-30 00:00:00+09:00,364000.0,368500.0,356500.0,356500.0,398091.0
2024-10-02 00:00:00+09:00,358000.0,366000.0,353500.0,353500.0,334645.0
2024-10-04 00:00:00+09:00,354000.0,356500.0,346000.0,348500.0,262280.0
2024-10-07 00:00:00+09:00,352000.0,363000.0,349500.0,359000.0,312315.0
2024-10-08 00:00:00+09:00,358000.0,368000.0,354500.0,361000.0,341075.0
2024-10-10 00:00:00+09:00,364500.0,365000.0,356500.0,356500.0,355580.0
2024-10-11 00:00:00+09:00,357500.0,364000.0,350000.0,354500.0,268871.0
2024-10-14 00:00:00+09:00,350000.0,351000.0,342500.0,350500.0,283883.0
2024-10-15 00:00:00+09:00,351000.0,353000.0,337000.0,342000.0,367113.0
2024-10-16 00:00:00+09:00,346000.0,346000.0,337000.0,339000.0,244835.0
2024-10-17 00:00:00+09:00,338500.0,341000.0,331500.0,331500.0,230137.0
2024-10-18 00:00:00+09:00,331500.0,334000.0,324000.0,328500.0,246908.0
2024-10-21 00:00:00+09:00,329000.0,336000.0,327500.0,330500.0,142420.0
2024-10-22 00:00:00+09:00,328000.0,329000.0,317000.0,318000.0,245722.0
2024-10-23 00:00:00+09:00,317500.0,328500.0,314000.0,324500.0,216204.0
2024-10-24 00:00:00+09:00,328000.0,336500.0,324500.0,328000.0,258256.0
2024-10-25 00:00:00+09:00,334000.0,336000.0,321000.0,322500.0,199007.0
2024-10-28 00:00:00+09:00,323000.0,342500.0,322500.0,339000.0,351780.0
2024-10-29 00:00:00+09:00,332000.0,332500.0,312000.0,318500.0,726670.0
2024-10-30 00:00:00+09:00,314000.0,325000.0,313000.0,320500.0,299121.0
2024-10-31 00:00:00+09:00,317000.0,320000.0,313500.0,313500.0,250613.0
2024-11-01 00:00:00+09:00,312000.0,323500.0,310500.0,318000.0,221329.0
2024-11-04 00:00:00+09:00,320000.0,325500.0,313500.0,323500.0,254453.0
2024-11-05 00:00:00+09:00,320500.0,325500.0,319500.0,322000.0,206892.0
2024-11-06 00:00:00+09:00,323500.0,324000.0,299000.0,305500.0,485201.0
2024-11-07 00:00:00+09:00,300000.0,305000.0,294000.0,304000.0,365149.0
2024-11-08 00:00:00+09:00,302000.0,312500.0,302000.0,303000.0,234355.0
2024-11-11 00:00:00+09:00,309500.0,313500.0,301000.0,304000.0,286872.0
2024-11-12 00:00:00+09:00,301500.0,310500.0,301000.0,305500.0,248157.0
2024-11-13 00:00:00+09:00,300000.0,302500.0,287000.0,289000.0,316441.0
2024-11-14 00:00:00+09:00,288500.0,291500.0,278000.0,287500.0,432524.0
2024-11-15 00:00:00+09:00,280500.0,282000.0,267500.0,278000.0,438875.0
2024-11-18 00:00:00+09:00,275000.0,292500.0,275000.0,289500.0,236484.0
2024-11-19 00:00:00+09:00,287000.0,290500.0,284000.0,288500.0,259699.0
2024-11-20 00:00:00+09:00,286000.0,294000.0,282500.0,291500.0,239227.0
2024-11-21 00:00:00+09:00,290000.0,297000.0,288000.0,294500.0,215661.0
2024-11-22 00:00:00+09:00,298500.0,303000.0,297000.0,298000.0,240849.0
2024-11-25 00:00:00+09:00,301000.0,311500.0,299500.0,306500.0,388539.0
2024-11-26 00:00:00+09:00,303500.0,311000.0,303000.0,307000.0,187822.0
2024-11-27 00:00:00+09:00,306500.0,310000.0,299500.0,301000.0,164520.0
2024-11-28 00:00:00+09:00,301000.0,308000.0,300000.0,305000.0,135494.0
2024-11-29 00:00:00+09:00,302500.0,303500.0,283500.0,284000.0,348760.0
2024-12-02 00:00:00+09:00,287500.0,289000.0,279000.0,282500.0,207368.0
2024-12-03 00:00:00+09:00,286500.0,289000.0,279500.0,282500.0,251104.0
2024-12-04 00:00:00+09:00,271500.0,279500.0,268500.0,276000.0,410398.0
2024-12-05 00:00:00+09:00,276000.0,277500.0,263000.0,265000.0,356114.0
2024-12-06 00:00:00+09:00,264500.0,270000.0,259000.0,266500.0,293620.0
2024-12-09 00:00:00+09:00,257000.0,259000.0,246000.0,246500.0,604144.0
2024-12-10 00:00:00+09:00,250500.0,270000.0,250500.0,268000.0,436988.0
2024-12-11 00:00:00+09:00,267500.0,269500.0,259500.0,262500.0,262560.0
2024-12-12 00:00:00+09:00,265000.0,270000.0,261000.0,267500.0,423597.0
2024-12-13 00:00:00+09:00,262500.0,273500.0,259000.0,268500.0,245172.0
2024-12-16 00:00:00+09:00,270000.0,273000.0,265500.0,268000.0,171458.0
2024-12-17 00:00:00+09:00,264500.0,266000.0,254500.0,257000.0,335413.0
2024-12-18 00:00:00+09:00,257000.0,262500.0,255500.0,260000.0,325939.0
2024-12-19 00:00:00+09:00,252500.0,260500.0,250500.0,258000.0,225833.0
2024-12-20 00:00:00+09:00,260000.0,261500.0,254000.0,257500.0,280470.0
2024-12-23 00:00:00+09:00,256000.0,257500.0,248000.0,256000.0,226183.0
2024-12-24 00:00:00+09:00,256500.0,258500.0,252500.0,253000.0,115503.0
2024-12-26 00:00:00+09:00,254000.0,254500.0,246500.0,248000.0,194741.0
2024-12-27 00:00:00+09:00,244000.0,250000.0,242000.0,247000.0,229662.0
2024-12-30 00:00:00+09:00,245000.0,255000.0,244500.0,250000.0,198781.0
2025-01-02 00:00:00+09:00,250000.0,252000.0,240000.0,242500.0,207721.0
2025-01-03 00:00:00+09:00,239500.0,259000.0,239000.0,253500.0,363270.0
2025-01-06 00:00:00+09:00,254000.0,259500.0,251000.0,256500.0,186799.0
2025-01-07 00:00:00+09:00,260500.0,264000.0,255000.0,255500.0,191554.0
2025-01-08 00:00:00+09:00,253000.0,260000.0,252000.0,256500.0,264700.0
2025-01-09 00:00:00+09:00,256500.0,256500.0,247000.0,249000.0,333340.0
2025-01-10 00:00:00+09:00,249000.0,250500.0,245000.0,245000.0,203151.0
2025-01-13 00:00:00+09:00,242500.0,245000.0,239000.0,241000.0,209303.0
2025-01-14 00:00:00+09:00,243000.0,246000.0,238500.0,244500.0,272203.0
2025-01-15 00:00:00+09:00,245000.0,247500.0,239500.0,240000.0,182124.0
2025-01-16 00:00:00+09:00,244000.0,248000.0,243000.0,244000.0,187927.0
2025-01-17 00:00:00+09:00,242000.0,247000.0,240000.0,243500.0,183472.0
2025-01-20 00:00:00+09:00,247000.0,253500.0,246500.0,252500.0,246145.0
2025-01-21 00:00:00+09:00,250500.0,252500.0,238000.0,240500.0,260411.0
2025-01-22 00:00:00+09:00,242000.0,249000.0,241500.0,246000.0,203935.0
2025-01-23 00:00:00+09:00,244500.0,244500.0,239500.0,240500.0,174612.0
2025-01-24 00:00:00+09:00,241000.0,242500.0,237000.0,239500.0,205167.0
2025-01-31 00:00:00+09:00,242000.0,242000.0,236000.0,237500.0,257381.0
2025-02-03 00:00:00+09:00,234500.0,234500.0,221500.0,222000.0,339676.0
2025-02-04 00:00:00+09:00,222500.0,223000.0,211500.0,213000.0,670959.0
2025-02-05 00:00:00+09:00,213500.0,224500.0,213500.0,221500.0,499007.0
2025-02-06 00:00:00+09:00,219500.0,222000.0,217000.0,222000.0,224642.0
2025-02-07 00:00:00+09:00,220000.0,224500.0,216000.0,217000.0,322872.0
2025-02-10 00:00:00+09:00,214000.0,222000.0,208000.0,221000.0,437549.0
2025-02-11 00:00:00+09:00,222000.0,226000.0,218000.0,221500.0,205949.0
2025-02-12 00:00:00+09:00,222500.0,225500.0,218500.0,220000.0,209801.0
2025-02-13 00:00:00+09:00,220500.0,231000.0,220500.0,229500.0,486366.0
2025-02-14 00:00:00+09:00,231000.0,232000.0,226500.0,227500.0,201032.0
2025-02-17 00:00:00+09:00,227500.0,241500.0,227500.0,237500.0,342695.0
2025-02-18 00:00:00+09:00,238000.0,240500.0,236500.0,239000.0,192906.0
2025-02-19 00:00:00+09:00,238000.0,249500.0,238000.0,245500.0,342081.0
2025-02-20 00:00:00+09:00,245000.0,250000.0,244000.0,246500.0,296350.0
2025-02-21 00:00:00+09:00,246500.0,254000.0,244500.0,251000.0,289285.0
2025-02-24 00:00:00+09:00,249000.0,258000.0,247500.0,255500.0,245505.0
2025-02-25 00:00:00+09:00,253500.0,255000.0,248000.0,248500.0,196297.0
2025-02-26 00:00:00+09:00,245000.0,254000.0,245000.0,252000.0,190782.0
2025-02-27 00:00:00+09:00,250500.0,252500.0,247500.0,251000.0,147558.0
2025-02-28 00:00:00+09:00,245500.0,246500.0,233000.0,234500.0,498771.0
2025-03-04 00:00:00+09:00,231000.0,232500.0,225500.0,227500.0,344750.0
2025-03-05 00:00:00+09:00,229500.0,235500.0,223500.0,230500.0,307884.0
2025-03-06 00:00:00+09:00,233000.0,240000.0,231000.0,233000.0,201278.0
2025-03-07 00:00:00+09:00,229500.0,255500.0,228000.0,250500.0,762489.0
2025-03-10 00:00:00+09:00,254000.0,254500.0,240500.0,247000.0,306897.0
2025-03-11 00:00:00+09:00,237500.0,246000.0,236000.0,238000.0,247839.0
2025-03-12 00:00:00+09:00,240000.0,253500.0,238000.0,251000.0,309456.0
2025-03-13 00:00:00+09:00,254000.0,254000.0,242500.0,242500.0,311370.0
2025-03-14 00:00:00+09:00,242500.0,245500.0,230000.0,231000.0,402574.0
2025-03-17 00:00:00+09:00,233500.0,240500.0,232500.0,235000.0,214597.0
2025-03-18 00:00:00+09:00,237500.0,243000.0,231500.0,231500.0,222768.0
2025-03-19 00:00:00+09:00,237000.0,251500.0,236500.0,242000.0,611502.0
2025-03-20 00:00:00+09:00,246000.0,262000.0,245000.0,257000.0,673739.0
2025-03-21 00:00:00+09:00,259000.0,263500.0,246500.0,261500.0,625338.0
2025-03-24 00:00:00+09:00,261500.0,267000.0,258000.0,264500.0,402599.0
2025-03-25 00:00:00+09:00,265000.0,268500.0,258000.0,259500.0,255202.0
2025-03-26 00:00:00+09:00,262000.0,274500.0,261000.0,272000.0,412341.0
2025-03-27 00:00:00+09:00,267000.0,276000.0,267000.0,269000.0,281035.0
2025-03-28 00:00:00+09:00,271500.0,272500.0,258000.0,259000.0,271423.0
2025-03-31 00:00:00+09:00,251500.0,253500.0,243500.0,245000.0,376594.0
2025-04-01 00:00:00+09:00,248500.0,251500.0,238500.0,244000.0,275259.0
2025-04-02 00:00:00+09:00,244500.0,246000.0,229500.0,232500.0,357276.0
2025-04-03 00:00:00+09:00,224000.0,227500.0,221000.0,223000.0,311765.0
2025-04-04 00:00:00+09:00,219000.0,231000.0,219000.0,229500.0,308054.0
2025-04-07 00:00:00+09:00,215500.0,221000.0,212500.0,213500.0,457294.0
2025-04-08 00:00:00+09:00,218000.0,220000.0,210000.0,211500.0,323215.0
2025-04-09 00:00:00+09:00,209000.0,215500.0,202500.0,203500.0,431181.0
2025-04-10 00:00:00+09:00,217500.0,227000.0,210500.0,225500.0,507522.0
2025-04-11 00:00:00+09:00,219500.0,222500.0,216000.0,221500.0,221809.0
2025-04-14 00:00:00+09:00,224000.0,233000.0,224000.0,224500.0,184201.0
2025-04-15 00:00:00+09:00,223000.0,226000.0,219500.0,225000.0,160219.0
2025-04-16 00:00:00+09:00,226500.0,230000.0,219500.0,220000.0,182493.0
2025-04-17 00:00:00+09:00,218500.0,223000.0,216500.0,221000.0,173257.0
2025-04-18 00:00:00+09:00,222000.0,222500.0,218000.0,220500.0,121724.0
2025-04-21 00:00:00+09:00,219500.0,222000.0,215500.0,217500.0,139454.0
2025-04-22 00:00:00+09:00,216000.0,220500.0,214500.0,215500.0,156321.0
2025-04-23 00:00:00+09:00,220000.0,226000.0,217500.0,224000.0,293033.0
2025-04-24 00:00:00+09:00,225000.0,225000.0,218000.0,223000.0,163801.0
2025-04-25 00:00:00+09:00,225000.0,229000.0,222500.0,224500.0,201389.0
2025-04-28 00:00:00+09:00,226000.0,227000.0,221000.0,221000.0,246442.0
2025-04-29 00:00:00+09:00,223000.0,227000.0,221500.0,225500.0,181044.0
2025-04-30 00:00:00+09:00,225000.0,225000.0,215000.0,216000.0,252764.0
2025-05-02 00:00:00+09:00,216000.0,217500.0,207000.0,210000.0,377264.0
2025-05-07 00:00:00+09:00,212500.0,213000.0,206500.0,208000.0,369484.0
2025-05-08 00:00:00+09:00,208000.0,211500.0,207500.0,209000.0,371941.0
2025-05-09 00:00:00+09:00,210000.0,210000.0,205000.0,205500.0,253846.0
2025-05-12 00:00:00+09:00,207000.0,210500.0,206000.0,210500.0,139178.0
2025-05-13 00:00:00+09:00,211000.0,211000.0,202000.0,203000.0,460327.0
2025-05-14 00:00:00+09:00,204000.0,205000.0,199900.0,203500.0,247404.0
2025-05-15 00:00:00+09:00,202500.0,204500.0,201000.0,202500.0,133796.0
2025-05-16 00:00:00+09:00,203500.0,204000.0,193500.0,193600.0,529240.0
2025-05-19 00:00:00+09:00,193000.0,200500.0,193000.0,195800.0,333557.0
2025-05-20 00:00:00+09:00,197000.0,197300.0,189000.0,189700.0,403320.0
2025-05-21 00:00:00+09:00,189600.0,192000.0,187600.0,188000.0,379736.0
2025-05-22 00:00:00+09:00,187200.0,190000.0,182600.0,186700.0,351583.0
2025-05-23 00:00:00+09:00,187100.0,189700.0,182300.0,182400.0,220685.0
2025-05-26 00:00:00+09:00,181500.0,188500.0,181500.0,187700.0,224084.0
2025-05-27 00:00:00+09:00,185800.0,186700.0,182000.0,182900.0,223128.0
2025-05-28 00:00:00+09:00,184100.0,194600.0,183950.0,193900.0,431738.0
2025-05-29 00:00:00+09:00,194200.0,202500.0,192200.0,199300.0,413246.0
2025-05-30 00:00:00+09:00,197700.0,199500.0,193900.0,197300.0,500660.0
2025-06-02 00:00:00+09:00,197500.0,198200.0,193900.0,195300.0,157923.0
2025-06-04 00:00:00+09:00,197300.0,202500.0,197200.0,198700.0,281974.0
2025-06-05 00:00:00+09:00,199200.0,204000.0,197500.0,201500.0,240315.0
2025-06-09 00:00:00+09:00,203000.0,203500.0,198700.0,201500.0,315511.0
2025-06-10 00:00:00+09:00,203000.0,212500.0,202000.0,206500.0,407152.0
2025-06-11 00:00:00+09:00,210000.0,214000.0,205000.0,208500.0,289528.0
2025-06-12 00:00:00+09:00,207000.0,213000.0,206500.0,210500.0,446626.0
2025-06-13 00:00:00+09:00,211000.0,213500.0,206500.0,208500.0,298877.0
2025-06-16 00:00:00+09:00,208000.0,208500.0,201000.0,205500.0,250900.0
2025-06-17 00:00:00+09:00,207500.0,211500.0,204000.0,207000.0,262029.0
2025-06-18 00:00:00+09:00,204500.0,209500.0,204000.0,207500.0,216329.0
2025-06-19 00:00:00+09:00,208500.0,210000.0,204000.0,206000.0,203413.0
2025-06-20 00:00:00+09:00,206500.0,213500.0,205000.0,211500.0,389198.0
2025-06-23 00:00:00+09:00,207500.0,208000.0,200500.0,202500.0,280173.0
2025-06-24 00:00:00+09:00,207500.0,216000.0,206500.0,211000.0,372374.0
2025-06-25 00:00:00+09:00,213500.0,214000.0,210000.0,212500.0,178210.0
2025-06-26 00:00:00+09:00,213500.0,218000.0,211000.0,216000.0,313116.0
2025-06-27 00:00:00+09:00,217000.0,218000.0,208000.0,209000.0,227948.0
2025-06-30 00:00:00+09:00,211000.0,215500.0,210000.0,211500.0,173180.0
2025-07-01 00:00:00+09:00,213000.0,236000.0,212000.0,229000.0,810916.0
2025-07-02 00:00:00+09:00,227000.0,241500.0,226500.0,240000.0,627281.0
2025-07-03 00:00:00+09:00,248000.0,262500.0,246500.0,257000.0,1201428.0
2025-07-04 00:00:00+09:00,251000.0,268500.0,245000.0,264500.0,706352.0
2025-07-07 00:00:00+09:00,267500.0,270500.0,257000.0,258500.0,514957.0
2025-07-08 00:00:00+09:00,255000.0,264250.0,253000.0,254500.0,355808.0
2025-07-09 00:00:00+09:00,258000.0,266500.0,256000.0,260000.0,294670.0
2025-07-10 00:00:00+09:00,264500.0,275000.0,264000.0,274000.0,622092.0
2025-07-11 00:00:00+09:00,277000.0,278500.0,270500.0,272000.0,359580.0
2025-07-14 00:00:00+09:00,272500.0,277500.0,269500.0,273500.0,208053.0
2025-07-15 00:00:00+09:00,273000.0,274000.0,265500.0,273000.0,256242.0
2025-07-16 00:00:00+09:00,271000.0,272500.0,262000.0,263500.0,327945.0
2025-07-17 00:00:00+09:00,265500.0,272500.0,264000.0,269500.0,318854.0
2025-07-18 00:00:00+09:00,272500.0,277500.0,270000.0,272500.0,244314.0
2025-07-21 00:00:00+09:00,273000.0,293000.0,271000.0,287000.0,575916.0
2025-07-22 00:00:00+09:00,292000.0,299000.0,287000.0,289000.0,418076.0
2025-07-23 00:00:00+09:00,296000.0,301000.0,289000.0,291000.0,431760.0
2025-07-24 00:00:00+09:00,288500.0,305000.0,287500.0,305000.0,546808.0
2025-07-25 00:00:00+09:00,305000.0,308000.0,299000.0,307000.0,382336.0
2025-07-28 00:00:00+09:00,309500.0,318500.0,309500.0,313000.0,312827.0
2025-07-29 00:00:00+09:00,306500.0,309000.0,298500.0,308000.0,384643.0
2025-07-30 00:00:00+09:00,304500.0,308500.0,300500.0,306000.0,323896.0
2025-07-31 00:00:00+09:00,315500.0,322500.0,297500.0,301500.0,422313.0
2025-08-01 00:00:00+09:00,294500.0,302000.0,287000.0,290000.0,385496.0
2025-08-04 00:00:00+09:00,294000.0,294500.0,284000.0,289500.0,268894.0
2025-08-05 00:00:00+09:00,293000.0,302000.0,292000.0,298000.0,277568.0
2025-08-06 00:00:00+09:00,296000.0,307000.0,295000.0,301000.0,265521.0
2025-08-07 00:00:00+09:00,303500.0,303500.0,292000.0,292500.0,257418.0
2025-08-08 00:00:00+09:00,292000.0,292500.0,271000.0,276500.0,625417.0
2025-08-11 00:00:00+09:00,274500.0,279000.0,273500.0,277500.0,233130.0
2025-08-12 00:00:00+09:00,275000.0,280000.0,273500.0,275500.0,162707.0
2025-08-13 00:00:00+09:00,278000.0,279500.0,269500.0,279500.0,413119.0
2025-08-14 00:00:00+09:00,280000.0,282500.0,277500.0,282500.0,214283.0
2025-08-18 00:00:00+09:00,280000.0,283500.0,274500.0,276000.0,187334.0
2025-08-19 00:00:00+09:00,276500.0,279500.0,272500.0,277500.0,185341.0
2025-08-20 00:00:00+09:00,277000.0,286500.0,277000.0,283500.0,367843.0
2025-08-21 00:00:00+09:00,287000.0,302500.0,283000.0,293000.0,511584.0
2025-08-22 00:00:00+09:00,294000.0,296000.0,286000.0,287500.0,189281.0
2025-08-25 00:00:00+09:00,290000.0,293000.0,285000.0,292500.0,162261.0
2025-08-26 00:00:00+09:00,291000.0,296500.0,289000.0,289500.0,211149.0
2025-08-27 00:00:00+09:00,290500.0,290500.0,285000.0,286500.0,119955.0
2025-08-28 00:00:00+09:00,287000.0,292500.0,280000.0,281500.0,172022.0
2025-08-29 00:00:00+09:00,284000.0,286000.0,276000.0,277500.0,202049.0
2025-09-01 00:00:00+09:00,275000.0,275000.0,270000.0,271500.0,135526.0
2025-09-02 00:00:00+09:00,271000.0,272000.0,264500.0,269500.0,175907.0
2025-09-03 00:00:00+09:00,269500.0,273000.0,268500.0,270000.0,94431.0
2025-09-04 00:00:00+09:00,274000.0,279500.0,273000.0,278000.0,152241.0
2025-09-05 00:00:00+09:00,278000.0,278500.0,272500.0,274500.0,136324.0
2025-09-08 00:00:00+09:00,271000.0,277000.0,271000.0,275500.0,98768.0
2025-09-09 00:00:00+09:00,280500.0,296000.0,275500.0,293000.0,510456.0
2025-09-10 00:00:00+09:00,290500.0,292500.0,285500.0,287000.0,224616.0
2025-09-11 00:00:00+09:00,288500.0,290000.0,285500.0,290000.0,230401.0
2025-09-12 00:00:00+09:00,293000.0,293000.0,288000.0,290000.0,187098.0
2025-09-15 00:00:00+09:00,288500.0,301500.0,288500.0,293500.0,292193.0
2025-09-16 00:00:00+09:00,295000.0,300500.0,286500.0,288000.0,320132.0
2025-09-17 00:00:00+09:00,289500.0,294500.0,287500.0,292000.0,142980.0
2025-09-18 00:00:00+09:00,293500.0,306500.0,289500.0,301000.0,301884.0
2025-09-19 00:00:00+09:00,299500.0,303000.0,291000.0,291000.0,343090.0
2025-09-22 00:00:00+09:00,293500.0,302000.0,293000.0,295000.0,159506.0
2025-09-23 00:00:00+09:00,295000.0,300500.0,293000.0,298500.0,157221.0
2025-09-24 00:00:00+09:00,300000.0,300500.0,285500.0,286000.0,238319.0
2025-09-25 00:00:00+09:00,287000.0,292500.0,286000.0,292500.0,205795.0
2025-09-26 00:00:00+09:00,289500.0,291000.0,280500.0,282500.0,227238.0
2025-09-29 00:00:00+09:00,285000.0,285500.0,275500.0,280000.0,186592.0
2025-09-30 00:00:00+09:00,278500.0,284500.0,277500.0,278000.0,165726.0
2025-10-01 00:00:00+09:00,279000.0,283000.0,275000.0,281500.0,141779.0
2025-10-02 00:00:00+09:00,286000.0,288000.0,277500.0,277500.0,301239.0
2025-10-10 00:00:00+09:00,282000.0,287500.0,277500.0,279000.0,288939.0
2025-10-13 00:00:00+09:00,278000.0,282000.0,271500.0,282000.0,245693.0
2025-10-14 00:00:00+09:00,280000.0,299500.0,280000.0,296500.0,479724.0
2025-10-15 00:00:00+09:00,295000.0,295500.0,291000.0,294000.0,172127.0
2025-10-16 00:00:00+09:00,294500.0,312000.0,294500.0,312000.0,557451.0
2025-10-17 00:00:00+09:00,309500.0,350000.0,308500.0,339000.0,1150682.0
2025-10-20 00:00:00+09:00,337500.0,350000.0,333500.0,347500.0,449112.0
2025-10-21 00:00:00+09:00,343000.0,354000.0,341000.0,346000.0,357271.0
2025-10-22 00:00:00+09:00,356000.0,395500.0,351000.0,391000.0,1575365.0
2025-10-23 00:00:00+09:00,406500.0,408000.0,387000.0,389500.0,892900.0
2025-10-24 00:00:00+09:00,386000.0,410000.0,383000.0,401000.0,811185.0
2025-10-27 00:00:00+09:00,402500.0,407500.0,391000.0,404000.0,447924.0
2025-10-28 00:00:00+09:00,399000.0,414500.0,395500.0,413500.0,503165.0
2025-10-29 00:00:00+09:00,412500.0,422000.0,409500.0,417000.0,432477.0
2025-10-30 00:00:00+09:00,412000.0,423500.0,400000.0,405000.0,439474.0
2025-10-31 00:00:00+09:00,393500.0,400500.0,389000.0,397500.0,501518.0
2025-11-03 00:00:00+09:00,399000.0,401000.0,385500.0,393000.0,345947.0
2025-11-04 00:00:00+09:00,400000.0,409000.0,391000.0,395000.0,294129.0
2025-11-05 00:00:00+09:00,395500.0,401000.0,373000.0,385000.0,436160.0
2025-11-06 00:00:00+09:00,393000.0,405500.0,385500.0,385500.0,441659.0
2025-11-07 00:00:00+09:00,389000.0,394000.0,375000.0,382000.0,259098.0
2025-11-10 00:00:00+09:00,385500.0,401000.0,375500.0,397000.0,290167.0
2025-11-11 00:00:00+09:00,401500.0,405000.0,392500.0,399500.0,396621.0
2025-11-12 00:00:00+09:00,402500.0,404000.0,390000.0,393500.0,401469.0
2025-11-13 00:00:00+09:00,393500.0,428500.0,393500.0,419500.0,676571.0
2025-11-14 00:00:00+09:00,406500.0,420000.0,403000.0,407500.0,338108.0
2025-11-17 00:00:00+09:00,413000.0,419500.0,398000.0,402000.0,264512.0
2025-11-18 00:00:00+09:00,398000.0,405500.0,386500.0,388000.0,333994.0
2025-11-19 00:00:00+09:00,394000.0,398500.0,378000.0,390500.0,206165.0
2025-11-20 00:00:00+09:00,397500.0,399000.0,388500.0,388500.0,174417.0
2025-11-21 00:00:00+09:00,377500.0,378000.0,362750.0,367000.0,315503.0
2025-11-24 00:00:00+09:00,369000.0,370500.0,355000.0,358500.0,319529.0
2025-11-25 00:00:00+09:00,365000.0,369000.0,359500.0,363000.0,251051.0
2025-11-26 00:00:00+09:00,369500.0,397500.0,369000.0,397000.0,504358.0
2025-11-27 00:00:00+09:00,394500.0,402500.0,386000.0,395500.0,457285.0
2025-11-28 00:00:00+09:00,396500.0,396500.0,373000.0,374000.0,401535.0
2025-12-01 00:00:00+09:00,378000.0,383500.0,367000.0,372000.0,213121.0
2025-12-02 00:00:00+09:00,374500.0,376500.0,367500.0,371500.0,178062.0
2025-12-03 00:00:00+09:00,373000.0,383000.0,372500.0,380000.0,193648.0
2025-12-04 00:00:00+09:00,380000.0,383000.0,373500.0,376000.0,229061.0
2025-12-05 00:00:00+09:00,376500.0,382000.0,372000.0,381500.0,275857.0
2025-12-08 00:00:00+09:00,384000.0,387000.0,377500.0,386500.0,237724.0
2025-12-09 00:00:00+09:00,383500.0,385000.0,378000.0,379500.0,176352.0
2025-12-10 00:00:00+09:00,384500.0,388500.0,373500.0,376000.0,192669.0
2025-12-11 00:00:00+09:00,379500.0,380500.0,365500.0,365500.0,278618.0
2025-12-12 00:00:00+09:00,370000.0,373000.0,366500.0,371500.0,173965.0
2025-12-15 00:00:00+09:00,362000.0,377000.0,361500.0,369000.0,150033.0
2025-12-16 00:00:00+09:00,369500.0,370000.0,351500.0,354000.0,258691.0
2025-12-17 00:00:00+09:00,356500.0,365000.0,354500.0,364000.0,182526.0
2025-12-18 00:00:00+09:00,344000.0,347000.0,332500.0,333000.0,439388.0
2025-12-19 00:00:00+09:00,335000.0,338500.0,324500.0,338500.0,344256.0
2025-12-22 00:00:00+09:00,343000.0,351000.0,339000.0,346000.0,157106.0
2025-12-23 00:00:00+09:00,348000.0,348000.0,342500.0,345500.0,143777.0
2025-12-24 00:00:00+09:00,347500.0,349000.0,342500.0,346000.0,105513.0
2025-12-26 00:00:00+09:00,343000.0,346000.0,335000.0,336000.0,145837.0
2025-12-29 00:00:00+09:00,326000.0,339000.0,325000.0,338500.0,139537.0
2025-12-30 00:00:00+09:00,334000.0,334500.0,330000.0,333000.0,193822.0
2026-01-02 00:00:00+09:00,331000.0,331000.0,319500.0,322500.0,246623.0
2026-01-05 00:00:00+09:00,318500.0,330000.0,318500.0,330000.0,222585.0
2026-01-06 00:00:00+09:00,334000.0,334500.0,324500.0,328500.0,282451.0
2026-01-07 00:00:00+09:00,326000.0,328500.0,315000.0,319500.0,282239.0
2026-01-08 00:00:00+09:00,316500.0,317500.0,311000.0,315000.0,416599.0
2026-01-09 00:00:00+09:00,317000.0,320000.0,307500.0,312500.0,280530.0
2026-01-12 00:00:00+09:00,311000.0,322500.0,310000.0,321500.0,342118.0
2026-01-13 00:00:00+09:00,323000.0,343000.0,318000.0,342500.0,461945.0
2026-01-14 00:00:00+09:00,340500.0,341500.0,327500.0,330500.0,244657.0
2026-01-15 00:00:00+09:00,331000.0,342500.0,330500.0,336000.0,270726.0
2026-01-16 00:00:00+09:00,337000.0,343000.0,330500.0,333500.0,239548.0
2026-01-19 00:00:00+09:00,329000.0,338500.0,323500.0,337500.0,289896.0
2026-01-20 00:00:00+09:00,334000.0,345000.0,333000.0,339000.0,267761.0
2026-01-21 00:00:00+09:00,334000.0,336500.0,323500.0,331000.0,212312.0
2026-01-22 00:00:00+09:00,332000.0,357000.0,331000.0,350500.0,664481.0
2026-01-23 00:00:00+09:00,359500.0,369000.0,350500.0,358000.0,541858.0
2026-01-26 00:00:00+09:00,356000.0,358000.0,344500.0,349500.0,400048.0
2026-01-27 00:00:00+09:00,345000.0,355000.0,341000.0,344000.0,308673.0
2026-01-28 00:00:00+09:00,349500.0,366500.0,348500.0,354000.0,456693.0
2026-01-29 00:00:00+09:00,357500.0,357500.0,336000.0,343000.0,435702.0
2026-01-30 00:00:00+09:00,341000.0,342500.0,310500.0,310500.0,963226.0
2026-02-02 00:00:00+09:00,312000.0,312500.0,294000.0,296500.0,492954.0
2026-02-03 00:00:00+09:00,302000.0,307500.0,296500.0,306500.0,349494.0
2026-02-04 00:00:00+09:00,305500.0,319000.0,305500.0,318000.0,351475.0
2026-02-05 00:00:00+09:00,315500.0,320000.0,307500.0,312000.0,310333.0
2026-02-06 00:00:00+09:00,303500.0,305500.0,297000.0,304000.0,266373.0
2026-02-09 00:00:00+09:00,313000.0,315000.0,305000.0,310500.0,259118.0
2026-02-10 00:00:00+09:00,312000.0,324500.0,310500.0,321000.0,413203.0
2026-02-11 00:00:00+09:00,324000.0,327000.0,318000.0,322500.0,393723.0
2026-02-12 00:00:00+09:00,325500.0,340000.0,324000.0,336500.0,576686.0
2026-02-13 00:00:00+09:00,331000.0,336000.0,324000.0,324500.0,386073.0
2026-02-19 00:00:00+09:00,326500.0,336500.0,326000.0,334500.0,383082.0
2026-02-20 00:00:00+09:00,333500.0,341500.0,331500.0,337000.0,236523.0
2026-02-23 00:00:00+09:00,339000.0,340000.0,332000.0,332500.0,232539.0
2026-02-24 00:00:00+09:00,335000.0,351500.0,333500.0,350500.0,519344.0
2026-02-25 00:00:00+09:00,353000.0,401500.0,347500.0,387500.0,1099978.0
2026-02-26 00:00:00+09:00,387500.0,393500.0,383000.0,390000.0,466977.0
2026-02-27 00:00:00+09:00,381000.0,424000.0,381000.0,417500.0,1146026.0
2026-03-03 00:00:00+09:00,402000.0,407000.0,360000.0,361000.0,956158.0
2026-03-04 00:00:00+09:00,343000.0,347500.0,303000.0,307000.0,720462.0
2026-03-05 00:00:00+09:00,334500.0,338500.0,321000.0,324500.0,550806.0
2026-03-06 00:00:00+09:00,317500.0,328000.0,307500.0,326500.0,511510.0
2026-03-09 00:00:00+09:00,305000.0,310500.0,288000.0,300000.0,582831.0
2026-03-10 00:00:00+09:00,320000.0,323000.0,305500.0,311000.0,279895.0
2026-03-11 00:00:00+09:00,321500.0,329500.0,312000.0,315500.0,217879.0
2026-03-12 00:00:00+09:00,311000.0,313500.0,304000.0,306000.0,308065.0
2026-03-13 00:00:00+09:00,295000.0,301500.0,294500.0,297500.0,273412.0
2026-03-16 00:00:00+09:00,296000.0,297500.0,288000.0,292000.0,325789.0
2026-03-17 00:00:00+09:00,300000.0,313500.0,300000.0,307500.0,256068.0
2026-03-18 00:00:00+09:00,314000.0,324000.0,312000.0,320000.0,278071.0
2026-03-19 00:00:00+09:00,308000.0,313000.0,303500.0,303500.0,207291.0
2026-03-20 00:00:00+09:00,310000.0,312500.0,306500.0,310000.0,214904.0
2026-03-23 00:00:00+09:00,298000.0,299500.0,289000.0,290000.0,249892.0
2026-03-24 00:00:00+09:00,305000.0,315000.0,303000.0,314000.0,337381.0
2026-03-25 00:00:00+09:00,319500.0,323000.0,311500.0,318000.0,218075.0
2026-03-26 00:00:00+09:00,320000.0,326500.0,311000.0,314000.0,213175.0
2026-03-27 00:00:00+09:00,304000.0,316500.0,298500.0,313000.0,239600.0
2026-03-30 00:00:00+09:00,299000.0,328500.0,297000.0,322000.0,387305.0
2026-03-31 00:00:00+09:00,319000.0,321000.0,297500.0,299000.0,473765.0
2026-04-01 00:00:00+09:00,314500.0,315500.0,302500.0,312500.0,322039.0
2026-04-02 00:00:00+09:00,316000.0,326500.0,298000.0,302000.0,438492.0
2026-04-03 00:00:00+09:00,309500.0,311500.0,299500.0,304500.0,241336.0
2026-04-06 00:00:00+09:00,303500.0,320500.0,303500.0,317000.0,299795.0
2026-04-07 00:00:00+09:00,316500.0,331000.0,315000.0,323500.0,313215.0
2026-04-08 00:00:00+09:00,342000.0,346500.0,331000.0,344500.0,374125.0
2026-04-09 00:00:00+09:00,353500.0,367000.0,348500.0,355000.0,717366.0
2026-04-10 00:00:00+09:00,359500.0,362500.0,351500.0,356000.0,283205.0
2026-04-13 00:00:00+09:00,344000.0,345000.0,336000.0,340000.0,264626.0
2026-04-14 00:00:00+09:00,346000.0,350500.0,340500.0,341500.0,164618.0
2026-04-15 00:00:00+09:00,349500.0,363000.0,348000.0,354000.0,322452.0
2026-04-16 00:00:00+09:00,360500.0,365000.0,351500.0,357500.0,218360.0
2026-04-17 00:00:00+09:00,357500.0,362000.0,352500.0,360000.0,188824.0
2026-04-20 00:00:00+09:00,360000.0,374000.0,359000.0,365500.0,239109.0
2026-04-21 00:00:00+09:00,374000.0,390000.0,371000.0,389500.0,449161.0
2026-04-22 00:00:00+09:00,390000.0,399500.0,385000.0,392000.0,344699.0
2026-04-23 00:00:00+09:00,400500.0,403500.0,384500.0,391500.0,373795.0
2026-04-24 00:00:00+09:00,390000.0,393500.0,378500.0,391500.0,309047.0
2026-04-27 00:00:00+09:00,390000.0,390000.0,377000.0,379500.0,305442.0
2026-04-28 00:00:00+09:00,386000.0,403500.0,385000.0,394000.0,339216.0
2026-04-29 00:00:00+09:00,397500.0,411500.0,395000.0,407500.0,414937.0
2026-04-30 00:00:00+09:00,407500.0,407500.0,392000.0,397000.0,283039.0
2026-05-04 00:00:00+09:00,411500.0,435000.0,408000.0,429000.0,609933.0
2026-05-06 00:00:00+09:00,436000.0,436000.0,413000.0,423500.0,372989.0
2026-05-07 00:00:00+09:00,424500.0,429000.0,413750.0,425000.0,397016.0
2026-05-08 00:00:00+09:00,425000.0,437500.0,414500.0,429500.0,316902.0
2026-05-11 00:00:00+09:00,426500.0,431750.0,415500.0,423500.0,323937.0
2026-05-12 00:00:00+09:00,419000.0,420500.0,377000.0,388500.0,1047094.0
2026-05-13 00:00:00+09:00,395000.0,397000.0,374000.0,387500.0,337701.0
2026-05-14 00:00:00+09:00,394500.0,395000.0,376500.0,392500.0,365104.0
2026-05-15 00:00:00+09:00,393000.0,409500.0,367000.0,374000.0,407694.0
2026-05-18 00:00:00+09:00,378500.0,380000.0,351500.0,373000.0,248124.0
2026-05-19 00:00:00+09:00,369500.0,369500.0,341500.0,350500.0,395053.0
2026-05-20 00:00:00+09:00,353500.0,354000.0,326000.0,332000.0,458363.0
2026-05-21 00:00:00+09:00,343000.0,349500.0,336000.0,348000.0,373133.0
2026-05-22 00:00:00+09:00,357000.0,362000.0,345500.0,351000.0,349477.0
2026-05-26 00:00:00+09:00,359000.0,361000.0,349500.0,351000.0,288865.0
2026-05-27 00:00:00+09:00,348500.0,351500.0,330500.0,331000.0,447062.0
2026-05-28 00:00:00+09:00,343000.0,348500.0,329500.0,344500.0,475564.0
2026-05-29 00:00:00+09:00,345000.0,372000.0,339500.0,367000.0,935945.0
2026-06-01 00:00:00+09:00,364500.0,379500.0,358500.0,363500.0,556724.0
2026-06-02 00:00:00+09:00,358000.0,381000.0,354000.0,355000.0,509454.0
2026-06-04 00:00:00+09:00,351500.0,358500.0,340500.0,352000.0,437034.0
2026-06-05 00:00:00+09:00,357000.0,359000.0,330000.0,349000.0,280325.0
2026-06-08 00:00:00+09:00,320500.0,331000.0,317500.0,321000.0,350623.0
2026-06-09 00:00:00+09:00,323500.0,333500.0,318000.0,329000.0,442906.0
2026-06-10 00:00:00+09:00,321500.0,333000.0,312000.0,323000.0,460889.0
2026-06-11 00:00:00+09:00,313000.0,318500.0,304000.0,316500.0,439844.0
2026-06-12 00:00:00+09:00,331500.0,348000.0,328000.0,345000.0,370877.0
2026-06-15 00:00:00+09:00,355000.0,361500.0,346000.0,360500.0,254923.0
2026-06-16 00:00:00+09:00,364500.0,372500.0,356000.0,367500.0,228006.0
2026-06-17 00:00:00+09:00,368500.0,372500.0,359000.0,361000.0,188380.0
2026-06-18 00:00:00+09:00,357500.0,364500.0,340500.0,342500.0,316742.0
2026-06-19 00:00:00+09:00,346000.0,355000.0,322000.0,338000.0,384173.0
2026-06-22 00:00:00+09:00,339000.0,339000.0,322000.0,323000.0,217199.0
2026-06-23 00:00:00+09:00,326000.0,329500.0,290500.0,291500.0,323294.0
2026-06-24 00:00:00+09:00,292500.0,299500.0,286000.0,297500.0,285310.0
2026-06-25 00:00:00+09:00,300500.0,305500.0,285000.0,285500.0,225142.0
2026-06-26 00:00:00+09:00,284500.0,291000.0,264500.0,271000.0,283029.0
2026-06-29 00:00:00+09:00,273500.0,309000.0,268500.0,308000.0,303017.0
2026-06-30 00:00:00+09:00,301000.0,303500.0,278500.0,280000.0,409549.0
2026-07-01 00:00:00+09:00,283500.0,286000.0,274500.0,280000.0,258564.0
2026-07-02 00:00:00+09:00,277000.0,289000.0,267500.0,281500.0,192139.0
2026-07-03 00:00:00+09:00,281500.0,284500.0,268500.0,281500.0,171284.0
2026-07-06 00:00:00+09:00,284500.0,285500.0,271500.0,276500.0,157978.0
2026-07-07 00:00:00+09:00,274000.0,275500.0,259500.0,265500.0,236042.0
2026-07-08 00:00:00+09:00,264500.0,267500.0,251500.0,255000.0,250176.0
2026-07-09 00:00:00+09:00,257000.0,266000.0,248500.0,251500.0,286285.0
2026-07-10 00:00:00+09:00,259500.0,275500.0,259000.0,264000.0,220071.0
2026-07-13 00:00:00+09:00,268000.0,279500.0,259500.0,260500.0,231652.0
2026-07-14 00:00:00+09:00,263000.0,264500.0,252000.0,255000.0,258229.0
2026-07-15 00:00:00+09:00,262000.0,270000.0,260500.0,264500.0,166468.0
2026-07-16 00:00:00+09:00,265000.0,271000.0,255500.0,260500.0,180510.0
2026-07-20 00:00:00+09:00,259500.0,262500.0,250000.0,253000.0,250470.0
2026-07-21 00:00:00+09:00,251000.0,255500.0,243000.0,250500.0,261524.0
2026-07-22 00:00:00+09:00,257500.0,266000.0,250500.0,252000.0,137770.0
2026-07-23 00:00:00+09:00,255000.0,273000.0,254000.0,271500.0,183148.0
2026-07-24 00:00:00+09:00,264000.0,267000.0,256500.0,259000.0,148757.0
2026-07-27 00:00:00+09:00,262500.0,266000.0,256500.0,260000.0,136487.0
2026-07-28 00:00:00+09:00,253000.0,254500.0,236500.0,240500.0,223661.0
2026-07-29 00:00:00+09:00,244500.0,251000.0,224000.0,232500.0,292085.0
2026-07-30 00:00:00+09:00,229000.0,253500.0,229000.0,245500.0,273961.0
2026-07-31 00:00:00+09:00,252500.0,262500.0,241000.0,258000.0,307583.0
2026-08-03 00:00:00+09:00,253000.0,255500.0,238000.0,247000.0,263827.0
2026-08-04 00:00:00+09:00,249500.0,257500.0,244500.0,256500.0,217286.0
2026-08-05 00:00:00+09:00,261500.0,266500.0,254500.0,255500.0,172045.0
2026-08-06 00:00:00+09:00,255000.0,262500.0,252000.0,261000.0,156675.0
2026-08-07 00:00:00+09:00,264500.0,277000.0,260500.0,276000.0,201027.0
2026-08-10 00:00:00+09:00,272000.0,280500.0,265750.0,278000.0,131363.0
2026-08-11 00:00:00+09:00,276000.0,281000.0,273500.0,274000.0,87883.0
2026-08-12 00:00:00+09:00,275500.0,281000.0,272000.0,275500.0,117471.0
2026-08-13 00:00:00+09:00,277000.0,280000.0,274000.0,275500.0,213415.0
2026-08-14 00:00:00+09:00,280500.0,282500.0,274000.0,280500.0,137186.0
2026-08-18 00:00:00+09:00,281000.0,281000.0,268000.0,270500.0,156971.0
2026-08-19 00:00:00+09:00,261000.0,268500.0,255000.0,266000.0,118663.0
2026-08-20 00:00:00+09:00,266500.0,275500.0,263500.0,264000.0,158402.0
2026-08-21 00:00:00+09:00,261000.0,262000.0,251500.0,252500.0,141218.0
2026-08-24 00:00:00+09:00,252500.0,273000.0,252500.0,273000.0,214303.0
2026-08-25 00:00:00+09:00,272500.0,272500.0,259000.0,263000.0,113525.0
2026-08-26 00:00:00+09:00,265500.0,265500.0,258000.0,263500.0,119913.0
2026-08-27 00:00:00+09:00,268000.0,276500.0,265000.0,274500.0,175859.0
2026-08-28 00:00:00+09:00,272500.0,281500.0,271000.0,277000.0,115282.0
