dt,open,high,low,close,volume
2016-06-17 00:00:00+09:00,3265.0,3350.0,3235.0,3295.0,64071.0
2016-06-20 00:00:00+09:00,3295.0,3345.0,3255.0,3335.0,20824.0
2016-06-21 00:00:00+09:00,3300.0,3370.0,3285.0,3350.0,39607.0
2016-06-22 00:00:00+09:00,3375.0,3375.0,3300.0,3330.0,36007.0
2016-06-23 00:00:00+09:00,3330.0,3340.0,3220.0,3280.0,72763.0
2016-06-24 00:00:00+09:00,3335.0,3380.0,2990.0,3150.0,167230.0
2016-06-27 00:00:00+09:00,3075.0,3250.0,3050.0,3205.0,56676.0
2016-06-28 00:00:00+09:00,3135.0,3285.0,3085.0,3270.0,50752.0
2016-06-29 00:00:00+09:00,3300.0,3350.0,3290.0,3340.0,16953.0
2016-06-30 00:00:00+09:00,3345.0,3375.0,3290.0,3345.0,26413.0
2016-07-01 00:00:00+09:00,3370.0,3410.0,3325.0,3400.0,36331.0
2016-07-04 00:00:00+09:00,3420.0,3420.0,3360.0,3395.0,15227.0
2016-07-05 00:00:00+09:00,3360.0,3405.0,3350.0,3360.0,38464.0
2016-07-06 00:00:00+09:00,3305.0,3390.0,3305.0,3325.0,30291.0
2016-07-07 00:00:00+09:00,3355.0,3390.0,3330.0,3360.0,8689.0
2016-07-08 00:00:00+09:00,3385.0,3390.0,3340.0,3365.0,11558.0
2016-07-11 00:00:00+09:00,3395.0,3420.0,3365.0,3395.0,38101.0
2016-07-12 00:00:00+09:00,3415.0,3430.0,3340.0,3380.0,48172.0
2016-07-13 00:00:00+09:00,3415.0,3485.0,3355.0,3450.0,78045.0
2016-07-14 00:00:00+09:00,3440.0,3470.0,3415.0,3465.0,40167.0
2016-07-15 00:00:00+09:00,3460.0,3515.0,3410.0,3465.0,58184.0
2016-07-18 00:00:00+09:00,3435.0,3450.0,3405.0,3445.0,31362.0
2016-07-19 00:00:00+09:00,3445.0,3585.0,3395.0,3570.0,164986.0
2016-07-20 00:00:00+09:00,3575.0,3590.0,3525.0,3525.0,40462.0
2016-07-21 00:00:00+09:00,3545.0,3565.0,3475.0,3550.0,60442.0
2016-07-22 00:00:00+09:00,3550.0,3580.0,3495.0,3525.0,56341.0
2016-07-25 00:00:00+09:00,3530.0,3620.0,3505.0,3550.0,54961.0
2016-07-26 00:00:00+09:00,3520.0,3595.0,3500.0,3525.0,39576.0
2016-07-27 00:00:00+09:00,3590.0,3590.0,3515.0,3540.0,56892.0
2016-07-28 00:00:00+09:00,3555.0,3575.0,3510.0,3545.0,20709.0
2016-07-29 00:00:00+09:00,3560.0,3755.0,3520.0,3750.0,315887.0
2016-08-01 00:00:00+09:00,3795.0,3910.0,3700.0,3895.0,292690.0
2016-08-02 00:00:00+09:00,3895.0,3905.0,3795.0,3845.0,138512.0
2016-08-03 00:00:00+09:00,3840.0,4140.0,3775.0,4120.0,858258.0
2016-08-04 00:00:00+09:00,4120.0,4160.0,3995.0,4040.0,258439.0
2016-08-05 00:00:00+09:00,4050.0,4195.0,4030.0,4125.0,430056.0
2016-08-08 00:00:00+09:00,4170.0,4170.0,3940.0,3990.0,185527.0
2016-08-09 00:00:00+09:00,3990.0,4030.0,3890.0,3955.0,151185.0
2016-08-10 00:00:00+09:00,4005.0,4005.0,3925.0,3955.0,41017.0
2016-08-11 00:00:00+09:00,3900.0,3990.0,3760.0,3800.0,155458.0
2016-08-12 00:00:00+09:00,3810.0,3870.0,3770.0,3835.0,74680.0
2016-08-16 00:00:00+09:00,3845.0,3860.0,3800.0,3820.0,38919.0
2016-08-17 00:00:00+09:00,3740.0,3840.0,3700.0,3785.0,122716.0
2016-08-18 00:00:00+09:00,3725.0,3850.0,3710.0,3815.0,65113.0
2016-08-19 00:00:00+09:00,3840.0,3840.0,3710.0,3785.0,91089.0
2016-08-22 00:00:00+09:00,3805.0,3815.0,3680.0,3770.0,39123.0
2016-08-23 00:00:00+09:00,3770.0,3795.0,3635.0,3720.0,104304.0
2016-08-24 00:00:00+09:00,3730.0,3745.0,3645.0,3685.0,28224.0
2016-08-25 00:00:00+09:00,3685.0,3705.0,3605.0,3700.0,65992.0
2016-08-26 00:00:00+09:00,3715.0,3730.0,3615.0,3665.0,36139.0
2016-08-29 00:00:00+09:00,3665.0,3690.0,3535.0,3610.0,31963.0
2016-08-30 00:00:00+09:00,3610.0,3650.0,3520.0,3610.0,66907.0
2016-08-31 00:00:00+09:00,3610.0,3640.0,3455.0,3455.0,88354.0
2016-09-01 00:00:00+09:00,3455.0,3535.0,3430.0,3490.0,27948.0
2016-09-02 00:00:00+09:00,3535.0,3550.0,3435.0,3460.0,71682.0
2016-09-05 00:00:00+09:00,3465.0,3530.0,3375.0,3475.0,53214.0
2016-09-06 00:00:00+09:00,3475.0,3475.0,3415.0,3440.0,47331.0
2016-09-07 00:00:00+09:00,3450.0,3500.0,3405.0,3445.0,69283.0
2016-09-08 00:00:00+09:00,3450.0,3480.0,3355.0,3420.0,61405.0
2016-09-09 00:00:00+09:00,3420.0,3445.0,3330.0,3390.0,76774.0
2016-09-12 00:00:00+09:00,3310.0,3370.0,3290.0,3300.0,62415.0
2016-09-13 00:00:00+09:00,3310.0,3370.0,3310.0,3360.0,28472.0
2016-09-19 00:00:00+09:00,3360.0,3440.0,3340.0,3415.0,22250.0
2016-09-20 00:00:00+09:00,3375.0,3435.0,3375.0,3420.0,18656.0
2016-09-21 00:00:00+09:00,3400.0,3450.0,3390.0,3445.0,64031.0
2016-09-22 00:00:00+09:00,3450.0,3465.0,3395.0,3450.0,54129.0
2016-09-23 00:00:00+09:00,3475.0,3480.0,3420.0,3450.0,32537.0
2016-09-26 00:00:00+09:00,3450.0,3480.0,3405.0,3420.0,32716.0
2016-09-27 00:00:00+09:00,3420.0,3450.0,3375.0,3400.0,19374.0
2016-09-28 00:00:00+09:00,3410.0,3450.0,3375.0,3425.0,15029.0
2016-09-29 00:00:00+09:00,3460.0,3650.0,3460.0,3590.0,234800.0
2016-09-30 00:00:00+09:00,3620.0,3620.0,3505.0,3550.0,70017.0
2016-10-04 00:00:00+09:00,3505.0,3610.0,3505.0,3530.0,82364.0
2016-10-05 00:00:00+09:00,3545.0,3565.0,3510.0,3535.0,38101.0
2016-10-06 00:00:00+09:00,3560.0,3590.0,3480.0,3535.0,72004.0
2016-10-07 00:00:00+09:00,3540.0,3580.0,3500.0,3525.0,54175.0
2016-10-10 00:00:00+09:00,3520.0,3565.0,3500.0,3510.0,23070.0
2016-10-11 00:00:00+09:00,3510.0,3800.0,3460.0,3555.0,250662.0
2016-10-12 00:00:00+09:00,3555.0,3610.0,3500.0,3530.0,47724.0
2016-10-13 00:00:00+09:00,3500.0,3530.0,3305.0,3305.0,190001.0
2016-10-14 00:00:00+09:00,3330.0,3350.0,3275.0,3320.0,63308.0
2016-10-17 00:00:00+09:00,3320.0,3335.0,3260.0,3300.0,67372.0
2016-10-18 00:00:00+09:00,3300.0,3300.0,3265.0,3285.0,25306.0
2016-10-19 00:00:00+09:00,3265.0,3320.0,3265.0,3270.0,23145.0
2016-10-20 00:00:00+09:00,3270.0,3300.0,3180.0,3225.0,57096.0
2016-10-21 00:00:00+09:00,3225.0,3285.0,3215.0,3260.0,18683.0
2016-10-24 00:00:00+09:00,3260.0,3280.0,3210.0,3230.0,35394.0
2016-10-25 00:00:00+09:00,3185.0,3265.0,3155.0,3220.0,33984.0
2016-10-26 00:00:00+09:00,3215.0,3250.0,3155.0,3200.0,42978.0
2016-10-27 00:00:00+09:00,3200.0,3295.0,3200.0,3260.0,9815.0
2016-10-28 00:00:00+09:00,3280.0,3290.0,3200.0,3260.0,24734.0
2016-10-31 00:00:00+09:00,3235.0,3235.0,3130.0,3150.0,42902.0
2016-11-01 00:00:00+09:00,3100.0,3175.0,3100.0,3170.0,18377.0
2016-11-02 00:00:00+09:00,3165.0,3165.0,3020.0,3050.0,61289.0
2016-11-03 00:00:00+09:00,2975.0,3150.0,2975.0,3115.0,25560.0
2016-11-04 00:00:00+09:00,3140.0,3150.0,3065.0,3150.0,7624.0
2016-11-07 00:00:00+09:00,3185.0,3200.0,3125.0,3155.0,19526.0
2016-11-08 00:00:00+09:00,3190.0,3190.0,3135.0,3175.0,11145.0
2016-11-09 00:00:00+09:00,3205.0,3230.0,2865.0,3000.0,111171.0
2016-11-10 00:00:00+09:00,3030.0,3170.0,3030.0,3130.0,26746.0
2016-11-11 00:00:00+09:00,3130.0,3165.0,3070.0,3145.0,5830.0
2016-11-14 00:00:00+09:00,3145.0,3175.0,3110.0,3160.0,6649.0
2016-11-15 00:00:00+09:00,3140.0,3190.0,3085.0,3125.0,17856.0
2016-11-16 00:00:00+09:00,3155.0,3180.0,3110.0,3160.0,19060.0
2016-11-17 00:00:00+09:00,3175.0,3175.0,3110.0,3140.0,7714.0
2016-11-18 00:00:00+09:00,3120.0,3140.0,3075.0,3075.0,16238.0
2016-11-21 00:00:00+09:00,3065.0,3065.0,2975.0,2975.0,50497.0
2016-11-22 00:00:00+09:00,2975.0,3000.0,2955.0,2980.0,33094.0
2016-11-23 00:00:00+09:00,2980.0,2980.0,2930.0,2935.0,24171.0
2016-11-24 00:00:00+09:00,2930.0,3000.0,2910.0,2950.0,22179.0
2016-11-25 00:00:00+09:00,2950.0,3000.0,2915.0,2950.0,3800.0
2016-11-28 00:00:00+09:00,2950.0,2950.0,2900.0,2915.0,30252.0
2016-11-29 00:00:00+09:00,2915.0,2940.0,2880.0,2900.0,18973.0
2016-11-30 00:00:00+09:00,2900.0,2930.0,2870.0,2920.0,27460.0
2016-12-01 00:00:00+09:00,2900.0,2945.0,2855.0,2855.0,46992.0
2016-12-02 00:00:00+09:00,2890.0,2890.0,2850.0,2870.0,27601.0
2016-12-05 00:00:00+09:00,2870.0,2870.0,2825.0,2850.0,16348.0
2016-12-06 00:00:00+09:00,2860.0,2940.0,2845.0,2900.0,14267.0
2016-12-07 00:00:00+09:00,2935.0,2935.0,2870.0,2925.0,9747.0
2016-12-08 00:00:00+09:00,2950.0,2950.0,2900.0,2930.0,5073.0
2016-12-09 00:00:00+09:00,2955.0,3000.0,2910.0,2995.0,6178.0
2016-12-12 00:00:00+09:00,3025.0,3045.0,3000.0,3035.0,11082.0
2016-12-13 00:00:00+09:00,3040.0,3040.0,2990.0,3025.0,5088.0
2016-12-14 00:00:00+09:00,3025.0,3025.0,2955.0,2990.0,15230.0
2016-12-15 00:00:00+09:00,2945.0,3040.0,2945.0,3040.0,25160.0
2016-12-16 00:00:00+09:00,3055.0,3055.0,3005.0,3040.0,9312.0
2016-12-19 00:00:00+09:00,3015.0,3070.0,3015.0,3065.0,26301.0
2016-12-20 00:00:00+09:00,3090.0,3115.0,3070.0,3085.0,32959.0
2016-12-21 00:00:00+09:00,3100.0,3110.0,3065.0,3100.0,38432.0
2016-12-22 00:00:00+09:00,3100.0,3135.0,3070.0,3100.0,3910.0
2016-12-23 00:00:00+09:00,3105.0,3115.0,3065.0,3105.0,22792.0
2016-12-26 00:00:00+09:00,3105.0,3115.0,3060.0,3080.0,8483.0
2016-12-27 00:00:00+09:00,3055.0,3100.0,3055.0,3090.0,6727.0
2016-12-28 00:00:00+09:00,3105.0,3105.0,3055.0,3095.0,4736.0
2016-12-29 00:00:00+09:00,3065.0,3130.0,3045.0,3130.0,18327.0
2017-01-02 00:00:00+09:00,3130.0,3150.0,3095.0,3115.0,6326.0
2017-01-03 00:00:00+09:00,3200.0,3200.0,3075.0,3135.0,22186.0
2017-01-04 00:00:00+09:00,3165.0,3165.0,3090.0,3100.0,34692.0
2017-01-05 00:00:00+09:00,3100.0,3125.0,3075.0,3115.0,61203.0
2017-01-06 00:00:00+09:00,3115.0,3145.0,3100.0,3140.0,9054.0
2017-01-09 00:00:00+09:00,3175.0,3185.0,3110.0,3125.0,8250.0
2017-01-10 00:00:00+09:00,3170.0,3170.0,3050.0,3080.0,38388.0
2017-01-11 00:00:00+09:00,3080.0,3100.0,3060.0,3080.0,8694.0
2017-01-12 00:00:00+09:00,3140.0,3140.0,3040.0,3070.0,39731.0
2017-01-13 00:00:00+09:00,3070.0,3115.0,3050.0,3060.0,13889.0
2017-01-16 00:00:00+09:00,3060.0,3065.0,2995.0,3000.0,62768.0
2017-01-17 00:00:00+09:00,3000.0,3030.0,2990.0,3015.0,38663.0
2017-01-18 00:00:00+09:00,3015.0,3050.0,2985.0,2995.0,14867.0
2017-01-19 00:00:00+09:00,2990.0,3050.0,2990.0,2995.0,36485.0
2017-01-20 00:00:00+09:00,2995.0,3025.0,2970.0,2975.0,13159.0
2017-01-23 00:00:00+09:00,2975.0,3005.0,2945.0,2945.0,54386.0
2017-01-24 00:00:00+09:00,2920.0,2990.0,2900.0,2925.0,43908.0
2017-01-25 00:00:00+09:00,2925.0,2955.0,2895.0,2935.0,51502.0
2017-01-26 00:00:00+09:00,2935.0,2980.0,2935.0,2950.0,81842.0
2017-01-31 00:00:00+09:00,3100.0,3100.0,2990.0,3055.0,227418.0
2017-02-01 00:00:00+09:00,3100.0,3190.0,3085.0,3125.0,262084.0
2017-02-02 00:00:00+09:00,3100.0,3170.0,3100.0,3120.0,197890.0
2017-02-03 00:00:00+09:00,3125.0,3155.0,3015.0,3060.0,113660.0
2017-02-06 00:00:00+09:00,3060.0,3105.0,2965.0,2990.0,83291.0
2017-02-07 00:00:00+09:00,3010.0,3065.0,2995.0,3030.0,100477.0
2017-02-08 00:00:00+09:00,3020.0,3070.0,2970.0,3000.0,122174.0
2017-02-09 00:00:00+09:00,3010.0,3060.0,2965.0,2975.0,157405.0
2017-02-10 00:00:00+09:00,2975.0,3010.0,2945.0,2965.0,95322.0
2017-02-13 00:00:00+09:00,2975.0,3020.0,2955.0,3010.0,104116.0
2017-02-14 00:00:00+09:00,3040.0,3045.0,2985.0,3000.0,84394.0
2017-02-15 00:00:00+09:00,3020.0,3045.0,2990.0,3040.0,69738.0
2017-02-16 00:00:00+09:00,3050.0,3050.0,3000.0,3035.0,42590.0
2017-02-17 00:00:00+09:00,3035.0,3075.0,3025.0,3055.0,52258.0
2017-02-20 00:00:00+09:00,3060.0,3080.0,3010.0,3060.0,49165.0
2017-02-21 00:00:00+09:00,3060.0,3115.0,3040.0,3110.0,70734.0
2017-02-22 00:00:00+09:00,3110.0,3240.0,3095.0,3210.0,356268.0
2017-02-23 00:00:00+09:00,3220.0,3250.0,3170.0,3180.0,166719.0
2017-02-24 00:00:00+09:00,3190.0,3220.0,3105.0,3150.0,88449.0
2017-02-27 00:00:00+09:00,3170.0,3170.0,3100.0,3110.0,50797.0
2017-02-28 00:00:00+09:00,3100.0,3120.0,3045.0,3075.0,75066.0
2017-03-02 00:00:00+09:00,3055.0,3095.0,3035.0,3070.0,43215.0
2017-03-03 00:00:00+09:00,3070.0,3070.0,2975.0,3020.0,70841.0
2017-03-06 00:00:00+09:00,2975.0,3035.0,2960.0,3010.0,43729.0
2017-03-07 00:00:00+09:00,2990.0,3070.0,2990.0,3070.0,31676.0
2017-03-08 00:00:00+09:00,3065.0,3070.0,3000.0,3040.0,32399.0
2017-03-09 00:00:00+09:00,3070.0,3100.0,3040.0,3070.0,37981.0
2017-03-10 00:00:00+09:00,3070.0,3080.0,2995.0,3080.0,34265.0
2017-03-13 00:00:00+09:00,3085.0,3150.0,3080.0,3130.0,62782.0
2017-03-14 00:00:00+09:00,3130.0,3155.0,3080.0,3105.0,45538.0
2017-03-15 00:00:00+09:00,3105.0,3135.0,3070.0,3120.0,41201.0
2017-03-16 00:00:00+09:00,3150.0,3150.0,3115.0,3140.0,39154.0
2017-03-17 00:00:00+09:00,3140.0,3180.0,3130.0,3160.0,47099.0
2017-03-20 00:00:00+09:00,3195.0,3275.0,3175.0,3210.0,200834.0
2017-03-21 00:00:00+09:00,3215.0,3290.0,3130.0,3290.0,144409.0
2017-03-22 00:00:00+09:00,3300.0,3485.0,3225.0,3305.0,606343.0
2017-03-23 00:00:00+09:00,3330.0,3455.0,3260.0,3345.0,423038.0
2017-03-24 00:00:00+09:00,3365.0,3395.0,3250.0,3290.0,108080.0
2017-03-27 00:00:00+09:00,3290.0,3315.0,3200.0,3285.0,82028.0
2017-03-28 00:00:00+09:00,3290.0,3345.0,3255.0,3345.0,53831.0
2017-03-29 00:00:00+09:00,3310.0,3435.0,3280.0,3330.0,65195.0
2017-03-30 00:00:00+09:00,3350.0,3375.0,3255.0,3255.0,57422.0
2017-03-31 00:00:00+09:00,3255.0,3295.0,3230.0,3275.0,52000.0
2017-04-03 00:00:00+09:00,3275.0,3295.0,3205.0,3235.0,79549.0
2017-04-04 00:00:00+09:00,3215.0,3245.0,3175.0,3235.0,82649.0
2017-04-05 00:00:00+09:00,3235.0,3295.0,3190.0,3265.0,49585.0
2017-04-06 00:00:00+09:00,3270.0,3280.0,3190.0,3260.0,42198.0
2017-04-07 00:00:00+09:00,3260.0,3270.0,3210.0,3250.0,24688.0
2017-04-10 00:00:00+09:00,3210.0,3250.0,3150.0,3155.0,65113.0
2017-04-11 00:00:00+09:00,3120.0,3200.0,3120.0,3170.0,33510.0
2017-04-12 00:00:00+09:00,3170.0,3200.0,3155.0,3200.0,25882.0
2017-04-13 00:00:00+09:00,3205.0,3350.0,3205.0,3265.0,93694.0
2017-04-14 00:00:00+09:00,3295.0,3325.0,3220.0,3240.0,41845.0
2017-04-17 00:00:00+09:00,3230.0,3300.0,3230.0,3270.0,26285.0
2017-04-18 00:00:00+09:00,3245.0,3300.0,3245.0,3280.0,29186.0
2017-04-19 00:00:00+09:00,3280.0,3290.0,3230.0,3270.0,37205.0
2017-04-20 00:00:00+09:00,3225.0,3270.0,3205.0,3230.0,56757.0
2017-04-21 00:00:00+09:00,3230.0,3295.0,3200.0,3295.0,57154.0
2017-04-24 00:00:00+09:00,3295.0,3325.0,3200.0,3210.0,43703.0
2017-04-25 00:00:00+09:00,3210.0,3250.0,3125.0,3235.0,105013.0
2017-04-26 00:00:00+09:00,3215.0,3250.0,3185.0,3185.0,60003.0
2017-04-27 00:00:00+09:00,3185.0,3245.0,3185.0,3215.0,35855.0
2017-04-28 00:00:00+09:00,3215.0,3245.0,3185.0,3205.0,38334.0
2017-05-02 00:00:00+09:00,3205.0,3205.0,3140.0,3170.0,48838.0
2017-05-04 00:00:00+09:00,3170.0,3200.0,3160.0,3190.0,30370.0
2017-05-08 00:00:00+09:00,3190.0,3265.0,3190.0,3250.0,38057.0
2017-05-10 00:00:00+09:00,3275.0,3275.0,3210.0,3240.0,22670.0
2017-05-11 00:00:00+09:00,3265.0,3265.0,3225.0,3260.0,40104.0
2017-05-12 00:00:00+09:00,3275.0,3275.0,3200.0,3240.0,46508.0
2017-05-15 00:00:00+09:00,3240.0,3530.0,3205.0,3410.0,389029.0
2017-05-16 00:00:00+09:00,3435.0,3640.0,3400.0,3500.0,452684.0
2017-05-17 00:00:00+09:00,3535.0,3535.0,3455.0,3500.0,58911.0
2017-05-18 00:00:00+09:00,3470.0,3520.0,3425.0,3490.0,75174.0
2017-05-19 00:00:00+09:00,3490.0,3590.0,3450.0,3530.0,175265.0
2017-05-22 00:00:00+09:00,3530.0,3580.0,3480.0,3500.0,127681.0
2017-05-23 00:00:00+09:00,3500.0,3545.0,3440.0,3500.0,53383.0
2017-05-24 00:00:00+09:00,3455.0,3540.0,3455.0,3500.0,51990.0
2017-05-25 00:00:00+09:00,3540.0,3540.0,3480.0,3520.0,79217.0
2017-05-26 00:00:00+09:00,3525.0,3530.0,3440.0,3475.0,69948.0
2017-05-29 00:00:00+09:00,3520.0,3580.0,3480.0,3525.0,268808.0
2017-05-30 00:00:00+09:00,3490.0,3535.0,3455.0,3490.0,81982.0
2017-05-31 00:00:00+09:00,3480.0,3495.0,3450.0,3490.0,86524.0
2017-06-01 00:00:00+09:00,3490.0,3495.0,3445.0,3470.0,51337.0
2017-06-02 00:00:00+09:00,3565.0,3650.0,3500.0,3600.0,229035.0
2017-06-05 00:00:00+09:00,3620.0,3685.0,3575.0,3580.0,221128.0
2017-06-07 00:00:00+09:00,3560.0,3610.0,3550.0,3600.0,80040.0
2017-06-08 00:00:00+09:00,3610.0,3640.0,3545.0,3615.0,80346.0
2017-06-09 00:00:00+09:00,3615.0,3710.0,3615.0,3670.0,134080.0
2017-06-12 00:00:00+09:00,3645.0,3670.0,3565.0,3600.0,91174.0
2017-06-13 00:00:00+09:00,3600.0,3650.0,3575.0,3645.0,67565.0
2017-06-14 00:00:00+09:00,3645.0,3795.0,3645.0,3780.0,471507.0
2017-06-15 00:00:00+09:00,3770.0,3790.0,3700.0,3710.0,130030.0
2017-06-16 00:00:00+09:00,3665.0,3700.0,3470.0,3530.0,492179.0
2017-06-19 00:00:00+09:00,3495.0,3540.0,3475.0,3530.0,99300.0
2017-06-20 00:00:00+09:00,3545.0,3560.0,3440.0,3500.0,121873.0
2017-06-21 00:00:00+09:00,3480.0,3490.0,3425.0,3470.0,55104.0
2017-06-22 00:00:00+09:00,3470.0,3505.0,3435.0,3465.0,73232.0
2017-06-23 00:00:00+09:00,3465.0,3495.0,3435.0,3475.0,35910.0
2017-06-26 00:00:00+09:00,3475.0,3540.0,3445.0,3525.0,50828.0
2017-06-27 00:00:00+09:00,3505.0,3550.0,3485.0,3510.0,28827.0
2017-06-28 00:00:00+09:00,3525.0,3630.0,3465.0,3630.0,85887.0
2017-06-29 00:00:00+09:00,3660.0,3660.0,3555.0,3610.0,49175.0
2017-06-30 00:00:00+09:00,3595.0,3645.0,3550.0,3615.0,26134.0
2017-07-03 00:00:00+09:00,3635.0,3650.0,3530.0,3555.0,56200.0
2017-07-04 00:00:00+09:00,3520.0,3595.0,3480.0,3530.0,38847.0
2017-07-05 00:00:00+09:00,3525.0,3570.0,3460.0,3515.0,53970.0
2017-07-06 00:00:00+09:00,3520.0,3600.0,3495.0,3525.0,114627.0
2017-07-07 00:00:00+09:00,3525.0,3525.0,3480.0,3515.0,35041.0
2017-07-10 00:00:00+09:00,3515.0,3540.0,3470.0,3470.0,50871.0
2017-07-11 00:00:00+09:00,3470.0,3505.0,3365.0,3370.0,84646.0
2017-07-12 00:00:00+09:00,3370.0,3450.0,3365.0,3420.0,76884.0
2017-07-13 00:00:00+09:00,3420.0,3440.0,3350.0,3420.0,49433.0
2017-07-14 00:00:00+09:00,3365.0,3415.0,3305.0,3320.0,72744.0
2017-07-17 00:00:00+09:00,3355.0,3355.0,3295.0,3340.0,46427.0
2017-07-18 00:00:00+09:00,3295.0,3365.0,3255.0,3315.0,134351.0
2017-07-19 00:00:00+09:00,3310.0,3410.0,3280.0,3405.0,73597.0
2017-07-20 00:00:00+09:00,3405.0,3455.0,3395.0,3445.0,83082.0
2017-07-21 00:00:00+09:00,3495.0,3655.0,3495.0,3525.0,476980.0
2017-07-24 00:00:00+09:00,3550.0,3610.0,3500.0,3525.0,166175.0
2017-07-25 00:00:00+09:00,3600.0,3600.0,3460.0,3520.0,115828.0
2017-07-26 00:00:00+09:00,3560.0,3560.0,3450.0,3530.0,51974.0
2017-07-27 00:00:00+09:00,3540.0,3935.0,3505.0,3835.0,2250380.0
2017-07-28 00:00:00+09:00,3815.0,3900.0,3700.0,3745.0,549384.0
2017-07-31 00:00:00+09:00,3715.0,3845.0,3660.0,3830.0,261999.0
2017-08-01 00:00:00+09:00,3875.0,3930.0,3825.0,3830.0,382425.0
2017-08-02 00:00:00+09:00,3845.0,3910.0,3750.0,3860.0,186574.0
2017-08-03 00:00:00+09:00,3870.0,3870.0,3600.0,3600.0,224397.0
2017-08-04 00:00:00+09:00,3640.0,3730.0,3550.0,3710.0,161072.0
2017-08-07 00:00:00+09:00,3775.0,4060.0,3770.0,3890.0,901794.0
2017-08-08 00:00:00+09:00,3890.0,3965.0,3855.0,3920.0,423133.0
2017-08-09 00:00:00+09:00,3905.0,3905.0,3750.0,3790.0,251631.0
2017-08-10 00:00:00+09:00,3715.0,3785.0,3570.0,3785.0,442969.0
2017-08-11 00:00:00+09:00,3670.0,3945.0,3665.0,3860.0,820231.0
2017-08-14 00:00:00+09:00,3900.0,4130.0,3895.0,3950.0,860403.0
2017-08-16 00:00:00+09:00,3955.0,4025.0,3875.0,3995.0,366386.0
2017-08-17 00:00:00+09:00,4000.0,4055.0,3935.0,4030.0,181373.0
2017-08-18 00:00:00+09:00,3940.0,3990.0,3920.0,3945.0,115457.0
2017-08-21 00:00:00+09:00,3950.0,3985.0,3840.0,3850.0,112835.0
2017-08-22 00:00:00+09:00,3860.0,3915.0,3810.0,3840.0,120247.0
2017-08-23 00:00:00+09:00,3900.0,3955.0,3825.0,3945.0,175350.0
2017-08-24 00:00:00+09:00,3950.0,4255.0,3865.0,4255.0,1165502.0
2017-08-25 00:00:00+09:00,4425.0,4465.0,4275.0,4415.0,1377957.0
2017-08-28 00:00:00+09:00,4415.0,4420.0,4275.0,4275.0,490097.0
2017-08-29 00:00:00+09:00,4200.0,4375.0,4135.0,4375.0,649192.0
2017-08-30 00:00:00+09:00,4390.0,4475.0,4300.0,4465.0,608007.0
2017-08-31 00:00:00+09:00,4395.0,4435.0,4295.0,4350.0,566737.0
2017-09-01 00:00:00+09:00,4350.0,4625.0,4280.0,4625.0,795634.0
2017-09-04 00:00:00+09:00,4475.0,4695.0,4450.0,4510.0,801596.0
2017-09-05 00:00:00+09:00,4530.0,4595.0,4300.0,4375.0,516513.0
2017-09-06 00:00:00+09:00,4375.0,4465.0,4305.0,4400.0,301842.0
2017-09-07 00:00:00+09:00,4440.0,4535.0,4410.0,4475.0,434039.0
2017-09-08 00:00:00+09:00,4525.0,4575.0,4245.0,4300.0,414866.0
2017-09-11 00:00:00+09:00,4350.0,4380.0,4120.0,4300.0,934375.0
2017-09-12 00:00:00+09:00,4340.0,4490.0,4285.0,4385.0,657772.0
2017-09-13 00:00:00+09:00,4385.0,4440.0,4290.0,4340.0,341912.0
2017-09-14 00:00:00+09:00,4300.0,4370.0,4125.0,4250.0,523721.0
2017-09-15 00:00:00+09:00,4245.0,4365.0,4190.0,4255.0,384796.0
2017-09-18 00:00:00+09:00,4300.0,5530.0,4260.0,5250.0,16011301.0
2017-09-19 00:00:00+09:00,5020.0,5090.0,4795.0,4970.0,6225792.0
2017-09-20 00:00:00+09:00,4930.0,4940.0,4600.0,4630.0,2791180.0
2017-09-21 00:00:00+09:00,4690.0,4750.0,4500.0,4700.0,1887049.0
2017-09-22 00:00:00+09:00,4630.0,4650.0,4360.0,4400.0,1753958.0
2017-09-25 00:00:00+09:00,4380.0,4440.0,4120.0,4180.0,1369834.0
2017-09-26 00:00:00+09:00,4160.0,4260.0,4050.0,4210.0,783903.0
2017-09-27 00:00:00+09:00,4210.0,4315.0,4095.0,4150.0,1432937.0
2017-09-28 00:00:00+09:00,4160.0,4210.0,4040.0,4055.0,500341.0
2017-09-29 00:00:00+09:00,4045.0,4115.0,4020.0,4055.0,376409.0
2017-10-10 00:00:00+09:00,4060.0,4095.0,3865.0,3890.0,787869.0
2017-10-11 00:00:00+09:00,3920.0,4200.0,3920.0,4200.0,1088001.0
2017-10-12 00:00:00+09:00,4160.0,4265.0,4105.0,4150.0,638227.0
2017-10-13 00:00:00+09:00,4125.0,4225.0,3875.0,3950.0,727978.0
2017-10-16 00:00:00+09:00,4035.0,4055.0,3830.0,3945.0,576135.0
2017-10-17 00:00:00+09:00,3945.0,4110.0,3945.0,4030.0,383626.0
2017-10-18 00:00:00+09:00,4050.0,4065.0,3915.0,3915.0,285491.0
2017-10-19 00:00:00+09:00,3905.0,4280.0,3870.0,4140.0,1060917.0
2017-10-20 00:00:00+09:00,4140.0,4205.0,4045.0,4120.0,360931.0
2017-10-23 00:00:00+09:00,4100.0,4235.0,4100.0,4155.0,352586.0
2017-10-24 00:00:00+09:00,4130.0,4195.0,4095.0,4135.0,250541.0
2017-10-25 00:00:00+09:00,4160.0,4345.0,4130.0,4340.0,702023.0
2017-10-26 00:00:00+09:00,4340.0,4375.0,4200.0,4250.0,383582.0
2017-10-27 00:00:00+09:00,4250.0,4335.0,4230.0,4290.0,264289.0
2017-10-30 00:00:00+09:00,4325.0,4345.0,4195.0,4250.0,290443.0
2017-10-31 00:00:00+09:00,4225.0,4250.0,4185.0,4250.0,191742.0
2017-11-01 00:00:00+09:00,4250.0,4380.0,4230.0,4300.0,397257.0
2017-11-02 00:00:00+09:00,4270.0,4455.0,4265.0,4435.0,698703.0
2017-11-03 00:00:00+09:00,4440.0,4450.0,4360.0,4400.0,311297.0
2017-11-06 00:00:00+09:00,4400.0,4430.0,4225.0,4300.0,267560.0
2017-11-07 00:00:00+09:00,4300.0,4505.0,4250.0,4505.0,505333.0
2017-11-08 00:00:00+09:00,4500.0,4630.0,4430.0,4480.0,957947.0
2017-11-09 00:00:00+09:00,4480.0,4495.0,4350.0,4445.0,257427.0
2017-11-10 00:00:00+09:00,4480.0,4550.0,4415.0,4525.0,405021.0
2017-11-13 00:00:00+09:00,4560.0,4560.0,4400.0,4500.0,518657.0
2017-11-14 00:00:00+09:00,4510.0,4725.0,4465.0,4565.0,1595834.0
2017-11-15 00:00:00+09:00,4575.0,4620.0,4350.0,4370.0,725316.0
2017-11-16 00:00:00+09:00,4555.0,4650.0,4485.0,4585.0,1068843.0
2017-11-17 00:00:00+09:00,4605.0,4750.0,4550.0,4750.0,751552.0
2017-11-20 00:00:00+09:00,4780.0,4785.0,4700.0,4720.0,486524.0
2017-11-21 00:00:00+09:00,4720.0,4925.0,4625.0,4920.0,1052652.0
2017-11-22 00:00:00+09:00,4975.0,5240.0,4885.0,5140.0,2322599.0
2017-11-23 00:00:00+09:00,5090.0,5220.0,4985.0,5120.0,819302.0
2017-11-24 00:00:00+09:00,5180.0,5640.0,5080.0,5620.0,1760940.0
2017-11-27 00:00:00+09:00,5580.0,5840.0,5490.0,5670.0,972618.0
2017-11-28 00:00:00+09:00,5670.0,5770.0,5460.0,5660.0,632762.0
2017-11-29 00:00:00+09:00,5570.0,5670.0,5440.0,5590.0,606925.0
2017-11-30 00:00:00+09:00,5520.0,5550.0,5180.0,5250.0,894948.0
2017-12-01 00:00:00+09:00,5250.0,5500.0,5200.0,5480.0,669515.0
2017-12-04 00:00:00+09:00,5490.0,5550.0,5180.0,5270.0,569867.0
2017-12-05 00:00:00+09:00,5260.0,5330.0,5060.0,5230.0,337066.0
2017-12-06 00:00:00+09:00,5230.0,5390.0,5050.0,5130.0,623958.0
2017-12-07 00:00:00+09:00,5090.0,5230.0,4970.0,5190.0,461693.0
2017-12-08 00:00:00+09:00,5210.0,5210.0,4955.0,5010.0,373160.0
2017-12-11 00:00:00+09:00,5010.0,5290.0,4935.0,5270.0,551860.0
2017-12-12 00:00:00+09:00,5270.0,5520.0,5180.0,5470.0,567382.0
2017-12-13 00:00:00+09:00,5410.0,5480.0,5350.0,5420.0,410821.0
2017-12-14 00:00:00+09:00,5420.0,5670.0,5350.0,5360.0,840948.0
2017-12-15 00:00:00+09:00,5390.0,5570.0,5320.0,5500.0,539368.0
2017-12-18 00:00:00+09:00,5530.0,5540.0,5400.0,5430.0,187622.0
2017-12-19 00:00:00+09:00,5420.0,5490.0,5150.0,5360.0,358956.0
2017-12-20 00:00:00+09:00,5290.0,5600.0,5250.0,5350.0,384223.0
2017-12-21 00:00:00+09:00,5350.0,5470.0,5200.0,5300.0,266497.0
2017-12-22 00:00:00+09:00,5300.0,5440.0,5200.0,5260.0,299205.0
2017-12-26 00:00:00+09:00,5300.0,5520.0,5210.0,5410.0,382819.0
2017-12-27 00:00:00+09:00,5470.0,5740.0,5390.0,5700.0,584059.0
2017-12-28 00:00:00+09:00,5770.0,5770.0,5630.0,5660.0,355395.0
2018-01-02 00:00:00+09:00,5650.0,5700.0,5560.0,5670.0,242661.0
2018-01-03 00:00:00+09:00,5690.0,5710.0,5450.0,5500.0,339007.0
2018-01-04 00:00:00+09:00,5510.0,5930.0,5500.0,5870.0,815138.0
2018-01-05 00:00:00+09:00,5900.0,5950.0,5750.0,5880.0,509173.0
2018-01-08 00:00:00+09:00,5890.0,5910.0,5590.0,5650.0,437094.0
2018-01-09 00:00:00+09:00,5670.0,5710.0,5330.0,5400.0,707498.0
2018-01-10 00:00:00+09:00,5400.0,5500.0,5320.0,5410.0,238849.0
2018-01-11 00:00:00+09:00,5450.0,5550.0,5300.0,5500.0,347723.0
2018-01-12 00:00:00+09:00,5510.0,5530.0,5250.0,5280.0,308134.0
2018-01-15 00:00:00+09:00,5370.0,5520.0,5280.0,5380.0,296619.0
2018-01-16 00:00:00+09:00,5390.0,5600.0,5340.0,5600.0,208067.0
2018-01-17 00:00:00+09:00,5620.0,5730.0,5520.0,5530.0,218098.0
2018-01-18 00:00:00+09:00,5550.0,5770.0,5520.0,5650.0,248029.0
2018-01-19 00:00:00+09:00,5640.0,5660.0,5530.0,5660.0,221971.0
2018-01-22 00:00:00+09:00,5660.0,5660.0,5470.0,5540.0,206024.0
2018-01-23 00:00:00+09:00,5800.0,5800.0,5350.0,5400.0,591544.0
2018-01-24 00:00:00+09:00,5400.0,5400.0,4925.0,4975.0,2141607.0
2018-01-25 00:00:00+09:00,5030.0,5060.0,4840.0,5040.0,613638.0
2018-01-26 00:00:00+09:00,5010.0,5060.0,4940.0,4985.0,414833.0
2018-01-29 00:00:00+09:00,4985.0,5130.0,4940.0,5070.0,490930.0
2018-01-30 00:00:00+09:00,5070.0,5120.0,5000.0,5050.0,220170.0
2018-01-31 00:00:00+09:00,5010.0,5030.0,4960.0,5010.0,126750.0
2018-02-01 00:00:00+09:00,5050.0,5050.0,4970.0,5030.0,155910.0
2018-02-02 00:00:00+09:00,5060.0,5060.0,4930.0,4970.0,227894.0
2018-02-05 00:00:00+09:00,4880.0,4955.0,4770.0,4790.0,250783.0
2018-02-06 00:00:00+09:00,4540.0,4795.0,4515.0,4730.0,263821.0
2018-02-07 00:00:00+09:00,4830.0,4870.0,4715.0,4755.0,158554.0
2018-02-08 00:00:00+09:00,4755.0,4900.0,4750.0,4850.0,118287.0
2018-02-09 00:00:00+09:00,4655.0,4850.0,4650.0,4770.0,89962.0
2018-02-12 00:00:00+09:00,4770.0,4870.0,4595.0,4630.0,339855.0
2018-02-13 00:00:00+09:00,4750.0,4845.0,4690.0,4845.0,242618.0
2018-02-14 00:00:00+09:00,4870.0,4870.0,4705.0,4845.0,122860.0
2018-02-19 00:00:00+09:00,4930.0,5020.0,4880.0,4990.0,248371.0
2018-02-20 00:00:00+09:00,5000.0,5080.0,4950.0,5080.0,311338.0
2018-02-21 00:00:00+09:00,5100.0,5180.0,5030.0,5090.0,339438.0
2018-02-22 00:00:00+09:00,5070.0,5150.0,4940.0,4950.0,271913.0
2018-02-23 00:00:00+09:00,4950.0,5040.0,4910.0,4935.0,124472.0
2018-02-26 00:00:00+09:00,4970.0,5000.0,4915.0,4930.0,67466.0
2018-02-27 00:00:00+09:00,4930.0,4990.0,4915.0,4935.0,76230.0
2018-02-28 00:00:00+09:00,4915.0,4915.0,4725.0,4790.0,202497.0
2018-03-02 00:00:00+09:00,4655.0,4750.0,4600.0,4670.0,171827.0
2018-03-05 00:00:00+09:00,4625.0,4800.0,4465.0,4465.0,400375.0
2018-03-06 00:00:00+09:00,4465.0,4690.0,4465.0,4635.0,240106.0
2018-03-07 00:00:00+09:00,4635.0,4680.0,4500.0,4545.0,161964.0
2018-03-08 00:00:00+09:00,4595.0,4620.0,4515.0,4540.0,88989.0
2018-03-09 00:00:00+09:00,4545.0,4685.0,4545.0,4650.0,121256.0
2018-03-12 00:00:00+09:00,4660.0,4810.0,4655.0,4790.0,134653.0
2018-03-13 00:00:00+09:00,4795.0,4820.0,4710.0,4750.0,116375.0
2018-03-14 00:00:00+09:00,4710.0,4820.0,4685.0,4710.0,133097.0
2018-03-15 00:00:00+09:00,4745.0,4800.0,4650.0,4730.0,128676.0
2018-03-16 00:00:00+09:00,4750.0,4760.0,4590.0,4675.0,168412.0
2018-03-19 00:00:00+09:00,4675.0,4725.0,4555.0,4640.0,102961.0
2018-03-20 00:00:00+09:00,4635.0,4640.0,4585.0,4640.0,66251.0
2018-03-21 00:00:00+09:00,4640.0,5000.0,4640.0,4945.0,1156493.0
2018-03-22 00:00:00+09:00,5000.0,5500.0,4950.0,5370.0,2543961.0
2018-03-23 00:00:00+09:00,5300.0,5330.0,5020.0,5110.0,662081.0
2018-03-26 00:00:00+09:00,5090.0,5430.0,4995.0,5430.0,971769.0
2018-03-27 00:00:00+09:00,5540.0,5590.0,5330.0,5490.0,593642.0
2018-03-28 00:00:00+09:00,5380.0,5420.0,5200.0,5260.0,380354.0
2018-03-29 00:00:00+09:00,5230.0,5340.0,5190.0,5340.0,235654.0
2018-03-30 00:00:00+09:00,5340.0,5500.0,5300.0,5480.0,303332.0
2018-04-02 00:00:00+09:00,5520.0,5530.0,5290.0,5350.0,257116.0
2018-04-03 00:00:00+09:00,5240.0,5330.0,5180.0,5250.0,186202.0
2018-04-04 00:00:00+09:00,5250.0,5280.0,5070.0,5090.0,262906.0
2018-04-05 00:00:00+09:00,5110.0,5270.0,5090.0,5160.0,127799.0
2018-04-06 00:00:00+09:00,5130.0,5460.0,5110.0,5450.0,593386.0
2018-04-09 00:00:00+09:00,5520.0,5560.0,5330.0,5450.0,583082.0
2018-04-10 00:00:00+09:00,5470.0,5490.0,5070.0,5140.0,700253.0
2018-04-11 00:00:00+09:00,5150.0,5220.0,5080.0,5200.0,215283.0
2018-04-12 00:00:00+09:00,5190.0,5240.0,5030.0,5030.0,333492.0
2018-04-13 00:00:00+09:00,5100.0,5100.0,4950.0,5020.0,270521.0
2018-04-16 00:00:00+09:00,4990.0,5020.0,4850.0,4900.0,347024.0
2018-04-17 00:00:00+09:00,4935.0,5100.0,4895.0,5100.0,204013.0
2018-04-18 00:00:00+09:00,5070.0,5100.0,4995.0,5020.0,155740.0
2018-04-19 00:00:00+09:00,5020.0,5020.0,4840.0,4860.0,314133.0
2018-04-20 00:00:00+09:00,4825.0,5050.0,4805.0,4970.0,276605.0
2018-04-23 00:00:00+09:00,5010.0,5020.0,4750.0,4765.0,400673.0
2018-04-24 00:00:00+09:00,4765.0,4825.0,4700.0,4825.0,205576.0
2018-04-25 00:00:00+09:00,4770.0,4800.0,4615.0,4655.0,221473.0
2018-04-26 00:00:00+09:00,4655.0,4785.0,4630.0,4730.0,117703.0
2018-04-27 00:00:00+09:00,4750.0,4825.0,4665.0,4690.0,129972.0
2018-04-30 00:00:00+09:00,4690.0,4750.0,4570.0,4670.0,151858.0
2018-05-02 00:00:00+09:00,4600.0,4760.0,4600.0,4670.0,260772.0
2018-05-03 00:00:00+09:00,4670.0,4685.0,4605.0,4670.0,99654.0
2018-05-04 00:00:00+09:00,4660.0,4800.0,4545.0,4780.0,253714.0
2018-05-08 00:00:00+09:00,4750.0,4810.0,4660.0,4710.0,133907.0
2018-05-09 00:00:00+09:00,4650.0,4755.0,4545.0,4660.0,177848.0
2018-05-10 00:00:00+09:00,4660.0,4775.0,4620.0,4750.0,94441.0
2018-05-11 00:00:00+09:00,4735.0,4930.0,4735.0,4920.0,206218.0
2018-05-14 00:00:00+09:00,4905.0,4920.0,4775.0,4810.0,140350.0
2018-05-15 00:00:00+09:00,4810.0,4810.0,4580.0,4600.0,447163.0
2018-05-16 00:00:00+09:00,4650.0,4675.0,4435.0,4525.0,351456.0
2018-05-17 00:00:00+09:00,4450.0,4640.0,4435.0,4535.0,232644.0
2018-05-18 00:00:00+09:00,4535.0,4680.0,4500.0,4600.0,256081.0
2018-05-21 00:00:00+09:00,4610.0,5070.0,4610.0,4760.0,2795354.0
2018-05-23 00:00:00+09:00,4750.0,4765.0,4605.0,4695.0,578301.0
2018-05-24 00:00:00+09:00,4650.0,4690.0,4490.0,4560.0,723127.0
2018-05-25 00:00:00+09:00,4530.0,4530.0,4415.0,4465.0,328404.0
2018-05-28 00:00:00+09:00,4465.0,4475.0,4380.0,4415.0,296126.0
2018-05-29 00:00:00+09:00,4415.0,4500.0,4400.0,4410.0,171823.0
2018-05-30 00:00:00+09:00,4400.0,4435.0,4295.0,4340.0,261291.0
2018-05-31 00:00:00+09:00,4340.0,4385.0,4115.0,4165.0,525389.0
2018-06-01 00:00:00+09:00,4165.0,4210.0,4120.0,4200.0,157225.0
2018-06-04 00:00:00+09:00,4205.0,4425.0,4205.0,4345.0,225242.0
2018-06-05 00:00:00+09:00,4355.0,4405.0,4240.0,4295.0,185499.0
2018-06-07 00:00:00+09:00,4330.0,4370.0,4295.0,4310.0,102586.0
2018-06-08 00:00:00+09:00,4305.0,4325.0,4260.0,4275.0,97601.0
2018-06-11 00:00:00+09:00,4260.0,4310.0,4215.0,4225.0,82251.0
2018-06-12 00:00:00+09:00,4225.0,4265.0,4140.0,4240.0,67167.0
2018-06-14 00:00:00+09:00,4225.0,4350.0,4200.0,4210.0,97670.0
2018-06-15 00:00:00+09:00,4210.0,4235.0,4170.0,4235.0,80904.0
2018-06-18 00:00:00+09:00,4230.0,4230.0,3990.0,4000.0,193655.0
2018-06-19 00:00:00+09:00,4010.0,4080.0,3760.0,3770.0,256397.0
2018-06-20 00:00:00+09:00,3725.0,4015.0,3725.0,4010.0,208270.0
2018-06-21 00:00:00+09:00,4010.0,4040.0,3925.0,3950.0,110155.0
2018-06-22 00:00:00+09:00,3940.0,3945.0,3765.0,3895.0,194022.0
2018-06-25 00:00:00+09:00,4185.0,4350.0,3990.0,4085.0,253907.0
2018-06-26 00:00:00+09:00,4020.0,4175.0,3980.0,4170.0,133280.0
2018-06-27 00:00:00+09:00,4190.0,4235.0,4055.0,4160.0,200056.0
2018-06-28 00:00:00+09:00,4150.0,4150.0,3915.0,3985.0,161097.0
2018-06-29 00:00:00+09:00,3985.0,4115.0,3930.0,4115.0,111059.0
2018-07-02 00:00:00+09:00,4115.0,4125.0,3925.0,3950.0,113878.0
2018-07-03 00:00:00+09:00,3960.0,4035.0,3850.0,3940.0,166419.0
2018-07-04 00:00:00+09:00,3940.0,3960.0,3815.0,3920.0,90002.0
2018-07-05 00:00:00+09:00,3910.0,3965.0,3815.0,3925.0,132078.0
2018-07-06 00:00:00+09:00,3940.0,4215.0,3925.0,4190.0,355014.0
2018-07-09 00:00:00+09:00,4145.0,4280.0,4095.0,4205.0,167152.0
2018-07-10 00:00:00+09:00,4205.0,4245.0,4150.0,4215.0,84414.0
2018-07-11 00:00:00+09:00,4215.0,4375.0,4115.0,4355.0,185355.0
2018-07-12 00:00:00+09:00,4390.0,4560.0,4310.0,4440.0,475546.0
2018-07-13 00:00:00+09:00,4490.0,4490.0,4365.0,4445.0,139297.0
2018-07-16 00:00:00+09:00,4440.0,4565.0,4405.0,4500.0,159046.0
2018-07-17 00:00:00+09:00,4460.0,4490.0,4370.0,4450.0,120055.0
2018-07-18 00:00:00+09:00,4445.0,4550.0,4350.0,4430.0,104532.0
2018-07-19 00:00:00+09:00,4435.0,4500.0,4305.0,4500.0,157599.0
2018-07-20 00:00:00+09:00,4500.0,4800.0,4400.0,4500.0,1155637.0
2018-07-23 00:00:00+09:00,4500.0,4510.0,4160.0,4355.0,229910.0
2018-07-24 00:00:00+09:00,4340.0,4450.0,4275.0,4320.0,92777.0
2018-07-25 00:00:00+09:00,4320.0,4500.0,4260.0,4390.0,119572.0
2018-07-26 00:00:00+09:00,4400.0,4670.0,4395.0,4615.0,315285.0
2018-07-27 00:00:00+09:00,4635.0,4735.0,4540.0,4690.0,281487.0
2018-07-30 00:00:00+09:00,4690.0,4875.0,4625.0,4785.0,595734.0
2018-07-31 00:00:00+09:00,4780.0,4795.0,4630.0,4790.0,214795.0
2018-08-01 00:00:00+09:00,4790.0,4880.0,4685.0,4785.0,115627.0
2018-08-02 00:00:00+09:00,4785.0,4860.0,4665.0,4830.0,277499.0
2018-08-03 00:00:00+09:00,4870.0,4880.0,4780.0,4825.0,90518.0
2018-08-06 00:00:00+09:00,4845.0,4880.0,4735.0,4790.0,133474.0
2018-08-07 00:00:00+09:00,4795.0,4895.0,4735.0,4885.0,95215.0
2018-08-08 00:00:00+09:00,4895.0,4945.0,4800.0,4850.0,104234.0
2018-08-09 00:00:00+09:00,4880.0,4880.0,4750.0,4865.0,115170.0
2018-08-10 00:00:00+09:00,4865.0,4935.0,4750.0,4820.0,96124.0
2018-08-13 00:00:00+09:00,4810.0,4810.0,4625.0,4740.0,153376.0
2018-08-14 00:00:00+09:00,4795.0,4795.0,4120.0,4390.0,791332.0
2018-08-16 00:00:00+09:00,4340.0,4340.0,4125.0,4295.0,244126.0
2018-08-17 00:00:00+09:00,4295.0,4335.0,4245.0,4305.0,64929.0
2018-08-20 00:00:00+09:00,4360.0,4405.0,4230.0,4285.0,72720.0
2018-08-21 00:00:00+09:00,4285.0,4285.0,4220.0,4260.0,79387.0
2018-08-22 00:00:00+09:00,4285.0,4325.0,4180.0,4230.0,125125.0
2018-08-23 00:00:00+09:00,4230.0,4525.0,4115.0,4130.0,200548.0
2018-08-24 00:00:00+09:00,4105.0,4220.0,4095.0,4180.0,64035.0
2018-08-27 00:00:00+09:00,4180.0,4480.0,4140.0,4265.0,123614.0
2018-08-28 00:00:00+09:00,4260.0,4265.0,4185.0,4200.0,55776.0
2018-08-29 00:00:00+09:00,4200.0,4310.0,4180.0,4235.0,61372.0
2018-08-30 00:00:00+09:00,4280.0,4290.0,4185.0,4250.0,59205.0
2018-08-31 00:00:00+09:00,4230.0,4300.0,4170.0,4255.0,44788.0
2018-09-03 00:00:00+09:00,4255.0,4315.0,4165.0,4230.0,64002.0
2018-09-04 00:00:00+09:00,4180.0,4230.0,4110.0,4150.0,120975.0
2018-09-05 00:00:00+09:00,4180.0,4180.0,4090.0,4135.0,66353.0
2018-09-06 00:00:00+09:00,4135.0,4160.0,4025.0,4075.0,89492.0
2018-09-07 00:00:00+09:00,4040.0,4155.0,4020.0,4075.0,60625.0
2018-09-10 00:00:00+09:00,4060.0,4060.0,3980.0,4050.0,73947.0
2018-09-11 00:00:00+09:00,4035.0,4145.0,4030.0,4120.0,69769.0
2018-09-12 00:00:00+09:00,4165.0,4165.0,4070.0,4125.0,76504.0
2018-09-13 00:00:00+09:00,4100.0,4140.0,4060.0,4125.0,26929.0
2018-09-14 00:00:00+09:00,4170.0,4320.0,4110.0,4210.0,266520.0
2018-09-17 00:00:00+09:00,4210.0,4275.0,4140.0,4200.0,126870.0
2018-09-18 00:00:00+09:00,4135.0,4425.0,4125.0,4410.0,265770.0
2018-09-19 00:00:00+09:00,4425.0,4450.0,4320.0,4365.0,133759.0
2018-09-20 00:00:00+09:00,4300.0,4380.0,4150.0,4260.0,175570.0
2018-09-21 00:00:00+09:00,4225.0,4260.0,4115.0,4160.0,154527.0
2018-09-27 00:00:00+09:00,4100.0,4270.0,4100.0,4150.0,97011.0
2018-09-28 00:00:00+09:00,4155.0,4255.0,4100.0,4160.0,43450.0
2018-10-01 00:00:00+09:00,4140.0,4260.0,4055.0,4110.0,60030.0
2018-10-02 00:00:00+09:00,4105.0,4155.0,3965.0,4020.0,188549.0
2018-10-04 00:00:00+09:00,4090.0,4090.0,3975.0,4035.0,91653.0
2018-10-05 00:00:00+09:00,4085.0,4085.0,3935.0,3955.0,114915.0
2018-10-08 00:00:00+09:00,3955.0,4090.0,3730.0,4085.0,134319.0
2018-10-10 00:00:00+09:00,4095.0,4095.0,3805.0,3840.0,83956.0
2018-10-11 00:00:00+09:00,3630.0,3790.0,3535.0,3640.0,245647.0
2018-10-12 00:00:00+09:00,3520.0,3865.0,3520.0,3680.0,214198.0
2018-10-15 00:00:00+09:00,3630.0,3715.0,3575.0,3615.0,85512.0
2018-10-16 00:00:00+09:00,3615.0,3750.0,3585.0,3745.0,129204.0
2018-10-17 00:00:00+09:00,3810.0,3840.0,3650.0,3695.0,91491.0
2018-10-18 00:00:00+09:00,3745.0,3755.0,3640.0,3745.0,88920.0
2018-10-19 00:00:00+09:00,3720.0,3750.0,3640.0,3745.0,100024.0
2018-10-22 00:00:00+09:00,3740.0,3790.0,3660.0,3710.0,95445.0
2018-10-23 00:00:00+09:00,3685.0,3760.0,3575.0,3625.0,68282.0
2018-10-24 00:00:00+09:00,3630.0,3670.0,3440.0,3500.0,135939.0
2018-10-25 00:00:00+09:00,3385.0,3410.0,3275.0,3350.0,189845.0
2018-10-26 00:00:00+09:00,3355.0,3360.0,3060.0,3200.0,201856.0
2018-10-29 00:00:00+09:00,3200.0,3290.0,2945.0,2970.0,186298.0
2018-10-30 00:00:00+09:00,2895.0,3140.0,2895.0,3090.0,223423.0
2018-10-31 00:00:00+09:00,3090.0,3175.0,3025.0,3115.0,63419.0
2018-11-01 00:00:00+09:00,3125.0,3430.0,3105.0,3230.0,178958.0
2018-11-02 00:00:00+09:00,3290.0,3385.0,3245.0,3370.0,75591.0
2018-11-05 00:00:00+09:00,3360.0,3405.0,3245.0,3325.0,53156.0
2018-11-06 00:00:00+09:00,3340.0,3450.0,3285.0,3400.0,44711.0
2018-11-07 00:00:00+09:00,3480.0,3480.0,3260.0,3375.0,54660.0
2018-11-08 00:00:00+09:00,3510.0,3510.0,3350.0,3410.0,88212.0
2018-11-09 00:00:00+09:00,3435.0,3480.0,3350.0,3480.0,69725.0
2018-11-12 00:00:00+09:00,3430.0,3485.0,3385.0,3460.0,41289.0
2018-11-13 00:00:00+09:00,3380.0,3440.0,3330.0,3410.0,58790.0
2018-11-14 00:00:00+09:00,3380.0,3480.0,3330.0,3390.0,64540.0
2018-11-15 00:00:00+09:00,3390.0,3415.0,3265.0,3415.0,102370.0
2018-11-16 00:00:00+09:00,3380.0,3465.0,3320.0,3400.0,77891.0
2018-11-19 00:00:00+09:00,3450.0,3490.0,3370.0,3490.0,61304.0
2018-11-20 00:00:00+09:00,3405.0,3485.0,3335.0,3400.0,62379.0
2018-11-21 00:00:00+09:00,3395.0,3395.0,3260.0,3335.0,63532.0
2018-11-22 00:00:00+09:00,3335.0,3335.0,3215.0,3255.0,74456.0
2018-11-23 00:00:00+09:00,3270.0,3275.0,3160.0,3170.0,78029.0
2018-11-26 00:00:00+09:00,3145.0,3250.0,3145.0,3235.0,41132.0
2018-11-27 00:00:00+09:00,3270.0,3325.0,3215.0,3295.0,36315.0
2018-11-28 00:00:00+09:00,3345.0,3345.0,3255.0,3305.0,25717.0
2018-11-29 00:00:00+09:00,3290.0,3305.0,3245.0,3290.0,18641.0
2018-11-30 00:00:00+09:00,3290.0,3360.0,3200.0,3250.0,40686.0
2018-12-03 00:00:00+09:00,3250.0,3345.0,3220.0,3285.0,56634.0
2018-12-04 00:00:00+09:00,3310.0,3315.0,3255.0,3295.0,19538.0
2018-12-05 00:00:00+09:00,3250.0,3250.0,3145.0,3195.0,105166.0
2018-12-06 00:00:00+09:00,3195.0,3205.0,3025.0,3025.0,45443.0
2018-12-07 00:00:00+09:00,3025.0,3100.0,3025.0,3035.0,41954.0
2018-12-10 00:00:00+09:00,3000.0,3010.0,2855.0,2875.0,120014.0
2018-12-11 00:00:00+09:00,2905.0,2990.0,2855.0,2865.0,38005.0
2018-12-12 00:00:00+09:00,2900.0,2995.0,2890.0,2975.0,25270.0
2018-12-13 00:00:00+09:00,3045.0,3055.0,2975.0,3025.0,21622.0
2018-12-14 00:00:00+09:00,3045.0,3045.0,2890.0,2960.0,71449.0
2018-12-17 00:00:00+09:00,2970.0,2980.0,2875.0,2915.0,43557.0
2018-12-18 00:00:00+09:00,2915.0,2990.0,2870.0,2945.0,52385.0
2018-12-19 00:00:00+09:00,2945.0,3155.0,2945.0,3155.0,84583.0
2018-12-20 00:00:00+09:00,3130.0,3170.0,3105.0,3170.0,58786.0
2018-12-21 00:00:00+09:00,3165.0,3225.0,3125.0,3205.0,66586.0
2018-12-24 00:00:00+09:00,3205.0,3205.0,3100.0,3155.0,48949.0
2018-12-26 00:00:00+09:00,3135.0,3195.0,3075.0,3195.0,114257.0
2018-12-27 00:00:00+09:00,3195.0,3395.0,3160.0,3295.0,112460.0
2018-12-28 00:00:00+09:00,3360.0,3425.0,3305.0,3395.0,193093.0
2019-01-02 00:00:00+09:00,3420.0,3425.0,3200.0,3335.0,53250.0
2019-01-03 00:00:00+09:00,3335.0,3335.0,3130.0,3130.0,85483.0
2019-01-04 00:00:00+09:00,3085.0,3125.0,3030.0,3100.0,55922.0
2019-01-07 00:00:00+09:00,3100.0,3175.0,3100.0,3145.0,36750.0
2019-01-08 00:00:00+09:00,3135.0,3190.0,3085.0,3120.0,27253.0
2019-01-09 00:00:00+09:00,3130.0,3180.0,3095.0,3160.0,60557.0
2019-01-10 00:00:00+09:00,3140.0,3180.0,3115.0,3165.0,32546.0
2019-01-11 00:00:00+09:00,3170.0,3220.0,3110.0,3145.0,28777.0
2019-01-14 00:00:00+09:00,3195.0,3195.0,3120.0,3140.0,21819.0
2019-01-15 00:00:00+09:00,3165.0,3215.0,3120.0,3185.0,53185.0
2019-01-16 00:00:00+09:00,3195.0,3250.0,3170.0,3220.0,44259.0
2019-01-17 00:00:00+09:00,3265.0,3265.0,3170.0,3230.0,49603.0
2019-01-18 00:00:00+09:00,3230.0,3395.0,3230.0,3395.0,68153.0
2019-01-21 00:00:00+09:00,3400.0,3545.0,3290.0,3450.0,83819.0
2019-01-22 00:00:00+09:00,3460.0,3490.0,3340.0,3360.0,70028.0
2019-01-23 00:00:00+09:00,3295.0,3360.0,3260.0,3355.0,54224.0
2019-01-24 00:00:00+09:00,3375.0,3375.0,3280.0,3375.0,34017.0
2019-01-25 00:00:00+09:00,3395.0,3395.0,3275.0,3315.0,117177.0
2019-01-28 00:00:00+09:00,3315.0,3425.0,3295.0,3320.0,67604.0
2019-01-29 00:00:00+09:00,3320.0,3320.0,3215.0,3305.0,58026.0
2019-01-30 00:00:00+09:00,3305.0,3305.0,3195.0,3230.0,184082.0
2019-01-31 00:00:00+09:00,3260.0,3275.0,3205.0,3265.0,83601.0
2019-02-01 00:00:00+09:00,3235.0,3290.0,3210.0,3265.0,73237.0
2019-02-07 00:00:00+09:00,3265.0,3380.0,3225.0,3380.0,102410.0
2019-02-08 00:00:00+09:00,3410.0,3420.0,3300.0,3380.0,129690.0
2019-02-11 00:00:00+09:00,3355.0,3445.0,3340.0,3425.0,60955.0
2019-02-12 00:00:00+09:00,3445.0,3465.0,3360.0,3400.0,67819.0
2019-02-13 00:00:00+09:00,3405.0,3595.0,3400.0,3535.0,345726.0
2019-02-14 00:00:00+09:00,3515.0,4045.0,3490.0,3895.0,1147076.0
2019-02-15 00:00:00+09:00,3855.0,3920.0,3760.0,3775.0,198250.0
2019-02-18 00:00:00+09:00,3775.0,3975.0,3755.0,3975.0,264344.0
2019-02-19 00:00:00+09:00,4030.0,4100.0,3900.0,4000.0,236030.0
2019-02-20 00:00:00+09:00,3980.0,4080.0,3905.0,3955.0,131930.0
2019-02-21 00:00:00+09:00,3955.0,4000.0,3910.0,3940.0,37313.0
2019-02-22 00:00:00+09:00,3985.0,3985.0,3765.0,3845.0,175040.0
2019-02-25 00:00:00+09:00,3790.0,3850.0,3750.0,3770.0,108099.0
2019-02-26 00:00:00+09:00,3770.0,3790.0,3690.0,3705.0,28838.0
2019-02-27 00:00:00+09:00,3730.0,3835.0,3620.0,3785.0,51797.0
2019-02-28 00:00:00+09:00,3785.0,3835.0,3605.0,3720.0,98869.0
2019-03-04 00:00:00+09:00,3790.0,3820.0,3705.0,3795.0,70176.0
2019-03-05 00:00:00+09:00,3805.0,3855.0,3750.0,3790.0,51222.0
2019-03-06 00:00:00+09:00,3810.0,3940.0,3790.0,3930.0,286723.0
2019-03-07 00:00:00+09:00,3930.0,3955.0,3795.0,3880.0,103920.0
2019-03-08 00:00:00+09:00,3800.0,3875.0,3690.0,3875.0,87494.0
2019-03-11 00:00:00+09:00,3925.0,3930.0,3795.0,3880.0,70534.0
2019-03-12 00:00:00+09:00,3855.0,3940.0,3805.0,3900.0,87596.0
2019-03-13 00:00:00+09:00,3905.0,3910.0,3810.0,3910.0,66862.0
2019-03-14 00:00:00+09:00,3920.0,4040.0,3880.0,4040.0,152710.0
2019-03-15 00:00:00+09:00,4030.0,4095.0,3955.0,4075.0,106454.0
2019-03-18 00:00:00+09:00,4050.0,4110.0,4010.0,4045.0,72375.0
2019-03-19 00:00:00+09:00,4005.0,4090.0,3970.0,4045.0,70712.0
2019-03-20 00:00:00+09:00,4095.0,4145.0,3970.0,4135.0,102299.0
2019-03-21 00:00:00+09:00,4195.0,4195.0,4060.0,4130.0,89498.0
2019-03-22 00:00:00+09:00,4110.0,4175.0,4045.0,4135.0,94677.0
2019-03-25 00:00:00+09:00,4050.0,4120.0,3995.0,4030.0,90978.0
2019-03-26 00:00:00+09:00,4030.0,4245.0,3975.0,4190.0,181773.0
2019-03-27 00:00:00+09:00,4280.0,4280.0,4105.0,4175.0,96459.0
2019-03-28 00:00:00+09:00,4110.0,4190.0,4070.0,4115.0,107691.0
2019-03-29 00:00:00+09:00,4065.0,4185.0,4020.0,4080.0,66661.0
2019-04-01 00:00:00+09:00,4025.0,4110.0,4025.0,4085.0,40274.0
2019-04-02 00:00:00+09:00,4150.0,4150.0,4025.0,4045.0,51704.0
2019-04-03 00:00:00+09:00,4020.0,4200.0,4020.0,4130.0,103588.0
2019-04-04 00:00:00+09:00,4190.0,4190.0,4065.0,4095.0,30569.0
2019-04-05 00:00:00+09:00,4095.0,4165.0,4095.0,4135.0,53261.0
2019-04-08 00:00:00+09:00,4190.0,4245.0,4140.0,4175.0,131641.0
2019-04-09 00:00:00+09:00,4180.0,4240.0,4090.0,4130.0,63674.0
2019-04-10 00:00:00+09:00,4190.0,4195.0,4035.0,4155.0,65086.0
2019-04-11 00:00:00+09:00,4155.0,4180.0,4065.0,4110.0,60877.0
2019-04-12 00:00:00+09:00,4110.0,4135.0,4065.0,4115.0,28036.0
2019-04-15 00:00:00+09:00,4115.0,4195.0,4090.0,4100.0,60933.0
2019-04-16 00:00:00+09:00,4100.0,4175.0,4090.0,4110.0,36865.0
2019-04-17 00:00:00+09:00,4090.0,4175.0,4075.0,4075.0,25355.0
2019-04-18 00:00:00+09:00,4155.0,4155.0,3980.0,4030.0,74185.0
2019-04-19 00:00:00+09:00,4030.0,4175.0,4030.0,4130.0,56558.0
2019-04-22 00:00:00+09:00,4180.0,4180.0,4045.0,4060.0,42771.0
2019-04-23 00:00:00+09:00,4040.0,4070.0,4020.0,4065.0,17567.0
2019-04-24 00:00:00+09:00,4140.0,4140.0,4020.0,4020.0,12270.0
2019-04-25 00:00:00+09:00,4085.0,4085.0,3885.0,3960.0,63993.0
2019-04-26 00:00:00+09:00,3970.0,3970.0,3800.0,3820.0,64241.0
2019-04-29 00:00:00+09:00,3930.0,3930.0,3640.0,3795.0,207952.0
2019-04-30 00:00:00+09:00,3795.0,3875.0,3710.0,3835.0,28160.0
2019-05-02 00:00:00+09:00,3835.0,3935.0,3770.0,3900.0,66152.0
2019-05-03 00:00:00+09:00,3870.0,3935.0,3760.0,3850.0,50515.0
2019-05-07 00:00:00+09:00,3740.0,3850.0,3740.0,3770.0,27721.0
2019-05-08 00:00:00+09:00,3775.0,3845.0,3660.0,3795.0,52809.0
2019-05-09 00:00:00+09:00,3780.0,3780.0,3550.0,3635.0,106684.0
2019-05-10 00:00:00+09:00,3705.0,3730.0,3415.0,3550.0,125147.0
2019-05-13 00:00:00+09:00,3600.0,3705.0,3495.0,3525.0,91750.0
2019-05-14 00:00:00+09:00,3465.0,3720.0,3465.0,3620.0,63644.0
2019-05-15 00:00:00+09:00,3620.0,3680.0,3515.0,3565.0,123514.0
2019-05-16 00:00:00+09:00,3640.0,3670.0,3525.0,3565.0,18356.0
2019-05-17 00:00:00+09:00,3565.0,3645.0,3470.0,3560.0,43092.0
2019-05-20 00:00:00+09:00,3575.0,3575.0,3320.0,3460.0,250356.0
2019-05-21 00:00:00+09:00,3440.0,3525.0,3440.0,3490.0,24129.0
2019-05-22 00:00:00+09:00,3440.0,3625.0,3315.0,3480.0,485063.0
2019-05-23 00:00:00+09:00,3450.0,3485.0,3350.0,3395.0,45442.0
2019-05-24 00:00:00+09:00,3335.0,3490.0,3245.0,3470.0,333063.0
2019-05-27 00:00:00+09:00,3470.0,3495.0,3330.0,3380.0,96080.0
2019-05-28 00:00:00+09:00,3410.0,3555.0,3350.0,3500.0,107352.0
2019-05-29 00:00:00+09:00,3440.0,3495.0,3310.0,3350.0,75686.0
2019-05-30 00:00:00+09:00,3355.0,3440.0,3355.0,3400.0,55931.0
2019-05-31 00:00:00+09:00,3360.0,3470.0,3350.0,3435.0,29716.0
2019-06-03 00:00:00+09:00,3435.0,3465.0,3345.0,3370.0,57935.0
2019-06-04 00:00:00+09:00,3385.0,3430.0,3350.0,3395.0,29676.0
2019-06-05 00:00:00+09:00,3470.0,3575.0,3420.0,3560.0,65853.0
2019-06-07 00:00:00+09:00,3640.0,3795.0,3555.0,3760.0,142462.0
2019-06-10 00:00:00+09:00,3755.0,3760.0,3680.0,3745.0,45028.0
2019-06-11 00:00:00+09:00,3740.0,3810.0,3720.0,3770.0,35932.0
2019-06-12 00:00:00+09:00,3770.0,3770.0,3645.0,3665.0,50417.0
2019-06-13 00:00:00+09:00,3675.0,4040.0,3665.0,3885.0,384957.0
2019-06-14 00:00:00+09:00,3920.0,3920.0,3825.0,3865.0,66025.0
2019-06-17 00:00:00+09:00,3865.0,3905.0,3770.0,3825.0,55024.0
2019-06-18 00:00:00+09:00,3755.0,3880.0,3730.0,3810.0,108348.0
2019-06-19 00:00:00+09:00,3810.0,3850.0,3705.0,3730.0,77470.0
2019-06-20 00:00:00+09:00,3730.0,3820.0,3720.0,3820.0,36741.0
2019-06-21 00:00:00+09:00,3820.0,3840.0,3780.0,3820.0,26231.0
2019-06-24 00:00:00+09:00,3820.0,3830.0,3725.0,3800.0,14389.0
2019-06-25 00:00:00+09:00,3795.0,3815.0,3700.0,3730.0,54951.0
2019-06-26 00:00:00+09:00,3770.0,3770.0,3555.0,3560.0,135342.0
2019-06-27 00:00:00+09:00,3560.0,3700.0,3555.0,3630.0,54350.0
2019-06-28 00:00:00+09:00,3625.0,3625.0,3500.0,3535.0,42404.0
2019-07-01 00:00:00+09:00,3535.0,3560.0,3405.0,3460.0,48060.0
2019-07-02 00:00:00+09:00,3420.0,3505.0,3420.0,3495.0,24744.0
2019-07-03 00:00:00+09:00,3480.0,3700.0,3480.0,3580.0,74830.0
2019-07-04 00:00:00+09:00,3530.0,3590.0,3520.0,3540.0,19125.0
2019-07-05 00:00:00+09:00,3520.0,3690.0,3470.0,3475.0,47417.0
2019-07-08 00:00:00+09:00,3450.0,3480.0,3200.0,3240.0,196949.0
2019-07-09 00:00:00+09:00,3240.0,3340.0,3125.0,3210.0,126616.0
2019-07-10 00:00:00+09:00,3180.0,3285.0,3130.0,3165.0,131270.0
2019-07-11 00:00:00+09:00,3200.0,3390.0,3170.0,3305.0,95552.0
2019-07-12 00:00:00+09:00,3325.0,3390.0,3255.0,3295.0,156315.0
2019-07-15 00:00:00+09:00,3315.0,3315.0,3195.0,3210.0,108308.0
2019-07-16 00:00:00+09:00,3205.0,3335.0,3205.0,3270.0,36932.0
2019-07-17 00:00:00+09:00,3260.0,3295.0,3175.0,3230.0,56227.0
2019-07-18 00:00:00+09:00,3230.0,3295.0,3175.0,3255.0,41718.0
2019-07-19 00:00:00+09:00,3265.0,3380.0,3220.0,3350.0,123655.0
2019-07-22 00:00:00+09:00,3350.0,3400.0,3270.0,3330.0,32630.0
2019-07-23 00:00:00+09:00,3330.0,3355.0,3175.0,3215.0,187702.0
2019-07-24 00:00:00+09:00,3215.0,3215.0,3110.0,3155.0,150436.0
2019-07-25 00:00:00+09:00,3145.0,3145.0,3020.0,3070.0,90619.0
2019-07-26 00:00:00+09:00,3050.0,3135.0,3000.0,3015.0,121483.0
2019-07-29 00:00:00+09:00,3015.0,3040.0,2895.0,2905.0,72954.0
2019-07-30 00:00:00+09:00,2900.0,3100.0,2900.0,3025.0,52063.0
2019-07-31 00:00:00+09:00,3020.0,3085.0,2900.0,3055.0,44942.0
2019-08-01 00:00:00+09:00,3035.0,3035.0,2925.0,2995.0,106991.0
2019-08-02 00:00:00+09:00,2990.0,2990.0,2900.0,2935.0,126524.0
2019-08-05 00:00:00+09:00,2925.0,2930.0,2680.0,2680.0,172227.0
2019-08-06 00:00:00+09:00,2500.0,2745.0,2500.0,2550.0,174280.0
2019-08-07 00:00:00+09:00,2500.0,2640.0,2500.0,2615.0,136062.0
2019-08-08 00:00:00+09:00,2850.0,2940.0,2690.0,2830.0,81704.0
2019-08-09 00:00:00+09:00,2915.0,2995.0,2800.0,2860.0,29639.0
2019-08-12 00:00:00+09:00,2775.0,2920.0,2775.0,2825.0,19172.0
2019-08-13 00:00:00+09:00,2815.0,2850.0,2785.0,2850.0,8062.0
2019-08-14 00:00:00+09:00,2890.0,3100.0,2850.0,3035.0,175222.0
2019-08-16 00:00:00+09:00,3090.0,3090.0,2920.0,2935.0,93221.0
2019-08-19 00:00:00+09:00,2940.0,3025.0,2930.0,3000.0,29267.0
2019-08-20 00:00:00+09:00,2990.0,3110.0,2985.0,3110.0,41210.0
2019-08-21 00:00:00+09:00,3130.0,3155.0,3085.0,3145.0,44613.0
2019-08-22 00:00:00+09:00,3145.0,3145.0,3085.0,3130.0,17989.0
2019-08-23 00:00:00+09:00,3130.0,3305.0,3035.0,3195.0,73005.0
2019-08-26 00:00:00+09:00,3180.0,3180.0,2965.0,3040.0,131589.0
2019-08-27 00:00:00+09:00,3040.0,3130.0,3035.0,3035.0,31600.0
2019-08-28 00:00:00+09:00,3035.0,3090.0,3025.0,3050.0,25055.0
2019-08-29 00:00:00+09:00,3090.0,3090.0,2975.0,3035.0,15422.0
2019-08-30 00:00:00+09:00,3040.0,3390.0,3040.0,3280.0,398910.0
2019-09-02 00:00:00+09:00,3260.0,3350.0,3180.0,3280.0,124420.0
2019-09-03 00:00:00+09:00,3260.0,3270.0,3175.0,3245.0,95828.0
2019-09-04 00:00:00+09:00,3245.0,3345.0,3160.0,3295.0,186438.0
2019-09-05 00:00:00+09:00,3305.0,3380.0,3180.0,3245.0,244772.0
2019-09-06 00:00:00+09:00,3250.0,3340.0,3165.0,3180.0,60018.0
2019-09-09 00:00:00+09:00,3210.0,3270.0,3010.0,3055.0,86069.0
2019-09-10 00:00:00+09:00,3085.0,3150.0,3070.0,3125.0,50200.0
2019-09-11 00:00:00+09:00,3125.0,3240.0,3125.0,3210.0,31178.0
2019-09-16 00:00:00+09:00,3210.0,3250.0,3160.0,3230.0,24614.0
2019-09-17 00:00:00+09:00,3285.0,3285.0,3190.0,3235.0,12104.0
2019-09-18 00:00:00+09:00,3275.0,3275.0,3190.0,3205.0,42832.0
2019-09-19 00:00:00+09:00,3180.0,3255.0,3180.0,3225.0,28166.0
2019-09-20 00:00:00+09:00,3225.0,3265.0,3220.0,3225.0,16757.0
2019-09-23 00:00:00+09:00,3260.0,3260.0,3150.0,3160.0,57488.0
2019-09-24 00:00:00+09:00,3160.0,3180.0,3145.0,3170.0,34226.0
2019-09-25 00:00:00+09:00,3150.0,3210.0,3060.0,3175.0,46988.0
2019-09-26 00:00:00+09:00,3175.0,3245.0,3095.0,3155.0,20432.0
2019-09-27 00:00:00+09:00,3105.0,3145.0,3075.0,3090.0,26204.0
2019-09-30 00:00:00+09:00,3060.0,3085.0,2995.0,3010.0,27516.0
2019-10-01 00:00:00+09:00,3010.0,3075.0,2955.0,3035.0,32074.0
2019-10-02 00:00:00+09:00,3035.0,3055.0,2995.0,3025.0,29073.0
2019-10-04 00:00:00+09:00,3005.0,3130.0,3000.0,3100.0,23280.0
2019-10-07 00:00:00+09:00,3025.0,3085.0,3010.0,3020.0,57437.0
2019-10-08 00:00:00+09:00,3000.0,3030.0,2910.0,3010.0,102751.0
2019-10-10 00:00:00+09:00,3000.0,3000.0,2960.0,2985.0,13267.0
2019-10-11 00:00:00+09:00,3030.0,3030.0,2975.0,2995.0,22899.0
2019-10-14 00:00:00+09:00,3010.0,3055.0,3000.0,3050.0,22038.0
2019-10-15 00:00:00+09:00,3050.0,3255.0,3050.0,3160.0,100352.0
2019-10-16 00:00:00+09:00,3160.0,3225.0,3110.0,3145.0,24056.0
2019-10-17 00:00:00+09:00,3145.0,3225.0,3105.0,3150.0,8586.0
2019-10-18 00:00:00+09:00,3155.0,3240.0,3115.0,3230.0,78314.0
2019-10-21 00:00:00+09:00,3235.0,3240.0,3165.0,3210.0,30258.0
2019-10-22 00:00:00+09:00,3195.0,3200.0,3135.0,3150.0,31698.0
2019-10-23 00:00:00+09:00,3150.0,3190.0,3125.0,3155.0,17912.0
2019-10-24 00:00:00+09:00,3185.0,3195.0,3115.0,3145.0,13019.0
2019-10-25 00:00:00+09:00,3135.0,3150.0,3070.0,3145.0,52028.0
2019-10-28 00:00:00+09:00,3165.0,3215.0,3130.0,3200.0,48669.0
2019-10-29 00:00:00+09:00,3180.0,3255.0,3180.0,3240.0,59103.0
2019-10-30 00:00:00+09:00,3245.0,3255.0,3200.0,3240.0,34911.0
2019-10-31 00:00:00+09:00,3235.0,3265.0,3225.0,3250.0,21434.0
2019-11-01 00:00:00+09:00,3205.0,3255.0,3205.0,3240.0,12337.0
2019-11-04 00:00:00+09:00,3240.0,3255.0,3210.0,3210.0,21151.0
2019-11-05 00:00:00+09:00,3225.0,3260.0,3160.0,3200.0,30681.0
2019-11-06 00:00:00+09:00,3200.0,3260.0,3185.0,3195.0,22961.0
2019-11-07 00:00:00+09:00,3195.0,3230.0,3160.0,3185.0,36503.0
2019-11-08 00:00:00+09:00,3225.0,3235.0,3120.0,3135.0,103054.0
2019-11-11 00:00:00+09:00,3135.0,3200.0,3135.0,3175.0,33273.0
2019-11-12 00:00:00+09:00,3185.0,3235.0,3170.0,3210.0,35654.0
2019-11-13 00:00:00+09:00,3210.0,3220.0,3170.0,3210.0,14326.0
2019-11-14 00:00:00+09:00,3210.0,3260.0,3180.0,3235.0,133016.0
2019-11-15 00:00:00+09:00,3225.0,3380.0,3225.0,3320.0,140990.0
2019-11-18 00:00:00+09:00,3300.0,3345.0,3215.0,3290.0,50925.0
2019-11-19 00:00:00+09:00,3290.0,3300.0,3225.0,3290.0,19807.0
2019-11-20 00:00:00+09:00,3240.0,3310.0,3180.0,3185.0,31534.0
2019-11-21 00:00:00+09:00,3175.0,3220.0,3075.0,3080.0,65966.0
2019-11-22 00:00:00+09:00,3100.0,3140.0,3080.0,3140.0,29236.0
2019-11-25 00:00:00+09:00,3130.0,3245.0,3130.0,3240.0,63564.0
2019-11-26 00:00:00+09:00,3250.0,3335.0,3225.0,3330.0,72511.0
2019-11-27 00:00:00+09:00,3330.0,3340.0,3280.0,3320.0,30227.0
2019-11-28 00:00:00+09:00,3320.0,3320.0,3230.0,3265.0,30156.0
2019-11-29 00:00:00+09:00,3265.0,3340.0,3225.0,3285.0,25931.0
2019-12-02 00:00:00+09:00,3285.0,3350.0,3235.0,3280.0,29838.0
2019-12-03 00:00:00+09:00,3325.0,3340.0,3225.0,3275.0,30476.0
2019-12-04 00:00:00+09:00,3275.0,3330.0,3160.0,3220.0,28549.0
2019-12-05 00:00:00+09:00,3225.0,3270.0,3110.0,3155.0,58269.0
2019-12-06 00:00:00+09:00,3150.0,3240.0,3040.0,3115.0,99520.0
2019-12-09 00:00:00+09:00,3125.0,3135.0,3075.0,3135.0,26369.0
2019-12-10 00:00:00+09:00,3135.0,3160.0,3075.0,3140.0,28663.0
2019-12-11 00:00:00+09:00,3140.0,3140.0,3095.0,3110.0,21333.0
2019-12-12 00:00:00+09:00,3110.0,3180.0,3110.0,3125.0,27236.0
2019-12-13 00:00:00+09:00,3165.0,3270.0,3130.0,3195.0,54193.0
2019-12-16 00:00:00+09:00,3230.0,3315.0,3205.0,3280.0,54810.0
2019-12-17 00:00:00+09:00,3280.0,3370.0,3280.0,3340.0,83452.0
2019-12-18 00:00:00+09:00,3365.0,3450.0,3335.0,3445.0,153518.0
2019-12-19 00:00:00+09:00,3455.0,3490.0,3360.0,3385.0,80457.0
2019-12-20 00:00:00+09:00,3395.0,3445.0,3345.0,3370.0,58138.0
2019-12-23 00:00:00+09:00,3400.0,3445.0,3335.0,3400.0,112986.0
2019-12-24 00:00:00+09:00,3375.0,3445.0,3265.0,3300.0,111487.0
2019-12-26 00:00:00+09:00,3325.0,3375.0,3255.0,3350.0,213993.0
2019-12-27 00:00:00+09:00,3350.0,3490.0,3345.0,3430.0,46675.0
2019-12-30 00:00:00+09:00,3440.0,3500.0,3405.0,3500.0,49198.0
2020-01-02 00:00:00+09:00,3500.0,3520.0,3430.0,3445.0,52439.0
2020-01-03 00:00:00+09:00,3450.0,3585.0,3390.0,3580.0,177704.0
2020-01-06 00:00:00+09:00,3545.0,3550.0,3435.0,3505.0,73667.0
2020-01-07 00:00:00+09:00,3510.0,3800.0,3510.0,3665.0,267070.0
2020-01-08 00:00:00+09:00,3695.0,3695.0,3360.0,3445.0,168164.0
2020-01-09 00:00:00+09:00,3500.0,3585.0,3500.0,3530.0,48286.0
2020-01-10 00:00:00+09:00,3540.0,3590.0,3485.0,3520.0,52659.0
2020-01-13 00:00:00+09:00,3520.0,3555.0,3450.0,3545.0,40666.0
2020-01-14 00:00:00+09:00,3545.0,3600.0,3480.0,3550.0,93164.0
2020-01-15 00:00:00+09:00,3535.0,3585.0,3475.0,3530.0,53268.0
2020-01-16 00:00:00+09:00,3520.0,3600.0,3500.0,3555.0,43900.0
2020-01-17 00:00:00+09:00,3575.0,3575.0,3525.0,3560.0,47102.0
2020-01-20 00:00:00+09:00,3560.0,3590.0,3530.0,3555.0,71177.0
2020-01-21 00:00:00+09:00,3555.0,3565.0,3450.0,3500.0,62458.0
2020-01-22 00:00:00+09:00,3520.0,3545.0,3475.0,3535.0,55818.0
2020-01-23 00:00:00+09:00,3540.0,3550.0,3415.0,3510.0,93827.0
2020-01-28 00:00:00+09:00,3370.0,3455.0,3290.0,3300.0,150576.0
2020-01-29 00:00:00+09:00,3320.0,3450.0,3320.0,3365.0,44796.0
2020-01-30 00:00:00+09:00,3365.0,3410.0,3160.0,3240.0,77098.0
2020-01-31 00:00:00+09:00,3265.0,3480.0,3200.0,3205.0,79455.0
2020-02-03 00:00:00+09:00,3160.0,3295.0,3075.0,3215.0,59237.0
2020-02-04 00:00:00+09:00,3260.0,3485.0,3260.0,3430.0,110578.0
2020-02-05 00:00:00+09:00,3470.0,3640.0,3450.0,3540.0,255054.0
2020-02-06 00:00:00+09:00,3550.0,3605.0,3495.0,3560.0,34742.0
2020-02-07 00:00:00+09:00,3530.0,3555.0,3435.0,3500.0,61202.0
2020-02-10 00:00:00+09:00,3460.0,3520.0,3420.0,3490.0,35733.0
2020-02-11 00:00:00+09:00,3530.0,3575.0,3455.0,3550.0,53189.0
2020-02-12 00:00:00+09:00,3550.0,3600.0,3485.0,3585.0,53017.0
2020-02-13 00:00:00+09:00,3530.0,3660.0,3510.0,3585.0,123683.0
2020-02-14 00:00:00+09:00,3585.0,3615.0,3535.0,3600.0,35785.0
2020-02-17 00:00:00+09:00,3580.0,3605.0,3525.0,3560.0,60763.0
2020-02-18 00:00:00+09:00,3525.0,3580.0,3415.0,3450.0,66215.0
2020-02-19 00:00:00+09:00,3480.0,3515.0,3400.0,3485.0,26381.0
2020-02-20 00:00:00+09:00,3510.0,3525.0,3390.0,3480.0,66154.0
2020-02-21 00:00:00+09:00,3415.0,3440.0,3365.0,3385.0,51072.0
2020-02-24 00:00:00+09:00,3340.0,3340.0,3115.0,3170.0,200132.0
2020-02-25 00:00:00+09:00,3145.0,3335.0,3100.0,3320.0,78536.0
2020-02-26 00:00:00+09:00,3260.0,3360.0,3200.0,3320.0,85180.0
2020-02-27 00:00:00+09:00,3300.0,3300.0,3115.0,3190.0,79435.0
2020-02-28 00:00:00+09:00,3090.0,3155.0,2970.0,3040.0,219684.0
2020-03-02 00:00:00+09:00,3030.0,3110.0,2940.0,3040.0,73899.0
2020-03-03 00:00:00+09:00,3140.0,3175.0,3025.0,3080.0,58147.0
2020-03-04 00:00:00+09:00,3015.0,3155.0,3000.0,3140.0,63067.0
2020-03-05 00:00:00+09:00,3165.0,3480.0,3145.0,3315.0,286376.0
2020-03-06 00:00:00+09:00,3300.0,3300.0,3145.0,3200.0,61998.0
2020-03-09 00:00:00+09:00,3090.0,3125.0,3015.0,3060.0,136082.0
2020-03-10 00:00:00+09:00,3025.0,3080.0,2950.0,3065.0,51938.0
2020-03-11 00:00:00+09:00,3065.0,3085.0,2860.0,2955.0,126561.0
2020-03-12 00:00:00+09:00,2880.0,2935.0,2655.0,2695.0,189516.0
2020-03-13 00:00:00+09:00,2505.0,2540.0,2200.0,2480.0,306302.0
2020-03-16 00:00:00+09:00,2475.0,2580.0,2255.0,2300.0,102198.0
2020-03-17 00:00:00+09:00,2100.0,2365.0,2100.0,2270.0,178742.0
2020-03-18 00:00:00+09:00,2270.0,2360.0,2155.0,2175.0,154074.0
2020-03-19 00:00:00+09:00,2130.0,2195.0,1630.0,1675.0,620587.0
2020-03-20 00:00:00+09:00,1695.0,1900.0,1675.0,1880.0,328747.0
2020-03-23 00:00:00+09:00,1750.0,1840.0,1620.0,1750.0,196571.0
2020-03-24 00:00:00+09:00,1775.0,1950.0,1765.0,1925.0,155193.0
2020-03-25 00:00:00+09:00,2030.0,2095.0,1975.0,2015.0,204776.0
2020-03-26 00:00:00+09:00,2015.0,2270.0,1940.0,2145.0,262303.0
2020-03-27 00:00:00+09:00,2210.0,2290.0,2070.0,2230.0,110842.0
2020-03-30 00:00:00+09:00,2175.0,2230.0,2050.0,2210.0,147128.0
2020-03-31 00:00:00+09:00,2215.0,2285.0,2195.0,2220.0,101211.0
2020-04-01 00:00:00+09:00,2220.0,2260.0,2100.0,2165.0,88852.0
2020-04-02 00:00:00+09:00,2165.0,2190.0,2060.0,2165.0,92496.0
2020-04-03 00:00:00+09:00,2170.0,2235.0,2170.0,2230.0,66894.0
2020-04-06 00:00:00+09:00,2245.0,2380.0,2215.0,2375.0,142823.0
2020-04-07 00:00:00+09:00,2445.0,2445.0,2340.0,2440.0,113828.0
2020-04-08 00:00:00+09:00,2440.0,2550.0,2375.0,2520.0,170594.0
2020-04-09 00:00:00+09:00,2635.0,2635.0,2490.0,2545.0,94019.0
2020-04-10 00:00:00+09:00,2630.0,2630.0,2455.0,2540.0,76190.0
2020-04-13 00:00:00+09:00,2540.0,2655.0,2470.0,2520.0,51550.0
2020-04-14 00:00:00+09:00,2595.0,2605.0,2485.0,2575.0,140542.0
2020-04-16 00:00:00+09:00,2630.0,2630.0,2530.0,2580.0,39766.0
2020-04-17 00:00:00+09:00,2640.0,2705.0,2610.0,2695.0,163737.0
2020-04-20 00:00:00+09:00,2695.0,2700.0,2625.0,2685.0,128326.0
2020-04-21 00:00:00+09:00,2630.0,2685.0,2400.0,2600.0,111450.0
2020-04-22 00:00:00+09:00,2590.0,2650.0,2500.0,2650.0,53112.0
2020-04-23 00:00:00+09:00,2670.0,2850.0,2640.0,2700.0,463510.0
2020-04-24 00:00:00+09:00,2700.0,2715.0,2610.0,2680.0,64295.0
2020-04-27 00:00:00+09:00,2670.0,2705.0,2625.0,2690.0,88994.0
2020-04-28 00:00:00+09:00,2690.0,2730.0,2670.0,2700.0,58742.0
2020-04-29 00:00:00+09:00,2780.0,2780.0,2675.0,2755.0,57518.0
2020-05-04 00:00:00+09:00,2675.0,2800.0,2655.0,2755.0,54805.0
2020-05-06 00:00:00+09:00,2810.0,2820.0,2705.0,2770.0,56124.0
2020-05-07 00:00:00+09:00,2810.0,2860.0,2745.0,2855.0,69633.0
2020-05-08 00:00:00+09:00,2855.0,2970.0,2855.0,2900.0,144280.0
2020-05-11 00:00:00+09:00,2935.0,2935.0,2810.0,2835.0,98654.0
2020-05-12 00:00:00+09:00,2865.0,2865.0,2745.0,2805.0,36255.0
2020-05-13 00:00:00+09:00,2800.0,2800.0,2700.0,2785.0,42915.0
2020-05-14 00:00:00+09:00,2805.0,2835.0,2700.0,2780.0,74001.0
2020-05-15 00:00:00+09:00,2750.0,2850.0,2700.0,2800.0,157625.0
2020-05-18 00:00:00+09:00,2855.0,2925.0,2800.0,2880.0,215875.0
2020-05-19 00:00:00+09:00,2890.0,2915.0,2860.0,2890.0,79199.0
2020-05-20 00:00:00+09:00,2890.0,2950.0,2845.0,2920.0,144322.0
2020-05-21 00:00:00+09:00,2935.0,3090.0,2935.0,2940.0,304846.0
2020-05-22 00:00:00+09:00,2860.0,2940.0,2830.0,2855.0,189137.0
2020-05-25 00:00:00+09:00,2885.0,2945.0,2855.0,2930.0,81880.0
2020-05-26 00:00:00+09:00,2945.0,3075.0,2905.0,3020.0,279712.0
2020-05-27 00:00:00+09:00,3100.0,3135.0,2980.0,3020.0,211056.0
2020-05-28 00:00:00+09:00,3050.0,3220.0,2960.0,3115.0,554750.0
2020-05-29 00:00:00+09:00,3090.0,3115.0,3010.0,3080.0,111313.0
2020-06-01 00:00:00+09:00,3080.0,3385.0,3060.0,3165.0,1877902.0
2020-06-02 00:00:00+09:00,3165.0,3180.0,3110.0,3180.0,229841.0
2020-06-03 00:00:00+09:00,3205.0,3325.0,3195.0,3195.0,547431.0
2020-06-04 00:00:00+09:00,3220.0,3235.0,3100.0,3140.0,159953.0
2020-06-05 00:00:00+09:00,3155.0,3160.0,3075.0,3125.0,93486.0
2020-06-08 00:00:00+09:00,3135.0,3175.0,3055.0,3090.0,132693.0
2020-06-09 00:00:00+09:00,3110.0,3360.0,3090.0,3285.0,667829.0
2020-06-10 00:00:00+09:00,3250.0,3280.0,3210.0,3255.0,150045.0
2020-06-11 00:00:00+09:00,3305.0,3330.0,3210.0,3240.0,298462.0
2020-06-12 00:00:00+09:00,3100.0,3225.0,3050.0,3200.0,303872.0
2020-06-15 00:00:00+09:00,3200.0,3205.0,3025.0,3040.0,222596.0
2020-06-16 00:00:00+09:00,3090.0,3240.0,3090.0,3215.0,126954.0
2020-06-17 00:00:00+09:00,3215.0,3320.0,3160.0,3235.0,213034.0
2020-06-18 00:00:00+09:00,3235.0,3310.0,3160.0,3180.0,136129.0
2020-06-19 00:00:00+09:00,3200.0,3250.0,3155.0,3225.0,119069.0
2020-06-22 00:00:00+09:00,3225.0,3315.0,3195.0,3290.0,190635.0
2020-06-23 00:00:00+09:00,3345.0,4275.0,3325.0,4000.0,10826747.0
2020-06-24 00:00:00+09:00,4200.0,4350.0,3835.0,3945.0,4838648.0
2020-06-25 00:00:00+09:00,3860.0,3980.0,3750.0,3950.0,1410185.0
2020-06-26 00:00:00+09:00,3880.0,4080.0,3795.0,3945.0,1823030.0
2020-06-29 00:00:00+09:00,3985.0,4050.0,3630.0,3690.0,1269743.0
2020-06-30 00:00:00+09:00,3775.0,3775.0,3470.0,3520.0,730697.0
2020-07-01 00:00:00+09:00,3540.0,3550.0,3385.0,3430.0,466776.0
2020-07-02 00:00:00+09:00,3400.0,3525.0,3400.0,3460.0,291635.0
2020-07-03 00:00:00+09:00,3470.0,3705.0,3430.0,3660.0,841087.0
2020-07-06 00:00:00+09:00,3660.0,3735.0,3565.0,3730.0,447501.0
2020-07-07 00:00:00+09:00,3715.0,3715.0,3520.0,3590.0,751936.0
2020-07-08 00:00:00+09:00,3600.0,3600.0,3495.0,3505.0,301057.0
2020-07-09 00:00:00+09:00,3505.0,3710.0,3455.0,3690.0,614261.0
2020-07-10 00:00:00+09:00,3660.0,3790.0,3565.0,3675.0,545609.0
2020-07-13 00:00:00+09:00,3690.0,3750.0,3630.0,3720.0,310688.0
2020-07-14 00:00:00+09:00,3680.0,3710.0,3570.0,3640.0,376736.0
2020-07-15 00:00:00+09:00,3640.0,3675.0,3575.0,3640.0,266312.0
2020-07-16 00:00:00+09:00,3655.0,3805.0,3580.0,3625.0,554279.0
2020-07-17 00:00:00+09:00,3630.0,3675.0,3540.0,3565.0,300967.0
2020-07-20 00:00:00+09:00,3565.0,3600.0,3445.0,3515.0,281004.0
2020-07-21 00:00:00+09:00,3590.0,3650.0,3515.0,3540.0,279698.0
2020-07-22 00:00:00+09:00,3460.0,3590.0,3460.0,3565.0,264321.0
2020-07-23 00:00:00+09:00,3540.0,3580.0,3430.0,3485.0,307218.0
2020-07-24 00:00:00+09:00,3520.0,3520.0,3305.0,3390.0,375171.0
2020-07-27 00:00:00+09:00,3355.0,3425.0,3290.0,3350.0,239147.0
2020-07-28 00:00:00+09:00,3350.0,3420.0,3350.0,3410.0,124630.0
2020-07-29 00:00:00+09:00,3425.0,3525.0,3375.0,3515.0,215570.0
2020-07-30 00:00:00+09:00,3515.0,3555.0,3450.0,3495.0,115689.0
2020-07-31 00:00:00+09:00,3520.0,3845.0,3460.0,3795.0,2675074.0
2020-08-03 00:00:00+09:00,3795.0,4090.0,3760.0,3900.0,2003846.0
2020-08-04 00:00:00+09:00,3890.0,3890.0,3720.0,3755.0,498223.0
2020-08-05 00:00:00+09:00,3725.0,3785.0,3660.0,3710.0,326840.0
2020-08-06 00:00:00+09:00,3685.0,3875.0,3685.0,3835.0,437161.0
2020-08-07 00:00:00+09:00,3885.0,3940.0,3755.0,3850.0,475783.0
2020-08-10 00:00:00+09:00,3850.0,4040.0,3770.0,3970.0,982846.0
2020-08-11 00:00:00+09:00,3990.0,4030.0,3800.0,3830.0,496658.0
2020-08-12 00:00:00+09:00,3860.0,4200.0,3700.0,4170.0,1941525.0
2020-08-13 00:00:00+09:00,4150.0,4150.0,3900.0,3945.0,913189.0
2020-08-14 00:00:00+09:00,3945.0,3975.0,3675.0,3755.0,850822.0
2020-08-18 00:00:00+09:00,3700.0,3745.0,3370.0,3450.0,564871.0
2020-08-19 00:00:00+09:00,3455.0,3550.0,3300.0,3400.0,456555.0
2020-08-20 00:00:00+09:00,3395.0,3425.0,3165.0,3315.0,380151.0
2020-08-21 00:00:00+09:00,3315.0,3360.0,3205.0,3315.0,192655.0
2020-08-24 00:00:00+09:00,3255.0,3390.0,3220.0,3370.0,219026.0
2020-08-25 00:00:00+09:00,3370.0,3440.0,3320.0,3385.0,240937.0
2020-08-26 00:00:00+09:00,3390.0,3420.0,3275.0,3405.0,228292.0
2020-08-27 00:00:00+09:00,3415.0,3415.0,3320.0,3395.0,146753.0
2020-08-28 00:00:00+09:00,3415.0,3415.0,3315.0,3400.0,150498.0
2020-08-31 00:00:00+09:00,3430.0,3430.0,3315.0,3360.0,116096.0
2020-09-01 00:00:00+09:00,3360.0,3405.0,3330.0,3390.0,138402.0
2020-09-02 00:00:00+09:00,3395.0,3405.0,3330.0,3375.0,115163.0
2020-09-03 00:00:00+09:00,3350.0,3385.0,3335.0,3370.0,124158.0
2020-09-04 00:00:00+09:00,3210.0,3320.0,3200.0,3300.0,131822.0
2020-09-07 00:00:00+09:00,3300.0,3375.0,3255.0,3350.0,109014.0
2020-09-08 00:00:00+09:00,3395.0,3460.0,3315.0,3455.0,340390.0
2020-09-09 00:00:00+09:00,3385.0,3480.0,3385.0,3460.0,302515.0
2020-09-10 00:00:00+09:00,3510.0,3745.0,3480.0,3665.0,690284.0
2020-09-11 00:00:00+09:00,3665.0,3665.0,3520.0,3650.0,252138.0
2020-09-14 00:00:00+09:00,3610.0,3680.0,3590.0,3680.0,156448.0
2020-09-15 00:00:00+09:00,3765.0,3800.0,3605.0,3700.0,195690.0
2020-09-16 00:00:00+09:00,3700.0,3945.0,3665.0,3815.0,731474.0
2020-09-17 00:00:00+09:00,3820.0,4955.0,3715.0,4955.0,16853753.0
2020-09-18 00:00:00+09:00,5400.0,6440.0,5080.0,6440.0,67552767.0
2020-09-21 00:00:00+09:00,6650.0,8240.0,6340.0,6580.0,34222237.0
2020-09-22 00:00:00+09:00,6590.0,7120.0,6130.0,7120.0,2626530.0
2020-09-23 00:00:00+09:00,7260.0,7260.0,6630.0,6630.0,1399135.0
2020-09-24 00:00:00+09:00,6300.0,7100.0,6140.0,7100.0,1567256.0
2020-09-25 00:00:00+09:00,7600.0,8240.0,6540.0,6540.0,11161679.0
2020-09-28 00:00:00+09:00,6560.0,6810.0,5940.0,6300.0,2355149.0
2020-09-29 00:00:00+09:00,6340.0,6530.0,5950.0,6000.0,2702691.0
2020-10-05 00:00:00+09:00,5840.0,6160.0,5820.0,6120.0,1359781.0
2020-10-06 00:00:00+09:00,6120.0,6730.0,6070.0,6660.0,4986919.0
2020-10-07 00:00:00+09:00,6500.0,6580.0,6250.0,6460.0,1812787.0
2020-10-08 00:00:00+09:00,6700.0,6850.0,6440.0,6760.0,2470418.0
2020-10-12 00:00:00+09:00,6820.0,6980.0,6380.0,6860.0,2631597.0
2020-10-13 00:00:00+09:00,6900.0,7000.0,6510.0,6540.0,2448625.0
2020-10-14 00:00:00+09:00,6590.0,6620.0,6420.0,6550.0,1113120.0
2020-10-15 00:00:00+09:00,6550.0,6580.0,6240.0,6310.0,1050846.0
2020-10-16 00:00:00+09:00,6250.0,6360.0,6110.0,6250.0,970765.0
2020-10-19 00:00:00+09:00,6200.0,6330.0,5970.0,6130.0,872074.0
2020-10-20 00:00:00+09:00,6050.0,6300.0,6010.0,6300.0,815027.0
2020-10-21 00:00:00+09:00,6250.0,6390.0,6200.0,6300.0,539000.0
2020-10-22 00:00:00+09:00,6390.0,6550.0,6060.0,6150.0,1542840.0
2020-10-23 00:00:00+09:00,6130.0,6500.0,6100.0,6270.0,1806042.0
2020-10-26 00:00:00+09:00,6250.0,6260.0,5850.0,5850.0,1081928.0
2020-10-27 00:00:00+09:00,5770.0,6060.0,5660.0,5910.0,640949.0
2020-10-28 00:00:00+09:00,5550.0,6100.0,5530.0,5960.0,945224.0
2020-10-29 00:00:00+09:00,5760.0,6090.0,5720.0,6000.0,598130.0
2020-10-30 00:00:00+09:00,6080.0,6460.0,5550.0,5550.0,6075892.0
2020-11-02 00:00:00+09:00,5550.0,5690.0,5410.0,5510.0,816606.0
2020-11-03 00:00:00+09:00,5700.0,5860.0,5510.0,5550.0,1119971.0
2020-11-04 00:00:00+09:00,5650.0,5690.0,5490.0,5540.0,488324.0
2020-11-05 00:00:00+09:00,5560.0,5890.0,5540.0,5890.0,953339.0
2020-11-06 00:00:00+09:00,5870.0,6020.0,5620.0,5710.0,723196.0
2020-11-09 00:00:00+09:00,5830.0,6170.0,5800.0,6150.0,1611836.0
2020-11-10 00:00:00+09:00,6330.0,7560.0,6100.0,7140.0,22762083.0
2020-11-11 00:00:00+09:00,7050.0,7170.0,6810.0,7050.0,4069574.0
2020-11-12 00:00:00+09:00,7010.0,7270.0,6540.0,6560.0,3807980.0
2020-11-13 00:00:00+09:00,6490.0,6610.0,6260.0,6380.0,1532665.0
2020-11-16 00:00:00+09:00,6250.0,6290.0,6120.0,6170.0,1221028.0
2020-11-17 00:00:00+09:00,6190.0,6250.0,6090.0,6190.0,752082.0
2020-11-18 00:00:00+09:00,6150.0,6420.0,6140.0,6400.0,1280440.0
2020-11-19 00:00:00+09:00,6440.0,6490.0,6210.0,6300.0,1191845.0
2020-11-20 00:00:00+09:00,6300.0,6400.0,6200.0,6290.0,684484.0
2020-11-23 00:00:00+09:00,6860.0,7270.0,6460.0,6470.0,5880940.0
2020-11-24 00:00:00+09:00,6540.0,7000.0,6480.0,7000.0,3282666.0
2020-11-25 00:00:00+09:00,6890.0,6990.0,6480.0,6650.0,2114164.0
2020-11-26 00:00:00+09:00,6650.0,6790.0,6470.0,6730.0,799135.0
2020-11-27 00:00:00+09:00,6730.0,6850.0,6580.0,6740.0,941549.0
2020-11-30 00:00:00+09:00,6770.0,7080.0,6750.0,6770.0,2327785.0
2020-12-01 00:00:00+09:00,6770.0,6950.0,6600.0,6910.0,1470598.0
2020-12-02 00:00:00+09:00,6900.0,7000.0,6800.0,6970.0,1115185.0
2020-12-03 00:00:00+09:00,6960.0,7070.0,6800.0,7020.0,1128130.0
2020-12-04 00:00:00+09:00,7040.0,7040.0,6760.0,6770.0,829479.0
2020-12-07 00:00:00+09:00,6690.0,6740.0,6410.0,6510.0,1007277.0
2020-12-08 00:00:00+09:00,6470.0,6650.0,6300.0,6320.0,681805.0
2020-12-09 00:00:00+09:00,6320.0,6550.0,6320.0,6550.0,448675.0
2020-12-10 00:00:00+09:00,6500.0,6600.0,6400.0,6420.0,340503.0
2020-12-11 00:00:00+09:00,6430.0,6580.0,6410.0,6420.0,274978.0
2020-12-14 00:00:00+09:00,6440.0,6460.0,6320.0,6330.0,284872.0
2020-12-15 00:00:00+09:00,6340.0,6410.0,6180.0,6220.0,275042.0
2020-12-16 00:00:00+09:00,6240.0,6590.0,6220.0,6430.0,539112.0
2020-12-17 00:00:00+09:00,6420.0,6480.0,6340.0,6340.0,243396.0
2020-12-18 00:00:00+09:00,6530.0,6860.0,6400.0,6700.0,1980052.0
2020-12-21 00:00:00+09:00,6730.0,6880.0,6690.0,6770.0,1082947.0
2020-12-22 00:00:00+09:00,6710.0,6730.0,6340.0,6420.0,586122.0
2020-12-23 00:00:00+09:00,6500.0,8340.0,6200.0,8340.0,26247731.0
2020-12-24 00:00:00+09:00,8740.0,9840.0,6890.0,6980.0,38170907.0
2020-12-28 00:00:00+09:00,6830.0,8690.0,6740.0,8010.0,62248166.0
2020-12-29 00:00:00+09:00,8140.0,8920.0,7920.0,8180.0,23929106.0
2020-12-30 00:00:00+09:00,8210.0,10600.0,7960.0,10600.0,23275517.0
2021-01-04 00:00:00+09:00,11600.0,12750.0,11050.0,11200.0,35619872.0
2021-01-05 00:00:00+09:00,11150.0,13800.0,10900.0,11900.0,26454369.0
2021-01-06 00:00:00+09:00,12000.0,12250.0,11100.0,11300.0,3280443.0
2021-01-07 00:00:00+09:00,11450.0,12350.0,11050.0,11700.0,5580965.0
2021-01-08 00:00:00+09:00,11350.0,11550.0,10450.0,10950.0,3378765.0
2021-01-11 00:00:00+09:00,11050.0,11150.0,9950.0,10250.0,2017948.0
2021-01-12 00:00:00+09:00,10000.0,10800.0,9840.0,10100.0,1482208.0
2021-01-13 00:00:00+09:00,10400.0,10700.0,10000.0,10550.0,1628517.0
2021-01-14 00:00:00+09:00,10650.0,11700.0,10550.0,11250.0,4065214.0
2021-01-15 00:00:00+09:00,11350.0,11350.0,10700.0,11300.0,1233680.0
2021-01-18 00:00:00+09:00,11300.0,11650.0,10900.0,11450.0,1864673.0
2021-01-19 00:00:00+09:00,11650.0,11950.0,11250.0,11550.0,2542255.0
2021-01-20 00:00:00+09:00,11100.0,12200.0,10800.0,11600.0,3364556.0
2021-01-21 00:00:00+09:00,11600.0,12850.0,11350.0,12350.0,12848427.0
2021-01-22 00:00:00+09:00,12150.0,12250.0,11250.0,11550.0,2379967.0
2021-01-25 00:00:00+09:00,11550.0,11550.0,11050.0,11250.0,1135736.0
2021-01-26 00:00:00+09:00,11150.0,11700.0,11000.0,11050.0,978930.0
2021-01-27 00:00:00+09:00,11000.0,11200.0,10700.0,10900.0,920669.0
2021-01-28 00:00:00+09:00,10500.0,10700.0,10200.0,10400.0,908247.0
2021-01-29 00:00:00+09:00,10600.0,10700.0,9520.0,9860.0,1273697.0
2021-02-01 00:00:00+09:00,9800.0,10300.0,9540.0,10200.0,795125.0
2021-02-02 00:00:00+09:00,10200.0,10400.0,10000.0,10300.0,567910.0
2021-02-03 00:00:00+09:00,10400.0,11000.0,10400.0,10700.0,832610.0
2021-02-04 00:00:00+09:00,10700.0,10750.0,10200.0,10450.0,354416.0
2021-02-05 00:00:00+09:00,10450.0,10550.0,10100.0,10250.0,372959.0
2021-02-08 00:00:00+09:00,10050.0,10250.0,9950.0,9970.0,376290.0
2021-02-09 00:00:00+09:00,10000.0,10650.0,9960.0,10050.0,670704.0
2021-02-10 00:00:00+09:00,10150.0,10650.0,10050.0,10300.0,727759.0
2021-02-15 00:00:00+09:00,10550.0,10650.0,10250.0,10350.0,548344.0
2021-02-16 00:00:00+09:00,10400.0,10650.0,10150.0,10600.0,746381.0
2021-02-17 00:00:00+09:00,10550.0,10550.0,10200.0,10250.0,512349.0
2021-02-18 00:00:00+09:00,10250.0,10250.0,10000.0,10050.0,463055.0
2021-02-19 00:00:00+09:00,10000.0,10100.0,9820.0,9950.0,431158.0
2021-02-22 00:00:00+09:00,10300.0,10300.0,9860.0,9870.0,423985.0
2021-02-23 00:00:00+09:00,9870.0,9870.0,9200.0,9520.0,408108.0
2021-02-24 00:00:00+09:00,9520.0,9620.0,8970.0,8970.0,585844.0
2021-02-25 00:00:00+09:00,9150.0,9250.0,8970.0,9200.0,298691.0
2021-02-26 00:00:00+09:00,8840.0,10000.0,8750.0,9000.0,2256078.0
2021-03-02 00:00:00+09:00,9100.0,9240.0,8810.0,8940.0,374535.0
2021-03-03 00:00:00+09:00,8950.0,9040.0,8770.0,8850.0,196665.0
2021-03-04 00:00:00+09:00,8760.0,8870.0,8500.0,8670.0,362120.0
2021-03-05 00:00:00+09:00,8700.0,8800.0,8310.0,8780.0,402381.0
2021-03-08 00:00:00+09:00,8780.0,8810.0,8270.0,8320.0,435578.0
2021-03-09 00:00:00+09:00,8250.0,8380.0,7860.0,8280.0,524863.0
2021-03-10 00:00:00+09:00,8600.0,9500.0,8170.0,8230.0,2950915.0
2021-03-11 00:00:00+09:00,8300.0,8820.0,8230.0,8600.0,475228.0
2021-03-12 00:00:00+09:00,8970.0,9160.0,8730.0,8950.0,664249.0
2021-03-15 00:00:00+09:00,9070.0,9290.0,8950.0,9140.0,436632.0
2021-03-16 00:00:00+09:00,9050.0,9230.0,9010.0,9090.0,340420.0
2021-03-17 00:00:00+09:00,9000.0,9050.0,8690.0,8770.0,354695.0
2021-03-18 00:00:00+09:00,8860.0,8990.0,8770.0,8800.0,189185.0
2021-03-19 00:00:00+09:00,8540.0,8730.0,8490.0,8620.0,206134.0
2021-03-22 00:00:00+09:00,8660.0,8690.0,8350.0,8400.0,313075.0
2021-03-23 00:00:00+09:00,8460.0,8500.0,8190.0,8220.0,211967.0
2021-03-24 00:00:00+09:00,8200.0,8700.0,8010.0,8280.0,319129.0
2021-03-25 00:00:00+09:00,8200.0,8400.0,8200.0,8240.0,172982.0
2021-03-26 00:00:00+09:00,8250.0,8330.0,8120.0,8170.0,243651.0
2021-03-29 00:00:00+09:00,8190.0,8200.0,8010.0,8160.0,259854.0
2021-03-30 00:00:00+09:00,8960.0,10000.0,8800.0,8880.0,9746767.0
2021-03-31 00:00:00+09:00,8880.0,9000.0,8570.0,8590.0,712254.0
2021-04-01 00:00:00+09:00,8720.0,10500.0,8610.0,9980.0,15254561.0
2021-04-02 00:00:00+09:00,9640.0,9750.0,9460.0,9700.0,2511897.0
2021-04-05 00:00:00+09:00,10000.0,10500.0,9610.0,9720.0,6057382.0
2021-04-06 00:00:00+09:00,9740.0,10450.0,9640.0,10350.0,3298869.0
2021-04-07 00:00:00+09:00,10250.0,10500.0,10000.0,10100.0,1448878.0
2021-04-08 00:00:00+09:00,10250.0,10250.0,9800.0,10050.0,884605.0
2021-04-09 00:00:00+09:00,10000.0,10250.0,9950.0,9950.0,589430.0
2021-04-12 00:00:00+09:00,10400.0,10600.0,9980.0,9980.0,1230253.0
2021-04-13 00:00:00+09:00,10100.0,10200.0,9930.0,9940.0,552150.0
2021-04-14 00:00:00+09:00,10450.0,10650.0,10050.0,10100.0,1874272.0
2021-04-15 00:00:00+09:00,10300.0,11250.0,10150.0,11050.0,9877806.0
2021-04-16 00:00:00+09:00,10850.0,10950.0,10350.0,10700.0,1720247.0
2021-04-19 00:00:00+09:00,10800.0,11250.0,10700.0,10750.0,1981447.0
2021-04-20 00:00:00+09:00,10600.0,10650.0,10300.0,10400.0,744778.0
2021-04-21 00:00:00+09:00,10250.0,10300.0,10000.0,10050.0,673892.0
2021-04-22 00:00:00+09:00,10150.0,10250.0,10000.0,10200.0,435811.0
2021-04-23 00:00:00+09:00,10100.0,10250.0,10000.0,10150.0,360527.0
2021-04-26 00:00:00+09:00,10150.0,10550.0,9990.0,10450.0,891236.0
2021-04-27 00:00:00+09:00,10400.0,10450.0,10200.0,10250.0,366608.0
2021-04-28 00:00:00+09:00,10250.0,10300.0,9700.0,9800.0,712085.0
2021-04-29 00:00:00+09:00,9910.0,10100.0,9700.0,9940.0,373464.0
2021-04-30 00:00:00+09:00,10050.0,10100.0,9700.0,9840.0,241224.0
2021-05-03 00:00:00+09:00,9750.0,9890.0,9550.0,9630.0,209687.0
2021-05-04 00:00:00+09:00,9670.0,9680.0,9040.0,9520.0,432128.0
2021-05-06 00:00:00+09:00,9480.0,9650.0,9310.0,9540.0,161718.0
2021-05-07 00:00:00+09:00,9560.0,9810.0,9520.0,9680.0,197351.0
2021-05-10 00:00:00+09:00,9880.0,10550.0,9810.0,10400.0,1327546.0
2021-05-11 00:00:00+09:00,10150.0,10600.0,10100.0,10500.0,763217.0
2021-05-12 00:00:00+09:00,10400.0,10700.0,10250.0,10600.0,732495.0
2021-05-13 00:00:00+09:00,10400.0,10850.0,10000.0,10150.0,978987.0
2021-05-14 00:00:00+09:00,10150.0,10850.0,10050.0,10600.0,1402637.0
2021-05-17 00:00:00+09:00,10650.0,10850.0,9860.0,9950.0,1862523.0
2021-05-18 00:00:00+09:00,10000.0,10200.0,9930.0,9960.0,412079.0
2021-05-20 00:00:00+09:00,10050.0,10950.0,10000.0,10750.0,3122618.0
2021-05-21 00:00:00+09:00,10850.0,11550.0,10650.0,11250.0,4380298.0
2021-05-24 00:00:00+09:00,11200.0,11400.0,10300.0,10400.0,1259374.0
2021-05-25 00:00:00+09:00,10600.0,11600.0,10550.0,11400.0,2258884.0
2021-05-26 00:00:00+09:00,11500.0,12250.0,11100.0,11200.0,5176454.0
2021-05-27 00:00:00+09:00,11200.0,12000.0,10800.0,11950.0,2447447.0
2021-05-28 00:00:00+09:00,11750.0,12150.0,11650.0,11800.0,1398094.0
2021-05-31 00:00:00+09:00,11850.0,12050.0,11600.0,11750.0,922356.0
2021-06-01 00:00:00+09:00,11750.0,11950.0,11400.0,11450.0,725358.0
2021-06-02 00:00:00+09:00,11600.0,11850.0,11450.0,11500.0,534666.0
2021-06-03 00:00:00+09:00,11700.0,12300.0,11550.0,12050.0,2203920.0
2021-06-04 00:00:00+09:00,11950.0,12000.0,11450.0,11750.0,914048.0
2021-06-07 00:00:00+09:00,11850.0,11900.0,11400.0,11750.0,628086.0
2021-06-08 00:00:00+09:00,11700.0,12150.0,11450.0,12050.0,871617.0
2021-06-09 00:00:00+09:00,12200.0,12650.0,11850.0,12050.0,2112063.0
2021-06-10 00:00:00+09:00,12050.0,12400.0,11850.0,12050.0,652387.0
2021-06-11 00:00:00+09:00,12050.0,12400.0,12000.0,12100.0,545602.0
2021-06-14 00:00:00+09:00,12250.0,12800.0,12100.0,12450.0,1853902.0
2021-06-15 00:00:00+09:00,12400.0,12950.0,12300.0,12800.0,1157587.0
2021-06-16 00:00:00+09:00,12700.0,13150.0,12550.0,12750.0,992137.0
2021-06-17 00:00:00+09:00,12700.0,14150.0,12550.0,13700.0,5241738.0
2021-06-18 00:00:00+09:00,13700.0,13950.0,13500.0,13700.0,1219745.0
2021-06-21 00:00:00+09:00,13500.0,14100.0,13450.0,13600.0,1310576.0
2021-06-22 00:00:00+09:00,13800.0,14600.0,13050.0,14250.0,2619156.0
2021-06-23 00:00:00+09:00,14400.0,15750.0,14200.0,15500.0,4071645.0
2021-06-24 00:00:00+09:00,15700.0,16250.0,15000.0,15650.0,1960305.0
2021-06-25 00:00:00+09:00,15650.0,16250.0,15450.0,15600.0,931092.0
2021-06-28 00:00:00+09:00,15600.0,16350.0,15550.0,15800.0,1369571.0
2021-06-29 00:00:00+09:00,15800.0,15900.0,14650.0,15200.0,2071827.0
2021-06-30 00:00:00+09:00,15250.0,15700.0,15100.0,15300.0,662355.0
2021-07-01 00:00:00+09:00,15150.0,15250.0,14750.0,14850.0,878028.0
2021-07-02 00:00:00+09:00,15000.0,15400.0,14850.0,14900.0,700742.0
2021-07-05 00:00:00+09:00,15000.0,15100.0,14500.0,14850.0,520045.0
2021-07-06 00:00:00+09:00,14900.0,15700.0,14900.0,15400.0,793230.0
2021-07-07 00:00:00+09:00,15300.0,15550.0,14550.0,14900.0,950999.0
2021-07-08 00:00:00+09:00,15000.0,15250.0,14650.0,14700.0,582990.0
2021-07-09 00:00:00+09:00,14600.0,15500.0,14400.0,15450.0,1050915.0
2021-07-12 00:00:00+09:00,15700.0,15750.0,15200.0,15350.0,532144.0
2021-07-13 00:00:00+09:00,15500.0,17850.0,15350.0,16800.0,5288616.0
2021-07-14 00:00:00+09:00,16750.0,17600.0,16500.0,17200.0,1947313.0
2021-07-15 00:00:00+09:00,17300.0,17450.0,16850.0,17100.0,730667.0
2021-07-16 00:00:00+09:00,16900.0,17450.0,16800.0,17100.0,662450.0
2021-07-19 00:00:00+09:00,16800.0,17250.0,16300.0,16600.0,774810.0
2021-07-20 00:00:00+09:00,16200.0,17750.0,16050.0,17300.0,1982460.0
2021-07-21 00:00:00+09:00,17300.0,17300.0,16400.0,16700.0,1004849.0
2021-07-22 00:00:00+09:00,16850.0,17000.0,16450.0,16650.0,477335.0
2021-07-23 00:00:00+09:00,16650.0,16750.0,16150.0,16250.0,541578.0
2021-07-26 00:00:00+09:00,16300.0,16500.0,15900.0,15950.0,487842.0
2021-07-27 00:00:00+09:00,15850.0,16250.0,15800.0,15950.0,375044.0
2021-07-28 00:00:00+09:00,15850.0,16200.0,15700.0,15850.0,407395.0
2021-07-29 00:00:00+09:00,16050.0,16050.0,15300.0,15850.0,431526.0
2021-07-30 00:00:00+09:00,16100.0,16500.0,15950.0,16200.0,878885.0
2021-08-02 00:00:00+09:00,16200.0,16250.0,15350.0,15800.0,514104.0
2021-08-03 00:00:00+09:00,15900.0,15900.0,14950.0,15000.0,480869.0
2021-08-04 00:00:00+09:00,14950.0,15250.0,14950.0,15250.0,366514.0
2021-08-05 00:00:00+09:00,15350.0,16250.0,15250.0,16050.0,916198.0
2021-08-06 00:00:00+09:00,16200.0,16750.0,16100.0,16250.0,830088.0
2021-08-09 00:00:00+09:00,17000.0,21000.0,16550.0,20000.0,7502980.0
2021-08-10 00:00:00+09:00,19450.0,19650.0,18100.0,19150.0,3618772.0
2021-08-11 00:00:00+09:00,18950.0,19900.0,18650.0,18800.0,1738635.0
2021-08-12 00:00:00+09:00,19000.0,22600.0,18800.0,21000.0,12948007.0
2021-08-13 00:00:00+09:00,21000.0,21350.0,19950.0,20750.0,2903210.0
2021-08-17 00:00:00+09:00,21000.0,21150.0,18800.0,18800.0,2501709.0
2021-08-18 00:00:00+09:00,18350.0,19600.0,18050.0,18850.0,1725255.0
2021-08-19 00:00:00+09:00,18550.0,19550.0,18450.0,19000.0,1503488.0
2021-08-20 00:00:00+09:00,19100.0,19250.0,17350.0,17850.0,1623990.0
2021-08-23 00:00:00+09:00,17600.0,17750.0,15550.0,17150.0,3174267.0
2021-08-24 00:00:00+09:00,17250.0,18550.0,16800.0,17350.0,2216122.0
2021-08-25 00:00:00+09:00,17350.0,17350.0,16350.0,16500.0,1387455.0
2021-08-26 00:00:00+09:00,16700.0,17150.0,16350.0,16500.0,793080.0
2021-08-27 00:00:00+09:00,16300.0,16950.0,16150.0,16900.0,611220.0
2021-08-30 00:00:00+09:00,16700.0,16900.0,16000.0,16300.0,843259.0
2021-08-31 00:00:00+09:00,16350.0,16900.0,16100.0,16450.0,688557.0
2021-09-01 00:00:00+09:00,16500.0,16950.0,16500.0,16800.0,485770.0
2021-09-02 00:00:00+09:00,17050.0,17050.0,16600.0,16750.0,379715.0
2021-09-03 00:00:00+09:00,17000.0,18650.0,16950.0,18100.0,4546723.0
2021-09-06 00:00:00+09:00,17950.0,18500.0,17450.0,18300.0,1135020.0
2021-09-07 00:00:00+09:00,18800.0,19550.0,18600.0,18650.0,2289257.0
2021-09-08 00:00:00+09:00,19000.0,19200.0,18150.0,18500.0,1105783.0
2021-09-09 00:00:00+09:00,18150.0,18600.0,17950.0,18050.0,558548.0
2021-09-10 00:00:00+09:00,17850.0,19050.0,17850.0,18200.0,1241576.0
2021-09-13 00:00:00+09:00,18200.0,18350.0,17450.0,17700.0,632398.0
2021-09-14 00:00:00+09:00,18300.0,18800.0,17850.0,17950.0,899505.0
2021-09-15 00:00:00+09:00,18300.0,18500.0,17900.0,18250.0,529162.0
2021-09-16 00:00:00+09:00,18400.0,18500.0,18100.0,18100.0,436220.0
2021-09-17 00:00:00+09:00,18050.0,18050.0,17600.0,17750.0,339296.0
2021-09-23 00:00:00+09:00,17600.0,18000.0,17550.0,17600.0,324762.0
2021-09-24 00:00:00+09:00,17700.0,19100.0,17700.0,18800.0,2062038.0
2021-09-27 00:00:00+09:00,18600.0,19350.0,18250.0,19300.0,1363019.0
2021-09-28 00:00:00+09:00,19050.0,19300.0,18150.0,18300.0,926757.0
2021-09-29 00:00:00+09:00,17400.0,18100.0,17200.0,18000.0,579594.0
2021-09-30 00:00:00+09:00,17850.0,18700.0,17600.0,18600.0,835487.0
2021-10-01 00:00:00+09:00,18350.0,18800.0,17750.0,17800.0,567515.0
2021-10-05 00:00:00+09:00,17400.0,17850.0,16850.0,16950.0,683245.0
2021-10-06 00:00:00+09:00,17100.0,17450.0,15150.0,15250.0,1206546.0
2021-10-07 00:00:00+09:00,15400.0,15950.0,15250.0,15750.0,559131.0
2021-10-08 00:00:00+09:00,16150.0,16200.0,15300.0,15650.0,659974.0
2021-10-12 00:00:00+09:00,15550.0,16000.0,15400.0,15750.0,379551.0
2021-10-13 00:00:00+09:00,16300.0,16650.0,16000.0,16650.0,680639.0
2021-10-14 00:00:00+09:00,16800.0,18100.0,16700.0,18100.0,1223280.0
2021-10-15 00:00:00+09:00,18300.0,18500.0,17650.0,18450.0,950226.0
2021-10-18 00:00:00+09:00,18400.0,20200.0,17800.0,18300.0,2933836.0
2021-10-19 00:00:00+09:00,18450.0,18550.0,17800.0,18000.0,752355.0
2021-10-20 00:00:00+09:00,18150.0,18450.0,17300.0,17350.0,623676.0
2021-10-21 00:00:00+09:00,17550.0,17750.0,16400.0,16700.0,866215.0
2021-10-22 00:00:00+09:00,16500.0,16850.0,16200.0,16350.0,563124.0
2021-10-25 00:00:00+09:00,16250.0,16850.0,16150.0,16400.0,418322.0
2021-10-26 00:00:00+09:00,16650.0,17450.0,16500.0,16800.0,639182.0
2021-10-27 00:00:00+09:00,17100.0,17200.0,16700.0,16900.0,421235.0
2021-10-28 00:00:00+09:00,16850.0,16850.0,16200.0,16300.0,516355.0
2021-10-29 00:00:00+09:00,16450.0,16800.0,16150.0,16250.0,311321.0
2021-11-01 00:00:00+09:00,16350.0,16350.0,15850.0,15950.0,280014.0
2021-11-02 00:00:00+09:00,16100.0,16350.0,16000.0,16100.0,170147.0
2021-11-03 00:00:00+09:00,16100.0,16250.0,15800.0,15950.0,238873.0
2021-11-04 00:00:00+09:00,16150.0,16200.0,15700.0,15850.0,287271.0
2021-11-05 00:00:00+09:00,16000.0,16100.0,15650.0,15750.0,204654.0
2021-11-08 00:00:00+09:00,15850.0,16100.0,15400.0,16050.0,240073.0
2021-11-09 00:00:00+09:00,16300.0,16750.0,16050.0,16200.0,482831.0
2021-11-10 00:00:00+09:00,16200.0,16200.0,15550.0,15600.0,345959.0
2021-11-11 00:00:00+09:00,15400.0,15900.0,15250.0,15350.0,331636.0
2021-11-12 00:00:00+09:00,15400.0,15500.0,15200.0,15400.0,381612.0
2021-11-15 00:00:00+09:00,15500.0,15800.0,15150.0,15500.0,344964.0
2021-11-16 00:00:00+09:00,15400.0,15750.0,15400.0,15500.0,276932.0
2021-11-17 00:00:00+09:00,15550.0,15700.0,15050.0,15150.0,411023.0
2021-11-18 00:00:00+09:00,15050.0,15050.0,14150.0,14350.0,543713.0
2021-11-19 00:00:00+09:00,14750.0,15550.0,14600.0,14850.0,854389.0
2021-11-22 00:00:00+09:00,14700.0,15150.0,14600.0,15150.0,403059.0
2021-11-23 00:00:00+09:00,14950.0,15300.0,14900.0,15050.0,252368.0
2021-11-24 00:00:00+09:00,15850.0,15850.0,15300.0,15500.0,455456.0
2021-11-25 00:00:00+09:00,15650.0,15700.0,15350.0,15400.0,210306.0
2021-11-26 00:00:00+09:00,15400.0,15650.0,14750.0,14950.0,270371.0
2021-11-29 00:00:00+09:00,14350.0,14900.0,14150.0,14600.0,309474.0
2021-11-30 00:00:00+09:00,14650.0,15050.0,14400.0,14550.0,364120.0
2021-12-01 00:00:00+09:00,15000.0,15200.0,14400.0,15000.0,333660.0
2021-12-02 00:00:00+09:00,14700.0,15350.0,14600.0,15200.0,281760.0
2021-12-03 00:00:00+09:00,15250.0,15400.0,15050.0,15250.0,222045.0
2021-12-06 00:00:00+09:00,14950.0,15250.0,14800.0,15100.0,204299.0
2021-12-07 00:00:00+09:00,15250.0,15700.0,15100.0,15300.0,420110.0
2021-12-08 00:00:00+09:00,15600.0,15900.0,15450.0,15750.0,528489.0
2021-12-09 00:00:00+09:00,15900.0,15950.0,15550.0,15700.0,269958.0
2021-12-10 00:00:00+09:00,15500.0,15800.0,15450.0,15700.0,179522.0
2021-12-13 00:00:00+09:00,15850.0,16650.0,15700.0,16400.0,918929.0
2021-12-14 00:00:00+09:00,16200.0,16400.0,15900.0,16150.0,312378.0
2021-12-15 00:00:00+09:00,16000.0,16150.0,15700.0,16100.0,272736.0
2021-12-16 00:00:00+09:00,16300.0,17050.0,16200.0,16450.0,1063913.0
2021-12-17 00:00:00+09:00,16050.0,17200.0,16050.0,16950.0,1406941.0
2021-12-20 00:00:00+09:00,16900.0,16900.0,16500.0,16550.0,425562.0
2021-12-21 00:00:00+09:00,16550.0,16650.0,16050.0,16400.0,384644.0
2021-12-22 00:00:00+09:00,16400.0,16500.0,16000.0,16000.0,282363.0
2021-12-23 00:00:00+09:00,15950.0,16500.0,15900.0,16150.0,328546.0
2021-12-24 00:00:00+09:00,16100.0,16400.0,15950.0,16100.0,206626.0
2021-12-27 00:00:00+09:00,16150.0,16150.0,15800.0,16000.0,264941.0
2021-12-28 00:00:00+09:00,16050.0,16300.0,15900.0,16300.0,196988.0
2021-12-29 00:00:00+09:00,16150.0,16550.0,16150.0,16550.0,217588.0
2021-12-30 00:00:00+09:00,16450.0,16650.0,16300.0,16600.0,218718.0
2022-01-03 00:00:00+09:00,16750.0,17100.0,16600.0,17050.0,505096.0
2022-01-04 00:00:00+09:00,17500.0,17850.0,17350.0,17700.0,1135704.0
2022-01-05 00:00:00+09:00,17500.0,17950.0,17300.0,17850.0,642158.0
2022-01-06 00:00:00+09:00,17500.0,18700.0,17450.0,18300.0,1836849.0
2022-01-07 00:00:00+09:00,18600.0,18800.0,17950.0,18400.0,783199.0
2022-01-10 00:00:00+09:00,18200.0,18400.0,17600.0,17700.0,709691.0
2022-01-11 00:00:00+09:00,17550.0,18300.0,17350.0,18200.0,1104035.0
2022-01-12 00:00:00+09:00,18700.0,18750.0,17950.0,18200.0,1180137.0
2022-01-13 00:00:00+09:00,18600.0,20450.0,18350.0,19250.0,7722158.0
2022-01-14 00:00:00+09:00,18850.0,19350.0,18800.0,19100.0,965214.0
2022-01-17 00:00:00+09:00,19350.0,19650.0,18350.0,19100.0,2103442.0
2022-01-18 00:00:00+09:00,19150.0,19200.0,17500.0,17600.0,1324707.0
2022-01-19 00:00:00+09:00,17050.0,17550.0,16600.0,16750.0,1068701.0
2022-01-20 00:00:00+09:00,16850.0,17350.0,16700.0,17350.0,477451.0
2022-01-21 00:00:00+09:00,16950.0,17250.0,15350.0,15600.0,1675407.0
2022-01-24 00:00:00+09:00,15650.0,16000.0,15150.0,15800.0,550477.0
2022-01-25 00:00:00+09:00,15750.0,15950.0,14800.0,14950.0,574898.0
2022-01-26 00:00:00+09:00,14950.0,15800.0,14600.0,15400.0,555440.0
2022-01-27 00:00:00+09:00,15150.0,15350.0,14050.0,14050.0,793045.0
2022-01-28 00:00:00+09:00,14050.0,14350.0,13450.0,14100.0,536411.0
2022-02-03 00:00:00+09:00,14300.0,14650.0,14100.0,14350.0,360479.0
2022-02-04 00:00:00+09:00,14350.0,15200.0,14150.0,15200.0,394325.0
2022-02-07 00:00:00+09:00,15300.0,15350.0,14850.0,15100.0,199851.0
2022-02-08 00:00:00+09:00,14950.0,15200.0,14800.0,15050.0,186775.0
2022-02-09 00:00:00+09:00,15150.0,15600.0,15050.0,15600.0,245539.0
2022-02-10 00:00:00+09:00,15800.0,15800.0,15150.0,15250.0,322609.0
2022-02-11 00:00:00+09:00,14950.0,15100.0,14700.0,14700.0,233717.0
2022-02-14 00:00:00+09:00,14350.0,14500.0,13950.0,14000.0,246530.0
2022-02-15 00:00:00+09:00,14100.0,14200.0,13250.0,13500.0,461587.0
2022-02-16 00:00:00+09:00,13900.0,14350.0,13850.0,14350.0,171949.0
2022-02-17 00:00:00+09:00,14350.0,14700.0,13500.0,14100.0,239521.0
2022-02-18 00:00:00+09:00,13800.0,14250.0,13750.0,14100.0,112560.0
2022-02-21 00:00:00+09:00,13750.0,14000.0,13650.0,13950.0,148498.0
2022-02-22 00:00:00+09:00,13500.0,13950.0,13250.0,13300.0,283670.0
2022-02-23 00:00:00+09:00,13500.0,13800.0,13350.0,13700.0,198341.0
2022-02-24 00:00:00+09:00,13500.0,13650.0,12800.0,12800.0,341122.0
2022-02-25 00:00:00+09:00,13200.0,13400.0,13050.0,13250.0,161973.0
2022-02-28 00:00:00+09:00,13350.0,14450.0,13200.0,13650.0,453403.0
2022-03-02 00:00:00+09:00,13750.0,14150.0,13500.0,13900.0,183861.0
2022-03-03 00:00:00+09:00,14000.0,14450.0,14000.0,14400.0,188449.0
2022-03-04 00:00:00+09:00,14400.0,14400.0,14150.0,14300.0,132860.0
2022-03-07 00:00:00+09:00,14050.0,14050.0,13600.0,13650.0,161740.0
2022-03-08 00:00:00+09:00,13300.0,13550.0,13300.0,13450.0,139320.0
2022-03-10 00:00:00+09:00,13700.0,13950.0,13450.0,13600.0,140687.0
2022-03-11 00:00:00+09:00,13800.0,14500.0,13800.0,14050.0,243389.0
2022-03-14 00:00:00+09:00,14000.0,14100.0,13700.0,14000.0,147999.0
2022-03-15 00:00:00+09:00,13800.0,14100.0,13800.0,13850.0,67273.0
2022-03-16 00:00:00+09:00,14100.0,14150.0,13800.0,14150.0,128704.0
2022-03-17 00:00:00+09:00,14450.0,14450.0,14100.0,14200.0,166126.0
2022-03-18 00:00:00+09:00,14250.0,14250.0,14000.0,14100.0,109984.0
2022-03-21 00:00:00+09:00,14150.0,14450.0,14100.0,14150.0,155095.0
2022-03-22 00:00:00+09:00,14300.0,15000.0,14200.0,14850.0,551185.0
2022-03-23 00:00:00+09:00,15200.0,15350.0,14700.0,14850.0,389279.0
2022-03-24 00:00:00+09:00,15050.0,15550.0,14850.0,15300.0,518575.0
2022-03-25 00:00:00+09:00,15550.0,16100.0,15400.0,15800.0,489463.0
2022-03-28 00:00:00+09:00,15900.0,15900.0,15350.0,15450.0,182531.0
2022-03-29 00:00:00+09:00,15500.0,15700.0,15150.0,15350.0,161471.0
2022-03-30 00:00:00+09:00,15450.0,15450.0,15000.0,15050.0,163913.0
2022-03-31 00:00:00+09:00,14950.0,15300.0,14900.0,15150.0,159588.0
2022-04-01 00:00:00+09:00,14900.0,15000.0,14700.0,14750.0,171951.0
2022-04-04 00:00:00+09:00,14750.0,14950.0,14600.0,14700.0,91937.0
2022-04-05 00:00:00+09:00,14900.0,15000.0,14700.0,14750.0,129700.0
2022-04-06 00:00:00+09:00,14550.0,14600.0,14400.0,14550.0,129234.0
2022-04-07 00:00:00+09:00,14350.0,14400.0,14100.0,14150.0,152769.0
2022-04-08 00:00:00+09:00,14250.0,14700.0,14150.0,14650.0,148622.0
2022-04-11 00:00:00+09:00,14600.0,14800.0,14350.0,14550.0,77660.0
2022-04-12 00:00:00+09:00,14300.0,14400.0,13950.0,14150.0,122417.0
2022-04-13 00:00:00+09:00,14150.0,14700.0,14150.0,14500.0,174597.0
2022-04-14 00:00:00+09:00,14850.0,15150.0,14500.0,14500.0,351406.0
2022-04-15 00:00:00+09:00,14350.0,14800.0,14350.0,14750.0,150060.0
2022-04-18 00:00:00+09:00,14800.0,14800.0,14550.0,14700.0,130408.0
2022-04-19 00:00:00+09:00,14650.0,14800.0,14650.0,14800.0,117702.0
2022-04-20 00:00:00+09:00,14800.0,14900.0,14600.0,14900.0,129725.0
2022-04-21 00:00:00+09:00,15200.0,15350.0,14950.0,14950.0,315973.0
2022-04-22 00:00:00+09:00,14800.0,14800.0,14650.0,14800.0,117091.0
2022-04-25 00:00:00+09:00,14450.0,14600.0,14100.0,14200.0,198187.0
2022-04-26 00:00:00+09:00,14300.0,14400.0,14100.0,14300.0,111713.0
2022-04-27 00:00:00+09:00,13750.0,14100.0,13650.0,14100.0,161324.0
2022-04-28 00:00:00+09:00,14100.0,14200.0,13850.0,14100.0,87006.0
2022-04-29 00:00:00+09:00,14000.0,14250.0,13750.0,13950.0,177315.0
2022-05-02 00:00:00+09:00,13800.0,13800.0,13650.0,13750.0,148742.0
2022-05-03 00:00:00+09:00,13850.0,13950.0,13700.0,13750.0,99575.0
2022-05-04 00:00:00+09:00,13750.0,13900.0,13700.0,13800.0,102361.0
2022-05-06 00:00:00+09:00,13550.0,13650.0,13300.0,13550.0,149627.0
2022-05-09 00:00:00+09:00,13350.0,13550.0,12700.0,12700.0,221863.0
2022-05-10 00:00:00+09:00,12350.0,12600.0,11950.0,12600.0,254688.0
2022-05-11 00:00:00+09:00,12350.0,12700.0,12300.0,12650.0,122459.0
2022-05-12 00:00:00+09:00,12350.0,12450.0,11800.0,11900.0,277408.0
2022-05-13 00:00:00+09:00,11900.0,12350.0,11900.0,12250.0,189756.0
2022-05-16 00:00:00+09:00,12700.0,12850.0,12350.0,12550.0,137419.0
2022-05-17 00:00:00+09:00,12350.0,12600.0,12250.0,12600.0,102886.0
2022-05-18 00:00:00+09:00,12750.0,12800.0,12500.0,12650.0,107233.0
2022-05-19 00:00:00+09:00,12200.0,12600.0,12100.0,12550.0,151008.0
2022-05-20 00:00:00+09:00,12700.0,13150.0,12600.0,13100.0,217214.0
2022-05-23 00:00:00+09:00,13200.0,13300.0,12850.0,13050.0,120812.0
2022-05-24 00:00:00+09:00,13100.0,13450.0,12700.0,12750.0,247620.0
2022-05-25 00:00:00+09:00,12800.0,12900.0,12500.0,12850.0,93654.0
2022-05-26 00:00:00+09:00,12850.0,13350.0,12800.0,13000.0,151173.0
2022-05-27 00:00:00+09:00,13150.0,13250.0,12950.0,13050.0,85325.0
2022-05-30 00:00:00+09:00,13250.0,13300.0,13050.0,13250.0,79005.0
2022-05-31 00:00:00+09:00,13300.0,13500.0,13100.0,13200.0,111875.0
2022-06-02 00:00:00+09:00,13200.0,13250.0,12950.0,13050.0,64247.0
2022-06-03 00:00:00+09:00,13150.0,13200.0,12950.0,13050.0,49547.0
2022-06-07 00:00:00+09:00,13050.0,13050.0,12650.0,12750.0,82809.0
2022-06-08 00:00:00+09:00,12750.0,12850.0,12300.0,12350.0,140451.0
2022-06-09 00:00:00+09:00,12300.0,12450.0,12000.0,12300.0,112120.0
2022-06-10 00:00:00+09:00,12150.0,12300.0,12100.0,12150.0,73101.0
2022-06-13 00:00:00+09:00,11600.0,11800.0,11150.0,11250.0,238501.0
2022-06-14 00:00:00+09:00,11000.0,11350.0,10650.0,11000.0,341723.0
2022-06-15 00:00:00+09:00,10900.0,11200.0,10350.0,10350.0,269530.0
2022-06-16 00:00:00+09:00,10800.0,11250.0,10650.0,10700.0,214372.0
2022-06-17 00:00:00+09:00,10250.0,10700.0,10200.0,10650.0,187270.0
2022-06-20 00:00:00+09:00,10850.0,10850.0,9990.0,10150.0,290663.0
2022-06-21 00:00:00+09:00,10150.0,10400.0,10000.0,10350.0,166393.0
2022-06-22 00:00:00+09:00,10400.0,10450.0,9460.0,9570.0,285887.0
2022-06-23 00:00:00+09:00,9500.0,9680.0,9050.0,9180.0,378085.0
2022-06-24 00:00:00+09:00,9020.0,9660.0,9020.0,9650.0,303686.0
2022-06-27 00:00:00+09:00,9900.0,10150.0,9750.0,10100.0,188386.0
2022-06-28 00:00:00+09:00,10050.0,10250.0,9950.0,10150.0,136659.0
2022-06-29 00:00:00+09:00,9900.0,10300.0,9880.0,10250.0,92191.0
2022-06-30 00:00:00+09:00,10350.0,10350.0,9720.0,9870.0,275788.0
2022-07-01 00:00:00+09:00,9770.0,10050.0,9450.0,9670.0,192047.0
2022-07-04 00:00:00+09:00,9630.0,9700.0,9000.0,9640.0,136434.0
2022-07-05 00:00:00+09:00,9680.0,10100.0,9640.0,10100.0,138729.0
2022-07-06 00:00:00+09:00,10200.0,10200.0,9860.0,9980.0,96166.0
2022-07-07 00:00:00+09:00,10000.0,10150.0,9940.0,10100.0,90686.0
2022-07-08 00:00:00+09:00,10200.0,10300.0,10000.0,10300.0,127644.0
2022-07-11 00:00:00+09:00,10300.0,10350.0,10000.0,10200.0,74397.0
2022-07-12 00:00:00+09:00,10050.0,10050.0,9740.0,9810.0,91068.0
2022-07-13 00:00:00+09:00,9750.0,9980.0,9610.0,9980.0,59373.0
2022-07-14 00:00:00+09:00,9950.0,10500.0,9860.0,10400.0,156497.0
2022-07-15 00:00:00+09:00,10450.0,10500.0,10100.0,10300.0,69109.0
2022-07-18 00:00:00+09:00,10450.0,10800.0,10350.0,10800.0,127442.0
2022-07-19 00:00:00+09:00,10600.0,10950.0,10500.0,10900.0,87925.0
2022-07-20 00:00:00+09:00,11000.0,11100.0,10800.0,10950.0,108951.0
2022-07-21 00:00:00+09:00,11250.0,11250.0,10800.0,11000.0,79243.0
2022-07-22 00:00:00+09:00,11200.0,11200.0,10950.0,10950.0,72752.0
2022-07-25 00:00:00+09:00,10950.0,10950.0,10600.0,10900.0,142074.0
2022-07-26 00:00:00+09:00,10900.0,11000.0,10700.0,10900.0,60585.0
2022-07-27 00:00:00+09:00,10900.0,11000.0,10700.0,10950.0,75826.0
2022-07-28 00:00:00+09:00,11050.0,11300.0,10900.0,11250.0,148263.0
2022-07-29 00:00:00+09:00,11450.0,11600.0,11250.0,11500.0,151465.0
2022-08-01 00:00:00+09:00,11500.0,11650.0,11350.0,11600.0,101307.0
2022-08-02 00:00:00+09:00,11500.0,11550.0,11150.0,11300.0,90785.0
2022-08-03 00:00:00+09:00,11150.0,11750.0,11150.0,11700.0,114288.0
2022-08-04 00:00:00+09:00,11850.0,11900.0,11650.0,11800.0,104173.0
2022-08-05 00:00:00+09:00,11900.0,11900.0,11650.0,11900.0,91777.0
2022-08-08 00:00:00+09:00,11850.0,11850.0,11400.0,11500.0,171784.0
2022-08-09 00:00:00+09:00,11550.0,12150.0,11500.0,11900.0,399562.0
2022-08-10 00:00:00+09:00,11800.0,12000.0,11650.0,11850.0,118600.0
2022-08-11 00:00:00+09:00,12050.0,12300.0,11950.0,12150.0,136942.0
2022-08-12 00:00:00+09:00,12000.0,12150.0,11900.0,12050.0,110834.0
2022-08-16 00:00:00+09:00,12200.0,12200.0,11650.0,11850.0,184868.0
2022-08-17 00:00:00+09:00,11750.0,11850.0,11650.0,11750.0,80421.0
2022-08-18 00:00:00+09:00,11600.0,11750.0,11400.0,11700.0,87677.0
2022-08-19 00:00:00+09:00,11700.0,11800.0,11350.0,11450.0,88578.0
2022-08-22 00:00:00+09:00,11100.0,11300.0,11000.0,11150.0,78060.0
2022-08-23 00:00:00+09:00,10850.0,11150.0,10700.0,10950.0,86502.0
2022-08-24 00:00:00+09:00,10800.0,11100.0,10700.0,11000.0,64977.0
2022-08-25 00:00:00+09:00,11000.0,11250.0,11000.0,11100.0,338394.0
2022-08-26 00:00:00+09:00,11250.0,11400.0,11000.0,11100.0,101369.0
2022-08-29 00:00:00+09:00,10550.0,10700.0,10450.0,10500.0,138762.0
2022-08-30 00:00:00+09:00,10500.0,10800.0,10500.0,10700.0,129207.0
2022-08-31 00:00:00+09:00,10500.0,10800.0,10450.0,10800.0,99589.0
2022-09-01 00:00:00+09:00,10700.0,10700.0,10150.0,10300.0,122727.0
2022-09-02 00:00:00+09:00,10400.0,10450.0,10100.0,10150.0,147567.0
2022-09-05 00:00:00+09:00,10000.0,10200.0,9830.0,9880.0,157460.0
2022-09-06 00:00:00+09:00,9880.0,10200.0,9880.0,10200.0,98168.0
2022-09-07 00:00:00+09:00,10150.0,10150.0,9900.0,9950.0,86494.0
2022-09-08 00:00:00+09:00,10000.0,10150.0,9940.0,9950.0,67693.0
2022-09-13 00:00:00+09:00,10100.0,10450.0,10100.0,10450.0,135255.0
2022-09-14 00:00:00+09:00,10000.0,10250.0,9910.0,10250.0,88199.0
2022-09-15 00:00:00+09:00,10350.0,10500.0,10200.0,10450.0,129862.0
2022-09-16 00:00:00+09:00,10300.0,10500.0,10150.0,10250.0,109374.0
2022-09-19 00:00:00+09:00,10250.0,10300.0,9900.0,9940.0,137709.0
2022-09-20 00:00:00+09:00,10000.0,10150.0,10000.0,10150.0,68377.0
2022-09-21 00:00:00+09:00,10100.0,10200.0,10050.0,10200.0,71421.0
2022-09-22 00:00:00+09:00,10200.0,10350.0,9890.0,10300.0,121589.0
2022-09-23 00:00:00+09:00,10350.0,10600.0,10100.0,10200.0,256749.0
2022-09-26 00:00:00+09:00,9950.0,9970.0,9400.0,9540.0,194577.0
2022-09-27 00:00:00+09:00,9260.0,9560.0,9200.0,9560.0,166948.0
2022-09-28 00:00:00+09:00,9450.0,9570.0,9050.0,9130.0,130151.0
2022-09-29 00:00:00+09:00,9180.0,9340.0,8910.0,8980.0,120903.0
2022-09-30 00:00:00+09:00,8580.0,8950.0,8580.0,8950.0,111174.0
2022-10-04 00:00:00+09:00,8990.0,9140.0,8950.0,9140.0,58354.0
2022-10-05 00:00:00+09:00,9220.0,9300.0,8910.0,9090.0,57362.0
2022-10-06 00:00:00+09:00,9170.0,9360.0,9100.0,9360.0,71066.0
2022-10-07 00:00:00+09:00,9230.0,9380.0,9190.0,9380.0,54464.0
2022-10-11 00:00:00+09:00,9190.0,9200.0,8840.0,9040.0,73372.0
2022-10-12 00:00:00+09:00,8930.0,9130.0,8910.0,9000.0,42540.0
2022-10-13 00:00:00+09:00,8870.0,9030.0,8550.0,8700.0,80430.0
2022-10-14 00:00:00+09:00,8810.0,9000.0,8810.0,9000.0,70740.0
2022-10-17 00:00:00+09:00,8800.0,9110.0,8750.0,9100.0,46619.0
2022-10-18 00:00:00+09:00,9220.0,9430.0,9120.0,9400.0,65635.0
2022-10-19 00:00:00+09:00,9510.0,9620.0,9380.0,9490.0,88592.0
2022-10-20 00:00:00+09:00,9440.0,9890.0,9380.0,9510.0,104172.0
2022-10-21 00:00:00+09:00,9510.0,9600.0,9420.0,9440.0,52793.0
2022-10-24 00:00:00+09:00,9500.0,9700.0,9440.0,9540.0,68750.0
2022-10-25 00:00:00+09:00,9550.0,9630.0,9380.0,9430.0,45394.0
2022-10-26 00:00:00+09:00,9450.0,9500.0,9260.0,9370.0,52445.0
2022-10-27 00:00:00+09:00,9350.0,9640.0,9270.0,9560.0,82214.0
2022-10-28 00:00:00+09:00,9550.0,9690.0,9440.0,9570.0,52332.0
2022-10-31 00:00:00+09:00,9580.0,9690.0,9480.0,9630.0,56895.0
2022-11-01 00:00:00+09:00,9700.0,9880.0,9610.0,9870.0,83307.0
2022-11-02 00:00:00+09:00,9900.0,10050.0,9760.0,9920.0,109497.0
2022-11-03 00:00:00+09:00,9650.0,10100.0,9650.0,10050.0,88239.0
2022-11-04 00:00:00+09:00,10000.0,10600.0,9870.0,10400.0,185890.0
2022-11-07 00:00:00+09:00,10300.0,10400.0,10050.0,10200.0,109515.0
2022-11-08 00:00:00+09:00,10100.0,10200.0,9970.0,10100.0,93115.0
2022-11-09 00:00:00+09:00,10150.0,10150.0,9990.0,10100.0,74880.0
2022-11-10 00:00:00+09:00,9970.0,10100.0,9900.0,9950.0,82236.0
2022-11-11 00:00:00+09:00,10250.0,10250.0,9980.0,10050.0,124672.0
2022-11-14 00:00:00+09:00,10100.0,10200.0,10050.0,10100.0,107793.0
2022-11-15 00:00:00+09:00,10100.0,10250.0,10100.0,10200.0,62619.0
2022-11-16 00:00:00+09:00,10300.0,10300.0,9990.0,10100.0,98939.0
2022-11-17 00:00:00+09:00,10000.0,10100.0,9970.0,10100.0,58483.0
2022-11-18 00:00:00+09:00,10000.0,10050.0,9920.0,9960.0,43274.0
2022-11-21 00:00:00+09:00,9920.0,9960.0,9700.0,9770.0,60304.0
2022-11-22 00:00:00+09:00,9710.0,9840.0,9640.0,9710.0,35376.0
2022-11-23 00:00:00+09:00,9850.0,9900.0,9720.0,9800.0,59749.0
2022-11-24 00:00:00+09:00,9940.0,9940.0,9800.0,9920.0,56324.0
2022-11-25 00:00:00+09:00,9920.0,10000.0,9820.0,9990.0,55399.0
2022-11-28 00:00:00+09:00,10200.0,10350.0,9990.0,10050.0,149784.0
2022-11-29 00:00:00+09:00,9990.0,10100.0,9920.0,10000.0,82886.0
2022-11-30 00:00:00+09:00,10000.0,10200.0,9910.0,10200.0,82996.0
2022-12-01 00:00:00+09:00,10350.0,10400.0,10100.0,10150.0,91025.0
2022-12-02 00:00:00+09:00,10200.0,10200.0,10000.0,10100.0,50583.0
2022-12-05 00:00:00+09:00,10100.0,10150.0,9930.0,9930.0,64987.0
2022-12-06 00:00:00+09:00,9860.0,9900.0,9680.0,9700.0,47645.0
2022-12-07 00:00:00+09:00,9630.0,9630.0,9130.0,9200.0,210646.0
2022-12-08 00:00:00+09:00,9200.0,9200.0,8920.0,9010.0,127466.0
2022-12-09 00:00:00+09:00,9030.0,9090.0,8850.0,9030.0,74116.0
2022-12-12 00:00:00+09:00,9070.0,9070.0,8850.0,9000.0,29962.0
2022-12-13 00:00:00+09:00,9030.0,9030.0,8870.0,8940.0,37547.0
2022-12-14 00:00:00+09:00,8940.0,9070.0,8910.0,9010.0,51738.0
2022-12-15 00:00:00+09:00,8920.0,9020.0,8910.0,8970.0,30052.0
2022-12-16 00:00:00+09:00,8850.0,8910.0,8740.0,8790.0,63392.0
2022-12-19 00:00:00+09:00,8790.0,8790.0,8590.0,8590.0,57238.0
2022-12-20 00:00:00+09:00,8600.0,8650.0,8360.0,8400.0,66670.0
2022-12-21 00:00:00+09:00,8450.0,8460.0,8180.0,8270.0,88340.0
2022-12-22 00:00:00+09:00,8300.0,8690.0,8270.0,8490.0,79427.0
2022-12-23 00:00:00+09:00,8400.0,8400.0,8170.0,8200.0,59493.0
2022-12-26 00:00:00+09:00,8180.0,8190.0,8050.0,8090.0,29957.0
2022-12-27 00:00:00+09:00,8020.0,8150.0,8000.0,8100.0,54438.0
2022-12-28 00:00:00+09:00,8050.0,8070.0,7980.0,8020.0,44948.0
2022-12-29 00:00:00+09:00,8040.0,8040.0,7700.0,7800.0,63466.0
2023-01-02 00:00:00+09:00,7800.0,7900.0,7590.0,7590.0,52872.0
2023-01-03 00:00:00+09:00,7560.0,7590.0,7180.0,7520.0,96412.0
2023-01-04 00:00:00+09:00,7410.0,7570.0,7240.0,7570.0,78691.0
2023-01-05 00:00:00+09:00,7580.0,7650.0,7380.0,7410.0,77510.0
2023-01-06 00:00:00+09:00,7400.0,7740.0,7360.0,7660.0,119593.0
2023-01-09 00:00:00+09:00,7740.0,7920.0,7720.0,7890.0,75438.0
2023-01-10 00:00:00+09:00,7890.0,9110.0,7890.0,8240.0,1668065.0
2023-01-11 00:00:00+09:00,8210.0,8280.0,8180.0,8240.0,138057.0
2023-01-12 00:00:00+09:00,8270.0,8310.0,8160.0,8160.0,102753.0
2023-01-13 00:00:00+09:00,8200.0,8370.0,8200.0,8230.0,172018.0
2023-01-16 00:00:00+09:00,8440.0,8440.0,8200.0,8250.0,125892.0
2023-01-17 00:00:00+09:00,8260.0,8370.0,8090.0,8100.0,90188.0
2023-01-18 00:00:00+09:00,8200.0,8200.0,8030.0,8060.0,55681.0
2023-01-19 00:00:00+09:00,7960.0,8040.0,7950.0,7970.0,75283.0
2023-01-20 00:00:00+09:00,7950.0,8050.0,7900.0,7970.0,97474.0
2023-01-25 00:00:00+09:00,8050.0,8150.0,7990.0,8110.0,79493.0
2023-01-26 00:00:00+09:00,8180.0,8330.0,8120.0,8320.0,107678.0
2023-01-27 00:00:00+09:00,8360.0,8360.0,8200.0,8260.0,94656.0
2023-01-30 00:00:00+09:00,8310.0,8460.0,8250.0,8250.0,115637.0
2023-01-31 00:00:00+09:00,8240.0,8360.0,8160.0,8270.0,88779.0
2023-02-01 00:00:00+09:00,8300.0,8430.0,8280.0,8370.0,98099.0
2023-02-02 00:00:00+09:00,8480.0,8500.0,8420.0,8490.0,106445.0
2023-02-03 00:00:00+09:00,8510.0,8520.0,8300.0,8340.0,104329.0
2023-02-06 00:00:00+09:00,8320.0,8400.0,8000.0,8330.0,72419.0
2023-02-07 00:00:00+09:00,8330.0,8750.0,8280.0,8680.0,197060.0
2023-02-08 00:00:00+09:00,8700.0,8750.0,8530.0,8610.0,135663.0
2023-02-09 00:00:00+09:00,8600.0,8610.0,8490.0,8550.0,109025.0
2023-02-10 00:00:00+09:00,8510.0,8590.0,8320.0,8320.0,99058.0
2023-02-13 00:00:00+09:00,8360.0,8660.0,8360.0,8500.0,130200.0
2023-02-14 00:00:00+09:00,8600.0,8950.0,8520.0,8750.0,276116.0
2023-02-15 00:00:00+09:00,8750.0,8810.0,8450.0,8470.0,136267.0
2023-02-16 00:00:00+09:00,8520.0,8630.0,8500.0,8580.0,95546.0
2023-02-17 00:00:00+09:00,8510.0,9700.0,8400.0,9100.0,2232397.0
2023-02-20 00:00:00+09:00,9050.0,9060.0,8810.0,8960.0,212370.0
2023-02-21 00:00:00+09:00,8960.0,9130.0,8860.0,9080.0,271541.0
2023-02-22 00:00:00+09:00,9000.0,9570.0,8920.0,9450.0,629427.0
2023-02-23 00:00:00+09:00,9500.0,9600.0,9360.0,9390.0,316459.0
2023-02-24 00:00:00+09:00,9470.0,9470.0,9020.0,9170.0,181023.0
2023-02-27 00:00:00+09:00,9050.0,9440.0,8960.0,9370.0,258833.0
2023-02-28 00:00:00+09:00,9470.0,9480.0,9170.0,9240.0,196367.0
2023-03-02 00:00:00+09:00,9240.0,9250.0,9100.0,9190.0,123593.0
2023-03-03 00:00:00+09:00,9250.0,9490.0,9160.0,9380.0,314768.0
2023-03-06 00:00:00+09:00,9540.0,10470.0,9530.0,9830.0,3846579.0
2023-03-07 00:00:00+09:00,10150.0,10260.0,9900.0,10150.0,1103678.0
2023-03-08 00:00:00+09:00,10310.0,11030.0,10010.0,11030.0,3044381.0
2023-03-09 00:00:00+09:00,10950.0,10950.0,10180.0,10350.0,1056509.0
2023-03-10 00:00:00+09:00,10050.0,10140.0,9790.0,9790.0,381165.0
2023-03-13 00:00:00+09:00,9640.0,12720.0,9600.0,12210.0,11366812.0
2023-03-14 00:00:00+09:00,11810.0,11950.0,11210.0,11430.0,3459979.0
2023-03-15 00:00:00+09:00,12230.0,13300.0,11920.0,12070.0,10656218.0
2023-03-16 00:00:00+09:00,12060.0,12060.0,11260.0,11650.0,1545518.0
2023-03-17 00:00:00+09:00,11610.0,12040.0,11360.0,11590.0,1517622.0
2023-03-20 00:00:00+09:00,12140.0,12660.0,11660.0,11700.0,2337938.0
2023-03-21 00:00:00+09:00,11600.0,12090.0,11520.0,11960.0,1028242.0
2023-03-22 00:00:00+09:00,12080.0,12250.0,11800.0,12200.0,1173225.0
2023-03-23 00:00:00+09:00,12000.0,12620.0,11720.0,11980.0,1674085.0
2023-03-24 00:00:00+09:00,12160.0,12240.0,11500.0,11830.0,788750.0
2023-03-27 00:00:00+09:00,11920.0,12650.0,11830.0,12460.0,2553422.0
2023-03-28 00:00:00+09:00,13770.0,14300.0,12850.0,12950.0,5192897.0
2023-03-29 00:00:00+09:00,12710.0,13570.0,12570.0,12990.0,1957965.0
2023-03-30 00:00:00+09:00,13100.0,13100.0,12360.0,12370.0,732306.0
2023-03-31 00:00:00+09:00,12260.0,12270.0,11700.0,11730.0,595148.0
2023-04-03 00:00:00+09:00,11800.0,12250.0,11790.0,11930.0,504447.0
2023-04-04 00:00:00+09:00,11870.0,11880.0,11340.0,11420.0,629439.0
2023-04-05 00:00:00+09:00,11320.0,11400.0,11100.0,11220.0,383567.0
2023-04-06 00:00:00+09:00,11290.0,11340.0,10990.0,11000.0,362384.0
2023-04-07 00:00:00+09:00,11090.0,12320.0,11080.0,12050.0,1872117.0
2023-04-10 00:00:00+09:00,11980.0,12730.0,11720.0,12390.0,2007905.0
2023-04-11 00:00:00+09:00,12520.0,12670.0,12250.0,12330.0,974823.0
2023-04-12 00:00:00+09:00,12400.0,12730.0,12130.0,12480.0,1012641.0
2023-04-13 00:00:00+09:00,12820.0,13560.0,12530.0,12530.0,4099120.0
2023-04-14 00:00:00+09:00,12440.0,12500.0,12090.0,12150.0,697843.0
2023-04-17 00:00:00+09:00,12200.0,12340.0,11910.0,12260.0,341302.0
2023-04-18 00:00:00+09:00,12260.0,12280.0,11920.0,11920.0,335127.0
2023-04-19 00:00:00+09:00,11980.0,12290.0,11930.0,12270.0,338356.0
2023-04-20 00:00:00+09:00,12220.0,12220.0,11680.0,11800.0,295701.0
2023-04-21 00:00:00+09:00,11800.0,11930.0,11410.0,11450.0,234462.0
2023-04-24 00:00:00+09:00,11300.0,11550.0,11180.0,11220.0,148906.0
2023-04-25 00:00:00+09:00,11070.0,11260.0,10650.0,10860.0,299540.0
2023-04-26 00:00:00+09:00,10660.0,11060.0,10650.0,10700.0,138008.0
2023-04-27 00:00:00+09:00,10640.0,11050.0,10510.0,11040.0,137588.0
2023-04-28 00:00:00+09:00,11500.0,11590.0,10930.0,10930.0,296229.0
2023-05-02 00:00:00+09:00,10940.0,11300.0,10940.0,11220.0,113884.0
2023-05-03 00:00:00+09:00,11060.0,11350.0,11060.0,11130.0,92507.0
2023-05-04 00:00:00+09:00,11210.0,11210.0,10980.0,11140.0,72969.0
2023-05-08 00:00:00+09:00,11290.0,11300.0,11080.0,11160.0,70837.0
2023-05-09 00:00:00+09:00,11160.0,11250.0,10900.0,11000.0,82562.0
2023-05-10 00:00:00+09:00,10880.0,11700.0,10880.0,11180.0,219841.0
2023-05-11 00:00:00+09:00,11290.0,11530.0,11150.0,11160.0,116536.0
2023-05-12 00:00:00+09:00,11160.0,11370.0,11150.0,11350.0,119521.0
2023-05-15 00:00:00+09:00,11340.0,11420.0,11080.0,11350.0,104981.0
2023-05-16 00:00:00+09:00,11450.0,11730.0,11300.0,11320.0,202844.0
2023-05-17 00:00:00+09:00,11340.0,11840.0,11250.0,11820.0,247871.0
2023-05-18 00:00:00+09:00,11840.0,12020.0,11750.0,11920.0,233936.0
2023-05-19 00:00:00+09:00,11820.0,11980.0,11500.0,11600.0,198637.0
2023-05-22 00:00:00+09:00,11560.0,11690.0,11400.0,11680.0,89114.0
2023-05-23 00:00:00+09:00,11700.0,11830.0,11600.0,11620.0,110543.0
2023-05-24 00:00:00+09:00,11620.0,11720.0,11540.0,11590.0,97719.0
2023-05-25 00:00:00+09:00,11580.0,11590.0,11390.0,11550.0,91743.0
2023-05-26 00:00:00+09:00,11530.0,11660.0,11290.0,11340.0,168074.0
2023-05-30 00:00:00+09:00,11430.0,11790.0,11320.0,11720.0,229776.0
2023-05-31 00:00:00+09:00,11800.0,11960.0,11690.0,11740.0,240840.0
2023-06-01 00:00:00+09:00,11740.0,11740.0,11480.0,11550.0,90200.0
2023-06-02 00:00:00+09:00,11600.0,11680.0,11530.0,11670.0,72385.0
2023-06-05 00:00:00+09:00,11730.0,11880.0,11640.0,11810.0,100775.0
2023-06-07 00:00:00+09:00,11810.0,11990.0,11740.0,11740.0,149084.0
2023-06-08 00:00:00+09:00,11740.0,11740.0,11480.0,11480.0,115301.0
2023-06-09 00:00:00+09:00,11590.0,11590.0,11460.0,11580.0,90272.0
2023-06-12 00:00:00+09:00,11530.0,11990.0,11530.0,11780.0,184966.0
2023-06-13 00:00:00+09:00,11960.0,12130.0,11750.0,11830.0,322578.0
2023-06-14 00:00:00+09:00,11850.0,12090.0,11700.0,11730.0,266817.0
2023-06-15 00:00:00+09:00,11780.0,12050.0,11590.0,11670.0,193816.0
2023-06-16 00:00:00+09:00,11480.0,11600.0,10830.0,11120.0,464058.0
2023-06-19 00:00:00+09:00,11120.0,11170.0,10930.0,11070.0,184057.0
2023-06-20 00:00:00+09:00,11010.0,11100.0,10690.0,10770.0,185663.0
2023-06-21 00:00:00+09:00,10700.0,10900.0,10600.0,10700.0,151873.0
2023-06-22 00:00:00+09:00,10600.0,10780.0,10560.0,10660.0,72265.0
2023-06-23 00:00:00+09:00,10700.0,10840.0,10550.0,10650.0,102623.0
2023-06-26 00:00:00+09:00,10690.0,10730.0,10540.0,10600.0,61605.0
2023-06-27 00:00:00+09:00,10500.0,10750.0,10500.0,10680.0,86312.0
2023-06-28 00:00:00+09:00,10690.0,11080.0,10690.0,10960.0,168287.0
2023-06-29 00:00:00+09:00,10850.0,11100.0,10710.0,10770.0,65970.0
2023-06-30 00:00:00+09:00,10680.0,10930.0,10680.0,10890.0,46522.0
2023-07-03 00:00:00+09:00,10910.0,11170.0,10910.0,10980.0,104595.0
2023-07-04 00:00:00+09:00,10990.0,11270.0,10960.0,11010.0,140522.0
2023-07-05 00:00:00+09:00,11030.0,11090.0,10730.0,10730.0,116665.0
2023-07-06 00:00:00+09:00,10820.0,10860.0,10570.0,10650.0,109568.0
2023-07-07 00:00:00+09:00,10530.0,10670.0,10450.0,10570.0,66654.0
2023-07-10 00:00:00+09:00,10500.0,10530.0,10260.0,10340.0,92706.0
2023-07-11 00:00:00+09:00,10360.0,10490.0,10330.0,10330.0,76303.0
2023-07-12 00:00:00+09:00,10400.0,10680.0,10390.0,10550.0,121995.0
2023-07-13 00:00:00+09:00,10630.0,10740.0,10380.0,10380.0,232101.0
2023-07-14 00:00:00+09:00,11500.0,12950.0,11300.0,12040.0,6147756.0
2023-07-17 00:00:00+09:00,12300.0,12820.0,12100.0,12700.0,2118062.0
2023-07-18 00:00:00+09:00,12450.0,12740.0,12110.0,12230.0,931258.0
2023-07-19 00:00:00+09:00,12050.0,12640.0,12040.0,12170.0,696135.0
2023-07-20 00:00:00+09:00,12290.0,13470.0,12120.0,13190.0,2753471.0
2023-07-21 00:00:00+09:00,12910.0,13270.0,12790.0,13110.0,738183.0
2023-07-24 00:00:00+09:00,13210.0,13730.0,12930.0,13450.0,1463509.0
2023-07-25 00:00:00+09:00,13540.0,13700.0,13060.0,13430.0,730355.0
2023-07-26 00:00:00+09:00,13620.0,13790.0,12320.0,12890.0,1065122.0
2023-07-27 00:00:00+09:00,12760.0,13020.0,12110.0,12200.0,571538.0
2023-07-28 00:00:00+09:00,12080.0,13800.0,12080.0,13800.0,1827271.0
2023-07-31 00:00:00+09:00,14470.0,16500.0,14430.0,15180.0,6957100.0
2023-08-01 00:00:00+09:00,15650.0,19730.0,14900.0,19730.0,14022004.0
2023-08-02 00:00:00+09:00,25600.0,25600.0,23500.0,25600.0,7663154.0
2023-08-03 00:00:00+09:00,25250.0,31000.0,23900.0,25350.0,6824485.0
2023-08-04 00:00:00+09:00,21650.0,21650.0,17750.0,19100.0,4860129.0
2023-08-07 00:00:00+09:00,21000.0,24800.0,21000.0,24800.0,2266345.0
2023-08-08 00:00:00+09:00,30500.0,32200.0,19360.0,23200.0,39243678.0
2023-08-09 00:00:00+09:00,23600.0,26800.0,22350.0,26600.0,24918395.0
2023-08-10 00:00:00+09:00,31150.0,34550.0,28500.0,34550.0,16912503.0
2023-08-11 00:00:00+09:00,37900.0,44200.0,37350.0,40000.0,17224155.0
2023-08-16 00:00:00+09:00,52000.0,52000.0,52000.0,52000.0,597445.0
2023-08-17 00:00:00+09:00,60000.0,64900.0,45000.0,59900.0,26926945.0
2023-08-21 00:00:00+09:00,49200.0,59400.0,42000.0,42000.0,21267237.0
2023-08-22 00:00:00+09:00,45000.0,54600.0,38300.0,54600.0,20417869.0
2023-08-23 00:00:00+09:00,60000.0,68300.0,48550.0,48550.0,20702763.0
2023-08-24 00:00:00+09:00,52000.0,56200.0,49200.0,53400.0,8527636.0
2023-08-25 00:00:00+09:00,55000.0,56500.0,49550.0,51100.0,6424740.0
2023-08-28 00:00:00+09:00,52700.0,53600.0,48950.0,51800.0,3927433.0
2023-08-29 00:00:00+09:00,50800.0,62500.0,46250.0,54600.0,13694830.0
2023-08-30 00:00:00+09:00,53100.0,56700.0,52300.0,53000.0,4231786.0
2023-08-31 00:00:00+09:00,51500.0,54100.0,46400.0,48250.0,5925997.0
2023-09-01 00:00:00+09:00,47100.0,48750.0,45200.0,48350.0,2861194.0
2023-09-04 00:00:00+09:00,49350.0,51000.0,46600.0,49150.0,2613149.0
2023-09-05 00:00:00+09:00,50500.0,58900.0,49950.0,56000.0,6885495.0
2023-09-06 00:00:00+09:00,55100.0,56200.0,52300.0,52500.0,2066451.0
2023-09-07 00:00:00+09:00,53000.0,55500.0,50600.0,52600.0,2546966.0
2023-09-08 00:00:00+09:00,50000.0,55500.0,49600.0,53000.0,2777645.0
2023-09-11 00:00:00+09:00,51500.0,54100.0,51100.0,51800.0,1216050.0
2023-09-12 00:00:00+09:00,51000.0,53600.0,47000.0,48850.0,1873753.0
2023-09-13 00:00:00+09:00,47900.0,48650.0,44500.0,45800.0,1554017.0
2023-09-14 00:00:00+09:00,45800.0,54200.0,45100.0,49000.0,7421854.0
2023-09-15 00:00:00+09:00,47550.0,48700.0,46950.0,47350.0,1502515.0
2023-09-18 00:00:00+09:00,48450.0,52800.0,47750.0,51000.0,2595464.0
2023-09-19 00:00:00+09:00,51500.0,53300.0,49900.0,49900.0,1513211.0
2023-09-20 00:00:00+09:00,50400.0,52400.0,49650.0,50100.0,1509912.0
2023-09-21 00:00:00+09:00,49000.0,51700.0,47900.0,48000.0,2353002.0
2023-09-22 00:00:00+09:00,48000.0,49500.0,46800.0,47000.0,1495824.0
2023-09-25 00:00:00+09:00,46700.0,47000.0,40050.0,40100.0,2898787.0
2023-09-26 00:00:00+09:00,38900.0,40850.0,38450.0,38600.0,1436360.0
2023-09-27 00:00:00+09:00,40200.0,41800.0,37000.0,41600.0,3210685.0
2023-10-04 00:00:00+09:00,42000.0,51200.0,41600.0,48250.0,7147213.0
2023-10-05 00:00:00+09:00,49600.0,53600.0,48050.0,52400.0,4948349.0
2023-10-06 00:00:00+09:00,52000.0,56400.0,50600.0,55900.0,4057983.0
2023-10-10 00:00:00+09:00,56000.0,67400.0,55300.0,62700.0,9716733.0
2023-10-11 00:00:00+09:00,61400.0,65700.0,60100.0,64500.0,4568118.0
2023-10-12 00:00:00+09:00,68500.0,69600.0,55600.0,56200.0,7137163.0
2023-10-13 00:00:00+09:00,55700.0,60400.0,55600.0,57600.0,3941268.0
2023-10-16 00:00:00+09:00,57100.0,57200.0,51500.0,52900.0,2926738.0
2023-10-17 00:00:00+09:00,52900.0,55500.0,51300.0,53600.0,2735297.0
2023-10-18 00:00:00+09:00,53000.0,53500.0,49650.0,50200.0,2488442.0
2023-10-19 00:00:00+09:00,47400.0,49500.0,46350.0,47300.0,2026213.0
2023-10-20 00:00:00+09:00,45700.0,46950.0,43250.0,44050.0,1773574.0
2023-10-23 00:00:00+09:00,44000.0,47050.0,43800.0,45500.0,1777798.0
2023-10-24 00:00:00+09:00,46300.0,46950.0,42100.0,44100.0,1574382.0
2023-10-25 00:00:00+09:00,42750.0,45600.0,41400.0,42100.0,1393424.0
2023-10-26 00:00:00+09:00,40300.0,43600.0,40100.0,41550.0,1349529.0
2023-10-27 00:00:00+09:00,41600.0,42200.0,39300.0,40350.0,988751.0
2023-10-30 00:00:00+09:00,40350.0,41500.0,38750.0,40450.0,928765.0
2023-10-31 00:00:00+09:00,40300.0,40300.0,38250.0,38450.0,888479.0
2023-11-01 00:00:00+09:00,38450.0,38900.0,36650.0,37150.0,909327.0
2023-11-02 00:00:00+09:00,39550.0,39950.0,37250.0,37900.0,1646843.0
2023-11-03 00:00:00+09:00,37250.0,38550.0,34500.0,35000.0,3234052.0
2023-11-06 00:00:00+09:00,35950.0,37600.0,34600.0,37600.0,2469427.0
2023-11-07 00:00:00+09:00,37200.0,37250.0,33300.0,33300.0,1641559.0
2023-11-08 00:00:00+09:00,34000.0,34700.0,32400.0,33000.0,1165564.0
2023-11-09 00:00:00+09:00,33300.0,34000.0,32500.0,33350.0,800529.0
2023-11-10 00:00:00+09:00,33400.0,33450.0,31400.0,32100.0,823882.0
2023-11-13 00:00:00+09:00,31850.0,41100.0,31100.0,38050.0,4279776.0
2023-11-14 00:00:00+09:00,36000.0,37350.0,34500.0,35050.0,2103727.0
2023-11-15 00:00:00+09:00,35150.0,41700.0,35050.0,40750.0,4577299.0
2023-11-16 00:00:00+09:00,41500.0,44800.0,40300.0,42000.0,4295033.0
2023-11-17 00:00:00+09:00,41200.0,43100.0,38950.0,42650.0,2027077.0
2023-11-20 00:00:00+09:00,41000.0,43200.0,40700.0,41200.0,1109944.0
2023-11-21 00:00:00+09:00,40350.0,41300.0,39050.0,39150.0,1331807.0
2023-11-22 00:00:00+09:00,38400.0,44300.0,37950.0,42700.0,4320471.0
2023-11-23 00:00:00+09:00,43150.0,44450.0,40550.0,40550.0,2107360.0
2023-11-24 00:00:00+09:00,39900.0,40900.0,39400.0,40300.0,917566.0
2023-11-27 00:00:00+09:00,41700.0,41700.0,39400.0,39550.0,894483.0
2023-11-28 00:00:00+09:00,39550.0,39800.0,38100.0,39300.0,938292.0
2023-11-29 00:00:00+09:00,39450.0,41450.0,38200.0,40250.0,1493074.0
2023-11-30 00:00:00+09:00,40000.0,42150.0,39550.0,42150.0,1490796.0
2023-12-01 00:00:00+09:00,43000.0,43500.0,40850.0,40850.0,1046164.0
2023-12-04 00:00:00+09:00,40200.0,40650.0,39400.0,39400.0,530411.0
2023-12-05 00:00:00+09:00,39000.0,39000.0,36750.0,37350.0,720960.0
2023-12-06 00:00:00+09:00,37300.0,39400.0,35800.0,38350.0,1025741.0
2023-12-07 00:00:00+09:00,43200.0,43500.0,38350.0,38900.0,1689755.0
2023-12-08 00:00:00+09:00,38200.0,39100.0,37700.0,38500.0,656089.0
2023-12-11 00:00:00+09:00,38650.0,42500.0,38000.0,39250.0,2054575.0
2023-12-12 00:00:00+09:00,38400.0,39550.0,37600.0,38200.0,787637.0
2023-12-13 00:00:00+09:00,37600.0,38100.0,33450.0,33650.0,1729230.0
2023-12-14 00:00:00+09:00,32550.0,33200.0,30650.0,32150.0,1650147.0
2023-12-15 00:00:00+09:00,32150.0,40000.0,32100.0,35800.0,7149079.0
2023-12-18 00:00:00+09:00,35000.0,37000.0,33700.0,36000.0,1058395.0
2023-12-19 00:00:00+09:00,36000.0,39800.0,35000.0,37800.0,2611423.0
2023-12-20 00:00:00+09:00,38000.0,38500.0,36900.0,37300.0,804430.0
2023-12-21 00:00:00+09:00,36500.0,38100.0,36200.0,36400.0,631891.0
2023-12-22 00:00:00+09:00,36400.0,37450.0,36100.0,36900.0,646531.0
2023-12-26 00:00:00+09:00,44150.0,44200.0,38500.0,39000.0,2731767.0
2023-12-27 00:00:00+09:00,38450.0,42250.0,38050.0,41500.0,1450243.0
2023-12-28 00:00:00+09:00,40800.0,42000.0,39850.0,41150.0,898738.0
2024-01-02 00:00:00+09:00,41150.0,43650.0,41000.0,41550.0,950650.0
2024-01-03 00:00:00+09:00,41600.0,44150.0,41000.0,43250.0,1184326.0
2024-01-04 00:00:00+09:00,43700.0,56200.0,42600.0,56200.0,5251823.0
2024-01-05 00:00:00+09:00,56300.0,59000.0,53000.0,58000.0,5037340.0
2024-01-08 00:00:00+09:00,62400.0,74400.0,58000.0,72500.0,9391956.0
2024-01-09 00:00:00+09:00,69100.0,74300.0,65500.0,69000.0,4250595.0
2024-01-10 00:00:00+09:00,66600.0,67500.0,52100.0,55000.0,8218002.0
2024-01-11 00:00:00+09:00,53800.0,62500.0,53400.0,61400.0,4859417.0
2024-01-12 00:00:00+09:00,60000.0,63400.0,58900.0,59400.0,2109924.0
2024-01-15 00:00:00+09:00,58500.0,62400.0,56500.0,59900.0,1783043.0
2024-01-16 00:00:00+09:00,60800.0,64500.0,60000.0,61100.0,1791176.0
2024-01-17 00:00:00+09:00,61600.0,62100.0,57500.0,57900.0,889756.0
2024-01-18 00:00:00+09:00,57000.0,62400.0,56600.0,61400.0,1431312.0
2024-01-19 00:00:00+09:00,61200.0,63500.0,61200.0,62500.0,1032654.0
2024-01-22 00:00:00+09:00,67300.0,81200.0,64100.0,73900.0,7547574.0
2024-01-23 00:00:00+09:00,75600.0,76700.0,70400.0,75300.0,2491850.0
2024-01-24 00:00:00+09:00,75300.0,82100.0,74400.0,79100.0,3700161.0
2024-01-25 00:00:00+09:00,75400.0,79300.0,68000.0,73300.0,2022219.0
2024-01-26 00:00:00+09:00,75300.0,91200.0,74700.0,89500.0,5481514.0
2024-01-29 00:00:00+09:00,91900.0,92300.0,79400.0,82500.0,2601817.0
2024-01-30 00:00:00+09:00,82600.0,82700.0,70700.0,77200.0,3097776.0
2024-01-31 00:00:00+09:00,73300.0,79600.0,72100.0,73700.0,1675289.0
2024-02-01 00:00:00+09:00,72000.0,76900.0,71900.0,74200.0,1255606.0
2024-02-02 00:00:00+09:00,76600.0,91300.0,75700.0,86300.0,5217159.0
2024-02-05 00:00:00+09:00,87000.0,104300.0,85000.0,102300.0,6114877.0
2024-02-06 00:00:00+09:00,98900.0,109500.0,97100.0,100600.0,3688073.0
2024-02-07 00:00:00+09:00,101100.0,119500.0,100700.0,117300.0,4547640.0
2024-02-08 00:00:00+09:00,115200.0,118900.0,112300.0,114600.0,2257945.0
2024-02-13 00:00:00+09:00,116000.0,126700.0,110600.0,125400.0,2593153.0
2024-02-14 00:00:00+09:00,122500.0,122800.0,111700.0,120300.0,1990412.0
2024-02-15 00:00:00+09:00,121500.0,134500.0,114000.0,123900.0,2684761.0
2024-02-16 00:00:00+09:00,119100.0,127000.0,114700.0,117000.0,1786500.0
2024-02-19 00:00:00+09:00,103900.0,120500.0,99400.0,114200.0,2254203.0
2024-02-20 00:00:00+09:00,119600.0,148400.0,115400.0,148400.0,5033956.0
2024-02-21 00:00:00+09:00,149800.0,184800.0,116500.0,122400.0,11120288.0
2024-02-22 00:00:00+09:00,127200.0,144700.0,126100.0,136800.0,6144147.0
2024-02-23 00:00:00+09:00,141000.0,145700.0,130100.0,138300.0,2279956.0
2024-02-26 00:00:00+09:00,141300.0,141300.0,124300.0,131000.0,2016103.0
2024-02-27 00:00:00+09:00,126800.0,135200.0,124500.0,133000.0,1388450.0
2024-02-28 00:00:00+09:00,137500.0,163500.0,127200.0,131400.0,7744155.0
2024-02-29 00:00:00+09:00,128000.0,136600.0,120100.0,123000.0,2366076.0
2024-03-04 00:00:00+09:00,132800.0,137900.0,121800.0,123300.0,2849303.0
2024-03-05 00:00:00+09:00,100800.0,121900.0,99900.0,105100.0,4351983.0
2024-03-06 00:00:00+09:00,103500.0,115400.0,98200.0,110600.0,4888557.0
2024-03-07 00:00:00+09:00,110700.0,112400.0,100100.0,101600.0,1683291.0
2024-03-08 00:00:00+09:00,105300.0,109900.0,101400.0,104900.0,1849411.0
2024-03-11 00:00:00+09:00,107000.0,111600.0,102500.0,103900.0,1524895.0
2024-03-12 00:00:00+09:00,101200.0,108000.0,99000.0,106900.0,1519192.0
2024-03-13 00:00:00+09:00,106900.0,106900.0,101100.0,102100.0,733622.0
2024-03-14 00:00:00+09:00,101200.0,104000.0,99000.0,100900.0,848938.0
2024-03-15 00:00:00+09:00,100100.0,103500.0,99700.0,101400.0,819111.0
2024-03-18 00:00:00+09:00,103500.0,107400.0,100900.0,102100.0,894585.0
2024-03-19 00:00:00+09:00,110000.0,118300.0,104200.0,115000.0,2628272.0
2024-03-20 00:00:00+09:00,113500.0,129000.0,112100.0,121500.0,3068887.0
2024-03-21 00:00:00+09:00,125800.0,125900.0,119300.0,120400.0,1039225.0
2024-03-22 00:00:00+09:00,118400.0,120400.0,112400.0,116100.0,976365.0
2024-03-25 00:00:00+09:00,115000.0,118600.0,114000.0,114600.0,500448.0
2024-03-26 00:00:00+09:00,112600.0,117000.0,110000.0,111900.0,712649.0
2024-03-27 00:00:00+09:00,112500.0,112900.0,104500.0,105300.0,681458.0
2024-03-28 00:00:00+09:00,102400.0,116800.0,101100.0,108600.0,1606517.0
2024-03-29 00:00:00+09:00,109800.0,112500.0,106600.0,108500.0,550900.0
2024-04-01 00:00:00+09:00,112700.0,118400.0,108900.0,111700.0,1015347.0
2024-04-02 00:00:00+09:00,111700.0,113900.0,109100.0,110000.0,346856.0
2024-04-03 00:00:00+09:00,112100.0,113000.0,108200.0,109700.0,501789.0
2024-04-04 00:00:00+09:00,109600.0,111300.0,108300.0,108700.0,317747.0
2024-04-05 00:00:00+09:00,107700.0,109300.0,102700.0,108700.0,424877.0
2024-04-08 00:00:00+09:00,107700.0,109600.0,103300.0,103300.0,279381.0
2024-04-09 00:00:00+09:00,104300.0,106400.0,102000.0,103300.0,318479.0
2024-04-11 00:00:00+09:00,98500.0,101100.0,93000.0,93700.0,696130.0
2024-04-12 00:00:00+09:00,93000.0,93400.0,87600.0,89800.0,893358.0
2024-04-15 00:00:00+09:00,87700.0,90800.0,82700.0,89100.0,1118183.0
2024-04-16 00:00:00+09:00,88200.0,95600.0,87300.0,90400.0,996240.0
2024-04-17 00:00:00+09:00,91500.0,98000.0,89600.0,89700.0,979418.0
2024-04-18 00:00:00+09:00,92200.0,94200.0,89700.0,91700.0,405099.0
2024-04-19 00:00:00+09:00,94000.0,94200.0,85000.0,88300.0,568729.0
2024-04-22 00:00:00+09:00,85100.0,86800.0,83600.0,84100.0,404817.0
2024-04-23 00:00:00+09:00,84300.0,85400.0,81400.0,82600.0,474547.0
2024-04-24 00:00:00+09:00,82500.0,84000.0,79700.0,83300.0,617396.0
2024-04-25 00:00:00+09:00,87100.0,88900.0,83100.0,83100.0,846757.0
2024-04-26 00:00:00+09:00,80900.0,82300.0,80200.0,82000.0,337330.0
2024-04-29 00:00:00+09:00,82000.0,83800.0,80500.0,83400.0,352833.0
2024-04-30 00:00:00+09:00,82700.0,85300.0,81200.0,82200.0,323992.0
2024-05-02 00:00:00+09:00,80200.0,81200.0,75800.0,75900.0,655964.0
2024-05-03 00:00:00+09:00,75600.0,78700.0,75600.0,76500.0,391928.0
2024-05-07 00:00:00+09:00,77100.0,78700.0,74600.0,74600.0,409957.0
2024-05-08 00:00:00+09:00,73100.0,73600.0,70600.0,72500.0,754320.0
2024-05-09 00:00:00+09:00,72100.0,78900.0,70200.0,76000.0,1772709.0
2024-05-10 00:00:00+09:00,76400.0,78300.0,72600.0,73300.0,592531.0
2024-05-13 00:00:00+09:00,74200.0,76100.0,72700.0,74000.0,338409.0
2024-05-14 00:00:00+09:00,74400.0,74400.0,72500.0,72900.0,215962.0
2024-05-16 00:00:00+09:00,74200.0,75700.0,73600.0,74100.0,328976.0
2024-05-17 00:00:00+09:00,73800.0,73900.0,70800.0,71200.0,300467.0
2024-05-20 00:00:00+09:00,69400.0,70000.0,67300.0,67400.0,573045.0
2024-05-21 00:00:00+09:00,66900.0,67200.0,63700.0,64600.0,688100.0
2024-05-22 00:00:00+09:00,65300.0,65800.0,60500.0,61800.0,742140.0
2024-05-23 00:00:00+09:00,61400.0,62500.0,59700.0,61900.0,563452.0
2024-05-24 00:00:00+09:00,61000.0,64900.0,60900.0,63800.0,552570.0
2024-05-27 00:00:00+09:00,65000.0,72900.0,64000.0,66100.0,1721673.0
2024-05-28 00:00:00+09:00,65000.0,67400.0,64300.0,65200.0,418910.0
2024-05-29 00:00:00+09:00,66300.0,69000.0,65000.0,65700.0,670600.0
2024-05-30 00:00:00+09:00,66500.0,68100.0,64700.0,66100.0,341781.0
2024-05-31 00:00:00+09:00,65500.0,68000.0,64600.0,68000.0,358955.0
2024-06-03 00:00:00+09:00,69600.0,71900.0,66200.0,69200.0,698577.0
2024-06-04 00:00:00+09:00,68200.0,73200.0,66900.0,69000.0,521214.0
2024-06-05 00:00:00+09:00,68200.0,69000.0,62800.0,67600.0,770072.0
2024-06-07 00:00:00+09:00,67600.0,71500.0,67400.0,71100.0,683174.0
2024-06-10 00:00:00+09:00,71600.0,72800.0,69200.0,69700.0,389820.0
2024-06-11 00:00:00+09:00,69600.0,71000.0,68300.0,68300.0,332977.0
2024-06-12 00:00:00+09:00,67700.0,68500.0,67200.0,67900.0,222025.0
2024-06-13 00:00:00+09:00,68700.0,69900.0,67500.0,67500.0,258521.0
2024-06-14 00:00:00+09:00,66700.0,67400.0,65300.0,65700.0,260266.0
2024-06-17 00:00:00+09:00,65700.0,69800.0,65300.0,68900.0,370739.0
2024-06-18 00:00:00+09:00,69000.0,69200.0,66400.0,67200.0,269330.0
2024-06-19 00:00:00+09:00,67100.0,67800.0,65700.0,65900.0,170391.0
2024-06-20 00:00:00+09:00,65900.0,69000.0,65800.0,67700.0,327449.0
2024-06-21 00:00:00+09:00,68200.0,69300.0,66300.0,67900.0,257991.0
2024-06-24 00:00:00+09:00,67800.0,67800.0,63000.0,63000.0,328652.0
2024-06-25 00:00:00+09:00,63200.0,72100.0,63200.0,64300.0,1511068.0
2024-06-26 00:00:00+09:00,67000.0,67300.0,61300.0,62200.0,752316.0
2024-06-27 00:00:00+09:00,61500.0,62000.0,58700.0,61000.0,412308.0
2024-06-28 00:00:00+09:00,61400.0,63500.0,60500.0,62100.0,243142.0
2024-07-01 00:00:00+09:00,62700.0,62900.0,61300.0,61500.0,145269.0
2024-07-02 00:00:00+09:00,61500.0,61600.0,59300.0,59500.0,200983.0
2024-07-03 00:00:00+09:00,59100.0,60700.0,58200.0,59500.0,302838.0
2024-07-04 00:00:00+09:00,59500.0,63300.0,58300.0,61900.0,497586.0
2024-07-05 00:00:00+09:00,62000.0,63100.0,61000.0,61800.0,228433.0
2024-07-08 00:00:00+09:00,61800.0,72000.0,60200.0,67000.0,1656178.0
2024-07-09 00:00:00+09:00,66300.0,69400.0,66000.0,67100.0,418005.0
2024-07-10 00:00:00+09:00,66500.0,68500.0,66100.0,67200.0,301114.0
2024-07-11 00:00:00+09:00,67400.0,69100.0,62300.0,62300.0,711079.0
2024-07-12 00:00:00+09:00,63200.0,64000.0,60300.0,60900.0,375923.0
2024-07-15 00:00:00+09:00,61300.0,62200.0,60300.0,60400.0,217718.0
2024-07-16 00:00:00+09:00,60700.0,60900.0,59000.0,59300.0,266706.0
2024-07-17 00:00:00+09:00,58900.0,59700.0,57300.0,57300.0,346465.0
2024-07-18 00:00:00+09:00,55600.0,56700.0,52500.0,55100.0,452320.0
2024-07-19 00:00:00+09:00,55800.0,57600.0,53700.0,55300.0,329701.0
2024-07-22 00:00:00+09:00,60100.0,62900.0,56400.0,58400.0,804316.0
2024-07-23 00:00:00+09:00,57100.0,61700.0,57100.0,59600.0,444782.0
2024-07-24 00:00:00+09:00,64400.0,64500.0,57900.0,58000.0,596630.0
2024-07-25 00:00:00+09:00,56200.0,58400.0,55200.0,56100.0,270664.0
2024-07-26 00:00:00+09:00,56600.0,57200.0,53900.0,54300.0,248139.0
2024-07-29 00:00:00+09:00,55200.0,56100.0,54000.0,55000.0,187093.0
2024-07-30 00:00:00+09:00,56500.0,56700.0,54100.0,54500.0,176545.0
2024-07-31 00:00:00+09:00,54100.0,54100.0,52000.0,53100.0,271926.0
2024-08-01 00:00:00+09:00,53400.0,54400.0,53100.0,53800.0,177901.0
2024-08-02 00:00:00+09:00,52800.0,53100.0,50100.0,50200.0,344813.0
2024-08-05 00:00:00+09:00,49850.0,51700.0,37000.0,41250.0,1398259.0
2024-08-06 00:00:00+09:00,41250.0,46150.0,41250.0,45850.0,619943.0
2024-08-07 00:00:00+09:00,46600.0,46700.0,44650.0,44700.0,276161.0
2024-08-08 00:00:00+09:00,44600.0,44600.0,42400.0,42600.0,302834.0
2024-08-09 00:00:00+09:00,43400.0,47950.0,43400.0,47550.0,586984.0
2024-08-12 00:00:00+09:00,47450.0,51100.0,46450.0,49500.0,387794.0
2024-08-13 00:00:00+09:00,49500.0,49550.0,47050.0,47800.0,225100.0
2024-08-14 00:00:00+09:00,48900.0,49750.0,48400.0,49000.0,187457.0
2024-08-16 00:00:00+09:00,49000.0,51400.0,47850.0,50300.0,363755.0
2024-08-19 00:00:00+09:00,53600.0,53600.0,48200.0,48700.0,427744.0
2024-08-20 00:00:00+09:00,50600.0,59100.0,49550.0,57700.0,1740039.0
2024-08-21 00:00:00+09:00,57300.0,57300.0,52300.0,53200.0,627445.0
2024-08-22 00:00:00+09:00,53000.0,53800.0,50500.0,51100.0,340136.0
2024-08-23 00:00:00+09:00,49850.0,51100.0,49100.0,50000.0,270161.0
2024-08-26 00:00:00+09:00,50200.0,52500.0,49000.0,49900.0,320901.0
2024-08-27 00:00:00+09:00,49200.0,49400.0,48200.0,48350.0,264296.0
2024-08-28 00:00:00+09:00,48350.0,49000.0,46700.0,47200.0,292304.0
2024-08-29 00:00:00+09:00,46100.0,48300.0,45600.0,47050.0,274566.0
2024-08-30 00:00:00+09:00,47050.0,48300.0,46800.0,48200.0,186753.0
2024-09-02 00:00:00+09:00,49350.0,49600.0,48100.0,48200.0,189332.0
2024-09-03 00:00:00+09:00,48700.0,49400.0,46000.0,46100.0,351992.0
2024-09-04 00:00:00+09:00,43300.0,52300.0,43200.0,47150.0,740017.0
2024-09-05 00:00:00+09:00,47150.0,47900.0,44600.0,44650.0,234455.0
2024-09-06 00:00:00+09:00,44850.0,45250.0,42300.0,42300.0,240789.0
2024-09-09 00:00:00+09:00,41000.0,43200.0,40800.0,43050.0,168840.0
2024-09-10 00:00:00+09:00,43600.0,44050.0,42300.0,42600.0,118281.0
2024-09-11 00:00:00+09:00,43100.0,45650.0,43100.0,43600.0,249692.0
2024-09-12 00:00:00+09:00,44450.0,45100.0,43950.0,45100.0,133299.0
2024-09-13 00:00:00+09:00,46600.0,46600.0,44150.0,45350.0,144985.0
2024-09-19 00:00:00+09:00,45750.0,46500.0,44600.0,45600.0,133440.0
2024-09-20 00:00:00+09:00,46050.0,48300.0,45500.0,46100.0,267972.0
2024-09-23 00:00:00+09:00,45950.0,46650.0,45500.0,46150.0,131813.0
2024-09-24 00:00:00+09:00,46000.0,48200.0,45800.0,46150.0,246543.0
2024-09-25 00:00:00+09:00,46600.0,47900.0,46050.0,46450.0,250980.0
2024-09-26 00:00:00+09:00,46800.0,48200.0,46450.0,47900.0,223478.0
2024-09-27 00:00:00+09:00,47900.0,49500.0,47000.0,48550.0,277780.0
2024-09-30 00:00:00+09:00,48800.0,48950.0,46800.0,47000.0,190935.0
2024-10-02 00:00:00+09:00,46500.0,51500.0,45650.0,50200.0,559203.0
2024-10-04 00:00:00+09:00,50000.0,51000.0,49150.0,49550.0,226758.0
2024-10-07 00:00:00+09:00,49400.0,49700.0,48700.0,49050.0,134937.0
2024-10-08 00:00:00+09:00,48500.0,48800.0,47350.0,47900.0,180638.0
2024-10-10 00:00:00+09:00,48050.0,48500.0,46850.0,47800.0,132736.0
2024-10-11 00:00:00+09:00,48250.0,48300.0,46500.0,46800.0,164208.0
2024-10-14 00:00:00+09:00,46800.0,49400.0,46800.0,48900.0,247542.0
2024-10-15 00:00:00+09:00,48900.0,49100.0,47150.0,47750.0,151533.0
2024-10-16 00:00:00+09:00,47750.0,50900.0,47150.0,50600.0,323278.0
2024-10-17 00:00:00+09:00,51800.0,56800.0,50700.0,51400.0,1147231.0
2024-10-18 00:00:00+09:00,51700.0,52700.0,50100.0,50700.0,290307.0
2024-10-21 00:00:00+09:00,51400.0,51400.0,48700.0,48700.0,224048.0
2024-10-22 00:00:00+09:00,48100.0,48300.0,46250.0,46300.0,251526.0
2024-10-23 00:00:00+09:00,46800.0,46950.0,45600.0,46050.0,142318.0
2024-10-24 00:00:00+09:00,45300.0,46600.0,44750.0,44900.0,163172.0
2024-10-25 00:00:00+09:00,44800.0,45750.0,44200.0,44300.0,149672.0
2024-10-28 00:00:00+09:00,44200.0,45500.0,44200.0,44950.0,112538.0
2024-10-29 00:00:00+09:00,45000.0,45200.0,43600.0,44150.0,138301.0
2024-10-30 00:00:00+09:00,44350.0,44650.0,43400.0,43450.0,117654.0
2024-10-31 00:00:00+09:00,43050.0,45500.0,42300.0,44750.0,216495.0
2024-11-01 00:00:00+09:00,44000.0,44250.0,42850.0,43150.0,125097.0
2024-11-04 00:00:00+09:00,43600.0,45150.0,43250.0,44700.0,151997.0
2024-11-05 00:00:00+09:00,44600.0,45350.0,43950.0,44700.0,99755.0
2024-11-06 00:00:00+09:00,45000.0,45400.0,42850.0,43050.0,184068.0
2024-11-07 00:00:00+09:00,43700.0,44450.0,42450.0,42800.0,131426.0
2024-11-08 00:00:00+09:00,42800.0,43350.0,42500.0,42850.0,105580.0
2024-11-11 00:00:00+09:00,42850.0,43450.0,40900.0,41200.0,220293.0
2024-11-12 00:00:00+09:00,41300.0,41600.0,39800.0,40050.0,222713.0
2024-11-13 00:00:00+09:00,39450.0,40100.0,38500.0,38550.0,245902.0
2024-11-14 00:00:00+09:00,38700.0,42650.0,38700.0,41600.0,504914.0
2024-11-15 00:00:00+09:00,41800.0,42500.0,40000.0,41850.0,208734.0
2024-11-18 00:00:00+09:00,43700.0,52500.0,43050.0,49200.0,1422094.0
2024-11-19 00:00:00+09:00,49300.0,53200.0,48700.0,51000.0,751288.0
2024-11-20 00:00:00+09:00,51100.0,51600.0,49400.0,51300.0,256437.0
2024-11-21 00:00:00+09:00,50900.0,55300.0,49850.0,50900.0,391065.0
2024-11-22 00:00:00+09:00,51100.0,60000.0,50800.0,59400.0,1409956.0
2024-11-25 00:00:00+09:00,60100.0,63000.0,59000.0,62900.0,713232.0
2024-11-26 00:00:00+09:00,64500.0,68600.0,63700.0,67500.0,912526.0
2024-11-27 00:00:00+09:00,67300.0,68800.0,65800.0,67200.0,462850.0
2024-11-28 00:00:00+09:00,67300.0,69600.0,66300.0,67800.0,414063.0
2024-11-29 00:00:00+09:00,67800.0,68100.0,63900.0,65400.0,426803.0
2024-12-02 00:00:00+09:00,69000.0,75000.0,68300.0,73900.0,1236192.0
2024-12-03 00:00:00+09:00,79900.0,80600.0,75400.0,77500.0,1010805.0
2024-12-04 00:00:00+09:00,74300.0,78400.0,74300.0,78400.0,652491.0
2024-12-05 00:00:00+09:00,77700.0,78100.0,71700.0,73800.0,497690.0
2024-12-06 00:00:00+09:00,74100.0,79400.0,73000.0,74600.0,639510.0
2024-12-09 00:00:00+09:00,74600.0,77800.0,70100.0,70800.0,468572.0
2024-12-10 00:00:00+09:00,71500.0,79600.0,71500.0,79600.0,449486.0
2024-12-11 00:00:00+09:00,82900.0,96600.0,81900.0,94000.0,2010086.0
2024-12-12 00:00:00+09:00,96100.0,99500.0,87100.0,90700.0,2408049.0
2024-12-13 00:00:00+09:00,87500.0,91400.0,86800.0,88000.0,529889.0
2024-12-16 00:00:00+09:00,89200.0,99800.0,88300.0,99800.0,928601.0
2024-12-17 00:00:00+09:00,96900.0,102800.0,94000.0,102800.0,718401.0
2024-12-18 00:00:00+09:00,106500.0,112500.0,100600.0,106000.0,1134392.0
2024-12-19 00:00:00+09:00,103000.0,109200.0,101400.0,104400.0,571927.0
2024-12-20 00:00:00+09:00,104400.0,106400.0,101500.0,104200.0,432048.0
2024-12-23 00:00:00+09:00,105900.0,107600.0,102000.0,104000.0,404131.0
2024-12-24 00:00:00+09:00,106000.0,106000.0,102000.0,102000.0,318874.0
2024-12-26 00:00:00+09:00,105000.0,126500.0,104000.0,121700.0,2147801.0
2024-12-27 00:00:00+09:00,126000.0,128500.0,114100.0,117100.0,1152223.0
2024-12-30 00:00:00+09:00,115200.0,123400.0,115100.0,115900.0,615074.0
2025-01-02 00:00:00+09:00,116300.0,119300.0,107000.0,107700.0,585025.0
2025-01-03 00:00:00+09:00,108800.0,111000.0,101500.0,102100.0,731922.0
2025-01-06 00:00:00+09:00,102200.0,116800.0,99000.0,113800.0,1248016.0
2025-01-07 00:00:00+09:00,115000.0,116200.0,108100.0,111300.0,800569.0
2025-01-08 00:00:00+09:00,109500.0,110000.0,103300.0,104600.0,453715.0
2025-01-09 00:00:00+09:00,100700.0,102000.0,90700.0,92300.0,1472193.0
2025-01-10 00:00:00+09:00,93600.0,95600.0,91400.0,93400.0,415083.0
2025-01-13 00:00:00+09:00,92500.0,96000.0,87800.0,89500.0,509648.0
2025-01-14 00:00:00+09:00,87800.0,90800.0,85800.0,88700.0,439609.0
2025-01-15 00:00:00+09:00,88700.0,91400.0,87100.0,89500.0,394733.0
2025-01-16 00:00:00+09:00,92000.0,92000.0,86500.0,89000.0,416519.0
2025-01-17 00:00:00+09:00,89300.0,91200.0,87900.0,88200.0,274695.0
2025-01-20 00:00:00+09:00,88500.0,89700.0,84500.0,88900.0,306621.0
2025-01-21 00:00:00+09:00,87500.0,89000.0,84500.0,86300.0,415311.0
2025-01-22 00:00:00+09:00,87600.0,92800.0,84900.0,89300.0,705854.0
2025-01-23 00:00:00+09:00,91000.0,91700.0,85900.0,86400.0,355866.0
2025-01-24 00:00:00+09:00,85500.0,91200.0,85500.0,88900.0,358436.0
2025-01-31 00:00:00+09:00,92000.0,93300.0,90000.0,92500.0,321062.0
2025-02-03 00:00:00+09:00,91600.0,91600.0,85800.0,86400.0,301460.0
2025-02-04 00:00:00+09:00,88500.0,92700.0,87800.0,91400.0,296308.0
2025-02-05 00:00:00+09:00,91900.0,94000.0,90900.0,92400.0,190029.0
2025-02-06 00:00:00+09:00,92400.0,92400.0,89400.0,90300.0,206264.0
2025-02-07 00:00:00+09:00,89400.0,97800.0,89100.0,94000.0,429412.0
2025-02-10 00:00:00+09:00,92000.0,92300.0,89500.0,90200.0,244947.0
2025-02-11 00:00:00+09:00,91600.0,93700.0,89700.0,91400.0,202300.0
2025-02-12 00:00:00+09:00,90600.0,91800.0,89100.0,90200.0,188806.0
2025-02-13 00:00:00+09:00,89500.0,91500.0,87800.0,89800.0,176826.0
2025-02-14 00:00:00+09:00,89800.0,89900.0,87200.0,87400.0,239073.0
2025-02-17 00:00:00+09:00,86000.0,86800.0,82400.0,82600.0,432433.0
2025-02-18 00:00:00+09:00,81600.0,82900.0,76400.0,79200.0,627963.0
2025-02-19 00:00:00+09:00,78900.0,81000.0,77500.0,79300.0,330727.0
2025-02-20 00:00:00+09:00,80000.0,81400.0,74600.0,74600.0,476114.0
2025-02-21 00:00:00+09:00,73600.0,77300.0,73300.0,75500.0,353398.0
2025-02-24 00:00:00+09:00,75000.0,77200.0,74100.0,76800.0,228000.0
2025-02-25 00:00:00+09:00,76800.0,78900.0,73900.0,74000.0,305684.0
2025-02-26 00:00:00+09:00,73400.0,74600.0,71600.0,73400.0,309069.0
2025-02-27 00:00:00+09:00,74400.0,74600.0,72500.0,74100.0,155112.0
2025-02-28 00:00:00+09:00,73000.0,75400.0,72200.0,72900.0,233559.0
2025-03-04 00:00:00+09:00,72700.0,72800.0,69500.0,70800.0,177813.0
2025-03-05 00:00:00+09:00,70400.0,71100.0,67600.0,68300.0,341394.0
2025-03-06 00:00:00+09:00,67900.0,68700.0,65000.0,66100.0,339191.0
2025-03-07 00:00:00+09:00,64500.0,66000.0,61700.0,65300.0,565847.0
2025-03-10 00:00:00+09:00,67000.0,67000.0,63100.0,65500.0,256744.0
2025-03-11 00:00:00+09:00,63200.0,73200.0,63200.0,71500.0,814276.0
2025-03-12 00:00:00+09:00,72600.0,74900.0,71000.0,71600.0,443615.0
2025-03-13 00:00:00+09:00,70800.0,72800.0,68400.0,68600.0,283474.0
2025-03-14 00:00:00+09:00,68000.0,70500.0,67800.0,69700.0,158215.0
2025-03-17 00:00:00+09:00,71100.0,71200.0,67100.0,67400.0,194391.0
2025-03-18 00:00:00+09:00,68400.0,69000.0,67500.0,68000.0,119047.0
2025-03-19 00:00:00+09:00,67000.0,67500.0,66200.0,66700.0,160509.0
2025-03-20 00:00:00+09:00,66700.0,72400.0,65700.0,67100.0,421132.0
2025-03-21 00:00:00+09:00,67400.0,69300.0,66500.0,67700.0,202752.0
2025-03-24 00:00:00+09:00,67800.0,68000.0,65600.0,65600.0,104714.0
2025-03-25 00:00:00+09:00,65600.0,67000.0,63600.0,63700.0,114877.0
2025-03-26 00:00:00+09:00,63800.0,66600.0,63400.0,64100.0,145463.0
2025-03-27 00:00:00+09:00,65000.0,65100.0,61100.0,61300.0,144897.0
2025-03-28 00:00:00+09:00,61000.0,61100.0,58500.0,58900.0,144310.0
2025-03-31 00:00:00+09:00,57000.0,58100.0,55400.0,57500.0,206083.0
2025-04-01 00:00:00+09:00,58400.0,63300.0,57400.0,60500.0,245911.0
2025-04-02 00:00:00+09:00,61200.0,61200.0,57400.0,58000.0,150630.0
2025-04-03 00:00:00+09:00,55800.0,58600.0,55600.0,58000.0,119109.0
2025-04-04 00:00:00+09:00,56700.0,61200.0,56400.0,59400.0,220658.0
2025-04-07 00:00:00+09:00,56400.0,56600.0,53700.0,53900.0,197377.0
2025-04-08 00:00:00+09:00,55200.0,56000.0,53800.0,54000.0,130970.0
2025-04-09 00:00:00+09:00,52500.0,53300.0,51100.0,51900.0,188750.0
2025-04-10 00:00:00+09:00,60000.0,61000.0,55900.0,57500.0,204534.0
2025-04-11 00:00:00+09:00,56100.0,61400.0,56000.0,61100.0,209285.0
2025-04-14 00:00:00+09:00,61500.0,61700.0,59200.0,59800.0,178263.0
2025-04-15 00:00:00+09:00,59800.0,60700.0,58400.0,59900.0,167681.0
2025-04-16 00:00:00+09:00,60200.0,61200.0,58500.0,58600.0,149786.0
2025-04-17 00:00:00+09:00,57800.0,60300.0,57600.0,59900.0,101972.0
2025-04-18 00:00:00+09:00,59700.0,60600.0,58900.0,60400.0,78880.0
2025-04-21 00:00:00+09:00,61000.0,61300.0,59400.0,59700.0,78053.0
2025-04-22 00:00:00+09:00,58600.0,60100.0,58500.0,59900.0,70246.0
2025-04-23 00:00:00+09:00,60600.0,62000.0,60300.0,61500.0,107444.0
2025-04-24 00:00:00+09:00,62500.0,63200.0,59700.0,60600.0,129493.0
2025-04-25 00:00:00+09:00,60800.0,62100.0,60000.0,60900.0,97565.0
2025-04-28 00:00:00+09:00,61400.0,61500.0,60100.0,60300.0,70297.0
2025-04-29 00:00:00+09:00,60400.0,61300.0,60000.0,61200.0,73893.0
2025-04-30 00:00:00+09:00,60500.0,60500.0,58100.0,59300.0,133964.0
2025-05-02 00:00:00+09:00,57800.0,59900.0,57700.0,59600.0,83326.0
2025-05-07 00:00:00+09:00,60000.0,60800.0,58200.0,58700.0,78169.0
2025-05-08 00:00:00+09:00,58700.0,59900.0,58500.0,59400.0,67103.0
2025-05-09 00:00:00+09:00,59600.0,59900.0,57400.0,58800.0,101152.0
2025-05-12 00:00:00+09:00,58500.0,60100.0,58300.0,58600.0,85214.0
2025-05-13 00:00:00+09:00,58800.0,60000.0,58600.0,59300.0,71253.0
2025-05-14 00:00:00+09:00,58800.0,60200.0,58200.0,60000.0,78883.0
2025-05-15 00:00:00+09:00,59900.0,65800.0,59200.0,61200.0,271296.0
2025-05-16 00:00:00+09:00,60600.0,60800.0,58600.0,59300.0,121078.0
2025-05-19 00:00:00+09:00,58600.0,61200.0,57800.0,58200.0,107257.0
2025-05-20 00:00:00+09:00,59300.0,60800.0,57800.0,58200.0,131164.0
2025-05-21 00:00:00+09:00,58600.0,59300.0,58200.0,58200.0,65542.0
2025-05-22 00:00:00+09:00,57600.0,59500.0,57200.0,58700.0,82717.0
2025-05-23 00:00:00+09:00,59000.0,59100.0,58000.0,58700.0,48712.0
2025-05-26 00:00:00+09:00,59500.0,61300.0,58700.0,60300.0,122497.0
2025-05-27 00:00:00+09:00,59800.0,60100.0,58600.0,58800.0,72958.0
2025-05-28 00:00:00+09:00,59100.0,59900.0,58600.0,58800.0,68708.0
2025-05-29 00:00:00+09:00,59200.0,59700.0,58700.0,59300.0,48967.0
2025-05-30 00:00:00+09:00,59200.0,59300.0,57400.0,58400.0,88372.0
2025-06-02 00:00:00+09:00,58100.0,58500.0,57200.0,57200.0,82060.0
2025-06-04 00:00:00+09:00,58000.0,63600.0,57000.0,61000.0,298114.0
2025-06-05 00:00:00+09:00,61100.0,62000.0,60100.0,60800.0,104624.0
2025-06-09 00:00:00+09:00,61600.0,63400.0,60900.0,61400.0,128837.0
2025-06-10 00:00:00+09:00,61300.0,61700.0,59800.0,60200.0,98781.0
2025-06-11 00:00:00+09:00,60200.0,60900.0,59400.0,59400.0,98440.0
2025-06-12 00:00:00+09:00,59700.0,74900.0,59500.0,72500.0,1392725.0
2025-06-13 00:00:00+09:00,86000.0,90000.0,76800.0,80500.0,1189194.0
2025-06-16 00:00:00+09:00,78600.0,85000.0,78200.0,82200.0,562218.0
2025-06-17 00:00:00+09:00,80600.0,80600.0,76700.0,79300.0,300057.0
2025-06-18 00:00:00+09:00,77600.0,80000.0,76000.0,76400.0,191188.0
2025-06-19 00:00:00+09:00,77000.0,77400.0,72300.0,73200.0,251213.0
2025-06-20 00:00:00+09:00,73700.0,75400.0,71700.0,74000.0,215458.0
2025-06-23 00:00:00+09:00,77000.0,77600.0,73400.0,75400.0,218959.0
2025-06-24 00:00:00+09:00,75500.0,80000.0,75400.0,76800.0,236330.0
2025-06-25 00:00:00+09:00,78000.0,78600.0,76000.0,76700.0,157466.0
2025-06-26 00:00:00+09:00,77700.0,77800.0,73150.0,73400.0,165993.0
2025-06-27 00:00:00+09:00,73400.0,73500.0,71000.0,72900.0,125374.0
2025-06-30 00:00:00+09:00,71500.0,72200.0,68800.0,69100.0,133502.0
2025-07-01 00:00:00+09:00,67700.0,69700.0,67000.0,67800.0,140204.0
2025-07-02 00:00:00+09:00,66900.0,67400.0,65100.0,66900.0,118290.0
2025-07-03 00:00:00+09:00,69700.0,69700.0,66600.0,68100.0,110186.0
2025-07-04 00:00:00+09:00,68000.0,68200.0,65800.0,66400.0,80520.0
2025-07-07 00:00:00+09:00,66100.0,68500.0,65800.0,66800.0,109134.0
2025-07-08 00:00:00+09:00,68000.0,69300.0,67200.0,68300.0,98884.0
2025-07-09 00:00:00+09:00,70000.0,81300.0,68900.0,80100.0,889963.0
2025-07-10 00:00:00+09:00,81000.0,81000.0,73900.0,74700.0,441140.0
2025-07-11 00:00:00+09:00,75200.0,77500.0,67700.0,70800.0,644841.0
2025-07-14 00:00:00+09:00,69500.0,70200.0,68600.0,69100.0,148250.0
2025-07-15 00:00:00+09:00,69800.0,70800.0,68800.0,69000.0,104274.0
2025-07-16 00:00:00+09:00,68700.0,70000.0,67900.0,67900.0,136174.0
2025-07-17 00:00:00+09:00,68000.0,70000.0,66700.0,68600.0,165741.0
2025-07-18 00:00:00+09:00,69600.0,71000.0,69200.0,69900.0,149431.0
2025-07-21 00:00:00+09:00,71000.0,76000.0,70800.0,73300.0,275256.0
2025-07-22 00:00:00+09:00,72300.0,72900.0,70200.0,70700.0,124268.0
2025-07-23 00:00:00+09:00,70700.0,71300.0,69600.0,69900.0,113435.0
2025-07-24 00:00:00+09:00,69400.0,72200.0,68900.0,70200.0,129670.0
2025-07-25 00:00:00+09:00,70700.0,71000.0,69000.0,69000.0,77132.0
2025-07-28 00:00:00+09:00,69000.0,69400.0,68200.0,68500.0,66544.0
2025-07-29 00:00:00+09:00,68100.0,68500.0,67300.0,68200.0,79937.0
2025-07-30 00:00:00+09:00,67800.0,69900.0,67600.0,67800.0,100029.0
2025-07-31 00:00:00+09:00,68200.0,68900.0,66800.0,67400.0,96884.0
2025-08-01 00:00:00+09:00,68300.0,68500.0,64200.0,64700.0,144723.0
2025-08-04 00:00:00+09:00,64100.0,66000.0,63500.0,65500.0,61156.0
2025-08-05 00:00:00+09:00,65800.0,67700.0,65500.0,65700.0,96378.0
2025-08-06 00:00:00+09:00,66100.0,67400.0,66000.0,66900.0,70077.0
2025-08-07 00:00:00+09:00,67200.0,68500.0,66700.0,67300.0,67725.0
2025-08-08 00:00:00+09:00,66600.0,67800.0,66500.0,66600.0,44397.0
2025-08-11 00:00:00+09:00,66800.0,67700.0,66400.0,67100.0,43025.0
2025-08-12 00:00:00+09:00,67400.0,69100.0,66700.0,66800.0,89201.0
2025-08-13 00:00:00+09:00,66600.0,66700.0,64300.0,64800.0,110223.0
2025-08-14 00:00:00+09:00,65200.0,66100.0,63800.0,64000.0,70506.0
2025-08-18 00:00:00+09:00,64000.0,64300.0,62300.0,62400.0,87500.0
2025-08-19 00:00:00+09:00,62200.0,62600.0,61000.0,61400.0,74914.0
2025-08-20 00:00:00+09:00,59900.0,60500.0,58800.0,59400.0,123437.0
2025-08-21 00:00:00+09:00,59500.0,60500.0,59100.0,59200.0,80057.0
2025-08-22 00:00:00+09:00,58800.0,60400.0,58800.0,59800.0,67866.0
2025-08-25 00:00:00+09:00,61500.0,62100.0,60000.0,60500.0,79389.0
2025-08-26 00:00:00+09:00,60000.0,61400.0,59700.0,60500.0,61795.0
2025-08-27 00:00:00+09:00,60400.0,61300.0,60000.0,60100.0,48758.0
2025-08-28 00:00:00+09:00,59600.0,60100.0,59300.0,59400.0,44281.0
2025-08-29 00:00:00+09:00,59300.0,61100.0,59100.0,60000.0,81300.0
2025-09-01 00:00:00+09:00,59600.0,66300.0,58000.0,59300.0,580046.0
2025-09-02 00:00:00+09:00,59100.0,59800.0,58400.0,58800.0,108284.0
2025-09-03 00:00:00+09:00,59300.0,61200.0,58700.0,58700.0,144050.0
2025-09-04 00:00:00+09:00,58900.0,60300.0,58900.0,60100.0,81872.0
2025-09-05 00:00:00+09:00,60200.0,62800.0,59100.0,59600.0,152275.0
2025-09-08 00:00:00+09:00,59400.0,59600.0,58700.0,58700.0,76079.0
2025-09-09 00:00:00+09:00,58800.0,59100.0,58500.0,59000.0,67580.0
2025-09-10 00:00:00+09:00,59400.0,60000.0,59100.0,59500.0,70733.0
2025-09-11 00:00:00+09:00,59500.0,60200.0,59300.0,59600.0,84933.0
2025-09-12 00:00:00+09:00,59800.0,60400.0,59500.0,59800.0,78187.0
2025-09-15 00:00:00+09:00,59800.0,60000.0,58900.0,59000.0,82916.0
2025-09-16 00:00:00+09:00,59200.0,59800.0,58800.0,59400.0,54108.0
2025-09-17 00:00:00+09:00,59200.0,59500.0,58700.0,59200.0,51325.0
2025-09-18 00:00:00+09:00,59700.0,62100.0,59500.0,60500.0,227193.0
2025-09-19 00:00:00+09:00,60800.0,62500.0,60000.0,62200.0,182804.0
2025-09-22 00:00:00+09:00,63000.0,63200.0,60300.0,60300.0,117408.0
2025-09-23 00:00:00+09:00,60100.0,60300.0,59100.0,59400.0,100577.0
2025-09-24 00:00:00+09:00,60100.0,60200.0,58500.0,58800.0,86002.0
2025-09-25 00:00:00+09:00,58700.0,59200.0,58400.0,58700.0,65667.0
2025-09-26 00:00:00+09:00,58700.0,58700.0,56300.0,56900.0,117612.0
2025-09-29 00:00:00+09:00,56600.0,57700.0,55300.0,55500.0,99598.0
2025-09-30 00:00:00+09:00,55500.0,55900.0,55200.0,55400.0,59278.0
2025-10-01 00:00:00+09:00,55400.0,56100.0,55200.0,55300.0,48198.0
2025-10-02 00:00:00+09:00,55400.0,57300.0,55300.0,56200.0,110567.0
2025-10-10 00:00:00+09:00,57200.0,57500.0,56100.0,56600.0,101562.0
2025-10-13 00:00:00+09:00,55300.0,56900.0,54500.0,56800.0,79034.0
2025-10-14 00:00:00+09:00,56900.0,57800.0,56300.0,56900.0,127731.0
2025-10-15 00:00:00+09:00,56800.0,57300.0,54300.0,55000.0,503973.0
2025-10-16 00:00:00+09:00,55200.0,56200.0,54700.0,56000.0,143394.0
2025-10-17 00:00:00+09:00,55100.0,56400.0,54300.0,54300.0,174803.0
2025-10-20 00:00:00+09:00,53700.0,54900.0,53000.0,54100.0,113590.0
2025-10-21 00:00:00+09:00,58100.0,60900.0,56600.0,56700.0,484834.0
2025-10-22 00:00:00+09:00,57200.0,57200.0,54800.0,55800.0,466461.0
2025-10-23 00:00:00+09:00,55400.0,56500.0,54900.0,55700.0,83231.0
2025-10-24 00:00:00+09:00,56300.0,59500.0,55800.0,58800.0,202880.0
2025-10-27 00:00:00+09:00,59100.0,59500.0,57200.0,57300.0,188900.0
2025-10-28 00:00:00+09:00,57300.0,57600.0,55900.0,57400.0,129632.0
2025-10-29 00:00:00+09:00,57800.0,58300.0,56600.0,57200.0,112118.0
2025-10-30 00:00:00+09:00,56400.0,56900.0,55000.0,55400.0,123074.0
2025-10-31 00:00:00+09:00,55500.0,55900.0,54600.0,54800.0,85272.0
2025-11-03 00:00:00+09:00,55100.0,59400.0,54300.0,58800.0,292102.0
2025-11-04 00:00:00+09:00,57400.0,57900.0,56100.0,56100.0,123148.0
2025-11-05 00:00:00+09:00,56300.0,56300.0,52900.0,55200.0,174605.0
2025-11-06 00:00:00+09:00,55900.0,58900.0,55800.0,57500.0,207425.0
2025-11-07 00:00:00+09:00,56500.0,56800.0,55000.0,55800.0,105105.0
2025-11-10 00:00:00+09:00,56300.0,58300.0,54000.0,55000.0,235940.0
2025-11-11 00:00:00+09:00,55500.0,56100.0,53200.0,54000.0,134929.0
2025-11-12 00:00:00+09:00,54200.0,54900.0,53600.0,54400.0,60693.0
2025-11-13 00:00:00+09:00,54000.0,56800.0,53600.0,55400.0,98772.0
2025-11-14 00:00:00+09:00,54600.0,56600.0,54400.0,55000.0,93220.0
2025-11-17 00:00:00+09:00,55200.0,55700.0,54000.0,54300.0,61791.0
2025-11-18 00:00:00+09:00,54200.0,54400.0,52500.0,52600.0,109064.0
2025-11-19 00:00:00+09:00,52000.0,52700.0,50200.0,50900.0,104202.0
2025-11-20 00:00:00+09:00,51200.0,53100.0,51200.0,52500.0,70624.0
2025-11-21 00:00:00+09:00,50400.0,53900.0,50300.0,53700.0,93791.0
2025-11-24 00:00:00+09:00,53500.0,54400.0,52000.0,52200.0,85293.0
2025-11-25 00:00:00+09:00,52900.0,54700.0,52200.0,54100.0,95394.0
2025-11-26 00:00:00+09:00,54500.0,55200.0,53300.0,54300.0,75628.0
2025-11-27 00:00:00+09:00,54100.0,54600.0,52500.0,53200.0,75949.0
2025-11-28 00:00:00+09:00,53700.0,55000.0,53500.0,54900.0,94628.0
2025-12-01 00:00:00+09:00,55200.0,57800.0,55200.0,57100.0,163239.0
2025-12-02 00:00:00+09:00,57700.0,59100.0,56800.0,57900.0,126016.0
2025-12-03 00:00:00+09:00,58300.0,62600.0,58100.0,60900.0,259241.0
2025-12-04 00:00:00+09:00,62000.0,62100.0,59200.0,60100.0,144255.0
2025-12-05 00:00:00+09:00,61500.0,64700.0,60800.0,63200.0,236319.0
2025-12-08 00:00:00+09:00,72500.0,77700.0,68900.0,71100.0,950170.0
2025-12-09 00:00:00+09:00,69000.0,69500.0,65500.0,66300.0,291032.0
2025-12-10 00:00:00+09:00,67100.0,67400.0,63300.0,63600.0,204444.0
2025-12-11 00:00:00+09:00,63500.0,64700.0,62300.0,63600.0,211417.0
2025-12-12 00:00:00+09:00,63100.0,64500.0,62400.0,63800.0,106443.0
2025-12-15 00:00:00+09:00,62300.0,64200.0,61200.0,63500.0,156402.0
2025-12-16 00:00:00+09:00,66500.0,66500.0,59200.0,59300.0,384583.0
2025-12-17 00:00:00+09:00,59500.0,60200.0,58000.0,58300.0,149032.0
2025-12-18 00:00:00+09:00,56200.0,57500.0,56100.0,56200.0,121998.0
2025-12-19 00:00:00+09:00,56800.0,57100.0,55500.0,56400.0,123058.0
2025-12-22 00:00:00+09:00,56600.0,59200.0,56300.0,58900.0,149334.0
2025-12-23 00:00:00+09:00,60700.0,60700.0,58400.0,58800.0,115382.0
2025-12-24 00:00:00+09:00,58400.0,59000.0,57200.0,58700.0,105428.0
2025-12-26 00:00:00+09:00,59500.0,59600.0,57100.0,57400.0,118848.0
2025-12-29 00:00:00+09:00,57200.0,59200.0,56300.0,58000.0,102431.0
2025-12-30 00:00:00+09:00,57300.0,58200.0,56700.0,56700.0,82731.0
2026-01-02 00:00:00+09:00,56700.0,57800.0,55600.0,56800.0,86075.0
2026-01-05 00:00:00+09:00,57200.0,58700.0,57000.0,58300.0,124950.0
2026-01-06 00:00:00+09:00,58200.0,58600.0,57300.0,57700.0,98001.0
2026-01-07 00:00:00+09:00,57800.0,58100.0,56500.0,57500.0,119944.0
2026-01-08 00:00:00+09:00,56500.0,56700.0,55000.0,55200.0,133791.0
2026-01-09 00:00:00+09:00,55200.0,55500.0,53800.0,54000.0,112420.0
2026-01-12 00:00:00+09:00,53600.0,55000.0,53200.0,54300.0,100502.0
2026-01-13 00:00:00+09:00,59000.0,60500.0,56000.0,59700.0,429273.0
2026-01-14 00:00:00+09:00,57700.0,61900.0,56700.0,58700.0,317045.0
2026-01-15 00:00:00+09:00,59100.0,60000.0,57600.0,59500.0,146973.0
2026-01-16 00:00:00+09:00,59500.0,60600.0,57800.0,57900.0,184594.0
2026-01-19 00:00:00+09:00,57400.0,61200.0,57000.0,60700.0,264705.0
2026-01-20 00:00:00+09:00,60900.0,61000.0,58900.0,59300.0,155811.0
2026-01-21 00:00:00+09:00,58100.0,58300.0,57100.0,57400.0,177318.0
2026-01-22 00:00:00+09:00,57800.0,63400.0,57800.0,59500.0,520779.0
2026-01-23 00:00:00+09:00,60500.0,64000.0,59000.0,62700.0,466337.0
2026-01-26 00:00:00+09:00,62700.0,65300.0,61700.0,65200.0,449409.0
2026-01-27 00:00:00+09:00,66700.0,70300.0,65400.0,67600.0,501022.0
2026-01-28 00:00:00+09:00,67300.0,73000.0,66900.0,72500.0,610588.0
2026-01-29 00:00:00+09:00,76400.0,79600.0,71100.0,77900.0,700845.0
2026-01-30 00:00:00+09:00,77000.0,83000.0,76000.0,79700.0,560742.0
2026-02-02 00:00:00+09:00,78800.0,80900.0,72200.0,73500.0,441723.0
2026-02-03 00:00:00+09:00,78900.0,80800.0,77400.0,78500.0,249672.0
2026-02-04 00:00:00+09:00,75800.0,76800.0,72300.0,74300.0,291401.0
2026-02-05 00:00:00+09:00,70900.0,72900.0,68700.0,69300.0,295297.0
2026-02-06 00:00:00+09:00,66400.0,75200.0,65200.0,70700.0,441108.0
2026-02-09 00:00:00+09:00,74500.0,76000.0,72800.0,74400.0,200817.0
2026-02-10 00:00:00+09:00,73000.0,73500.0,70500.0,71600.0,174107.0
2026-02-11 00:00:00+09:00,72900.0,73700.0,70900.0,71300.0,210613.0
2026-02-12 00:00:00+09:00,71200.0,77500.0,70300.0,75700.0,336425.0
2026-02-13 00:00:00+09:00,73400.0,73900.0,71600.0,72900.0,188318.0
2026-02-19 00:00:00+09:00,74200.0,76200.0,71500.0,75400.0,273626.0
2026-02-20 00:00:00+09:00,75400.0,77200.0,73900.0,76400.0,168240.0
2026-02-23 00:00:00+09:00,76800.0,77000.0,73000.0,73100.0,162169.0
2026-02-24 00:00:00+09:00,74800.0,76100.0,73400.0,73400.0,141283.0
2026-02-25 00:00:00+09:00,73500.0,73700.0,70700.0,71000.0,190911.0
2026-02-26 00:00:00+09:00,71200.0,71500.0,69200.0,70900.0,189092.0
2026-02-27 00:00:00+09:00,69000.0,71200.0,69000.0,70200.0,140942.0
2026-03-03 00:00:00+09:00,68000.0,74700.0,65900.0,65900.0,319870.0
2026-03-04 00:00:00+09:00,63500.0,64000.0,55800.0,55900.0,374487.0
2026-03-05 00:00:00+09:00,60300.0,63400.0,59600.0,61200.0,288813.0
2026-03-06 00:00:00+09:00,59800.0,64100.0,59800.0,61700.0,172768.0
2026-03-09 00:00:00+09:00,58600.0,63100.0,57500.0,63100.0,171425.0
2026-03-10 00:00:00+09:00,66700.0,66700.0,63300.0,64300.0,191734.0
2026-03-11 00:00:00+09:00,64600.0,66200.0,62600.0,63100.0,152111.0
2026-03-12 00:00:00+09:00,64900.0,67200.0,64000.0,64100.0,196490.0
2026-03-13 00:00:00+09:00,63100.0,72000.0,62000.0,69100.0,368452.0
2026-03-16 00:00:00+09:00,69000.0,69000.0,65000.0,66000.0,136741.0
2026-03-17 00:00:00+09:00,66800.0,67200.0,65300.0,65300.0,88340.0
2026-03-18 00:00:00+09:00,65300.0,66100.0,64700.0,65000.0,98936.0
2026-03-19 00:00:00+09:00,62900.0,63700.0,61700.0,61800.0,113464.0
2026-03-20 00:00:00+09:00,62700.0,64100.0,62200.0,63600.0,129956.0
2026-03-23 00:00:00+09:00,61400.0,61600.0,59700.0,60500.0,107035.0
2026-03-24 00:00:00+09:00,61900.0,62200.0,59200.0,60400.0,87100.0
2026-03-25 00:00:00+09:00,61500.0,64600.0,57600.0,58900.0,262240.0
2026-03-26 00:00:00+09:00,57900.0,58000.0,56100.0,56200.0,167223.0
2026-03-27 00:00:00+09:00,54600.0,58800.0,54300.0,58000.0,146121.0
2026-03-30 00:00:00+09:00,54900.0,57900.0,54900.0,55500.0,81294.0
2026-03-31 00:00:00+09:00,54800.0,57200.0,54400.0,54700.0,117995.0
2026-04-01 00:00:00+09:00,56600.0,58200.0,56300.0,57300.0,92543.0
2026-04-02 00:00:00+09:00,58700.0,58700.0,53100.0,53900.0,166881.0
2026-04-03 00:00:00+09:00,54700.0,55200.0,53100.0,53800.0,75262.0
2026-04-06 00:00:00+09:00,54000.0,54800.0,53000.0,53400.0,89072.0
2026-04-07 00:00:00+09:00,53900.0,55500.0,52900.0,53400.0,89539.0
2026-04-08 00:00:00+09:00,55700.0,56900.0,55100.0,56600.0,124664.0
2026-04-09 00:00:00+09:00,56000.0,56100.0,54600.0,55000.0,89776.0
2026-04-10 00:00:00+09:00,56300.0,57500.0,55800.0,56200.0,81446.0
2026-04-13 00:00:00+09:00,54800.0,58200.0,54600.0,55800.0,94257.0
2026-04-14 00:00:00+09:00,57000.0,57400.0,56400.0,56500.0,63099.0
2026-04-15 00:00:00+09:00,57800.0,61700.0,57600.0,60600.0,275528.0
2026-04-16 00:00:00+09:00,63600.0,64200.0,60200.0,60800.0,194339.0
2026-04-17 00:00:00+09:00,60600.0,61000.0,59200.0,60200.0,104550.0
2026-04-20 00:00:00+09:00,59200.0,59800.0,58500.0,58600.0,91626.0
2026-04-21 00:00:00+09:00,61000.0,62400.0,59800.0,60000.0,167499.0
2026-04-22 00:00:00+09:00,61000.0,61200.0,59600.0,60500.0,90232.0
2026-04-23 00:00:00+09:00,60400.0,60500.0,58500.0,60100.0,105477.0
2026-04-24 00:00:00+09:00,59900.0,60600.0,59400.0,59900.0,78231.0
2026-04-27 00:00:00+09:00,60100.0,60600.0,59300.0,59600.0,87412.0
2026-04-28 00:00:00+09:00,59900.0,60100.0,59200.0,59200.0,81263.0
2026-04-29 00:00:00+09:00,59100.0,59200.0,58300.0,58600.0,77427.0
2026-04-30 00:00:00+09:00,58800.0,59200.0,57500.0,58000.0,108690.0
2026-05-04 00:00:00+09:00,58100.0,59000.0,57900.0,58000.0,95639.0
2026-05-06 00:00:00+09:00,58000.0,58000.0,56600.0,56700.0,133567.0
2026-05-07 00:00:00+09:00,56200.0,56500.0,55000.0,55000.0,130298.0
2026-05-08 00:00:00+09:00,54500.0,57300.0,53800.0,55900.0,165063.0
2026-05-11 00:00:00+09:00,55000.0,55200.0,53100.0,53100.0,178678.0
2026-05-12 00:00:00+09:00,52400.0,54500.0,50500.0,51000.0,260176.0
2026-05-13 00:00:00+09:00,50700.0,51600.0,50100.0,50300.0,113061.0
2026-05-14 00:00:00+09:00,50900.0,53300.0,48500.0,51900.0,266094.0
2026-05-15 00:00:00+09:00,51900.0,52000.0,47550.0,48750.0,204124.0
2026-05-18 00:00:00+09:00,47200.0,47800.0,44600.0,46400.0,182454.0
2026-05-19 00:00:00+09:00,46000.0,48650.0,45400.0,46350.0,194809.0
2026-05-20 00:00:00+09:00,45800.0,46000.0,43900.0,44550.0,171857.0
2026-05-21 00:00:00+09:00,45650.0,47200.0,45500.0,45550.0,150760.0
2026-05-22 00:00:00+09:00,47350.0,51300.0,47350.0,49100.0,298185.0
2026-05-26 00:00:00+09:00,51200.0,51600.0,48200.0,48300.0,195460.0
2026-05-27 00:00:00+09:00,48000.0,48150.0,45800.0,46250.0,152644.0
2026-05-28 00:00:00+09:00,46750.0,46850.0,43250.0,44700.0,186800.0
2026-05-29 00:00:00+09:00,44500.0,46200.0,43550.0,44400.0,211519.0
2026-06-01 00:00:00+09:00,43000.0,45500.0,42050.0,45000.0,184464.0
2026-06-02 00:00:00+09:00,43550.0,44350.0,42650.0,42900.0,155698.0
2026-06-04 00:00:00+09:00,42000.0,45300.0,42000.0,43850.0,139948.0
2026-06-05 00:00:00+09:00,43400.0,43400.0,40500.0,40600.0,132955.0
2026-06-08 00:00:00+09:00,37400.0,40200.0,37350.0,38600.0,145984.0
2026-06-09 00:00:00+09:00,38300.0,40900.0,38300.0,39100.0,199033.0
2026-06-10 00:00:00+09:00,38000.0,40000.0,37800.0,38700.0,122101.0
2026-06-11 00:00:00+09:00,37850.0,40600.0,37350.0,40250.0,257078.0
2026-06-12 00:00:00+09:00,41100.0,42700.0,40500.0,41150.0,140138.0
2026-06-15 00:00:00+09:00,43300.0,43700.0,42300.0,43250.0,84061.0
2026-06-16 00:00:00+09:00,43050.0,43900.0,41300.0,41850.0,109276.0
2026-06-17 00:00:00+09:00,41650.0,42500.0,40750.0,42150.0,85189.0
2026-06-18 00:00:00+09:00,41700.0,42000.0,40200.0,40350.0,63110.0
2026-06-19 00:00:00+09:00,40500.0,40850.0,38750.0,39700.0,119708.0
2026-06-22 00:00:00+09:00,39000.0,41200.0,39000.0,39750.0,92850.0
2026-06-23 00:00:00+09:00,38900.0,40700.0,37200.0,37250.0,118372.0
2026-06-24 00:00:00+09:00,36500.0,37800.0,35900.0,36500.0,108508.0
2026-06-25 00:00:00+09:00,36650.0,37900.0,35450.0,35700.0,103182.0
2026-06-26 00:00:00+09:00,28300.0,31000.0,27000.0,28100.0,674328.0
2026-06-29 00:00:00+09:00,27350.0,34000.0,27350.0,34000.0,480880.0
2026-06-30 00:00:00+09:00,35050.0,35050.0,31600.0,32100.0,202379.0
2026-07-01 00:00:00+09:00,32150.0,33050.0,29800.0,30800.0,167149.0
2026-07-02 00:00:00+09:00,29700.0,31400.0,29150.0,30750.0,156998.0
2026-07-03 00:00:00+09:00,30300.0,30650.0,28500.0,29600.0,190046.0
2026-07-06 00:00:00+09:00,29350.0,30150.0,28550.0,29600.0,138734.0
2026-07-07 00:00:00+09:00,33950.0,35000.0,27900.0,29200.0,675819.0
2026-07-08 00:00:00+09:00,28050.0,30200.0,27300.0,27600.0,200576.0
2026-07-09 00:00:00+09:00,27250.0,28550.0,27000.0,27850.0,194758.0
2026-07-10 00:00:00+09:00,27950.0,30250.0,27950.0,29500.0,158301.0
2026-07-13 00:00:00+09:00,30050.0,31000.0,28600.0,28850.0,151792.0
2026-07-14 00:00:00+09:00,28300.0,29200.0,26850.0,27750.0,140541.0
2026-07-15 00:00:00+09:00,28100.0,29300.0,28100.0,28800.0,90292.0
2026-07-16 00:00:00+09:00,28000.0,28350.0,27050.0,27350.0,88592.0
2026-07-20 00:00:00+09:00,26400.0,26600.0,25350.0,25600.0,107912.0
2026-07-21 00:00:00+09:00,25400.0,26350.0,25000.0,26150.0,102177.0
2026-07-22 00:00:00+09:00,26700.0,27350.0,26000.0,26000.0,102390.0
2026-07-23 00:00:00+09:00,26100.0,28200.0,25900.0,28150.0,156109.0
2026-07-24 00:00:00+09:00,27550.0,28250.0,27200.0,27500.0,98257.0
2026-07-27 00:00:00+09:00,29100.0,29100.0,27700.0,28150.0,108010.0
2026-07-28 00:00:00+09:00,27050.0,27550.0,25400.0,25950.0,114002.0
2026-07-29 00:00:00+09:00,26200.0,26400.0,22600.0,24050.0,219452.0
2026-07-30 00:00:00+09:00,22800.0,26700.0,22800.0,24850.0,165060.0
2026-07-31 00:00:00+09:00,27850.0,29550.0,26700.0,29000.0,271710.0
2026-08-03 00:00:00+09:00,30300.0,31500.0,29150.0,31100.0,249068.0
2026-08-04 00:00:00+09:00,30800.0,32600.0,30800.0,32250.0,228177.0
2026-08-05 00:00:00+09:00,32600.0,33600.0,31700.0,31850.0,148554.0
2026-08-06 00:00:00+09:00,31800.0,32750.0,30800.0,32000.0,120102.0
2026-08-07 00:00:00+09:00,32050.0,32900.0,30200.0,31150.0,120360.0
2026-08-10 00:00:00+09:00,31250.0,32950.0,30900.0,32750.0,130580.0
2026-08-11 00:00:00+09:00,32300.0,33550.0,31900.0,33400.0,127829.0
2026-08-12 00:00:00+09:00,33100.0,33250.0,32100.0,32800.0,121469.0
2026-08-13 00:00:00+09:00,33100.0,33450.0,32250.0,32750.0,111329.0
2026-08-14 00:00:00+09:00,33000.0,33550.0,32050.0,33100.0,141055.0
2026-08-18 00:00:00+09:00,32850.0,32850.0,29900.0,30150.0,171733.0
2026-08-19 00:00:00+09:00,29000.0,30000.0,28350.0,29400.0,110855.0
2026-08-20 00:00:00+09:00,30000.0,30650.0,29500.0,30000.0,90672.0
2026-08-21 00:00:00+09:00,29250.0,29250.0,27650.0,27900.0,143485.0
2026-08-24 00:00:00+09:00,28000.0,29900.0,28000.0,29350.0,130297.0
2026-08-25 00:00:00+09:00,28550.0,28900.0,27450.0,28900.0,134148.0
2026-08-26 00:00:00+09:00,28700.0,31350.0,28300.0,30750.0,188529.0
2026-08-27 00:00:00+09:00,30500.0,31400.0,30250.0,31000.0,133684.0
2026-08-28 00:00:00+09:00,30750.0,31300.0,30050.0,30650.0,122429.0
