dt,open,high,low,close,volume
2016-06-21 00:00:00+09:00,68764.0,69398.0,68131.0,69082.0,90964.0
2016-06-22 00:00:00+09:00,68764.0,69714.0,68130.0,68448.0,88883.0
2016-06-23 00:00:00+09:00,68131.0,68448.0,65913.0,66547.0,174966.0
2016-06-24 00:00:00+09:00,66863.0,67497.0,62807.0,64012.0,411913.0
2016-06-27 00:00:00+09:00,61539.0,64328.0,61539.0,63695.0,240904.0
2016-06-28 00:00:00+09:00,63060.0,64645.0,62934.0,63695.0,126960.0
2016-06-29 00:00:00+09:00,64011.0,66863.0,64011.0,65913.0,157323.0
2016-06-30 00:00:00+09:00,66229.0,66546.0,64645.0,65596.0,92571.0
2016-07-01 00:00:00+09:00,65912.0,66229.0,64328.0,64329.0,177572.0
2016-07-04 00:00:00+09:00,64646.0,64962.0,64012.0,64646.0,78697.0
2016-07-05 00:00:00+09:00,64011.0,64645.0,60526.0,60526.0,714258.0
2016-07-06 00:00:00+09:00,60652.0,61476.0,57927.0,58118.0,665798.0
2016-07-07 00:00:00+09:00,58624.0,59131.0,57990.0,58308.0,274387.0
2016-07-08 00:00:00+09:00,58371.0,59257.0,58054.0,59005.0,293588.0
2016-07-11 00:00:00+09:00,58877.0,58941.0,57420.0,58181.0,305079.0
2016-07-12 00:00:00+09:00,58307.0,58687.0,57546.0,58054.0,227900.0
2016-07-13 00:00:00+09:00,58118.0,58814.0,57737.0,57928.0,323396.0
2016-07-14 00:00:00+09:00,57736.0,57863.0,56405.0,56723.0,394813.0
2016-07-15 00:00:00+09:00,56976.0,57103.0,55835.0,55963.0,332649.0
2016-07-18 00:00:00+09:00,55454.0,56595.0,53997.0,56279.0,424032.0
2016-07-19 00:00:00+09:00,56658.0,59320.0,56658.0,59258.0,566446.0
2016-07-20 00:00:00+09:00,60144.0,61855.0,59384.0,60399.0,666653.0
2016-07-21 00:00:00+09:00,61096.0,61096.0,58814.0,59005.0,290451.0
2016-07-22 00:00:00+09:00,59638.0,59701.0,59067.0,59575.0,138496.0
2016-07-25 00:00:00+09:00,60272.0,60842.0,58118.0,58118.0,255130.0
2016-07-26 00:00:00+09:00,58117.0,58877.0,57673.0,58371.0,192974.0
2016-07-27 00:00:00+09:00,58243.0,58307.0,56976.0,57420.0,285633.0
2016-07-28 00:00:00+09:00,57166.0,58433.0,56786.0,57357.0,236735.0
2016-07-29 00:00:00+09:00,57737.0,58244.0,57484.0,58118.0,209911.0
2016-08-01 00:00:00+09:00,58117.0,58117.0,55265.0,55773.0,493662.0
2016-08-02 00:00:00+09:00,55899.0,56343.0,51716.0,52921.0,1135328.0
2016-08-03 00:00:00+09:00,52476.0,52603.0,51715.0,51970.0,510696.0
2016-08-04 00:00:00+09:00,52223.0,54061.0,52223.0,53111.0,357321.0
2016-08-05 00:00:00+09:00,52223.0,52793.0,50828.0,50892.0,634312.0
2016-08-08 00:00:00+09:00,51018.0,54315.0,51018.0,54315.0,525291.0
2016-08-09 00:00:00+09:00,54631.0,55391.0,53934.0,55329.0,389546.0
2016-08-10 00:00:00+09:00,55772.0,56722.0,55518.0,56216.0,345160.0
2016-08-11 00:00:00+09:00,56406.0,56786.0,55455.0,56153.0,214554.0
2016-08-12 00:00:00+09:00,56406.0,56659.0,54758.0,55963.0,184380.0
2016-08-16 00:00:00+09:00,56659.0,58433.0,56469.0,57991.0,400818.0
2016-08-17 00:00:00+09:00,58054.0,58054.0,56089.0,57864.0,310919.0
2016-08-18 00:00:00+09:00,57864.0,58434.0,56850.0,56977.0,167742.0
2016-08-19 00:00:00+09:00,56595.0,57482.0,56151.0,56279.0,150445.0
2016-08-22 00:00:00+09:00,56088.0,56151.0,54693.0,54948.0,254174.0
2016-08-23 00:00:00+09:00,54441.0,55835.0,54378.0,55329.0,158953.0
2016-08-24 00:00:00+09:00,55455.0,55455.0,54124.0,54822.0,230724.0
2016-08-25 00:00:00+09:00,54758.0,54758.0,52793.0,52921.0,384491.0
2016-08-26 00:00:00+09:00,53173.0,53617.0,51843.0,53111.0,225085.0
2016-08-29 00:00:00+09:00,52983.0,53426.0,52033.0,52033.0,239789.0
2016-08-30 00:00:00+09:00,52159.0,52603.0,51589.0,51653.0,255557.0
2016-08-31 00:00:00+09:00,52096.0,52477.0,51209.0,52287.0,300532.0
2016-09-01 00:00:00+09:00,52476.0,52539.0,51842.0,52413.0,124048.0
2016-09-02 00:00:00+09:00,52476.0,52856.0,51399.0,52033.0,346923.0
2016-09-05 00:00:00+09:00,52476.0,54378.0,52349.0,54378.0,357768.0
2016-09-06 00:00:00+09:00,54568.0,54632.0,53681.0,53935.0,156099.0
2016-09-07 00:00:00+09:00,54060.0,54250.0,52602.0,53047.0,235171.0
2016-09-08 00:00:00+09:00,52729.0,52982.0,52095.0,52603.0,154747.0
2016-09-09 00:00:00+09:00,52602.0,53236.0,52095.0,52603.0,115134.0
2016-09-12 00:00:00+09:00,51525.0,52349.0,51398.0,51526.0,133028.0
2016-09-13 00:00:00+09:00,51969.0,52223.0,51525.0,51653.0,98097.0
2016-09-19 00:00:00+09:00,52222.0,53299.0,51968.0,53237.0,146589.0
2016-09-20 00:00:00+09:00,53173.0,53173.0,51779.0,52287.0,187577.0
2016-09-21 00:00:00+09:00,52348.0,53679.0,51905.0,53237.0,231916.0
2016-09-22 00:00:00+09:00,53301.0,54442.0,52350.0,54252.0,354917.0
2016-09-23 00:00:00+09:00,54251.0,55264.0,53933.0,55202.0,279774.0
2016-09-26 00:00:00+09:00,54821.0,55265.0,54504.0,54505.0,175325.0
2016-09-27 00:00:00+09:00,53934.0,54694.0,53871.0,54442.0,165492.0
2016-09-28 00:00:00+09:00,54758.0,54885.0,54378.0,54442.0,155769.0
2016-09-29 00:00:00+09:00,54441.0,54757.0,52349.0,54061.0,328615.0
2016-09-30 00:00:00+09:00,53743.0,53743.0,52919.0,53047.0,239987.0
2016-10-04 00:00:00+09:00,52982.0,53617.0,52982.0,53617.0,299712.0
2016-10-05 00:00:00+09:00,53489.0,53553.0,52538.0,52603.0,278334.0
2016-10-06 00:00:00+09:00,52603.0,52666.0,51779.0,51970.0,240052.0
2016-10-07 00:00:00+09:00,51843.0,51969.0,50702.0,50766.0,383114.0
2016-10-10 00:00:00+09:00,50701.0,51145.0,50131.0,50385.0,213080.0
2016-10-11 00:00:00+09:00,50258.0,50384.0,48039.0,48547.0,660111.0
2016-10-12 00:00:00+09:00,48736.0,49497.0,48229.0,48674.0,258408.0
2016-10-13 00:00:00+09:00,48547.0,48547.0,46582.0,47026.0,505265.0
2016-10-14 00:00:00+09:00,46645.0,46835.0,45376.0,46455.0,330128.0
2016-10-17 00:00:00+09:00,46519.0,46962.0,45631.0,45759.0,194456.0
2016-10-18 00:00:00+09:00,45125.0,46265.0,45061.0,45759.0,412085.0
2016-10-19 00:00:00+09:00,45631.0,46328.0,45441.0,45695.0,214432.0
2016-10-20 00:00:00+09:00,45758.0,46075.0,45061.0,45315.0,163446.0
2016-10-21 00:00:00+09:00,45124.0,45567.0,44489.0,44744.0,163248.0
2016-10-24 00:00:00+09:00,44870.0,44934.0,44870.0,44934.0,208482.0
2016-10-25 00:00:00+09:00,44490.0,44617.0,42969.0,43477.0,328565.0
2016-10-26 00:00:00+09:00,43033.0,44237.0,42970.0,43604.0,240784.0
2016-10-27 00:00:00+09:00,43412.0,45377.0,43412.0,44998.0,259086.0
2016-10-28 00:00:00+09:00,44934.0,44997.0,43730.0,44174.0,97049.0
2016-10-31 00:00:00+09:00,43730.0,43793.0,42652.0,42970.0,263653.0
2016-11-01 00:00:00+09:00,42589.0,43096.0,42272.0,42970.0,126952.0
2016-11-02 00:00:00+09:00,42462.0,43096.0,40941.0,41449.0,353689.0
2016-11-03 00:00:00+09:00,41448.0,42398.0,41257.0,42209.0,162723.0
2016-11-04 00:00:00+09:00,42081.0,42398.0,41194.0,42209.0,148816.0
2016-11-07 00:00:00+09:00,42208.0,44870.0,42208.0,44744.0,303419.0
2016-11-08 00:00:00+09:00,44807.0,46328.0,44490.0,45315.0,324950.0
2016-11-09 00:00:00+09:00,45695.0,45759.0,42209.0,43097.0,399763.0
2016-11-10 00:00:00+09:00,43730.0,44617.0,43666.0,43794.0,230256.0
2016-11-11 00:00:00+09:00,43160.0,44300.0,42209.0,42273.0,226797.0
2016-11-14 00:00:00+09:00,42018.0,42462.0,41448.0,41512.0,166509.0
2016-11-15 00:00:00+09:00,41511.0,41638.0,40814.0,40815.0,181807.0
2016-11-16 00:00:00+09:00,40941.0,41954.0,40941.0,41512.0,165056.0
2016-11-17 00:00:00+09:00,41067.0,41954.0,40941.0,41702.0,121224.0
2016-11-18 00:00:00+09:00,41701.0,41701.0,40561.0,40625.0,139123.0
2016-11-21 00:00:00+09:00,40117.0,40243.0,38786.0,38850.0,288182.0
2016-11-22 00:00:00+09:00,38786.0,39293.0,37835.0,38533.0,249627.0
2016-11-23 00:00:00+09:00,38342.0,38786.0,38025.0,38660.0,142102.0
2016-11-24 00:00:00+09:00,38342.0,38532.0,36631.0,37202.0,242946.0
2016-11-25 00:00:00+09:00,36947.0,38596.0,36947.0,38026.0,160644.0
2016-11-28 00:00:00+09:00,37772.0,38343.0,36758.0,37076.0,146230.0
2016-11-29 00:00:00+09:00,36757.0,38722.0,36757.0,38216.0,207880.0
2016-11-30 00:00:00+09:00,38216.0,39230.0,38026.0,38597.0,192572.0
2016-12-01 00:00:00+09:00,38596.0,39230.0,38469.0,38977.0,121529.0
2016-12-02 00:00:00+09:00,38659.0,38912.0,37518.0,38026.0,181012.0
2016-12-05 00:00:00+09:00,38025.0,38025.0,37138.0,37139.0,147518.0
2016-12-06 00:00:00+09:00,37138.0,39166.0,37138.0,39104.0,170333.0
2016-12-07 00:00:00+09:00,38723.0,39420.0,38216.0,38407.0,254211.0
2016-12-08 00:00:00+09:00,38469.0,39357.0,38469.0,38977.0,133746.0
2016-12-09 00:00:00+09:00,38976.0,39863.0,38786.0,39737.0,277995.0
2016-12-12 00:00:00+09:00,40307.0,42082.0,39800.0,42019.0,303063.0
2016-12-13 00:00:00+09:00,41955.0,42588.0,41257.0,42336.0,175230.0
2016-12-14 00:00:00+09:00,42462.0,42652.0,41638.0,42336.0,176680.0
2016-12-15 00:00:00+09:00,42019.0,42907.0,41512.0,42717.0,110192.0
2016-12-16 00:00:00+09:00,42842.0,43032.0,42018.0,42209.0,128640.0
2016-12-19 00:00:00+09:00,42209.0,43794.0,42146.0,43731.0,202482.0
2016-12-20 00:00:00+09:00,43730.0,43794.0,42273.0,42527.0,217522.0
2016-12-21 00:00:00+09:00,42716.0,42970.0,41576.0,41576.0,187974.0
2016-12-22 00:00:00+09:00,41638.0,42335.0,40814.0,41512.0,141337.0
2016-12-23 00:00:00+09:00,41005.0,41892.0,41005.0,41576.0,86499.0
2016-12-26 00:00:00+09:00,41638.0,42398.0,41638.0,42146.0,94717.0
2016-12-27 00:00:00+09:00,42589.0,42716.0,42082.0,42590.0,108588.0
2016-12-28 00:00:00+09:00,42145.0,43730.0,42145.0,43604.0,175574.0
2016-12-29 00:00:00+09:00,43604.0,44934.0,43350.0,44618.0,170819.0
2017-01-02 00:00:00+09:00,44554.0,44554.0,43413.0,43731.0,137371.0
2017-01-03 00:00:00+09:00,43413.0,44174.0,42970.0,43097.0,169448.0
2017-01-04 00:00:00+09:00,43793.0,45187.0,43666.0,44998.0,378091.0
2017-01-05 00:00:00+09:00,45314.0,47405.0,44871.0,47153.0,397090.0
2017-01-06 00:00:00+09:00,47152.0,47850.0,46772.0,47280.0,249484.0
2017-01-09 00:00:00+09:00,46772.0,47215.0,45124.0,45442.0,315737.0
2017-01-10 00:00:00+09:00,45822.0,47026.0,45505.0,46203.0,218119.0
2017-01-11 00:00:00+09:00,46011.0,46708.0,45631.0,45822.0,106722.0
2017-01-12 00:00:00+09:00,45822.0,46075.0,44872.0,44872.0,99772.0
2017-01-13 00:00:00+09:00,44870.0,46771.0,44870.0,45188.0,255603.0
2017-01-16 00:00:00+09:00,45377.0,45948.0,44997.0,45188.0,102684.0
2017-01-17 00:00:00+09:00,45885.0,47089.0,45315.0,45315.0,250576.0
2017-01-18 00:00:00+09:00,45504.0,49244.0,45504.0,48737.0,513578.0
2017-01-19 00:00:00+09:00,49116.0,49750.0,48292.0,49561.0,455054.0
2017-01-20 00:00:00+09:00,49624.0,49878.0,48800.0,49688.0,198691.0
2017-01-23 00:00:00+09:00,49940.0,49940.0,48990.0,49498.0,134305.0
2017-01-24 00:00:00+09:00,49687.0,49687.0,47849.0,48864.0,185177.0
2017-01-25 00:00:00+09:00,48610.0,49180.0,47595.0,48040.0,106703.0
2017-01-26 00:00:00+09:00,48357.0,48927.0,47723.0,48611.0,127052.0
2017-01-31 00:00:00+09:00,48610.0,50828.0,48293.0,50322.0,336310.0
2017-02-01 00:00:00+09:00,50448.0,51145.0,49371.0,50132.0,181893.0
2017-02-02 00:00:00+09:00,50004.0,50891.0,49434.0,49498.0,171974.0
2017-02-03 00:00:00+09:00,49687.0,50384.0,49497.0,50195.0,173343.0
2017-02-06 00:00:00+09:00,50067.0,50891.0,49433.0,49561.0,154109.0
2017-02-07 00:00:00+09:00,49878.0,49878.0,48737.0,49435.0,109182.0
2017-02-08 00:00:00+09:00,49054.0,49815.0,47786.0,49815.0,163951.0
2017-02-09 00:00:00+09:00,49496.0,49750.0,48419.0,48420.0,322647.0
2017-02-10 00:00:00+09:00,49054.0,50258.0,47723.0,47914.0,496453.0
2017-02-13 00:00:00+09:00,48166.0,48674.0,48166.0,48674.0,130532.0
2017-02-14 00:00:00+09:00,48673.0,48673.0,47342.0,47533.0,240343.0
2017-02-15 00:00:00+09:00,47532.0,48482.0,47469.0,48040.0,162642.0
2017-02-16 00:00:00+09:00,48293.0,48926.0,47849.0,48864.0,156817.0
2017-02-17 00:00:00+09:00,48862.0,50131.0,48800.0,49751.0,240256.0
2017-02-20 00:00:00+09:00,49877.0,50131.0,49243.0,49371.0,96076.0
2017-02-21 00:00:00+09:00,49624.0,49688.0,49180.0,49688.0,109487.0
2017-02-22 00:00:00+09:00,49688.0,49750.0,47849.0,48167.0,224584.0
2017-02-23 00:00:00+09:00,48230.0,48547.0,47723.0,48104.0,169425.0
2017-02-24 00:00:00+09:00,47849.0,48736.0,47849.0,48484.0,133754.0
2017-02-27 00:00:00+09:00,48547.0,48547.0,47849.0,48167.0,84893.0
2017-02-28 00:00:00+09:00,48356.0,48356.0,47152.0,47343.0,178008.0
2017-03-02 00:00:00+09:00,47216.0,47279.0,43730.0,43984.0,706004.0
2017-03-03 00:00:00+09:00,43983.0,44299.0,42018.0,43857.0,312838.0
2017-03-06 00:00:00+09:00,43730.0,44300.0,42779.0,43921.0,136991.0
2017-03-07 00:00:00+09:00,43539.0,45187.0,43539.0,44808.0,176378.0
2017-03-08 00:00:00+09:00,44807.0,45505.0,44807.0,45125.0,107327.0
2017-03-09 00:00:00+09:00,45567.0,46961.0,45314.0,45885.0,228498.0
2017-03-10 00:00:00+09:00,46265.0,47850.0,46012.0,47724.0,323895.0
2017-03-13 00:00:00+09:00,48230.0,48801.0,47470.0,47724.0,228669.0
2017-03-14 00:00:00+09:00,48609.0,48609.0,46074.0,46265.0,263966.0
2017-03-15 00:00:00+09:00,46265.0,46329.0,44364.0,44428.0,348691.0
2017-03-16 00:00:00+09:00,44617.0,45377.0,44173.0,45188.0,203089.0
2017-03-17 00:00:00+09:00,45315.0,46455.0,45315.0,45949.0,168040.0
2017-03-20 00:00:00+09:00,46518.0,46518.0,44871.0,45125.0,122270.0
2017-03-21 00:00:00+09:00,45631.0,48039.0,45631.0,47787.0,476318.0
2017-03-22 00:00:00+09:00,47280.0,48420.0,46582.0,46773.0,199814.0
2017-03-23 00:00:00+09:00,46836.0,47976.0,46836.0,47724.0,155340.0
2017-03-24 00:00:00+09:00,47659.0,48483.0,47469.0,47977.0,113495.0
2017-03-27 00:00:00+09:00,48229.0,48483.0,47532.0,47850.0,180597.0
2017-03-28 00:00:00+09:00,47848.0,48166.0,46708.0,47406.0,176425.0
2017-03-29 00:00:00+09:00,47722.0,48292.0,47025.0,47596.0,140215.0
2017-03-30 00:00:00+09:00,47533.0,48040.0,47470.0,47914.0,74879.0
2017-03-31 00:00:00+09:00,48102.0,48482.0,47278.0,47596.0,159650.0
2017-04-03 00:00:00+09:00,47723.0,50449.0,47723.0,50449.0,523437.0
2017-04-04 00:00:00+09:00,50511.0,51715.0,50384.0,51019.0,371114.0
2017-04-05 00:00:00+09:00,51145.0,51652.0,50702.0,51336.0,192554.0
2017-04-06 00:00:00+09:00,50702.0,51462.0,50702.0,51400.0,121816.0
2017-04-07 00:00:00+09:00,51652.0,52602.0,51589.0,52160.0,246582.0
2017-04-10 00:00:00+09:00,52159.0,52222.0,50574.0,50829.0,181107.0
2017-04-11 00:00:00+09:00,50702.0,51652.0,49498.0,50259.0,235023.0
2017-04-12 00:00:00+09:00,50638.0,51336.0,49814.0,51336.0,191698.0
2017-04-13 00:00:00+09:00,51461.0,52665.0,51334.0,52603.0,333643.0
2017-04-14 00:00:00+09:00,52285.0,52538.0,51271.0,51462.0,157627.0
2017-04-17 00:00:00+09:00,52096.0,54378.0,52033.0,54252.0,444387.0
2017-04-18 00:00:00+09:00,54504.0,55137.0,54060.0,54695.0,327382.0
2017-04-19 00:00:00+09:00,54631.0,55328.0,54504.0,54885.0,202396.0
2017-04-20 00:00:00+09:00,55137.0,55454.0,54187.0,54568.0,186716.0
2017-04-21 00:00:00+09:00,55138.0,55899.0,55138.0,55899.0,322853.0
2017-04-24 00:00:00+09:00,55962.0,56152.0,54441.0,54695.0,220552.0
2017-04-25 00:00:00+09:00,54885.0,55582.0,54314.0,54822.0,191270.0
2017-04-26 00:00:00+09:00,55137.0,55264.0,53616.0,54061.0,215483.0
2017-04-27 00:00:00+09:00,53808.0,54314.0,53491.0,54252.0,148949.0
2017-04-28 00:00:00+09:00,54188.0,54631.0,53617.0,54188.0,120644.0
2017-05-02 00:00:00+09:00,54252.0,54252.0,52477.0,52921.0,230060.0
2017-05-04 00:00:00+09:00,52920.0,54567.0,52793.0,54505.0,184244.0
2017-05-08 00:00:00+09:00,54251.0,54822.0,54061.0,54632.0,142462.0
2017-05-10 00:00:00+09:00,54505.0,54758.0,52096.0,52731.0,546599.0
2017-05-11 00:00:00+09:00,52920.0,53047.0,51652.0,52667.0,439252.0
2017-05-12 00:00:00+09:00,52160.0,52730.0,51526.0,51780.0,320427.0
2017-05-15 00:00:00+09:00,50068.0,52477.0,50068.0,52287.0,358413.0
2017-05-16 00:00:00+09:00,52286.0,52286.0,50638.0,50702.0,422245.0
2017-05-17 00:00:00+09:00,50701.0,51081.0,50131.0,50639.0,292104.0
2017-05-18 00:00:00+09:00,50639.0,52160.0,50448.0,51780.0,415706.0
2017-05-19 00:00:00+09:00,51652.0,52603.0,51462.0,52033.0,206993.0
2017-05-22 00:00:00+09:00,52412.0,52476.0,51525.0,52350.0,253812.0
2017-05-23 00:00:00+09:00,52477.0,52540.0,51652.0,51780.0,191044.0
2017-05-24 00:00:00+09:00,52096.0,52096.0,51462.0,51780.0,190051.0
2017-05-25 00:00:00+09:00,51780.0,51843.0,50892.0,51210.0,202450.0
2017-05-26 00:00:00+09:00,51969.0,53554.0,51715.0,53554.0,422335.0
2017-05-29 00:00:00+09:00,54187.0,54314.0,52793.0,53554.0,389205.0
2017-05-30 00:00:00+09:00,53807.0,53869.0,53109.0,53427.0,230066.0
2017-05-31 00:00:00+09:00,53744.0,53807.0,53236.0,53554.0,192859.0
2017-06-01 00:00:00+09:00,53616.0,53616.0,52348.0,52603.0,218467.0
2017-06-02 00:00:00+09:00,52287.0,52477.0,51462.0,51780.0,371821.0
2017-06-05 00:00:00+09:00,52159.0,52603.0,51589.0,51843.0,270184.0
2017-06-07 00:00:00+09:00,52159.0,52159.0,51336.0,51336.0,262437.0
2017-06-08 00:00:00+09:00,51462.0,51589.0,50638.0,51146.0,845671.0
2017-06-09 00:00:00+09:00,51398.0,52032.0,50891.0,51082.0,443822.0
2017-06-12 00:00:00+09:00,51081.0,51271.0,49434.0,49688.0,407661.0
2017-06-13 00:00:00+09:00,49434.0,50701.0,49434.0,50195.0,168648.0
2017-06-14 00:00:00+09:00,50321.0,50511.0,48990.0,49054.0,374955.0
2017-06-15 00:00:00+09:00,48674.0,48864.0,47723.0,48104.0,353945.0
2017-06-16 00:00:00+09:00,48167.0,48419.0,46582.0,46836.0,391158.0
2017-06-19 00:00:00+09:00,46582.0,46645.0,45314.0,46012.0,425535.0
2017-06-20 00:00:00+09:00,45948.0,46518.0,45631.0,45695.0,206969.0
2017-06-21 00:00:00+09:00,45821.0,46202.0,44617.0,45949.0,242715.0
2017-06-22 00:00:00+09:00,46011.0,46074.0,45124.0,46012.0,183297.0
2017-06-23 00:00:00+09:00,46265.0,46899.0,46139.0,46773.0,245670.0
2017-06-26 00:00:00+09:00,47215.0,47215.0,46074.0,46075.0,194172.0
2017-06-27 00:00:00+09:00,46139.0,47660.0,46139.0,47090.0,178161.0
2017-06-28 00:00:00+09:00,47152.0,47723.0,46645.0,46963.0,148455.0
2017-06-29 00:00:00+09:00,47089.0,47406.0,45948.0,47026.0,242403.0
2017-06-30 00:00:00+09:00,47026.0,47026.0,46455.0,46646.0,126277.0
2017-07-03 00:00:00+09:00,46518.0,46961.0,46138.0,46519.0,125422.0
2017-07-04 00:00:00+09:00,46138.0,46772.0,45631.0,45822.0,179674.0
2017-07-05 00:00:00+09:00,45695.0,46455.0,45695.0,45949.0,84714.0
2017-07-06 00:00:00+09:00,46265.0,46329.0,45631.0,45759.0,106534.0
2017-07-07 00:00:00+09:00,45949.0,46139.0,45631.0,45759.0,92953.0
2017-07-10 00:00:00+09:00,45758.0,46139.0,44618.0,44618.0,174296.0
2017-07-11 00:00:00+09:00,44553.0,45124.0,42779.0,42970.0,522601.0
2017-07-12 00:00:00+09:00,42779.0,43476.0,42399.0,42653.0,273063.0
2017-07-13 00:00:00+09:00,42526.0,43223.0,42526.0,42717.0,179146.0
2017-07-14 00:00:00+09:00,43032.0,43285.0,42652.0,42843.0,176733.0
2017-07-17 00:00:00+09:00,42842.0,43983.0,42272.0,43540.0,262625.0
2017-07-18 00:00:00+09:00,43857.0,44808.0,43604.0,44428.0,229281.0
2017-07-19 00:00:00+09:00,44807.0,45060.0,43793.0,43857.0,207377.0
2017-07-20 00:00:00+09:00,44489.0,44806.0,44109.0,44364.0,180400.0
2017-07-21 00:00:00+09:00,44806.0,45314.0,44426.0,44934.0,182777.0
2017-07-24 00:00:00+09:00,45124.0,45568.0,44744.0,45442.0,156990.0
2017-07-25 00:00:00+09:00,45632.0,45885.0,44934.0,45062.0,190144.0
2017-07-26 00:00:00+09:00,44427.0,46011.0,44427.0,45315.0,167460.0
2017-07-27 00:00:00+09:00,45186.0,45504.0,44426.0,44744.0,199462.0
2017-07-28 00:00:00+09:00,44618.0,45062.0,44428.0,44872.0,176826.0
2017-07-31 00:00:00+09:00,44871.0,45187.0,43920.0,43921.0,138936.0
2017-08-01 00:00:00+09:00,43603.0,44109.0,42462.0,43033.0,467117.0
2017-08-02 00:00:00+09:00,43222.0,43856.0,42842.0,43350.0,261521.0
2017-08-03 00:00:00+09:00,43350.0,43730.0,42336.0,42527.0,256342.0
2017-08-04 00:00:00+09:00,42779.0,43793.0,42779.0,43477.0,235839.0
2017-08-07 00:00:00+09:00,43856.0,43856.0,43222.0,43223.0,97256.0
2017-08-08 00:00:00+09:00,43287.0,43540.0,42589.0,43097.0,92679.0
2017-08-09 00:00:00+09:00,43032.0,43983.0,42842.0,43413.0,92355.0
2017-08-10 00:00:00+09:00,43285.0,43729.0,42778.0,43413.0,145302.0
2017-08-11 00:00:00+09:00,42589.0,42653.0,38977.0,39231.0,793304.0
2017-08-14 00:00:00+09:00,39293.0,39293.0,37645.0,37963.0,483984.0
2017-08-16 00:00:00+09:00,38152.0,38406.0,37771.0,38026.0,340275.0
2017-08-17 00:00:00+09:00,38089.0,38279.0,37519.0,37963.0,204440.0
2017-08-18 00:00:00+09:00,37519.0,38596.0,37519.0,38343.0,198075.0
2017-08-21 00:00:00+09:00,38343.0,39484.0,38343.0,39294.0,197868.0
2017-08-22 00:00:00+09:00,39611.0,40055.0,39041.0,39865.0,203094.0
2017-08-23 00:00:00+09:00,39927.0,40307.0,39483.0,39674.0,113763.0
2017-08-24 00:00:00+09:00,39928.0,41258.0,39864.0,41196.0,304099.0
2017-08-25 00:00:00+09:00,41068.0,41196.0,40308.0,41006.0,144739.0
2017-08-28 00:00:00+09:00,40752.0,41766.0,40752.0,41576.0,173959.0
2017-08-29 00:00:00+09:00,41575.0,41575.0,40751.0,41132.0,106857.0
2017-08-30 00:00:00+09:00,41384.0,41384.0,40243.0,40688.0,119578.0
2017-08-31 00:00:00+09:00,40878.0,41449.0,40624.0,41449.0,98229.0
2017-09-01 00:00:00+09:00,41448.0,42462.0,41257.0,42336.0,212037.0
2017-09-04 00:00:00+09:00,41131.0,41575.0,40118.0,40118.0,290532.0
2017-09-05 00:00:00+09:00,40371.0,40751.0,39547.0,39611.0,158219.0
2017-09-06 00:00:00+09:00,39610.0,39927.0,38723.0,38977.0,188847.0
2017-09-07 00:00:00+09:00,38977.0,39421.0,38723.0,39231.0,121028.0
2017-09-08 00:00:00+09:00,39040.0,39990.0,39040.0,39294.0,104562.0
2017-09-11 00:00:00+09:00,39230.0,39800.0,38913.0,39104.0,140628.0
2017-09-12 00:00:00+09:00,39356.0,39610.0,38786.0,39104.0,84322.0
2017-09-13 00:00:00+09:00,39166.0,39293.0,38025.0,38153.0,199099.0
2017-09-14 00:00:00+09:00,38153.0,39293.0,38153.0,39104.0,173726.0
2017-09-15 00:00:00+09:00,38976.0,40117.0,38659.0,39991.0,251348.0
2017-09-18 00:00:00+09:00,40433.0,43412.0,40433.0,43223.0,734480.0
2017-09-19 00:00:00+09:00,43286.0,43540.0,41955.0,42780.0,302752.0
2017-09-20 00:00:00+09:00,42779.0,43477.0,42526.0,42907.0,238833.0
2017-09-21 00:00:00+09:00,42905.0,42969.0,41004.0,41068.0,241355.0
2017-09-22 00:00:00+09:00,41067.0,41448.0,39483.0,39801.0,215347.0
2017-09-25 00:00:00+09:00,39799.0,41067.0,39546.0,39547.0,126647.0
2017-09-26 00:00:00+09:00,39546.0,40117.0,39356.0,39547.0,147041.0
2017-09-27 00:00:00+09:00,39420.0,40814.0,39356.0,40625.0,154985.0
2017-09-28 00:00:00+09:00,40371.0,40371.0,39611.0,40055.0,138947.0
2017-09-29 00:00:00+09:00,39990.0,41131.0,39610.0,40815.0,152942.0
2017-10-10 00:00:00+09:00,41194.0,41891.0,40877.0,41258.0,252073.0
2017-10-11 00:00:00+09:00,41068.0,41639.0,40942.0,41196.0,167894.0
2017-10-12 00:00:00+09:00,41131.0,41195.0,40370.0,40625.0,143137.0
2017-10-13 00:00:00+09:00,40434.0,40941.0,39737.0,40245.0,215373.0
2017-10-16 00:00:00+09:00,40624.0,43856.0,39927.0,43350.0,815349.0
2017-10-17 00:00:00+09:00,43477.0,43477.0,42589.0,43097.0,344676.0
2017-10-18 00:00:00+09:00,43540.0,44744.0,43032.0,44111.0,468086.0
2017-10-19 00:00:00+09:00,44934.0,44997.0,43350.0,44174.0,267041.0
2017-10-20 00:00:00+09:00,43856.0,43856.0,42526.0,43477.0,321704.0
2017-10-23 00:00:00+09:00,43223.0,44174.0,43033.0,43731.0,245553.0
2017-10-24 00:00:00+09:00,44046.0,44109.0,42969.0,43413.0,176965.0
2017-10-25 00:00:00+09:00,43412.0,43793.0,42526.0,43477.0,299585.0
2017-10-26 00:00:00+09:00,43412.0,44806.0,43032.0,44364.0,524667.0
2017-10-27 00:00:00+09:00,44743.0,44806.0,43222.0,43413.0,312245.0
2017-10-30 00:00:00+09:00,43729.0,44173.0,42778.0,43413.0,231528.0
2017-10-31 00:00:00+09:00,43413.0,44300.0,42970.0,44111.0,317518.0
2017-11-01 00:00:00+09:00,43729.0,44110.0,43096.0,43287.0,220922.0
2017-11-02 00:00:00+09:00,43286.0,43666.0,41892.0,42463.0,253805.0
2017-11-03 00:00:00+09:00,42462.0,43222.0,42399.0,42780.0,120276.0
2017-11-06 00:00:00+09:00,42779.0,43349.0,42652.0,43287.0,144866.0
2017-11-07 00:00:00+09:00,43604.0,43920.0,42970.0,43097.0,156387.0
2017-11-08 00:00:00+09:00,43032.0,43413.0,43032.0,43413.0,167498.0
2017-11-09 00:00:00+09:00,43730.0,43857.0,42717.0,42717.0,222280.0
2017-11-10 00:00:00+09:00,44110.0,46836.0,43983.0,46646.0,1724891.0
2017-11-13 00:00:00+09:00,46835.0,48483.0,46645.0,47850.0,1039819.0
2017-11-14 00:00:00+09:00,48419.0,48419.0,47215.0,47533.0,368368.0
2017-11-15 00:00:00+09:00,47596.0,47786.0,46582.0,47470.0,359695.0
2017-11-16 00:00:00+09:00,47786.0,48737.0,47470.0,47724.0,291607.0
2017-11-17 00:00:00+09:00,47532.0,48167.0,46772.0,47090.0,166240.0
2017-11-20 00:00:00+09:00,47470.0,48040.0,47090.0,47724.0,183421.0
2017-11-21 00:00:00+09:00,47785.0,48863.0,47785.0,48674.0,335438.0
2017-11-22 00:00:00+09:00,48801.0,49054.0,47596.0,47724.0,181074.0
2017-11-23 00:00:00+09:00,47469.0,48229.0,47469.0,47850.0,118735.0
2017-11-24 00:00:00+09:00,47659.0,47849.0,46898.0,47026.0,181808.0
2017-11-27 00:00:00+09:00,46962.0,49053.0,46962.0,47660.0,324216.0
2017-11-28 00:00:00+09:00,47975.0,47975.0,46264.0,46329.0,215745.0
2017-11-29 00:00:00+09:00,46074.0,46454.0,44933.0,46012.0,287108.0
2017-11-30 00:00:00+09:00,46583.0,46583.0,45188.0,45252.0,201678.0
2017-12-01 00:00:00+09:00,45250.0,46771.0,44743.0,46455.0,207682.0
2017-12-04 00:00:00+09:00,46836.0,46899.0,45695.0,46583.0,137588.0
2017-12-05 00:00:00+09:00,46581.0,46835.0,45884.0,46709.0,114693.0
2017-12-06 00:00:00+09:00,46773.0,47533.0,46329.0,46393.0,144156.0
2017-12-07 00:00:00+09:00,46581.0,46708.0,44996.0,45885.0,139455.0
2017-12-08 00:00:00+09:00,45885.0,45885.0,45061.0,45252.0,122595.0
2017-12-11 00:00:00+09:00,45314.0,46201.0,45314.0,45885.0,155783.0
2017-12-12 00:00:00+09:00,45757.0,47025.0,45757.0,46265.0,141667.0
2017-12-13 00:00:00+09:00,46264.0,47151.0,46264.0,46899.0,127548.0
2017-12-14 00:00:00+09:00,47152.0,47152.0,46011.0,46012.0,215333.0
2017-12-15 00:00:00+09:00,46455.0,46773.0,46075.0,46393.0,100471.0
2017-12-18 00:00:00+09:00,46646.0,48737.0,46519.0,47914.0,540366.0
2017-12-19 00:00:00+09:00,48293.0,48547.0,46709.0,47090.0,232934.0
2017-12-20 00:00:00+09:00,46772.0,47470.0,45378.0,47280.0,224218.0
2017-12-21 00:00:00+09:00,47278.0,47658.0,46137.0,46455.0,127464.0
2017-12-22 00:00:00+09:00,46897.0,46897.0,45694.0,46455.0,119471.0
2017-12-26 00:00:00+09:00,46518.0,46898.0,45884.0,46012.0,119664.0
2017-12-27 00:00:00+09:00,46074.0,47215.0,46074.0,46963.0,138174.0
2017-12-28 00:00:00+09:00,47026.0,47659.0,46835.0,47026.0,157300.0
2018-01-02 00:00:00+09:00,47976.0,48674.0,47723.0,47914.0,252448.0
2018-01-03 00:00:00+09:00,46517.0,46645.0,43855.0,44934.0,1095563.0
2018-01-04 00:00:00+09:00,45758.0,46138.0,45124.0,45378.0,468477.0
2018-01-05 00:00:00+09:00,45695.0,45695.0,44744.0,45695.0,232177.0
2018-01-08 00:00:00+09:00,46138.0,46138.0,45124.0,45315.0,177589.0
2018-01-09 00:00:00+09:00,45567.0,45567.0,44680.0,44934.0,176098.0
2018-01-10 00:00:00+09:00,44806.0,45060.0,44363.0,44744.0,201822.0
2018-01-11 00:00:00+09:00,45251.0,45251.0,44681.0,44681.0,162886.0
2018-01-12 00:00:00+09:00,45124.0,45124.0,44300.0,44491.0,215743.0
2018-01-15 00:00:00+09:00,44871.0,45821.0,44110.0,45632.0,225951.0
2018-01-16 00:00:00+09:00,45948.0,47089.0,45694.0,46709.0,407691.0
2018-01-17 00:00:00+09:00,47215.0,47469.0,46582.0,47343.0,287853.0
2018-01-18 00:00:00+09:00,47659.0,47723.0,46772.0,46836.0,144799.0
2018-01-19 00:00:00+09:00,46835.0,47405.0,46518.0,46899.0,188349.0
2018-01-22 00:00:00+09:00,47405.0,49054.0,47405.0,49054.0,640791.0
2018-01-23 00:00:00+09:00,49434.0,49687.0,48610.0,49054.0,323125.0
2018-01-24 00:00:00+09:00,49054.0,50258.0,48483.0,49815.0,434646.0
2018-01-25 00:00:00+09:00,49814.0,50321.0,48293.0,48484.0,353355.0
2018-01-26 00:00:00+09:00,48483.0,50765.0,48483.0,50512.0,570367.0
2018-01-29 00:00:00+09:00,50575.0,50766.0,49878.0,50069.0,189414.0
2018-01-30 00:00:00+09:00,50258.0,50384.0,48293.0,48357.0,403625.0
2018-01-31 00:00:00+09:00,48039.0,49117.0,47469.0,48357.0,242162.0
2018-02-01 00:00:00+09:00,48419.0,49750.0,48357.0,49308.0,210754.0
2018-02-02 00:00:00+09:00,49306.0,49306.0,47722.0,48230.0,201586.0
2018-02-05 00:00:00+09:00,47531.0,47975.0,46074.0,46075.0,257912.0
2018-02-06 00:00:00+09:00,44299.0,45376.0,43095.0,44934.0,466601.0
2018-02-07 00:00:00+09:00,45631.0,45631.0,43222.0,43287.0,302736.0
2018-02-08 00:00:00+09:00,43223.0,44744.0,43223.0,44238.0,235644.0
2018-02-09 00:00:00+09:00,44616.0,48102.0,44363.0,47596.0,795331.0
2018-02-12 00:00:00+09:00,47723.0,47850.0,45505.0,45759.0,352358.0
2018-02-13 00:00:00+09:00,46011.0,46329.0,44490.0,44618.0,318853.0
2018-02-14 00:00:00+09:00,44807.0,45631.0,44300.0,44681.0,166829.0
2018-02-19 00:00:00+09:00,45632.0,46899.0,45061.0,46773.0,360680.0
2018-02-20 00:00:00+09:00,46772.0,47089.0,46011.0,46836.0,199781.0
2018-02-21 00:00:00+09:00,46963.0,46963.0,46012.0,46773.0,119372.0
2018-02-22 00:00:00+09:00,46392.0,46582.0,45695.0,45759.0,112662.0
2018-02-23 00:00:00+09:00,46201.0,46645.0,45884.0,46519.0,121232.0
2018-02-26 00:00:00+09:00,46392.0,46518.0,44997.0,45315.0,271184.0
2018-02-27 00:00:00+09:00,45442.0,45632.0,44681.0,44872.0,250559.0
2018-02-28 00:00:00+09:00,44680.0,45124.0,44490.0,44808.0,149692.0
2018-03-02 00:00:00+09:00,44427.0,44617.0,42335.0,43287.0,414376.0
2018-03-05 00:00:00+09:00,43540.0,43540.0,42209.0,42463.0,260625.0
2018-03-06 00:00:00+09:00,42272.0,42906.0,42209.0,42590.0,140479.0
2018-03-07 00:00:00+09:00,42589.0,42906.0,41955.0,42083.0,149852.0
2018-03-08 00:00:00+09:00,42081.0,42715.0,41954.0,42399.0,151812.0
2018-03-09 00:00:00+09:00,42526.0,43603.0,42462.0,42970.0,174260.0
2018-03-12 00:00:00+09:00,43413.0,43794.0,42970.0,43097.0,195509.0
2018-03-13 00:00:00+09:00,42779.0,43603.0,42526.0,43287.0,177233.0
2018-03-14 00:00:00+09:00,43160.0,43350.0,42906.0,43160.0,93354.0
2018-03-15 00:00:00+09:00,43222.0,43603.0,42969.0,43477.0,107590.0
2018-03-16 00:00:00+09:00,43475.0,43665.0,42905.0,43413.0,126751.0
2018-03-19 00:00:00+09:00,43286.0,43413.0,42462.0,42590.0,154132.0
2018-03-20 00:00:00+09:00,42462.0,43350.0,42462.0,42970.0,74412.0
2018-03-21 00:00:00+09:00,42716.0,43223.0,42716.0,42907.0,73130.0
2018-03-22 00:00:00+09:00,42907.0,43477.0,42527.0,42527.0,127309.0
2018-03-23 00:00:00+09:00,42146.0,42273.0,40942.0,41006.0,226918.0
2018-03-26 00:00:00+09:00,41068.0,42843.0,41005.0,42083.0,140434.0
2018-03-27 00:00:00+09:00,42144.0,42842.0,41764.0,42209.0,153572.0
2018-03-28 00:00:00+09:00,41828.0,42715.0,41764.0,42209.0,85033.0
2018-03-29 00:00:00+09:00,42209.0,42970.0,41829.0,42970.0,105380.0
2018-03-30 00:00:00+09:00,42970.0,43477.0,42589.0,43097.0,168846.0
2018-04-02 00:00:00+09:00,43222.0,44553.0,43096.0,43477.0,234827.0
2018-04-03 00:00:00+09:00,43666.0,46202.0,43603.0,45822.0,590490.0
2018-04-04 00:00:00+09:00,45949.0,46265.0,45188.0,45759.0,324874.0
2018-04-05 00:00:00+09:00,45820.0,46645.0,44743.0,44934.0,234827.0
2018-04-06 00:00:00+09:00,44933.0,46961.0,44933.0,45188.0,447098.0
2018-04-09 00:00:00+09:00,45759.0,48357.0,45632.0,47914.0,788093.0
2018-04-10 00:00:00+09:00,47723.0,47913.0,46962.0,47026.0,236762.0
2018-04-11 00:00:00+09:00,47025.0,47723.0,46454.0,47343.0,367208.0
2018-04-12 00:00:00+09:00,47406.0,48039.0,46392.0,46646.0,206579.0
2018-04-13 00:00:00+09:00,46645.0,47469.0,46518.0,47026.0,166181.0
2018-04-16 00:00:00+09:00,47089.0,47785.0,47025.0,47343.0,188699.0
2018-04-17 00:00:00+09:00,47216.0,48927.0,46455.0,48167.0,422801.0
2018-04-18 00:00:00+09:00,48166.0,49306.0,47785.0,47850.0,209777.0
2018-04-19 00:00:00+09:00,47722.0,48166.0,46581.0,46899.0,186952.0
2018-04-20 00:00:00+09:00,46962.0,48103.0,46899.0,47470.0,155338.0
2018-04-23 00:00:00+09:00,47786.0,47786.0,46708.0,47216.0,131626.0
2018-04-24 00:00:00+09:00,48672.0,48672.0,46835.0,47406.0,102962.0
2018-04-25 00:00:00+09:00,47406.0,49371.0,46646.0,48801.0,420261.0
2018-04-26 00:00:00+09:00,49497.0,49751.0,48293.0,48611.0,312124.0
2018-04-27 00:00:00+09:00,48293.0,48926.0,47215.0,47343.0,257094.0
2018-04-30 00:00:00+09:00,47723.0,47786.0,46139.0,47090.0,256607.0
2018-05-02 00:00:00+09:00,47152.0,48229.0,46898.0,47977.0,219595.0
2018-05-03 00:00:00+09:00,47976.0,48167.0,46583.0,46583.0,155528.0
2018-05-04 00:00:00+09:00,46518.0,47532.0,46391.0,46519.0,135397.0
2018-05-08 00:00:00+09:00,46519.0,47280.0,45885.0,45949.0,154567.0
2018-05-09 00:00:00+09:00,45758.0,46519.0,45378.0,46139.0,143428.0
2018-05-10 00:00:00+09:00,45949.0,46075.0,45188.0,45252.0,250784.0
2018-05-11 00:00:00+09:00,46646.0,49751.0,46455.0,48801.0,813937.0
2018-05-14 00:00:00+09:00,49053.0,49370.0,48610.0,48864.0,288200.0
2018-05-15 00:00:00+09:00,48419.0,49307.0,47913.0,48167.0,124707.0
2018-05-16 00:00:00+09:00,47913.0,49497.0,47406.0,48991.0,315023.0
2018-05-17 00:00:00+09:00,48990.0,49180.0,48039.0,48420.0,123386.0
2018-05-18 00:00:00+09:00,48801.0,48864.0,47343.0,47914.0,186019.0
2018-05-21 00:00:00+09:00,48166.0,48229.0,46201.0,46709.0,241202.0
2018-05-23 00:00:00+09:00,46392.0,46455.0,45377.0,45442.0,278008.0
2018-05-24 00:00:00+09:00,45315.0,45695.0,43857.0,44428.0,508632.0
2018-05-25 00:00:00+09:00,44363.0,44617.0,43032.0,43287.0,413019.0
2018-05-28 00:00:00+09:00,43349.0,43539.0,42271.0,42399.0,444003.0
2018-05-29 00:00:00+09:00,42653.0,43476.0,42145.0,42273.0,367309.0
2018-05-30 00:00:00+09:00,42335.0,42842.0,41195.0,41639.0,373250.0
2018-05-31 00:00:00+09:00,41955.0,42272.0,41321.0,41829.0,223944.0
2018-06-01 00:00:00+09:00,41449.0,42526.0,41449.0,42083.0,202101.0
2018-06-04 00:00:00+09:00,42399.0,42399.0,41132.0,41576.0,334542.0
2018-06-05 00:00:00+09:00,41448.0,42146.0,41448.0,42146.0,385529.0
2018-06-07 00:00:00+09:00,42398.0,42398.0,41448.0,41892.0,298530.0
2018-06-08 00:00:00+09:00,42082.0,43349.0,42018.0,42843.0,480790.0
2018-06-11 00:00:00+09:00,43033.0,43477.0,42653.0,43097.0,187225.0
2018-06-12 00:00:00+09:00,43287.0,43350.0,42716.0,43097.0,148062.0
2018-06-14 00:00:00+09:00,43412.0,43412.0,41891.0,41892.0,325700.0
2018-06-15 00:00:00+09:00,42083.0,42463.0,41639.0,42083.0,176350.0
2018-06-18 00:00:00+09:00,42398.0,42398.0,39546.0,39991.0,421938.0
2018-06-19 00:00:00+09:00,40117.0,40940.0,39673.0,39737.0,158915.0
2018-06-20 00:00:00+09:00,39547.0,40498.0,39357.0,40118.0,203431.0
2018-06-21 00:00:00+09:00,39990.0,40370.0,39166.0,39294.0,152652.0
2018-06-22 00:00:00+09:00,39230.0,40624.0,39167.0,40562.0,185877.0
2018-06-25 00:00:00+09:00,40941.0,42969.0,40877.0,42843.0,387325.0
2018-06-26 00:00:00+09:00,42589.0,43032.0,41765.0,42970.0,157057.0
2018-06-27 00:00:00+09:00,42462.0,42906.0,42019.0,42019.0,144953.0
2018-06-28 00:00:00+09:00,42462.0,42652.0,41829.0,42590.0,100202.0
2018-06-29 00:00:00+09:00,42779.0,42842.0,40878.0,42590.0,187235.0
2018-07-02 00:00:00+09:00,42081.0,42651.0,41067.0,41258.0,223700.0
2018-07-03 00:00:00+09:00,42145.0,42969.0,41829.0,42273.0,244939.0
2018-07-04 00:00:00+09:00,42335.0,42969.0,41638.0,41829.0,179007.0
2018-07-05 00:00:00+09:00,41891.0,42335.0,40180.0,40815.0,207301.0
2018-07-06 00:00:00+09:00,40434.0,41511.0,40180.0,41449.0,112126.0
2018-07-09 00:00:00+09:00,42335.0,42398.0,41511.0,41702.0,154123.0
2018-07-10 00:00:00+09:00,42083.0,42399.0,41702.0,42083.0,181526.0
2018-07-11 00:00:00+09:00,41701.0,42082.0,41511.0,41829.0,107995.0
2018-07-12 00:00:00+09:00,42146.0,42146.0,41195.0,41386.0,195233.0
2018-07-13 00:00:00+09:00,41638.0,42082.0,41194.0,41512.0,138491.0
2018-07-16 00:00:00+09:00,41322.0,41512.0,40942.0,41386.0,143001.0
2018-07-17 00:00:00+09:00,41258.0,41322.0,40562.0,40562.0,133086.0
2018-07-18 00:00:00+09:00,40498.0,41258.0,40371.0,40562.0,99132.0
2018-07-19 00:00:00+09:00,40624.0,41005.0,39610.0,39674.0,206517.0
2018-07-20 00:00:00+09:00,39863.0,40370.0,39230.0,39991.0,177871.0
2018-07-23 00:00:00+09:00,40497.0,40751.0,39927.0,39991.0,96072.0
2018-07-24 00:00:00+09:00,39674.0,40118.0,39040.0,39611.0,190310.0
2018-07-25 00:00:00+09:00,39673.0,39990.0,38215.0,38470.0,334888.0
2018-07-26 00:00:00+09:00,38913.0,38913.0,37646.0,38090.0,317363.0
2018-07-27 00:00:00+09:00,38089.0,38279.0,37328.0,37583.0,319566.0
2018-07-30 00:00:00+09:00,37772.0,38597.0,37329.0,38090.0,251516.0
2018-07-31 00:00:00+09:00,38280.0,38533.0,37836.0,38090.0,177922.0
2018-08-01 00:00:00+09:00,38279.0,38977.0,37899.0,38787.0,230319.0
2018-08-02 00:00:00+09:00,38976.0,39293.0,38342.0,38470.0,207630.0
2018-08-03 00:00:00+09:00,38786.0,38912.0,38215.0,38660.0,253125.0
2018-08-06 00:00:00+09:00,39040.0,39863.0,38659.0,38660.0,393520.0
2018-08-07 00:00:00+09:00,39040.0,39103.0,38279.0,38407.0,204713.0
2018-08-08 00:00:00+09:00,38722.0,38976.0,38025.0,38026.0,245168.0
2018-08-09 00:00:00+09:00,38025.0,38088.0,36884.0,37202.0,761029.0
2018-08-10 00:00:00+09:00,36885.0,37772.0,36124.0,37583.0,786251.0
2018-08-13 00:00:00+09:00,36568.0,36948.0,33652.0,33717.0,1412821.0
2018-08-14 00:00:00+09:00,33653.0,35111.0,33653.0,34858.0,515064.0
2018-08-16 00:00:00+09:00,34223.0,34539.0,33716.0,34097.0,309154.0
2018-08-17 00:00:00+09:00,34159.0,34539.0,32956.0,32956.0,3079384.0
2018-08-20 00:00:00+09:00,32766.0,33272.0,32322.0,32386.0,715091.0
2018-08-21 00:00:00+09:00,32448.0,33462.0,32448.0,33083.0,414519.0
2018-08-22 00:00:00+09:00,33208.0,33779.0,32765.0,33463.0,427366.0
2018-08-23 00:00:00+09:00,33780.0,33906.0,33082.0,33590.0,357693.0
2018-08-24 00:00:00+09:00,33462.0,33715.0,33208.0,33273.0,196484.0
2018-08-27 00:00:00+09:00,34033.0,35237.0,33970.0,35111.0,686578.0
2018-08-28 00:00:00+09:00,35237.0,35237.0,34539.0,34604.0,394524.0
2018-08-29 00:00:00+09:00,34793.0,35047.0,34033.0,34287.0,259890.0
2018-08-30 00:00:00+09:00,34287.0,34349.0,33589.0,33907.0,266753.0
2018-08-31 00:00:00+09:00,33590.0,33843.0,33272.0,33590.0,225345.0
2018-09-03 00:00:00+09:00,33652.0,34159.0,33208.0,33273.0,220110.0
2018-09-04 00:00:00+09:00,33399.0,33716.0,33019.0,33527.0,154127.0
2018-09-05 00:00:00+09:00,33716.0,33906.0,33336.0,33527.0,199720.0
2018-09-06 00:00:00+09:00,33525.0,33589.0,33208.0,33209.0,126620.0
2018-09-07 00:00:00+09:00,33208.0,33652.0,32956.0,32956.0,177693.0
2018-09-10 00:00:00+09:00,32829.0,32893.0,32005.0,32323.0,378023.0
2018-09-11 00:00:00+09:00,32385.0,32893.0,32132.0,32323.0,175989.0
2018-09-12 00:00:00+09:00,32322.0,33209.0,32322.0,32893.0,165608.0
2018-09-13 00:00:00+09:00,33146.0,33589.0,32956.0,33527.0,179395.0
2018-09-14 00:00:00+09:00,34097.0,35428.0,34034.0,34668.0,603321.0
2018-09-17 00:00:00+09:00,34793.0,34793.0,33779.0,33970.0,277507.0
2018-09-18 00:00:00+09:00,34095.0,34476.0,33589.0,34350.0,201723.0
2018-09-19 00:00:00+09:00,34223.0,34223.0,33336.0,33336.0,221953.0
2018-09-20 00:00:00+09:00,33525.0,34033.0,33208.0,33273.0,212410.0
2018-09-21 00:00:00+09:00,33082.0,33652.0,33082.0,33273.0,169629.0
2018-09-27 00:00:00+09:00,33399.0,34032.0,33208.0,33209.0,175534.0
2018-09-28 00:00:00+09:00,33209.0,33273.0,32766.0,32893.0,159629.0
2018-10-01 00:00:00+09:00,33019.0,33526.0,32893.0,32893.0,168575.0
2018-10-02 00:00:00+09:00,32829.0,33463.0,32513.0,32513.0,247576.0
2018-10-04 00:00:00+09:00,32638.0,32892.0,29913.0,30136.0,825413.0
2018-10-05 00:00:00+09:00,30136.0,30294.0,29343.0,29566.0,355418.0
2018-10-08 00:00:00+09:00,29565.0,29755.0,28962.0,28995.0,267650.0
2018-10-10 00:00:00+09:00,28803.0,29754.0,28138.0,28456.0,307366.0
2018-10-11 00:00:00+09:00,27378.0,27885.0,26681.0,26967.0,401937.0
2018-10-12 00:00:00+09:00,26903.0,27664.0,26745.0,27316.0,252809.0
2018-10-15 00:00:00+09:00,27410.0,27600.0,26617.0,26745.0,272366.0
2018-10-16 00:00:00+09:00,26967.0,28298.0,26935.0,27696.0,264940.0
2018-10-17 00:00:00+09:00,28234.0,28234.0,27188.0,27379.0,171810.0
2018-10-18 00:00:00+09:00,27315.0,27537.0,26998.0,27157.0,161144.0
2018-10-19 00:00:00+09:00,27125.0,27282.0,26744.0,26935.0,202987.0
2018-10-22 00:00:00+09:00,26808.0,28647.0,26777.0,28647.0,281762.0
2018-10-23 00:00:00+09:00,28645.0,28645.0,27219.0,27442.0,258220.0
2018-10-24 00:00:00+09:00,27758.0,28328.0,27156.0,27442.0,212759.0
2018-10-25 00:00:00+09:00,26618.0,27093.0,25826.0,26270.0,304309.0
2018-10-26 00:00:00+09:00,26269.0,26491.0,25350.0,25446.0,256227.0
2018-10-29 00:00:00+09:00,25287.0,26206.0,24653.0,24749.0,272007.0
2018-10-30 00:00:00+09:00,24717.0,25572.0,24463.0,25446.0,239944.0
2018-10-31 00:00:00+09:00,25349.0,25856.0,24811.0,25572.0,118373.0
2018-11-01 00:00:00+09:00,25666.0,26269.0,25128.0,25224.0,225869.0
2018-11-02 00:00:00+09:00,25445.0,25889.0,25350.0,25731.0,373233.0
2018-11-05 00:00:00+09:00,25540.0,25699.0,24621.0,25129.0,303854.0
2018-11-06 00:00:00+09:00,25508.0,26364.0,25350.0,25826.0,348857.0
2018-11-07 00:00:00+09:00,25698.0,25698.0,23987.0,24368.0,1377303.0
2018-11-08 00:00:00+09:00,24558.0,24780.0,24273.0,24654.0,527724.0
2018-11-09 00:00:00+09:00,24209.0,24368.0,23702.0,23798.0,652374.0
2018-11-12 00:00:00+09:00,23544.0,23956.0,23385.0,23766.0,328922.0
2018-11-13 00:00:00+09:00,23448.0,23924.0,23353.0,23671.0,307094.0
2018-11-14 00:00:00+09:00,23670.0,24208.0,23670.0,23861.0,313281.0
2018-11-15 00:00:00+09:00,23892.0,24907.0,23892.0,24907.0,450883.0
2018-11-16 00:00:00+09:00,24969.0,25540.0,24525.0,24970.0,384843.0
2018-11-19 00:00:00+09:00,25128.0,25509.0,25128.0,25509.0,290591.0
2018-11-20 00:00:00+09:00,25065.0,25571.0,24906.0,25224.0,222506.0
2018-11-21 00:00:00+09:00,24938.0,25826.0,24590.0,25826.0,304069.0
2018-11-22 00:00:00+09:00,26047.0,26047.0,25223.0,25351.0,213841.0
2018-11-23 00:00:00+09:00,25382.0,25541.0,25033.0,25161.0,155935.0
2018-11-26 00:00:00+09:00,25287.0,26238.0,25287.0,25985.0,280945.0
2018-11-27 00:00:00+09:00,26046.0,26681.0,25761.0,26491.0,262966.0
2018-11-28 00:00:00+09:00,26617.0,26617.0,26205.0,26460.0,117991.0
2018-11-29 00:00:00+09:00,26681.0,26934.0,26237.0,26460.0,195541.0
2018-11-30 00:00:00+09:00,26490.0,26807.0,26142.0,26365.0,159225.0
2018-12-03 00:00:00+09:00,26459.0,27251.0,26427.0,26745.0,238431.0
2018-12-04 00:00:00+09:00,26776.0,27029.0,26585.0,26745.0,137538.0
2018-12-05 00:00:00+09:00,26238.0,26365.0,25952.0,26080.0,154122.0
2018-12-06 00:00:00+09:00,26142.0,26142.0,25476.0,25667.0,146528.0
2018-12-07 00:00:00+09:00,25731.0,26047.0,25223.0,25351.0,255771.0
2018-12-10 00:00:00+09:00,25191.0,25667.0,25191.0,25667.0,161342.0
2018-12-11 00:00:00+09:00,25508.0,27315.0,25508.0,27284.0,514699.0
2018-12-12 00:00:00+09:00,27473.0,28139.0,27061.0,27569.0,337369.0
2018-12-13 00:00:00+09:00,27726.0,27726.0,26934.0,27284.0,279840.0
2018-12-14 00:00:00+09:00,27282.0,27472.0,26015.0,26586.0,195931.0
2018-12-17 00:00:00+09:00,26617.0,26997.0,26237.0,26840.0,138959.0
2018-12-18 00:00:00+09:00,26553.0,26807.0,26395.0,26491.0,156600.0
2018-12-19 00:00:00+09:00,26490.0,27885.0,26490.0,27569.0,368772.0
2018-12-20 00:00:00+09:00,27441.0,27979.0,26966.0,27822.0,252182.0
2018-12-21 00:00:00+09:00,27820.0,27820.0,27124.0,27188.0,185263.0
2018-12-24 00:00:00+09:00,27125.0,27188.0,26490.0,26808.0,150423.0
2018-12-26 00:00:00+09:00,26111.0,26396.0,25508.0,25636.0,213279.0
2018-12-27 00:00:00+09:00,25825.0,26333.0,25730.0,26048.0,136157.0
2018-12-28 00:00:00+09:00,26111.0,26301.0,25762.0,25985.0,121818.0
2019-01-02 00:00:00+09:00,26047.0,26428.0,25413.0,25541.0,171370.0
2019-01-03 00:00:00+09:00,25509.0,25857.0,25382.0,25605.0,136386.0
2019-01-04 00:00:00+09:00,25446.0,25508.0,24875.0,25256.0,203070.0
2019-01-07 00:00:00+09:00,25350.0,26079.0,25350.0,25731.0,144255.0
2019-01-08 00:00:00+09:00,26301.0,26333.0,25572.0,25605.0,136571.0
2019-01-09 00:00:00+09:00,25920.0,26490.0,25730.0,26111.0,210391.0
2019-01-10 00:00:00+09:00,26111.0,26270.0,25921.0,26175.0,117207.0
2019-01-11 00:00:00+09:00,26110.0,26300.0,26015.0,26111.0,140730.0
2019-01-14 00:00:00+09:00,25985.0,26047.0,25509.0,25700.0,159828.0
2019-01-15 00:00:00+09:00,25920.0,26268.0,25698.0,25921.0,184735.0
2019-01-16 00:00:00+09:00,25919.0,26173.0,25793.0,25857.0,130146.0
2019-01-17 00:00:00+09:00,25921.0,26111.0,25636.0,25636.0,169151.0
2019-01-18 00:00:00+09:00,25636.0,25826.0,24748.0,25256.0,370595.0
2019-01-21 00:00:00+09:00,25382.0,25508.0,25223.0,25287.0,209672.0
2019-01-22 00:00:00+09:00,25161.0,25351.0,25128.0,25161.0,153495.0
2019-01-23 00:00:00+09:00,25192.0,26047.0,25192.0,25795.0,345768.0
2019-01-24 00:00:00+09:00,25826.0,26143.0,25635.0,25731.0,211567.0
2019-01-25 00:00:00+09:00,25667.0,27125.0,25667.0,27062.0,535480.0
2019-01-28 00:00:00+09:00,27124.0,27567.0,26902.0,27188.0,303154.0
2019-01-29 00:00:00+09:00,27156.0,27441.0,26934.0,27379.0,268725.0
2019-01-30 00:00:00+09:00,27568.0,27568.0,26681.0,26935.0,264668.0
2019-01-31 00:00:00+09:00,27061.0,27251.0,26839.0,27030.0,180763.0
2019-02-01 00:00:00+09:00,26903.0,27347.0,26808.0,26967.0,157446.0
2019-02-07 00:00:00+09:00,27378.0,27537.0,26649.0,26777.0,183096.0
2019-02-08 00:00:00+09:00,26871.0,27093.0,26300.0,26365.0,179500.0
2019-02-11 00:00:00+09:00,26585.0,26871.0,26269.0,26460.0,178365.0
2019-02-12 00:00:00+09:00,26300.0,26332.0,24937.0,24970.0,1192447.0
2019-02-13 00:00:00+09:00,24842.0,25919.0,24493.0,25857.0,633400.0
2019-02-14 00:00:00+09:00,25698.0,25698.0,25127.0,25667.0,408079.0
2019-02-15 00:00:00+09:00,25731.0,25731.0,25223.0,25446.0,215371.0
2019-02-18 00:00:00+09:00,25413.0,26618.0,25350.0,26618.0,434892.0
2019-02-19 00:00:00+09:00,26491.0,29122.0,26491.0,28932.0,1778300.0
2019-02-20 00:00:00+09:00,29153.0,29533.0,28202.0,28298.0,880771.0
2019-02-21 00:00:00+09:00,28298.0,28678.0,27980.0,28203.0,317894.0
2019-02-22 00:00:00+09:00,28423.0,28423.0,27821.0,27917.0,176473.0
2019-02-25 00:00:00+09:00,28297.0,28360.0,27853.0,28076.0,183795.0
2019-02-26 00:00:00+09:00,28107.0,28867.0,28075.0,28805.0,334586.0
2019-02-27 00:00:00+09:00,28836.0,28867.0,28234.0,28425.0,159109.0
2019-02-28 00:00:00+09:00,28487.0,28487.0,27853.0,27854.0,242649.0
2019-03-04 00:00:00+09:00,28138.0,29215.0,28138.0,29058.0,378891.0
2019-03-05 00:00:00+09:00,29122.0,30009.0,29122.0,29756.0,562072.0
2019-03-06 00:00:00+09:00,29977.0,29977.0,29375.0,29566.0,232567.0
2019-03-07 00:00:00+09:00,29786.0,29849.0,28835.0,29153.0,219782.0
2019-03-08 00:00:00+09:00,28962.0,29660.0,28836.0,29090.0,195626.0
2019-03-11 00:00:00+09:00,29026.0,29375.0,28139.0,28868.0,246122.0
2019-03-12 00:00:00+09:00,29090.0,29882.0,29090.0,29756.0,345305.0
2019-03-13 00:00:00+09:00,29787.0,29882.0,29153.0,29217.0,180676.0
2019-03-14 00:00:00+09:00,29405.0,29405.0,28677.0,29058.0,234129.0
2019-03-15 00:00:00+09:00,29058.0,29566.0,29027.0,29566.0,187041.0
2019-03-18 00:00:00+09:00,29564.0,30673.0,29564.0,30484.0,500280.0
2019-03-19 00:00:00+09:00,30801.0,30801.0,30135.0,30326.0,159315.0
2019-03-20 00:00:00+09:00,30324.0,30547.0,29786.0,30072.0,150863.0
2019-03-21 00:00:00+09:00,29913.0,30039.0,29057.0,29248.0,239501.0
2019-03-22 00:00:00+09:00,29248.0,29501.0,28550.0,28773.0,198865.0
2019-03-25 00:00:00+09:00,28328.0,28392.0,27505.0,27981.0,303559.0
2019-03-26 00:00:00+09:00,27979.0,28645.0,27948.0,28012.0,143140.0
2019-03-27 00:00:00+09:00,28138.0,28233.0,27726.0,27727.0,148835.0
2019-03-28 00:00:00+09:00,27599.0,27599.0,26870.0,26998.0,304351.0
2019-03-29 00:00:00+09:00,27252.0,27568.0,27093.0,27506.0,134317.0
2019-04-01 00:00:00+09:00,27600.0,28455.0,27600.0,28203.0,164355.0
2019-04-02 00:00:00+09:00,28202.0,28202.0,27505.0,27759.0,133017.0
2019-04-03 00:00:00+09:00,27600.0,28266.0,27600.0,28266.0,124360.0
2019-04-04 00:00:00+09:00,28677.0,28803.0,28138.0,28361.0,167671.0
2019-04-05 00:00:00+09:00,28360.0,28519.0,28012.0,28298.0,123375.0
2019-04-08 00:00:00+09:00,28328.0,28614.0,27948.0,27981.0,112844.0
2019-04-09 00:00:00+09:00,27980.0,28265.0,27758.0,28044.0,123177.0
2019-04-10 00:00:00+09:00,28075.0,28203.0,27885.0,28203.0,115220.0
2019-04-11 00:00:00+09:00,28202.0,28519.0,28075.0,28234.0,191330.0
2019-04-12 00:00:00+09:00,28423.0,28582.0,28106.0,28551.0,161846.0
2019-04-15 00:00:00+09:00,28550.0,28582.0,27885.0,28076.0,305765.0
2019-04-16 00:00:00+09:00,28074.0,29152.0,28043.0,28963.0,365143.0
2019-04-17 00:00:00+09:00,29724.0,30230.0,28614.0,28837.0,606030.0
2019-04-18 00:00:00+09:00,28741.0,28963.0,27727.0,27791.0,382012.0
2019-04-19 00:00:00+09:00,27917.0,27981.0,26903.0,27791.0,324136.0
2019-04-22 00:00:00+09:00,28044.0,28550.0,27854.0,28393.0,208653.0
2019-04-23 00:00:00+09:00,28551.0,28994.0,28234.0,28647.0,194506.0
2019-04-24 00:00:00+09:00,28708.0,28835.0,27821.0,27917.0,215998.0
2019-04-25 00:00:00+09:00,28012.0,28614.0,27220.0,27252.0,331492.0
2019-04-26 00:00:00+09:00,27346.0,27410.0,26649.0,26840.0,205858.0
2019-04-29 00:00:00+09:00,27028.0,27155.0,26648.0,26903.0,117022.0
2019-04-30 00:00:00+09:00,27125.0,27347.0,26777.0,27221.0,115523.0
2019-05-02 00:00:00+09:00,26998.0,27536.0,26808.0,27284.0,131145.0
2019-05-03 00:00:00+09:00,27251.0,27315.0,26902.0,27030.0,101201.0
2019-05-07 00:00:00+09:00,26712.0,26966.0,26427.0,26460.0,146546.0
2019-05-08 00:00:00+09:00,26046.0,26458.0,25698.0,25762.0,195180.0
2019-05-09 00:00:00+09:00,25793.0,26046.0,25222.0,25382.0,269185.0
2019-05-10 00:00:00+09:00,25350.0,25889.0,24906.0,25414.0,213436.0
2019-05-13 00:00:00+09:00,25192.0,25351.0,24622.0,24749.0,274911.0
2019-05-14 00:00:00+09:00,24145.0,24621.0,24018.0,24336.0,279867.0
2019-05-15 00:00:00+09:00,24462.0,24811.0,24113.0,24431.0,199828.0
2019-05-16 00:00:00+09:00,24431.0,24939.0,24305.0,24464.0,146244.0
2019-05-17 00:00:00+09:00,24431.0,24590.0,24115.0,24115.0,105081.0
2019-05-20 00:00:00+09:00,24145.0,24272.0,23163.0,23164.0,258973.0
2019-05-21 00:00:00+09:00,22815.0,23354.0,22340.0,22499.0,458669.0
2019-05-22 00:00:00+09:00,22594.0,23069.0,22403.0,22594.0,212568.0
2019-05-23 00:00:00+09:00,22624.0,22878.0,22054.0,22182.0,212832.0
2019-05-24 00:00:00+09:00,22149.0,22657.0,22054.0,22245.0,125098.0
2019-05-27 00:00:00+09:00,22688.0,23068.0,22561.0,22752.0,156251.0
2019-05-28 00:00:00+09:00,23004.0,23543.0,22941.0,23005.0,211928.0
2019-05-29 00:00:00+09:00,23037.0,23163.0,22308.0,22372.0,158465.0
2019-05-30 00:00:00+09:00,22562.0,22562.0,21864.0,22277.0,117677.0
2019-05-31 00:00:00+09:00,22624.0,22624.0,22339.0,22435.0,123925.0
2019-06-03 00:00:00+09:00,22497.0,22561.0,21990.0,22086.0,317153.0
2019-06-04 00:00:00+09:00,22245.0,22562.0,22023.0,22150.0,215214.0
2019-06-05 00:00:00+09:00,22403.0,22530.0,22150.0,22499.0,201629.0
2019-06-07 00:00:00+09:00,22561.0,23195.0,22497.0,22910.0,264855.0
2019-06-10 00:00:00+09:00,23132.0,23132.0,22593.0,22657.0,192090.0
2019-06-11 00:00:00+09:00,22782.0,22972.0,22624.0,22815.0,160888.0
2019-06-12 00:00:00+09:00,22846.0,23195.0,22814.0,23037.0,257334.0
2019-06-13 00:00:00+09:00,23036.0,23417.0,22846.0,23227.0,303920.0
2019-06-14 00:00:00+09:00,23131.0,23195.0,22783.0,23069.0,167240.0
2019-06-17 00:00:00+09:00,23069.0,23640.0,23069.0,23640.0,275751.0
2019-06-18 00:00:00+09:00,23512.0,23765.0,23258.0,23513.0,158050.0
2019-06-19 00:00:00+09:00,23797.0,23861.0,23290.0,23576.0,176188.0
2019-06-20 00:00:00+09:00,23576.0,23830.0,23449.0,23735.0,101460.0
2019-06-21 00:00:00+09:00,23766.0,23766.0,23354.0,23545.0,221607.0
2019-06-24 00:00:00+09:00,23639.0,23765.0,23195.0,23323.0,127183.0
2019-06-25 00:00:00+09:00,23227.0,23702.0,23227.0,23545.0,130916.0
2019-06-26 00:00:00+09:00,23448.0,23512.0,23290.0,23323.0,122589.0
2019-06-27 00:00:00+09:00,23322.0,23702.0,23322.0,23576.0,129093.0
2019-06-28 00:00:00+09:00,23481.0,23925.0,23481.0,23830.0,180626.0
2019-07-01 00:00:00+09:00,23766.0,24083.0,23353.0,23386.0,153380.0
2019-07-02 00:00:00+09:00,23258.0,23607.0,23068.0,23101.0,157604.0
2019-07-03 00:00:00+09:00,23162.0,23290.0,22814.0,22910.0,97774.0
2019-07-04 00:00:00+09:00,23100.0,23163.0,22403.0,23132.0,160207.0
2019-07-05 00:00:00+09:00,23101.0,23227.0,22847.0,23101.0,128844.0
2019-07-08 00:00:00+09:00,22814.0,23037.0,22593.0,22657.0,153502.0
2019-07-09 00:00:00+09:00,22877.0,24303.0,22877.0,24146.0,675485.0
2019-07-10 00:00:00+09:00,24114.0,25097.0,23924.0,25002.0,458451.0
2019-07-11 00:00:00+09:00,25002.0,25318.0,24811.0,25002.0,274197.0
2019-07-12 00:00:00+09:00,24842.0,25603.0,24589.0,25382.0,293525.0
2019-07-15 00:00:00+09:00,25476.0,25508.0,24335.0,24368.0,266202.0
2019-07-16 00:00:00+09:00,24431.0,24812.0,23576.0,24115.0,310393.0
2019-07-17 00:00:00+09:00,24273.0,24273.0,23702.0,23925.0,145643.0
2019-07-18 00:00:00+09:00,23956.0,24020.0,23671.0,23735.0,124307.0
2019-07-19 00:00:00+09:00,23734.0,24525.0,23639.0,24305.0,238460.0
2019-07-22 00:00:00+09:00,24305.0,24463.0,24114.0,24210.0,130668.0
2019-07-23 00:00:00+09:00,24240.0,24273.0,23670.0,23893.0,205520.0
2019-07-24 00:00:00+09:00,23829.0,23861.0,23068.0,23101.0,283013.0
2019-07-25 00:00:00+09:00,22909.0,23227.0,22276.0,22657.0,260898.0
2019-07-26 00:00:00+09:00,22403.0,22909.0,22213.0,22372.0,159921.0
2019-07-29 00:00:00+09:00,22371.0,22466.0,21675.0,21675.0,189007.0
2019-07-30 00:00:00+09:00,21580.0,21960.0,21580.0,21580.0,132558.0
2019-07-31 00:00:00+09:00,21611.0,21896.0,21136.0,21580.0,154230.0
2019-08-01 00:00:00+09:00,21579.0,21800.0,21230.0,21358.0,127714.0
2019-08-02 00:00:00+09:00,21040.0,21769.0,21040.0,21358.0,178768.0
2019-08-05 00:00:00+09:00,20945.0,21263.0,19615.0,19647.0,452068.0
2019-08-06 00:00:00+09:00,18728.0,20217.0,18696.0,19647.0,397847.0
2019-08-07 00:00:00+09:00,19645.0,20944.0,19486.0,20850.0,263699.0
2019-08-08 00:00:00+09:00,20977.0,21706.0,20723.0,21706.0,277795.0
2019-08-09 00:00:00+09:00,21706.0,22466.0,21388.0,21706.0,279454.0
2019-08-12 00:00:00+09:00,21674.0,21674.0,20913.0,21041.0,160320.0
2019-08-13 00:00:00+09:00,21040.0,21040.0,19836.0,20090.0,329222.0
2019-08-14 00:00:00+09:00,20437.0,20754.0,20089.0,20660.0,204609.0
2019-08-16 00:00:00+09:00,20311.0,20629.0,20090.0,20154.0,184107.0
2019-08-19 00:00:00+09:00,20154.0,20755.0,19995.0,20693.0,114822.0
2019-08-20 00:00:00+09:00,20723.0,20977.0,20723.0,20946.0,86752.0
2019-08-21 00:00:00+09:00,20850.0,21516.0,20787.0,21485.0,127556.0
2019-08-22 00:00:00+09:00,21642.0,22118.0,21389.0,22055.0,202501.0
2019-08-23 00:00:00+09:00,22054.0,22054.0,21420.0,21706.0,116637.0
2019-08-26 00:00:00+09:00,21231.0,21421.0,20977.0,21168.0,114580.0
2019-08-27 00:00:00+09:00,21261.0,21484.0,20944.0,21009.0,97214.0
2019-08-28 00:00:00+09:00,21008.0,21230.0,20818.0,21104.0,111755.0
2019-08-29 00:00:00+09:00,21198.0,21420.0,20849.0,20914.0,70637.0
2019-08-30 00:00:00+09:00,20945.0,21388.0,20945.0,21263.0,90855.0
2019-09-02 00:00:00+09:00,20976.0,21420.0,20849.0,21294.0,75516.0
2019-09-03 00:00:00+09:00,21230.0,21642.0,21103.0,21453.0,81767.0
2019-09-04 00:00:00+09:00,21262.0,21769.0,21262.0,21706.0,65479.0
2019-09-05 00:00:00+09:00,21642.0,21832.0,21484.0,21548.0,85492.0
2019-09-06 00:00:00+09:00,21484.0,21705.0,21325.0,21358.0,50229.0
2019-09-09 00:00:00+09:00,21357.0,21642.0,21198.0,21231.0,111997.0
2019-09-10 00:00:00+09:00,21230.0,21548.0,21230.0,21548.0,81932.0
2019-09-11 00:00:00+09:00,21674.0,22562.0,21579.0,22150.0,289760.0
2019-09-16 00:00:00+09:00,22148.0,22497.0,21926.0,21991.0,107509.0
2019-09-17 00:00:00+09:00,21927.0,22181.0,21389.0,22055.0,95750.0
2019-09-18 00:00:00+09:00,22244.0,22656.0,21990.0,22435.0,116371.0
2019-09-19 00:00:00+09:00,22243.0,22402.0,21831.0,21896.0,106483.0
2019-09-20 00:00:00+09:00,21895.0,21990.0,21641.0,21801.0,65826.0
2019-09-23 00:00:00+09:00,21800.0,22023.0,21547.0,21833.0,77030.0
2019-09-24 00:00:00+09:00,21833.0,23037.0,21833.0,22499.0,238998.0
2019-09-25 00:00:00+09:00,22434.0,22783.0,22118.0,22467.0,113962.0
2019-09-26 00:00:00+09:00,22498.0,22561.0,21610.0,21706.0,153180.0
2019-09-27 00:00:00+09:00,21959.0,21991.0,21198.0,21358.0,104904.0
2019-09-30 00:00:00+09:00,21358.0,21548.0,20977.0,21168.0,62756.0
2019-10-01 00:00:00+09:00,21104.0,21865.0,21104.0,21580.0,79869.0
2019-10-02 00:00:00+09:00,21293.0,21579.0,21008.0,21009.0,106898.0
2019-10-04 00:00:00+09:00,20977.0,21135.0,20153.0,20407.0,152723.0
2019-10-07 00:00:00+09:00,20596.0,20722.0,20152.0,20565.0,93811.0
2019-10-08 00:00:00+09:00,20343.0,20818.0,20279.0,20724.0,127531.0
2019-10-10 00:00:00+09:00,20311.0,20470.0,19931.0,19964.0,189326.0
2019-10-11 00:00:00+09:00,20058.0,20215.0,19835.0,19868.0,155460.0
2019-10-14 00:00:00+09:00,19963.0,20090.0,19520.0,20059.0,147080.0
2019-10-15 00:00:00+09:00,20058.0,20692.0,20026.0,20534.0,147185.0
2019-10-16 00:00:00+09:00,20533.0,21293.0,20533.0,21041.0,176634.0
2019-10-17 00:00:00+09:00,20913.0,21293.0,20913.0,21009.0,79164.0
2019-10-18 00:00:00+09:00,21008.0,22403.0,21008.0,22182.0,411425.0
2019-10-21 00:00:00+09:00,22688.0,22688.0,22023.0,22182.0,165461.0
2019-10-22 00:00:00+09:00,22435.0,22689.0,22118.0,22309.0,171267.0
2019-10-23 00:00:00+09:00,22149.0,22466.0,21452.0,21516.0,196438.0
2019-10-24 00:00:00+09:00,21801.0,22371.0,21642.0,22245.0,135851.0
2019-10-25 00:00:00+09:00,21960.0,22403.0,21769.0,21865.0,77325.0
2019-10-28 00:00:00+09:00,22338.0,22338.0,21800.0,21801.0,51328.0
2019-10-29 00:00:00+09:00,21896.0,22023.0,21484.0,21675.0,74296.0
2019-10-30 00:00:00+09:00,21421.0,21801.0,21421.0,21580.0,70204.0
2019-10-31 00:00:00+09:00,21610.0,21864.0,21356.0,21389.0,145811.0
2019-11-01 00:00:00+09:00,21293.0,21737.0,21262.0,21643.0,58872.0
2019-11-04 00:00:00+09:00,21864.0,22719.0,21674.0,22562.0,228072.0
2019-11-05 00:00:00+09:00,22275.0,23004.0,22275.0,22530.0,127265.0
2019-11-06 00:00:00+09:00,22434.0,23037.0,22403.0,22847.0,155581.0
2019-11-07 00:00:00+09:00,22687.0,23385.0,22624.0,22910.0,162319.0
2019-11-08 00:00:00+09:00,22972.0,23067.0,21610.0,22720.0,397711.0
2019-11-11 00:00:00+09:00,22718.0,22846.0,21926.0,22086.0,139655.0
2019-11-12 00:00:00+09:00,22117.0,22782.0,22117.0,22530.0,125960.0
2019-11-13 00:00:00+09:00,22562.0,22719.0,22149.0,22182.0,89194.0
2019-11-14 00:00:00+09:00,22434.0,23258.0,22308.0,23227.0,240679.0
2019-11-15 00:00:00+09:00,23258.0,24303.0,23226.0,24051.0,414427.0
2019-11-18 00:00:00+09:00,24177.0,24557.0,23734.0,24400.0,276500.0
2019-11-19 00:00:00+09:00,24684.0,25286.0,24525.0,24970.0,673544.0
2019-11-20 00:00:00+09:00,25032.0,25476.0,24367.0,24685.0,363482.0
2019-11-21 00:00:00+09:00,24842.0,25159.0,23796.0,24146.0,314547.0
2019-11-22 00:00:00+09:00,23892.0,24495.0,23892.0,23925.0,165893.0
2019-11-25 00:00:00+09:00,24240.0,24683.0,23955.0,24336.0,165691.0
2019-11-26 00:00:00+09:00,24336.0,24368.0,23671.0,23830.0,179923.0
2019-11-27 00:00:00+09:00,24178.0,24305.0,23702.0,23925.0,123339.0
2019-11-28 00:00:00+09:00,23765.0,23796.0,23353.0,23449.0,131619.0
2019-11-29 00:00:00+09:00,23671.0,23671.0,23163.0,23291.0,89164.0
2019-12-02 00:00:00+09:00,23321.0,23765.0,22624.0,23069.0,128054.0
2019-12-03 00:00:00+09:00,22909.0,23385.0,22688.0,23259.0,137827.0
2019-12-04 00:00:00+09:00,23036.0,23448.0,22909.0,23132.0,108415.0
2019-12-05 00:00:00+09:00,23037.0,23258.0,22814.0,23037.0,66078.0
2019-12-06 00:00:00+09:00,22846.0,23163.0,22751.0,22974.0,88945.0
2019-12-09 00:00:00+09:00,23100.0,23100.0,22846.0,22910.0,100368.0
2019-12-10 00:00:00+09:00,22909.0,23036.0,22751.0,22910.0,70232.0
2019-12-11 00:00:00+09:00,23036.0,23544.0,22846.0,23449.0,107074.0
2019-12-12 00:00:00+09:00,23448.0,23639.0,23163.0,23196.0,174575.0
2019-12-13 00:00:00+09:00,23353.0,23670.0,23195.0,23323.0,126947.0
2019-12-16 00:00:00+09:00,23321.0,23416.0,22497.0,22720.0,201713.0
2019-12-17 00:00:00+09:00,22561.0,23004.0,22561.0,22815.0,138394.0
2019-12-18 00:00:00+09:00,22815.0,22879.0,22213.0,22404.0,235219.0
2019-12-19 00:00:00+09:00,22402.0,22687.0,22370.0,22435.0,94575.0
2019-12-20 00:00:00+09:00,22562.0,22688.0,22181.0,22182.0,127647.0
2019-12-23 00:00:00+09:00,22214.0,22435.0,21991.0,22119.0,99007.0
2019-12-24 00:00:00+09:00,22181.0,22181.0,21547.0,21611.0,180625.0
2019-12-26 00:00:00+09:00,21864.0,21864.0,21230.0,21421.0,113391.0
2019-12-27 00:00:00+09:00,21927.0,21927.0,21230.0,21516.0,116730.0
2019-12-30 00:00:00+09:00,21546.0,21958.0,21293.0,21896.0,81163.0
2020-01-02 00:00:00+09:00,22085.0,22117.0,21578.0,21801.0,93345.0
2020-01-03 00:00:00+09:00,21800.0,21864.0,21293.0,21548.0,214455.0
2020-01-06 00:00:00+09:00,21292.0,21325.0,20817.0,20850.0,140195.0
2020-01-07 00:00:00+09:00,21072.0,21326.0,20913.0,21231.0,108383.0
2020-01-08 00:00:00+09:00,20279.0,21135.0,20279.0,20312.0,248615.0
2020-01-09 00:00:00+09:00,20660.0,20788.0,20344.0,20598.0,186802.0
2020-01-10 00:00:00+09:00,20564.0,20754.0,20279.0,20470.0,126044.0
2020-01-13 00:00:00+09:00,20374.0,20881.0,20374.0,20819.0,147249.0
2020-01-14 00:00:00+09:00,20819.0,20945.0,20660.0,20883.0,148779.0
2020-01-15 00:00:00+09:00,20883.0,20914.0,20629.0,20788.0,144885.0
2020-01-16 00:00:00+09:00,20787.0,21358.0,20755.0,21168.0,174516.0
2020-01-17 00:00:00+09:00,21293.0,21325.0,20818.0,20914.0,132289.0
2020-01-20 00:00:00+09:00,20849.0,21103.0,20723.0,20819.0,148234.0
2020-01-21 00:00:00+09:00,20724.0,21009.0,20280.0,20344.0,209376.0
2020-01-22 00:00:00+09:00,20279.0,20342.0,20089.0,20280.0,208836.0
2020-01-23 00:00:00+09:00,20185.0,20185.0,19963.0,19995.0,153041.0
2020-01-28 00:00:00+09:00,19076.0,19202.0,17840.0,17904.0,777721.0
2020-01-29 00:00:00+09:00,17903.0,18283.0,17807.0,17872.0,285631.0
2020-01-30 00:00:00+09:00,17903.0,18124.0,17300.0,17428.0,336965.0
2020-01-31 00:00:00+09:00,17332.0,17427.0,16508.0,16636.0,583261.0
2020-02-03 00:00:00+09:00,16033.0,17712.0,15938.0,17682.0,795919.0
2020-02-04 00:00:00+09:00,17807.0,18632.0,17617.0,18062.0,600827.0
2020-02-05 00:00:00+09:00,18093.0,18473.0,17903.0,18062.0,303880.0
2020-02-06 00:00:00+09:00,18061.0,18885.0,18061.0,18791.0,387418.0
2020-02-07 00:00:00+09:00,18727.0,18727.0,18283.0,18379.0,196661.0
2020-02-10 00:00:00+09:00,18315.0,18664.0,18157.0,18538.0,176762.0
2020-02-11 00:00:00+09:00,19329.0,19329.0,18189.0,18443.0,399235.0
2020-02-12 00:00:00+09:00,18125.0,18632.0,18125.0,18411.0,280246.0
2020-02-13 00:00:00+09:00,18695.0,19646.0,18442.0,18664.0,954372.0
2020-02-14 00:00:00+09:00,18694.0,18789.0,18156.0,18252.0,374849.0
2020-02-17 00:00:00+09:00,18283.0,18315.0,17935.0,18221.0,257456.0
2020-02-18 00:00:00+09:00,18093.0,18442.0,17966.0,18125.0,185923.0
2020-02-19 00:00:00+09:00,18029.0,18188.0,17300.0,17428.0,586314.0
2020-02-20 00:00:00+09:00,17428.0,17523.0,16763.0,16763.0,440483.0
2020-02-21 00:00:00+09:00,16762.0,17047.0,16096.0,16287.0,572487.0
2020-02-24 00:00:00+09:00,15620.0,15969.0,15525.0,15558.0,583089.0
2020-02-25 00:00:00+09:00,15494.0,16286.0,15494.0,16002.0,393940.0
2020-02-26 00:00:00+09:00,16000.0,16000.0,15525.0,15748.0,280463.0
2020-02-27 00:00:00+09:00,15653.0,16034.0,15432.0,15781.0,360414.0
2020-02-28 00:00:00+09:00,15337.0,15590.0,14893.0,14957.0,524826.0
2020-03-02 00:00:00+09:00,15019.0,15685.0,14829.0,15305.0,343720.0
2020-03-03 00:00:00+09:00,15463.0,15717.0,15019.0,15052.0,459562.0
2020-03-04 00:00:00+09:00,14923.0,15557.0,14923.0,15463.0,267450.0
2020-03-05 00:00:00+09:00,15843.0,16445.0,15463.0,16383.0,560190.0
2020-03-06 00:00:00+09:00,16287.0,16287.0,15748.0,15781.0,307926.0
2020-03-09 00:00:00+09:00,15495.0,16256.0,15083.0,15971.0,608745.0
2020-03-10 00:00:00+09:00,15557.0,16159.0,15462.0,15907.0,351273.0
2020-03-11 00:00:00+09:00,15907.0,15939.0,15146.0,15337.0,241017.0
2020-03-12 00:00:00+09:00,15146.0,15304.0,14036.0,14291.0,560513.0
2020-03-13 00:00:00+09:00,12864.0,13562.0,12864.0,13562.0,781082.0
2020-03-16 00:00:00+09:00,13593.0,14227.0,13118.0,13436.0,412441.0
2020-03-17 00:00:00+09:00,12167.0,13181.0,12167.0,12580.0,548267.0
2020-03-18 00:00:00+09:00,12674.0,12674.0,11217.0,11217.0,482979.0
2020-03-19 00:00:00+09:00,11216.0,11532.0,8998.0,8999.0,714714.0
2020-03-20 00:00:00+09:00,9030.0,9918.0,9030.0,9918.0,496763.0
2020-03-23 00:00:00+09:00,9029.0,9283.0,8808.0,8967.0,349351.0
2020-03-24 00:00:00+09:00,9252.0,9538.0,9252.0,9538.0,373880.0
2020-03-25 00:00:00+09:00,10139.0,10361.0,9822.0,10330.0,687049.0
2020-03-26 00:00:00+09:00,10615.0,12864.0,10107.0,11281.0,908949.0
2020-03-27 00:00:00+09:00,11627.0,12040.0,10455.0,10995.0,767342.0
2020-03-30 00:00:00+09:00,10361.0,11089.0,10171.0,11059.0,472185.0
2020-03-31 00:00:00+09:00,11280.0,11438.0,10899.0,11217.0,546857.0
2020-04-01 00:00:00+09:00,10994.0,11755.0,10804.0,11217.0,588488.0
2020-04-02 00:00:00+09:00,11312.0,11376.0,10805.0,11281.0,289572.0
2020-04-03 00:00:00+09:00,11153.0,11819.0,11089.0,11534.0,409394.0
2020-04-06 00:00:00+09:00,11407.0,12168.0,11407.0,12168.0,575969.0
2020-04-07 00:00:00+09:00,12674.0,13086.0,12420.0,12865.0,821229.0
2020-04-08 00:00:00+09:00,12833.0,14892.0,12357.0,13974.0,1195189.0
2020-04-09 00:00:00+09:00,14259.0,15241.0,14195.0,15020.0,965162.0
2020-04-10 00:00:00+09:00,15114.0,15146.0,14575.0,14988.0,533381.0
2020-04-13 00:00:00+09:00,14925.0,14925.0,14260.0,14260.0,628145.0
2020-04-14 00:00:00+09:00,14226.0,14607.0,13941.0,14386.0,437733.0
2020-04-16 00:00:00+09:00,14290.0,14481.0,14290.0,14481.0,291327.0
2020-04-17 00:00:00+09:00,14702.0,15400.0,14702.0,15020.0,529047.0
2020-04-20 00:00:00+09:00,15209.0,16064.0,15209.0,15907.0,895040.0
2020-04-21 00:00:00+09:00,15843.0,16066.0,14957.0,15876.0,763401.0
2020-04-22 00:00:00+09:00,15716.0,15842.0,15367.0,15812.0,328421.0
2020-04-23 00:00:00+09:00,15876.0,16066.0,15527.0,15686.0,462758.0
2020-04-24 00:00:00+09:00,15399.0,15620.0,15145.0,15273.0,309404.0
2020-04-27 00:00:00+09:00,15653.0,16160.0,15495.0,16034.0,557000.0
2020-04-28 00:00:00+09:00,16350.0,17966.0,16287.0,17048.0,1625288.0
2020-04-29 00:00:00+09:00,17079.0,17492.0,16794.0,16922.0,631965.0
2020-05-04 00:00:00+09:00,16921.0,16952.0,16413.0,16604.0,465765.0
2020-05-06 00:00:00+09:00,16698.0,16888.0,16223.0,16446.0,393855.0
2020-05-07 00:00:00+09:00,16444.0,16508.0,16001.0,16287.0,391670.0
2020-05-08 00:00:00+09:00,16286.0,16508.0,14702.0,15210.0,2062278.0
2020-05-11 00:00:00+09:00,14575.0,14798.0,14005.0,14608.0,1372123.0
2020-05-12 00:00:00+09:00,14512.0,14512.0,13625.0,13784.0,1075919.0
2020-05-13 00:00:00+09:00,13276.0,14131.0,13022.0,13942.0,778905.0
2020-05-14 00:00:00+09:00,13721.0,13816.0,13498.0,13531.0,373295.0
2020-05-15 00:00:00+09:00,13467.0,13498.0,13118.0,13372.0,390306.0
2020-05-18 00:00:00+09:00,13339.0,14004.0,13181.0,13942.0,516004.0
2020-05-19 00:00:00+09:00,14639.0,15019.0,14354.0,14735.0,1125116.0
2020-05-20 00:00:00+09:00,14639.0,14924.0,14259.0,14735.0,468251.0
2020-05-21 00:00:00+09:00,14765.0,15018.0,14543.0,14766.0,405107.0
2020-05-22 00:00:00+09:00,14765.0,14797.0,14290.0,14386.0,271772.0
2020-05-25 00:00:00+09:00,14417.0,14512.0,14036.0,14227.0,250087.0
2020-05-26 00:00:00+09:00,14259.0,15178.0,14259.0,15052.0,1045597.0
2020-05-27 00:00:00+09:00,15114.0,15304.0,14766.0,15147.0,570250.0
2020-05-28 00:00:00+09:00,15146.0,15146.0,14448.0,14766.0,423501.0
2020-05-29 00:00:00+09:00,14765.0,15051.0,14417.0,14671.0,337649.0
2020-06-01 00:00:00+09:00,14987.0,15208.0,14892.0,15178.0,470534.0
2020-06-02 00:00:00+09:00,15272.0,15842.0,15177.0,15622.0,685927.0
2020-06-03 00:00:00+09:00,15780.0,15907.0,15527.0,15876.0,699200.0
2020-06-04 00:00:00+09:00,16096.0,16286.0,15621.0,15907.0,576148.0
2020-06-05 00:00:00+09:00,15843.0,16857.0,15716.0,16541.0,875159.0
2020-06-08 00:00:00+09:00,16983.0,17016.0,16001.0,16351.0,617757.0
2020-06-09 00:00:00+09:00,16444.0,16572.0,15842.0,16097.0,403998.0
2020-06-10 00:00:00+09:00,16034.0,16034.0,15717.0,15876.0,363240.0
2020-06-11 00:00:00+09:00,15842.0,16223.0,15494.0,15748.0,554987.0
2020-06-12 00:00:00+09:00,14797.0,15463.0,14797.0,15463.0,489938.0
2020-06-15 00:00:00+09:00,15209.0,15336.0,14323.0,14323.0,491073.0
2020-06-16 00:00:00+09:00,15196.0,15929.0,14707.0,15825.0,447291.0
2020-06-17 00:00:00+09:00,15650.0,15999.0,15370.0,15860.0,280664.0
2020-06-18 00:00:00+09:00,15616.0,15825.0,15511.0,15651.0,117112.0
2020-06-19 00:00:00+09:00,15685.0,15755.0,15371.0,15406.0,187252.0
2020-06-22 00:00:00+09:00,15406.0,15511.0,15057.0,15127.0,165586.0
2020-06-23 00:00:00+09:00,15231.0,15405.0,14811.0,15301.0,171933.0
2020-06-24 00:00:00+09:00,15266.0,15616.0,15057.0,15162.0,135391.0
2020-06-25 00:00:00+09:00,14846.0,15161.0,14672.0,14742.0,162819.0
2020-06-26 00:00:00+09:00,14742.0,14986.0,14672.0,14777.0,153163.0
2020-06-29 00:00:00+09:00,14602.0,14637.0,14009.0,14044.0,241969.0
2020-06-30 00:00:00+09:00,14148.0,14777.0,14078.0,14288.0,187091.0
2020-07-01 00:00:00+09:00,14392.0,14462.0,14183.0,14253.0,164996.0
2020-07-02 00:00:00+09:00,14253.0,14916.0,14253.0,14882.0,250137.0
2020-07-03 00:00:00+09:00,14882.0,14882.0,14218.0,14603.0,357020.0
2020-07-06 00:00:00+09:00,14602.0,14672.0,14183.0,14288.0,312240.0
2020-07-07 00:00:00+09:00,14428.0,14428.0,14009.0,14044.0,353995.0
2020-07-08 00:00:00+09:00,13974.0,14113.0,13904.0,14079.0,274155.0
2020-07-09 00:00:00+09:00,13973.0,14183.0,13729.0,13799.0,507125.0
2020-07-10 00:00:00+09:00,13694.0,13764.0,13310.0,13450.0,323907.0
2020-07-13 00:00:00+09:00,13484.0,13868.0,13344.0,13694.0,289347.0
2020-07-14 00:00:00+09:00,13764.0,13938.0,13414.0,13869.0,244396.0
2020-07-15 00:00:00+09:00,13938.0,14253.0,13694.0,13869.0,451918.0
2020-07-16 00:00:00+09:00,13763.0,13973.0,13589.0,13659.0,335803.0
2020-07-17 00:00:00+09:00,13693.0,13693.0,13414.0,13624.0,310451.0
2020-07-20 00:00:00+09:00,13623.0,13623.0,13379.0,13589.0,334008.0
2020-07-21 00:00:00+09:00,13659.0,14497.0,13659.0,14288.0,1112802.0
2020-07-22 00:00:00+09:00,14288.0,14288.0,13904.0,13904.0,415799.0
2020-07-23 00:00:00+09:00,13938.0,14043.0,13694.0,13834.0,358367.0
2020-07-24 00:00:00+09:00,13589.0,13728.0,13449.0,13589.0,319451.0
2020-07-27 00:00:00+09:00,13589.0,13729.0,13380.0,13485.0,218915.0
2020-07-28 00:00:00+09:00,13520.0,13659.0,13415.0,13520.0,261594.0
2020-07-29 00:00:00+09:00,13450.0,13659.0,13345.0,13485.0,175269.0
2020-07-30 00:00:00+09:00,13484.0,13728.0,13414.0,13624.0,162171.0
2020-07-31 00:00:00+09:00,13729.0,13973.0,13694.0,13764.0,288112.0
2020-08-03 00:00:00+09:00,13799.0,13834.0,13345.0,13520.0,228271.0
2020-08-04 00:00:00+09:00,13519.0,13694.0,13415.0,13485.0,193417.0
2020-08-05 00:00:00+09:00,13065.0,13135.0,12681.0,12856.0,1230199.0
2020-08-06 00:00:00+09:00,12891.0,13065.0,12681.0,12996.0,520073.0
2020-08-07 00:00:00+09:00,12890.0,13379.0,12785.0,13135.0,928705.0
2020-08-10 00:00:00+09:00,13415.0,13974.0,13240.0,13974.0,1302657.0
2020-08-11 00:00:00+09:00,14043.0,14358.0,13694.0,13939.0,832047.0
2020-08-12 00:00:00+09:00,14252.0,15475.0,14043.0,15301.0,3220281.0
2020-08-13 00:00:00+09:00,16558.0,18096.0,15685.0,17083.0,5125748.0
2020-08-14 00:00:00+09:00,17502.0,18760.0,16454.0,16629.0,5590637.0
2020-08-18 00:00:00+09:00,15545.0,15859.0,14008.0,14218.0,3394463.0
2020-08-19 00:00:00+09:00,13973.0,15265.0,13973.0,14672.0,1571523.0
2020-08-20 00:00:00+09:00,14393.0,14567.0,13694.0,13939.0,1066558.0
2020-08-21 00:00:00+09:00,14322.0,14462.0,13833.0,14183.0,814523.0
2020-08-24 00:00:00+09:00,13729.0,14777.0,13624.0,14393.0,1051578.0
2020-08-25 00:00:00+09:00,14707.0,15231.0,14533.0,15127.0,1097505.0
2020-08-26 00:00:00+09:00,15161.0,15475.0,14567.0,15301.0,1144196.0
2020-08-27 00:00:00+09:00,15161.0,15196.0,14567.0,14777.0,889630.0
2020-08-28 00:00:00+09:00,14882.0,15127.0,14533.0,14638.0,878361.0
2020-08-31 00:00:00+09:00,14672.0,15615.0,14637.0,15371.0,1365752.0
2020-09-01 00:00:00+09:00,15930.0,16209.0,15580.0,16105.0,1406697.0
2020-09-02 00:00:00+09:00,16489.0,17083.0,16104.0,16594.0,1357140.0
2020-09-03 00:00:00+09:00,16908.0,17013.0,16314.0,16699.0,874505.0
2020-09-04 00:00:00+09:00,15999.0,16907.0,15650.0,16838.0,1065794.0
2020-09-07 00:00:00+09:00,16698.0,16978.0,16419.0,16524.0,684918.0
2020-09-08 00:00:00+09:00,16768.0,16908.0,16349.0,16419.0,582784.0
2020-09-09 00:00:00+09:00,16070.0,16559.0,16070.0,16280.0,519107.0
2020-09-10 00:00:00+09:00,16419.0,16454.0,15790.0,16035.0,727214.0
2020-09-11 00:00:00+09:00,16035.0,16314.0,15930.0,16280.0,433229.0
2020-09-14 00:00:00+09:00,16663.0,16698.0,16279.0,16419.0,507901.0
2020-09-15 00:00:00+09:00,16558.0,16593.0,16279.0,16384.0,317451.0
2020-09-16 00:00:00+09:00,16349.0,16384.0,16070.0,16140.0,469423.0
2020-09-17 00:00:00+09:00,16174.0,16209.0,15650.0,15790.0,655736.0
2020-09-18 00:00:00+09:00,15999.0,16104.0,15650.0,15860.0,409928.0
2020-09-21 00:00:00+09:00,15825.0,16349.0,15685.0,16105.0,615882.0
2020-09-22 00:00:00+09:00,15999.0,16139.0,15370.0,15371.0,615857.0
2020-09-23 00:00:00+09:00,15441.0,15581.0,14742.0,15127.0,452081.0
2020-09-24 00:00:00+09:00,14917.0,14952.0,14323.0,14498.0,600006.0
2020-09-25 00:00:00+09:00,14707.0,14811.0,14322.0,14742.0,270905.0
2020-09-28 00:00:00+09:00,14881.0,15301.0,14776.0,15301.0,293047.0
2020-09-29 00:00:00+09:00,15476.0,15686.0,15476.0,15686.0,402342.0
2020-10-05 00:00:00+09:00,15580.0,15650.0,15266.0,15441.0,329828.0
2020-10-06 00:00:00+09:00,15440.0,15475.0,15091.0,15196.0,344170.0
2020-10-07 00:00:00+09:00,15091.0,15300.0,14951.0,15231.0,218778.0
2020-10-08 00:00:00+09:00,15336.0,15685.0,15196.0,15581.0,422084.0
2020-10-12 00:00:00+09:00,16139.0,16279.0,15895.0,16000.0,899948.0
2020-10-13 00:00:00+09:00,16139.0,16209.0,15615.0,15930.0,393068.0
2020-10-14 00:00:00+09:00,15930.0,15930.0,15406.0,15616.0,269753.0
2020-10-15 00:00:00+09:00,15405.0,15510.0,14951.0,15231.0,364692.0
2020-10-16 00:00:00+09:00,15231.0,15441.0,14882.0,15162.0,298480.0
2020-10-19 00:00:00+09:00,15476.0,15686.0,15092.0,15162.0,460090.0
2020-10-20 00:00:00+09:00,15161.0,15161.0,14812.0,15022.0,271970.0
2020-10-21 00:00:00+09:00,15021.0,15091.0,14532.0,14952.0,281439.0
2020-10-22 00:00:00+09:00,14812.0,14916.0,14672.0,14812.0,275758.0
2020-10-23 00:00:00+09:00,14847.0,14882.0,14393.0,14533.0,396708.0
2020-10-26 00:00:00+09:00,14427.0,14427.0,14113.0,14218.0,272894.0
2020-10-27 00:00:00+09:00,13974.0,14323.0,13694.0,14044.0,302815.0
2020-10-28 00:00:00+09:00,13973.0,14393.0,13903.0,14393.0,201260.0
2020-10-29 00:00:00+09:00,14113.0,14392.0,14008.0,14288.0,213413.0
2020-10-30 00:00:00+09:00,14323.0,14358.0,13939.0,14044.0,240027.0
2020-11-02 00:00:00+09:00,13973.0,14008.0,13834.0,13939.0,303126.0
2020-11-03 00:00:00+09:00,14043.0,14217.0,13938.0,14148.0,226802.0
2020-11-04 00:00:00+09:00,14323.0,14602.0,14078.0,14568.0,289209.0
2020-11-05 00:00:00+09:00,14323.0,14742.0,14323.0,14638.0,281118.0
2020-11-06 00:00:00+09:00,14672.0,14672.0,14393.0,14428.0,219356.0
2020-11-09 00:00:00+09:00,14428.0,14707.0,14323.0,14498.0,276461.0
2020-11-10 00:00:00+09:00,16698.0,16698.0,15161.0,15336.0,3125921.0
2020-11-11 00:00:00+09:00,15546.0,16140.0,15371.0,15686.0,1429414.0
2020-11-12 00:00:00+09:00,15686.0,15720.0,15057.0,15162.0,796515.0
2020-11-13 00:00:00+09:00,14882.0,15126.0,14847.0,15022.0,398972.0
2020-11-16 00:00:00+09:00,14986.0,15545.0,14742.0,15336.0,679398.0
2020-11-17 00:00:00+09:00,15860.0,15964.0,15370.0,15371.0,766647.0
2020-11-18 00:00:00+09:00,15335.0,15545.0,15126.0,15301.0,375632.0
2020-11-19 00:00:00+09:00,15266.0,15266.0,14917.0,15022.0,369004.0
2020-11-20 00:00:00+09:00,14986.0,15266.0,14951.0,15266.0,263152.0
2020-11-23 00:00:00+09:00,15092.0,15371.0,14882.0,15162.0,457293.0
2020-11-24 00:00:00+09:00,15371.0,16279.0,15336.0,16035.0,1820837.0
2020-11-25 00:00:00+09:00,16489.0,16594.0,15546.0,16175.0,1920433.0
2020-11-26 00:00:00+09:00,15929.0,16174.0,15720.0,15825.0,706619.0
2020-11-27 00:00:00+09:00,15720.0,16104.0,15615.0,15895.0,542924.0
2020-11-30 00:00:00+09:00,15825.0,16139.0,15755.0,16000.0,499098.0
2020-12-01 00:00:00+09:00,16000.0,16209.0,15860.0,16035.0,546131.0
2020-12-02 00:00:00+09:00,16174.0,17222.0,16070.0,17153.0,2752155.0
2020-12-03 00:00:00+09:00,17642.0,17851.0,16978.0,17118.0,1944048.0
2020-12-04 00:00:00+09:00,16418.0,16977.0,16139.0,16349.0,2165234.0
2020-12-07 00:00:00+09:00,15860.0,16209.0,15510.0,16000.0,1020852.0
2020-12-08 00:00:00+09:00,16000.0,16489.0,15720.0,16035.0,767159.0
2020-12-09 00:00:00+09:00,16209.0,16838.0,16069.0,16559.0,1008900.0
2020-12-10 00:00:00+09:00,16349.0,16838.0,16209.0,16594.0,928492.0
2020-12-11 00:00:00+09:00,16838.0,17152.0,16628.0,16873.0,1128487.0
2020-12-14 00:00:00+09:00,16489.0,16803.0,16209.0,16664.0,1052533.0
2020-12-15 00:00:00+09:00,16698.0,17118.0,16419.0,17118.0,978342.0
2020-12-16 00:00:00+09:00,17153.0,17188.0,16664.0,16734.0,745728.0
2020-12-17 00:00:00+09:00,16663.0,16768.0,16314.0,16489.0,567748.0
2020-12-18 00:00:00+09:00,16384.0,17117.0,16314.0,16978.0,814990.0
2020-12-21 00:00:00+09:00,16873.0,16873.0,16174.0,16524.0,562501.0
2020-12-22 00:00:00+09:00,16454.0,16734.0,16280.0,16280.0,532131.0
2020-12-23 00:00:00+09:00,16349.0,16419.0,16070.0,16140.0,414199.0
2020-12-24 00:00:00+09:00,16209.0,16698.0,16174.0,16629.0,498263.0
2020-12-28 00:00:00+09:00,16559.0,16663.0,16454.0,16559.0,515013.0
2020-12-29 00:00:00+09:00,16768.0,17117.0,16593.0,16943.0,833368.0
2020-12-30 00:00:00+09:00,16978.0,17886.0,16978.0,17607.0,1681701.0
2021-01-04 00:00:00+09:00,17747.0,18445.0,17607.0,18306.0,1351587.0
2021-01-05 00:00:00+09:00,18166.0,18620.0,17781.0,18166.0,1017402.0
2021-01-06 00:00:00+09:00,18445.0,18620.0,17991.0,18166.0,883924.0
2021-01-07 00:00:00+09:00,18235.0,18445.0,18026.0,18061.0,669608.0
2021-01-08 00:00:00+09:00,18096.0,18515.0,17572.0,18271.0,1209174.0
2021-01-11 00:00:00+09:00,18445.0,18445.0,17851.0,18271.0,1290960.0
2021-01-12 00:00:00+09:00,18270.0,20366.0,17816.0,19668.0,3670923.0
2021-01-13 00:00:00+09:00,19773.0,20087.0,19353.0,19808.0,1147085.0
2021-01-14 00:00:00+09:00,19703.0,20646.0,19458.0,20297.0,1603549.0
2021-01-15 00:00:00+09:00,20541.0,20541.0,19738.0,19878.0,1059537.0
2021-01-18 00:00:00+09:00,19563.0,19633.0,18585.0,18795.0,1392754.0
2021-01-19 00:00:00+09:00,18690.0,19423.0,18550.0,19284.0,699141.0
2021-01-20 00:00:00+09:00,19354.0,19668.0,19109.0,19459.0,704746.0
2021-01-21 00:00:00+09:00,19667.0,19842.0,19528.0,19633.0,516451.0
2021-01-22 00:00:00+09:00,19808.0,20507.0,19459.0,20053.0,1135754.0
2021-01-25 00:00:00+09:00,20297.0,20960.0,20122.0,20926.0,1187651.0
2021-01-26 00:00:00+09:00,21205.0,21205.0,20611.0,20821.0,787763.0
2021-01-27 00:00:00+09:00,20821.0,20856.0,19947.0,20367.0,674380.0
2021-01-28 00:00:00+09:00,19772.0,20087.0,19423.0,19773.0,900630.0
2021-01-29 00:00:00+09:00,19912.0,19947.0,18096.0,18760.0,1248766.0
2021-02-01 00:00:00+09:00,18515.0,19144.0,17921.0,18935.0,751798.0
2021-02-02 00:00:00+09:00,19109.0,19738.0,19039.0,19214.0,570656.0
2021-02-03 00:00:00+09:00,19563.0,19737.0,19353.0,19633.0,500280.0
2021-02-04 00:00:00+09:00,19703.0,19703.0,19074.0,19179.0,394331.0
2021-02-05 00:00:00+09:00,19283.0,19493.0,18864.0,19249.0,351343.0
2021-02-08 00:00:00+09:00,19388.0,19632.0,18899.0,19598.0,481492.0
2021-02-09 00:00:00+09:00,19633.0,19703.0,19214.0,19284.0,373076.0
2021-02-10 00:00:00+09:00,19074.0,19179.0,18725.0,18935.0,592916.0
2021-02-15 00:00:00+09:00,19109.0,19563.0,18864.0,19144.0,575909.0
2021-02-16 00:00:00+09:00,19214.0,19249.0,18795.0,18900.0,570724.0
2021-02-17 00:00:00+09:00,18934.0,18934.0,18585.0,18690.0,459150.0
2021-02-18 00:00:00+09:00,18689.0,18864.0,18515.0,18550.0,407213.0
2021-02-19 00:00:00+09:00,18549.0,18549.0,17955.0,18480.0,464188.0
2021-02-22 00:00:00+09:00,18514.0,18689.0,18235.0,18480.0,346069.0
2021-02-23 00:00:00+09:00,18654.0,19877.0,18619.0,19668.0,1642203.0
2021-02-24 00:00:00+09:00,20087.0,20506.0,19354.0,19424.0,2067003.0
2021-02-25 00:00:00+09:00,20017.0,20087.0,19598.0,19843.0,610810.0
2021-02-26 00:00:00+09:00,19283.0,19842.0,19073.0,19563.0,695217.0
2021-03-02 00:00:00+09:00,19912.0,19982.0,19074.0,19074.0,713276.0
2021-03-03 00:00:00+09:00,19109.0,19458.0,18830.0,19424.0,380829.0
2021-03-04 00:00:00+09:00,19248.0,20122.0,19004.0,19738.0,724930.0
2021-03-05 00:00:00+09:00,19528.0,19563.0,19528.0,19563.0,426441.0
2021-03-08 00:00:00+09:00,19912.0,19912.0,19249.0,19284.0,367667.0
2021-03-09 00:00:00+09:00,19528.0,19703.0,18934.0,19319.0,462446.0
2021-03-10 00:00:00+09:00,19319.0,19563.0,18865.0,18865.0,338605.0
2021-03-11 00:00:00+09:00,18969.0,19493.0,18585.0,19319.0,546717.0
2021-03-12 00:00:00+09:00,19458.0,20262.0,19389.0,19983.0,991410.0
2021-03-15 00:00:00+09:00,20122.0,20576.0,19877.0,20332.0,872809.0
2021-03-16 00:00:00+09:00,20751.0,20751.0,20332.0,20402.0,611277.0
2021-03-17 00:00:00+09:00,20401.0,20401.0,20052.0,20297.0,325571.0
2021-03-18 00:00:00+09:00,20402.0,20471.0,19808.0,19913.0,619566.0
2021-03-19 00:00:00+09:00,19738.0,20506.0,19633.0,20472.0,570841.0
2021-03-22 00:00:00+09:00,20471.0,20611.0,20122.0,20227.0,478573.0
2021-03-23 00:00:00+09:00,20262.0,20262.0,19878.0,19913.0,339163.0
2021-03-24 00:00:00+09:00,19738.0,19877.0,19318.0,19773.0,407125.0
2021-03-25 00:00:00+09:00,19738.0,19947.0,19493.0,19808.0,250631.0
2021-03-26 00:00:00+09:00,19703.0,20052.0,19703.0,19843.0,303868.0
2021-03-29 00:00:00+09:00,19773.0,19808.0,19389.0,19459.0,405404.0
2021-03-30 00:00:00+09:00,19458.0,19563.0,19319.0,19424.0,251572.0
2021-03-31 00:00:00+09:00,19388.0,19598.0,19108.0,19598.0,459709.0
2021-04-01 00:00:00+09:00,19598.0,19668.0,19214.0,19284.0,312726.0
2021-04-02 00:00:00+09:00,19353.0,19388.0,19004.0,19039.0,345289.0
2021-04-05 00:00:00+09:00,18864.0,19178.0,18689.0,19039.0,291142.0
2021-04-06 00:00:00+09:00,19108.0,19213.0,18934.0,19074.0,193395.0
2021-04-07 00:00:00+09:00,19074.0,19074.0,18795.0,18865.0,331899.0
2021-04-08 00:00:00+09:00,18760.0,18934.0,18690.0,18795.0,340911.0
2021-04-09 00:00:00+09:00,18795.0,18934.0,18655.0,18830.0,228903.0
2021-04-12 00:00:00+09:00,18829.0,18864.0,18690.0,18795.0,204218.0
2021-04-13 00:00:00+09:00,18795.0,18969.0,18655.0,18900.0,245424.0
2021-04-14 00:00:00+09:00,18899.0,18899.0,18585.0,18585.0,355410.0
2021-04-15 00:00:00+09:00,18585.0,18794.0,18340.0,18585.0,276205.0
2021-04-16 00:00:00+09:00,18445.0,18724.0,18410.0,18655.0,197344.0
2021-04-19 00:00:00+09:00,18480.0,18480.0,18236.0,18271.0,547756.0
2021-04-20 00:00:00+09:00,18375.0,18829.0,18375.0,18760.0,391824.0
2021-04-21 00:00:00+09:00,18654.0,18689.0,18410.0,18550.0,235267.0
2021-04-22 00:00:00+09:00,18584.0,18619.0,18410.0,18515.0,154362.0
2021-04-23 00:00:00+09:00,18515.0,18550.0,18271.0,18411.0,179541.0
2021-04-26 00:00:00+09:00,18445.0,18619.0,18375.0,18515.0,239301.0
2021-04-27 00:00:00+09:00,18410.0,18410.0,18201.0,18271.0,330735.0
2021-04-28 00:00:00+09:00,18271.0,18271.0,17572.0,17782.0,714207.0
2021-04-29 00:00:00+09:00,17816.0,18096.0,17502.0,18096.0,338933.0
2021-04-30 00:00:00+09:00,18096.0,18585.0,17816.0,18236.0,476337.0
2021-05-03 00:00:00+09:00,18026.0,18026.0,17502.0,17537.0,636988.0
2021-05-04 00:00:00+09:00,17467.0,17886.0,16838.0,17782.0,498651.0
2021-05-06 00:00:00+09:00,17781.0,17851.0,17537.0,17537.0,263898.0
2021-05-07 00:00:00+09:00,17607.0,18305.0,17607.0,18201.0,413925.0
2021-05-10 00:00:00+09:00,18445.0,19213.0,18375.0,19109.0,1240229.0
2021-05-11 00:00:00+09:00,18934.0,19423.0,18864.0,19249.0,789401.0
2021-05-12 00:00:00+09:00,19423.0,19528.0,18725.0,18865.0,626875.0
2021-05-13 00:00:00+09:00,18515.0,19388.0,18480.0,19179.0,781620.0
2021-05-14 00:00:00+09:00,19423.0,19458.0,19004.0,19354.0,364184.0
2021-05-17 00:00:00+09:00,19213.0,20227.0,19178.0,20227.0,1171788.0
2021-05-18 00:00:00+09:00,20297.0,20611.0,19982.0,20297.0,1146395.0
2021-05-20 00:00:00+09:00,20367.0,21624.0,20297.0,21450.0,2563080.0
2021-05-21 00:00:00+09:00,21519.0,21624.0,20646.0,20891.0,1366975.0
2021-05-24 00:00:00+09:00,20646.0,20785.0,19632.0,20681.0,1000756.0
2021-05-25 00:00:00+09:00,20471.0,20855.0,20261.0,20681.0,943797.0
2021-05-26 00:00:00+09:00,20785.0,22357.0,20785.0,22323.0,3281837.0
2021-05-27 00:00:00+09:00,22358.0,22673.0,21869.0,22219.0,1803727.0
2021-05-28 00:00:00+09:00,22323.0,22358.0,21660.0,21695.0,1082828.0
2021-05-31 00:00:00+09:00,21798.0,23825.0,21798.0,23371.0,3106252.0
2021-06-01 00:00:00+09:00,23441.0,23755.0,22847.0,23127.0,1360260.0
2021-06-02 00:00:00+09:00,23266.0,23476.0,22603.0,23232.0,1682889.0
2021-06-03 00:00:00+09:00,23825.0,24314.0,22428.0,22428.0,2683292.0
2021-06-04 00:00:00+09:00,22078.0,22497.0,21379.0,21834.0,1557975.0
2021-06-07 00:00:00+09:00,21904.0,21939.0,21135.0,21625.0,1294687.0
2021-06-08 00:00:00+09:00,21694.0,22707.0,21380.0,22463.0,1520435.0
2021-06-09 00:00:00+09:00,22322.0,22916.0,22113.0,22288.0,852834.0
2021-06-10 00:00:00+09:00,22288.0,22742.0,22078.0,22533.0,786797.0
2021-06-11 00:00:00+09:00,22638.0,22812.0,22253.0,22743.0,610278.0
2021-06-14 00:00:00+09:00,22917.0,22987.0,22393.0,22498.0,519803.0
2021-06-15 00:00:00+09:00,22497.0,22637.0,22148.0,22393.0,445641.0
2021-06-16 00:00:00+09:00,22393.0,22672.0,22288.0,22428.0,349812.0
2021-06-17 00:00:00+09:00,22428.0,22987.0,22149.0,22743.0,705886.0
2021-06-18 00:00:00+09:00,22742.0,22742.0,22079.0,22149.0,851142.0
2021-06-21 00:00:00+09:00,21729.0,21974.0,21450.0,21590.0,785622.0
2021-06-22 00:00:00+09:00,21729.0,22149.0,21555.0,21660.0,398750.0
2021-06-23 00:00:00+09:00,21520.0,21590.0,20856.0,21101.0,1058757.0
2021-06-24 00:00:00+09:00,20820.0,21240.0,20611.0,21240.0,586364.0
2021-06-25 00:00:00+09:00,21205.0,21659.0,21100.0,21380.0,551425.0
2021-06-28 00:00:00+09:00,21380.0,21764.0,21275.0,21485.0,440799.0
2021-06-29 00:00:00+09:00,21484.0,21519.0,21100.0,21205.0,433195.0
2021-06-30 00:00:00+09:00,21205.0,21414.0,21030.0,21310.0,352451.0
2021-07-01 00:00:00+09:00,21310.0,21415.0,21031.0,21101.0,322038.0
2021-07-02 00:00:00+09:00,21100.0,21135.0,20786.0,20891.0,463536.0
2021-07-05 00:00:00+09:00,20960.0,21449.0,20681.0,21415.0,457716.0
2021-07-06 00:00:00+09:00,21414.0,22672.0,21414.0,22323.0,2207082.0
2021-07-07 00:00:00+09:00,21659.0,21974.0,20821.0,21031.0,1667751.0
2021-07-08 00:00:00+09:00,20855.0,21310.0,20611.0,20786.0,754808.0
2021-07-09 00:00:00+09:00,20297.0,20611.0,19808.0,20542.0,1000198.0
2021-07-12 00:00:00+09:00,20471.0,21065.0,20401.0,20891.0,434440.0
2021-07-13 00:00:00+09:00,20960.0,21065.0,20786.0,20856.0,386203.0
2021-07-14 00:00:00+09:00,20681.0,20786.0,20472.0,20542.0,358331.0
2021-07-15 00:00:00+09:00,20716.0,21065.0,20471.0,20856.0,294162.0
2021-07-16 00:00:00+09:00,20646.0,21240.0,20646.0,21066.0,374215.0
2021-07-19 00:00:00+09:00,20890.0,21030.0,20681.0,20856.0,236713.0
2021-07-20 00:00:00+09:00,20506.0,20855.0,20506.0,20646.0,356057.0
2021-07-21 00:00:00+09:00,20855.0,21135.0,20646.0,20786.0,327936.0
2021-07-22 00:00:00+09:00,20856.0,21310.0,20751.0,20856.0,433556.0
2021-07-23 00:00:00+09:00,20855.0,20890.0,20541.0,20821.0,292562.0
2021-07-26 00:00:00+09:00,20821.0,20856.0,20542.0,20612.0,221212.0
2021-07-27 00:00:00+09:00,20681.0,21729.0,20681.0,21380.0,1163125.0
2021-07-28 00:00:00+09:00,21205.0,21485.0,20926.0,21101.0,338149.0
2021-07-29 00:00:00+09:00,21205.0,21519.0,21135.0,21240.0,321721.0
2021-07-30 00:00:00+09:00,20821.0,20856.0,20297.0,20577.0,979007.0
2021-08-02 00:00:00+09:00,20576.0,20611.0,20227.0,20402.0,296345.0
2021-08-03 00:00:00+09:00,20262.0,20751.0,20157.0,20542.0,332673.0
2021-08-04 00:00:00+09:00,20471.0,21414.0,20331.0,21240.0,808062.0
2021-08-05 00:00:00+09:00,21030.0,21379.0,21030.0,21240.0,328681.0
2021-08-06 00:00:00+09:00,21345.0,21589.0,21030.0,21415.0,348357.0
2021-08-09 00:00:00+09:00,20855.0,21274.0,20855.0,21240.0,695268.0
2021-08-10 00:00:00+09:00,21100.0,21589.0,21030.0,21520.0,602848.0
2021-08-11 00:00:00+09:00,21240.0,21624.0,20996.0,21031.0,519879.0
2021-08-12 00:00:00+09:00,21030.0,21205.0,20611.0,20681.0,656569.0
2021-08-13 00:00:00+09:00,20680.0,20855.0,19842.0,20087.0,904480.0
2021-08-17 00:00:00+09:00,20087.0,20157.0,19144.0,19249.0,710160.0
2021-08-18 00:00:00+09:00,19074.0,20052.0,19074.0,19913.0,346312.0
2021-08-19 00:00:00+09:00,19458.0,19842.0,18934.0,19039.0,477647.0
2021-08-20 00:00:00+09:00,19109.0,19389.0,18306.0,18411.0,515237.0
2021-08-23 00:00:00+09:00,18410.0,19178.0,18410.0,19004.0,407000.0
2021-08-24 00:00:00+09:00,19458.0,20471.0,19249.0,20367.0,962144.0
2021-08-25 00:00:00+09:00,20507.0,20961.0,20402.0,20542.0,566018.0
2021-08-26 00:00:00+09:00,20576.0,20925.0,20576.0,20821.0,441138.0
2021-08-27 00:00:00+09:00,20611.0,20785.0,20296.0,20716.0,270078.0
2021-08-30 00:00:00+09:00,20960.0,21414.0,20960.0,21170.0,562334.0
2021-08-31 00:00:00+09:00,21135.0,21309.0,20855.0,21170.0,337741.0
2021-09-01 00:00:00+09:00,21205.0,22008.0,21065.0,21764.0,1262383.0
2021-09-02 00:00:00+09:00,21799.0,22008.0,21519.0,21904.0,545549.0
2021-09-03 00:00:00+09:00,22079.0,22288.0,21590.0,21695.0,507842.0
2021-09-06 00:00:00+09:00,21799.0,22009.0,21415.0,21590.0,364085.0
2021-09-07 00:00:00+09:00,21624.0,21869.0,21170.0,21869.0,414141.0
2021-09-08 00:00:00+09:00,21869.0,22009.0,21590.0,21660.0,397629.0
2021-09-09 00:00:00+09:00,21484.0,21869.0,21310.0,21380.0,425028.0
2021-09-10 00:00:00+09:00,21379.0,22078.0,21379.0,21799.0,491210.0
2021-09-13 00:00:00+09:00,21729.0,22043.0,21554.0,21729.0,415625.0
2021-09-14 00:00:00+09:00,21973.0,22672.0,21973.0,22463.0,1452870.0
2021-09-15 00:00:00+09:00,22533.0,22812.0,22288.0,22673.0,830998.0
2021-09-16 00:00:00+09:00,22672.0,22742.0,22253.0,22288.0,449190.0
2021-09-17 00:00:00+09:00,22288.0,22428.0,21799.0,22219.0,525749.0
2021-09-23 00:00:00+09:00,21799.0,22323.0,21624.0,22044.0,671190.0
2021-09-24 00:00:00+09:00,22148.0,22497.0,21694.0,21869.0,550488.0
2021-09-27 00:00:00+09:00,21694.0,21694.0,20402.0,20507.0,1990635.0
2021-09-28 00:00:00+09:00,20471.0,20681.0,20052.0,20332.0,799669.0
2021-09-29 00:00:00+09:00,19877.0,20681.0,19877.0,20681.0,599704.0
2021-09-30 00:00:00+09:00,20681.0,20995.0,20401.0,20751.0,489281.0
2021-10-01 00:00:00+09:00,20646.0,20716.0,20157.0,20402.0,402488.0
2021-10-05 00:00:00+09:00,20646.0,21555.0,20646.0,21101.0,1297160.0
2021-10-06 00:00:00+09:00,21345.0,21380.0,20542.0,20612.0,817505.0
2021-10-07 00:00:00+09:00,20995.0,21415.0,20786.0,21415.0,607928.0
2021-10-08 00:00:00+09:00,21450.0,21450.0,20891.0,21101.0,451119.0
2021-10-12 00:00:00+09:00,21100.0,21170.0,20611.0,20786.0,366381.0
2021-10-13 00:00:00+09:00,20751.0,21275.0,20541.0,20856.0,419531.0
2021-10-14 00:00:00+09:00,20960.0,21344.0,20751.0,21310.0,577871.0
2021-10-15 00:00:00+09:00,21520.0,21764.0,21170.0,21555.0,519250.0
2021-10-18 00:00:00+09:00,21764.0,22043.0,21484.0,21834.0,713300.0
2021-10-19 00:00:00+09:00,22008.0,22218.0,21624.0,21764.0,408405.0
2021-10-20 00:00:00+09:00,21799.0,21904.0,21345.0,21555.0,489165.0
2021-10-21 00:00:00+09:00,21590.0,21904.0,21450.0,21625.0,379850.0
2021-10-22 00:00:00+09:00,21729.0,21799.0,21345.0,21555.0,364663.0
2021-10-25 00:00:00+09:00,21764.0,22288.0,21415.0,22219.0,1201268.0
2021-10-26 00:00:00+09:00,22288.0,22882.0,22079.0,22708.0,1346479.0
2021-10-27 00:00:00+09:00,22672.0,23545.0,22602.0,22987.0,2207182.0
2021-10-28 00:00:00+09:00,23091.0,23126.0,22393.0,22498.0,871132.0
2021-10-29 00:00:00+09:00,22602.0,22916.0,21973.0,22323.0,620153.0
2021-11-01 00:00:00+09:00,22707.0,23161.0,21659.0,22288.0,1064702.0
2021-11-02 00:00:00+09:00,22708.0,23266.0,22323.0,22708.0,1325933.0
2021-11-03 00:00:00+09:00,22707.0,22742.0,21659.0,21729.0,978363.0
2021-11-04 00:00:00+09:00,21834.0,22043.0,21240.0,21345.0,864298.0
2021-11-05 00:00:00+09:00,21449.0,21554.0,20681.0,20891.0,830481.0
2021-11-08 00:00:00+09:00,21274.0,21589.0,20960.0,21170.0,614863.0
2021-11-09 00:00:00+09:00,21100.0,21275.0,20821.0,20961.0,445870.0
2021-11-10 00:00:00+09:00,20925.0,21030.0,20262.0,20332.0,658621.0
2021-11-11 00:00:00+09:00,19913.0,20192.0,19773.0,20053.0,675854.0
2021-11-12 00:00:00+09:00,20052.0,20401.0,19877.0,20262.0,522010.0
2021-11-15 00:00:00+09:00,20367.0,20367.0,19843.0,19983.0,726593.0
2021-11-16 00:00:00+09:00,19947.0,19947.0,19318.0,19598.0,739139.0
2021-11-17 00:00:00+09:00,19528.0,19668.0,19074.0,19214.0,625061.0
2021-11-18 00:00:00+09:00,19214.0,19283.0,18620.0,18725.0,722188.0
2021-11-19 00:00:00+09:00,18690.0,19109.0,18550.0,18900.0,444146.0
2021-11-22 00:00:00+09:00,18759.0,18899.0,18515.0,18725.0,504698.0
2021-11-23 00:00:00+09:00,18584.0,19108.0,18445.0,19074.0,345086.0
2021-11-24 00:00:00+09:00,19004.0,19004.0,18236.0,18271.0,732540.0
2021-11-25 00:00:00+09:00,18166.0,18236.0,17537.0,17712.0,766534.0
2021-11-26 00:00:00+09:00,17607.0,17642.0,16804.0,16804.0,928681.0
2021-11-29 00:00:00+09:00,16069.0,16559.0,15860.0,16035.0,1094918.0
2021-11-30 00:00:00+09:00,16105.0,16419.0,15231.0,15651.0,726686.0
2021-12-01 00:00:00+09:00,15650.0,15999.0,15161.0,15965.0,627879.0
2021-12-02 00:00:00+09:00,15651.0,16349.0,15266.0,16280.0,494645.0
2021-12-03 00:00:00+09:00,16489.0,17013.0,16349.0,16594.0,517707.0
2021-12-06 00:00:00+09:00,16349.0,16593.0,15790.0,16559.0,362025.0
2021-12-07 00:00:00+09:00,16838.0,17152.0,16628.0,16873.0,461620.0
2021-12-08 00:00:00+09:00,17012.0,17047.0,16733.0,16838.0,322229.0
2021-12-09 00:00:00+09:00,16873.0,17642.0,16838.0,17642.0,630737.0
2021-12-10 00:00:00+09:00,17571.0,17571.0,17117.0,17502.0,265808.0
2021-12-13 00:00:00+09:00,17467.0,17467.0,17013.0,17293.0,344987.0
2021-12-14 00:00:00+09:00,17047.0,17152.0,16873.0,16908.0,188728.0
2021-12-15 00:00:00+09:00,16907.0,17222.0,16663.0,16838.0,203418.0
2021-12-16 00:00:00+09:00,16873.0,16943.0,16594.0,16734.0,186713.0
2021-12-17 00:00:00+09:00,16698.0,17118.0,16454.0,17118.0,195356.0
2021-12-20 00:00:00+09:00,17118.0,17187.0,16489.0,16594.0,211156.0
2021-12-21 00:00:00+09:00,16524.0,16803.0,16454.0,16664.0,152009.0
2021-12-22 00:00:00+09:00,16803.0,17327.0,16803.0,17118.0,269319.0
2021-12-23 00:00:00+09:00,17327.0,17362.0,16908.0,17083.0,186583.0
2021-12-24 00:00:00+09:00,17188.0,17397.0,17118.0,17188.0,223871.0
2021-12-27 00:00:00+09:00,17187.0,17222.0,16978.0,17118.0,166092.0
2021-12-28 00:00:00+09:00,17327.0,17537.0,17047.0,17537.0,338930.0
2021-12-29 00:00:00+09:00,17466.0,17711.0,17257.0,17432.0,216934.0
2021-12-30 00:00:00+09:00,17502.0,17676.0,17327.0,17502.0,273949.0
2022-01-03 00:00:00+09:00,17502.0,17711.0,17397.0,17572.0,183590.0
2022-01-04 00:00:00+09:00,17572.0,17572.0,17258.0,17363.0,193567.0
2022-01-05 00:00:00+09:00,17362.0,17362.0,16943.0,17013.0,250479.0
2022-01-06 00:00:00+09:00,16838.0,16942.0,16698.0,16908.0,236586.0
2022-01-07 00:00:00+09:00,16908.0,17152.0,16803.0,17048.0,169413.0
2022-01-10 00:00:00+09:00,17082.0,17117.0,16628.0,16873.0,157529.0
2022-01-11 00:00:00+09:00,16734.0,16978.0,16559.0,16804.0,172332.0
2022-01-12 00:00:00+09:00,16838.0,17153.0,16733.0,17153.0,187463.0
2022-01-13 00:00:00+09:00,17082.0,17676.0,17047.0,17397.0,399858.0
2022-01-14 00:00:00+09:00,17257.0,17397.0,16943.0,17013.0,217314.0
2022-01-17 00:00:00+09:00,17118.0,17118.0,16699.0,16804.0,172570.0
2022-01-18 00:00:00+09:00,16978.0,17187.0,16559.0,16629.0,140434.0
2022-01-19 00:00:00+09:00,16244.0,16803.0,16174.0,16454.0,273109.0
2022-01-20 00:00:00+09:00,16279.0,16942.0,16279.0,16873.0,190667.0
2022-01-21 00:00:00+09:00,16454.0,16838.0,16419.0,16769.0,153821.0
2022-01-24 00:00:00+09:00,16733.0,16768.0,16000.0,16035.0,245498.0
2022-01-25 00:00:00+09:00,15930.0,16035.0,14952.0,15022.0,435479.0
2022-01-26 00:00:00+09:00,14916.0,15021.0,14532.0,14707.0,306714.0
2022-01-27 00:00:00+09:00,14672.0,14707.0,13869.0,13939.0,433417.0
2022-01-28 00:00:00+09:00,13868.0,14986.0,13834.0,14917.0,375326.0
2022-02-03 00:00:00+09:00,15405.0,15510.0,14986.0,15196.0,282616.0
2022-02-04 00:00:00+09:00,14882.0,17711.0,14847.0,17048.0,999763.0
2022-02-07 00:00:00+09:00,16803.0,17327.0,16454.0,16664.0,692380.0
2022-02-08 00:00:00+09:00,16768.0,17536.0,16768.0,16873.0,683710.0
2022-02-09 00:00:00+09:00,16978.0,17397.0,16978.0,17013.0,292291.0
2022-02-10 00:00:00+09:00,17362.0,17397.0,16978.0,17013.0,405186.0
2022-02-11 00:00:00+09:00,16628.0,17676.0,16558.0,17048.0,727123.0
2022-02-14 00:00:00+09:00,16698.0,17187.0,16558.0,16838.0,378550.0
2022-02-15 00:00:00+09:00,16838.0,17047.0,16209.0,16419.0,461108.0
2022-02-16 00:00:00+09:00,16768.0,16872.0,16558.0,16838.0,309463.0
2022-02-17 00:00:00+09:00,16873.0,18236.0,16803.0,17852.0,1934838.0
2022-02-18 00:00:00+09:00,17607.0,17956.0,17572.0,17817.0,582862.0
2022-02-21 00:00:00+09:00,17572.0,18166.0,17397.0,18166.0,622088.0
2022-02-22 00:00:00+09:00,17816.0,18165.0,17746.0,17956.0,480143.0
2022-02-23 00:00:00+09:00,18026.0,18236.0,17572.0,17887.0,416573.0
2022-02-24 00:00:00+09:00,17677.0,17747.0,17118.0,17363.0,516837.0
2022-02-25 00:00:00+09:00,17746.0,17851.0,17362.0,17572.0,388511.0
2022-02-28 00:00:00+09:00,17502.0,18410.0,17362.0,18061.0,540799.0
2022-03-02 00:00:00+09:00,18026.0,18375.0,17747.0,18306.0,492143.0
2022-03-03 00:00:00+09:00,18445.0,18480.0,18166.0,18341.0,389802.0
2022-03-04 00:00:00+09:00,18410.0,18410.0,18061.0,18376.0,274353.0
2022-03-07 00:00:00+09:00,18236.0,18236.0,17782.0,17887.0,307024.0
2022-03-08 00:00:00+09:00,17467.0,17746.0,17013.0,17048.0,491044.0
2022-03-10 00:00:00+09:00,17432.0,17921.0,17362.0,17887.0,366162.0
2022-03-11 00:00:00+09:00,17921.0,18584.0,17641.0,18515.0,679577.0
2022-03-14 00:00:00+09:00,18410.0,18724.0,17991.0,18026.0,473552.0
2022-03-15 00:00:00+09:00,18025.0,18794.0,17816.0,18480.0,535733.0
2022-03-16 00:00:00+09:00,18934.0,19632.0,18549.0,19598.0,1689092.0
2022-03-17 00:00:00+09:00,19842.0,19877.0,19318.0,19633.0,861262.0
2022-03-18 00:00:00+09:00,19493.0,19528.0,18725.0,18900.0,929266.0
2022-03-21 00:00:00+09:00,19004.0,19423.0,18655.0,18865.0,636585.0
2022-03-22 00:00:00+09:00,18864.0,19108.0,18654.0,19004.0,330028.0
2022-03-23 00:00:00+09:00,19179.0,19179.0,18515.0,18795.0,557735.0
2022-03-24 00:00:00+09:00,18690.0,18829.0,18410.0,18795.0,375879.0
2022-03-25 00:00:00+09:00,18899.0,19039.0,18585.0,18830.0,291247.0
2022-03-28 00:00:00+09:00,18864.0,19283.0,18619.0,19144.0,452342.0
2022-03-29 00:00:00+09:00,19424.0,19703.0,19144.0,19459.0,654342.0
2022-03-30 00:00:00+09:00,19598.0,19842.0,19144.0,19214.0,585290.0
2022-03-31 00:00:00+09:00,19214.0,19388.0,19004.0,19284.0,251061.0
2022-04-01 00:00:00+09:00,19248.0,19702.0,18969.0,19598.0,534036.0
2022-04-04 00:00:00+09:00,19982.0,19982.0,19738.0,19948.0,540325.0
2022-04-05 00:00:00+09:00,19738.0,19912.0,19598.0,19843.0,341489.0
2022-04-06 00:00:00+09:00,19738.0,19808.0,19494.0,19529.0,336942.0
2022-04-07 00:00:00+09:00,19354.0,19633.0,18760.0,18865.0,549542.0
2022-04-08 00:00:00+09:00,18899.0,18969.0,18410.0,18865.0,359701.0
2022-04-11 00:00:00+09:00,19109.0,19528.0,19039.0,19249.0,445445.0
2022-04-12 00:00:00+09:00,18934.0,19143.0,18689.0,19109.0,317101.0
2022-04-13 00:00:00+09:00,19039.0,19109.0,18724.0,19109.0,306946.0
2022-04-14 00:00:00+09:00,19179.0,19633.0,19074.0,19459.0,496975.0
2022-04-15 00:00:00+09:00,19877.0,20296.0,19598.0,19598.0,1773625.0
2022-04-18 00:00:00+09:00,19878.0,20821.0,19808.0,19913.0,2141506.0
2022-04-19 00:00:00+09:00,19948.0,20018.0,19424.0,19494.0,707582.0
2022-04-20 00:00:00+09:00,19632.0,19807.0,19248.0,19598.0,490234.0
2022-04-21 00:00:00+09:00,19598.0,19598.0,19179.0,19389.0,388332.0
2022-04-22 00:00:00+09:00,19353.0,19702.0,19004.0,19563.0,405962.0
2022-04-25 00:00:00+09:00,19598.0,19633.0,18865.0,18865.0,510358.0
2022-04-26 00:00:00+09:00,19074.0,19563.0,18934.0,19459.0,353319.0
2022-04-27 00:00:00+09:00,19004.0,19563.0,18969.0,19494.0,398325.0
2022-04-28 00:00:00+09:00,19528.0,19633.0,19074.0,19214.0,271214.0
2022-04-29 00:00:00+09:00,19388.0,19668.0,19214.0,19284.0,397372.0
2022-05-02 00:00:00+09:00,19213.0,19458.0,18969.0,19179.0,352703.0
2022-05-03 00:00:00+09:00,19213.0,19318.0,19039.0,19074.0,256101.0
2022-05-04 00:00:00+09:00,19109.0,19179.0,18725.0,18760.0,322865.0
2022-05-06 00:00:00+09:00,18480.0,19249.0,18410.0,19249.0,438198.0
2022-05-09 00:00:00+09:00,19249.0,19493.0,18725.0,18760.0,490384.0
2022-05-10 00:00:00+09:00,18375.0,18619.0,17886.0,18550.0,478281.0
2022-05-11 00:00:00+09:00,18480.0,18725.0,18096.0,18236.0,293369.0
2022-05-12 00:00:00+09:00,17817.0,18096.0,17363.0,17363.0,472493.0
2022-05-13 00:00:00+09:00,17362.0,18166.0,17362.0,18166.0,352913.0
2022-05-16 00:00:00+09:00,18480.0,18934.0,18410.0,18725.0,382897.0
2022-05-17 00:00:00+09:00,18690.0,18829.0,18620.0,18760.0,197786.0
2022-05-18 00:00:00+09:00,18934.0,18934.0,18236.0,18341.0,258498.0
2022-05-19 00:00:00+09:00,17921.0,18410.0,17851.0,18341.0,222598.0
2022-05-20 00:00:00+09:00,18445.0,18725.0,18270.0,18725.0,253911.0
2022-05-23 00:00:00+09:00,18934.0,19283.0,18794.0,19179.0,626289.0
2022-05-24 00:00:00+09:00,19179.0,19318.0,18655.0,18690.0,368097.0
2022-05-25 00:00:00+09:00,18690.0,18724.0,18131.0,18166.0,618231.0
2022-05-26 00:00:00+09:00,18201.0,18375.0,17712.0,17817.0,424635.0
2022-05-27 00:00:00+09:00,17956.0,18165.0,17886.0,18096.0,282061.0
2022-05-30 00:00:00+09:00,18584.0,20191.0,18514.0,19563.0,2934156.0
2022-05-31 00:00:00+09:00,19633.0,20157.0,19109.0,19319.0,2507433.0
2022-06-02 00:00:00+09:00,18620.0,18934.0,18340.0,18865.0,1252645.0
2022-06-03 00:00:00+09:00,19004.0,19074.0,18340.0,18655.0,862301.0
2022-06-07 00:00:00+09:00,18794.0,18794.0,18445.0,18585.0,576395.0
2022-06-08 00:00:00+09:00,18585.0,18865.0,18445.0,18865.0,494485.0
2022-06-09 00:00:00+09:00,18760.0,19424.0,18655.0,19424.0,1674089.0
2022-06-10 00:00:00+09:00,19074.0,19773.0,19039.0,19529.0,896600.0
2022-06-13 00:00:00+09:00,19319.0,19738.0,18900.0,18935.0,950880.0
2022-06-14 00:00:00+09:00,18619.0,18724.0,18235.0,18550.0,666590.0
2022-06-15 00:00:00+09:00,18584.0,18794.0,17711.0,17921.0,569218.0
2022-06-16 00:00:00+09:00,18305.0,18410.0,17537.0,17607.0,367102.0
2022-06-17 00:00:00+09:00,17013.0,17327.0,16908.0,17153.0,463214.0
2022-06-20 00:00:00+09:00,17327.0,17467.0,16244.0,16489.0,414010.0
2022-06-21 00:00:00+09:00,16488.0,16977.0,16314.0,16908.0,261226.0
2022-06-22 00:00:00+09:00,17013.0,17187.0,15371.0,15441.0,684242.0
2022-06-23 00:00:00+09:00,15510.0,15790.0,14288.0,14358.0,857524.0
2022-06-24 00:00:00+09:00,14392.0,15300.0,14392.0,15196.0,475398.0
2022-06-27 00:00:00+09:00,15476.0,16349.0,15476.0,16105.0,481637.0
2022-06-28 00:00:00+09:00,15999.0,16069.0,15720.0,15930.0,249264.0
2022-06-29 00:00:00+09:00,15615.0,16139.0,15615.0,16035.0,181655.0
2022-06-30 00:00:00+09:00,16140.0,16524.0,15895.0,16245.0,297979.0
2022-07-01 00:00:00+09:00,16209.0,16418.0,15615.0,15860.0,239584.0
2022-07-04 00:00:00+09:00,15755.0,15860.0,14637.0,14987.0,638856.0
2022-07-05 00:00:00+09:00,14986.0,15511.0,14986.0,15511.0,338901.0
2022-07-06 00:00:00+09:00,15440.0,15720.0,15021.0,15231.0,283507.0
2022-07-07 00:00:00+09:00,15336.0,15475.0,15161.0,15441.0,194230.0
2022-07-08 00:00:00+09:00,15440.0,15545.0,15091.0,15336.0,282106.0
2022-07-11 00:00:00+09:00,15336.0,15371.0,14777.0,14917.0,371808.0
2022-07-12 00:00:00+09:00,14637.0,14707.0,14078.0,14393.0,442221.0
2022-07-13 00:00:00+09:00,14358.0,14952.0,14323.0,14952.0,294110.0
2022-07-14 00:00:00+09:00,14742.0,15091.0,14602.0,14812.0,220119.0
2022-07-15 00:00:00+09:00,15022.0,15022.0,14253.0,14498.0,272300.0
2022-07-18 00:00:00+09:00,14532.0,14811.0,14532.0,14742.0,210893.0
2022-07-19 00:00:00+09:00,14707.0,14777.0,14498.0,14498.0,256421.0
2022-07-20 00:00:00+09:00,14812.0,14882.0,14463.0,14533.0,307787.0
2022-07-21 00:00:00+09:00,14637.0,15091.0,14602.0,15022.0,407757.0
2022-07-22 00:00:00+09:00,15091.0,15161.0,14777.0,14812.0,176215.0
2022-07-25 00:00:00+09:00,14812.0,15091.0,14777.0,14847.0,149366.0
2022-07-26 00:00:00+09:00,14672.0,14882.0,14323.0,14463.0,372128.0
2022-07-27 00:00:00+09:00,14462.0,14462.0,14078.0,14288.0,362231.0
2022-07-28 00:00:00+09:00,14427.0,14567.0,14218.0,14323.0,284181.0
2022-07-29 00:00:00+09:00,14428.0,14637.0,14393.0,14533.0,258073.0
2022-08-01 00:00:00+09:00,14567.0,14637.0,14428.0,14428.0,189140.0
2022-08-02 00:00:00+09:00,14497.0,14532.0,14323.0,14358.0,154763.0
2022-08-03 00:00:00+09:00,14462.0,14742.0,14357.0,14742.0,248203.0
2022-08-04 00:00:00+09:00,14812.0,15196.0,14777.0,15162.0,487373.0
2022-08-05 00:00:00+09:00,15301.0,15405.0,15021.0,15301.0,402693.0
2022-08-08 00:00:00+09:00,15231.0,15371.0,14882.0,15092.0,333897.0
2022-08-09 00:00:00+09:00,14882.0,15091.0,14812.0,14987.0,263141.0
2022-08-10 00:00:00+09:00,14916.0,14951.0,14672.0,14742.0,190002.0
2022-08-11 00:00:00+09:00,14917.0,15162.0,14882.0,15162.0,283843.0
2022-08-12 00:00:00+09:00,15161.0,15196.0,14987.0,15127.0,172133.0
2022-08-16 00:00:00+09:00,15301.0,15301.0,15022.0,15057.0,215849.0
2022-08-17 00:00:00+09:00,14917.0,15091.0,14882.0,14952.0,129226.0
2022-08-18 00:00:00+09:00,14952.0,14987.0,14952.0,14987.0,130312.0
2022-08-19 00:00:00+09:00,14986.0,15021.0,14707.0,14742.0,169968.0
2022-08-22 00:00:00+09:00,14602.0,14672.0,14393.0,14533.0,141264.0
2022-08-23 00:00:00+09:00,14323.0,14567.0,14288.0,14358.0,154909.0
2022-08-24 00:00:00+09:00,14357.0,14462.0,13973.0,14218.0,371710.0
2022-08-25 00:00:00+09:00,14393.0,14672.0,14253.0,14568.0,180570.0
2022-08-26 00:00:00+09:00,14603.0,14777.0,14463.0,14638.0,160249.0
2022-08-29 00:00:00+09:00,14183.0,14322.0,14078.0,14218.0,175183.0
2022-08-30 00:00:00+09:00,14218.0,14497.0,14218.0,14463.0,122599.0
2022-08-31 00:00:00+09:00,14358.0,14497.0,14183.0,14358.0,170987.0
2022-09-01 00:00:00+09:00,14183.0,14323.0,13974.0,14009.0,218520.0
2022-09-02 00:00:00+09:00,14043.0,14253.0,13904.0,14009.0,167246.0
2022-09-05 00:00:00+09:00,13869.0,14148.0,13485.0,13520.0,303836.0
2022-09-06 00:00:00+09:00,13589.0,13868.0,13589.0,13764.0,134437.0
2022-09-07 00:00:00+09:00,13624.0,13834.0,13275.0,13834.0,261539.0
2022-09-08 00:00:00+09:00,13903.0,13973.0,13589.0,13589.0,168034.0
2022-09-13 00:00:00+09:00,13974.0,14113.0,13834.0,13974.0,217301.0
2022-09-14 00:00:00+09:00,13450.0,13694.0,13380.0,13555.0,218109.0
2022-09-15 00:00:00+09:00,13589.0,13659.0,13415.0,13450.0,135280.0
2022-09-16 00:00:00+09:00,13379.0,13449.0,13030.0,13135.0,242513.0
2022-09-19 00:00:00+09:00,13065.0,13205.0,12716.0,12786.0,221601.0
2022-09-20 00:00:00+09:00,12891.0,13100.0,12786.0,12961.0,142868.0
2022-09-21 00:00:00+09:00,12926.0,13345.0,12786.0,12926.0,146204.0
2022-09-22 00:00:00+09:00,12716.0,12716.0,12087.0,12192.0,453608.0
2022-09-23 00:00:00+09:00,12052.0,12122.0,11493.0,11808.0,431536.0
2022-09-26 00:00:00+09:00,11772.0,11842.0,11004.0,11109.0,391511.0
2022-09-27 00:00:00+09:00,11004.0,11283.0,10829.0,11039.0,337887.0
2022-09-28 00:00:00+09:00,10899.0,11109.0,10340.0,10585.0,456890.0
2022-09-29 00:00:00+09:00,10759.0,11178.0,10409.0,10410.0,315508.0
2022-09-30 00:00:00+09:00,10200.0,10584.0,10130.0,10410.0,250254.0
2022-10-04 00:00:00+09:00,10550.0,10724.0,10480.0,10655.0,133018.0
2022-10-05 00:00:00+09:00,10829.0,10934.0,10270.0,10515.0,227392.0
2022-10-06 00:00:00+09:00,10515.0,10759.0,10480.0,10620.0,90811.0
2022-10-07 00:00:00+09:00,10480.0,10724.0,10480.0,10550.0,105257.0
2022-10-11 00:00:00+09:00,10340.0,10445.0,9747.0,9747.0,306440.0
2022-10-12 00:00:00+09:00,9711.0,9920.0,9676.0,9781.0,156181.0
2022-10-13 00:00:00+09:00,9642.0,10270.0,9222.0,9712.0,392802.0
2022-10-14 00:00:00+09:00,9816.0,9921.0,9572.0,9607.0,449914.0
2022-10-17 00:00:00+09:00,9362.0,9607.0,9222.0,9607.0,169891.0
2022-10-18 00:00:00+09:00,9746.0,9851.0,9572.0,9712.0,210495.0
2022-10-19 00:00:00+09:00,9816.0,10061.0,9537.0,9537.0,356069.0
2022-10-20 00:00:00+09:00,9536.0,9641.0,9257.0,9397.0,155589.0
2022-10-21 00:00:00+09:00,9326.0,9466.0,9257.0,9257.0,114433.0
2022-10-24 00:00:00+09:00,9396.0,9536.0,9257.0,9292.0,143549.0
2022-10-25 00:00:00+09:00,9222.0,9361.0,9152.0,9257.0,177022.0
2022-10-26 00:00:00+09:00,9397.0,9432.0,9118.0,9188.0,165017.0
2022-10-27 00:00:00+09:00,9117.0,9466.0,8698.0,9432.0,184161.0
2022-10-28 00:00:00+09:00,9431.0,9571.0,9327.0,9397.0,137917.0
2022-10-31 00:00:00+09:00,9501.0,9501.0,9327.0,9432.0,90170.0
2022-11-01 00:00:00+09:00,9502.0,9711.0,9397.0,9642.0,115767.0
2022-11-02 00:00:00+09:00,9641.0,9990.0,9571.0,9851.0,239051.0
2022-11-03 00:00:00+09:00,9572.0,9816.0,9572.0,9712.0,121380.0
2022-11-04 00:00:00+09:00,9676.0,10130.0,9676.0,10096.0,224039.0
2022-11-07 00:00:00+09:00,10130.0,10444.0,10130.0,10410.0,265141.0
2022-11-08 00:00:00+09:00,10550.0,10724.0,10480.0,10585.0,278609.0
2022-11-09 00:00:00+09:00,10480.0,10654.0,10445.0,10550.0,279227.0
2022-11-10 00:00:00+09:00,10514.0,10934.0,10375.0,10934.0,290475.0
2022-11-11 00:00:00+09:00,11213.0,11248.0,10899.0,10969.0,381304.0
2022-11-14 00:00:00+09:00,11108.0,11248.0,10969.0,11074.0,389827.0
2022-11-15 00:00:00+09:00,11108.0,11213.0,10934.0,11039.0,233811.0
2022-11-16 00:00:00+09:00,11038.0,11667.0,11038.0,11528.0,483854.0
2022-11-17 00:00:00+09:00,11528.0,11667.0,11353.0,11563.0,258860.0
2022-11-18 00:00:00+09:00,11562.0,11807.0,11458.0,11458.0,182684.0
2022-11-21 00:00:00+09:00,11458.0,11598.0,10480.0,11179.0,232358.0
2022-11-22 00:00:00+09:00,10969.0,11143.0,10829.0,10969.0,107885.0
2022-11-23 00:00:00+09:00,11493.0,11598.0,11179.0,11319.0,239398.0
2022-11-24 00:00:00+09:00,11527.0,12890.0,11423.0,12506.0,1340462.0
2022-11-25 00:00:00+09:00,12471.0,12541.0,12052.0,12052.0,341071.0
2022-11-28 00:00:00+09:00,12087.0,12332.0,11913.0,11913.0,360525.0
2022-11-29 00:00:00+09:00,11808.0,12437.0,11668.0,12437.0,390805.0
2022-11-30 00:00:00+09:00,12331.0,12401.0,12157.0,12262.0,254967.0
2022-12-01 00:00:00+09:00,12576.0,12576.0,12192.0,12262.0,255527.0
2022-12-02 00:00:00+09:00,12331.0,12436.0,12157.0,12262.0,227182.0
2022-12-05 00:00:00+09:00,12506.0,13100.0,12471.0,12926.0,708467.0
2022-12-06 00:00:00+09:00,12821.0,13135.0,12646.0,12961.0,391328.0
2022-12-07 00:00:00+09:00,12926.0,13624.0,12681.0,13555.0,577941.0
2022-12-08 00:00:00+09:00,13764.0,13799.0,13764.0,13799.0,844572.0
2022-12-09 00:00:00+09:00,14113.0,14637.0,13764.0,14428.0,1423909.0
2022-12-12 00:00:00+09:00,14603.0,15127.0,14533.0,14638.0,1256714.0
2022-12-13 00:00:00+09:00,14672.0,14672.0,13344.0,13694.0,1542770.0
2022-12-14 00:00:00+09:00,13729.0,13799.0,12925.0,13450.0,690823.0
2022-12-15 00:00:00+09:00,13449.0,13484.0,12716.0,12821.0,705743.0
2022-12-16 00:00:00+09:00,12471.0,13134.0,12436.0,13100.0,566509.0
2022-12-19 00:00:00+09:00,13134.0,13414.0,12436.0,12506.0,633104.0
2022-12-20 00:00:00+09:00,12471.0,12576.0,11947.0,12122.0,540827.0
2022-12-21 00:00:00+09:00,12191.0,12226.0,11772.0,12017.0,325880.0
2022-12-22 00:00:00+09:00,12122.0,12471.0,11947.0,12402.0,306549.0
2022-12-23 00:00:00+09:00,12192.0,12541.0,12157.0,12297.0,215816.0
2022-12-26 00:00:00+09:00,12367.0,12471.0,11773.0,11878.0,250022.0
2022-12-27 00:00:00+09:00,11737.0,12121.0,11737.0,11947.0,169657.0
2022-12-28 00:00:00+09:00,11877.0,12366.0,11877.0,12332.0,201628.0
2022-12-29 00:00:00+09:00,12157.0,12332.0,11808.0,11843.0,218710.0
2023-01-02 00:00:00+09:00,11808.0,12122.0,11458.0,11913.0,243576.0
2023-01-03 00:00:00+09:00,11702.0,12121.0,11702.0,11947.0,161731.0
2023-01-04 00:00:00+09:00,11981.0,12086.0,11772.0,11947.0,110378.0
2023-01-05 00:00:00+09:00,11947.0,12296.0,11807.0,12017.0,145114.0
2023-01-06 00:00:00+09:00,11842.0,12156.0,11807.0,12017.0,138444.0
2023-01-09 00:00:00+09:00,12157.0,12681.0,12122.0,12402.0,285734.0
2023-01-10 00:00:00+09:00,12506.0,12611.0,12297.0,12472.0,156439.0
2023-01-11 00:00:00+09:00,12506.0,12926.0,12471.0,12926.0,252719.0
2023-01-12 00:00:00+09:00,12890.0,12890.0,12471.0,12541.0,320505.0
2023-01-13 00:00:00+09:00,12610.0,12680.0,12436.0,12541.0,183314.0
2023-01-16 00:00:00+09:00,12646.0,12960.0,12576.0,12751.0,257293.0
2023-01-17 00:00:00+09:00,12716.0,12855.0,12576.0,12786.0,146861.0
2023-01-18 00:00:00+09:00,12856.0,13030.0,12786.0,12891.0,190176.0
2023-01-19 00:00:00+09:00,12785.0,13169.0,12680.0,13030.0,271668.0
2023-01-20 00:00:00+09:00,13100.0,13135.0,12821.0,12996.0,168276.0
2023-01-25 00:00:00+09:00,13065.0,13240.0,12660.0,12737.0,324674.0
2023-01-26 00:00:00+09:00,12744.0,12981.0,12744.0,12940.0,192282.0
2023-01-27 00:00:00+09:00,12995.0,13057.0,12827.0,13044.0,211934.0
2023-01-30 00:00:00+09:00,13072.0,13442.0,12953.0,13275.0,448844.0
2023-01-31 00:00:00+09:00,13289.0,13386.0,13037.0,13324.0,185000.0
2023-02-01 00:00:00+09:00,13415.0,13575.0,13282.0,13457.0,236930.0
2023-02-02 00:00:00+09:00,13610.0,13624.0,13394.0,13513.0,162647.0
2023-02-03 00:00:00+09:00,13491.0,13526.0,13282.0,13485.0,188399.0
2023-02-06 00:00:00+09:00,13428.0,13833.0,13344.0,13736.0,322002.0
2023-02-07 00:00:00+09:00,13743.0,13792.0,13548.0,13555.0,192216.0
2023-02-08 00:00:00+09:00,13575.0,13750.0,13478.0,13506.0,183826.0
2023-02-09 00:00:00+09:00,13505.0,13617.0,13275.0,13303.0,227987.0
2023-02-10 00:00:00+09:00,13345.0,13442.0,13135.0,13345.0,180710.0
2023-02-13 00:00:00+09:00,13338.0,13338.0,12779.0,12856.0,224202.0
2023-02-14 00:00:00+09:00,12988.0,13309.0,12974.0,13121.0,193862.0
2023-02-15 00:00:00+09:00,13121.0,13198.0,12793.0,12793.0,149168.0
2023-02-16 00:00:00+09:00,12800.0,12967.0,12751.0,12835.0,145327.0
2023-02-17 00:00:00+09:00,12785.0,12806.0,12597.0,12639.0,146416.0
2023-02-20 00:00:00+09:00,12708.0,12708.0,12506.0,12569.0,161512.0
2023-02-21 00:00:00+09:00,12576.0,12646.0,12402.0,12472.0,175418.0
2023-02-22 00:00:00+09:00,12366.0,12436.0,12101.0,12199.0,166287.0
2023-02-23 00:00:00+09:00,12199.0,12464.0,12199.0,12381.0,132676.0
2023-02-24 00:00:00+09:00,12373.0,12436.0,12045.0,12115.0,148969.0
2023-02-27 00:00:00+09:00,12115.0,12122.0,11794.0,11815.0,182607.0
2023-02-28 00:00:00+09:00,11884.0,12136.0,11836.0,11836.0,150996.0
2023-03-02 00:00:00+09:00,12073.0,12227.0,11892.0,11934.0,106955.0
2023-03-03 00:00:00+09:00,11953.0,12086.0,11842.0,11947.0,115300.0
2023-03-06 00:00:00+09:00,11947.0,11947.0,11738.0,11871.0,130248.0
2023-03-07 00:00:00+09:00,11745.0,11863.0,11626.0,11794.0,247559.0
2023-03-08 00:00:00+09:00,11793.0,11793.0,11437.0,11465.0,246029.0
2023-03-09 00:00:00+09:00,11353.0,11843.0,11353.0,11843.0,214105.0
2023-03-10 00:00:00+09:00,11660.0,11660.0,11297.0,11458.0,296190.0
2023-03-13 00:00:00+09:00,11368.0,11389.0,10941.0,11389.0,247838.0
2023-03-14 00:00:00+09:00,11388.0,11388.0,10885.0,10892.0,196850.0
2023-03-15 00:00:00+09:00,10976.0,11074.0,10717.0,10718.0,230927.0
2023-03-16 00:00:00+09:00,10479.0,10703.0,10200.0,10389.0,204513.0
2023-03-17 00:00:00+09:00,10466.0,10724.0,10431.0,10592.0,205525.0
2023-03-20 00:00:00+09:00,10521.0,10794.0,10480.0,10501.0,131401.0
2023-03-21 00:00:00+09:00,10494.0,10696.0,10494.0,10529.0,123123.0
2023-03-22 00:00:00+09:00,10577.0,10584.0,10459.0,10536.0,120132.0
2023-03-23 00:00:00+09:00,10417.0,10787.0,10375.0,10704.0,245192.0
2023-03-24 00:00:00+09:00,10703.0,10703.0,10493.0,10494.0,199418.0
2023-03-27 00:00:00+09:00,10501.0,10626.0,10263.0,10585.0,143760.0
2023-03-28 00:00:00+09:00,10571.0,10780.0,10522.0,10697.0,151634.0
2023-03-29 00:00:00+09:00,10697.0,10850.0,10620.0,10788.0,133598.0
2023-03-30 00:00:00+09:00,10850.0,11045.0,10759.0,11032.0,154644.0
2023-03-31 00:00:00+09:00,11109.0,11109.0,10795.0,10837.0,200746.0
2023-04-03 00:00:00+09:00,10836.0,10850.0,10606.0,10648.0,151613.0
2023-04-04 00:00:00+09:00,10682.0,10899.0,10521.0,10899.0,185814.0
2023-04-05 00:00:00+09:00,10885.0,11088.0,10829.0,10830.0,211018.0
2023-04-06 00:00:00+09:00,10829.0,10829.0,10529.0,10543.0,166079.0
2023-04-07 00:00:00+09:00,10550.0,10612.0,10487.0,10571.0,102910.0
2023-04-10 00:00:00+09:00,10564.0,10564.0,10271.0,10299.0,224743.0
2023-04-11 00:00:00+09:00,10263.0,10423.0,10214.0,10347.0,205782.0
2023-04-12 00:00:00+09:00,10382.0,10640.0,10347.0,10613.0,223868.0
2023-04-13 00:00:00+09:00,10557.0,10851.0,10543.0,10851.0,200942.0
2023-04-14 00:00:00+09:00,10850.0,11066.0,10836.0,10934.0,195558.0
2023-04-17 00:00:00+09:00,10934.0,11039.0,10711.0,10774.0,172637.0
2023-04-18 00:00:00+09:00,10773.0,11136.0,10689.0,10969.0,287173.0
2023-04-19 00:00:00+09:00,11038.0,11038.0,10724.0,10969.0,168315.0
2023-04-20 00:00:00+09:00,10969.0,10969.0,10732.0,10732.0,167280.0
2023-04-21 00:00:00+09:00,10738.0,10745.0,10410.0,10683.0,155567.0
2023-04-24 00:00:00+09:00,10563.0,10668.0,10368.0,10417.0,172032.0
2023-04-25 00:00:00+09:00,10417.0,10752.0,10417.0,10515.0,171313.0
2023-04-26 00:00:00+09:00,10424.0,10815.0,10347.0,10690.0,170487.0
2023-04-27 00:00:00+09:00,10808.0,10808.0,10438.0,10543.0,144644.0
2023-04-28 00:00:00+09:00,10536.0,10683.0,10466.0,10683.0,160167.0
2023-05-02 00:00:00+09:00,10682.0,10682.0,10480.0,10655.0,136684.0
2023-05-03 00:00:00+09:00,10633.0,10780.0,10515.0,10515.0,142851.0
2023-05-04 00:00:00+09:00,10542.0,10549.0,10424.0,10459.0,82189.0
2023-05-08 00:00:00+09:00,10501.0,10605.0,10459.0,10515.0,93016.0
2023-05-09 00:00:00+09:00,10445.0,10633.0,10340.0,10494.0,138463.0
2023-05-10 00:00:00+09:00,10605.0,10605.0,10424.0,10487.0,97775.0
2023-05-11 00:00:00+09:00,10571.0,10801.0,10473.0,10732.0,189965.0
2023-05-12 00:00:00+09:00,10745.0,10759.0,10529.0,10585.0,95640.0
2023-05-15 00:00:00+09:00,10528.0,10591.0,10340.0,10522.0,98843.0
2023-05-16 00:00:00+09:00,10535.0,10689.0,10438.0,10459.0,104341.0
2023-05-17 00:00:00+09:00,10458.0,10563.0,10410.0,10452.0,96697.0
2023-05-18 00:00:00+09:00,10451.0,10528.0,10445.0,10445.0,90881.0
2023-05-19 00:00:00+09:00,10487.0,10522.0,10487.0,10522.0,118449.0
2023-05-22 00:00:00+09:00,10522.0,10647.0,10480.0,10592.0,161793.0
2023-05-23 00:00:00+09:00,10620.0,10675.0,10550.0,10620.0,98199.0
2023-05-24 00:00:00+09:00,10620.0,10752.0,10529.0,10690.0,135616.0
2023-05-25 00:00:00+09:00,10626.0,10682.0,10571.0,10571.0,85192.0
2023-05-26 00:00:00+09:00,10549.0,10591.0,10487.0,10508.0,83598.0
2023-05-30 00:00:00+09:00,10577.0,10996.0,10542.0,10983.0,364451.0
2023-05-31 00:00:00+09:00,10982.0,11052.0,10878.0,10899.0,245892.0
2023-06-01 00:00:00+09:00,11004.0,11304.0,10920.0,11284.0,374484.0
2023-06-02 00:00:00+09:00,11318.0,11360.0,11116.0,11291.0,234482.0
2023-06-05 00:00:00+09:00,11298.0,11382.0,10837.0,10844.0,483649.0
2023-06-07 00:00:00+09:00,10822.0,10885.0,10739.0,10746.0,178199.0
2023-06-08 00:00:00+09:00,10738.0,10738.0,10480.0,10480.0,266966.0
2023-06-09 00:00:00+09:00,10578.0,10620.0,10501.0,10620.0,158203.0
2023-06-12 00:00:00+09:00,10619.0,10619.0,10452.0,10557.0,174091.0
2023-06-13 00:00:00+09:00,10466.0,10535.0,10466.0,10494.0,170824.0
2023-06-14 00:00:00+09:00,10494.0,10528.0,10410.0,10501.0,171651.0
2023-06-15 00:00:00+09:00,10501.0,10508.0,10145.0,10173.0,316334.0
2023-06-16 00:00:00+09:00,10172.0,10319.0,9991.0,10047.0,243623.0
2023-06-19 00:00:00+09:00,10046.0,10081.0,9788.0,9879.0,235138.0
2023-06-20 00:00:00+09:00,9886.0,10158.0,9879.0,10131.0,254111.0
2023-06-21 00:00:00+09:00,8069.0,8698.0,7944.0,7993.0,4068366.0
2023-06-22 00:00:00+09:00,7678.0,7685.0,7336.0,7336.0,2008425.0
2023-06-23 00:00:00+09:00,7231.0,7231.0,6917.0,6952.0,1528995.0
2023-06-26 00:00:00+09:00,6846.0,6916.0,6525.0,6840.0,1189051.0
2023-06-27 00:00:00+09:00,6846.0,6979.0,6637.0,6700.0,613879.0
2023-06-28 00:00:00+09:00,6658.0,6839.0,6637.0,6791.0,455446.0
2023-06-29 00:00:00+09:00,6791.0,6791.0,6358.0,6386.0,729600.0
2023-06-30 00:00:00+09:00,6309.0,6553.0,6302.0,6498.0,402732.0
2023-07-03 00:00:00+09:00,6525.0,6657.0,6483.0,6567.0,315115.0
2023-07-04 00:00:00+09:00,6609.0,6609.0,6414.0,6505.0,225497.0
2023-07-05 00:00:00+09:00,6525.0,6525.0,6358.0,6372.0,223838.0
2023-07-06 00:00:00+09:00,6357.0,6364.0,6148.0,6176.0,429047.0
2023-07-07 00:00:00+09:00,6022.0,6147.0,5952.0,6078.0,340503.0
2023-07-10 00:00:00+09:00,6064.0,6371.0,6008.0,6288.0,326434.0
2023-07-11 00:00:00+09:00,6273.0,6566.0,6273.0,6560.0,313204.0
2023-07-12 00:00:00+09:00,6574.0,6616.0,6407.0,6505.0,245421.0
2023-07-13 00:00:00+09:00,6504.0,6574.0,6260.0,6463.0,729826.0
2023-07-14 00:00:00+09:00,6463.0,6532.0,6344.0,6498.0,274358.0
2023-07-17 00:00:00+09:00,6560.0,6769.0,6525.0,6735.0,544859.0
2023-07-18 00:00:00+09:00,6706.0,6706.0,6518.0,6546.0,241744.0
2023-07-19 00:00:00+09:00,6553.0,6692.0,6455.0,6672.0,179236.0
2023-07-20 00:00:00+09:00,6679.0,7196.0,6532.0,6805.0,914791.0
2023-07-21 00:00:00+09:00,6958.0,8159.0,6853.0,7615.0,5102853.0
2023-07-24 00:00:00+09:00,7546.0,7560.0,7029.0,7050.0,1012764.0
2023-07-25 00:00:00+09:00,7014.0,8802.0,6853.0,8174.0,4912515.0
2023-07-26 00:00:00+09:00,7985.0,8376.0,7517.0,7755.0,2183892.0
2023-07-27 00:00:00+09:00,7664.0,8370.0,7664.0,8140.0,1625066.0
2023-07-28 00:00:00+09:00,8600.0,10400.0,8500.0,8940.0,2705470.0
2023-07-31 00:00:00+09:00,9010.0,9380.0,8760.0,9300.0,645664.0
2023-08-01 00:00:00+09:00,9200.0,9230.0,8900.0,9040.0,394539.0
2023-08-02 00:00:00+09:00,9050.0,9270.0,8900.0,8980.0,289075.0
2023-08-03 00:00:00+09:00,8960.0,9010.0,8760.0,8780.0,231538.0
2023-08-04 00:00:00+09:00,8780.0,8950.0,8750.0,8890.0,152266.0
2023-08-07 00:00:00+09:00,8880.0,9190.0,8800.0,8930.0,243520.0
2023-08-08 00:00:00+09:00,9000.0,9000.0,8810.0,8840.0,141429.0
2023-08-09 00:00:00+09:00,8840.0,8980.0,8710.0,8820.0,159731.0
2023-08-10 00:00:00+09:00,8770.0,9240.0,8670.0,9150.0,536849.0
2023-08-11 00:00:00+09:00,9140.0,9140.0,8800.0,9000.0,219011.0
2023-08-14 00:00:00+09:00,8950.0,9050.0,8790.0,8960.0,132016.0
2023-08-16 00:00:00+09:00,8950.0,8950.0,8650.0,8800.0,123797.0
2023-08-17 00:00:00+09:00,8790.0,8790.0,8110.0,8310.0,252708.0
2023-08-18 00:00:00+09:00,8200.0,8200.0,7670.0,7730.0,580364.0
2023-08-21 00:00:00+09:00,8570.0,8630.0,7880.0,7950.0,636293.0
2023-08-22 00:00:00+09:00,7830.0,7920.0,7590.0,7640.0,264249.0
2023-08-23 00:00:00+09:00,7630.0,7640.0,7450.0,7510.0,241034.0
2023-08-24 00:00:00+09:00,7510.0,7630.0,7390.0,7470.0,249907.0
2023-08-25 00:00:00+09:00,7470.0,7520.0,7340.0,7410.0,118308.0
2023-08-28 00:00:00+09:00,7430.0,7540.0,7270.0,7500.0,101132.0
2023-08-29 00:00:00+09:00,7500.0,7560.0,7430.0,7470.0,120648.0
2023-08-30 00:00:00+09:00,7620.0,7820.0,7510.0,7520.0,323338.0
2023-08-31 00:00:00+09:00,7530.0,7940.0,7530.0,7860.0,481590.0
2023-09-01 00:00:00+09:00,7790.0,7790.0,7400.0,7410.0,310159.0
2023-09-04 00:00:00+09:00,7440.0,7460.0,7040.0,7070.0,392068.0
2023-09-05 00:00:00+09:00,7070.0,7160.0,6980.0,7050.0,317278.0
2023-09-06 00:00:00+09:00,6980.0,7000.0,6850.0,6910.0,307214.0
2023-09-07 00:00:00+09:00,6910.0,6910.0,6660.0,6750.0,273897.0
2023-09-08 00:00:00+09:00,6740.0,7050.0,6700.0,6980.0,259370.0
2023-09-11 00:00:00+09:00,7120.0,8470.0,7070.0,7780.0,1226332.0
2023-09-12 00:00:00+09:00,7820.0,8400.0,7820.0,7970.0,720730.0
2023-09-13 00:00:00+09:00,7980.0,8030.0,7510.0,7510.0,290561.0
2023-09-14 00:00:00+09:00,7500.0,7800.0,7500.0,7800.0,161811.0
2023-09-15 00:00:00+09:00,7800.0,7850.0,7270.0,7270.0,680719.0
2023-09-18 00:00:00+09:00,7270.0,7420.0,7230.0,7420.0,184954.0
2023-09-19 00:00:00+09:00,7440.0,7790.0,7380.0,7670.0,319847.0
2023-09-20 00:00:00+09:00,7700.0,7740.0,7500.0,7640.0,103406.0
2023-09-21 00:00:00+09:00,7630.0,7630.0,7350.0,7490.0,165421.0
2023-09-22 00:00:00+09:00,7480.0,7640.0,7350.0,7620.0,126991.0
2023-09-25 00:00:00+09:00,5750.0,5910.0,5660.0,5680.0,7863752.0
2023-09-26 00:00:00+09:00,5650.0,5660.0,5340.0,5370.0,3303398.0
2023-09-27 00:00:00+09:00,5350.0,5720.0,5160.0,5700.0,3586871.0
2023-10-04 00:00:00+09:00,5590.0,5630.0,5200.0,5330.0,2238772.0
2023-10-05 00:00:00+09:00,5350.0,5410.0,5230.0,5290.0,945374.0
2023-10-06 00:00:00+09:00,5250.0,5380.0,5240.0,5290.0,770549.0
2023-10-10 00:00:00+09:00,5280.0,5350.0,5080.0,5100.0,1023910.0
2023-10-11 00:00:00+09:00,5120.0,5210.0,5090.0,5180.0,764525.0
2023-10-12 00:00:00+09:00,5220.0,5370.0,5210.0,5290.0,583430.0
2023-10-13 00:00:00+09:00,5290.0,5330.0,5180.0,5220.0,395357.0
2023-10-16 00:00:00+09:00,5160.0,5170.0,5000.0,5030.0,764716.0
2023-10-17 00:00:00+09:00,5090.0,5200.0,5070.0,5150.0,420430.0
2023-10-18 00:00:00+09:00,5150.0,5180.0,5060.0,5120.0,400510.0
2023-10-19 00:00:00+09:00,5060.0,5070.0,4975.0,4990.0,909252.0
2023-10-20 00:00:00+09:00,4950.0,4970.0,4780.0,4865.0,685295.0
2023-10-23 00:00:00+09:00,4750.0,4820.0,4675.0,4700.0,709283.0
2023-10-24 00:00:00+09:00,4720.0,4940.0,4670.0,4940.0,549694.0
2023-10-25 00:00:00+09:00,4950.0,5220.0,4945.0,5140.0,671242.0
2023-10-26 00:00:00+09:00,5010.0,5090.0,4850.0,5010.0,723619.0
2023-10-27 00:00:00+09:00,4995.0,5130.0,4970.0,5110.0,454406.0
2023-10-30 00:00:00+09:00,5110.0,5330.0,5030.0,5250.0,712932.0
2023-10-31 00:00:00+09:00,5540.0,5540.0,5100.0,5120.0,2185670.0
2023-11-01 00:00:00+09:00,5160.0,5470.0,5140.0,5300.0,1006728.0
2023-11-02 00:00:00+09:00,5400.0,5410.0,5250.0,5340.0,700127.0
2023-11-03 00:00:00+09:00,5360.0,5450.0,5310.0,5410.0,759591.0
2023-11-06 00:00:00+09:00,5500.0,5630.0,5440.0,5590.0,1645009.0
2023-11-07 00:00:00+09:00,5590.0,5590.0,5350.0,5480.0,819649.0
2023-11-08 00:00:00+09:00,5500.0,5650.0,5210.0,5600.0,1065915.0
2023-11-09 00:00:00+09:00,5630.0,5660.0,5520.0,5620.0,721697.0
2023-11-10 00:00:00+09:00,5610.0,5620.0,5500.0,5540.0,492589.0
2023-11-13 00:00:00+09:00,5640.0,5770.0,5530.0,5540.0,1069590.0
2023-11-14 00:00:00+09:00,5560.0,5610.0,5450.0,5460.0,579456.0
2023-11-15 00:00:00+09:00,5520.0,5520.0,5300.0,5470.0,898690.0
2023-11-16 00:00:00+09:00,5480.0,5480.0,5410.0,5470.0,379105.0
2023-11-17 00:00:00+09:00,5470.0,5490.0,5410.0,5460.0,354838.0
2023-11-20 00:00:00+09:00,5460.0,5670.0,5420.0,5590.0,932934.0
2023-11-21 00:00:00+09:00,5560.0,5620.0,5550.0,5580.0,395657.0
2023-11-22 00:00:00+09:00,5580.0,5650.0,5520.0,5540.0,527376.0
2023-11-23 00:00:00+09:00,5570.0,5650.0,5550.0,5600.0,487453.0
2023-11-24 00:00:00+09:00,5600.0,5830.0,5560.0,5680.0,1404195.0
2023-11-27 00:00:00+09:00,5700.0,5860.0,5680.0,5760.0,1561157.0
2023-11-28 00:00:00+09:00,5780.0,5800.0,5590.0,5620.0,928915.0
2023-11-29 00:00:00+09:00,5620.0,5670.0,5530.0,5620.0,567635.0
2023-11-30 00:00:00+09:00,5620.0,5620.0,5520.0,5560.0,853270.0
2023-12-01 00:00:00+09:00,5560.0,5640.0,5460.0,5490.0,569041.0
2023-12-04 00:00:00+09:00,5500.0,5660.0,5490.0,5620.0,631668.0
2023-12-05 00:00:00+09:00,5620.0,5660.0,5530.0,5590.0,433696.0
2023-12-06 00:00:00+09:00,5630.0,5760.0,5600.0,5720.0,969306.0
2023-12-07 00:00:00+09:00,5760.0,5800.0,5640.0,5680.0,748982.0
2023-12-08 00:00:00+09:00,5700.0,5720.0,5610.0,5700.0,425691.0
2023-12-11 00:00:00+09:00,5720.0,5820.0,5650.0,5690.0,1079351.0
2023-12-12 00:00:00+09:00,5730.0,5770.0,5670.0,5740.0,642344.0
2023-12-13 00:00:00+09:00,5740.0,5740.0,5630.0,5710.0,498805.0
2023-12-14 00:00:00+09:00,5730.0,5750.0,5640.0,5640.0,591313.0
2023-12-15 00:00:00+09:00,5640.0,5720.0,5580.0,5680.0,825029.0
2023-12-18 00:00:00+09:00,5720.0,5820.0,5670.0,5680.0,810214.0
2023-12-19 00:00:00+09:00,5690.0,5720.0,5640.0,5680.0,506909.0
2023-12-20 00:00:00+09:00,5680.0,5760.0,5680.0,5730.0,923502.0
2023-12-21 00:00:00+09:00,5720.0,5790.0,5700.0,5770.0,825341.0
2023-12-22 00:00:00+09:00,5790.0,5790.0,5680.0,5710.0,656684.0
2023-12-26 00:00:00+09:00,5730.0,5760.0,5700.0,5730.0,817447.0
2023-12-27 00:00:00+09:00,5740.0,5750.0,5610.0,5700.0,592081.0
2023-12-28 00:00:00+09:00,5700.0,5790.0,5660.0,5780.0,876274.0
2024-01-02 00:00:00+09:00,5800.0,5960.0,5740.0,5900.0,1276145.0
2024-01-03 00:00:00+09:00,5880.0,6000.0,5830.0,5830.0,1040591.0
2024-01-04 00:00:00+09:00,5800.0,5830.0,5650.0,5670.0,840494.0
2024-01-05 00:00:00+09:00,5670.0,5730.0,5630.0,5640.0,557653.0
2024-01-08 00:00:00+09:00,5690.0,5810.0,5640.0,5740.0,539106.0
2024-01-09 00:00:00+09:00,5740.0,5760.0,5670.0,5690.0,409466.0
2024-01-10 00:00:00+09:00,5690.0,5690.0,5570.0,5600.0,495360.0
2024-01-11 00:00:00+09:00,5610.0,5630.0,5470.0,5500.0,657197.0
2024-01-12 00:00:00+09:00,5510.0,5530.0,5250.0,5410.0,818456.0
2024-01-15 00:00:00+09:00,5350.0,5520.0,5350.0,5500.0,452999.0
2024-01-16 00:00:00+09:00,5520.0,5550.0,5400.0,5410.0,493805.0
2024-01-17 00:00:00+09:00,5410.0,5450.0,5290.0,5300.0,602956.0
2024-01-18 00:00:00+09:00,5240.0,5370.0,5230.0,5320.0,317532.0
2024-01-19 00:00:00+09:00,5370.0,5440.0,5290.0,5310.0,279685.0
2024-01-22 00:00:00+09:00,5340.0,5360.0,5240.0,5260.0,380102.0
2024-01-23 00:00:00+09:00,5360.0,5520.0,5300.0,5440.0,678683.0
2024-01-24 00:00:00+09:00,5400.0,5480.0,5350.0,5390.0,241283.0
2024-01-25 00:00:00+09:00,5410.0,5670.0,5340.0,5590.0,642758.0
2024-01-26 00:00:00+09:00,5570.0,5640.0,5480.0,5550.0,493442.0
2024-01-29 00:00:00+09:00,5590.0,5640.0,5480.0,5580.0,447606.0
2024-01-30 00:00:00+09:00,5570.0,5640.0,5530.0,5540.0,427738.0
2024-01-31 00:00:00+09:00,5500.0,5540.0,5450.0,5520.0,369044.0
2024-02-01 00:00:00+09:00,5480.0,5560.0,5450.0,5540.0,300527.0
2024-02-02 00:00:00+09:00,5540.0,5600.0,5500.0,5550.0,425182.0
2024-02-05 00:00:00+09:00,5550.0,5610.0,5500.0,5600.0,360857.0
2024-02-06 00:00:00+09:00,5600.0,5720.0,5550.0,5560.0,960483.0
2024-02-07 00:00:00+09:00,5570.0,5670.0,5520.0,5660.0,523671.0
2024-02-08 00:00:00+09:00,5660.0,5700.0,5540.0,5570.0,721460.0
2024-02-13 00:00:00+09:00,5590.0,5620.0,5520.0,5540.0,483126.0
2024-02-14 00:00:00+09:00,5540.0,5570.0,5500.0,5520.0,356634.0
2024-02-15 00:00:00+09:00,5530.0,5550.0,5480.0,5510.0,338345.0
2024-02-16 00:00:00+09:00,5510.0,5590.0,5480.0,5580.0,315961.0
2024-02-19 00:00:00+09:00,5580.0,5710.0,5570.0,5640.0,633696.0
2024-02-20 00:00:00+09:00,5700.0,5720.0,5650.0,5680.0,472831.0
2024-02-21 00:00:00+09:00,5700.0,5740.0,5620.0,5650.0,506928.0
2024-02-22 00:00:00+09:00,5660.0,5680.0,5540.0,5560.0,362376.0
2024-02-23 00:00:00+09:00,5570.0,5600.0,5540.0,5600.0,228446.0
2024-02-26 00:00:00+09:00,5690.0,6000.0,5660.0,5920.0,3800013.0
2024-02-27 00:00:00+09:00,5940.0,5970.0,5720.0,5800.0,1459668.0
2024-02-28 00:00:00+09:00,5840.0,6150.0,5810.0,6050.0,2775828.0
2024-02-29 00:00:00+09:00,6100.0,6180.0,5980.0,6180.0,1784876.0
2024-03-04 00:00:00+09:00,6240.0,6300.0,5890.0,5930.0,2228419.0
2024-03-05 00:00:00+09:00,5900.0,5900.0,5760.0,5890.0,944237.0
2024-03-06 00:00:00+09:00,5870.0,5890.0,5770.0,5790.0,519432.0
2024-03-07 00:00:00+09:00,5820.0,5820.0,5600.0,5610.0,752234.0
2024-03-08 00:00:00+09:00,5600.0,5730.0,5490.0,5640.0,770303.0
2024-03-11 00:00:00+09:00,5710.0,5850.0,5660.0,5710.0,739587.0
2024-03-12 00:00:00+09:00,5710.0,5770.0,5590.0,5760.0,348465.0
2024-03-13 00:00:00+09:00,5740.0,5810.0,5690.0,5710.0,392210.0
2024-03-14 00:00:00+09:00,5730.0,5800.0,5700.0,5730.0,400649.0
2024-03-15 00:00:00+09:00,5720.0,5730.0,5630.0,5670.0,532944.0
2024-03-18 00:00:00+09:00,5670.0,5740.0,5610.0,5620.0,364462.0
2024-03-19 00:00:00+09:00,5690.0,5700.0,5610.0,5660.0,240170.0
2024-03-20 00:00:00+09:00,5660.0,5730.0,5610.0,5630.0,315091.0
2024-03-21 00:00:00+09:00,5630.0,5670.0,5600.0,5610.0,348028.0
2024-03-22 00:00:00+09:00,5620.0,5730.0,5600.0,5700.0,386050.0
2024-03-25 00:00:00+09:00,5710.0,5750.0,5620.0,5650.0,292518.0
2024-03-26 00:00:00+09:00,5690.0,5700.0,5640.0,5680.0,293003.0
2024-03-27 00:00:00+09:00,5670.0,5690.0,5580.0,5600.0,595962.0
2024-03-28 00:00:00+09:00,5610.0,5630.0,5550.0,5560.0,331136.0
2024-03-29 00:00:00+09:00,5560.0,5600.0,5530.0,5540.0,332244.0
2024-04-01 00:00:00+09:00,5550.0,5640.0,5500.0,5600.0,345021.0
2024-04-02 00:00:00+09:00,5630.0,5830.0,5600.0,5740.0,1100412.0
2024-04-03 00:00:00+09:00,5750.0,5850.0,5640.0,5670.0,488131.0
2024-04-04 00:00:00+09:00,5680.0,5770.0,5670.0,5730.0,440093.0
2024-04-05 00:00:00+09:00,5720.0,5720.0,5620.0,5640.0,363453.0
2024-04-08 00:00:00+09:00,5640.0,5680.0,5580.0,5600.0,336594.0
2024-04-09 00:00:00+09:00,5610.0,5650.0,5580.0,5600.0,256049.0
2024-04-11 00:00:00+09:00,5560.0,5670.0,5550.0,5640.0,283204.0
2024-04-12 00:00:00+09:00,5700.0,5740.0,5660.0,5670.0,435093.0
2024-04-15 00:00:00+09:00,5660.0,5700.0,5600.0,5680.0,294807.0
2024-04-16 00:00:00+09:00,5650.0,5770.0,5620.0,5690.0,568397.0
2024-04-17 00:00:00+09:00,5670.0,5720.0,5660.0,5670.0,275551.0
2024-04-18 00:00:00+09:00,5660.0,5820.0,5660.0,5720.0,539861.0
2024-04-19 00:00:00+09:00,5730.0,5810.0,5660.0,5790.0,738732.0
2024-04-22 00:00:00+09:00,5870.0,5900.0,5770.0,5800.0,641438.0
2024-04-23 00:00:00+09:00,5800.0,5890.0,5780.0,5860.0,527520.0
2024-04-24 00:00:00+09:00,5880.0,5890.0,5690.0,5690.0,1088258.0
2024-04-25 00:00:00+09:00,5690.0,5790.0,5690.0,5730.0,520964.0
2024-04-26 00:00:00+09:00,5750.0,5750.0,5680.0,5700.0,334262.0
2024-04-29 00:00:00+09:00,5730.0,5840.0,5730.0,5820.0,694545.0
2024-04-30 00:00:00+09:00,5830.0,5840.0,5710.0,5750.0,405510.0
2024-05-02 00:00:00+09:00,5760.0,5790.0,5720.0,5730.0,240258.0
2024-05-03 00:00:00+09:00,5790.0,5860.0,5730.0,5810.0,634225.0
2024-05-07 00:00:00+09:00,5860.0,5900.0,5800.0,5840.0,636305.0
2024-05-08 00:00:00+09:00,5860.0,5860.0,5780.0,5830.0,323851.0
2024-05-09 00:00:00+09:00,5860.0,5860.0,5800.0,5840.0,392628.0
2024-05-10 00:00:00+09:00,5840.0,6190.0,5820.0,6020.0,2428742.0
2024-05-13 00:00:00+09:00,5980.0,5990.0,5830.0,5850.0,1150894.0
2024-05-14 00:00:00+09:00,5880.0,6050.0,5780.0,5790.0,1080839.0
2024-05-16 00:00:00+09:00,5850.0,5870.0,5750.0,5750.0,596895.0
2024-05-17 00:00:00+09:00,5760.0,5810.0,5690.0,5690.0,459829.0
2024-05-20 00:00:00+09:00,5630.0,5710.0,5630.0,5680.0,479821.0
2024-05-21 00:00:00+09:00,5660.0,5710.0,5610.0,5620.0,522160.0
2024-05-22 00:00:00+09:00,5670.0,5720.0,5610.0,5630.0,384475.0
2024-05-23 00:00:00+09:00,5630.0,5700.0,5590.0,5640.0,254733.0
2024-05-24 00:00:00+09:00,5640.0,5690.0,5640.0,5660.0,229340.0
2024-05-27 00:00:00+09:00,5660.0,5720.0,5600.0,5640.0,512309.0
2024-05-28 00:00:00+09:00,5620.0,5660.0,5580.0,5620.0,275504.0
2024-05-29 00:00:00+09:00,5650.0,5680.0,5530.0,5550.0,503149.0
2024-05-30 00:00:00+09:00,5550.0,5590.0,5500.0,5530.0,286807.0
2024-05-31 00:00:00+09:00,5530.0,5670.0,5500.0,5670.0,292401.0
2024-06-03 00:00:00+09:00,5650.0,5700.0,5590.0,5640.0,308385.0
2024-06-04 00:00:00+09:00,5940.0,6090.0,5720.0,5720.0,2432242.0
2024-06-05 00:00:00+09:00,5780.0,5780.0,5650.0,5680.0,412011.0
2024-06-07 00:00:00+09:00,5680.0,5730.0,5650.0,5650.0,335349.0
2024-06-10 00:00:00+09:00,5660.0,5760.0,5650.0,5720.0,315628.0
2024-06-11 00:00:00+09:00,5720.0,5740.0,5660.0,5660.0,291616.0
2024-06-12 00:00:00+09:00,5660.0,5690.0,5630.0,5670.0,195919.0
2024-06-13 00:00:00+09:00,5660.0,5700.0,5650.0,5690.0,181358.0
2024-06-14 00:00:00+09:00,5700.0,5710.0,5640.0,5650.0,259068.0
2024-06-17 00:00:00+09:00,5650.0,5670.0,5620.0,5620.0,214614.0
2024-06-18 00:00:00+09:00,5630.0,5670.0,5580.0,5590.0,296675.0
2024-06-19 00:00:00+09:00,5600.0,5600.0,5540.0,5550.0,367374.0
2024-06-20 00:00:00+09:00,5540.0,5650.0,5540.0,5590.0,137264.0
2024-06-21 00:00:00+09:00,5580.0,5620.0,5550.0,5580.0,293847.0
2024-06-24 00:00:00+09:00,5590.0,5610.0,5510.0,5550.0,247744.0
2024-06-25 00:00:00+09:00,5550.0,5560.0,5520.0,5540.0,198933.0
2024-06-26 00:00:00+09:00,5540.0,5610.0,5510.0,5600.0,263045.0
2024-06-27 00:00:00+09:00,5570.0,5600.0,5550.0,5550.0,135972.0
2024-06-28 00:00:00+09:00,5560.0,5640.0,5560.0,5620.0,225572.0
2024-07-01 00:00:00+09:00,5640.0,5680.0,5610.0,5670.0,302152.0
2024-07-02 00:00:00+09:00,5670.0,5680.0,5560.0,5560.0,281226.0
2024-07-03 00:00:00+09:00,5620.0,5620.0,5540.0,5560.0,179463.0
2024-07-04 00:00:00+09:00,5600.0,5600.0,5540.0,5540.0,177209.0
2024-07-05 00:00:00+09:00,5550.0,5580.0,5500.0,5500.0,360247.0
2024-07-08 00:00:00+09:00,5510.0,5610.0,5510.0,5550.0,169044.0
2024-07-09 00:00:00+09:00,5550.0,5680.0,5550.0,5620.0,377928.0
2024-07-10 00:00:00+09:00,5620.0,5650.0,5570.0,5610.0,235742.0
2024-07-11 00:00:00+09:00,5630.0,5690.0,5570.0,5650.0,404058.0
2024-07-12 00:00:00+09:00,5660.0,5740.0,5640.0,5660.0,449188.0
2024-07-15 00:00:00+09:00,5700.0,5760.0,5680.0,5760.0,466638.0
2024-07-16 00:00:00+09:00,5790.0,5830.0,5730.0,5820.0,516733.0
2024-07-17 00:00:00+09:00,5840.0,5840.0,5760.0,5780.0,457172.0
2024-07-18 00:00:00+09:00,5780.0,5810.0,5710.0,5770.0,307952.0
2024-07-19 00:00:00+09:00,5770.0,5790.0,5700.0,5720.0,215759.0
2024-07-22 00:00:00+09:00,5720.0,5740.0,5650.0,5690.0,271517.0
2024-07-23 00:00:00+09:00,5660.0,5720.0,5650.0,5660.0,182133.0
2024-07-24 00:00:00+09:00,5650.0,5700.0,5570.0,5600.0,318874.0
2024-07-25 00:00:00+09:00,5570.0,5750.0,5570.0,5720.0,397348.0
2024-07-26 00:00:00+09:00,5720.0,5760.0,5700.0,5750.0,270451.0
2024-07-29 00:00:00+09:00,5750.0,5830.0,5750.0,5830.0,378181.0
2024-07-30 00:00:00+09:00,5840.0,5860.0,5750.0,5780.0,248203.0
2024-07-31 00:00:00+09:00,5780.0,5830.0,5730.0,5730.0,240444.0
2024-08-01 00:00:00+09:00,5710.0,5870.0,5710.0,5850.0,553590.0
2024-08-02 00:00:00+09:00,5770.0,5870.0,5710.0,5730.0,426500.0
2024-08-05 00:00:00+09:00,5690.0,5710.0,5250.0,5380.0,1378933.0
2024-08-06 00:00:00+09:00,5410.0,5590.0,5410.0,5490.0,559906.0
2024-08-07 00:00:00+09:00,5450.0,5780.0,5450.0,5720.0,833013.0
2024-08-08 00:00:00+09:00,5710.0,5840.0,5630.0,5830.0,711055.0
2024-08-09 00:00:00+09:00,5860.0,5900.0,5590.0,5650.0,1036448.0
2024-08-12 00:00:00+09:00,5640.0,5800.0,5620.0,5740.0,701367.0
2024-08-13 00:00:00+09:00,5750.0,5800.0,5720.0,5750.0,438027.0
2024-08-14 00:00:00+09:00,5780.0,5900.0,5740.0,5890.0,989895.0
2024-08-16 00:00:00+09:00,5930.0,6230.0,5870.0,6110.0,2236989.0
2024-08-19 00:00:00+09:00,6080.0,6290.0,6060.0,6220.0,1192801.0
2024-08-20 00:00:00+09:00,6240.0,6250.0,6090.0,6200.0,692426.0
2024-08-21 00:00:00+09:00,6180.0,6220.0,6130.0,6180.0,426036.0
2024-08-22 00:00:00+09:00,6210.0,6560.0,6210.0,6550.0,2361461.0
2024-08-23 00:00:00+09:00,6570.0,6830.0,6400.0,6790.0,2049770.0
2024-08-26 00:00:00+09:00,6790.0,7110.0,6660.0,7030.0,2028891.0
2024-08-27 00:00:00+09:00,7040.0,7240.0,7000.0,7200.0,1561904.0
2024-08-28 00:00:00+09:00,7250.0,7360.0,7090.0,7140.0,1514296.0
2024-08-29 00:00:00+09:00,7090.0,7430.0,7090.0,7140.0,1567567.0
2024-08-30 00:00:00+09:00,7220.0,7430.0,7130.0,7170.0,1506834.0
2024-09-02 00:00:00+09:00,7210.0,7290.0,6900.0,6950.0,1477323.0
2024-09-03 00:00:00+09:00,7000.0,7150.0,6940.0,7060.0,596407.0
2024-09-04 00:00:00+09:00,6950.0,6970.0,6600.0,6720.0,1425358.0
2024-09-05 00:00:00+09:00,6700.0,6810.0,6630.0,6710.0,621958.0
2024-09-06 00:00:00+09:00,6760.0,6880.0,6540.0,6730.0,927089.0
2024-09-09 00:00:00+09:00,6660.0,6820.0,6560.0,6810.0,636986.0
2024-09-10 00:00:00+09:00,6870.0,6870.0,6480.0,6490.0,708544.0
2024-09-11 00:00:00+09:00,6490.0,6700.0,6250.0,6320.0,890403.0
2024-09-12 00:00:00+09:00,6330.0,6450.0,6250.0,6380.0,467034.0
2024-09-13 00:00:00+09:00,6380.0,6440.0,6220.0,6260.0,566751.0
2024-09-19 00:00:00+09:00,6320.0,6520.0,6120.0,6130.0,925246.0
2024-09-20 00:00:00+09:00,6150.0,6210.0,6090.0,6140.0,471856.0
2024-09-23 00:00:00+09:00,6110.0,6140.0,5880.0,5940.0,994542.0
2024-09-24 00:00:00+09:00,5960.0,6000.0,5880.0,5990.0,511926.0
2024-09-25 00:00:00+09:00,6020.0,6080.0,5930.0,5940.0,371914.0
2024-09-26 00:00:00+09:00,5960.0,6110.0,5940.0,6090.0,396765.0
2024-09-27 00:00:00+09:00,6090.0,6440.0,6000.0,6340.0,851510.0
2024-09-30 00:00:00+09:00,6090.0,6100.0,5760.0,5780.0,2026352.0
2024-10-02 00:00:00+09:00,5770.0,5840.0,5660.0,5710.0,573597.0
2024-10-04 00:00:00+09:00,5690.0,5770.0,5660.0,5710.0,431659.0
2024-10-07 00:00:00+09:00,5750.0,5760.0,5670.0,5700.0,258365.0
2024-10-08 00:00:00+09:00,5700.0,5780.0,5690.0,5700.0,294342.0
2024-10-10 00:00:00+09:00,5700.0,5790.0,5700.0,5760.0,218156.0
2024-10-11 00:00:00+09:00,5770.0,5790.0,5690.0,5720.0,256798.0
2024-10-14 00:00:00+09:00,5720.0,5720.0,5590.0,5700.0,392606.0
2024-10-15 00:00:00+09:00,5750.0,5900.0,5700.0,5730.0,332748.0
2024-10-16 00:00:00+09:00,5710.0,5710.0,5630.0,5640.0,249965.0
2024-10-17 00:00:00+09:00,5640.0,5810.0,5640.0,5670.0,153527.0
2024-10-18 00:00:00+09:00,5670.0,5680.0,5580.0,5600.0,303015.0
2024-10-21 00:00:00+09:00,5690.0,5690.0,5610.0,5630.0,162405.0
2024-10-22 00:00:00+09:00,5610.0,5660.0,5560.0,5580.0,281909.0
2024-10-23 00:00:00+09:00,5580.0,5610.0,5510.0,5570.0,304926.0
2024-10-24 00:00:00+09:00,5560.0,5650.0,5530.0,5640.0,149136.0
2024-10-25 00:00:00+09:00,5680.0,5700.0,5410.0,5470.0,729353.0
2024-10-28 00:00:00+09:00,5420.0,5530.0,5420.0,5490.0,178916.0
2024-10-29 00:00:00+09:00,5490.0,5550.0,5470.0,5540.0,118981.0
2024-10-30 00:00:00+09:00,5530.0,5600.0,5520.0,5580.0,145979.0
2024-10-31 00:00:00+09:00,5510.0,5650.0,5490.0,5630.0,309271.0
2024-11-01 00:00:00+09:00,5560.0,5660.0,5550.0,5600.0,149447.0
2024-11-04 00:00:00+09:00,5600.0,5640.0,5580.0,5630.0,155355.0
2024-11-05 00:00:00+09:00,5630.0,5650.0,5590.0,5620.0,127922.0
2024-11-06 00:00:00+09:00,5620.0,5650.0,5500.0,5520.0,278518.0
2024-11-07 00:00:00+09:00,5540.0,5590.0,5480.0,5490.0,141160.0
2024-11-08 00:00:00+09:00,5500.0,5590.0,5470.0,5540.0,136142.0
2024-11-11 00:00:00+09:00,5550.0,5590.0,5410.0,5410.0,423992.0
2024-11-12 00:00:00+09:00,5430.0,5460.0,5200.0,5290.0,564072.0
2024-11-13 00:00:00+09:00,5170.0,5270.0,5130.0,5130.0,422805.0
2024-11-14 00:00:00+09:00,5100.0,5190.0,5050.0,5070.0,380946.0
2024-11-15 00:00:00+09:00,5000.0,5240.0,5000.0,5230.0,336658.0
2024-11-18 00:00:00+09:00,5240.0,5310.0,5200.0,5230.0,211831.0
2024-11-19 00:00:00+09:00,5230.0,5280.0,5220.0,5240.0,97609.0
2024-11-20 00:00:00+09:00,5240.0,5260.0,5140.0,5220.0,164981.0
2024-11-21 00:00:00+09:00,5170.0,5210.0,5140.0,5150.0,203610.0
2024-11-22 00:00:00+09:00,5210.0,5240.0,5170.0,5170.0,120668.0
2024-11-25 00:00:00+09:00,5190.0,5480.0,5180.0,5400.0,376337.0
2024-11-26 00:00:00+09:00,5420.0,5560.0,5360.0,5540.0,266496.0
2024-11-27 00:00:00+09:00,5590.0,5650.0,5510.0,5580.0,311425.0
2024-11-28 00:00:00+09:00,5580.0,5620.0,5510.0,5520.0,178533.0
2024-11-29 00:00:00+09:00,5500.0,5620.0,5430.0,5570.0,313473.0
2024-12-02 00:00:00+09:00,5620.0,5650.0,5500.0,5520.0,195935.0
2024-12-03 00:00:00+09:00,5500.0,5630.0,5500.0,5630.0,224026.0
2024-12-04 00:00:00+09:00,5500.0,5580.0,5350.0,5540.0,236777.0
2024-12-05 00:00:00+09:00,5540.0,5560.0,5390.0,5400.0,273696.0
2024-12-06 00:00:00+09:00,5350.0,5480.0,5170.0,5360.0,361319.0
2024-12-09 00:00:00+09:00,5200.0,5290.0,4995.0,4995.0,531223.0
2024-12-10 00:00:00+09:00,5100.0,5190.0,5020.0,5170.0,369842.0
2024-12-11 00:00:00+09:00,5170.0,5250.0,5150.0,5230.0,273883.0
2024-12-12 00:00:00+09:00,5230.0,5320.0,5220.0,5260.0,204135.0
2024-12-13 00:00:00+09:00,5270.0,5430.0,5260.0,5390.0,217515.0
2024-12-16 00:00:00+09:00,5400.0,5570.0,5370.0,5440.0,218101.0
2024-12-17 00:00:00+09:00,5510.0,5540.0,5410.0,5470.0,201163.0
2024-12-18 00:00:00+09:00,5530.0,5530.0,5450.0,5490.0,130828.0
2024-12-19 00:00:00+09:00,5450.0,5560.0,5380.0,5420.0,172600.0
2024-12-20 00:00:00+09:00,5470.0,5470.0,5360.0,5380.0,673262.0
2024-12-23 00:00:00+09:00,5330.0,5420.0,5320.0,5390.0,171170.0
2024-12-24 00:00:00+09:00,5390.0,5440.0,5330.0,5390.0,146774.0
2024-12-26 00:00:00+09:00,5570.0,5570.0,5390.0,5420.0,230791.0
2024-12-27 00:00:00+09:00,5440.0,5470.0,5340.0,5370.0,190583.0
2024-12-30 00:00:00+09:00,5330.0,5340.0,5200.0,5290.0,266915.0
2025-01-02 00:00:00+09:00,5250.0,5370.0,5150.0,5290.0,221250.0
2025-01-03 00:00:00+09:00,5290.0,5360.0,5280.0,5310.0,126570.0
2025-01-06 00:00:00+09:00,5310.0,5380.0,5280.0,5360.0,157114.0
2025-01-07 00:00:00+09:00,5330.0,5490.0,5330.0,5380.0,126911.0
2025-01-08 00:00:00+09:00,5380.0,5430.0,5310.0,5360.0,121515.0
2025-01-09 00:00:00+09:00,5420.0,5420.0,5340.0,5400.0,113483.0
2025-01-10 00:00:00+09:00,5380.0,5420.0,5330.0,5330.0,125449.0
2025-01-13 00:00:00+09:00,5330.0,5360.0,5210.0,5220.0,165545.0
2025-01-14 00:00:00+09:00,5240.0,5260.0,5140.0,5260.0,130683.0
2025-01-15 00:00:00+09:00,5240.0,5280.0,5200.0,5220.0,104135.0
2025-01-16 00:00:00+09:00,5250.0,5270.0,5190.0,5230.0,115211.0
2025-01-17 00:00:00+09:00,5230.0,5240.0,5180.0,5220.0,68293.0
2025-01-20 00:00:00+09:00,5220.0,5220.0,5170.0,5190.0,103787.0
2025-01-21 00:00:00+09:00,5150.0,5190.0,5100.0,5110.0,254032.0
2025-01-22 00:00:00+09:00,5120.0,5140.0,5070.0,5090.0,133324.0
2025-01-23 00:00:00+09:00,5090.0,5120.0,5040.0,5040.0,116756.0
2025-01-24 00:00:00+09:00,5040.0,5110.0,5040.0,5100.0,126722.0
2025-01-31 00:00:00+09:00,5100.0,5130.0,5050.0,5100.0,160037.0
2025-02-03 00:00:00+09:00,5060.0,5100.0,4985.0,5000.0,299138.0
2025-02-04 00:00:00+09:00,4990.0,5050.0,4990.0,5030.0,99140.0
2025-02-05 00:00:00+09:00,5010.0,5210.0,5010.0,5160.0,155546.0
2025-02-06 00:00:00+09:00,5150.0,5210.0,5100.0,5160.0,133436.0
2025-02-07 00:00:00+09:00,5160.0,5230.0,5120.0,5180.0,95451.0
2025-02-10 00:00:00+09:00,5190.0,5270.0,5120.0,5150.0,137609.0
2025-02-11 00:00:00+09:00,5130.0,5170.0,5060.0,5070.0,186431.0
2025-02-12 00:00:00+09:00,5080.0,5110.0,5050.0,5080.0,137697.0
2025-02-13 00:00:00+09:00,5060.0,5110.0,5060.0,5100.0,153100.0
2025-02-14 00:00:00+09:00,5090.0,5120.0,5060.0,5090.0,147154.0
2025-02-17 00:00:00+09:00,5090.0,5090.0,5020.0,5050.0,267257.0
2025-02-18 00:00:00+09:00,5050.0,5050.0,5010.0,5030.0,147763.0
2025-02-19 00:00:00+09:00,5020.0,5100.0,5020.0,5080.0,250094.0
2025-02-20 00:00:00+09:00,5100.0,5230.0,5090.0,5150.0,461420.0
2025-02-21 00:00:00+09:00,5150.0,5170.0,5110.0,5160.0,182326.0
2025-02-24 00:00:00+09:00,5130.0,5230.0,5120.0,5200.0,235095.0
2025-02-25 00:00:00+09:00,5200.0,5200.0,5140.0,5170.0,143570.0
2025-02-26 00:00:00+09:00,5140.0,5230.0,5130.0,5160.0,217411.0
2025-02-27 00:00:00+09:00,5180.0,5180.0,5150.0,5180.0,125158.0
2025-02-28 00:00:00+09:00,5170.0,5180.0,5050.0,5050.0,251591.0
2025-03-04 00:00:00+09:00,5100.0,5100.0,5030.0,5050.0,167830.0
2025-03-05 00:00:00+09:00,5010.0,5120.0,5010.0,5090.0,259602.0
2025-03-06 00:00:00+09:00,5090.0,5200.0,5080.0,5100.0,139681.0
2025-03-07 00:00:00+09:00,5080.0,5160.0,5075.0,5130.0,116841.0
2025-03-10 00:00:00+09:00,5080.0,5120.0,5000.0,5030.0,360042.0
2025-03-11 00:00:00+09:00,4990.0,5010.0,4920.0,4990.0,304638.0
2025-03-12 00:00:00+09:00,4990.0,5020.0,4965.0,4980.0,141220.0
2025-03-13 00:00:00+09:00,4985.0,5000.0,4900.0,4910.0,305777.0
2025-03-14 00:00:00+09:00,4910.0,4955.0,4860.0,4930.0,128944.0
2025-03-17 00:00:00+09:00,4905.0,4960.0,4900.0,4905.0,176876.0
2025-03-18 00:00:00+09:00,4885.0,4950.0,4850.0,4870.0,339667.0
2025-03-19 00:00:00+09:00,4860.0,4895.0,4860.0,4875.0,101403.0
2025-03-20 00:00:00+09:00,4865.0,4880.0,4825.0,4825.0,263588.0
2025-03-21 00:00:00+09:00,4810.0,4845.0,4800.0,4820.0,245053.0
2025-03-24 00:00:00+09:00,4805.0,4880.0,4805.0,4820.0,127897.0
2025-03-25 00:00:00+09:00,4790.0,4845.0,4780.0,4780.0,236207.0
2025-03-26 00:00:00+09:00,4770.0,4815.0,4760.0,4765.0,126145.0
2025-03-27 00:00:00+09:00,4750.0,4765.0,4730.0,4740.0,166259.0
2025-03-28 00:00:00+09:00,4730.0,4745.0,4675.0,4675.0,235161.0
2025-03-31 00:00:00+09:00,4640.0,4645.0,4420.0,4425.0,300613.0
2025-04-01 00:00:00+09:00,4410.0,4580.0,4400.0,4570.0,229306.0
2025-04-02 00:00:00+09:00,4560.0,4600.0,4450.0,4480.0,112100.0
2025-04-03 00:00:00+09:00,4350.0,4460.0,4335.0,4350.0,232941.0
2025-04-04 00:00:00+09:00,4230.0,4685.0,4230.0,4680.0,305923.0
2025-04-07 00:00:00+09:00,4595.0,4595.0,4410.0,4470.0,169359.0
2025-04-08 00:00:00+09:00,4510.0,4650.0,4390.0,4395.0,138200.0
2025-04-09 00:00:00+09:00,4280.0,4420.0,4280.0,4330.0,163379.0
2025-04-10 00:00:00+09:00,4400.0,4505.0,4400.0,4455.0,103398.0
2025-04-11 00:00:00+09:00,4390.0,4470.0,4375.0,4455.0,73964.0
2025-04-14 00:00:00+09:00,4440.0,4470.0,4430.0,4450.0,74854.0
2025-04-15 00:00:00+09:00,4415.0,4455.0,4400.0,4455.0,84674.0
2025-04-16 00:00:00+09:00,4455.0,4475.0,4420.0,4435.0,51498.0
2025-04-17 00:00:00+09:00,4420.0,4545.0,4420.0,4520.0,99954.0
2025-04-18 00:00:00+09:00,4540.0,4580.0,4500.0,4560.0,69883.0
2025-04-21 00:00:00+09:00,4505.0,4550.0,4485.0,4490.0,111426.0
2025-04-22 00:00:00+09:00,4405.0,4475.0,4405.0,4440.0,109831.0
2025-04-23 00:00:00+09:00,4475.0,4570.0,4440.0,4540.0,95419.0
2025-04-24 00:00:00+09:00,4595.0,4725.0,4580.0,4710.0,178562.0
2025-04-25 00:00:00+09:00,4725.0,4765.0,4660.0,4755.0,99540.0
2025-04-28 00:00:00+09:00,4755.0,4835.0,4745.0,4765.0,133027.0
2025-04-29 00:00:00+09:00,4830.0,4835.0,4750.0,4795.0,90352.0
2025-04-30 00:00:00+09:00,4795.0,4905.0,4720.0,4860.0,250624.0
2025-05-02 00:00:00+09:00,4880.0,4900.0,4775.0,4870.0,104051.0
2025-05-07 00:00:00+09:00,4875.0,5000.0,4875.0,5000.0,219190.0
2025-05-08 00:00:00+09:00,5020.0,5060.0,4970.0,5050.0,174303.0
2025-05-09 00:00:00+09:00,4950.0,5010.0,4865.0,4920.0,182445.0
2025-05-12 00:00:00+09:00,4870.0,4925.0,4870.0,4890.0,81984.0
2025-05-13 00:00:00+09:00,4990.0,4990.0,4830.0,4830.0,126161.0
2025-05-14 00:00:00+09:00,4815.0,4860.0,4775.0,4805.0,172330.0
2025-05-15 00:00:00+09:00,4850.0,4855.0,4750.0,4830.0,85205.0
2025-05-16 00:00:00+09:00,4815.0,4860.0,4765.0,4780.0,149968.0
2025-05-19 00:00:00+09:00,4770.0,4775.0,4695.0,4710.0,176728.0
2025-05-20 00:00:00+09:00,4690.0,4775.0,4620.0,4625.0,168371.0
2025-05-21 00:00:00+09:00,4625.0,4705.0,4400.0,4595.0,192063.0
2025-05-22 00:00:00+09:00,4515.0,4620.0,4510.0,4585.0,192242.0
2025-05-23 00:00:00+09:00,4585.0,4630.0,4500.0,4600.0,89491.0
2025-05-26 00:00:00+09:00,4595.0,4595.0,4525.0,4555.0,181064.0
2025-05-27 00:00:00+09:00,4580.0,4600.0,4505.0,4560.0,104211.0
2025-05-28 00:00:00+09:00,4560.0,4630.0,4545.0,4585.0,102713.0
2025-05-29 00:00:00+09:00,4600.0,4725.0,4565.0,4725.0,157340.0
2025-05-30 00:00:00+09:00,4700.0,4840.0,4675.0,4750.0,210526.0
2025-06-02 00:00:00+09:00,4740.0,4760.0,4665.0,4675.0,116570.0
2025-06-04 00:00:00+09:00,4700.0,4995.0,4700.0,4915.0,366735.0
2025-06-05 00:00:00+09:00,5060.0,5320.0,5000.0,5250.0,809674.0
2025-06-09 00:00:00+09:00,5400.0,5560.0,5300.0,5380.0,727965.0
2025-06-10 00:00:00+09:00,5400.0,5470.0,5270.0,5380.0,246046.0
2025-06-11 00:00:00+09:00,5400.0,5450.0,5340.0,5440.0,195086.0
2025-06-12 00:00:00+09:00,5440.0,5450.0,5300.0,5330.0,221201.0
2025-06-13 00:00:00+09:00,5330.0,5360.0,5120.0,5210.0,235885.0
2025-06-16 00:00:00+09:00,5090.0,5170.0,4820.0,4825.0,664680.0
2025-06-17 00:00:00+09:00,4830.0,4850.0,4725.0,4755.0,326350.0
2025-06-18 00:00:00+09:00,4695.0,4900.0,4655.0,4755.0,310800.0
2025-06-19 00:00:00+09:00,4795.0,4890.0,4730.0,4795.0,148927.0
2025-06-20 00:00:00+09:00,5430.0,5580.0,5220.0,5320.0,2336466.0
2025-06-23 00:00:00+09:00,5240.0,5240.0,5030.0,5130.0,389951.0
2025-06-24 00:00:00+09:00,5150.0,5270.0,5130.0,5170.0,270480.0
2025-06-25 00:00:00+09:00,5200.0,5230.0,5100.0,5170.0,205176.0
2025-06-26 00:00:00+09:00,5170.0,5170.0,5000.0,5080.0,210324.0
2025-06-27 00:00:00+09:00,5090.0,5100.0,4965.0,5000.0,235164.0
2025-06-30 00:00:00+09:00,5000.0,5080.0,5000.0,5070.0,146885.0
2025-07-01 00:00:00+09:00,5090.0,5320.0,5080.0,5240.0,334169.0
2025-07-02 00:00:00+09:00,5230.0,5230.0,5050.0,5100.0,178217.0
2025-07-03 00:00:00+09:00,5180.0,5240.0,5100.0,5240.0,174140.0
2025-07-04 00:00:00+09:00,5240.0,5320.0,5150.0,5190.0,235016.0
2025-07-07 00:00:00+09:00,5200.0,5340.0,5200.0,5320.0,269426.0
2025-07-08 00:00:00+09:00,5350.0,5460.0,5310.0,5400.0,403505.0
2025-07-09 00:00:00+09:00,5410.0,5480.0,5350.0,5460.0,373937.0
2025-07-10 00:00:00+09:00,5410.0,5450.0,5370.0,5410.0,180284.0
2025-07-11 00:00:00+09:00,5400.0,5440.0,5250.0,5260.0,209252.0
2025-07-14 00:00:00+09:00,5280.0,5380.0,5250.0,5340.0,137287.0
2025-07-15 00:00:00+09:00,5380.0,5380.0,5200.0,5250.0,163783.0
2025-07-16 00:00:00+09:00,5270.0,5270.0,5070.0,5130.0,285551.0
2025-07-17 00:00:00+09:00,5190.0,5250.0,5130.0,5190.0,164628.0
2025-07-18 00:00:00+09:00,5220.0,5270.0,5120.0,5190.0,118473.0
2025-07-21 00:00:00+09:00,5180.0,5210.0,5110.0,5140.0,141352.0
2025-07-22 00:00:00+09:00,5170.0,5170.0,5010.0,5120.0,230210.0
2025-07-23 00:00:00+09:00,5300.0,5380.0,5030.0,5290.0,746246.0
2025-07-24 00:00:00+09:00,5330.0,5340.0,5170.0,5180.0,231818.0
2025-07-25 00:00:00+09:00,5300.0,5540.0,5150.0,5270.0,1074716.0
2025-07-28 00:00:00+09:00,5340.0,5360.0,5150.0,5180.0,286359.0
2025-07-29 00:00:00+09:00,5170.0,5180.0,5090.0,5130.0,222759.0
2025-07-30 00:00:00+09:00,5140.0,5150.0,5080.0,5150.0,108881.0
2025-07-31 00:00:00+09:00,5160.0,5220.0,5110.0,5140.0,145945.0
2025-08-01 00:00:00+09:00,5140.0,5140.0,5020.0,5030.0,222499.0
2025-08-04 00:00:00+09:00,5010.0,5040.0,4970.0,5030.0,220484.0
2025-08-05 00:00:00+09:00,5020.0,5070.0,4960.0,4975.0,240033.0
2025-08-06 00:00:00+09:00,4990.0,5110.0,4965.0,5060.0,239811.0
2025-08-07 00:00:00+09:00,5080.0,5080.0,4950.0,4975.0,242352.0
2025-08-08 00:00:00+09:00,4985.0,5000.0,4905.0,4915.0,408839.0
2025-08-11 00:00:00+09:00,4930.0,4940.0,4880.0,4910.0,176657.0
2025-08-12 00:00:00+09:00,4910.0,4910.0,4850.0,4855.0,213425.0
2025-08-13 00:00:00+09:00,4865.0,4870.0,4700.0,4720.0,357751.0
2025-08-14 00:00:00+09:00,4750.0,4775.0,4705.0,4710.0,155277.0
2025-08-18 00:00:00+09:00,4715.0,4855.0,4680.0,4740.0,122444.0
2025-08-19 00:00:00+09:00,4705.0,4745.0,4680.0,4705.0,112570.0
2025-08-20 00:00:00+09:00,4680.0,4685.0,4595.0,4650.0,188844.0
2025-08-21 00:00:00+09:00,4650.0,4720.0,4650.0,4680.0,116348.0
2025-08-22 00:00:00+09:00,4720.0,4765.0,4705.0,4715.0,136515.0
2025-08-25 00:00:00+09:00,4720.0,4845.0,4720.0,4805.0,125669.0
2025-08-26 00:00:00+09:00,4805.0,4955.0,4780.0,4875.0,217798.0
2025-08-27 00:00:00+09:00,4915.0,4915.0,4790.0,4800.0,192076.0
2025-08-28 00:00:00+09:00,4790.0,4800.0,4740.0,4740.0,143041.0
2025-08-29 00:00:00+09:00,4740.0,4760.0,4630.0,4635.0,252189.0
2025-09-01 00:00:00+09:00,4580.0,4680.0,4580.0,4605.0,179242.0
2025-09-02 00:00:00+09:00,4600.0,4645.0,4545.0,4550.0,343119.0
2025-09-03 00:00:00+09:00,4550.0,4670.0,4505.0,4520.0,362492.0
2025-09-04 00:00:00+09:00,4500.0,4740.0,4500.0,4660.0,274990.0
2025-09-05 00:00:00+09:00,4660.0,4840.0,4660.0,4800.0,356249.0
2025-09-08 00:00:00+09:00,4800.0,4800.0,4700.0,4735.0,206307.0
2025-09-09 00:00:00+09:00,4750.0,4755.0,4582.0,4630.0,377154.0
2025-09-10 00:00:00+09:00,4620.0,4755.0,4575.0,4750.0,324311.0
2025-09-11 00:00:00+09:00,4895.0,5190.0,4890.0,5100.0,2618994.0
2025-09-12 00:00:00+09:00,5120.0,5220.0,4985.0,5150.0,955132.0
2025-09-15 00:00:00+09:00,5210.0,5220.0,5120.0,5150.0,506143.0
2025-09-16 00:00:00+09:00,5170.0,5200.0,5110.0,5140.0,281275.0
2025-09-17 00:00:00+09:00,5090.0,5240.0,5090.0,5170.0,428846.0
2025-09-18 00:00:00+09:00,5180.0,5320.0,5170.0,5190.0,405383.0
2025-09-19 00:00:00+09:00,5190.0,5280.0,5170.0,5220.0,340559.0
2025-09-22 00:00:00+09:00,5580.0,5840.0,5450.0,5470.0,4474762.0
2025-09-23 00:00:00+09:00,5470.0,5480.0,5250.0,5260.0,747850.0
2025-09-24 00:00:00+09:00,5250.0,5260.0,5030.0,5030.0,557128.0
2025-09-25 00:00:00+09:00,5030.0,5040.0,4935.0,4995.0,422705.0
2025-09-26 00:00:00+09:00,5000.0,5020.0,4800.0,4870.0,648947.0
2025-09-29 00:00:00+09:00,4950.0,5060.0,4880.0,4910.0,260289.0
2025-09-30 00:00:00+09:00,4915.0,4935.0,4800.0,4900.0,270826.0
2025-10-01 00:00:00+09:00,4915.0,5000.0,4855.0,4990.0,295972.0
2025-10-02 00:00:00+09:00,4990.0,5060.0,4800.0,4995.0,384236.0
2025-10-10 00:00:00+09:00,4995.0,5040.0,4945.0,4950.0,416798.0
2025-10-13 00:00:00+09:00,5020.0,5320.0,4950.0,5290.0,838867.0
2025-10-14 00:00:00+09:00,5220.0,5460.0,5170.0,5190.0,719271.0
2025-10-15 00:00:00+09:00,5300.0,5300.0,5120.0,5160.0,270312.0
2025-10-16 00:00:00+09:00,5160.0,5170.0,5040.0,5060.0,286801.0
2025-10-17 00:00:00+09:00,5060.0,5060.0,4990.0,5020.0,316032.0
2025-10-20 00:00:00+09:00,5000.0,5200.0,5000.0,5130.0,308929.0
2025-10-21 00:00:00+09:00,5130.0,5130.0,5000.0,5070.0,323549.0
2025-10-22 00:00:00+09:00,5070.0,5110.0,5030.0,5110.0,192423.0
2025-10-23 00:00:00+09:00,5110.0,5190.0,5050.0,5100.0,220468.0
2025-10-24 00:00:00+09:00,5070.0,5120.0,5050.0,5080.0,193250.0
2025-10-27 00:00:00+09:00,5040.0,5160.0,5040.0,5130.0,265642.0
2025-10-28 00:00:00+09:00,5130.0,5190.0,5100.0,5130.0,221504.0
2025-10-29 00:00:00+09:00,5090.0,5130.0,5030.0,5040.0,404806.0
2025-10-30 00:00:00+09:00,5040.0,5100.0,4950.0,4995.0,488938.0
2025-10-31 00:00:00+09:00,4995.0,5040.0,4965.0,4995.0,277396.0
2025-11-03 00:00:00+09:00,4995.0,5030.0,4900.0,4910.0,541291.0
2025-11-04 00:00:00+09:00,4910.0,4920.0,4850.0,4855.0,407572.0
2025-11-05 00:00:00+09:00,4855.0,4915.0,4740.0,4865.0,457726.0
2025-11-06 00:00:00+09:00,4865.0,4915.0,4825.0,4850.0,226531.0
2025-11-07 00:00:00+09:00,4915.0,4915.0,4760.0,4815.0,336041.0
2025-11-10 00:00:00+09:00,4825.0,5030.0,4820.0,5000.0,384345.0
2025-11-11 00:00:00+09:00,5000.0,5060.0,4915.0,4940.0,205562.0
2025-11-12 00:00:00+09:00,4935.0,4995.0,4905.0,4985.0,151096.0
2025-11-13 00:00:00+09:00,4985.0,5100.0,4965.0,5030.0,305361.0
2025-11-14 00:00:00+09:00,5030.0,5350.0,5020.0,5230.0,1134370.0
2025-11-17 00:00:00+09:00,5240.0,5460.0,5220.0,5410.0,910791.0
2025-11-18 00:00:00+09:00,5410.0,5500.0,5330.0,5340.0,611307.0
2025-11-19 00:00:00+09:00,5350.0,5590.0,5300.0,5520.0,858001.0
2025-11-20 00:00:00+09:00,5520.0,5600.0,5420.0,5600.0,737505.0
2025-11-21 00:00:00+09:00,5600.0,5690.0,5470.0,5620.0,747967.0
2025-11-24 00:00:00+09:00,5620.0,5830.0,5480.0,5550.0,895477.0
2025-11-25 00:00:00+09:00,5570.0,5670.0,5500.0,5540.0,437610.0
2025-11-26 00:00:00+09:00,5550.0,5650.0,5480.0,5610.0,475652.0
2025-11-27 00:00:00+09:00,5610.0,5730.0,5590.0,5670.0,756344.0
2025-11-28 00:00:00+09:00,5640.0,5740.0,5570.0,5720.0,409105.0
2025-12-01 00:00:00+09:00,5740.0,6070.0,5740.0,6030.0,1886067.0
2025-12-02 00:00:00+09:00,6040.0,6660.0,6010.0,6570.0,3285619.0
2025-12-03 00:00:00+09:00,6600.0,6600.0,5700.0,5710.0,3482197.0
2025-12-04 00:00:00+09:00,5670.0,5700.0,5490.0,5540.0,1097445.0
2025-12-05 00:00:00+09:00,5540.0,5610.0,5420.0,5510.0,678223.0
2025-12-08 00:00:00+09:00,5560.0,5630.0,5480.0,5580.0,528619.0
2025-12-09 00:00:00+09:00,5550.0,5710.0,5540.0,5690.0,383545.0
2025-12-10 00:00:00+09:00,5700.0,5820.0,5670.0,5730.0,555250.0
2025-12-11 00:00:00+09:00,5770.0,6240.0,5770.0,6130.0,1470033.0
2025-12-12 00:00:00+09:00,6150.0,6270.0,6080.0,6250.0,769194.0
2025-12-15 00:00:00+09:00,6250.0,6250.0,5980.0,6120.0,667545.0
2025-12-16 00:00:00+09:00,6110.0,6160.0,6000.0,6050.0,556106.0
2025-12-17 00:00:00+09:00,6050.0,6130.0,5900.0,5960.0,619391.0
2025-12-18 00:00:00+09:00,5960.0,6040.0,5830.0,5990.0,340204.0
2025-12-19 00:00:00+09:00,5990.0,6190.0,5990.0,6100.0,470022.0
2025-12-22 00:00:00+09:00,6020.0,6100.0,5910.0,6070.0,309570.0
2025-12-23 00:00:00+09:00,6100.0,6180.0,5990.0,6030.0,483812.0
2025-12-24 00:00:00+09:00,6030.0,6060.0,5990.0,6020.0,206962.0
2025-12-26 00:00:00+09:00,6020.0,6190.0,5950.0,5990.0,445819.0
2025-12-29 00:00:00+09:00,5990.0,6050.0,5950.0,6000.0,417804.0
2025-12-30 00:00:00+09:00,5940.0,6000.0,5780.0,5950.0,344935.0
2026-01-02 00:00:00+09:00,5960.0,6000.0,5800.0,5820.0,448641.0
2026-01-05 00:00:00+09:00,5830.0,5930.0,5770.0,5810.0,419008.0
2026-01-06 00:00:00+09:00,5810.0,5890.0,5740.0,5760.0,301006.0
2026-01-07 00:00:00+09:00,5730.0,5820.0,5620.0,5780.0,477816.0
2026-01-08 00:00:00+09:00,5780.0,5890.0,5690.0,5820.0,297227.0
2026-01-09 00:00:00+09:00,5850.0,5900.0,5740.0,5820.0,260319.0
2026-01-12 00:00:00+09:00,5830.0,6050.0,5810.0,5920.0,491862.0
2026-01-13 00:00:00+09:00,5920.0,6170.0,5870.0,6120.0,882599.0
2026-01-14 00:00:00+09:00,6120.0,6250.0,6040.0,6140.0,479530.0
2026-01-15 00:00:00+09:00,6140.0,6150.0,6010.0,6110.0,413620.0
2026-01-16 00:00:00+09:00,6100.0,6200.0,5980.0,6020.0,535078.0
2026-01-19 00:00:00+09:00,6020.0,6050.0,5870.0,5990.0,733994.0
2026-01-20 00:00:00+09:00,5990.0,6090.0,5960.0,6030.0,340603.0
2026-01-21 00:00:00+09:00,6040.0,6150.0,5920.0,6140.0,621337.0
2026-01-22 00:00:00+09:00,6150.0,6330.0,6000.0,6180.0,534344.0
2026-01-23 00:00:00+09:00,6250.0,6270.0,6120.0,6200.0,454085.0
2026-01-26 00:00:00+09:00,6220.0,6300.0,6100.0,6170.0,581751.0
2026-01-27 00:00:00+09:00,6170.0,6190.0,6020.0,6080.0,434033.0
2026-01-28 00:00:00+09:00,6080.0,6130.0,6010.0,6100.0,415824.0
2026-01-29 00:00:00+09:00,6100.0,6150.0,5940.0,6080.0,703891.0
2026-01-30 00:00:00+09:00,6080.0,6120.0,5980.0,6050.0,507346.0
2026-02-02 00:00:00+09:00,6030.0,6030.0,5780.0,5880.0,879834.0
2026-02-03 00:00:00+09:00,5990.0,6080.0,5900.0,5980.0,393349.0
2026-02-04 00:00:00+09:00,6000.0,6210.0,5750.0,5850.0,1183356.0
2026-02-05 00:00:00+09:00,5840.0,6080.0,5800.0,5940.0,887507.0
2026-02-06 00:00:00+09:00,5900.0,5990.0,5760.0,5930.0,464825.0
2026-02-09 00:00:00+09:00,5950.0,6060.0,5950.0,6040.0,562532.0
2026-02-10 00:00:00+09:00,6090.0,6170.0,5980.0,6090.0,733359.0
2026-02-11 00:00:00+09:00,6090.0,6170.0,6060.0,6090.0,427127.0
2026-02-12 00:00:00+09:00,6090.0,6100.0,6000.0,6090.0,353060.0
2026-02-13 00:00:00+09:00,6080.0,6090.0,5890.0,5960.0,704355.0
2026-02-19 00:00:00+09:00,5980.0,6080.0,5950.0,5980.0,498360.0
2026-02-20 00:00:00+09:00,6000.0,6070.0,5890.0,5910.0,604838.0
2026-02-23 00:00:00+09:00,5910.0,6000.0,5815.0,5980.0,526036.0
2026-02-24 00:00:00+09:00,5980.0,5990.0,5860.0,5890.0,434674.0
2026-02-25 00:00:00+09:00,5890.0,5890.0,5680.0,5730.0,1039834.0
2026-02-26 00:00:00+09:00,5740.0,5770.0,5600.0,5610.0,708918.0
2026-02-27 00:00:00+09:00,5600.0,5610.0,5490.0,5540.0,565211.0
2026-03-03 00:00:00+09:00,5470.0,5470.0,5220.0,5220.0,1031621.0
2026-03-04 00:00:00+09:00,5050.0,5130.0,4800.0,4850.0,1403072.0
2026-03-05 00:00:00+09:00,5020.0,5190.0,5000.0,5100.0,804085.0
2026-03-06 00:00:00+09:00,5030.0,5080.0,4880.0,5030.0,602414.0
2026-03-09 00:00:00+09:00,4890.0,4890.0,4700.0,4830.0,871075.0
2026-03-10 00:00:00+09:00,4835.0,4970.0,4655.0,4665.0,1203555.0
2026-03-11 00:00:00+09:00,4725.0,5040.0,4715.0,4880.0,676353.0
2026-03-12 00:00:00+09:00,4880.0,5040.0,4845.0,4930.0,392124.0
2026-03-13 00:00:00+09:00,4930.0,4955.0,4690.0,4920.0,249374.0
2026-03-16 00:00:00+09:00,4900.0,4950.0,4810.0,4895.0,400495.0
2026-03-17 00:00:00+09:00,4900.0,5050.0,4900.0,5000.0,353297.0
2026-03-18 00:00:00+09:00,5050.0,5070.0,4935.0,4955.0,387781.0
2026-03-19 00:00:00+09:00,4860.0,4905.0,4710.0,4820.0,451157.0
2026-03-20 00:00:00+09:00,4820.0,4985.0,4815.0,4985.0,388645.0
2026-03-23 00:00:00+09:00,4950.0,4955.0,4790.0,4820.0,423081.0
2026-03-24 00:00:00+09:00,4840.0,4950.0,4835.0,4950.0,275476.0
2026-03-25 00:00:00+09:00,4855.0,4910.0,4710.0,4850.0,710149.0
2026-03-26 00:00:00+09:00,4855.0,4870.0,4790.0,4805.0,316821.0
2026-03-27 00:00:00+09:00,4800.0,4800.0,4550.0,4765.0,993902.0
2026-03-30 00:00:00+09:00,4715.0,4715.0,4575.0,4615.0,567264.0
2026-03-31 00:00:00+09:00,4580.0,4950.0,4575.0,4805.0,749771.0
2026-04-01 00:00:00+09:00,4810.0,4950.0,4810.0,4920.0,472074.0
2026-04-02 00:00:00+09:00,4935.0,5030.0,4665.0,4690.0,586374.0
2026-04-03 00:00:00+09:00,4750.0,4770.0,4660.0,4675.0,222814.0
2026-04-06 00:00:00+09:00,4680.0,4750.0,4655.0,4660.0,213027.0
2026-04-07 00:00:00+09:00,4700.0,4730.0,4600.0,4610.0,292388.0
2026-04-08 00:00:00+09:00,4680.0,4760.0,4670.0,4760.0,381550.0
2026-04-09 00:00:00+09:00,4750.0,4750.0,4640.0,4665.0,241066.0
2026-04-10 00:00:00+09:00,4690.0,4740.0,4660.0,4730.0,270373.0
2026-04-13 00:00:00+09:00,4725.0,4855.0,4660.0,4800.0,320117.0
2026-04-14 00:00:00+09:00,4805.0,4865.0,4710.0,4730.0,392650.0
2026-04-15 00:00:00+09:00,4740.0,4780.0,4700.0,4750.0,332876.0
2026-04-16 00:00:00+09:00,4750.0,4900.0,4750.0,4875.0,355576.0
2026-04-17 00:00:00+09:00,4875.0,4885.0,4815.0,4855.0,338742.0
2026-04-20 00:00:00+09:00,4855.0,4895.0,4805.0,4870.0,280900.0
2026-04-21 00:00:00+09:00,4870.0,5030.0,4870.0,4910.0,516370.0
2026-04-22 00:00:00+09:00,4915.0,4950.0,4850.0,4900.0,210416.0
2026-04-23 00:00:00+09:00,4900.0,4945.0,4845.0,4875.0,341112.0
2026-04-24 00:00:00+09:00,4875.0,5000.0,4875.0,4955.0,296628.0
2026-04-27 00:00:00+09:00,4955.0,4985.0,4900.0,4940.0,383291.0
2026-04-28 00:00:00+09:00,4980.0,5010.0,4880.0,4895.0,235035.0
2026-04-29 00:00:00+09:00,4895.0,4910.0,4850.0,4885.0,225673.0
2026-04-30 00:00:00+09:00,4885.0,5000.0,4840.0,4935.0,318428.0
2026-05-04 00:00:00+09:00,4945.0,5060.0,4945.0,4965.0,501573.0
2026-05-06 00:00:00+09:00,4965.0,4965.0,4770.0,4780.0,725406.0
2026-05-07 00:00:00+09:00,4780.0,4910.0,4780.0,4815.0,420719.0
2026-05-08 00:00:00+09:00,4815.0,5050.0,4770.0,4990.0,701748.0
2026-05-11 00:00:00+09:00,4990.0,5030.0,4840.0,4860.0,807636.0
2026-05-12 00:00:00+09:00,4865.0,5170.0,4825.0,5040.0,1277936.0
2026-05-13 00:00:00+09:00,4865.0,4985.0,4855.0,4875.0,541988.0
2026-05-14 00:00:00+09:00,4870.0,4985.0,4865.0,4970.0,371795.0
2026-05-15 00:00:00+09:00,4970.0,5040.0,4825.0,4900.0,619046.0
2026-05-18 00:00:00+09:00,4900.0,5000.0,4770.0,4915.0,435576.0
2026-05-19 00:00:00+09:00,4915.0,5120.0,4845.0,4860.0,542854.0
2026-05-20 00:00:00+09:00,4900.0,4900.0,4690.0,4720.0,712566.0
2026-05-21 00:00:00+09:00,4740.0,4820.0,4735.0,4740.0,272440.0
2026-05-22 00:00:00+09:00,4745.0,4865.0,4740.0,4750.0,462034.0
2026-05-26 00:00:00+09:00,4760.0,4780.0,4590.0,4660.0,750859.0
2026-05-27 00:00:00+09:00,4670.0,4690.0,4550.0,4570.0,570684.0
2026-05-28 00:00:00+09:00,4570.0,4610.0,4500.0,4560.0,467514.0
2026-05-29 00:00:00+09:00,4560.0,4645.0,4490.0,4560.0,436586.0
2026-06-01 00:00:00+09:00,4560.0,4575.0,4420.0,4435.0,704018.0
2026-06-02 00:00:00+09:00,4430.0,4430.0,4305.0,4400.0,609893.0
2026-06-04 00:00:00+09:00,4405.0,4430.0,4310.0,4410.0,308277.0
2026-06-05 00:00:00+09:00,4315.0,4540.0,4315.0,4490.0,348564.0
2026-06-08 00:00:00+09:00,4475.0,4490.0,4300.0,4305.0,407141.0
2026-06-09 00:00:00+09:00,4320.0,4410.0,4275.0,4345.0,328363.0
2026-06-10 00:00:00+09:00,4335.0,4460.0,4315.0,4425.0,217239.0
2026-06-11 00:00:00+09:00,4380.0,4500.0,4345.0,4430.0,245483.0
2026-06-12 00:00:00+09:00,4475.0,4535.0,4425.0,4505.0,430067.0
2026-06-15 00:00:00+09:00,4550.0,4935.0,4545.0,4900.0,717983.0
2026-06-16 00:00:00+09:00,4900.0,4935.0,4705.0,4730.0,361638.0
2026-06-17 00:00:00+09:00,4715.0,4840.0,4690.0,4710.0,401192.0
2026-06-18 00:00:00+09:00,4710.0,4720.0,4585.0,4585.0,235811.0
2026-06-19 00:00:00+09:00,4585.0,4600.0,4460.0,4490.0,347951.0
2026-06-22 00:00:00+09:00,4490.0,4640.0,4490.0,4510.0,219876.0
2026-06-23 00:00:00+09:00,4510.0,4645.0,4410.0,4420.0,366730.0
2026-06-24 00:00:00+09:00,4415.0,4520.0,4390.0,4480.0,240513.0
2026-06-25 00:00:00+09:00,4440.0,4495.0,4380.0,4385.0,330010.0
2026-06-26 00:00:00+09:00,4390.0,4390.0,4250.0,4310.0,528190.0
2026-06-29 00:00:00+09:00,4270.0,4470.0,4250.0,4465.0,288049.0
2026-06-30 00:00:00+09:00,4465.0,4475.0,4305.0,4355.0,367330.0
2026-07-01 00:00:00+09:00,4360.0,4425.0,4305.0,4345.0,232430.0
2026-07-02 00:00:00+09:00,4340.0,4375.0,4210.0,4320.0,371639.0
2026-07-03 00:00:00+09:00,4320.0,4440.0,4285.0,4425.0,243767.0
2026-07-06 00:00:00+09:00,4425.0,4575.0,4425.0,4530.0,233160.0
2026-07-07 00:00:00+09:00,4560.0,4650.0,4505.0,4605.0,269809.0
2026-07-08 00:00:00+09:00,4605.0,4620.0,4485.0,4580.0,422074.0
2026-07-09 00:00:00+09:00,4580.0,4580.0,4480.0,4500.0,245287.0
2026-07-10 00:00:00+09:00,4575.0,4600.0,4355.0,4445.0,866255.0
2026-07-13 00:00:00+09:00,4450.0,4515.0,4365.0,4395.0,385058.0
2026-07-14 00:00:00+09:00,4395.0,4395.0,4275.0,4330.0,402977.0
2026-07-15 00:00:00+09:00,4335.0,4400.0,4200.0,4220.0,633531.0
2026-07-16 00:00:00+09:00,4225.0,4410.0,4150.0,4375.0,690323.0
2026-07-20 00:00:00+09:00,4350.0,4545.0,4295.0,4430.0,519635.0
2026-07-21 00:00:00+09:00,4330.0,4500.0,4330.0,4390.0,324114.0
2026-07-22 00:00:00+09:00,4370.0,4450.0,4370.0,4395.0,121346.0
2026-07-23 00:00:00+09:00,4405.0,4725.0,4405.0,4710.0,561361.0
2026-07-24 00:00:00+09:00,4740.0,4940.0,4700.0,4855.0,671374.0
2026-07-27 00:00:00+09:00,4860.0,5210.0,4775.0,5000.0,744515.0
2026-07-28 00:00:00+09:00,5000.0,5030.0,4790.0,4805.0,453100.0
2026-07-29 00:00:00+09:00,4805.0,4890.0,4610.0,4770.0,619385.0
2026-07-30 00:00:00+09:00,4900.0,5550.0,4900.0,5430.0,2239278.0
2026-07-31 00:00:00+09:00,5420.0,5430.0,5210.0,5410.0,814432.0
2026-08-03 00:00:00+09:00,5410.0,5540.0,4980.0,4980.0,679618.0
2026-08-04 00:00:00+09:00,4980.0,5200.0,4980.0,5190.0,308597.0
2026-08-05 00:00:00+09:00,5180.0,5320.0,5070.0,5140.0,375772.0
2026-08-06 00:00:00+09:00,5160.0,5420.0,5140.0,5380.0,649621.0
2026-08-07 00:00:00+09:00,5380.0,5580.0,5290.0,5560.0,806946.0
2026-08-10 00:00:00+09:00,5570.0,5600.0,5230.0,5570.0,857302.0
2026-08-11 00:00:00+09:00,5570.0,5780.0,5570.0,5670.0,899112.0
2026-08-12 00:00:00+09:00,5780.0,5790.0,5450.0,5500.0,658133.0
2026-08-13 00:00:00+09:00,5500.0,5500.0,5170.0,5290.0,1030214.0
2026-08-14 00:00:00+09:00,5310.0,5510.0,5270.0,5440.0,426655.0
2026-08-18 00:00:00+09:00,5450.0,5450.0,5150.0,5240.0,731285.0
2026-08-19 00:00:00+09:00,5210.0,5230.0,5030.0,5080.0,510175.0
2026-08-20 00:00:00+09:00,5170.0,5780.0,5050.0,5210.0,1826357.0
2026-08-21 00:00:00+09:00,5210.0,5240.0,5020.0,5100.0,443967.0
2026-08-24 00:00:00+09:00,5100.0,5320.0,5090.0,5260.0,396916.0
2026-08-25 00:00:00+09:00,5250.0,5350.0,5170.0,5230.0,374137.0
2026-08-26 00:00:00+09:00,5230.0,5330.0,5190.0,5310.0,347904.0
2026-08-27 00:00:00+09:00,5300.0,5370.0,5110.0,5370.0,613337.0
2026-08-28 00:00:00+09:00,5400.0,5710.0,5330.0,5540.0,951212.0
