dt,open,high,low,close,volume
2016-06-07 00:00:00+09:00,2000.0,2028.0,1970.0,1999.0,930561.0
2016-06-08 00:00:00+09:00,1998.0,2060.0,1970.0,2024.0,1411682.0
2016-06-09 00:00:00+09:00,2045.0,2126.0,2011.0,2070.0,4321745.0
2016-06-10 00:00:00+09:00,2066.0,2071.0,2033.0,2056.0,690309.0
2016-06-13 00:00:00+09:00,2022.0,2022.0,1949.0,1952.0,1511299.0
2016-06-14 00:00:00+09:00,1949.0,1956.0,1902.0,1934.0,1035010.0
2016-06-15 00:00:00+09:00,1932.0,1940.0,1899.0,1903.0,613389.0
2016-06-16 00:00:00+09:00,1904.0,1932.0,1825.0,1829.0,1337362.0
2016-06-17 00:00:00+09:00,1866.0,2052.0,1866.0,1958.0,2368377.0
2016-06-20 00:00:00+09:00,1994.0,2020.0,1959.0,1993.0,1038027.0
2016-06-21 00:00:00+09:00,2022.0,2022.0,1952.0,2004.0,1002832.0
2016-06-22 00:00:00+09:00,2020.0,2101.0,2017.0,2087.0,2686726.0
2016-06-23 00:00:00+09:00,2083.0,2124.0,2052.0,2106.0,1898267.0
2016-06-24 00:00:00+09:00,2138.0,2145.0,1834.0,1917.0,4457691.0
2016-06-27 00:00:00+09:00,1820.0,1921.0,1820.0,1879.0,2297059.0
2016-06-28 00:00:00+09:00,1842.0,1926.0,1842.0,1925.0,1437015.0
2016-06-29 00:00:00+09:00,1929.0,2022.0,1929.0,2015.0,1446536.0
2016-06-30 00:00:00+09:00,2025.0,2039.0,1924.0,1974.0,1228297.0
2016-07-01 00:00:00+09:00,2028.0,2058.0,2011.0,2052.0,1105961.0
2016-07-04 00:00:00+09:00,2077.0,2143.0,2060.0,2103.0,2116662.0
2016-07-05 00:00:00+09:00,2280.0,2460.0,2225.0,2243.0,13156357.0
2016-07-06 00:00:00+09:00,2269.0,2350.0,2241.0,2349.0,5757888.0
2016-07-07 00:00:00+09:00,2377.0,2411.0,2329.0,2341.0,3558033.0
2016-07-08 00:00:00+09:00,2304.0,2361.0,2249.0,2280.0,2238793.0
2016-07-11 00:00:00+09:00,2348.0,2386.0,2307.0,2324.0,2147535.0
2016-07-12 00:00:00+09:00,2301.0,2366.0,2276.0,2359.0,1705187.0
2016-07-13 00:00:00+09:00,2394.0,2402.0,2336.0,2357.0,1803228.0
2016-07-14 00:00:00+09:00,2340.0,2370.0,2321.0,2346.0,803001.0
2016-07-15 00:00:00+09:00,2377.0,2405.0,2301.0,2328.0,1837213.0
2016-07-18 00:00:00+09:00,2301.0,2532.0,2301.0,2464.0,3957009.0
2016-07-19 00:00:00+09:00,2515.0,2521.0,2400.0,2436.0,3486748.0
2016-07-20 00:00:00+09:00,2432.0,2442.0,2397.0,2407.0,1229602.0
2016-07-21 00:00:00+09:00,2405.0,2427.0,2366.0,2407.0,1168991.0
2016-07-22 00:00:00+09:00,2388.0,2432.0,2377.0,2404.0,837149.0
2016-07-25 00:00:00+09:00,2427.0,2460.0,2405.0,2423.0,1491146.0
2016-07-26 00:00:00+09:00,2411.0,2460.0,2391.0,2448.0,1426543.0
2016-07-27 00:00:00+09:00,2452.0,2487.0,2432.0,2459.0,1883461.0
2016-07-28 00:00:00+09:00,2462.0,2522.0,2454.0,2515.0,2072618.0
2016-07-29 00:00:00+09:00,2509.0,2515.0,2460.0,2475.0,1184577.0
2016-08-01 00:00:00+09:00,2490.0,2493.0,2449.0,2461.0,842283.0
2016-08-02 00:00:00+09:00,2460.0,2471.0,2414.0,2423.0,979009.0
2016-08-03 00:00:00+09:00,2416.0,2425.0,2329.0,2346.0,1171731.0
2016-08-04 00:00:00+09:00,2364.0,2411.0,2350.0,2357.0,765881.0
2016-08-05 00:00:00+09:00,2388.0,2622.0,2366.0,2598.0,6640739.0
2016-08-08 00:00:00+09:00,2635.0,2698.0,2577.0,2584.0,3290692.0
2016-08-09 00:00:00+09:00,2583.0,2646.0,2537.0,2621.0,1533741.0
2016-08-10 00:00:00+09:00,2602.0,2635.0,2583.0,2609.0,1192385.0
2016-08-11 00:00:00+09:00,2591.0,2653.0,2574.0,2634.0,1134295.0
2016-08-12 00:00:00+09:00,2646.0,2673.0,2613.0,2650.0,1225996.0
2016-08-16 00:00:00+09:00,2665.0,2692.0,2613.0,2615.0,1698846.0
2016-08-17 00:00:00+09:00,2613.0,2618.0,2507.0,2565.0,1476836.0
2016-08-18 00:00:00+09:00,2563.0,2624.0,2528.0,2617.0,960684.0
2016-08-19 00:00:00+09:00,2618.0,2648.0,2586.0,2593.0,861968.0
2016-08-22 00:00:00+09:00,2591.0,2597.0,2512.0,2525.0,925171.0
2016-08-23 00:00:00+09:00,2537.0,2545.0,2504.0,2530.0,496347.0
2016-08-24 00:00:00+09:00,2569.0,2580.0,2521.0,2532.0,838250.0
2016-08-25 00:00:00+09:00,2558.0,2558.0,2526.0,2532.0,539876.0
2016-08-26 00:00:00+09:00,2532.0,2533.0,2430.0,2435.0,1341653.0
2016-08-29 00:00:00+09:00,2400.0,2411.0,2329.0,2363.0,1107178.0
2016-08-30 00:00:00+09:00,2377.0,2436.0,2348.0,2352.0,933110.0
2016-08-31 00:00:00+09:00,2353.0,2454.0,2336.0,2442.0,1501851.0
2016-09-01 00:00:00+09:00,2411.0,2460.0,2402.0,2429.0,559911.0
2016-09-02 00:00:00+09:00,2460.0,2471.0,2391.0,2455.0,516341.0
2016-09-05 00:00:00+09:00,2487.0,2602.0,2477.0,2595.0,1185847.0
2016-09-06 00:00:00+09:00,2602.0,2627.0,2542.0,2555.0,1243660.0
2016-09-07 00:00:00+09:00,2561.0,2624.0,2539.0,2579.0,1227246.0
2016-09-08 00:00:00+09:00,2618.0,2618.0,2552.0,2584.0,1038402.0
2016-09-09 00:00:00+09:00,2627.0,2646.0,2542.0,2573.0,2333786.0
2016-09-12 00:00:00+09:00,2509.0,2509.0,2394.0,2423.0,1139603.0
2016-09-13 00:00:00+09:00,2471.0,2504.0,2414.0,2429.0,819267.0
2016-09-19 00:00:00+09:00,2454.0,2497.0,2454.0,2497.0,1038173.0
2016-09-20 00:00:00+09:00,2495.0,2495.0,2449.0,2461.0,710533.0
2016-09-21 00:00:00+09:00,2442.0,2457.0,2370.0,2404.0,1145387.0
2016-09-22 00:00:00+09:00,2422.0,2436.0,2381.0,2398.0,880100.0
2016-09-23 00:00:00+09:00,2402.0,2427.0,2377.0,2387.0,855924.0
2016-09-26 00:00:00+09:00,2381.0,2405.0,2342.0,2374.0,734381.0
2016-09-27 00:00:00+09:00,2350.0,2356.0,2266.0,2314.0,1938742.0
2016-09-28 00:00:00+09:00,2346.0,2346.0,2282.0,2294.0,1340997.0
2016-09-29 00:00:00+09:00,2323.0,2394.0,2307.0,2341.0,1026427.0
2016-09-30 00:00:00+09:00,2335.0,2356.0,2301.0,2317.0,537232.0
2016-10-04 00:00:00+09:00,2315.0,2366.0,2287.0,2294.0,773427.0
2016-10-05 00:00:00+09:00,2257.0,2309.0,2257.0,2267.0,793162.0
2016-10-06 00:00:00+09:00,2280.0,2348.0,2271.0,2333.0,904644.0
2016-10-07 00:00:00+09:00,2348.0,2356.0,2219.0,2221.0,1614253.0
2016-10-10 00:00:00+09:00,2009.0,2101.0,1946.0,1986.0,5926164.0
2016-10-11 00:00:00+09:00,1984.0,2000.0,1883.0,1890.0,3936121.0
2016-10-12 00:00:00+09:00,1894.0,1956.0,1891.0,1945.0,2393500.0
2016-10-13 00:00:00+09:00,1935.0,1954.0,1894.0,1908.0,1635271.0
2016-10-14 00:00:00+09:00,1979.0,2039.0,1921.0,1936.0,2467918.0
2016-10-17 00:00:00+09:00,1935.0,1952.0,1883.0,1914.0,846345.0
2016-10-18 00:00:00+09:00,1910.0,1924.0,1869.0,1920.0,578251.0
2016-10-19 00:00:00+09:00,1926.0,1940.0,1897.0,1907.0,509244.0
2016-10-20 00:00:00+09:00,1908.0,1921.0,1894.0,1908.0,571941.0
2016-10-21 00:00:00+09:00,1904.0,1952.0,1902.0,1942.0,628003.0
2016-10-24 00:00:00+09:00,1959.0,2046.0,1959.0,2046.0,1417611.0
2016-10-25 00:00:00+09:00,2060.0,2060.0,1970.0,2024.0,968417.0
2016-10-26 00:00:00+09:00,2000.0,2039.0,1959.0,2013.0,946101.0
2016-10-27 00:00:00+09:00,2005.0,2039.0,1989.0,2018.0,416425.0
2016-10-28 00:00:00+09:00,2036.0,2039.0,2000.0,2024.0,535335.0
2016-10-31 00:00:00+09:00,2011.0,2042.0,1929.0,1931.0,924195.0
2016-11-01 00:00:00+09:00,1935.0,2042.0,1935.0,2018.0,872575.0
2016-11-02 00:00:00+09:00,2017.0,2121.0,2005.0,2062.0,1629443.0
2016-11-03 00:00:00+09:00,2060.0,2088.0,2000.0,2018.0,732530.0
2016-11-04 00:00:00+09:00,2020.0,2028.0,1965.0,1972.0,591902.0
2016-11-07 00:00:00+09:00,2005.0,2039.0,1989.0,2015.0,870409.0
2016-11-08 00:00:00+09:00,2025.0,2045.0,1973.0,2007.0,652600.0
2016-11-09 00:00:00+09:00,2000.0,2022.0,1694.0,1857.0,2869199.0
2016-11-10 00:00:00+09:00,1919.0,2033.0,1914.0,1982.0,2163271.0
2016-11-11 00:00:00+09:00,2031.0,2112.0,1981.0,2103.0,2331905.0
2016-11-14 00:00:00+09:00,2121.0,2331.0,2121.0,2229.0,6923833.0
2016-11-15 00:00:00+09:00,2191.0,2241.0,2121.0,2196.0,2306966.0
2016-11-16 00:00:00+09:00,2186.0,2208.0,2150.0,2193.0,1082920.0
2016-11-17 00:00:00+09:00,2150.0,2244.0,2150.0,2193.0,1391901.0
2016-11-18 00:00:00+09:00,2184.0,2186.0,1943.0,1969.0,3873464.0
2016-11-21 00:00:00+09:00,1949.0,1981.0,1899.0,1907.0,1735529.0
2016-11-22 00:00:00+09:00,1926.0,1935.0,1845.0,1917.0,1415333.0
2016-11-23 00:00:00+09:00,1894.0,1897.0,1850.0,1855.0,1311077.0
2016-11-24 00:00:00+09:00,1845.0,1864.0,1759.0,1761.0,1694194.0
2016-11-25 00:00:00+09:00,1755.0,1784.0,1713.0,1728.0,1547576.0
2016-11-28 00:00:00+09:00,1738.0,1738.0,1656.0,1671.0,1099449.0
2016-11-29 00:00:00+09:00,1667.0,1711.0,1662.0,1684.0,902949.0
2016-11-30 00:00:00+09:00,1669.0,1691.0,1628.0,1662.0,1344137.0
2016-12-01 00:00:00+09:00,1675.0,1738.0,1667.0,1717.0,1032585.0
2016-12-02 00:00:00+09:00,1716.0,1729.0,1675.0,1682.0,640354.0
2016-12-05 00:00:00+09:00,1686.0,1711.0,1643.0,1687.0,524282.0
2016-12-06 00:00:00+09:00,1700.0,1757.0,1697.0,1742.0,683934.0
2016-12-07 00:00:00+09:00,1741.0,1752.0,1711.0,1736.0,539677.0
2016-12-08 00:00:00+09:00,1735.0,1757.0,1718.0,1739.0,632527.0
2016-12-09 00:00:00+09:00,1735.0,1779.0,1722.0,1745.0,652757.0
2016-12-12 00:00:00+09:00,1798.0,1801.0,1755.0,1796.0,595275.0
2016-12-13 00:00:00+09:00,1795.0,1820.0,1773.0,1811.0,692473.0
2016-12-14 00:00:00+09:00,1814.0,1820.0,1711.0,1766.0,623479.0
2016-12-15 00:00:00+09:00,1755.0,1795.0,1718.0,1789.0,439178.0
2016-12-16 00:00:00+09:00,1787.0,1798.0,1749.0,1756.0,462007.0
2016-12-19 00:00:00+09:00,1757.0,1781.0,1743.0,1772.0,340070.0
2016-12-20 00:00:00+09:00,1755.0,1812.0,1755.0,1780.0,617247.0
2016-12-21 00:00:00+09:00,1781.0,1803.0,1768.0,1777.0,392005.0
2016-12-22 00:00:00+09:00,1790.0,1790.0,1755.0,1761.0,295639.0
2016-12-23 00:00:00+09:00,1759.0,1798.0,1743.0,1783.0,419836.0
2016-12-26 00:00:00+09:00,1773.0,1798.0,1765.0,1786.0,400407.0
2016-12-27 00:00:00+09:00,1784.0,1836.0,1784.0,1822.0,792395.0
2016-12-28 00:00:00+09:00,1831.0,1864.0,1801.0,1822.0,638856.0
2016-12-29 00:00:00+09:00,1803.0,1820.0,1779.0,1796.0,342983.0
2017-01-02 00:00:00+09:00,1795.0,1798.0,1776.0,1791.0,328212.0
2017-01-03 00:00:00+09:00,1793.0,1839.0,1793.0,1838.0,471197.0
2017-01-04 00:00:00+09:00,1847.0,1856.0,1814.0,1835.0,533569.0
2017-01-05 00:00:00+09:00,1836.0,1888.0,1814.0,1870.0,959889.0
2017-01-06 00:00:00+09:00,1877.0,1914.0,1860.0,1912.0,727336.0
2017-01-09 00:00:00+09:00,1935.0,1959.0,1914.0,1945.0,855678.0
2017-01-10 00:00:00+09:00,1946.0,1965.0,1902.0,1952.0,754542.0
2017-01-11 00:00:00+09:00,1962.0,2020.0,1956.0,2015.0,1289758.0
2017-01-12 00:00:00+09:00,2033.0,2036.0,1956.0,1987.0,711123.0
2017-01-13 00:00:00+09:00,1992.0,2017.0,1929.0,1960.0,782359.0
2017-01-16 00:00:00+09:00,1959.0,1959.0,1891.0,1928.0,672602.0
2017-01-17 00:00:00+09:00,1924.0,1952.0,1902.0,1914.0,447875.0
2017-01-18 00:00:00+09:00,1914.0,1931.0,1914.0,1931.0,578871.0
2017-01-19 00:00:00+09:00,1949.0,1949.0,1874.0,1876.0,500302.0
2017-01-20 00:00:00+09:00,1859.0,1886.0,1845.0,1849.0,399124.0
2017-01-23 00:00:00+09:00,1845.0,1850.0,1787.0,1789.0,862860.0
2017-01-24 00:00:00+09:00,1781.0,1801.0,1752.0,1775.0,514751.0
2017-01-25 00:00:00+09:00,1776.0,1798.0,1759.0,1763.0,320456.0
2017-01-26 00:00:00+09:00,1779.0,1839.0,1770.0,1832.0,607009.0
2017-01-31 00:00:00+09:00,1814.0,1818.0,1770.0,1775.0,490487.0
2017-02-01 00:00:00+09:00,1776.0,1820.0,1773.0,1801.0,463382.0
2017-02-02 00:00:00+09:00,1776.0,1809.0,1768.0,1769.0,488029.0
2017-02-03 00:00:00+09:00,1757.0,1773.0,1728.0,1756.0,673072.0
2017-02-06 00:00:00+09:00,1755.0,1763.0,1724.0,1753.0,347985.0
2017-02-07 00:00:00+09:00,1738.0,1755.0,1686.0,1706.0,880946.0
2017-02-08 00:00:00+09:00,1708.0,1724.0,1691.0,1711.0,390136.0
2017-02-09 00:00:00+09:00,1711.0,1739.0,1711.0,1739.0,460497.0
2017-02-10 00:00:00+09:00,1743.0,1781.0,1738.0,1753.0,461751.0
2017-02-13 00:00:00+09:00,1759.0,1798.0,1746.0,1772.0,430686.0
2017-02-14 00:00:00+09:00,1770.0,1795.0,1770.0,1786.0,369771.0
2017-02-15 00:00:00+09:00,1787.0,1807.0,1776.0,1786.0,375727.0
2017-02-16 00:00:00+09:00,1787.0,1787.0,1724.0,1750.0,854117.0
2017-02-17 00:00:00+09:00,1746.0,1757.0,1738.0,1748.0,474944.0
2017-02-20 00:00:00+09:00,1752.0,1763.0,1735.0,1756.0,250531.0
2017-02-21 00:00:00+09:00,1746.0,1779.0,1743.0,1772.0,364631.0
2017-02-22 00:00:00+09:00,1784.0,1829.0,1770.0,1811.0,934244.0
2017-02-23 00:00:00+09:00,1814.0,1818.0,1781.0,1800.0,379635.0
2017-02-24 00:00:00+09:00,1803.0,1803.0,1757.0,1772.0,557419.0
2017-02-27 00:00:00+09:00,1763.0,1790.0,1755.0,1780.0,294789.0
2017-02-28 00:00:00+09:00,1781.0,1787.0,1746.0,1756.0,610377.0
2017-03-02 00:00:00+09:00,1773.0,1853.0,1773.0,1843.0,1484633.0
2017-03-03 00:00:00+09:00,1845.0,1956.0,1842.0,1947.0,3038616.0
2017-03-06 00:00:00+09:00,1954.0,1992.0,1908.0,1958.0,2139562.0
2017-03-07 00:00:00+09:00,1940.0,2052.0,1915.0,1986.0,3196273.0
2017-03-08 00:00:00+09:00,1984.0,2048.0,1984.0,2048.0,1973882.0
2017-03-09 00:00:00+09:00,2039.0,2047.0,1992.0,1993.0,1202079.0
2017-03-10 00:00:00+09:00,1989.0,2009.0,1864.0,1947.0,2182569.0
2017-03-13 00:00:00+09:00,1956.0,1956.0,1869.0,1914.0,1336100.0
2017-03-14 00:00:00+09:00,1919.0,1989.0,1883.0,1934.0,1165018.0
2017-03-15 00:00:00+09:00,1914.0,1946.0,1904.0,1931.0,989733.0
2017-03-16 00:00:00+09:00,1929.0,1970.0,1921.0,1958.0,910511.0
2017-03-17 00:00:00+09:00,1970.0,1970.0,1935.0,1958.0,649201.0
2017-03-20 00:00:00+09:00,1943.0,1967.0,1943.0,1958.0,553428.0
2017-03-21 00:00:00+09:00,1954.0,2005.0,1954.0,1977.0,800279.0
2017-03-22 00:00:00+09:00,1946.0,1976.0,1869.0,1881.0,1615288.0
2017-03-23 00:00:00+09:00,1888.0,1914.0,1872.0,1907.0,969188.0
2017-03-24 00:00:00+09:00,1908.0,1915.0,1850.0,1884.0,832289.0
2017-03-27 00:00:00+09:00,1883.0,1883.0,1812.0,1816.0,1027903.0
2017-03-28 00:00:00+09:00,1808.0,1874.0,1807.0,1873.0,1204044.0
2017-03-29 00:00:00+09:00,1864.0,1883.0,1845.0,1881.0,483483.0
2017-03-30 00:00:00+09:00,1891.0,1891.0,1845.0,1865.0,362013.0
2017-03-31 00:00:00+09:00,1859.0,1921.0,1845.0,1895.0,862643.0
2017-04-03 00:00:00+09:00,1894.0,1897.0,1842.0,1876.0,475686.0
2017-04-04 00:00:00+09:00,1886.0,1891.0,1847.0,1859.0,457196.0
2017-04-05 00:00:00+09:00,1872.0,1883.0,1853.0,1870.0,349751.0
2017-04-06 00:00:00+09:00,1872.0,1888.0,1831.0,1855.0,480484.0
2017-04-07 00:00:00+09:00,1860.0,1877.0,1823.0,1843.0,449696.0
2017-04-10 00:00:00+09:00,1847.0,1847.0,1784.0,1811.0,719748.0
2017-04-11 00:00:00+09:00,1818.0,1834.0,1776.0,1811.0,575620.0
2017-04-12 00:00:00+09:00,1803.0,1831.0,1798.0,1824.0,301390.0
2017-04-13 00:00:00+09:00,1839.0,1839.0,1801.0,1805.0,365024.0
2017-04-14 00:00:00+09:00,1781.0,1814.0,1770.0,1783.0,442070.0
2017-04-17 00:00:00+09:00,1825.0,1853.0,1803.0,1843.0,401626.0
2017-04-18 00:00:00+09:00,1859.0,1859.0,1795.0,1811.0,629570.0
2017-04-19 00:00:00+09:00,1808.0,1808.0,1770.0,1783.0,623222.0
2017-04-20 00:00:00+09:00,1793.0,1793.0,1768.0,1780.0,368742.0
2017-04-21 00:00:00+09:00,1801.0,1801.0,1759.0,1783.0,451121.0
2017-04-24 00:00:00+09:00,1793.0,1793.0,1759.0,1772.0,443555.0
2017-04-25 00:00:00+09:00,1801.0,1979.0,1793.0,1925.0,4229861.0
2017-04-26 00:00:00+09:00,1956.0,2078.0,1956.0,2078.0,3982434.0
2017-04-27 00:00:00+09:00,2074.0,2138.0,2009.0,2094.0,2917144.0
2017-04-28 00:00:00+09:00,2094.0,2115.0,2033.0,2076.0,1086316.0
2017-05-02 00:00:00+09:00,2149.0,2149.0,2060.0,2083.0,1549186.0
2017-05-04 00:00:00+09:00,2085.0,2241.0,2085.0,2232.0,2436442.0
2017-05-08 00:00:00+09:00,2244.0,2244.0,2110.0,2138.0,1953426.0
2017-05-10 00:00:00+09:00,2153.0,2200.0,2099.0,2183.0,1677902.0
2017-05-11 00:00:00+09:00,2186.0,2205.0,2110.0,2117.0,1210396.0
2017-05-12 00:00:00+09:00,2118.0,2162.0,2099.0,2152.0,697612.0
2017-05-15 00:00:00+09:00,2150.0,2180.0,2118.0,2158.0,570723.0
2017-05-16 00:00:00+09:00,2173.0,2186.0,2101.0,2131.0,676883.0
2017-05-17 00:00:00+09:00,2153.0,2153.0,2069.0,2089.0,802513.0
2017-05-18 00:00:00+09:00,2050.0,2094.0,2042.0,2087.0,742507.0
2017-05-19 00:00:00+09:00,2110.0,2159.0,2080.0,2128.0,1101339.0
2017-05-22 00:00:00+09:00,2126.0,2143.0,2085.0,2119.0,580519.0
2017-05-23 00:00:00+09:00,2126.0,2282.0,2126.0,2275.0,2829709.0
2017-05-24 00:00:00+09:00,2291.0,2323.0,2205.0,2243.0,1541799.0
2017-05-25 00:00:00+09:00,2244.0,2350.0,2222.0,2324.0,2109537.0
2017-05-26 00:00:00+09:00,2336.0,2336.0,2246.0,2284.0,1416280.0
2017-05-29 00:00:00+09:00,2280.0,2280.0,2121.0,2136.0,2936372.0
2017-05-30 00:00:00+09:00,2159.0,2252.0,2159.0,2249.0,2335575.0
2017-05-31 00:00:00+09:00,2249.0,2312.0,2180.0,2183.0,2403861.0
2017-06-01 00:00:00+09:00,2208.0,2300.0,2208.0,2300.0,1591277.0
2017-06-02 00:00:00+09:00,2301.0,2335.0,2260.0,2305.0,845355.0
2017-06-05 00:00:00+09:00,2304.0,2381.0,2301.0,2352.0,1405122.0
2017-06-07 00:00:00+09:00,2346.0,2372.0,2287.0,2333.0,927997.0
2017-06-08 00:00:00+09:00,2326.0,2326.0,2249.0,2289.0,1281950.0
2017-06-09 00:00:00+09:00,2304.0,2304.0,2252.0,2269.0,585920.0
2017-06-12 00:00:00+09:00,2282.0,2377.0,2249.0,2369.0,1591601.0
2017-06-13 00:00:00+09:00,2391.0,2487.0,2391.0,2466.0,2858411.0
2017-06-14 00:00:00+09:00,2482.0,2591.0,2477.0,2521.0,2976009.0
2017-06-15 00:00:00+09:00,2526.0,2537.0,2400.0,2455.0,1561113.0
2017-06-16 00:00:00+09:00,2422.0,2449.0,2377.0,2390.0,1029126.0
2017-06-19 00:00:00+09:00,2397.0,2425.0,2285.0,2291.0,1910171.0
2017-06-20 00:00:00+09:00,2326.0,2394.0,2307.0,2319.0,2004889.0
2017-06-21 00:00:00+09:00,2291.0,2381.0,2287.0,2344.0,910304.0
2017-06-22 00:00:00+09:00,2416.0,2454.0,2321.0,2330.0,1362940.0
2017-06-23 00:00:00+09:00,2375.0,2388.0,2329.0,2352.0,639814.0
2017-06-26 00:00:00+09:00,2336.0,2364.0,2252.0,2275.0,1113072.0
2017-06-27 00:00:00+09:00,2285.0,2348.0,2214.0,2346.0,867981.0
2017-06-28 00:00:00+09:00,2323.0,2366.0,2225.0,2245.0,953059.0
2017-06-29 00:00:00+09:00,2274.0,2336.0,2269.0,2314.0,650214.0
2017-06-30 00:00:00+09:00,2298.0,2329.0,2280.0,2319.0,262007.0
2017-07-03 00:00:00+09:00,2318.0,2377.0,2293.0,2374.0,799451.0
2017-07-04 00:00:00+09:00,2400.0,2509.0,2391.0,2472.0,2598130.0
2017-07-05 00:00:00+09:00,2493.0,2493.0,2400.0,2425.0,1041893.0
2017-07-06 00:00:00+09:00,2430.0,2449.0,2359.0,2382.0,787789.0
2017-07-07 00:00:00+09:00,2366.0,2419.0,2359.0,2384.0,531359.0
2017-07-10 00:00:00+09:00,2377.0,2383.0,2315.0,2328.0,656112.0
2017-07-11 00:00:00+09:00,2326.0,2335.0,2246.0,2273.0,926621.0
2017-07-12 00:00:00+09:00,2271.0,2336.0,2263.0,2291.0,741978.0
2017-07-13 00:00:00+09:00,2269.0,2291.0,2241.0,2289.0,857110.0
2017-07-14 00:00:00+09:00,2312.0,2312.0,2222.0,2259.0,1194416.0
2017-07-17 00:00:00+09:00,2260.0,2280.0,2222.0,2259.0,522929.0
2017-07-18 00:00:00+09:00,2239.0,2269.0,2222.0,2238.0,638324.0
2017-07-19 00:00:00+09:00,2225.0,2252.0,2190.0,2212.0,554491.0
2017-07-20 00:00:00+09:00,2195.0,2230.0,2145.0,2215.0,1289935.0
2017-07-21 00:00:00+09:00,2214.0,2236.0,2164.0,2201.0,768718.0
2017-07-24 00:00:00+09:00,2191.0,2211.0,2159.0,2179.0,725322.0
2017-07-25 00:00:00+09:00,2233.0,2269.0,2186.0,2193.0,1284041.0
2017-07-26 00:00:00+09:00,2191.0,2249.0,2191.0,2232.0,731937.0
2017-07-27 00:00:00+09:00,2257.0,2257.0,2195.0,2221.0,517127.0
2017-07-28 00:00:00+09:00,2219.0,2257.0,2159.0,2179.0,669641.0
2017-07-31 00:00:00+09:00,2175.0,2256.0,2175.0,2256.0,791424.0
2017-08-01 00:00:00+09:00,2257.0,2361.0,2230.0,2341.0,1726434.0
2017-08-02 00:00:00+09:00,2336.0,2452.0,2321.0,2376.0,3518508.0
2017-08-03 00:00:00+09:00,2391.0,2391.0,2241.0,2253.0,1539142.0
2017-08-04 00:00:00+09:00,2293.0,2335.0,2257.0,2311.0,902188.0
2017-08-07 00:00:00+09:00,2323.0,2361.0,2291.0,2305.0,738604.0
2017-08-08 00:00:00+09:00,2304.0,2307.0,2241.0,2269.0,505725.0
2017-08-09 00:00:00+09:00,2255.0,2312.0,2246.0,2269.0,657130.0
2017-08-10 00:00:00+09:00,2252.0,2287.0,2135.0,2226.0,1095530.0
2017-08-11 00:00:00+09:00,2175.0,2200.0,2132.0,2147.0,952480.0
2017-08-14 00:00:00+09:00,2156.0,2164.0,2140.0,2158.0,393276.0
2017-08-16 00:00:00+09:00,2162.0,2200.0,2162.0,2173.0,324095.0
2017-08-17 00:00:00+09:00,2173.0,2214.0,2170.0,2204.0,453880.0
2017-08-18 00:00:00+09:00,2170.0,2195.0,2170.0,2179.0,258326.0
2017-08-21 00:00:00+09:00,2186.0,2197.0,2118.0,2122.0,835334.0
2017-08-22 00:00:00+09:00,2121.0,2150.0,2080.0,2093.0,621821.0
2017-08-23 00:00:00+09:00,2107.0,2124.0,2090.0,2098.0,370013.0
2017-08-24 00:00:00+09:00,2099.0,2110.0,2069.0,2089.0,388449.0
2017-08-25 00:00:00+09:00,2140.0,2222.0,2140.0,2188.0,1525546.0
2017-08-28 00:00:00+09:00,2178.0,2208.0,2149.0,2177.0,486711.0
2017-08-29 00:00:00+09:00,2197.0,2271.0,2184.0,2267.0,1159280.0
2017-08-30 00:00:00+09:00,2285.0,2335.0,2249.0,2319.0,1318138.0
2017-08-31 00:00:00+09:00,2291.0,2331.0,2266.0,2291.0,784116.0
2017-09-01 00:00:00+09:00,2287.0,2321.0,2274.0,2305.0,465919.0
2017-09-04 00:00:00+09:00,2186.0,2280.0,2186.0,2262.0,552163.0
2017-09-05 00:00:00+09:00,2291.0,2291.0,2211.0,2275.0,438193.0
2017-09-06 00:00:00+09:00,2246.0,2280.0,2219.0,2232.0,381033.0
2017-09-07 00:00:00+09:00,2230.0,2274.0,2230.0,2249.0,387020.0
2017-09-08 00:00:00+09:00,2271.0,2271.0,2197.0,2210.0,366185.0
2017-09-11 00:00:00+09:00,2222.0,2236.0,2162.0,2201.0,599124.0
2017-09-12 00:00:00+09:00,2190.0,2257.0,2186.0,2256.0,548574.0
2017-09-13 00:00:00+09:00,2269.0,2276.0,2180.0,2212.0,703953.0
2017-09-14 00:00:00+09:00,2205.0,2233.0,2186.0,2232.0,452887.0
2017-09-15 00:00:00+09:00,2236.0,2241.0,2191.0,2229.0,434722.0
2017-09-18 00:00:00+09:00,2257.0,2388.0,2241.0,2357.0,2500977.0
2017-09-19 00:00:00+09:00,2370.0,2438.0,2323.0,2357.0,1748102.0
2017-09-20 00:00:00+09:00,2391.0,2416.0,2296.0,2324.0,868512.0
2017-09-21 00:00:00+09:00,2323.0,2340.0,2249.0,2269.0,897808.0
2017-09-22 00:00:00+09:00,2282.0,2287.0,2208.0,2239.0,884795.0
2017-09-25 00:00:00+09:00,2214.0,2225.0,2110.0,2131.0,1625755.0
2017-09-26 00:00:00+09:00,2083.0,2175.0,2083.0,2152.0,710896.0
2017-09-27 00:00:00+09:00,2150.0,2203.0,2145.0,2188.0,455844.0
2017-09-28 00:00:00+09:00,2211.0,2214.0,2149.0,2184.0,361727.0
2017-09-29 00:00:00+09:00,2180.0,2222.0,2170.0,2183.0,543292.0
2017-10-10 00:00:00+09:00,2190.0,2197.0,2143.0,2149.0,589620.0
2017-10-11 00:00:00+09:00,2140.0,2175.0,2140.0,2158.0,367204.0
2017-10-12 00:00:00+09:00,2178.0,2186.0,2115.0,2133.0,725635.0
2017-10-13 00:00:00+09:00,2138.0,2138.0,2077.0,2100.0,992119.0
2017-10-16 00:00:00+09:00,2105.0,2135.0,2077.0,2098.0,352850.0
2017-10-17 00:00:00+09:00,2101.0,2138.0,2094.0,2106.0,525139.0
2017-10-18 00:00:00+09:00,2118.0,2118.0,2045.0,2076.0,805222.0
2017-10-19 00:00:00+09:00,2077.0,2121.0,2060.0,2076.0,476967.0
2017-10-20 00:00:00+09:00,2074.0,2132.0,2047.0,2131.0,396682.0
2017-10-23 00:00:00+09:00,2112.0,2124.0,2069.0,2083.0,343397.0
2017-10-24 00:00:00+09:00,2094.0,2105.0,2080.0,2093.0,193818.0
2017-10-25 00:00:00+09:00,2096.0,2110.0,2066.0,2067.0,404468.0
2017-10-26 00:00:00+09:00,2066.0,2099.0,2055.0,2062.0,408621.0
2017-10-27 00:00:00+09:00,2063.0,2179.0,2063.0,2179.0,1182493.0
2017-10-30 00:00:00+09:00,2197.0,2260.0,2178.0,2256.0,1472066.0
2017-10-31 00:00:00+09:00,2263.0,2340.0,2230.0,2308.0,1803506.0
2017-11-01 00:00:00+09:00,2323.0,2353.0,2280.0,2319.0,1540566.0
2017-11-02 00:00:00+09:00,2340.0,2377.0,2307.0,2369.0,1435614.0
2017-11-03 00:00:00+09:00,2301.0,2377.0,2269.0,2365.0,1378808.0
2017-11-06 00:00:00+09:00,2366.0,2460.0,2364.0,2459.0,1854142.0
2017-11-07 00:00:00+09:00,2460.0,2558.0,2315.0,2429.0,4044183.0
2017-11-08 00:00:00+09:00,2425.0,2467.0,2359.0,2464.0,1033608.0
2017-11-09 00:00:00+09:00,2462.0,2542.0,2425.0,2505.0,1174939.0
2017-11-10 00:00:00+09:00,2532.0,2542.0,2482.0,2521.0,880187.0
2017-11-13 00:00:00+09:00,2533.0,2537.0,2388.0,2412.0,1530922.0
2017-11-14 00:00:00+09:00,2411.0,2482.0,2370.0,2442.0,1413126.0
2017-11-15 00:00:00+09:00,2438.0,2462.0,2293.0,2322.0,1606120.0
2017-11-16 00:00:00+09:00,2370.0,2477.0,2336.0,2459.0,1693117.0
2017-11-17 00:00:00+09:00,2436.0,2723.0,2381.0,2652.0,5220737.0
2017-11-20 00:00:00+09:00,2684.0,2864.0,2684.0,2838.0,4278901.0
2017-11-21 00:00:00+09:00,2859.0,2864.0,2692.0,2773.0,2950898.0
2017-11-22 00:00:00+09:00,2760.0,2876.0,2690.0,2729.0,1371784.0
2017-11-23 00:00:00+09:00,2728.0,2837.0,2652.0,2817.0,1435764.0
2017-11-24 00:00:00+09:00,2826.0,2826.0,2708.0,2756.0,1061067.0
2017-11-27 00:00:00+09:00,2793.0,2793.0,2718.0,2746.0,727318.0
2017-11-28 00:00:00+09:00,2733.0,2798.0,2681.0,2767.0,1057280.0
2017-11-29 00:00:00+09:00,2766.0,2793.0,2701.0,2756.0,1477986.0
2017-11-30 00:00:00+09:00,2760.0,2798.0,2712.0,2724.0,1172524.0
2017-12-01 00:00:00+09:00,2708.0,2760.0,2665.0,2735.0,622954.0
2017-12-04 00:00:00+09:00,2733.0,2749.0,2681.0,2707.0,780458.0
2017-12-05 00:00:00+09:00,2723.0,2870.0,2684.0,2866.0,1519985.0
2017-12-06 00:00:00+09:00,2864.0,2892.0,2638.0,2691.0,2023130.0
2017-12-07 00:00:00+09:00,2681.0,2718.0,2586.0,2658.0,682158.0
2017-12-08 00:00:00+09:00,2673.0,2695.0,2556.0,2573.0,627557.0
2017-12-11 00:00:00+09:00,2572.0,2594.0,2484.0,2581.0,698438.0
2017-12-12 00:00:00+09:00,2594.0,2613.0,2442.0,2581.0,1133648.0
2017-12-13 00:00:00+09:00,2487.0,2487.0,2203.0,2297.0,5629229.0
2017-12-14 00:00:00+09:00,2293.0,2293.0,2197.0,2212.0,1707810.0
2017-12-15 00:00:00+09:00,2211.0,2269.0,2132.0,2269.0,1823822.0
2017-12-18 00:00:00+09:00,2252.0,2257.0,2184.0,2198.0,724739.0
2017-12-19 00:00:00+09:00,2164.0,2225.0,2135.0,2136.0,783027.0
2017-12-20 00:00:00+09:00,2132.0,2225.0,2099.0,2188.0,696333.0
2017-12-21 00:00:00+09:00,2149.0,2159.0,2077.0,2094.0,647616.0
2017-12-22 00:00:00+09:00,2107.0,2135.0,2101.0,2119.0,378764.0
2017-12-26 00:00:00+09:00,2121.0,2129.0,2080.0,2089.0,470466.0
2017-12-27 00:00:00+09:00,2055.0,2071.0,1926.0,1958.0,1730279.0
2017-12-28 00:00:00+09:00,1956.0,2031.0,1956.0,2015.0,500218.0
2018-01-02 00:00:00+09:00,2033.0,2107.0,2033.0,2106.0,655809.0
2018-01-03 00:00:00+09:00,2090.0,2153.0,2090.0,2152.0,571322.0
2018-01-04 00:00:00+09:00,2138.0,2219.0,2121.0,2183.0,686687.0
2018-01-05 00:00:00+09:00,2180.0,2211.0,2153.0,2193.0,316740.0
2018-01-08 00:00:00+09:00,2197.0,2200.0,2110.0,2152.0,609196.0
2018-01-09 00:00:00+09:00,2149.0,2230.0,2149.0,2204.0,687597.0
2018-01-10 00:00:00+09:00,2203.0,2331.0,2195.0,2314.0,1477866.0
2018-01-11 00:00:00+09:00,2335.0,2370.0,2269.0,2297.0,1101616.0
2018-01-12 00:00:00+09:00,2282.0,2400.0,2241.0,2398.0,1326893.0
2018-01-15 00:00:00+09:00,2408.0,2416.0,2276.0,2314.0,779022.0
2018-01-16 00:00:00+09:00,2307.0,2307.0,2186.0,2232.0,1118657.0
2018-01-17 00:00:00+09:00,2228.0,2228.0,2138.0,2173.0,592319.0
2018-01-18 00:00:00+09:00,2175.0,2280.0,2175.0,2253.0,703068.0
2018-01-19 00:00:00+09:00,2252.0,2315.0,2222.0,2278.0,425896.0
2018-01-22 00:00:00+09:00,2309.0,2309.0,2197.0,2284.0,307281.0
2018-01-23 00:00:00+09:00,2269.0,2336.0,2269.0,2324.0,431085.0
2018-01-24 00:00:00+09:00,2336.0,2356.0,2269.0,2297.0,397838.0
2018-01-25 00:00:00+09:00,2296.0,2386.0,2274.0,2352.0,809930.0
2018-01-26 00:00:00+09:00,2350.0,2372.0,2285.0,2324.0,592732.0
2018-01-29 00:00:00+09:00,2340.0,2479.0,2323.0,2448.0,1709430.0
2018-01-30 00:00:00+09:00,2454.0,2473.0,2383.0,2418.0,819922.0
2018-01-31 00:00:00+09:00,2416.0,2452.0,2342.0,2450.0,1326757.0
2018-02-01 00:00:00+09:00,2462.0,2509.0,2411.0,2436.0,640374.0
2018-02-02 00:00:00+09:00,2425.0,2427.0,2348.0,2374.0,481665.0
2018-02-05 00:00:00+09:00,2274.0,2321.0,2255.0,2289.0,492404.0
2018-02-06 00:00:00+09:00,2230.0,2230.0,2110.0,2152.0,1497839.0
2018-02-07 00:00:00+09:00,2180.0,2214.0,2132.0,2133.0,1100263.0
2018-02-08 00:00:00+09:00,2135.0,2186.0,2105.0,2158.0,997946.0
2018-02-09 00:00:00+09:00,2096.0,2129.0,2077.0,2128.0,688187.0
2018-02-12 00:00:00+09:00,2129.0,2159.0,2112.0,2125.0,311338.0
2018-02-13 00:00:00+09:00,2132.0,2153.0,2088.0,2111.0,754245.0
2018-02-14 00:00:00+09:00,2149.0,2164.0,2115.0,2155.0,433776.0
2018-02-19 00:00:00+09:00,2200.0,2205.0,2164.0,2179.0,422170.0
2018-02-20 00:00:00+09:00,2186.0,2280.0,2164.0,2245.0,642194.0
2018-02-21 00:00:00+09:00,2241.0,2244.0,2180.0,2212.0,422913.0
2018-02-22 00:00:00+09:00,2208.0,2208.0,2164.0,2184.0,349047.0
2018-02-23 00:00:00+09:00,2186.0,2217.0,2178.0,2198.0,364097.0
2018-02-26 00:00:00+09:00,2217.0,2375.0,2028.0,2198.0,1425449.0
2018-02-27 00:00:00+09:00,2236.0,2438.0,2230.0,2374.0,3572314.0
2018-02-28 00:00:00+09:00,2350.0,2411.0,2304.0,2354.0,1006946.0
2018-03-02 00:00:00+09:00,2301.0,2432.0,2280.0,2412.0,904826.0
2018-03-05 00:00:00+09:00,2427.0,2430.0,2340.0,2357.0,657485.0
2018-03-06 00:00:00+09:00,2359.0,2446.0,2359.0,2431.0,661645.0
2018-03-07 00:00:00+09:00,2430.0,2471.0,2372.0,2407.0,665142.0
2018-03-08 00:00:00+09:00,2436.0,2449.0,2394.0,2436.0,591842.0
2018-03-09 00:00:00+09:00,2449.0,2542.0,2438.0,2497.0,1381431.0
2018-03-12 00:00:00+09:00,2517.0,2526.0,2422.0,2455.0,835547.0
2018-03-13 00:00:00+09:00,2460.0,2484.0,2271.0,2308.0,1324261.0
2018-03-14 00:00:00+09:00,2788.0,2997.0,2788.0,2997.0,26171081.0
2018-03-15 00:00:00+09:00,2995.0,3411.0,2935.0,3052.0,24325441.0
2018-03-16 00:00:00+09:00,3116.0,3198.0,3045.0,3118.0,5340950.0
2018-03-19 00:00:00+09:00,3132.0,3132.0,3050.0,3107.0,1482187.0
2018-03-20 00:00:00+09:00,3062.0,3188.0,3062.0,3188.0,1092582.0
2018-03-21 00:00:00+09:00,3176.0,3242.0,3138.0,3156.0,1008205.0
2018-03-22 00:00:00+09:00,3170.0,3270.0,3105.0,3134.0,2814983.0
2018-03-23 00:00:00+09:00,3078.0,3226.0,3012.0,3063.0,1831352.0
2018-03-26 00:00:00+09:00,3062.0,3193.0,3056.0,3156.0,1225867.0
2018-03-27 00:00:00+09:00,3209.0,3351.0,3154.0,3325.0,3501301.0
2018-03-28 00:00:00+09:00,3319.0,3351.0,3187.0,3281.0,1617557.0
2018-03-29 00:00:00+09:00,3259.0,3302.0,3122.0,3173.0,1300911.0
2018-03-30 00:00:00+09:00,3187.0,3204.0,3062.0,3150.0,1547471.0
2018-04-02 00:00:00+09:00,3160.0,3176.0,3023.0,3063.0,1026582.0
2018-04-03 00:00:00+09:00,3035.0,3128.0,3029.0,3079.0,589731.0
2018-04-04 00:00:00+09:00,3078.0,3084.0,2984.0,3008.0,609499.0
2018-04-05 00:00:00+09:00,3023.0,3128.0,2995.0,3101.0,640648.0
2018-04-06 00:00:00+09:00,3100.0,3143.0,3045.0,3046.0,704454.0
2018-04-09 00:00:00+09:00,3045.0,3056.0,2935.0,2959.0,945953.0
2018-04-10 00:00:00+09:00,3007.0,3046.0,3007.0,3046.0,808684.0
2018-04-11 00:00:00+09:00,3045.0,3062.0,2990.0,3057.0,338900.0
2018-04-12 00:00:00+09:00,3050.0,3067.0,2969.0,3041.0,368601.0
2018-04-13 00:00:00+09:00,3078.0,3078.0,3001.0,3008.0,392275.0
2018-04-16 00:00:00+09:00,3012.0,3040.0,2969.0,2970.0,408722.0
2018-04-17 00:00:00+09:00,2969.0,3018.0,2963.0,2992.0,716384.0
2018-04-18 00:00:00+09:00,3029.0,3170.0,3023.0,3167.0,1747881.0
2018-04-19 00:00:00+09:00,3204.0,3226.0,3111.0,3222.0,1074360.0
2018-04-20 00:00:00+09:00,3220.0,3275.0,3160.0,3249.0,983577.0
2018-04-23 00:00:00+09:00,3264.0,3373.0,3204.0,3254.0,1947233.0
2018-04-24 00:00:00+09:00,3270.0,3270.0,3100.0,3205.0,877419.0
2018-04-25 00:00:00+09:00,3127.0,3275.0,3122.0,3254.0,671276.0
2018-04-26 00:00:00+09:00,3253.0,3483.0,3204.0,3397.0,3130578.0
2018-04-27 00:00:00+09:00,3378.0,3411.0,3253.0,3336.0,1597147.0
2018-04-30 00:00:00+09:00,3340.0,3456.0,3340.0,3435.0,1260697.0
2018-05-02 00:00:00+09:00,3499.0,3532.0,3395.0,3490.0,1401536.0
2018-05-03 00:00:00+09:00,3499.0,3636.0,3439.0,3560.0,1083060.0
2018-05-04 00:00:00+09:00,3592.0,3734.0,3587.0,3686.0,1285156.0
2018-05-08 00:00:00+09:00,3685.0,3708.0,3532.0,3577.0,902708.0
2018-05-09 00:00:00+09:00,3630.0,3636.0,3395.0,3577.0,756101.0
2018-05-10 00:00:00+09:00,3548.0,3739.0,3548.0,3736.0,759217.0
2018-05-11 00:00:00+09:00,3761.0,3816.0,3658.0,3752.0,1080760.0
2018-05-14 00:00:00+09:00,3739.0,3905.0,3739.0,3905.0,947124.0
2018-05-15 00:00:00+09:00,3925.0,4019.0,3854.0,3977.0,1101483.0
2018-05-16 00:00:00+09:00,3866.0,3936.0,3778.0,3877.0,886363.0
2018-05-17 00:00:00+09:00,3882.0,4030.0,3816.0,3845.0,775227.0
2018-05-18 00:00:00+09:00,3882.0,3905.0,3882.0,3905.0,473483.0
2018-05-21 00:00:00+09:00,3877.0,3931.0,3805.0,3828.0,423974.0
2018-05-23 00:00:00+09:00,3877.0,3877.0,3647.0,3828.0,1151162.0
2018-05-24 00:00:00+09:00,3794.0,3877.0,3734.0,3791.0,891665.0
2018-05-25 00:00:00+09:00,3592.0,3783.0,3559.0,3703.0,847339.0
2018-05-28 00:00:00+09:00,3828.0,3959.0,3805.0,3888.0,1082263.0
2018-05-29 00:00:00+09:00,3909.0,3914.0,3773.0,3812.0,753197.0
2018-05-30 00:00:00+09:00,3844.0,3871.0,3674.0,3796.0,1487942.0
2018-05-31 00:00:00+09:00,3794.0,3959.0,3756.0,3911.0,2861322.0
2018-06-19 00:00:00+09:00,3909.0,3918.0,3149.0,3162.0,4175001.0
2018-06-20 00:00:00+09:00,3172.0,3211.0,2929.0,3173.0,999178.0
2018-06-21 00:00:00+09:00,3137.0,3262.0,3059.0,3177.0,726013.0
2018-06-22 00:00:00+09:00,3101.0,3192.0,3059.0,3122.0,344751.0
2018-06-25 00:00:00+09:00,3125.0,3227.0,3105.0,3110.0,196540.0
2018-06-26 00:00:00+09:00,3059.0,3176.0,3059.0,3098.0,198705.0
2018-06-27 00:00:00+09:00,3153.0,3184.0,3062.0,3138.0,376882.0
2018-06-28 00:00:00+09:00,3137.0,3278.0,3121.0,3185.0,217546.0
2018-06-29 00:00:00+09:00,3184.0,3294.0,3145.0,3264.0,114311.0
2018-07-02 00:00:00+09:00,3290.0,3294.0,3176.0,3248.0,170701.0
2018-07-03 00:00:00+09:00,3282.0,3301.0,3114.0,3201.0,135565.0
2018-07-04 00:00:00+09:00,3149.0,3271.0,3149.0,3216.0,69027.0
2018-07-05 00:00:00+09:00,3243.0,3243.0,3129.0,3216.0,140496.0
2018-07-06 00:00:00+09:00,3153.0,3259.0,3153.0,3208.0,59190.0
2018-07-09 00:00:00+09:00,3262.0,3262.0,3086.0,3188.0,246559.0
2018-07-10 00:00:00+09:00,3207.0,3231.0,3114.0,3177.0,43978.0
2018-07-11 00:00:00+09:00,3176.0,3193.0,3176.0,3193.0,102989.0
2018-07-12 00:00:00+09:00,3137.0,3188.0,3105.0,3138.0,131296.0
2018-07-13 00:00:00+09:00,3125.0,3204.0,3090.0,3134.0,163680.0
2018-07-16 00:00:00+09:00,3137.0,3168.0,3078.0,3134.0,96986.0
2018-07-17 00:00:00+09:00,3133.0,3133.0,3035.0,3063.0,148583.0
2018-07-18 00:00:00+09:00,3090.0,3090.0,2902.0,2934.0,124839.0
2018-07-19 00:00:00+09:00,2964.0,2964.0,2748.0,2753.0,789365.0
2018-07-20 00:00:00+09:00,2753.0,2863.0,2670.0,2832.0,118763.0
2018-07-23 00:00:00+09:00,2831.0,2964.0,2784.0,2911.0,97657.0
2018-07-24 00:00:00+09:00,2937.0,3043.0,2784.0,3020.0,105154.0
2018-07-25 00:00:00+09:00,3020.0,3070.0,2863.0,3001.0,224710.0
2018-07-26 00:00:00+09:00,2999.0,3059.0,2929.0,3001.0,33545.0
2018-07-27 00:00:00+09:00,3055.0,3055.0,2917.0,3040.0,66032.0
2018-07-30 00:00:00+09:00,3050.0,3090.0,3020.0,3068.0,49953.0
2018-07-31 00:00:00+09:00,3059.0,3075.0,2917.0,3040.0,153136.0
2018-08-01 00:00:00+09:00,3039.0,3043.0,2870.0,2922.0,266660.0
2018-08-02 00:00:00+09:00,2953.0,2953.0,2745.0,2812.0,276903.0
2018-08-03 00:00:00+09:00,2815.0,2850.0,2784.0,2847.0,101378.0
2018-08-06 00:00:00+09:00,2847.0,3043.0,2819.0,2844.0,208368.0
2018-08-07 00:00:00+09:00,2831.0,2929.0,2824.0,2859.0,100379.0
2018-08-08 00:00:00+09:00,2863.0,3020.0,2859.0,2953.0,174256.0
2018-08-09 00:00:00+09:00,2999.0,3004.0,2863.0,2891.0,117193.0
2018-08-10 00:00:00+09:00,2890.0,2944.0,2827.0,2902.0,123243.0
2018-08-13 00:00:00+09:00,2902.0,2933.0,2713.0,2738.0,177952.0
2018-08-14 00:00:00+09:00,2713.0,2768.0,2674.0,2761.0,140160.0
2018-08-16 00:00:00+09:00,2745.0,2824.0,2678.0,2761.0,106054.0
2018-08-17 00:00:00+09:00,2764.0,2776.0,2666.0,2699.0,176520.0
2018-08-20 00:00:00+09:00,2757.0,2799.0,2686.0,2789.0,192759.0
2018-08-21 00:00:00+09:00,2843.0,2949.0,2780.0,2942.0,156120.0
2018-08-22 00:00:00+09:00,2894.0,3020.0,2886.0,2926.0,230105.0
2018-08-23 00:00:00+09:00,3008.0,3047.0,2799.0,2872.0,204283.0
2018-08-24 00:00:00+09:00,2827.0,2894.0,2796.0,2879.0,143849.0
2018-08-27 00:00:00+09:00,2902.0,2902.0,2803.0,2856.0,124985.0
2018-08-28 00:00:00+09:00,2815.0,2949.0,2815.0,2918.0,84948.0
2018-08-29 00:00:00+09:00,2870.0,2972.0,2870.0,2969.0,49713.0
2018-08-30 00:00:00+09:00,2921.0,3052.0,2921.0,3052.0,194386.0
2018-08-31 00:00:00+09:00,3008.0,3043.0,2956.0,2965.0,82176.0
2018-09-03 00:00:00+09:00,2988.0,3047.0,2902.0,2992.0,93605.0
2018-09-04 00:00:00+09:00,2941.0,3035.0,2941.0,2989.0,35716.0
2018-09-05 00:00:00+09:00,2988.0,3165.0,2988.0,3114.0,207828.0
2018-09-06 00:00:00+09:00,3114.0,3172.0,3070.0,3162.0,107433.0
2018-09-07 00:00:00+09:00,3172.0,3192.0,3110.0,3142.0,124770.0
2018-09-10 00:00:00+09:00,3101.0,3176.0,3098.0,3165.0,44041.0
2018-09-11 00:00:00+09:00,3195.0,3195.0,3110.0,3162.0,77094.0
2018-09-12 00:00:00+09:00,3114.0,3188.0,3094.0,3153.0,87561.0
2018-09-13 00:00:00+09:00,3168.0,3341.0,3114.0,3240.0,235234.0
2018-09-14 00:00:00+09:00,3313.0,3342.0,3313.0,3342.0,142136.0
2018-09-17 00:00:00+09:00,3278.0,3482.0,3278.0,3464.0,312611.0
2018-09-18 00:00:00+09:00,3471.0,3580.0,3435.0,3538.0,268310.0
2018-09-19 00:00:00+09:00,3537.0,3584.0,3388.0,3522.0,190573.0
2018-09-20 00:00:00+09:00,3545.0,3545.0,3298.0,3487.0,150331.0
2018-09-21 00:00:00+09:00,3486.0,3592.0,3455.0,3577.0,77761.0
2018-09-27 00:00:00+09:00,3577.0,3682.0,3529.0,3577.0,65945.0
2018-09-28 00:00:00+09:00,3612.0,3623.0,3482.0,3585.0,72986.0
2018-10-01 00:00:00+09:00,3592.0,3643.0,3513.0,3545.0,37133.0
2018-10-02 00:00:00+09:00,3561.0,3828.0,3533.0,3679.0,492984.0
2018-10-04 00:00:00+09:00,3725.0,3725.0,3525.0,3577.0,131533.0
2018-10-05 00:00:00+09:00,3572.0,3667.0,3494.0,3577.0,80537.0
2018-10-08 00:00:00+09:00,3490.0,3557.0,3372.0,3420.0,127957.0
2018-10-10 00:00:00+09:00,3419.0,3482.0,3294.0,3354.0,73506.0
2018-10-11 00:00:00+09:00,3223.0,3349.0,3176.0,3240.0,141602.0
2018-10-12 00:00:00+09:00,3239.0,3506.0,3160.0,3365.0,72509.0
2018-10-15 00:00:00+09:00,3419.0,3490.0,3365.0,3452.0,128220.0
2018-10-16 00:00:00+09:00,3419.0,3490.0,3376.0,3440.0,30450.0
2018-10-17 00:00:00+09:00,3451.0,3537.0,3451.0,3487.0,101676.0
2018-10-18 00:00:00+09:00,3490.0,3490.0,3356.0,3425.0,38411.0
2018-10-19 00:00:00+09:00,3416.0,3423.0,3321.0,3385.0,27380.0
2018-10-22 00:00:00+09:00,3549.0,3549.0,3306.0,3373.0,57854.0
2018-10-23 00:00:00+09:00,3333.0,3447.0,3055.0,3220.0,55024.0
2018-10-24 00:00:00+09:00,3216.0,3819.0,3172.0,3676.0,3057802.0
2018-10-25 00:00:00+09:00,3812.0,3898.0,3451.0,3805.0,4663309.0
2018-10-26 00:00:00+09:00,3709.0,3737.0,3271.0,3322.0,1969101.0
2018-10-29 00:00:00+09:00,3227.0,3400.0,3047.0,3149.0,930538.0
2018-10-30 00:00:00+09:00,3075.0,3246.0,3066.0,3213.0,531085.0
2018-10-31 00:00:00+09:00,3188.0,3490.0,3133.0,3440.0,790828.0
2018-11-01 00:00:00+09:00,3458.0,3494.0,3243.0,3279.0,437155.0
2018-11-02 00:00:00+09:00,3368.0,3471.0,3255.0,3444.0,455096.0
2018-11-05 00:00:00+09:00,3451.0,3631.0,3329.0,3510.0,733832.0
2018-11-06 00:00:00+09:00,3474.0,3819.0,3474.0,3706.0,1286406.0
2018-11-07 00:00:00+09:00,3686.0,3859.0,3294.0,3420.0,4421151.0
2018-11-08 00:00:00+09:00,3529.0,3564.0,3423.0,3464.0,2438319.0
2018-11-09 00:00:00+09:00,3462.0,3497.0,3326.0,3436.0,751228.0
2018-11-12 00:00:00+09:00,3458.0,3490.0,3352.0,3436.0,409023.0
2018-11-13 00:00:00+09:00,3349.0,3506.0,3278.0,3455.0,460104.0
2018-11-14 00:00:00+09:00,3419.0,3474.0,3341.0,3420.0,274370.0
2018-11-15 00:00:00+09:00,3419.0,3439.0,3294.0,3409.0,206682.0
2018-11-16 00:00:00+09:00,3419.0,3439.0,3333.0,3428.0,233142.0
2018-11-19 00:00:00+09:00,3435.0,3552.0,3372.0,3530.0,336877.0
2018-11-20 00:00:00+09:00,3490.0,3687.0,3490.0,3687.0,1118034.0
2018-11-21 00:00:00+09:00,3616.0,3686.0,3552.0,3593.0,401044.0
2018-11-22 00:00:00+09:00,3588.0,3639.0,3497.0,3593.0,375424.0
2018-11-23 00:00:00+09:00,3616.0,3616.0,3443.0,3506.0,270879.0
2018-11-26 00:00:00+09:00,3416.0,3568.0,3376.0,3545.0,341041.0
2018-11-27 00:00:00+09:00,3568.0,3577.0,3458.0,3506.0,129869.0
2018-11-28 00:00:00+09:00,3513.0,3557.0,3467.0,3506.0,251351.0
2018-11-29 00:00:00+09:00,3549.0,3549.0,3356.0,3483.0,234129.0
2018-11-30 00:00:00+09:00,3443.0,3663.0,3416.0,3616.0,421906.0
2018-12-03 00:00:00+09:00,3612.0,4024.0,3557.0,4001.0,1845835.0
2018-12-04 00:00:00+09:00,3953.0,4432.0,3890.0,4126.0,2313773.0
2018-12-05 00:00:00+09:00,4008.0,4384.0,4008.0,4299.0,1506748.0
2018-12-06 00:00:00+09:00,4314.0,4392.0,4110.0,4377.0,929078.0
2018-12-07 00:00:00+09:00,4251.0,4423.0,4188.0,4284.0,535161.0
2018-12-10 00:00:00+09:00,4180.0,4526.0,4149.0,4307.0,1124667.0
2018-12-11 00:00:00+09:00,4259.0,4510.0,4196.0,4448.0,720866.0
2018-12-12 00:00:00+09:00,4502.0,4588.0,4368.0,4432.0,832215.0
2018-12-13 00:00:00+09:00,4392.0,4604.0,4384.0,4510.0,608054.0
2018-12-14 00:00:00+09:00,4619.0,4784.0,4502.0,4628.0,1270964.0
2018-12-17 00:00:00+09:00,4706.0,4722.0,4502.0,4542.0,507877.0
2018-12-18 00:00:00+09:00,4471.0,4526.0,4314.0,4487.0,598065.0
2018-12-19 00:00:00+09:00,4487.0,4517.0,4266.0,4480.0,400138.0
2018-12-20 00:00:00+09:00,4400.0,4494.0,4306.0,4354.0,397042.0
2018-12-21 00:00:00+09:00,4259.0,4368.0,4133.0,4213.0,937066.0
2018-12-24 00:00:00+09:00,4188.0,4243.0,4039.0,4158.0,384034.0
2018-12-26 00:00:00+09:00,4039.0,4204.0,4039.0,4118.0,304239.0
2018-12-27 00:00:00+09:00,4133.0,4275.0,4078.0,4079.0,281755.0
2018-12-28 00:00:00+09:00,4157.0,4220.0,4039.0,4142.0,227657.0
2019-01-02 00:00:00+09:00,4196.0,4211.0,3914.0,4001.0,279023.0
2019-01-03 00:00:00+09:00,4008.0,4220.0,3921.0,4087.0,427649.0
2019-01-04 00:00:00+09:00,4094.0,4196.0,3929.0,4158.0,256808.0
2019-01-07 00:00:00+09:00,4314.0,4314.0,4094.0,4181.0,300507.0
2019-01-08 00:00:00+09:00,4196.0,4220.0,3937.0,4095.0,417583.0
2019-01-09 00:00:00+09:00,4078.0,4141.0,4024.0,4111.0,158457.0
2019-01-10 00:00:00+09:00,4141.0,4165.0,3984.0,4079.0,181280.0
2019-01-11 00:00:00+09:00,4024.0,4400.0,4024.0,4323.0,528373.0
2019-01-14 00:00:00+09:00,4321.0,4462.0,4243.0,4385.0,356764.0
2019-01-15 00:00:00+09:00,4384.0,4510.0,4306.0,4455.0,324223.0
2019-01-16 00:00:00+09:00,4533.0,4533.0,4321.0,4409.0,278603.0
2019-01-17 00:00:00+09:00,4408.0,4502.0,4314.0,4425.0,255275.0
2019-01-18 00:00:00+09:00,4423.0,4478.0,4345.0,4432.0,117269.0
2019-01-21 00:00:00+09:00,4432.0,4738.0,4384.0,4535.0,1067215.0
2019-01-22 00:00:00+09:00,4533.0,4565.0,4432.0,4535.0,162950.0
2019-01-23 00:00:00+09:00,4487.0,4628.0,4478.0,4558.0,121345.0
2019-01-24 00:00:00+09:00,4557.0,4690.0,4478.0,4676.0,245632.0
2019-01-25 00:00:00+09:00,4738.0,4949.0,4713.0,4887.0,836409.0
2019-01-28 00:00:00+09:00,4941.0,5208.0,4925.0,5068.0,1017253.0
2019-01-29 00:00:00+09:00,5176.0,5294.0,5028.0,5287.0,988487.0
2019-01-30 00:00:00+09:00,5318.0,5381.0,5169.0,5381.0,367734.0
2019-01-31 00:00:00+09:00,4628.0,4706.0,4172.0,4362.0,6487037.0
2019-02-01 00:00:00+09:00,4384.0,4392.0,3976.0,4118.0,2822292.0
2019-02-07 00:00:00+09:00,4188.0,4314.0,4133.0,4189.0,1295561.0
2019-02-08 00:00:00+09:00,4251.0,4384.0,4211.0,4377.0,678235.0
2019-02-11 00:00:00+09:00,4392.0,4416.0,4188.0,4229.0,528071.0
2019-02-12 00:00:00+09:00,4165.0,4337.0,4118.0,4229.0,618447.0
2019-02-13 00:00:00+09:00,4220.0,4227.0,3937.0,3962.0,986692.0
2019-02-14 00:00:00+09:00,3953.0,3953.0,3690.0,3766.0,1203336.0
2019-02-15 00:00:00+09:00,3757.0,3757.0,3525.0,3609.0,1186887.0
2019-02-18 00:00:00+09:00,3647.0,3663.0,3525.0,3621.0,554581.0
2019-02-19 00:00:00+09:00,3619.0,3882.0,3612.0,3832.0,794119.0
2019-02-20 00:00:00+09:00,3843.0,3929.0,3761.0,3844.0,444018.0
2019-02-21 00:00:00+09:00,3906.0,3906.0,3792.0,3875.0,286185.0
2019-02-22 00:00:00+09:00,3874.0,3886.0,3718.0,3808.0,457702.0
2019-02-25 00:00:00+09:00,3748.0,3890.0,3748.0,3879.0,266809.0
2019-02-26 00:00:00+09:00,3909.0,3914.0,3828.0,3856.0,241078.0
2019-02-27 00:00:00+09:00,3854.0,3906.0,3761.0,3785.0,209076.0
2019-02-28 00:00:00+09:00,3815.0,3815.0,3674.0,3683.0,240529.0
2019-03-04 00:00:00+09:00,3678.0,3863.0,3678.0,3796.0,433293.0
2019-03-05 00:00:00+09:00,3831.0,3831.0,3741.0,3793.0,128255.0
2019-03-06 00:00:00+09:00,3792.0,3859.0,3776.0,3816.0,165350.0
2019-03-07 00:00:00+09:00,3843.0,3843.0,3753.0,3773.0,223372.0
2019-03-08 00:00:00+09:00,3773.0,3784.0,3647.0,3687.0,238958.0
2019-03-11 00:00:00+09:00,3686.0,3718.0,3592.0,3648.0,144522.0
2019-03-12 00:00:00+09:00,3647.0,3745.0,3647.0,3706.0,94852.0
2019-03-13 00:00:00+09:00,3761.0,3859.0,3706.0,3836.0,267222.0
2019-03-14 00:00:00+09:00,3874.0,3874.0,3792.0,3816.0,182088.0
2019-03-15 00:00:00+09:00,3854.0,3867.0,3757.0,3757.0,184762.0
2019-03-18 00:00:00+09:00,3773.0,3992.0,3773.0,3977.0,558348.0
2019-03-19 00:00:00+09:00,3969.0,4039.0,3937.0,3977.0,327220.0
2019-03-20 00:00:00+09:00,3984.0,3999.0,3894.0,3993.0,278895.0
2019-03-21 00:00:00+09:00,3999.0,4039.0,3843.0,3953.0,313838.0
2019-03-22 00:00:00+09:00,3984.0,3984.0,3815.0,3902.0,230943.0
2019-03-25 00:00:00+09:00,3803.0,3953.0,3741.0,3766.0,266238.0
2019-03-26 00:00:00+09:00,3859.0,3859.0,3733.0,3773.0,72097.0
2019-03-27 00:00:00+09:00,3773.0,3843.0,3647.0,3699.0,124688.0
2019-03-28 00:00:00+09:00,3706.0,3706.0,3603.0,3648.0,188933.0
2019-03-29 00:00:00+09:00,3713.0,3753.0,3616.0,3750.0,80525.0
2019-04-01 00:00:00+09:00,3788.0,3921.0,3788.0,3840.0,114577.0
2019-04-02 00:00:00+09:00,3843.0,3867.0,3725.0,3773.0,199654.0
2019-04-03 00:00:00+09:00,3773.0,3808.0,3709.0,3781.0,66795.0
2019-04-04 00:00:00+09:00,3819.0,3819.0,3725.0,3777.0,111043.0
2019-04-05 00:00:00+09:00,3748.0,3796.0,3706.0,3766.0,173536.0
2019-04-08 00:00:00+09:00,3803.0,3803.0,3663.0,3683.0,237765.0
2019-04-09 00:00:00+09:00,3682.0,3706.0,3651.0,3687.0,151124.0
2019-04-10 00:00:00+09:00,3682.0,3702.0,3631.0,3663.0,123996.0
2019-04-11 00:00:00+09:00,3686.0,3773.0,3655.0,3722.0,292489.0
2019-04-12 00:00:00+09:00,3702.0,3737.0,3663.0,3687.0,243953.0
2019-04-15 00:00:00+09:00,3686.0,3764.0,3674.0,3715.0,195042.0
2019-04-16 00:00:00+09:00,3698.0,3718.0,3572.0,3609.0,403906.0
2019-04-17 00:00:00+09:00,3596.0,3607.0,3239.0,3342.0,1905633.0
2019-04-18 00:00:00+09:00,3356.0,3419.0,3286.0,3349.0,474995.0
2019-04-19 00:00:00+09:00,3388.0,3432.0,3313.0,3326.0,211386.0
2019-04-22 00:00:00+09:00,3368.0,3368.0,3216.0,3267.0,281918.0
2019-04-23 00:00:00+09:00,3235.0,3356.0,3235.0,3267.0,273890.0
2019-04-24 00:00:00+09:00,3266.0,3313.0,3192.0,3208.0,232111.0
2019-04-25 00:00:00+09:00,3235.0,3235.0,3059.0,3063.0,451482.0
2019-04-26 00:00:00+09:00,3059.0,3156.0,3050.0,3068.0,157444.0
2019-04-29 00:00:00+09:00,3062.0,3156.0,3062.0,3130.0,116564.0
2019-04-30 00:00:00+09:00,3129.0,3129.0,3082.0,3118.0,88961.0
2019-05-02 00:00:00+09:00,3117.0,3246.0,3101.0,3193.0,225358.0
2019-05-03 00:00:00+09:00,3168.0,3207.0,3165.0,3197.0,76199.0
2019-05-07 00:00:00+09:00,3176.0,3192.0,3078.0,3146.0,69656.0
2019-05-08 00:00:00+09:00,3094.0,3180.0,3094.0,3146.0,85452.0
2019-05-09 00:00:00+09:00,3121.0,3137.0,3008.0,3048.0,225173.0
2019-05-10 00:00:00+09:00,3062.0,3129.0,2956.0,3032.0,251719.0
2019-05-13 00:00:00+09:00,3031.0,3078.0,2933.0,2950.0,117202.0
2019-05-14 00:00:00+09:00,2921.0,2941.0,2824.0,2891.0,309157.0
2019-05-15 00:00:00+09:00,2850.0,3290.0,2850.0,3153.0,282845.0
2019-05-16 00:00:00+09:00,3082.0,3356.0,3082.0,3326.0,1118090.0
2019-05-17 00:00:00+09:00,3259.0,3301.0,3031.0,3059.0,838313.0
2019-05-20 00:00:00+09:00,3059.0,3345.0,3020.0,3310.0,1024426.0
2019-05-21 00:00:00+09:00,3294.0,3372.0,3211.0,3267.0,284376.0
2019-05-22 00:00:00+09:00,3356.0,3361.0,3220.0,3287.0,134185.0
2019-05-23 00:00:00+09:00,3227.0,3255.0,3020.0,3146.0,470058.0
2019-05-24 00:00:00+09:00,3133.0,3133.0,2949.0,3028.0,288218.0
2019-05-27 00:00:00+09:00,3090.0,3090.0,2902.0,2953.0,186798.0
2019-05-28 00:00:00+09:00,2956.0,3055.0,2956.0,3008.0,89639.0
2019-05-29 00:00:00+09:00,2992.0,2992.0,2905.0,2922.0,156887.0
2019-05-30 00:00:00+09:00,2886.0,2929.0,2866.0,2922.0,145799.0
2019-05-31 00:00:00+09:00,2863.0,2969.0,2863.0,2957.0,77032.0
2019-06-03 00:00:00+09:00,2956.0,2956.0,2843.0,2946.0,124614.0
2019-06-04 00:00:00+09:00,2914.0,2980.0,2909.0,2934.0,91040.0
2019-06-05 00:00:00+09:00,2995.0,2995.0,2929.0,2957.0,58899.0
2019-06-07 00:00:00+09:00,2917.0,3031.0,2909.0,3020.0,110249.0
2019-06-10 00:00:00+09:00,3059.0,3059.0,3004.0,3028.0,77897.0
2019-06-11 00:00:00+09:00,3027.0,3105.0,3004.0,3098.0,123788.0
2019-06-12 00:00:00+09:00,3129.0,3172.0,3078.0,3122.0,157421.0
2019-06-13 00:00:00+09:00,3153.0,3153.0,3075.0,3122.0,54942.0
2019-06-14 00:00:00+09:00,3121.0,3133.0,3082.0,3098.0,71403.0
2019-06-17 00:00:00+09:00,3098.0,3145.0,3059.0,3114.0,68846.0
2019-06-18 00:00:00+09:00,3098.0,3137.0,3043.0,3098.0,99992.0
2019-06-19 00:00:00+09:00,3105.0,3125.0,3059.0,3083.0,112932.0
2019-06-20 00:00:00+09:00,3082.0,3125.0,3023.0,3059.0,176994.0
2019-06-21 00:00:00+09:00,3075.0,3075.0,3020.0,3048.0,87388.0
2019-06-24 00:00:00+09:00,3020.0,3246.0,3020.0,3114.0,281097.0
2019-06-25 00:00:00+09:00,3114.0,3156.0,2999.0,3059.0,167039.0
2019-06-26 00:00:00+09:00,3059.0,3066.0,2988.0,2992.0,191254.0
2019-06-27 00:00:00+09:00,3066.0,3066.0,2929.0,2969.0,165729.0
2019-06-28 00:00:00+09:00,3015.0,3015.0,2882.0,2922.0,170392.0
2019-07-01 00:00:00+09:00,2902.0,3047.0,2902.0,3004.0,108424.0
2019-07-02 00:00:00+09:00,3043.0,3055.0,2909.0,2950.0,111107.0
2019-07-03 00:00:00+09:00,2949.0,2988.0,2909.0,2950.0,69470.0
2019-07-04 00:00:00+09:00,2925.0,2953.0,2839.0,2867.0,184867.0
2019-07-05 00:00:00+09:00,2925.0,2925.0,2803.0,2844.0,196497.0
2019-07-08 00:00:00+09:00,2839.0,2839.0,2690.0,2714.0,209418.0
2019-07-09 00:00:00+09:00,2713.0,2729.0,2587.0,2640.0,211531.0
2019-07-10 00:00:00+09:00,2693.0,2698.0,2619.0,2683.0,87876.0
2019-07-11 00:00:00+09:00,2705.0,2753.0,2682.0,2730.0,79378.0
2019-07-12 00:00:00+09:00,2713.0,2796.0,2698.0,2777.0,95731.0
2019-07-15 00:00:00+09:00,2808.0,2808.0,2639.0,2683.0,120821.0
2019-07-16 00:00:00+09:00,2690.0,2729.0,2647.0,2683.0,65307.0
2019-07-17 00:00:00+09:00,2670.0,2690.0,2615.0,2656.0,76314.0
2019-07-18 00:00:00+09:00,2639.0,2698.0,2607.0,2667.0,90617.0
2019-07-19 00:00:00+09:00,2643.0,2693.0,2643.0,2679.0,29630.0
2019-07-22 00:00:00+09:00,2698.0,2721.0,2674.0,2702.0,42135.0
2019-07-23 00:00:00+09:00,2702.0,2718.0,2666.0,2686.0,76062.0
2019-07-24 00:00:00+09:00,2658.0,2693.0,2627.0,2667.0,93432.0
2019-07-25 00:00:00+09:00,2666.0,2666.0,2482.0,2557.0,136948.0
2019-07-26 00:00:00+09:00,2557.0,2557.0,2490.0,2538.0,58413.0
2019-07-29 00:00:00+09:00,2580.0,2587.0,2380.0,2428.0,124938.0
2019-07-30 00:00:00+09:00,2427.0,2494.0,2388.0,2424.0,179595.0
2019-07-31 00:00:00+09:00,2462.0,2467.0,2349.0,2451.0,212921.0
2019-08-01 00:00:00+09:00,2447.0,2490.0,2400.0,2432.0,128457.0
2019-08-02 00:00:00+09:00,2431.0,2458.0,2361.0,2409.0,64259.0
2019-08-05 00:00:00+09:00,2458.0,2458.0,2180.0,2251.0,299607.0
2019-08-06 00:00:00+09:00,2172.0,2246.0,2043.0,2118.0,186250.0
2019-08-07 00:00:00+09:00,2176.0,2207.0,2121.0,2197.0,87285.0
2019-08-08 00:00:00+09:00,2191.0,2258.0,2191.0,2244.0,105168.0
2019-08-09 00:00:00+09:00,2274.0,2345.0,2255.0,2338.0,71262.0
2019-08-12 00:00:00+09:00,2301.0,2427.0,2301.0,2354.0,83490.0
2019-08-13 00:00:00+09:00,2336.0,2349.0,2262.0,2267.0,86740.0
2019-08-14 00:00:00+09:00,2270.0,2313.0,2239.0,2306.0,182523.0
2019-08-16 00:00:00+09:00,2274.0,2301.0,2219.0,2267.0,138472.0
2019-08-19 00:00:00+09:00,2243.0,2400.0,2243.0,2349.0,155155.0
2019-08-20 00:00:00+09:00,2352.0,2580.0,2333.0,2479.0,322945.0
2019-08-21 00:00:00+09:00,2513.0,2654.0,2482.0,2605.0,311131.0
2019-08-22 00:00:00+09:00,2658.0,2663.0,2557.0,2624.0,244047.0
2019-08-23 00:00:00+09:00,2623.0,2658.0,2545.0,2561.0,152246.0
2019-08-26 00:00:00+09:00,2506.0,2521.0,2451.0,2460.0,143238.0
2019-08-27 00:00:00+09:00,2462.0,2529.0,2447.0,2479.0,67092.0
2019-08-28 00:00:00+09:00,2474.0,2478.0,2415.0,2448.0,44143.0
2019-08-29 00:00:00+09:00,2451.0,2529.0,2427.0,2510.0,73495.0
2019-08-30 00:00:00+09:00,2517.0,2631.0,2517.0,2605.0,116950.0
2019-09-02 00:00:00+09:00,2603.0,2635.0,2552.0,2600.0,61999.0
2019-09-03 00:00:00+09:00,2600.0,2651.0,2576.0,2647.0,67380.0
2019-09-04 00:00:00+09:00,2651.0,2725.0,2635.0,2656.0,107684.0
2019-09-05 00:00:00+09:00,2709.0,2729.0,2651.0,2722.0,146943.0
2019-09-06 00:00:00+09:00,2737.0,2803.0,2682.0,2738.0,110530.0
2019-09-09 00:00:00+09:00,2780.0,2780.0,2612.0,2651.0,116142.0
2019-09-10 00:00:00+09:00,2651.0,2718.0,2651.0,2691.0,81088.0
2019-09-11 00:00:00+09:00,2721.0,2721.0,2674.0,2675.0,68454.0
2019-09-16 00:00:00+09:00,2713.0,2803.0,2705.0,2777.0,206424.0
2019-09-17 00:00:00+09:00,2827.0,2859.0,2748.0,2769.0,211699.0
2019-09-18 00:00:00+09:00,2745.0,2785.0,2745.0,2785.0,117616.0
2019-09-19 00:00:00+09:00,2819.0,2819.0,2737.0,2753.0,54705.0
2019-09-20 00:00:00+09:00,2745.0,2796.0,2678.0,2734.0,130013.0
2019-09-23 00:00:00+09:00,2733.0,2784.0,2580.0,2651.0,89511.0
2019-09-24 00:00:00+09:00,2682.0,2693.0,2627.0,2686.0,46097.0
2019-09-25 00:00:00+09:00,2702.0,2725.0,2600.0,2632.0,90972.0
2019-09-26 00:00:00+09:00,2686.0,2686.0,2592.0,2636.0,95763.0
2019-09-27 00:00:00+09:00,2587.0,2658.0,2587.0,2656.0,42987.0
2019-09-30 00:00:00+09:00,2651.0,2691.0,2651.0,2691.0,61206.0
2019-10-01 00:00:00+09:00,2674.0,2772.0,2619.0,2738.0,191868.0
2019-10-02 00:00:00+09:00,2737.0,2741.0,2666.0,2686.0,69467.0
2019-10-04 00:00:00+09:00,2678.0,2678.0,2576.0,2593.0,74246.0
2019-10-07 00:00:00+09:00,2643.0,2643.0,2447.0,2455.0,171602.0
2019-10-08 00:00:00+09:00,2509.0,2560.0,2458.0,2487.0,56250.0
2019-10-10 00:00:00+09:00,2513.0,2525.0,2458.0,2515.0,34937.0
2019-10-11 00:00:00+09:00,2513.0,2580.0,2494.0,2518.0,52383.0
2019-10-14 00:00:00+09:00,2557.0,2647.0,2517.0,2644.0,113685.0
2019-10-15 00:00:00+09:00,2698.0,2698.0,2615.0,2663.0,83735.0
2019-10-16 00:00:00+09:00,2702.0,2705.0,2587.0,2660.0,113655.0
2019-10-17 00:00:00+09:00,2718.0,2859.0,2705.0,2805.0,378597.0
2019-10-18 00:00:00+09:00,2780.0,2909.0,2780.0,2852.0,222785.0
2019-10-21 00:00:00+09:00,2890.0,2890.0,2772.0,2801.0,97141.0
2019-10-22 00:00:00+09:00,2847.0,2863.0,2760.0,2817.0,100296.0
2019-10-23 00:00:00+09:00,2799.0,2824.0,2741.0,2796.0,99764.0
2019-10-24 00:00:00+09:00,2792.0,2874.0,2721.0,2852.0,196861.0
2019-10-25 00:00:00+09:00,2882.0,2902.0,2799.0,2828.0,153301.0
2019-10-28 00:00:00+09:00,2831.0,2917.0,2831.0,2902.0,235351.0
2019-10-29 00:00:00+09:00,2964.0,3239.0,2905.0,3052.0,1549117.0
2019-10-30 00:00:00+09:00,3050.0,3098.0,2933.0,2992.0,382147.0
2019-10-31 00:00:00+09:00,2988.0,3129.0,2949.0,3118.0,420851.0
2019-11-01 00:00:00+09:00,3078.0,3140.0,3059.0,3118.0,315428.0
2019-11-04 00:00:00+09:00,3121.0,3192.0,3121.0,3142.0,292651.0
2019-11-05 00:00:00+09:00,3137.0,3195.0,3050.0,3056.0,262848.0
2019-11-06 00:00:00+09:00,3082.0,3105.0,2925.0,2969.0,333579.0
2019-11-07 00:00:00+09:00,2956.0,3043.0,2956.0,2989.0,114482.0
2019-11-08 00:00:00+09:00,2969.0,3117.0,2969.0,3110.0,198046.0
2019-11-11 00:00:00+09:00,3121.0,3537.0,3059.0,3326.0,4525775.0
2019-11-12 00:00:00+09:00,3365.0,3474.0,3140.0,3397.0,1775392.0
2019-11-13 00:00:00+09:00,3506.0,3867.0,3396.0,3530.0,5762599.0
2019-11-14 00:00:00+09:00,3588.0,3725.0,3482.0,3515.0,1901153.0
2019-11-15 00:00:00+09:00,3494.0,3588.0,3372.0,3491.0,690850.0
2019-11-18 00:00:00+09:00,3490.0,3682.0,3478.0,3554.0,526899.0
2019-11-19 00:00:00+09:00,3564.0,3914.0,3416.0,3545.0,3523120.0
2019-11-20 00:00:00+09:00,3545.0,3761.0,3513.0,3715.0,1241700.0
2019-11-21 00:00:00+09:00,3709.0,3796.0,3612.0,3621.0,940601.0
2019-11-22 00:00:00+09:00,3619.0,3674.0,3365.0,3436.0,893431.0
2019-11-25 00:00:00+09:00,3455.0,3694.0,3419.0,3624.0,729690.0
2019-11-26 00:00:00+09:00,3643.0,3725.0,3564.0,3597.0,557453.0
2019-11-27 00:00:00+09:00,3647.0,3663.0,3423.0,3448.0,599029.0
2019-11-28 00:00:00+09:00,3432.0,3482.0,3290.0,3369.0,446440.0
2019-11-29 00:00:00+09:00,3388.0,3388.0,3231.0,3255.0,420757.0
2019-12-02 00:00:00+09:00,3255.0,3337.0,3246.0,3310.0,224921.0
2019-12-03 00:00:00+09:00,3294.0,3317.0,3195.0,3259.0,263342.0
2019-12-04 00:00:00+09:00,3211.0,3298.0,3211.0,3267.0,246761.0
2019-12-05 00:00:00+09:00,3239.0,3310.0,3195.0,3232.0,290946.0
2019-12-06 00:00:00+09:00,3216.0,3425.0,3216.0,3425.0,416122.0
2019-12-09 00:00:00+09:00,3416.0,3447.0,3317.0,3373.0,212912.0
2019-12-10 00:00:00+09:00,3349.0,3423.0,3274.0,3303.0,166265.0
2019-12-11 00:00:00+09:00,3301.0,3427.0,3290.0,3425.0,157596.0
2019-12-12 00:00:00+09:00,3443.0,3545.0,3435.0,3503.0,300830.0
2019-12-13 00:00:00+09:00,3506.0,3525.0,3447.0,3518.0,210326.0
2019-12-16 00:00:00+09:00,3388.0,3541.0,3388.0,3448.0,245228.0
2019-12-17 00:00:00+09:00,3482.0,3603.0,3427.0,3491.0,649812.0
2019-12-18 00:00:00+09:00,3568.0,3761.0,3391.0,3475.0,1514666.0
2019-12-19 00:00:00+09:00,3458.0,3517.0,3400.0,3460.0,229946.0
2019-12-20 00:00:00+09:00,3490.0,3541.0,3458.0,3495.0,345285.0
2019-12-23 00:00:00+09:00,3568.0,3592.0,3439.0,3467.0,208346.0
2019-12-24 00:00:00+09:00,3419.0,3522.0,3356.0,3361.0,347403.0
2019-12-26 00:00:00+09:00,3337.0,3462.0,3337.0,3397.0,255856.0
2019-12-27 00:00:00+09:00,3396.0,3458.0,3396.0,3444.0,171748.0
2019-12-30 00:00:00+09:00,3411.0,3552.0,3411.0,3506.0,256069.0
2020-01-02 00:00:00+09:00,3564.0,3600.0,3486.0,3577.0,302057.0
2020-01-03 00:00:00+09:00,3596.0,3647.0,3529.0,3561.0,328184.0
2020-01-06 00:00:00+09:00,3529.0,3572.0,3411.0,3554.0,305002.0
2020-01-07 00:00:00+09:00,3529.0,3600.0,3494.0,3530.0,302162.0
2020-01-08 00:00:00+09:00,3497.0,3513.0,3259.0,3358.0,501092.0
2020-01-09 00:00:00+09:00,3447.0,3580.0,3388.0,3534.0,399933.0
2020-01-10 00:00:00+09:00,3572.0,3699.0,3572.0,3699.0,628445.0
2020-01-13 00:00:00+09:00,3737.0,3764.0,3623.0,3761.0,456302.0
2020-01-14 00:00:00+09:00,3788.0,3796.0,3643.0,3726.0,458205.0
2020-01-15 00:00:00+09:00,3694.0,3851.0,3658.0,3683.0,573253.0
2020-01-16 00:00:00+09:00,3694.0,3722.0,3607.0,3612.0,401091.0
2020-01-17 00:00:00+09:00,3616.0,3733.0,3616.0,3636.0,287006.0
2020-01-20 00:00:00+09:00,3686.0,3686.0,3529.0,3570.0,250122.0
2020-01-21 00:00:00+09:00,3603.0,3603.0,3474.0,3495.0,272430.0
2020-01-22 00:00:00+09:00,3467.0,3584.0,3416.0,3573.0,500932.0
2020-01-23 00:00:00+09:00,3537.0,3588.0,3467.0,3518.0,252931.0
2020-01-28 00:00:00+09:00,3361.0,3443.0,3290.0,3416.0,457588.0
2020-01-29 00:00:00+09:00,3416.0,3443.0,3361.0,3389.0,141751.0
2020-01-30 00:00:00+09:00,3396.0,3416.0,3195.0,3275.0,383291.0
2020-01-31 00:00:00+09:00,3231.0,3333.0,3105.0,3185.0,318544.0
2020-02-03 00:00:00+09:00,3050.0,3176.0,3023.0,3169.0,479860.0
2020-02-04 00:00:00+09:00,3184.0,3262.0,3149.0,3232.0,145750.0
2020-02-05 00:00:00+09:00,3239.0,3266.0,3168.0,3173.0,244051.0
2020-02-06 00:00:00+09:00,3216.0,3451.0,3200.0,3440.0,504923.0
2020-02-07 00:00:00+09:00,3439.0,3471.0,3333.0,3471.0,326331.0
2020-02-10 00:00:00+09:00,3432.0,3447.0,3329.0,3444.0,192868.0
2020-02-11 00:00:00+09:00,3443.0,3447.0,3341.0,3358.0,226897.0
2020-02-12 00:00:00+09:00,3391.0,3391.0,3310.0,3319.0,179577.0
2020-02-13 00:00:00+09:00,3317.0,3352.0,3259.0,3294.0,166249.0
2020-02-14 00:00:00+09:00,3294.0,3329.0,3211.0,3244.0,155909.0
2020-02-17 00:00:00+09:00,3255.0,3294.0,3184.0,3220.0,198353.0
2020-02-18 00:00:00+09:00,3184.0,3246.0,3176.0,3197.0,208948.0
2020-02-19 00:00:00+09:00,3195.0,3317.0,3188.0,3216.0,165316.0
2020-02-20 00:00:00+09:00,3184.0,3279.0,3184.0,3279.0,149240.0
2020-02-21 00:00:00+09:00,3172.0,3266.0,3098.0,3149.0,295131.0
2020-02-24 00:00:00+09:00,3020.0,3059.0,2859.0,2887.0,391018.0
2020-02-25 00:00:00+09:00,2824.0,3090.0,2824.0,3083.0,210140.0
2020-02-26 00:00:00+09:00,2964.0,3070.0,2964.0,3028.0,121227.0
2020-02-27 00:00:00+09:00,2999.0,3082.0,2894.0,2907.0,156086.0
2020-02-28 00:00:00+09:00,2792.0,2890.0,2741.0,2777.0,301842.0
2020-03-02 00:00:00+09:00,2748.0,2854.0,2737.0,2792.0,265273.0
2020-03-03 00:00:00+09:00,2815.0,2980.0,2815.0,2863.0,128454.0
2020-03-04 00:00:00+09:00,2808.0,2964.0,2799.0,2950.0,84078.0
2020-03-05 00:00:00+09:00,3015.0,3078.0,2976.0,3020.0,153133.0
2020-03-06 00:00:00+09:00,3004.0,3047.0,2914.0,2934.0,131591.0
2020-03-09 00:00:00+09:00,2914.0,2914.0,2666.0,2750.0,249437.0
2020-03-10 00:00:00+09:00,2666.0,2709.0,2552.0,2636.0,504544.0
2020-03-11 00:00:00+09:00,2658.0,2698.0,2470.0,2561.0,412739.0
2020-03-12 00:00:00+09:00,2458.0,2509.0,2262.0,2338.0,442707.0
2020-03-13 00:00:00+09:00,2039.0,2191.0,1894.0,2118.0,613386.0
2020-03-16 00:00:00+09:00,2117.0,2321.0,1999.0,2000.0,620865.0
2020-03-17 00:00:00+09:00,1764.0,2129.0,1764.0,2000.0,308598.0
2020-03-18 00:00:00+09:00,1992.0,2145.0,1823.0,1863.0,389844.0
2020-03-19 00:00:00+09:00,1862.0,1914.0,1486.0,1545.0,705342.0
2020-03-20 00:00:00+09:00,1490.0,1663.0,1490.0,1659.0,730855.0
2020-03-23 00:00:00+09:00,1529.0,1548.0,1447.0,1486.0,435246.0
2020-03-24 00:00:00+09:00,1493.0,1569.0,1493.0,1569.0,578407.0
2020-03-25 00:00:00+09:00,1623.0,1760.0,1623.0,1741.0,551437.0
2020-03-26 00:00:00+09:00,1799.0,1862.0,1666.0,1804.0,704284.0
2020-03-27 00:00:00+09:00,1886.0,1960.0,1725.0,1840.0,479247.0
2020-03-30 00:00:00+09:00,1725.0,2117.0,1670.0,2008.0,976642.0
2020-03-31 00:00:00+09:00,2046.0,2164.0,1929.0,1985.0,967444.0
2020-04-01 00:00:00+09:00,1995.0,2400.0,1937.0,2048.0,2712950.0
2020-04-02 00:00:00+09:00,2098.0,2212.0,2098.0,2212.0,920523.0
2020-04-03 00:00:00+09:00,2211.0,2341.0,2195.0,2326.0,1100781.0
2020-04-06 00:00:00+09:00,2364.0,2470.0,2352.0,2393.0,960250.0
2020-04-07 00:00:00+09:00,2396.0,2431.0,2239.0,2322.0,774568.0
2020-04-08 00:00:00+09:00,2321.0,2329.0,2172.0,2220.0,500152.0
2020-04-09 00:00:00+09:00,2329.0,2494.0,2270.0,2463.0,1307156.0
2020-04-10 00:00:00+09:00,2470.0,2495.0,2470.0,2495.0,882024.0
2020-04-13 00:00:00+09:00,2521.0,2521.0,2317.0,2318.0,582796.0
2020-04-14 00:00:00+09:00,2333.0,2400.0,2321.0,2354.0,272848.0
2020-04-16 00:00:00+09:00,2509.0,2552.0,2352.0,2432.0,1149400.0
2020-04-17 00:00:00+09:00,2470.0,2470.0,2384.0,2432.0,509397.0
2020-04-20 00:00:00+09:00,2478.0,2587.0,2447.0,2526.0,911967.0
2020-04-21 00:00:00+09:00,2525.0,2525.0,2290.0,2471.0,681134.0
2020-04-22 00:00:00+09:00,2454.0,2454.0,2352.0,2448.0,360975.0
2020-04-23 00:00:00+09:00,2506.0,2509.0,2431.0,2460.0,207352.0
2020-04-24 00:00:00+09:00,2502.0,2631.0,2435.0,2526.0,1769834.0
2020-04-27 00:00:00+09:00,2603.0,2627.0,2545.0,2580.0,606465.0
2020-04-28 00:00:00+09:00,2603.0,2705.0,2548.0,2683.0,948322.0
2020-04-29 00:00:00+09:00,2702.0,2713.0,2643.0,2675.0,527825.0
2020-05-04 00:00:00+09:00,2663.0,2663.0,2568.0,2573.0,333919.0
2020-05-06 00:00:00+09:00,2592.0,2619.0,2533.0,2605.0,367181.0
2020-05-07 00:00:00+09:00,2596.0,2607.0,2545.0,2577.0,182496.0
2020-05-08 00:00:00+09:00,2576.0,2603.0,2560.0,2577.0,253886.0
2020-05-11 00:00:00+09:00,2592.0,2603.0,2502.0,2538.0,263559.0
2020-05-12 00:00:00+09:00,2517.0,2564.0,2412.0,2448.0,441118.0
2020-05-13 00:00:00+09:00,2391.0,2432.0,2391.0,2432.0,287390.0
2020-05-14 00:00:00+09:00,2423.0,2423.0,2352.0,2381.0,240337.0
2020-05-15 00:00:00+09:00,2380.0,2502.0,2352.0,2499.0,526015.0
2020-05-18 00:00:00+09:00,2458.0,2513.0,2447.0,2460.0,211136.0
2020-05-19 00:00:00+09:00,2470.0,2541.0,2470.0,2499.0,311530.0
2020-05-20 00:00:00+09:00,2486.0,2670.0,2482.0,2640.0,846804.0
2020-05-21 00:00:00+09:00,2643.0,2674.0,2607.0,2624.0,314457.0
2020-05-22 00:00:00+09:00,2635.0,2635.0,2497.0,2526.0,309487.0
2020-05-25 00:00:00+09:00,2576.0,2760.0,2533.0,2730.0,1495505.0
2020-05-26 00:00:00+09:00,2941.0,3066.0,2827.0,2902.0,2580190.0
2020-05-27 00:00:00+09:00,2992.0,3391.0,2964.0,3322.0,4920345.0
2020-05-28 00:00:00+09:00,3427.0,3761.0,3231.0,3487.0,3777046.0
2020-05-29 00:00:00+09:00,3522.0,3674.0,3455.0,3542.0,1985136.0
2020-06-01 00:00:00+09:00,3616.0,3839.0,3612.0,3773.0,2960819.0
2020-06-02 00:00:00+09:00,4510.0,4683.0,3914.0,4079.0,7727601.0
2020-06-03 00:00:00+09:00,4172.0,4400.0,3921.0,4393.0,6634410.0
2020-06-04 00:00:00+09:00,4462.0,4517.0,4078.0,4252.0,2838293.0
2020-06-05 00:00:00+09:00,4236.0,4236.0,3984.0,4142.0,1450396.0
2020-06-08 00:00:00+09:00,4196.0,4306.0,4015.0,4204.0,1645903.0
2020-06-09 00:00:00+09:00,4211.0,4220.0,3992.0,4040.0,1188028.0
2020-06-10 00:00:00+09:00,4039.0,4094.0,3851.0,3938.0,1576684.0
2020-06-11 00:00:00+09:00,3937.0,4031.0,3828.0,3867.0,871924.0
2020-06-12 00:00:00+09:00,3577.0,3851.0,3529.0,3840.0,1132618.0
2020-06-15 00:00:00+09:00,3851.0,3851.0,3391.0,3467.0,1144679.0
2020-06-16 00:00:00+09:00,3577.0,3764.0,3529.0,3757.0,824919.0
2020-06-17 00:00:00+09:00,3674.0,3764.0,3557.0,3605.0,773705.0
2020-06-18 00:00:00+09:00,3745.0,3784.0,3628.0,3676.0,826016.0
2020-06-19 00:00:00+09:00,3761.0,3764.0,3584.0,3656.0,449677.0
2020-06-22 00:00:00+09:00,3616.0,3674.0,3568.0,3632.0,533683.0
2020-06-23 00:00:00+09:00,3651.0,3655.0,3447.0,3471.0,859997.0
2020-06-24 00:00:00+09:00,3506.0,3584.0,3404.0,3526.0,632754.0
2020-06-25 00:00:00+09:00,3474.0,3502.0,3384.0,3475.0,568676.0
2020-06-26 00:00:00+09:00,3490.0,3552.0,3372.0,3420.0,408417.0
2020-06-29 00:00:00+09:00,3349.0,3843.0,3306.0,3695.0,1266766.0
2020-06-30 00:00:00+09:00,3745.0,3960.0,3663.0,3844.0,1952932.0
2020-07-01 00:00:00+09:00,3921.0,3921.0,3577.0,3663.0,828221.0
2020-07-02 00:00:00+09:00,3702.0,3835.0,3612.0,3805.0,800652.0
2020-07-03 00:00:00+09:00,3906.0,3918.0,3796.0,3879.0,744089.0
2020-07-06 00:00:00+09:00,3945.0,4094.0,3918.0,4017.0,1775306.0
2020-07-07 00:00:00+09:00,4055.0,4141.0,3859.0,3895.0,1369597.0
2020-07-08 00:00:00+09:00,3894.0,3953.0,3768.0,3840.0,783083.0
2020-07-09 00:00:00+09:00,3882.0,3886.0,3764.0,3805.0,476950.0
2020-07-10 00:00:00+09:00,3796.0,3800.0,3647.0,3648.0,700419.0
2020-07-13 00:00:00+09:00,3655.0,3844.0,3655.0,3844.0,468522.0
2020-07-14 00:00:00+09:00,3812.0,3835.0,3725.0,3766.0,426005.0
2020-07-15 00:00:00+09:00,3812.0,3937.0,3757.0,3836.0,788883.0
2020-07-16 00:00:00+09:00,3851.0,3879.0,3764.0,3785.0,331528.0
2020-07-17 00:00:00+09:00,3835.0,3839.0,3737.0,3773.0,213750.0
2020-07-20 00:00:00+09:00,3776.0,3824.0,3651.0,3824.0,572556.0
2020-07-21 00:00:00+09:00,3945.0,4078.0,3937.0,4056.0,2060694.0
2020-07-22 00:00:00+09:00,4055.0,4157.0,3999.0,4008.0,934951.0
2020-07-23 00:00:00+09:00,4039.0,4039.0,3918.0,3977.0,605028.0
2020-07-24 00:00:00+09:00,3914.0,3953.0,3803.0,3832.0,825849.0
2020-07-27 00:00:00+09:00,3824.0,3953.0,3824.0,3875.0,497997.0
2020-07-28 00:00:00+09:00,3918.0,3945.0,3733.0,3789.0,684331.0
2020-07-29 00:00:00+09:00,3780.0,3780.0,3655.0,3699.0,805456.0
2020-07-30 00:00:00+09:00,3709.0,3718.0,3600.0,3636.0,651951.0
2020-07-31 00:00:00+09:00,3607.0,3757.0,3596.0,3687.0,476131.0
2020-08-03 00:00:00+09:00,3686.0,3702.0,3607.0,3636.0,349764.0
2020-08-04 00:00:00+09:00,3635.0,3748.0,3631.0,3683.0,361186.0
2020-08-05 00:00:00+09:00,3694.0,3733.0,3631.0,3656.0,375639.0
2020-08-06 00:00:00+09:00,3831.0,3969.0,3733.0,3750.0,1106811.0
2020-08-07 00:00:00+09:00,3796.0,3796.0,3670.0,3703.0,403301.0
2020-08-10 00:00:00+09:00,3713.0,3816.0,3713.0,3816.0,528011.0
2020-08-11 00:00:00+09:00,3828.0,3945.0,3824.0,3867.0,882793.0
2020-08-12 00:00:00+09:00,3898.0,3918.0,3733.0,3773.0,571154.0
2020-08-13 00:00:00+09:00,3773.0,3882.0,3722.0,3750.0,670679.0
2020-08-14 00:00:00+09:00,3863.0,4031.0,3800.0,3922.0,2276888.0
2020-08-18 00:00:00+09:00,3976.0,4039.0,3651.0,3742.0,1427582.0
2020-08-19 00:00:00+09:00,3670.0,3803.0,3628.0,3750.0,761564.0
2020-08-20 00:00:00+09:00,3741.0,3741.0,3497.0,3522.0,910637.0
2020-08-21 00:00:00+09:00,3545.0,3592.0,3365.0,3499.0,669270.0
2020-08-24 00:00:00+09:00,3541.0,3639.0,3467.0,3605.0,577609.0
2020-08-25 00:00:00+09:00,3682.0,3819.0,3643.0,3781.0,897504.0
2020-08-26 00:00:00+09:00,3780.0,3870.0,3651.0,3844.0,844610.0
2020-08-27 00:00:00+09:00,3898.0,3898.0,3741.0,3761.0,866987.0
2020-08-28 00:00:00+09:00,3761.0,3859.0,3753.0,3793.0,689139.0
2020-08-31 00:00:00+09:00,3914.0,3999.0,3803.0,3856.0,1094481.0
2020-09-01 00:00:00+09:00,3902.0,4015.0,3819.0,3985.0,1638906.0
2020-09-02 00:00:00+09:00,3992.0,3999.0,3870.0,3938.0,778934.0
2020-09-03 00:00:00+09:00,3945.0,3969.0,3890.0,3907.0,467411.0
2020-09-04 00:00:00+09:00,3702.0,4055.0,3698.0,4033.0,1512382.0
2020-09-07 00:00:00+09:00,4086.0,4416.0,4063.0,4323.0,4152080.0
2020-09-08 00:00:00+09:00,4478.0,4487.0,4125.0,4229.0,2033032.0
2020-09-09 00:00:00+09:00,4227.0,4329.0,4039.0,4197.0,1343406.0
2020-09-10 00:00:00+09:00,4361.0,4792.0,4243.0,4605.0,5447327.0
2020-09-11 00:00:00+09:00,4565.0,4729.0,4455.0,4535.0,1691904.0
2020-09-14 00:00:00+09:00,4612.0,4643.0,4361.0,4409.0,1285698.0
2020-09-15 00:00:00+09:00,4432.0,4462.0,4251.0,4307.0,1342293.0
2020-09-16 00:00:00+09:00,4306.0,4392.0,4196.0,4244.0,920911.0
2020-09-17 00:00:00+09:00,4196.0,4306.0,4141.0,4197.0,589654.0
2020-09-18 00:00:00+09:00,4180.0,4251.0,4078.0,4213.0,544608.0
2020-09-21 00:00:00+09:00,4236.0,4236.0,3960.0,4024.0,704328.0
2020-09-22 00:00:00+09:00,3960.0,4024.0,3831.0,3836.0,739929.0
2020-09-23 00:00:00+09:00,3867.0,3909.0,3643.0,3805.0,428119.0
2020-09-24 00:00:00+09:00,3718.0,3733.0,3600.0,3616.0,650026.0
2020-09-25 00:00:00+09:00,3619.0,3694.0,3529.0,3616.0,311034.0
2020-09-28 00:00:00+09:00,3686.0,3754.0,3686.0,3754.0,267397.0
2020-09-29 00:00:00+09:00,3780.0,3863.0,3776.0,3840.0,343761.0
2020-10-05 00:00:00+09:00,3854.0,3960.0,3796.0,3953.0,365762.0
2020-10-06 00:00:00+09:00,3953.0,3992.0,3874.0,3899.0,362637.0
2020-10-07 00:00:00+09:00,3847.0,4110.0,3847.0,4079.0,597359.0
2020-10-08 00:00:00+09:00,4086.0,4118.0,3984.0,4056.0,277963.0
2020-10-12 00:00:00+09:00,4086.0,4110.0,4024.0,4056.0,314819.0
2020-10-13 00:00:00+09:00,4094.0,4094.0,3921.0,3962.0,431745.0
2020-10-14 00:00:00+09:00,3960.0,3999.0,3918.0,3953.0,298928.0
2020-10-15 00:00:00+09:00,3953.0,3960.0,3812.0,3883.0,440215.0
2020-10-16 00:00:00+09:00,3835.0,3898.0,3706.0,3796.0,323056.0
2020-10-19 00:00:00+09:00,3706.0,3898.0,3706.0,3769.0,196777.0
2020-10-20 00:00:00+09:00,3780.0,3863.0,3753.0,3796.0,220304.0
2020-10-21 00:00:00+09:00,3819.0,3898.0,3812.0,3895.0,183182.0
2020-10-22 00:00:00+09:00,3945.0,4070.0,3929.0,3938.0,780857.0
2020-10-23 00:00:00+09:00,3953.0,4024.0,3808.0,3856.0,354411.0
2020-10-26 00:00:00+09:00,3854.0,3854.0,3690.0,3706.0,299917.0
2020-10-27 00:00:00+09:00,3667.0,3722.0,3635.0,3679.0,293618.0
2020-10-28 00:00:00+09:00,3647.0,3741.0,3647.0,3703.0,149666.0
2020-10-29 00:00:00+09:00,3682.0,3682.0,3607.0,3671.0,236692.0
2020-10-30 00:00:00+09:00,3670.0,3694.0,3533.0,3581.0,298262.0
2020-11-02 00:00:00+09:00,3580.0,3596.0,3513.0,3589.0,190121.0
2020-11-03 00:00:00+09:00,3607.0,3655.0,3592.0,3624.0,155113.0
2020-11-04 00:00:00+09:00,3639.0,3753.0,3628.0,3679.0,282103.0
2020-11-05 00:00:00+09:00,3690.0,3725.0,3647.0,3687.0,196771.0
2020-11-06 00:00:00+09:00,3698.0,3748.0,3670.0,3683.0,221255.0
2020-11-09 00:00:00+09:00,3682.0,3945.0,3682.0,3930.0,737347.0
2020-11-10 00:00:00+09:00,3984.0,3992.0,3819.0,3872.0,425152.0
2020-11-11 00:00:00+09:00,3874.0,3921.0,3796.0,3832.0,313463.0
2020-11-12 00:00:00+09:00,3879.0,4039.0,3847.0,4008.0,930375.0
2020-11-13 00:00:00+09:00,4118.0,4314.0,4055.0,4134.0,2977236.0
2020-11-16 00:00:00+09:00,4282.0,4314.0,4165.0,4204.0,1672918.0
2020-11-17 00:00:00+09:00,4236.0,4423.0,4220.0,4346.0,2786105.0
2020-11-18 00:00:00+09:00,4384.0,4423.0,4172.0,4213.0,1231524.0
2020-11-19 00:00:00+09:00,4251.0,4251.0,4039.0,4095.0,920814.0
2020-11-20 00:00:00+09:00,4102.0,4220.0,4094.0,4173.0,566026.0
2020-11-23 00:00:00+09:00,4298.0,5420.0,4290.0,5107.0,23320590.0
2020-11-24 00:00:00+09:00,5208.0,5718.0,5051.0,5295.0,11017832.0
2020-11-25 00:00:00+09:00,5294.0,5482.0,5192.0,5429.0,4397865.0
2020-11-26 00:00:00+09:00,5357.0,5514.0,5302.0,5452.0,1809956.0
2020-11-27 00:00:00+09:00,5451.0,5608.0,5357.0,5460.0,1759337.0
2020-11-30 00:00:00+09:00,5530.0,5592.0,5341.0,5342.0,1842759.0
2020-12-01 00:00:00+09:00,5279.0,5475.0,5153.0,5413.0,1911923.0
2020-12-02 00:00:00+09:00,5357.0,5429.0,5357.0,5429.0,1177861.0
2020-12-03 00:00:00+09:00,5522.0,5828.0,5357.0,5805.0,4420548.0
2020-12-04 00:00:00+09:00,5899.0,6894.0,5890.0,6354.0,11316108.0
2020-12-07 00:00:00+09:00,6369.0,6777.0,6322.0,6495.0,2740431.0
2020-12-08 00:00:00+09:00,6526.0,6745.0,6376.0,6636.0,2312487.0
2020-12-09 00:00:00+09:00,6667.0,6698.0,6432.0,6660.0,1422586.0
2020-12-10 00:00:00+09:00,6761.0,7295.0,6683.0,6958.0,3727151.0
2020-12-11 00:00:00+09:00,6973.0,7844.0,6903.0,7735.0,5147331.0
2020-12-14 00:00:00+09:00,7922.0,8079.0,7585.0,7766.0,3798493.0
2020-12-15 00:00:00+09:00,7420.0,7491.0,6463.0,6668.0,15616009.0
2020-12-16 00:00:00+09:00,6745.0,6910.0,6314.0,6770.0,4579179.0
2020-12-17 00:00:00+09:00,6769.0,6793.0,6432.0,6558.0,2347587.0
2020-12-18 00:00:00+09:00,6440.0,6573.0,6385.0,6409.0,1539332.0
2020-12-21 00:00:00+09:00,6432.0,6706.0,6236.0,6590.0,2360352.0
2020-12-22 00:00:00+09:00,6526.0,6667.0,6275.0,6299.0,1487382.0
2020-12-23 00:00:00+09:00,6298.0,6565.0,6016.0,6401.0,2457166.0
2020-12-24 00:00:00+09:00,6557.0,6557.0,6306.0,6315.0,1142597.0
2020-12-28 00:00:00+09:00,6306.0,6337.0,6063.0,6182.0,1154409.0
2020-12-29 00:00:00+09:00,6298.0,6353.0,6173.0,6284.0,637547.0
2020-12-30 00:00:00+09:00,6557.0,6784.0,6471.0,6590.0,2256047.0
2021-01-04 00:00:00+09:00,6730.0,6769.0,6549.0,6636.0,1364494.0
2021-01-05 00:00:00+09:00,6557.0,6973.0,6479.0,6919.0,2673899.0
2021-01-06 00:00:00+09:00,7067.0,7130.0,6691.0,6770.0,1565951.0
2021-01-07 00:00:00+09:00,6800.0,6887.0,6667.0,6731.0,1263750.0
2021-01-08 00:00:00+09:00,6761.0,6816.0,6392.0,6480.0,1942598.0
2021-01-11 00:00:00+09:00,6369.0,6440.0,6000.0,6213.0,2258936.0
2021-01-12 00:00:00+09:00,6220.0,6471.0,6086.0,6354.0,1305177.0
2021-01-13 00:00:00+09:00,6440.0,6455.0,6282.0,6369.0,602360.0
2021-01-14 00:00:00+09:00,6369.0,6471.0,6267.0,6330.0,607605.0
2021-01-15 00:00:00+09:00,6463.0,6494.0,6314.0,6323.0,706184.0
2021-01-18 00:00:00+09:00,6196.0,6259.0,6055.0,6079.0,775018.0
2021-01-19 00:00:00+09:00,6079.0,6173.0,5977.0,6158.0,691142.0
2021-01-20 00:00:00+09:00,6196.0,6196.0,6040.0,6064.0,700365.0
2021-01-21 00:00:00+09:00,6086.0,6424.0,6086.0,6237.0,1247888.0
2021-01-22 00:00:00+09:00,6369.0,6385.0,6220.0,6244.0,680375.0
2021-01-25 00:00:00+09:00,6275.0,6275.0,6118.0,6237.0,490966.0
2021-01-26 00:00:00+09:00,6353.0,6353.0,6165.0,6213.0,577230.0
2021-01-27 00:00:00+09:00,6196.0,6251.0,6079.0,6095.0,505307.0
2021-01-28 00:00:00+09:00,5899.0,6000.0,5828.0,5867.0,615858.0
2021-01-29 00:00:00+09:00,5922.0,5961.0,5420.0,5562.0,1013726.0
2021-02-01 00:00:00+09:00,5443.0,5663.0,5318.0,5625.0,601585.0
2021-02-02 00:00:00+09:00,5648.0,5835.0,5530.0,5617.0,492652.0
2021-02-03 00:00:00+09:00,5687.0,5710.0,5491.0,5538.0,700233.0
2021-02-04 00:00:00+09:00,5569.0,5569.0,5411.0,5468.0,592379.0
2021-02-05 00:00:00+09:00,5514.0,5774.0,5514.0,5774.0,741870.0
2021-02-08 00:00:00+09:00,5820.0,5859.0,5648.0,5781.0,611579.0
2021-02-09 00:00:00+09:00,5781.0,5835.0,5600.0,5617.0,566065.0
2021-02-10 00:00:00+09:00,5616.0,5663.0,5491.0,5656.0,335363.0
2021-02-15 00:00:00+09:00,5726.0,5883.0,5655.0,5867.0,581423.0
2021-02-16 00:00:00+09:00,5867.0,5890.0,5742.0,5758.0,444561.0
2021-02-17 00:00:00+09:00,5671.0,5726.0,5577.0,5680.0,482958.0
2021-02-18 00:00:00+09:00,5616.0,5835.0,5600.0,5680.0,582144.0
2021-02-19 00:00:00+09:00,5687.0,5733.0,5514.0,5664.0,330735.0
2021-02-22 00:00:00+09:00,5687.0,6165.0,5663.0,6079.0,2543962.0
2021-02-23 00:00:00+09:00,6040.0,6047.0,4957.0,5287.0,12063464.0
2021-02-24 00:00:00+09:00,5514.0,5514.0,5231.0,5233.0,1907931.0
2021-02-25 00:00:00+09:00,5318.0,5326.0,5051.0,5248.0,913079.0
2021-02-26 00:00:00+09:00,5263.0,5427.0,5160.0,5287.0,2035963.0
2021-03-02 00:00:00+09:00,5420.0,5427.0,5247.0,5287.0,791233.0
2021-03-03 00:00:00+09:00,5294.0,5349.0,5098.0,5287.0,407820.0
2021-03-04 00:00:00+09:00,5326.0,5491.0,5247.0,5475.0,1395267.0
2021-03-05 00:00:00+09:00,5411.0,5608.0,5333.0,5585.0,885824.0
2021-03-08 00:00:00+09:00,5608.0,5812.0,5498.0,5499.0,1430250.0
2021-03-09 00:00:00+09:00,5663.0,5851.0,5451.0,5750.0,2204187.0
2021-03-10 00:00:00+09:00,5851.0,5899.0,5648.0,5719.0,1111074.0
2021-03-11 00:00:00+09:00,5765.0,5781.0,5648.0,5703.0,652439.0
2021-03-12 00:00:00+09:00,5835.0,5859.0,5718.0,5742.0,821101.0
2021-03-15 00:00:00+09:00,5608.0,6095.0,5482.0,6040.0,3135975.0
2021-03-16 00:00:00+09:00,6047.0,6157.0,5984.0,6040.0,1302989.0
2021-03-17 00:00:00+09:00,6040.0,6063.0,5867.0,6025.0,843980.0
2021-03-18 00:00:00+09:00,6047.0,6095.0,5945.0,5977.0,763440.0
2021-03-19 00:00:00+09:00,6040.0,6220.0,5961.0,6158.0,1845263.0
2021-03-22 00:00:00+09:00,6157.0,6557.0,6134.0,6346.0,3384698.0
2021-03-23 00:00:00+09:00,6408.0,6471.0,6165.0,6205.0,1487360.0
2021-03-24 00:00:00+09:00,6251.0,6464.0,6251.0,6464.0,1959425.0
2021-03-25 00:00:00+09:00,6479.0,6636.0,6385.0,6511.0,1377964.0
2021-03-26 00:00:00+09:00,6549.0,6996.0,6502.0,6927.0,4700508.0
2021-03-29 00:00:00+09:00,7060.0,7341.0,6926.0,7083.0,4047566.0
2021-03-30 00:00:00+09:00,7365.0,7373.0,6839.0,7092.0,3192743.0
2021-03-31 00:00:00+09:00,7177.0,7663.0,7169.0,7343.0,5152853.0
2021-04-01 00:00:00+09:00,7373.0,7412.0,7060.0,7366.0,1849139.0
2021-04-02 00:00:00+09:00,7365.0,7475.0,7145.0,7366.0,1445393.0
2021-04-05 00:00:00+09:00,7365.0,7498.0,7247.0,7374.0,1456901.0
2021-04-06 00:00:00+09:00,7373.0,7396.0,7161.0,7193.0,1176664.0
2021-04-07 00:00:00+09:00,7169.0,7177.0,6800.0,6887.0,2653210.0
2021-04-08 00:00:00+09:00,6887.0,7193.0,6887.0,7138.0,1333683.0
2021-04-09 00:00:00+09:00,7138.0,7138.0,6949.0,6982.0,1052640.0
2021-04-12 00:00:00+09:00,6981.0,7161.0,6832.0,7037.0,804574.0
2021-04-13 00:00:00+09:00,7035.0,7083.0,6918.0,6982.0,783552.0
2021-04-14 00:00:00+09:00,7004.0,7020.0,6864.0,6935.0,739523.0
2021-04-15 00:00:00+09:00,6903.0,6903.0,6816.0,6832.0,857935.0
2021-04-16 00:00:00+09:00,6871.0,7004.0,6832.0,6990.0,806415.0
2021-04-19 00:00:00+09:00,6989.0,7083.0,6879.0,6990.0,881839.0
2021-04-20 00:00:00+09:00,6981.0,7138.0,6926.0,7021.0,948026.0
2021-04-21 00:00:00+09:00,6949.0,6996.0,6832.0,6857.0,749119.0
2021-04-22 00:00:00+09:00,6903.0,6942.0,6855.0,6887.0,373814.0
2021-04-23 00:00:00+09:00,6926.0,6926.0,6793.0,6809.0,683863.0
2021-04-26 00:00:00+09:00,6839.0,7240.0,6823.0,7209.0,2156827.0
2021-04-27 00:00:00+09:00,7247.0,7286.0,7075.0,7099.0,1466286.0
2021-04-28 00:00:00+09:00,7224.0,7781.0,7169.0,7311.0,6252027.0
2021-04-29 00:00:00+09:00,7232.0,7318.0,7020.0,7178.0,1642886.0
2021-04-30 00:00:00+09:00,7208.0,7844.0,7200.0,7806.0,9118812.0
2021-05-03 00:00:00+09:00,8236.0,8981.0,7922.0,8943.0,13810656.0
2021-05-04 00:00:00+09:00,9256.0,9412.0,8040.0,8864.0,9376452.0
2021-05-06 00:00:00+09:00,8981.0,9060.0,8589.0,8982.0,4211125.0
2021-05-07 00:00:00+09:00,8981.0,9609.0,8628.0,8668.0,5240992.0
2021-05-10 00:00:00+09:00,8668.0,8746.0,8236.0,8629.0,2098144.0
2021-05-11 00:00:00+09:00,8393.0,8746.0,8315.0,8550.0,1272632.0
2021-05-12 00:00:00+09:00,8393.0,8550.0,8079.0,8237.0,1807960.0
2021-05-13 00:00:00+09:00,7922.0,8472.0,7836.0,7962.0,2071239.0
2021-05-14 00:00:00+09:00,8079.0,8236.0,7773.0,7923.0,1598641.0
2021-05-17 00:00:00+09:00,7601.0,8118.0,7562.0,7845.0,1579197.0
2021-05-18 00:00:00+09:00,7844.0,8040.0,7640.0,8002.0,1654910.0
2021-05-20 00:00:00+09:00,7820.0,7961.0,7773.0,7781.0,679143.0
2021-05-21 00:00:00+09:00,7844.0,7883.0,7341.0,7413.0,1905420.0
2021-05-24 00:00:00+09:00,7569.0,7820.0,7467.0,7696.0,1282247.0
2021-05-25 00:00:00+09:00,7695.0,7773.0,7624.0,7751.0,680383.0
2021-05-26 00:00:00+09:00,7804.0,7828.0,7624.0,7742.0,662029.0
2021-05-27 00:00:00+09:00,7922.0,8041.0,7922.0,8041.0,1312970.0
2021-05-28 00:00:00+09:00,8157.0,8393.0,8079.0,8354.0,1655368.0
2021-05-31 00:00:00+09:00,8354.0,8393.0,8079.0,8198.0,832316.0
2021-06-01 00:00:00+09:00,8118.0,8589.0,7961.0,8511.0,2221697.0
2021-06-02 00:00:00+09:00,8707.0,8707.0,8472.0,8511.0,1094716.0
2021-06-03 00:00:00+09:00,8472.0,8589.0,8157.0,8315.0,846018.0
2021-06-04 00:00:00+09:00,8196.0,8628.0,8118.0,8315.0,950614.0
2021-06-07 00:00:00+09:00,8432.0,8472.0,8000.0,8041.0,1030172.0
2021-06-08 00:00:00+09:00,8000.0,8196.0,7836.0,8158.0,1078242.0
2021-06-09 00:00:00+09:00,8196.0,8354.0,8118.0,8119.0,782525.0
2021-06-10 00:00:00+09:00,8157.0,8157.0,7961.0,8119.0,525368.0
2021-06-11 00:00:00+09:00,8118.0,8157.0,7922.0,7962.0,458208.0
2021-06-14 00:00:00+09:00,8000.0,8040.0,7844.0,7884.0,409720.0
2021-06-15 00:00:00+09:00,7836.0,7836.0,6745.0,7154.0,14947657.0
2021-06-16 00:00:00+09:00,7350.0,7405.0,7271.0,7280.0,3197074.0
2021-06-17 00:00:00+09:00,7295.0,7326.0,7138.0,7233.0,1266162.0
2021-06-18 00:00:00+09:00,7256.0,7256.0,7122.0,7154.0,1236313.0
2021-06-21 00:00:00+09:00,7130.0,7389.0,7004.0,7272.0,1919127.0
2021-06-22 00:00:00+09:00,7350.0,7365.0,7232.0,7327.0,939678.0
2021-06-23 00:00:00+09:00,7334.0,7350.0,7169.0,7193.0,858350.0
2021-06-24 00:00:00+09:00,7169.0,7232.0,7106.0,7154.0,595214.0
2021-06-25 00:00:00+09:00,7161.0,7350.0,7161.0,7256.0,957895.0
2021-06-28 00:00:00+09:00,7286.0,7341.0,7193.0,7272.0,541780.0
2021-06-29 00:00:00+09:00,7302.0,7514.0,7247.0,7445.0,756489.0
2021-06-30 00:00:00+09:00,7459.0,7522.0,7302.0,7491.0,1039470.0
2021-07-01 00:00:00+09:00,7530.0,7530.0,7405.0,7429.0,514847.0
2021-07-02 00:00:00+09:00,7601.0,7788.0,7537.0,7617.0,1827180.0
2021-07-05 00:00:00+09:00,7765.0,7765.0,7498.0,7578.0,713029.0
2021-07-06 00:00:00+09:00,7585.0,7585.0,7475.0,7484.0,544847.0
2021-07-07 00:00:00+09:00,7420.0,7436.0,7295.0,7304.0,705231.0
2021-07-08 00:00:00+09:00,7302.0,7373.0,7106.0,7147.0,765697.0
2021-07-09 00:00:00+09:00,7051.0,7130.0,6926.0,7092.0,836728.0
2021-07-12 00:00:00+09:00,7090.0,7396.0,7044.0,7280.0,1167297.0
2021-07-13 00:00:00+09:00,7185.0,7491.0,7177.0,7429.0,1584152.0
2021-07-14 00:00:00+09:00,7381.0,7381.0,7208.0,7233.0,1059916.0
2021-07-15 00:00:00+09:00,7263.0,7341.0,7177.0,7193.0,765406.0
2021-07-16 00:00:00+09:00,7154.0,7193.0,7106.0,7154.0,562308.0
2021-07-19 00:00:00+09:00,7185.0,7193.0,7028.0,7053.0,615278.0
2021-07-20 00:00:00+09:00,6942.0,7169.0,6934.0,7076.0,546226.0
2021-07-21 00:00:00+09:00,7090.0,7106.0,7020.0,7060.0,495488.0
2021-07-22 00:00:00+09:00,7060.0,7138.0,7028.0,7044.0,481482.0
2021-07-23 00:00:00+09:00,7035.0,7060.0,6973.0,6982.0,549325.0
2021-07-26 00:00:00+09:00,7051.0,7051.0,6761.0,6762.0,941503.0
2021-07-27 00:00:00+09:00,6777.0,6864.0,6753.0,6762.0,483572.0
2021-07-28 00:00:00+09:00,6761.0,6769.0,6533.0,6574.0,920748.0
2021-07-29 00:00:00+09:00,6604.0,6683.0,6588.0,6605.0,337693.0
2021-07-30 00:00:00+09:00,6620.0,6769.0,6612.0,6668.0,445036.0
2021-08-02 00:00:00+09:00,6683.0,6698.0,6526.0,6620.0,334962.0
2021-08-03 00:00:00+09:00,6620.0,6659.0,6432.0,6440.0,529991.0
2021-08-04 00:00:00+09:00,6463.0,6526.0,6408.0,6519.0,273505.0
2021-08-05 00:00:00+09:00,6533.0,6620.0,6455.0,6566.0,280650.0
2021-08-06 00:00:00+09:00,6597.0,6597.0,6518.0,6558.0,173599.0
2021-08-09 00:00:00+09:00,6526.0,6526.0,6314.0,6354.0,771218.0
2021-08-10 00:00:00+09:00,6322.0,6337.0,6079.0,6158.0,994352.0
2021-08-11 00:00:00+09:00,6063.0,6282.0,6063.0,6166.0,405086.0
2021-08-12 00:00:00+09:00,6228.0,6502.0,6173.0,6378.0,836938.0
2021-08-13 00:00:00+09:00,6392.0,6408.0,6095.0,6182.0,509388.0
2021-08-17 00:00:00+09:00,6220.0,6220.0,5804.0,5860.0,767796.0
2021-08-18 00:00:00+09:00,5820.0,5992.0,5742.0,5931.0,293163.0
2021-08-19 00:00:00+09:00,5828.0,5969.0,5671.0,5671.0,598479.0
2021-08-20 00:00:00+09:00,5687.0,5781.0,5491.0,5523.0,560245.0
2021-08-23 00:00:00+09:00,5545.0,5710.0,5482.0,5656.0,427494.0
2021-08-24 00:00:00+09:00,5733.0,5828.0,5671.0,5774.0,393493.0
2021-08-25 00:00:00+09:00,5859.0,5922.0,5796.0,5837.0,295348.0
2021-08-26 00:00:00+09:00,5804.0,5914.0,5733.0,5750.0,205928.0
2021-08-27 00:00:00+09:00,5733.0,5835.0,5694.0,5789.0,258600.0
2021-08-30 00:00:00+09:00,5906.0,5977.0,5844.0,5931.0,307642.0
2021-08-31 00:00:00+09:00,5969.0,5977.0,5828.0,5915.0,279044.0
2021-09-01 00:00:00+09:00,5914.0,6008.0,5883.0,5938.0,230741.0
2021-09-02 00:00:00+09:00,5945.0,6000.0,5820.0,5844.0,239606.0
2021-09-03 00:00:00+09:00,5883.0,6196.0,5828.0,6103.0,653693.0
2021-09-06 00:00:00+09:00,6157.0,6322.0,6079.0,6088.0,415249.0
2021-09-07 00:00:00+09:00,6134.0,6408.0,6102.0,6394.0,906689.0
2021-09-08 00:00:00+09:00,6416.0,6659.0,6330.0,6590.0,1440921.0
2021-09-09 00:00:00+09:00,6588.0,6597.0,6369.0,6378.0,574572.0
2021-09-10 00:00:00+09:00,6416.0,6549.0,6267.0,6480.0,359471.0
2021-09-13 00:00:00+09:00,6479.0,6557.0,6322.0,6433.0,358385.0
2021-09-14 00:00:00+09:00,6432.0,6494.0,6322.0,6339.0,334142.0
2021-09-15 00:00:00+09:00,6291.0,6337.0,6196.0,6276.0,253608.0
2021-09-16 00:00:00+09:00,6267.0,6385.0,6220.0,6260.0,159499.0
2021-09-17 00:00:00+09:00,6212.0,6236.0,6008.0,6056.0,568188.0
2021-09-23 00:00:00+09:00,5977.0,6016.0,5828.0,5852.0,363571.0
2021-09-24 00:00:00+09:00,5883.0,6024.0,5820.0,5867.0,301130.0
2021-09-27 00:00:00+09:00,5859.0,5977.0,5796.0,5876.0,206530.0
2021-09-28 00:00:00+09:00,5890.0,6024.0,5733.0,5742.0,373881.0
2021-09-29 00:00:00+09:00,5639.0,5757.0,5537.0,5703.0,429781.0
2021-09-30 00:00:00+09:00,5694.0,6314.0,5694.0,6252.0,1721452.0
2021-10-01 00:00:00+09:00,6228.0,6282.0,5977.0,5977.0,637949.0
2021-10-05 00:00:00+09:00,5844.0,5844.0,5616.0,5742.0,770885.0
2021-10-06 00:00:00+09:00,5765.0,5883.0,5569.0,5625.0,455510.0
2021-10-07 00:00:00+09:00,5702.0,5835.0,5648.0,5781.0,256142.0
2021-10-08 00:00:00+09:00,5883.0,6071.0,5749.0,6033.0,540164.0
2021-10-12 00:00:00+09:00,5961.0,6071.0,5859.0,5970.0,296917.0
2021-10-13 00:00:00+09:00,6008.0,6353.0,5977.0,6339.0,828598.0
2021-10-14 00:00:00+09:00,6346.0,6494.0,6267.0,6354.0,511650.0
2021-10-15 00:00:00+09:00,6369.0,6447.0,6298.0,6369.0,417846.0
2021-10-18 00:00:00+09:00,6416.0,6424.0,6267.0,6369.0,269361.0
2021-10-19 00:00:00+09:00,6463.0,6502.0,6251.0,6307.0,338309.0
2021-10-20 00:00:00+09:00,6337.0,6337.0,6071.0,6127.0,606051.0
2021-10-21 00:00:00+09:00,6125.0,6243.0,6024.0,6040.0,265649.0
2021-10-22 00:00:00+09:00,6032.0,6079.0,5969.0,6001.0,171724.0
2021-10-25 00:00:00+09:00,6000.0,6314.0,5961.0,6284.0,530054.0
2021-10-26 00:00:00+09:00,6346.0,6353.0,6196.0,6260.0,243798.0
2021-10-27 00:00:00+09:00,6251.0,6855.0,6243.0,6817.0,4140997.0
2021-10-28 00:00:00+09:00,6816.0,7326.0,6777.0,7162.0,5320525.0
2021-10-29 00:00:00+09:00,7224.0,7350.0,7099.0,7240.0,1728793.0
2021-11-01 00:00:00+09:00,7208.0,7428.0,6996.0,7170.0,1432473.0
2021-11-02 00:00:00+09:00,7216.0,7247.0,7012.0,7217.0,766282.0
2021-11-03 00:00:00+09:00,7256.0,7295.0,6926.0,6935.0,1136085.0
2021-11-04 00:00:00+09:00,6996.0,7035.0,6533.0,6707.0,1424390.0
2021-11-05 00:00:00+09:00,6675.0,6823.0,6549.0,6746.0,728655.0
2021-11-08 00:00:00+09:00,6769.0,7028.0,6761.0,6825.0,801166.0
2021-11-09 00:00:00+09:00,6848.0,7044.0,6714.0,6817.0,950400.0
2021-11-10 00:00:00+09:00,6949.0,6949.0,6479.0,6495.0,795031.0
2021-11-11 00:00:00+09:00,6455.0,6502.0,6259.0,6339.0,601874.0
2021-11-12 00:00:00+09:00,6392.0,6565.0,6346.0,6488.0,468885.0
2021-11-15 00:00:00+09:00,6487.0,6510.0,6275.0,6409.0,485001.0
2021-11-16 00:00:00+09:00,6322.0,6432.0,6322.0,6394.0,307431.0
2021-11-17 00:00:00+09:00,6361.0,6432.0,6196.0,6198.0,595816.0
2021-11-18 00:00:00+09:00,6180.0,6196.0,6024.0,6088.0,469249.0
2021-11-19 00:00:00+09:00,6173.0,6636.0,6134.0,6472.0,1218568.0
2021-11-22 00:00:00+09:00,6408.0,6494.0,6314.0,6456.0,392733.0
2021-11-23 00:00:00+09:00,6401.0,6557.0,6337.0,6346.0,401976.0
2021-11-24 00:00:00+09:00,6369.0,6385.0,6173.0,6205.0,439403.0
2021-11-25 00:00:00+09:00,6212.0,6549.0,6196.0,6503.0,557447.0
2021-11-26 00:00:00+09:00,6510.0,6518.0,6330.0,6362.0,320685.0
2021-11-29 00:00:00+09:00,6086.0,6267.0,5953.0,6088.0,649321.0
2021-11-30 00:00:00+09:00,6157.0,6189.0,5726.0,5821.0,521154.0
2021-12-01 00:00:00+09:00,5733.0,6000.0,5655.0,5962.0,329843.0
2021-12-02 00:00:00+09:00,5883.0,6173.0,5812.0,6127.0,255359.0
2021-12-03 00:00:00+09:00,6180.0,6236.0,5922.0,6158.0,250449.0
2021-12-06 00:00:00+09:00,6086.0,6150.0,6000.0,6048.0,261014.0
2021-12-07 00:00:00+09:00,6102.0,6298.0,6055.0,6260.0,375848.0
2021-12-08 00:00:00+09:00,6314.0,6322.0,6157.0,6237.0,313921.0
2021-12-09 00:00:00+09:00,6298.0,6416.0,6236.0,6369.0,232977.0
2021-12-10 00:00:00+09:00,6369.0,6416.0,6322.0,6339.0,285726.0
2021-12-13 00:00:00+09:00,6502.0,6864.0,6502.0,6786.0,1544733.0
2021-12-14 00:00:00+09:00,6793.0,6903.0,6691.0,6715.0,686156.0
2021-12-15 00:00:00+09:00,6730.0,6730.0,6487.0,6558.0,478007.0
2021-12-16 00:00:00+09:00,6627.0,6722.0,6494.0,6558.0,294418.0
2021-12-17 00:00:00+09:00,6557.0,6675.0,6502.0,6535.0,171141.0
2021-12-20 00:00:00+09:00,6487.0,6494.0,6306.0,6315.0,360753.0
2021-12-21 00:00:00+09:00,6314.0,6385.0,6173.0,6315.0,212098.0
2021-12-22 00:00:00+09:00,6510.0,6706.0,6440.0,6676.0,764478.0
2021-12-23 00:00:00+09:00,6698.0,6722.0,6510.0,6590.0,532171.0
2021-12-24 00:00:00+09:00,6518.0,6706.0,6518.0,6566.0,287053.0
2021-12-27 00:00:00+09:00,6565.0,6604.0,6463.0,6488.0,273705.0
2021-12-28 00:00:00+09:00,6510.0,6526.0,6392.0,6433.0,278604.0
2021-12-29 00:00:00+09:00,6424.0,6636.0,6376.0,6527.0,300329.0
2021-12-30 00:00:00+09:00,6479.0,6612.0,6479.0,6542.0,157130.0
2022-01-03 00:00:00+09:00,6573.0,6627.0,6518.0,6620.0,213989.0
2022-01-04 00:00:00+09:00,6588.0,6839.0,6549.0,6832.0,873246.0
2022-01-05 00:00:00+09:00,6832.0,7090.0,6738.0,6966.0,1331698.0
2022-01-06 00:00:00+09:00,6973.0,7616.0,6823.0,7359.0,4957288.0
2022-01-07 00:00:00+09:00,7412.0,7616.0,7044.0,7201.0,2212724.0
2022-01-10 00:00:00+09:00,7216.0,7608.0,7216.0,7515.0,2177141.0
2022-01-11 00:00:00+09:00,7514.0,7608.0,7099.0,7594.0,1944726.0
2022-01-12 00:00:00+09:00,7640.0,8040.0,7412.0,7884.0,3208567.0
2022-01-13 00:00:00+09:00,7844.0,8196.0,7797.0,7836.0,1207046.0
2022-01-14 00:00:00+09:00,8000.0,8157.0,7648.0,8002.0,2752949.0
2022-01-17 00:00:00+09:00,8079.0,8157.0,7804.0,7884.0,1351337.0
2022-01-18 00:00:00+09:00,7922.0,7922.0,7145.0,7201.0,2751167.0
2022-01-19 00:00:00+09:00,7115.0,7467.0,7115.0,7327.0,1254146.0
2022-01-20 00:00:00+09:00,7326.0,7459.0,7161.0,7256.0,640698.0
2022-01-21 00:00:00+09:00,7200.0,7271.0,6894.0,6950.0,1002752.0
2022-01-24 00:00:00+09:00,6949.0,6996.0,6659.0,6809.0,804351.0
2022-01-25 00:00:00+09:00,6832.0,6949.0,6510.0,6660.0,790245.0
2022-01-26 00:00:00+09:00,6730.0,6769.0,6533.0,6684.0,299565.0
2022-01-27 00:00:00+09:00,6612.0,6643.0,6353.0,6424.0,727430.0
2022-01-28 00:00:00+09:00,6455.0,6730.0,6408.0,6652.0,532341.0
2022-02-03 00:00:00+09:00,6823.0,7090.0,6761.0,6927.0,628575.0
2022-02-04 00:00:00+09:00,6903.0,7138.0,6793.0,7108.0,442014.0
2022-02-07 00:00:00+09:00,7115.0,7224.0,6965.0,7044.0,408387.0
2022-02-08 00:00:00+09:00,7044.0,7161.0,6864.0,7021.0,303882.0
2022-02-09 00:00:00+09:00,6887.0,7012.0,6745.0,6793.0,893995.0
2022-02-10 00:00:00+09:00,6808.0,6918.0,6604.0,6684.0,560421.0
2022-02-11 00:00:00+09:00,6588.0,6730.0,6510.0,6566.0,341378.0
2022-02-14 00:00:00+09:00,6510.0,6542.0,6314.0,6456.0,326085.0
2022-02-15 00:00:00+09:00,6471.0,6557.0,6306.0,6307.0,222176.0
2022-02-16 00:00:00+09:00,6392.0,6706.0,6392.0,6660.0,299050.0
2022-02-17 00:00:00+09:00,6659.0,6823.0,6471.0,6676.0,273035.0
2022-02-18 00:00:00+09:00,6533.0,6698.0,6487.0,6652.0,243083.0
2022-02-21 00:00:00+09:00,6604.0,6730.0,6518.0,6636.0,277675.0
2022-02-22 00:00:00+09:00,6526.0,6784.0,6510.0,6636.0,368015.0
2022-02-23 00:00:00+09:00,6738.0,7381.0,6706.0,7366.0,2304738.0
2022-02-24 00:00:00+09:00,7436.0,7679.0,7177.0,7178.0,2438695.0
2022-02-25 00:00:00+09:00,7341.0,7577.0,7216.0,7452.0,1467079.0
2022-02-28 00:00:00+09:00,7491.0,7726.0,7373.0,7696.0,1061774.0
2022-03-02 00:00:00+09:00,7601.0,7922.0,7601.0,7845.0,1253080.0
2022-03-03 00:00:00+09:00,7883.0,7883.0,7365.0,7405.0,1764224.0
2022-03-04 00:00:00+09:00,7373.0,7624.0,7350.0,7515.0,793300.0
2022-03-07 00:00:00+09:00,7412.0,7844.0,7334.0,7515.0,1293222.0
2022-03-08 00:00:00+09:00,7334.0,7507.0,7286.0,7405.0,410714.0
2022-03-10 00:00:00+09:00,7452.0,7498.0,7154.0,7319.0,608764.0
2022-03-11 00:00:00+09:00,7271.0,7498.0,7208.0,7429.0,577062.0
2022-03-14 00:00:00+09:00,7452.0,7498.0,7208.0,7256.0,374561.0
2022-03-15 00:00:00+09:00,7216.0,7326.0,7028.0,7029.0,336253.0
2022-03-16 00:00:00+09:00,7067.0,7145.0,6903.0,6982.0,434874.0
2022-03-17 00:00:00+09:00,7177.0,7177.0,6996.0,7131.0,413241.0
2022-03-18 00:00:00+09:00,7115.0,7208.0,7075.0,7186.0,268263.0
2022-03-21 00:00:00+09:00,7216.0,7334.0,7145.0,7154.0,270326.0
2022-03-22 00:00:00+09:00,7154.0,7436.0,7138.0,7350.0,397335.0
2022-03-23 00:00:00+09:00,7350.0,7507.0,7224.0,7350.0,831612.0
2022-03-24 00:00:00+09:00,7373.0,7389.0,7138.0,7295.0,502835.0
2022-03-25 00:00:00+09:00,7311.0,7318.0,7154.0,7193.0,274959.0
2022-03-28 00:00:00+09:00,7216.0,7373.0,7216.0,7304.0,353281.0
2022-03-29 00:00:00+09:00,7311.0,7334.0,7185.0,7193.0,327883.0
2022-03-30 00:00:00+09:00,7161.0,7256.0,7106.0,7108.0,261727.0
2022-03-31 00:00:00+09:00,7177.0,7247.0,7122.0,7201.0,230732.0
2022-04-01 00:00:00+09:00,7200.0,7286.0,7106.0,7201.0,269133.0
2022-04-04 00:00:00+09:00,7185.0,7263.0,7122.0,7233.0,216426.0
2022-04-05 00:00:00+09:00,7240.0,7279.0,7185.0,7256.0,176659.0
2022-04-06 00:00:00+09:00,7154.0,7247.0,7138.0,7154.0,181692.0
2022-04-07 00:00:00+09:00,7169.0,7169.0,6957.0,7021.0,388044.0
2022-04-08 00:00:00+09:00,7083.0,7106.0,6903.0,7029.0,257356.0
2022-04-11 00:00:00+09:00,7028.0,7374.0,7028.0,7374.0,586339.0
2022-04-12 00:00:00+09:00,7405.0,7608.0,7263.0,7507.0,1061184.0
2022-04-13 00:00:00+09:00,7507.0,7844.0,7405.0,7836.0,1725922.0
2022-04-14 00:00:00+09:00,7883.0,8079.0,7679.0,7735.0,1569298.0
2022-04-15 00:00:00+09:00,7758.0,8079.0,7687.0,8041.0,1300474.0
2022-04-18 00:00:00+09:00,8196.0,8511.0,8000.0,8198.0,1942459.0
2022-04-19 00:00:00+09:00,8196.0,8550.0,8079.0,8511.0,1219281.0
2022-04-20 00:00:00+09:00,8628.0,8785.0,8276.0,8511.0,1341059.0
2022-04-21 00:00:00+09:00,8432.0,8511.0,8040.0,8394.0,1506376.0
2022-04-22 00:00:00+09:00,8196.0,8511.0,8157.0,8315.0,693052.0
2022-04-25 00:00:00+09:00,8079.0,8236.0,8040.0,8080.0,606326.0
2022-04-26 00:00:00+09:00,8079.0,8432.0,7883.0,8394.0,796446.0
2022-04-27 00:00:00+09:00,8118.0,8589.0,8079.0,8472.0,905872.0
2022-04-28 00:00:00+09:00,8628.0,8628.0,8315.0,8433.0,631952.0
2022-04-29 00:00:00+09:00,8432.0,8511.0,8196.0,8394.0,648806.0
2022-05-02 00:00:00+09:00,8315.0,8511.0,8276.0,8394.0,355300.0
2022-05-03 00:00:00+09:00,8432.0,8511.0,8276.0,8315.0,397253.0
2022-05-04 00:00:00+09:00,8315.0,8668.0,8118.0,8198.0,761378.0
2022-05-06 00:00:00+09:00,8118.0,8315.0,7961.0,8158.0,588220.0
2022-05-09 00:00:00+09:00,8118.0,8118.0,7781.0,7923.0,610752.0
2022-05-10 00:00:00+09:00,7718.0,8118.0,7616.0,7962.0,604840.0
2022-05-11 00:00:00+09:00,7922.0,8040.0,7671.0,7703.0,394029.0
2022-05-12 00:00:00+09:00,7640.0,7922.0,7608.0,7680.0,499989.0
2022-05-13 00:00:00+09:00,7710.0,7820.0,7656.0,7774.0,453699.0
2022-05-16 00:00:00+09:00,7922.0,7922.0,7679.0,7766.0,312296.0
2022-05-17 00:00:00+09:00,7758.0,7828.0,7412.0,7531.0,876198.0
2022-05-18 00:00:00+09:00,7585.0,7640.0,7208.0,7272.0,971594.0
2022-05-19 00:00:00+09:00,7200.0,7256.0,6965.0,7217.0,760011.0
2022-05-20 00:00:00+09:00,7224.0,7318.0,7177.0,7280.0,257670.0
2022-05-23 00:00:00+09:00,7271.0,7279.0,7028.0,7099.0,536912.0
2022-05-24 00:00:00+09:00,6706.0,7044.0,6180.0,6299.0,3747563.0
2022-05-25 00:00:00+09:00,6346.0,6518.0,6267.0,6480.0,777007.0
2022-05-26 00:00:00+09:00,6502.0,6714.0,6447.0,6581.0,624369.0
2022-05-27 00:00:00+09:00,6597.0,6675.0,6463.0,6629.0,569319.0
2022-05-30 00:00:00+09:00,6769.0,6777.0,6573.0,6676.0,475884.0
2022-05-31 00:00:00+09:00,6683.0,6934.0,6683.0,6848.0,499323.0
2022-06-02 00:00:00+09:00,6934.0,7035.0,6808.0,6950.0,371266.0
2022-06-03 00:00:00+09:00,7035.0,7035.0,6784.0,6942.0,500076.0
2022-06-07 00:00:00+09:00,7004.0,7161.0,6942.0,7115.0,570451.0
2022-06-08 00:00:00+09:00,7138.0,7240.0,7012.0,7037.0,596300.0
2022-06-09 00:00:00+09:00,7067.0,7444.0,7067.0,7272.0,1524971.0
2022-06-10 00:00:00+09:00,7271.0,7491.0,7216.0,7452.0,1073406.0
2022-06-13 00:00:00+09:00,7256.0,7420.0,7145.0,7162.0,883506.0
2022-06-14 00:00:00+09:00,7020.0,7240.0,6903.0,7138.0,751432.0
2022-06-15 00:00:00+09:00,7106.0,7193.0,6784.0,6950.0,608128.0
2022-06-16 00:00:00+09:00,7060.0,7263.0,6949.0,7021.0,432738.0
2022-06-17 00:00:00+09:00,6903.0,7122.0,6753.0,7099.0,564173.0
2022-06-20 00:00:00+09:00,7169.0,7193.0,6887.0,6990.0,513727.0
2022-06-21 00:00:00+09:00,7090.0,7562.0,6965.0,7555.0,1401853.0
2022-06-22 00:00:00+09:00,7608.0,7797.0,7428.0,7452.0,1875229.0
2022-06-23 00:00:00+09:00,7498.0,7961.0,7491.0,7656.0,2292022.0
2022-06-24 00:00:00+09:00,7656.0,7664.0,7256.0,7631.0,1118169.0
2022-06-27 00:00:00+09:00,7622.0,7731.0,7464.0,7556.0,770871.0
2022-06-28 00:00:00+09:00,7572.0,7781.0,7431.0,7715.0,608728.0
2022-06-29 00:00:00+09:00,7631.0,8073.0,7597.0,7806.0,763155.0
2022-06-30 00:00:00+09:00,7856.0,8340.0,7798.0,8098.0,1388473.0
2022-07-01 00:00:00+09:00,8106.0,8423.0,7839.0,8148.0,1065502.0
2022-07-04 00:00:00+09:00,8215.0,8281.0,7614.0,7798.0,836866.0
2022-07-05 00:00:00+09:00,7914.0,7914.0,7572.0,7748.0,543588.0
2022-07-06 00:00:00+09:00,7673.0,7839.0,7047.0,7273.0,1152601.0
2022-07-07 00:00:00+09:00,7297.0,7364.0,7164.0,7314.0,384305.0
2022-07-08 00:00:00+09:00,7347.0,7514.0,7247.0,7298.0,310910.0
2022-07-11 00:00:00+09:00,7264.0,7339.0,6997.0,7022.0,516967.0
2022-07-12 00:00:00+09:00,7022.0,7114.0,6780.0,6922.0,336142.0
2022-07-13 00:00:00+09:00,6839.0,6914.0,6572.0,6881.0,346815.0
2022-07-14 00:00:00+09:00,6797.0,6947.0,6722.0,6806.0,290720.0
2022-07-15 00:00:00+09:00,6805.0,6855.0,6605.0,6756.0,257251.0
2022-07-18 00:00:00+09:00,6763.0,7347.0,6763.0,7281.0,504448.0
2022-07-19 00:00:00+09:00,7222.0,7406.0,7180.0,7223.0,205056.0
2022-07-20 00:00:00+09:00,7297.0,7339.0,7114.0,7139.0,173875.0
2022-07-21 00:00:00+09:00,7139.0,7289.0,7114.0,7231.0,193350.0
2022-07-22 00:00:00+09:00,7214.0,7314.0,7180.0,7223.0,164065.0
2022-07-25 00:00:00+09:00,7222.0,7239.0,7072.0,7164.0,175557.0
2022-07-26 00:00:00+09:00,7230.0,7356.0,7172.0,7306.0,349703.0
2022-07-27 00:00:00+09:00,7281.0,7306.0,7089.0,7114.0,280868.0
2022-07-28 00:00:00+09:00,7214.0,7297.0,7155.0,7198.0,217013.0
2022-07-29 00:00:00+09:00,7205.0,7389.0,7197.0,7389.0,347967.0
2022-08-01 00:00:00+09:00,7464.0,8040.0,7389.0,7998.0,1224798.0
2022-08-02 00:00:00+09:00,7981.0,8073.0,7839.0,8007.0,517965.0
2022-08-03 00:00:00+09:00,8006.0,8223.0,7864.0,8007.0,450212.0
2022-08-04 00:00:00+09:00,8048.0,8065.0,7606.0,7748.0,753283.0
2022-08-05 00:00:00+09:00,7748.0,7806.0,7639.0,7806.0,319173.0
2022-08-08 00:00:00+09:00,7781.0,8015.0,7781.0,8015.0,493816.0
2022-08-09 00:00:00+09:00,8031.0,8106.0,7831.0,8040.0,578049.0
2022-08-10 00:00:00+09:00,8100.0,8860.0,8080.0,8710.0,1689941.0
2022-08-11 00:00:00+09:00,8710.0,8930.0,8620.0,8910.0,460828.0
2022-08-12 00:00:00+09:00,8920.0,9450.0,8810.0,8960.0,968672.0
2022-08-16 00:00:00+09:00,9160.0,9370.0,8870.0,9050.0,638010.0
2022-08-17 00:00:00+09:00,9000.0,9130.0,8680.0,8850.0,468163.0
2022-08-18 00:00:00+09:00,8710.0,9150.0,8630.0,9100.0,354216.0
2022-08-19 00:00:00+09:00,9110.0,9390.0,8970.0,9110.0,513266.0
2022-08-22 00:00:00+09:00,9000.0,9130.0,8650.0,8700.0,793432.0
2022-08-23 00:00:00+09:00,8370.0,9060.0,8320.0,9000.0,2050325.0
2022-08-24 00:00:00+09:00,8950.0,9370.0,8750.0,9100.0,1187586.0
2022-08-25 00:00:00+09:00,9010.0,9470.0,8980.0,9200.0,1326654.0
2022-08-26 00:00:00+09:00,9280.0,9280.0,8950.0,8970.0,784767.0
2022-08-29 00:00:00+09:00,8730.0,9010.0,8730.0,8840.0,739438.0
2022-08-30 00:00:00+09:00,8840.0,8990.0,8600.0,8850.0,1031620.0
2022-08-31 00:00:00+09:00,8830.0,8830.0,8500.0,8690.0,870454.0
2022-09-01 00:00:00+09:00,8540.0,9090.0,8420.0,8570.0,2106325.0
2022-09-02 00:00:00+09:00,8530.0,8600.0,8220.0,8390.0,1405252.0
2022-09-05 00:00:00+09:00,8390.0,8690.0,8290.0,8490.0,891989.0
2022-09-06 00:00:00+09:00,8570.0,8710.0,8460.0,8680.0,783517.0
2022-09-07 00:00:00+09:00,8630.0,8660.0,8340.0,8410.0,835364.0
2022-09-08 00:00:00+09:00,8410.0,8480.0,8230.0,8270.0,524307.0
2022-09-13 00:00:00+09:00,8350.0,8370.0,7970.0,8140.0,1039015.0
2022-09-14 00:00:00+09:00,7950.0,8210.0,7900.0,8170.0,602316.0
2022-09-15 00:00:00+09:00,8200.0,8420.0,8200.0,8310.0,455495.0
2022-09-16 00:00:00+09:00,8290.0,8420.0,8040.0,8150.0,669303.0
2022-09-19 00:00:00+09:00,8100.0,8230.0,7750.0,7810.0,663523.0
2022-09-20 00:00:00+09:00,7840.0,7930.0,7690.0,7880.0,513496.0
2022-09-21 00:00:00+09:00,7910.0,8170.0,7730.0,7910.0,509443.0
2022-09-22 00:00:00+09:00,7880.0,8180.0,7860.0,8180.0,643760.0
2022-09-23 00:00:00+09:00,8100.0,8240.0,7910.0,7930.0,479181.0
2022-09-26 00:00:00+09:00,7470.0,7790.0,7290.0,7380.0,1116614.0
2022-09-27 00:00:00+09:00,7370.0,7400.0,6890.0,7110.0,1246425.0
2022-09-28 00:00:00+09:00,7110.0,7150.0,6580.0,6640.0,1078792.0
2022-09-29 00:00:00+09:00,6840.0,7220.0,6780.0,6950.0,849189.0
2022-09-30 00:00:00+09:00,6820.0,7240.0,6790.0,7140.0,558539.0
2022-10-04 00:00:00+09:00,7360.0,7370.0,6950.0,7290.0,346815.0
2022-10-05 00:00:00+09:00,7440.0,7440.0,7040.0,7160.0,375044.0
2022-10-06 00:00:00+09:00,7210.0,7410.0,7210.0,7360.0,327741.0
2022-10-07 00:00:00+09:00,7300.0,7420.0,7190.0,7280.0,292775.0
2022-10-11 00:00:00+09:00,7150.0,7170.0,6730.0,6800.0,657964.0
2022-10-12 00:00:00+09:00,6720.0,7110.0,6700.0,7090.0,440934.0
2022-10-13 00:00:00+09:00,7080.0,7080.0,6700.0,6710.0,369728.0
2022-10-14 00:00:00+09:00,6930.0,6950.0,6680.0,6820.0,406668.0
2022-10-17 00:00:00+09:00,6700.0,6950.0,6600.0,6820.0,259244.0
2022-10-18 00:00:00+09:00,6970.0,6990.0,6710.0,6840.0,258061.0
2022-10-19 00:00:00+09:00,6840.0,6920.0,6710.0,6720.0,276741.0
2022-10-20 00:00:00+09:00,6750.0,6940.0,6620.0,6710.0,300944.0
2022-10-21 00:00:00+09:00,6680.0,6730.0,6510.0,6600.0,260913.0
2022-10-24 00:00:00+09:00,6650.0,6740.0,6550.0,6590.0,327485.0
2022-10-25 00:00:00+09:00,6540.0,6620.0,6210.0,6360.0,663164.0
2022-10-26 00:00:00+09:00,6380.0,6390.0,6170.0,6200.0,425667.0
2022-10-27 00:00:00+09:00,6200.0,6410.0,6110.0,6400.0,482599.0
2022-10-28 00:00:00+09:00,6440.0,6650.0,6360.0,6550.0,344229.0
2022-10-31 00:00:00+09:00,6550.0,6600.0,6440.0,6540.0,155168.0
2022-11-01 00:00:00+09:00,6600.0,6810.0,6500.0,6800.0,380371.0
2022-11-02 00:00:00+09:00,6900.0,6900.0,6590.0,6680.0,243742.0
2022-11-03 00:00:00+09:00,6510.0,6780.0,6470.0,6670.0,180393.0
2022-11-04 00:00:00+09:00,6670.0,6980.0,6660.0,6950.0,351256.0
2022-11-07 00:00:00+09:00,6950.0,6960.0,6810.0,6840.0,263847.0
2022-11-08 00:00:00+09:00,6840.0,6950.0,6780.0,6910.0,247065.0
2022-11-09 00:00:00+09:00,6920.0,6920.0,6640.0,6670.0,374470.0
2022-11-10 00:00:00+09:00,6680.0,6770.0,6590.0,6610.0,308494.0
2022-11-11 00:00:00+09:00,6790.0,7050.0,6610.0,7010.0,742854.0
2022-11-14 00:00:00+09:00,7100.0,7140.0,6830.0,6830.0,655273.0
2022-11-15 00:00:00+09:00,7000.0,7200.0,6930.0,7080.0,1014861.0
2022-11-16 00:00:00+09:00,7080.0,7740.0,6930.0,7700.0,1798621.0
2022-11-17 00:00:00+09:00,7700.0,7830.0,7620.0,7800.0,783515.0
2022-11-18 00:00:00+09:00,7780.0,7910.0,7610.0,7640.0,614473.0
2022-11-21 00:00:00+09:00,7690.0,7830.0,7530.0,7710.0,768298.0
2022-11-22 00:00:00+09:00,7690.0,7810.0,7430.0,7810.0,605883.0
2022-11-23 00:00:00+09:00,7840.0,7950.0,7760.0,7900.0,379121.0
2022-11-24 00:00:00+09:00,7970.0,7970.0,7780.0,7830.0,301682.0
2022-11-25 00:00:00+09:00,7890.0,7920.0,7690.0,7870.0,373201.0
2022-11-28 00:00:00+09:00,7760.0,7840.0,7430.0,7450.0,597111.0
2022-11-29 00:00:00+09:00,7330.0,7620.0,7330.0,7610.0,287078.0
2022-11-30 00:00:00+09:00,7610.0,7640.0,7430.0,7510.0,277290.0
2022-12-01 00:00:00+09:00,7660.0,7680.0,7450.0,7520.0,236128.0
2022-12-02 00:00:00+09:00,7550.0,7550.0,7150.0,7240.0,538001.0
2022-12-05 00:00:00+09:00,7290.0,7450.0,7190.0,7290.0,386046.0
2022-12-06 00:00:00+09:00,7210.0,7440.0,7160.0,7350.0,324600.0
2022-12-07 00:00:00+09:00,7320.0,7380.0,7250.0,7270.0,165994.0
2022-12-08 00:00:00+09:00,7230.0,7310.0,7110.0,7170.0,178979.0
2022-12-09 00:00:00+09:00,7170.0,7500.0,7150.0,7430.0,329763.0
2022-12-12 00:00:00+09:00,7430.0,7430.0,7260.0,7300.0,163614.0
2022-12-13 00:00:00+09:00,7310.0,7580.0,7310.0,7470.0,402106.0
2022-12-14 00:00:00+09:00,7490.0,7520.0,7400.0,7470.0,251484.0
2022-12-15 00:00:00+09:00,7430.0,7560.0,7370.0,7490.0,368729.0
2022-12-16 00:00:00+09:00,7450.0,7780.0,7340.0,7660.0,936359.0
2022-12-19 00:00:00+09:00,7680.0,7710.0,7510.0,7570.0,275176.0
2022-12-20 00:00:00+09:00,7570.0,7650.0,7310.0,7400.0,327839.0
2022-12-21 00:00:00+09:00,7460.0,7620.0,7330.0,7510.0,291819.0
2022-12-22 00:00:00+09:00,7540.0,7700.0,7520.0,7700.0,427241.0
2022-12-23 00:00:00+09:00,7610.0,7620.0,7390.0,7400.0,644684.0
2022-12-26 00:00:00+09:00,7450.0,7470.0,7320.0,7390.0,462791.0
2022-12-27 00:00:00+09:00,7340.0,7370.0,7140.0,7220.0,1046301.0
2022-12-28 00:00:00+09:00,7220.0,7530.0,7180.0,7410.0,742765.0
2022-12-29 00:00:00+09:00,7410.0,7450.0,7250.0,7420.0,257211.0
2023-01-02 00:00:00+09:00,7480.0,7590.0,7250.0,7250.0,284926.0
2023-01-03 00:00:00+09:00,7270.0,7330.0,6990.0,7160.0,443348.0
2023-01-04 00:00:00+09:00,7110.0,7190.0,6980.0,7070.0,371288.0
2023-01-05 00:00:00+09:00,7100.0,7140.0,6760.0,6880.0,527554.0
2023-01-06 00:00:00+09:00,6760.0,7040.0,6760.0,6870.0,384911.0
2023-01-09 00:00:00+09:00,6950.0,7020.0,6900.0,7000.0,404876.0
2023-01-10 00:00:00+09:00,7000.0,7080.0,6840.0,6900.0,438602.0
2023-01-11 00:00:00+09:00,6930.0,6980.0,6880.0,6930.0,276869.0
2023-01-12 00:00:00+09:00,6930.0,7090.0,6930.0,6990.0,328884.0
2023-01-13 00:00:00+09:00,7010.0,7050.0,6970.0,7040.0,183204.0
2023-01-16 00:00:00+09:00,7030.0,7080.0,6840.0,6900.0,467300.0
2023-01-17 00:00:00+09:00,6880.0,6970.0,6830.0,6840.0,302873.0
2023-01-18 00:00:00+09:00,6900.0,6910.0,6700.0,6730.0,341533.0
2023-01-19 00:00:00+09:00,6690.0,6830.0,6680.0,6730.0,318862.0
2023-01-20 00:00:00+09:00,6750.0,6830.0,6650.0,6700.0,402132.0
2023-01-25 00:00:00+09:00,6880.0,6880.0,6750.0,6840.0,295186.0
2023-01-26 00:00:00+09:00,6840.0,7120.0,6830.0,7100.0,479293.0
2023-01-27 00:00:00+09:00,7160.0,7680.0,7100.0,7460.0,1557392.0
2023-01-30 00:00:00+09:00,7470.0,7700.0,7420.0,7450.0,512973.0
2023-01-31 00:00:00+09:00,7440.0,7700.0,7410.0,7550.0,710811.0
2023-02-01 00:00:00+09:00,7620.0,7720.0,7520.0,7600.0,375409.0
2023-02-02 00:00:00+09:00,7700.0,7750.0,7460.0,7540.0,401097.0
2023-02-03 00:00:00+09:00,7540.0,7630.0,7400.0,7580.0,397503.0
2023-02-06 00:00:00+09:00,7580.0,7750.0,7400.0,7630.0,367652.0
2023-02-07 00:00:00+09:00,7630.0,7690.0,7360.0,7420.0,535728.0
2023-02-08 00:00:00+09:00,7530.0,7530.0,7220.0,7330.0,565048.0
2023-02-09 00:00:00+09:00,7270.0,7390.0,7230.0,7310.0,285348.0
2023-02-10 00:00:00+09:00,7330.0,7970.0,7300.0,7890.0,1861606.0
2023-02-13 00:00:00+09:00,8000.0,8700.0,7920.0,8620.0,4884178.0
2023-02-14 00:00:00+09:00,8740.0,9100.0,8590.0,8800.0,3298404.0
2023-02-15 00:00:00+09:00,8810.0,8910.0,8500.0,8640.0,1268587.0
2023-02-16 00:00:00+09:00,8700.0,9080.0,7860.0,8270.0,5030807.0
2023-02-17 00:00:00+09:00,8500.0,8510.0,7610.0,7820.0,4648239.0
2023-02-20 00:00:00+09:00,7890.0,7940.0,7700.0,7840.0,1131696.0
2023-02-21 00:00:00+09:00,7840.0,8190.0,7810.0,7990.0,1073472.0
2023-02-22 00:00:00+09:00,7840.0,8160.0,7720.0,8010.0,832808.0
2023-02-23 00:00:00+09:00,8110.0,8110.0,7810.0,7910.0,598648.0
2023-02-24 00:00:00+09:00,7810.0,7950.0,7630.0,7670.0,765600.0
2023-02-27 00:00:00+09:00,7610.0,7850.0,7580.0,7850.0,564021.0
2023-02-28 00:00:00+09:00,7900.0,7930.0,7750.0,7810.0,465892.0
2023-03-02 00:00:00+09:00,7810.0,7900.0,7670.0,7750.0,412523.0
2023-03-03 00:00:00+09:00,7750.0,7780.0,7590.0,7610.0,475307.0
2023-03-06 00:00:00+09:00,7610.0,7730.0,7490.0,7700.0,610773.0
2023-03-07 00:00:00+09:00,7720.0,7790.0,7530.0,7550.0,430520.0
2023-03-08 00:00:00+09:00,7540.0,7590.0,7290.0,7310.0,710994.0
2023-03-09 00:00:00+09:00,7400.0,7590.0,7340.0,7430.0,602120.0
2023-03-10 00:00:00+09:00,7260.0,7520.0,7260.0,7380.0,302531.0
2023-03-13 00:00:00+09:00,7210.0,7350.0,7130.0,7250.0,394579.0
2023-03-14 00:00:00+09:00,7250.0,7280.0,6910.0,6990.0,674134.0
2023-03-15 00:00:00+09:00,7070.0,7270.0,7070.0,7170.0,376478.0
2023-03-16 00:00:00+09:00,7070.0,7100.0,6830.0,6870.0,661796.0
2023-03-17 00:00:00+09:00,6940.0,6990.0,6820.0,6860.0,391736.0
2023-03-20 00:00:00+09:00,6840.0,7050.0,6780.0,6810.0,479307.0
2023-03-21 00:00:00+09:00,6860.0,7240.0,6860.0,7200.0,480724.0
2023-03-22 00:00:00+09:00,7320.0,7360.0,7160.0,7210.0,393398.0
2023-03-23 00:00:00+09:00,7210.0,7240.0,6960.0,7040.0,419556.0
2023-03-24 00:00:00+09:00,7210.0,7210.0,7000.0,7080.0,227339.0
2023-03-27 00:00:00+09:00,7120.0,7130.0,6950.0,6990.0,253202.0
2023-03-28 00:00:00+09:00,6910.0,7310.0,6910.0,7280.0,451807.0
2023-03-29 00:00:00+09:00,7270.0,7280.0,7100.0,7150.0,258606.0
2023-03-30 00:00:00+09:00,7250.0,7250.0,7030.0,7190.0,311281.0
2023-03-31 00:00:00+09:00,7270.0,7470.0,7200.0,7450.0,695374.0
2023-04-03 00:00:00+09:00,7600.0,7720.0,7450.0,7640.0,934693.0
2023-04-04 00:00:00+09:00,7760.0,7930.0,7710.0,7800.0,863033.0
2023-04-05 00:00:00+09:00,7800.0,7800.0,7450.0,7540.0,586155.0
2023-04-06 00:00:00+09:00,7550.0,7690.0,7350.0,7500.0,488585.0
2023-04-07 00:00:00+09:00,7510.0,7600.0,7340.0,7390.0,376562.0
2023-04-10 00:00:00+09:00,7390.0,7470.0,7190.0,7380.0,426973.0
2023-04-11 00:00:00+09:00,7380.0,7460.0,7240.0,7460.0,687903.0
2023-04-12 00:00:00+09:00,7500.0,7810.0,7430.0,7670.0,798384.0
2023-04-13 00:00:00+09:00,7670.0,7750.0,7500.0,7740.0,356629.0
2023-04-14 00:00:00+09:00,7750.0,7920.0,7610.0,7740.0,599915.0
2023-04-17 00:00:00+09:00,7860.0,7980.0,7790.0,7850.0,702972.0
2023-04-18 00:00:00+09:00,7890.0,7890.0,7670.0,7780.0,422335.0
2023-04-19 00:00:00+09:00,7790.0,8090.0,7700.0,8040.0,1075102.0
2023-04-20 00:00:00+09:00,7980.0,8150.0,7930.0,8060.0,881073.0
2023-04-21 00:00:00+09:00,8030.0,8040.0,7760.0,7930.0,750584.0
2023-04-24 00:00:00+09:00,7900.0,8060.0,7780.0,7870.0,497915.0
2023-04-25 00:00:00+09:00,7870.0,8130.0,7730.0,7980.0,1173071.0
2023-04-26 00:00:00+09:00,7910.0,8070.0,7710.0,7750.0,542609.0
2023-04-27 00:00:00+09:00,7750.0,7800.0,7460.0,7740.0,525641.0
2023-04-28 00:00:00+09:00,7740.0,7940.0,7560.0,7770.0,634581.0
2023-05-02 00:00:00+09:00,7910.0,7980.0,7680.0,7900.0,508281.0
2023-05-03 00:00:00+09:00,7880.0,7980.0,7760.0,7880.0,364463.0
2023-05-04 00:00:00+09:00,7830.0,7880.0,7700.0,7730.0,331437.0
2023-05-08 00:00:00+09:00,7740.0,8050.0,7650.0,7870.0,563748.0
2023-05-09 00:00:00+09:00,7840.0,8180.0,7840.0,8110.0,1022169.0
2023-05-10 00:00:00+09:00,8120.0,8150.0,7730.0,7810.0,687303.0
2023-05-11 00:00:00+09:00,7780.0,7900.0,7750.0,7800.0,308905.0
2023-05-12 00:00:00+09:00,7800.0,7840.0,7600.0,7780.0,533851.0
2023-05-15 00:00:00+09:00,7720.0,7880.0,7650.0,7770.0,433022.0
2023-05-16 00:00:00+09:00,7770.0,7780.0,7570.0,7650.0,429064.0
2023-05-17 00:00:00+09:00,7590.0,7750.0,7590.0,7700.0,246829.0
2023-05-18 00:00:00+09:00,7730.0,7850.0,7700.0,7820.0,371655.0
2023-05-19 00:00:00+09:00,7860.0,7880.0,7730.0,7810.0,264017.0
2023-05-22 00:00:00+09:00,7800.0,8340.0,7750.0,8320.0,1779824.0
2023-05-23 00:00:00+09:00,8380.0,8440.0,8220.0,8320.0,1050501.0
2023-05-24 00:00:00+09:00,8250.0,9020.0,8240.0,9000.0,3072208.0
2023-05-25 00:00:00+09:00,8970.0,9030.0,8700.0,8740.0,1300383.0
2023-05-26 00:00:00+09:00,8720.0,8720.0,8370.0,8650.0,927384.0
2023-05-30 00:00:00+09:00,8670.0,9100.0,8650.0,8930.0,1346877.0
2023-05-31 00:00:00+09:00,8830.0,8900.0,8690.0,8740.0,575231.0
2023-06-01 00:00:00+09:00,8650.0,8920.0,8640.0,8900.0,687932.0
2023-06-02 00:00:00+09:00,8840.0,8980.0,8720.0,8830.0,677261.0
2023-06-05 00:00:00+09:00,8960.0,9300.0,8920.0,9270.0,1434530.0
2023-06-07 00:00:00+09:00,9270.0,9370.0,9100.0,9280.0,761821.0
2023-06-08 00:00:00+09:00,9300.0,9590.0,9280.0,9450.0,1184969.0
2023-06-09 00:00:00+09:00,9450.0,9450.0,9150.0,9220.0,789340.0
2023-06-12 00:00:00+09:00,9210.0,9450.0,9090.0,9410.0,760262.0
2023-06-13 00:00:00+09:00,9400.0,9450.0,9210.0,9390.0,449916.0
2023-06-14 00:00:00+09:00,9470.0,9830.0,9360.0,9660.0,1453818.0
2023-06-15 00:00:00+09:00,9610.0,9950.0,9590.0,9900.0,1033486.0
2023-06-16 00:00:00+09:00,9970.0,10150.0,9770.0,10050.0,1257927.0
2023-06-19 00:00:00+09:00,10140.0,10210.0,9890.0,10050.0,757386.0
2023-06-20 00:00:00+09:00,10050.0,10500.0,10000.0,10400.0,975319.0
2023-06-21 00:00:00+09:00,10500.0,10850.0,10200.0,10200.0,1356619.0
2023-06-22 00:00:00+09:00,10200.0,10390.0,10000.0,10300.0,600217.0
2023-06-23 00:00:00+09:00,10280.0,10350.0,10030.0,10150.0,544721.0
2023-06-26 00:00:00+09:00,10160.0,10310.0,10060.0,10220.0,444075.0
2023-06-27 00:00:00+09:00,10350.0,10380.0,10040.0,10250.0,454434.0
2023-06-28 00:00:00+09:00,10260.0,10300.0,9950.0,10020.0,765812.0
2023-06-29 00:00:00+09:00,9970.0,10180.0,9890.0,10030.0,565991.0
2023-06-30 00:00:00+09:00,10090.0,10170.0,9940.0,10120.0,370901.0
2023-07-03 00:00:00+09:00,10190.0,10240.0,9920.0,10140.0,706534.0
2023-07-04 00:00:00+09:00,10070.0,11030.0,9960.0,10990.0,2084216.0
2023-07-05 00:00:00+09:00,10990.0,11300.0,10850.0,11140.0,935403.0
2023-07-06 00:00:00+09:00,11140.0,11520.0,11100.0,11360.0,1010803.0
2023-07-07 00:00:00+09:00,11310.0,12240.0,11190.0,11810.0,1851636.0
2023-07-10 00:00:00+09:00,11820.0,12040.0,11200.0,11310.0,1060965.0
2023-07-11 00:00:00+09:00,11370.0,11720.0,11050.0,11720.0,1066660.0
2023-07-12 00:00:00+09:00,11760.0,12460.0,11700.0,12080.0,1961038.0
2023-07-13 00:00:00+09:00,12090.0,12170.0,11750.0,12080.0,832680.0
2023-07-14 00:00:00+09:00,12180.0,12250.0,11710.0,12250.0,944994.0
2023-07-17 00:00:00+09:00,12270.0,12400.0,11820.0,12100.0,799714.0
2023-07-18 00:00:00+09:00,12100.0,12100.0,11540.0,11690.0,1111970.0
2023-07-19 00:00:00+09:00,11690.0,12220.0,11680.0,11830.0,777064.0
2023-07-20 00:00:00+09:00,11860.0,11940.0,11580.0,11920.0,632221.0
2023-07-21 00:00:00+09:00,11920.0,11940.0,11590.0,11770.0,363649.0
2023-07-24 00:00:00+09:00,11800.0,12000.0,11590.0,11860.0,1038277.0
2023-07-25 00:00:00+09:00,11880.0,11950.0,11520.0,11750.0,724518.0
2023-07-26 00:00:00+09:00,11700.0,11740.0,11000.0,11230.0,1402944.0
2023-07-27 00:00:00+09:00,11230.0,11600.0,10850.0,10900.0,998211.0
2023-07-28 00:00:00+09:00,11000.0,12090.0,10490.0,11820.0,1564561.0
2023-07-31 00:00:00+09:00,11870.0,12160.0,11570.0,11910.0,664395.0
2023-08-01 00:00:00+09:00,11910.0,12640.0,11700.0,12580.0,1242813.0
2023-08-02 00:00:00+09:00,12600.0,12750.0,11630.0,11700.0,1392067.0
2023-08-03 00:00:00+09:00,11700.0,11740.0,11100.0,11450.0,927357.0
2023-08-04 00:00:00+09:00,11450.0,12200.0,11450.0,11810.0,808477.0
2023-08-07 00:00:00+09:00,11850.0,11850.0,11310.0,11360.0,624611.0
2023-08-08 00:00:00+09:00,11360.0,11680.0,11360.0,11640.0,669302.0
2023-08-09 00:00:00+09:00,11720.0,11720.0,11130.0,11370.0,846782.0
2023-08-10 00:00:00+09:00,11210.0,11440.0,11110.0,11210.0,413318.0
2023-08-11 00:00:00+09:00,11080.0,11200.0,10870.0,11050.0,594132.0
2023-08-14 00:00:00+09:00,10680.0,10690.0,10080.0,10280.0,1837794.0
2023-08-16 00:00:00+09:00,10220.0,10320.0,9870.0,9920.0,836174.0
2023-08-17 00:00:00+09:00,9850.0,9950.0,9540.0,9770.0,1135802.0
2023-08-18 00:00:00+09:00,9680.0,9810.0,9510.0,9750.0,448422.0
2023-08-21 00:00:00+09:00,9760.0,9920.0,9600.0,9660.0,486253.0
2023-08-22 00:00:00+09:00,9690.0,9780.0,9470.0,9700.0,409697.0
2023-08-23 00:00:00+09:00,9700.0,9830.0,9600.0,9700.0,423780.0
2023-08-24 00:00:00+09:00,9700.0,9760.0,9450.0,9700.0,378771.0
2023-08-25 00:00:00+09:00,9490.0,9890.0,9490.0,9850.0,499023.0
2023-08-28 00:00:00+09:00,9900.0,10740.0,9900.0,10520.0,1333153.0
2023-08-29 00:00:00+09:00,10500.0,10780.0,10350.0,10570.0,673215.0
2023-08-30 00:00:00+09:00,10700.0,10750.0,10490.0,10610.0,363919.0
2023-08-31 00:00:00+09:00,10690.0,10790.0,10470.0,10790.0,1126852.0
2023-09-01 00:00:00+09:00,10780.0,10780.0,10220.0,10310.0,761717.0
2023-09-04 00:00:00+09:00,10310.0,10550.0,10230.0,10310.0,318720.0
2023-09-05 00:00:00+09:00,10410.0,10410.0,10050.0,10190.0,158391.0
2023-09-06 00:00:00+09:00,10190.0,10350.0,10000.0,10060.0,244631.0
2023-09-07 00:00:00+09:00,10000.0,10150.0,9890.0,9920.0,299663.0
2023-09-08 00:00:00+09:00,9850.0,9960.0,9800.0,9810.0,254978.0
2023-09-11 00:00:00+09:00,9810.0,10080.0,9770.0,10000.0,406607.0
2023-09-12 00:00:00+09:00,10000.0,10020.0,9660.0,9690.0,423966.0
2023-09-13 00:00:00+09:00,9700.0,9750.0,9300.0,9400.0,652092.0
2023-09-14 00:00:00+09:00,9260.0,9420.0,9160.0,9300.0,438970.0
2023-09-15 00:00:00+09:00,9330.0,9560.0,9290.0,9490.0,415062.0
2023-09-18 00:00:00+09:00,9610.0,9670.0,9420.0,9510.0,295651.0
2023-09-19 00:00:00+09:00,9510.0,9740.0,9350.0,9670.0,357199.0
2023-09-20 00:00:00+09:00,9550.0,9640.0,9300.0,9430.0,435563.0
2023-09-21 00:00:00+09:00,9330.0,9400.0,9120.0,9220.0,513960.0
2023-09-22 00:00:00+09:00,9090.0,9190.0,8870.0,9040.0,899757.0
2023-09-25 00:00:00+09:00,8880.0,9150.0,8810.0,8900.0,318846.0
2023-09-26 00:00:00+09:00,8910.0,9060.0,8790.0,8820.0,187595.0
2023-09-27 00:00:00+09:00,8690.0,9020.0,8650.0,8840.0,213825.0
2023-10-04 00:00:00+09:00,8800.0,8800.0,8300.0,8460.0,572080.0
2023-10-05 00:00:00+09:00,8550.0,8630.0,8310.0,8380.0,312394.0
2023-10-06 00:00:00+09:00,8320.0,8550.0,8320.0,8400.0,165295.0
2023-10-10 00:00:00+09:00,8410.0,8760.0,8380.0,8470.0,345383.0
2023-10-11 00:00:00+09:00,8430.0,8720.0,8430.0,8630.0,217114.0
2023-10-12 00:00:00+09:00,8750.0,8780.0,8570.0,8630.0,255975.0
2023-10-13 00:00:00+09:00,8700.0,8700.0,8400.0,8570.0,216217.0
2023-10-16 00:00:00+09:00,8480.0,8780.0,8400.0,8540.0,225039.0
2023-10-17 00:00:00+09:00,8640.0,8760.0,8560.0,8660.0,329781.0
2023-10-18 00:00:00+09:00,8700.0,8700.0,8430.0,8540.0,257309.0
2023-10-19 00:00:00+09:00,8500.0,8720.0,8150.0,8340.0,562414.0
2023-10-20 00:00:00+09:00,8170.0,8240.0,7930.0,8040.0,449387.0
2023-10-23 00:00:00+09:00,7990.0,8080.0,7780.0,7840.0,408717.0
2023-10-24 00:00:00+09:00,7930.0,8000.0,7560.0,7900.0,360206.0
2023-10-25 00:00:00+09:00,7930.0,8520.0,7890.0,8380.0,683460.0
2023-10-26 00:00:00+09:00,8170.0,8290.0,7870.0,7980.0,444664.0
2023-10-27 00:00:00+09:00,8020.0,8080.0,7810.0,7900.0,279332.0
2023-10-30 00:00:00+09:00,7910.0,8170.0,7810.0,8050.0,178563.0
2023-10-31 00:00:00+09:00,8090.0,8150.0,7620.0,7660.0,308918.0
2023-11-01 00:00:00+09:00,7800.0,7840.0,7600.0,7720.0,149265.0
2023-11-02 00:00:00+09:00,7820.0,7940.0,7770.0,7940.0,355721.0
2023-11-03 00:00:00+09:00,8010.0,8260.0,7950.0,8250.0,318927.0
2023-11-06 00:00:00+09:00,8360.0,8480.0,8260.0,8480.0,342019.0
2023-11-07 00:00:00+09:00,8480.0,8480.0,8050.0,8240.0,435616.0
2023-11-08 00:00:00+09:00,8160.0,8210.0,7860.0,7930.0,402540.0
2023-11-09 00:00:00+09:00,7860.0,8190.0,7700.0,8090.0,501302.0
2023-11-10 00:00:00+09:00,8090.0,8200.0,7860.0,8100.0,363760.0
2023-11-13 00:00:00+09:00,8180.0,8190.0,7750.0,7750.0,354300.0
2023-11-14 00:00:00+09:00,7860.0,8040.0,7780.0,7830.0,397724.0
2023-11-15 00:00:00+09:00,7970.0,8270.0,7900.0,8250.0,621986.0
2023-11-16 00:00:00+09:00,8210.0,8340.0,8060.0,8250.0,387752.0
2023-11-17 00:00:00+09:00,8250.0,8280.0,8080.0,8190.0,240253.0
2023-11-20 00:00:00+09:00,8190.0,8870.0,8160.0,8640.0,945322.0
2023-11-21 00:00:00+09:00,8760.0,9050.0,8620.0,8970.0,909638.0
2023-11-22 00:00:00+09:00,9010.0,9580.0,8940.0,9520.0,1503037.0
2023-11-23 00:00:00+09:00,9550.0,9650.0,9090.0,9200.0,712607.0
2023-11-24 00:00:00+09:00,9120.0,9230.0,9030.0,9190.0,382815.0
2023-11-27 00:00:00+09:00,9120.0,9290.0,9000.0,9170.0,382906.0
2023-11-28 00:00:00+09:00,9270.0,9940.0,9200.0,9700.0,1446148.0
2023-11-29 00:00:00+09:00,9760.0,9950.0,9100.0,9660.0,731815.0
2023-11-30 00:00:00+09:00,9630.0,9880.0,9400.0,9880.0,421672.0
2023-12-01 00:00:00+09:00,9920.0,9970.0,9750.0,9900.0,332443.0
2023-12-04 00:00:00+09:00,9930.0,10030.0,9650.0,9720.0,461852.0
2023-12-05 00:00:00+09:00,9700.0,9800.0,9300.0,9400.0,525833.0
2023-12-06 00:00:00+09:00,9410.0,9680.0,9160.0,9630.0,575304.0
2023-12-07 00:00:00+09:00,9600.0,9600.0,9170.0,9220.0,442456.0
2023-12-08 00:00:00+09:00,9220.0,9390.0,9140.0,9350.0,331868.0
2023-12-11 00:00:00+09:00,9260.0,9490.0,9250.0,9430.0,256956.0
2023-12-12 00:00:00+09:00,9470.0,9660.0,9380.0,9630.0,325466.0
2023-12-13 00:00:00+09:00,9630.0,9770.0,9450.0,9640.0,285278.0
2023-12-14 00:00:00+09:00,9910.0,10060.0,9630.0,10050.0,1006750.0
2023-12-15 00:00:00+09:00,10100.0,10220.0,9960.0,10030.0,477966.0
2023-12-18 00:00:00+09:00,10150.0,10160.0,9810.0,10010.0,505324.0
2023-12-19 00:00:00+09:00,9860.0,10010.0,9770.0,9790.0,412214.0
2023-12-20 00:00:00+09:00,9800.0,9920.0,9730.0,9770.0,256817.0
2023-12-21 00:00:00+09:00,9680.0,9830.0,9350.0,9440.0,542266.0
2023-12-22 00:00:00+09:00,9440.0,9520.0,9280.0,9350.0,368684.0
2023-12-26 00:00:00+09:00,9350.0,9350.0,9020.0,9110.0,419901.0
2023-12-27 00:00:00+09:00,9150.0,9530.0,9150.0,9520.0,321232.0
2023-12-28 00:00:00+09:00,9640.0,9890.0,9490.0,9790.0,491323.0
2024-01-02 00:00:00+09:00,9950.0,9950.0,9700.0,9810.0,308945.0
2024-01-03 00:00:00+09:00,9750.0,9750.0,9380.0,9400.0,487065.0
2024-01-04 00:00:00+09:00,9400.0,9700.0,9300.0,9660.0,553597.0
2024-01-05 00:00:00+09:00,9710.0,9710.0,9250.0,9380.0,431411.0
2024-01-08 00:00:00+09:00,9460.0,9660.0,9310.0,9590.0,316043.0
2024-01-09 00:00:00+09:00,9550.0,9600.0,9200.0,9240.0,443314.0
2024-01-10 00:00:00+09:00,9260.0,9340.0,9070.0,9250.0,474888.0
2024-01-11 00:00:00+09:00,9240.0,9490.0,9240.0,9400.0,394750.0
2024-01-12 00:00:00+09:00,9400.0,9560.0,9300.0,9380.0,254422.0
2024-01-15 00:00:00+09:00,9490.0,9900.0,9410.0,9850.0,527429.0
2024-01-16 00:00:00+09:00,9940.0,9940.0,9490.0,9540.0,284047.0
2024-01-17 00:00:00+09:00,9540.0,9660.0,9260.0,9460.0,343692.0
2024-01-18 00:00:00+09:00,9450.0,9750.0,9390.0,9590.0,359942.0
2024-01-19 00:00:00+09:00,9640.0,9920.0,9630.0,9900.0,595761.0
2024-01-22 00:00:00+09:00,10130.0,10350.0,9960.0,10300.0,1100539.0
2024-01-23 00:00:00+09:00,10410.0,10450.0,9980.0,10200.0,468636.0
2024-01-24 00:00:00+09:00,10200.0,10350.0,9880.0,10320.0,483266.0
2024-01-25 00:00:00+09:00,10300.0,10300.0,9920.0,10030.0,523663.0
2024-01-26 00:00:00+09:00,10050.0,10090.0,9530.0,9550.0,616724.0
2024-01-29 00:00:00+09:00,9520.0,9570.0,9100.0,9210.0,517194.0
2024-01-30 00:00:00+09:00,9200.0,9270.0,8010.0,8380.0,2456481.0
2024-01-31 00:00:00+09:00,8400.0,8840.0,8380.0,8600.0,723728.0
2024-02-01 00:00:00+09:00,8600.0,8640.0,8210.0,8360.0,449033.0
2024-02-02 00:00:00+09:00,8400.0,8540.0,8220.0,8360.0,386619.0
2024-02-05 00:00:00+09:00,8490.0,8500.0,8270.0,8370.0,225056.0
2024-02-06 00:00:00+09:00,8370.0,8590.0,8250.0,8530.0,356171.0
2024-02-07 00:00:00+09:00,8590.0,8930.0,8550.0,8750.0,541755.0
2024-02-08 00:00:00+09:00,8760.0,8840.0,8500.0,8620.0,302363.0
2024-02-13 00:00:00+09:00,8710.0,8810.0,8360.0,8450.0,519614.0
2024-02-14 00:00:00+09:00,8370.0,8450.0,8210.0,8280.0,446933.0
2024-02-15 00:00:00+09:00,8320.0,8400.0,8270.0,8300.0,240723.0
2024-02-16 00:00:00+09:00,8330.0,8330.0,8200.0,8200.0,361867.0
2024-02-19 00:00:00+09:00,8300.0,8300.0,8010.0,8060.0,536417.0
2024-02-20 00:00:00+09:00,8030.0,8150.0,7990.0,8060.0,391015.0
2024-02-21 00:00:00+09:00,8070.0,8280.0,8020.0,8220.0,298654.0
2024-02-22 00:00:00+09:00,8310.0,8310.0,8080.0,8150.0,207043.0
2024-02-23 00:00:00+09:00,8150.0,8230.0,8040.0,8120.0,377062.0
2024-02-26 00:00:00+09:00,8200.0,8210.0,8080.0,8170.0,306373.0
2024-02-27 00:00:00+09:00,8170.0,8530.0,8030.0,8420.0,722216.0
2024-02-28 00:00:00+09:00,8520.0,9170.0,8370.0,9090.0,1117873.0
2024-02-29 00:00:00+09:00,9130.0,9140.0,8820.0,9110.0,475443.0
2024-03-04 00:00:00+09:00,9040.0,9080.0,8750.0,8950.0,538243.0
2024-03-05 00:00:00+09:00,8930.0,9120.0,8890.0,9120.0,349025.0
2024-03-06 00:00:00+09:00,9120.0,9170.0,8860.0,9020.0,327297.0
2024-03-07 00:00:00+09:00,9100.0,9140.0,8840.0,9030.0,326885.0
2024-03-08 00:00:00+09:00,9040.0,9100.0,8790.0,8900.0,382746.0
2024-03-11 00:00:00+09:00,8810.0,9210.0,8770.0,9200.0,538701.0
2024-03-12 00:00:00+09:00,9200.0,9250.0,8910.0,8980.0,339653.0
2024-03-13 00:00:00+09:00,8900.0,9020.0,8710.0,8770.0,340057.0
2024-03-14 00:00:00+09:00,8770.0,9750.0,8770.0,9570.0,1753653.0
2024-03-15 00:00:00+09:00,9670.0,9910.0,9320.0,9500.0,1058960.0
2024-03-18 00:00:00+09:00,9650.0,9890.0,9440.0,9560.0,926955.0
2024-03-19 00:00:00+09:00,9570.0,9690.0,9340.0,9600.0,559377.0
2024-03-20 00:00:00+09:00,9700.0,9950.0,9620.0,9950.0,782445.0
2024-03-21 00:00:00+09:00,10030.0,10190.0,9860.0,10130.0,820918.0
2024-03-22 00:00:00+09:00,10130.0,10220.0,9910.0,10150.0,492442.0
2024-03-25 00:00:00+09:00,10180.0,10190.0,9910.0,10110.0,413641.0
2024-03-26 00:00:00+09:00,10210.0,10210.0,9740.0,9960.0,602812.0
2024-03-27 00:00:00+09:00,9960.0,10010.0,9520.0,9680.0,494805.0
2024-03-28 00:00:00+09:00,9670.0,9900.0,9610.0,9880.0,396984.0
2024-03-29 00:00:00+09:00,9850.0,9930.0,9750.0,9820.0,266910.0
2024-04-01 00:00:00+09:00,9820.0,9840.0,9560.0,9740.0,350856.0
2024-04-02 00:00:00+09:00,9740.0,9740.0,9460.0,9700.0,250141.0
2024-04-03 00:00:00+09:00,9590.0,9860.0,9490.0,9760.0,336596.0
2024-04-04 00:00:00+09:00,9940.0,9950.0,9380.0,9840.0,592262.0
2024-04-05 00:00:00+09:00,9670.0,9790.0,9590.0,9610.0,192073.0
2024-04-08 00:00:00+09:00,9610.0,9610.0,9400.0,9420.0,207529.0
2024-04-09 00:00:00+09:00,9400.0,9780.0,9350.0,9580.0,320429.0
2024-04-11 00:00:00+09:00,9500.0,9550.0,9270.0,9480.0,288274.0
2024-04-12 00:00:00+09:00,9550.0,9910.0,9380.0,9840.0,404621.0
2024-04-15 00:00:00+09:00,9830.0,10710.0,9610.0,10710.0,2437602.0
2024-04-16 00:00:00+09:00,10840.0,11180.0,10560.0,11000.0,2626844.0
2024-04-17 00:00:00+09:00,11080.0,11700.0,10730.0,11490.0,2704848.0
2024-04-18 00:00:00+09:00,11690.0,11940.0,11300.0,11590.0,2398172.0
2024-04-19 00:00:00+09:00,11660.0,11910.0,11300.0,11600.0,1734326.0
2024-04-22 00:00:00+09:00,11610.0,11900.0,11400.0,11500.0,951140.0
2024-04-23 00:00:00+09:00,11500.0,11960.0,11390.0,11610.0,1537612.0
2024-04-24 00:00:00+09:00,12710.0,13890.0,12410.0,12450.0,14705861.0
2024-04-25 00:00:00+09:00,12500.0,13390.0,12320.0,13210.0,5779812.0
2024-04-26 00:00:00+09:00,13010.0,13860.0,12940.0,13290.0,3078259.0
2024-04-29 00:00:00+09:00,13640.0,13750.0,12760.0,12990.0,2390623.0
2024-04-30 00:00:00+09:00,12890.0,12900.0,12360.0,12770.0,1596527.0
2024-05-02 00:00:00+09:00,12650.0,12890.0,12220.0,12260.0,1169972.0
2024-05-03 00:00:00+09:00,12330.0,12340.0,11940.0,12030.0,1210508.0
2024-05-07 00:00:00+09:00,11970.0,12530.0,11790.0,12400.0,1273526.0
2024-05-08 00:00:00+09:00,12290.0,12790.0,12100.0,12310.0,910799.0
2024-05-09 00:00:00+09:00,12510.0,12580.0,12090.0,12100.0,609100.0
2024-05-10 00:00:00+09:00,12210.0,12510.0,12030.0,12450.0,661824.0
2024-05-13 00:00:00+09:00,12390.0,13290.0,12330.0,13180.0,1798838.0
2024-05-14 00:00:00+09:00,13220.0,13220.0,12810.0,13000.0,700999.0
2024-05-16 00:00:00+09:00,13050.0,13050.0,12650.0,12770.0,574595.0
2024-05-17 00:00:00+09:00,12550.0,12700.0,12290.0,12400.0,615065.0
2024-05-20 00:00:00+09:00,12660.0,12960.0,12500.0,12740.0,803861.0
2024-05-21 00:00:00+09:00,12910.0,13410.0,12710.0,13370.0,1505898.0
2024-05-22 00:00:00+09:00,13340.0,13350.0,12030.0,12100.0,1831448.0
2024-05-23 00:00:00+09:00,11970.0,12430.0,11650.0,12360.0,1042123.0
2024-05-24 00:00:00+09:00,12230.0,13590.0,12110.0,13310.0,1913098.0
2024-05-27 00:00:00+09:00,13350.0,13500.0,13050.0,13400.0,899226.0
2024-05-28 00:00:00+09:00,13310.0,13390.0,13030.0,13140.0,562009.0
2024-05-29 00:00:00+09:00,13080.0,13170.0,12500.0,12710.0,673056.0
2024-05-30 00:00:00+09:00,12610.0,12800.0,12330.0,12540.0,340266.0
2024-05-31 00:00:00+09:00,12540.0,12630.0,12300.0,12520.0,440794.0
2024-06-03 00:00:00+09:00,12460.0,12880.0,12310.0,12590.0,532535.0
2024-06-04 00:00:00+09:00,12690.0,12690.0,12170.0,12170.0,499031.0
2024-06-05 00:00:00+09:00,12220.0,12400.0,12050.0,12240.0,317990.0
2024-06-07 00:00:00+09:00,12200.0,12690.0,12110.0,12460.0,484611.0
2024-06-10 00:00:00+09:00,12550.0,13140.0,12250.0,12960.0,919271.0
2024-06-11 00:00:00+09:00,13270.0,13290.0,12670.0,12700.0,524159.0
2024-06-12 00:00:00+09:00,12800.0,13390.0,12500.0,13300.0,1045290.0
2024-06-13 00:00:00+09:00,13300.0,13800.0,13110.0,13550.0,1394152.0
2024-06-14 00:00:00+09:00,13750.0,16370.0,13630.0,15430.0,11915178.0
2024-06-17 00:00:00+09:00,15300.0,15710.0,15170.0,15300.0,1988147.0
2024-06-18 00:00:00+09:00,15120.0,15300.0,14800.0,15260.0,1162828.0
2024-06-19 00:00:00+09:00,15200.0,15780.0,14960.0,15650.0,1728434.0
2024-06-20 00:00:00+09:00,15880.0,16940.0,15060.0,15340.0,3687545.0
2024-06-21 00:00:00+09:00,15700.0,16030.0,14610.0,15330.0,1656466.0
2024-06-24 00:00:00+09:00,15400.0,16400.0,15170.0,16170.0,3056515.0
2024-06-25 00:00:00+09:00,16030.0,16990.0,15500.0,15820.0,3149498.0
2024-06-26 00:00:00+09:00,15660.0,16020.0,15300.0,15540.0,984347.0
2024-06-27 00:00:00+09:00,15680.0,16080.0,15370.0,15690.0,746342.0
2024-06-28 00:00:00+09:00,15540.0,15650.0,15110.0,15630.0,614083.0
2024-07-01 00:00:00+09:00,15790.0,16150.0,15450.0,15700.0,716585.0
2024-07-02 00:00:00+09:00,16040.0,16120.0,15140.0,15370.0,809077.0
2024-07-03 00:00:00+09:00,15370.0,15420.0,14010.0,14420.0,1678000.0
2024-07-04 00:00:00+09:00,14340.0,14390.0,14010.0,14230.0,874118.0
2024-07-05 00:00:00+09:00,14120.0,14210.0,13730.0,13860.0,850832.0
2024-07-08 00:00:00+09:00,13950.0,14540.0,13870.0,14480.0,804491.0
2024-07-09 00:00:00+09:00,14490.0,14490.0,14010.0,14160.0,567805.0
2024-07-10 00:00:00+09:00,14030.0,14710.0,14010.0,14670.0,829192.0
2024-07-11 00:00:00+09:00,14670.0,14930.0,14300.0,14370.0,698996.0
2024-07-12 00:00:00+09:00,14470.0,14720.0,13950.0,14300.0,606276.0
2024-07-15 00:00:00+09:00,14310.0,14600.0,14150.0,14300.0,607439.0
2024-07-16 00:00:00+09:00,14160.0,14540.0,13800.0,14530.0,944300.0
2024-07-17 00:00:00+09:00,15300.0,15890.0,15170.0,15500.0,3777286.0
2024-07-18 00:00:00+09:00,15280.0,15740.0,14920.0,15270.0,1107545.0
2024-07-19 00:00:00+09:00,15310.0,15380.0,14570.0,14590.0,741490.0
2024-07-22 00:00:00+09:00,14560.0,15010.0,14400.0,14960.0,707324.0
2024-07-23 00:00:00+09:00,14820.0,16950.0,14780.0,16900.0,3615495.0
2024-07-24 00:00:00+09:00,16900.0,17160.0,15880.0,15880.0,2372324.0
2024-07-25 00:00:00+09:00,15460.0,15460.0,13550.0,13600.0,4366694.0
2024-07-26 00:00:00+09:00,14020.0,14900.0,13970.0,14560.0,2522661.0
2024-07-29 00:00:00+09:00,14610.0,15570.0,14500.0,15110.0,1154756.0
2024-07-30 00:00:00+09:00,14930.0,15220.0,14270.0,14790.0,792678.0
2024-07-31 00:00:00+09:00,14550.0,15260.0,14300.0,14390.0,947646.0
2024-08-01 00:00:00+09:00,14400.0,15060.0,14300.0,14860.0,712443.0
2024-08-02 00:00:00+09:00,14610.0,14730.0,13860.0,14010.0,1045932.0
2024-08-05 00:00:00+09:00,13250.0,13300.0,11000.0,12000.0,1706084.0
2024-08-06 00:00:00+09:00,12700.0,13360.0,12130.0,13170.0,1219801.0
2024-08-07 00:00:00+09:00,13300.0,13640.0,13140.0,13550.0,579851.0
2024-08-08 00:00:00+09:00,13350.0,13940.0,13090.0,13920.0,795464.0
2024-08-09 00:00:00+09:00,14320.0,14330.0,13850.0,13850.0,660512.0
2024-08-12 00:00:00+09:00,13850.0,13850.0,13260.0,13360.0,809976.0
2024-08-13 00:00:00+09:00,13350.0,13490.0,12760.0,12880.0,745636.0
2024-08-14 00:00:00+09:00,13100.0,13310.0,12830.0,13270.0,497401.0
2024-08-16 00:00:00+09:00,13400.0,13540.0,13250.0,13540.0,707305.0
2024-08-19 00:00:00+09:00,13600.0,13900.0,13420.0,13450.0,604187.0
2024-08-20 00:00:00+09:00,13590.0,14280.0,13450.0,14120.0,1039381.0
2024-08-21 00:00:00+09:00,14290.0,14690.0,14030.0,14170.0,927111.0
2024-08-22 00:00:00+09:00,14260.0,14360.0,13620.0,13840.0,734812.0
2024-08-23 00:00:00+09:00,13600.0,14270.0,13570.0,14240.0,571946.0
2024-08-26 00:00:00+09:00,14330.0,14330.0,13560.0,13560.0,588999.0
2024-08-27 00:00:00+09:00,13570.0,13850.0,13300.0,13550.0,432571.0
2024-08-28 00:00:00+09:00,13550.0,13720.0,13440.0,13550.0,296215.0
2024-08-29 00:00:00+09:00,13450.0,13600.0,13120.0,13160.0,342333.0
2024-08-30 00:00:00+09:00,13460.0,13830.0,13220.0,13830.0,493812.0
2024-09-02 00:00:00+09:00,14090.0,14090.0,13470.0,13510.0,368164.0
2024-09-03 00:00:00+09:00,13520.0,13700.0,13260.0,13270.0,319406.0
2024-09-04 00:00:00+09:00,12670.0,12900.0,12360.0,12500.0,863801.0
2024-09-05 00:00:00+09:00,12500.0,12690.0,11960.0,12010.0,581222.0
2024-09-06 00:00:00+09:00,12010.0,12090.0,11510.0,11960.0,634660.0
2024-09-09 00:00:00+09:00,11600.0,12170.0,11550.0,12170.0,308191.0
2024-09-10 00:00:00+09:00,12300.0,12470.0,12030.0,12220.0,339943.0
2024-09-11 00:00:00+09:00,12600.0,12600.0,12230.0,12360.0,298886.0
2024-09-12 00:00:00+09:00,12540.0,12700.0,12360.0,12700.0,281559.0
2024-09-13 00:00:00+09:00,12700.0,13090.0,12640.0,12990.0,363655.0
2024-09-19 00:00:00+09:00,13100.0,13600.0,12990.0,13120.0,361569.0
2024-09-20 00:00:00+09:00,13210.0,13500.0,13200.0,13370.0,1879825.0
2024-09-23 00:00:00+09:00,13350.0,13420.0,13030.0,13170.0,408537.0
2024-09-24 00:00:00+09:00,13220.0,13250.0,12970.0,13180.0,394192.0
2024-09-25 00:00:00+09:00,13220.0,13650.0,13200.0,13480.0,544341.0
2024-09-26 00:00:00+09:00,13480.0,13570.0,13310.0,13540.0,249078.0
2024-09-27 00:00:00+09:00,13610.0,13610.0,13080.0,13120.0,329376.0
2024-09-30 00:00:00+09:00,13120.0,13600.0,13110.0,13460.0,434844.0
2024-10-02 00:00:00+09:00,13400.0,13490.0,13110.0,13400.0,317163.0
2024-10-04 00:00:00+09:00,13290.0,14240.0,13290.0,14040.0,708537.0
2024-10-07 00:00:00+09:00,14750.0,14960.0,14280.0,14910.0,1377058.0
2024-10-08 00:00:00+09:00,14910.0,15290.0,14770.0,14910.0,617148.0
2024-10-10 00:00:00+09:00,14910.0,15240.0,14730.0,15110.0,544039.0
2024-10-11 00:00:00+09:00,15200.0,15200.0,14560.0,14570.0,431716.0
2024-10-14 00:00:00+09:00,14480.0,14940.0,14480.0,14800.0,261017.0
2024-10-15 00:00:00+09:00,14910.0,15880.0,14860.0,15740.0,1271176.0
2024-10-16 00:00:00+09:00,15690.0,16210.0,15510.0,15770.0,850853.0
2024-10-17 00:00:00+09:00,15820.0,16500.0,15450.0,16140.0,944879.0
2024-10-18 00:00:00+09:00,16170.0,16200.0,15750.0,15880.0,513268.0
2024-10-21 00:00:00+09:00,15940.0,16160.0,15500.0,15900.0,394290.0
2024-10-22 00:00:00+09:00,15900.0,16110.0,15610.0,15900.0,442770.0
2024-10-23 00:00:00+09:00,16000.0,16240.0,15240.0,15300.0,629283.0
2024-10-24 00:00:00+09:00,15080.0,15500.0,15070.0,15250.0,244280.0
2024-10-25 00:00:00+09:00,15360.0,15460.0,15000.0,15230.0,324126.0
2024-10-28 00:00:00+09:00,14900.0,14900.0,14210.0,14290.0,1094420.0
2024-10-29 00:00:00+09:00,14500.0,14880.0,14230.0,14470.0,606648.0
2024-10-30 00:00:00+09:00,14430.0,14450.0,14130.0,14210.0,321595.0
2024-10-31 00:00:00+09:00,14010.0,14430.0,14000.0,14270.0,343979.0
2024-11-01 00:00:00+09:00,14050.0,14100.0,13560.0,13810.0,427037.0
2024-11-04 00:00:00+09:00,13810.0,13970.0,13380.0,13700.0,599009.0
2024-11-05 00:00:00+09:00,13690.0,14200.0,13540.0,13940.0,379111.0
2024-11-06 00:00:00+09:00,14020.0,14500.0,13810.0,14430.0,431906.0
2024-11-07 00:00:00+09:00,14590.0,15640.0,14280.0,15380.0,1747172.0
2024-11-08 00:00:00+09:00,15460.0,16340.0,14790.0,15000.0,1424241.0
2024-11-11 00:00:00+09:00,15190.0,16700.0,15180.0,16390.0,3373271.0
2024-11-12 00:00:00+09:00,16600.0,16630.0,15400.0,15450.0,1896044.0
2024-11-13 00:00:00+09:00,15570.0,15840.0,14860.0,15100.0,835654.0
2024-11-14 00:00:00+09:00,15110.0,16070.0,15110.0,15980.0,1073861.0
2024-11-15 00:00:00+09:00,16200.0,16250.0,15560.0,16090.0,1035732.0
2024-11-18 00:00:00+09:00,16020.0,16040.0,15400.0,15580.0,748571.0
2024-11-19 00:00:00+09:00,15720.0,16260.0,15410.0,15660.0,739209.0
2024-11-20 00:00:00+09:00,16000.0,16420.0,15700.0,16320.0,1362931.0
2024-11-21 00:00:00+09:00,16440.0,16590.0,15840.0,16130.0,869736.0
2024-11-22 00:00:00+09:00,16130.0,17140.0,15900.0,16690.0,1725056.0
2024-11-25 00:00:00+09:00,16770.0,18340.0,16610.0,17480.0,3387707.0
2024-11-26 00:00:00+09:00,17540.0,17870.0,16750.0,17220.0,1417987.0
2024-11-27 00:00:00+09:00,17020.0,17490.0,16900.0,17000.0,731350.0
2024-11-28 00:00:00+09:00,16910.0,17250.0,16510.0,16670.0,747680.0
2024-11-29 00:00:00+09:00,16520.0,16660.0,15870.0,16110.0,821165.0
2024-12-02 00:00:00+09:00,16210.0,16320.0,15400.0,15480.0,870224.0
2024-12-03 00:00:00+09:00,15700.0,15940.0,15580.0,15870.0,367127.0
2024-12-04 00:00:00+09:00,15250.0,15910.0,15100.0,15530.0,738472.0
2024-12-05 00:00:00+09:00,15690.0,15690.0,15030.0,15140.0,454298.0
2024-12-06 00:00:00+09:00,15340.0,15340.0,14260.0,14770.0,776295.0
2024-12-09 00:00:00+09:00,14200.0,14830.0,14040.0,14210.0,658827.0
2024-12-10 00:00:00+09:00,14260.0,15090.0,14260.0,14830.0,572525.0
2024-12-11 00:00:00+09:00,14970.0,15970.0,14790.0,15900.0,895770.0
2024-12-12 00:00:00+09:00,16120.0,16120.0,15480.0,15940.0,488192.0
2024-12-13 00:00:00+09:00,15940.0,16710.0,15630.0,16620.0,797987.0
2024-12-16 00:00:00+09:00,16640.0,16950.0,16410.0,16580.0,462331.0
2024-12-17 00:00:00+09:00,16590.0,16910.0,16150.0,16270.0,575125.0
2024-12-18 00:00:00+09:00,16270.0,16810.0,16100.0,16300.0,559945.0
2024-12-19 00:00:00+09:00,15830.0,16900.0,15500.0,16740.0,790140.0
2024-12-20 00:00:00+09:00,16900.0,17270.0,16690.0,16770.0,949530.0
2024-12-23 00:00:00+09:00,17160.0,18120.0,17160.0,17970.0,1745745.0
2024-12-24 00:00:00+09:00,18150.0,18160.0,17390.0,17640.0,825219.0
2024-12-26 00:00:00+09:00,17890.0,19100.0,17830.0,18810.0,2544804.0
2024-12-27 00:00:00+09:00,18800.0,18950.0,18240.0,18720.0,824341.0
2024-12-30 00:00:00+09:00,18550.0,18890.0,18200.0,18440.0,619771.0
2025-01-02 00:00:00+09:00,18440.0,19170.0,18370.0,18690.0,726205.0
2025-01-03 00:00:00+09:00,18700.0,18880.0,18130.0,18330.0,741176.0
2025-01-06 00:00:00+09:00,18150.0,18680.0,17820.0,18640.0,696756.0
2025-01-07 00:00:00+09:00,19000.0,19690.0,18800.0,19290.0,1626875.0
2025-01-08 00:00:00+09:00,21000.0,23050.0,21000.0,21850.0,7858617.0
2025-01-09 00:00:00+09:00,21550.0,22400.0,21150.0,21950.0,2100839.0
2025-01-10 00:00:00+09:00,21900.0,22450.0,21500.0,22400.0,1436576.0
2025-01-13 00:00:00+09:00,22500.0,23000.0,21900.0,22750.0,1369101.0
2025-01-14 00:00:00+09:00,23350.0,24550.0,23050.0,23900.0,3155720.0
2025-01-15 00:00:00+09:00,24150.0,26250.0,24050.0,26250.0,3073144.0
2025-01-16 00:00:00+09:00,24900.0,25650.0,23500.0,24500.0,12683376.0
2025-01-17 00:00:00+09:00,24650.0,24750.0,23950.0,24300.0,2923891.0
2025-01-20 00:00:00+09:00,24200.0,24700.0,23550.0,23900.0,2440062.0
2025-01-21 00:00:00+09:00,24250.0,24500.0,23800.0,24250.0,2136666.0
2025-01-22 00:00:00+09:00,24450.0,24650.0,23200.0,23300.0,2822976.0
2025-01-23 00:00:00+09:00,23400.0,23600.0,22300.0,22350.0,2410764.0
2025-01-24 00:00:00+09:00,22400.0,23200.0,22150.0,23100.0,2017850.0
2025-01-31 00:00:00+09:00,23150.0,23900.0,22650.0,22800.0,1647547.0
2025-02-03 00:00:00+09:00,22850.0,23200.0,22550.0,22900.0,1133065.0
2025-02-04 00:00:00+09:00,23450.0,24300.0,23050.0,24100.0,2192591.0
2025-02-05 00:00:00+09:00,24400.0,24400.0,22650.0,22950.0,2605802.0
2025-02-06 00:00:00+09:00,23100.0,23500.0,21950.0,22250.0,2427509.0
2025-02-07 00:00:00+09:00,22200.0,22500.0,21500.0,22150.0,1609716.0
2025-02-10 00:00:00+09:00,22100.0,22450.0,21250.0,21350.0,1849904.0
2025-02-11 00:00:00+09:00,21450.0,22350.0,21450.0,22000.0,1522726.0
2025-02-12 00:00:00+09:00,22300.0,24400.0,22100.0,23650.0,5203928.0
2025-02-13 00:00:00+09:00,24150.0,26100.0,23000.0,25100.0,7652204.0
2025-02-14 00:00:00+09:00,25650.0,28750.0,23750.0,24350.0,13682385.0
2025-02-17 00:00:00+09:00,24500.0,27450.0,23900.0,25750.0,9382582.0
2025-02-18 00:00:00+09:00,25950.0,26550.0,25500.0,25950.0,3979684.0
2025-02-19 00:00:00+09:00,26150.0,27450.0,25650.0,26600.0,5014415.0
2025-02-20 00:00:00+09:00,26300.0,26300.0,23700.0,23800.0,5550960.0
2025-02-21 00:00:00+09:00,22600.0,23800.0,22550.0,23200.0,2706893.0
2025-02-24 00:00:00+09:00,23150.0,23400.0,22100.0,22750.0,1572246.0
2025-02-25 00:00:00+09:00,22400.0,23750.0,22300.0,23650.0,1615324.0
2025-02-26 00:00:00+09:00,24450.0,24450.0,23100.0,23250.0,1394894.0
2025-02-27 00:00:00+09:00,23250.0,23800.0,22700.0,22950.0,874377.0
2025-02-28 00:00:00+09:00,22600.0,23200.0,22250.0,22650.0,1155280.0
2025-03-04 00:00:00+09:00,22600.0,24450.0,22550.0,23650.0,2540795.0
2025-03-05 00:00:00+09:00,23650.0,23850.0,22850.0,23400.0,1635388.0
2025-03-06 00:00:00+09:00,24450.0,24900.0,23800.0,24000.0,2875339.0
2025-03-07 00:00:00+09:00,23700.0,24700.0,23400.0,24450.0,2391934.0
2025-03-10 00:00:00+09:00,25250.0,26800.0,24600.0,25700.0,8452848.0
2025-03-11 00:00:00+09:00,24800.0,25500.0,24100.0,25000.0,2983482.0
2025-03-12 00:00:00+09:00,25100.0,25950.0,23200.0,23400.0,3789549.0
2025-03-13 00:00:00+09:00,23450.0,24450.0,23450.0,23700.0,1442467.0
2025-03-14 00:00:00+09:00,23750.0,24000.0,23200.0,23350.0,976200.0
2025-03-17 00:00:00+09:00,23300.0,24050.0,23000.0,23700.0,1348057.0
2025-03-18 00:00:00+09:00,23900.0,27800.0,23850.0,26950.0,16227200.0
2025-03-19 00:00:00+09:00,26900.0,27150.0,25850.0,26300.0,3573040.0
2025-03-20 00:00:00+09:00,26650.0,26650.0,24200.0,24200.0,3902889.0
2025-03-21 00:00:00+09:00,22750.0,25000.0,22700.0,24450.0,4469586.0
2025-03-24 00:00:00+09:00,24150.0,24200.0,23550.0,23600.0,1363751.0
2025-03-25 00:00:00+09:00,24150.0,24250.0,22300.0,22500.0,2072925.0
2025-03-26 00:00:00+09:00,22500.0,22750.0,21600.0,22200.0,1967748.0
2025-03-27 00:00:00+09:00,22300.0,22500.0,20900.0,21100.0,1840280.0
2025-03-28 00:00:00+09:00,21100.0,21400.0,20450.0,20950.0,1370726.0
2025-03-31 00:00:00+09:00,20300.0,21550.0,20300.0,21250.0,993223.0
2025-04-01 00:00:00+09:00,21800.0,22650.0,21700.0,22400.0,1021150.0
2025-04-02 00:00:00+09:00,22800.0,22900.0,21750.0,22500.0,909677.0
2025-04-03 00:00:00+09:00,21900.0,22850.0,21750.0,22500.0,638798.0
2025-04-04 00:00:00+09:00,22250.0,22900.0,21500.0,22250.0,906589.0
2025-04-07 00:00:00+09:00,21300.0,21450.0,20000.0,20000.0,923755.0
2025-04-08 00:00:00+09:00,20950.0,21900.0,20800.0,21800.0,971845.0
2025-04-09 00:00:00+09:00,22600.0,22650.0,21150.0,21400.0,895034.0
2025-04-10 00:00:00+09:00,22900.0,22950.0,22250.0,22800.0,584422.0
2025-04-11 00:00:00+09:00,23100.0,24100.0,22950.0,23900.0,1685618.0
2025-04-14 00:00:00+09:00,24900.0,25400.0,24500.0,25200.0,1589397.0
2025-04-15 00:00:00+09:00,25650.0,25650.0,24650.0,25500.0,1209545.0
2025-04-16 00:00:00+09:00,24950.0,25425.0,24550.0,24750.0,923534.0
2025-04-17 00:00:00+09:00,24850.0,25400.0,24500.0,25250.0,689639.0
2025-04-18 00:00:00+09:00,25550.0,25550.0,24650.0,25150.0,593002.0
2025-04-21 00:00:00+09:00,25450.0,25600.0,24200.0,24400.0,770094.0
2025-04-22 00:00:00+09:00,24000.0,26100.0,24000.0,25850.0,2825990.0
2025-04-23 00:00:00+09:00,26150.0,26850.0,25500.0,26350.0,1475342.0
2025-04-24 00:00:00+09:00,26450.0,26750.0,25950.0,26500.0,1161603.0
2025-04-25 00:00:00+09:00,26900.0,27500.0,26600.0,27150.0,2121725.0
2025-04-28 00:00:00+09:00,28650.0,29300.0,27500.0,27900.0,2617120.0
2025-04-29 00:00:00+09:00,27100.0,27400.0,25650.0,27050.0,1685330.0
2025-04-30 00:00:00+09:00,27600.0,27900.0,26350.0,27250.0,1133052.0
2025-05-02 00:00:00+09:00,27000.0,27950.0,26900.0,27750.0,812308.0
2025-05-07 00:00:00+09:00,28100.0,28350.0,27650.0,28250.0,818651.0
2025-05-08 00:00:00+09:00,28450.0,28700.0,28100.0,28350.0,795626.0
2025-05-09 00:00:00+09:00,28950.0,31650.0,28850.0,31350.0,5452879.0
2025-05-12 00:00:00+09:00,31250.0,31250.0,28650.0,28750.0,2168467.0
2025-05-13 00:00:00+09:00,28600.0,29500.0,27700.0,29250.0,1499990.0
2025-05-14 00:00:00+09:00,29400.0,30000.0,29250.0,29300.0,783672.0
2025-05-15 00:00:00+09:00,29500.0,29500.0,28300.0,29100.0,597750.0
2025-05-16 00:00:00+09:00,29350.0,29750.0,28850.0,28900.0,663316.0
2025-05-19 00:00:00+09:00,28400.0,29000.0,28000.0,28300.0,578252.0
2025-05-20 00:00:00+09:00,28850.0,28900.0,27650.0,28300.0,714497.0
2025-05-21 00:00:00+09:00,28500.0,29700.0,28500.0,29150.0,883720.0
2025-05-22 00:00:00+09:00,28650.0,28650.0,28200.0,28300.0,452605.0
2025-05-23 00:00:00+09:00,28450.0,28550.0,27700.0,28200.0,469099.0
2025-05-26 00:00:00+09:00,27700.0,28600.0,27450.0,28150.0,635206.0
2025-05-27 00:00:00+09:00,28550.0,28550.0,27750.0,28400.0,642994.0
2025-05-28 00:00:00+09:00,28700.0,28800.0,27200.0,27350.0,1053130.0
2025-05-29 00:00:00+09:00,27600.0,28750.0,27250.0,27750.0,979751.0
2025-05-30 00:00:00+09:00,27700.0,28000.0,27200.0,27800.0,660159.0
2025-06-02 00:00:00+09:00,27800.0,28550.0,27700.0,28350.0,824808.0
2025-06-04 00:00:00+09:00,28350.0,28400.0,26950.0,28050.0,961616.0
2025-06-05 00:00:00+09:00,28000.0,28750.0,27900.0,28150.0,834911.0
2025-06-09 00:00:00+09:00,27750.0,27850.0,26250.0,26950.0,1268854.0
2025-06-10 00:00:00+09:00,27000.0,28100.0,27000.0,28050.0,933236.0
2025-06-11 00:00:00+09:00,28650.0,28700.0,27850.0,28150.0,599839.0
2025-06-12 00:00:00+09:00,27950.0,29350.0,27800.0,29050.0,1463390.0
2025-06-13 00:00:00+09:00,29100.0,29800.0,28400.0,29350.0,1564517.0
2025-06-16 00:00:00+09:00,29100.0,30600.0,28700.0,30200.0,1688956.0
2025-06-17 00:00:00+09:00,30350.0,31150.0,28750.0,29550.0,1596623.0
2025-06-18 00:00:00+09:00,29750.0,32350.0,29400.0,30750.0,2900474.0
2025-06-19 00:00:00+09:00,30700.0,30750.0,29350.0,29900.0,1046006.0
2025-06-20 00:00:00+09:00,29800.0,30400.0,29000.0,29750.0,1178905.0
2025-06-23 00:00:00+09:00,29800.0,29800.0,29000.0,29250.0,644051.0
2025-06-24 00:00:00+09:00,29700.0,30100.0,28900.0,29850.0,749891.0
2025-06-25 00:00:00+09:00,30050.0,30250.0,27500.0,27950.0,1261131.0
2025-06-26 00:00:00+09:00,28100.0,28150.0,26700.0,27500.0,973519.0
2025-06-27 00:00:00+09:00,27950.0,28050.0,26950.0,27550.0,495321.0
2025-06-30 00:00:00+09:00,27200.0,29000.0,27200.0,28450.0,810750.0
2025-07-01 00:00:00+09:00,28900.0,28900.0,27800.0,28000.0,562699.0
2025-07-02 00:00:00+09:00,28350.0,28350.0,27100.0,27650.0,447919.0
2025-07-03 00:00:00+09:00,27650.0,27750.0,26600.0,26850.0,873145.0
2025-07-04 00:00:00+09:00,26800.0,26950.0,25200.0,25250.0,973789.0
2025-07-07 00:00:00+09:00,24650.0,25400.0,24650.0,25100.0,718843.0
2025-07-08 00:00:00+09:00,25500.0,26200.0,25200.0,26150.0,620424.0
2025-07-09 00:00:00+09:00,26650.0,26850.0,26150.0,26750.0,460576.0
2025-07-10 00:00:00+09:00,26800.0,27250.0,26550.0,26900.0,474509.0
2025-07-11 00:00:00+09:00,27100.0,27100.0,26550.0,26650.0,453309.0
2025-07-14 00:00:00+09:00,26550.0,26950.0,25850.0,26250.0,326413.0
2025-07-15 00:00:00+09:00,26350.0,26600.0,26000.0,26550.0,314738.0
2025-07-16 00:00:00+09:00,26700.0,27450.0,26450.0,27050.0,527436.0
2025-07-17 00:00:00+09:00,27100.0,27450.0,26700.0,27200.0,353276.0
2025-07-18 00:00:00+09:00,27350.0,27350.0,26750.0,27000.0,293080.0
2025-07-21 00:00:00+09:00,27800.0,29300.0,27700.0,28950.0,1393447.0
2025-07-22 00:00:00+09:00,28950.0,31300.0,28800.0,30850.0,3068572.0
2025-07-23 00:00:00+09:00,30300.0,30950.0,29800.0,30900.0,878198.0
2025-07-24 00:00:00+09:00,30900.0,32150.0,30800.0,31850.0,1359760.0
2025-07-25 00:00:00+09:00,32750.0,36050.0,31200.0,35650.0,7568450.0
2025-07-28 00:00:00+09:00,35800.0,36000.0,34550.0,35700.0,1652015.0
2025-07-29 00:00:00+09:00,35750.0,36500.0,34450.0,35200.0,1296687.0
2025-07-30 00:00:00+09:00,35950.0,36100.0,34750.0,35000.0,837155.0
2025-07-31 00:00:00+09:00,35850.0,36650.0,33950.0,34650.0,2163155.0
2025-08-01 00:00:00+09:00,35500.0,35900.0,33700.0,35150.0,1634499.0
2025-08-04 00:00:00+09:00,34850.0,35900.0,34050.0,35550.0,1021122.0
2025-08-05 00:00:00+09:00,36150.0,39350.0,36050.0,38700.0,2548832.0
2025-08-06 00:00:00+09:00,37200.0,37700.0,36400.0,37350.0,1084326.0
2025-08-07 00:00:00+09:00,37350.0,38150.0,37150.0,37900.0,818407.0
2025-08-08 00:00:00+09:00,38500.0,40550.0,37450.0,39900.0,1635123.0
2025-08-11 00:00:00+09:00,39900.0,39900.0,38300.0,39050.0,783112.0
2025-08-12 00:00:00+09:00,38650.0,39650.0,37200.0,37950.0,857199.0
2025-08-13 00:00:00+09:00,38500.0,39200.0,37500.0,38100.0,880669.0
2025-08-14 00:00:00+09:00,38200.0,39550.0,37550.0,38500.0,848672.0
2025-08-18 00:00:00+09:00,38400.0,41400.0,38150.0,40350.0,1476356.0
2025-08-19 00:00:00+09:00,40400.0,40450.0,38150.0,39200.0,945063.0
2025-08-20 00:00:00+09:00,38400.0,39500.0,36500.0,39350.0,1163369.0
2025-08-21 00:00:00+09:00,39700.0,42400.0,39300.0,42350.0,1284029.0
2025-08-22 00:00:00+09:00,42700.0,42800.0,41000.0,41550.0,929444.0
2025-08-25 00:00:00+09:00,42300.0,42300.0,40550.0,41450.0,800029.0
2025-08-26 00:00:00+09:00,42400.0,42600.0,39650.0,40300.0,824212.0
2025-08-27 00:00:00+09:00,40900.0,42600.0,40850.0,41750.0,1203433.0
2025-08-28 00:00:00+09:00,41250.0,41450.0,40250.0,40850.0,691757.0
2025-08-29 00:00:00+09:00,41250.0,48600.0,41100.0,47500.0,6415230.0
2025-09-01 00:00:00+09:00,46800.0,46800.0,45200.0,45750.0,2588484.0
2025-09-02 00:00:00+09:00,46000.0,47450.0,44400.0,45300.0,4700255.0
2025-09-03 00:00:00+09:00,45300.0,46550.0,44150.0,44850.0,2048476.0
2025-09-04 00:00:00+09:00,44900.0,45950.0,44200.0,44900.0,1719165.0
2025-09-05 00:00:00+09:00,45000.0,46000.0,43900.0,45600.0,2280711.0
2025-09-08 00:00:00+09:00,45600.0,45750.0,44400.0,45100.0,1381044.0
2025-09-09 00:00:00+09:00,45300.0,46600.0,42250.0,42850.0,3704016.0
2025-09-10 00:00:00+09:00,42800.0,46750.0,42300.0,45700.0,3959788.0
2025-09-11 00:00:00+09:00,45850.0,46450.0,44900.0,46100.0,1788960.0
2025-09-12 00:00:00+09:00,46100.0,46100.0,44150.0,44650.0,1640127.0
2025-09-15 00:00:00+09:00,43750.0,45050.0,43500.0,44600.0,1425665.0
2025-09-16 00:00:00+09:00,44750.0,46150.0,44200.0,44600.0,1623658.0
2025-09-17 00:00:00+09:00,45550.0,45700.0,43750.0,43750.0,1078766.0
2025-09-18 00:00:00+09:00,43800.0,45150.0,42700.0,42900.0,1474323.0
2025-09-19 00:00:00+09:00,42900.0,43900.0,42450.0,42850.0,1058304.0
2025-09-22 00:00:00+09:00,42850.0,44000.0,41800.0,42900.0,1122167.0
2025-09-23 00:00:00+09:00,42800.0,44300.0,42500.0,43400.0,1270024.0
2025-09-24 00:00:00+09:00,43950.0,44350.0,43450.0,44100.0,841995.0
2025-09-25 00:00:00+09:00,44350.0,45300.0,43550.0,43650.0,1228843.0
2025-09-26 00:00:00+09:00,43650.0,43850.0,41300.0,41950.0,1116857.0
2025-09-29 00:00:00+09:00,41800.0,42600.0,41150.0,42050.0,818403.0
2025-09-30 00:00:00+09:00,42050.0,45150.0,41500.0,44900.0,1956498.0
2025-10-01 00:00:00+09:00,45800.0,50900.0,45150.0,49550.0,8604764.0
2025-10-02 00:00:00+09:00,49450.0,49500.0,47600.0,48800.0,1953805.0
2025-10-10 00:00:00+09:00,48800.0,48950.0,47000.0,47600.0,1557030.0
2025-10-13 00:00:00+09:00,47500.0,48950.0,46500.0,47200.0,1576839.0
2025-10-14 00:00:00+09:00,47300.0,48400.0,42100.0,43700.0,3968211.0
2025-10-15 00:00:00+09:00,44500.0,47900.0,44050.0,47250.0,2431836.0
2025-10-16 00:00:00+09:00,47800.0,48475.0,46775.0,47750.0,1285221.0
2025-10-17 00:00:00+09:00,49000.0,49250.0,46200.0,46450.0,1401645.0
2025-10-20 00:00:00+09:00,46400.0,48500.0,45600.0,46200.0,1592871.0
2025-10-21 00:00:00+09:00,46250.0,47950.0,46250.0,47750.0,2267149.0
2025-10-22 00:00:00+09:00,48700.0,50900.0,46050.0,49100.0,2717610.0
2025-10-23 00:00:00+09:00,48150.0,49800.0,47800.0,48600.0,1725258.0
2025-10-24 00:00:00+09:00,48700.0,49450.0,47350.0,48900.0,1161274.0
2025-10-27 00:00:00+09:00,50100.0,52100.0,49250.0,51300.0,2943550.0
2025-10-28 00:00:00+09:00,50700.0,50700.0,47950.0,48200.0,2182355.0
2025-10-29 00:00:00+09:00,48650.0,49850.0,47500.0,49150.0,1575101.0
2025-10-30 00:00:00+09:00,53100.0,53200.0,48800.0,49600.0,2530123.0
2025-10-31 00:00:00+09:00,49500.0,50400.0,48250.0,49400.0,1083853.0
2025-11-03 00:00:00+09:00,49650.0,53900.0,49650.0,51200.0,2653882.0
2025-11-04 00:00:00+09:00,51200.0,51300.0,48300.0,48300.0,1682992.0
2025-11-05 00:00:00+09:00,47700.0,47700.0,44650.0,45500.0,1475693.0
2025-11-06 00:00:00+09:00,46600.0,47250.0,45300.0,45300.0,947813.0
2025-11-07 00:00:00+09:00,43000.0,45400.0,41550.0,43650.0,1765564.0
2025-11-10 00:00:00+09:00,43850.0,45300.0,42450.0,44150.0,1309244.0
2025-11-11 00:00:00+09:00,44500.0,44850.0,42100.0,42500.0,1186210.0
2025-11-12 00:00:00+09:00,42500.0,43300.0,41600.0,42250.0,804033.0
2025-11-13 00:00:00+09:00,42300.0,43750.0,41800.0,42800.0,841342.0
2025-11-14 00:00:00+09:00,41900.0,43450.0,40600.0,41400.0,2894732.0
2025-11-17 00:00:00+09:00,41900.0,42450.0,40550.0,42350.0,952322.0
2025-11-18 00:00:00+09:00,41900.0,42600.0,41000.0,41400.0,1002911.0
2025-11-19 00:00:00+09:00,41700.0,43100.0,39400.0,42150.0,1303660.0
2025-11-20 00:00:00+09:00,42700.0,43600.0,42000.0,43100.0,693149.0
2025-11-21 00:00:00+09:00,41700.0,43250.0,41650.0,41700.0,710669.0
2025-11-24 00:00:00+09:00,41850.0,44450.0,41700.0,42850.0,1293282.0
2025-11-25 00:00:00+09:00,43300.0,43750.0,41850.0,42150.0,627180.0
2025-11-26 00:00:00+09:00,42500.0,43850.0,41750.0,43800.0,700986.0
2025-11-27 00:00:00+09:00,44000.0,45700.0,43750.0,44400.0,795279.0
2025-11-28 00:00:00+09:00,44600.0,45450.0,42100.0,42200.0,941248.0
2025-12-01 00:00:00+09:00,42250.0,42350.0,40750.0,41500.0,808451.0
2025-12-02 00:00:00+09:00,41650.0,42850.0,41500.0,42750.0,684328.0
2025-12-03 00:00:00+09:00,43050.0,43850.0,42750.0,43600.0,637322.0
2025-12-04 00:00:00+09:00,43900.0,44000.0,42400.0,42750.0,481450.0
2025-12-05 00:00:00+09:00,42600.0,43150.0,42000.0,43100.0,436402.0
2025-12-08 00:00:00+09:00,43550.0,44000.0,41800.0,43750.0,567893.0
2025-12-09 00:00:00+09:00,43750.0,47250.0,43350.0,46400.0,1840289.0
2025-12-10 00:00:00+09:00,46400.0,47250.0,45200.0,45500.0,732663.0
2025-12-11 00:00:00+09:00,45700.0,46150.0,44100.0,45150.0,2184203.0
2025-12-12 00:00:00+09:00,45900.0,46850.0,45200.0,46150.0,716233.0
2025-12-15 00:00:00+09:00,45700.0,45700.0,43800.0,43850.0,778910.0
2025-12-16 00:00:00+09:00,43800.0,43800.0,41700.0,42000.0,800130.0
2025-12-17 00:00:00+09:00,42350.0,42700.0,41000.0,41600.0,701875.0
2025-12-18 00:00:00+09:00,40800.0,40800.0,39450.0,39850.0,915115.0
2025-12-19 00:00:00+09:00,40100.0,42700.0,39500.0,42250.0,828804.0
2025-12-22 00:00:00+09:00,43300.0,44600.0,42550.0,43350.0,921823.0
2025-12-23 00:00:00+09:00,44950.0,45750.0,43750.0,45200.0,1585040.0
2025-12-24 00:00:00+09:00,46150.0,49200.0,44400.0,44700.0,2847004.0
2025-12-26 00:00:00+09:00,44750.0,44800.0,42250.0,42900.0,1146526.0
2025-12-29 00:00:00+09:00,42500.0,43200.0,42050.0,42550.0,795325.0
2025-12-30 00:00:00+09:00,42550.0,43400.0,42050.0,42950.0,605390.0
2026-01-02 00:00:00+09:00,42950.0,43150.0,41400.0,42050.0,589352.0
2026-01-05 00:00:00+09:00,41550.0,42300.0,41300.0,41900.0,880612.0
2026-01-06 00:00:00+09:00,42550.0,43450.0,41650.0,43400.0,865039.0
2026-01-07 00:00:00+09:00,43300.0,45700.0,42750.0,43850.0,996237.0
2026-01-08 00:00:00+09:00,44000.0,46400.0,43850.0,45550.0,1079799.0
2026-01-09 00:00:00+09:00,46000.0,49900.0,45500.0,49700.0,2712635.0
2026-01-12 00:00:00+09:00,50500.0,56800.0,48900.0,54800.0,4221900.0
2026-01-13 00:00:00+09:00,53900.0,54900.0,52700.0,54200.0,1653341.0
2026-01-14 00:00:00+09:00,53300.0,53900.0,51900.0,52600.0,1201782.0
2026-01-15 00:00:00+09:00,53200.0,54700.0,52600.0,53300.0,1056797.0
2026-01-16 00:00:00+09:00,53600.0,53900.0,51800.0,53000.0,791162.0
2026-01-19 00:00:00+09:00,53700.0,56200.0,53700.0,55100.0,1339683.0
2026-01-20 00:00:00+09:00,54600.0,55900.0,53200.0,54700.0,753707.0
2026-01-21 00:00:00+09:00,52500.0,54000.0,52200.0,53600.0,653243.0
2026-01-22 00:00:00+09:00,54400.0,54500.0,51200.0,52300.0,897151.0
2026-01-23 00:00:00+09:00,52700.0,55700.0,52700.0,53500.0,900640.0
2026-01-26 00:00:00+09:00,54100.0,54700.0,52500.0,53200.0,495188.0
2026-01-27 00:00:00+09:00,55800.0,56700.0,52600.0,55400.0,1034781.0
2026-01-28 00:00:00+09:00,55400.0,59100.0,55100.0,57600.0,1365468.0
2026-01-29 00:00:00+09:00,57000.0,57000.0,54300.0,56600.0,1044215.0
2026-01-30 00:00:00+09:00,57100.0,57300.0,54000.0,54400.0,753882.0
2026-02-02 00:00:00+09:00,54100.0,57200.0,52700.0,53100.0,804669.0
2026-02-03 00:00:00+09:00,54900.0,57400.0,53900.0,57200.0,869955.0
2026-02-04 00:00:00+09:00,58800.0,59900.0,56800.0,59400.0,994638.0
2026-02-05 00:00:00+09:00,58200.0,59500.0,56200.0,56500.0,608110.0
2026-02-06 00:00:00+09:00,54100.0,54300.0,51600.0,53000.0,791269.0
2026-02-09 00:00:00+09:00,54600.0,55400.0,53500.0,54200.0,455120.0
2026-02-10 00:00:00+09:00,55500.0,56900.0,53600.0,54500.0,466770.0
2026-02-11 00:00:00+09:00,54800.0,55300.0,53400.0,53700.0,402131.0
2026-02-12 00:00:00+09:00,54100.0,56300.0,53100.0,55000.0,628654.0
2026-02-13 00:00:00+09:00,54000.0,55000.0,53000.0,54000.0,497403.0
2026-02-19 00:00:00+09:00,55000.0,56000.0,54600.0,55200.0,544619.0
2026-02-20 00:00:00+09:00,56600.0,58400.0,55100.0,57400.0,753919.0
2026-02-23 00:00:00+09:00,57600.0,57600.0,55300.0,56400.0,458918.0
2026-02-24 00:00:00+09:00,55700.0,55700.0,54200.0,55400.0,459572.0
2026-02-25 00:00:00+09:00,55600.0,56000.0,54800.0,55100.0,403590.0
2026-02-26 00:00:00+09:00,55300.0,55300.0,53400.0,53800.0,578346.0
2026-02-27 00:00:00+09:00,54700.0,55500.0,53800.0,54000.0,674581.0
2026-03-03 00:00:00+09:00,54200.0,56600.0,50600.0,51200.0,1417836.0
2026-03-04 00:00:00+09:00,48050.0,49250.0,42300.0,43550.0,1078832.0
2026-03-05 00:00:00+09:00,47000.0,48850.0,46400.0,47800.0,602456.0
2026-03-06 00:00:00+09:00,46400.0,48800.0,46250.0,48400.0,377076.0
2026-03-09 00:00:00+09:00,45650.0,50100.0,44950.0,48050.0,448008.0
2026-03-10 00:00:00+09:00,49500.0,49850.0,47600.0,48250.0,305123.0
2026-03-11 00:00:00+09:00,49450.0,51000.0,48700.0,49400.0,429238.0
2026-03-12 00:00:00+09:00,48950.0,51300.0,48900.0,50500.0,366433.0
2026-03-13 00:00:00+09:00,49350.0,50600.0,48850.0,49650.0,328742.0
2026-03-16 00:00:00+09:00,49500.0,50100.0,48450.0,48700.0,178244.0
2026-03-17 00:00:00+09:00,49300.0,50000.0,49100.0,49250.0,205265.0
2026-03-18 00:00:00+09:00,49900.0,50200.0,49100.0,49450.0,276622.0
2026-03-19 00:00:00+09:00,48950.0,49350.0,48400.0,48550.0,200515.0
2026-03-20 00:00:00+09:00,48700.0,51000.0,48650.0,49050.0,312767.0
2026-03-23 00:00:00+09:00,46700.0,47600.0,45150.0,45250.0,446207.0
2026-03-24 00:00:00+09:00,47400.0,47400.0,45250.0,47150.0,288801.0
2026-03-25 00:00:00+09:00,47550.0,49100.0,46050.0,48750.0,539926.0
2026-03-26 00:00:00+09:00,49150.0,53300.0,48850.0,49200.0,954662.0
2026-03-27 00:00:00+09:00,47450.0,47500.0,45250.0,46650.0,518286.0
2026-03-30 00:00:00+09:00,43750.0,44950.0,43100.0,44600.0,316062.0
2026-03-31 00:00:00+09:00,44400.0,46300.0,43250.0,43550.0,390601.0
2026-04-01 00:00:00+09:00,45200.0,45500.0,44100.0,44700.0,517894.0
2026-04-02 00:00:00+09:00,46000.0,46850.0,42850.0,43350.0,613938.0
2026-04-03 00:00:00+09:00,44350.0,46700.0,43800.0,45700.0,404956.0
2026-04-06 00:00:00+09:00,45500.0,45600.0,44050.0,44300.0,302008.0
2026-04-07 00:00:00+09:00,44500.0,45400.0,43450.0,44150.0,274720.0
2026-04-08 00:00:00+09:00,46150.0,46650.0,45300.0,46600.0,370379.0
2026-04-09 00:00:00+09:00,47000.0,47000.0,45250.0,45500.0,318355.0
2026-04-10 00:00:00+09:00,46450.0,46450.0,45600.0,45750.0,359980.0
2026-04-13 00:00:00+09:00,45200.0,46350.0,44400.0,46100.0,266419.0
2026-04-14 00:00:00+09:00,46800.0,48700.0,46700.0,48600.0,500992.0
2026-04-15 00:00:00+09:00,49500.0,50000.0,47850.0,48300.0,504970.0
2026-04-16 00:00:00+09:00,48700.0,49000.0,47500.0,48200.0,463178.0
2026-04-17 00:00:00+09:00,48700.0,59900.0,47200.0,56100.0,5143586.0
2026-04-20 00:00:00+09:00,55600.0,55900.0,54100.0,54300.0,1225439.0
2026-04-21 00:00:00+09:00,55100.0,60900.0,53700.0,60600.0,3447054.0
2026-04-22 00:00:00+09:00,59400.0,68600.0,58900.0,67500.0,3717151.0
2026-04-23 00:00:00+09:00,66700.0,71200.0,65400.0,70100.0,2501338.0
2026-04-24 00:00:00+09:00,71600.0,79600.0,71100.0,76000.0,3055598.0
2026-04-27 00:00:00+09:00,81200.0,94400.0,78900.0,88500.0,3604536.0
2026-04-28 00:00:00+09:00,84500.0,84600.0,79600.0,81100.0,1966441.0
2026-04-29 00:00:00+09:00,80100.0,91000.0,80000.0,87700.0,2557718.0
2026-04-30 00:00:00+09:00,85900.0,90200.0,85500.0,88000.0,1087059.0
2026-05-04 00:00:00+09:00,89900.0,90500.0,86500.0,89500.0,1061793.0
2026-05-06 00:00:00+09:00,88400.0,88500.0,81400.0,84500.0,1587910.0
2026-05-07 00:00:00+09:00,81600.0,87900.0,81500.0,85500.0,1236489.0
2026-05-08 00:00:00+09:00,83600.0,85800.0,77500.0,79400.0,1588319.0
2026-05-11 00:00:00+09:00,79600.0,80100.0,77100.0,78400.0,973980.0
2026-05-12 00:00:00+09:00,78400.0,78600.0,72100.0,77600.0,1421236.0
2026-05-13 00:00:00+09:00,78100.0,80500.0,76600.0,78800.0,798423.0
2026-05-14 00:00:00+09:00,78900.0,79500.0,75800.0,77400.0,576079.0
2026-05-15 00:00:00+09:00,78400.0,78500.0,70100.0,71600.0,1008860.0
2026-05-18 00:00:00+09:00,70500.0,71400.0,65500.0,68400.0,678219.0
2026-05-19 00:00:00+09:00,70100.0,71500.0,63600.0,66300.0,883452.0
2026-05-20 00:00:00+09:00,68000.0,70100.0,63000.0,69600.0,1442715.0
2026-05-21 00:00:00+09:00,72900.0,75900.0,71900.0,72600.0,896827.0
2026-05-22 00:00:00+09:00,74600.0,76100.0,70600.0,74800.0,650776.0
2026-05-26 00:00:00+09:00,76000.0,80700.0,73000.0,78400.0,1008093.0
2026-05-27 00:00:00+09:00,76100.0,77700.0,69600.0,72000.0,1869454.0
2026-05-28 00:00:00+09:00,71300.0,72100.0,65100.0,67000.0,1066043.0
2026-05-29 00:00:00+09:00,68500.0,69100.0,63500.0,64200.0,1019258.0
2026-06-01 00:00:00+09:00,62500.0,63700.0,60800.0,61800.0,922311.0
2026-06-02 00:00:00+09:00,59500.0,60400.0,56200.0,58400.0,921053.0
2026-06-04 00:00:00+09:00,58200.0,60400.0,57100.0,57300.0,649377.0
2026-06-05 00:00:00+09:00,56800.0,57600.0,54500.0,56300.0,486822.0
2026-06-08 00:00:00+09:00,51000.0,53600.0,50400.0,51600.0,640075.0
2026-06-09 00:00:00+09:00,52000.0,53600.0,50600.0,52000.0,418531.0
2026-06-10 00:00:00+09:00,52300.0,54200.0,50600.0,53100.0,434154.0
2026-06-11 00:00:00+09:00,51000.0,52000.0,48600.0,50100.0,845273.0
2026-06-12 00:00:00+09:00,54700.0,56100.0,52700.0,53900.0,592873.0
2026-06-15 00:00:00+09:00,59100.0,60600.0,57600.0,59300.0,1440378.0
2026-06-16 00:00:00+09:00,61400.0,63000.0,59000.0,59300.0,683833.0
2026-06-17 00:00:00+09:00,61000.0,69300.0,59700.0,65500.0,2446907.0
2026-06-18 00:00:00+09:00,65300.0,66100.0,58900.0,59300.0,1180016.0
2026-06-19 00:00:00+09:00,59000.0,61700.0,57800.0,61000.0,1090036.0
2026-06-22 00:00:00+09:00,61500.0,62100.0,55600.0,56100.0,795802.0
2026-06-23 00:00:00+09:00,56300.0,58400.0,52900.0,53500.0,796466.0
2026-06-24 00:00:00+09:00,53000.0,54100.0,51200.0,51600.0,667783.0
2026-06-25 00:00:00+09:00,52200.0,54300.0,50000.0,50200.0,542956.0
2026-06-26 00:00:00+09:00,50100.0,50200.0,44350.0,46650.0,750477.0
2026-06-29 00:00:00+09:00,47400.0,52400.0,47400.0,51500.0,561776.0
2026-06-30 00:00:00+09:00,52700.0,53400.0,49200.0,51000.0,666836.0
2026-07-01 00:00:00+09:00,53700.0,57400.0,52200.0,55000.0,923465.0
2026-07-02 00:00:00+09:00,58000.0,58000.0,52000.0,52300.0,1139043.0
2026-07-03 00:00:00+09:00,52200.0,53300.0,48900.0,52200.0,640348.0
2026-07-06 00:00:00+09:00,53200.0,57800.0,50900.0,52900.0,802641.0
2026-07-07 00:00:00+09:00,48300.0,51000.0,46650.0,48850.0,1005341.0
2026-07-08 00:00:00+09:00,48050.0,48100.0,44350.0,44750.0,940934.0
2026-07-09 00:00:00+09:00,45400.0,46500.0,41500.0,42600.0,1159249.0
2026-07-10 00:00:00+09:00,43600.0,47800.0,43450.0,46600.0,746026.0
2026-07-13 00:00:00+09:00,47100.0,49200.0,45050.0,46200.0,711998.0
2026-07-14 00:00:00+09:00,46350.0,47050.0,42050.0,43500.0,819360.0
2026-07-15 00:00:00+09:00,44900.0,48350.0,43900.0,47250.0,955092.0
2026-07-16 00:00:00+09:00,48700.0,49000.0,45000.0,46900.0,600432.0
2026-07-20 00:00:00+09:00,46800.0,46800.0,42400.0,42400.0,637220.0
2026-07-21 00:00:00+09:00,42100.0,45000.0,41350.0,44400.0,643303.0
2026-07-22 00:00:00+09:00,45250.0,49850.0,45250.0,47050.0,895458.0
2026-07-23 00:00:00+09:00,47150.0,50500.0,46200.0,50300.0,626252.0
2026-07-24 00:00:00+09:00,50300.0,52000.0,48550.0,49050.0,844141.0
2026-07-27 00:00:00+09:00,51100.0,51300.0,45150.0,47500.0,973364.0
2026-07-28 00:00:00+09:00,45450.0,45700.0,42300.0,42750.0,760903.0
2026-07-29 00:00:00+09:00,43000.0,43400.0,36750.0,38700.0,1355313.0
2026-07-30 00:00:00+09:00,37650.0,42700.0,37650.0,39300.0,661460.0
2026-07-31 00:00:00+09:00,41300.0,41450.0,36500.0,39050.0,2292966.0
2026-08-03 00:00:00+09:00,38150.0,38650.0,35800.0,38000.0,1420403.0
2026-08-04 00:00:00+09:00,38200.0,41150.0,37850.0,40750.0,1165463.0
2026-08-05 00:00:00+09:00,41900.0,46300.0,41000.0,46050.0,1004658.0
2026-08-06 00:00:00+09:00,46000.0,46800.0,42550.0,43450.0,657862.0
2026-08-07 00:00:00+09:00,43100.0,43850.0,40800.0,42500.0,618286.0
2026-08-10 00:00:00+09:00,43000.0,47100.0,42700.0,46450.0,680202.0
2026-08-11 00:00:00+09:00,45550.0,46450.0,44400.0,44700.0,393082.0
2026-08-12 00:00:00+09:00,45100.0,45600.0,43700.0,45200.0,369997.0
2026-08-13 00:00:00+09:00,45900.0,49850.0,45600.0,48250.0,1112724.0
2026-08-14 00:00:00+09:00,48900.0,49850.0,47300.0,49050.0,659245.0
2026-08-18 00:00:00+09:00,48600.0,49500.0,46200.0,47100.0,555064.0
2026-08-19 00:00:00+09:00,45250.0,47000.0,43250.0,46350.0,588432.0
2026-08-20 00:00:00+09:00,46950.0,48100.0,45400.0,46600.0,430962.0
2026-08-21 00:00:00+09:00,45200.0,45500.0,43650.0,44100.0,576414.0
2026-08-24 00:00:00+09:00,44000.0,46750.0,43150.0,44900.0,481019.0
2026-08-25 00:00:00+09:00,44050.0,47750.0,43500.0,47450.0,479994.0
2026-08-26 00:00:00+09:00,47850.0,49450.0,47150.0,47900.0,365468.0
2026-08-27 00:00:00+09:00,48150.0,49450.0,47750.0,48300.0,449122.0
2026-08-28 00:00:00+09:00,48500.0,49900.0,46800.0,48250.0,854072.0
