dt,open,high,low,close,volume
2016-06-21 00:00:00+09:00,5779.0,5880.0,5576.0,5728.0,338304.0
2016-06-22 00:00:00+09:00,5753.0,5779.0,5627.0,5728.0,104603.0
2016-06-23 00:00:00+09:00,5652.0,5703.0,5525.0,5627.0,123474.0
2016-06-24 00:00:00+09:00,5677.0,5753.0,5094.0,5323.0,478675.0
2016-06-27 00:00:00+09:00,5145.0,5398.0,5120.0,5348.0,175231.0
2016-06-28 00:00:00+09:00,5272.0,5627.0,5272.0,5500.0,127853.0
2016-06-29 00:00:00+09:00,5601.0,5779.0,5576.0,5754.0,151608.0
2016-06-30 00:00:00+09:00,5804.0,5829.0,5677.0,5754.0,66784.0
2016-07-01 00:00:00+09:00,5753.0,5804.0,5703.0,5754.0,86451.0
2016-07-04 00:00:00+09:00,5703.0,5855.0,5703.0,5779.0,106891.0
2016-07-05 00:00:00+09:00,5779.0,5855.0,5703.0,5830.0,60596.0
2016-07-06 00:00:00+09:00,5753.0,5829.0,5576.0,5728.0,139535.0
2016-07-07 00:00:00+09:00,5779.0,5905.0,5652.0,5830.0,189579.0
2016-07-08 00:00:00+09:00,5931.0,6032.0,5550.0,5551.0,571716.0
2016-07-11 00:00:00+09:00,5500.0,5525.0,5272.0,5374.0,273407.0
2016-07-12 00:00:00+09:00,5297.0,5322.0,5094.0,5272.0,369999.0
2016-07-13 00:00:00+09:00,5322.0,5525.0,5272.0,5475.0,233958.0
2016-07-14 00:00:00+09:00,5424.0,5551.0,5424.0,5551.0,86807.0
2016-07-15 00:00:00+09:00,5703.0,5779.0,5398.0,5399.0,183531.0
2016-07-18 00:00:00+09:00,5398.0,5526.0,5398.0,5526.0,87768.0
2016-07-19 00:00:00+09:00,5550.0,5576.0,5449.0,5475.0,76506.0
2016-07-20 00:00:00+09:00,5474.0,5829.0,5474.0,5678.0,316297.0
2016-07-21 00:00:00+09:00,5728.0,5804.0,5652.0,5678.0,104666.0
2016-07-22 00:00:00+09:00,5677.0,5804.0,5677.0,5728.0,109384.0
2016-07-25 00:00:00+09:00,5728.0,5931.0,5728.0,5880.0,155100.0
2016-07-26 00:00:00+09:00,5905.0,5905.0,5728.0,5880.0,146953.0
2016-07-27 00:00:00+09:00,5931.0,6083.0,5931.0,6007.0,225892.0
2016-07-28 00:00:00+09:00,5981.0,6108.0,5956.0,6058.0,151221.0
2016-07-29 00:00:00+09:00,6057.0,6336.0,6057.0,6311.0,339881.0
2016-08-01 00:00:00+09:00,6311.0,6463.0,6083.0,6362.0,531083.0
2016-08-02 00:00:00+09:00,6362.0,6438.0,6184.0,6261.0,403902.0
2016-08-03 00:00:00+09:00,6210.0,7882.0,6007.0,7300.0,3372129.0
2016-08-04 00:00:00+09:00,7249.0,7730.0,7198.0,7351.0,1969132.0
2016-08-05 00:00:00+09:00,7274.0,7553.0,7147.0,7427.0,880445.0
2016-08-08 00:00:00+09:00,7452.0,7629.0,7249.0,7249.0,497193.0
2016-08-09 00:00:00+09:00,7223.0,7477.0,7021.0,7300.0,573494.0
2016-08-10 00:00:00+09:00,7198.0,7249.0,6995.0,7046.0,346798.0
2016-08-11 00:00:00+09:00,7021.0,7147.0,6792.0,6894.0,391159.0
2016-08-12 00:00:00+09:00,6919.0,7021.0,6818.0,6869.0,338408.0
2016-08-16 00:00:00+09:00,6869.0,6919.0,6286.0,6311.0,1038449.0
2016-08-17 00:00:00+09:00,6286.0,6412.0,6083.0,6337.0,566332.0
2016-08-18 00:00:00+09:00,6311.0,6311.0,6057.0,6134.0,476923.0
2016-08-19 00:00:00+09:00,6159.0,6286.0,5956.0,6007.0,406732.0
2016-08-22 00:00:00+09:00,6032.0,6387.0,6032.0,6159.0,680413.0
2016-08-23 00:00:00+09:00,6210.0,6260.0,6007.0,6033.0,259922.0
2016-08-24 00:00:00+09:00,6083.0,6210.0,6032.0,6159.0,156975.0
2016-08-25 00:00:00+09:00,6133.0,6235.0,6083.0,6134.0,139355.0
2016-08-26 00:00:00+09:00,6133.0,6159.0,5728.0,5830.0,381792.0
2016-08-29 00:00:00+09:00,5804.0,5829.0,5601.0,5602.0,250324.0
2016-08-30 00:00:00+09:00,5652.0,5905.0,5627.0,5880.0,214774.0
2016-08-31 00:00:00+09:00,5855.0,5880.0,5576.0,5779.0,183434.0
2016-09-01 00:00:00+09:00,5753.0,5931.0,5753.0,5830.0,140881.0
2016-09-02 00:00:00+09:00,5829.0,5855.0,5627.0,5779.0,157082.0
2016-09-05 00:00:00+09:00,5829.0,5880.0,5728.0,5754.0,78292.0
2016-09-06 00:00:00+09:00,5703.0,5855.0,5703.0,5855.0,87125.0
2016-09-07 00:00:00+09:00,5855.0,5905.0,5500.0,5551.0,230471.0
2016-09-08 00:00:00+09:00,5576.0,5576.0,5373.0,5450.0,166452.0
2016-09-09 00:00:00+09:00,5373.0,5550.0,5246.0,5500.0,146184.0
2016-09-12 00:00:00+09:00,5297.0,5474.0,5272.0,5272.0,112418.0
2016-09-13 00:00:00+09:00,5373.0,5500.0,5373.0,5500.0,105789.0
2016-09-19 00:00:00+09:00,5500.0,5753.0,5474.0,5652.0,132174.0
2016-09-20 00:00:00+09:00,5601.0,5753.0,5601.0,5728.0,79675.0
2016-09-21 00:00:00+09:00,5753.0,5779.0,5627.0,5754.0,65585.0
2016-09-22 00:00:00+09:00,5779.0,5779.0,5576.0,5678.0,136217.0
2016-09-23 00:00:00+09:00,5703.0,5855.0,5652.0,5804.0,99245.0
2016-09-26 00:00:00+09:00,5855.0,5855.0,5677.0,5779.0,62960.0
2016-09-27 00:00:00+09:00,5703.0,5957.0,5703.0,5957.0,101393.0
2016-09-28 00:00:00+09:00,5981.0,6539.0,5956.0,6311.0,1493474.0
2016-09-29 00:00:00+09:00,6412.0,6590.0,6184.0,6590.0,673050.0
2016-09-30 00:00:00+09:00,6514.0,6742.0,6336.0,6337.0,472105.0
2016-10-04 00:00:00+09:00,6387.0,6691.0,6387.0,6590.0,320676.0
2016-10-05 00:00:00+09:00,6539.0,6716.0,6336.0,6692.0,361227.0
2016-10-06 00:00:00+09:00,6742.0,6742.0,6488.0,6514.0,191121.0
2016-10-07 00:00:00+09:00,6463.0,6564.0,6311.0,6413.0,172897.0
2016-10-10 00:00:00+09:00,6362.0,6539.0,6362.0,6362.0,132037.0
2016-10-11 00:00:00+09:00,6387.0,6564.0,6311.0,6387.0,232247.0
2016-10-12 00:00:00+09:00,6412.0,6919.0,6387.0,6768.0,1056330.0
2016-10-13 00:00:00+09:00,6792.0,6869.0,6463.0,6463.0,693194.0
2016-10-14 00:00:00+09:00,6514.0,6818.0,6514.0,6768.0,415279.0
2016-10-17 00:00:00+09:00,6792.0,7097.0,6767.0,6844.0,712536.0
2016-10-18 00:00:00+09:00,6894.0,6970.0,6716.0,6945.0,361679.0
2016-10-19 00:00:00+09:00,7046.0,7046.0,6792.0,6818.0,282157.0
2016-10-20 00:00:00+09:00,6843.0,6894.0,6615.0,6666.0,282285.0
2016-10-21 00:00:00+09:00,6666.0,6767.0,6488.0,6540.0,169569.0
2016-10-24 00:00:00+09:00,6615.0,6843.0,6514.0,6590.0,384107.0
2016-10-25 00:00:00+09:00,6590.0,6590.0,6260.0,6362.0,360012.0
2016-10-26 00:00:00+09:00,6336.0,6438.0,6083.0,6387.0,228947.0
2016-10-27 00:00:00+09:00,6514.0,6615.0,6387.0,6463.0,215307.0
2016-10-28 00:00:00+09:00,6463.0,6488.0,6286.0,6337.0,121919.0
2016-10-31 00:00:00+09:00,6311.0,6387.0,5931.0,6210.0,217433.0
2016-11-01 00:00:00+09:00,6209.0,6463.0,6209.0,6311.0,209987.0
2016-11-02 00:00:00+09:00,6286.0,6311.0,5981.0,6033.0,236428.0
2016-11-03 00:00:00+09:00,5981.0,6387.0,5981.0,6311.0,291200.0
2016-11-04 00:00:00+09:00,6362.0,6412.0,6159.0,6387.0,107786.0
2016-11-07 00:00:00+09:00,6488.0,6818.0,6438.0,6717.0,520378.0
2016-11-08 00:00:00+09:00,6742.0,6818.0,6539.0,6793.0,236031.0
2016-11-09 00:00:00+09:00,6792.0,6818.0,6007.0,6159.0,840554.0
2016-11-10 00:00:00+09:00,6412.0,6463.0,5677.0,5779.0,1059677.0
2016-11-11 00:00:00+09:00,5728.0,5855.0,5525.0,5703.0,391706.0
2016-11-14 00:00:00+09:00,5627.0,5753.0,5576.0,5652.0,237961.0
2016-11-15 00:00:00+09:00,5677.0,5753.0,5500.0,5500.0,220174.0
2016-11-16 00:00:00+09:00,5576.0,5677.0,5525.0,5652.0,118865.0
2016-11-17 00:00:00+09:00,5652.0,5804.0,5627.0,5728.0,208067.0
2016-11-18 00:00:00+09:00,5779.0,5779.0,5576.0,5627.0,108260.0
2016-11-21 00:00:00+09:00,5525.0,5576.0,5297.0,5348.0,220547.0
2016-11-22 00:00:00+09:00,5398.0,5399.0,5398.0,5399.0,82815.0
2016-11-23 00:00:00+09:00,5474.0,5500.0,5069.0,5145.0,200975.0
2016-11-24 00:00:00+09:00,5094.0,5145.0,4805.0,4973.0,350615.0
2016-11-25 00:00:00+09:00,4891.0,5059.0,4886.0,4973.0,145350.0
2016-11-28 00:00:00+09:00,4957.0,4968.0,4765.0,4765.0,176871.0
2016-11-29 00:00:00+09:00,4765.0,4917.0,4755.0,4882.0,126762.0
2016-11-30 00:00:00+09:00,4891.0,4891.0,4729.0,4735.0,93663.0
2016-12-01 00:00:00+09:00,4739.0,4780.0,4613.0,4659.0,147666.0
2016-12-02 00:00:00+09:00,4658.0,4689.0,4445.0,4497.0,212916.0
2016-12-05 00:00:00+09:00,4425.0,4542.0,4425.0,4426.0,120686.0
2016-12-06 00:00:00+09:00,4466.0,4623.0,4466.0,4623.0,93156.0
2016-12-07 00:00:00+09:00,4628.0,4633.0,4359.0,4461.0,216944.0
2016-12-08 00:00:00+09:00,4516.0,4765.0,4476.0,4689.0,292572.0
2016-12-09 00:00:00+09:00,4709.0,4891.0,4648.0,4846.0,207286.0
2016-12-12 00:00:00+09:00,4917.0,4998.0,4861.0,4968.0,161252.0
2016-12-13 00:00:00+09:00,4968.0,5008.0,4876.0,5003.0,72258.0
2016-12-14 00:00:00+09:00,5013.0,5069.0,4927.0,4943.0,107636.0
2016-12-15 00:00:00+09:00,4876.0,5424.0,4876.0,5221.0,511847.0
2016-12-16 00:00:00+09:00,5221.0,5246.0,5120.0,5145.0,130041.0
2016-12-19 00:00:00+09:00,5170.0,5348.0,5120.0,5272.0,139376.0
2016-12-20 00:00:00+09:00,5272.0,5272.0,5145.0,5171.0,73615.0
2016-12-21 00:00:00+09:00,5196.0,5246.0,5038.0,5171.0,150069.0
2016-12-22 00:00:00+09:00,5170.0,5246.0,5054.0,5069.0,94710.0
2016-12-23 00:00:00+09:00,5069.0,5297.0,5069.0,5120.0,161141.0
2016-12-26 00:00:00+09:00,5196.0,5196.0,4993.0,5029.0,108099.0
2016-12-27 00:00:00+09:00,4968.0,5170.0,4968.0,5145.0,96879.0
2016-12-28 00:00:00+09:00,5196.0,5424.0,5120.0,5399.0,250351.0
2016-12-29 00:00:00+09:00,5398.0,5424.0,5246.0,5424.0,137635.0
2017-01-02 00:00:00+09:00,5170.0,5297.0,5094.0,5221.0,360818.0
2017-01-03 00:00:00+09:00,5196.0,5500.0,5196.0,5500.0,206237.0
2017-01-04 00:00:00+09:00,5500.0,5500.0,5297.0,5348.0,98839.0
2017-01-05 00:00:00+09:00,5398.0,5424.0,5297.0,5348.0,69546.0
2017-01-06 00:00:00+09:00,5348.0,5474.0,5297.0,5348.0,93547.0
2017-01-09 00:00:00+09:00,5373.0,5373.0,5246.0,5323.0,81222.0
2017-01-10 00:00:00+09:00,5348.0,5474.0,5322.0,5374.0,121507.0
2017-01-11 00:00:00+09:00,5424.0,5424.0,5246.0,5272.0,126639.0
2017-01-12 00:00:00+09:00,5272.0,5297.0,5145.0,5196.0,91435.0
2017-01-13 00:00:00+09:00,5196.0,5424.0,5170.0,5247.0,100959.0
2017-01-16 00:00:00+09:00,5221.0,5272.0,5094.0,5120.0,112329.0
2017-01-17 00:00:00+09:00,5069.0,5196.0,5064.0,5095.0,64435.0
2017-01-18 00:00:00+09:00,5094.0,5246.0,5094.0,5171.0,51815.0
2017-01-19 00:00:00+09:00,5170.0,5221.0,5094.0,5120.0,37703.0
2017-01-20 00:00:00+09:00,5120.0,5120.0,5033.0,5069.0,74018.0
2017-01-23 00:00:00+09:00,5069.0,5094.0,4937.0,4968.0,59446.0
2017-01-24 00:00:00+09:00,4942.0,4942.0,4785.0,4826.0,83077.0
2017-01-25 00:00:00+09:00,4846.0,4957.0,4826.0,4831.0,36613.0
2017-01-26 00:00:00+09:00,4851.0,5003.0,4841.0,4998.0,46163.0
2017-01-31 00:00:00+09:00,4937.0,5145.0,4937.0,5145.0,60058.0
2017-02-01 00:00:00+09:00,5145.0,5298.0,5145.0,5298.0,104650.0
2017-02-02 00:00:00+09:00,5246.0,5297.0,5145.0,5145.0,73945.0
2017-02-03 00:00:00+09:00,5170.0,5373.0,5170.0,5298.0,199874.0
2017-02-06 00:00:00+09:00,5348.0,5398.0,5246.0,5298.0,97023.0
2017-02-07 00:00:00+09:00,5272.0,5322.0,5221.0,5272.0,56441.0
2017-02-08 00:00:00+09:00,5272.0,5322.0,5196.0,5298.0,42691.0
2017-02-09 00:00:00+09:00,5297.0,5398.0,5246.0,5272.0,106361.0
2017-02-10 00:00:00+09:00,5297.0,5348.0,5221.0,5272.0,85519.0
2017-02-13 00:00:00+09:00,5246.0,5297.0,5170.0,5247.0,56726.0
2017-02-14 00:00:00+09:00,5246.0,5272.0,5120.0,5196.0,99226.0
2017-02-15 00:00:00+09:00,5221.0,5576.0,5221.0,5551.0,447441.0
2017-02-16 00:00:00+09:00,5601.0,5779.0,5500.0,5703.0,416569.0
2017-02-17 00:00:00+09:00,5677.0,5829.0,5576.0,5678.0,195337.0
2017-02-20 00:00:00+09:00,5652.0,5855.0,5550.0,5754.0,196489.0
2017-02-21 00:00:00+09:00,5880.0,6286.0,5728.0,5728.0,717965.0
2017-02-22 00:00:00+09:00,5753.0,5804.0,5550.0,5728.0,232889.0
2017-02-23 00:00:00+09:00,5703.0,5728.0,5576.0,5576.0,105035.0
2017-02-24 00:00:00+09:00,5550.0,5627.0,5449.0,5475.0,98708.0
2017-02-27 00:00:00+09:00,5500.0,5652.0,5474.0,5526.0,133783.0
2017-02-28 00:00:00+09:00,5550.0,5601.0,5449.0,5576.0,56322.0
2017-03-02 00:00:00+09:00,5550.0,5576.0,5322.0,5348.0,137645.0
2017-03-03 00:00:00+09:00,5272.0,5322.0,5094.0,5145.0,224240.0
2017-03-06 00:00:00+09:00,5120.0,5297.0,5064.0,5272.0,77045.0
2017-03-07 00:00:00+09:00,5272.0,5323.0,5272.0,5323.0,38149.0
2017-03-08 00:00:00+09:00,5322.0,5323.0,5322.0,5323.0,77130.0
2017-03-09 00:00:00+09:00,5322.0,5677.0,5246.0,5475.0,412687.0
2017-03-10 00:00:00+09:00,5500.0,5652.0,5373.0,5602.0,197261.0
2017-03-13 00:00:00+09:00,5753.0,5855.0,5627.0,5754.0,250701.0
2017-03-14 00:00:00+09:00,5779.0,5905.0,5728.0,5779.0,130427.0
2017-03-15 00:00:00+09:00,5779.0,5829.0,5703.0,5754.0,79186.0
2017-03-16 00:00:00+09:00,5804.0,5957.0,5804.0,5957.0,171729.0
2017-03-17 00:00:00+09:00,6057.0,6057.0,5880.0,5931.0,142929.0
2017-03-20 00:00:00+09:00,6007.0,6159.0,6007.0,6109.0,245567.0
2017-03-21 00:00:00+09:00,6210.0,6210.0,5956.0,6007.0,150822.0
2017-03-22 00:00:00+09:00,5880.0,6083.0,5829.0,5982.0,157440.0
2017-03-23 00:00:00+09:00,6032.0,6057.0,5804.0,5830.0,132460.0
2017-03-24 00:00:00+09:00,5855.0,6108.0,5855.0,6007.0,190887.0
2017-03-27 00:00:00+09:00,6057.0,6108.0,5956.0,5957.0,118501.0
2017-03-28 00:00:00+09:00,6007.0,6058.0,6007.0,6058.0,72209.0
2017-03-29 00:00:00+09:00,6108.0,6133.0,5931.0,5957.0,106524.0
2017-03-30 00:00:00+09:00,5956.0,5981.0,5753.0,5779.0,183231.0
2017-03-31 00:00:00+09:00,5779.0,5880.0,5728.0,5728.0,118949.0
2017-04-03 00:00:00+09:00,5829.0,5880.0,5779.0,5855.0,65359.0
2017-04-04 00:00:00+09:00,5956.0,6108.0,5880.0,5880.0,212075.0
2017-04-05 00:00:00+09:00,6032.0,6057.0,5931.0,6007.0,134658.0
2017-04-06 00:00:00+09:00,5981.0,6210.0,5981.0,6210.0,224055.0
2017-04-07 00:00:00+09:00,6210.0,6235.0,6032.0,6134.0,122323.0
2017-04-10 00:00:00+09:00,6235.0,6235.0,5855.0,5906.0,211181.0
2017-04-11 00:00:00+09:00,5931.0,6083.0,5804.0,5855.0,151812.0
2017-04-12 00:00:00+09:00,5905.0,5981.0,5829.0,5906.0,135602.0
2017-04-13 00:00:00+09:00,5855.0,6007.0,5829.0,5931.0,99231.0
2017-04-14 00:00:00+09:00,5829.0,5956.0,5753.0,5779.0,133229.0
2017-04-17 00:00:00+09:00,5829.0,6057.0,5804.0,6033.0,135773.0
2017-04-18 00:00:00+09:00,6083.0,6184.0,6007.0,6134.0,234520.0
2017-04-19 00:00:00+09:00,6108.0,6108.0,5931.0,5982.0,152732.0
2017-04-20 00:00:00+09:00,5931.0,6210.0,5931.0,6109.0,226907.0
2017-04-21 00:00:00+09:00,6210.0,6210.0,5981.0,6033.0,127190.0
2017-04-24 00:00:00+09:00,6007.0,6057.0,5905.0,5931.0,94497.0
2017-04-25 00:00:00+09:00,5956.0,6108.0,5931.0,6058.0,82506.0
2017-04-26 00:00:00+09:00,6083.0,6133.0,5931.0,5957.0,109181.0
2017-04-27 00:00:00+09:00,5956.0,5981.0,5829.0,5855.0,97940.0
2017-04-28 00:00:00+09:00,5855.0,5981.0,5804.0,5931.0,98476.0
2017-05-02 00:00:00+09:00,5981.0,6057.0,5880.0,5931.0,148711.0
2017-05-04 00:00:00+09:00,5931.0,6159.0,5931.0,6134.0,175183.0
2017-05-08 00:00:00+09:00,6159.0,6159.0,6057.0,6134.0,112712.0
2017-05-10 00:00:00+09:00,6133.0,6438.0,6133.0,6387.0,431919.0
2017-05-11 00:00:00+09:00,6412.0,6488.0,6311.0,6413.0,234830.0
2017-05-12 00:00:00+09:00,6362.0,6387.0,6260.0,6362.0,165102.0
2017-05-15 00:00:00+09:00,6387.0,6438.0,6260.0,6387.0,107718.0
2017-05-16 00:00:00+09:00,6336.0,6336.0,6057.0,6109.0,310920.0
2017-05-17 00:00:00+09:00,6184.0,6210.0,5956.0,6007.0,191424.0
2017-05-18 00:00:00+09:00,5880.0,6133.0,5880.0,6109.0,163370.0
2017-05-19 00:00:00+09:00,6133.0,6133.0,6007.0,6033.0,90827.0
2017-05-22 00:00:00+09:00,6133.0,6235.0,6057.0,6134.0,126952.0
2017-05-23 00:00:00+09:00,6083.0,6185.0,6083.0,6185.0,221359.0
2017-05-24 00:00:00+09:00,6438.0,6514.0,6210.0,6286.0,475383.0
2017-05-25 00:00:00+09:00,6260.0,6260.0,6032.0,6058.0,198297.0
2017-05-26 00:00:00+09:00,6083.0,6336.0,5956.0,6311.0,346626.0
2017-05-29 00:00:00+09:00,6362.0,6590.0,6311.0,6387.0,385984.0
2017-05-30 00:00:00+09:00,6387.0,6463.0,6108.0,6286.0,195507.0
2017-05-31 00:00:00+09:00,6336.0,6387.0,6108.0,6185.0,208818.0
2017-06-01 00:00:00+09:00,6133.0,6210.0,6133.0,6210.0,123598.0
2017-06-02 00:00:00+09:00,6235.0,6286.0,6133.0,6185.0,120569.0
2017-06-05 00:00:00+09:00,6210.0,6235.0,6032.0,6109.0,135018.0
2017-06-07 00:00:00+09:00,6057.0,6235.0,6057.0,6185.0,182694.0
2017-06-08 00:00:00+09:00,6235.0,6260.0,6083.0,6109.0,124839.0
2017-06-09 00:00:00+09:00,6159.0,6260.0,6108.0,6134.0,109886.0
2017-06-12 00:00:00+09:00,6057.0,6083.0,5931.0,5982.0,176919.0
2017-06-13 00:00:00+09:00,5956.0,6083.0,5905.0,6007.0,103552.0
2017-06-14 00:00:00+09:00,6032.0,6412.0,5981.0,6387.0,557375.0
2017-06-15 00:00:00+09:00,6463.0,6666.0,6235.0,6641.0,750425.0
2017-06-16 00:00:00+09:00,6640.0,6869.0,6463.0,6590.0,922442.0
2017-06-19 00:00:00+09:00,6767.0,6818.0,6514.0,6641.0,421096.0
2017-06-20 00:00:00+09:00,6716.0,6843.0,6640.0,6793.0,690707.0
2017-06-21 00:00:00+09:00,6945.0,7173.0,6716.0,7097.0,1251715.0
2017-06-22 00:00:00+09:00,7046.0,7071.0,6716.0,6717.0,518407.0
2017-06-23 00:00:00+09:00,6742.0,6894.0,6615.0,6818.0,250100.0
2017-06-26 00:00:00+09:00,6742.0,7325.0,6716.0,7249.0,1073346.0
2017-06-27 00:00:00+09:00,7274.0,7325.0,7097.0,7275.0,498009.0
2017-06-28 00:00:00+09:00,7147.0,7553.0,7122.0,7249.0,630872.0
2017-06-29 00:00:00+09:00,7350.0,7426.0,7071.0,7122.0,465267.0
2017-06-30 00:00:00+09:00,6970.0,7097.0,6869.0,7072.0,298461.0
2017-07-03 00:00:00+09:00,7071.0,7097.0,6564.0,6692.0,575666.0
2017-07-04 00:00:00+09:00,6666.0,6742.0,6412.0,6514.0,380072.0
2017-07-05 00:00:00+09:00,6564.0,6742.0,6539.0,6692.0,287204.0
2017-07-06 00:00:00+09:00,6615.0,6716.0,6488.0,6641.0,170886.0
2017-07-07 00:00:00+09:00,6590.0,6792.0,6564.0,6641.0,237320.0
2017-07-10 00:00:00+09:00,6742.0,6869.0,6564.0,6869.0,332321.0
2017-07-11 00:00:00+09:00,6894.0,7173.0,6843.0,7046.0,443177.0
2017-07-12 00:00:00+09:00,7046.0,7705.0,6970.0,7655.0,1347653.0
2017-07-13 00:00:00+09:00,7680.0,7781.0,7452.0,7604.0,716924.0
2017-07-14 00:00:00+09:00,7604.0,7756.0,7426.0,7756.0,463215.0
2017-07-17 00:00:00+09:00,7756.0,8263.0,7705.0,8111.0,768492.0
2017-07-18 00:00:00+09:00,8263.0,8313.0,7452.0,7528.0,1078357.0
2017-07-19 00:00:00+09:00,7578.0,7654.0,7299.0,7553.0,614433.0
2017-07-20 00:00:00+09:00,7604.0,7654.0,7401.0,7452.0,350161.0
2017-07-21 00:00:00+09:00,7426.0,7781.0,7401.0,7655.0,475735.0
2017-07-24 00:00:00+09:00,7756.0,8034.0,7680.0,7959.0,579210.0
2017-07-25 00:00:00+09:00,8009.0,8009.0,7375.0,7452.0,780969.0
2017-07-26 00:00:00+09:00,7502.0,7528.0,7021.0,7122.0,580015.0
2017-07-27 00:00:00+09:00,7147.0,7274.0,6843.0,6996.0,298603.0
2017-07-28 00:00:00+09:00,6970.0,6970.0,6767.0,6818.0,241995.0
2017-07-31 00:00:00+09:00,6691.0,6919.0,6564.0,6894.0,413457.0
2017-08-01 00:00:00+09:00,6995.0,7299.0,6869.0,7199.0,483107.0
2017-08-02 00:00:00+09:00,7198.0,7299.0,7122.0,7199.0,240187.0
2017-08-03 00:00:00+09:00,7325.0,7350.0,6894.0,6945.0,317411.0
2017-08-04 00:00:00+09:00,6970.0,7249.0,6818.0,7224.0,415384.0
2017-08-07 00:00:00+09:00,7299.0,7325.0,7097.0,7097.0,207222.0
2017-08-08 00:00:00+09:00,7147.0,8111.0,7147.0,8035.0,1973190.0
2017-08-09 00:00:00+09:00,8034.0,8516.0,7680.0,7883.0,1965745.0
2017-08-10 00:00:00+09:00,7958.0,8136.0,7502.0,7959.0,1008612.0
2017-08-11 00:00:00+09:00,7705.0,7933.0,7528.0,7579.0,791639.0
2017-08-14 00:00:00+09:00,7604.0,7680.0,6970.0,7046.0,1157950.0
2017-08-16 00:00:00+09:00,7147.0,7375.0,7021.0,7224.0,485349.0
2017-08-17 00:00:00+09:00,7477.0,7629.0,7325.0,7553.0,557447.0
2017-08-18 00:00:00+09:00,7350.0,8136.0,7299.0,8136.0,800553.0
2017-08-21 00:00:00+09:00,8212.0,8516.0,8009.0,8136.0,911957.0
2017-08-22 00:00:00+09:00,8212.0,8491.0,8085.0,8415.0,566335.0
2017-08-23 00:00:00+09:00,8567.0,8694.0,8364.0,8390.0,622689.0
2017-08-24 00:00:00+09:00,8364.0,8871.0,8313.0,8770.0,813714.0
2017-08-25 00:00:00+09:00,8770.0,9454.0,8440.0,9302.0,1732574.0
2017-08-28 00:00:00+09:00,9200.0,9302.0,8795.0,8795.0,691569.0
2017-08-29 00:00:00+09:00,8617.0,9124.0,8440.0,9074.0,922220.0
2017-08-30 00:00:00+09:00,9023.0,9327.0,8643.0,8669.0,691331.0
2017-08-31 00:00:00+09:00,8795.0,8947.0,8668.0,8795.0,366493.0
2017-09-01 00:00:00+09:00,8922.0,9200.0,8617.0,8998.0,682105.0
2017-09-04 00:00:00+09:00,8643.0,9834.0,8643.0,9505.0,1807463.0
2017-09-05 00:00:00+09:00,9606.0,9657.0,9048.0,9150.0,690759.0
2017-09-06 00:00:00+09:00,9226.0,9783.0,9226.0,9505.0,939668.0
2017-09-07 00:00:00+09:00,9606.0,9606.0,9251.0,9480.0,435988.0
2017-09-08 00:00:00+09:00,9479.0,9581.0,9048.0,9074.0,510798.0
2017-09-11 00:00:00+09:00,9226.0,9682.0,9048.0,9657.0,806827.0
2017-09-12 00:00:00+09:00,9758.0,9809.0,9479.0,9657.0,609440.0
2017-09-13 00:00:00+09:00,9733.0,10012.0,9327.0,9429.0,917297.0
2017-09-14 00:00:00+09:00,9505.0,9606.0,9327.0,9480.0,276999.0
2017-09-15 00:00:00+09:00,9429.0,9581.0,9099.0,9226.0,355193.0
2017-09-18 00:00:00+09:00,9226.0,9479.0,9124.0,9226.0,300937.0
2017-09-19 00:00:00+09:00,9302.0,9454.0,8770.0,8821.0,440749.0
2017-09-20 00:00:00+09:00,8922.0,8922.0,8339.0,8364.0,479301.0
2017-09-21 00:00:00+09:00,8389.0,8440.0,8060.0,8212.0,329593.0
2017-09-22 00:00:00+09:00,8161.0,8389.0,7832.0,7934.0,330194.0
2017-09-25 00:00:00+09:00,7857.0,8314.0,7857.0,8314.0,463843.0
2017-09-26 00:00:00+09:00,8212.0,8693.0,8212.0,8441.0,384653.0
2017-09-27 00:00:00+09:00,8465.0,8694.0,8389.0,8593.0,239432.0
2017-09-28 00:00:00+09:00,8668.0,8668.0,8136.0,8162.0,223753.0
2017-09-29 00:00:00+09:00,8060.0,8187.0,7832.0,8111.0,287917.0
2017-10-10 00:00:00+09:00,8161.0,8237.0,7908.0,7908.0,243397.0
2017-10-11 00:00:00+09:00,7908.0,8111.0,7908.0,8060.0,152280.0
2017-10-12 00:00:00+09:00,8060.0,8060.0,7604.0,7604.0,279439.0
2017-10-13 00:00:00+09:00,7654.0,7705.0,7122.0,7376.0,522731.0
2017-10-16 00:00:00+09:00,7299.0,7350.0,6691.0,6793.0,752164.0
2017-10-17 00:00:00+09:00,6843.0,6945.0,6539.0,6717.0,633076.0
2017-10-18 00:00:00+09:00,6843.0,6843.0,6438.0,6514.0,503309.0
2017-10-19 00:00:00+09:00,6590.0,6767.0,6488.0,6717.0,422774.0
2017-10-20 00:00:00+09:00,6691.0,6691.0,6488.0,6641.0,216301.0
2017-10-23 00:00:00+09:00,6666.0,6792.0,6564.0,6742.0,238165.0
2017-10-24 00:00:00+09:00,6691.0,6894.0,6590.0,6590.0,335562.0
2017-10-25 00:00:00+09:00,6615.0,6666.0,6463.0,6565.0,202515.0
2017-10-26 00:00:00+09:00,6640.0,6818.0,6488.0,6565.0,309051.0
2017-10-27 00:00:00+09:00,6615.0,6716.0,6539.0,6590.0,144047.0
2017-10-30 00:00:00+09:00,6640.0,6666.0,6286.0,6413.0,318094.0
2017-10-31 00:00:00+09:00,6412.0,6564.0,6336.0,6540.0,166579.0
2017-11-01 00:00:00+09:00,6590.0,6616.0,6590.0,6616.0,200130.0
2017-11-02 00:00:00+09:00,6615.0,6970.0,6564.0,6945.0,611277.0
2017-11-03 00:00:00+09:00,6919.0,6945.0,6615.0,6666.0,297727.0
2017-11-06 00:00:00+09:00,6564.0,6590.0,6387.0,6463.0,301675.0
2017-11-07 00:00:00+09:00,6514.0,6590.0,6412.0,6463.0,187267.0
2017-11-08 00:00:00+09:00,6488.0,6792.0,6412.0,6717.0,323382.0
2017-11-09 00:00:00+09:00,6792.0,6970.0,6767.0,6844.0,344998.0
2017-11-10 00:00:00+09:00,6843.0,6945.0,6742.0,6920.0,233668.0
2017-11-13 00:00:00+09:00,7071.0,7097.0,6843.0,6894.0,202348.0
2017-11-14 00:00:00+09:00,6970.0,7274.0,6869.0,7249.0,484438.0
2017-11-15 00:00:00+09:00,7299.0,7299.0,6945.0,6996.0,334782.0
2017-11-16 00:00:00+09:00,7046.0,7502.0,7021.0,7325.0,420378.0
2017-11-17 00:00:00+09:00,7528.0,7806.0,7325.0,7401.0,828473.0
2017-11-20 00:00:00+09:00,7452.0,7452.0,7173.0,7249.0,218653.0
2017-11-21 00:00:00+09:00,7198.0,7477.0,7046.0,7122.0,293884.0
2017-11-22 00:00:00+09:00,7198.0,7502.0,7097.0,7452.0,335100.0
2017-11-23 00:00:00+09:00,7680.0,8009.0,7553.0,7629.0,600304.0
2017-11-24 00:00:00+09:00,7629.0,7882.0,7502.0,7832.0,278512.0
2017-11-27 00:00:00+09:00,7908.0,7933.0,7502.0,7553.0,326479.0
2017-11-28 00:00:00+09:00,7477.0,7528.0,7097.0,7122.0,403296.0
2017-11-29 00:00:00+09:00,7097.0,7249.0,7046.0,7148.0,181282.0
2017-11-30 00:00:00+09:00,7097.0,7097.0,6792.0,6793.0,262961.0
2017-12-01 00:00:00+09:00,6843.0,7147.0,6818.0,7046.0,221066.0
2017-12-04 00:00:00+09:00,7046.0,7198.0,6894.0,7173.0,164119.0
2017-12-05 00:00:00+09:00,7046.0,7223.0,6995.0,6996.0,81932.0
2017-12-06 00:00:00+09:00,6945.0,7122.0,6843.0,6844.0,141073.0
2017-12-07 00:00:00+09:00,6869.0,6970.0,6514.0,6742.0,192725.0
2017-12-08 00:00:00+09:00,6691.0,6818.0,6590.0,6692.0,100956.0
2017-12-11 00:00:00+09:00,6640.0,6919.0,6590.0,6894.0,121126.0
2017-12-12 00:00:00+09:00,6919.0,6995.0,6691.0,6768.0,107684.0
2017-12-13 00:00:00+09:00,6767.0,7071.0,6716.0,6844.0,223762.0
2017-12-14 00:00:00+09:00,6869.0,6919.0,6792.0,6844.0,87802.0
2017-12-15 00:00:00+09:00,6818.0,6919.0,6716.0,6793.0,86059.0
2017-12-18 00:00:00+09:00,6818.0,6894.0,6742.0,6768.0,67707.0
2017-12-19 00:00:00+09:00,6792.0,6843.0,6539.0,6666.0,154369.0
2017-12-20 00:00:00+09:00,6666.0,6767.0,6590.0,6641.0,121045.0
2017-12-21 00:00:00+09:00,6615.0,6691.0,6564.0,6616.0,117736.0
2017-12-22 00:00:00+09:00,6640.0,6869.0,6615.0,6793.0,115150.0
2017-12-26 00:00:00+09:00,6742.0,6869.0,6615.0,6666.0,98143.0
2017-12-27 00:00:00+09:00,6666.0,6920.0,6666.0,6920.0,130780.0
2017-12-28 00:00:00+09:00,6919.0,7097.0,6818.0,6920.0,119906.0
2018-01-02 00:00:00+09:00,6919.0,7198.0,6894.0,7173.0,241585.0
2018-01-03 00:00:00+09:00,7350.0,7452.0,7147.0,7427.0,465881.0
2018-01-04 00:00:00+09:00,7426.0,7528.0,7249.0,7249.0,209607.0
2018-01-05 00:00:00+09:00,7249.0,7654.0,7223.0,7579.0,470833.0
2018-01-08 00:00:00+09:00,7578.0,7578.0,7147.0,7199.0,312589.0
2018-01-09 00:00:00+09:00,7249.0,7401.0,7071.0,7122.0,292979.0
2018-01-10 00:00:00+09:00,7173.0,7173.0,6869.0,7097.0,182238.0
2018-01-11 00:00:00+09:00,7097.0,7401.0,7097.0,7300.0,185152.0
2018-01-12 00:00:00+09:00,7274.0,7350.0,7071.0,7300.0,179285.0
2018-01-15 00:00:00+09:00,7249.0,7274.0,6995.0,7046.0,247731.0
2018-01-16 00:00:00+09:00,7046.0,8010.0,7046.0,8010.0,1628475.0
2018-01-17 00:00:00+09:00,7933.0,8060.0,7705.0,7883.0,672880.0
2018-01-18 00:00:00+09:00,7857.0,7958.0,7654.0,7756.0,346727.0
2018-01-19 00:00:00+09:00,7730.0,7882.0,7401.0,7427.0,416212.0
2018-01-22 00:00:00+09:00,7528.0,7528.0,7274.0,7351.0,229519.0
2018-01-23 00:00:00+09:00,7401.0,7756.0,7401.0,7705.0,370566.0
2018-01-24 00:00:00+09:00,7680.0,7958.0,7578.0,7705.0,403217.0
2018-01-25 00:00:00+09:00,7654.0,8136.0,7629.0,8060.0,437661.0
2018-01-26 00:00:00+09:00,8085.0,8085.0,7857.0,7984.0,321178.0
2018-01-29 00:00:00+09:00,8085.0,8086.0,8085.0,8086.0,280475.0
2018-01-30 00:00:00+09:00,8136.0,8212.0,7832.0,7832.0,301799.0
2018-01-31 00:00:00+09:00,7680.0,7908.0,7578.0,7883.0,215351.0
2018-02-01 00:00:00+09:00,7933.0,7933.0,7705.0,7782.0,147789.0
2018-02-02 00:00:00+09:00,7781.0,7806.0,7299.0,7401.0,322778.0
2018-02-05 00:00:00+09:00,7223.0,7401.0,7046.0,7072.0,263575.0
2018-02-06 00:00:00+09:00,6742.0,7097.0,6438.0,7021.0,423102.0
2018-02-07 00:00:00+09:00,7173.0,7173.0,6640.0,6641.0,231557.0
2018-02-08 00:00:00+09:00,6691.0,6843.0,6564.0,6818.0,118407.0
2018-02-09 00:00:00+09:00,6488.0,6691.0,6488.0,6666.0,128863.0
2018-02-12 00:00:00+09:00,6742.0,6869.0,6716.0,6844.0,75540.0
2018-02-13 00:00:00+09:00,6970.0,6995.0,6640.0,6742.0,78386.0
2018-02-14 00:00:00+09:00,6716.0,6818.0,6640.0,6793.0,59372.0
2018-02-19 00:00:00+09:00,6919.0,6995.0,6869.0,6970.0,68013.0
2018-02-20 00:00:00+09:00,7021.0,7046.0,6869.0,6970.0,41849.0
2018-02-21 00:00:00+09:00,6995.0,7046.0,6894.0,6970.0,55338.0
2018-02-22 00:00:00+09:00,6945.0,7021.0,6869.0,6996.0,64121.0
2018-02-23 00:00:00+09:00,6970.0,7046.0,6792.0,6894.0,96861.0
2018-02-26 00:00:00+09:00,6945.0,6970.0,6843.0,6920.0,59674.0
2018-02-27 00:00:00+09:00,6995.0,6995.0,6716.0,6768.0,91059.0
2018-02-28 00:00:00+09:00,6666.0,6716.0,6615.0,6666.0,101296.0
2018-03-02 00:00:00+09:00,6590.0,6792.0,6564.0,6742.0,60556.0
2018-03-05 00:00:00+09:00,6742.0,6767.0,6590.0,6590.0,95622.0
2018-03-06 00:00:00+09:00,6640.0,6818.0,6590.0,6742.0,131046.0
2018-03-07 00:00:00+09:00,6767.0,6792.0,6564.0,6641.0,75190.0
2018-03-08 00:00:00+09:00,6640.0,6970.0,6640.0,6920.0,94511.0
2018-03-09 00:00:00+09:00,6945.0,7148.0,6945.0,7148.0,196938.0
2018-03-12 00:00:00+09:00,7274.0,7274.0,7071.0,7122.0,108890.0
2018-03-13 00:00:00+09:00,7122.0,7274.0,6970.0,7199.0,187343.0
2018-03-14 00:00:00+09:00,7198.0,7629.0,7122.0,7249.0,904420.0
2018-03-15 00:00:00+09:00,7198.0,7452.0,7147.0,7376.0,325420.0
2018-03-16 00:00:00+09:00,7426.0,7426.0,7223.0,7300.0,220034.0
2018-03-19 00:00:00+09:00,7299.0,7401.0,6894.0,7072.0,371906.0
2018-03-20 00:00:00+09:00,7097.0,7198.0,6995.0,7072.0,355362.0
2018-03-21 00:00:00+09:00,7122.0,7299.0,6995.0,7097.0,296547.0
2018-03-22 00:00:00+09:00,7097.0,7350.0,7046.0,7249.0,293006.0
2018-03-23 00:00:00+09:00,7046.0,7097.0,6742.0,6793.0,339551.0
2018-03-26 00:00:00+09:00,6742.0,6945.0,6691.0,6920.0,250314.0
2018-03-27 00:00:00+09:00,7147.0,7654.0,7021.0,7503.0,1166038.0
2018-03-28 00:00:00+09:00,7350.0,7832.0,7325.0,7655.0,956417.0
2018-03-29 00:00:00+09:00,7629.0,7654.0,7299.0,7579.0,495434.0
2018-03-30 00:00:00+09:00,7705.0,7730.0,7426.0,7655.0,381583.0
2018-04-02 00:00:00+09:00,7654.0,7756.0,7325.0,7553.0,329667.0
2018-04-03 00:00:00+09:00,7375.0,7477.0,7299.0,7477.0,184417.0
2018-04-04 00:00:00+09:00,7477.0,7528.0,7021.0,7046.0,352830.0
2018-04-05 00:00:00+09:00,7071.0,7223.0,7071.0,7097.0,137394.0
2018-04-06 00:00:00+09:00,7046.0,7071.0,6843.0,6945.0,167318.0
2018-04-09 00:00:00+09:00,6818.0,6995.0,6792.0,6844.0,155139.0
2018-04-10 00:00:00+09:00,6869.0,6919.0,6742.0,6894.0,128171.0
2018-04-11 00:00:00+09:00,6945.0,7249.0,6843.0,7224.0,253218.0
2018-04-12 00:00:00+09:00,7198.0,7426.0,7097.0,7300.0,184583.0
2018-04-13 00:00:00+09:00,7401.0,7452.0,7198.0,7224.0,173621.0
2018-04-16 00:00:00+09:00,7274.0,7426.0,7249.0,7351.0,167111.0
2018-04-17 00:00:00+09:00,7426.0,7730.0,7401.0,7579.0,439911.0
2018-04-18 00:00:00+09:00,7604.0,7604.0,7122.0,7351.0,320867.0
2018-04-19 00:00:00+09:00,7350.0,7350.0,7046.0,7148.0,171319.0
2018-04-20 00:00:00+09:00,7147.0,7249.0,7071.0,7199.0,167436.0
2018-04-23 00:00:00+09:00,7147.0,7223.0,6945.0,7021.0,168415.0
2018-04-24 00:00:00+09:00,6995.0,7147.0,6894.0,7021.0,117641.0
2018-04-25 00:00:00+09:00,6919.0,7071.0,6792.0,6920.0,143907.0
2018-04-26 00:00:00+09:00,6919.0,7046.0,6894.0,6996.0,79062.0
2018-04-27 00:00:00+09:00,6995.0,7147.0,6945.0,7097.0,97415.0
2018-04-30 00:00:00+09:00,7071.0,7071.0,6716.0,6742.0,187153.0
2018-05-02 00:00:00+09:00,6691.0,6742.0,6590.0,6692.0,186117.0
2018-05-03 00:00:00+09:00,6666.0,6970.0,6615.0,6818.0,141037.0
2018-05-04 00:00:00+09:00,6818.0,6869.0,6716.0,6818.0,81128.0
2018-05-08 00:00:00+09:00,6869.0,7198.0,6869.0,7122.0,360777.0
2018-05-09 00:00:00+09:00,7046.0,7223.0,6945.0,7148.0,105623.0
2018-05-10 00:00:00+09:00,7147.0,7350.0,7046.0,7325.0,212272.0
2018-05-11 00:00:00+09:00,7705.0,7781.0,7401.0,7579.0,774236.0
2018-05-14 00:00:00+09:00,7502.0,7578.0,7325.0,7401.0,177197.0
2018-05-15 00:00:00+09:00,7401.0,7705.0,7375.0,7553.0,338806.0
2018-05-16 00:00:00+09:00,7553.0,7578.0,7274.0,7275.0,143297.0
2018-05-17 00:00:00+09:00,7274.0,7756.0,7274.0,7503.0,369744.0
2018-05-18 00:00:00+09:00,7604.0,7705.0,7477.0,7655.0,198627.0
2018-05-21 00:00:00+09:00,7730.0,7908.0,7604.0,7756.0,250280.0
2018-05-23 00:00:00+09:00,7806.0,7958.0,7477.0,7604.0,307422.0
2018-05-24 00:00:00+09:00,7553.0,7578.0,7350.0,7477.0,135733.0
2018-05-25 00:00:00+09:00,7350.0,7578.0,7325.0,7528.0,117073.0
2018-05-28 00:00:00+09:00,7502.0,7629.0,7375.0,7604.0,129125.0
2018-05-29 00:00:00+09:00,7604.0,7933.0,7528.0,7807.0,347678.0
2018-05-30 00:00:00+09:00,7806.0,7857.0,7502.0,7680.0,242628.0
2018-05-31 00:00:00+09:00,7730.0,7781.0,7553.0,7655.0,72713.0
2018-06-01 00:00:00+09:00,7629.0,8795.0,7553.0,8643.0,1663751.0
2018-06-04 00:00:00+09:00,8795.0,9479.0,8694.0,9176.0,1682971.0
2018-06-05 00:00:00+09:00,9251.0,9327.0,8947.0,9125.0,548886.0
2018-06-07 00:00:00+09:00,9276.0,9657.0,9074.0,9556.0,754684.0
2018-06-08 00:00:00+09:00,9479.0,9581.0,9175.0,9353.0,391005.0
2018-06-11 00:00:00+09:00,9276.0,9429.0,9124.0,9252.0,262053.0
2018-06-12 00:00:00+09:00,9327.0,9454.0,8998.0,9201.0,283222.0
2018-06-14 00:00:00+09:00,9150.0,9606.0,8922.0,8998.0,493249.0
2018-06-15 00:00:00+09:00,8998.0,9302.0,8643.0,8745.0,420855.0
2018-06-18 00:00:00+09:00,8744.0,8770.0,8237.0,8466.0,528985.0
2018-06-19 00:00:00+09:00,8516.0,8668.0,8161.0,8212.0,311921.0
2018-06-20 00:00:00+09:00,8288.0,8770.0,8187.0,8669.0,321606.0
2018-06-21 00:00:00+09:00,8668.0,8896.0,8415.0,8466.0,325788.0
2018-06-22 00:00:00+09:00,8415.0,8719.0,8212.0,8618.0,191876.0
2018-06-25 00:00:00+09:00,8744.0,8972.0,8617.0,8770.0,273377.0
2018-06-26 00:00:00+09:00,8567.0,8694.0,8313.0,8618.0,205938.0
2018-06-27 00:00:00+09:00,8668.0,8998.0,8541.0,8643.0,290655.0
2018-06-28 00:00:00+09:00,8592.0,8820.0,8491.0,8567.0,160089.0
2018-06-29 00:00:00+09:00,8592.0,8643.0,8237.0,8390.0,218377.0
2018-07-02 00:00:00+09:00,8415.0,8516.0,7958.0,7959.0,218004.0
2018-07-03 00:00:00+09:00,8111.0,8364.0,7984.0,8212.0,241366.0
2018-07-04 00:00:00+09:00,8212.0,8389.0,8034.0,8339.0,142914.0
2018-07-05 00:00:00+09:00,8389.0,8389.0,7705.0,8060.0,320521.0
2018-07-06 00:00:00+09:00,8060.0,8541.0,7806.0,8466.0,243466.0
2018-07-09 00:00:00+09:00,8465.0,8795.0,8364.0,8719.0,248935.0
2018-07-10 00:00:00+09:00,8846.0,8871.0,8440.0,8567.0,160520.0
2018-07-11 00:00:00+09:00,8415.0,8643.0,8263.0,8567.0,185771.0
2018-07-12 00:00:00+09:00,8617.0,8922.0,8516.0,8795.0,327359.0
2018-07-13 00:00:00+09:00,8871.0,9124.0,8643.0,8795.0,399608.0
2018-07-16 00:00:00+09:00,8871.0,8998.0,8643.0,8643.0,190317.0
2018-07-17 00:00:00+09:00,8668.0,8770.0,8288.0,8390.0,229815.0
2018-07-18 00:00:00+09:00,8541.0,9479.0,8491.0,9353.0,1658807.0
2018-07-19 00:00:00+09:00,9353.0,9657.0,9226.0,9378.0,871784.0
2018-07-20 00:00:00+09:00,9429.0,9429.0,8744.0,9100.0,660562.0
2018-07-23 00:00:00+09:00,9074.0,9124.0,8719.0,8821.0,286737.0
2018-07-24 00:00:00+09:00,8770.0,9200.0,8567.0,8922.0,379683.0
2018-07-25 00:00:00+09:00,9023.0,9175.0,8770.0,8973.0,333296.0
2018-07-26 00:00:00+09:00,9099.0,9176.0,9099.0,9176.0,246599.0
2018-07-27 00:00:00+09:00,9124.0,9657.0,9023.0,9632.0,544636.0
2018-07-30 00:00:00+09:00,9555.0,9809.0,9251.0,9378.0,520557.0
2018-07-31 00:00:00+09:00,9327.0,9530.0,8922.0,9125.0,399996.0
2018-08-01 00:00:00+09:00,9124.0,9429.0,8947.0,9429.0,292508.0
2018-08-02 00:00:00+09:00,9378.0,9530.0,9048.0,9125.0,302404.0
2018-08-03 00:00:00+09:00,9226.0,9276.0,8972.0,9176.0,238781.0
2018-08-06 00:00:00+09:00,9175.0,9175.0,8719.0,8770.0,243499.0
2018-08-07 00:00:00+09:00,8719.0,8871.0,8617.0,8719.0,163425.0
2018-08-08 00:00:00+09:00,8795.0,8795.0,8541.0,8593.0,186117.0
2018-08-09 00:00:00+09:00,8567.0,8669.0,8567.0,8669.0,252215.0
2018-08-10 00:00:00+09:00,8617.0,8643.0,8288.0,8364.0,222281.0
2018-08-13 00:00:00+09:00,8263.0,8339.0,7908.0,7959.0,253723.0
2018-08-14 00:00:00+09:00,7933.0,8339.0,7781.0,8238.0,272368.0
2018-08-16 00:00:00+09:00,7122.0,7223.0,6463.0,7046.0,1660976.0
2018-08-17 00:00:00+09:00,7046.0,7173.0,6792.0,6869.0,439669.0
2018-08-20 00:00:00+09:00,6869.0,6919.0,6488.0,6590.0,417820.0
2018-08-21 00:00:00+09:00,6716.0,7021.0,6640.0,6996.0,486420.0
2018-08-22 00:00:00+09:00,7021.0,7071.0,6869.0,6945.0,163622.0
2018-08-23 00:00:00+09:00,6919.0,6970.0,6691.0,6844.0,285795.0
2018-08-24 00:00:00+09:00,6945.0,7299.0,6843.0,7173.0,485930.0
2018-08-27 00:00:00+09:00,7249.0,7502.0,7147.0,7452.0,346849.0
2018-08-28 00:00:00+09:00,7553.0,7578.0,7350.0,7452.0,193412.0
2018-08-29 00:00:00+09:00,7477.0,7730.0,7477.0,7579.0,294512.0
2018-08-30 00:00:00+09:00,7604.0,7731.0,7604.0,7731.0,211554.0
2018-08-31 00:00:00+09:00,7705.0,7756.0,7502.0,7705.0,149554.0
2018-09-03 00:00:00+09:00,7933.0,7984.0,7629.0,7705.0,294594.0
2018-09-04 00:00:00+09:00,7705.0,7832.0,7578.0,7756.0,306432.0
2018-09-05 00:00:00+09:00,7730.0,7832.0,7578.0,7756.0,233813.0
2018-09-06 00:00:00+09:00,7756.0,7781.0,7629.0,7705.0,100998.0
2018-09-07 00:00:00+09:00,7654.0,7958.0,7604.0,7782.0,242107.0
2018-09-10 00:00:00+09:00,7857.0,7857.0,7730.0,7731.0,123548.0
2018-09-11 00:00:00+09:00,7781.0,8009.0,7781.0,7908.0,243566.0
2018-09-12 00:00:00+09:00,8009.0,8161.0,7832.0,7883.0,280933.0
2018-09-13 00:00:00+09:00,7857.0,7908.0,7730.0,7832.0,106385.0
2018-09-14 00:00:00+09:00,7882.0,7933.0,7730.0,7782.0,174443.0
2018-09-17 00:00:00+09:00,7857.0,7958.0,7730.0,7807.0,114783.0
2018-09-18 00:00:00+09:00,7806.0,8136.0,7730.0,8060.0,194520.0
2018-09-19 00:00:00+09:00,8136.0,8161.0,7958.0,8010.0,98645.0
2018-09-20 00:00:00+09:00,8009.0,8060.0,7629.0,7629.0,187289.0
2018-09-21 00:00:00+09:00,7654.0,7806.0,7604.0,7705.0,76621.0
2018-09-27 00:00:00+09:00,7705.0,7882.0,7604.0,7858.0,87083.0
2018-09-28 00:00:00+09:00,7882.0,7908.0,7654.0,7680.0,98923.0
2018-10-01 00:00:00+09:00,7756.0,7832.0,7629.0,7629.0,63461.0
2018-10-02 00:00:00+09:00,7654.0,7781.0,7401.0,7427.0,90533.0
2018-10-04 00:00:00+09:00,7375.0,7528.0,7249.0,7275.0,59240.0
2018-10-05 00:00:00+09:00,7198.0,7401.0,6818.0,6970.0,179857.0
2018-10-08 00:00:00+09:00,6869.0,7223.0,6818.0,7097.0,67863.0
2018-10-10 00:00:00+09:00,7147.0,7147.0,6818.0,6844.0,75923.0
2018-10-11 00:00:00+09:00,6463.0,6640.0,6235.0,6235.0,199696.0
2018-10-12 00:00:00+09:00,6108.0,6615.0,6083.0,6565.0,132512.0
2018-10-15 00:00:00+09:00,6590.0,6716.0,6438.0,6489.0,82918.0
2018-10-16 00:00:00+09:00,6488.0,6818.0,6488.0,6742.0,93651.0
2018-10-17 00:00:00+09:00,6869.0,6894.0,6691.0,6768.0,78363.0
2018-10-18 00:00:00+09:00,6869.0,6869.0,6615.0,6641.0,33792.0
2018-10-19 00:00:00+09:00,6539.0,6742.0,6463.0,6742.0,46312.0
2018-10-22 00:00:00+09:00,6767.0,6894.0,6564.0,6894.0,75448.0
2018-10-23 00:00:00+09:00,6818.0,6869.0,6488.0,6489.0,87542.0
2018-10-24 00:00:00+09:00,6590.0,6666.0,6159.0,6159.0,103198.0
2018-10-25 00:00:00+09:00,5931.0,6159.0,5804.0,6083.0,107127.0
2018-10-26 00:00:00+09:00,6133.0,6209.0,5550.0,5602.0,206708.0
2018-10-29 00:00:00+09:00,5550.0,5829.0,5064.0,5120.0,295358.0
2018-10-30 00:00:00+09:00,4993.0,5399.0,4993.0,5399.0,185011.0
2018-10-31 00:00:00+09:00,5424.0,5500.0,5297.0,5475.0,74729.0
2018-11-01 00:00:00+09:00,5550.0,5855.0,5550.0,5754.0,206578.0
2018-11-02 00:00:00+09:00,5880.0,6184.0,5880.0,6159.0,93433.0
2018-11-05 00:00:00+09:00,6057.0,6108.0,5880.0,6083.0,85675.0
2018-11-06 00:00:00+09:00,6083.0,6184.0,5753.0,5880.0,147260.0
2018-11-07 00:00:00+09:00,5931.0,6032.0,5500.0,5500.0,238245.0
2018-11-08 00:00:00+09:00,5677.0,5956.0,5652.0,5855.0,183460.0
2018-11-09 00:00:00+09:00,5829.0,5905.0,5703.0,5804.0,64334.0
2018-11-12 00:00:00+09:00,5703.0,5981.0,5677.0,5779.0,75894.0
2018-11-13 00:00:00+09:00,5677.0,5931.0,5525.0,5931.0,83823.0
2018-11-14 00:00:00+09:00,5931.0,5956.0,5677.0,5754.0,160912.0
2018-11-15 00:00:00+09:00,5652.0,5779.0,5474.0,5754.0,218583.0
2018-11-16 00:00:00+09:00,5804.0,5880.0,5703.0,5779.0,58205.0
2018-11-19 00:00:00+09:00,5829.0,5905.0,5677.0,5779.0,95868.0
2018-11-20 00:00:00+09:00,5627.0,5703.0,5474.0,5526.0,142992.0
2018-11-21 00:00:00+09:00,5398.0,5474.0,5272.0,5424.0,148008.0
2018-11-22 00:00:00+09:00,5449.0,5500.0,5246.0,5348.0,151195.0
2018-11-23 00:00:00+09:00,5348.0,5398.0,5120.0,5145.0,91675.0
2018-11-26 00:00:00+09:00,5094.0,5348.0,5094.0,5348.0,103950.0
2018-11-27 00:00:00+09:00,5373.0,5398.0,5221.0,5323.0,78557.0
2018-11-28 00:00:00+09:00,5373.0,5424.0,5246.0,5323.0,65562.0
2018-11-29 00:00:00+09:00,5398.0,5449.0,5272.0,5323.0,74358.0
2018-11-30 00:00:00+09:00,5272.0,5373.0,5196.0,5221.0,62530.0
2018-12-03 00:00:00+09:00,5297.0,5398.0,5246.0,5323.0,80824.0
2018-12-04 00:00:00+09:00,5398.0,5398.0,5246.0,5323.0,65863.0
2018-12-05 00:00:00+09:00,5196.0,5272.0,5145.0,5196.0,63031.0
2018-12-06 00:00:00+09:00,5170.0,5221.0,4836.0,4856.0,233090.0
2018-12-07 00:00:00+09:00,4891.0,5044.0,4891.0,4978.0,89731.0
2018-12-10 00:00:00+09:00,4891.0,4937.0,4704.0,4720.0,82767.0
2018-12-11 00:00:00+09:00,4755.0,4790.0,4684.0,4735.0,73720.0
2018-12-12 00:00:00+09:00,4750.0,4993.0,4750.0,4963.0,80619.0
2018-12-13 00:00:00+09:00,4978.0,5272.0,4952.0,5145.0,105715.0
2018-12-14 00:00:00+09:00,5196.0,5196.0,4957.0,4978.0,62453.0
2018-12-17 00:00:00+09:00,4952.0,5038.0,4815.0,4862.0,45383.0
2018-12-18 00:00:00+09:00,4846.0,4851.0,4739.0,4755.0,82278.0
2018-12-19 00:00:00+09:00,4765.0,5297.0,4765.0,5145.0,237756.0
2018-12-20 00:00:00+09:00,5069.0,5120.0,4962.0,4983.0,88323.0
2018-12-21 00:00:00+09:00,4917.0,5449.0,4917.0,5374.0,339356.0
2018-12-24 00:00:00+09:00,5348.0,5373.0,5170.0,5196.0,91080.0
2018-12-26 00:00:00+09:00,5094.0,5196.0,5054.0,5120.0,76130.0
2018-12-27 00:00:00+09:00,5272.0,5525.0,5145.0,5374.0,227012.0
2018-12-28 00:00:00+09:00,5348.0,5474.0,5348.0,5424.0,85876.0
2019-01-02 00:00:00+09:00,5474.0,5474.0,5272.0,5348.0,58874.0
2019-01-03 00:00:00+09:00,5322.0,5398.0,5120.0,5171.0,69604.0
2019-01-04 00:00:00+09:00,5120.0,5221.0,5054.0,5171.0,68480.0
2019-01-07 00:00:00+09:00,5272.0,5348.0,5246.0,5298.0,44815.0
2019-01-08 00:00:00+09:00,5297.0,5322.0,5170.0,5196.0,42911.0
2019-01-09 00:00:00+09:00,5221.0,5449.0,5221.0,5424.0,64543.0
2019-01-10 00:00:00+09:00,5449.0,5474.0,5322.0,5323.0,56853.0
2019-01-11 00:00:00+09:00,5398.0,5525.0,5373.0,5450.0,59138.0
2019-01-14 00:00:00+09:00,5550.0,5905.0,5550.0,5754.0,263106.0
2019-01-15 00:00:00+09:00,5753.0,5956.0,5728.0,5754.0,118047.0
2019-01-16 00:00:00+09:00,5829.0,5956.0,5779.0,5830.0,90039.0
2019-01-17 00:00:00+09:00,5931.0,5956.0,5728.0,5754.0,83599.0
2019-01-18 00:00:00+09:00,5931.0,6133.0,5855.0,6109.0,166958.0
2019-01-21 00:00:00+09:00,6159.0,6235.0,6007.0,6210.0,89307.0
2019-01-22 00:00:00+09:00,6286.0,6286.0,6057.0,6159.0,91512.0
2019-01-23 00:00:00+09:00,6336.0,6615.0,6311.0,6387.0,280981.0
2019-01-24 00:00:00+09:00,6488.0,6488.0,6286.0,6413.0,60338.0
2019-01-25 00:00:00+09:00,6463.0,6514.0,6260.0,6311.0,134834.0
2019-01-28 00:00:00+09:00,6260.0,6362.0,6108.0,6109.0,160113.0
2019-01-29 00:00:00+09:00,6108.0,6184.0,5931.0,6058.0,172778.0
2019-01-30 00:00:00+09:00,6083.0,6235.0,6032.0,6235.0,101868.0
2019-01-31 00:00:00+09:00,6311.0,6362.0,6184.0,6185.0,77524.0
2019-02-01 00:00:00+09:00,6184.0,6286.0,6108.0,6134.0,47800.0
2019-02-07 00:00:00+09:00,6184.0,6438.0,6184.0,6362.0,123827.0
2019-02-08 00:00:00+09:00,6286.0,6438.0,6235.0,6413.0,69287.0
2019-02-11 00:00:00+09:00,6438.0,6438.0,6286.0,6337.0,63879.0
2019-02-12 00:00:00+09:00,6336.0,6412.0,6235.0,6261.0,57490.0
2019-02-13 00:00:00+09:00,6260.0,6336.0,6184.0,6311.0,83734.0
2019-02-14 00:00:00+09:00,6336.0,6387.0,6235.0,6362.0,65446.0
2019-02-15 00:00:00+09:00,6362.0,6387.0,6159.0,6185.0,83170.0
2019-02-18 00:00:00+09:00,6210.0,6286.0,6184.0,6235.0,53512.0
2019-02-19 00:00:00+09:00,6235.0,6412.0,6159.0,6286.0,66813.0
2019-02-20 00:00:00+09:00,6336.0,6463.0,6286.0,6311.0,123208.0
2019-02-21 00:00:00+09:00,6286.0,6412.0,6159.0,6235.0,137533.0
2019-02-22 00:00:00+09:00,6235.0,6235.0,5931.0,6109.0,136029.0
2019-02-25 00:00:00+09:00,6159.0,6336.0,6133.0,6311.0,82157.0
2019-02-26 00:00:00+09:00,6311.0,6336.0,6184.0,6210.0,41880.0
2019-02-27 00:00:00+09:00,6210.0,6260.0,6133.0,6235.0,30458.0
2019-02-28 00:00:00+09:00,6235.0,6235.0,5880.0,5957.0,103896.0
2019-03-04 00:00:00+09:00,5829.0,5981.0,5728.0,5931.0,115785.0
2019-03-05 00:00:00+09:00,5880.0,5931.0,5779.0,5906.0,65803.0
2019-03-06 00:00:00+09:00,5956.0,5981.0,5829.0,5931.0,46302.0
2019-03-07 00:00:00+09:00,6032.0,6210.0,6007.0,6083.0,181844.0
2019-03-08 00:00:00+09:00,6057.0,6108.0,5905.0,5931.0,64872.0
2019-03-11 00:00:00+09:00,5956.0,5956.0,5703.0,5728.0,108240.0
2019-03-12 00:00:00+09:00,5804.0,5880.0,5753.0,5830.0,49359.0
2019-03-13 00:00:00+09:00,5829.0,5880.0,5703.0,5728.0,71651.0
2019-03-14 00:00:00+09:00,5779.0,5905.0,5728.0,5804.0,140996.0
2019-03-15 00:00:00+09:00,5753.0,5804.0,5652.0,5703.0,107035.0
2019-03-18 00:00:00+09:00,5703.0,5728.0,5550.0,5627.0,111491.0
2019-03-19 00:00:00+09:00,5652.0,5830.0,5652.0,5830.0,78130.0
2019-03-20 00:00:00+09:00,5829.0,5829.0,5652.0,5728.0,79225.0
2019-03-21 00:00:00+09:00,5779.0,6133.0,5779.0,6007.0,287690.0
2019-03-22 00:00:00+09:00,6032.0,6057.0,5931.0,6007.0,67233.0
2019-03-25 00:00:00+09:00,5855.0,5931.0,5652.0,5678.0,119751.0
2019-03-26 00:00:00+09:00,5652.0,5779.0,5652.0,5703.0,57385.0
2019-03-27 00:00:00+09:00,5703.0,5779.0,5601.0,5627.0,60017.0
2019-03-28 00:00:00+09:00,5601.0,5601.0,5297.0,5323.0,144473.0
2019-03-29 00:00:00+09:00,5297.0,5398.0,5120.0,5374.0,86450.0
2019-04-01 00:00:00+09:00,5398.0,5525.0,5373.0,5500.0,43662.0
2019-04-02 00:00:00+09:00,5525.0,5525.0,5322.0,5475.0,63526.0
2019-04-03 00:00:00+09:00,5398.0,5500.0,5322.0,5450.0,51747.0
2019-04-04 00:00:00+09:00,5474.0,5576.0,5449.0,5526.0,55330.0
2019-04-05 00:00:00+09:00,5500.0,5601.0,5398.0,5526.0,68322.0
2019-04-08 00:00:00+09:00,5550.0,5576.0,5424.0,5475.0,43979.0
2019-04-09 00:00:00+09:00,5525.0,5652.0,5500.0,5602.0,98832.0
2019-04-10 00:00:00+09:00,5576.0,5627.0,5500.0,5627.0,32205.0
2019-04-11 00:00:00+09:00,5677.0,5880.0,5652.0,5880.0,155555.0
2019-04-12 00:00:00+09:00,5829.0,5956.0,5779.0,5906.0,71707.0
2019-04-15 00:00:00+09:00,5956.0,5981.0,5779.0,5830.0,78231.0
2019-04-16 00:00:00+09:00,5880.0,5905.0,5703.0,5804.0,52770.0
2019-04-17 00:00:00+09:00,5880.0,5880.0,5779.0,5804.0,42609.0
2019-04-18 00:00:00+09:00,5804.0,5905.0,5627.0,5652.0,85004.0
2019-04-19 00:00:00+09:00,5627.0,5779.0,5627.0,5754.0,25393.0
2019-04-22 00:00:00+09:00,5779.0,6691.0,5703.0,6159.0,887452.0
2019-04-23 00:00:00+09:00,6260.0,6336.0,6108.0,6235.0,323701.0
2019-04-24 00:00:00+09:00,6286.0,6311.0,6133.0,6185.0,113184.0
2019-04-25 00:00:00+09:00,6210.0,6235.0,6057.0,6109.0,86960.0
2019-04-26 00:00:00+09:00,6057.0,6083.0,5880.0,6007.0,110198.0
2019-04-29 00:00:00+09:00,6032.0,6159.0,5956.0,6159.0,77765.0
2019-04-30 00:00:00+09:00,6235.0,6235.0,6057.0,6083.0,61488.0
2019-05-02 00:00:00+09:00,6159.0,6210.0,6159.0,6210.0,121466.0
2019-05-03 00:00:00+09:00,6209.0,6311.0,6159.0,6210.0,166550.0
2019-05-07 00:00:00+09:00,6210.0,6260.0,6080.0,6180.0,171312.0
2019-05-08 00:00:00+09:00,6100.0,6130.0,6010.0,6070.0,86438.0
2019-05-09 00:00:00+09:00,6070.0,6080.0,5770.0,5850.0,111047.0
2019-05-10 00:00:00+09:00,5840.0,5900.0,5660.0,5800.0,45615.0
2019-05-13 00:00:00+09:00,5800.0,5900.0,5520.0,5520.0,56614.0
2019-05-14 00:00:00+09:00,5450.0,5650.0,5270.0,5560.0,51687.0
2019-05-15 00:00:00+09:00,5690.0,5750.0,5530.0,5740.0,54935.0
2019-05-16 00:00:00+09:00,5790.0,5820.0,5500.0,5560.0,59335.0
2019-05-17 00:00:00+09:00,5630.0,5680.0,5530.0,5550.0,36485.0
2019-05-20 00:00:00+09:00,5600.0,5600.0,5380.0,5450.0,47610.0
2019-05-21 00:00:00+09:00,5500.0,5500.0,5350.0,5460.0,49067.0
2019-05-22 00:00:00+09:00,5500.0,5700.0,5460.0,5610.0,50468.0
2019-05-23 00:00:00+09:00,5630.0,5630.0,5460.0,5500.0,36419.0
2019-05-24 00:00:00+09:00,5590.0,5590.0,5350.0,5500.0,42008.0
2019-05-27 00:00:00+09:00,5550.0,5560.0,5320.0,5370.0,62246.0
2019-05-28 00:00:00+09:00,5250.0,5560.0,5230.0,5540.0,57343.0
2019-05-29 00:00:00+09:00,5580.0,5580.0,5370.0,5390.0,45608.0
2019-05-30 00:00:00+09:00,5220.0,5400.0,5050.0,5140.0,419891.0
2019-05-31 00:00:00+09:00,5120.0,5170.0,4960.0,4960.0,352573.0
2019-06-03 00:00:00+09:00,4875.0,5080.0,4875.0,5070.0,115411.0
2019-06-04 00:00:00+09:00,5080.0,5290.0,5080.0,5120.0,221640.0
2019-06-05 00:00:00+09:00,5180.0,5200.0,5000.0,5030.0,197819.0
2019-06-07 00:00:00+09:00,5100.0,5300.0,5050.0,5240.0,217176.0
2019-06-10 00:00:00+09:00,5250.0,5280.0,5040.0,5090.0,293321.0
2019-06-11 00:00:00+09:00,5070.0,5220.0,5070.0,5190.0,157140.0
2019-06-12 00:00:00+09:00,5180.0,5240.0,5150.0,5190.0,76708.0
2019-06-13 00:00:00+09:00,5180.0,5380.0,5180.0,5300.0,317221.0
2019-06-14 00:00:00+09:00,5300.0,5330.0,5150.0,5160.0,131580.0
2019-06-17 00:00:00+09:00,5210.0,5210.0,5050.0,5110.0,81745.0
2019-06-18 00:00:00+09:00,5120.0,5180.0,5050.0,5060.0,97750.0
2019-06-19 00:00:00+09:00,5120.0,5160.0,5080.0,5140.0,116627.0
2019-06-20 00:00:00+09:00,5170.0,5210.0,5130.0,5200.0,99032.0
2019-06-21 00:00:00+09:00,5200.0,5300.0,5100.0,5260.0,120385.0
2019-06-24 00:00:00+09:00,5270.0,5270.0,5120.0,5120.0,81661.0
2019-06-25 00:00:00+09:00,5160.0,5220.0,5060.0,5080.0,132659.0
2019-06-26 00:00:00+09:00,5070.0,5110.0,5030.0,5060.0,79495.0
2019-06-27 00:00:00+09:00,5090.0,5140.0,5040.0,5050.0,98607.0
2019-06-28 00:00:00+09:00,5050.0,5120.0,4945.0,5030.0,106157.0
2019-07-01 00:00:00+09:00,5060.0,5100.0,4950.0,5030.0,123206.0
2019-07-02 00:00:00+09:00,5030.0,5070.0,4970.0,5020.0,55563.0
2019-07-03 00:00:00+09:00,5060.0,5220.0,5000.0,5050.0,178401.0
2019-07-04 00:00:00+09:00,5080.0,5080.0,4855.0,4925.0,202947.0
2019-07-05 00:00:00+09:00,4950.0,5090.0,4775.0,4905.0,390809.0
2019-07-08 00:00:00+09:00,4910.0,4910.0,4540.0,4555.0,281207.0
2019-07-09 00:00:00+09:00,4505.0,4580.0,4285.0,4520.0,296085.0
2019-07-10 00:00:00+09:00,4510.0,4680.0,4510.0,4610.0,92145.0
2019-07-11 00:00:00+09:00,4610.0,4740.0,4590.0,4590.0,129228.0
2019-07-12 00:00:00+09:00,4595.0,5260.0,4580.0,4825.0,845913.0
2019-07-15 00:00:00+09:00,4845.0,4875.0,4665.0,4725.0,166580.0
2019-07-16 00:00:00+09:00,4730.0,5150.0,4730.0,5000.0,583352.0
2019-07-17 00:00:00+09:00,5070.0,5280.0,4855.0,5180.0,669751.0
2019-07-18 00:00:00+09:00,5440.0,5670.0,5180.0,5470.0,2029825.0
2019-07-19 00:00:00+09:00,5470.0,5500.0,5140.0,5280.0,548072.0
2019-07-22 00:00:00+09:00,5260.0,5260.0,5110.0,5160.0,161717.0
2019-07-23 00:00:00+09:00,5090.0,5280.0,5090.0,5160.0,195215.0
2019-07-24 00:00:00+09:00,5160.0,5220.0,4995.0,4995.0,137529.0
2019-07-25 00:00:00+09:00,4965.0,5190.0,4940.0,5110.0,198948.0
2019-07-26 00:00:00+09:00,5110.0,5190.0,4855.0,4900.0,177210.0
2019-07-29 00:00:00+09:00,4895.0,4895.0,4545.0,4555.0,253382.0
2019-07-30 00:00:00+09:00,4470.0,4630.0,4470.0,4580.0,139246.0
2019-07-31 00:00:00+09:00,4530.0,4650.0,4315.0,4640.0,221434.0
2019-08-01 00:00:00+09:00,4525.0,4630.0,4350.0,4490.0,169476.0
2019-08-02 00:00:00+09:00,4405.0,5450.0,4360.0,4900.0,5046323.0
2019-08-05 00:00:00+09:00,4820.0,4925.0,4470.0,4500.0,778895.0
2019-08-06 00:00:00+09:00,4285.0,4500.0,4015.0,4095.0,695299.0
2019-08-07 00:00:00+09:00,4095.0,4350.0,4060.0,4200.0,419026.0
2019-08-08 00:00:00+09:00,4250.0,4395.0,4250.0,4310.0,277811.0
2019-08-09 00:00:00+09:00,4395.0,4490.0,4310.0,4330.0,247367.0
2019-08-12 00:00:00+09:00,4330.0,4405.0,4250.0,4355.0,134557.0
2019-08-13 00:00:00+09:00,4365.0,4400.0,4280.0,4340.0,140955.0
2019-08-14 00:00:00+09:00,4460.0,4640.0,4395.0,4615.0,421707.0
2019-08-16 00:00:00+09:00,4710.0,5350.0,4705.0,4980.0,3466142.0
2019-08-19 00:00:00+09:00,4980.0,5220.0,4950.0,5160.0,545340.0
2019-08-20 00:00:00+09:00,5220.0,5250.0,5090.0,5170.0,379469.0
2019-08-21 00:00:00+09:00,5150.0,5350.0,5100.0,5350.0,378445.0
2019-08-22 00:00:00+09:00,5350.0,5410.0,5270.0,5360.0,204751.0
2019-08-23 00:00:00+09:00,5280.0,5480.0,5220.0,5470.0,273530.0
2019-08-26 00:00:00+09:00,5450.0,5820.0,5310.0,5510.0,1402513.0
2019-08-27 00:00:00+09:00,5750.0,6150.0,5660.0,6130.0,2828872.0
2019-08-28 00:00:00+09:00,6130.0,6370.0,6030.0,6180.0,1370169.0
2019-08-29 00:00:00+09:00,6240.0,6500.0,6050.0,6210.0,1143021.0
2019-08-30 00:00:00+09:00,6280.0,6660.0,6230.0,6470.0,1464864.0
2019-09-02 00:00:00+09:00,6490.0,6510.0,6340.0,6510.0,546611.0
2019-09-03 00:00:00+09:00,6500.0,6720.0,6410.0,6680.0,710368.0
2019-09-04 00:00:00+09:00,6680.0,6740.0,6570.0,6690.0,430810.0
2019-09-05 00:00:00+09:00,6740.0,7140.0,6690.0,6940.0,985057.0
2019-09-06 00:00:00+09:00,7000.0,7000.0,6810.0,6890.0,358658.0
2019-09-09 00:00:00+09:00,6950.0,6960.0,6620.0,6740.0,512860.0
2019-09-10 00:00:00+09:00,6750.0,6930.0,6600.0,6870.0,377564.0
2019-09-11 00:00:00+09:00,6800.0,6870.0,6550.0,6620.0,457460.0
2019-09-16 00:00:00+09:00,6660.0,7220.0,6650.0,7010.0,953979.0
2019-09-17 00:00:00+09:00,7010.0,7150.0,6780.0,6820.0,558890.0
2019-09-18 00:00:00+09:00,6780.0,6780.0,6570.0,6690.0,504640.0
2019-09-19 00:00:00+09:00,6770.0,6870.0,6640.0,6690.0,269964.0
2019-09-20 00:00:00+09:00,6740.0,6800.0,6630.0,6680.0,215071.0
2019-09-23 00:00:00+09:00,6670.0,6880.0,6530.0,6870.0,353224.0
2019-09-24 00:00:00+09:00,6870.0,7000.0,6640.0,6680.0,331301.0
2019-09-25 00:00:00+09:00,6580.0,6640.0,6170.0,6270.0,609140.0
2019-09-26 00:00:00+09:00,6330.0,6400.0,6020.0,6140.0,425946.0
2019-09-27 00:00:00+09:00,6150.0,6250.0,6040.0,6220.0,208274.0
2019-09-30 00:00:00+09:00,6220.0,6220.0,5950.0,6040.0,186096.0
2019-10-01 00:00:00+09:00,6080.0,6240.0,6040.0,6200.0,173313.0
2019-10-02 00:00:00+09:00,6150.0,6150.0,6000.0,6040.0,119250.0
2019-10-04 00:00:00+09:00,6010.0,6140.0,5920.0,6080.0,190361.0
2019-10-07 00:00:00+09:00,6070.0,6140.0,5880.0,5900.0,217148.0
2019-10-08 00:00:00+09:00,5920.0,6300.0,5900.0,6220.0,323367.0
2019-10-10 00:00:00+09:00,6220.0,6390.0,6130.0,6390.0,228063.0
2019-10-11 00:00:00+09:00,6370.0,6390.0,6040.0,6070.0,281259.0
2019-10-14 00:00:00+09:00,6070.0,6280.0,6030.0,6280.0,257704.0
2019-10-15 00:00:00+09:00,6320.0,6320.0,6080.0,6180.0,292297.0
2019-10-16 00:00:00+09:00,6180.0,6290.0,6140.0,6280.0,192123.0
2019-10-17 00:00:00+09:00,6280.0,6280.0,6050.0,6090.0,223870.0
2019-10-18 00:00:00+09:00,6160.0,6270.0,6080.0,6160.0,248144.0
2019-10-21 00:00:00+09:00,6120.0,6380.0,6120.0,6130.0,303028.0
2019-10-22 00:00:00+09:00,6150.0,6250.0,6060.0,6070.0,234995.0
2019-10-23 00:00:00+09:00,6240.0,7060.0,6170.0,6790.0,2989176.0
2019-10-24 00:00:00+09:00,6840.0,6960.0,6710.0,6790.0,784577.0
2019-10-25 00:00:00+09:00,6840.0,6880.0,6460.0,6500.0,695669.0
2019-10-28 00:00:00+09:00,6520.0,7060.0,6520.0,7000.0,1209508.0
2019-10-29 00:00:00+09:00,6970.0,7050.0,6810.0,6910.0,552111.0
2019-10-30 00:00:00+09:00,6860.0,6990.0,6800.0,6850.0,326757.0
2019-10-31 00:00:00+09:00,6920.0,7320.0,6780.0,7230.0,1716207.0
2019-11-01 00:00:00+09:00,7200.0,7270.0,6920.0,7060.0,784512.0
2019-11-04 00:00:00+09:00,7120.0,7550.0,7060.0,7300.0,1073495.0
2019-11-05 00:00:00+09:00,7380.0,7610.0,7260.0,7360.0,713376.0
2019-11-06 00:00:00+09:00,7330.0,7500.0,7040.0,7120.0,639938.0
2019-11-07 00:00:00+09:00,7150.0,7150.0,6800.0,6900.0,501736.0
2019-11-08 00:00:00+09:00,6990.0,7100.0,6920.0,6930.0,288298.0
2019-11-11 00:00:00+09:00,6930.0,6980.0,6790.0,6840.0,219765.0
2019-11-12 00:00:00+09:00,6820.0,7130.0,6760.0,7090.0,298174.0
2019-11-13 00:00:00+09:00,7060.0,7360.0,6970.0,7070.0,660356.0
2019-11-14 00:00:00+09:00,7050.0,7160.0,6810.0,6930.0,332082.0
2019-11-15 00:00:00+09:00,6850.0,6880.0,6640.0,6740.0,511955.0
2019-11-18 00:00:00+09:00,6860.0,7160.0,6740.0,7140.0,572098.0
2019-11-19 00:00:00+09:00,7220.0,7250.0,6920.0,6950.0,381293.0
2019-11-20 00:00:00+09:00,6980.0,7050.0,6690.0,6700.0,387757.0
2019-11-21 00:00:00+09:00,6670.0,6770.0,6580.0,6660.0,254611.0
2019-11-22 00:00:00+09:00,6800.0,6920.0,6580.0,6800.0,410900.0
2019-11-25 00:00:00+09:00,6880.0,6930.0,6700.0,6830.0,213630.0
2019-11-26 00:00:00+09:00,6850.0,6870.0,6740.0,6800.0,166896.0
2019-11-27 00:00:00+09:00,6830.0,6850.0,6580.0,6580.0,249938.0
2019-11-28 00:00:00+09:00,6610.0,6680.0,6410.0,6410.0,222224.0
2019-11-29 00:00:00+09:00,6410.0,6550.0,6330.0,6520.0,164468.0
2019-12-02 00:00:00+09:00,6590.0,6650.0,6460.0,6500.0,164182.0
2019-12-03 00:00:00+09:00,6420.0,6600.0,6350.0,6560.0,135799.0
2019-12-04 00:00:00+09:00,6500.0,6510.0,6350.0,6380.0,809945.0
2019-12-05 00:00:00+09:00,6500.0,6520.0,6180.0,6200.0,267689.0
2019-12-06 00:00:00+09:00,6280.0,6660.0,6280.0,6480.0,759791.0
2019-12-09 00:00:00+09:00,6480.0,6600.0,6460.0,6530.0,249674.0
2019-12-10 00:00:00+09:00,6730.0,6810.0,6510.0,6530.0,538725.0
2019-12-11 00:00:00+09:00,6580.0,7170.0,6530.0,7000.0,1751470.0
2019-12-12 00:00:00+09:00,6950.0,7130.0,6940.0,7030.0,451209.0
2019-12-13 00:00:00+09:00,7150.0,7150.0,7000.0,7080.0,295949.0
2019-12-16 00:00:00+09:00,7080.0,7410.0,7020.0,7330.0,735608.0
2019-12-17 00:00:00+09:00,7330.0,7440.0,7200.0,7300.0,415921.0
2019-12-18 00:00:00+09:00,7230.0,7240.0,6970.0,7080.0,580723.0
2019-12-19 00:00:00+09:00,7130.0,7200.0,7040.0,7150.0,203952.0
2019-12-20 00:00:00+09:00,7120.0,7180.0,7000.0,7010.0,267422.0
2019-12-23 00:00:00+09:00,7010.0,7050.0,6750.0,6850.0,304898.0
2019-12-24 00:00:00+09:00,6840.0,6970.0,6790.0,6840.0,299737.0
2019-12-26 00:00:00+09:00,6850.0,6930.0,6750.0,6820.0,303297.0
2019-12-27 00:00:00+09:00,6870.0,7200.0,6850.0,7180.0,521234.0
2019-12-30 00:00:00+09:00,7190.0,7450.0,7180.0,7210.0,656239.0
2020-01-02 00:00:00+09:00,7280.0,7480.0,7250.0,7380.0,484532.0
2020-01-03 00:00:00+09:00,7460.0,7800.0,7440.0,7540.0,1285101.0
2020-01-06 00:00:00+09:00,7430.0,7610.0,7340.0,7560.0,645819.0
2020-01-07 00:00:00+09:00,7750.0,7810.0,7420.0,7450.0,687734.0
2020-01-08 00:00:00+09:00,7350.0,7450.0,7080.0,7130.0,745488.0
2020-01-09 00:00:00+09:00,7380.0,7740.0,7370.0,7700.0,923244.0
2020-01-10 00:00:00+09:00,7770.0,8010.0,7670.0,7800.0,916030.0
2020-01-13 00:00:00+09:00,7770.0,7900.0,7420.0,7580.0,1079606.0
2020-01-14 00:00:00+09:00,7660.0,7750.0,7370.0,7440.0,957212.0
2020-01-15 00:00:00+09:00,7440.0,7460.0,7330.0,7450.0,467551.0
2020-01-16 00:00:00+09:00,7450.0,7550.0,7290.0,7400.0,793562.0
2020-01-17 00:00:00+09:00,7420.0,7470.0,7290.0,7400.0,576792.0
2020-01-20 00:00:00+09:00,7370.0,7820.0,7300.0,7600.0,1413521.0
2020-01-21 00:00:00+09:00,7570.0,7610.0,7350.0,7430.0,614693.0
2020-01-22 00:00:00+09:00,7470.0,7730.0,7390.0,7610.0,739975.0
2020-01-23 00:00:00+09:00,7680.0,7820.0,7560.0,7690.0,722272.0
2020-01-28 00:00:00+09:00,7100.0,7500.0,7050.0,7370.0,937162.0
2020-01-29 00:00:00+09:00,7380.0,7560.0,7300.0,7500.0,562231.0
2020-01-30 00:00:00+09:00,7570.0,7810.0,7440.0,7600.0,1324884.0
2020-01-31 00:00:00+09:00,7580.0,7700.0,7150.0,7300.0,702706.0
2020-02-03 00:00:00+09:00,7110.0,7360.0,6840.0,7300.0,756433.0
2020-02-04 00:00:00+09:00,7600.0,8540.0,7520.0,8360.0,6027206.0
2020-02-05 00:00:00+09:00,8700.0,8790.0,8310.0,8620.0,2850975.0
2020-02-06 00:00:00+09:00,8400.0,8760.0,8380.0,8690.0,1348855.0
2020-02-07 00:00:00+09:00,8710.0,9480.0,8630.0,9180.0,3118184.0
2020-02-10 00:00:00+09:00,9120.0,9330.0,9050.0,9190.0,1129032.0
2020-02-11 00:00:00+09:00,9270.0,10300.0,9190.0,10200.0,4189472.0
2020-02-12 00:00:00+09:00,10150.0,11400.0,10000.0,11000.0,3122411.0
2020-02-13 00:00:00+09:00,11150.0,11650.0,10700.0,11500.0,1964101.0
2020-02-14 00:00:00+09:00,11400.0,11750.0,11200.0,11600.0,1189932.0
2020-02-17 00:00:00+09:00,11300.0,12250.0,11100.0,11900.0,1629237.0
2020-02-18 00:00:00+09:00,11800.0,12200.0,11600.0,11800.0,1013035.0
2020-02-19 00:00:00+09:00,12250.0,12500.0,11050.0,11450.0,2130730.0
2020-02-20 00:00:00+09:00,11550.0,12500.0,11250.0,12500.0,2105924.0
2020-02-21 00:00:00+09:00,12050.0,12550.0,11450.0,11550.0,1791486.0
2020-02-24 00:00:00+09:00,10850.0,11950.0,10850.0,11700.0,2250460.0
2020-02-25 00:00:00+09:00,11700.0,12200.0,11150.0,12200.0,1940345.0
2020-02-26 00:00:00+09:00,11800.0,12100.0,11050.0,11050.0,2973536.0
2020-02-27 00:00:00+09:00,10100.0,10850.0,9500.0,9720.0,4679463.0
2020-02-28 00:00:00+09:00,9500.0,9630.0,8670.0,9000.0,2672179.0
2020-03-02 00:00:00+09:00,9250.0,10150.0,8970.0,9950.0,2684668.0
2020-03-03 00:00:00+09:00,10550.0,10650.0,9960.0,9990.0,1946108.0
2020-03-04 00:00:00+09:00,9780.0,10400.0,9780.0,10350.0,1087737.0
2020-03-05 00:00:00+09:00,10550.0,10600.0,9940.0,10150.0,1418817.0
2020-03-06 00:00:00+09:00,9920.0,10200.0,9880.0,10050.0,1022682.0
2020-03-09 00:00:00+09:00,9700.0,9840.0,9200.0,9390.0,1261897.0
2020-03-10 00:00:00+09:00,9220.0,9820.0,8900.0,9780.0,2029559.0
2020-03-11 00:00:00+09:00,9840.0,9860.0,9050.0,9180.0,1548971.0
2020-03-12 00:00:00+09:00,8980.0,9340.0,8680.0,8980.0,1703670.0
2020-03-13 00:00:00+09:00,8190.0,8820.0,7130.0,8340.0,2438247.0
2020-03-16 00:00:00+09:00,8400.0,8690.0,7500.0,7500.0,1431853.0
2020-03-17 00:00:00+09:00,6810.0,7840.0,6800.0,7520.0,1926273.0
2020-03-18 00:00:00+09:00,7650.0,7760.0,6510.0,6510.0,1483849.0
2020-03-19 00:00:00+09:00,6710.0,6780.0,4560.0,4810.0,3279697.0
2020-03-20 00:00:00+09:00,5250.0,5680.0,5050.0,5680.0,2218676.0
2020-03-23 00:00:00+09:00,5070.0,5580.0,4970.0,5160.0,1855251.0
2020-03-24 00:00:00+09:00,5450.0,5940.0,5320.0,5890.0,1724119.0
2020-03-25 00:00:00+09:00,6200.0,6490.0,6070.0,6440.0,1771816.0
2020-03-26 00:00:00+09:00,6490.0,7070.0,6210.0,6580.0,1912082.0
2020-03-27 00:00:00+09:00,6990.0,7080.0,6300.0,6700.0,1259078.0
2020-03-30 00:00:00+09:00,6400.0,6920.0,6340.0,6860.0,949150.0
2020-03-31 00:00:00+09:00,6980.0,7070.0,6680.0,6890.0,1065323.0
2020-04-01 00:00:00+09:00,6810.0,7270.0,6650.0,6740.0,1247470.0
2020-04-02 00:00:00+09:00,6750.0,6910.0,6450.0,6880.0,1029819.0
2020-04-03 00:00:00+09:00,7180.0,7250.0,6890.0,7070.0,1162681.0
2020-04-06 00:00:00+09:00,7100.0,7460.0,7000.0,7460.0,1191012.0
2020-04-07 00:00:00+09:00,7730.0,7980.0,7460.0,7780.0,1648856.0
2020-04-08 00:00:00+09:00,7800.0,9080.0,7660.0,8550.0,3428044.0
2020-04-09 00:00:00+09:00,8900.0,9300.0,8700.0,8820.0,1555101.0
2020-04-10 00:00:00+09:00,9020.0,9260.0,8360.0,9260.0,2216529.0
2020-04-13 00:00:00+09:00,9100.0,9320.0,8710.0,8760.0,1645119.0
2020-04-14 00:00:00+09:00,9200.0,9220.0,8900.0,8970.0,1227764.0
2020-04-16 00:00:00+09:00,8970.0,9830.0,8970.0,9760.0,2387334.0
2020-04-17 00:00:00+09:00,9900.0,10300.0,9830.0,9980.0,1939631.0
2020-04-20 00:00:00+09:00,10050.0,10150.0,9640.0,9840.0,1195622.0
2020-04-21 00:00:00+09:00,9710.0,10000.0,9000.0,9670.0,1808438.0
2020-04-22 00:00:00+09:00,9380.0,9670.0,9220.0,9670.0,880823.0
2020-04-23 00:00:00+09:00,9900.0,9930.0,9600.0,9620.0,754330.0
2020-04-24 00:00:00+09:00,9420.0,9600.0,9250.0,9300.0,744419.0
2020-04-27 00:00:00+09:00,9310.0,9520.0,9270.0,9350.0,603013.0
2020-04-28 00:00:00+09:00,9540.0,9630.0,9210.0,9350.0,821408.0
2020-04-29 00:00:00+09:00,9430.0,9620.0,9320.0,9620.0,777603.0
2020-05-04 00:00:00+09:00,9370.0,9670.0,9370.0,9490.0,555031.0
2020-05-06 00:00:00+09:00,9610.0,9620.0,9340.0,9480.0,473599.0
2020-05-07 00:00:00+09:00,9510.0,9870.0,9460.0,9840.0,1073185.0
2020-05-08 00:00:00+09:00,9910.0,10100.0,9740.0,10100.0,970698.0
2020-05-11 00:00:00+09:00,10150.0,10200.0,9800.0,9970.0,895551.0
2020-05-12 00:00:00+09:00,9980.0,9990.0,9530.0,9710.0,1055388.0
2020-05-13 00:00:00+09:00,9670.0,10750.0,9630.0,10400.0,4248507.0
2020-05-14 00:00:00+09:00,10400.0,11000.0,9960.0,10800.0,3094627.0
2020-05-15 00:00:00+09:00,11200.0,11200.0,10450.0,10700.0,1361554.0
2020-05-18 00:00:00+09:00,10850.0,11400.0,10550.0,11100.0,1653683.0
2020-05-19 00:00:00+09:00,11400.0,11600.0,11100.0,11550.0,1798700.0
2020-05-20 00:00:00+09:00,11650.0,12050.0,11550.0,12000.0,1461275.0
2020-05-21 00:00:00+09:00,12250.0,12350.0,11900.0,11950.0,2644259.0
2020-05-22 00:00:00+09:00,12000.0,12100.0,11450.0,11750.0,1535840.0
2020-05-25 00:00:00+09:00,12100.0,12750.0,11900.0,12750.0,3012054.0
2020-05-26 00:00:00+09:00,13050.0,13500.0,12600.0,12950.0,2379865.0
2020-05-27 00:00:00+09:00,12700.0,13100.0,12400.0,12600.0,1367133.0
2020-05-28 00:00:00+09:00,12700.0,12950.0,11700.0,12050.0,2181877.0
2020-05-29 00:00:00+09:00,11850.0,12300.0,11700.0,12100.0,1295240.0
2020-06-01 00:00:00+09:00,12200.0,12900.0,12150.0,12500.0,1852852.0
2020-06-02 00:00:00+09:00,12700.0,12950.0,12300.0,12400.0,928032.0
2020-06-03 00:00:00+09:00,12500.0,12600.0,11800.0,11950.0,1042890.0
2020-06-04 00:00:00+09:00,12100.0,12450.0,11950.0,12250.0,814103.0
2020-06-05 00:00:00+09:00,12300.0,12400.0,12000.0,12300.0,448219.0
2020-06-08 00:00:00+09:00,12500.0,12500.0,12150.0,12450.0,573456.0
2020-06-09 00:00:00+09:00,12650.0,12850.0,12100.0,12250.0,1084390.0
2020-06-10 00:00:00+09:00,12300.0,12350.0,12100.0,12300.0,475803.0
2020-06-11 00:00:00+09:00,12500.0,13250.0,12350.0,12600.0,2309940.0
2020-06-12 00:00:00+09:00,11800.0,12350.0,11700.0,12350.0,1679424.0
2020-06-15 00:00:00+09:00,12050.0,12150.0,10550.0,10700.0,1687189.0
2020-06-16 00:00:00+09:00,11250.0,11800.0,11050.0,11400.0,1073261.0
2020-06-17 00:00:00+09:00,11250.0,11900.0,11100.0,11600.0,983431.0
2020-06-18 00:00:00+09:00,11600.0,11750.0,11400.0,11600.0,579966.0
2020-06-19 00:00:00+09:00,11850.0,12000.0,11500.0,12000.0,928620.0
2020-06-22 00:00:00+09:00,11950.0,12250.0,11800.0,12000.0,730055.0
2020-06-23 00:00:00+09:00,12100.0,12600.0,12000.0,12250.0,1537411.0
2020-06-24 00:00:00+09:00,12400.0,12400.0,11950.0,12150.0,759931.0
2020-06-25 00:00:00+09:00,11850.0,12550.0,11800.0,12300.0,886686.0
2020-06-26 00:00:00+09:00,12800.0,13200.0,12450.0,12550.0,2016124.0
2020-06-29 00:00:00+09:00,12200.0,12400.0,11900.0,12100.0,813294.0
2020-06-30 00:00:00+09:00,12350.0,12350.0,11800.0,11950.0,528969.0
2020-07-01 00:00:00+09:00,12200.0,12750.0,11900.0,12000.0,1133792.0
2020-07-02 00:00:00+09:00,12550.0,14200.0,12350.0,14000.0,7800521.0
2020-07-03 00:00:00+09:00,14050.0,14500.0,13700.0,13900.0,2777101.0
2020-07-06 00:00:00+09:00,14050.0,14650.0,13700.0,14400.0,1910684.0
2020-07-07 00:00:00+09:00,14700.0,14950.0,13900.0,14500.0,2125481.0
2020-07-08 00:00:00+09:00,14400.0,14600.0,13950.0,14400.0,945927.0
2020-07-09 00:00:00+09:00,14450.0,15200.0,14100.0,15000.0,1381547.0
2020-07-10 00:00:00+09:00,14800.0,15200.0,14150.0,14350.0,1189688.0
2020-07-13 00:00:00+09:00,14550.0,14550.0,14150.0,14450.0,553361.0
2020-07-14 00:00:00+09:00,14150.0,14400.0,13850.0,14200.0,757233.0
2020-07-15 00:00:00+09:00,14350.0,14400.0,13750.0,13950.0,808218.0
2020-07-16 00:00:00+09:00,14100.0,14600.0,13900.0,14000.0,1271471.0
2020-07-17 00:00:00+09:00,14050.0,14150.0,13750.0,14000.0,417706.0
2020-07-20 00:00:00+09:00,14000.0,14050.0,13600.0,14000.0,505058.0
2020-07-21 00:00:00+09:00,14300.0,14350.0,13900.0,14100.0,581934.0
2020-07-22 00:00:00+09:00,14000.0,14500.0,13800.0,14500.0,667443.0
2020-07-23 00:00:00+09:00,14500.0,14600.0,14150.0,14300.0,746289.0
2020-07-24 00:00:00+09:00,14050.0,14250.0,13500.0,13900.0,871351.0
2020-07-27 00:00:00+09:00,13900.0,14350.0,13800.0,14200.0,750628.0
2020-07-28 00:00:00+09:00,14400.0,15200.0,14350.0,15200.0,2237247.0
2020-07-29 00:00:00+09:00,15000.0,15100.0,14650.0,14750.0,779275.0
2020-07-30 00:00:00+09:00,14800.0,14900.0,14300.0,14700.0,529859.0
2020-07-31 00:00:00+09:00,14750.0,15300.0,14550.0,14550.0,1127974.0
2020-08-03 00:00:00+09:00,14800.0,16200.0,14750.0,15850.0,2622850.0
2020-08-04 00:00:00+09:00,16000.0,16150.0,15450.0,15700.0,964986.0
2020-08-05 00:00:00+09:00,15750.0,16450.0,15700.0,16250.0,962901.0
2020-08-06 00:00:00+09:00,16350.0,16750.0,15950.0,16250.0,918759.0
2020-08-07 00:00:00+09:00,16400.0,16850.0,16200.0,16400.0,1225069.0
2020-08-10 00:00:00+09:00,16550.0,17650.0,16200.0,17400.0,1469059.0
2020-08-11 00:00:00+09:00,17600.0,17700.0,16800.0,17100.0,886287.0
2020-08-12 00:00:00+09:00,16900.0,17350.0,16550.0,17300.0,729564.0
2020-08-13 00:00:00+09:00,17600.0,17850.0,16700.0,17050.0,890263.0
2020-08-14 00:00:00+09:00,17000.0,17050.0,16350.0,16650.0,926780.0
2020-08-18 00:00:00+09:00,17300.0,17850.0,16350.0,17000.0,2335100.0
2020-08-19 00:00:00+09:00,17500.0,18250.0,17100.0,18250.0,1245851.0
2020-08-20 00:00:00+09:00,18000.0,18900.0,17400.0,17650.0,1900315.0
2020-08-21 00:00:00+09:00,18150.0,18800.0,17450.0,18500.0,1421668.0
2020-08-24 00:00:00+09:00,18150.0,19350.0,18050.0,19050.0,1192788.0
2020-08-25 00:00:00+09:00,19100.0,19450.0,18850.0,19200.0,726894.0
2020-08-26 00:00:00+09:00,19250.0,20300.0,19100.0,20000.0,1273576.0
2020-08-27 00:00:00+09:00,20000.0,22900.0,19850.0,21250.0,2511617.0
2020-08-28 00:00:00+09:00,21050.0,22100.0,21000.0,21500.0,1024545.0
2020-08-31 00:00:00+09:00,21950.0,24400.0,21500.0,24100.0,1908213.0
2020-09-01 00:00:00+09:00,23850.0,24150.0,22400.0,23100.0,1681614.0
2020-09-02 00:00:00+09:00,23150.0,23550.0,21800.0,23550.0,1263543.0
2020-09-03 00:00:00+09:00,23700.0,25100.0,23600.0,24000.0,1081364.0
2020-09-04 00:00:00+09:00,22400.0,24500.0,22400.0,24100.0,1111696.0
2020-09-07 00:00:00+09:00,24350.0,24400.0,23200.0,23400.0,768842.0
2020-09-08 00:00:00+09:00,23400.0,23650.0,22250.0,23400.0,1032197.0
2020-09-09 00:00:00+09:00,22700.0,23400.0,22650.0,23100.0,531759.0
2020-09-10 00:00:00+09:00,23500.0,23700.0,22500.0,23350.0,832984.0
2020-09-11 00:00:00+09:00,23050.0,23250.0,22700.0,23150.0,324334.0
2020-09-14 00:00:00+09:00,23950.0,26300.0,23450.0,26100.0,3001508.0
2020-09-15 00:00:00+09:00,26200.0,26750.0,25500.0,26300.0,1060827.0
2020-09-16 00:00:00+09:00,26200.0,26650.0,25150.0,25300.0,781327.0
2020-09-17 00:00:00+09:00,24950.0,26450.0,24750.0,25650.0,977613.0
2020-09-18 00:00:00+09:00,25750.0,26350.0,25350.0,25950.0,526314.0
2020-09-21 00:00:00+09:00,26000.0,26500.0,24550.0,25400.0,667313.0
2020-09-22 00:00:00+09:00,25100.0,26050.0,24600.0,25450.0,965452.0
2020-09-23 00:00:00+09:00,26200.0,26550.0,23400.0,23700.0,1585845.0
2020-09-24 00:00:00+09:00,22500.0,22950.0,20450.0,21400.0,2330805.0
2020-09-25 00:00:00+09:00,21900.0,22150.0,20450.0,21300.0,1317964.0
2020-09-28 00:00:00+09:00,21700.0,23350.0,21500.0,23350.0,933883.0
2020-09-29 00:00:00+09:00,24150.0,24500.0,23450.0,24050.0,689061.0
2020-10-05 00:00:00+09:00,23750.0,24300.0,23400.0,23950.0,424951.0
2020-10-06 00:00:00+09:00,24150.0,24300.0,23500.0,23650.0,319710.0
2020-10-07 00:00:00+09:00,23300.0,23650.0,22750.0,23150.0,474385.0
2020-10-08 00:00:00+09:00,23350.0,23500.0,22300.0,22800.0,590796.0
2020-10-12 00:00:00+09:00,22800.0,22900.0,22000.0,22100.0,624488.0
2020-10-13 00:00:00+09:00,22350.0,22350.0,21200.0,21800.0,857324.0
2020-10-14 00:00:00+09:00,21850.0,22200.0,21100.0,21350.0,568042.0
2020-10-15 00:00:00+09:00,21400.0,21500.0,20200.0,20800.0,900760.0
2020-10-16 00:00:00+09:00,20950.0,21400.0,19750.0,20550.0,1041630.0
2020-10-19 00:00:00+09:00,20600.0,20600.0,18900.0,19100.0,1250591.0
2020-10-20 00:00:00+09:00,19050.0,20200.0,18950.0,20150.0,1228850.0
2020-10-21 00:00:00+09:00,20000.0,20050.0,19450.0,19650.0,476869.0
2020-10-22 00:00:00+09:00,19700.0,20100.0,18450.0,18700.0,921814.0
2020-10-23 00:00:00+09:00,19100.0,19200.0,18650.0,18750.0,543010.0
2020-10-26 00:00:00+09:00,18750.0,18800.0,17850.0,18150.0,870928.0
2020-10-27 00:00:00+09:00,18000.0,19000.0,17950.0,18450.0,766857.0
2020-10-28 00:00:00+09:00,18200.0,19250.0,18200.0,19250.0,579347.0
2020-10-29 00:00:00+09:00,18850.0,19250.0,18450.0,19250.0,587033.0
2020-10-30 00:00:00+09:00,19200.0,20300.0,18850.0,19350.0,724712.0
2020-11-02 00:00:00+09:00,19500.0,20200.0,19350.0,20200.0,464171.0
2020-11-03 00:00:00+09:00,20500.0,21950.0,20500.0,21850.0,1054756.0
2020-11-04 00:00:00+09:00,22100.0,22550.0,21500.0,21800.0,855371.0
2020-11-05 00:00:00+09:00,22200.0,22600.0,21850.0,22200.0,640714.0
2020-11-06 00:00:00+09:00,22750.0,23600.0,22400.0,22650.0,956070.0
2020-11-09 00:00:00+09:00,23800.0,23800.0,23200.0,23300.0,582679.0
2020-11-10 00:00:00+09:00,22650.0,23300.0,22350.0,22850.0,495143.0
2020-11-11 00:00:00+09:00,22650.0,22800.0,22050.0,22300.0,429634.0
2020-11-12 00:00:00+09:00,22400.0,22900.0,22400.0,22600.0,282702.0
2020-11-13 00:00:00+09:00,22400.0,22800.0,21500.0,22800.0,512369.0
2020-11-16 00:00:00+09:00,22500.0,22500.0,21850.0,22250.0,488565.0
2020-11-17 00:00:00+09:00,22450.0,22900.0,22050.0,22400.0,389509.0
2020-11-18 00:00:00+09:00,22600.0,22750.0,22200.0,22450.0,298018.0
2020-11-19 00:00:00+09:00,22600.0,22950.0,22200.0,22850.0,412177.0
2020-11-20 00:00:00+09:00,22900.0,23250.0,22600.0,23250.0,371844.0
2020-11-23 00:00:00+09:00,23500.0,23600.0,22950.0,23000.0,414566.0
2020-11-24 00:00:00+09:00,23400.0,24250.0,23050.0,23500.0,1017724.0
2020-11-25 00:00:00+09:00,23850.0,24050.0,22400.0,22800.0,753884.0
2020-11-26 00:00:00+09:00,22600.0,23100.0,22400.0,23050.0,280191.0
2020-11-27 00:00:00+09:00,23150.0,23650.0,22900.0,23600.0,505018.0
2020-11-30 00:00:00+09:00,23700.0,23800.0,23150.0,23500.0,404226.0
2020-12-01 00:00:00+09:00,23500.0,23700.0,23250.0,23350.0,273227.0
2020-12-02 00:00:00+09:00,23550.0,23550.0,23000.0,23050.0,387985.0
2020-12-03 00:00:00+09:00,23000.0,23100.0,22400.0,22500.0,478742.0
2020-12-04 00:00:00+09:00,22500.0,22900.0,21750.0,22900.0,575757.0
2020-12-07 00:00:00+09:00,23000.0,23250.0,22600.0,23050.0,383086.0
2020-12-08 00:00:00+09:00,23200.0,24200.0,23200.0,23400.0,900281.0
2020-12-09 00:00:00+09:00,23700.0,24000.0,23550.0,23600.0,444706.0
2020-12-10 00:00:00+09:00,23300.0,23700.0,23100.0,23350.0,740692.0
2020-12-11 00:00:00+09:00,23600.0,23900.0,23100.0,23900.0,452638.0
2020-12-14 00:00:00+09:00,23700.0,23900.0,23300.0,23500.0,304081.0
2020-12-15 00:00:00+09:00,23650.0,23750.0,23250.0,23600.0,244053.0
2020-12-16 00:00:00+09:00,23650.0,24800.0,23450.0,24400.0,1123014.0
2020-12-17 00:00:00+09:00,24500.0,24900.0,24150.0,24500.0,585058.0
2020-12-18 00:00:00+09:00,24700.0,25200.0,24150.0,24300.0,610664.0
2020-12-21 00:00:00+09:00,24200.0,24250.0,22550.0,23850.0,619146.0
2020-12-22 00:00:00+09:00,23900.0,24000.0,23000.0,23050.0,431975.0
2020-12-23 00:00:00+09:00,23050.0,23400.0,22450.0,23350.0,513154.0
2020-12-24 00:00:00+09:00,23350.0,23450.0,23100.0,23150.0,453137.0
2020-12-28 00:00:00+09:00,23250.0,24100.0,23150.0,23600.0,807117.0
2020-12-29 00:00:00+09:00,23850.0,24550.0,23600.0,24350.0,817363.0
2020-12-30 00:00:00+09:00,24200.0,24600.0,23950.0,24450.0,502400.0
2021-01-04 00:00:00+09:00,24550.0,25650.0,24100.0,25450.0,1158360.0
2021-01-05 00:00:00+09:00,25500.0,26000.0,24800.0,25300.0,852647.0
2021-01-06 00:00:00+09:00,25500.0,25750.0,24750.0,25050.0,737696.0
2021-01-07 00:00:00+09:00,25200.0,27550.0,25100.0,27250.0,1833630.0
2021-01-08 00:00:00+09:00,28050.0,29250.0,26950.0,27300.0,1895373.0
2021-01-11 00:00:00+09:00,27800.0,28600.0,26100.0,27400.0,1353265.0
2021-01-12 00:00:00+09:00,27000.0,27300.0,25800.0,26950.0,753235.0
2021-01-13 00:00:00+09:00,26950.0,27600.0,26600.0,26600.0,539014.0
2021-01-14 00:00:00+09:00,26600.0,27050.0,26450.0,27000.0,399550.0
2021-01-15 00:00:00+09:00,27250.0,27300.0,26550.0,26800.0,357245.0
2021-01-18 00:00:00+09:00,26400.0,26600.0,25800.0,26050.0,504365.0
2021-01-19 00:00:00+09:00,26300.0,27100.0,25900.0,27100.0,543935.0
2021-01-20 00:00:00+09:00,27450.0,27600.0,26700.0,27150.0,470474.0
2021-01-21 00:00:00+09:00,27350.0,28700.0,27150.0,28000.0,938769.0
2021-01-22 00:00:00+09:00,27800.0,27850.0,27000.0,27200.0,584864.0
2021-01-25 00:00:00+09:00,27350.0,27700.0,27050.0,27600.0,371460.0
2021-01-26 00:00:00+09:00,27750.0,27850.0,27100.0,27550.0,318686.0
2021-01-27 00:00:00+09:00,27650.0,27850.0,26800.0,26850.0,348107.0
2021-01-28 00:00:00+09:00,25850.0,26700.0,25800.0,26300.0,428667.0
2021-01-29 00:00:00+09:00,26600.0,26800.0,24050.0,24500.0,799797.0
2021-02-01 00:00:00+09:00,24250.0,25600.0,23700.0,25550.0,516619.0
2021-02-02 00:00:00+09:00,25900.0,26400.0,25400.0,25600.0,362508.0
2021-02-03 00:00:00+09:00,25800.0,26200.0,25500.0,25800.0,334268.0
2021-02-04 00:00:00+09:00,25800.0,25850.0,24800.0,25500.0,309136.0
2021-02-05 00:00:00+09:00,25550.0,25600.0,25000.0,25200.0,250475.0
2021-02-08 00:00:00+09:00,25200.0,25450.0,24800.0,25300.0,188862.0
2021-02-09 00:00:00+09:00,25650.0,25650.0,25100.0,25200.0,143621.0
2021-02-10 00:00:00+09:00,25100.0,25450.0,24750.0,25450.0,227421.0
2021-02-15 00:00:00+09:00,25450.0,25500.0,24950.0,25200.0,286545.0
2021-02-16 00:00:00+09:00,25300.0,25300.0,24750.0,24800.0,318122.0
2021-02-17 00:00:00+09:00,24750.0,24800.0,23850.0,24100.0,548853.0
2021-02-18 00:00:00+09:00,23800.0,23900.0,23050.0,23500.0,743592.0
2021-02-19 00:00:00+09:00,23550.0,25100.0,23000.0,25100.0,507897.0
2021-02-22 00:00:00+09:00,25200.0,25250.0,24450.0,24650.0,388083.0
2021-02-23 00:00:00+09:00,24150.0,26750.0,23850.0,25950.0,1331498.0
2021-02-24 00:00:00+09:00,25950.0,26150.0,24500.0,25000.0,588327.0
2021-02-25 00:00:00+09:00,25900.0,26200.0,25350.0,26000.0,617923.0
2021-02-26 00:00:00+09:00,25100.0,26350.0,25050.0,25800.0,549934.0
2021-03-02 00:00:00+09:00,26550.0,26700.0,24500.0,25250.0,602278.0
2021-03-03 00:00:00+09:00,24850.0,25200.0,24450.0,25200.0,322370.0
2021-03-04 00:00:00+09:00,25100.0,25800.0,24950.0,25300.0,268420.0
2021-03-05 00:00:00+09:00,24850.0,25200.0,24300.0,25050.0,295323.0
2021-03-08 00:00:00+09:00,25200.0,25200.0,24100.0,24400.0,372730.0
2021-03-09 00:00:00+09:00,24100.0,24350.0,23300.0,23900.0,317748.0
2021-03-10 00:00:00+09:00,24600.0,24700.0,23450.0,23700.0,207961.0
2021-03-11 00:00:00+09:00,23800.0,24600.0,23800.0,24350.0,213812.0
2021-03-12 00:00:00+09:00,24500.0,24700.0,24250.0,24650.0,232037.0
2021-03-15 00:00:00+09:00,24650.0,24650.0,24200.0,24600.0,152738.0
2021-03-16 00:00:00+09:00,24650.0,24700.0,24150.0,24500.0,249218.0
2021-03-17 00:00:00+09:00,24200.0,24250.0,23650.0,23950.0,261800.0
2021-03-18 00:00:00+09:00,24150.0,24200.0,23800.0,23850.0,176747.0
2021-03-19 00:00:00+09:00,23300.0,24000.0,23300.0,23750.0,135852.0
2021-03-22 00:00:00+09:00,23750.0,23800.0,23100.0,23250.0,223840.0
2021-03-23 00:00:00+09:00,23450.0,23500.0,22400.0,22500.0,344880.0
2021-03-24 00:00:00+09:00,22150.0,23150.0,21950.0,22600.0,272053.0
2021-03-25 00:00:00+09:00,22600.0,23500.0,22350.0,23150.0,238799.0
2021-03-26 00:00:00+09:00,23300.0,23400.0,22800.0,23250.0,145155.0
2021-03-29 00:00:00+09:00,23300.0,23700.0,22900.0,23600.0,216565.0
2021-03-30 00:00:00+09:00,23450.0,23700.0,23400.0,23550.0,141204.0
2021-03-31 00:00:00+09:00,23500.0,23650.0,23150.0,23300.0,132503.0
2021-04-01 00:00:00+09:00,23600.0,23950.0,23300.0,23900.0,181330.0
2021-04-02 00:00:00+09:00,24250.0,24250.0,23850.0,24100.0,170052.0
2021-04-05 00:00:00+09:00,24200.0,24250.0,23600.0,23800.0,143457.0
2021-04-06 00:00:00+09:00,24000.0,24050.0,23550.0,23600.0,110181.0
2021-04-07 00:00:00+09:00,23750.0,24700.0,23500.0,24200.0,267423.0
2021-04-08 00:00:00+09:00,24200.0,24300.0,24050.0,24150.0,109053.0
2021-04-09 00:00:00+09:00,24250.0,24450.0,23950.0,23950.0,100637.0
2021-04-12 00:00:00+09:00,24800.0,24800.0,24200.0,24250.0,298112.0
2021-04-13 00:00:00+09:00,24350.0,24550.0,24150.0,24200.0,166835.0
2021-04-14 00:00:00+09:00,24300.0,24300.0,23900.0,24200.0,177235.0
2021-04-15 00:00:00+09:00,24200.0,24650.0,24050.0,24250.0,174818.0
2021-04-16 00:00:00+09:00,24400.0,24450.0,24000.0,24250.0,158976.0
2021-04-19 00:00:00+09:00,24300.0,25000.0,24200.0,25000.0,350305.0
2021-04-20 00:00:00+09:00,25050.0,25200.0,24900.0,25150.0,218724.0
2021-04-21 00:00:00+09:00,25200.0,25450.0,24900.0,24900.0,212499.0
2021-04-22 00:00:00+09:00,25200.0,26200.0,25100.0,25700.0,539855.0
2021-04-23 00:00:00+09:00,25600.0,25600.0,25150.0,25250.0,243737.0
2021-04-26 00:00:00+09:00,25550.0,25550.0,24800.0,25000.0,219233.0
2021-04-27 00:00:00+09:00,25050.0,25150.0,24400.0,24500.0,250970.0
2021-04-28 00:00:00+09:00,24450.0,24500.0,23150.0,24000.0,384496.0
2021-04-29 00:00:00+09:00,24100.0,24300.0,23350.0,23700.0,183912.0
2021-04-30 00:00:00+09:00,23550.0,23950.0,23350.0,23850.0,179520.0
2021-05-03 00:00:00+09:00,23650.0,23700.0,23100.0,23300.0,213604.0
2021-05-04 00:00:00+09:00,23300.0,23300.0,22400.0,23100.0,245883.0
2021-05-06 00:00:00+09:00,22800.0,23100.0,22700.0,22950.0,192027.0
2021-05-07 00:00:00+09:00,23000.0,23800.0,23000.0,23100.0,166594.0
2021-05-10 00:00:00+09:00,23250.0,23400.0,22950.0,23250.0,167737.0
2021-05-11 00:00:00+09:00,23050.0,23200.0,22500.0,22650.0,221617.0
2021-05-12 00:00:00+09:00,22650.0,22750.0,21850.0,22250.0,275906.0
2021-05-13 00:00:00+09:00,21500.0,22000.0,21050.0,21100.0,327758.0
2021-05-14 00:00:00+09:00,21300.0,21700.0,21100.0,21550.0,142020.0
2021-05-17 00:00:00+09:00,21500.0,21650.0,21050.0,21100.0,158256.0
2021-05-18 00:00:00+09:00,21000.0,21500.0,20900.0,21100.0,128999.0
2021-05-20 00:00:00+09:00,21200.0,21750.0,20850.0,21550.0,157636.0
2021-05-21 00:00:00+09:00,21800.0,21900.0,21100.0,21200.0,198920.0
2021-05-24 00:00:00+09:00,21300.0,21300.0,20350.0,20350.0,297360.0
2021-05-25 00:00:00+09:00,20650.0,20900.0,20550.0,20750.0,108252.0
2021-05-26 00:00:00+09:00,21000.0,22100.0,21000.0,21400.0,282789.0
2021-05-27 00:00:00+09:00,21400.0,21900.0,21250.0,21900.0,143798.0
2021-05-28 00:00:00+09:00,21900.0,21950.0,21450.0,21750.0,139440.0
2021-05-31 00:00:00+09:00,22000.0,22050.0,21600.0,21750.0,152844.0
2021-06-01 00:00:00+09:00,21700.0,22050.0,21600.0,22050.0,108581.0
2021-06-02 00:00:00+09:00,22450.0,22850.0,22350.0,22600.0,274580.0
2021-06-03 00:00:00+09:00,22600.0,22800.0,22300.0,22600.0,152876.0
2021-06-04 00:00:00+09:00,22350.0,22650.0,22200.0,22350.0,117243.0
2021-06-07 00:00:00+09:00,22400.0,22450.0,21800.0,22050.0,138587.0
2021-06-08 00:00:00+09:00,22200.0,22550.0,22100.0,22300.0,132478.0
2021-06-09 00:00:00+09:00,22200.0,22250.0,21700.0,21750.0,126841.0
2021-06-10 00:00:00+09:00,21800.0,22650.0,21750.0,22650.0,242543.0
2021-06-11 00:00:00+09:00,22700.0,22800.0,22100.0,22100.0,364206.0
2021-06-14 00:00:00+09:00,22350.0,22550.0,22100.0,22350.0,156342.0
2021-06-15 00:00:00+09:00,22350.0,22400.0,21950.0,22150.0,136249.0
2021-06-16 00:00:00+09:00,21950.0,22200.0,21850.0,22000.0,112785.0
2021-06-17 00:00:00+09:00,21900.0,22400.0,21800.0,22300.0,146690.0
2021-06-18 00:00:00+09:00,22400.0,22750.0,22350.0,22650.0,187418.0
2021-06-21 00:00:00+09:00,22350.0,22450.0,22000.0,22200.0,133077.0
2021-06-22 00:00:00+09:00,22350.0,22550.0,22150.0,22450.0,116592.0
2021-06-23 00:00:00+09:00,22350.0,24250.0,22350.0,24100.0,995314.0
2021-06-24 00:00:00+09:00,24150.0,24350.0,23900.0,24200.0,338430.0
2021-06-25 00:00:00+09:00,24350.0,24350.0,23750.0,23800.0,211452.0
2021-06-28 00:00:00+09:00,23900.0,24100.0,23500.0,24050.0,138459.0
2021-06-29 00:00:00+09:00,24350.0,24850.0,24050.0,24300.0,341769.0
2021-06-30 00:00:00+09:00,24250.0,24550.0,24100.0,24300.0,148127.0
2021-07-01 00:00:00+09:00,24350.0,24350.0,23850.0,23950.0,162675.0
2021-07-02 00:00:00+09:00,24300.0,24300.0,23650.0,23850.0,126621.0
2021-07-05 00:00:00+09:00,24000.0,24250.0,23650.0,24150.0,187060.0
2021-07-06 00:00:00+09:00,24250.0,24250.0,23850.0,23950.0,131822.0
2021-07-07 00:00:00+09:00,23850.0,24750.0,23750.0,24000.0,353766.0
2021-07-08 00:00:00+09:00,24100.0,24500.0,23450.0,23800.0,422978.0
2021-07-09 00:00:00+09:00,23550.0,23950.0,23100.0,23950.0,320306.0
2021-07-12 00:00:00+09:00,24000.0,24150.0,23500.0,23900.0,222203.0
2021-07-13 00:00:00+09:00,23900.0,25200.0,23800.0,25200.0,912008.0
2021-07-14 00:00:00+09:00,24900.0,26350.0,24850.0,25850.0,897143.0
2021-07-15 00:00:00+09:00,26100.0,26250.0,25600.0,25800.0,487962.0
2021-07-16 00:00:00+09:00,25800.0,26700.0,25650.0,26650.0,625925.0
2021-07-19 00:00:00+09:00,26500.0,27050.0,26200.0,26600.0,503402.0
2021-07-20 00:00:00+09:00,26100.0,27100.0,26100.0,26500.0,482445.0
2021-07-21 00:00:00+09:00,26850.0,26850.0,25900.0,26600.0,371058.0
2021-07-22 00:00:00+09:00,26650.0,26850.0,25900.0,26050.0,314451.0
2021-07-23 00:00:00+09:00,26250.0,26550.0,25950.0,26350.0,205638.0
2021-07-26 00:00:00+09:00,26450.0,27300.0,26200.0,26700.0,515939.0
2021-07-27 00:00:00+09:00,27000.0,27150.0,26300.0,26700.0,255741.0
2021-07-28 00:00:00+09:00,26650.0,26850.0,25800.0,26350.0,303788.0
2021-07-29 00:00:00+09:00,26350.0,26900.0,26000.0,26700.0,287148.0
2021-07-30 00:00:00+09:00,26550.0,27000.0,26350.0,26550.0,312771.0
2021-08-02 00:00:00+09:00,26500.0,26700.0,26050.0,26650.0,155611.0
2021-08-03 00:00:00+09:00,26300.0,27000.0,26200.0,26500.0,211180.0
2021-08-04 00:00:00+09:00,26500.0,26600.0,26000.0,26450.0,194386.0
2021-08-05 00:00:00+09:00,26600.0,28250.0,26500.0,28000.0,999097.0
2021-08-06 00:00:00+09:00,28150.0,29050.0,27900.0,28100.0,617866.0
2021-08-09 00:00:00+09:00,28050.0,29400.0,27800.0,28800.0,679571.0
2021-08-10 00:00:00+09:00,29200.0,29200.0,27950.0,28600.0,371707.0
2021-08-11 00:00:00+09:00,28500.0,28850.0,27600.0,27750.0,311911.0
2021-08-12 00:00:00+09:00,27750.0,29550.0,27500.0,29450.0,793675.0
2021-08-13 00:00:00+09:00,29450.0,29600.0,28050.0,28800.0,718608.0
2021-08-17 00:00:00+09:00,28550.0,28650.0,26350.0,26800.0,920898.0
2021-08-18 00:00:00+09:00,26500.0,28050.0,26300.0,27700.0,519737.0
2021-08-19 00:00:00+09:00,27250.0,28350.0,27000.0,27050.0,501287.0
2021-08-20 00:00:00+09:00,27550.0,27850.0,26500.0,26850.0,438682.0
2021-08-23 00:00:00+09:00,27200.0,27500.0,26600.0,26800.0,340166.0
2021-08-24 00:00:00+09:00,26800.0,27400.0,25750.0,26400.0,513312.0
2021-08-25 00:00:00+09:00,26100.0,26750.0,26050.0,26600.0,241632.0
2021-08-26 00:00:00+09:00,26700.0,26700.0,25950.0,26200.0,238658.0
2021-08-27 00:00:00+09:00,25950.0,26500.0,25900.0,26150.0,203156.0
2021-08-30 00:00:00+09:00,26500.0,26550.0,25350.0,25750.0,363486.0
2021-08-31 00:00:00+09:00,25650.0,27400.0,25650.0,26900.0,588169.0
2021-09-01 00:00:00+09:00,26750.0,26950.0,26350.0,26700.0,271245.0
2021-09-02 00:00:00+09:00,26900.0,26900.0,25900.0,26350.0,285133.0
2021-09-03 00:00:00+09:00,26350.0,27200.0,26250.0,27000.0,337921.0
2021-09-06 00:00:00+09:00,27200.0,28400.0,27050.0,27650.0,726338.0
2021-09-07 00:00:00+09:00,27750.0,28200.0,27450.0,27700.0,354211.0
2021-09-08 00:00:00+09:00,28250.0,32450.0,28250.0,31500.0,6196545.0
2021-09-09 00:00:00+09:00,31400.0,33450.0,31300.0,32350.0,3146157.0
2021-09-10 00:00:00+09:00,32400.0,32900.0,31550.0,32350.0,1032983.0
2021-09-13 00:00:00+09:00,32200.0,33600.0,31750.0,32250.0,1191341.0
2021-09-14 00:00:00+09:00,32300.0,33150.0,31400.0,32500.0,809178.0
2021-09-15 00:00:00+09:00,32800.0,33250.0,31600.0,32300.0,533689.0
2021-09-16 00:00:00+09:00,32400.0,34450.0,32100.0,32350.0,1400323.0
2021-09-17 00:00:00+09:00,32750.0,33900.0,32100.0,33550.0,848614.0
2021-09-23 00:00:00+09:00,33100.0,33450.0,32200.0,32250.0,545768.0
2021-09-24 00:00:00+09:00,32550.0,33750.0,32300.0,32700.0,534745.0
2021-09-27 00:00:00+09:00,32600.0,33800.0,32600.0,33600.0,581326.0
2021-09-28 00:00:00+09:00,34350.0,34600.0,32050.0,32400.0,864188.0
2021-09-29 00:00:00+09:00,31450.0,32800.0,31300.0,32800.0,535465.0
2021-09-30 00:00:00+09:00,32450.0,33550.0,32000.0,33350.0,585482.0
2021-10-01 00:00:00+09:00,33200.0,33650.0,32400.0,32900.0,388336.0
2021-10-05 00:00:00+09:00,32650.0,33300.0,32150.0,32500.0,390805.0
2021-10-06 00:00:00+09:00,32950.0,34350.0,32300.0,32600.0,1265291.0
2021-10-07 00:00:00+09:00,33000.0,33650.0,31000.0,32700.0,853483.0
2021-10-08 00:00:00+09:00,32750.0,35000.0,32750.0,34450.0,2021248.0
2021-10-12 00:00:00+09:00,34400.0,35200.0,33900.0,34550.0,907251.0
2021-10-13 00:00:00+09:00,34700.0,36300.0,34150.0,35600.0,1029472.0
2021-10-14 00:00:00+09:00,36150.0,36300.0,35100.0,35450.0,629917.0
2021-10-15 00:00:00+09:00,35400.0,36200.0,34850.0,35550.0,537785.0
2021-10-18 00:00:00+09:00,35550.0,37450.0,35500.0,36450.0,1149505.0
2021-10-19 00:00:00+09:00,36450.0,38000.0,36200.0,37550.0,838760.0
2021-10-20 00:00:00+09:00,37800.0,38100.0,36950.0,37500.0,633820.0
2021-10-21 00:00:00+09:00,37900.0,38750.0,37000.0,37800.0,893209.0
2021-10-22 00:00:00+09:00,37900.0,38600.0,36350.0,37000.0,688073.0
2021-10-25 00:00:00+09:00,37000.0,37050.0,35400.0,36600.0,484418.0
2021-10-26 00:00:00+09:00,37150.0,37250.0,35400.0,35950.0,543765.0
2021-10-27 00:00:00+09:00,35950.0,36200.0,34750.0,35500.0,703119.0
2021-10-28 00:00:00+09:00,36050.0,36200.0,34600.0,34900.0,518893.0
2021-10-29 00:00:00+09:00,35000.0,35900.0,34150.0,34900.0,428881.0
2021-11-01 00:00:00+09:00,35250.0,35350.0,33400.0,34100.0,517681.0
2021-11-02 00:00:00+09:00,34050.0,34400.0,33450.0,34000.0,320846.0
2021-11-03 00:00:00+09:00,34000.0,34450.0,33650.0,34000.0,186459.0
2021-11-04 00:00:00+09:00,34300.0,35450.0,34100.0,35450.0,474581.0
2021-11-05 00:00:00+09:00,35600.0,35600.0,34550.0,35000.0,322242.0
2021-11-08 00:00:00+09:00,35000.0,36050.0,34550.0,36050.0,349004.0
2021-11-09 00:00:00+09:00,35950.0,39050.0,35750.0,39050.0,1186925.0
2021-11-10 00:00:00+09:00,38850.0,40300.0,38650.0,40100.0,949407.0
2021-11-11 00:00:00+09:00,39750.0,47700.0,39600.0,46950.0,2153301.0
2021-11-12 00:00:00+09:00,47000.0,48300.0,45750.0,48300.0,1014571.0
2021-11-15 00:00:00+09:00,47850.0,49700.0,47350.0,48550.0,669322.0
2021-11-16 00:00:00+09:00,47750.0,49600.0,47700.0,49000.0,528376.0
2021-11-17 00:00:00+09:00,49300.0,52400.0,48550.0,51000.0,946105.0
2021-11-18 00:00:00+09:00,52300.0,53900.0,50500.0,51300.0,957888.0
2021-11-19 00:00:00+09:00,50700.0,54600.0,50200.0,54200.0,951152.0
2021-11-22 00:00:00+09:00,54200.0,54300.0,45100.0,46000.0,2047239.0
2021-11-23 00:00:00+09:00,45300.0,47050.0,44850.0,45850.0,677420.0
2021-11-24 00:00:00+09:00,45500.0,46850.0,44100.0,46500.0,657288.0
2021-11-25 00:00:00+09:00,46300.0,49150.0,46250.0,46800.0,581310.0
2021-11-26 00:00:00+09:00,47150.0,47900.0,45750.0,46400.0,457496.0
2021-11-29 00:00:00+09:00,44150.0,47750.0,44000.0,46650.0,558612.0
2021-11-30 00:00:00+09:00,47450.0,49200.0,46700.0,47800.0,1127704.0
2021-12-01 00:00:00+09:00,47950.0,48250.0,45300.0,47750.0,628660.0
2021-12-02 00:00:00+09:00,46600.0,47450.0,44200.0,46600.0,664007.0
2021-12-03 00:00:00+09:00,46700.0,47100.0,45350.0,47100.0,318117.0
2021-12-06 00:00:00+09:00,46550.0,46550.0,45000.0,45850.0,288230.0
2021-12-07 00:00:00+09:00,45850.0,46350.0,44500.0,45850.0,416304.0
2021-12-08 00:00:00+09:00,46250.0,47550.0,45850.0,46250.0,411295.0
2021-12-09 00:00:00+09:00,46500.0,46700.0,45900.0,46550.0,219684.0
2021-12-10 00:00:00+09:00,46400.0,46450.0,44550.0,44650.0,554550.0
2021-12-13 00:00:00+09:00,44650.0,45200.0,44200.0,44600.0,235361.0
2021-12-14 00:00:00+09:00,44100.0,44600.0,43250.0,43550.0,269046.0
2021-12-15 00:00:00+09:00,43550.0,44250.0,42500.0,43800.0,314570.0
2021-12-16 00:00:00+09:00,44250.0,44850.0,43800.0,43850.0,149369.0
2021-12-17 00:00:00+09:00,43250.0,43600.0,42700.0,43300.0,182796.0
2021-12-20 00:00:00+09:00,42550.0,43150.0,42250.0,42500.0,185612.0
2021-12-21 00:00:00+09:00,42400.0,42800.0,40500.0,42800.0,377854.0
2021-12-22 00:00:00+09:00,43150.0,43650.0,42300.0,42350.0,146341.0
2021-12-23 00:00:00+09:00,42400.0,43700.0,42150.0,42450.0,299107.0
2021-12-24 00:00:00+09:00,42600.0,43300.0,42200.0,42700.0,331979.0
2021-12-27 00:00:00+09:00,42700.0,42850.0,41050.0,41200.0,365605.0
2021-12-28 00:00:00+09:00,41500.0,42450.0,41200.0,42050.0,680303.0
2021-12-29 00:00:00+09:00,43300.0,44350.0,42150.0,43150.0,563862.0
2021-12-30 00:00:00+09:00,42900.0,43800.0,42250.0,43800.0,202445.0
2022-01-03 00:00:00+09:00,44350.0,45550.0,43500.0,44550.0,439781.0
2022-01-04 00:00:00+09:00,45500.0,47300.0,45000.0,45900.0,608667.0
2022-01-05 00:00:00+09:00,46050.0,48050.0,45350.0,47150.0,742964.0
2022-01-06 00:00:00+09:00,46850.0,47600.0,45750.0,46500.0,617745.0
2022-01-07 00:00:00+09:00,47350.0,48250.0,46050.0,48000.0,508815.0
2022-01-10 00:00:00+09:00,48000.0,48450.0,45900.0,46050.0,449746.0
2022-01-11 00:00:00+09:00,46350.0,46750.0,43050.0,43250.0,620653.0
2022-01-12 00:00:00+09:00,44850.0,44950.0,43200.0,43500.0,428671.0
2022-01-13 00:00:00+09:00,44100.0,47200.0,43700.0,46500.0,888263.0
2022-01-14 00:00:00+09:00,46500.0,46900.0,45350.0,46100.0,414147.0
2022-01-17 00:00:00+09:00,46300.0,46500.0,44500.0,44950.0,266281.0
2022-01-18 00:00:00+09:00,45350.0,46350.0,44700.0,45400.0,347784.0
2022-01-19 00:00:00+09:00,45400.0,45400.0,42850.0,43050.0,568305.0
2022-01-20 00:00:00+09:00,43050.0,44300.0,42450.0,44100.0,264097.0
2022-01-21 00:00:00+09:00,43300.0,44450.0,42450.0,42950.0,314404.0
2022-01-24 00:00:00+09:00,42200.0,42700.0,40850.0,41700.0,306315.0
2022-01-25 00:00:00+09:00,41700.0,42300.0,38850.0,39300.0,551635.0
2022-01-26 00:00:00+09:00,39250.0,41350.0,38550.0,40100.0,421906.0
2022-01-27 00:00:00+09:00,40300.0,40800.0,39200.0,40500.0,327747.0
2022-01-28 00:00:00+09:00,40350.0,40500.0,37100.0,39600.0,587355.0
2022-02-03 00:00:00+09:00,40050.0,42000.0,40050.0,40500.0,255547.0
2022-02-04 00:00:00+09:00,40450.0,41400.0,39700.0,41400.0,155629.0
2022-02-07 00:00:00+09:00,41800.0,41800.0,40600.0,40750.0,175879.0
2022-02-08 00:00:00+09:00,41400.0,42100.0,40100.0,40800.0,212690.0
2022-02-09 00:00:00+09:00,41050.0,41650.0,40800.0,41600.0,128929.0
2022-02-10 00:00:00+09:00,42000.0,42050.0,40300.0,40450.0,208391.0
2022-02-11 00:00:00+09:00,40000.0,40350.0,39200.0,39300.0,168979.0
2022-02-14 00:00:00+09:00,38200.0,39400.0,38200.0,38400.0,215511.0
2022-02-15 00:00:00+09:00,38300.0,39450.0,37500.0,37950.0,208730.0
2022-02-16 00:00:00+09:00,39050.0,40900.0,38750.0,40800.0,241235.0
2022-02-17 00:00:00+09:00,41000.0,41350.0,39000.0,40200.0,258705.0
2022-02-18 00:00:00+09:00,39200.0,40750.0,39150.0,40750.0,162678.0
2022-02-21 00:00:00+09:00,39600.0,40850.0,39600.0,40800.0,117586.0
2022-02-22 00:00:00+09:00,39900.0,40750.0,39250.0,39800.0,193869.0
2022-02-23 00:00:00+09:00,39800.0,41400.0,39800.0,41350.0,210308.0
2022-02-24 00:00:00+09:00,40700.0,41850.0,40600.0,40850.0,275315.0
2022-02-25 00:00:00+09:00,41750.0,42650.0,41700.0,42550.0,239631.0
2022-02-28 00:00:00+09:00,41950.0,42800.0,41800.0,42700.0,182595.0
2022-03-02 00:00:00+09:00,42750.0,45800.0,42250.0,45100.0,439132.0
2022-03-03 00:00:00+09:00,46150.0,47650.0,45800.0,46500.0,451958.0
2022-03-04 00:00:00+09:00,46400.0,47800.0,45950.0,47200.0,331536.0
2022-03-07 00:00:00+09:00,46900.0,48700.0,46300.0,47750.0,418553.0
2022-03-08 00:00:00+09:00,46850.0,47650.0,46400.0,46600.0,246032.0
2022-03-10 00:00:00+09:00,48050.0,49300.0,47150.0,48450.0,371895.0
2022-03-11 00:00:00+09:00,48100.0,48850.0,47850.0,48450.0,249029.0
2022-03-14 00:00:00+09:00,48950.0,49000.0,46200.0,46800.0,356506.0
2022-03-15 00:00:00+09:00,47000.0,48500.0,46400.0,48000.0,297798.0
2022-03-16 00:00:00+09:00,48650.0,51400.0,48400.0,51300.0,1023141.0
2022-03-17 00:00:00+09:00,52000.0,52600.0,50800.0,51500.0,416815.0
2022-03-18 00:00:00+09:00,51800.0,53900.0,51500.0,53300.0,1009166.0
2022-03-21 00:00:00+09:00,53300.0,53800.0,52300.0,53000.0,211367.0
2022-03-22 00:00:00+09:00,52600.0,53900.0,52600.0,52800.0,230445.0
2022-03-23 00:00:00+09:00,53500.0,53500.0,52000.0,53200.0,306393.0
2022-03-24 00:00:00+09:00,52600.0,55000.0,52500.0,53900.0,390947.0
2022-03-25 00:00:00+09:00,54500.0,54500.0,49750.0,51700.0,888198.0
2022-03-28 00:00:00+09:00,51300.0,52200.0,50400.0,50700.0,259174.0
2022-03-29 00:00:00+09:00,51200.0,51500.0,50300.0,50600.0,168464.0
2022-03-30 00:00:00+09:00,51300.0,51900.0,50000.0,50500.0,164236.0
2022-03-31 00:00:00+09:00,50300.0,51200.0,50000.0,50400.0,141780.0
2022-04-01 00:00:00+09:00,50200.0,50800.0,49500.0,49950.0,139550.0
2022-04-04 00:00:00+09:00,50200.0,51500.0,49850.0,51500.0,180565.0
2022-04-05 00:00:00+09:00,52000.0,52000.0,50300.0,50600.0,211877.0
2022-04-06 00:00:00+09:00,50400.0,51400.0,49800.0,50200.0,174237.0
2022-04-07 00:00:00+09:00,50000.0,50000.0,49000.0,49700.0,156454.0
2022-04-08 00:00:00+09:00,49700.0,51200.0,49550.0,51000.0,216504.0
2022-04-11 00:00:00+09:00,51100.0,51100.0,49300.0,49500.0,184981.0
2022-04-12 00:00:00+09:00,48250.0,50200.0,48150.0,49200.0,156092.0
2022-04-13 00:00:00+09:00,49000.0,50700.0,49000.0,50200.0,153734.0
2022-04-14 00:00:00+09:00,50800.0,50900.0,49950.0,49950.0,159657.0
2022-04-15 00:00:00+09:00,50300.0,50300.0,49150.0,49250.0,130206.0
2022-04-18 00:00:00+09:00,48650.0,49650.0,47500.0,47950.0,178705.0
2022-04-19 00:00:00+09:00,47950.0,49300.0,47950.0,48950.0,128052.0
2022-04-20 00:00:00+09:00,49100.0,50200.0,49000.0,49850.0,125690.0
2022-04-21 00:00:00+09:00,49950.0,51900.0,49950.0,50500.0,212008.0
2022-04-22 00:00:00+09:00,50100.0,50500.0,49350.0,49550.0,139537.0
2022-04-25 00:00:00+09:00,49000.0,49050.0,48200.0,48600.0,180634.0
2022-04-26 00:00:00+09:00,49100.0,49200.0,48400.0,48450.0,117045.0
2022-04-27 00:00:00+09:00,47250.0,48750.0,46700.0,48750.0,162503.0
2022-04-28 00:00:00+09:00,48900.0,50300.0,48500.0,48750.0,134925.0
2022-04-29 00:00:00+09:00,49050.0,50500.0,48650.0,50500.0,168084.0
2022-05-02 00:00:00+09:00,49450.0,49750.0,47950.0,48050.0,264293.0
2022-05-03 00:00:00+09:00,48350.0,48700.0,48050.0,48150.0,114715.0
2022-05-04 00:00:00+09:00,48600.0,50300.0,48500.0,48800.0,184535.0
2022-05-06 00:00:00+09:00,48000.0,48750.0,47450.0,47750.0,159963.0
2022-05-09 00:00:00+09:00,47250.0,47600.0,45050.0,45300.0,279337.0
2022-05-10 00:00:00+09:00,43900.0,45450.0,43250.0,45150.0,280355.0
2022-05-11 00:00:00+09:00,45150.0,45400.0,44050.0,45150.0,131373.0
2022-05-12 00:00:00+09:00,44550.0,45150.0,43050.0,43300.0,202735.0
2022-05-13 00:00:00+09:00,43500.0,45450.0,43500.0,45200.0,152488.0
2022-05-16 00:00:00+09:00,46050.0,46450.0,45150.0,45800.0,134054.0
2022-05-17 00:00:00+09:00,45850.0,47200.0,45550.0,46900.0,118137.0
2022-05-18 00:00:00+09:00,47500.0,48000.0,46800.0,46900.0,127137.0
2022-05-19 00:00:00+09:00,45550.0,48450.0,45200.0,48350.0,261688.0
2022-05-20 00:00:00+09:00,48950.0,51400.0,48700.0,51300.0,465498.0
2022-05-23 00:00:00+09:00,51900.0,54000.0,51100.0,53800.0,470151.0
2022-05-24 00:00:00+09:00,54300.0,56500.0,53700.0,55100.0,725286.0
2022-05-25 00:00:00+09:00,55500.0,60700.0,54800.0,59900.0,1136472.0
2022-05-26 00:00:00+09:00,59100.0,60000.0,56600.0,59600.0,466055.0
2022-05-27 00:00:00+09:00,59500.0,60500.0,58400.0,60000.0,251031.0
2022-05-30 00:00:00+09:00,59800.0,62300.0,59200.0,61200.0,280125.0
2022-05-31 00:00:00+09:00,61700.0,62200.0,60500.0,61700.0,216402.0
2022-06-02 00:00:00+09:00,61700.0,62800.0,61200.0,62100.0,145573.0
2022-06-03 00:00:00+09:00,62500.0,62700.0,60700.0,62300.0,184229.0
2022-06-07 00:00:00+09:00,62100.0,62600.0,61500.0,61700.0,140574.0
2022-06-08 00:00:00+09:00,61700.0,61700.0,56800.0,57700.0,503392.0
2022-06-09 00:00:00+09:00,57700.0,58300.0,56300.0,57100.0,299526.0
2022-06-10 00:00:00+09:00,56800.0,57200.0,55600.0,55900.0,193598.0
2022-06-13 00:00:00+09:00,54200.0,57600.0,54000.0,56000.0,400766.0
2022-06-14 00:00:00+09:00,55600.0,57600.0,55100.0,57200.0,310187.0
2022-06-15 00:00:00+09:00,57300.0,57400.0,53900.0,54900.0,318840.0
2022-06-16 00:00:00+09:00,56200.0,58100.0,55700.0,56300.0,290808.0
2022-06-17 00:00:00+09:00,55200.0,57000.0,55100.0,56200.0,184317.0
2022-06-20 00:00:00+09:00,56300.0,57000.0,54000.0,54800.0,207591.0
2022-06-21 00:00:00+09:00,55800.0,55800.0,53000.0,54900.0,147284.0
2022-06-22 00:00:00+09:00,55000.0,55600.0,52300.0,52500.0,271829.0
2022-06-23 00:00:00+09:00,52500.0,53800.0,50000.0,50000.0,385544.0
2022-06-24 00:00:00+09:00,50800.0,51400.0,49850.0,51400.0,256157.0
2022-06-27 00:00:00+09:00,52000.0,53600.0,50700.0,51700.0,236416.0
2022-06-28 00:00:00+09:00,51500.0,52500.0,50200.0,51100.0,142820.0
2022-06-29 00:00:00+09:00,50000.0,50200.0,45500.0,48250.0,704021.0
2022-06-30 00:00:00+09:00,48000.0,48100.0,43750.0,43850.0,512060.0
2022-07-01 00:00:00+09:00,44000.0,44800.0,40850.0,41750.0,585565.0
2022-07-04 00:00:00+09:00,41750.0,42450.0,39250.0,41300.0,415289.0
2022-07-05 00:00:00+09:00,41350.0,43000.0,41000.0,41750.0,370550.0
2022-07-06 00:00:00+09:00,41800.0,41850.0,39450.0,39750.0,311646.0
2022-07-07 00:00:00+09:00,40600.0,40600.0,39300.0,39800.0,239355.0
2022-07-08 00:00:00+09:00,40250.0,42650.0,40250.0,42200.0,400908.0
2022-07-11 00:00:00+09:00,42450.0,42900.0,41450.0,41550.0,185461.0
2022-07-12 00:00:00+09:00,40950.0,41000.0,39000.0,39500.0,239194.0
2022-07-13 00:00:00+09:00,39500.0,40450.0,38250.0,40250.0,189270.0
2022-07-14 00:00:00+09:00,40600.0,41400.0,39900.0,41150.0,209389.0
2022-07-15 00:00:00+09:00,41300.0,41450.0,40050.0,41000.0,155193.0
2022-07-18 00:00:00+09:00,41800.0,42150.0,41200.0,41750.0,152919.0
2022-07-19 00:00:00+09:00,41750.0,42200.0,40600.0,41700.0,107364.0
2022-07-20 00:00:00+09:00,42550.0,43100.0,41400.0,41750.0,196350.0
2022-07-21 00:00:00+09:00,42150.0,44650.0,41700.0,43250.0,359428.0
2022-07-22 00:00:00+09:00,44000.0,44450.0,42550.0,42550.0,290811.0
2022-07-25 00:00:00+09:00,42550.0,42650.0,41750.0,42650.0,125469.0
2022-07-26 00:00:00+09:00,42600.0,42950.0,41800.0,42600.0,108652.0
2022-07-27 00:00:00+09:00,43200.0,43900.0,42600.0,42900.0,156114.0
2022-07-28 00:00:00+09:00,43350.0,44000.0,43350.0,43950.0,209803.0
2022-07-29 00:00:00+09:00,44650.0,46750.0,44650.0,45850.0,427451.0
2022-08-01 00:00:00+09:00,46350.0,49600.0,46150.0,48950.0,535430.0
2022-08-02 00:00:00+09:00,49150.0,49750.0,48450.0,49500.0,291775.0
2022-08-03 00:00:00+09:00,49050.0,50600.0,48350.0,50400.0,287568.0
2022-08-04 00:00:00+09:00,51100.0,51300.0,49950.0,51100.0,227809.0
2022-08-05 00:00:00+09:00,51200.0,51600.0,49400.0,50200.0,317455.0
2022-08-08 00:00:00+09:00,49800.0,52600.0,49300.0,52500.0,297147.0
2022-08-09 00:00:00+09:00,52800.0,53000.0,51500.0,52700.0,203312.0
2022-08-10 00:00:00+09:00,52200.0,54000.0,52200.0,52900.0,246965.0
2022-08-11 00:00:00+09:00,54000.0,54100.0,52200.0,52900.0,226495.0
2022-08-12 00:00:00+09:00,53200.0,54300.0,52500.0,52800.0,152481.0
2022-08-16 00:00:00+09:00,53400.0,55200.0,52500.0,54300.0,330885.0
2022-08-17 00:00:00+09:00,54500.0,55500.0,53600.0,54100.0,231621.0
2022-08-18 00:00:00+09:00,53700.0,55200.0,53500.0,54000.0,161653.0
2022-08-19 00:00:00+09:00,54100.0,54500.0,51500.0,51600.0,304219.0
2022-08-22 00:00:00+09:00,50000.0,51300.0,48150.0,49800.0,362326.0
2022-08-23 00:00:00+09:00,48950.0,50200.0,47950.0,49300.0,251228.0
2022-08-24 00:00:00+09:00,50000.0,51000.0,49100.0,50100.0,213127.0
2022-08-25 00:00:00+09:00,50900.0,52400.0,50100.0,52400.0,279191.0
2022-08-26 00:00:00+09:00,52900.0,53400.0,50500.0,50600.0,278257.0
2022-08-29 00:00:00+09:00,48600.0,49950.0,48500.0,49300.0,219803.0
2022-08-30 00:00:00+09:00,49600.0,51200.0,49500.0,50800.0,155993.0
2022-08-31 00:00:00+09:00,50300.0,50800.0,49900.0,50400.0,127652.0
2022-09-01 00:00:00+09:00,50000.0,50300.0,47100.0,47350.0,402375.0
2022-09-02 00:00:00+09:00,47650.0,48350.0,47200.0,47400.0,175743.0
2022-09-05 00:00:00+09:00,47000.0,48150.0,46550.0,47250.0,168423.0
2022-09-06 00:00:00+09:00,47350.0,47850.0,46950.0,47450.0,115942.0
2022-09-07 00:00:00+09:00,47100.0,47400.0,46050.0,46350.0,227023.0
2022-09-08 00:00:00+09:00,47200.0,47700.0,46450.0,46900.0,237198.0
2022-09-13 00:00:00+09:00,47850.0,48850.0,47000.0,47400.0,337267.0
2022-09-14 00:00:00+09:00,46050.0,46200.0,44500.0,44650.0,406219.0
2022-09-15 00:00:00+09:00,44750.0,46600.0,44750.0,46000.0,202382.0
2022-09-16 00:00:00+09:00,45300.0,48200.0,45300.0,46200.0,275670.0
2022-09-19 00:00:00+09:00,45900.0,46550.0,44000.0,44550.0,214957.0
2022-09-20 00:00:00+09:00,44700.0,45200.0,44400.0,44700.0,110349.0
2022-09-21 00:00:00+09:00,44200.0,44800.0,43800.0,44450.0,142375.0
2022-09-22 00:00:00+09:00,43900.0,45300.0,42900.0,45200.0,173490.0
2022-09-23 00:00:00+09:00,45500.0,45550.0,43350.0,43350.0,213375.0
2022-09-26 00:00:00+09:00,42050.0,42500.0,40850.0,41150.0,297491.0
2022-09-27 00:00:00+09:00,41150.0,42500.0,40450.0,41900.0,228284.0
2022-09-28 00:00:00+09:00,41500.0,42100.0,39650.0,40150.0,273499.0
2022-09-29 00:00:00+09:00,41250.0,42000.0,40450.0,40700.0,228008.0
2022-09-30 00:00:00+09:00,40000.0,41000.0,39150.0,40650.0,232043.0
2022-10-04 00:00:00+09:00,41250.0,42300.0,41050.0,42300.0,198623.0
2022-10-05 00:00:00+09:00,43400.0,43450.0,40300.0,40350.0,279338.0
2022-10-06 00:00:00+09:00,40450.0,42200.0,40450.0,42150.0,163142.0
2022-10-07 00:00:00+09:00,41750.0,42400.0,40900.0,41950.0,193349.0
2022-10-11 00:00:00+09:00,40000.0,40500.0,37800.0,38950.0,462764.0
2022-10-12 00:00:00+09:00,38100.0,39750.0,38100.0,39400.0,187705.0
2022-10-13 00:00:00+09:00,39400.0,39400.0,37200.0,37200.0,220155.0
2022-10-14 00:00:00+09:00,38450.0,38700.0,37400.0,37800.0,227103.0
2022-10-17 00:00:00+09:00,37050.0,38500.0,36550.0,38400.0,219450.0
2022-10-18 00:00:00+09:00,39650.0,40800.0,39250.0,40400.0,289907.0
2022-10-19 00:00:00+09:00,40750.0,41400.0,39700.0,40000.0,241288.0
2022-10-20 00:00:00+09:00,39550.0,40750.0,39050.0,39100.0,171483.0
2022-10-21 00:00:00+09:00,39250.0,39550.0,38400.0,38500.0,137069.0
2022-10-24 00:00:00+09:00,39450.0,40300.0,39200.0,39700.0,151776.0
2022-10-25 00:00:00+09:00,40350.0,40350.0,38600.0,38800.0,133594.0
2022-10-26 00:00:00+09:00,39250.0,40100.0,38600.0,38800.0,128597.0
2022-10-27 00:00:00+09:00,39100.0,43000.0,39100.0,43000.0,595599.0
2022-10-28 00:00:00+09:00,43100.0,45600.0,42600.0,45350.0,756395.0
2022-10-31 00:00:00+09:00,46800.0,47450.0,45500.0,46150.0,481178.0
2022-11-01 00:00:00+09:00,45850.0,48000.0,45850.0,48000.0,392747.0
2022-11-02 00:00:00+09:00,48000.0,48350.0,45850.0,46550.0,362927.0
2022-11-03 00:00:00+09:00,45050.0,47650.0,45000.0,47450.0,284887.0
2022-11-04 00:00:00+09:00,47050.0,48150.0,46800.0,47350.0,268538.0
2022-11-07 00:00:00+09:00,47050.0,47450.0,45500.0,46150.0,249447.0
2022-11-08 00:00:00+09:00,46100.0,46550.0,44450.0,46250.0,230945.0
2022-11-09 00:00:00+09:00,46000.0,46500.0,45300.0,46050.0,194680.0
2022-11-10 00:00:00+09:00,45500.0,46300.0,45100.0,46000.0,204977.0
2022-11-11 00:00:00+09:00,47600.0,47800.0,46000.0,46650.0,387366.0
2022-11-14 00:00:00+09:00,46850.0,47850.0,45950.0,46950.0,359550.0
2022-11-15 00:00:00+09:00,47300.0,47350.0,45950.0,46600.0,175000.0
2022-11-16 00:00:00+09:00,47000.0,47850.0,45950.0,47050.0,207539.0
2022-11-17 00:00:00+09:00,46750.0,48250.0,46250.0,48250.0,187131.0
2022-11-18 00:00:00+09:00,49100.0,49600.0,48100.0,48450.0,376784.0
2022-11-21 00:00:00+09:00,48750.0,48800.0,45800.0,46550.0,309338.0
2022-11-22 00:00:00+09:00,46250.0,48150.0,46250.0,47200.0,301901.0
2022-11-23 00:00:00+09:00,48050.0,48500.0,47250.0,48300.0,206763.0
2022-11-24 00:00:00+09:00,48650.0,50100.0,48500.0,50100.0,372453.0
2022-11-25 00:00:00+09:00,50700.0,52100.0,50200.0,50800.0,389934.0
2022-11-28 00:00:00+09:00,51400.0,52100.0,49950.0,50700.0,297713.0
2022-11-29 00:00:00+09:00,50000.0,50600.0,49100.0,50300.0,212068.0
2022-11-30 00:00:00+09:00,50300.0,50300.0,48800.0,49950.0,217445.0
2022-12-01 00:00:00+09:00,50900.0,51800.0,50000.0,51000.0,405876.0
2022-12-02 00:00:00+09:00,51200.0,51200.0,49100.0,49400.0,275574.0
2022-12-05 00:00:00+09:00,49600.0,49900.0,48600.0,49450.0,158056.0
2022-12-06 00:00:00+09:00,48500.0,48950.0,47650.0,48050.0,191138.0
2022-12-07 00:00:00+09:00,47650.0,49100.0,47150.0,48900.0,171575.0
2022-12-08 00:00:00+09:00,48600.0,49450.0,48500.0,48750.0,149995.0
2022-12-09 00:00:00+09:00,49000.0,49350.0,46300.0,46800.0,366588.0
2022-12-12 00:00:00+09:00,46350.0,46350.0,45300.0,46300.0,171995.0
2022-12-13 00:00:00+09:00,45950.0,46450.0,45200.0,45900.0,171180.0
2022-12-14 00:00:00+09:00,45700.0,46700.0,45650.0,46650.0,149969.0
2022-12-15 00:00:00+09:00,46400.0,46700.0,45300.0,45350.0,159860.0
2022-12-16 00:00:00+09:00,44200.0,45900.0,44100.0,45750.0,163114.0
2022-12-19 00:00:00+09:00,45000.0,45750.0,44450.0,45500.0,100054.0
2022-12-20 00:00:00+09:00,45000.0,45800.0,44300.0,44350.0,150245.0
2022-12-21 00:00:00+09:00,44500.0,45250.0,43550.0,43550.0,146226.0
2022-12-22 00:00:00+09:00,44300.0,45850.0,44050.0,44850.0,227564.0
2022-12-23 00:00:00+09:00,43600.0,44250.0,42750.0,42750.0,278679.0
2022-12-26 00:00:00+09:00,42750.0,43500.0,42450.0,43000.0,293509.0
2022-12-27 00:00:00+09:00,43300.0,43650.0,42750.0,43500.0,280802.0
2022-12-28 00:00:00+09:00,43000.0,43800.0,41050.0,43300.0,406474.0
2022-12-29 00:00:00+09:00,43950.0,45550.0,42600.0,43350.0,328415.0
2023-01-02 00:00:00+09:00,44000.0,45000.0,42400.0,42850.0,310491.0
2023-01-03 00:00:00+09:00,42200.0,42900.0,41250.0,42100.0,258358.0
2023-01-04 00:00:00+09:00,41550.0,42200.0,40350.0,42150.0,172925.0
2023-01-05 00:00:00+09:00,42450.0,42750.0,40300.0,40350.0,289477.0
2023-01-06 00:00:00+09:00,40050.0,41900.0,39700.0,41700.0,175935.0
2023-01-09 00:00:00+09:00,42100.0,43250.0,42050.0,42950.0,175534.0
2023-01-10 00:00:00+09:00,43300.0,43850.0,42500.0,42650.0,165463.0
2023-01-11 00:00:00+09:00,43050.0,44300.0,43000.0,44050.0,140768.0
2023-01-12 00:00:00+09:00,44400.0,44400.0,43700.0,43700.0,98615.0
2023-01-13 00:00:00+09:00,43700.0,44200.0,43200.0,43450.0,84137.0
2023-01-16 00:00:00+09:00,43500.0,44100.0,43450.0,43650.0,87009.0
2023-01-17 00:00:00+09:00,43700.0,43700.0,42050.0,42050.0,191375.0
2023-01-18 00:00:00+09:00,42600.0,42600.0,41700.0,42300.0,89496.0
2023-01-19 00:00:00+09:00,41800.0,42400.0,41600.0,42250.0,121305.0
2023-01-20 00:00:00+09:00,44000.0,44600.0,43100.0,43900.0,427016.0
2023-01-25 00:00:00+09:00,44400.0,44450.0,43850.0,44200.0,169485.0
2023-01-26 00:00:00+09:00,44300.0,44800.0,43400.0,44650.0,272326.0
2023-01-27 00:00:00+09:00,45050.0,45200.0,43900.0,44000.0,223619.0
2023-01-30 00:00:00+09:00,44400.0,44850.0,43800.0,44100.0,189755.0
2023-01-31 00:00:00+09:00,43700.0,44450.0,43300.0,44350.0,152373.0
2023-02-01 00:00:00+09:00,44400.0,45500.0,44400.0,45200.0,252559.0
2023-02-02 00:00:00+09:00,45950.0,47200.0,45550.0,46700.0,299974.0
2023-02-03 00:00:00+09:00,46900.0,46900.0,46000.0,46450.0,149728.0
2023-02-06 00:00:00+09:00,46500.0,47750.0,46050.0,46500.0,189504.0
2023-02-07 00:00:00+09:00,46500.0,47900.0,46500.0,47750.0,226093.0
2023-02-08 00:00:00+09:00,48000.0,48400.0,47350.0,47500.0,198315.0
2023-02-09 00:00:00+09:00,47200.0,48400.0,47050.0,48000.0,224682.0
2023-02-10 00:00:00+09:00,48250.0,48250.0,46450.0,46500.0,261000.0
2023-02-13 00:00:00+09:00,46400.0,47850.0,46250.0,47200.0,209956.0
2023-02-14 00:00:00+09:00,47350.0,47800.0,46400.0,47600.0,173738.0
2023-02-15 00:00:00+09:00,47900.0,48100.0,45400.0,45500.0,348266.0
2023-02-16 00:00:00+09:00,46000.0,46050.0,43450.0,45150.0,625750.0
2023-02-17 00:00:00+09:00,44300.0,44650.0,43800.0,43900.0,304754.0
2023-02-20 00:00:00+09:00,44000.0,44500.0,42950.0,44300.0,258988.0
2023-02-21 00:00:00+09:00,44150.0,45250.0,44100.0,45000.0,249716.0
2023-02-22 00:00:00+09:00,43950.0,44200.0,41750.0,42150.0,799778.0
2023-02-23 00:00:00+09:00,42900.0,42950.0,42000.0,42200.0,279286.0
2023-02-24 00:00:00+09:00,42400.0,43600.0,42050.0,42500.0,378331.0
2023-02-27 00:00:00+09:00,42300.0,43550.0,42150.0,42950.0,265998.0
2023-02-28 00:00:00+09:00,43350.0,44200.0,43050.0,43550.0,314923.0
2023-03-02 00:00:00+09:00,43650.0,44150.0,42900.0,43550.0,336196.0
2023-03-03 00:00:00+09:00,43950.0,50800.0,43600.0,50200.0,2092577.0
2023-03-06 00:00:00+09:00,51300.0,54900.0,50400.0,52000.0,1802652.0
2023-03-07 00:00:00+09:00,52000.0,54200.0,51500.0,51900.0,639885.0
2023-03-08 00:00:00+09:00,50900.0,53300.0,50700.0,51600.0,616499.0
2023-03-09 00:00:00+09:00,52400.0,52400.0,47550.0,48000.0,915668.0
2023-03-10 00:00:00+09:00,46950.0,47650.0,46250.0,46400.0,485294.0
2023-03-13 00:00:00+09:00,46300.0,47100.0,44850.0,46100.0,426240.0
2023-03-14 00:00:00+09:00,45850.0,45900.0,43400.0,43450.0,546815.0
2023-03-15 00:00:00+09:00,44900.0,45350.0,43450.0,44400.0,627222.0
2023-03-16 00:00:00+09:00,43950.0,45250.0,42850.0,44450.0,451358.0
2023-03-17 00:00:00+09:00,45550.0,45750.0,42900.0,43050.0,509925.0
2023-03-20 00:00:00+09:00,42400.0,44050.0,42150.0,43850.0,385505.0
2023-03-21 00:00:00+09:00,44500.0,48700.0,44450.0,47000.0,997759.0
2023-03-22 00:00:00+09:00,48100.0,49500.0,47600.0,48000.0,709700.0
2023-03-23 00:00:00+09:00,46600.0,47950.0,45950.0,46450.0,911869.0
2023-03-24 00:00:00+09:00,47400.0,47600.0,44600.0,45500.0,639013.0
2023-03-27 00:00:00+09:00,45550.0,47850.0,45550.0,47000.0,605558.0
2023-03-28 00:00:00+09:00,47700.0,47900.0,46000.0,47500.0,396799.0
2023-03-29 00:00:00+09:00,48200.0,51200.0,47900.0,49900.0,1160569.0
2023-03-30 00:00:00+09:00,50200.0,50300.0,47800.0,48300.0,693074.0
2023-03-31 00:00:00+09:00,48000.0,48500.0,46700.0,48350.0,457211.0
2023-04-03 00:00:00+09:00,49300.0,52300.0,48650.0,51900.0,1406350.0
2023-04-04 00:00:00+09:00,52000.0,54000.0,51100.0,51800.0,1064366.0
2023-04-05 00:00:00+09:00,52300.0,53400.0,50600.0,52300.0,922299.0
2023-04-06 00:00:00+09:00,56100.0,65900.0,54400.0,61600.0,8637671.0
2023-04-07 00:00:00+09:00,60700.0,61400.0,58500.0,59300.0,1567284.0
2023-04-10 00:00:00+09:00,59900.0,61000.0,55600.0,57000.0,2044051.0
2023-04-11 00:00:00+09:00,58100.0,58500.0,54700.0,56900.0,1072468.0
2023-04-12 00:00:00+09:00,57700.0,60600.0,55500.0,55500.0,1616818.0
2023-04-13 00:00:00+09:00,54300.0,55100.0,52200.0,54300.0,812432.0
2023-04-14 00:00:00+09:00,55100.0,56300.0,54000.0,55400.0,680675.0
2023-04-17 00:00:00+09:00,55100.0,57300.0,53700.0,55700.0,699854.0
2023-04-18 00:00:00+09:00,57200.0,59800.0,55700.0,58000.0,1595868.0
2023-04-19 00:00:00+09:00,59400.0,61000.0,58600.0,59500.0,1384517.0
2023-04-20 00:00:00+09:00,61800.0,68700.0,58500.0,59200.0,4847448.0
2023-04-21 00:00:00+09:00,58600.0,58700.0,55000.0,55100.0,1061889.0
2023-04-24 00:00:00+09:00,54400.0,55000.0,50500.0,53200.0,621732.0
2023-04-25 00:00:00+09:00,53200.0,54000.0,51200.0,53000.0,626586.0
2023-04-26 00:00:00+09:00,52800.0,54500.0,52500.0,53400.0,460597.0
2023-04-27 00:00:00+09:00,53400.0,56100.0,52800.0,56100.0,585884.0
2023-04-28 00:00:00+09:00,56800.0,57100.0,53700.0,53900.0,477598.0
2023-05-02 00:00:00+09:00,53900.0,56500.0,53800.0,55800.0,380636.0
2023-05-03 00:00:00+09:00,55100.0,55600.0,53400.0,54000.0,244669.0
2023-05-04 00:00:00+09:00,54000.0,54300.0,52800.0,53800.0,200048.0
2023-05-08 00:00:00+09:00,54600.0,54700.0,52100.0,52500.0,240607.0
2023-05-09 00:00:00+09:00,52300.0,52800.0,50800.0,51600.0,313418.0
2023-05-10 00:00:00+09:00,51300.0,52200.0,50600.0,50900.0,266885.0
2023-05-11 00:00:00+09:00,51200.0,51900.0,50600.0,50900.0,275668.0
2023-05-12 00:00:00+09:00,50700.0,51500.0,50100.0,50500.0,302560.0
2023-05-15 00:00:00+09:00,50500.0,50600.0,48600.0,50000.0,316050.0
2023-05-16 00:00:00+09:00,50700.0,50800.0,49700.0,50500.0,187433.0
2023-05-17 00:00:00+09:00,50600.0,51500.0,50300.0,51300.0,271406.0
2023-05-18 00:00:00+09:00,52100.0,53500.0,51800.0,52000.0,287029.0
2023-05-19 00:00:00+09:00,52400.0,52700.0,50700.0,51400.0,236075.0
2023-05-22 00:00:00+09:00,50900.0,51700.0,49800.0,51600.0,242212.0
2023-05-23 00:00:00+09:00,51900.0,53700.0,51900.0,52800.0,309535.0
2023-05-24 00:00:00+09:00,52800.0,53600.0,52200.0,52300.0,221109.0
2023-05-25 00:00:00+09:00,52000.0,52600.0,51100.0,51500.0,213797.0
2023-05-26 00:00:00+09:00,51300.0,51800.0,50600.0,50900.0,175787.0
2023-05-30 00:00:00+09:00,51100.0,51900.0,50700.0,51700.0,177003.0
2023-05-31 00:00:00+09:00,51900.0,53300.0,51600.0,52400.0,264460.0
2023-06-01 00:00:00+09:00,52400.0,53900.0,52200.0,52500.0,294631.0
2023-06-02 00:00:00+09:00,52900.0,53900.0,52200.0,53900.0,328529.0
2023-06-05 00:00:00+09:00,55100.0,55500.0,53700.0,54200.0,348227.0
2023-06-07 00:00:00+09:00,54900.0,57900.0,54800.0,56000.0,905558.0
2023-06-08 00:00:00+09:00,56000.0,56400.0,54200.0,55100.0,386336.0
2023-06-09 00:00:00+09:00,55700.0,56600.0,54800.0,56300.0,397628.0
2023-06-12 00:00:00+09:00,56500.0,58000.0,55500.0,58000.0,607555.0
2023-06-13 00:00:00+09:00,58700.0,58800.0,57300.0,58300.0,409248.0
2023-06-14 00:00:00+09:00,58800.0,59100.0,55300.0,55800.0,628152.0
2023-06-15 00:00:00+09:00,56300.0,57500.0,55400.0,56700.0,329069.0
2023-06-16 00:00:00+09:00,57000.0,57700.0,55300.0,57200.0,345797.0
2023-06-19 00:00:00+09:00,57200.0,57300.0,55600.0,56200.0,217437.0
2023-06-20 00:00:00+09:00,55900.0,55900.0,54600.0,55200.0,226953.0
2023-06-21 00:00:00+09:00,55400.0,56200.0,54200.0,54400.0,225356.0
2023-06-22 00:00:00+09:00,53600.0,55200.0,53400.0,54600.0,154742.0
2023-06-23 00:00:00+09:00,54900.0,55800.0,53900.0,54200.0,155137.0
2023-06-26 00:00:00+09:00,54000.0,54400.0,52500.0,53000.0,248613.0
2023-06-27 00:00:00+09:00,52400.0,54100.0,52100.0,53500.0,251029.0
2023-06-28 00:00:00+09:00,53600.0,54300.0,52200.0,52600.0,244694.0
2023-06-29 00:00:00+09:00,52600.0,53300.0,51600.0,52200.0,212726.0
2023-06-30 00:00:00+09:00,52500.0,54100.0,51600.0,54000.0,199369.0
2023-07-03 00:00:00+09:00,54700.0,57300.0,54600.0,56900.0,526060.0
2023-07-04 00:00:00+09:00,57600.0,58000.0,56500.0,57200.0,339184.0
2023-07-05 00:00:00+09:00,57400.0,57400.0,55700.0,56800.0,317930.0
2023-07-06 00:00:00+09:00,57100.0,58000.0,55700.0,55900.0,338910.0
2023-07-07 00:00:00+09:00,55600.0,57500.0,55200.0,56500.0,263814.0
2023-07-10 00:00:00+09:00,56600.0,68000.0,56500.0,63400.0,3975304.0
2023-07-11 00:00:00+09:00,64400.0,67900.0,63500.0,67500.0,2083580.0
2023-07-12 00:00:00+09:00,68400.0,71900.0,66500.0,68000.0,1907352.0
2023-07-13 00:00:00+09:00,69000.0,70700.0,68000.0,68200.0,871996.0
2023-07-14 00:00:00+09:00,69500.0,69600.0,65600.0,67700.0,808785.0
2023-07-17 00:00:00+09:00,68300.0,72300.0,67800.0,70800.0,1016441.0
2023-07-18 00:00:00+09:00,72000.0,73900.0,71300.0,72800.0,941705.0
2023-07-19 00:00:00+09:00,73600.0,75500.0,70600.0,71900.0,746256.0
2023-07-20 00:00:00+09:00,70700.0,82500.0,70100.0,77300.0,2198446.0
2023-07-21 00:00:00+09:00,76200.0,79600.0,74900.0,78200.0,758826.0
2023-07-24 00:00:00+09:00,80600.0,84100.0,77100.0,80700.0,1269437.0
2023-07-25 00:00:00+09:00,82100.0,82700.0,77900.0,80900.0,722637.0
2023-07-26 00:00:00+09:00,81400.0,86100.0,73100.0,75200.0,2072084.0
2023-07-27 00:00:00+09:00,75100.0,77100.0,68800.0,71600.0,1047012.0
2023-07-28 00:00:00+09:00,69900.0,75800.0,69800.0,74500.0,635804.0
2023-07-31 00:00:00+09:00,79200.0,79400.0,75400.0,78400.0,541265.0
2023-08-01 00:00:00+09:00,79300.0,80300.0,77000.0,78600.0,534634.0
2023-08-02 00:00:00+09:00,77100.0,78200.0,73500.0,73500.0,439123.0
2023-08-03 00:00:00+09:00,73500.0,77300.0,73500.0,76700.0,388637.0
2023-08-04 00:00:00+09:00,77800.0,77900.0,74600.0,74700.0,321197.0
2023-08-07 00:00:00+09:00,73900.0,74000.0,69100.0,69500.0,580339.0
2023-08-08 00:00:00+09:00,70300.0,71700.0,69400.0,71600.0,296014.0
2023-08-09 00:00:00+09:00,70800.0,72200.0,70300.0,72000.0,192384.0
2023-08-10 00:00:00+09:00,70800.0,72300.0,70000.0,71400.0,167867.0
2023-08-11 00:00:00+09:00,71900.0,72300.0,70100.0,71300.0,201754.0
2023-08-14 00:00:00+09:00,70700.0,71700.0,68600.0,70400.0,233245.0
2023-08-16 00:00:00+09:00,68300.0,71200.0,66900.0,67100.0,337976.0
2023-08-17 00:00:00+09:00,66500.0,68400.0,65700.0,68000.0,266981.0
2023-08-18 00:00:00+09:00,67400.0,67600.0,66100.0,66900.0,204820.0
2023-08-21 00:00:00+09:00,67900.0,70400.0,67200.0,67800.0,343221.0
2023-08-22 00:00:00+09:00,69200.0,69900.0,66400.0,67700.0,244274.0
2023-08-23 00:00:00+09:00,67800.0,67800.0,64700.0,64800.0,299244.0
2023-08-24 00:00:00+09:00,65500.0,65900.0,64000.0,65600.0,185110.0
2023-08-25 00:00:00+09:00,64800.0,66300.0,64200.0,65400.0,150101.0
2023-08-28 00:00:00+09:00,67000.0,69100.0,66300.0,67600.0,323012.0
2023-08-29 00:00:00+09:00,69300.0,69400.0,67400.0,68500.0,223972.0
2023-08-30 00:00:00+09:00,70000.0,73400.0,69800.0,71500.0,494181.0
2023-08-31 00:00:00+09:00,73000.0,73000.0,69700.0,70000.0,331796.0
2023-09-01 00:00:00+09:00,70200.0,72700.0,69500.0,70800.0,357441.0
2023-09-04 00:00:00+09:00,71300.0,75200.0,69800.0,74200.0,613023.0
2023-09-05 00:00:00+09:00,75100.0,75100.0,73300.0,73500.0,287669.0
2023-09-06 00:00:00+09:00,74100.0,74100.0,70700.0,70700.0,291145.0
2023-09-07 00:00:00+09:00,70500.0,71100.0,68500.0,69400.0,302864.0
2023-09-08 00:00:00+09:00,69900.0,71700.0,68600.0,69600.0,176423.0
2023-09-11 00:00:00+09:00,71000.0,71300.0,67800.0,68700.0,321930.0
2023-09-12 00:00:00+09:00,69600.0,70300.0,67200.0,68200.0,228887.0
2023-09-13 00:00:00+09:00,67100.0,68700.0,66300.0,66600.0,218280.0
2023-09-14 00:00:00+09:00,67600.0,70400.0,67600.0,69100.0,336823.0
2023-09-15 00:00:00+09:00,70600.0,71300.0,69400.0,70000.0,330208.0
2023-09-18 00:00:00+09:00,69700.0,70900.0,69100.0,69600.0,225819.0
2023-09-19 00:00:00+09:00,70100.0,70900.0,67500.0,67500.0,243542.0
2023-09-20 00:00:00+09:00,67700.0,68300.0,66500.0,68100.0,156575.0
2023-09-21 00:00:00+09:00,67500.0,67600.0,64400.0,64600.0,356769.0
2023-09-22 00:00:00+09:00,62800.0,64400.0,62500.0,63900.0,225738.0
2023-09-25 00:00:00+09:00,63600.0,63900.0,62100.0,62300.0,185664.0
2023-09-26 00:00:00+09:00,62000.0,63100.0,61000.0,61000.0,173653.0
2023-09-27 00:00:00+09:00,60000.0,61700.0,60000.0,61600.0,187716.0
2023-10-04 00:00:00+09:00,60900.0,60900.0,58500.0,58800.0,274221.0
2023-10-05 00:00:00+09:00,59800.0,62100.0,59800.0,60200.0,210651.0
2023-10-06 00:00:00+09:00,59500.0,61300.0,59500.0,60400.0,109500.0
2023-10-10 00:00:00+09:00,62600.0,62900.0,59400.0,59700.0,243911.0
2023-10-11 00:00:00+09:00,61500.0,62300.0,60500.0,61700.0,162164.0
2023-10-12 00:00:00+09:00,62500.0,64600.0,62100.0,63700.0,231748.0
2023-10-13 00:00:00+09:00,63000.0,64000.0,62300.0,63100.0,125343.0
2023-10-16 00:00:00+09:00,62000.0,62700.0,61000.0,62000.0,152943.0
2023-10-17 00:00:00+09:00,63000.0,63000.0,61100.0,61300.0,133295.0
2023-10-18 00:00:00+09:00,61300.0,62400.0,59600.0,60100.0,174481.0
2023-10-19 00:00:00+09:00,58200.0,59800.0,57900.0,58400.0,211298.0
2023-10-20 00:00:00+09:00,57000.0,58100.0,55600.0,56400.0,256371.0
2023-10-23 00:00:00+09:00,55900.0,57500.0,55500.0,56500.0,182633.0
2023-10-24 00:00:00+09:00,56900.0,59800.0,54600.0,59300.0,283291.0
2023-10-25 00:00:00+09:00,60200.0,60300.0,54200.0,54400.0,331641.0
2023-10-26 00:00:00+09:00,52000.0,53400.0,50700.0,50900.0,383984.0
2023-10-27 00:00:00+09:00,51100.0,53000.0,50500.0,50900.0,380796.0
2023-10-30 00:00:00+09:00,50900.0,52400.0,50600.0,51700.0,202875.0
2023-10-31 00:00:00+09:00,51700.0,51900.0,48300.0,49150.0,373744.0
2023-11-01 00:00:00+09:00,49450.0,50000.0,47950.0,48700.0,257804.0
2023-11-02 00:00:00+09:00,49800.0,51800.0,49300.0,50800.0,245693.0
2023-11-03 00:00:00+09:00,52400.0,52700.0,50800.0,52200.0,192861.0
2023-11-06 00:00:00+09:00,55500.0,57900.0,53900.0,57700.0,610218.0
2023-11-07 00:00:00+09:00,58100.0,58100.0,52700.0,54800.0,435492.0
2023-11-08 00:00:00+09:00,54800.0,55700.0,52900.0,53000.0,216375.0
2023-11-09 00:00:00+09:00,53000.0,55300.0,52200.0,53300.0,180900.0
2023-11-10 00:00:00+09:00,52100.0,52700.0,51600.0,51700.0,105638.0
2023-11-13 00:00:00+09:00,50900.0,51900.0,49050.0,49750.0,253588.0
2023-11-14 00:00:00+09:00,50100.0,51000.0,49800.0,50100.0,198988.0
2023-11-15 00:00:00+09:00,52100.0,52300.0,49000.0,49450.0,269814.0
2023-11-16 00:00:00+09:00,49750.0,50000.0,49100.0,49550.0,149795.0
2023-11-17 00:00:00+09:00,49150.0,49500.0,47250.0,47700.0,272688.0
2023-11-20 00:00:00+09:00,47650.0,49750.0,47600.0,49700.0,173306.0
2023-11-21 00:00:00+09:00,50300.0,50400.0,49000.0,49500.0,114564.0
2023-11-22 00:00:00+09:00,49450.0,50400.0,49050.0,50100.0,119868.0
2023-11-23 00:00:00+09:00,50300.0,51400.0,49700.0,50700.0,143701.0
2023-11-24 00:00:00+09:00,51000.0,51500.0,50500.0,50800.0,87670.0
2023-11-27 00:00:00+09:00,50800.0,51300.0,49550.0,49700.0,96327.0
2023-11-28 00:00:00+09:00,49700.0,50300.0,49550.0,49650.0,100024.0
2023-11-29 00:00:00+09:00,50200.0,50700.0,49450.0,50300.0,130663.0
2023-11-30 00:00:00+09:00,50000.0,52500.0,49700.0,52500.0,266811.0
2023-12-01 00:00:00+09:00,52500.0,52600.0,50800.0,51200.0,153082.0
2023-12-04 00:00:00+09:00,51600.0,51800.0,48800.0,49350.0,284526.0
2023-12-05 00:00:00+09:00,48850.0,49200.0,48050.0,48250.0,263233.0
2023-12-06 00:00:00+09:00,48250.0,49300.0,48000.0,48800.0,126157.0
2023-12-07 00:00:00+09:00,48500.0,49450.0,47650.0,49300.0,180437.0
2023-12-08 00:00:00+09:00,49800.0,49800.0,48700.0,49050.0,129759.0
2023-12-11 00:00:00+09:00,49200.0,49700.0,48600.0,49100.0,141772.0
2023-12-12 00:00:00+09:00,49100.0,50600.0,49050.0,50400.0,174441.0
2023-12-13 00:00:00+09:00,50000.0,50200.0,49200.0,49400.0,114401.0
2023-12-14 00:00:00+09:00,50100.0,51600.0,50100.0,51100.0,279340.0
2023-12-15 00:00:00+09:00,51500.0,52100.0,50500.0,51000.0,145175.0
2023-12-18 00:00:00+09:00,52000.0,52000.0,50500.0,51400.0,160557.0
2023-12-19 00:00:00+09:00,51200.0,51300.0,50000.0,51300.0,146231.0
2023-12-20 00:00:00+09:00,51600.0,53100.0,51300.0,51800.0,334921.0
2023-12-21 00:00:00+09:00,51000.0,52300.0,50800.0,51100.0,169228.0
2023-12-22 00:00:00+09:00,51600.0,51900.0,50200.0,50200.0,150226.0
2023-12-26 00:00:00+09:00,50200.0,50600.0,48900.0,49350.0,157999.0
2023-12-27 00:00:00+09:00,49700.0,50400.0,49500.0,49900.0,116015.0
2023-12-28 00:00:00+09:00,50000.0,50500.0,49400.0,50400.0,108540.0
2024-01-02 00:00:00+09:00,50100.0,50400.0,49400.0,49450.0,149257.0
2024-01-03 00:00:00+09:00,48950.0,49000.0,47850.0,48050.0,209920.0
2024-01-04 00:00:00+09:00,47600.0,48550.0,47600.0,47900.0,113845.0
2024-01-05 00:00:00+09:00,47950.0,48650.0,47450.0,48400.0,130333.0
2024-01-08 00:00:00+09:00,48500.0,48500.0,47750.0,47850.0,95685.0
2024-01-09 00:00:00+09:00,48000.0,48600.0,47800.0,47950.0,104718.0
2024-01-10 00:00:00+09:00,47850.0,47950.0,45500.0,45800.0,344310.0
2024-01-11 00:00:00+09:00,45650.0,46750.0,45550.0,45800.0,160986.0
2024-01-12 00:00:00+09:00,45350.0,45750.0,43800.0,44400.0,300027.0
2024-01-15 00:00:00+09:00,43800.0,44200.0,42650.0,43250.0,249648.0
2024-01-16 00:00:00+09:00,42950.0,44200.0,42400.0,42400.0,195814.0
2024-01-17 00:00:00+09:00,42800.0,42950.0,41050.0,41100.0,221839.0
2024-01-18 00:00:00+09:00,40900.0,43100.0,40700.0,41600.0,302466.0
2024-01-19 00:00:00+09:00,42000.0,42900.0,41100.0,41400.0,157087.0
2024-01-22 00:00:00+09:00,41400.0,41700.0,39900.0,40000.0,203104.0
2024-01-23 00:00:00+09:00,39700.0,40900.0,39700.0,40350.0,156031.0
2024-01-24 00:00:00+09:00,40000.0,40550.0,39300.0,40000.0,162725.0
2024-01-25 00:00:00+09:00,39600.0,39650.0,37950.0,38050.0,332649.0
2024-01-26 00:00:00+09:00,37300.0,40500.0,37300.0,39250.0,339237.0
2024-01-29 00:00:00+09:00,39750.0,39900.0,38400.0,38500.0,199157.0
2024-01-30 00:00:00+09:00,39150.0,39400.0,37200.0,37250.0,311312.0
2024-01-31 00:00:00+09:00,36600.0,37550.0,35900.0,36250.0,313121.0
2024-02-01 00:00:00+09:00,35800.0,36400.0,35000.0,36250.0,277062.0
2024-02-02 00:00:00+09:00,36650.0,37250.0,36000.0,36750.0,242675.0
2024-02-05 00:00:00+09:00,36850.0,37450.0,36500.0,36950.0,119239.0
2024-02-06 00:00:00+09:00,36600.0,36850.0,35900.0,36000.0,144789.0
2024-02-07 00:00:00+09:00,36400.0,37750.0,36400.0,36750.0,209135.0
2024-02-08 00:00:00+09:00,36950.0,38300.0,36850.0,38150.0,188439.0
2024-02-13 00:00:00+09:00,38150.0,39600.0,38000.0,39300.0,235453.0
2024-02-14 00:00:00+09:00,38900.0,39750.0,38150.0,39400.0,153026.0
2024-02-15 00:00:00+09:00,39900.0,41700.0,39800.0,40900.0,327500.0
2024-02-16 00:00:00+09:00,41850.0,41850.0,40300.0,40500.0,250416.0
2024-02-19 00:00:00+09:00,40000.0,41400.0,39800.0,40150.0,202438.0
2024-02-20 00:00:00+09:00,39950.0,42050.0,39250.0,41100.0,308604.0
2024-02-21 00:00:00+09:00,41600.0,46700.0,41150.0,43500.0,1380030.0
2024-02-22 00:00:00+09:00,43000.0,44300.0,42600.0,42950.0,281079.0
2024-02-23 00:00:00+09:00,43100.0,43500.0,41900.0,42300.0,243878.0
2024-02-26 00:00:00+09:00,42150.0,42150.0,41150.0,41350.0,169248.0
2024-02-27 00:00:00+09:00,41450.0,42250.0,40100.0,40300.0,186237.0
2024-02-28 00:00:00+09:00,40500.0,41250.0,40150.0,40350.0,132564.0
2024-02-29 00:00:00+09:00,40000.0,40650.0,39900.0,40300.0,115486.0
2024-03-04 00:00:00+09:00,40650.0,41350.0,40300.0,41200.0,174923.0
2024-03-05 00:00:00+09:00,41050.0,45000.0,40100.0,44050.0,865967.0
2024-03-06 00:00:00+09:00,47500.0,48200.0,45200.0,45900.0,1044441.0
2024-03-07 00:00:00+09:00,45900.0,45900.0,44150.0,44950.0,411630.0
2024-03-08 00:00:00+09:00,45000.0,47600.0,44650.0,44650.0,632847.0
2024-03-11 00:00:00+09:00,45100.0,46400.0,44500.0,44750.0,327281.0
2024-03-12 00:00:00+09:00,45150.0,46600.0,45100.0,45600.0,434467.0
2024-03-13 00:00:00+09:00,45800.0,45850.0,44450.0,44800.0,240516.0
2024-03-14 00:00:00+09:00,44800.0,45100.0,43800.0,44400.0,202022.0
2024-03-15 00:00:00+09:00,43550.0,43850.0,42800.0,43100.0,182279.0
2024-03-18 00:00:00+09:00,43000.0,44750.0,42700.0,44500.0,209052.0
2024-03-19 00:00:00+09:00,44700.0,45350.0,43500.0,44950.0,200991.0
2024-03-20 00:00:00+09:00,45600.0,45600.0,43650.0,43650.0,173619.0
2024-03-21 00:00:00+09:00,44000.0,44500.0,43800.0,43850.0,122104.0
2024-03-22 00:00:00+09:00,43850.0,44300.0,43500.0,44000.0,110706.0
2024-03-25 00:00:00+09:00,44100.0,44400.0,43000.0,43700.0,173294.0
2024-03-26 00:00:00+09:00,43700.0,44200.0,42300.0,42750.0,248101.0
2024-03-27 00:00:00+09:00,43000.0,43600.0,42200.0,42750.0,152529.0
2024-03-28 00:00:00+09:00,42800.0,43100.0,42150.0,42250.0,137114.0
2024-03-29 00:00:00+09:00,42000.0,42500.0,41300.0,41550.0,158577.0
2024-04-01 00:00:00+09:00,41550.0,42950.0,41500.0,42900.0,127082.0
2024-04-02 00:00:00+09:00,42650.0,42850.0,41550.0,41650.0,134453.0
2024-04-03 00:00:00+09:00,41100.0,41250.0,40100.0,40550.0,187534.0
2024-04-04 00:00:00+09:00,40600.0,41050.0,39700.0,40300.0,191869.0
2024-04-05 00:00:00+09:00,39900.0,40300.0,39100.0,39200.0,150659.0
2024-04-08 00:00:00+09:00,38850.0,40700.0,36300.0,39400.0,255531.0
2024-04-09 00:00:00+09:00,39750.0,42200.0,39750.0,40850.0,264440.0
2024-04-11 00:00:00+09:00,40000.0,41700.0,39750.0,40450.0,176104.0
2024-04-12 00:00:00+09:00,40500.0,41000.0,39350.0,39400.0,130700.0
2024-04-15 00:00:00+09:00,38350.0,38900.0,37750.0,38300.0,142253.0
2024-04-16 00:00:00+09:00,37850.0,38900.0,37550.0,38650.0,176318.0
2024-04-17 00:00:00+09:00,39900.0,40850.0,38650.0,38650.0,237172.0
2024-04-18 00:00:00+09:00,38650.0,39800.0,38550.0,39550.0,81419.0
2024-04-19 00:00:00+09:00,39050.0,39550.0,38200.0,38500.0,136566.0
2024-04-22 00:00:00+09:00,38550.0,39350.0,38050.0,38850.0,129084.0
2024-04-23 00:00:00+09:00,38550.0,39300.0,38300.0,38800.0,115378.0
2024-04-24 00:00:00+09:00,39500.0,40450.0,39200.0,40400.0,161033.0
2024-04-25 00:00:00+09:00,40500.0,40550.0,39200.0,39300.0,128668.0
2024-04-26 00:00:00+09:00,39850.0,40300.0,38650.0,38950.0,136971.0
2024-04-29 00:00:00+09:00,39250.0,40450.0,39000.0,40450.0,119193.0
2024-04-30 00:00:00+09:00,40600.0,41350.0,40000.0,40250.0,132805.0
2024-05-02 00:00:00+09:00,39900.0,40500.0,39850.0,40500.0,78979.0
2024-05-03 00:00:00+09:00,40500.0,41900.0,40500.0,41000.0,177075.0
2024-05-07 00:00:00+09:00,41900.0,42750.0,41400.0,41900.0,277571.0
2024-05-08 00:00:00+09:00,41700.0,42500.0,41450.0,42450.0,143504.0
2024-05-09 00:00:00+09:00,42550.0,42550.0,41200.0,41300.0,132873.0
2024-05-10 00:00:00+09:00,41500.0,44650.0,41100.0,43450.0,625490.0
2024-05-13 00:00:00+09:00,44150.0,45650.0,42500.0,45000.0,476674.0
2024-05-14 00:00:00+09:00,45400.0,45800.0,44150.0,44250.0,285501.0
2024-05-16 00:00:00+09:00,44600.0,45400.0,44000.0,44600.0,216736.0
2024-05-17 00:00:00+09:00,45250.0,46550.0,44500.0,44950.0,382961.0
2024-05-20 00:00:00+09:00,45100.0,45450.0,43850.0,44400.0,215791.0
2024-05-21 00:00:00+09:00,44400.0,44400.0,43250.0,43250.0,183434.0
2024-05-22 00:00:00+09:00,44250.0,47100.0,44200.0,46850.0,726703.0
2024-05-23 00:00:00+09:00,46850.0,47600.0,45500.0,46200.0,348640.0
2024-05-24 00:00:00+09:00,46150.0,47050.0,45450.0,46150.0,231979.0
2024-05-27 00:00:00+09:00,47500.0,50000.0,46950.0,49500.0,878799.0
2024-05-28 00:00:00+09:00,50200.0,50300.0,48500.0,49000.0,364512.0
2024-05-29 00:00:00+09:00,53600.0,62500.0,53000.0,60300.0,5484629.0
2024-05-30 00:00:00+09:00,63000.0,64000.0,57500.0,59600.0,2346381.0
2024-05-31 00:00:00+09:00,59000.0,67400.0,58900.0,66100.0,2866350.0
2024-06-03 00:00:00+09:00,67400.0,68700.0,64600.0,66500.0,1110062.0
2024-06-04 00:00:00+09:00,66000.0,71400.0,65600.0,69400.0,1145358.0
2024-06-05 00:00:00+09:00,72000.0,78500.0,70600.0,74800.0,2451096.0
2024-06-07 00:00:00+09:00,77000.0,82200.0,75600.0,78000.0,1525667.0
2024-06-10 00:00:00+09:00,79400.0,79500.0,75500.0,76700.0,678588.0
2024-06-11 00:00:00+09:00,75500.0,83000.0,75500.0,78900.0,1579169.0
2024-06-12 00:00:00+09:00,80500.0,83800.0,79200.0,80900.0,990009.0
2024-06-13 00:00:00+09:00,83000.0,85000.0,79900.0,83500.0,879425.0
2024-06-14 00:00:00+09:00,81800.0,82000.0,75600.0,80000.0,878346.0
2024-06-17 00:00:00+09:00,77700.0,84600.0,77700.0,84200.0,756466.0
2024-06-18 00:00:00+09:00,84300.0,88200.0,82400.0,84800.0,770637.0
2024-06-19 00:00:00+09:00,85100.0,89500.0,84000.0,84500.0,690736.0
2024-06-20 00:00:00+09:00,81300.0,84400.0,79000.0,80300.0,736292.0
2024-06-21 00:00:00+09:00,79500.0,81000.0,76500.0,76700.0,862624.0
2024-06-24 00:00:00+09:00,75800.0,76700.0,69700.0,71000.0,1142736.0
2024-06-25 00:00:00+09:00,71000.0,74500.0,70200.0,70400.0,624439.0
2024-06-26 00:00:00+09:00,72300.0,73300.0,67600.0,68000.0,778808.0
2024-06-27 00:00:00+09:00,70100.0,71000.0,66600.0,67100.0,633823.0
2024-06-28 00:00:00+09:00,66700.0,69500.0,66200.0,67200.0,473631.0
2024-07-01 00:00:00+09:00,67200.0,70500.0,66400.0,68000.0,516231.0
2024-07-02 00:00:00+09:00,68700.0,68900.0,64600.0,64700.0,570567.0
2024-07-03 00:00:00+09:00,66000.0,68900.0,65200.0,66000.0,866315.0
2024-07-04 00:00:00+09:00,66900.0,67500.0,63300.0,63600.0,499617.0
2024-07-05 00:00:00+09:00,63700.0,64500.0,61600.0,62300.0,499024.0
2024-07-08 00:00:00+09:00,62200.0,63800.0,61500.0,62000.0,342668.0
2024-07-09 00:00:00+09:00,62600.0,62700.0,59700.0,60700.0,565693.0
2024-07-10 00:00:00+09:00,60200.0,60600.0,58200.0,58900.0,639654.0
2024-07-11 00:00:00+09:00,59600.0,60100.0,57200.0,57800.0,784613.0
2024-07-12 00:00:00+09:00,58100.0,59100.0,57600.0,58500.0,423505.0
2024-07-15 00:00:00+09:00,58900.0,58900.0,56500.0,57200.0,388665.0
2024-07-16 00:00:00+09:00,57700.0,58500.0,55700.0,56600.0,493840.0
2024-07-17 00:00:00+09:00,57600.0,59000.0,54700.0,55000.0,534302.0
2024-07-18 00:00:00+09:00,53900.0,55200.0,53500.0,54300.0,340388.0
2024-07-19 00:00:00+09:00,54200.0,54900.0,53300.0,54100.0,302144.0
2024-07-22 00:00:00+09:00,53800.0,53800.0,51600.0,52000.0,381382.0
2024-07-23 00:00:00+09:00,52400.0,52600.0,50200.0,51200.0,413050.0
2024-07-24 00:00:00+09:00,50500.0,52900.0,50500.0,51700.0,367293.0
2024-07-25 00:00:00+09:00,50600.0,55600.0,50300.0,53100.0,928836.0
2024-07-26 00:00:00+09:00,54000.0,55400.0,51400.0,52700.0,542585.0
2024-07-29 00:00:00+09:00,52500.0,55300.0,52000.0,54200.0,358539.0
2024-07-30 00:00:00+09:00,54000.0,56300.0,53200.0,53800.0,490779.0
2024-07-31 00:00:00+09:00,54600.0,56000.0,54000.0,54400.0,418018.0
2024-08-01 00:00:00+09:00,55400.0,57100.0,54600.0,57100.0,433097.0
2024-08-02 00:00:00+09:00,55500.0,56400.0,52300.0,52500.0,541901.0
2024-08-05 00:00:00+09:00,51100.0,53400.0,45950.0,49200.0,837840.0
2024-08-06 00:00:00+09:00,50000.0,55000.0,50000.0,54500.0,644365.0
2024-08-07 00:00:00+09:00,54800.0,56600.0,53900.0,54400.0,506868.0
2024-08-08 00:00:00+09:00,53000.0,56400.0,52100.0,54600.0,576650.0
2024-08-09 00:00:00+09:00,56800.0,57700.0,55300.0,56200.0,517670.0
2024-08-12 00:00:00+09:00,57100.0,58500.0,54100.0,54100.0,802845.0
2024-08-13 00:00:00+09:00,54600.0,60600.0,51300.0,57800.0,2325873.0
2024-08-14 00:00:00+09:00,58200.0,59200.0,56700.0,57800.0,884323.0
2024-08-16 00:00:00+09:00,59100.0,59200.0,56600.0,56600.0,550587.0
2024-08-19 00:00:00+09:00,56000.0,57500.0,54600.0,55000.0,461258.0
2024-08-20 00:00:00+09:00,55500.0,56500.0,54200.0,56400.0,415139.0
2024-08-21 00:00:00+09:00,55500.0,56500.0,54900.0,56300.0,300641.0
2024-08-22 00:00:00+09:00,56100.0,57200.0,54900.0,55200.0,415355.0
2024-08-23 00:00:00+09:00,54400.0,54900.0,53400.0,54200.0,232300.0
2024-08-26 00:00:00+09:00,55000.0,55900.0,53700.0,53800.0,282712.0
2024-08-27 00:00:00+09:00,53800.0,54600.0,52800.0,54000.0,220295.0
2024-08-28 00:00:00+09:00,53800.0,55100.0,52900.0,53300.0,283780.0
2024-08-29 00:00:00+09:00,52300.0,55400.0,52000.0,54900.0,341966.0
2024-08-30 00:00:00+09:00,55600.0,57100.0,55100.0,56400.0,393764.0
2024-09-02 00:00:00+09:00,56800.0,58000.0,56100.0,57000.0,467342.0
2024-09-03 00:00:00+09:00,57800.0,57800.0,54000.0,54200.0,439902.0
2024-09-04 00:00:00+09:00,51300.0,53000.0,51100.0,51100.0,497556.0
2024-09-05 00:00:00+09:00,51800.0,52000.0,49450.0,50500.0,371533.0
2024-09-06 00:00:00+09:00,50400.0,50800.0,47450.0,47700.0,463980.0
2024-09-09 00:00:00+09:00,46050.0,49350.0,46000.0,48600.0,263074.0
2024-09-10 00:00:00+09:00,49150.0,49700.0,47000.0,47850.0,256746.0
2024-09-11 00:00:00+09:00,47850.0,49100.0,47550.0,48200.0,213479.0
2024-09-12 00:00:00+09:00,48900.0,50300.0,48700.0,50000.0,234053.0
2024-09-13 00:00:00+09:00,50100.0,50400.0,48850.0,49150.0,173761.0
2024-09-19 00:00:00+09:00,49350.0,50400.0,48850.0,49600.0,158422.0
2024-09-20 00:00:00+09:00,50300.0,50600.0,49000.0,49450.0,239059.0
2024-09-23 00:00:00+09:00,49500.0,51400.0,49100.0,50900.0,206255.0
2024-09-24 00:00:00+09:00,51500.0,54700.0,51100.0,54500.0,419179.0
2024-09-25 00:00:00+09:00,55500.0,58000.0,55300.0,56700.0,832691.0
2024-09-26 00:00:00+09:00,57300.0,58100.0,56300.0,57600.0,319433.0
2024-09-27 00:00:00+09:00,57800.0,58300.0,56400.0,58300.0,248266.0
2024-09-30 00:00:00+09:00,59000.0,59100.0,55800.0,56000.0,425748.0
2024-10-02 00:00:00+09:00,55000.0,58400.0,54800.0,57300.0,432547.0
2024-10-04 00:00:00+09:00,57500.0,58000.0,56500.0,56600.0,278036.0
2024-10-07 00:00:00+09:00,57600.0,61400.0,57600.0,60400.0,859461.0
2024-10-08 00:00:00+09:00,59800.0,62900.0,59500.0,61800.0,607084.0
2024-10-10 00:00:00+09:00,63500.0,64100.0,60700.0,61500.0,614124.0
2024-10-11 00:00:00+09:00,61500.0,61900.0,57200.0,58100.0,696346.0
2024-10-14 00:00:00+09:00,57700.0,58600.0,56300.0,57900.0,327626.0
2024-10-15 00:00:00+09:00,58000.0,58300.0,54800.0,56200.0,526173.0
2024-10-16 00:00:00+09:00,56200.0,56900.0,54900.0,55400.0,251009.0
2024-10-17 00:00:00+09:00,55200.0,56000.0,53500.0,53800.0,272428.0
2024-10-18 00:00:00+09:00,53700.0,54000.0,51800.0,52400.0,290137.0
2024-10-21 00:00:00+09:00,52300.0,53400.0,51900.0,53100.0,156078.0
2024-10-22 00:00:00+09:00,52500.0,53100.0,50500.0,50600.0,295829.0
2024-10-23 00:00:00+09:00,50600.0,52900.0,49850.0,52100.0,273514.0
2024-10-24 00:00:00+09:00,53000.0,53300.0,50800.0,51200.0,208587.0
2024-10-25 00:00:00+09:00,52500.0,52600.0,50500.0,50800.0,178117.0
2024-10-28 00:00:00+09:00,50700.0,53600.0,50700.0,53300.0,235975.0
2024-10-29 00:00:00+09:00,52800.0,53400.0,51700.0,53300.0,185958.0
2024-10-30 00:00:00+09:00,52700.0,53300.0,51900.0,51900.0,148007.0
2024-10-31 00:00:00+09:00,51000.0,52900.0,50600.0,52600.0,159642.0
2024-11-01 00:00:00+09:00,51700.0,52400.0,51000.0,51500.0,164854.0
2024-11-04 00:00:00+09:00,51600.0,54800.0,51100.0,54800.0,289043.0
2024-11-05 00:00:00+09:00,55300.0,56600.0,53900.0,54300.0,372288.0
2024-11-06 00:00:00+09:00,55700.0,55800.0,49300.0,49300.0,652309.0
2024-11-07 00:00:00+09:00,49400.0,51500.0,48100.0,49700.0,333065.0
2024-11-08 00:00:00+09:00,49850.0,52000.0,49850.0,50200.0,221409.0
2024-11-11 00:00:00+09:00,50200.0,51100.0,47100.0,47300.0,426327.0
2024-11-12 00:00:00+09:00,47700.0,48150.0,45000.0,46100.0,417680.0
2024-11-13 00:00:00+09:00,45500.0,47300.0,45100.0,45200.0,283044.0
2024-11-14 00:00:00+09:00,45300.0,46350.0,43500.0,43750.0,353174.0
2024-11-15 00:00:00+09:00,41850.0,42650.0,39750.0,41150.0,616771.0
2024-11-18 00:00:00+09:00,41450.0,44300.0,41450.0,43750.0,278182.0
2024-11-19 00:00:00+09:00,43950.0,45050.0,43100.0,44350.0,199533.0
2024-11-20 00:00:00+09:00,44450.0,45700.0,43800.0,44800.0,209692.0
2024-11-21 00:00:00+09:00,44800.0,47000.0,44600.0,46400.0,235447.0
2024-11-22 00:00:00+09:00,46750.0,47600.0,46000.0,46400.0,194414.0
2024-11-25 00:00:00+09:00,47600.0,48300.0,47200.0,48150.0,183323.0
2024-11-26 00:00:00+09:00,48350.0,49000.0,46500.0,47000.0,177847.0
2024-11-27 00:00:00+09:00,46800.0,47200.0,45200.0,45400.0,164303.0
2024-11-28 00:00:00+09:00,45450.0,46150.0,45100.0,45500.0,109780.0
2024-11-29 00:00:00+09:00,45200.0,45500.0,42900.0,43400.0,253057.0
2024-12-02 00:00:00+09:00,43950.0,44900.0,42400.0,42400.0,245377.0
2024-12-03 00:00:00+09:00,42450.0,44050.0,42450.0,43600.0,172547.0
2024-12-04 00:00:00+09:00,41950.0,43150.0,41850.0,42450.0,226547.0
2024-12-05 00:00:00+09:00,42550.0,42900.0,41050.0,41100.0,200274.0
2024-12-06 00:00:00+09:00,41000.0,42100.0,39950.0,41700.0,305212.0
2024-12-09 00:00:00+09:00,40400.0,41200.0,39400.0,39550.0,329139.0
2024-12-10 00:00:00+09:00,40100.0,41700.0,40000.0,41500.0,165685.0
2024-12-11 00:00:00+09:00,41500.0,43150.0,41200.0,41650.0,180792.0
2024-12-12 00:00:00+09:00,42250.0,42600.0,40900.0,42000.0,250815.0
2024-12-13 00:00:00+09:00,41800.0,42350.0,41550.0,41850.0,157730.0
2024-12-16 00:00:00+09:00,42400.0,42850.0,41550.0,42150.0,162759.0
2024-12-17 00:00:00+09:00,41850.0,42150.0,40050.0,40700.0,303424.0
2024-12-18 00:00:00+09:00,40400.0,42050.0,40400.0,41950.0,192221.0
2024-12-19 00:00:00+09:00,40750.0,41000.0,40050.0,40500.0,185939.0
2024-12-20 00:00:00+09:00,40550.0,40800.0,39150.0,39300.0,230311.0
2024-12-23 00:00:00+09:00,39650.0,40600.0,38850.0,40150.0,164414.0
2024-12-24 00:00:00+09:00,40500.0,41100.0,39400.0,39500.0,171144.0
2024-12-26 00:00:00+09:00,39800.0,39900.0,38200.0,38450.0,228625.0
2024-12-27 00:00:00+09:00,38300.0,38450.0,36750.0,37350.0,311505.0
2024-12-30 00:00:00+09:00,36900.0,38250.0,36600.0,37850.0,154309.0
2025-01-02 00:00:00+09:00,38000.0,38000.0,36900.0,37650.0,160176.0
2025-01-03 00:00:00+09:00,37400.0,40150.0,37400.0,39450.0,315718.0
2025-01-06 00:00:00+09:00,39650.0,40550.0,39250.0,40100.0,186471.0
2025-01-07 00:00:00+09:00,40300.0,41100.0,39650.0,39800.0,196592.0
2025-01-08 00:00:00+09:00,39500.0,40500.0,39100.0,40450.0,164877.0
2025-01-09 00:00:00+09:00,40150.0,40600.0,39700.0,40250.0,183124.0
2025-01-10 00:00:00+09:00,40250.0,40250.0,39200.0,39500.0,122958.0
2025-01-13 00:00:00+09:00,39500.0,39700.0,38700.0,38700.0,119590.0
2025-01-14 00:00:00+09:00,38950.0,41100.0,38850.0,40950.0,242658.0
2025-01-15 00:00:00+09:00,41000.0,41500.0,40100.0,40400.0,175287.0
2025-01-16 00:00:00+09:00,41500.0,42200.0,40800.0,41050.0,274554.0
2025-01-17 00:00:00+09:00,41000.0,41700.0,40250.0,40750.0,207849.0
2025-01-20 00:00:00+09:00,41300.0,43950.0,40750.0,42750.0,767792.0
2025-01-21 00:00:00+09:00,42500.0,42550.0,39400.0,39750.0,567712.0
2025-01-22 00:00:00+09:00,39800.0,41050.0,39700.0,40400.0,241648.0
2025-01-23 00:00:00+09:00,39900.0,39950.0,38500.0,38900.0,216080.0
2025-01-24 00:00:00+09:00,38900.0,39200.0,38200.0,38800.0,157242.0
2025-01-31 00:00:00+09:00,39150.0,41350.0,39000.0,40550.0,317733.0
2025-02-03 00:00:00+09:00,39750.0,39800.0,37550.0,37850.0,329387.0
2025-02-04 00:00:00+09:00,38650.0,39500.0,38100.0,38150.0,183064.0
2025-02-05 00:00:00+09:00,38150.0,39450.0,38150.0,38900.0,158004.0
2025-02-06 00:00:00+09:00,39650.0,39900.0,38950.0,39350.0,185825.0
2025-02-07 00:00:00+09:00,39450.0,40400.0,38700.0,39450.0,174001.0
2025-02-10 00:00:00+09:00,38850.0,40500.0,37800.0,40400.0,310174.0
2025-02-11 00:00:00+09:00,40250.0,40600.0,39450.0,39850.0,182617.0
2025-02-12 00:00:00+09:00,39550.0,40400.0,39350.0,39550.0,153346.0
2025-02-13 00:00:00+09:00,39600.0,41400.0,39600.0,41400.0,387924.0
2025-02-14 00:00:00+09:00,41750.0,42750.0,40650.0,41600.0,376398.0
2025-02-17 00:00:00+09:00,41600.0,47800.0,41000.0,46650.0,2114076.0
2025-02-18 00:00:00+09:00,47350.0,47650.0,46200.0,46700.0,554513.0
2025-02-19 00:00:00+09:00,46850.0,50700.0,46700.0,48300.0,1130501.0
2025-02-20 00:00:00+09:00,48300.0,49000.0,47200.0,47650.0,455134.0
2025-02-21 00:00:00+09:00,47650.0,48600.0,46800.0,48600.0,342597.0
2025-02-24 00:00:00+09:00,47950.0,49500.0,47600.0,49400.0,460119.0
2025-02-25 00:00:00+09:00,49250.0,49250.0,46600.0,46850.0,373217.0
2025-02-26 00:00:00+09:00,46050.0,48300.0,46050.0,48000.0,293287.0
2025-02-27 00:00:00+09:00,48150.0,48200.0,46900.0,47150.0,164924.0
2025-02-28 00:00:00+09:00,46000.0,46350.0,44350.0,44600.0,316971.0
2025-03-04 00:00:00+09:00,44100.0,45400.0,43550.0,44000.0,211976.0
2025-03-05 00:00:00+09:00,44150.0,45450.0,44100.0,45350.0,165274.0
2025-03-06 00:00:00+09:00,46150.0,46300.0,43500.0,43750.0,291815.0
2025-03-07 00:00:00+09:00,43200.0,45250.0,42950.0,44100.0,201141.0
2025-03-10 00:00:00+09:00,44000.0,44500.0,43100.0,43750.0,170526.0
2025-03-11 00:00:00+09:00,41950.0,42900.0,41550.0,42600.0,189349.0
2025-03-12 00:00:00+09:00,42900.0,43600.0,42350.0,43450.0,136987.0
2025-03-13 00:00:00+09:00,43900.0,44100.0,42600.0,42650.0,165881.0
2025-03-14 00:00:00+09:00,42550.0,44750.0,42500.0,43700.0,247120.0
2025-03-17 00:00:00+09:00,43700.0,44450.0,43400.0,44100.0,167353.0
2025-03-18 00:00:00+09:00,44450.0,44650.0,43100.0,43500.0,163617.0
2025-03-19 00:00:00+09:00,43150.0,44550.0,43100.0,44050.0,146776.0
2025-03-20 00:00:00+09:00,44800.0,45750.0,44300.0,44350.0,240420.0
2025-03-21 00:00:00+09:00,44750.0,46150.0,43750.0,45800.0,278961.0
2025-03-24 00:00:00+09:00,46000.0,46300.0,44550.0,44750.0,112653.0
2025-03-25 00:00:00+09:00,45200.0,45800.0,43300.0,43400.0,133334.0
2025-03-26 00:00:00+09:00,43400.0,44550.0,43150.0,44000.0,100961.0
2025-03-27 00:00:00+09:00,43400.0,44000.0,42550.0,42700.0,90802.0
2025-03-28 00:00:00+09:00,42700.0,42950.0,40500.0,41100.0,144897.0
2025-03-31 00:00:00+09:00,39950.0,40500.0,38050.0,38850.0,212783.0
2025-04-01 00:00:00+09:00,39100.0,41000.0,38350.0,39550.0,176807.0
2025-04-02 00:00:00+09:00,39800.0,40450.0,38600.0,39200.0,135059.0
2025-04-03 00:00:00+09:00,37950.0,39000.0,37800.0,38350.0,129431.0
2025-04-04 00:00:00+09:00,37650.0,40900.0,37650.0,40400.0,232985.0
2025-04-07 00:00:00+09:00,39000.0,39200.0,37000.0,37150.0,283980.0
2025-04-08 00:00:00+09:00,38000.0,38300.0,36450.0,36500.0,139130.0
2025-04-09 00:00:00+09:00,35900.0,36950.0,34200.0,34700.0,239936.0
2025-04-10 00:00:00+09:00,37400.0,38600.0,36850.0,38600.0,222770.0
2025-04-11 00:00:00+09:00,37350.0,38500.0,37000.0,38500.0,125418.0
2025-04-14 00:00:00+09:00,39000.0,39700.0,38700.0,39250.0,91979.0
2025-04-15 00:00:00+09:00,40000.0,41000.0,39450.0,40750.0,158952.0
2025-04-16 00:00:00+09:00,40750.0,41250.0,39400.0,39600.0,111206.0
2025-04-17 00:00:00+09:00,39400.0,40300.0,38950.0,40250.0,86674.0
2025-04-18 00:00:00+09:00,40200.0,40500.0,39600.0,40350.0,63191.0
2025-04-21 00:00:00+09:00,40150.0,41000.0,39900.0,39900.0,67065.0
2025-04-22 00:00:00+09:00,39700.0,40650.0,39400.0,39750.0,68675.0
2025-04-23 00:00:00+09:00,40800.0,41650.0,40500.0,41600.0,132225.0
2025-04-24 00:00:00+09:00,41850.0,42000.0,40850.0,41100.0,122015.0
2025-04-25 00:00:00+09:00,41800.0,42050.0,41400.0,41650.0,79226.0
2025-04-28 00:00:00+09:00,42250.0,42900.0,41475.0,41550.0,107096.0
2025-04-29 00:00:00+09:00,42000.0,42000.0,39000.0,41350.0,80160.0
2025-04-30 00:00:00+09:00,41400.0,41800.0,40250.0,40600.0,85463.0
2025-05-02 00:00:00+09:00,40450.0,40950.0,40000.0,40550.0,58156.0
2025-05-07 00:00:00+09:00,41250.0,41250.0,39950.0,40200.0,75202.0
2025-05-08 00:00:00+09:00,40250.0,40950.0,40250.0,40700.0,103450.0
2025-05-09 00:00:00+09:00,40900.0,41000.0,39400.0,39700.0,113019.0
2025-05-12 00:00:00+09:00,39900.0,41000.0,39900.0,40950.0,92760.0
2025-05-13 00:00:00+09:00,41100.0,41600.0,37400.0,38750.0,346996.0
2025-05-14 00:00:00+09:00,38750.0,39050.0,37450.0,38250.0,164994.0
2025-05-15 00:00:00+09:00,38250.0,38500.0,37600.0,37700.0,122012.0
2025-05-16 00:00:00+09:00,37550.0,37800.0,36550.0,36650.0,172055.0
2025-05-19 00:00:00+09:00,36000.0,37000.0,35550.0,36000.0,174268.0
2025-05-20 00:00:00+09:00,36300.0,36500.0,34550.0,34650.0,202900.0
2025-05-21 00:00:00+09:00,34650.0,35000.0,33500.0,33700.0,246998.0
2025-05-22 00:00:00+09:00,33500.0,33700.0,32100.0,32950.0,278369.0
2025-05-23 00:00:00+09:00,33550.0,33700.0,31225.0,31350.0,312804.0
2025-05-26 00:00:00+09:00,30600.0,32500.0,30600.0,31200.0,275828.0
2025-05-27 00:00:00+09:00,31250.0,31400.0,29700.0,30150.0,250470.0
2025-05-28 00:00:00+09:00,31050.0,31750.0,30200.0,31400.0,336355.0
2025-05-29 00:00:00+09:00,31500.0,32150.0,30800.0,31400.0,285554.0
2025-05-30 00:00:00+09:00,31150.0,32350.0,30650.0,31450.0,192022.0
2025-06-02 00:00:00+09:00,31800.0,32200.0,31300.0,31650.0,154362.0
2025-06-04 00:00:00+09:00,32000.0,33150.0,32000.0,32150.0,177114.0
2025-06-05 00:00:00+09:00,32150.0,33450.0,32050.0,32850.0,199061.0
2025-06-09 00:00:00+09:00,32800.0,32850.0,31600.0,32050.0,158550.0
2025-06-10 00:00:00+09:00,32300.0,32500.0,31550.0,31750.0,136820.0
2025-06-11 00:00:00+09:00,31850.0,32550.0,31800.0,32200.0,120231.0
2025-06-12 00:00:00+09:00,32300.0,33550.0,32050.0,32650.0,249586.0
2025-06-13 00:00:00+09:00,32500.0,32700.0,31000.0,31250.0,223742.0
2025-06-16 00:00:00+09:00,31250.0,31400.0,30450.0,30850.0,120479.0
2025-06-17 00:00:00+09:00,30900.0,31650.0,30400.0,30750.0,153057.0
2025-06-18 00:00:00+09:00,30450.0,31200.0,30450.0,30650.0,116613.0
2025-06-19 00:00:00+09:00,30850.0,31000.0,30250.0,30550.0,132836.0
2025-06-20 00:00:00+09:00,30600.0,32150.0,30350.0,31550.0,212598.0
2025-06-23 00:00:00+09:00,30800.0,31000.0,30150.0,30400.0,170178.0
2025-06-24 00:00:00+09:00,31100.0,32500.0,31050.0,32400.0,269635.0
2025-06-25 00:00:00+09:00,32800.0,32800.0,32000.0,32350.0,138483.0
2025-06-26 00:00:00+09:00,32800.0,32900.0,31600.0,32100.0,147313.0
2025-06-27 00:00:00+09:00,32300.0,32300.0,30800.0,31150.0,135638.0
2025-06-30 00:00:00+09:00,31250.0,31800.0,30900.0,30950.0,101834.0
2025-07-01 00:00:00+09:00,31050.0,31800.0,30750.0,31300.0,122246.0
2025-07-02 00:00:00+09:00,31050.0,31350.0,30700.0,31300.0,112273.0
2025-07-03 00:00:00+09:00,31600.0,33100.0,31400.0,32650.0,267566.0
2025-07-04 00:00:00+09:00,32400.0,32450.0,31700.0,31900.0,109765.0
2025-07-07 00:00:00+09:00,32100.0,32100.0,31050.0,31200.0,106569.0
2025-07-08 00:00:00+09:00,31200.0,31950.0,30900.0,31050.0,111582.0
2025-07-09 00:00:00+09:00,31350.0,31500.0,30900.0,31000.0,83389.0
2025-07-10 00:00:00+09:00,31150.0,31300.0,30900.0,31200.0,104046.0
2025-07-11 00:00:00+09:00,31750.0,32950.0,31700.0,32000.0,216901.0
2025-07-14 00:00:00+09:00,32750.0,32950.0,32150.0,32550.0,170618.0
2025-07-15 00:00:00+09:00,32400.0,32500.0,32000.0,32350.0,101710.0
2025-07-16 00:00:00+09:00,32300.0,32350.0,31600.0,31900.0,109925.0
2025-07-17 00:00:00+09:00,32050.0,32200.0,31450.0,31800.0,103333.0
2025-07-18 00:00:00+09:00,32100.0,33150.0,32100.0,32700.0,335018.0
2025-07-21 00:00:00+09:00,33300.0,34250.0,33000.0,34000.0,294244.0
2025-07-22 00:00:00+09:00,34700.0,34750.0,32650.0,32950.0,233515.0
2025-07-23 00:00:00+09:00,33700.0,33750.0,32700.0,33600.0,152107.0
2025-07-24 00:00:00+09:00,33400.0,34750.0,33250.0,34250.0,230495.0
2025-07-25 00:00:00+09:00,34000.0,34300.0,33550.0,34050.0,115377.0
2025-07-28 00:00:00+09:00,34150.0,34850.0,33700.0,34350.0,175218.0
2025-07-29 00:00:00+09:00,33900.0,34100.0,33150.0,33950.0,164653.0
2025-07-30 00:00:00+09:00,33900.0,34700.0,33650.0,34200.0,181268.0
2025-07-31 00:00:00+09:00,36300.0,36400.0,34500.0,34950.0,424551.0
2025-08-01 00:00:00+09:00,34500.0,35100.0,33400.0,33600.0,187463.0
2025-08-04 00:00:00+09:00,33700.0,34400.0,33400.0,33950.0,102725.0
2025-08-05 00:00:00+09:00,34300.0,36150.0,34300.0,35750.0,271574.0
2025-08-06 00:00:00+09:00,35550.0,36250.0,35350.0,35800.0,179449.0
2025-08-07 00:00:00+09:00,36100.0,36100.0,35400.0,35600.0,95526.0
2025-08-08 00:00:00+09:00,35700.0,36350.0,35450.0,35800.0,98023.0
2025-08-11 00:00:00+09:00,36050.0,37100.0,36050.0,36650.0,257493.0
2025-08-12 00:00:00+09:00,36400.0,37100.0,35800.0,36100.0,173777.0
2025-08-13 00:00:00+09:00,36900.0,37050.0,36250.0,36800.0,146677.0
2025-08-14 00:00:00+09:00,37050.0,38600.0,36700.0,38600.0,233201.0
2025-08-18 00:00:00+09:00,38500.0,38550.0,37000.0,37250.0,205037.0
2025-08-19 00:00:00+09:00,37850.0,40600.0,37800.0,39800.0,701205.0
2025-08-20 00:00:00+09:00,38900.0,40450.0,38800.0,40250.0,374399.0
2025-08-21 00:00:00+09:00,40600.0,41950.0,40100.0,41150.0,299073.0
2025-08-22 00:00:00+09:00,40750.0,41200.0,40050.0,40900.0,212664.0
2025-08-25 00:00:00+09:00,41400.0,41625.0,39950.0,40400.0,236281.0
2025-08-26 00:00:00+09:00,40000.0,41500.0,40000.0,40650.0,239135.0
2025-08-27 00:00:00+09:00,41100.0,41250.0,40250.0,40250.0,132944.0
2025-08-28 00:00:00+09:00,40200.0,40250.0,38650.0,39000.0,255625.0
2025-08-29 00:00:00+09:00,39200.0,39200.0,37800.0,38450.0,226794.0
2025-09-01 00:00:00+09:00,38350.0,39100.0,37550.0,37750.0,137504.0
2025-09-02 00:00:00+09:00,38100.0,38300.0,36950.0,37200.0,142506.0
2025-09-03 00:00:00+09:00,37350.0,38100.0,36850.0,37300.0,133186.0
2025-09-04 00:00:00+09:00,38000.0,38200.0,36850.0,37750.0,115840.0
2025-09-05 00:00:00+09:00,38050.0,38950.0,37600.0,38100.0,109722.0
2025-09-08 00:00:00+09:00,37750.0,38200.0,37200.0,37850.0,96632.0
2025-09-09 00:00:00+09:00,37900.0,38150.0,37500.0,37900.0,103715.0
2025-09-10 00:00:00+09:00,37750.0,38150.0,37400.0,38100.0,102075.0
2025-09-11 00:00:00+09:00,38100.0,38500.0,37500.0,38500.0,161204.0
2025-09-12 00:00:00+09:00,38900.0,39200.0,37950.0,38050.0,181348.0
2025-09-15 00:00:00+09:00,38250.0,38800.0,37200.0,37350.0,206867.0
2025-09-16 00:00:00+09:00,37650.0,38000.0,37250.0,37400.0,119938.0
2025-09-17 00:00:00+09:00,37450.0,38000.0,37050.0,37650.0,109215.0
2025-09-18 00:00:00+09:00,37900.0,38350.0,37250.0,38150.0,179869.0
2025-09-19 00:00:00+09:00,37900.0,37900.0,37350.0,37500.0,157836.0
2025-09-22 00:00:00+09:00,37350.0,37900.0,37000.0,37050.0,162388.0
2025-09-23 00:00:00+09:00,37050.0,37750.0,36500.0,37650.0,125021.0
2025-09-24 00:00:00+09:00,37950.0,38200.0,36050.0,36650.0,179139.0
2025-09-25 00:00:00+09:00,36650.0,37250.0,36375.0,36850.0,96717.0
2025-09-26 00:00:00+09:00,36400.0,36600.0,35050.0,35100.0,149516.0
2025-09-29 00:00:00+09:00,35150.0,35250.0,34500.0,34850.0,98063.0
2025-09-30 00:00:00+09:00,34750.0,35000.0,34150.0,34150.0,98134.0
2025-10-01 00:00:00+09:00,34150.0,34600.0,33875.0,34500.0,80371.0
2025-10-02 00:00:00+09:00,35000.0,35500.0,34750.0,35250.0,144617.0
2025-10-10 00:00:00+09:00,35200.0,35200.0,33900.0,34450.0,115529.0
2025-10-13 00:00:00+09:00,33850.0,35900.0,33500.0,35350.0,146974.0
2025-10-14 00:00:00+09:00,35600.0,37750.0,35400.0,37400.0,340410.0
2025-10-15 00:00:00+09:00,38000.0,38000.0,36650.0,37700.0,161870.0
2025-10-16 00:00:00+09:00,38150.0,39500.0,37950.0,39250.0,471125.0
2025-10-17 00:00:00+09:00,39600.0,42700.0,38750.0,41050.0,868047.0
2025-10-20 00:00:00+09:00,41650.0,44950.0,40100.0,42650.0,1050008.0
2025-10-21 00:00:00+09:00,42250.0,43400.0,41250.0,41900.0,494402.0
2025-10-22 00:00:00+09:00,43000.0,44500.0,42100.0,42950.0,368275.0
2025-10-23 00:00:00+09:00,43100.0,43450.0,42200.0,42400.0,243069.0
2025-10-24 00:00:00+09:00,42600.0,47400.0,42600.0,46700.0,971416.0
2025-10-27 00:00:00+09:00,50400.0,50400.0,46600.0,47400.0,738837.0
2025-10-28 00:00:00+09:00,46500.0,47650.0,45250.0,47200.0,336580.0
2025-10-29 00:00:00+09:00,46750.0,46750.0,45450.0,46050.0,254987.0
2025-10-30 00:00:00+09:00,45500.0,46650.0,43800.0,44350.0,357438.0
2025-10-31 00:00:00+09:00,43300.0,44550.0,43250.0,43250.0,185893.0
2025-11-03 00:00:00+09:00,44200.0,44200.0,42900.0,43650.0,214625.0
2025-11-04 00:00:00+09:00,45100.0,45500.0,43550.0,43600.0,180120.0
2025-11-05 00:00:00+09:00,42650.0,42900.0,40400.0,42100.0,215289.0
2025-11-06 00:00:00+09:00,43000.0,44350.0,42350.0,43500.0,244544.0
2025-11-07 00:00:00+09:00,42750.0,43200.0,40700.0,41550.0,173884.0
2025-11-10 00:00:00+09:00,42000.0,42800.0,41200.0,42600.0,181168.0
2025-11-11 00:00:00+09:00,43150.0,44300.0,39900.0,40700.0,460966.0
2025-11-12 00:00:00+09:00,41100.0,42200.0,40600.0,41950.0,155143.0
2025-11-13 00:00:00+09:00,42150.0,45200.0,41850.0,45200.0,442522.0
2025-11-14 00:00:00+09:00,43950.0,44200.0,42650.0,42700.0,228230.0
2025-11-17 00:00:00+09:00,43650.0,43700.0,41900.0,43050.0,157212.0
2025-11-18 00:00:00+09:00,43100.0,43500.0,40800.0,40900.0,162246.0
2025-11-19 00:00:00+09:00,40950.0,41350.0,39500.0,39800.0,141456.0
2025-11-20 00:00:00+09:00,40400.0,41150.0,40250.0,40450.0,99856.0
2025-11-21 00:00:00+09:00,39250.0,39500.0,38500.0,38600.0,108613.0
2025-11-24 00:00:00+09:00,39100.0,39100.0,37650.0,37850.0,118037.0
2025-11-25 00:00:00+09:00,38700.0,38950.0,37900.0,37900.0,83692.0
2025-11-26 00:00:00+09:00,38300.0,40000.0,38300.0,39800.0,102903.0
2025-11-27 00:00:00+09:00,40500.0,40500.0,39550.0,39700.0,73644.0
2025-11-28 00:00:00+09:00,40550.0,41200.0,40150.0,41100.0,123130.0
2025-12-01 00:00:00+09:00,41750.0,42250.0,41250.0,41600.0,134777.0
2025-12-02 00:00:00+09:00,41750.0,42400.0,41350.0,42100.0,86564.0
2025-12-03 00:00:00+09:00,42450.0,42650.0,41850.0,42200.0,81477.0
2025-12-04 00:00:00+09:00,42350.0,42750.0,41000.0,41150.0,114292.0
2025-12-05 00:00:00+09:00,41000.0,41950.0,40650.0,41500.0,117564.0
2025-12-08 00:00:00+09:00,41700.0,43350.0,41400.0,43300.0,218214.0
2025-12-09 00:00:00+09:00,42500.0,43650.0,42250.0,43250.0,142724.0
2025-12-10 00:00:00+09:00,44000.0,44100.0,42100.0,42600.0,133654.0
2025-12-11 00:00:00+09:00,42800.0,42800.0,41350.0,42450.0,177308.0
2025-12-12 00:00:00+09:00,42450.0,42600.0,41700.0,42100.0,107152.0
2025-12-15 00:00:00+09:00,41400.0,43100.0,41100.0,42500.0,135600.0
2025-12-16 00:00:00+09:00,42400.0,42500.0,40000.0,40250.0,176437.0
2025-12-17 00:00:00+09:00,40300.0,40750.0,39850.0,40200.0,74683.0
2025-12-18 00:00:00+09:00,38950.0,39050.0,38300.0,38450.0,124162.0
2025-12-19 00:00:00+09:00,39000.0,39000.0,36650.0,37950.0,175914.0
2025-12-22 00:00:00+09:00,38850.0,40950.0,38200.0,39600.0,143920.0
2025-12-23 00:00:00+09:00,39700.0,40050.0,39350.0,39550.0,75295.0
2025-12-24 00:00:00+09:00,39600.0,40150.0,39150.0,39350.0,91738.0
2025-12-26 00:00:00+09:00,39750.0,40000.0,38950.0,39350.0,89156.0
2025-12-29 00:00:00+09:00,38700.0,39600.0,38300.0,39000.0,86537.0
2025-12-30 00:00:00+09:00,38450.0,38800.0,37450.0,37600.0,133641.0
2026-01-02 00:00:00+09:00,37550.0,37550.0,36000.0,36600.0,139505.0
2026-01-05 00:00:00+09:00,36150.0,38500.0,36150.0,37700.0,145402.0
2026-01-06 00:00:00+09:00,38500.0,38550.0,37500.0,37800.0,122197.0
2026-01-07 00:00:00+09:00,37750.0,38150.0,36350.0,36750.0,134321.0
2026-01-08 00:00:00+09:00,36750.0,36800.0,35400.0,36550.0,172373.0
2026-01-09 00:00:00+09:00,36550.0,36650.0,35000.0,35700.0,109091.0
2026-01-12 00:00:00+09:00,35600.0,38150.0,35300.0,36950.0,236433.0
2026-01-13 00:00:00+09:00,37150.0,37800.0,36550.0,37750.0,159848.0
2026-01-14 00:00:00+09:00,37700.0,37750.0,36700.0,36950.0,104998.0
2026-01-15 00:00:00+09:00,37000.0,37850.0,36500.0,37550.0,150345.0
2026-01-16 00:00:00+09:00,38100.0,38500.0,37050.0,37150.0,130062.0
2026-01-19 00:00:00+09:00,37350.0,40150.0,37200.0,39900.0,313990.0
2026-01-20 00:00:00+09:00,39850.0,40850.0,39100.0,39950.0,237920.0
2026-01-21 00:00:00+09:00,39000.0,39450.0,38300.0,39100.0,186098.0
2026-01-22 00:00:00+09:00,40000.0,44200.0,39700.0,43950.0,1107508.0
2026-01-23 00:00:00+09:00,46500.0,46500.0,42250.0,43950.0,667347.0
2026-01-26 00:00:00+09:00,46050.0,47750.0,45750.0,47750.0,1020253.0
2026-01-27 00:00:00+09:00,47000.0,49200.0,46800.0,48000.0,611774.0
2026-01-28 00:00:00+09:00,48350.0,51300.0,48100.0,51200.0,851726.0
2026-01-29 00:00:00+09:00,54300.0,55200.0,49850.0,53900.0,861570.0
2026-01-30 00:00:00+09:00,54000.0,57000.0,52700.0,52900.0,726524.0
2026-02-02 00:00:00+09:00,52300.0,57500.0,50700.0,50900.0,934006.0
2026-02-03 00:00:00+09:00,53400.0,53900.0,51000.0,53600.0,410758.0
2026-02-04 00:00:00+09:00,52700.0,55400.0,52000.0,54100.0,415030.0
2026-02-05 00:00:00+09:00,53000.0,53800.0,50700.0,51100.0,344319.0
2026-02-06 00:00:00+09:00,48450.0,49550.0,47300.0,48100.0,303057.0
2026-02-09 00:00:00+09:00,50200.0,55500.0,49700.0,53900.0,609752.0
2026-02-10 00:00:00+09:00,54700.0,54900.0,51700.0,51900.0,249464.0
2026-02-11 00:00:00+09:00,51800.0,52000.0,50200.0,50300.0,190447.0
2026-02-12 00:00:00+09:00,50700.0,53400.0,49600.0,53400.0,351466.0
2026-02-13 00:00:00+09:00,51900.0,52000.0,50200.0,51200.0,259725.0
2026-02-19 00:00:00+09:00,52400.0,53300.0,51000.0,53100.0,317490.0
2026-02-20 00:00:00+09:00,53300.0,53700.0,52100.0,53300.0,215865.0
2026-02-23 00:00:00+09:00,54500.0,54800.0,51400.0,51800.0,264813.0
2026-02-24 00:00:00+09:00,52400.0,54800.0,51500.0,53100.0,376327.0
2026-02-25 00:00:00+09:00,54900.0,55800.0,52700.0,54500.0,387140.0
2026-02-26 00:00:00+09:00,55900.0,55900.0,53500.0,54300.0,292854.0
2026-02-27 00:00:00+09:00,53500.0,55600.0,53000.0,54700.0,256946.0
2026-03-03 00:00:00+09:00,52800.0,55100.0,49500.0,49500.0,377235.0
2026-03-04 00:00:00+09:00,47650.0,49000.0,41000.0,41550.0,475324.0
2026-03-05 00:00:00+09:00,45300.0,49800.0,45000.0,47600.0,389240.0
2026-03-06 00:00:00+09:00,48300.0,51500.0,47650.0,50800.0,289445.0
2026-03-09 00:00:00+09:00,47700.0,49950.0,47000.0,49000.0,246855.0
2026-03-10 00:00:00+09:00,51900.0,52000.0,48800.0,49550.0,221270.0
2026-03-11 00:00:00+09:00,50500.0,51100.0,48150.0,48800.0,240351.0
2026-03-12 00:00:00+09:00,48300.0,49550.0,47600.0,49000.0,227879.0
2026-03-13 00:00:00+09:00,47200.0,48500.0,46300.0,47900.0,306704.0
2026-03-16 00:00:00+09:00,47900.0,48250.0,46300.0,46550.0,114137.0
2026-03-17 00:00:00+09:00,47650.0,47950.0,46750.0,46750.0,121193.0
2026-03-18 00:00:00+09:00,48200.0,48200.0,47450.0,47950.0,104261.0
2026-03-19 00:00:00+09:00,46500.0,47200.0,46150.0,46750.0,105925.0
2026-03-20 00:00:00+09:00,47700.0,49000.0,47150.0,47900.0,219226.0
2026-03-23 00:00:00+09:00,46550.0,48450.0,45350.0,47200.0,204473.0
2026-03-24 00:00:00+09:00,48300.0,49350.0,47350.0,48450.0,187898.0
2026-03-25 00:00:00+09:00,48650.0,50300.0,48250.0,49700.0,184097.0
2026-03-26 00:00:00+09:00,50200.0,50700.0,48350.0,48450.0,176383.0
2026-03-27 00:00:00+09:00,47500.0,51200.0,46950.0,50700.0,253514.0
2026-03-30 00:00:00+09:00,49050.0,50600.0,48700.0,49350.0,166405.0
2026-03-31 00:00:00+09:00,49800.0,49900.0,47200.0,47300.0,167123.0
2026-04-01 00:00:00+09:00,49150.0,50400.0,48800.0,49950.0,151300.0
2026-04-02 00:00:00+09:00,50100.0,51200.0,47100.0,47650.0,253323.0
2026-04-03 00:00:00+09:00,48700.0,48950.0,46950.0,47150.0,119546.0
2026-04-06 00:00:00+09:00,47550.0,48500.0,46750.0,47100.0,173902.0
2026-04-07 00:00:00+09:00,47700.0,49900.0,47050.0,47300.0,215482.0
2026-04-08 00:00:00+09:00,49500.0,49750.0,47650.0,49450.0,164084.0
2026-04-09 00:00:00+09:00,49000.0,50300.0,48750.0,49750.0,183827.0
2026-04-10 00:00:00+09:00,50200.0,50400.0,49250.0,49550.0,131250.0
2026-04-13 00:00:00+09:00,49300.0,50800.0,49000.0,49850.0,145105.0
2026-04-14 00:00:00+09:00,51100.0,51200.0,49750.0,50000.0,133486.0
2026-04-15 00:00:00+09:00,50700.0,52300.0,50500.0,51900.0,264343.0
2026-04-16 00:00:00+09:00,53100.0,53400.0,51900.0,53000.0,174634.0
2026-04-17 00:00:00+09:00,53000.0,54400.0,52200.0,54000.0,212240.0
2026-04-20 00:00:00+09:00,54100.0,55900.0,53500.0,54700.0,263774.0
2026-04-21 00:00:00+09:00,56500.0,61600.0,55300.0,60900.0,935263.0
2026-04-22 00:00:00+09:00,61700.0,62000.0,58000.0,59200.0,450405.0
2026-04-23 00:00:00+09:00,60100.0,60300.0,55100.0,56300.0,357185.0
2026-04-24 00:00:00+09:00,56900.0,58900.0,55800.0,58300.0,258191.0
2026-04-27 00:00:00+09:00,60200.0,60200.0,58200.0,58400.0,198248.0
2026-04-28 00:00:00+09:00,59100.0,59700.0,57100.0,58000.0,250424.0
2026-04-29 00:00:00+09:00,57500.0,58300.0,56800.0,57600.0,161640.0
2026-04-30 00:00:00+09:00,57700.0,57900.0,55700.0,56000.0,192375.0
2026-05-04 00:00:00+09:00,57500.0,58900.0,57200.0,58000.0,206076.0
2026-05-06 00:00:00+09:00,59400.0,59400.0,57200.0,57900.0,224329.0
2026-05-07 00:00:00+09:00,57600.0,57800.0,56000.0,56700.0,159103.0
2026-05-08 00:00:00+09:00,56700.0,57200.0,55200.0,56600.0,144150.0
2026-05-11 00:00:00+09:00,57000.0,57100.0,53400.0,53600.0,224556.0
2026-05-12 00:00:00+09:00,54000.0,54800.0,50000.0,51300.0,292633.0
2026-05-13 00:00:00+09:00,50200.0,50800.0,49000.0,49350.0,242242.0
2026-05-14 00:00:00+09:00,50300.0,50800.0,47300.0,49950.0,314390.0
2026-05-15 00:00:00+09:00,50400.0,51500.0,46050.0,47300.0,236661.0
2026-05-18 00:00:00+09:00,47300.0,47500.0,44550.0,47100.0,152905.0
2026-05-19 00:00:00+09:00,47650.0,47800.0,44300.0,45050.0,175546.0
2026-05-20 00:00:00+09:00,45050.0,45200.0,41750.0,42400.0,234577.0
2026-05-21 00:00:00+09:00,43900.0,45350.0,43400.0,45000.0,148591.0
2026-05-22 00:00:00+09:00,46850.0,48300.0,45800.0,47700.0,241398.0
2026-05-26 00:00:00+09:00,49700.0,50700.0,48250.0,48450.0,225550.0
2026-05-27 00:00:00+09:00,48950.0,49050.0,45850.0,45900.0,209872.0
2026-05-28 00:00:00+09:00,47450.0,47950.0,44650.0,47200.0,260284.0
2026-05-29 00:00:00+09:00,46900.0,47000.0,45000.0,46450.0,178167.0
2026-06-01 00:00:00+09:00,45200.0,46750.0,44700.0,44800.0,186457.0
2026-06-02 00:00:00+09:00,44200.0,45900.0,42550.0,42950.0,222143.0
2026-06-04 00:00:00+09:00,43800.0,45100.0,42950.0,43700.0,115889.0
2026-06-05 00:00:00+09:00,43700.0,44000.0,40550.0,40750.0,183508.0
2026-06-08 00:00:00+09:00,38500.0,40000.0,37500.0,38400.0,173558.0
2026-06-09 00:00:00+09:00,38400.0,40300.0,37550.0,39300.0,183809.0
2026-06-10 00:00:00+09:00,38500.0,40450.0,38300.0,39200.0,129404.0
2026-06-11 00:00:00+09:00,37900.0,39850.0,37350.0,39850.0,246794.0
2026-06-12 00:00:00+09:00,41600.0,42550.0,40750.0,41650.0,200760.0
2026-06-15 00:00:00+09:00,43400.0,44000.0,42750.0,44000.0,127847.0
2026-06-16 00:00:00+09:00,44100.0,44200.0,42800.0,42950.0,95866.0
2026-06-17 00:00:00+09:00,43200.0,43500.0,42150.0,42800.0,100599.0
2026-06-18 00:00:00+09:00,42050.0,42400.0,40950.0,41100.0,116012.0
2026-06-19 00:00:00+09:00,40950.0,42450.0,39700.0,40100.0,169134.0
2026-06-22 00:00:00+09:00,39800.0,41200.0,38825.0,39950.0,122707.0
2026-06-23 00:00:00+09:00,39200.0,40650.0,36200.0,36600.0,158802.0
2026-06-24 00:00:00+09:00,36950.0,38200.0,35500.0,37350.0,126202.0
2026-06-25 00:00:00+09:00,37350.0,38400.0,35450.0,35500.0,135391.0
2026-06-26 00:00:00+09:00,35000.0,35900.0,32800.0,33550.0,214074.0
2026-06-29 00:00:00+09:00,33600.0,39200.0,33600.0,39150.0,195156.0
2026-06-30 00:00:00+09:00,38800.0,38800.0,36850.0,36850.0,114651.0
2026-07-01 00:00:00+09:00,37100.0,37950.0,35850.0,36250.0,126567.0
2026-07-02 00:00:00+09:00,35750.0,36000.0,34450.0,34800.0,84073.0
2026-07-03 00:00:00+09:00,35100.0,35600.0,32550.0,35200.0,130965.0
2026-07-06 00:00:00+09:00,35200.0,35650.0,33250.0,34250.0,82112.0
2026-07-07 00:00:00+09:00,34350.0,34800.0,32500.0,33400.0,127147.0
2026-07-08 00:00:00+09:00,32300.0,32800.0,30250.0,30900.0,147104.0
2026-07-09 00:00:00+09:00,30900.0,31650.0,29650.0,30550.0,221040.0
2026-07-10 00:00:00+09:00,30650.0,32450.0,30650.0,31850.0,147880.0
2026-07-13 00:00:00+09:00,32300.0,33450.0,30400.0,30600.0,138423.0
2026-07-14 00:00:00+09:00,30350.0,30650.0,28150.0,29100.0,177413.0
2026-07-15 00:00:00+09:00,29550.0,31350.0,29550.0,30950.0,83294.0
2026-07-16 00:00:00+09:00,30950.0,31200.0,29550.0,29900.0,66209.0
2026-07-20 00:00:00+09:00,29650.0,29650.0,27500.0,27750.0,91016.0
2026-07-21 00:00:00+09:00,27500.0,28300.0,26700.0,27950.0,102774.0
2026-07-22 00:00:00+09:00,28400.0,29350.0,28150.0,28350.0,88935.0
2026-07-23 00:00:00+09:00,28400.0,30500.0,28400.0,30450.0,98185.0
2026-07-24 00:00:00+09:00,29800.0,30150.0,29050.0,29350.0,82067.0
2026-07-27 00:00:00+09:00,30200.0,30850.0,29600.0,30150.0,109993.0
2026-07-28 00:00:00+09:00,29400.0,29850.0,27000.0,27650.0,125627.0
2026-07-29 00:00:00+09:00,27700.0,28250.0,23700.0,25200.0,225597.0
2026-07-30 00:00:00+09:00,23000.0,26550.0,23000.0,25650.0,169396.0
2026-07-31 00:00:00+09:00,27000.0,28800.0,26400.0,28300.0,147511.0
2026-08-03 00:00:00+09:00,27850.0,30150.0,27500.0,28950.0,129703.0
2026-08-04 00:00:00+09:00,29300.0,31250.0,29300.0,31250.0,158864.0
2026-08-05 00:00:00+09:00,31950.0,32100.0,30900.0,31050.0,135084.0
2026-08-06 00:00:00+09:00,31000.0,32050.0,30350.0,31750.0,102802.0
2026-08-07 00:00:00+09:00,32700.0,33300.0,30550.0,32250.0,130800.0
2026-08-10 00:00:00+09:00,32600.0,33800.0,32050.0,33750.0,119778.0
2026-08-11 00:00:00+09:00,33450.0,33550.0,32500.0,32950.0,115223.0
2026-08-12 00:00:00+09:00,32850.0,33450.0,32050.0,33150.0,101468.0
2026-08-13 00:00:00+09:00,33100.0,33650.0,32500.0,32650.0,90046.0
2026-08-14 00:00:00+09:00,32850.0,33600.0,31800.0,33100.0,117864.0
2026-08-18 00:00:00+09:00,33000.0,33000.0,29900.0,30100.0,209400.0
2026-08-19 00:00:00+09:00,29650.0,30600.0,28850.0,29850.0,82772.0
2026-08-20 00:00:00+09:00,30200.0,30950.0,29550.0,29850.0,106977.0
2026-08-21 00:00:00+09:00,29000.0,29100.0,27650.0,27900.0,123274.0
2026-08-24 00:00:00+09:00,28350.0,30000.0,28350.0,29850.0,132958.0
2026-08-25 00:00:00+09:00,29450.0,29650.0,28150.0,29500.0,102096.0
2026-08-26 00:00:00+09:00,29500.0,30050.0,28650.0,29500.0,110024.0
2026-08-27 00:00:00+09:00,29550.0,30600.0,29350.0,30350.0,180285.0
2026-08-28 00:00:00+09:00,30400.0,30750.0,29750.0,29950.0,131776.0
