dt,open,high,low,close,volume
2016-05-04 00:00:00+09:00,32840.0,32995.0,31990.0,32841.0,122415.0
2016-05-09 00:00:00+09:00,33227.0,33227.0,32454.0,33227.0,150415.0
2016-05-10 00:00:00+09:00,32917.0,33304.0,32609.0,33227.0,167335.0
2016-05-11 00:00:00+09:00,33072.0,33072.0,32454.0,32609.0,185950.0
2016-05-12 00:00:00+09:00,32608.0,32608.0,31372.0,31527.0,237490.0
2016-05-13 00:00:00+09:00,31527.0,32377.0,31372.0,31450.0,368125.0
2016-05-16 00:00:00+09:00,31218.0,32068.0,31063.0,31450.0,160355.0
2016-05-17 00:00:00+09:00,31372.0,31372.0,27586.0,27818.0,1268125.0
2016-05-18 00:00:00+09:00,27895.0,28281.0,26813.0,26968.0,595775.0
2016-05-19 00:00:00+09:00,26736.0,27431.0,26736.0,26814.0,359940.0
2016-05-20 00:00:00+09:00,26813.0,27431.0,26504.0,26505.0,465210.0
2016-05-23 00:00:00+09:00,26736.0,26890.0,26504.0,26659.0,189445.0
2016-05-24 00:00:00+09:00,26658.0,27045.0,26581.0,26814.0,160870.0
2016-05-25 00:00:00+09:00,27122.0,27586.0,26813.0,27277.0,179790.0
2016-05-26 00:00:00+09:00,27740.0,27740.0,26658.0,26814.0,175435.0
2016-05-27 00:00:00+09:00,26813.0,27586.0,26736.0,27509.0,118145.0
2016-05-30 00:00:00+09:00,27508.0,27663.0,26967.0,27277.0,82440.0
2016-05-31 00:00:00+09:00,27122.0,27818.0,27045.0,27664.0,149680.0
2016-06-01 00:00:00+09:00,27663.0,27972.0,27509.0,27741.0,82830.0
2016-06-02 00:00:00+09:00,28050.0,28050.0,27431.0,27664.0,92350.0
2016-06-03 00:00:00+09:00,27740.0,27818.0,27277.0,27741.0,70730.0
2016-06-07 00:00:00+09:00,27740.0,27895.0,27354.0,27586.0,137855.0
2016-06-08 00:00:00+09:00,27354.0,27740.0,27200.0,27277.0,188290.0
2016-06-09 00:00:00+09:00,27277.0,27509.0,25963.0,25964.0,823330.0
2016-06-10 00:00:00+09:00,26350.0,26890.0,26040.0,26814.0,365555.0
2016-06-13 00:00:00+09:00,26813.0,26890.0,26504.0,26505.0,145700.0
2016-06-14 00:00:00+09:00,26272.0,26968.0,26272.0,26659.0,134600.0
2016-06-15 00:00:00+09:00,26504.0,26890.0,25809.0,25964.0,137440.0
2016-06-16 00:00:00+09:00,25809.0,26040.0,24881.0,25036.0,410185.0
2016-06-17 00:00:00+09:00,24727.0,25113.0,23413.0,23955.0,825600.0
2016-06-20 00:00:00+09:00,24109.0,24418.0,23722.0,24186.0,190895.0
2016-06-21 00:00:00+09:00,24031.0,24340.0,23800.0,23877.0,170470.0
2016-06-22 00:00:00+09:00,23722.0,24109.0,23490.0,23491.0,294795.0
2016-06-23 00:00:00+09:00,23490.0,23722.0,23336.0,23414.0,139430.0
2016-06-24 00:00:00+09:00,23722.0,23877.0,21481.0,21636.0,551805.0
2016-06-27 00:00:00+09:00,20940.0,21945.0,20863.0,21868.0,385535.0
2016-06-28 00:00:00+09:00,21636.0,22022.0,21636.0,21714.0,153320.0
2016-06-29 00:00:00+09:00,21868.0,22331.0,21790.0,22100.0,138140.0
2016-06-30 00:00:00+09:00,22177.0,22718.0,22177.0,22486.0,194550.0
2016-07-01 00:00:00+09:00,22640.0,23645.0,22640.0,22950.0,321840.0
2016-07-04 00:00:00+09:00,23027.0,24109.0,23027.0,23955.0,345330.0
2016-07-05 00:00:00+09:00,24186.0,24263.0,23413.0,23568.0,194350.0
2016-07-06 00:00:00+09:00,23799.0,23799.0,23259.0,23414.0,140785.0
2016-07-07 00:00:00+09:00,23722.0,23722.0,22950.0,23259.0,95730.0
2016-07-08 00:00:00+09:00,23336.0,23568.0,22099.0,22177.0,206865.0
2016-07-11 00:00:00+09:00,22331.0,22872.0,21945.0,22641.0,187580.0
2016-07-12 00:00:00+09:00,22640.0,23259.0,22409.0,22873.0,148475.0
2016-07-13 00:00:00+09:00,23181.0,23722.0,22872.0,23568.0,202820.0
2016-07-14 00:00:00+09:00,23645.0,23877.0,23336.0,23336.0,156395.0
2016-07-15 00:00:00+09:00,23336.0,23722.0,23259.0,23414.0,149550.0
2016-07-18 00:00:00+09:00,23413.0,23877.0,23027.0,23182.0,79525.0
2016-07-19 00:00:00+09:00,23181.0,23336.0,22795.0,23027.0,107910.0
2016-07-20 00:00:00+09:00,23027.0,23413.0,22718.0,23182.0,124880.0
2016-07-21 00:00:00+09:00,23104.0,23181.0,22718.0,22873.0,225150.0
2016-07-22 00:00:00+09:00,22717.0,22872.0,22563.0,22718.0,155210.0
2016-07-25 00:00:00+09:00,22486.0,23027.0,22409.0,22564.0,113050.0
2016-07-26 00:00:00+09:00,22718.0,22950.0,22563.0,22795.0,77415.0
2016-07-27 00:00:00+09:00,22949.0,23181.0,22795.0,23027.0,78830.0
2016-07-28 00:00:00+09:00,22872.0,22950.0,22409.0,22641.0,95395.0
2016-07-29 00:00:00+09:00,22872.0,23027.0,22486.0,23027.0,116520.0
2016-08-01 00:00:00+09:00,22795.0,22795.0,21713.0,21791.0,236700.0
2016-08-02 00:00:00+09:00,21636.0,22100.0,21404.0,22100.0,148765.0
2016-08-03 00:00:00+09:00,21713.0,21945.0,21327.0,21559.0,153465.0
2016-08-04 00:00:00+09:00,21636.0,22563.0,21404.0,22332.0,125405.0
2016-08-05 00:00:00+09:00,22486.0,22872.0,21945.0,22100.0,94515.0
2016-08-08 00:00:00+09:00,22254.0,22795.0,22022.0,22564.0,112295.0
2016-08-09 00:00:00+09:00,22563.0,22640.0,22100.0,22564.0,93345.0
2016-08-10 00:00:00+09:00,22486.0,23568.0,22486.0,23568.0,249415.0
2016-08-11 00:00:00+09:00,23413.0,23722.0,23104.0,23568.0,137480.0
2016-08-12 00:00:00+09:00,23568.0,23568.0,23336.0,23491.0,74230.0
2016-08-16 00:00:00+09:00,23490.0,23722.0,23336.0,23336.0,52495.0
2016-08-17 00:00:00+09:00,23413.0,23490.0,22331.0,22486.0,165660.0
2016-08-18 00:00:00+09:00,22563.0,23336.0,22563.0,22718.0,142665.0
2016-08-19 00:00:00+09:00,23027.0,23104.0,21790.0,22023.0,178280.0
2016-08-22 00:00:00+09:00,22022.0,22022.0,21404.0,21482.0,232495.0
2016-08-23 00:00:00+09:00,21559.0,21790.0,21250.0,21714.0,161450.0
2016-08-24 00:00:00+09:00,21713.0,22177.0,21713.0,22100.0,90260.0
2016-08-25 00:00:00+09:00,22254.0,22254.0,21636.0,21714.0,73915.0
2016-08-26 00:00:00+09:00,21713.0,22331.0,21481.0,22100.0,104495.0
2016-08-29 00:00:00+09:00,22100.0,22254.0,21559.0,21559.0,82080.0
2016-08-30 00:00:00+09:00,21636.0,21945.0,21327.0,21405.0,145510.0
2016-08-31 00:00:00+09:00,21404.0,21945.0,21250.0,21636.0,112745.0
2016-09-01 00:00:00+09:00,21868.0,21868.0,21404.0,21636.0,48570.0
2016-09-02 00:00:00+09:00,21636.0,22023.0,21636.0,22023.0,84355.0
2016-09-05 00:00:00+09:00,22100.0,22177.0,21790.0,21945.0,39705.0
2016-09-06 00:00:00+09:00,21945.0,22100.0,21790.0,21791.0,35925.0
2016-09-07 00:00:00+09:00,21790.0,21945.0,21481.0,21482.0,102085.0
2016-09-08 00:00:00+09:00,21713.0,21713.0,21327.0,21405.0,110960.0
2016-09-09 00:00:00+09:00,21327.0,21481.0,21095.0,21173.0,134130.0
2016-09-12 00:00:00+09:00,21172.0,21172.0,20554.0,20709.0,127650.0
2016-09-13 00:00:00+09:00,21018.0,21018.0,20631.0,20786.0,69030.0
2016-09-19 00:00:00+09:00,20709.0,20940.0,20322.0,20864.0,71785.0
2016-09-20 00:00:00+09:00,20863.0,21173.0,20863.0,21173.0,82765.0
2016-09-21 00:00:00+09:00,21095.0,21327.0,20940.0,21250.0,40455.0
2016-09-22 00:00:00+09:00,21404.0,21404.0,21095.0,21250.0,57420.0
2016-09-23 00:00:00+09:00,21559.0,21559.0,21250.0,21482.0,54005.0
2016-09-26 00:00:00+09:00,21404.0,22100.0,21404.0,22023.0,89400.0
2016-09-27 00:00:00+09:00,22100.0,22100.0,21636.0,21791.0,73610.0
2016-09-28 00:00:00+09:00,21790.0,21945.0,21481.0,21559.0,59580.0
2016-09-29 00:00:00+09:00,21636.0,22640.0,21559.0,22564.0,160335.0
2016-09-30 00:00:00+09:00,22486.0,22563.0,21790.0,22023.0,105430.0
2016-10-04 00:00:00+09:00,22022.0,22254.0,21713.0,21945.0,87005.0
2016-10-05 00:00:00+09:00,22022.0,22022.0,21559.0,21945.0,98365.0
2016-10-06 00:00:00+09:00,21945.0,21945.0,21481.0,21559.0,70515.0
2016-10-07 00:00:00+09:00,21481.0,21559.0,21250.0,21250.0,62155.0
2016-10-10 00:00:00+09:00,21249.0,22331.0,21249.0,21868.0,75900.0
2016-10-11 00:00:00+09:00,22100.0,22254.0,21790.0,22023.0,59570.0
2016-10-12 00:00:00+09:00,22254.0,22795.0,22022.0,22718.0,156560.0
2016-10-13 00:00:00+09:00,22563.0,22718.0,22254.0,22332.0,76470.0
2016-10-14 00:00:00+09:00,22331.0,22486.0,22177.0,22255.0,77960.0
2016-10-17 00:00:00+09:00,22409.0,22718.0,21945.0,22023.0,57480.0
2016-10-18 00:00:00+09:00,22022.0,22099.0,21790.0,21868.0,39420.0
2016-10-19 00:00:00+09:00,21868.0,22022.0,21636.0,21868.0,66660.0
2016-10-20 00:00:00+09:00,21868.0,21945.0,21559.0,21636.0,49265.0
2016-10-21 00:00:00+09:00,21868.0,21868.0,21559.0,21559.0,37000.0
2016-10-24 00:00:00+09:00,21868.0,21868.0,21481.0,21636.0,44390.0
2016-10-25 00:00:00+09:00,21636.0,21636.0,20863.0,21018.0,76610.0
2016-10-26 00:00:00+09:00,20863.0,20863.0,20477.0,20555.0,99235.0
2016-10-27 00:00:00+09:00,20400.0,21018.0,20400.0,20941.0,50310.0
2016-10-28 00:00:00+09:00,21018.0,21018.0,20477.0,20709.0,42240.0
2016-10-31 00:00:00+09:00,20400.0,20786.0,20400.0,20400.0,55005.0
2016-11-01 00:00:00+09:00,20322.0,20477.0,20168.0,20323.0,59310.0
2016-11-02 00:00:00+09:00,19936.0,20245.0,19163.0,19318.0,114615.0
2016-11-03 00:00:00+09:00,19009.0,19472.0,19009.0,19241.0,114665.0
2016-11-04 00:00:00+09:00,19240.0,19395.0,18931.0,19395.0,59205.0
2016-11-07 00:00:00+09:00,19627.0,19705.0,19627.0,19705.0,78855.0
2016-11-08 00:00:00+09:00,19859.0,19859.0,19395.0,19705.0,68900.0
2016-11-09 00:00:00+09:00,19781.0,19781.0,18468.0,19241.0,174630.0
2016-11-10 00:00:00+09:00,19395.0,20168.0,19395.0,20168.0,150875.0
2016-11-11 00:00:00+09:00,20090.0,20245.0,19781.0,19936.0,122670.0
2016-11-14 00:00:00+09:00,20168.0,20631.0,19936.0,20477.0,130135.0
2016-11-15 00:00:00+09:00,20709.0,21559.0,20709.0,21559.0,218070.0
2016-11-16 00:00:00+09:00,21327.0,21790.0,21250.0,21559.0,135160.0
2016-11-17 00:00:00+09:00,21481.0,22177.0,21481.0,21868.0,157515.0
2016-11-18 00:00:00+09:00,22099.0,22255.0,22099.0,22255.0,127240.0
2016-11-21 00:00:00+09:00,22408.0,22408.0,21481.0,21868.0,103465.0
2016-11-22 00:00:00+09:00,21868.0,22254.0,21404.0,21559.0,77180.0
2016-11-23 00:00:00+09:00,21636.0,21790.0,21018.0,21250.0,76640.0
2016-11-24 00:00:00+09:00,21327.0,21481.0,20940.0,21250.0,59020.0
2016-11-25 00:00:00+09:00,21481.0,21481.0,20786.0,21095.0,54290.0
2016-11-28 00:00:00+09:00,21172.0,21481.0,20863.0,21018.0,38350.0
2016-11-29 00:00:00+09:00,21018.0,21327.0,20786.0,21018.0,48860.0
2016-11-30 00:00:00+09:00,21250.0,21250.0,20786.0,20786.0,37680.0
2016-12-01 00:00:00+09:00,20631.0,20940.0,20245.0,20245.0,67865.0
2016-12-02 00:00:00+09:00,20245.0,20632.0,20245.0,20632.0,60295.0
2016-12-05 00:00:00+09:00,20554.0,20554.0,19936.0,20014.0,63225.0
2016-12-06 00:00:00+09:00,19704.0,20245.0,19704.0,19859.0,45800.0
2016-12-07 00:00:00+09:00,20013.0,20245.0,19318.0,19782.0,51145.0
2016-12-08 00:00:00+09:00,19781.0,20323.0,19781.0,20323.0,71690.0
2016-12-09 00:00:00+09:00,20245.0,20400.0,20090.0,20168.0,37505.0
2016-12-12 00:00:00+09:00,20322.0,20786.0,20245.0,20400.0,78565.0
2016-12-13 00:00:00+09:00,20400.0,21404.0,20400.0,21327.0,127970.0
2016-12-14 00:00:00+09:00,21481.0,21713.0,21172.0,21173.0,97090.0
2016-12-15 00:00:00+09:00,21095.0,21172.0,20631.0,20632.0,66440.0
2016-12-16 00:00:00+09:00,20709.0,20863.0,20477.0,20786.0,42085.0
2016-12-19 00:00:00+09:00,20786.0,20863.0,20554.0,20709.0,36360.0
2016-12-20 00:00:00+09:00,20786.0,20786.0,20400.0,20400.0,45055.0
2016-12-21 00:00:00+09:00,20554.0,20709.0,20245.0,20709.0,27530.0
2016-12-22 00:00:00+09:00,20631.0,20708.0,20245.0,20477.0,34895.0
2016-12-23 00:00:00+09:00,20477.0,20940.0,20245.0,20709.0,41125.0
2016-12-26 00:00:00+09:00,20709.0,20863.0,20245.0,20400.0,61140.0
2016-12-27 00:00:00+09:00,20245.0,20477.0,20245.0,20245.0,72225.0
2016-12-28 00:00:00+09:00,20090.0,20322.0,19936.0,20091.0,128670.0
2016-12-29 00:00:00+09:00,20090.0,20400.0,19936.0,19936.0,45450.0
2017-01-02 00:00:00+09:00,19781.0,20090.0,19627.0,19859.0,54665.0
2017-01-03 00:00:00+09:00,19936.0,19936.0,19627.0,19782.0,48135.0
2017-01-04 00:00:00+09:00,19859.0,19859.0,19549.0,19705.0,84605.0
2017-01-05 00:00:00+09:00,19627.0,20399.0,19627.0,20323.0,90635.0
2017-01-06 00:00:00+09:00,20322.0,20786.0,20322.0,20709.0,99315.0
2017-01-09 00:00:00+09:00,20631.0,20786.0,20013.0,20168.0,72995.0
2017-01-10 00:00:00+09:00,19936.0,20090.0,19704.0,20014.0,83340.0
2017-01-11 00:00:00+09:00,19859.0,20013.0,19704.0,19859.0,60455.0
2017-01-12 00:00:00+09:00,19859.0,20168.0,19859.0,20168.0,44530.0
2017-01-13 00:00:00+09:00,20090.0,20786.0,20090.0,20477.0,110785.0
2017-01-16 00:00:00+09:00,20477.0,20631.0,19936.0,20091.0,67410.0
2017-01-17 00:00:00+09:00,20013.0,20322.0,20013.0,20014.0,30295.0
2017-01-18 00:00:00+09:00,19936.0,20245.0,19936.0,20168.0,27450.0
2017-01-19 00:00:00+09:00,20399.0,21095.0,20090.0,20864.0,158555.0
2017-01-20 00:00:00+09:00,20863.0,21018.0,20168.0,20323.0,87480.0
2017-01-23 00:00:00+09:00,20090.0,20400.0,20090.0,20168.0,39205.0
2017-01-24 00:00:00+09:00,20168.0,20245.0,19859.0,19859.0,53720.0
2017-01-25 00:00:00+09:00,20013.0,20168.0,19627.0,19782.0,84485.0
2017-01-26 00:00:00+09:00,19936.0,20013.0,19627.0,19859.0,58145.0
2017-01-31 00:00:00+09:00,19859.0,19936.0,19627.0,19936.0,50130.0
2017-02-01 00:00:00+09:00,19936.0,20631.0,19936.0,20091.0,100980.0
2017-02-02 00:00:00+09:00,19936.0,20245.0,19627.0,19627.0,86905.0
2017-02-03 00:00:00+09:00,19936.0,19936.0,19704.0,19705.0,48685.0
2017-02-06 00:00:00+09:00,19781.0,20013.0,19627.0,19782.0,47120.0
2017-02-07 00:00:00+09:00,19781.0,20554.0,19704.0,20400.0,114530.0
2017-02-08 00:00:00+09:00,20322.0,20709.0,20245.0,20555.0,105980.0
2017-02-09 00:00:00+09:00,20554.0,20709.0,20477.0,20632.0,61595.0
2017-02-10 00:00:00+09:00,20786.0,21172.0,20709.0,20941.0,122565.0
2017-02-13 00:00:00+09:00,21172.0,21172.0,20709.0,20786.0,54510.0
2017-02-14 00:00:00+09:00,20940.0,21559.0,20786.0,21327.0,93815.0
2017-02-15 00:00:00+09:00,21404.0,22177.0,21404.0,21714.0,213490.0
2017-02-16 00:00:00+09:00,21713.0,21945.0,21404.0,21559.0,90635.0
2017-02-17 00:00:00+09:00,21559.0,21713.0,21095.0,21405.0,52135.0
2017-02-20 00:00:00+09:00,21095.0,21559.0,21018.0,21250.0,41960.0
2017-02-21 00:00:00+09:00,21327.0,22177.0,21327.0,22100.0,151830.0
2017-02-22 00:00:00+09:00,22022.0,22177.0,21868.0,21945.0,47965.0
2017-02-23 00:00:00+09:00,22254.0,22254.0,21481.0,21868.0,62240.0
2017-02-24 00:00:00+09:00,22022.0,22022.0,21636.0,21791.0,42160.0
2017-02-27 00:00:00+09:00,21790.0,22100.0,21559.0,21714.0,25865.0
2017-02-28 00:00:00+09:00,21636.0,21945.0,21095.0,21791.0,86065.0
2017-03-02 00:00:00+09:00,22100.0,22100.0,21327.0,21714.0,110130.0
2017-03-03 00:00:00+09:00,21327.0,21790.0,21018.0,21327.0,133825.0
2017-03-06 00:00:00+09:00,21250.0,21250.0,20168.0,20323.0,151245.0
2017-03-07 00:00:00+09:00,20400.0,20863.0,20013.0,20168.0,108550.0
2017-03-08 00:00:00+09:00,20168.0,20168.0,19936.0,19936.0,91410.0
2017-03-09 00:00:00+09:00,19781.0,20322.0,19781.0,20091.0,108130.0
2017-03-10 00:00:00+09:00,20090.0,20322.0,19859.0,20245.0,103495.0
2017-03-13 00:00:00+09:00,20245.0,20400.0,20013.0,20091.0,94530.0
2017-03-14 00:00:00+09:00,19936.0,20090.0,19550.0,19627.0,200985.0
2017-03-15 00:00:00+09:00,19627.0,20322.0,19549.0,19705.0,347000.0
2017-03-16 00:00:00+09:00,19936.0,20013.0,19550.0,19627.0,134330.0
2017-03-17 00:00:00+09:00,19704.0,19858.0,19550.0,19627.0,163310.0
2017-03-20 00:00:00+09:00,19781.0,19781.0,19472.0,19627.0,95230.0
2017-03-21 00:00:00+09:00,19781.0,19781.0,19550.0,19627.0,60295.0
2017-03-22 00:00:00+09:00,19704.0,20014.0,19704.0,20014.0,99575.0
2017-03-23 00:00:00+09:00,20013.0,20090.0,19781.0,20014.0,73660.0
2017-03-24 00:00:00+09:00,20013.0,20477.0,19936.0,20400.0,100410.0
2017-03-27 00:00:00+09:00,20631.0,21018.0,20322.0,20709.0,127955.0
2017-03-28 00:00:00+09:00,20554.0,21172.0,20322.0,20555.0,101290.0
2017-03-29 00:00:00+09:00,20554.0,20554.0,20013.0,20014.0,56520.0
2017-03-30 00:00:00+09:00,20090.0,20168.0,19704.0,20091.0,124680.0
2017-03-31 00:00:00+09:00,20090.0,20477.0,20013.0,20477.0,65450.0
2017-04-03 00:00:00+09:00,20477.0,20863.0,20245.0,20632.0,102390.0
2017-04-04 00:00:00+09:00,20631.0,20786.0,20400.0,20786.0,60700.0
2017-04-05 00:00:00+09:00,20786.0,20786.0,20245.0,20245.0,77775.0
2017-04-06 00:00:00+09:00,20245.0,20477.0,20168.0,20400.0,40200.0
2017-04-07 00:00:00+09:00,20477.0,20941.0,20477.0,20941.0,88215.0
2017-04-10 00:00:00+09:00,20940.0,20940.0,20245.0,20323.0,82275.0
2017-04-11 00:00:00+09:00,20400.0,20554.0,19936.0,20091.0,75130.0
2017-04-12 00:00:00+09:00,20090.0,20245.0,19936.0,20014.0,58810.0
2017-04-13 00:00:00+09:00,20168.0,20322.0,19936.0,20091.0,56545.0
2017-04-14 00:00:00+09:00,20245.0,20400.0,20013.0,20168.0,35110.0
2017-04-17 00:00:00+09:00,20168.0,20708.0,20168.0,20477.0,92150.0
2017-04-18 00:00:00+09:00,20631.0,20631.0,20167.0,20168.0,86325.0
2017-04-19 00:00:00+09:00,20167.0,20477.0,20013.0,20168.0,65455.0
2017-04-20 00:00:00+09:00,20090.0,20786.0,20090.0,20786.0,214230.0
2017-04-21 00:00:00+09:00,20940.0,21404.0,20786.0,21095.0,160120.0
2017-04-24 00:00:00+09:00,21095.0,21172.0,20477.0,20632.0,89260.0
2017-04-25 00:00:00+09:00,20631.0,20709.0,20477.0,20555.0,43140.0
2017-04-26 00:00:00+09:00,20631.0,20786.0,20400.0,20400.0,50350.0
2017-04-27 00:00:00+09:00,20400.0,20554.0,20245.0,20400.0,73070.0
2017-04-28 00:00:00+09:00,20245.0,20400.0,19936.0,20168.0,114955.0
2017-05-02 00:00:00+09:00,20167.0,20322.0,20013.0,20168.0,58980.0
2017-05-04 00:00:00+09:00,20013.0,20709.0,20013.0,20632.0,72115.0
2017-05-08 00:00:00+09:00,20631.0,21327.0,20554.0,21250.0,174465.0
2017-05-10 00:00:00+09:00,21481.0,22331.0,21481.0,21714.0,380645.0
2017-05-11 00:00:00+09:00,21945.0,22022.0,21327.0,21945.0,155610.0
2017-05-12 00:00:00+09:00,21713.0,21790.0,21172.0,21482.0,113030.0
2017-05-15 00:00:00+09:00,21481.0,21713.0,21250.0,21559.0,68000.0
2017-05-16 00:00:00+09:00,21713.0,22331.0,21713.0,22100.0,279095.0
2017-05-17 00:00:00+09:00,22100.0,23104.0,21868.0,22873.0,355230.0
2017-05-18 00:00:00+09:00,22486.0,23181.0,22486.0,23105.0,228520.0
2017-05-19 00:00:00+09:00,23336.0,24263.0,23336.0,24186.0,427490.0
2017-05-22 00:00:00+09:00,24186.0,24186.0,23259.0,23414.0,278255.0
2017-05-23 00:00:00+09:00,23413.0,23645.0,23027.0,23491.0,158495.0
2017-05-24 00:00:00+09:00,23568.0,23799.0,23336.0,23723.0,129430.0
2017-05-25 00:00:00+09:00,23722.0,23800.0,23413.0,23800.0,117120.0
2017-05-26 00:00:00+09:00,23722.0,24186.0,23490.0,23800.0,157160.0
2017-05-29 00:00:00+09:00,23800.0,24031.0,23104.0,23182.0,187775.0
2017-05-30 00:00:00+09:00,23027.0,23799.0,23027.0,23568.0,184230.0
2017-05-31 00:00:00+09:00,23413.0,23645.0,23336.0,23336.0,176520.0
2017-06-01 00:00:00+09:00,23259.0,23645.0,23181.0,23491.0,87335.0
2017-06-02 00:00:00+09:00,23413.0,24881.0,23413.0,24650.0,413740.0
2017-06-05 00:00:00+09:00,24495.0,24727.0,24263.0,24264.0,145350.0
2017-06-07 00:00:00+09:00,24186.0,25345.0,24186.0,25036.0,422375.0
2017-06-08 00:00:00+09:00,25345.0,26272.0,25190.0,26195.0,435690.0
2017-06-09 00:00:00+09:00,26272.0,26427.0,25577.0,25655.0,217880.0
2017-06-12 00:00:00+09:00,25654.0,25654.0,24881.0,25114.0,174685.0
2017-06-13 00:00:00+09:00,25036.0,25654.0,25036.0,25423.0,113235.0
2017-06-14 00:00:00+09:00,25113.0,25190.0,24572.0,24650.0,150355.0
2017-06-15 00:00:00+09:00,24572.0,25113.0,24109.0,24264.0,151625.0
2017-06-16 00:00:00+09:00,24263.0,24418.0,23567.0,23877.0,154240.0
2017-06-19 00:00:00+09:00,23954.0,23954.0,23336.0,23491.0,99595.0
2017-06-20 00:00:00+09:00,23336.0,23413.0,22950.0,23182.0,116140.0
2017-06-21 00:00:00+09:00,23027.0,23413.0,23027.0,23336.0,70755.0
2017-06-22 00:00:00+09:00,23181.0,23259.0,22409.0,22950.0,156330.0
2017-06-23 00:00:00+09:00,23027.0,23413.0,22795.0,22873.0,67845.0
2017-06-26 00:00:00+09:00,22950.0,23027.0,22254.0,22641.0,86950.0
2017-06-27 00:00:00+09:00,22640.0,23181.0,22563.0,22795.0,69870.0
2017-06-28 00:00:00+09:00,23027.0,23027.0,22331.0,22486.0,61360.0
2017-06-29 00:00:00+09:00,22718.0,22718.0,21945.0,22100.0,141785.0
2017-06-30 00:00:00+09:00,22022.0,22486.0,22022.0,22409.0,75600.0
2017-07-03 00:00:00+09:00,22486.0,22872.0,22409.0,22718.0,89100.0
2017-07-04 00:00:00+09:00,22872.0,22950.0,22254.0,22332.0,66370.0
2017-07-05 00:00:00+09:00,22254.0,22949.0,22177.0,22718.0,84210.0
2017-07-06 00:00:00+09:00,22718.0,22872.0,22486.0,22486.0,39850.0
2017-07-07 00:00:00+09:00,22486.0,22640.0,22409.0,22486.0,55995.0
2017-07-10 00:00:00+09:00,22486.0,22486.0,22099.0,22177.0,44390.0
2017-07-11 00:00:00+09:00,22486.0,23027.0,22177.0,22564.0,109780.0
2017-07-12 00:00:00+09:00,22795.0,23181.0,22563.0,22564.0,155510.0
2017-07-13 00:00:00+09:00,22872.0,23181.0,22640.0,22873.0,81030.0
2017-07-14 00:00:00+09:00,24418.0,24650.0,22795.0,22873.0,412155.0
2017-07-17 00:00:00+09:00,22950.0,23490.0,22718.0,22950.0,72805.0
2017-07-18 00:00:00+09:00,23027.0,23104.0,22486.0,22718.0,81885.0
2017-07-19 00:00:00+09:00,22640.0,22795.0,22409.0,22641.0,89070.0
2017-07-20 00:00:00+09:00,22486.0,22717.0,22099.0,22255.0,103965.0
2017-07-21 00:00:00+09:00,22022.0,22177.0,21713.0,22177.0,127295.0
2017-07-24 00:00:00+09:00,22177.0,22486.0,22022.0,22486.0,84510.0
2017-07-25 00:00:00+09:00,22640.0,22795.0,22486.0,22795.0,63380.0
2017-07-26 00:00:00+09:00,22949.0,22949.0,22331.0,22718.0,89210.0
2017-07-27 00:00:00+09:00,22409.0,22949.0,22409.0,22718.0,74535.0
2017-07-28 00:00:00+09:00,22563.0,22950.0,22486.0,22564.0,74960.0
2017-07-31 00:00:00+09:00,22409.0,22795.0,21636.0,21714.0,117605.0
2017-08-01 00:00:00+09:00,21790.0,22486.0,21713.0,22332.0,97765.0
2017-08-02 00:00:00+09:00,22254.0,22254.0,21945.0,22100.0,54905.0
2017-08-03 00:00:00+09:00,21868.0,22022.0,21559.0,21636.0,99460.0
2017-08-04 00:00:00+09:00,21559.0,22408.0,21559.0,22255.0,75180.0
2017-08-07 00:00:00+09:00,22254.0,22254.0,21636.0,21636.0,87420.0
2017-08-08 00:00:00+09:00,21636.0,21636.0,21250.0,21482.0,72385.0
2017-08-09 00:00:00+09:00,21404.0,21636.0,21249.0,21405.0,43320.0
2017-08-10 00:00:00+09:00,21404.0,21713.0,21249.0,21405.0,40840.0
2017-08-11 00:00:00+09:00,21018.0,21327.0,21018.0,21250.0,40855.0
2017-08-14 00:00:00+09:00,21250.0,21636.0,20786.0,20864.0,69105.0
2017-08-16 00:00:00+09:00,20322.0,20631.0,19163.0,20323.0,380560.0
2017-08-17 00:00:00+09:00,20168.0,20168.0,19549.0,19705.0,123350.0
2017-08-18 00:00:00+09:00,19550.0,19781.0,19472.0,19627.0,97640.0
2017-08-21 00:00:00+09:00,19704.0,19781.0,19550.0,19627.0,78085.0
2017-08-22 00:00:00+09:00,19627.0,19859.0,19550.0,19782.0,184320.0
2017-08-23 00:00:00+09:00,19781.0,20322.0,19781.0,20091.0,65875.0
2017-08-24 00:00:00+09:00,19936.0,20399.0,19936.0,20323.0,85075.0
2017-08-25 00:00:00+09:00,20168.0,20245.0,20013.0,20245.0,84635.0
2017-08-28 00:00:00+09:00,20090.0,20631.0,20013.0,20555.0,45710.0
2017-08-29 00:00:00+09:00,20554.0,20554.0,20090.0,20477.0,48690.0
2017-08-30 00:00:00+09:00,20631.0,20786.0,20322.0,20709.0,61025.0
2017-08-31 00:00:00+09:00,20709.0,20940.0,20631.0,20709.0,46720.0
2017-09-01 00:00:00+09:00,20940.0,20940.0,20477.0,20477.0,67625.0
2017-09-04 00:00:00+09:00,20090.0,20477.0,19781.0,19782.0,83880.0
2017-09-05 00:00:00+09:00,19936.0,20168.0,19859.0,20091.0,53940.0
2017-09-06 00:00:00+09:00,20090.0,20090.0,19627.0,19705.0,119420.0
2017-09-07 00:00:00+09:00,19781.0,19936.0,19627.0,19782.0,107340.0
2017-09-08 00:00:00+09:00,19627.0,20168.0,19627.0,20091.0,134660.0
2017-09-11 00:00:00+09:00,19781.0,20013.0,19395.0,19473.0,156855.0
2017-09-12 00:00:00+09:00,19549.0,19627.0,19163.0,19318.0,126390.0
2017-09-13 00:00:00+09:00,19318.0,19318.0,18854.0,18932.0,123530.0
2017-09-14 00:00:00+09:00,18854.0,19240.0,18700.0,18700.0,132370.0
2017-09-15 00:00:00+09:00,18700.0,19240.0,18700.0,18932.0,95680.0
2017-09-18 00:00:00+09:00,19009.0,19395.0,18700.0,18855.0,114465.0
2017-09-19 00:00:00+09:00,18931.0,18931.0,18622.0,18623.0,90555.0
2017-09-20 00:00:00+09:00,18854.0,18932.0,18854.0,18932.0,74950.0
2017-09-21 00:00:00+09:00,18777.0,18931.0,18622.0,18777.0,161810.0
2017-09-22 00:00:00+09:00,18777.0,18931.0,18699.0,18777.0,149300.0
2017-09-25 00:00:00+09:00,19009.0,19009.0,18700.0,18855.0,115785.0
2017-09-26 00:00:00+09:00,18700.0,19009.0,18545.0,18932.0,182510.0
2017-09-27 00:00:00+09:00,18777.0,19163.0,18777.0,19009.0,127755.0
2017-09-28 00:00:00+09:00,19009.0,19163.0,19009.0,19086.0,54165.0
2017-09-29 00:00:00+09:00,19163.0,20090.0,19086.0,19782.0,210145.0
2017-10-10 00:00:00+09:00,19627.0,19936.0,19549.0,19859.0,131260.0
2017-10-11 00:00:00+09:00,19704.0,20013.0,19627.0,19936.0,123150.0
2017-10-12 00:00:00+09:00,19859.0,20013.0,19704.0,19936.0,100445.0
2017-10-13 00:00:00+09:00,19936.0,20013.0,19472.0,19859.0,140295.0
2017-10-16 00:00:00+09:00,19859.0,20631.0,19550.0,20400.0,138375.0
2017-10-17 00:00:00+09:00,20322.0,20322.0,20013.0,20168.0,57875.0
2017-10-18 00:00:00+09:00,20322.0,20709.0,20090.0,20555.0,89190.0
2017-10-19 00:00:00+09:00,20554.0,20786.0,20013.0,20168.0,82800.0
2017-10-20 00:00:00+09:00,20168.0,20709.0,19859.0,20709.0,163460.0
2017-10-23 00:00:00+09:00,20554.0,20631.0,20322.0,20323.0,197205.0
2017-10-24 00:00:00+09:00,20168.0,20786.0,20168.0,20786.0,69055.0
2017-10-25 00:00:00+09:00,20786.0,20786.0,20322.0,20400.0,110330.0
2017-10-26 00:00:00+09:00,20400.0,21713.0,20400.0,21327.0,240435.0
2017-10-27 00:00:00+09:00,22022.0,24804.0,21945.0,23182.0,996970.0
2017-10-30 00:00:00+09:00,23568.0,23877.0,22872.0,23182.0,354940.0
2017-10-31 00:00:00+09:00,23181.0,23800.0,23104.0,23259.0,258470.0
2017-11-01 00:00:00+09:00,23181.0,23414.0,23181.0,23414.0,182980.0
2017-11-02 00:00:00+09:00,23413.0,23490.0,23027.0,23105.0,111295.0
2017-11-03 00:00:00+09:00,23259.0,23413.0,23027.0,23336.0,101490.0
2017-11-06 00:00:00+09:00,23336.0,23877.0,23027.0,23723.0,123945.0
2017-11-07 00:00:00+09:00,23877.0,23954.0,23259.0,23645.0,90150.0
2017-11-08 00:00:00+09:00,23413.0,23568.0,23027.0,23182.0,113235.0
2017-11-09 00:00:00+09:00,23490.0,23800.0,23181.0,23259.0,97345.0
2017-11-10 00:00:00+09:00,23181.0,23877.0,23181.0,23800.0,121640.0
2017-11-13 00:00:00+09:00,23954.0,24340.0,23568.0,24264.0,128655.0
2017-11-14 00:00:00+09:00,24263.0,24418.0,23722.0,24341.0,111740.0
2017-11-15 00:00:00+09:00,24650.0,26504.0,24572.0,26118.0,718270.0
2017-11-16 00:00:00+09:00,26118.0,26736.0,26040.0,26659.0,306740.0
2017-11-17 00:00:00+09:00,26659.0,26659.0,25500.0,25500.0,171375.0
2017-11-20 00:00:00+09:00,25500.0,26427.0,25422.0,26350.0,183530.0
2017-11-21 00:00:00+09:00,26736.0,26736.0,25499.0,25577.0,122735.0
2017-11-22 00:00:00+09:00,25577.0,26118.0,24727.0,25886.0,245870.0
2017-11-23 00:00:00+09:00,26040.0,26040.0,25113.0,25655.0,129100.0
2017-11-24 00:00:00+09:00,25654.0,25654.0,24727.0,25500.0,317810.0
2017-11-27 00:00:00+09:00,25500.0,26272.0,25500.0,26041.0,185475.0
2017-11-28 00:00:00+09:00,26040.0,26813.0,24959.0,25500.0,504485.0
2018-01-11 00:00:00+09:00,25500.0,26399.0,19460.0,20900.0,858700.0
2018-01-12 00:00:00+09:00,20600.0,21000.0,19140.0,19840.0,467130.0
2018-01-15 00:00:00+09:00,20000.0,20600.0,19840.0,20200.0,215490.0
2018-01-16 00:00:00+09:00,20000.0,20300.0,19600.0,19640.0,204915.0
2018-01-17 00:00:00+09:00,19680.0,19720.0,19080.0,19100.0,236040.0
2018-01-18 00:00:00+09:00,19300.0,19300.0,18900.0,18980.0,132780.0
2018-01-19 00:00:00+09:00,18960.0,19440.0,18860.0,19160.0,185330.0
2018-01-22 00:00:00+09:00,19100.0,20100.0,19000.0,19540.0,251840.0
2018-01-23 00:00:00+09:00,19800.0,19960.0,19580.0,19940.0,101305.0
2018-01-24 00:00:00+09:00,19940.0,20300.0,19900.0,19980.0,76725.0
2018-01-25 00:00:00+09:00,19940.0,19980.0,19380.0,19500.0,139910.0
2018-01-26 00:00:00+09:00,19500.0,19680.0,19400.0,19480.0,62330.0
2018-01-29 00:00:00+09:00,19540.0,19780.0,19520.0,19660.0,65570.0
2018-01-30 00:00:00+09:00,19660.0,19780.0,19240.0,19240.0,117695.0
2018-01-31 00:00:00+09:00,19240.0,19680.0,19040.0,19680.0,73200.0
2018-02-01 00:00:00+09:00,19580.0,19700.0,19260.0,19440.0,91685.0
2018-02-02 00:00:00+09:00,19400.0,19560.0,19360.0,19420.0,51610.0
2018-02-05 00:00:00+09:00,19360.0,19840.0,19180.0,19260.0,69795.0
2018-02-06 00:00:00+09:00,18860.0,19200.0,18800.0,19100.0,91150.0
2018-02-07 00:00:00+09:00,19120.0,19300.0,19080.0,19100.0,53085.0
2018-02-08 00:00:00+09:00,18980.0,19260.0,18980.0,19000.0,321055.0
2018-02-09 00:00:00+09:00,18860.0,19620.0,18840.0,19620.0,243090.0
2018-02-12 00:00:00+09:00,19780.0,19780.0,19000.0,19080.0,80275.0
2018-02-13 00:00:00+09:00,19100.0,19400.0,18720.0,18720.0,69385.0
2018-02-14 00:00:00+09:00,18840.0,18840.0,18500.0,18500.0,40880.0
2018-02-19 00:00:00+09:00,18500.0,18800.0,18480.0,18740.0,131870.0
2018-02-20 00:00:00+09:00,18720.0,19040.0,18580.0,19000.0,29360.0
2018-02-21 00:00:00+09:00,19000.0,19060.0,18700.0,19020.0,23550.0
2018-02-22 00:00:00+09:00,19020.0,19040.0,18800.0,18820.0,19275.0
2018-02-23 00:00:00+09:00,19020.0,19160.0,18880.0,19020.0,49485.0
2018-02-26 00:00:00+09:00,19020.0,19460.0,19020.0,19440.0,42705.0
2018-02-27 00:00:00+09:00,19500.0,19520.0,19320.0,19400.0,24065.0
2018-02-28 00:00:00+09:00,19360.0,19620.0,19320.0,19580.0,80235.0
2018-03-02 00:00:00+09:00,19420.0,19560.0,19080.0,19240.0,50500.0
2018-03-05 00:00:00+09:00,19300.0,19360.0,18720.0,18780.0,94855.0
2018-03-06 00:00:00+09:00,18880.0,19040.0,18760.0,18980.0,75050.0
2018-03-07 00:00:00+09:00,18860.0,19100.0,18820.0,18880.0,50565.0
2018-03-08 00:00:00+09:00,18820.0,19040.0,18800.0,18940.0,47170.0
2018-03-09 00:00:00+09:00,18960.0,19760.0,18960.0,19000.0,141170.0
2018-03-12 00:00:00+09:00,19200.0,19640.0,19140.0,19200.0,114405.0
2018-03-13 00:00:00+09:00,19200.0,19760.0,19200.0,19600.0,57890.0
2018-03-14 00:00:00+09:00,19500.0,19780.0,19480.0,19680.0,49315.0
2018-03-15 00:00:00+09:00,19680.0,19800.0,19360.0,19640.0,36395.0
2018-03-16 00:00:00+09:00,19640.0,19800.0,19600.0,19640.0,57705.0
2018-03-19 00:00:00+09:00,19760.0,19760.0,19300.0,19600.0,55095.0
2018-03-20 00:00:00+09:00,19480.0,19580.0,19300.0,19340.0,188850.0
2018-03-21 00:00:00+09:00,19300.0,19660.0,19160.0,19160.0,36305.0
2018-03-22 00:00:00+09:00,19200.0,19200.0,18880.0,18900.0,41100.0
2018-03-23 00:00:00+09:00,18780.0,18800.0,18400.0,18400.0,44245.0
2018-03-26 00:00:00+09:00,18060.0,18300.0,17600.0,17860.0,61455.0
2018-03-27 00:00:00+09:00,17860.0,18100.0,17580.0,17600.0,50360.0
2018-03-28 00:00:00+09:00,17740.0,17740.0,17220.0,17300.0,34075.0
2018-03-29 00:00:00+09:00,17240.0,17420.0,17160.0,17220.0,44910.0
2018-03-30 00:00:00+09:00,17300.0,17580.0,17220.0,17280.0,52640.0
2018-04-02 00:00:00+09:00,17360.0,18900.0,17360.0,18760.0,138190.0
2018-04-03 00:00:00+09:00,18820.0,19180.0,18500.0,18940.0,62780.0
2018-04-04 00:00:00+09:00,18940.0,19300.0,18840.0,18980.0,115560.0
2018-04-05 00:00:00+09:00,18940.0,20300.0,18940.0,19180.0,318505.0
2018-04-06 00:00:00+09:00,19180.0,20100.0,19020.0,19700.0,125390.0
2018-04-09 00:00:00+09:00,19700.0,20400.0,19600.0,20000.0,73860.0
2018-04-10 00:00:00+09:00,20000.0,20800.0,19820.0,20700.0,126440.0
2018-04-11 00:00:00+09:00,20300.0,21000.0,20300.0,20900.0,73755.0
2018-04-12 00:00:00+09:00,21000.0,21100.0,20500.0,21000.0,62980.0
2018-04-13 00:00:00+09:00,20800.0,21200.0,20500.0,21200.0,56825.0
2018-04-16 00:00:00+09:00,21400.0,21400.0,20700.0,21200.0,40215.0
2018-04-17 00:00:00+09:00,21000.0,21700.0,21000.0,21700.0,52175.0
2018-04-18 00:00:00+09:00,21900.0,23500.0,21500.0,23300.0,140255.0
2018-04-19 00:00:00+09:00,23300.0,26100.0,23200.0,24300.0,257335.0
2018-04-20 00:00:00+09:00,24700.0,24900.0,23000.0,23100.0,152025.0
2018-04-23 00:00:00+09:00,22799.0,23100.0,22100.0,22600.0,110455.0
2018-04-24 00:00:00+09:00,22400.0,24500.0,22400.0,23400.0,83805.0
2018-04-25 00:00:00+09:00,23400.0,24700.0,23200.0,24300.0,81250.0
2018-04-26 00:00:00+09:00,24400.0,24600.0,23700.0,24100.0,38175.0
2018-04-27 00:00:00+09:00,24100.0,25000.0,23900.0,24500.0,65985.0
2018-04-30 00:00:00+09:00,24500.0,24900.0,23700.0,23800.0,67250.0
2018-05-02 00:00:00+09:00,23600.0,24200.0,23600.0,24200.0,87505.0
2018-05-03 00:00:00+09:00,24200.0,24700.0,23800.0,24100.0,31695.0
2018-05-04 00:00:00+09:00,23900.0,26000.0,23400.0,25300.0,149065.0
2018-05-08 00:00:00+09:00,25400.0,25700.0,25000.0,25300.0,111590.0
2018-05-09 00:00:00+09:00,25199.0,25400.0,25100.0,25400.0,103610.0
2018-05-10 00:00:00+09:00,25400.0,25900.0,25100.0,25400.0,35610.0
2018-05-11 00:00:00+09:00,25200.0,25900.0,25200.0,25700.0,51795.0
2018-05-14 00:00:00+09:00,25800.0,26100.0,25300.0,25800.0,34100.0
2018-05-15 00:00:00+09:00,25800.0,25800.0,25400.0,25500.0,19830.0
2018-05-16 00:00:00+09:00,25400.0,28200.0,25000.0,27600.0,183200.0
2018-05-17 00:00:00+09:00,27400.0,29900.0,27200.0,29800.0,127710.0
2018-05-18 00:00:00+09:00,29800.0,31100.0,29599.0,30600.0,80580.0
2018-05-21 00:00:00+09:00,30700.0,31399.0,30299.0,31100.0,158755.0
2018-05-23 00:00:00+09:00,30600.0,31000.0,30000.0,30600.0,50905.0
2018-05-24 00:00:00+09:00,30300.0,31600.0,29999.0,30900.0,59505.0
2018-05-25 00:00:00+09:00,30300.0,32800.0,29200.0,32100.0,95090.0
2018-05-28 00:00:00+09:00,32200.0,33400.0,31200.0,31900.0,62060.0
2018-05-29 00:00:00+09:00,31899.0,32600.0,31400.0,32100.0,21735.0
2018-05-30 00:00:00+09:00,33000.0,33400.0,32300.0,33400.0,53955.0
2018-05-31 00:00:00+09:00,33600.0,34200.0,32700.0,32800.0,89550.0
2018-06-01 00:00:00+09:00,32900.0,33000.0,31800.0,32300.0,54940.0
2018-06-04 00:00:00+09:00,32300.0,33000.0,31200.0,32100.0,43850.0
2018-06-05 00:00:00+09:00,31800.0,32600.0,31400.0,31700.0,36400.0
2018-06-07 00:00:00+09:00,31499.0,32800.0,31499.0,32600.0,29545.0
2018-06-08 00:00:00+09:00,32600.0,33600.0,31700.0,32200.0,123125.0
2018-06-11 00:00:00+09:00,32200.0,33100.0,31600.0,31900.0,47360.0
2018-06-12 00:00:00+09:00,31600.0,32400.0,31300.0,31800.0,33215.0
2018-06-14 00:00:00+09:00,31600.0,31799.0,30200.0,30300.0,119660.0
2018-06-15 00:00:00+09:00,30000.0,32000.0,30000.0,31800.0,43395.0
2018-06-18 00:00:00+09:00,33100.0,33100.0,30800.0,31700.0,28650.0
2018-06-19 00:00:00+09:00,31299.0,32600.0,31100.0,32100.0,33205.0
2018-06-20 00:00:00+09:00,31800.0,33400.0,31200.0,32700.0,44030.0
2018-06-21 00:00:00+09:00,32299.0,34600.0,32299.0,33800.0,81335.0
2018-06-22 00:00:00+09:00,33800.0,34100.0,32800.0,33300.0,26910.0
2018-06-25 00:00:00+09:00,33700.0,33700.0,31700.0,32100.0,36680.0
2018-06-26 00:00:00+09:00,31900.0,33700.0,31900.0,33400.0,30380.0
2018-06-27 00:00:00+09:00,33200.0,34400.0,33000.0,34200.0,40620.0
2018-06-28 00:00:00+09:00,34600.0,36600.0,34200.0,36100.0,91755.0
2018-06-29 00:00:00+09:00,36300.0,37300.0,34700.0,35500.0,74005.0
2018-07-02 00:00:00+09:00,35500.0,37000.0,34000.0,36500.0,41355.0
2018-07-03 00:00:00+09:00,36200.0,37800.0,35900.0,36000.0,23045.0
2018-07-04 00:00:00+09:00,35600.0,35600.0,33900.0,34700.0,43125.0
2018-07-05 00:00:00+09:00,34600.0,35500.0,33900.0,35000.0,30555.0
2018-07-06 00:00:00+09:00,34800.0,35800.0,34800.0,35600.0,11325.0
2018-07-09 00:00:00+09:00,35400.0,36100.0,34300.0,34600.0,35860.0
2018-07-10 00:00:00+09:00,34300.0,35700.0,33900.0,34100.0,31575.0
2018-07-11 00:00:00+09:00,33900.0,34700.0,33300.0,33600.0,25790.0
2018-07-12 00:00:00+09:00,34100.0,34400.0,33000.0,33400.0,57085.0
2018-07-13 00:00:00+09:00,33400.0,37000.0,33400.0,36800.0,83810.0
2018-07-16 00:00:00+09:00,36800.0,37200.0,35200.0,35300.0,33550.0
2018-07-17 00:00:00+09:00,35200.0,35200.0,32700.0,33600.0,65965.0
2018-07-18 00:00:00+09:00,33600.0,33900.0,32499.0,33200.0,29800.0
2018-07-19 00:00:00+09:00,33000.0,34000.0,32300.0,32800.0,35890.0
2018-07-20 00:00:00+09:00,32500.0,33500.0,32100.0,33000.0,20330.0
2018-07-23 00:00:00+09:00,33200.0,33600.0,32700.0,32700.0,17005.0
2018-07-24 00:00:00+09:00,32700.0,33400.0,32100.0,33100.0,20340.0
2018-07-25 00:00:00+09:00,33100.0,33200.0,32400.0,32900.0,12930.0
2018-07-26 00:00:00+09:00,33200.0,33400.0,32100.0,32100.0,21340.0
2018-07-27 00:00:00+09:00,32300.0,32700.0,31599.0,32100.0,28600.0
2018-07-30 00:00:00+09:00,32000.0,32200.0,30600.0,31100.0,17125.0
2018-07-31 00:00:00+09:00,31100.0,32100.0,30800.0,32100.0,19625.0
2018-08-01 00:00:00+09:00,32100.0,33000.0,31500.0,32000.0,31270.0
2018-08-02 00:00:00+09:00,31900.0,32500.0,31200.0,31200.0,24885.0
2018-08-03 00:00:00+09:00,31000.0,32000.0,30900.0,31700.0,17300.0
2018-08-06 00:00:00+09:00,31700.0,32700.0,31000.0,31300.0,28265.0
2018-08-07 00:00:00+09:00,31100.0,31400.0,29900.0,30500.0,34325.0
2018-08-08 00:00:00+09:00,30200.0,30800.0,29600.0,29600.0,40725.0
2018-08-09 00:00:00+09:00,29400.0,30000.0,29400.0,30000.0,18340.0
2018-08-10 00:00:00+09:00,29800.0,30799.0,29600.0,29900.0,32475.0
2018-08-13 00:00:00+09:00,29700.0,30799.0,29600.0,29900.0,16825.0
2018-08-14 00:00:00+09:00,29899.0,31200.0,29700.0,30400.0,34500.0
2018-08-16 00:00:00+09:00,30900.0,33200.0,30400.0,32200.0,49525.0
2018-08-17 00:00:00+09:00,32000.0,35400.0,31600.0,33300.0,57450.0
2018-08-20 00:00:00+09:00,34100.0,35200.0,33900.0,34800.0,40470.0
2018-08-21 00:00:00+09:00,34600.0,35500.0,34200.0,34600.0,146200.0
2018-08-22 00:00:00+09:00,32900.0,34500.0,32900.0,33500.0,60760.0
2018-08-23 00:00:00+09:00,33900.0,35000.0,33400.0,34200.0,41500.0
2018-08-24 00:00:00+09:00,34200.0,35400.0,33200.0,34400.0,31630.0
2018-08-27 00:00:00+09:00,33700.0,35400.0,33700.0,34600.0,36850.0
2018-08-28 00:00:00+09:00,35000.0,36300.0,34300.0,34300.0,52710.0
2018-08-29 00:00:00+09:00,34700.0,35500.0,34100.0,34100.0,32010.0
2018-08-30 00:00:00+09:00,34100.0,35500.0,34100.0,34500.0,45790.0
2018-08-31 00:00:00+09:00,34600.0,35200.0,34100.0,35200.0,33965.0
2018-09-03 00:00:00+09:00,35200.0,35200.0,33700.0,34900.0,30050.0
2018-09-04 00:00:00+09:00,35100.0,35100.0,34000.0,34400.0,23685.0
2018-09-05 00:00:00+09:00,34200.0,35100.0,34100.0,34200.0,30485.0
2018-09-06 00:00:00+09:00,34400.0,35200.0,34000.0,34600.0,27045.0
2018-09-07 00:00:00+09:00,34800.0,34800.0,33300.0,33400.0,40000.0
2018-09-10 00:00:00+09:00,33000.0,34100.0,32900.0,33000.0,24930.0
2018-09-11 00:00:00+09:00,33000.0,33400.0,32500.0,32700.0,47695.0
2018-09-12 00:00:00+09:00,32700.0,33500.0,32100.0,33500.0,33070.0
2018-09-13 00:00:00+09:00,33500.0,33500.0,32700.0,33100.0,23775.0
2018-09-14 00:00:00+09:00,32900.0,33200.0,32500.0,32800.0,29875.0
2018-09-17 00:00:00+09:00,32499.0,34000.0,32000.0,33900.0,37255.0
2018-09-18 00:00:00+09:00,33500.0,35400.0,33200.0,34800.0,42985.0
2018-09-19 00:00:00+09:00,34800.0,35100.0,34100.0,34400.0,15310.0
2018-09-20 00:00:00+09:00,34000.0,34100.0,32900.0,33000.0,24025.0
2018-09-21 00:00:00+09:00,33300.0,33300.0,32400.0,33000.0,14170.0
2018-09-27 00:00:00+09:00,32600.0,33100.0,32000.0,32000.0,18680.0
2018-09-28 00:00:00+09:00,32300.0,32300.0,31600.0,32200.0,15300.0
2018-10-01 00:00:00+09:00,31899.0,32600.0,31000.0,31800.0,13985.0
2018-10-02 00:00:00+09:00,31500.0,31900.0,31299.0,31600.0,10965.0
2018-10-04 00:00:00+09:00,31900.0,32500.0,30900.0,31300.0,30215.0
2018-10-05 00:00:00+09:00,31300.0,32400.0,30799.0,31500.0,42465.0
2018-10-08 00:00:00+09:00,31700.0,31900.0,30700.0,31700.0,10900.0
2018-10-10 00:00:00+09:00,31000.0,32000.0,30900.0,31100.0,22115.0
2018-10-11 00:00:00+09:00,31000.0,31799.0,28700.0,28700.0,41340.0
2018-10-12 00:00:00+09:00,29600.0,29800.0,28400.0,29000.0,23500.0
2018-10-15 00:00:00+09:00,28600.0,29200.0,28600.0,29100.0,33695.0
2018-10-16 00:00:00+09:00,28800.0,29000.0,27400.0,27400.0,46375.0
2018-10-17 00:00:00+09:00,27600.0,28200.0,26800.0,27100.0,25080.0
2018-10-18 00:00:00+09:00,26800.0,27100.0,26100.0,26100.0,17145.0
2018-10-19 00:00:00+09:00,26000.0,26000.0,25199.0,25400.0,46415.0
2018-10-22 00:00:00+09:00,25500.0,27300.0,24700.0,27000.0,39525.0
2018-10-23 00:00:00+09:00,27000.0,27000.0,23800.0,24900.0,141140.0
2018-10-24 00:00:00+09:00,25100.0,25900.0,24800.0,25700.0,48985.0
2018-10-25 00:00:00+09:00,25300.0,26600.0,24500.0,24900.0,27230.0
2018-10-26 00:00:00+09:00,25000.0,25400.0,24100.0,24900.0,20110.0
2018-10-29 00:00:00+09:00,25600.0,25600.0,24200.0,24500.0,16880.0
2018-10-30 00:00:00+09:00,25000.0,25700.0,24400.0,24800.0,30075.0
2018-10-31 00:00:00+09:00,24700.0,25500.0,23600.0,24300.0,40565.0
2018-11-01 00:00:00+09:00,24300.0,25800.0,23900.0,24200.0,19805.0
2018-11-02 00:00:00+09:00,24299.0,25800.0,24299.0,24800.0,25875.0
2018-11-05 00:00:00+09:00,24800.0,24900.0,23700.0,24000.0,24670.0
2018-11-06 00:00:00+09:00,24400.0,26000.0,23800.0,25700.0,40890.0
2018-11-07 00:00:00+09:00,25300.0,26000.0,23900.0,24100.0,33170.0
2018-11-08 00:00:00+09:00,24300.0,30500.0,24300.0,26000.0,168570.0
2018-11-09 00:00:00+09:00,25900.0,27900.0,25700.0,26300.0,44285.0
2018-11-12 00:00:00+09:00,26200.0,27300.0,25700.0,25900.0,20050.0
2018-11-13 00:00:00+09:00,25600.0,26000.0,25000.0,25200.0,24770.0
2018-11-14 00:00:00+09:00,25200.0,25500.0,24599.0,25200.0,13030.0
2018-11-15 00:00:00+09:00,25200.0,26800.0,25100.0,26000.0,43175.0
2018-11-16 00:00:00+09:00,26000.0,28900.0,26000.0,28500.0,52940.0
2018-11-19 00:00:00+09:00,28200.0,29200.0,27500.0,28000.0,25430.0
2018-11-20 00:00:00+09:00,27700.0,29300.0,27700.0,28900.0,38390.0
2018-11-21 00:00:00+09:00,29300.0,29400.0,28200.0,29100.0,22375.0
2018-11-22 00:00:00+09:00,28700.0,29400.0,28100.0,29100.0,23730.0
2018-11-23 00:00:00+09:00,29100.0,29700.0,28800.0,29300.0,15795.0
2018-11-26 00:00:00+09:00,29900.0,29900.0,28400.0,28500.0,13900.0
2018-11-27 00:00:00+09:00,28400.0,29000.0,27500.0,27700.0,43585.0
2018-11-28 00:00:00+09:00,28100.0,28400.0,27500.0,28000.0,18745.0
2018-11-29 00:00:00+09:00,28200.0,28700.0,27700.0,27700.0,17315.0
2018-11-30 00:00:00+09:00,27600.0,28600.0,27100.0,27400.0,30735.0
2018-12-03 00:00:00+09:00,27600.0,27900.0,26200.0,26600.0,74030.0
2018-12-04 00:00:00+09:00,26799.0,26799.0,25100.0,25400.0,74520.0
2018-12-05 00:00:00+09:00,25000.0,25800.0,24900.0,25200.0,48995.0
2018-12-06 00:00:00+09:00,25400.0,25700.0,24000.0,24200.0,48340.0
2018-12-07 00:00:00+09:00,24300.0,24600.0,23500.0,24000.0,33730.0
2018-12-10 00:00:00+09:00,23600.0,23900.0,23100.0,23200.0,51080.0
2018-12-11 00:00:00+09:00,23200.0,23400.0,22899.0,23200.0,30570.0
2018-12-12 00:00:00+09:00,23300.0,25200.0,23000.0,25000.0,70225.0
2018-12-13 00:00:00+09:00,24800.0,25500.0,24199.0,24400.0,67485.0
2018-12-14 00:00:00+09:00,24400.0,25600.0,24200.0,24500.0,36320.0
2018-12-17 00:00:00+09:00,24800.0,25000.0,24300.0,24600.0,13390.0
2018-12-18 00:00:00+09:00,24800.0,25100.0,24400.0,24600.0,16835.0
2018-12-19 00:00:00+09:00,24600.0,25300.0,24500.0,25000.0,19595.0
2018-12-20 00:00:00+09:00,25200.0,25200.0,23600.0,24300.0,34875.0
2018-12-21 00:00:00+09:00,24600.0,24700.0,24100.0,24400.0,11180.0
2018-12-24 00:00:00+09:00,24500.0,25000.0,24000.0,24300.0,18585.0
2018-12-26 00:00:00+09:00,23900.0,24200.0,23300.0,24000.0,26770.0
2018-12-27 00:00:00+09:00,24000.0,25000.0,23600.0,23900.0,27975.0
2018-12-28 00:00:00+09:00,24000.0,24400.0,23199.0,23700.0,27260.0
2019-01-02 00:00:00+09:00,23900.0,24200.0,23400.0,23600.0,21815.0
2019-01-03 00:00:00+09:00,23600.0,23900.0,22800.0,23300.0,22850.0
2019-01-04 00:00:00+09:00,23000.0,24800.0,23000.0,24400.0,47610.0
2019-01-07 00:00:00+09:00,24800.0,24800.0,24100.0,24600.0,31065.0
2019-01-08 00:00:00+09:00,24600.0,24900.0,24300.0,24600.0,28540.0
2019-01-09 00:00:00+09:00,24500.0,25999.0,24300.0,25800.0,41035.0
2019-01-10 00:00:00+09:00,25600.0,26100.0,24400.0,24700.0,27485.0
2019-01-11 00:00:00+09:00,24800.0,26599.0,24700.0,26000.0,61360.0
2019-01-14 00:00:00+09:00,26200.0,26800.0,25700.0,25800.0,22155.0
2019-01-15 00:00:00+09:00,26000.0,26800.0,25600.0,25600.0,34610.0
2019-01-16 00:00:00+09:00,25800.0,26000.0,24600.0,24700.0,26585.0
2019-01-17 00:00:00+09:00,24999.0,25100.0,24199.0,24400.0,22960.0
2019-01-18 00:00:00+09:00,24600.0,24800.0,24600.0,24600.0,9055.0
2019-01-21 00:00:00+09:00,24900.0,24900.0,24400.0,24800.0,16270.0
2019-01-22 00:00:00+09:00,24700.0,25000.0,24400.0,24500.0,12115.0
2019-01-23 00:00:00+09:00,24700.0,25999.0,24500.0,25800.0,25705.0
2019-01-24 00:00:00+09:00,25400.0,25800.0,25200.0,25300.0,14540.0
2019-01-25 00:00:00+09:00,25300.0,26200.0,24900.0,25800.0,30110.0
2019-01-28 00:00:00+09:00,26399.0,26399.0,25000.0,25300.0,25995.0
2019-01-29 00:00:00+09:00,25199.0,25900.0,25000.0,25400.0,35100.0
2019-01-30 00:00:00+09:00,25400.0,25800.0,25300.0,25400.0,20410.0
2019-01-31 00:00:00+09:00,25900.0,25900.0,24600.0,25000.0,40585.0
2019-02-01 00:00:00+09:00,25000.0,25400.0,24800.0,24900.0,33715.0
2019-02-07 00:00:00+09:00,25199.0,25199.0,24400.0,24600.0,35180.0
2019-02-08 00:00:00+09:00,24600.0,24900.0,24300.0,24600.0,30335.0
2019-02-11 00:00:00+09:00,24800.0,25000.0,24500.0,24800.0,42170.0
2019-02-12 00:00:00+09:00,24700.0,25500.0,24700.0,25000.0,18875.0
2019-02-13 00:00:00+09:00,25200.0,27500.0,25100.0,27200.0,85250.0
2019-02-14 00:00:00+09:00,27000.0,27800.0,26800.0,27500.0,33105.0
2019-02-15 00:00:00+09:00,27000.0,28200.0,27000.0,27700.0,20595.0
2019-02-18 00:00:00+09:00,27500.0,27900.0,27200.0,27300.0,17950.0
2019-02-19 00:00:00+09:00,27100.0,27700.0,26700.0,27700.0,26075.0
2019-02-20 00:00:00+09:00,27800.0,28400.0,27400.0,27800.0,18775.0
2019-02-21 00:00:00+09:00,27700.0,29000.0,27500.0,28000.0,26805.0
2019-02-22 00:00:00+09:00,28300.0,28400.0,27400.0,27400.0,18355.0
2019-02-25 00:00:00+09:00,28000.0,28500.0,26700.0,28300.0,49845.0
2019-02-26 00:00:00+09:00,27900.0,28400.0,27300.0,28300.0,48110.0
2019-02-27 00:00:00+09:00,28200.0,28200.0,27000.0,27600.0,79780.0
2019-02-28 00:00:00+09:00,27700.0,29800.0,27100.0,28300.0,95290.0
2019-03-04 00:00:00+09:00,28200.0,30000.0,28000.0,29700.0,57250.0
2019-03-05 00:00:00+09:00,29100.0,29900.0,29100.0,29700.0,25515.0
2019-03-06 00:00:00+09:00,29600.0,30400.0,28000.0,28100.0,57540.0
2019-03-07 00:00:00+09:00,28200.0,31200.0,27700.0,30300.0,101065.0
2019-03-08 00:00:00+09:00,30300.0,31200.0,29900.0,30700.0,59380.0
2019-03-11 00:00:00+09:00,30200.0,31500.0,30200.0,31500.0,32390.0
2019-03-12 00:00:00+09:00,31500.0,32100.0,31100.0,32100.0,28260.0
2019-03-13 00:00:00+09:00,32300.0,32900.0,31099.0,31300.0,50120.0
2019-03-14 00:00:00+09:00,31400.0,32000.0,30700.0,31900.0,45580.0
2019-03-15 00:00:00+09:00,31600.0,31799.0,30300.0,30300.0,44830.0
2019-03-18 00:00:00+09:00,30500.0,32099.0,30500.0,31900.0,41400.0
2019-03-19 00:00:00+09:00,31600.0,31600.0,30599.0,30700.0,35095.0
2019-03-20 00:00:00+09:00,30500.0,30800.0,29499.0,30200.0,46475.0
2019-03-21 00:00:00+09:00,30000.0,30800.0,28800.0,28800.0,41910.0
2019-03-22 00:00:00+09:00,28800.0,29300.0,28200.0,28300.0,25925.0
2019-03-25 00:00:00+09:00,27900.0,28500.0,27600.0,27800.0,27740.0
2019-03-26 00:00:00+09:00,27900.0,28800.0,27900.0,28300.0,26665.0
2019-03-27 00:00:00+09:00,28300.0,29000.0,28000.0,28300.0,22050.0
2019-03-28 00:00:00+09:00,28100.0,28300.0,27600.0,27700.0,21230.0
2019-03-29 00:00:00+09:00,27600.0,28400.0,27400.0,28100.0,17360.0
2019-04-01 00:00:00+09:00,28100.0,28700.0,27600.0,28200.0,23645.0
2019-04-02 00:00:00+09:00,28200.0,28300.0,27500.0,27800.0,33325.0
2019-04-03 00:00:00+09:00,27800.0,28300.0,27400.0,28100.0,16745.0
2019-04-04 00:00:00+09:00,28400.0,28600.0,27800.0,28100.0,24800.0
2019-04-05 00:00:00+09:00,28100.0,28700.0,27900.0,28400.0,42760.0
2019-04-08 00:00:00+09:00,28300.0,29400.0,28300.0,29000.0,61040.0
2019-04-09 00:00:00+09:00,29100.0,30400.0,28700.0,29300.0,40660.0
2019-04-10 00:00:00+09:00,29400.0,30000.0,29200.0,29600.0,25135.0
2019-04-11 00:00:00+09:00,29700.0,31499.0,29700.0,30800.0,61735.0
2019-04-12 00:00:00+09:00,30600.0,32000.0,30100.0,31100.0,57570.0
2019-04-15 00:00:00+09:00,30900.0,31600.0,30800.0,31000.0,24920.0
2019-04-16 00:00:00+09:00,30700.0,31500.0,29700.0,31100.0,33845.0
2019-04-17 00:00:00+09:00,30899.0,32199.0,30899.0,31800.0,31265.0
2019-04-18 00:00:00+09:00,32200.0,32200.0,30800.0,31000.0,19070.0
2019-04-19 00:00:00+09:00,31399.0,31500.0,30900.0,31000.0,13965.0
2019-04-22 00:00:00+09:00,30699.0,31400.0,30400.0,30600.0,27105.0
2019-04-23 00:00:00+09:00,30700.0,31099.0,29900.0,30200.0,13355.0
2019-04-24 00:00:00+09:00,30300.0,30300.0,29400.0,29400.0,8000.0
2019-04-25 00:00:00+09:00,29600.0,30300.0,29200.0,30100.0,16935.0
2019-04-26 00:00:00+09:00,30100.0,30199.0,29199.0,29500.0,19775.0
2019-04-29 00:00:00+09:00,29500.0,29900.0,29000.0,29500.0,14510.0
2019-04-30 00:00:00+09:00,29400.0,29500.0,28700.0,29100.0,16630.0
2019-05-02 00:00:00+09:00,28800.0,29200.0,28600.0,29000.0,14490.0
2019-05-03 00:00:00+09:00,28800.0,28800.0,27800.0,28300.0,37840.0
2019-05-07 00:00:00+09:00,27900.0,29000.0,27600.0,28800.0,26440.0
2019-05-08 00:00:00+09:00,28400.0,29700.0,28200.0,29200.0,26930.0
2019-05-09 00:00:00+09:00,30000.0,30000.0,28900.0,29200.0,40435.0
2019-05-10 00:00:00+09:00,29600.0,29900.0,27800.0,28200.0,50040.0
2019-05-13 00:00:00+09:00,27800.0,28300.0,27700.0,28100.0,19780.0
2019-05-14 00:00:00+09:00,28700.0,28700.0,27300.0,27900.0,27320.0
2019-05-15 00:00:00+09:00,27700.0,28900.0,27300.0,28900.0,24985.0
2019-05-16 00:00:00+09:00,29799.0,32199.0,29200.0,29600.0,168445.0
2019-05-17 00:00:00+09:00,29400.0,29700.0,27700.0,28200.0,69900.0
2019-05-20 00:00:00+09:00,28000.0,28900.0,27800.0,28000.0,26935.0
2019-05-21 00:00:00+09:00,27600.0,28200.0,27400.0,27500.0,18770.0
2019-05-22 00:00:00+09:00,27600.0,27900.0,27200.0,27600.0,12195.0
2019-05-23 00:00:00+09:00,27800.0,28100.0,27200.0,27600.0,12930.0
2019-05-24 00:00:00+09:00,27700.0,28400.0,27700.0,28400.0,16415.0
2019-05-27 00:00:00+09:00,28300.0,28700.0,27900.0,28000.0,7365.0
2019-05-28 00:00:00+09:00,27800.0,29800.0,27800.0,29800.0,25560.0
2019-05-29 00:00:00+09:00,29100.0,29600.0,27800.0,27900.0,38080.0
2019-05-30 00:00:00+09:00,28000.0,28100.0,26800.0,27300.0,32270.0
2019-05-31 00:00:00+09:00,27200.0,27400.0,26100.0,26300.0,60380.0
2019-06-03 00:00:00+09:00,26200.0,27000.0,25600.0,26800.0,36405.0
2019-06-04 00:00:00+09:00,26800.0,27500.0,26300.0,27200.0,18870.0
2019-06-05 00:00:00+09:00,27100.0,27900.0,27000.0,27700.0,10670.0
2019-06-07 00:00:00+09:00,27900.0,28100.0,27700.0,27800.0,9540.0
2019-06-10 00:00:00+09:00,28200.0,28600.0,27800.0,28400.0,40045.0
2019-06-11 00:00:00+09:00,28300.0,28900.0,28000.0,28700.0,20395.0
2019-06-12 00:00:00+09:00,28900.0,29300.0,28600.0,29100.0,24625.0
2019-06-13 00:00:00+09:00,29099.0,34000.0,28299.0,34000.0,48630.0
2019-06-14 00:00:00+09:00,30699.0,31799.0,30100.0,30600.0,132740.0
2019-06-17 00:00:00+09:00,30600.0,30800.0,29500.0,29800.0,33085.0
2019-06-18 00:00:00+09:00,29300.0,30500.0,29300.0,29500.0,29980.0
2019-06-19 00:00:00+09:00,29500.0,29799.0,29400.0,29400.0,9335.0
2019-06-20 00:00:00+09:00,29700.0,30000.0,29500.0,29900.0,9660.0
2019-06-21 00:00:00+09:00,29799.0,30200.0,29400.0,29600.0,18515.0
2019-06-24 00:00:00+09:00,29900.0,30099.0,29500.0,29800.0,10080.0
2019-06-25 00:00:00+09:00,29400.0,29800.0,29100.0,29200.0,13025.0
2019-06-26 00:00:00+09:00,29200.0,29400.0,28200.0,28300.0,37715.0
2019-06-27 00:00:00+09:00,28300.0,28800.0,28100.0,28500.0,13875.0
2019-06-28 00:00:00+09:00,28400.0,28500.0,27500.0,27600.0,20420.0
2019-07-01 00:00:00+09:00,27900.0,28300.0,27600.0,27600.0,10095.0
2019-07-02 00:00:00+09:00,27500.0,27500.0,27100.0,27100.0,14005.0
2019-07-03 00:00:00+09:00,27400.0,27500.0,26600.0,27000.0,16845.0
2019-07-04 00:00:00+09:00,27100.0,27400.0,26600.0,27200.0,11885.0
2019-07-05 00:00:00+09:00,27500.0,27800.0,27100.0,27300.0,11205.0
2019-07-08 00:00:00+09:00,27200.0,27400.0,26300.0,26400.0,12420.0
2019-07-09 00:00:00+09:00,26200.0,26600.0,25600.0,26200.0,37240.0
2019-07-10 00:00:00+09:00,25700.0,26000.0,25300.0,25600.0,29080.0
2019-07-11 00:00:00+09:00,25600.0,26200.0,25400.0,26100.0,12580.0
2019-07-12 00:00:00+09:00,25900.0,25900.0,25400.0,25500.0,15910.0
2019-07-15 00:00:00+09:00,25600.0,25700.0,24600.0,25100.0,16770.0
2019-07-16 00:00:00+09:00,25100.0,25600.0,25000.0,25100.0,30845.0
2019-07-17 00:00:00+09:00,25100.0,25399.0,25100.0,25200.0,11945.0
2019-07-18 00:00:00+09:00,25200.0,26000.0,24999.0,26000.0,69695.0
2019-07-19 00:00:00+09:00,26300.0,26300.0,25700.0,26200.0,13820.0
2019-07-22 00:00:00+09:00,25900.0,25900.0,25200.0,25200.0,25205.0
2019-07-23 00:00:00+09:00,25000.0,25600.0,25000.0,25000.0,25945.0
2019-07-24 00:00:00+09:00,25100.0,25400.0,24300.0,24500.0,33935.0
2019-07-25 00:00:00+09:00,24400.0,24500.0,24000.0,24300.0,21805.0
2019-07-26 00:00:00+09:00,24300.0,24900.0,24300.0,24400.0,14640.0
2019-07-29 00:00:00+09:00,24600.0,24600.0,23200.0,23400.0,19400.0
2019-07-30 00:00:00+09:00,23100.0,23800.0,23000.0,23500.0,9390.0
2019-07-31 00:00:00+09:00,23800.0,24200.0,23700.0,23900.0,12445.0
2019-08-01 00:00:00+09:00,23700.0,24200.0,23200.0,23900.0,15395.0
2019-08-02 00:00:00+09:00,23400.0,23799.0,23300.0,23600.0,9800.0
2019-08-05 00:00:00+09:00,23400.0,24099.0,22800.0,23200.0,20555.0
2019-08-06 00:00:00+09:00,21900.0,23900.0,21900.0,23100.0,22820.0
2019-08-07 00:00:00+09:00,23100.0,23600.0,21600.0,22900.0,60510.0
2019-08-08 00:00:00+09:00,23000.0,25000.0,22900.0,24700.0,52435.0
2019-08-09 00:00:00+09:00,24700.0,24900.0,23400.0,23500.0,31150.0
2019-08-12 00:00:00+09:00,23500.0,24100.0,23100.0,23800.0,10850.0
2019-08-13 00:00:00+09:00,23599.0,24500.0,23500.0,23800.0,12020.0
2019-08-14 00:00:00+09:00,24100.0,24600.0,23800.0,24200.0,22115.0
2019-08-16 00:00:00+09:00,23800.0,23899.0,22900.0,22900.0,31710.0
2019-08-19 00:00:00+09:00,23000.0,23199.0,22500.0,22900.0,20320.0
2019-08-20 00:00:00+09:00,22700.0,23100.0,22500.0,22700.0,32615.0
2019-08-21 00:00:00+09:00,22700.0,22800.0,22100.0,22300.0,35050.0
2019-08-22 00:00:00+09:00,22300.0,22300.0,21500.0,21700.0,38700.0
2019-08-23 00:00:00+09:00,21300.0,21599.0,21300.0,21500.0,11430.0
2019-08-26 00:00:00+09:00,20900.0,21200.0,20300.0,20700.0,24770.0
2019-08-27 00:00:00+09:00,20800.0,21000.0,20100.0,20300.0,34375.0
2019-08-28 00:00:00+09:00,20300.0,20600.0,19820.0,20000.0,66325.0
2019-08-29 00:00:00+09:00,20000.0,22600.0,19960.0,21400.0,120335.0
2019-08-30 00:00:00+09:00,21400.0,21900.0,20900.0,21000.0,47200.0
2019-09-02 00:00:00+09:00,20800.0,21100.0,20600.0,20900.0,13780.0
2019-09-03 00:00:00+09:00,20700.0,22400.0,20700.0,21800.0,55940.0
2019-09-04 00:00:00+09:00,21700.0,22400.0,21700.0,22200.0,23845.0
2019-09-05 00:00:00+09:00,22000.0,22200.0,21100.0,21300.0,68030.0
2019-09-06 00:00:00+09:00,21100.0,21200.0,20500.0,20500.0,41885.0
2019-09-09 00:00:00+09:00,20500.0,20900.0,20100.0,20200.0,34845.0
2019-09-10 00:00:00+09:00,20300.0,20900.0,20300.0,20600.0,15390.0
2019-09-11 00:00:00+09:00,20900.0,21100.0,20600.0,20900.0,34820.0
2019-09-16 00:00:00+09:00,21200.0,21200.0,20800.0,20800.0,19730.0
2019-09-17 00:00:00+09:00,20700.0,21199.0,20700.0,21000.0,20040.0
2019-09-18 00:00:00+09:00,21200.0,22100.0,21200.0,21700.0,43660.0
2019-09-19 00:00:00+09:00,21800.0,21899.0,21499.0,21600.0,15620.0
2019-09-20 00:00:00+09:00,21500.0,22100.0,21400.0,21700.0,30660.0
2019-09-23 00:00:00+09:00,21899.0,22700.0,21800.0,22500.0,38190.0
2019-09-24 00:00:00+09:00,22499.0,23200.0,22499.0,23200.0,26805.0
2019-09-25 00:00:00+09:00,23400.0,23600.0,22700.0,23100.0,30435.0
2019-09-26 00:00:00+09:00,22900.0,23800.0,22900.0,23300.0,26005.0
2019-09-27 00:00:00+09:00,23800.0,24100.0,23200.0,23500.0,27000.0
2019-09-30 00:00:00+09:00,23400.0,23700.0,23200.0,23400.0,7500.0
2019-10-01 00:00:00+09:00,23300.0,24100.0,23200.0,24000.0,28445.0
2019-10-02 00:00:00+09:00,23700.0,24000.0,23400.0,23600.0,30120.0
2019-10-04 00:00:00+09:00,23700.0,23800.0,22700.0,22900.0,26565.0
2019-10-07 00:00:00+09:00,22900.0,23199.0,22700.0,22900.0,12925.0
2019-10-08 00:00:00+09:00,23100.0,23300.0,22200.0,22600.0,23100.0
2019-10-10 00:00:00+09:00,22300.0,22800.0,21900.0,22200.0,22490.0
2019-10-11 00:00:00+09:00,22600.0,22700.0,22000.0,22000.0,14990.0
2019-10-14 00:00:00+09:00,22100.0,22500.0,22100.0,22200.0,13820.0
2019-10-15 00:00:00+09:00,22300.0,22900.0,22200.0,22500.0,12710.0
2019-10-16 00:00:00+09:00,22599.0,23000.0,22300.0,22800.0,20805.0
2019-10-17 00:00:00+09:00,22900.0,23300.0,22300.0,22400.0,21890.0
2019-10-18 00:00:00+09:00,22900.0,22900.0,22000.0,22400.0,16450.0
2019-10-21 00:00:00+09:00,22500.0,22500.0,20900.0,20900.0,50515.0
2019-10-22 00:00:00+09:00,21000.0,21300.0,20900.0,21000.0,19175.0
2019-10-23 00:00:00+09:00,20900.0,21200.0,20800.0,20800.0,11145.0
2019-10-24 00:00:00+09:00,20600.0,21100.0,20500.0,21100.0,18545.0
2019-10-25 00:00:00+09:00,20800.0,21100.0,20600.0,20700.0,18360.0
2019-10-28 00:00:00+09:00,20900.0,21000.0,20700.0,20800.0,18910.0
2019-10-29 00:00:00+09:00,20800.0,20900.0,20400.0,20500.0,33325.0
2019-10-30 00:00:00+09:00,20400.0,20800.0,20400.0,20500.0,22815.0
2019-10-31 00:00:00+09:00,20600.0,21100.0,20600.0,20800.0,17560.0
2019-11-01 00:00:00+09:00,20700.0,21100.0,20700.0,20900.0,12735.0
2019-11-04 00:00:00+09:00,21100.0,21300.0,21000.0,21000.0,19650.0
2019-11-05 00:00:00+09:00,21299.0,21299.0,20700.0,20700.0,15875.0
2019-11-06 00:00:00+09:00,20700.0,21200.0,20500.0,20700.0,75480.0
2019-11-07 00:00:00+09:00,20700.0,21400.0,20700.0,21200.0,36510.0
2019-11-08 00:00:00+09:00,21200.0,21200.0,20500.0,20700.0,733150.0
2019-11-11 00:00:00+09:00,20600.0,20700.0,19840.0,20100.0,99215.0
2019-11-12 00:00:00+09:00,20300.0,20300.0,19940.0,19960.0,61955.0
2019-11-13 00:00:00+09:00,19920.0,20200.0,19880.0,20100.0,28735.0
2019-11-14 00:00:00+09:00,20100.0,20200.0,19960.0,20200.0,29470.0
2019-11-15 00:00:00+09:00,20200.0,20700.0,20000.0,20600.0,115220.0
2019-11-18 00:00:00+09:00,20400.0,20800.0,20300.0,20300.0,28575.0
2019-11-19 00:00:00+09:00,20400.0,20800.0,20100.0,20700.0,93815.0
2019-11-20 00:00:00+09:00,20600.0,20700.0,20200.0,20400.0,38605.0
2019-11-21 00:00:00+09:00,20400.0,20400.0,19920.0,20100.0,50235.0
2019-11-22 00:00:00+09:00,20200.0,20500.0,19960.0,20200.0,29975.0
2019-11-25 00:00:00+09:00,20200.0,21500.0,20200.0,21400.0,131160.0
2019-11-26 00:00:00+09:00,21199.0,21800.0,21199.0,21800.0,78725.0
2019-11-27 00:00:00+09:00,21800.0,21800.0,21300.0,21400.0,27315.0
2019-11-28 00:00:00+09:00,21200.0,21700.0,21100.0,21400.0,36770.0
2019-11-29 00:00:00+09:00,21599.0,22000.0,21400.0,21500.0,51665.0
2019-12-02 00:00:00+09:00,21700.0,21700.0,21200.0,21400.0,17640.0
2019-12-03 00:00:00+09:00,21600.0,21600.0,20800.0,21000.0,17340.0
2019-12-04 00:00:00+09:00,21000.0,21000.0,20200.0,20500.0,25835.0
2019-12-05 00:00:00+09:00,20500.0,20600.0,20100.0,20400.0,18565.0
2019-12-06 00:00:00+09:00,20300.0,20600.0,20300.0,20600.0,15430.0
2019-12-09 00:00:00+09:00,20400.0,20700.0,19900.0,20000.0,48855.0
2019-12-10 00:00:00+09:00,19980.0,20400.0,19920.0,20300.0,17745.0
2019-12-11 00:00:00+09:00,20300.0,20300.0,20100.0,20200.0,12240.0
2019-12-12 00:00:00+09:00,20300.0,20400.0,20100.0,20200.0,58660.0
2019-12-13 00:00:00+09:00,20200.0,20900.0,20200.0,20800.0,124935.0
2019-12-16 00:00:00+09:00,20800.0,21000.0,20400.0,20600.0,16110.0
2019-12-17 00:00:00+09:00,20500.0,20900.0,20400.0,20800.0,16875.0
2019-12-18 00:00:00+09:00,20700.0,21200.0,20600.0,20800.0,28890.0
2019-12-19 00:00:00+09:00,20800.0,21000.0,20400.0,20500.0,15650.0
2019-12-20 00:00:00+09:00,20600.0,20800.0,20400.0,20700.0,10805.0
2019-12-23 00:00:00+09:00,20900.0,21000.0,20600.0,20700.0,29350.0
2019-12-24 00:00:00+09:00,20600.0,21600.0,20600.0,21200.0,85895.0
2019-12-26 00:00:00+09:00,21100.0,21800.0,21100.0,21300.0,51695.0
2019-12-27 00:00:00+09:00,21000.0,21200.0,20800.0,21100.0,36780.0
2019-12-30 00:00:00+09:00,21100.0,21400.0,20800.0,21000.0,20095.0
2020-01-02 00:00:00+09:00,20900.0,21100.0,20500.0,20700.0,26165.0
2020-01-03 00:00:00+09:00,20600.0,21100.0,20600.0,20900.0,46265.0
2020-01-06 00:00:00+09:00,20600.0,21000.0,20200.0,20500.0,41475.0
2020-01-07 00:00:00+09:00,20800.0,20900.0,20600.0,20600.0,10275.0
2020-01-08 00:00:00+09:00,20500.0,20800.0,20200.0,20700.0,48775.0
2020-01-09 00:00:00+09:00,20600.0,21300.0,20600.0,21200.0,36380.0
2020-01-10 00:00:00+09:00,21000.0,21300.0,20900.0,21100.0,21195.0
2020-01-13 00:00:00+09:00,21100.0,22600.0,21100.0,22400.0,79835.0
2020-01-14 00:00:00+09:00,22400.0,23900.0,22400.0,22800.0,140400.0
2020-01-15 00:00:00+09:00,22900.0,23900.0,22700.0,23500.0,56155.0
2020-01-16 00:00:00+09:00,23599.0,23700.0,22900.0,23000.0,46350.0
2020-01-17 00:00:00+09:00,22900.0,24000.0,22900.0,23300.0,67260.0
2020-01-20 00:00:00+09:00,23199.0,23899.0,22900.0,22900.0,40375.0
2020-01-21 00:00:00+09:00,22700.0,23299.0,22700.0,23200.0,28290.0
2020-01-22 00:00:00+09:00,23400.0,23600.0,22800.0,22900.0,26675.0
2020-01-23 00:00:00+09:00,22800.0,23000.0,22200.0,22200.0,45420.0
2020-01-28 00:00:00+09:00,21500.0,21500.0,20700.0,21100.0,81310.0
2020-01-29 00:00:00+09:00,21300.0,21600.0,20900.0,21400.0,22940.0
2020-01-30 00:00:00+09:00,21199.0,21400.0,20900.0,21000.0,44285.0
2020-01-31 00:00:00+09:00,21000.0,21800.0,20800.0,21300.0,59860.0
2020-02-03 00:00:00+09:00,20900.0,21600.0,20900.0,21400.0,28050.0
2020-02-04 00:00:00+09:00,21300.0,21400.0,20900.0,21000.0,24475.0
2020-02-05 00:00:00+09:00,21000.0,21200.0,20600.0,20700.0,30445.0
2020-02-06 00:00:00+09:00,20900.0,21100.0,20600.0,21000.0,33395.0
2020-02-07 00:00:00+09:00,21000.0,21000.0,20300.0,20400.0,59910.0
2020-02-10 00:00:00+09:00,20200.0,20400.0,20100.0,20400.0,27185.0
2020-02-11 00:00:00+09:00,20300.0,20500.0,20000.0,20200.0,49845.0
2020-02-12 00:00:00+09:00,20200.0,20900.0,20100.0,20800.0,47725.0
2020-02-13 00:00:00+09:00,20600.0,20600.0,20100.0,20200.0,48545.0
2020-02-14 00:00:00+09:00,20100.0,20400.0,20100.0,20200.0,14220.0
2020-02-17 00:00:00+09:00,20300.0,20400.0,20100.0,20300.0,14570.0
2020-02-18 00:00:00+09:00,20200.0,20300.0,20000.0,20000.0,40275.0
2020-02-19 00:00:00+09:00,20100.0,20100.0,19640.0,19680.0,61155.0
2020-02-20 00:00:00+09:00,19720.0,19720.0,18860.0,18900.0,58985.0
2020-02-21 00:00:00+09:00,18620.0,18660.0,18300.0,18320.0,29380.0
2020-02-24 00:00:00+09:00,17980.0,18000.0,17420.0,17800.0,35070.0
2020-02-25 00:00:00+09:00,17720.0,18040.0,17440.0,17760.0,25700.0
2020-02-26 00:00:00+09:00,17700.0,17740.0,17420.0,17580.0,25955.0
2020-02-27 00:00:00+09:00,17540.0,17780.0,17520.0,17640.0,20210.0
2020-02-28 00:00:00+09:00,17800.0,19880.0,17740.0,19360.0,164130.0
2020-03-02 00:00:00+09:00,19960.0,19960.0,18660.0,18700.0,45345.0
2020-03-03 00:00:00+09:00,18700.0,18900.0,18480.0,18600.0,33460.0
2020-03-04 00:00:00+09:00,18760.0,19180.0,18360.0,18860.0,40515.0
2020-03-05 00:00:00+09:00,18720.0,19080.0,18520.0,19000.0,30675.0
2020-03-06 00:00:00+09:00,19000.0,19200.0,18700.0,19080.0,46300.0
2020-03-09 00:00:00+09:00,19100.0,19260.0,18460.0,19040.0,34980.0
2020-03-10 00:00:00+09:00,19000.0,19120.0,18660.0,18680.0,35530.0
2020-03-11 00:00:00+09:00,18340.0,19060.0,18040.0,18940.0,54740.0
2020-03-12 00:00:00+09:00,19620.0,19620.0,17420.0,17800.0,59480.0
2020-03-13 00:00:00+09:00,16600.0,17260.0,15840.0,16920.0,77775.0
2020-03-16 00:00:00+09:00,16920.0,17080.0,16080.0,16680.0,35000.0
2020-03-17 00:00:00+09:00,15560.0,16600.0,15360.0,16100.0,53475.0
2020-03-18 00:00:00+09:00,15880.0,16079.0,14820.0,14820.0,57825.0
2020-03-19 00:00:00+09:00,14660.0,14940.0,11780.0,13560.0,158675.0
2020-03-20 00:00:00+09:00,13300.0,14800.0,13060.0,14180.0,75730.0
2020-03-23 00:00:00+09:00,13060.0,13960.0,12980.0,13160.0,49935.0
2020-03-24 00:00:00+09:00,13300.0,14200.0,13300.0,14200.0,40125.0
2020-03-25 00:00:00+09:00,15000.0,15520.0,14260.0,15520.0,53505.0
2020-03-26 00:00:00+09:00,15440.0,15900.0,15040.0,15560.0,49165.0
2020-03-27 00:00:00+09:00,16320.0,16320.0,14920.0,15640.0,54740.0
2020-03-30 00:00:00+09:00,15000.0,15600.0,14799.0,15220.0,35820.0
2020-03-31 00:00:00+09:00,15700.0,15700.0,14720.0,14920.0,86215.0
2020-04-01 00:00:00+09:00,14920.0,15219.0,14540.0,14800.0,52605.0
2020-04-02 00:00:00+09:00,14620.0,15320.0,14620.0,15200.0,40535.0
2020-04-03 00:00:00+09:00,15100.0,15540.0,15020.0,15400.0,32595.0
2020-04-06 00:00:00+09:00,15560.0,16300.0,15520.0,16300.0,30310.0
2020-04-07 00:00:00+09:00,16320.0,17100.0,16120.0,17100.0,60115.0
2020-04-08 00:00:00+09:00,17000.0,17920.0,16620.0,17200.0,47645.0
2020-04-09 00:00:00+09:00,17420.0,17660.0,17000.0,17280.0,34735.0
2020-04-10 00:00:00+09:00,17240.0,17440.0,16840.0,17240.0,32585.0
2020-04-13 00:00:00+09:00,17240.0,17360.0,16800.0,16800.0,26680.0
2020-04-14 00:00:00+09:00,16840.0,17840.0,16700.0,17500.0,27485.0
2020-04-16 00:00:00+09:00,17080.0,17780.0,16840.0,17640.0,40965.0
2020-04-17 00:00:00+09:00,17360.0,18180.0,17360.0,17660.0,33625.0
2020-04-20 00:00:00+09:00,17600.0,17760.0,17300.0,17380.0,33190.0
2020-04-21 00:00:00+09:00,17380.0,17580.0,16700.0,16920.0,36195.0
2020-04-22 00:00:00+09:00,16820.0,16980.0,16240.0,16560.0,40795.0
2020-04-23 00:00:00+09:00,16520.0,17000.0,16400.0,16920.0,27840.0
2020-04-24 00:00:00+09:00,16920.0,17140.0,16460.0,16860.0,30070.0
2020-04-27 00:00:00+09:00,16680.0,17500.0,16680.0,17400.0,24890.0
2020-04-28 00:00:00+09:00,17240.0,17800.0,17220.0,17620.0,48980.0
2020-04-29 00:00:00+09:00,17620.0,18200.0,17520.0,17920.0,20725.0
2020-05-04 00:00:00+09:00,17460.0,17500.0,17160.0,17160.0,48740.0
2020-05-06 00:00:00+09:00,17380.0,17520.0,17220.0,17460.0,21555.0
2020-05-07 00:00:00+09:00,17420.0,17760.0,17300.0,17540.0,24865.0
2020-05-08 00:00:00+09:00,17740.0,17880.0,17540.0,17800.0,27565.0
2020-05-11 00:00:00+09:00,17800.0,18500.0,17680.0,18320.0,40105.0
2020-05-12 00:00:00+09:00,18740.0,18740.0,17660.0,17760.0,30165.0
2020-05-13 00:00:00+09:00,17620.0,17740.0,17420.0,17700.0,17655.0
2020-05-14 00:00:00+09:00,17600.0,17700.0,16940.0,17060.0,26965.0
2020-05-15 00:00:00+09:00,17520.0,17760.0,17140.0,17700.0,23030.0
2020-05-18 00:00:00+09:00,17920.0,17920.0,17320.0,17760.0,13835.0
2020-05-19 00:00:00+09:00,17800.0,18340.0,17800.0,18140.0,31310.0
2020-05-20 00:00:00+09:00,18140.0,18240.0,17940.0,17980.0,12330.0
2020-05-21 00:00:00+09:00,17900.0,18060.0,17720.0,17760.0,31510.0
2020-05-22 00:00:00+09:00,18040.0,18040.0,17660.0,17680.0,21260.0
2020-05-25 00:00:00+09:00,17680.0,17980.0,17460.0,17540.0,18705.0
2020-05-26 00:00:00+09:00,17540.0,17880.0,17540.0,17800.0,23370.0
2020-05-27 00:00:00+09:00,17640.0,18100.0,17520.0,17880.0,23730.0
2020-05-28 00:00:00+09:00,17800.0,18060.0,17420.0,17540.0,25790.0
2020-05-29 00:00:00+09:00,17560.0,17680.0,17200.0,17300.0,28155.0
2020-06-01 00:00:00+09:00,17160.0,17740.0,17120.0,17720.0,19250.0
2020-06-02 00:00:00+09:00,17520.0,17780.0,17520.0,17600.0,20590.0
2020-06-03 00:00:00+09:00,17620.0,18620.0,17620.0,17780.0,61125.0
2020-06-04 00:00:00+09:00,17800.0,17920.0,17700.0,17760.0,27995.0
2020-06-05 00:00:00+09:00,17780.0,17940.0,17560.0,17840.0,27210.0
2020-06-08 00:00:00+09:00,18000.0,18100.0,17840.0,17860.0,30795.0
2020-06-09 00:00:00+09:00,17860.0,18000.0,17720.0,17860.0,21205.0
2020-06-10 00:00:00+09:00,17980.0,17980.0,17660.0,17980.0,30415.0
2020-06-11 00:00:00+09:00,17840.0,17960.0,17180.0,17220.0,82715.0
2020-06-12 00:00:00+09:00,16820.0,17060.0,16520.0,16820.0,43835.0
2020-06-15 00:00:00+09:00,16840.0,16840.0,15439.0,15460.0,72925.0
2020-06-16 00:00:00+09:00,15600.0,16580.0,15600.0,16420.0,30720.0
2020-06-17 00:00:00+09:00,16380.0,16720.0,15900.0,16020.0,24185.0
2020-06-18 00:00:00+09:00,15960.0,16180.0,15819.0,15860.0,27215.0
2020-06-19 00:00:00+09:00,16000.0,16160.0,15719.0,15720.0,27860.0
2020-06-22 00:00:00+09:00,15680.0,15960.0,15680.0,15820.0,23600.0
2020-06-23 00:00:00+09:00,15820.0,16000.0,15580.0,15720.0,20115.0
2020-06-24 00:00:00+09:00,15739.0,15940.0,15700.0,15780.0,21610.0
2020-06-25 00:00:00+09:00,15540.0,15780.0,15179.0,15220.0,39865.0
2020-06-26 00:00:00+09:00,15140.0,15440.0,14980.0,15320.0,32590.0
2020-06-29 00:00:00+09:00,15120.0,15500.0,15120.0,15440.0,27955.0
2020-06-30 00:00:00+09:00,15219.0,17260.0,15219.0,15760.0,96635.0
2020-07-01 00:00:00+09:00,15900.0,15900.0,15600.0,15800.0,37830.0
2020-07-02 00:00:00+09:00,15780.0,16240.0,15780.0,16020.0,28720.0
2020-07-03 00:00:00+09:00,15880.0,16240.0,15880.0,16180.0,25175.0
2020-07-06 00:00:00+09:00,16280.0,16580.0,15840.0,16340.0,33360.0
2020-07-07 00:00:00+09:00,16280.0,16580.0,16100.0,16340.0,12840.0
2020-07-08 00:00:00+09:00,16500.0,16500.0,15980.0,16100.0,16210.0
2020-07-09 00:00:00+09:00,16380.0,16800.0,16180.0,16360.0,50390.0
2020-07-10 00:00:00+09:00,16360.0,16720.0,15960.0,16160.0,26825.0
2020-07-13 00:00:00+09:00,16040.0,16700.0,16040.0,16500.0,27425.0
2020-07-14 00:00:00+09:00,16560.0,16600.0,16200.0,16540.0,12950.0
2020-07-15 00:00:00+09:00,16500.0,16900.0,16100.0,16420.0,37010.0
2020-07-16 00:00:00+09:00,16420.0,16600.0,16120.0,16500.0,33230.0
2020-07-17 00:00:00+09:00,16640.0,16760.0,16320.0,16640.0,23330.0
2020-07-20 00:00:00+09:00,16560.0,16820.0,16360.0,16640.0,29930.0
2020-07-21 00:00:00+09:00,16580.0,16960.0,16520.0,16800.0,52840.0
2020-07-22 00:00:00+09:00,16640.0,16880.0,16480.0,16560.0,25440.0
2020-07-23 00:00:00+09:00,16460.0,16460.0,16099.0,16220.0,29930.0
2020-07-24 00:00:00+09:00,16040.0,16420.0,15940.0,16420.0,39650.0
2020-07-27 00:00:00+09:00,16220.0,16500.0,16060.0,16180.0,25075.0
2020-07-28 00:00:00+09:00,16079.0,16400.0,16000.0,16100.0,37850.0
2020-07-29 00:00:00+09:00,15960.0,16260.0,15860.0,16020.0,43630.0
2020-07-30 00:00:00+09:00,15940.0,16080.0,15940.0,15980.0,50705.0
2020-07-31 00:00:00+09:00,15939.0,16120.0,15820.0,16060.0,44130.0
2020-08-03 00:00:00+09:00,15980.0,16200.0,15720.0,16060.0,50945.0
2020-08-04 00:00:00+09:00,16059.0,16520.0,15840.0,16100.0,32110.0
2020-08-05 00:00:00+09:00,16060.0,16180.0,15920.0,15960.0,42915.0
2020-08-06 00:00:00+09:00,15940.0,16740.0,15920.0,16660.0,76070.0
2020-08-07 00:00:00+09:00,16660.0,17000.0,16520.0,16840.0,48260.0
2020-08-10 00:00:00+09:00,16880.0,16900.0,16360.0,16800.0,32915.0
2020-08-11 00:00:00+09:00,16840.0,16940.0,16640.0,16900.0,50105.0
2020-08-12 00:00:00+09:00,16900.0,17500.0,16780.0,17440.0,72615.0
2020-08-13 00:00:00+09:00,17440.0,17900.0,17100.0,17480.0,55725.0
2020-08-14 00:00:00+09:00,17740.0,17860.0,17420.0,17700.0,42380.0
2020-08-18 00:00:00+09:00,19500.0,19580.0,18060.0,18060.0,164665.0
2020-08-19 00:00:00+09:00,18160.0,19380.0,18080.0,19140.0,82090.0
2020-08-20 00:00:00+09:00,19540.0,19540.0,18420.0,18480.0,54515.0
2020-08-21 00:00:00+09:00,18480.0,18940.0,18160.0,18460.0,53170.0
2020-08-24 00:00:00+09:00,18480.0,18780.0,18000.0,18600.0,52700.0
2020-08-25 00:00:00+09:00,18440.0,19100.0,18240.0,18760.0,49300.0
2020-08-26 00:00:00+09:00,19260.0,19260.0,18420.0,18820.0,32635.0
2020-08-27 00:00:00+09:00,18840.0,18900.0,18160.0,18600.0,60490.0
2020-08-28 00:00:00+09:00,18600.0,18720.0,18160.0,18360.0,39135.0
2020-08-31 00:00:00+09:00,18340.0,18700.0,18260.0,18260.0,39200.0
2020-09-01 00:00:00+09:00,18180.0,18440.0,18020.0,18260.0,28095.0
2020-09-02 00:00:00+09:00,18280.0,18600.0,17960.0,18580.0,40490.0
2020-09-03 00:00:00+09:00,18420.0,18720.0,18320.0,18500.0,28290.0
2020-09-04 00:00:00+09:00,18140.0,18880.0,18100.0,18740.0,59145.0
2020-09-07 00:00:00+09:00,18660.0,18840.0,18500.0,18700.0,22625.0
2020-09-08 00:00:00+09:00,18980.0,18980.0,18480.0,18600.0,23020.0
2020-09-09 00:00:00+09:00,18580.0,18800.0,18200.0,18280.0,42535.0
2020-09-10 00:00:00+09:00,18240.0,18460.0,18120.0,18180.0,34415.0
2020-09-11 00:00:00+09:00,18020.0,18500.0,18020.0,18400.0,18300.0
2020-09-14 00:00:00+09:00,18460.0,18660.0,18120.0,18620.0,28710.0
2020-09-15 00:00:00+09:00,18560.0,18780.0,18560.0,18660.0,34505.0
2020-09-16 00:00:00+09:00,18600.0,19300.0,18600.0,19100.0,36925.0
2020-09-17 00:00:00+09:00,19100.0,19220.0,18700.0,19200.0,36595.0
2020-09-18 00:00:00+09:00,19220.0,19560.0,19020.0,19440.0,35760.0
2020-09-21 00:00:00+09:00,19420.0,19580.0,18840.0,19300.0,34905.0
2020-09-22 00:00:00+09:00,19240.0,19240.0,18560.0,18760.0,25210.0
2020-09-23 00:00:00+09:00,18640.0,19100.0,18520.0,19000.0,23925.0
2020-09-24 00:00:00+09:00,18900.0,19000.0,18320.0,18980.0,31510.0
2020-09-25 00:00:00+09:00,19080.0,19180.0,18720.0,19080.0,22065.0
2020-09-28 00:00:00+09:00,19040.0,19560.0,18820.0,19000.0,45840.0
2020-09-29 00:00:00+09:00,19220.0,19840.0,18900.0,19800.0,48550.0
2020-10-05 00:00:00+09:00,20100.0,20500.0,19340.0,20500.0,59435.0
2020-10-06 00:00:00+09:00,20400.0,20400.0,19960.0,20200.0,26675.0
2020-10-07 00:00:00+09:00,20100.0,20200.0,19600.0,19940.0,36580.0
2020-10-08 00:00:00+09:00,19940.0,20500.0,19800.0,20100.0,34350.0
2020-10-12 00:00:00+09:00,20300.0,20500.0,19900.0,20300.0,30975.0
2020-10-13 00:00:00+09:00,20100.0,20400.0,19840.0,20300.0,44850.0
2020-10-14 00:00:00+09:00,20100.0,20500.0,19840.0,19860.0,30475.0
2020-10-15 00:00:00+09:00,19760.0,19980.0,19640.0,19980.0,20225.0
2020-10-16 00:00:00+09:00,19980.0,20100.0,19560.0,19920.0,38090.0
2020-10-19 00:00:00+09:00,20200.0,20400.0,19780.0,19860.0,32975.0
2020-10-20 00:00:00+09:00,19860.0,19940.0,19200.0,19920.0,47105.0
2020-10-21 00:00:00+09:00,19820.0,19960.0,19500.0,19860.0,34800.0
2020-10-22 00:00:00+09:00,19860.0,19960.0,19460.0,19860.0,18920.0
2020-10-23 00:00:00+09:00,19980.0,19980.0,19580.0,19580.0,28415.0
2020-10-26 00:00:00+09:00,19420.0,19800.0,19340.0,19500.0,18860.0
2020-10-27 00:00:00+09:00,19280.0,19620.0,18840.0,18940.0,54460.0
2020-10-28 00:00:00+09:00,18800.0,18900.0,18200.0,18660.0,95230.0
2020-10-29 00:00:00+09:00,18560.0,18580.0,18140.0,18440.0,35590.0
2020-10-30 00:00:00+09:00,18440.0,18540.0,18100.0,18240.0,33315.0
2020-11-02 00:00:00+09:00,18340.0,18780.0,18340.0,18720.0,31275.0
2020-11-03 00:00:00+09:00,18740.0,19060.0,18620.0,18760.0,32400.0
2020-11-04 00:00:00+09:00,18980.0,19020.0,18640.0,18800.0,29030.0
2020-11-05 00:00:00+09:00,18800.0,19120.0,18720.0,18960.0,32945.0
2020-11-06 00:00:00+09:00,18900.0,19040.0,18460.0,18700.0,50840.0
2020-11-09 00:00:00+09:00,18500.0,18880.0,18500.0,18840.0,55405.0
2020-11-10 00:00:00+09:00,19040.0,19040.0,18700.0,18800.0,41925.0
2020-11-11 00:00:00+09:00,18820.0,19540.0,18820.0,19300.0,59645.0
2020-11-12 00:00:00+09:00,19300.0,19500.0,19180.0,19420.0,26055.0
2020-11-13 00:00:00+09:00,19540.0,19540.0,19200.0,19200.0,31790.0
2020-11-16 00:00:00+09:00,19080.0,19500.0,19060.0,19500.0,32340.0
2020-11-17 00:00:00+09:00,19500.0,19780.0,19040.0,19600.0,52035.0
2020-11-18 00:00:00+09:00,19600.0,19840.0,19320.0,19380.0,31745.0
2020-11-19 00:00:00+09:00,19540.0,19540.0,19120.0,19120.0,24005.0
2020-11-20 00:00:00+09:00,19160.0,19400.0,18940.0,19260.0,43380.0
2020-11-23 00:00:00+09:00,19460.0,19800.0,19280.0,19320.0,86810.0
2020-11-24 00:00:00+09:00,19320.0,19500.0,19180.0,19220.0,60650.0
2020-11-25 00:00:00+09:00,19240.0,19560.0,18820.0,19160.0,89540.0
2020-11-26 00:00:00+09:00,19160.0,19260.0,18620.0,18760.0,99490.0
2020-11-27 00:00:00+09:00,18800.0,19300.0,18640.0,19260.0,33790.0
2020-11-30 00:00:00+09:00,19400.0,19400.0,18940.0,19160.0,59625.0
2020-12-01 00:00:00+09:00,19320.0,19320.0,19100.0,19280.0,28950.0
2020-12-02 00:00:00+09:00,19220.0,19500.0,19160.0,19360.0,45800.0
2020-12-03 00:00:00+09:00,19240.0,19440.0,19140.0,19240.0,31165.0
2020-12-04 00:00:00+09:00,19280.0,19360.0,19140.0,19220.0,27180.0
2020-12-07 00:00:00+09:00,19240.0,19240.0,18980.0,19040.0,25665.0
2020-12-08 00:00:00+09:00,19080.0,19320.0,18960.0,19260.0,37420.0
2020-12-09 00:00:00+09:00,19300.0,19400.0,19200.0,19320.0,23320.0
2020-12-10 00:00:00+09:00,19320.0,19400.0,19180.0,19280.0,36150.0
2020-12-11 00:00:00+09:00,19260.0,19500.0,19240.0,19480.0,38975.0
2020-12-14 00:00:00+09:00,19500.0,19580.0,19280.0,19320.0,45340.0
2020-12-15 00:00:00+09:00,19280.0,19820.0,19280.0,19620.0,47550.0
2020-12-16 00:00:00+09:00,19640.0,19760.0,19620.0,19700.0,16510.0
2020-12-17 00:00:00+09:00,19800.0,19880.0,19620.0,19800.0,26335.0
2020-12-18 00:00:00+09:00,19800.0,19800.0,19500.0,19500.0,30110.0
2020-12-21 00:00:00+09:00,19540.0,20300.0,19520.0,20000.0,46665.0
2020-12-22 00:00:00+09:00,20000.0,20000.0,19720.0,19820.0,28255.0
2020-12-23 00:00:00+09:00,19760.0,19920.0,19660.0,19800.0,36070.0
2020-12-24 00:00:00+09:00,19980.0,20200.0,19820.0,20200.0,26710.0
2020-12-28 00:00:00+09:00,20200.0,20300.0,19880.0,20200.0,27680.0
2020-12-29 00:00:00+09:00,19920.0,20100.0,19560.0,19860.0,40585.0
2020-12-30 00:00:00+09:00,19820.0,20100.0,19680.0,19980.0,22915.0
2021-01-04 00:00:00+09:00,19980.0,19980.0,19620.0,19660.0,33310.0
2021-01-05 00:00:00+09:00,19440.0,19800.0,19340.0,19580.0,62430.0
2021-01-06 00:00:00+09:00,19580.0,19640.0,19340.0,19380.0,71130.0
2021-01-07 00:00:00+09:00,19420.0,19500.0,19280.0,19360.0,50410.0
2021-01-08 00:00:00+09:00,19420.0,19740.0,19240.0,19660.0,80220.0
2021-01-11 00:00:00+09:00,19580.0,19600.0,19080.0,19200.0,61965.0
2021-01-12 00:00:00+09:00,19460.0,19460.0,18900.0,19260.0,47295.0
2021-01-13 00:00:00+09:00,19260.0,19460.0,19060.0,19080.0,52255.0
2021-01-14 00:00:00+09:00,19020.0,19220.0,18960.0,19080.0,38940.0
2021-01-15 00:00:00+09:00,19080.0,19240.0,19020.0,19080.0,41290.0
2021-01-18 00:00:00+09:00,19200.0,19200.0,18900.0,18980.0,23915.0
2021-01-19 00:00:00+09:00,19080.0,19200.0,18920.0,18980.0,39655.0
2021-01-20 00:00:00+09:00,19080.0,19180.0,18940.0,19080.0,33605.0
2021-01-21 00:00:00+09:00,19120.0,19800.0,19100.0,19560.0,52765.0
2021-01-22 00:00:00+09:00,19740.0,20800.0,19420.0,20200.0,121655.0
2021-01-25 00:00:00+09:00,20300.0,21100.0,20300.0,20600.0,90975.0
2021-01-26 00:00:00+09:00,20600.0,20900.0,19700.0,19780.0,101065.0
2021-01-27 00:00:00+09:00,19880.0,19940.0,19500.0,19520.0,37935.0
2021-01-28 00:00:00+09:00,19280.0,19680.0,19180.0,19580.0,31725.0
2021-01-29 00:00:00+09:00,19580.0,19800.0,19200.0,19300.0,49840.0
2021-02-01 00:00:00+09:00,19240.0,19740.0,19220.0,19740.0,23415.0
2021-02-02 00:00:00+09:00,19760.0,21199.0,19580.0,21000.0,128255.0
2021-02-03 00:00:00+09:00,21100.0,21700.0,20800.0,21400.0,87955.0
2021-02-04 00:00:00+09:00,21500.0,22000.0,21200.0,21900.0,119335.0
2021-02-05 00:00:00+09:00,21800.0,22700.0,21500.0,22600.0,69075.0
2021-02-08 00:00:00+09:00,22100.0,23300.0,22100.0,22500.0,52250.0
2021-02-09 00:00:00+09:00,22500.0,23200.0,22400.0,23000.0,85340.0
2021-02-10 00:00:00+09:00,23000.0,23600.0,22900.0,23500.0,70760.0
2021-02-15 00:00:00+09:00,23700.0,23700.0,23100.0,23300.0,41515.0
2021-02-16 00:00:00+09:00,23300.0,23700.0,23200.0,23600.0,47070.0
2021-02-17 00:00:00+09:00,23400.0,23799.0,22600.0,23600.0,42910.0
2021-02-18 00:00:00+09:00,23300.0,23799.0,23300.0,23600.0,45505.0
2021-02-19 00:00:00+09:00,23100.0,25000.0,23100.0,24600.0,60810.0
2021-02-22 00:00:00+09:00,24600.0,24900.0,24200.0,24600.0,22175.0
2021-02-23 00:00:00+09:00,24100.0,24600.0,23800.0,24400.0,30805.0
2021-02-24 00:00:00+09:00,24300.0,24300.0,23100.0,23500.0,50450.0
2021-02-25 00:00:00+09:00,23499.0,24800.0,23499.0,24800.0,59435.0
2021-02-26 00:00:00+09:00,24300.0,25400.0,23100.0,25400.0,72720.0
2021-03-02 00:00:00+09:00,25500.0,26100.0,25300.0,26100.0,73130.0
2021-03-03 00:00:00+09:00,26100.0,26500.0,25900.0,26100.0,27615.0
2021-03-04 00:00:00+09:00,25900.0,26900.0,25600.0,26600.0,35330.0
2021-03-05 00:00:00+09:00,26600.0,27100.0,26000.0,27000.0,26105.0
2021-03-08 00:00:00+09:00,27000.0,27100.0,26300.0,27000.0,19795.0
2021-03-09 00:00:00+09:00,27100.0,27900.0,26700.0,27000.0,34040.0
2021-03-10 00:00:00+09:00,26900.0,27300.0,26400.0,26900.0,26010.0
2021-03-11 00:00:00+09:00,26800.0,27600.0,26400.0,27100.0,24945.0
2021-03-12 00:00:00+09:00,27100.0,27600.0,26700.0,27600.0,31845.0
2021-03-15 00:00:00+09:00,27300.0,27500.0,26400.0,26600.0,22735.0
2021-03-16 00:00:00+09:00,26600.0,27700.0,26600.0,27300.0,77800.0
2021-03-17 00:00:00+09:00,27600.0,28000.0,27000.0,27600.0,38590.0
2021-03-18 00:00:00+09:00,27600.0,28100.0,26600.0,27300.0,52420.0
2021-03-19 00:00:00+09:00,26900.0,27900.0,26100.0,27300.0,38845.0
2021-03-22 00:00:00+09:00,27300.0,27600.0,26600.0,26700.0,34165.0
2021-03-23 00:00:00+09:00,26799.0,26799.0,25300.0,25400.0,39825.0
2021-03-24 00:00:00+09:00,25300.0,25700.0,24700.0,25000.0,27980.0
2021-03-25 00:00:00+09:00,25000.0,25000.0,24000.0,24300.0,35725.0
2021-03-26 00:00:00+09:00,24300.0,25000.0,24100.0,24500.0,27590.0
2021-03-29 00:00:00+09:00,24600.0,25300.0,24300.0,25300.0,22395.0
2021-03-30 00:00:00+09:00,25300.0,25900.0,25100.0,25600.0,10350.0
2021-03-31 00:00:00+09:00,25600.0,26000.0,25100.0,25500.0,16135.0
2021-04-01 00:00:00+09:00,25600.0,25600.0,24000.0,24300.0,73700.0
2021-04-02 00:00:00+09:00,24300.0,25100.0,24100.0,25100.0,23155.0
2021-04-05 00:00:00+09:00,25100.0,26000.0,25100.0,25500.0,20350.0
2021-04-06 00:00:00+09:00,25399.0,25500.0,24599.0,25200.0,28960.0
2021-04-07 00:00:00+09:00,25100.0,25800.0,25100.0,25800.0,32890.0
2021-04-08 00:00:00+09:00,25800.0,26400.0,25400.0,25900.0,29400.0
2021-04-09 00:00:00+09:00,25700.0,26400.0,25600.0,26400.0,23940.0
2021-04-12 00:00:00+09:00,26800.0,26800.0,25900.0,26300.0,26550.0
2021-04-13 00:00:00+09:00,26200.0,26300.0,25300.0,26100.0,53170.0
2021-04-14 00:00:00+09:00,25700.0,26500.0,25600.0,26300.0,46245.0
2021-04-15 00:00:00+09:00,26000.0,26400.0,25700.0,26400.0,20120.0
2021-04-16 00:00:00+09:00,26100.0,26600.0,25900.0,26300.0,28100.0
2021-04-19 00:00:00+09:00,26400.0,26800.0,25600.0,26700.0,23090.0
2021-04-20 00:00:00+09:00,26300.0,27500.0,26300.0,27400.0,28880.0
2021-04-21 00:00:00+09:00,27200.0,27800.0,26400.0,27500.0,32265.0
2021-04-22 00:00:00+09:00,27500.0,27600.0,26800.0,27400.0,28685.0
2021-04-23 00:00:00+09:00,27400.0,27700.0,27000.0,27400.0,14270.0
2021-04-26 00:00:00+09:00,27400.0,28700.0,27300.0,28700.0,28350.0
2021-04-27 00:00:00+09:00,28700.0,28900.0,28200.0,28700.0,11170.0
2021-04-28 00:00:00+09:00,28400.0,28700.0,27600.0,28400.0,25455.0
2021-04-29 00:00:00+09:00,28100.0,28700.0,28000.0,28700.0,18395.0
2021-04-30 00:00:00+09:00,28400.0,28400.0,27800.0,28100.0,27330.0
2021-05-03 00:00:00+09:00,28300.0,28400.0,27700.0,27800.0,21835.0
2021-05-04 00:00:00+09:00,27700.0,27800.0,26600.0,27400.0,29150.0
2021-05-06 00:00:00+09:00,27700.0,28200.0,27000.0,27900.0,16250.0
2021-05-07 00:00:00+09:00,28500.0,28500.0,27700.0,27700.0,14915.0
2021-05-10 00:00:00+09:00,28100.0,28200.0,27500.0,28000.0,15955.0
2021-05-11 00:00:00+09:00,28200.0,28200.0,26900.0,26900.0,27225.0
2021-05-12 00:00:00+09:00,26900.0,27200.0,26200.0,27100.0,34525.0
2021-05-13 00:00:00+09:00,27200.0,27400.0,26400.0,26700.0,39895.0
2021-05-14 00:00:00+09:00,26700.0,27300.0,26400.0,26900.0,26560.0
2021-05-17 00:00:00+09:00,26700.0,27600.0,26500.0,27000.0,18590.0
2021-05-18 00:00:00+09:00,28000.0,28700.0,27200.0,27800.0,62550.0
2021-05-20 00:00:00+09:00,27400.0,28600.0,27200.0,28500.0,40190.0
2021-05-21 00:00:00+09:00,28200.0,28500.0,27700.0,27700.0,28410.0
2021-05-24 00:00:00+09:00,27500.0,27800.0,27500.0,27600.0,10325.0
2021-05-25 00:00:00+09:00,27400.0,28000.0,27200.0,27600.0,17440.0
2021-05-26 00:00:00+09:00,27600.0,28200.0,27400.0,27800.0,22435.0
2021-05-27 00:00:00+09:00,27800.0,28100.0,27700.0,28100.0,12625.0
2021-05-28 00:00:00+09:00,28100.0,28400.0,27800.0,28000.0,16450.0
2021-05-31 00:00:00+09:00,27900.0,27900.0,27300.0,27900.0,16720.0
2021-06-01 00:00:00+09:00,27900.0,28300.0,27600.0,27900.0,36135.0
2021-06-02 00:00:00+09:00,27700.0,28800.0,27600.0,27800.0,28655.0
2021-06-03 00:00:00+09:00,27800.0,27900.0,27400.0,27500.0,15125.0
2021-06-04 00:00:00+09:00,27500.0,28400.0,27000.0,27700.0,31865.0
2021-06-07 00:00:00+09:00,28000.0,28500.0,27600.0,27700.0,32495.0
2021-06-08 00:00:00+09:00,27900.0,28100.0,27300.0,27600.0,31940.0
2021-06-09 00:00:00+09:00,27600.0,28100.0,27200.0,27300.0,32345.0
2021-06-10 00:00:00+09:00,27200.0,27700.0,27000.0,27400.0,35475.0
2021-06-11 00:00:00+09:00,27400.0,27600.0,26500.0,27000.0,50720.0
2021-06-14 00:00:00+09:00,27100.0,27100.0,26300.0,26400.0,37595.0
2021-06-15 00:00:00+09:00,26300.0,26900.0,26000.0,26200.0,28520.0
2021-06-16 00:00:00+09:00,26200.0,26700.0,25900.0,26200.0,30160.0
2021-06-17 00:00:00+09:00,26399.0,26399.0,25400.0,25700.0,63915.0
2021-06-18 00:00:00+09:00,26000.0,26900.0,25700.0,26900.0,51865.0
2021-06-21 00:00:00+09:00,26800.0,27000.0,26000.0,26500.0,32595.0
2021-06-22 00:00:00+09:00,26500.0,26500.0,24900.0,25300.0,910595.0
2021-06-23 00:00:00+09:00,25400.0,26000.0,25200.0,25500.0,46330.0
2021-06-24 00:00:00+09:00,25500.0,25900.0,25199.0,25400.0,45285.0
2021-06-25 00:00:00+09:00,25500.0,25800.0,25200.0,25200.0,37940.0
2021-06-28 00:00:00+09:00,25300.0,25400.0,25000.0,25100.0,29030.0
2021-06-29 00:00:00+09:00,25300.0,25300.0,24500.0,25200.0,99370.0
2021-06-30 00:00:00+09:00,25199.0,25199.0,24500.0,24600.0,76295.0
2021-07-01 00:00:00+09:00,24700.0,24700.0,23800.0,24500.0,74485.0
2021-07-02 00:00:00+09:00,25000.0,25500.0,24700.0,25000.0,147155.0
2021-07-05 00:00:00+09:00,25200.0,25500.0,24800.0,24900.0,34760.0
2021-07-06 00:00:00+09:00,25000.0,25000.0,24600.0,24800.0,23680.0
2021-07-07 00:00:00+09:00,24600.0,24700.0,24100.0,24200.0,40895.0
2021-07-08 00:00:00+09:00,24100.0,24500.0,23800.0,24000.0,40660.0
2021-07-09 00:00:00+09:00,23800.0,24300.0,23100.0,24300.0,48935.0
2021-07-12 00:00:00+09:00,24300.0,24300.0,23800.0,24000.0,44020.0
2021-07-13 00:00:00+09:00,24000.0,24200.0,23800.0,24200.0,38970.0
2021-07-14 00:00:00+09:00,24200.0,24300.0,24000.0,24200.0,39835.0
2021-07-15 00:00:00+09:00,24200.0,24500.0,24000.0,24200.0,74930.0
2021-07-16 00:00:00+09:00,24200.0,24200.0,23700.0,23700.0,42240.0
2021-07-19 00:00:00+09:00,23700.0,24400.0,23600.0,24400.0,34830.0
2021-07-20 00:00:00+09:00,24399.0,25100.0,24300.0,25000.0,73095.0
2021-07-21 00:00:00+09:00,25199.0,25400.0,24400.0,24600.0,78855.0
2021-07-22 00:00:00+09:00,24600.0,25200.0,24400.0,24700.0,47850.0
2021-07-23 00:00:00+09:00,24800.0,25300.0,24800.0,25300.0,46585.0
2021-07-26 00:00:00+09:00,25700.0,25700.0,24800.0,24800.0,44290.0
2021-07-27 00:00:00+09:00,24900.0,25500.0,24900.0,25000.0,38775.0
2021-07-28 00:00:00+09:00,25000.0,25700.0,25000.0,25600.0,37140.0
2021-07-29 00:00:00+09:00,25600.0,25900.0,25400.0,25900.0,22490.0
2021-07-30 00:00:00+09:00,26000.0,26000.0,25200.0,25600.0,35650.0
2021-08-02 00:00:00+09:00,25800.0,25800.0,25300.0,25500.0,22685.0
2021-08-03 00:00:00+09:00,25200.0,25900.0,25000.0,25500.0,31365.0
2021-08-04 00:00:00+09:00,25400.0,25800.0,25200.0,25800.0,22995.0
2021-08-05 00:00:00+09:00,25700.0,26500.0,25700.0,26300.0,67425.0
2021-08-06 00:00:00+09:00,26300.0,26400.0,26000.0,26400.0,21315.0
2021-08-09 00:00:00+09:00,26200.0,26400.0,25700.0,26300.0,29275.0
2021-08-10 00:00:00+09:00,26300.0,26400.0,25900.0,26400.0,21905.0
2021-08-11 00:00:00+09:00,26400.0,26600.0,26200.0,26500.0,29295.0
2021-08-12 00:00:00+09:00,26400.0,26800.0,26200.0,26600.0,22500.0
2021-08-13 00:00:00+09:00,26600.0,26600.0,25700.0,26100.0,32780.0
2021-08-17 00:00:00+09:00,26100.0,26799.0,25800.0,26200.0,45625.0
2021-08-18 00:00:00+09:00,25900.0,26700.0,25600.0,26500.0,35125.0
2021-08-19 00:00:00+09:00,26400.0,26400.0,25300.0,25500.0,54675.0
2021-08-20 00:00:00+09:00,25500.0,26000.0,25400.0,25500.0,29725.0
2021-08-23 00:00:00+09:00,25600.0,26800.0,25600.0,26400.0,81030.0
2021-08-27 00:00:00+09:00,25150.0,26100.0,24150.0,25850.0,128644.0
2021-08-30 00:00:00+09:00,25850.0,25900.0,25000.0,25250.0,38030.0
2021-08-31 00:00:00+09:00,25050.0,25750.0,24450.0,25100.0,45412.0
2021-09-01 00:00:00+09:00,25150.0,25250.0,24350.0,24500.0,61069.0
2021-09-02 00:00:00+09:00,24400.0,24550.0,24050.0,24200.0,42054.0
2021-09-03 00:00:00+09:00,24100.0,24600.0,23950.0,24250.0,34229.0
2021-09-06 00:00:00+09:00,24200.0,24300.0,24000.0,24100.0,12451.0
2021-09-07 00:00:00+09:00,24100.0,24150.0,23800.0,23900.0,25443.0
2021-09-08 00:00:00+09:00,23800.0,24150.0,23800.0,23800.0,19246.0
2021-09-09 00:00:00+09:00,23750.0,23750.0,23100.0,23550.0,42624.0
2021-09-10 00:00:00+09:00,23500.0,23900.0,23100.0,23650.0,16318.0
2021-09-13 00:00:00+09:00,23650.0,23950.0,23300.0,23750.0,15927.0
2021-09-14 00:00:00+09:00,23650.0,24050.0,23650.0,23950.0,17994.0
2021-09-15 00:00:00+09:00,23750.0,23850.0,23500.0,23500.0,18410.0
2021-09-16 00:00:00+09:00,23500.0,23500.0,22800.0,23100.0,45931.0
2021-09-17 00:00:00+09:00,23000.0,23150.0,22500.0,22500.0,44195.0
2021-09-23 00:00:00+09:00,22350.0,22600.0,22000.0,22600.0,19881.0
2021-09-24 00:00:00+09:00,22400.0,22850.0,22250.0,22650.0,16109.0
2021-09-27 00:00:00+09:00,22650.0,22900.0,22450.0,22450.0,18426.0
2021-09-28 00:00:00+09:00,22400.0,22700.0,22350.0,22500.0,17364.0
2021-09-29 00:00:00+09:00,22700.0,22750.0,22000.0,22000.0,18039.0
2021-09-30 00:00:00+09:00,22000.0,22250.0,21750.0,21900.0,21042.0
2021-10-01 00:00:00+09:00,21900.0,22100.0,21600.0,21600.0,17544.0
2021-10-05 00:00:00+09:00,21450.0,22600.0,20850.0,21450.0,28043.0
2021-10-06 00:00:00+09:00,21500.0,21850.0,20800.0,21350.0,23028.0
2021-10-07 00:00:00+09:00,21400.0,22050.0,21350.0,21850.0,14009.0
2021-10-08 00:00:00+09:00,21800.0,22250.0,21500.0,22150.0,17524.0
2021-10-12 00:00:00+09:00,22250.0,22500.0,21750.0,22200.0,21034.0
2021-10-13 00:00:00+09:00,21950.0,22800.0,21900.0,22550.0,12173.0
2021-10-14 00:00:00+09:00,22750.0,22950.0,22400.0,22850.0,15337.0
2021-10-15 00:00:00+09:00,22850.0,22950.0,22400.0,22500.0,26172.0
2021-10-18 00:00:00+09:00,22500.0,22650.0,22100.0,22400.0,13334.0
2021-10-19 00:00:00+09:00,22400.0,22700.0,22300.0,22400.0,6830.0
2021-10-20 00:00:00+09:00,22400.0,22700.0,22200.0,22300.0,15329.0
2021-10-21 00:00:00+09:00,22250.0,22700.0,22150.0,22450.0,32536.0
2021-10-22 00:00:00+09:00,22450.0,23400.0,22450.0,23300.0,29711.0
2021-10-25 00:00:00+09:00,23450.0,23850.0,22950.0,23550.0,33469.0
2021-10-26 00:00:00+09:00,23550.0,23600.0,23150.0,23550.0,14257.0
2021-10-27 00:00:00+09:00,23350.0,23350.0,22800.0,23200.0,16081.0
2021-10-28 00:00:00+09:00,22950.0,23200.0,22600.0,22600.0,14341.0
2021-10-29 00:00:00+09:00,22550.0,22750.0,22200.0,22500.0,10486.0
2021-11-01 00:00:00+09:00,22450.0,23050.0,22450.0,22800.0,17188.0
2021-11-02 00:00:00+09:00,22800.0,23500.0,22750.0,23100.0,17817.0
2021-11-03 00:00:00+09:00,23100.0,23400.0,22650.0,22800.0,18478.0
2021-11-04 00:00:00+09:00,22800.0,22900.0,19900.0,20050.0,1334725.0
2021-11-05 00:00:00+09:00,20300.0,20450.0,20150.0,20400.0,173164.0
2021-11-08 00:00:00+09:00,20350.0,20350.0,19950.0,20000.0,116796.0
2021-11-09 00:00:00+09:00,20000.0,20200.0,19750.0,20150.0,56603.0
2021-11-10 00:00:00+09:00,19900.0,20150.0,19450.0,19850.0,76540.0
2021-11-11 00:00:00+09:00,19550.0,19650.0,19050.0,19300.0,91459.0
2021-11-12 00:00:00+09:00,19300.0,19600.0,19100.0,19300.0,105969.0
2021-11-15 00:00:00+09:00,19300.0,19650.0,19300.0,19650.0,71648.0
2021-11-16 00:00:00+09:00,19800.0,20000.0,19500.0,19600.0,104018.0
2021-11-17 00:00:00+09:00,19550.0,19550.0,19000.0,19200.0,105052.0
2021-11-18 00:00:00+09:00,19100.0,19250.0,18600.0,18750.0,125419.0
2021-11-19 00:00:00+09:00,18750.0,18950.0,18250.0,18500.0,113735.0
2021-11-22 00:00:00+09:00,18600.0,19000.0,18500.0,18950.0,65129.0
2021-11-23 00:00:00+09:00,19000.0,19250.0,18850.0,19200.0,58893.0
2021-11-24 00:00:00+09:00,19150.0,19350.0,18750.0,18850.0,58435.0
2021-11-25 00:00:00+09:00,18950.0,19050.0,18600.0,18850.0,50054.0
2021-11-26 00:00:00+09:00,18900.0,19000.0,18500.0,18700.0,51511.0
2021-11-29 00:00:00+09:00,18400.0,18750.0,18200.0,18350.0,67880.0
2021-11-30 00:00:00+09:00,18500.0,18550.0,18000.0,18150.0,68835.0
2021-12-01 00:00:00+09:00,18200.0,18400.0,17750.0,18050.0,88566.0
2021-12-02 00:00:00+09:00,18000.0,18550.0,17750.0,18550.0,70906.0
2021-12-03 00:00:00+09:00,18550.0,19200.0,18150.0,18650.0,106241.0
2021-12-06 00:00:00+09:00,18750.0,18750.0,18300.0,18550.0,31382.0
2021-12-07 00:00:00+09:00,18550.0,18850.0,18450.0,18800.0,34144.0
2021-12-08 00:00:00+09:00,18800.0,19100.0,18700.0,18800.0,36292.0
2021-12-09 00:00:00+09:00,18850.0,19000.0,18650.0,19000.0,41050.0
2021-12-10 00:00:00+09:00,19000.0,19200.0,18750.0,19150.0,35660.0
2021-12-13 00:00:00+09:00,19200.0,19350.0,18850.0,19050.0,35190.0
2021-12-14 00:00:00+09:00,18950.0,19150.0,18850.0,19050.0,27413.0
2021-12-15 00:00:00+09:00,18950.0,19150.0,18900.0,18950.0,21233.0
2021-12-16 00:00:00+09:00,19150.0,19200.0,18800.0,18950.0,27476.0
2021-12-17 00:00:00+09:00,18750.0,19200.0,18750.0,19200.0,24482.0
2021-12-20 00:00:00+09:00,19200.0,19400.0,19100.0,19350.0,38228.0
2021-12-21 00:00:00+09:00,19400.0,19450.0,19000.0,19050.0,40854.0
2021-12-22 00:00:00+09:00,19100.0,19100.0,18750.0,19000.0,35529.0
2021-12-23 00:00:00+09:00,19000.0,19050.0,18850.0,19000.0,22364.0
2021-12-24 00:00:00+09:00,19150.0,19450.0,18900.0,19350.0,49833.0
2021-12-27 00:00:00+09:00,19400.0,19400.0,19150.0,19350.0,31237.0
2021-12-28 00:00:00+09:00,19550.0,19550.0,19250.0,19550.0,32615.0
2021-12-29 00:00:00+09:00,19350.0,19400.0,19100.0,19400.0,50692.0
2021-12-30 00:00:00+09:00,19250.0,19250.0,18900.0,19150.0,36591.0
2022-01-03 00:00:00+09:00,19150.0,19150.0,18700.0,18750.0,46985.0
2022-01-04 00:00:00+09:00,18700.0,18850.0,18450.0,18550.0,30349.0
2022-01-05 00:00:00+09:00,18550.0,18700.0,18350.0,18500.0,25251.0
2022-01-06 00:00:00+09:00,18400.0,18600.0,18200.0,18300.0,29911.0
2022-01-07 00:00:00+09:00,18200.0,18700.0,18100.0,18650.0,23605.0
2022-01-10 00:00:00+09:00,18650.0,18850.0,18450.0,18800.0,28609.0
2022-01-11 00:00:00+09:00,18700.0,18750.0,18450.0,18550.0,20582.0
2022-01-12 00:00:00+09:00,18600.0,18950.0,18600.0,18900.0,24812.0
2022-01-13 00:00:00+09:00,18900.0,19050.0,18800.0,18800.0,22239.0
2022-01-14 00:00:00+09:00,18800.0,18800.0,18600.0,18650.0,15104.0
2022-01-17 00:00:00+09:00,18650.0,18700.0,18250.0,18450.0,33947.0
2022-01-18 00:00:00+09:00,18450.0,18550.0,18350.0,18500.0,19573.0
2022-01-19 00:00:00+09:00,18350.0,18650.0,18350.0,18550.0,20046.0
2022-01-20 00:00:00+09:00,18550.0,18650.0,18350.0,18600.0,17520.0
2022-01-21 00:00:00+09:00,18500.0,18700.0,18400.0,18400.0,19370.0
2022-01-24 00:00:00+09:00,18350.0,18800.0,18050.0,18250.0,28611.0
2022-01-25 00:00:00+09:00,18200.0,18200.0,17700.0,17750.0,36619.0
2022-01-26 00:00:00+09:00,17650.0,18250.0,17650.0,17800.0,29342.0
2022-01-27 00:00:00+09:00,17800.0,17850.0,16800.0,16800.0,45911.0
2022-01-28 00:00:00+09:00,16850.0,17400.0,16800.0,17250.0,32382.0
2022-02-03 00:00:00+09:00,17550.0,17950.0,17500.0,17700.0,17640.0
2022-02-04 00:00:00+09:00,17700.0,18100.0,17450.0,17900.0,15832.0
2022-02-07 00:00:00+09:00,17900.0,17900.0,17450.0,17850.0,17793.0
2022-02-08 00:00:00+09:00,17900.0,18150.0,17600.0,17800.0,23729.0
2022-02-09 00:00:00+09:00,17700.0,18150.0,17600.0,18000.0,15964.0
2022-02-10 00:00:00+09:00,17850.0,18250.0,17850.0,18200.0,21778.0
2022-02-11 00:00:00+09:00,18000.0,18250.0,17850.0,17900.0,14824.0
2022-02-14 00:00:00+09:00,17800.0,17950.0,17450.0,17650.0,13528.0
2022-02-15 00:00:00+09:00,17800.0,17850.0,17500.0,17600.0,22351.0
2022-02-16 00:00:00+09:00,17750.0,17850.0,17400.0,17450.0,37697.0
2022-02-17 00:00:00+09:00,17400.0,17900.0,17400.0,17650.0,33424.0
2022-02-18 00:00:00+09:00,17550.0,17800.0,17450.0,17750.0,27211.0
2022-02-21 00:00:00+09:00,17600.0,17900.0,17500.0,17700.0,31725.0
2022-02-22 00:00:00+09:00,17450.0,17600.0,17200.0,17400.0,33285.0
2022-02-23 00:00:00+09:00,17400.0,17750.0,17300.0,17750.0,32526.0
2022-02-24 00:00:00+09:00,17650.0,17650.0,17100.0,17300.0,32961.0
2022-02-25 00:00:00+09:00,17350.0,17600.0,17200.0,17550.0,13598.0
2022-02-28 00:00:00+09:00,17700.0,17800.0,17300.0,17800.0,22077.0
2022-03-02 00:00:00+09:00,18000.0,18000.0,17550.0,17650.0,47763.0
2022-03-03 00:00:00+09:00,17650.0,17850.0,17550.0,17850.0,29455.0
2022-03-04 00:00:00+09:00,17700.0,17750.0,17550.0,17700.0,16969.0
2022-03-07 00:00:00+09:00,17700.0,17700.0,17200.0,17250.0,33081.0
2022-03-08 00:00:00+09:00,17100.0,17200.0,16800.0,17050.0,25310.0
2022-03-10 00:00:00+09:00,17200.0,17750.0,17150.0,17750.0,28859.0
2022-03-11 00:00:00+09:00,17700.0,17700.0,17450.0,17600.0,14769.0
2022-03-14 00:00:00+09:00,17500.0,17750.0,17450.0,17450.0,14067.0
2022-03-15 00:00:00+09:00,17350.0,17600.0,17200.0,17350.0,17557.0
2022-03-16 00:00:00+09:00,17400.0,17700.0,17300.0,17500.0,24836.0
2022-03-17 00:00:00+09:00,17600.0,17750.0,17550.0,17600.0,33202.0
2022-03-18 00:00:00+09:00,17550.0,17750.0,17450.0,17700.0,24867.0
2022-03-21 00:00:00+09:00,17700.0,17850.0,17400.0,17600.0,29125.0
2022-03-22 00:00:00+09:00,17550.0,17700.0,17500.0,17550.0,23983.0
2022-03-23 00:00:00+09:00,17550.0,17800.0,17550.0,17700.0,37782.0
2022-03-24 00:00:00+09:00,17700.0,17800.0,17600.0,17700.0,59659.0
2022-03-25 00:00:00+09:00,17700.0,18150.0,17600.0,18000.0,93112.0
2022-03-28 00:00:00+09:00,18100.0,18100.0,17550.0,17600.0,58030.0
2022-03-29 00:00:00+09:00,17650.0,17800.0,17500.0,17650.0,30699.0
2022-03-30 00:00:00+09:00,17700.0,17900.0,17600.0,17700.0,36011.0
2022-03-31 00:00:00+09:00,17800.0,17850.0,17600.0,17750.0,33741.0
2022-04-01 00:00:00+09:00,17750.0,17750.0,17500.0,17700.0,42475.0
2022-04-04 00:00:00+09:00,17700.0,17750.0,17550.0,17700.0,55075.0
2022-04-05 00:00:00+09:00,17700.0,18350.0,17650.0,18250.0,84994.0
2022-04-06 00:00:00+09:00,18150.0,18250.0,17900.0,18250.0,36163.0
2022-04-07 00:00:00+09:00,18200.0,18250.0,17900.0,18050.0,41997.0
2022-04-08 00:00:00+09:00,18050.0,18050.0,17700.0,17950.0,25453.0
2022-04-11 00:00:00+09:00,17850.0,18150.0,17700.0,18100.0,18432.0
2022-04-12 00:00:00+09:00,18050.0,18050.0,17800.0,18050.0,27625.0
2022-04-13 00:00:00+09:00,18150.0,18250.0,17900.0,18250.0,29007.0
2022-04-14 00:00:00+09:00,18100.0,18600.0,18050.0,18600.0,34943.0
2022-04-15 00:00:00+09:00,18500.0,18800.0,18350.0,18800.0,44863.0
2022-04-18 00:00:00+09:00,18700.0,19200.0,18600.0,19150.0,72242.0
2022-04-19 00:00:00+09:00,19150.0,19200.0,18850.0,19100.0,46222.0
2022-04-20 00:00:00+09:00,19100.0,19100.0,18750.0,18800.0,49331.0
2022-04-21 00:00:00+09:00,18850.0,19100.0,18750.0,19100.0,40374.0
2022-04-22 00:00:00+09:00,18900.0,19100.0,18700.0,19000.0,39362.0
2022-04-25 00:00:00+09:00,18700.0,18750.0,18450.0,18600.0,39059.0
2022-04-26 00:00:00+09:00,18700.0,18750.0,18450.0,18600.0,20590.0
2022-04-27 00:00:00+09:00,18350.0,18400.0,18150.0,18400.0,17684.0
2022-04-28 00:00:00+09:00,18400.0,18550.0,18200.0,18550.0,22070.0
2022-04-29 00:00:00+09:00,18500.0,18800.0,18350.0,18700.0,17074.0
2022-05-02 00:00:00+09:00,18500.0,19150.0,18400.0,19150.0,28098.0
2022-05-03 00:00:00+09:00,19200.0,19200.0,18850.0,18950.0,26319.0
2022-05-04 00:00:00+09:00,18950.0,18950.0,18650.0,18700.0,26581.0
2022-05-06 00:00:00+09:00,18550.0,18600.0,18300.0,18450.0,30077.0
2022-05-09 00:00:00+09:00,18300.0,18350.0,17750.0,17950.0,42004.0
2022-05-10 00:00:00+09:00,17950.0,18150.0,17650.0,18100.0,32007.0
2022-05-11 00:00:00+09:00,17850.0,17900.0,17600.0,17750.0,17356.0
2022-05-12 00:00:00+09:00,17600.0,17750.0,16950.0,17100.0,53662.0
2022-05-13 00:00:00+09:00,17250.0,17800.0,17100.0,17800.0,32468.0
2022-05-16 00:00:00+09:00,17800.0,17850.0,17300.0,17350.0,30147.0
2022-05-17 00:00:00+09:00,17350.0,17700.0,17200.0,17500.0,41632.0
2022-05-18 00:00:00+09:00,17450.0,17750.0,17350.0,17450.0,32528.0
2022-05-19 00:00:00+09:00,17250.0,17250.0,17000.0,17050.0,38522.0
2022-05-20 00:00:00+09:00,17050.0,17500.0,17050.0,17300.0,26214.0
2022-05-23 00:00:00+09:00,17300.0,17450.0,17100.0,17200.0,23447.0
2022-05-24 00:00:00+09:00,17200.0,17250.0,16900.0,16950.0,25921.0
2022-05-25 00:00:00+09:00,17000.0,17200.0,16850.0,16850.0,47216.0
2022-05-26 00:00:00+09:00,16850.0,17300.0,16800.0,16850.0,32163.0
2022-05-27 00:00:00+09:00,17000.0,17350.0,16800.0,17150.0,41128.0
2022-05-30 00:00:00+09:00,17300.0,17550.0,17300.0,17550.0,19691.0
2022-05-31 00:00:00+09:00,17550.0,18050.0,17350.0,17900.0,47719.0
2022-06-02 00:00:00+09:00,17750.0,17800.0,17400.0,17450.0,28709.0
2022-06-03 00:00:00+09:00,17500.0,17650.0,17300.0,17550.0,19414.0
2022-06-07 00:00:00+09:00,17500.0,17900.0,17200.0,17850.0,44666.0
2022-06-08 00:00:00+09:00,17850.0,17850.0,17450.0,17500.0,31830.0
2022-06-09 00:00:00+09:00,17550.0,17550.0,17100.0,17350.0,181463.0
2022-06-10 00:00:00+09:00,17450.0,18050.0,17400.0,17700.0,71601.0
2022-06-13 00:00:00+09:00,17550.0,17550.0,17000.0,17000.0,31590.0
2022-06-14 00:00:00+09:00,16850.0,17350.0,16750.0,17100.0,30113.0
2022-06-15 00:00:00+09:00,17250.0,17250.0,16900.0,17000.0,20421.0
2022-06-16 00:00:00+09:00,17050.0,17450.0,16900.0,16900.0,36904.0
2022-06-17 00:00:00+09:00,16500.0,17250.0,16300.0,16550.0,22655.0
2022-06-20 00:00:00+09:00,16600.0,16700.0,15850.0,16450.0,29825.0
2022-06-21 00:00:00+09:00,16550.0,16600.0,16200.0,16550.0,12943.0
2022-06-22 00:00:00+09:00,16550.0,16600.0,15700.0,16250.0,29979.0
2022-06-23 00:00:00+09:00,16000.0,16200.0,15550.0,16150.0,33976.0
2022-06-24 00:00:00+09:00,16100.0,16500.0,15700.0,16400.0,26723.0
2022-06-27 00:00:00+09:00,16400.0,16850.0,16350.0,16600.0,17060.0
2022-06-28 00:00:00+09:00,16550.0,16550.0,16300.0,16450.0,12405.0
2022-06-29 00:00:00+09:00,16350.0,16450.0,16150.0,16200.0,9771.0
2022-06-30 00:00:00+09:00,16400.0,16400.0,16000.0,16050.0,9672.0
2022-07-01 00:00:00+09:00,16050.0,16250.0,15750.0,15800.0,15851.0
2022-07-04 00:00:00+09:00,16000.0,16000.0,15350.0,15500.0,19483.0
2022-07-05 00:00:00+09:00,15500.0,15750.0,15400.0,15750.0,35491.0
2022-07-06 00:00:00+09:00,15800.0,16000.0,15400.0,15700.0,23397.0
2022-07-07 00:00:00+09:00,16150.0,16150.0,15500.0,15650.0,36274.0
2022-07-08 00:00:00+09:00,15600.0,19500.0,15400.0,15900.0,512681.0
2022-07-11 00:00:00+09:00,16050.0,16200.0,15500.0,15750.0,72069.0
2022-07-12 00:00:00+09:00,15700.0,15700.0,15250.0,15300.0,51398.0
2022-07-13 00:00:00+09:00,15200.0,15550.0,15150.0,15400.0,29870.0
2022-07-14 00:00:00+09:00,15400.0,15750.0,15300.0,15550.0,24314.0
2022-07-15 00:00:00+09:00,15700.0,15700.0,15100.0,15250.0,29810.0
2022-07-18 00:00:00+09:00,15300.0,15450.0,15200.0,15350.0,34227.0
2022-07-19 00:00:00+09:00,15300.0,16100.0,15250.0,16050.0,97329.0
2022-07-20 00:00:00+09:00,16150.0,16750.0,16100.0,16250.0,78748.0
2022-07-21 00:00:00+09:00,16250.0,17250.0,16150.0,17100.0,87219.0
2022-07-22 00:00:00+09:00,17300.0,17400.0,16900.0,17150.0,63172.0
2022-07-25 00:00:00+09:00,17100.0,17700.0,16950.0,17400.0,54624.0
2022-07-26 00:00:00+09:00,17400.0,17500.0,17250.0,17400.0,17975.0
2022-07-27 00:00:00+09:00,17200.0,17600.0,17050.0,17500.0,37014.0
2022-07-28 00:00:00+09:00,17500.0,17500.0,17150.0,17300.0,23263.0
2022-07-29 00:00:00+09:00,17300.0,17400.0,16900.0,17250.0,30693.0
2022-08-01 00:00:00+09:00,17200.0,17400.0,16950.0,17300.0,27530.0
2022-08-02 00:00:00+09:00,17200.0,17250.0,16800.0,17150.0,30028.0
2022-08-03 00:00:00+09:00,16950.0,17100.0,16800.0,16950.0,14875.0
2022-08-04 00:00:00+09:00,16800.0,16950.0,16800.0,16800.0,14471.0
2022-08-05 00:00:00+09:00,16900.0,17050.0,16700.0,17000.0,14808.0
2022-08-08 00:00:00+09:00,17100.0,17100.0,16750.0,16900.0,11982.0
2022-08-09 00:00:00+09:00,17000.0,17000.0,16700.0,16900.0,15806.0
2022-08-10 00:00:00+09:00,16950.0,17050.0,16700.0,17000.0,10338.0
2022-08-11 00:00:00+09:00,17000.0,17100.0,16900.0,16950.0,17705.0
2022-08-12 00:00:00+09:00,17050.0,17300.0,16800.0,17250.0,18942.0
2022-08-16 00:00:00+09:00,17250.0,17300.0,17050.0,17250.0,4045.0
2022-08-17 00:00:00+09:00,16900.0,16950.0,15900.0,16150.0,139688.0
2022-08-18 00:00:00+09:00,16200.0,16250.0,15900.0,16200.0,21759.0
2022-08-19 00:00:00+09:00,16150.0,16200.0,15900.0,16100.0,22199.0
2022-08-22 00:00:00+09:00,16000.0,16050.0,15650.0,15700.0,37884.0
2022-08-23 00:00:00+09:00,15500.0,16100.0,15450.0,15650.0,30051.0
2022-08-24 00:00:00+09:00,15650.0,15850.0,15500.0,15850.0,23166.0
2022-08-25 00:00:00+09:00,15950.0,17750.0,15900.0,16950.0,221072.0
2022-08-26 00:00:00+09:00,16950.0,17250.0,16750.0,16750.0,37456.0
2022-08-29 00:00:00+09:00,16500.0,16800.0,16400.0,16400.0,27537.0
2022-08-30 00:00:00+09:00,16400.0,17350.0,16400.0,17200.0,39714.0
2022-08-31 00:00:00+09:00,17250.0,18300.0,17150.0,17750.0,73821.0
2022-09-01 00:00:00+09:00,17750.0,18250.0,17350.0,17400.0,28428.0
2022-09-02 00:00:00+09:00,17400.0,17800.0,17250.0,17400.0,17040.0
2022-09-05 00:00:00+09:00,17150.0,17650.0,17150.0,17300.0,9030.0
2022-09-06 00:00:00+09:00,17200.0,17750.0,17150.0,17500.0,7980.0
2022-09-07 00:00:00+09:00,17550.0,17550.0,16950.0,17050.0,12929.0
2022-09-08 00:00:00+09:00,17050.0,17150.0,16500.0,16900.0,19096.0
2022-09-13 00:00:00+09:00,16900.0,17400.0,16850.0,17400.0,9596.0
2022-09-14 00:00:00+09:00,17150.0,17400.0,16850.0,17300.0,16251.0
2022-09-15 00:00:00+09:00,17300.0,17400.0,17100.0,17300.0,3906.0
2022-09-16 00:00:00+09:00,17300.0,17350.0,17050.0,17350.0,14612.0
2022-09-19 00:00:00+09:00,17350.0,17550.0,17050.0,17250.0,11045.0
2022-09-20 00:00:00+09:00,17300.0,17450.0,17250.0,17350.0,2443.0
2022-09-21 00:00:00+09:00,17350.0,17350.0,16850.0,17050.0,7383.0
2022-09-22 00:00:00+09:00,16900.0,16950.0,16500.0,16800.0,11158.0
2022-09-23 00:00:00+09:00,16650.0,17050.0,16500.0,16800.0,10723.0
2022-09-26 00:00:00+09:00,16550.0,16650.0,16000.0,16300.0,17969.0
2022-09-27 00:00:00+09:00,16000.0,16500.0,15950.0,16200.0,12731.0
2022-09-28 00:00:00+09:00,16000.0,16250.0,15650.0,16000.0,14557.0
2022-09-29 00:00:00+09:00,16300.0,16450.0,16100.0,16400.0,8761.0
2022-09-30 00:00:00+09:00,16400.0,16800.0,16200.0,16450.0,14291.0
2022-10-04 00:00:00+09:00,16700.0,16950.0,16550.0,16700.0,6013.0
2022-10-05 00:00:00+09:00,16800.0,16850.0,16450.0,16600.0,10333.0
2022-10-06 00:00:00+09:00,16600.0,17500.0,16600.0,17250.0,19588.0
2022-10-07 00:00:00+09:00,17250.0,17500.0,17100.0,17200.0,12745.0
2022-10-11 00:00:00+09:00,16950.0,16950.0,16350.0,16650.0,12081.0
2022-10-12 00:00:00+09:00,16400.0,16650.0,16200.0,16550.0,17445.0
2022-10-13 00:00:00+09:00,16200.0,16400.0,15950.0,16250.0,13595.0
2022-10-14 00:00:00+09:00,16300.0,16600.0,16300.0,16300.0,11294.0
2022-10-17 00:00:00+09:00,16250.0,16500.0,16050.0,16500.0,5195.0
2022-10-18 00:00:00+09:00,16500.0,16850.0,16400.0,16750.0,10131.0
2022-10-19 00:00:00+09:00,16800.0,16850.0,16550.0,16750.0,3892.0
2022-10-20 00:00:00+09:00,16750.0,16750.0,16450.0,16450.0,23464.0
2022-10-21 00:00:00+09:00,16450.0,16600.0,16300.0,16600.0,4412.0
2022-10-24 00:00:00+09:00,16650.0,16750.0,16450.0,16750.0,15238.0
2022-10-25 00:00:00+09:00,16750.0,16750.0,16300.0,16450.0,11107.0
2022-10-26 00:00:00+09:00,16450.0,16650.0,16100.0,16150.0,7718.0
2022-10-27 00:00:00+09:00,16150.0,16350.0,16150.0,16250.0,2816.0
2022-10-28 00:00:00+09:00,16300.0,16400.0,16150.0,16300.0,4222.0
2022-10-31 00:00:00+09:00,16400.0,16400.0,16150.0,16250.0,1932.0
2022-11-01 00:00:00+09:00,16100.0,16450.0,16100.0,16250.0,5058.0
2022-11-02 00:00:00+09:00,16250.0,16400.0,15850.0,16150.0,17040.0
2022-11-03 00:00:00+09:00,16000.0,16150.0,15850.0,16150.0,7020.0
2022-11-04 00:00:00+09:00,15900.0,16200.0,15900.0,16050.0,6661.0
2022-11-07 00:00:00+09:00,16250.0,16350.0,16000.0,16050.0,9923.0
2022-11-08 00:00:00+09:00,16250.0,16300.0,16000.0,16200.0,11183.0
2022-11-09 00:00:00+09:00,16250.0,16400.0,16150.0,16200.0,12919.0
2022-11-10 00:00:00+09:00,16300.0,16300.0,16100.0,16100.0,7212.0
2022-11-11 00:00:00+09:00,16300.0,16550.0,16200.0,16200.0,14425.0
2022-11-14 00:00:00+09:00,16450.0,16450.0,16200.0,16250.0,4298.0
2022-11-15 00:00:00+09:00,16250.0,16450.0,16250.0,16400.0,17225.0
2022-11-16 00:00:00+09:00,16450.0,16450.0,16200.0,16200.0,11524.0
2022-11-17 00:00:00+09:00,16250.0,16350.0,16100.0,16250.0,12112.0
2022-11-18 00:00:00+09:00,16250.0,16300.0,16100.0,16250.0,10245.0
2022-11-21 00:00:00+09:00,16150.0,16250.0,16000.0,16250.0,20153.0
2022-11-22 00:00:00+09:00,16100.0,16200.0,16000.0,16050.0,20423.0
2022-11-23 00:00:00+09:00,16100.0,16200.0,15900.0,16050.0,22884.0
2022-11-24 00:00:00+09:00,16050.0,16150.0,16000.0,16100.0,13850.0
2022-11-25 00:00:00+09:00,16000.0,16100.0,16000.0,16000.0,9376.0
2022-11-28 00:00:00+09:00,16050.0,16100.0,15800.0,16000.0,16139.0
2022-11-29 00:00:00+09:00,15900.0,16350.0,15900.0,16150.0,15051.0
2022-11-30 00:00:00+09:00,16200.0,16250.0,16050.0,16150.0,12317.0
2022-12-01 00:00:00+09:00,16350.0,16850.0,16250.0,16600.0,40962.0
2022-12-02 00:00:00+09:00,16650.0,16650.0,16350.0,16550.0,13948.0
2022-12-05 00:00:00+09:00,16550.0,17050.0,16400.0,16700.0,17946.0
2022-12-06 00:00:00+09:00,16700.0,16800.0,16100.0,16400.0,13766.0
2022-12-07 00:00:00+09:00,16350.0,16500.0,16150.0,16500.0,10390.0
2022-12-08 00:00:00+09:00,16400.0,16550.0,16200.0,16400.0,7117.0
2022-12-09 00:00:00+09:00,16350.0,16550.0,16300.0,16550.0,12004.0
2022-12-12 00:00:00+09:00,16650.0,16650.0,16350.0,16500.0,5930.0
2022-12-13 00:00:00+09:00,16450.0,16600.0,16450.0,16500.0,5044.0
2022-12-14 00:00:00+09:00,16500.0,16900.0,16450.0,16750.0,12673.0
2022-12-15 00:00:00+09:00,16750.0,17000.0,16700.0,16900.0,15011.0
2022-12-16 00:00:00+09:00,16700.0,17000.0,16700.0,16800.0,10705.0
2022-12-19 00:00:00+09:00,16850.0,16950.0,16700.0,16800.0,18341.0
2022-12-20 00:00:00+09:00,16650.0,16750.0,16450.0,16600.0,11522.0
2022-12-21 00:00:00+09:00,16500.0,16700.0,16500.0,16700.0,11669.0
2022-12-22 00:00:00+09:00,16750.0,16750.0,16550.0,16650.0,17137.0
2022-12-23 00:00:00+09:00,16500.0,16550.0,16300.0,16500.0,25360.0
2022-12-26 00:00:00+09:00,16650.0,16700.0,16450.0,16550.0,13572.0
2022-12-27 00:00:00+09:00,16550.0,16650.0,16350.0,16650.0,25187.0
2022-12-28 00:00:00+09:00,16350.0,16400.0,16200.0,16300.0,16672.0
2022-12-29 00:00:00+09:00,16300.0,16450.0,16150.0,16450.0,17261.0
2023-01-02 00:00:00+09:00,16500.0,16500.0,16150.0,16350.0,16863.0
2023-01-03 00:00:00+09:00,15900.0,16450.0,15850.0,16050.0,33019.0
2023-01-04 00:00:00+09:00,16050.0,16400.0,15900.0,16100.0,4951.0
2023-01-05 00:00:00+09:00,16100.0,16200.0,15900.0,15950.0,10666.0
2023-01-06 00:00:00+09:00,15950.0,16050.0,15650.0,15800.0,17718.0
2023-01-09 00:00:00+09:00,15900.0,16100.0,15750.0,15900.0,12505.0
2023-01-10 00:00:00+09:00,16000.0,16050.0,15850.0,15850.0,8416.0
2023-01-11 00:00:00+09:00,15900.0,16050.0,15800.0,15950.0,10139.0
2023-01-12 00:00:00+09:00,16000.0,16200.0,16000.0,16200.0,10534.0
2023-01-13 00:00:00+09:00,16250.0,16350.0,16050.0,16300.0,11119.0
2023-01-16 00:00:00+09:00,16300.0,16500.0,16200.0,16350.0,16301.0
2023-01-17 00:00:00+09:00,16350.0,16500.0,16050.0,16200.0,10115.0
2023-01-18 00:00:00+09:00,16200.0,16250.0,15950.0,16000.0,7352.0
2023-01-19 00:00:00+09:00,16000.0,16300.0,15950.0,16150.0,10223.0
2023-01-20 00:00:00+09:00,16250.0,16300.0,16050.0,16250.0,5472.0
2023-01-25 00:00:00+09:00,16260.0,16430.0,16200.0,16230.0,12012.0
2023-01-26 00:00:00+09:00,16230.0,16300.0,16180.0,16230.0,10033.0
2023-01-27 00:00:00+09:00,16300.0,16350.0,16200.0,16300.0,10522.0
2023-01-30 00:00:00+09:00,16300.0,16370.0,16160.0,16200.0,6802.0
2023-01-31 00:00:00+09:00,16190.0,16440.0,16120.0,16420.0,16651.0
2023-02-01 00:00:00+09:00,16450.0,16550.0,16320.0,16400.0,9448.0
2023-02-02 00:00:00+09:00,16450.0,16460.0,16400.0,16410.0,11283.0
2023-02-03 00:00:00+09:00,16410.0,16520.0,16210.0,16310.0,18785.0
2023-02-06 00:00:00+09:00,16320.0,16390.0,16230.0,16390.0,13601.0
2023-02-07 00:00:00+09:00,16390.0,16400.0,16220.0,16260.0,8453.0
2023-02-08 00:00:00+09:00,16370.0,16370.0,16180.0,16350.0,24504.0
2023-02-09 00:00:00+09:00,16290.0,16460.0,16200.0,16210.0,13003.0
2023-02-10 00:00:00+09:00,16250.0,16250.0,16070.0,16150.0,11209.0
2023-02-13 00:00:00+09:00,16150.0,16210.0,16030.0,16160.0,11459.0
2023-02-14 00:00:00+09:00,16010.0,16390.0,16010.0,16200.0,13644.0
2023-02-15 00:00:00+09:00,16100.0,16270.0,16000.0,16120.0,10145.0
2023-02-16 00:00:00+09:00,16120.0,16120.0,15990.0,16090.0,16454.0
2023-02-17 00:00:00+09:00,15900.0,16140.0,15900.0,16030.0,6888.0
2023-02-20 00:00:00+09:00,16030.0,16200.0,15950.0,16020.0,10472.0
2023-02-21 00:00:00+09:00,16030.0,16150.0,16010.0,16120.0,8693.0
2023-02-22 00:00:00+09:00,16140.0,16200.0,15990.0,16190.0,12872.0
2023-02-23 00:00:00+09:00,16160.0,16220.0,16010.0,16140.0,8925.0
2023-02-24 00:00:00+09:00,16250.0,16250.0,16050.0,16080.0,7899.0
2023-02-27 00:00:00+09:00,16080.0,16120.0,15940.0,16120.0,12038.0
2023-02-28 00:00:00+09:00,16140.0,16140.0,15980.0,15980.0,7820.0
2023-03-02 00:00:00+09:00,15980.0,16080.0,15900.0,15900.0,9392.0
2023-03-03 00:00:00+09:00,15900.0,16090.0,15890.0,16040.0,11751.0
2023-03-06 00:00:00+09:00,16040.0,16090.0,15100.0,15990.0,10083.0
2023-03-07 00:00:00+09:00,15900.0,16030.0,15900.0,16000.0,12879.0
2023-03-08 00:00:00+09:00,15980.0,16040.0,15840.0,15960.0,7108.0
2023-03-09 00:00:00+09:00,15900.0,15960.0,15900.0,15950.0,6863.0
2023-03-10 00:00:00+09:00,15960.0,15990.0,15620.0,15620.0,15137.0
2023-03-13 00:00:00+09:00,15580.0,15680.0,15260.0,15480.0,11367.0
2023-03-14 00:00:00+09:00,15300.0,15480.0,14980.0,15370.0,26116.0
2023-03-15 00:00:00+09:00,15370.0,15490.0,15200.0,15280.0,9996.0
2023-03-16 00:00:00+09:00,15280.0,15280.0,15050.0,15150.0,8274.0
2023-03-17 00:00:00+09:00,15200.0,15200.0,15040.0,15130.0,15793.0
2023-03-20 00:00:00+09:00,14890.0,15210.0,14890.0,15090.0,12562.0
2023-03-21 00:00:00+09:00,15070.0,15190.0,14990.0,15060.0,18098.0
2023-03-22 00:00:00+09:00,14990.0,15190.0,14990.0,15000.0,13247.0
2023-03-23 00:00:00+09:00,14950.0,15170.0,14950.0,15130.0,21616.0
2023-03-24 00:00:00+09:00,15130.0,15210.0,14930.0,15110.0,23070.0
2023-03-27 00:00:00+09:00,15110.0,15220.0,14950.0,15100.0,13757.0
2023-03-28 00:00:00+09:00,14960.0,15350.0,14960.0,15150.0,21076.0
2023-03-29 00:00:00+09:00,15130.0,15700.0,15110.0,15330.0,20783.0
2023-03-30 00:00:00+09:00,15330.0,15650.0,15270.0,15410.0,25790.0
2023-03-31 00:00:00+09:00,15410.0,15900.0,15410.0,15650.0,20075.0
2023-04-03 00:00:00+09:00,15670.0,15680.0,15430.0,15580.0,19135.0
2023-04-04 00:00:00+09:00,15700.0,16020.0,15510.0,15960.0,26395.0
2023-04-05 00:00:00+09:00,15890.0,16100.0,15590.0,15610.0,48741.0
2023-04-06 00:00:00+09:00,15610.0,15610.0,15370.0,15370.0,23128.0
2023-04-07 00:00:00+09:00,15370.0,15400.0,15180.0,15270.0,24500.0
2023-04-10 00:00:00+09:00,15270.0,15310.0,15180.0,15200.0,14718.0
2023-04-11 00:00:00+09:00,15200.0,15400.0,15200.0,15400.0,12163.0
2023-04-12 00:00:00+09:00,15300.0,15540.0,15300.0,15450.0,16880.0
2023-04-13 00:00:00+09:00,15450.0,15680.0,15320.0,15650.0,17431.0
2023-04-14 00:00:00+09:00,15530.0,15750.0,15500.0,15650.0,21007.0
2023-04-17 00:00:00+09:00,15650.0,15750.0,15500.0,15650.0,18306.0
2023-04-18 00:00:00+09:00,15510.0,15700.0,15350.0,15550.0,32092.0
2023-04-19 00:00:00+09:00,15500.0,15730.0,15460.0,15560.0,19786.0
2023-04-20 00:00:00+09:00,15510.0,15550.0,15360.0,15460.0,18569.0
2023-04-21 00:00:00+09:00,15450.0,15450.0,15320.0,15450.0,11825.0
2023-04-24 00:00:00+09:00,15450.0,15500.0,15300.0,15370.0,13736.0
2023-04-25 00:00:00+09:00,15370.0,15370.0,15170.0,15280.0,12587.0
2023-04-26 00:00:00+09:00,15280.0,15300.0,15150.0,15220.0,12143.0
2023-04-27 00:00:00+09:00,15200.0,15400.0,15140.0,15190.0,17944.0
2023-04-28 00:00:00+09:00,15120.0,15470.0,15120.0,15400.0,15237.0
2023-05-02 00:00:00+09:00,15400.0,15490.0,15290.0,15490.0,7645.0
2023-05-03 00:00:00+09:00,15490.0,15590.0,15420.0,15500.0,5997.0
2023-05-04 00:00:00+09:00,15500.0,15640.0,15320.0,15550.0,11333.0
2023-05-08 00:00:00+09:00,15500.0,15730.0,15490.0,15720.0,11297.0
2023-05-09 00:00:00+09:00,15790.0,15810.0,15570.0,15730.0,14984.0
2023-05-10 00:00:00+09:00,15620.0,15970.0,15620.0,15960.0,16277.0
2023-05-11 00:00:00+09:00,15890.0,16660.0,15890.0,16600.0,46350.0
2023-05-12 00:00:00+09:00,16600.0,16720.0,16310.0,16510.0,42564.0
2023-05-15 00:00:00+09:00,16510.0,16570.0,16000.0,16560.0,36281.0
2023-05-16 00:00:00+09:00,16560.0,16560.0,16100.0,16280.0,21795.0
2023-05-17 00:00:00+09:00,16270.0,16270.0,16020.0,16180.0,6406.0
2023-05-18 00:00:00+09:00,16260.0,16260.0,16000.0,16190.0,8568.0
2023-05-19 00:00:00+09:00,16090.0,16250.0,16090.0,16220.0,6786.0
2023-05-22 00:00:00+09:00,16220.0,16250.0,16070.0,16080.0,24707.0
2023-05-23 00:00:00+09:00,16080.0,16190.0,15750.0,15760.0,27370.0
2023-05-24 00:00:00+09:00,15760.0,15770.0,15620.0,15650.0,22943.0
2023-05-25 00:00:00+09:00,15650.0,15830.0,15570.0,15580.0,16857.0
2023-05-26 00:00:00+09:00,15580.0,15780.0,15550.0,15570.0,14410.0
2023-05-30 00:00:00+09:00,15570.0,15790.0,15300.0,15410.0,25865.0
2023-05-31 00:00:00+09:00,15420.0,15690.0,15240.0,15240.0,130713.0
2023-06-01 00:00:00+09:00,15400.0,15780.0,15230.0,15540.0,21933.0
2023-06-02 00:00:00+09:00,15510.0,15630.0,15410.0,15520.0,14099.0
2023-06-05 00:00:00+09:00,15500.0,15640.0,15410.0,15420.0,28930.0
2023-06-07 00:00:00+09:00,15450.0,15630.0,15410.0,15530.0,20512.0
2023-06-08 00:00:00+09:00,15530.0,15530.0,15400.0,15530.0,14537.0
2023-06-09 00:00:00+09:00,15530.0,15550.0,15420.0,15480.0,13802.0
2023-06-12 00:00:00+09:00,15480.0,15530.0,15330.0,15340.0,23025.0
2023-06-13 00:00:00+09:00,15430.0,15430.0,15280.0,15280.0,21555.0
2023-06-14 00:00:00+09:00,15280.0,15380.0,15130.0,15160.0,45192.0
2023-06-15 00:00:00+09:00,15160.0,15180.0,14950.0,15020.0,67330.0
2023-06-16 00:00:00+09:00,15030.0,15140.0,14920.0,14920.0,42586.0
2023-06-19 00:00:00+09:00,14990.0,15030.0,14910.0,14910.0,16084.0
2023-06-20 00:00:00+09:00,14940.0,15050.0,14870.0,14870.0,30542.0
2023-06-21 00:00:00+09:00,14880.0,14990.0,14810.0,14830.0,29492.0
2023-06-22 00:00:00+09:00,14830.0,14980.0,14790.0,14930.0,64512.0
2023-06-23 00:00:00+09:00,14930.0,14950.0,14610.0,14610.0,43095.0
2023-06-26 00:00:00+09:00,14610.0,15050.0,14490.0,15050.0,32289.0
2023-06-27 00:00:00+09:00,15050.0,15720.0,15050.0,15640.0,53574.0
2023-06-28 00:00:00+09:00,15570.0,15600.0,15150.0,15150.0,35290.0
2023-06-29 00:00:00+09:00,15310.0,17500.0,15300.0,16650.0,442223.0
2023-06-30 00:00:00+09:00,16700.0,16710.0,16110.0,16430.0,73584.0
2023-07-03 00:00:00+09:00,16470.0,17000.0,16320.0,16850.0,61447.0
2023-07-04 00:00:00+09:00,16680.0,16740.0,16110.0,16650.0,65394.0
2023-07-05 00:00:00+09:00,16650.0,16770.0,16270.0,16270.0,26673.0
2023-07-06 00:00:00+09:00,16270.0,16470.0,15600.0,15930.0,40730.0
2023-07-07 00:00:00+09:00,15900.0,16000.0,15510.0,15900.0,23537.0
2023-07-10 00:00:00+09:00,15810.0,15940.0,15600.0,15710.0,22594.0
2023-07-11 00:00:00+09:00,15700.0,15780.0,15550.0,15660.0,17660.0
2023-07-12 00:00:00+09:00,15700.0,15870.0,15590.0,15820.0,12246.0
2023-07-13 00:00:00+09:00,15820.0,16050.0,15770.0,16030.0,20440.0
2023-07-14 00:00:00+09:00,16000.0,16000.0,15650.0,15850.0,29389.0
2023-07-17 00:00:00+09:00,15890.0,15890.0,15570.0,15660.0,24230.0
2023-07-18 00:00:00+09:00,15600.0,15780.0,15520.0,15570.0,20375.0
2023-07-19 00:00:00+09:00,15570.0,15650.0,15470.0,15640.0,17139.0
2023-07-20 00:00:00+09:00,15640.0,15720.0,15500.0,15720.0,10572.0
2023-07-21 00:00:00+09:00,15670.0,15850.0,15600.0,15840.0,13128.0
2023-07-24 00:00:00+09:00,15850.0,15870.0,15510.0,15550.0,18724.0
2023-07-25 00:00:00+09:00,15450.0,15700.0,15140.0,15170.0,27546.0
2023-07-26 00:00:00+09:00,15170.0,15290.0,14710.0,14780.0,64741.0
2023-07-27 00:00:00+09:00,14780.0,15250.0,14780.0,15250.0,17782.0
2023-07-28 00:00:00+09:00,15250.0,15320.0,15090.0,15250.0,8075.0
2023-07-31 00:00:00+09:00,15250.0,15450.0,15120.0,15170.0,11322.0
2023-08-01 00:00:00+09:00,15170.0,15470.0,15060.0,15410.0,16189.0
2023-08-02 00:00:00+09:00,15330.0,15490.0,15200.0,15450.0,17191.0
2023-08-03 00:00:00+09:00,15440.0,15460.0,15240.0,15320.0,3287.0
2023-08-04 00:00:00+09:00,15300.0,15450.0,14850.0,15380.0,5989.0
2023-08-07 00:00:00+09:00,15500.0,15500.0,15230.0,15370.0,5830.0
2023-08-08 00:00:00+09:00,15370.0,15490.0,15310.0,15370.0,6871.0
2023-08-09 00:00:00+09:00,15250.0,15620.0,15200.0,15560.0,13432.0
2023-08-10 00:00:00+09:00,15680.0,16040.0,15600.0,16020.0,38532.0
2023-08-11 00:00:00+09:00,16020.0,16500.0,15860.0,15860.0,44959.0
2023-08-14 00:00:00+09:00,16000.0,16000.0,15620.0,15670.0,34041.0
2023-08-16 00:00:00+09:00,15670.0,15670.0,15180.0,15300.0,30978.0
2023-08-17 00:00:00+09:00,15190.0,15360.0,15020.0,15360.0,16642.0
2023-08-18 00:00:00+09:00,15360.0,15400.0,15180.0,15390.0,8889.0
2023-08-21 00:00:00+09:00,16290.0,16490.0,15800.0,16090.0,141461.0
2023-08-22 00:00:00+09:00,16270.0,16360.0,15950.0,16200.0,38078.0
2023-08-23 00:00:00+09:00,16200.0,16500.0,15900.0,16110.0,23807.0
2023-08-24 00:00:00+09:00,15920.0,16100.0,15630.0,16100.0,28568.0
2023-08-25 00:00:00+09:00,16100.0,17800.0,15870.0,17300.0,392041.0
2023-08-28 00:00:00+09:00,19750.0,22450.0,18310.0,18500.0,4204620.0
2023-08-29 00:00:00+09:00,18940.0,19340.0,18130.0,19020.0,829550.0
2023-08-30 00:00:00+09:00,19150.0,22300.0,18770.0,21500.0,2449733.0
2023-08-31 00:00:00+09:00,21500.0,21800.0,20850.0,21400.0,539004.0
2023-09-01 00:00:00+09:00,21300.0,22250.0,20900.0,21200.0,513222.0
2023-09-04 00:00:00+09:00,21150.0,21150.0,19700.0,20050.0,477831.0
2023-09-05 00:00:00+09:00,20000.0,20700.0,19830.0,20000.0,340268.0
2023-09-06 00:00:00+09:00,19910.0,20100.0,19300.0,19570.0,402198.0
2023-09-07 00:00:00+09:00,19460.0,19510.0,18460.0,18550.0,436099.0
2023-09-08 00:00:00+09:00,18630.0,19690.0,18200.0,19500.0,324005.0
2023-09-11 00:00:00+09:00,19400.0,19400.0,18700.0,19010.0,193460.0
2023-09-12 00:00:00+09:00,19010.0,19700.0,18600.0,18750.0,223022.0
2023-09-13 00:00:00+09:00,18770.0,19490.0,18460.0,18660.0,129037.0
2023-09-14 00:00:00+09:00,18820.0,19140.0,18520.0,18990.0,115559.0
2023-09-15 00:00:00+09:00,18900.0,19210.0,18760.0,18990.0,127553.0
2023-09-18 00:00:00+09:00,18910.0,19470.0,18770.0,19300.0,157359.0
2023-09-19 00:00:00+09:00,19400.0,19410.0,18500.0,18590.0,155029.0
2023-09-20 00:00:00+09:00,18660.0,18790.0,18150.0,18480.0,141351.0
2023-09-21 00:00:00+09:00,18420.0,18510.0,17860.0,17980.0,110572.0
2023-09-22 00:00:00+09:00,17800.0,18350.0,17710.0,18050.0,112712.0
2023-09-25 00:00:00+09:00,18060.0,18970.0,18060.0,18800.0,210407.0
2023-09-26 00:00:00+09:00,18800.0,18800.0,17840.0,17920.0,134777.0
2023-09-27 00:00:00+09:00,17730.0,18160.0,17710.0,17950.0,59735.0
2023-10-04 00:00:00+09:00,17820.0,17820.0,17110.0,17240.0,119952.0
2023-10-05 00:00:00+09:00,17270.0,17490.0,16590.0,16900.0,84194.0
2023-10-06 00:00:00+09:00,16710.0,17000.0,16590.0,16890.0,62565.0
2023-10-10 00:00:00+09:00,16890.0,17060.0,16620.0,16870.0,74318.0
2023-10-11 00:00:00+09:00,16890.0,17280.0,16880.0,17210.0,48116.0
2023-10-12 00:00:00+09:00,17210.0,17490.0,17070.0,17480.0,37632.0
2023-10-13 00:00:00+09:00,17480.0,17480.0,17150.0,17220.0,33256.0
2023-10-16 00:00:00+09:00,17000.0,17150.0,16780.0,16900.0,36067.0
2023-10-17 00:00:00+09:00,17130.0,17440.0,17130.0,17250.0,24551.0
2023-10-18 00:00:00+09:00,17120.0,17520.0,17120.0,17200.0,33311.0
2023-10-19 00:00:00+09:00,17020.0,17240.0,16960.0,17040.0,98310.0
2023-10-20 00:00:00+09:00,16870.0,16990.0,16400.0,16660.0,72270.0
2023-10-23 00:00:00+09:00,16660.0,16850.0,16520.0,16590.0,17513.0
2023-10-24 00:00:00+09:00,16600.0,16910.0,16400.0,16800.0,34852.0
2023-10-25 00:00:00+09:00,16930.0,17590.0,16800.0,17350.0,61655.0
2023-10-26 00:00:00+09:00,17190.0,17190.0,16820.0,16830.0,31691.0
2023-10-27 00:00:00+09:00,17170.0,17220.0,16560.0,16720.0,31118.0
2023-10-30 00:00:00+09:00,16720.0,17170.0,16630.0,17170.0,19459.0
2023-10-31 00:00:00+09:00,17250.0,17340.0,16850.0,16960.0,31382.0
2023-11-01 00:00:00+09:00,17010.0,17380.0,16900.0,17260.0,32353.0
2023-11-02 00:00:00+09:00,17440.0,17440.0,17000.0,17250.0,38561.0
2023-11-03 00:00:00+09:00,17250.0,17570.0,17150.0,17330.0,25611.0
2023-11-06 00:00:00+09:00,17360.0,17540.0,17130.0,17450.0,119123.0
2023-11-07 00:00:00+09:00,17450.0,17590.0,17070.0,17420.0,62292.0
2023-11-08 00:00:00+09:00,17550.0,17590.0,17180.0,17200.0,35736.0
2023-11-09 00:00:00+09:00,17200.0,17360.0,17180.0,17270.0,58376.0
2023-11-10 00:00:00+09:00,17250.0,17250.0,16820.0,17200.0,37763.0
2023-11-13 00:00:00+09:00,17210.0,17300.0,17100.0,17100.0,28629.0
2023-11-14 00:00:00+09:00,17100.0,17270.0,17020.0,17190.0,24966.0
2023-11-15 00:00:00+09:00,17050.0,17380.0,17030.0,17330.0,43071.0
2023-11-16 00:00:00+09:00,17300.0,17320.0,17160.0,17220.0,17967.0
2023-11-17 00:00:00+09:00,17250.0,17250.0,16980.0,17000.0,40278.0
2023-11-20 00:00:00+09:00,17000.0,17030.0,16920.0,16970.0,16039.0
2023-11-21 00:00:00+09:00,17020.0,17050.0,16830.0,16900.0,40870.0
2023-11-22 00:00:00+09:00,16850.0,16990.0,16760.0,16980.0,29424.0
2023-11-23 00:00:00+09:00,17010.0,17020.0,16740.0,16800.0,53894.0
2023-11-24 00:00:00+09:00,16800.0,16800.0,16730.0,16750.0,10567.0
2023-11-27 00:00:00+09:00,16780.0,16780.0,16560.0,16590.0,31366.0
2023-11-28 00:00:00+09:00,16530.0,16700.0,16370.0,16550.0,37284.0
2023-11-29 00:00:00+09:00,16590.0,16600.0,16250.0,16500.0,44625.0
2023-11-30 00:00:00+09:00,16500.0,16520.0,16200.0,16280.0,86602.0
2023-12-01 00:00:00+09:00,16260.0,16400.0,16190.0,16350.0,21409.0
2023-12-04 00:00:00+09:00,16360.0,16580.0,16230.0,16510.0,36638.0
2023-12-05 00:00:00+09:00,16510.0,16560.0,16410.0,16500.0,17286.0
2023-12-06 00:00:00+09:00,16400.0,16510.0,16400.0,16460.0,15690.0
2023-12-07 00:00:00+09:00,16360.0,16490.0,16320.0,16420.0,29914.0
2023-12-08 00:00:00+09:00,16470.0,16470.0,16250.0,16340.0,36691.0
2023-12-11 00:00:00+09:00,16340.0,16630.0,16270.0,16520.0,32023.0
2023-12-12 00:00:00+09:00,16530.0,16820.0,16480.0,16720.0,42157.0
2023-12-13 00:00:00+09:00,16850.0,16850.0,16570.0,16650.0,17043.0
2023-12-14 00:00:00+09:00,16760.0,16760.0,16550.0,16650.0,24344.0
2023-12-15 00:00:00+09:00,16640.0,17000.0,16560.0,17000.0,69709.0
2023-12-18 00:00:00+09:00,17000.0,17000.0,16780.0,16890.0,18879.0
2023-12-19 00:00:00+09:00,16930.0,16930.0,16770.0,16860.0,17561.0
2023-12-20 00:00:00+09:00,16900.0,16970.0,16790.0,16890.0,17988.0
2023-12-21 00:00:00+09:00,16820.0,16890.0,16770.0,16770.0,16937.0
2023-12-22 00:00:00+09:00,16780.0,16900.0,16770.0,16780.0,14377.0
2023-12-26 00:00:00+09:00,16800.0,16950.0,16750.0,16920.0,56146.0
2023-12-27 00:00:00+09:00,16560.0,16610.0,16340.0,16380.0,54630.0
2023-12-28 00:00:00+09:00,16380.0,16490.0,16340.0,16380.0,19106.0
2024-01-02 00:00:00+09:00,16400.0,16450.0,16280.0,16300.0,23247.0
2024-01-03 00:00:00+09:00,16200.0,16300.0,15910.0,15920.0,46801.0
2024-01-04 00:00:00+09:00,16070.0,16070.0,15860.0,15890.0,21775.0
2024-01-05 00:00:00+09:00,16000.0,16000.0,15830.0,15830.0,13789.0
2024-01-08 00:00:00+09:00,15760.0,15920.0,15700.0,15740.0,17894.0
2024-01-09 00:00:00+09:00,15790.0,15790.0,15700.0,15730.0,15715.0
2024-01-10 00:00:00+09:00,15730.0,15840.0,15640.0,15820.0,26260.0
2024-01-11 00:00:00+09:00,15820.0,15890.0,15710.0,15760.0,24839.0
2024-01-12 00:00:00+09:00,15770.0,15880.0,15710.0,15800.0,18502.0
2024-01-15 00:00:00+09:00,15870.0,15910.0,15740.0,15800.0,10609.0
2024-01-16 00:00:00+09:00,15850.0,15850.0,15670.0,15690.0,11910.0
2024-01-17 00:00:00+09:00,15690.0,15770.0,15460.0,15490.0,27304.0
2024-01-18 00:00:00+09:00,15500.0,15590.0,15420.0,15450.0,20314.0
2024-01-19 00:00:00+09:00,15650.0,15650.0,15470.0,15570.0,15249.0
2024-01-22 00:00:00+09:00,15670.0,15670.0,15530.0,15580.0,17928.0
2024-01-23 00:00:00+09:00,15690.0,15690.0,15450.0,15580.0,18435.0
2024-01-24 00:00:00+09:00,15600.0,15610.0,15350.0,15480.0,24952.0
2024-01-25 00:00:00+09:00,15480.0,15500.0,15290.0,15440.0,32064.0
2024-01-26 00:00:00+09:00,15440.0,15590.0,15410.0,15550.0,12338.0
2024-01-29 00:00:00+09:00,15580.0,15670.0,15450.0,15630.0,20777.0
2024-01-30 00:00:00+09:00,15690.0,15760.0,15620.0,15740.0,11523.0
2024-01-31 00:00:00+09:00,15740.0,15870.0,15700.0,15840.0,17991.0
2024-02-01 00:00:00+09:00,15750.0,16650.0,15730.0,16530.0,141834.0
2024-02-02 00:00:00+09:00,16700.0,16900.0,16400.0,16790.0,79648.0
2024-02-05 00:00:00+09:00,16760.0,17000.0,16560.0,16740.0,46789.0
2024-02-06 00:00:00+09:00,16610.0,16750.0,16020.0,16120.0,57917.0
2024-02-07 00:00:00+09:00,16180.0,16580.0,16110.0,16490.0,37288.0
2024-02-08 00:00:00+09:00,16330.0,16600.0,16320.0,16570.0,18842.0
2024-02-13 00:00:00+09:00,16650.0,16810.0,16490.0,16550.0,26903.0
2024-02-14 00:00:00+09:00,16360.0,16530.0,16270.0,16440.0,14754.0
2024-02-15 00:00:00+09:00,16440.0,16440.0,16100.0,16210.0,22485.0
2024-02-16 00:00:00+09:00,16200.0,16530.0,16150.0,16500.0,30525.0
2024-02-19 00:00:00+09:00,16500.0,16940.0,16500.0,16800.0,50357.0
2024-02-20 00:00:00+09:00,16990.0,17100.0,16620.0,16830.0,45010.0
2024-02-21 00:00:00+09:00,16830.0,16930.0,16550.0,16710.0,17796.0
2024-02-22 00:00:00+09:00,16590.0,16760.0,16540.0,16670.0,20383.0
2024-02-23 00:00:00+09:00,16820.0,16820.0,16570.0,16660.0,21394.0
2024-02-26 00:00:00+09:00,16660.0,16840.0,16400.0,16450.0,23226.0
2024-02-27 00:00:00+09:00,16300.0,16780.0,16250.0,16290.0,28036.0
2024-02-28 00:00:00+09:00,16290.0,16550.0,16200.0,16410.0,28718.0
2024-02-29 00:00:00+09:00,16410.0,16910.0,16300.0,16400.0,42441.0
2024-03-04 00:00:00+09:00,16520.0,16770.0,16500.0,16600.0,27033.0
2024-03-05 00:00:00+09:00,16600.0,16840.0,16550.0,16800.0,44422.0
2024-03-06 00:00:00+09:00,16610.0,16820.0,16580.0,16650.0,19270.0
2024-03-07 00:00:00+09:00,16630.0,16680.0,16440.0,16440.0,26134.0
2024-03-08 00:00:00+09:00,16440.0,16650.0,16360.0,16530.0,26485.0
2024-03-11 00:00:00+09:00,16750.0,16750.0,16530.0,16730.0,21714.0
2024-03-12 00:00:00+09:00,16860.0,18290.0,16750.0,18260.0,284373.0
2024-03-13 00:00:00+09:00,18430.0,18440.0,17710.0,18100.0,99616.0
2024-03-14 00:00:00+09:00,17900.0,18420.0,17900.0,18080.0,91419.0
2024-03-15 00:00:00+09:00,18100.0,18460.0,17910.0,18150.0,104535.0
2024-03-18 00:00:00+09:00,18150.0,18450.0,17920.0,18290.0,34130.0
2024-03-19 00:00:00+09:00,18360.0,18500.0,18050.0,18380.0,48403.0
2024-03-20 00:00:00+09:00,18640.0,19000.0,18550.0,18920.0,126613.0
2024-03-21 00:00:00+09:00,18930.0,18970.0,18270.0,18580.0,59783.0
2024-03-22 00:00:00+09:00,18570.0,18610.0,18200.0,18560.0,37794.0
2024-03-25 00:00:00+09:00,18560.0,18560.0,18000.0,18260.0,42587.0
2024-03-26 00:00:00+09:00,18350.0,18450.0,18260.0,18430.0,49756.0
2024-03-27 00:00:00+09:00,18430.0,18640.0,18280.0,18450.0,45268.0
2024-03-28 00:00:00+09:00,18450.0,18500.0,18040.0,18400.0,49338.0
2024-03-29 00:00:00+09:00,18400.0,18400.0,18000.0,18030.0,35360.0
2024-04-01 00:00:00+09:00,18030.0,18190.0,17930.0,18060.0,28107.0
2024-04-02 00:00:00+09:00,17950.0,18070.0,17750.0,17950.0,35273.0
2024-04-03 00:00:00+09:00,17770.0,18190.0,17680.0,18180.0,33037.0
2024-04-04 00:00:00+09:00,18020.0,18150.0,17720.0,17890.0,11357.0
2024-04-05 00:00:00+09:00,17900.0,18130.0,17250.0,17560.0,43481.0
2024-04-08 00:00:00+09:00,17560.0,18050.0,17560.0,17990.0,46473.0
2024-04-09 00:00:00+09:00,18000.0,18000.0,17670.0,17670.0,16244.0
2024-04-11 00:00:00+09:00,17670.0,18050.0,17510.0,17800.0,34749.0
2024-04-12 00:00:00+09:00,17800.0,17930.0,17670.0,17800.0,22410.0
2024-04-15 00:00:00+09:00,17700.0,18150.0,17500.0,18040.0,38422.0
2024-04-16 00:00:00+09:00,17800.0,18300.0,17800.0,18300.0,62013.0
2024-04-17 00:00:00+09:00,18300.0,18830.0,18250.0,18650.0,87460.0
2024-04-18 00:00:00+09:00,18550.0,18690.0,18110.0,18320.0,36651.0
2024-04-19 00:00:00+09:00,18320.0,18610.0,18210.0,18530.0,39785.0
2024-04-22 00:00:00+09:00,18630.0,18770.0,18530.0,18670.0,29623.0
2024-04-23 00:00:00+09:00,18670.0,19140.0,18650.0,18980.0,70374.0
2024-04-24 00:00:00+09:00,19100.0,19120.0,18730.0,19090.0,32083.0
2024-04-25 00:00:00+09:00,19090.0,19630.0,19050.0,19600.0,92666.0
2024-04-26 00:00:00+09:00,19700.0,19720.0,19400.0,19540.0,44815.0
2024-04-29 00:00:00+09:00,19500.0,19570.0,19140.0,19550.0,31629.0
2024-04-30 00:00:00+09:00,19590.0,19750.0,19310.0,19620.0,18918.0
2024-05-02 00:00:00+09:00,19500.0,20100.0,19400.0,19950.0,54756.0
2024-05-03 00:00:00+09:00,19710.0,19990.0,19710.0,19900.0,16995.0
2024-05-07 00:00:00+09:00,19950.0,20150.0,19810.0,20050.0,32591.0
2024-05-08 00:00:00+09:00,19990.0,20250.0,19900.0,20150.0,15935.0
2024-05-09 00:00:00+09:00,20100.0,20350.0,19980.0,20250.0,27966.0
2024-05-10 00:00:00+09:00,20300.0,20400.0,20100.0,20250.0,39605.0
2024-05-13 00:00:00+09:00,20100.0,21100.0,20050.0,20800.0,63878.0
2024-05-14 00:00:00+09:00,20600.0,21150.0,20600.0,21050.0,25248.0
2024-05-16 00:00:00+09:00,21150.0,21500.0,20950.0,21500.0,38899.0
2024-05-17 00:00:00+09:00,21100.0,21450.0,20600.0,21350.0,43301.0
2024-05-20 00:00:00+09:00,21350.0,21550.0,21100.0,21450.0,24059.0
2024-05-21 00:00:00+09:00,21450.0,21600.0,21050.0,21350.0,32864.0
2024-05-22 00:00:00+09:00,21200.0,21700.0,21100.0,21500.0,25785.0
2024-05-23 00:00:00+09:00,21450.0,21600.0,20750.0,20800.0,61263.0
2024-05-24 00:00:00+09:00,20650.0,21250.0,20650.0,21150.0,18936.0
2024-05-27 00:00:00+09:00,21000.0,21050.0,20200.0,20750.0,44630.0
2024-05-28 00:00:00+09:00,20550.0,20950.0,20100.0,20900.0,23522.0
2024-05-29 00:00:00+09:00,20900.0,21950.0,20700.0,21150.0,35517.0
2024-05-30 00:00:00+09:00,21100.0,21550.0,21000.0,21350.0,19514.0
2024-05-31 00:00:00+09:00,21300.0,21500.0,21150.0,21400.0,23102.0
2024-06-03 00:00:00+09:00,21400.0,21750.0,21300.0,21750.0,15415.0
2024-06-04 00:00:00+09:00,21750.0,21850.0,21500.0,21600.0,32037.0
2024-06-05 00:00:00+09:00,21600.0,21900.0,21400.0,21650.0,9201.0
2024-06-07 00:00:00+09:00,21650.0,22050.0,21550.0,21900.0,19213.0
2024-06-10 00:00:00+09:00,21900.0,22100.0,21600.0,21900.0,16064.0
2024-06-11 00:00:00+09:00,22050.0,22300.0,21750.0,21900.0,21394.0
2024-06-12 00:00:00+09:00,21900.0,22000.0,21700.0,22000.0,12024.0
2024-06-13 00:00:00+09:00,21950.0,22000.0,21700.0,21700.0,11436.0
2024-06-14 00:00:00+09:00,21700.0,22050.0,21150.0,21800.0,57771.0
2024-06-17 00:00:00+09:00,21800.0,21800.0,21100.0,21550.0,19084.0
2024-06-18 00:00:00+09:00,21450.0,21700.0,21450.0,21650.0,24320.0
2024-06-19 00:00:00+09:00,21650.0,21750.0,20850.0,21400.0,30710.0
2024-06-20 00:00:00+09:00,21350.0,21450.0,21100.0,21400.0,14227.0
2024-06-21 00:00:00+09:00,21400.0,21700.0,21250.0,21700.0,17572.0
2024-06-24 00:00:00+09:00,21650.0,21750.0,21450.0,21600.0,7588.0
2024-06-25 00:00:00+09:00,21550.0,22000.0,21400.0,21750.0,22180.0
2024-06-26 00:00:00+09:00,21750.0,21950.0,21700.0,21900.0,9922.0
2024-06-27 00:00:00+09:00,22050.0,22400.0,21900.0,22200.0,17856.0
2024-06-28 00:00:00+09:00,22150.0,22300.0,21900.0,22200.0,10959.0
2024-07-01 00:00:00+09:00,22150.0,22150.0,21450.0,21650.0,11137.0
2024-07-02 00:00:00+09:00,21650.0,22000.0,21400.0,21950.0,16331.0
2024-07-03 00:00:00+09:00,21950.0,22150.0,21750.0,21900.0,14643.0
2024-07-04 00:00:00+09:00,21900.0,21950.0,21700.0,21900.0,7315.0
2024-07-05 00:00:00+09:00,21900.0,21950.0,21750.0,21900.0,9900.0
2024-07-08 00:00:00+09:00,21900.0,22050.0,21800.0,22000.0,19975.0
2024-07-09 00:00:00+09:00,22000.0,22000.0,21700.0,21850.0,5292.0
2024-07-10 00:00:00+09:00,21850.0,21850.0,21550.0,21650.0,8204.0
2024-07-11 00:00:00+09:00,21650.0,21800.0,21350.0,21800.0,32958.0
2024-07-12 00:00:00+09:00,21800.0,22050.0,21400.0,22000.0,7300.0
2024-07-15 00:00:00+09:00,22050.0,23000.0,21950.0,22750.0,46490.0
2024-07-16 00:00:00+09:00,22750.0,23200.0,22750.0,23100.0,33782.0
2024-07-17 00:00:00+09:00,23100.0,23400.0,21700.0,22950.0,24586.0
2024-07-18 00:00:00+09:00,22900.0,22950.0,22400.0,22850.0,39833.0
2024-07-19 00:00:00+09:00,22850.0,22850.0,22000.0,22150.0,13367.0
2024-07-22 00:00:00+09:00,22150.0,22200.0,21650.0,22000.0,13146.0
2024-07-23 00:00:00+09:00,22150.0,22150.0,21800.0,22050.0,9601.0
2024-07-24 00:00:00+09:00,22050.0,22700.0,21850.0,22550.0,12061.0
2024-07-25 00:00:00+09:00,22550.0,22700.0,22200.0,22600.0,9726.0
2024-07-26 00:00:00+09:00,22750.0,22900.0,22150.0,22300.0,10407.0
2024-07-29 00:00:00+09:00,22050.0,22250.0,21500.0,22000.0,8428.0
2024-07-30 00:00:00+09:00,21950.0,22150.0,21950.0,22000.0,9572.0
2024-07-31 00:00:00+09:00,22050.0,22150.0,21850.0,22100.0,10044.0
2024-08-01 00:00:00+09:00,22100.0,22350.0,22050.0,22250.0,8834.0
2024-08-02 00:00:00+09:00,22100.0,22100.0,20900.0,21200.0,62428.0
2024-08-05 00:00:00+09:00,20650.0,21050.0,19960.0,20150.0,70632.0
2024-08-06 00:00:00+09:00,20100.0,21550.0,20100.0,20900.0,13573.0
2024-08-07 00:00:00+09:00,20900.0,21200.0,20750.0,21000.0,10903.0
2024-08-08 00:00:00+09:00,20950.0,21600.0,20850.0,21450.0,11074.0
2024-08-09 00:00:00+09:00,21550.0,21750.0,21450.0,21600.0,6266.0
2024-08-12 00:00:00+09:00,21600.0,22150.0,21550.0,22000.0,24279.0
2024-08-13 00:00:00+09:00,22150.0,22150.0,21700.0,21750.0,14454.0
2024-08-14 00:00:00+09:00,21850.0,21900.0,21600.0,21700.0,10038.0
2024-08-16 00:00:00+09:00,21800.0,21950.0,21200.0,21850.0,30232.0
2024-08-19 00:00:00+09:00,21800.0,22150.0,21700.0,22000.0,7715.0
2024-08-20 00:00:00+09:00,22000.0,22250.0,22000.0,22150.0,6734.0
2024-08-21 00:00:00+09:00,22000.0,22200.0,21900.0,22050.0,4911.0
2024-08-22 00:00:00+09:00,22050.0,22200.0,21850.0,22000.0,13447.0
2024-08-23 00:00:00+09:00,21900.0,22150.0,21900.0,22000.0,3944.0
2024-08-26 00:00:00+09:00,22000.0,22050.0,21850.0,22000.0,15527.0
2024-08-27 00:00:00+09:00,22100.0,22450.0,21950.0,22300.0,13445.0
2024-08-28 00:00:00+09:00,22500.0,22600.0,22200.0,22600.0,27277.0
2024-08-29 00:00:00+09:00,22600.0,24000.0,22350.0,23900.0,60654.0
2024-08-30 00:00:00+09:00,24000.0,24000.0,23000.0,23200.0,29200.0
2024-09-02 00:00:00+09:00,23200.0,24000.0,23050.0,23400.0,21985.0
2024-09-03 00:00:00+09:00,23400.0,25000.0,23300.0,24700.0,59765.0
2024-09-04 00:00:00+09:00,24650.0,24700.0,24000.0,24650.0,39321.0
2024-09-05 00:00:00+09:00,24650.0,25450.0,24400.0,24950.0,40675.0
2024-09-06 00:00:00+09:00,24700.0,24950.0,24200.0,24600.0,21030.0
2024-09-09 00:00:00+09:00,24900.0,24900.0,23650.0,24550.0,28733.0
2024-09-10 00:00:00+09:00,24550.0,24550.0,23400.0,23400.0,16921.0
2024-09-11 00:00:00+09:00,23200.0,23400.0,22600.0,23000.0,20252.0
2024-09-12 00:00:00+09:00,22950.0,23000.0,22500.0,22800.0,15428.0
2024-09-13 00:00:00+09:00,22800.0,23900.0,22800.0,23850.0,19460.0
2024-09-19 00:00:00+09:00,23600.0,23800.0,23350.0,23450.0,4666.0
2024-09-20 00:00:00+09:00,23250.0,23500.0,23050.0,23300.0,14346.0
2024-09-23 00:00:00+09:00,23300.0,23450.0,22900.0,23000.0,11769.0
2024-09-24 00:00:00+09:00,23450.0,23450.0,22950.0,23300.0,6585.0
2024-09-25 00:00:00+09:00,23450.0,23450.0,22750.0,23000.0,15898.0
2024-09-26 00:00:00+09:00,23000.0,23300.0,22700.0,23200.0,6981.0
2024-09-27 00:00:00+09:00,23200.0,23500.0,23150.0,23200.0,4742.0
2024-09-30 00:00:00+09:00,23200.0,23550.0,22800.0,22850.0,4702.0
2024-10-02 00:00:00+09:00,22800.0,23050.0,22600.0,23000.0,9386.0
2024-10-04 00:00:00+09:00,23300.0,23500.0,23100.0,23450.0,10363.0
2024-10-07 00:00:00+09:00,23550.0,23550.0,23100.0,23400.0,8912.0
2024-10-08 00:00:00+09:00,23400.0,23400.0,22700.0,22700.0,14108.0
2024-10-10 00:00:00+09:00,22900.0,23100.0,22700.0,22800.0,14057.0
2024-10-11 00:00:00+09:00,22850.0,23600.0,22800.0,23500.0,11691.0
2024-10-14 00:00:00+09:00,23500.0,23550.0,22850.0,23300.0,8637.0
2024-10-15 00:00:00+09:00,23450.0,23450.0,22750.0,22900.0,11425.0
2024-10-16 00:00:00+09:00,22900.0,23000.0,22700.0,22750.0,5706.0
2024-10-17 00:00:00+09:00,22750.0,23200.0,22700.0,22900.0,2734.0
2024-10-18 00:00:00+09:00,23250.0,23650.0,22950.0,23250.0,20082.0
2024-10-21 00:00:00+09:00,23250.0,23350.0,22950.0,23200.0,13673.0
2024-10-22 00:00:00+09:00,23450.0,23750.0,22900.0,23700.0,26786.0
2024-10-23 00:00:00+09:00,23650.0,25200.0,23500.0,24750.0,36238.0
2024-10-24 00:00:00+09:00,24600.0,25000.0,24250.0,24700.0,11488.0
2024-10-25 00:00:00+09:00,24700.0,24750.0,23700.0,24200.0,9951.0
2024-10-28 00:00:00+09:00,24200.0,24250.0,23700.0,24050.0,4525.0
2024-10-29 00:00:00+09:00,23800.0,24600.0,23600.0,24500.0,8492.0
2024-10-30 00:00:00+09:00,24650.0,24650.0,23650.0,23950.0,8858.0
2024-10-31 00:00:00+09:00,23900.0,24400.0,23500.0,24400.0,8366.0
2024-11-01 00:00:00+09:00,24450.0,24450.0,23750.0,24000.0,8582.0
2024-11-04 00:00:00+09:00,24000.0,24000.0,23150.0,23250.0,10716.0
2024-11-05 00:00:00+09:00,23250.0,23800.0,23150.0,23650.0,8761.0
2024-11-06 00:00:00+09:00,23650.0,24000.0,23100.0,23400.0,5770.0
2024-11-07 00:00:00+09:00,23450.0,23450.0,23050.0,23200.0,4729.0
2024-11-08 00:00:00+09:00,23300.0,23400.0,22800.0,23300.0,14591.0
2024-11-11 00:00:00+09:00,23300.0,23300.0,22400.0,23100.0,7185.0
2024-11-12 00:00:00+09:00,23100.0,23100.0,22650.0,22800.0,12516.0
2024-11-13 00:00:00+09:00,22800.0,22950.0,22400.0,22800.0,11993.0
2024-11-14 00:00:00+09:00,22950.0,23000.0,21550.0,22950.0,15500.0
2024-11-15 00:00:00+09:00,22950.0,23000.0,22550.0,22650.0,9904.0
2024-11-18 00:00:00+09:00,22600.0,23200.0,22600.0,22700.0,12650.0
2024-11-19 00:00:00+09:00,22700.0,23200.0,22500.0,22700.0,14629.0
2024-11-20 00:00:00+09:00,22700.0,23000.0,22700.0,22800.0,17628.0
2024-11-21 00:00:00+09:00,22800.0,23000.0,22550.0,22600.0,8837.0
2024-11-22 00:00:00+09:00,22600.0,23000.0,22250.0,22900.0,8065.0
2024-11-25 00:00:00+09:00,23050.0,23250.0,22650.0,23250.0,5646.0
2024-11-26 00:00:00+09:00,23250.0,23300.0,22700.0,22700.0,8862.0
2024-11-27 00:00:00+09:00,22550.0,22800.0,22400.0,22800.0,7485.0
2024-11-28 00:00:00+09:00,22900.0,22950.0,22400.0,22950.0,4593.0
2024-11-29 00:00:00+09:00,22950.0,23250.0,22600.0,23100.0,5395.0
2024-12-02 00:00:00+09:00,23050.0,23050.0,22500.0,22900.0,12493.0
2024-12-03 00:00:00+09:00,22600.0,22900.0,22550.0,22900.0,6571.0
2024-12-04 00:00:00+09:00,22350.0,23050.0,22350.0,22800.0,10884.0
2024-12-05 00:00:00+09:00,22700.0,23100.0,22600.0,23000.0,14538.0
2024-12-06 00:00:00+09:00,23100.0,23400.0,22600.0,22800.0,23381.0
2024-12-09 00:00:00+09:00,22500.0,22800.0,21550.0,22150.0,38851.0
2024-12-10 00:00:00+09:00,22150.0,23100.0,22150.0,23000.0,17914.0
2024-12-11 00:00:00+09:00,23050.0,23450.0,22850.0,23450.0,9630.0
2024-12-12 00:00:00+09:00,23250.0,23600.0,23150.0,23600.0,10739.0
2024-12-13 00:00:00+09:00,23650.0,24050.0,23400.0,24000.0,15406.0
2024-12-16 00:00:00+09:00,24250.0,24250.0,23500.0,23650.0,6339.0
2024-12-17 00:00:00+09:00,23650.0,24200.0,23350.0,23950.0,11731.0
2024-12-18 00:00:00+09:00,23950.0,24200.0,23400.0,23800.0,6090.0
2024-12-19 00:00:00+09:00,23800.0,24000.0,23250.0,23600.0,14928.0
2024-12-20 00:00:00+09:00,23600.0,24000.0,23500.0,23850.0,12636.0
2024-12-23 00:00:00+09:00,24100.0,24600.0,23800.0,24300.0,13450.0
2024-12-24 00:00:00+09:00,24300.0,24650.0,23800.0,23950.0,13842.0
2024-12-26 00:00:00+09:00,24150.0,24450.0,23800.0,24100.0,25696.0
2024-12-27 00:00:00+09:00,24000.0,24050.0,23050.0,23150.0,24555.0
2024-12-30 00:00:00+09:00,23150.0,23150.0,22850.0,23000.0,9770.0
2025-01-02 00:00:00+09:00,23000.0,23250.0,22550.0,23000.0,7947.0
2025-01-03 00:00:00+09:00,23200.0,23200.0,21650.0,22200.0,27348.0
2025-01-06 00:00:00+09:00,22200.0,22500.0,21750.0,22350.0,17111.0
2025-01-07 00:00:00+09:00,22550.0,22750.0,22350.0,22750.0,7142.0
2025-01-08 00:00:00+09:00,22750.0,22800.0,22500.0,22700.0,5533.0
2025-01-09 00:00:00+09:00,22850.0,22950.0,22050.0,22400.0,22323.0
2025-01-10 00:00:00+09:00,22200.0,22650.0,22200.0,22500.0,7708.0
2025-01-13 00:00:00+09:00,22450.0,22750.0,22450.0,22700.0,5296.0
2025-01-14 00:00:00+09:00,22800.0,23000.0,22500.0,22850.0,6334.0
2025-01-15 00:00:00+09:00,22900.0,23050.0,22600.0,22700.0,4993.0
2025-01-16 00:00:00+09:00,22700.0,22950.0,22650.0,22750.0,6077.0
2025-01-17 00:00:00+09:00,22800.0,22850.0,22550.0,22750.0,4669.0
2025-01-20 00:00:00+09:00,22900.0,22900.0,22550.0,22800.0,8515.0
2025-01-21 00:00:00+09:00,22800.0,22900.0,22650.0,22750.0,3973.0
2025-01-22 00:00:00+09:00,22750.0,22850.0,22700.0,22750.0,6476.0
2025-01-23 00:00:00+09:00,22800.0,22900.0,22500.0,22600.0,7600.0
2025-01-24 00:00:00+09:00,22600.0,22750.0,22500.0,22600.0,7452.0
2025-01-31 00:00:00+09:00,22400.0,22700.0,22400.0,22700.0,4435.0
2025-02-03 00:00:00+09:00,22500.0,22700.0,22300.0,22600.0,21395.0
2025-02-04 00:00:00+09:00,22600.0,22750.0,22550.0,22650.0,11620.0
2025-02-05 00:00:00+09:00,22750.0,22750.0,22500.0,22700.0,6560.0
2025-02-06 00:00:00+09:00,22700.0,22900.0,22500.0,22800.0,7573.0
2025-02-07 00:00:00+09:00,22900.0,22900.0,22600.0,22750.0,3763.0
2025-02-10 00:00:00+09:00,22800.0,22800.0,22500.0,22700.0,7658.0
2025-02-11 00:00:00+09:00,22700.0,22800.0,22600.0,22750.0,3557.0
2025-02-12 00:00:00+09:00,22700.0,22750.0,22450.0,22450.0,6739.0
2025-02-13 00:00:00+09:00,22700.0,22700.0,22200.0,22400.0,8478.0
2025-02-14 00:00:00+09:00,22400.0,22450.0,21900.0,22000.0,17102.0
2025-02-17 00:00:00+09:00,22000.0,22050.0,21650.0,21950.0,21327.0
2025-02-18 00:00:00+09:00,21950.0,22000.0,21550.0,21700.0,18513.0
2025-02-19 00:00:00+09:00,21600.0,21950.0,21600.0,21900.0,19169.0
2025-02-20 00:00:00+09:00,22150.0,22150.0,21800.0,22100.0,21973.0
2025-02-21 00:00:00+09:00,22000.0,22250.0,21950.0,22150.0,11808.0
2025-02-24 00:00:00+09:00,22200.0,22200.0,21900.0,22100.0,6985.0
2025-02-25 00:00:00+09:00,22200.0,22200.0,21750.0,21850.0,14229.0
2025-02-26 00:00:00+09:00,21800.0,21900.0,21600.0,21850.0,9309.0
2025-02-27 00:00:00+09:00,21850.0,22300.0,21750.0,22050.0,14575.0
2025-02-28 00:00:00+09:00,22000.0,22200.0,21300.0,21950.0,20667.0
2025-03-04 00:00:00+09:00,21950.0,21950.0,21000.0,21850.0,11070.0
2025-03-05 00:00:00+09:00,21450.0,22600.0,21450.0,22600.0,20669.0
2025-03-06 00:00:00+09:00,22550.0,22800.0,22200.0,22650.0,5088.0
2025-03-07 00:00:00+09:00,22550.0,22800.0,22500.0,22750.0,3625.0
2025-03-10 00:00:00+09:00,22750.0,22900.0,22600.0,22800.0,5826.0
2025-03-11 00:00:00+09:00,22800.0,22900.0,22050.0,22200.0,16346.0
2025-03-12 00:00:00+09:00,22200.0,22650.0,21900.0,22450.0,16782.0
2025-03-13 00:00:00+09:00,22550.0,22750.0,22250.0,22450.0,9908.0
2025-03-14 00:00:00+09:00,22300.0,22700.0,22200.0,22600.0,7742.0
2025-03-17 00:00:00+09:00,22650.0,22650.0,21850.0,22250.0,16508.0
2025-03-18 00:00:00+09:00,22250.0,22350.0,21950.0,22250.0,3756.0
2025-03-19 00:00:00+09:00,22250.0,22300.0,21950.0,22000.0,7896.0
2025-03-20 00:00:00+09:00,22050.0,22250.0,21850.0,22100.0,14098.0
2025-03-21 00:00:00+09:00,22100.0,22300.0,21900.0,22100.0,6715.0
2025-03-24 00:00:00+09:00,22050.0,22200.0,21850.0,22150.0,5716.0
2025-03-25 00:00:00+09:00,22150.0,22350.0,21900.0,22000.0,9191.0
2025-03-26 00:00:00+09:00,22000.0,22250.0,21900.0,22000.0,6030.0
2025-03-27 00:00:00+09:00,22000.0,22500.0,21800.0,22400.0,17731.0
2025-03-28 00:00:00+09:00,22350.0,22450.0,22100.0,22350.0,5032.0
2025-03-31 00:00:00+09:00,22450.0,22450.0,22000.0,22200.0,6449.0
2025-04-01 00:00:00+09:00,22250.0,22400.0,22150.0,22400.0,2672.0
2025-04-02 00:00:00+09:00,22450.0,22550.0,22150.0,22150.0,5812.0
2025-04-03 00:00:00+09:00,22100.0,22500.0,22050.0,22450.0,8658.0
2025-04-04 00:00:00+09:00,22450.0,22600.0,22000.0,22500.0,9257.0
2025-04-07 00:00:00+09:00,22350.0,22350.0,21600.0,21900.0,9044.0
2025-04-08 00:00:00+09:00,21900.0,22500.0,21650.0,22100.0,12464.0
2025-04-09 00:00:00+09:00,22300.0,22350.0,21650.0,22000.0,24788.0
2025-04-10 00:00:00+09:00,22350.0,23500.0,22000.0,22950.0,46106.0
2025-04-11 00:00:00+09:00,23250.0,23300.0,22900.0,23250.0,10492.0
2025-04-14 00:00:00+09:00,23350.0,23350.0,22650.0,22950.0,9540.0
2025-04-15 00:00:00+09:00,22950.0,23600.0,22700.0,23600.0,24797.0
2025-04-16 00:00:00+09:00,23600.0,23750.0,23100.0,23700.0,9972.0
2025-04-17 00:00:00+09:00,23700.0,24250.0,23600.0,24100.0,17645.0
2025-04-18 00:00:00+09:00,24200.0,24400.0,24000.0,24250.0,7142.0
2025-04-21 00:00:00+09:00,24400.0,24750.0,24150.0,24350.0,10789.0
2025-04-22 00:00:00+09:00,24200.0,24450.0,24050.0,24350.0,10456.0
2025-04-23 00:00:00+09:00,24500.0,24500.0,24100.0,24300.0,5888.0
2025-04-24 00:00:00+09:00,24300.0,24350.0,23600.0,23650.0,12394.0
2025-04-25 00:00:00+09:00,23650.0,23650.0,23300.0,23400.0,11345.0
2025-04-28 00:00:00+09:00,23400.0,24050.0,23300.0,24000.0,20634.0
2025-04-29 00:00:00+09:00,23800.0,24500.0,23650.0,24500.0,17304.0
2025-04-30 00:00:00+09:00,24300.0,24550.0,23900.0,24300.0,5331.0
2025-05-02 00:00:00+09:00,24400.0,24400.0,23800.0,24250.0,429602.0
2025-05-07 00:00:00+09:00,24300.0,24300.0,23850.0,24050.0,9192.0
2025-05-08 00:00:00+09:00,24200.0,24250.0,23700.0,23700.0,11352.0
2025-05-09 00:00:00+09:00,23650.0,24250.0,23650.0,24150.0,11789.0
2025-05-12 00:00:00+09:00,24400.0,26650.0,24100.0,26500.0,89902.0
2025-05-13 00:00:00+09:00,26000.0,27225.0,26000.0,26850.0,31784.0
2025-05-14 00:00:00+09:00,27000.0,28400.0,26500.0,28350.0,41900.0
2025-05-15 00:00:00+09:00,28350.0,28450.0,27300.0,27600.0,26646.0
2025-05-16 00:00:00+09:00,27500.0,28250.0,26650.0,28100.0,43711.0
2025-05-19 00:00:00+09:00,27500.0,28550.0,27500.0,28500.0,32723.0
2025-05-20 00:00:00+09:00,28550.0,29950.0,28200.0,29900.0,60851.0
2025-05-21 00:00:00+09:00,29800.0,30050.0,28850.0,29600.0,24552.0
2025-05-22 00:00:00+09:00,29550.0,29600.0,28750.0,29000.0,15987.0
2025-05-23 00:00:00+09:00,29050.0,30050.0,29050.0,29900.0,27818.0
2025-05-26 00:00:00+09:00,29800.0,29900.0,29150.0,29850.0,21329.0
2025-05-27 00:00:00+09:00,29850.0,30000.0,29200.0,29450.0,22064.0
2025-05-28 00:00:00+09:00,29300.0,29900.0,29000.0,29350.0,23913.0
2025-05-29 00:00:00+09:00,29350.0,31700.0,29350.0,31000.0,69440.0
2025-05-30 00:00:00+09:00,31000.0,31000.0,29500.0,30000.0,44270.0
2025-06-02 00:00:00+09:00,29850.0,30950.0,29600.0,29950.0,23615.0
2025-06-04 00:00:00+09:00,30050.0,32000.0,30000.0,31600.0,57342.0
2025-06-05 00:00:00+09:00,31700.0,32500.0,30100.0,30700.0,62586.0
2025-06-09 00:00:00+09:00,30700.0,32500.0,30700.0,31400.0,47749.0
2025-06-10 00:00:00+09:00,31400.0,31900.0,30250.0,30500.0,27031.0
2025-06-11 00:00:00+09:00,30450.0,30550.0,29850.0,30550.0,27778.0
2025-06-12 00:00:00+09:00,30200.0,31050.0,30150.0,31050.0,28263.0
2025-06-13 00:00:00+09:00,30800.0,31300.0,30150.0,30800.0,32718.0
2025-06-16 00:00:00+09:00,32850.0,32850.0,31000.0,32000.0,60238.0
2025-06-17 00:00:00+09:00,32500.0,32500.0,30050.0,30900.0,43093.0
2025-06-18 00:00:00+09:00,31500.0,32500.0,30700.0,31000.0,21156.0
2025-06-19 00:00:00+09:00,30900.0,31300.0,30000.0,31000.0,28200.0
2025-06-20 00:00:00+09:00,31100.0,31300.0,30350.0,30350.0,20689.0
2025-06-23 00:00:00+09:00,30950.0,31650.0,30350.0,30850.0,35323.0
2025-06-24 00:00:00+09:00,30850.0,32000.0,30750.0,32000.0,33170.0
2025-06-25 00:00:00+09:00,32200.0,32200.0,30400.0,31700.0,34913.0
2025-06-26 00:00:00+09:00,32000.0,32000.0,29300.0,30150.0,87629.0
2025-06-27 00:00:00+09:00,30200.0,30800.0,29850.0,30450.0,12247.0
2025-06-30 00:00:00+09:00,31000.0,31100.0,29650.0,29650.0,27662.0
2025-07-01 00:00:00+09:00,29650.0,31900.0,29600.0,30950.0,42471.0
2025-07-02 00:00:00+09:00,30950.0,31700.0,29900.0,31700.0,27712.0
2025-07-03 00:00:00+09:00,31700.0,31700.0,30700.0,31600.0,23877.0
2025-07-04 00:00:00+09:00,30800.0,32000.0,30100.0,30550.0,26390.0
2025-07-07 00:00:00+09:00,30900.0,30900.0,30350.0,30800.0,10794.0
2025-07-08 00:00:00+09:00,30650.0,31700.0,30650.0,31700.0,19209.0
2025-07-09 00:00:00+09:00,31750.0,33600.0,31500.0,33500.0,73705.0
2025-07-10 00:00:00+09:00,33500.0,33700.0,32700.0,33150.0,27654.0
2025-07-11 00:00:00+09:00,33150.0,33500.0,32350.0,32450.0,14871.0
2025-07-14 00:00:00+09:00,32300.0,33600.0,32300.0,33450.0,32788.0
2025-07-15 00:00:00+09:00,33400.0,33850.0,33000.0,33450.0,26518.0
2025-07-16 00:00:00+09:00,33550.0,33550.0,32800.0,33350.0,16676.0
2025-07-17 00:00:00+09:00,33600.0,33600.0,31550.0,31800.0,32212.0
2025-07-18 00:00:00+09:00,31800.0,32100.0,30750.0,31350.0,30875.0
2025-07-21 00:00:00+09:00,31050.0,31350.0,30800.0,30950.0,9984.0
2025-07-22 00:00:00+09:00,30800.0,31200.0,30350.0,30550.0,13436.0
2025-07-23 00:00:00+09:00,30600.0,31000.0,30300.0,30300.0,13961.0
2025-07-24 00:00:00+09:00,30300.0,30600.0,30200.0,30600.0,28237.0
2025-07-25 00:00:00+09:00,30600.0,31500.0,30200.0,30650.0,22790.0
2025-07-28 00:00:00+09:00,30650.0,30650.0,29800.0,29850.0,27778.0
2025-07-29 00:00:00+09:00,29950.0,30500.0,29600.0,30200.0,23224.0
2025-07-30 00:00:00+09:00,30150.0,30750.0,29550.0,30550.0,15553.0
2025-07-31 00:00:00+09:00,30700.0,30750.0,29900.0,30300.0,29310.0
2025-08-01 00:00:00+09:00,29800.0,30050.0,28650.0,28950.0,75715.0
2025-08-04 00:00:00+09:00,28250.0,30050.0,28250.0,29750.0,14271.0
2025-08-05 00:00:00+09:00,29800.0,31500.0,29800.0,31200.0,40698.0
2025-08-06 00:00:00+09:00,31200.0,32200.0,30850.0,31750.0,18127.0
2025-08-07 00:00:00+09:00,31750.0,32000.0,31000.0,31500.0,10677.0
2025-08-08 00:00:00+09:00,31800.0,31850.0,31200.0,31450.0,9105.0
2025-08-11 00:00:00+09:00,31600.0,32300.0,31500.0,31600.0,13935.0
2025-08-12 00:00:00+09:00,31600.0,32300.0,31250.0,31450.0,13499.0
2025-08-13 00:00:00+09:00,32000.0,32250.0,30600.0,30600.0,11303.0
2025-08-14 00:00:00+09:00,30600.0,32600.0,30050.0,30650.0,49161.0
2025-08-18 00:00:00+09:00,30450.0,30450.0,29350.0,29650.0,20604.0
2025-08-19 00:00:00+09:00,29650.0,29650.0,28900.0,29000.0,18595.0
2025-08-20 00:00:00+09:00,29000.0,29200.0,28350.0,29000.0,29796.0
2025-08-21 00:00:00+09:00,29250.0,29900.0,29150.0,29500.0,10432.0
2025-08-22 00:00:00+09:00,29500.0,30000.0,29400.0,29450.0,11423.0
2025-08-25 00:00:00+09:00,29450.0,29700.0,29300.0,29500.0,6813.0
2025-08-26 00:00:00+09:00,29500.0,30250.0,29400.0,29900.0,13798.0
2025-08-27 00:00:00+09:00,29950.0,30350.0,29350.0,29550.0,15555.0
2025-08-28 00:00:00+09:00,29250.0,31450.0,29200.0,30900.0,35737.0
2025-08-29 00:00:00+09:00,30950.0,31550.0,30900.0,31300.0,18639.0
2025-09-01 00:00:00+09:00,31250.0,31950.0,31000.0,31800.0,31406.0
2025-09-02 00:00:00+09:00,31800.0,32000.0,31300.0,31900.0,22305.0
2025-09-03 00:00:00+09:00,31850.0,32200.0,30650.0,32000.0,26536.0
2025-09-04 00:00:00+09:00,32300.0,33250.0,32250.0,33000.0,48752.0
2025-09-05 00:00:00+09:00,33000.0,34750.0,32800.0,34600.0,81697.0
2025-09-08 00:00:00+09:00,34600.0,34950.0,33950.0,34450.0,23759.0
2025-09-09 00:00:00+09:00,34450.0,35900.0,33600.0,34100.0,17873.0
2025-09-10 00:00:00+09:00,33800.0,34550.0,33200.0,34000.0,35884.0
2025-09-11 00:00:00+09:00,34000.0,34950.0,33250.0,34000.0,20348.0
2025-09-12 00:00:00+09:00,34000.0,35050.0,33550.0,34400.0,10985.0
2025-09-15 00:00:00+09:00,34400.0,35300.0,34150.0,34750.0,54376.0
2025-09-16 00:00:00+09:00,34750.0,34750.0,33450.0,33950.0,51854.0
2025-09-17 00:00:00+09:00,34000.0,34450.0,33050.0,33650.0,50122.0
2025-09-18 00:00:00+09:00,34000.0,34400.0,33150.0,33450.0,43356.0
2025-09-19 00:00:00+09:00,33500.0,33500.0,32750.0,33050.0,28435.0
2025-09-22 00:00:00+09:00,33050.0,33050.0,32200.0,32300.0,32566.0
2025-09-23 00:00:00+09:00,32300.0,32650.0,31400.0,32400.0,60522.0
2025-09-24 00:00:00+09:00,32000.0,32100.0,31100.0,31300.0,32839.0
2025-09-25 00:00:00+09:00,31300.0,31700.0,30050.0,30800.0,24889.0
2025-09-26 00:00:00+09:00,31200.0,31200.0,30150.0,30700.0,23329.0
2025-09-29 00:00:00+09:00,30900.0,31150.0,30000.0,30500.0,37719.0
2025-09-30 00:00:00+09:00,30500.0,32200.0,30500.0,32100.0,46679.0
2025-10-01 00:00:00+09:00,32150.0,32250.0,31300.0,31600.0,38297.0
2025-10-02 00:00:00+09:00,32250.0,33400.0,31700.0,32900.0,35313.0
2025-10-10 00:00:00+09:00,32300.0,33700.0,32300.0,32850.0,46913.0
2025-10-13 00:00:00+09:00,32800.0,32800.0,31750.0,31900.0,44171.0
2025-10-14 00:00:00+09:00,32250.0,32450.0,31500.0,31500.0,48717.0
2025-10-15 00:00:00+09:00,31400.0,31950.0,31000.0,31800.0,43596.0
2025-10-16 00:00:00+09:00,31450.0,31550.0,30450.0,30850.0,87064.0
2025-10-17 00:00:00+09:00,31050.0,31050.0,29900.0,30100.0,75114.0
2025-10-20 00:00:00+09:00,30100.0,30800.0,30050.0,30350.0,25326.0
2025-10-21 00:00:00+09:00,30350.0,30600.0,29550.0,29900.0,30076.0
2025-10-22 00:00:00+09:00,29900.0,29900.0,29200.0,29750.0,32928.0
2025-10-23 00:00:00+09:00,29500.0,29850.0,28800.0,28950.0,24980.0
2025-10-24 00:00:00+09:00,29400.0,29700.0,28200.0,28550.0,49549.0
2025-10-27 00:00:00+09:00,29200.0,29200.0,27800.0,28050.0,44803.0
2025-10-28 00:00:00+09:00,28050.0,28600.0,27500.0,27700.0,32658.0
2025-10-29 00:00:00+09:00,27850.0,28600.0,27350.0,28300.0,37995.0
2025-10-30 00:00:00+09:00,28300.0,28450.0,27850.0,27950.0,24356.0
2025-10-31 00:00:00+09:00,28000.0,29100.0,27800.0,28700.0,44413.0
2025-11-03 00:00:00+09:00,28950.0,28950.0,27600.0,27900.0,43955.0
2025-11-04 00:00:00+09:00,28000.0,28000.0,27450.0,27650.0,25485.0
2025-11-05 00:00:00+09:00,27950.0,27950.0,25500.0,27450.0,35701.0
2025-11-06 00:00:00+09:00,28050.0,28450.0,27100.0,27650.0,27081.0
2025-11-07 00:00:00+09:00,27700.0,28600.0,26850.0,27100.0,27581.0
2025-11-10 00:00:00+09:00,27100.0,28600.0,26850.0,28400.0,49701.0
2025-11-11 00:00:00+09:00,28400.0,28750.0,27750.0,28050.0,24924.0
2025-11-12 00:00:00+09:00,27850.0,28700.0,27400.0,28700.0,55515.0
2025-11-13 00:00:00+09:00,28700.0,28800.0,28000.0,28500.0,33550.0
2025-11-14 00:00:00+09:00,28350.0,30000.0,27950.0,29200.0,88981.0
2025-11-17 00:00:00+09:00,29450.0,29450.0,27850.0,28300.0,50429.0
2025-11-18 00:00:00+09:00,28500.0,28500.0,27300.0,27500.0,53219.0
2025-11-19 00:00:00+09:00,27500.0,29100.0,27500.0,28600.0,44546.0
2025-11-20 00:00:00+09:00,28550.0,29150.0,28450.0,28850.0,28523.0
2025-11-21 00:00:00+09:00,28900.0,29100.0,28300.0,28800.0,52333.0
2025-11-24 00:00:00+09:00,29050.0,29100.0,28100.0,28550.0,22867.0
2025-11-25 00:00:00+09:00,28700.0,29300.0,28400.0,28600.0,15883.0
2025-11-26 00:00:00+09:00,29100.0,29600.0,28450.0,28550.0,21860.0
2025-11-27 00:00:00+09:00,28550.0,29100.0,28400.0,28950.0,45064.0
2025-11-28 00:00:00+09:00,28950.0,29300.0,28500.0,28650.0,18082.0
2025-12-01 00:00:00+09:00,29000.0,30250.0,29000.0,29700.0,128589.0
2025-12-02 00:00:00+09:00,29700.0,30150.0,29250.0,30000.0,68988.0
2025-12-03 00:00:00+09:00,30250.0,30750.0,29950.0,30400.0,41823.0
2025-12-04 00:00:00+09:00,30400.0,30550.0,30150.0,30500.0,39255.0
2025-12-05 00:00:00+09:00,30400.0,30600.0,30000.0,30100.0,36021.0
2025-12-08 00:00:00+09:00,30100.0,30150.0,29600.0,29900.0,53443.0
2025-12-09 00:00:00+09:00,29900.0,30300.0,29450.0,30100.0,18525.0
2025-12-10 00:00:00+09:00,30300.0,30800.0,30050.0,30500.0,22661.0
2025-12-11 00:00:00+09:00,30550.0,31050.0,30400.0,30900.0,55152.0
2025-12-12 00:00:00+09:00,31100.0,31100.0,30575.0,30900.0,22204.0
2025-12-15 00:00:00+09:00,30800.0,30900.0,30500.0,30750.0,44635.0
2025-12-16 00:00:00+09:00,30850.0,30900.0,30200.0,30500.0,25447.0
2025-12-17 00:00:00+09:00,30900.0,30900.0,30100.0,30350.0,23728.0
2025-12-18 00:00:00+09:00,30350.0,30450.0,30100.0,30300.0,21884.0
2025-12-19 00:00:00+09:00,30350.0,30550.0,30100.0,30300.0,66048.0
2025-12-22 00:00:00+09:00,30450.0,30450.0,29550.0,30100.0,24861.0
2025-12-23 00:00:00+09:00,30200.0,30300.0,30000.0,30250.0,8635.0
2025-12-24 00:00:00+09:00,30250.0,30500.0,29850.0,30200.0,19172.0
2025-12-26 00:00:00+09:00,30300.0,30450.0,29800.0,30150.0,48007.0
2025-12-29 00:00:00+09:00,29750.0,29750.0,28250.0,28900.0,80224.0
2025-12-30 00:00:00+09:00,28900.0,29100.0,28550.0,29000.0,27801.0
2026-01-02 00:00:00+09:00,29050.0,29600.0,28700.0,28850.0,27628.0
2026-01-05 00:00:00+09:00,28800.0,28850.0,28200.0,28500.0,23550.0
2026-01-06 00:00:00+09:00,28350.0,28700.0,28250.0,28500.0,42633.0
2026-01-07 00:00:00+09:00,28500.0,28500.0,27700.0,28050.0,37272.0
2026-01-08 00:00:00+09:00,27700.0,28150.0,27000.0,27500.0,52255.0
2026-01-09 00:00:00+09:00,27150.0,27900.0,27100.0,27700.0,12983.0
2026-01-12 00:00:00+09:00,27600.0,28150.0,27300.0,27650.0,12402.0
2026-01-13 00:00:00+09:00,27900.0,27900.0,27200.0,27600.0,24570.0
2026-01-14 00:00:00+09:00,27600.0,27650.0,27000.0,27500.0,55523.0
2026-01-15 00:00:00+09:00,27500.0,27600.0,26900.0,27350.0,42721.0
2026-01-16 00:00:00+09:00,27350.0,27900.0,27100.0,27650.0,36067.0
2026-01-19 00:00:00+09:00,27850.0,27850.0,27050.0,27350.0,75126.0
2026-01-20 00:00:00+09:00,27850.0,27850.0,27150.0,27200.0,85683.0
2026-01-21 00:00:00+09:00,27050.0,27350.0,26600.0,26950.0,70778.0
2026-01-22 00:00:00+09:00,26700.0,27350.0,26700.0,27300.0,48408.0
2026-01-23 00:00:00+09:00,27000.0,27800.0,27000.0,27400.0,41658.0
2026-01-26 00:00:00+09:00,27350.0,27700.0,26950.0,27000.0,55922.0
2026-01-27 00:00:00+09:00,27050.0,27100.0,26400.0,26750.0,97585.0
2026-01-28 00:00:00+09:00,26900.0,27100.0,26450.0,26800.0,132294.0
2026-01-29 00:00:00+09:00,26600.0,27050.0,26300.0,26950.0,49727.0
2026-01-30 00:00:00+09:00,27100.0,27650.0,26500.0,27150.0,65805.0
2026-02-02 00:00:00+09:00,27300.0,27550.0,26600.0,26850.0,39568.0
2026-02-03 00:00:00+09:00,26950.0,27300.0,26900.0,27100.0,11440.0
2026-02-04 00:00:00+09:00,27100.0,27700.0,26650.0,27650.0,22060.0
2026-02-05 00:00:00+09:00,27650.0,27800.0,27350.0,27500.0,17097.0
2026-02-06 00:00:00+09:00,27000.0,27550.0,26550.0,27450.0,33278.0
2026-02-09 00:00:00+09:00,28000.0,29050.0,27450.0,28400.0,64426.0
2026-02-10 00:00:00+09:00,28350.0,28900.0,28050.0,28250.0,27078.0
2026-02-11 00:00:00+09:00,28400.0,28450.0,28000.0,28100.0,24602.0
2026-02-12 00:00:00+09:00,28250.0,29000.0,28200.0,28850.0,30518.0
2026-02-13 00:00:00+09:00,28900.0,29050.0,28300.0,28750.0,30424.0
2026-02-19 00:00:00+09:00,29350.0,29600.0,28900.0,29050.0,47606.0
2026-02-20 00:00:00+09:00,29300.0,29600.0,28950.0,29150.0,55097.0
2026-02-23 00:00:00+09:00,29950.0,30150.0,29150.0,29400.0,51978.0
2026-02-24 00:00:00+09:00,29750.0,29800.0,28550.0,28850.0,43568.0
2026-02-25 00:00:00+09:00,29500.0,30150.0,29200.0,30100.0,98516.0
2026-02-26 00:00:00+09:00,31300.0,31400.0,29750.0,29950.0,85117.0
2026-02-27 00:00:00+09:00,29950.0,29950.0,29100.0,29700.0,73768.0
2026-03-03 00:00:00+09:00,28800.0,29900.0,28750.0,28850.0,42896.0
2026-03-04 00:00:00+09:00,28000.0,28700.0,26650.0,27350.0,151530.0
2026-03-05 00:00:00+09:00,28050.0,29100.0,28050.0,28600.0,41528.0
2026-03-06 00:00:00+09:00,28550.0,28600.0,27050.0,28150.0,44669.0
2026-03-09 00:00:00+09:00,27600.0,27600.0,27050.0,27450.0,27179.0
2026-03-10 00:00:00+09:00,28150.0,28150.0,27450.0,27750.0,21241.0
2026-03-11 00:00:00+09:00,28000.0,28950.0,28000.0,28500.0,25130.0
2026-03-12 00:00:00+09:00,28700.0,28800.0,28150.0,28500.0,23174.0
2026-03-13 00:00:00+09:00,28200.0,28350.0,27900.0,28350.0,26245.0
2026-03-16 00:00:00+09:00,28150.0,28650.0,27900.0,28250.0,13618.0
2026-03-17 00:00:00+09:00,28250.0,28650.0,28050.0,28300.0,30198.0
2026-03-18 00:00:00+09:00,28750.0,29200.0,28550.0,29000.0,31777.0
2026-03-19 00:00:00+09:00,28750.0,28900.0,28300.0,28500.0,11905.0
2026-03-20 00:00:00+09:00,28700.0,29050.0,28300.0,29000.0,25937.0
2026-03-23 00:00:00+09:00,28950.0,28950.0,27700.0,27700.0,37727.0
2026-03-24 00:00:00+09:00,28350.0,28550.0,27700.0,28350.0,21910.0
2026-03-25 00:00:00+09:00,28350.0,29050.0,28050.0,28450.0,75160.0
2026-03-26 00:00:00+09:00,28850.0,28850.0,28200.0,28650.0,34957.0
2026-03-27 00:00:00+09:00,28650.0,28700.0,27900.0,28300.0,35452.0
2026-03-30 00:00:00+09:00,28300.0,28450.0,27050.0,28000.0,59165.0
2026-03-31 00:00:00+09:00,28200.0,28200.0,27400.0,27400.0,24373.0
2026-04-01 00:00:00+09:00,28200.0,28350.0,27850.0,28050.0,46363.0
2026-04-02 00:00:00+09:00,28300.0,28500.0,27350.0,27500.0,33772.0
2026-04-03 00:00:00+09:00,27600.0,28000.0,27400.0,27650.0,12354.0
2026-04-06 00:00:00+09:00,27650.0,27800.0,27200.0,27650.0,50286.0
2026-04-07 00:00:00+09:00,27650.0,27950.0,27250.0,27300.0,17300.0
2026-04-08 00:00:00+09:00,27750.0,27950.0,27450.0,27950.0,34141.0
2026-04-09 00:00:00+09:00,28000.0,28000.0,27500.0,27750.0,22368.0
2026-04-10 00:00:00+09:00,28000.0,28350.0,27700.0,27700.0,36328.0
2026-04-13 00:00:00+09:00,27700.0,28150.0,27550.0,27750.0,25610.0
2026-04-14 00:00:00+09:00,27950.0,28400.0,27700.0,28000.0,20672.0
2026-04-15 00:00:00+09:00,28400.0,28800.0,28050.0,28500.0,32829.0
2026-04-16 00:00:00+09:00,28800.0,29250.0,28500.0,28800.0,31145.0
2026-04-17 00:00:00+09:00,29150.0,29350.0,28700.0,29100.0,28031.0
2026-04-20 00:00:00+09:00,29350.0,29700.0,29050.0,29050.0,25870.0
2026-04-21 00:00:00+09:00,29450.0,29550.0,28650.0,28900.0,49424.0
2026-04-22 00:00:00+09:00,29200.0,29200.0,28350.0,28600.0,25346.0
2026-04-23 00:00:00+09:00,29250.0,29250.0,28450.0,28750.0,21616.0
2026-04-24 00:00:00+09:00,28750.0,29100.0,28650.0,29100.0,18982.0
2026-04-27 00:00:00+09:00,29200.0,29300.0,28900.0,29100.0,22866.0
2026-04-28 00:00:00+09:00,29000.0,29650.0,28950.0,29350.0,23194.0
2026-04-29 00:00:00+09:00,29550.0,30500.0,29350.0,30500.0,47131.0
2026-04-30 00:00:00+09:00,30650.0,30650.0,29450.0,29450.0,35033.0
2026-05-04 00:00:00+09:00,29750.0,30100.0,29050.0,29050.0,23513.0
2026-05-06 00:00:00+09:00,29200.0,29350.0,28750.0,28800.0,29118.0
2026-05-07 00:00:00+09:00,28800.0,29000.0,28550.0,28800.0,20500.0
2026-05-08 00:00:00+09:00,29050.0,30000.0,28600.0,29200.0,34648.0
2026-05-11 00:00:00+09:00,29600.0,29600.0,29050.0,29350.0,22927.0
2026-05-12 00:00:00+09:00,29250.0,29250.0,27800.0,28150.0,81187.0
2026-05-13 00:00:00+09:00,27950.0,28300.0,27600.0,27600.0,31938.0
2026-05-14 00:00:00+09:00,27800.0,28350.0,27400.0,28200.0,28849.0
2026-05-15 00:00:00+09:00,28250.0,29100.0,27400.0,27900.0,99990.0
2026-05-18 00:00:00+09:00,28000.0,28050.0,26950.0,27050.0,44226.0
2026-05-19 00:00:00+09:00,26850.0,27200.0,26450.0,26450.0,56505.0
2026-05-20 00:00:00+09:00,26750.0,26750.0,26000.0,26250.0,38996.0
2026-05-21 00:00:00+09:00,26350.0,26750.0,26000.0,26200.0,16293.0
2026-05-22 00:00:00+09:00,26450.0,26700.0,26200.0,26350.0,21071.0
2026-05-26 00:00:00+09:00,26650.0,26650.0,25600.0,25650.0,50305.0
2026-05-27 00:00:00+09:00,26000.0,26000.0,24550.0,24800.0,54345.0
2026-05-28 00:00:00+09:00,25200.0,25200.0,24400.0,24750.0,42778.0
2026-05-29 00:00:00+09:00,24800.0,24900.0,24200.0,24900.0,32269.0
2026-06-01 00:00:00+09:00,24900.0,25000.0,24400.0,24600.0,39481.0
2026-06-02 00:00:00+09:00,24800.0,24950.0,24150.0,24750.0,33879.0
2026-06-04 00:00:00+09:00,25150.0,25400.0,24800.0,25150.0,25727.0
2026-06-05 00:00:00+09:00,25000.0,25150.0,24450.0,24500.0,23454.0
2026-06-08 00:00:00+09:00,24100.0,24600.0,23600.0,23600.0,27038.0
2026-06-09 00:00:00+09:00,24000.0,24950.0,23900.0,24450.0,14867.0
2026-06-10 00:00:00+09:00,24600.0,25300.0,24350.0,25150.0,22941.0
2026-06-11 00:00:00+09:00,25150.0,27200.0,24600.0,26000.0,109874.0
2026-06-12 00:00:00+09:00,26000.0,26950.0,25700.0,25850.0,31931.0
2026-06-15 00:00:00+09:00,26000.0,26600.0,25950.0,26050.0,13892.0
2026-06-16 00:00:00+09:00,26200.0,26700.0,26000.0,26050.0,20797.0
2026-06-17 00:00:00+09:00,26350.0,26400.0,25750.0,26000.0,13338.0
2026-06-18 00:00:00+09:00,25750.0,26050.0,25500.0,25500.0,11505.0
2026-06-19 00:00:00+09:00,25650.0,25650.0,24450.0,24500.0,31068.0
2026-06-22 00:00:00+09:00,24750.0,24750.0,23900.0,24000.0,34327.0
2026-06-23 00:00:00+09:00,23800.0,24300.0,23550.0,23650.0,16761.0
2026-06-24 00:00:00+09:00,23900.0,24600.0,23300.0,23850.0,30973.0
2026-06-25 00:00:00+09:00,24850.0,24850.0,23850.0,24050.0,20734.0
2026-06-26 00:00:00+09:00,24250.0,24800.0,23550.0,24250.0,30566.0
2026-06-29 00:00:00+09:00,24200.0,25000.0,24200.0,25000.0,16999.0
2026-06-30 00:00:00+09:00,25200.0,25950.0,25000.0,25500.0,15609.0
2026-07-01 00:00:00+09:00,25950.0,26700.0,25400.0,26000.0,16996.0
2026-07-02 00:00:00+09:00,26100.0,26350.0,25200.0,25500.0,12294.0
2026-07-03 00:00:00+09:00,25700.0,26150.0,25200.0,25700.0,9883.0
2026-07-06 00:00:00+09:00,26050.0,26450.0,25550.0,26000.0,9675.0
2026-07-07 00:00:00+09:00,25900.0,26350.0,25600.0,26250.0,10270.0
2026-07-08 00:00:00+09:00,26250.0,26400.0,25600.0,26050.0,13909.0
2026-07-09 00:00:00+09:00,25800.0,26050.0,25050.0,25150.0,10789.0
2026-07-10 00:00:00+09:00,25350.0,26000.0,25200.0,25200.0,12176.0
2026-07-13 00:00:00+09:00,25300.0,25650.0,25100.0,25550.0,9034.0
2026-07-14 00:00:00+09:00,25200.0,25800.0,25200.0,25200.0,8260.0
2026-07-15 00:00:00+09:00,25400.0,26000.0,25400.0,25500.0,7763.0
2026-07-16 00:00:00+09:00,25600.0,26300.0,25300.0,25550.0,14819.0
2026-07-20 00:00:00+09:00,26000.0,26250.0,25200.0,25250.0,14554.0
2026-07-21 00:00:00+09:00,25650.0,25900.0,25000.0,25600.0,14502.0
2026-07-22 00:00:00+09:00,26000.0,26250.0,25400.0,25550.0,20632.0
2026-07-23 00:00:00+09:00,25250.0,26050.0,25250.0,25850.0,11425.0
2026-07-24 00:00:00+09:00,26100.0,26300.0,25800.0,26050.0,24912.0
2026-07-27 00:00:00+09:00,26400.0,26700.0,25850.0,25900.0,20158.0
2026-07-28 00:00:00+09:00,25600.0,26200.0,25300.0,25900.0,19914.0
2026-07-29 00:00:00+09:00,25900.0,26550.0,25350.0,25800.0,32981.0
2026-07-30 00:00:00+09:00,26000.0,26750.0,25650.0,25900.0,18180.0
2026-07-31 00:00:00+09:00,26000.0,26650.0,25800.0,26300.0,12407.0
2026-08-03 00:00:00+09:00,26350.0,26950.0,26100.0,26300.0,22502.0
2026-08-04 00:00:00+09:00,26400.0,27000.0,26300.0,26800.0,7201.0
2026-08-05 00:00:00+09:00,26850.0,27050.0,26050.0,26250.0,24162.0
2026-08-06 00:00:00+09:00,26250.0,26550.0,25900.0,26350.0,19359.0
2026-08-07 00:00:00+09:00,26350.0,26850.0,26150.0,26650.0,13128.0
2026-08-10 00:00:00+09:00,26700.0,26850.0,26250.0,26600.0,8658.0
2026-08-11 00:00:00+09:00,26500.0,27000.0,26200.0,26900.0,23530.0
2026-08-12 00:00:00+09:00,26950.0,27200.0,26350.0,26700.0,20768.0
2026-08-13 00:00:00+09:00,26500.0,26850.0,26300.0,26650.0,21189.0
2026-08-14 00:00:00+09:00,26900.0,26900.0,25700.0,26350.0,61074.0
2026-08-18 00:00:00+09:00,27200.0,28050.0,27050.0,27400.0,44972.0
2026-08-19 00:00:00+09:00,27500.0,27500.0,26700.0,27100.0,12257.0
2026-08-20 00:00:00+09:00,27400.0,27450.0,26900.0,27400.0,21221.0
2026-08-21 00:00:00+09:00,27350.0,28400.0,26850.0,27900.0,43999.0
2026-08-24 00:00:00+09:00,27800.0,28350.0,27550.0,28100.0,28642.0
2026-08-25 00:00:00+09:00,28100.0,28450.0,27800.0,27900.0,28720.0
2026-08-26 00:00:00+09:00,28100.0,28300.0,27750.0,28250.0,30784.0
2026-08-27 00:00:00+09:00,28300.0,28600.0,27800.0,28050.0,20766.0
2026-08-28 00:00:00+09:00,27900.0,28200.0,27600.0,28200.0,17048.0
