dt,open,high,low,close,volume
2016-06-21 00:00:00+09:00,4492.0,4503.0,4300.0,4316.0,1131921.0
2016-06-22 00:00:00+09:00,4332.0,4375.0,4155.0,4220.0,757685.0
2016-06-23 00:00:00+09:00,4198.0,4247.0,4124.0,4193.0,430970.0
2016-06-24 00:00:00+09:00,4247.0,4247.0,3679.0,3812.0,1245554.0
2016-06-27 00:00:00+09:00,3631.0,3951.0,3631.0,3845.0,900435.0
2016-06-28 00:00:00+09:00,3801.0,4005.0,3759.0,3994.0,683423.0
2016-06-29 00:00:00+09:00,4081.0,4193.0,4038.0,4081.0,779805.0
2016-06-30 00:00:00+09:00,4230.0,4916.0,4230.0,4702.0,4829083.0
2016-07-01 00:00:00+09:00,4638.0,4750.0,4611.0,4669.0,1417135.0
2016-07-04 00:00:00+09:00,4723.0,4879.0,4632.0,4691.0,1226776.0
2016-07-05 00:00:00+09:00,4712.0,4804.0,4579.0,4804.0,886906.0
2016-07-06 00:00:00+09:00,4772.0,4921.0,4702.0,4900.0,1211009.0
2016-07-07 00:00:00+09:00,4959.0,5071.0,4883.0,4910.0,924309.0
2016-07-08 00:00:00+09:00,4910.0,4910.0,4659.0,4659.0,1016699.0
2016-07-11 00:00:00+09:00,4702.0,4841.0,4579.0,4841.0,1070812.0
2016-07-12 00:00:00+09:00,4916.0,5302.0,4868.0,5302.0,2391548.0
2016-07-13 00:00:00+09:00,5253.0,5318.0,5173.0,5216.0,1460046.0
2016-07-14 00:00:00+09:00,5205.0,5307.0,5087.0,5226.0,779035.0
2016-07-15 00:00:00+09:00,5280.0,5323.0,5002.0,5033.0,722863.0
2016-07-18 00:00:00+09:00,5093.0,5093.0,4809.0,5033.0,605295.0
2016-07-19 00:00:00+09:00,5066.0,5066.0,4857.0,4879.0,438279.0
2016-07-20 00:00:00+09:00,4879.0,5056.0,4798.0,4996.0,778610.0
2016-07-21 00:00:00+09:00,5071.0,5173.0,4975.0,5093.0,870962.0
2016-07-22 00:00:00+09:00,5098.0,5162.0,4836.0,5023.0,841350.0
2016-07-25 00:00:00+09:00,5049.0,5141.0,5006.0,5018.0,475066.0
2016-07-26 00:00:00+09:00,4996.0,5045.0,4906.0,4910.0,443979.0
2016-07-27 00:00:00+09:00,4910.0,4932.0,4664.0,4664.0,879079.0
2016-07-28 00:00:00+09:00,4702.0,4734.0,4638.0,4664.0,396232.0
2016-07-29 00:00:00+09:00,4675.0,4953.0,4664.0,4906.0,632093.0
2016-08-01 00:00:00+09:00,4906.0,4942.0,4766.0,4819.0,382624.0
2016-08-02 00:00:00+09:00,4830.0,4868.0,4691.0,4707.0,480627.0
2016-08-03 00:00:00+09:00,4712.0,4804.0,4642.0,4696.0,480823.0
2016-08-04 00:00:00+09:00,4745.0,4889.0,4723.0,4851.0,335858.0
2016-08-05 00:00:00+09:00,4868.0,4927.0,4804.0,4804.0,358397.0
2016-08-08 00:00:00+09:00,4836.0,4894.0,4782.0,4851.0,270856.0
2016-08-09 00:00:00+09:00,4857.0,5162.0,4851.0,5033.0,1014755.0
2016-08-10 00:00:00+09:00,5056.0,5129.0,5012.0,5129.0,440083.0
2016-08-11 00:00:00+09:00,5168.0,5173.0,5071.0,5125.0,323342.0
2016-08-12 00:00:00+09:00,5141.0,5184.0,4986.0,5049.0,407765.0
2016-08-16 00:00:00+09:00,5033.0,5056.0,4883.0,4948.0,248089.0
2016-08-17 00:00:00+09:00,4948.0,4948.0,4766.0,4782.0,404439.0
2016-08-18 00:00:00+09:00,4804.0,4851.0,4761.0,4782.0,170538.0
2016-08-19 00:00:00+09:00,4782.0,4868.0,4761.0,4836.0,214015.0
2016-08-22 00:00:00+09:00,4862.0,4862.0,4669.0,4675.0,316011.0
2016-08-23 00:00:00+09:00,4659.0,4798.0,4642.0,4787.0,207915.0
2016-08-24 00:00:00+09:00,4804.0,4809.0,4664.0,4675.0,200770.0
2016-08-25 00:00:00+09:00,4675.0,4707.0,4445.0,4466.0,533453.0
2016-08-26 00:00:00+09:00,4449.0,4654.0,4449.0,4498.0,579522.0
2016-08-29 00:00:00+09:00,4455.0,4455.0,4171.0,4177.0,675490.0
2016-08-30 00:00:00+09:00,4230.0,4316.0,4198.0,4257.0,320420.0
2016-08-31 00:00:00+09:00,4241.0,4316.0,4128.0,4230.0,268539.0
2016-09-01 00:00:00+09:00,4460.0,4691.0,4305.0,4321.0,722938.0
2016-09-02 00:00:00+09:00,4311.0,4326.0,4181.0,4300.0,319175.0
2016-09-05 00:00:00+09:00,4321.0,4407.0,4225.0,4284.0,237891.0
2016-09-06 00:00:00+09:00,4278.0,4391.0,4230.0,4343.0,195316.0
2016-09-07 00:00:00+09:00,4391.0,4391.0,4230.0,4343.0,206819.0
2016-09-08 00:00:00+09:00,4343.0,4455.0,4273.0,4364.0,389532.0
2016-09-09 00:00:00+09:00,4423.0,4584.0,4369.0,4557.0,388499.0
2016-09-12 00:00:00+09:00,4476.0,4627.0,4449.0,4514.0,368593.0
2016-09-13 00:00:00+09:00,4599.0,4599.0,4428.0,4530.0,241504.0
2016-09-19 00:00:00+09:00,4514.0,4541.0,4449.0,4455.0,169251.0
2016-09-20 00:00:00+09:00,4455.0,4552.0,4423.0,4449.0,218278.0
2016-09-21 00:00:00+09:00,4498.0,4519.0,4369.0,4380.0,269199.0
2016-09-22 00:00:00+09:00,4428.0,4445.0,4380.0,4439.0,179752.0
2016-09-23 00:00:00+09:00,4439.0,4579.0,4412.0,4552.0,406521.0
2016-09-26 00:00:00+09:00,4545.0,4595.0,4402.0,4434.0,265834.0
2016-09-27 00:00:00+09:00,4358.0,4445.0,4311.0,4375.0,256852.0
2016-09-28 00:00:00+09:00,4391.0,4535.0,4391.0,4498.0,209781.0
2016-09-29 00:00:00+09:00,4525.0,4632.0,4482.0,4572.0,419027.0
2016-09-30 00:00:00+09:00,4627.0,4627.0,4391.0,4472.0,680936.0
2016-10-04 00:00:00+09:00,4358.0,4396.0,4166.0,4268.0,542578.0
2016-10-05 00:00:00+09:00,4273.0,4284.0,4091.0,4107.0,596236.0
2016-10-06 00:00:00+09:00,4107.0,4166.0,4081.0,4112.0,197541.0
2016-10-07 00:00:00+09:00,4112.0,4155.0,3855.0,3931.0,358857.0
2016-10-10 00:00:00+09:00,3931.0,4070.0,3909.0,3973.0,129408.0
2016-10-11 00:00:00+09:00,3984.0,4070.0,3957.0,4038.0,155021.0
2016-10-12 00:00:00+09:00,3984.0,4081.0,3984.0,4005.0,147909.0
2016-10-13 00:00:00+09:00,4005.0,4054.0,3823.0,3823.0,209213.0
2016-10-14 00:00:00+09:00,3845.0,3898.0,3732.0,3818.0,226596.0
2016-10-17 00:00:00+09:00,3791.0,3845.0,3624.0,3700.0,422656.0
2016-10-18 00:00:00+09:00,3700.0,3834.0,3684.0,3748.0,188362.0
2016-10-19 00:00:00+09:00,3711.0,3845.0,3711.0,3839.0,106292.0
2016-10-20 00:00:00+09:00,3871.0,3909.0,3759.0,3801.0,136977.0
2016-10-21 00:00:00+09:00,3743.0,4065.0,3727.0,3924.0,623510.0
2016-10-24 00:00:00+09:00,3914.0,3914.0,3828.0,3834.0,167120.0
2016-10-25 00:00:00+09:00,3834.0,3839.0,3624.0,3641.0,260204.0
2016-10-26 00:00:00+09:00,3561.0,3663.0,3475.0,3582.0,247877.0
2016-10-27 00:00:00+09:00,3593.0,3737.0,3593.0,3737.0,173093.0
2016-10-28 00:00:00+09:00,3705.0,3743.0,3524.0,3528.0,173743.0
2016-10-31 00:00:00+09:00,3507.0,3507.0,3212.0,3239.0,433161.0
2016-11-01 00:00:00+09:00,3218.0,3330.0,3191.0,3239.0,334764.0
2016-11-02 00:00:00+09:00,3244.0,3293.0,3047.0,3094.0,283784.0
2016-11-03 00:00:00+09:00,3063.0,3255.0,3063.0,3159.0,203295.0
2016-11-04 00:00:00+09:00,3137.0,3239.0,3106.0,3223.0,105715.0
2016-11-07 00:00:00+09:00,3229.0,3288.0,3180.0,3234.0,101903.0
2016-11-08 00:00:00+09:00,3325.0,3421.0,3271.0,3400.0,233888.0
2016-11-09 00:00:00+09:00,3416.0,3454.0,2971.0,3212.0,645275.0
2016-11-10 00:00:00+09:00,3389.0,3448.0,3298.0,3405.0,333240.0
2016-11-11 00:00:00+09:00,3379.0,3544.0,3341.0,3502.0,299451.0
2016-11-14 00:00:00+09:00,3481.0,3534.0,3437.0,3475.0,78076.0
2016-11-15 00:00:00+09:00,3475.0,3481.0,3304.0,3362.0,191800.0
2016-11-16 00:00:00+09:00,3373.0,3437.0,3298.0,3405.0,79539.0
2016-11-17 00:00:00+09:00,3362.0,3400.0,3298.0,3352.0,91806.0
2016-11-18 00:00:00+09:00,3384.0,3384.0,3266.0,3330.0,94937.0
2016-11-21 00:00:00+09:00,3282.0,3315.0,3229.0,3234.0,73717.0
2016-11-22 00:00:00+09:00,3234.0,3315.0,3170.0,3229.0,86002.0
2016-11-23 00:00:00+09:00,3229.0,3427.0,3073.0,3127.0,228145.0
2016-11-24 00:00:00+09:00,3094.0,3164.0,3067.0,3067.0,118832.0
2016-11-25 00:00:00+09:00,3063.0,3218.0,3063.0,3180.0,131713.0
2016-11-28 00:00:00+09:00,3202.0,3244.0,3137.0,3175.0,43346.0
2016-11-29 00:00:00+09:00,3127.0,3266.0,3127.0,3159.0,129189.0
2016-11-30 00:00:00+09:00,3244.0,3288.0,3175.0,3261.0,209127.0
2016-12-01 00:00:00+09:00,3266.0,3266.0,3180.0,3229.0,95492.0
2016-12-02 00:00:00+09:00,3261.0,3277.0,3137.0,3180.0,106397.0
2016-12-05 00:00:00+09:00,3116.0,3175.0,2977.0,3010.0,290151.0
2016-12-06 00:00:00+09:00,3036.0,3094.0,2977.0,3010.0,101756.0
2016-12-07 00:00:00+09:00,3020.0,3047.0,2811.0,2928.0,195827.0
2016-12-08 00:00:00+09:00,2967.0,2987.0,2848.0,2864.0,231894.0
2016-12-09 00:00:00+09:00,2886.0,2987.0,2870.0,2977.0,123344.0
2016-12-12 00:00:00+09:00,2987.0,3116.0,2977.0,3116.0,114229.0
2016-12-13 00:00:00+09:00,3180.0,3202.0,3127.0,3180.0,82049.0
2016-12-14 00:00:00+09:00,3212.0,3239.0,3164.0,3218.0,118186.0
2016-12-15 00:00:00+09:00,3186.0,3239.0,3110.0,3159.0,233345.0
2016-12-16 00:00:00+09:00,3234.0,3234.0,3148.0,3148.0,89817.0
2016-12-19 00:00:00+09:00,3127.0,3159.0,3067.0,3100.0,107567.0
2016-12-20 00:00:00+09:00,3137.0,3191.0,3106.0,3137.0,128114.0
2016-12-21 00:00:00+09:00,3137.0,3186.0,3073.0,3122.0,133394.0
2016-12-22 00:00:00+09:00,3164.0,3202.0,3094.0,3127.0,320132.0
2016-12-23 00:00:00+09:00,3137.0,3288.0,3094.0,3229.0,460583.0
2016-12-26 00:00:00+09:00,3229.0,3277.0,3191.0,3212.0,172994.0
2016-12-27 00:00:00+09:00,3223.0,3266.0,3164.0,3212.0,117916.0
2016-12-28 00:00:00+09:00,3229.0,3437.0,3212.0,3411.0,548221.0
2016-12-29 00:00:00+09:00,3368.0,3561.0,3368.0,3507.0,337903.0
2017-01-02 00:00:00+09:00,3485.0,3524.0,3427.0,3458.0,153037.0
2017-01-03 00:00:00+09:00,3454.0,3555.0,3454.0,3544.0,123182.0
2017-01-04 00:00:00+09:00,3544.0,3577.0,3464.0,3528.0,161037.0
2017-01-05 00:00:00+09:00,3571.0,3577.0,3491.0,3524.0,131793.0
2017-01-06 00:00:00+09:00,3524.0,3544.0,3427.0,3448.0,115914.0
2017-01-09 00:00:00+09:00,3481.0,3502.0,3405.0,3454.0,129603.0
2017-01-10 00:00:00+09:00,3427.0,3454.0,3352.0,3389.0,97512.0
2017-01-11 00:00:00+09:00,3389.0,3470.0,3357.0,3379.0,118698.0
2017-01-12 00:00:00+09:00,3352.0,3411.0,3336.0,3384.0,98681.0
2017-01-13 00:00:00+09:00,3464.0,3464.0,3357.0,3437.0,66769.0
2017-01-16 00:00:00+09:00,3437.0,3497.0,3389.0,3405.0,73660.0
2017-01-17 00:00:00+09:00,3411.0,3432.0,3309.0,3320.0,86052.0
2017-01-18 00:00:00+09:00,3293.0,3362.0,3266.0,3320.0,61065.0
2017-01-19 00:00:00+09:00,3309.0,3384.0,3266.0,3304.0,52946.0
2017-01-20 00:00:00+09:00,3315.0,3315.0,3202.0,3202.0,105026.0
2017-01-23 00:00:00+09:00,3170.0,3212.0,3106.0,3106.0,136925.0
2017-01-24 00:00:00+09:00,3106.0,3153.0,3057.0,3100.0,74260.0
2017-01-25 00:00:00+09:00,3089.0,3148.0,3014.0,3083.0,121496.0
2017-01-26 00:00:00+09:00,3083.0,3083.0,2983.0,3041.0,283843.0
2017-01-31 00:00:00+09:00,3036.0,3073.0,2998.0,3010.0,110401.0
2017-02-01 00:00:00+09:00,3010.0,3100.0,3010.0,3057.0,221063.0
2017-02-02 00:00:00+09:00,3100.0,3127.0,3030.0,3030.0,187038.0
2017-02-03 00:00:00+09:00,3030.0,3089.0,3010.0,3083.0,192448.0
2017-02-06 00:00:00+09:00,3079.0,3137.0,3079.0,3094.0,58214.0
2017-02-07 00:00:00+09:00,3100.0,3244.0,3094.0,3212.0,178235.0
2017-02-08 00:00:00+09:00,3191.0,3244.0,3143.0,3180.0,55835.0
2017-02-09 00:00:00+09:00,3180.0,3212.0,3106.0,3159.0,62378.0
2017-02-10 00:00:00+09:00,3170.0,3180.0,3106.0,3153.0,74559.0
2017-02-13 00:00:00+09:00,3159.0,3159.0,3052.0,3073.0,101278.0
2017-02-14 00:00:00+09:00,3057.0,3116.0,3052.0,3083.0,43029.0
2017-02-15 00:00:00+09:00,3122.0,3197.0,3094.0,3191.0,100147.0
2017-02-16 00:00:00+09:00,3207.0,3212.0,3148.0,3191.0,53142.0
2017-02-17 00:00:00+09:00,3159.0,3207.0,3153.0,3175.0,32277.0
2017-02-20 00:00:00+09:00,3186.0,3207.0,3127.0,3164.0,65702.0
2017-02-21 00:00:00+09:00,3137.0,3191.0,3133.0,3164.0,35149.0
2017-02-22 00:00:00+09:00,3180.0,3250.0,3127.0,3191.0,103239.0
2017-02-23 00:00:00+09:00,3191.0,3218.0,3159.0,3170.0,67948.0
2017-02-24 00:00:00+09:00,3159.0,3180.0,3106.0,3148.0,85334.0
2017-02-27 00:00:00+09:00,3175.0,3175.0,3063.0,3067.0,96349.0
2017-02-28 00:00:00+09:00,3079.0,3106.0,3052.0,3083.0,49864.0
2017-03-02 00:00:00+09:00,3133.0,3143.0,3052.0,3063.0,72607.0
2017-03-03 00:00:00+09:00,3052.0,3073.0,2987.0,3030.0,51222.0
2017-03-06 00:00:00+09:00,2977.0,3020.0,2945.0,3020.0,60710.0
2017-03-07 00:00:00+09:00,3020.0,3041.0,2967.0,2998.0,72007.0
2017-03-08 00:00:00+09:00,3036.0,3036.0,2945.0,2967.0,82840.0
2017-03-09 00:00:00+09:00,2967.0,2998.0,2940.0,2987.0,71687.0
2017-03-10 00:00:00+09:00,2987.0,2987.0,2950.0,2971.0,48873.0
2017-03-13 00:00:00+09:00,3041.0,3041.0,2955.0,2983.0,51079.0
2017-03-14 00:00:00+09:00,2934.0,3020.0,2934.0,2987.0,62840.0
2017-03-15 00:00:00+09:00,2960.0,2998.0,2923.0,2967.0,59977.0
2017-03-16 00:00:00+09:00,2993.0,2998.0,2923.0,2967.0,60132.0
2017-03-17 00:00:00+09:00,2945.0,2967.0,2918.0,2923.0,65124.0
2017-03-20 00:00:00+09:00,2955.0,2955.0,2907.0,2913.0,34148.0
2017-03-21 00:00:00+09:00,2907.0,2940.0,2854.0,2934.0,125390.0
2017-03-22 00:00:00+09:00,2934.0,3025.0,2880.0,3014.0,87798.0
2017-03-23 00:00:00+09:00,3014.0,3052.0,2960.0,2971.0,79300.0
2017-03-24 00:00:00+09:00,3020.0,3148.0,3003.0,3106.0,215254.0
2017-03-27 00:00:00+09:00,3143.0,3191.0,3106.0,3137.0,154817.0
2017-03-28 00:00:00+09:00,3170.0,3202.0,3079.0,3191.0,140533.0
2017-03-29 00:00:00+09:00,3218.0,3341.0,3116.0,3197.0,387396.0
2017-03-30 00:00:00+09:00,3197.0,3207.0,3079.0,3106.0,139486.0
2017-03-31 00:00:00+09:00,3133.0,3148.0,3083.0,3143.0,75292.0
2017-04-03 00:00:00+09:00,3180.0,3212.0,3133.0,3212.0,146709.0
2017-04-04 00:00:00+09:00,3244.0,3244.0,3143.0,3175.0,111065.0
2017-04-05 00:00:00+09:00,3170.0,3202.0,3083.0,3180.0,161967.0
2017-04-06 00:00:00+09:00,3164.0,3164.0,3100.0,3127.0,92934.0
2017-04-07 00:00:00+09:00,3170.0,3170.0,3083.0,3137.0,83251.0
2017-04-10 00:00:00+09:00,3164.0,3164.0,2987.0,2987.0,185826.0
2017-04-11 00:00:00+09:00,3020.0,3052.0,2945.0,2983.0,146385.0
2017-04-12 00:00:00+09:00,3014.0,3014.0,2907.0,2945.0,100961.0
2017-04-13 00:00:00+09:00,2983.0,3003.0,2896.0,2940.0,111336.0
2017-04-14 00:00:00+09:00,2940.0,2987.0,2901.0,2945.0,120451.0
2017-04-17 00:00:00+09:00,2960.0,3041.0,2960.0,3030.0,97257.0
2017-04-18 00:00:00+09:00,3063.0,3073.0,2967.0,3041.0,100874.0
2017-04-19 00:00:00+09:00,3067.0,3094.0,3030.0,3047.0,86690.0
2017-04-20 00:00:00+09:00,3063.0,3094.0,3014.0,3041.0,78817.0
2017-04-21 00:00:00+09:00,3073.0,3094.0,3041.0,3067.0,90405.0
2017-04-24 00:00:00+09:00,3073.0,3083.0,2971.0,2971.0,105654.0
2017-04-25 00:00:00+09:00,2998.0,3030.0,2960.0,2987.0,87661.0
2017-04-26 00:00:00+09:00,3003.0,3030.0,2955.0,2987.0,85563.0
2017-04-27 00:00:00+09:00,2955.0,2998.0,2955.0,2987.0,45418.0
2017-04-28 00:00:00+09:00,2983.0,2993.0,2945.0,2955.0,81572.0
2017-05-02 00:00:00+09:00,2967.0,2967.0,2913.0,2960.0,47181.0
2017-05-04 00:00:00+09:00,2983.0,3020.0,2934.0,2993.0,72836.0
2017-05-08 00:00:00+09:00,2993.0,3089.0,2987.0,3067.0,177388.0
2017-05-10 00:00:00+09:00,3030.0,3106.0,3030.0,3067.0,79291.0
2017-05-11 00:00:00+09:00,3089.0,3110.0,3047.0,3063.0,92022.0
2017-05-12 00:00:00+09:00,3116.0,3137.0,3010.0,3014.0,208803.0
2017-05-15 00:00:00+09:00,3014.0,3052.0,2913.0,2993.0,100887.0
2017-05-16 00:00:00+09:00,2998.0,3030.0,2945.0,2955.0,67867.0
2017-05-17 00:00:00+09:00,2955.0,2993.0,2934.0,2955.0,84405.0
2017-05-18 00:00:00+09:00,2928.0,2955.0,2891.0,2901.0,94959.0
2017-05-19 00:00:00+09:00,2940.0,2945.0,2891.0,2940.0,84866.0
2017-05-22 00:00:00+09:00,2913.0,2955.0,2901.0,2928.0,90730.0
2017-05-23 00:00:00+09:00,2950.0,2960.0,2891.0,2955.0,99066.0
2017-05-24 00:00:00+09:00,2950.0,3047.0,2934.0,3036.0,230335.0
2017-05-25 00:00:00+09:00,3052.0,3063.0,3020.0,3036.0,140520.0
2017-05-26 00:00:00+09:00,3036.0,3047.0,2983.0,3047.0,97276.0
2017-05-29 00:00:00+09:00,3020.0,3047.0,2983.0,2993.0,98003.0
2017-05-30 00:00:00+09:00,3014.0,3052.0,2993.0,3041.0,94536.0
2017-05-31 00:00:00+09:00,3083.0,3304.0,3067.0,3223.0,679775.0
2017-06-01 00:00:00+09:00,3244.0,3298.0,3212.0,3212.0,274813.0
2017-06-02 00:00:00+09:00,3255.0,3277.0,3180.0,3212.0,257746.0
2017-06-05 00:00:00+09:00,3212.0,3293.0,3197.0,3288.0,209702.0
2017-06-07 00:00:00+09:00,3304.0,3304.0,3191.0,3223.0,141451.0
2017-06-08 00:00:00+09:00,3207.0,3250.0,3159.0,3234.0,174895.0
2017-06-09 00:00:00+09:00,3282.0,3282.0,3180.0,3255.0,156862.0
2017-06-12 00:00:00+09:00,3255.0,3293.0,3223.0,3234.0,127242.0
2017-06-13 00:00:00+09:00,3218.0,3309.0,3218.0,3309.0,222545.0
2017-06-14 00:00:00+09:00,3315.0,3405.0,3298.0,3352.0,417474.0
2017-06-15 00:00:00+09:00,3379.0,3379.0,3266.0,3320.0,177956.0
2017-06-16 00:00:00+09:00,3325.0,3405.0,3282.0,3373.0,264942.0
2017-06-19 00:00:00+09:00,3470.0,3598.0,3411.0,3524.0,635483.0
2017-06-20 00:00:00+09:00,3571.0,3577.0,3427.0,3470.0,173399.0
2017-06-21 00:00:00+09:00,3416.0,3507.0,3384.0,3394.0,152617.0
2017-06-22 00:00:00+09:00,3416.0,3481.0,3293.0,3315.0,190070.0
2017-06-23 00:00:00+09:00,3325.0,3379.0,3277.0,3315.0,140820.0
2017-06-26 00:00:00+09:00,3330.0,3330.0,3212.0,3223.0,184896.0
2017-06-27 00:00:00+09:00,3223.0,3261.0,3191.0,3202.0,195288.0
2017-06-28 00:00:00+09:00,3191.0,3207.0,3133.0,3133.0,171849.0
2017-06-29 00:00:00+09:00,3137.0,3212.0,3116.0,3191.0,136759.0
2017-06-30 00:00:00+09:00,3186.0,3186.0,3148.0,3159.0,65113.0
2017-07-03 00:00:00+09:00,3164.0,3180.0,3063.0,3063.0,199135.0
2017-07-04 00:00:00+09:00,3083.0,3137.0,3010.0,3030.0,147135.0
2017-07-05 00:00:00+09:00,3030.0,3100.0,3020.0,3079.0,84326.0
2017-07-06 00:00:00+09:00,3079.0,3148.0,3079.0,3137.0,59958.0
2017-07-07 00:00:00+09:00,3116.0,3229.0,3110.0,3202.0,124656.0
2017-07-10 00:00:00+09:00,3207.0,3207.0,3116.0,3127.0,54199.0
2017-07-11 00:00:00+09:00,3137.0,3180.0,3067.0,3116.0,53170.0
2017-07-12 00:00:00+09:00,3143.0,3277.0,3106.0,3180.0,368221.0
2017-07-13 00:00:00+09:00,3180.0,3180.0,3094.0,3122.0,70122.0
2017-07-14 00:00:00+09:00,3137.0,3137.0,3020.0,3067.0,107840.0
2017-07-17 00:00:00+09:00,3036.0,3094.0,3036.0,3052.0,60483.0
2017-07-18 00:00:00+09:00,3047.0,3073.0,3014.0,3073.0,75115.0
2017-07-19 00:00:00+09:00,3094.0,3094.0,3041.0,3063.0,47514.0
2017-07-20 00:00:00+09:00,3052.0,3083.0,3036.0,3067.0,49219.0
2017-07-21 00:00:00+09:00,3073.0,3083.0,3047.0,3067.0,56008.0
2017-07-24 00:00:00+09:00,3079.0,3079.0,3020.0,3057.0,61266.0
2017-07-25 00:00:00+09:00,3067.0,3067.0,2998.0,3025.0,92170.0
2017-07-26 00:00:00+09:00,3041.0,3052.0,2983.0,3010.0,59843.0
2017-07-27 00:00:00+09:00,3020.0,3030.0,2955.0,2983.0,70090.0
2017-07-28 00:00:00+09:00,3003.0,3020.0,2934.0,2950.0,143388.0
2017-07-31 00:00:00+09:00,2983.0,2983.0,2896.0,2907.0,135661.0
2017-08-01 00:00:00+09:00,2913.0,2950.0,2896.0,2950.0,54968.0
2017-08-02 00:00:00+09:00,2950.0,3047.0,2928.0,3020.0,66894.0
2017-08-03 00:00:00+09:00,2998.0,3041.0,2977.0,3010.0,63702.0
2017-08-04 00:00:00+09:00,3010.0,3052.0,2977.0,3003.0,27678.0
2017-08-07 00:00:00+09:00,2987.0,3063.0,2967.0,3041.0,75408.0
2017-08-08 00:00:00+09:00,3057.0,3063.0,3025.0,3063.0,58706.0
2017-08-09 00:00:00+09:00,3057.0,3073.0,2993.0,2998.0,77314.0
2017-08-10 00:00:00+09:00,3020.0,3036.0,2955.0,2955.0,67366.0
2017-08-11 00:00:00+09:00,2928.0,2928.0,2816.0,2843.0,236362.0
2017-08-14 00:00:00+09:00,2843.0,2913.0,2832.0,2870.0,93522.0
2017-08-16 00:00:00+09:00,2870.0,2940.0,2859.0,2875.0,112898.0
2017-08-17 00:00:00+09:00,2875.0,2950.0,2864.0,2934.0,67347.0
2017-08-18 00:00:00+09:00,2923.0,3052.0,2918.0,3041.0,167716.0
2017-08-21 00:00:00+09:00,3063.0,3083.0,3020.0,3067.0,123867.0
2017-08-22 00:00:00+09:00,3067.0,3100.0,3047.0,3083.0,93738.0
2017-08-23 00:00:00+09:00,3063.0,3100.0,3057.0,3083.0,124952.0
2017-08-24 00:00:00+09:00,3106.0,3116.0,3067.0,3100.0,96239.0
2017-08-25 00:00:00+09:00,3127.0,3137.0,3106.0,3133.0,69936.0
2017-08-28 00:00:00+09:00,3122.0,3234.0,3122.0,3202.0,195587.0
2017-08-29 00:00:00+09:00,3186.0,3202.0,3137.0,3159.0,65601.0
2017-08-30 00:00:00+09:00,3191.0,3223.0,3148.0,3180.0,89883.0
2017-08-31 00:00:00+09:00,3159.0,3223.0,3159.0,3207.0,100082.0
2017-09-01 00:00:00+09:00,3207.0,3234.0,3202.0,3229.0,186801.0
2017-09-04 00:00:00+09:00,3127.0,3191.0,3116.0,3143.0,117938.0
2017-09-05 00:00:00+09:00,3170.0,3180.0,3073.0,3110.0,76161.0
2017-09-06 00:00:00+09:00,3083.0,3137.0,3057.0,3110.0,103542.0
2017-09-07 00:00:00+09:00,3180.0,3180.0,3089.0,3110.0,82923.0
2017-09-08 00:00:00+09:00,3159.0,3159.0,3073.0,3100.0,46365.0
2017-09-11 00:00:00+09:00,3133.0,3133.0,3073.0,3083.0,80160.0
2017-09-12 00:00:00+09:00,3106.0,3218.0,3052.0,3159.0,338774.0
2017-09-13 00:00:00+09:00,3191.0,3197.0,3106.0,3170.0,93547.0
2017-09-14 00:00:00+09:00,3159.0,3159.0,3089.0,3159.0,216630.0
2017-09-15 00:00:00+09:00,3180.0,3598.0,3180.0,3336.0,1006774.0
2017-09-18 00:00:00+09:00,3394.0,3394.0,3239.0,3239.0,175309.0
2017-09-19 00:00:00+09:00,3255.0,3288.0,3191.0,3218.0,91593.0
2017-09-20 00:00:00+09:00,3202.0,3266.0,3164.0,3202.0,143317.0
2017-09-21 00:00:00+09:00,3223.0,3239.0,3116.0,3116.0,94103.0
2017-09-22 00:00:00+09:00,3106.0,3143.0,3036.0,3089.0,120414.0
2017-09-25 00:00:00+09:00,3106.0,3106.0,2993.0,2993.0,82853.0
2017-09-26 00:00:00+09:00,3030.0,3083.0,2940.0,3079.0,113160.0
2017-09-27 00:00:00+09:00,3116.0,3116.0,3025.0,3030.0,37745.0
2017-09-28 00:00:00+09:00,3052.0,3110.0,3014.0,3041.0,75050.0
2017-09-29 00:00:00+09:00,3063.0,3100.0,3014.0,3067.0,49381.0
2017-10-10 00:00:00+09:00,3073.0,3133.0,3020.0,3052.0,54195.0
2017-10-11 00:00:00+09:00,3052.0,3116.0,3014.0,3083.0,72359.0
2017-10-12 00:00:00+09:00,3122.0,3122.0,3052.0,3073.0,63794.0
2017-10-13 00:00:00+09:00,3063.0,3207.0,3036.0,3191.0,300907.0
2017-10-16 00:00:00+09:00,3261.0,3261.0,3110.0,3133.0,199348.0
2017-10-17 00:00:00+09:00,3137.0,3277.0,3110.0,3266.0,310431.0
2017-10-18 00:00:00+09:00,3261.0,3432.0,3218.0,3432.0,599074.0
2017-10-19 00:00:00+09:00,3427.0,3427.0,3288.0,3320.0,352537.0
2017-10-20 00:00:00+09:00,3298.0,3416.0,3244.0,3394.0,353080.0
2017-10-23 00:00:00+09:00,3368.0,3550.0,3368.0,3507.0,843519.0
2017-10-24 00:00:00+09:00,3502.0,3528.0,3454.0,3524.0,286897.0
2017-10-25 00:00:00+09:00,3517.0,3524.0,3352.0,3448.0,323138.0
2017-10-26 00:00:00+09:00,3470.0,3470.0,3379.0,3411.0,231944.0
2017-10-27 00:00:00+09:00,3443.0,3443.0,3373.0,3411.0,143964.0
2017-10-30 00:00:00+09:00,3443.0,3694.0,3384.0,3679.0,1146358.0
2017-10-31 00:00:00+09:00,3641.0,3690.0,3567.0,3673.0,400090.0
2017-11-01 00:00:00+09:00,3679.0,3737.0,3587.0,3737.0,309193.0
2017-11-02 00:00:00+09:00,3743.0,3748.0,3657.0,3694.0,233640.0
2017-11-03 00:00:00+09:00,3690.0,3839.0,3614.0,3716.0,670294.0
2017-11-06 00:00:00+09:00,3716.0,3716.0,3609.0,3694.0,360224.0
2017-11-07 00:00:00+09:00,3694.0,3791.0,3657.0,3786.0,465352.0
2017-11-08 00:00:00+09:00,3759.0,3973.0,3754.0,3855.0,571690.0
2017-11-09 00:00:00+09:00,3855.0,3935.0,3748.0,3780.0,325167.0
2017-11-10 00:00:00+09:00,3807.0,3807.0,3641.0,3673.0,320717.0
2017-11-13 00:00:00+09:00,3663.0,3898.0,3593.0,3801.0,721710.0
2017-11-14 00:00:00+09:00,3812.0,4085.0,3801.0,4048.0,1409525.0
2017-11-15 00:00:00+09:00,4054.0,4348.0,3984.0,4128.0,1561520.0
2017-11-16 00:00:00+09:00,4193.0,4284.0,3978.0,4257.0,1083240.0
2017-11-17 00:00:00+09:00,4204.0,4358.0,4118.0,4326.0,824617.0
2017-11-20 00:00:00+09:00,4337.0,4568.0,4204.0,4230.0,1144840.0
2017-11-21 00:00:00+09:00,4247.0,4439.0,4181.0,4375.0,1055251.0
2017-11-22 00:00:00+09:00,4332.0,4391.0,4139.0,4177.0,1793037.0
2017-11-23 00:00:00+09:00,4177.0,5066.0,4134.0,4638.0,5308195.0
2017-11-24 00:00:00+09:00,4819.0,4846.0,4627.0,4649.0,1345585.0
2017-11-27 00:00:00+09:00,4685.0,4685.0,4525.0,4557.0,828140.0
2017-11-28 00:00:00+09:00,4584.0,4728.0,4557.0,4659.0,966569.0
2017-11-29 00:00:00+09:00,4622.0,4659.0,4530.0,4615.0,667065.0
2017-11-30 00:00:00+09:00,4615.0,4718.0,4557.0,4562.0,572759.0
2017-12-01 00:00:00+09:00,4649.0,4862.0,4589.0,4798.0,1277071.0
2017-12-04 00:00:00+09:00,4851.0,5189.0,4825.0,5087.0,1526827.0
2017-12-05 00:00:00+09:00,5141.0,5162.0,4804.0,4804.0,1155443.0
2017-12-06 00:00:00+09:00,4787.0,4894.0,4545.0,4557.0,1535069.0
2017-12-07 00:00:00+09:00,4814.0,4814.0,4482.0,4675.0,732445.0
2017-12-08 00:00:00+09:00,4579.0,6066.0,4450.0,4985.0,3192346.0
2017-12-11 00:00:00+09:00,4996.0,5381.0,4996.0,5209.0,831188.0
2017-12-12 00:00:00+09:00,5103.0,5327.0,4952.0,4985.0,383878.0
2017-12-13 00:00:00+09:00,5071.0,5456.0,4856.0,5124.0,636291.0
2017-12-14 00:00:00+09:00,5167.0,5339.0,5124.0,5199.0,334171.0
2017-12-15 00:00:00+09:00,5199.0,5220.0,4996.0,5049.0,287218.0
2017-12-18 00:00:00+09:00,5060.0,5081.0,4814.0,4836.0,279679.0
2017-12-19 00:00:00+09:00,4836.0,4846.0,4482.0,4654.0,497540.0
2017-12-20 00:00:00+09:00,4632.0,4771.0,4472.0,4493.0,373182.0
2017-12-21 00:00:00+09:00,4546.0,4557.0,4236.0,4247.0,521088.0
2017-12-22 00:00:00+09:00,4278.0,4493.0,4108.0,4333.0,985860.0
2017-12-26 00:00:00+09:00,4343.0,4654.0,4258.0,4322.0,1015054.0
2017-12-27 00:00:00+09:00,4589.0,4642.0,4429.0,4557.0,776145.0
2017-12-28 00:00:00+09:00,4450.0,4750.0,4418.0,4750.0,1049117.0
2018-01-02 00:00:00+09:00,4750.0,5006.0,4622.0,4985.0,1345013.0
2018-01-03 00:00:00+09:00,5135.0,5370.0,4975.0,5092.0,1940048.0
2018-01-04 00:00:00+09:00,5199.0,5220.0,4856.0,4921.0,731275.0
2018-01-05 00:00:00+09:00,4879.0,5124.0,4879.0,5103.0,717481.0
2018-01-08 00:00:00+09:00,5209.0,5273.0,5049.0,5220.0,980546.0
2018-01-09 00:00:00+09:00,5263.0,5273.0,4952.0,4963.0,608314.0
2018-01-10 00:00:00+09:00,5006.0,5081.0,4718.0,4846.0,890469.0
2018-01-11 00:00:00+09:00,4824.0,5006.0,4739.0,4899.0,611391.0
2018-01-12 00:00:00+09:00,4921.0,5220.0,4814.0,4996.0,1463656.0
2018-01-15 00:00:00+09:00,4985.0,5028.0,4782.0,4899.0,1395975.0
2018-01-16 00:00:00+09:00,4921.0,5103.0,4867.0,4963.0,943252.0
2018-01-17 00:00:00+09:00,5306.0,5723.0,5039.0,5167.0,3425286.0
2018-01-18 00:00:00+09:00,5220.0,5317.0,5049.0,5317.0,1498724.0
2018-01-19 00:00:00+09:00,5520.0,5916.0,5381.0,5392.0,3358913.0
2018-01-22 00:00:00+09:00,5413.0,5563.0,5242.0,5499.0,829352.0
2018-01-23 00:00:00+09:00,5552.0,5595.0,5413.0,5478.0,628093.0
2018-01-24 00:00:00+09:00,5520.0,5606.0,5435.0,5520.0,738964.0
2018-01-25 00:00:00+09:00,5520.0,5584.0,5339.0,5413.0,784590.0
2018-01-26 00:00:00+09:00,5413.0,5446.0,5253.0,5273.0,780766.0
2018-01-29 00:00:00+09:00,5327.0,5413.0,5253.0,5306.0,474203.0
2018-01-30 00:00:00+09:00,5350.0,5392.0,5177.0,5263.0,399714.0
2018-01-31 00:00:00+09:00,5081.0,5220.0,4985.0,5049.0,593002.0
2018-02-01 00:00:00+09:00,5049.0,5113.0,4867.0,4963.0,481463.0
2018-02-02 00:00:00+09:00,4985.0,4985.0,4696.0,4739.0,532619.0
2018-02-05 00:00:00+09:00,4599.0,4611.0,4343.0,4375.0,680591.0
2018-02-06 00:00:00+09:00,4151.0,4386.0,3958.0,4386.0,974730.0
2018-02-07 00:00:00+09:00,4557.0,4632.0,4247.0,4333.0,764123.0
2018-02-08 00:00:00+09:00,4418.0,4535.0,4333.0,4418.0,492585.0
2018-02-09 00:00:00+09:00,4172.0,4301.0,4054.0,4097.0,946899.0
2018-02-12 00:00:00+09:00,4172.0,4215.0,4054.0,4054.0,323622.0
2018-02-13 00:00:00+09:00,4086.0,4129.0,3936.0,3936.0,336097.0
2018-02-14 00:00:00+09:00,3958.0,4108.0,3904.0,4076.0,241979.0
2018-02-19 00:00:00+09:00,4108.0,4290.0,4076.0,4258.0,260946.0
2018-02-20 00:00:00+09:00,4290.0,4322.0,4161.0,4225.0,158819.0
2018-02-21 00:00:00+09:00,4236.0,4407.0,4236.0,4343.0,189610.0
2018-02-22 00:00:00+09:00,4333.0,4386.0,4225.0,4268.0,145283.0
2018-02-23 00:00:00+09:00,4268.0,4322.0,4193.0,4268.0,139493.0
2018-02-26 00:00:00+09:00,4343.0,4365.0,4258.0,4278.0,187958.0
2018-02-27 00:00:00+09:00,4354.0,4365.0,4225.0,4236.0,213625.0
2018-02-28 00:00:00+09:00,4182.0,4236.0,4054.0,4065.0,214061.0
2018-03-02 00:00:00+09:00,4044.0,4140.0,4001.0,4086.0,182984.0
2018-03-05 00:00:00+09:00,4076.0,4118.0,3958.0,4065.0,270340.0
2018-03-06 00:00:00+09:00,4140.0,4140.0,3980.0,4044.0,221831.0
2018-03-07 00:00:00+09:00,4001.0,4044.0,3851.0,3883.0,299429.0
2018-03-08 00:00:00+09:00,3894.0,4461.0,3872.0,4236.0,1323468.0
2018-03-09 00:00:00+09:00,4236.0,4258.0,4140.0,4193.0,243817.0
2018-03-12 00:00:00+09:00,4236.0,4418.0,4182.0,4418.0,301753.0
2018-03-13 00:00:00+09:00,4407.0,4450.0,4311.0,4439.0,299353.0
2018-03-14 00:00:00+09:00,4461.0,4461.0,4354.0,4429.0,216204.0
2018-03-15 00:00:00+09:00,4397.0,4664.0,4386.0,4632.0,546634.0
2018-03-16 00:00:00+09:00,4599.0,4696.0,4579.0,4664.0,272943.0
2018-03-19 00:00:00+09:00,4622.0,4642.0,4493.0,4503.0,278231.0
2018-03-20 00:00:00+09:00,4418.0,4579.0,4397.0,4568.0,207482.0
2018-03-21 00:00:00+09:00,4664.0,4664.0,4503.0,4568.0,258229.0
2018-03-22 00:00:00+09:00,4546.0,4622.0,4333.0,4450.0,306195.0
2018-03-23 00:00:00+09:00,4172.0,4343.0,4086.0,4172.0,545374.0
2018-03-26 00:00:00+09:00,4172.0,4333.0,4011.0,4268.0,244129.0
2018-03-27 00:00:00+09:00,4515.0,5542.0,4386.0,5028.0,11572314.0
2018-03-28 00:00:00+09:00,5188.0,5499.0,4952.0,5499.0,4963303.0
2018-03-29 00:00:00+09:00,5670.0,5873.0,5253.0,5273.0,3132560.0
2018-03-30 00:00:00+09:00,5317.0,5446.0,5231.0,5413.0,1450632.0
2018-04-02 00:00:00+09:00,5413.0,5435.0,5092.0,5167.0,1414625.0
2018-04-03 00:00:00+09:00,5081.0,5285.0,5049.0,5231.0,621165.0
2018-04-04 00:00:00+09:00,5273.0,5413.0,5081.0,5135.0,938011.0
2018-04-05 00:00:00+09:00,5285.0,5584.0,5209.0,5563.0,2271471.0
2018-04-06 00:00:00+09:00,5563.0,5584.0,5360.0,5520.0,1156337.0
2018-04-09 00:00:00+09:00,5456.0,7115.0,5446.0,6729.0,10417297.0
2018-04-10 00:00:00+09:00,6676.0,7008.0,6569.0,6825.0,2660632.0
2018-04-11 00:00:00+09:00,6911.0,8634.0,6825.0,7993.0,8989940.0
2018-04-12 00:00:00+09:00,8099.0,8142.0,7371.0,7586.0,2720303.0
2018-04-13 00:00:00+09:00,8334.0,8965.0,7874.0,7916.0,5524804.0
2018-04-16 00:00:00+09:00,7885.0,9843.0,7724.0,9041.0,10815987.0
2018-04-17 00:00:00+09:00,9041.0,9169.0,8667.0,8912.0,1912457.0
2018-04-18 00:00:00+09:00,8880.0,9555.0,8003.0,8291.0,2907190.0
2018-04-19 00:00:00+09:00,8089.0,8270.0,7649.0,7810.0,1668092.0
2018-04-20 00:00:00+09:00,8066.0,8291.0,7660.0,7810.0,1269327.0
2018-04-23 00:00:00+09:00,7639.0,7682.0,7168.0,7275.0,1585822.0
2018-04-24 00:00:00+09:00,7371.0,7660.0,7136.0,7168.0,1329510.0
2018-04-25 00:00:00+09:00,7115.0,7435.0,7093.0,7329.0,852137.0
2018-04-26 00:00:00+09:00,7671.0,8880.0,7660.0,8527.0,5831641.0
2018-04-27 00:00:00+09:00,8527.0,8773.0,8303.0,8698.0,1410183.0
2018-04-30 00:00:00+09:00,8773.0,8827.0,8024.0,8399.0,1910257.0
2018-05-02 00:00:00+09:00,8046.0,9597.0,7831.0,8559.0,5225692.0
2018-05-03 00:00:00+09:00,8602.0,9736.0,7939.0,7939.0,4368589.0
2018-05-04 00:00:00+09:00,8142.0,8185.0,7350.0,7446.0,1903018.0
2018-05-08 00:00:00+09:00,7639.0,7799.0,7040.0,7040.0,1151141.0
2018-05-09 00:00:00+09:00,6933.0,7382.0,6868.0,7361.0,1243724.0
2018-05-10 00:00:00+09:00,7361.0,7403.0,7061.0,7254.0,679058.0
2018-05-11 00:00:00+09:00,7232.0,7628.0,7211.0,7435.0,979296.0
2018-05-14 00:00:00+09:00,7382.0,7382.0,6965.0,7082.0,696540.0
2018-05-15 00:00:00+09:00,7189.0,7265.0,6815.0,6848.0,708477.0
2018-05-16 00:00:00+09:00,6815.0,7008.0,6601.0,6911.0,767296.0
2018-05-17 00:00:00+09:00,7061.0,7082.0,6579.0,6633.0,586700.0
2018-05-18 00:00:00+09:00,6633.0,6868.0,6547.0,6623.0,440801.0
2018-05-21 00:00:00+09:00,6623.0,6890.0,6590.0,6740.0,477073.0
2018-05-23 00:00:00+09:00,6697.0,6805.0,6504.0,6547.0,321715.0
2018-05-24 00:00:00+09:00,6590.0,7104.0,6547.0,6986.0,940694.0
2018-05-25 00:00:00+09:00,6986.0,7061.0,6825.0,7018.0,498241.0
2018-05-28 00:00:00+09:00,6772.0,6933.0,6697.0,6901.0,671558.0
2018-05-29 00:00:00+09:00,6848.0,7061.0,6697.0,6719.0,508329.0
2018-05-30 00:00:00+09:00,6719.0,6772.0,6418.0,6579.0,366908.0
2018-05-31 00:00:00+09:00,6676.0,6719.0,6408.0,6441.0,284296.0
2018-06-01 00:00:00+09:00,6397.0,6890.0,6387.0,6794.0,773395.0
2018-06-04 00:00:00+09:00,6805.0,7008.0,6761.0,6815.0,406503.0
2018-06-05 00:00:00+09:00,6794.0,6944.0,6611.0,6623.0,442849.0
2018-06-07 00:00:00+09:00,6676.0,6848.0,6601.0,6848.0,338682.0
2018-06-08 00:00:00+09:00,6858.0,6858.0,6644.0,6654.0,285350.0
2018-06-11 00:00:00+09:00,6558.0,6687.0,6354.0,6430.0,405754.0
2018-06-12 00:00:00+09:00,6365.0,6579.0,6184.0,6248.0,522163.0
2018-06-14 00:00:00+09:00,6162.0,6291.0,6012.0,6024.0,505189.0
2018-06-15 00:00:00+09:00,6024.0,6237.0,6024.0,6130.0,286884.0
2018-06-18 00:00:00+09:00,6077.0,6333.0,6024.0,6130.0,386461.0
2018-06-19 00:00:00+09:00,6087.0,6248.0,5937.0,6109.0,379385.0
2018-06-20 00:00:00+09:00,6077.0,6269.0,6077.0,6151.0,316126.0
2018-06-21 00:00:00+09:00,6184.0,6216.0,5905.0,5905.0,241775.0
2018-06-22 00:00:00+09:00,5863.0,5970.0,5745.0,5937.0,289682.0
2018-06-25 00:00:00+09:00,5852.0,6066.0,5830.0,5927.0,184237.0
2018-06-26 00:00:00+09:00,5884.0,5927.0,5680.0,5895.0,336487.0
2018-06-27 00:00:00+09:00,5970.0,6248.0,5905.0,6066.0,316135.0
2018-06-28 00:00:00+09:00,6066.0,6365.0,6066.0,6301.0,461065.0
2018-06-29 00:00:00+09:00,6280.0,6719.0,6194.0,6611.0,591145.0
2018-07-02 00:00:00+09:00,6751.0,6911.0,6537.0,6537.0,875890.0
2018-07-03 00:00:00+09:00,6590.0,6633.0,6162.0,6397.0,362449.0
2018-07-04 00:00:00+09:00,6333.0,6430.0,6184.0,6184.0,943370.0
2018-07-05 00:00:00+09:00,6269.0,6333.0,6097.0,6205.0,250366.0
2018-07-06 00:00:00+09:00,6226.0,6258.0,5948.0,6162.0,314697.0
2018-07-09 00:00:00+09:00,6120.0,6848.0,6097.0,6708.0,1267970.0
2018-07-10 00:00:00+09:00,6654.0,6783.0,6504.0,6590.0,464833.0
2018-07-11 00:00:00+09:00,6569.0,6623.0,6312.0,6333.0,359711.0
2018-07-12 00:00:00+09:00,6291.0,6472.0,6258.0,6365.0,309974.0
2018-07-13 00:00:00+09:00,6291.0,6408.0,6280.0,6333.0,251863.0
2018-07-16 00:00:00+09:00,6354.0,6494.0,6269.0,6312.0,201488.0
2018-07-17 00:00:00+09:00,6312.0,6547.0,6269.0,6291.0,400349.0
2018-07-18 00:00:00+09:00,6333.0,6387.0,6087.0,6205.0,260760.0
2018-07-19 00:00:00+09:00,6173.0,6248.0,5948.0,6012.0,356224.0
2018-07-20 00:00:00+09:00,6024.0,6066.0,5317.0,5392.0,732452.0
2018-07-23 00:00:00+09:00,5327.0,5413.0,4879.0,4879.0,757070.0
2018-07-24 00:00:00+09:00,4879.0,5188.0,4846.0,4846.0,572829.0
2018-07-25 00:00:00+09:00,4879.0,6291.0,4622.0,6291.0,7454715.0
2018-07-26 00:00:00+09:00,6418.0,6515.0,6012.0,6344.0,4366719.0
2018-07-27 00:00:00+09:00,6226.0,6280.0,5959.0,6055.0,1700310.0
2018-07-30 00:00:00+09:00,6097.0,6333.0,6012.0,6130.0,1777150.0
2018-07-31 00:00:00+09:00,6151.0,6258.0,6044.0,6226.0,749843.0
2018-08-01 00:00:00+09:00,6226.0,7329.0,6226.0,6665.0,6774902.0
2018-08-02 00:00:00+09:00,6601.0,7232.0,6472.0,6805.0,3494703.0
2018-08-03 00:00:00+09:00,6815.0,6901.0,6579.0,6633.0,717988.0
2018-08-06 00:00:00+09:00,6526.0,6633.0,6354.0,6365.0,588231.0
2018-08-07 00:00:00+09:00,6387.0,6494.0,6205.0,6418.0,632860.0
2018-08-08 00:00:00+09:00,6418.0,6418.0,6109.0,6109.0,647316.0
2018-08-09 00:00:00+09:00,6087.0,6301.0,6066.0,6066.0,503664.0
2018-08-10 00:00:00+09:00,6087.0,6087.0,5734.0,5734.0,821595.0
2018-08-13 00:00:00+09:00,5777.0,5777.0,5263.0,5327.0,728450.0
2018-08-14 00:00:00+09:00,5339.0,5584.0,5327.0,5424.0,575167.0
2018-08-16 00:00:00+09:00,5285.0,5456.0,5113.0,5456.0,384412.0
2018-08-17 00:00:00+09:00,5520.0,5756.0,5466.0,5648.0,440567.0
2018-08-20 00:00:00+09:00,5777.0,5873.0,5627.0,5638.0,361126.0
2018-08-21 00:00:00+09:00,5670.0,6226.0,5670.0,5980.0,1350548.0
2018-08-22 00:00:00+09:00,6044.0,6044.0,5863.0,5970.0,354448.0
2018-08-23 00:00:00+09:00,6024.0,6077.0,5905.0,6044.0,251704.0
2018-08-24 00:00:00+09:00,6087.0,6376.0,5991.0,6162.0,660086.0
2018-08-27 00:00:00+09:00,6162.0,6687.0,6120.0,6451.0,1631046.0
2018-08-28 00:00:00+09:00,6483.0,6740.0,6354.0,6354.0,734831.0
2018-08-29 00:00:00+09:00,6418.0,6504.0,6291.0,6365.0,307058.0
2018-08-30 00:00:00+09:00,6376.0,6461.0,6291.0,6301.0,270301.0
2018-08-31 00:00:00+09:00,6301.0,6558.0,6291.0,6504.0,525098.0
2018-09-03 00:00:00+09:00,6547.0,7093.0,6461.0,6848.0,2274234.0
2018-09-04 00:00:00+09:00,7008.0,7318.0,6954.0,7040.0,1390245.0
2018-09-05 00:00:00+09:00,7061.0,7115.0,6815.0,6815.0,752306.0
2018-09-06 00:00:00+09:00,6825.0,7254.0,6708.0,7029.0,1308218.0
2018-09-07 00:00:00+09:00,7082.0,7639.0,7029.0,7489.0,2044365.0
2018-09-10 00:00:00+09:00,7649.0,7671.0,7371.0,7403.0,690441.0
2018-09-11 00:00:00+09:00,7403.0,7563.0,7211.0,7296.0,702554.0
2018-09-12 00:00:00+09:00,7254.0,7575.0,7136.0,7329.0,833623.0
2018-09-13 00:00:00+09:00,7307.0,7435.0,6965.0,7200.0,800230.0
2018-09-14 00:00:00+09:00,7318.0,7457.0,7146.0,7254.0,466101.0
2018-09-17 00:00:00+09:00,7296.0,7371.0,7222.0,7254.0,250463.0
2018-09-18 00:00:00+09:00,7189.0,8452.0,7189.0,8174.0,3389288.0
2018-09-19 00:00:00+09:00,8163.0,8195.0,7906.0,7939.0,819626.0
2018-09-20 00:00:00+09:00,7874.0,8367.0,7756.0,7939.0,1320783.0
2018-09-21 00:00:00+09:00,8024.0,8153.0,7831.0,8131.0,529770.0
2018-09-27 00:00:00+09:00,8131.0,8420.0,8131.0,8249.0,625600.0
2018-09-28 00:00:00+09:00,8387.0,8463.0,8206.0,8238.0,537593.0
2018-10-01 00:00:00+09:00,8303.0,8323.0,7660.0,7778.0,721704.0
2018-10-02 00:00:00+09:00,7682.0,7788.0,7146.0,7178.0,978903.0
2018-10-04 00:00:00+09:00,7200.0,8056.0,7072.0,7510.0,1377673.0
2018-10-05 00:00:00+09:00,7296.0,7510.0,7136.0,7178.0,517327.0
2018-10-08 00:00:00+09:00,7018.0,7296.0,6933.0,6933.0,410964.0
2018-10-10 00:00:00+09:00,6868.0,7018.0,6654.0,6729.0,511158.0
2018-10-11 00:00:00+09:00,6354.0,6623.0,6301.0,6354.0,616594.0
2018-10-12 00:00:00+09:00,6601.0,6805.0,6376.0,6761.0,373214.0
2018-10-15 00:00:00+09:00,6761.0,6825.0,6547.0,6644.0,281536.0
2018-10-16 00:00:00+09:00,6654.0,7040.0,6654.0,6772.0,242282.0
2018-10-17 00:00:00+09:00,6965.0,6986.0,6676.0,6729.0,173580.0
2018-10-18 00:00:00+09:00,6794.0,6933.0,6719.0,6825.0,189694.0
2018-10-19 00:00:00+09:00,6783.0,7040.0,6611.0,7029.0,283486.0
2018-10-22 00:00:00+09:00,6965.0,7178.0,6890.0,7136.0,284818.0
2018-10-23 00:00:00+09:00,7008.0,7242.0,6772.0,6794.0,453037.0
2018-10-24 00:00:00+09:00,6933.0,6975.0,6461.0,6547.0,330069.0
2018-10-25 00:00:00+09:00,6354.0,6483.0,6120.0,6376.0,345761.0
2018-10-26 00:00:00+09:00,6461.0,6526.0,5830.0,5895.0,488843.0
2018-10-29 00:00:00+09:00,5787.0,6205.0,5617.0,5617.0,662959.0
2018-10-30 00:00:00+09:00,5488.0,5937.0,5456.0,5895.0,474914.0
2018-10-31 00:00:00+09:00,5959.0,6077.0,5820.0,5895.0,201482.0
2018-11-01 00:00:00+09:00,6077.0,6205.0,5980.0,6066.0,286943.0
2018-11-02 00:00:00+09:00,6162.0,6397.0,6162.0,6365.0,253569.0
2018-11-05 00:00:00+09:00,6354.0,6751.0,6322.0,6697.0,421290.0
2018-11-06 00:00:00+09:00,6761.0,7008.0,6644.0,6933.0,405727.0
2018-11-07 00:00:00+09:00,6911.0,7018.0,6601.0,6740.0,370306.0
2018-11-08 00:00:00+09:00,6901.0,6944.0,6772.0,6879.0,213884.0
2018-11-09 00:00:00+09:00,6858.0,7115.0,6815.0,6911.0,296700.0
2018-11-12 00:00:00+09:00,6719.0,6772.0,6494.0,6515.0,337459.0
2018-11-13 00:00:00+09:00,6397.0,6569.0,6205.0,6537.0,394815.0
2018-11-14 00:00:00+09:00,6569.0,6676.0,6408.0,6408.0,259428.0
2018-11-15 00:00:00+09:00,6387.0,6494.0,6173.0,6301.0,267690.0
2018-11-16 00:00:00+09:00,6387.0,6547.0,6322.0,6526.0,226553.0
2018-11-19 00:00:00+09:00,6633.0,6719.0,6483.0,6719.0,224891.0
2018-11-20 00:00:00+09:00,6611.0,6805.0,6569.0,6590.0,211268.0
2018-11-21 00:00:00+09:00,6515.0,6590.0,6312.0,6504.0,266640.0
2018-11-22 00:00:00+09:00,6515.0,6665.0,6461.0,6494.0,199534.0
2018-11-23 00:00:00+09:00,6461.0,6611.0,6333.0,6354.0,159461.0
2018-11-26 00:00:00+09:00,6301.0,6472.0,6269.0,6387.0,159015.0
2018-11-27 00:00:00+09:00,6418.0,6590.0,6387.0,6461.0,159453.0
2018-11-28 00:00:00+09:00,6472.0,6526.0,6418.0,6441.0,124894.0
2018-11-29 00:00:00+09:00,6526.0,6611.0,6365.0,6376.0,196233.0
2018-11-30 00:00:00+09:00,6376.0,6472.0,6312.0,6365.0,118193.0
2018-12-03 00:00:00+09:00,6441.0,6451.0,6344.0,6387.0,166726.0
2018-12-04 00:00:00+09:00,6387.0,6451.0,6269.0,6312.0,184973.0
2018-12-05 00:00:00+09:00,6205.0,6269.0,6055.0,6087.0,273528.0
2018-12-06 00:00:00+09:00,6087.0,6184.0,6066.0,6097.0,376829.0
2018-12-07 00:00:00+09:00,6173.0,6494.0,6173.0,6397.0,406207.0
2018-12-10 00:00:00+09:00,6301.0,6354.0,6097.0,6173.0,147564.0
2018-12-11 00:00:00+09:00,6194.0,6258.0,5980.0,6077.0,128904.0
2018-12-12 00:00:00+09:00,6087.0,6151.0,6055.0,6087.0,141729.0
2018-12-13 00:00:00+09:00,6087.0,6130.0,5884.0,6012.0,258398.0
2018-12-14 00:00:00+09:00,6012.0,6012.0,5542.0,5660.0,461534.0
2018-12-17 00:00:00+09:00,5574.0,5627.0,5306.0,5456.0,416526.0
2018-12-18 00:00:00+09:00,5253.0,5670.0,5231.0,5370.0,352540.0
2018-12-19 00:00:00+09:00,5370.0,5488.0,5339.0,5370.0,351027.0
2018-12-20 00:00:00+09:00,5350.0,5542.0,5242.0,5392.0,422042.0
2018-12-21 00:00:00+09:00,5370.0,5520.0,5370.0,5392.0,344003.0
2018-12-24 00:00:00+09:00,5370.0,5606.0,5339.0,5563.0,407021.0
2018-12-26 00:00:00+09:00,5466.0,5638.0,5403.0,5574.0,372557.0
2018-12-27 00:00:00+09:00,5745.0,6066.0,5745.0,6024.0,516607.0
2018-12-28 00:00:00+09:00,6001.0,6322.0,6001.0,6120.0,429757.0
2019-01-02 00:00:00+09:00,6269.0,6611.0,6269.0,6611.0,755352.0
2019-01-03 00:00:00+09:00,6611.0,6719.0,6354.0,6547.0,830862.0
2019-01-04 00:00:00+09:00,6633.0,6879.0,6547.0,6825.0,594559.0
2019-01-07 00:00:00+09:00,6997.0,6997.0,6633.0,6825.0,378527.0
2019-01-08 00:00:00+09:00,6825.0,6921.0,6623.0,6805.0,367679.0
2019-01-09 00:00:00+09:00,6815.0,6954.0,6461.0,6569.0,670835.0
2019-01-10 00:00:00+09:00,6633.0,6697.0,6494.0,6601.0,251525.0
2019-01-11 00:00:00+09:00,6579.0,6687.0,6483.0,6579.0,286401.0
2019-01-14 00:00:00+09:00,6579.0,6611.0,6248.0,6269.0,368593.0
2019-01-15 00:00:00+09:00,6280.0,6547.0,6269.0,6291.0,270177.0
2019-01-16 00:00:00+09:00,6291.0,6354.0,6130.0,6151.0,276792.0
2019-01-17 00:00:00+09:00,6151.0,6461.0,6141.0,6408.0,303183.0
2019-01-18 00:00:00+09:00,6408.0,6472.0,6301.0,6397.0,152752.0
2019-01-21 00:00:00+09:00,6461.0,6504.0,6301.0,6301.0,158471.0
2019-01-22 00:00:00+09:00,6301.0,6526.0,6258.0,6461.0,226383.0
2019-01-23 00:00:00+09:00,6441.0,6483.0,6333.0,6365.0,118033.0
2019-01-24 00:00:00+09:00,6387.0,6483.0,6312.0,6461.0,184606.0
2019-01-25 00:00:00+09:00,6537.0,6537.0,6376.0,6430.0,107141.0
2019-01-28 00:00:00+09:00,6376.0,6483.0,6365.0,6397.0,137219.0
2019-01-29 00:00:00+09:00,6333.0,6376.0,6216.0,6237.0,187489.0
2019-01-30 00:00:00+09:00,6291.0,6483.0,5937.0,6097.0,439625.0
2019-01-31 00:00:00+09:00,6109.0,6237.0,6055.0,6184.0,192393.0
2019-02-01 00:00:00+09:00,6291.0,6483.0,6173.0,6483.0,263669.0
2019-02-07 00:00:00+09:00,6590.0,6590.0,6387.0,6472.0,186160.0
2019-02-08 00:00:00+09:00,6483.0,6697.0,6418.0,6687.0,227851.0
2019-02-11 00:00:00+09:00,6719.0,6836.0,6633.0,6805.0,292172.0
2019-02-12 00:00:00+09:00,6805.0,6911.0,6676.0,6805.0,223019.0
2019-02-13 00:00:00+09:00,6815.0,6911.0,6708.0,6740.0,190130.0
2019-02-14 00:00:00+09:00,6825.0,6825.0,6590.0,6687.0,179379.0
2019-02-15 00:00:00+09:00,6644.0,6868.0,6633.0,6868.0,202182.0
2019-02-18 00:00:00+09:00,6933.0,7082.0,6825.0,7008.0,318257.0
2019-02-19 00:00:00+09:00,6965.0,7072.0,6848.0,7018.0,146777.0
2019-02-20 00:00:00+09:00,7029.0,7050.0,6933.0,7029.0,126722.0
2019-02-21 00:00:00+09:00,7029.0,7072.0,6890.0,6890.0,229263.0
2019-02-22 00:00:00+09:00,6890.0,6965.0,6676.0,6697.0,273950.0
2019-02-25 00:00:00+09:00,6708.0,6805.0,6483.0,6547.0,408322.0
2019-02-26 00:00:00+09:00,6569.0,6697.0,6526.0,6537.0,126077.0
2019-02-27 00:00:00+09:00,6569.0,6697.0,6515.0,6644.0,198039.0
2019-02-28 00:00:00+09:00,6697.0,7586.0,6654.0,7296.0,1927326.0
2019-03-04 00:00:00+09:00,7702.0,7746.0,7435.0,7521.0,998012.0
2019-03-05 00:00:00+09:00,7563.0,7649.0,7435.0,7542.0,348085.0
2019-03-06 00:00:00+09:00,7618.0,7660.0,7275.0,7393.0,405306.0
2019-03-07 00:00:00+09:00,7361.0,7863.0,7168.0,7692.0,949059.0
2019-03-08 00:00:00+09:00,7692.0,8387.0,7618.0,8238.0,2017085.0
2019-03-11 00:00:00+09:00,8452.0,8527.0,7916.0,8217.0,3942771.0
2019-03-12 00:00:00+09:00,8303.0,8965.0,8217.0,8880.0,1950917.0
2019-03-13 00:00:00+09:00,8987.0,9544.0,8677.0,9008.0,1933182.0
2019-03-14 00:00:00+09:00,9008.0,9287.0,8944.0,9126.0,664655.0
2019-03-15 00:00:00+09:00,9201.0,10014.0,9094.0,9758.0,2798150.0
2019-03-18 00:00:00+09:00,9789.0,10164.0,9651.0,9768.0,1690357.0
2019-03-19 00:00:00+09:00,9768.0,9950.0,9522.0,9725.0,796271.0
2019-03-20 00:00:00+09:00,9715.0,10378.0,9522.0,10378.0,1316861.0
2019-03-21 00:00:00+09:00,10453.0,10700.0,10142.0,10186.0,1238106.0
2019-03-22 00:00:00+09:00,10110.0,10206.0,9768.0,10196.0,800461.0
2019-03-25 00:00:00+09:00,9950.0,10153.0,9597.0,9640.0,995559.0
2019-03-26 00:00:00+09:00,9789.0,10527.0,9725.0,10292.0,1548411.0
2019-03-27 00:00:00+09:00,10357.0,10399.0,9758.0,9758.0,693554.0
2019-03-28 00:00:00+09:00,9608.0,10004.0,9426.0,9629.0,720728.0
2019-03-29 00:00:00+09:00,9736.0,10367.0,9629.0,10325.0,897820.0
2019-04-01 00:00:00+09:00,10335.0,10463.0,9982.0,10325.0,621900.0
2019-04-02 00:00:00+09:00,10292.0,10367.0,9854.0,9939.0,706106.0
2019-04-03 00:00:00+09:00,9950.0,10164.0,9758.0,9822.0,574638.0
2019-04-04 00:00:00+09:00,9843.0,10164.0,9747.0,10014.0,492988.0
2019-04-05 00:00:00+09:00,9972.0,10014.0,9340.0,9362.0,775494.0
2019-04-08 00:00:00+09:00,9330.0,9565.0,9051.0,9501.0,671528.0
2019-04-09 00:00:00+09:00,9501.0,9565.0,8923.0,9190.0,777061.0
2019-04-10 00:00:00+09:00,9073.0,9672.0,9008.0,9587.0,730891.0
2019-04-11 00:00:00+09:00,9661.0,9715.0,9436.0,9522.0,303444.0
2019-04-12 00:00:00+09:00,9843.0,9885.0,9405.0,9448.0,409947.0
2019-04-15 00:00:00+09:00,9448.0,9479.0,9073.0,9126.0,441832.0
2019-04-16 00:00:00+09:00,9073.0,9362.0,9019.0,9201.0,358179.0
2019-04-17 00:00:00+09:00,9126.0,9308.0,9126.0,9158.0,189899.0
2019-04-18 00:00:00+09:00,9115.0,9212.0,8452.0,8751.0,950175.0
2019-04-19 00:00:00+09:00,8751.0,9319.0,8751.0,9266.0,607838.0
2019-04-22 00:00:00+09:00,9330.0,9651.0,9158.0,9372.0,466785.0
2019-04-23 00:00:00+09:00,9415.0,9415.0,8880.0,9073.0,332587.0
2019-04-24 00:00:00+09:00,9201.0,9201.0,8923.0,8987.0,220452.0
2019-04-25 00:00:00+09:00,8987.0,9030.0,8698.0,8740.0,318069.0
2019-04-26 00:00:00+09:00,8677.0,8976.0,8580.0,8784.0,277918.0
2019-04-29 00:00:00+09:00,8784.0,9276.0,8784.0,9254.0,378227.0
2019-04-30 00:00:00+09:00,9222.0,9511.0,9158.0,9436.0,441953.0
2019-05-02 00:00:00+09:00,9415.0,9458.0,9019.0,9030.0,601814.0
2019-05-03 00:00:00+09:00,9041.0,9683.0,9008.0,9683.0,565056.0
2019-05-07 00:00:00+09:00,9479.0,9704.0,9319.0,9522.0,793063.0
2019-05-08 00:00:00+09:00,9308.0,9479.0,9158.0,9340.0,422811.0
2019-05-09 00:00:00+09:00,9394.0,9458.0,8827.0,9008.0,495671.0
2019-05-10 00:00:00+09:00,8987.0,9233.0,8901.0,9019.0,256399.0
2019-05-13 00:00:00+09:00,9019.0,9362.0,9019.0,9148.0,351353.0
2019-05-14 00:00:00+09:00,9030.0,9458.0,8997.0,9383.0,544836.0
2019-05-15 00:00:00+09:00,9929.0,10057.0,9501.0,9693.0,1386193.0
2019-05-16 00:00:00+09:00,9693.0,9789.0,9233.0,9308.0,533017.0
2019-05-17 00:00:00+09:00,9308.0,9436.0,8740.0,8933.0,733707.0
2019-05-20 00:00:00+09:00,8923.0,9030.0,8281.0,8580.0,742291.0
2019-05-21 00:00:00+09:00,8580.0,8997.0,8442.0,8891.0,657911.0
2019-05-22 00:00:00+09:00,9565.0,9993.0,9073.0,9244.0,2207181.0
2019-05-23 00:00:00+09:00,9394.0,9436.0,8923.0,9266.0,743666.0
2019-05-24 00:00:00+09:00,9148.0,9479.0,9094.0,9436.0,527261.0
2019-05-27 00:00:00+09:00,9405.0,9555.0,9298.0,9436.0,531273.0
2019-05-28 00:00:00+09:00,9436.0,9683.0,9222.0,9565.0,898510.0
2019-05-29 00:00:00+09:00,9448.0,9555.0,9051.0,9104.0,544947.0
2019-05-30 00:00:00+09:00,9180.0,9287.0,8794.0,8827.0,364663.0
2019-05-31 00:00:00+09:00,8784.0,9372.0,8784.0,9148.0,346203.0
2019-06-03 00:00:00+09:00,9051.0,9244.0,9019.0,9073.0,167866.0
2019-06-04 00:00:00+09:00,9019.0,9244.0,8933.0,8976.0,255332.0
2019-06-05 00:00:00+09:00,8997.0,9276.0,8976.0,8987.0,398133.0
2019-06-07 00:00:00+09:00,9041.0,9266.0,8965.0,9222.0,395002.0
2019-06-10 00:00:00+09:00,9330.0,9372.0,9180.0,9254.0,341178.0
2019-06-11 00:00:00+09:00,9254.0,9789.0,9254.0,9683.0,1101376.0
2019-06-12 00:00:00+09:00,9715.0,10014.0,9565.0,10014.0,965598.0
2019-06-13 00:00:00+09:00,9950.0,9993.0,9618.0,9704.0,2086724.0
2019-06-14 00:00:00+09:00,9747.0,9789.0,9362.0,9372.0,553895.0
2019-06-17 00:00:00+09:00,9372.0,9383.0,9061.0,9169.0,604947.0
2019-06-18 00:00:00+09:00,9084.0,9244.0,8548.0,8655.0,1064278.0
2019-06-19 00:00:00+09:00,8720.0,8773.0,8217.0,8463.0,848022.0
2019-06-20 00:00:00+09:00,8463.0,8773.0,8410.0,8687.0,443663.0
2019-06-21 00:00:00+09:00,8612.0,8730.0,8495.0,8548.0,224538.0
2019-06-24 00:00:00+09:00,8548.0,8624.0,8035.0,8195.0,512763.0
2019-06-25 00:00:00+09:00,8056.0,8153.0,7831.0,7896.0,527303.0
2019-06-26 00:00:00+09:00,7788.0,7960.0,7628.0,7702.0,489789.0
2019-06-27 00:00:00+09:00,7692.0,7788.0,6719.0,6911.0,1361639.0
2019-06-28 00:00:00+09:00,6901.0,7200.0,6890.0,7018.0,758451.0
2019-07-01 00:00:00+09:00,7211.0,7820.0,7061.0,7692.0,856999.0
2019-07-02 00:00:00+09:00,7596.0,7724.0,7125.0,7232.0,549061.0
2019-07-03 00:00:00+09:00,7211.0,7371.0,6815.0,6921.0,530867.0
2019-07-04 00:00:00+09:00,6858.0,7168.0,6590.0,6697.0,620195.0
2019-07-05 00:00:00+09:00,6687.0,7029.0,6654.0,7018.0,391297.0
2019-07-08 00:00:00+09:00,6911.0,6944.0,6184.0,6291.0,999476.0
2019-07-09 00:00:00+09:00,6387.0,6558.0,6269.0,6322.0,487106.0
2019-07-10 00:00:00+09:00,6312.0,6783.0,6312.0,6611.0,420414.0
2019-07-11 00:00:00+09:00,6740.0,6836.0,6590.0,6825.0,285959.0
2019-07-12 00:00:00+09:00,6848.0,6848.0,6569.0,6697.0,345935.0
2019-07-15 00:00:00+09:00,6623.0,6729.0,6430.0,6633.0,307584.0
2019-07-16 00:00:00+09:00,6611.0,7082.0,6558.0,6954.0,545587.0
2019-07-17 00:00:00+09:00,6954.0,6986.0,6783.0,6911.0,428290.0
2019-07-18 00:00:00+09:00,6794.0,7168.0,6687.0,6997.0,319342.0
2019-07-19 00:00:00+09:00,6997.0,7115.0,6933.0,7018.0,230688.0
2019-07-22 00:00:00+09:00,6944.0,7189.0,6921.0,7093.0,178183.0
2019-07-23 00:00:00+09:00,7382.0,7414.0,6761.0,6879.0,453101.0
2019-07-24 00:00:00+09:00,6805.0,6997.0,6783.0,6858.0,165110.0
2019-07-25 00:00:00+09:00,6783.0,7146.0,6761.0,6761.0,265692.0
2019-07-26 00:00:00+09:00,6708.0,6825.0,6515.0,6708.0,237996.0
2019-07-29 00:00:00+09:00,6676.0,6676.0,6301.0,6312.0,295118.0
2019-07-30 00:00:00+09:00,6418.0,6569.0,6269.0,6269.0,227752.0
2019-07-31 00:00:00+09:00,6226.0,6354.0,5777.0,6216.0,741462.0
2019-08-01 00:00:00+09:00,6097.0,6504.0,6097.0,6258.0,355775.0
2019-08-02 00:00:00+09:00,5991.0,6184.0,5841.0,5895.0,630491.0
2019-08-05 00:00:00+09:00,5820.0,5863.0,4696.0,4707.0,1534996.0
2019-08-06 00:00:00+09:00,4397.0,5113.0,4375.0,4642.0,1473195.0
2019-08-07 00:00:00+09:00,4792.0,5060.0,4782.0,5060.0,819854.0
2019-08-08 00:00:00+09:00,5060.0,5253.0,4975.0,5220.0,412737.0
2019-08-09 00:00:00+09:00,5209.0,5285.0,5071.0,5146.0,304836.0
2019-08-12 00:00:00+09:00,5306.0,5777.0,5135.0,5542.0,609993.0
2019-08-13 00:00:00+09:00,5520.0,5520.0,5071.0,5092.0,799510.0
2019-08-14 00:00:00+09:00,5242.0,5306.0,5124.0,5156.0,286690.0
2019-08-16 00:00:00+09:00,5071.0,5273.0,4921.0,5253.0,316781.0
2019-08-19 00:00:00+09:00,5296.0,5350.0,5156.0,5199.0,165036.0
2019-08-20 00:00:00+09:00,5220.0,5745.0,5167.0,5680.0,821200.0
2019-08-21 00:00:00+09:00,5563.0,5745.0,5520.0,5723.0,377639.0
2019-08-22 00:00:00+09:00,5734.0,5787.0,5595.0,5648.0,276642.0
2019-08-23 00:00:00+09:00,5542.0,5670.0,5478.0,5531.0,260954.0
2019-08-26 00:00:00+09:00,5263.0,5350.0,4996.0,5049.0,506375.0
2019-08-27 00:00:00+09:00,5156.0,5306.0,5113.0,5306.0,288870.0
2019-08-28 00:00:00+09:00,5767.0,6890.0,5638.0,6890.0,5248438.0
2019-08-29 00:00:00+09:00,6815.0,7329.0,6590.0,6794.0,2780811.0
2019-08-30 00:00:00+09:00,6921.0,7008.0,6537.0,6654.0,1405773.0
2019-09-02 00:00:00+09:00,6665.0,7157.0,6558.0,6954.0,1448544.0
2019-09-03 00:00:00+09:00,7008.0,7285.0,6890.0,6965.0,1121090.0
2019-09-04 00:00:00+09:00,6944.0,7382.0,6794.0,7382.0,998834.0
2019-09-05 00:00:00+09:00,7414.0,7425.0,7104.0,7211.0,659201.0
2019-09-06 00:00:00+09:00,7275.0,7339.0,7050.0,7168.0,347480.0
2019-09-09 00:00:00+09:00,7275.0,7596.0,7157.0,7200.0,947382.0
2019-09-10 00:00:00+09:00,7125.0,7296.0,6890.0,6944.0,534012.0
2019-09-11 00:00:00+09:00,6944.0,7146.0,6879.0,7040.0,333489.0
2019-09-16 00:00:00+09:00,7061.0,7382.0,6848.0,7371.0,664582.0
2019-09-17 00:00:00+09:00,7307.0,7960.0,7254.0,7831.0,1173109.0
2019-09-18 00:00:00+09:00,7874.0,7960.0,7563.0,7596.0,545975.0
2019-09-19 00:00:00+09:00,7596.0,7896.0,7575.0,7724.0,467388.0
2019-09-20 00:00:00+09:00,7671.0,7874.0,7618.0,7682.0,304376.0
2019-09-23 00:00:00+09:00,7692.0,7692.0,7403.0,7403.0,508763.0
2019-09-24 00:00:00+09:00,7061.0,7724.0,7050.0,7457.0,650415.0
2019-09-25 00:00:00+09:00,7382.0,7606.0,7242.0,7329.0,455218.0
2019-09-26 00:00:00+09:00,7403.0,7799.0,7393.0,7479.0,673217.0
2019-09-27 00:00:00+09:00,7553.0,7767.0,6954.0,7403.0,501546.0
2019-09-30 00:00:00+09:00,7532.0,7586.0,7146.0,7329.0,385782.0
2019-10-01 00:00:00+09:00,7403.0,7993.0,7329.0,7981.0,1210954.0
2019-10-02 00:00:00+09:00,7916.0,8185.0,7756.0,8003.0,906427.0
2019-10-04 00:00:00+09:00,8003.0,8227.0,7928.0,8099.0,635013.0
2019-10-07 00:00:00+09:00,8303.0,8580.0,8185.0,8410.0,1246258.0
2019-10-08 00:00:00+09:00,8410.0,8410.0,8056.0,8089.0,891242.0
2019-10-10 00:00:00+09:00,8046.0,8377.0,8046.0,8195.0,585199.0
2019-10-11 00:00:00+09:00,8227.0,8260.0,8066.0,8089.0,369165.0
2019-10-14 00:00:00+09:00,8227.0,8345.0,8056.0,8345.0,426320.0
2019-10-15 00:00:00+09:00,8367.0,9608.0,8323.0,8997.0,1897732.0
2019-10-16 00:00:00+09:00,8987.0,9137.0,8859.0,9073.0,474330.0
2019-10-17 00:00:00+09:00,9073.0,9405.0,8869.0,9158.0,754157.0
2019-10-18 00:00:00+09:00,9137.0,9212.0,8965.0,9061.0,414045.0
2019-10-21 00:00:00+09:00,8997.0,9254.0,8933.0,8987.0,501719.0
2019-10-22 00:00:00+09:00,8912.0,9148.0,8709.0,8784.0,885369.0
2019-10-23 00:00:00+09:00,8901.0,9254.0,8848.0,8997.0,891235.0
2019-10-24 00:00:00+09:00,9137.0,9148.0,8709.0,8923.0,626424.0
2019-10-25 00:00:00+09:00,8837.0,8997.0,8794.0,8837.0,397178.0
2019-10-28 00:00:00+09:00,8848.0,9555.0,8848.0,9394.0,1006310.0
2019-10-29 00:00:00+09:00,9501.0,9555.0,9319.0,9351.0,438097.0
2019-10-30 00:00:00+09:00,9319.0,9426.0,9030.0,9287.0,539312.0
2019-10-31 00:00:00+09:00,9308.0,9683.0,9180.0,9222.0,722044.0
2019-11-01 00:00:00+09:00,9180.0,9587.0,9158.0,9522.0,592759.0
2019-11-04 00:00:00+09:00,9618.0,9725.0,9511.0,9522.0,503287.0
2019-11-05 00:00:00+09:00,9565.0,10239.0,9468.0,10057.0,936536.0
2019-11-06 00:00:00+09:00,10057.0,10164.0,9843.0,9908.0,580356.0
2019-11-07 00:00:00+09:00,9832.0,10239.0,9832.0,10079.0,526013.0
2019-11-08 00:00:00+09:00,10089.0,10689.0,9961.0,10667.0,1135291.0
2019-11-11 00:00:00+09:00,10763.0,11063.0,10527.0,10667.0,704911.0
2019-11-12 00:00:00+09:00,10689.0,10913.0,10539.0,10689.0,455922.0
2019-11-13 00:00:00+09:00,10763.0,10785.0,9843.0,9939.0,993364.0
2019-11-14 00:00:00+09:00,9939.0,10463.0,9715.0,10218.0,668987.0
2019-11-15 00:00:00+09:00,10282.0,10325.0,10121.0,10121.0,537862.0
2019-11-18 00:00:00+09:00,10132.0,10892.0,10004.0,10624.0,1032659.0
2019-11-19 00:00:00+09:00,10559.0,10678.0,10239.0,10271.0,715970.0
2019-11-20 00:00:00+09:00,10292.0,10399.0,9244.0,9372.0,1805392.0
2019-11-21 00:00:00+09:00,9468.0,9789.0,9222.0,9426.0,764561.0
2019-11-22 00:00:00+09:00,9426.0,9565.0,8987.0,9137.0,783081.0
2019-11-25 00:00:00+09:00,9340.0,10934.0,9340.0,10636.0,2734512.0
2019-11-26 00:00:00+09:00,10828.0,10828.0,10378.0,10603.0,953446.0
2019-11-27 00:00:00+09:00,10559.0,10582.0,10014.0,10314.0,957864.0
2019-11-28 00:00:00+09:00,10271.0,10624.0,10079.0,10079.0,662445.0
2019-11-29 00:00:00+09:00,9918.0,10763.0,9918.0,10678.0,1218739.0
2019-12-02 00:00:00+09:00,13867.0,13867.0,13867.0,13867.0,577025.0
2019-12-03 00:00:00+09:00,15642.0,16520.0,13781.0,14187.0,18327196.0
2019-12-04 00:00:00+09:00,13974.0,14915.0,13481.0,14187.0,5909694.0
2019-12-05 00:00:00+09:00,14145.0,14294.0,12604.0,12625.0,4206595.0
2019-12-06 00:00:00+09:00,12647.0,13160.0,12005.0,12454.0,3280475.0
2019-12-09 00:00:00+09:00,12604.0,12625.0,11727.0,12198.0,2236253.0
2019-12-10 00:00:00+09:00,12283.0,12582.0,12026.0,12283.0,2060366.0
2019-12-11 00:00:00+09:00,12261.0,12326.0,11576.0,11662.0,1683698.0
2019-12-12 00:00:00+09:00,11854.0,13096.0,11727.0,12198.0,5368825.0
2019-12-13 00:00:00+09:00,12283.0,12561.0,12091.0,12326.0,1475506.0
2019-12-16 00:00:00+09:00,12368.0,12689.0,12218.0,12497.0,1395949.0
2019-12-17 00:00:00+09:00,12647.0,13032.0,12475.0,12989.0,2202421.0
2019-12-18 00:00:00+09:00,13032.0,14315.0,12604.0,12732.0,4923150.0
2019-12-19 00:00:00+09:00,12796.0,12818.0,12005.0,12133.0,1569027.0
2019-12-20 00:00:00+09:00,12198.0,12561.0,12026.0,12326.0,1233373.0
2019-12-23 00:00:00+09:00,12454.0,13010.0,12347.0,12432.0,2307663.0
2019-12-24 00:00:00+09:00,12497.0,12647.0,12304.0,12412.0,1193950.0
2019-12-26 00:00:00+09:00,12497.0,13246.0,12347.0,13203.0,2804385.0
2019-12-27 00:00:00+09:00,13481.0,13994.0,13332.0,13588.0,2398319.0
2019-12-30 00:00:00+09:00,13696.0,14872.0,13588.0,14315.0,2872507.0
2020-01-02 00:00:00+09:00,14616.0,15043.0,14294.0,14937.0,1611617.0
2020-01-03 00:00:00+09:00,14872.0,14915.0,14166.0,14423.0,1618352.0
2020-01-06 00:00:00+09:00,13909.0,13952.0,13417.0,13460.0,2064830.0
2020-01-07 00:00:00+09:00,13653.0,13974.0,13588.0,13845.0,951702.0
2020-01-08 00:00:00+09:00,13653.0,13696.0,12711.0,12989.0,2692415.0
2020-01-09 00:00:00+09:00,13653.0,13802.0,13460.0,13717.0,1056976.0
2020-01-10 00:00:00+09:00,13845.0,14594.0,13588.0,14231.0,1363427.0
2020-01-13 00:00:00+09:00,14251.0,14658.0,14037.0,14508.0,869280.0
2020-01-14 00:00:00+09:00,14594.0,14594.0,13673.0,13802.0,1328349.0
2020-01-15 00:00:00+09:00,13845.0,14080.0,13653.0,13845.0,599484.0
2020-01-16 00:00:00+09:00,13760.0,14017.0,13460.0,13653.0,854937.0
2020-01-17 00:00:00+09:00,13760.0,14765.0,13588.0,14080.0,1798296.0
2020-01-20 00:00:00+09:00,14145.0,14145.0,13673.0,13673.0,871643.0
2020-01-21 00:00:00+09:00,13524.0,13653.0,13053.0,13182.0,1226950.0
2020-01-22 00:00:00+09:00,13182.0,13696.0,13160.0,13417.0,656321.0
2020-01-23 00:00:00+09:00,13375.0,13631.0,13246.0,13503.0,669994.0
2020-01-28 00:00:00+09:00,12946.0,13203.0,12839.0,13053.0,894593.0
2020-01-29 00:00:00+09:00,13246.0,14530.0,13139.0,13974.0,1669491.0
2020-01-30 00:00:00+09:00,13696.0,14358.0,13696.0,13930.0,1105860.0
2020-01-31 00:00:00+09:00,13738.0,14294.0,13439.0,13653.0,1015565.0
2020-02-03 00:00:00+09:00,13353.0,14123.0,13160.0,14037.0,1075119.0
2020-02-04 00:00:00+09:00,14102.0,14722.0,14059.0,14466.0,1205949.0
2020-02-05 00:00:00+09:00,14701.0,17184.0,14358.0,17184.0,6117042.0
2020-02-06 00:00:00+09:00,17655.0,18039.0,16948.0,17612.0,3820531.0
2020-02-07 00:00:00+09:00,17376.0,21657.0,17291.0,19430.0,12046763.0
2020-02-10 00:00:00+09:00,19581.0,19773.0,18618.0,18618.0,2664492.0
2020-02-11 00:00:00+09:00,18618.0,20073.0,18489.0,19324.0,3215736.0
2020-02-12 00:00:00+09:00,19067.0,19880.0,18917.0,19238.0,1820027.0
2020-02-13 00:00:00+09:00,19452.0,19666.0,18618.0,18660.0,1510001.0
2020-02-14 00:00:00+09:00,18725.0,21121.0,18725.0,21079.0,7035272.0
2020-02-17 00:00:00+09:00,21378.0,21593.0,20436.0,20758.0,2596975.0
2020-02-18 00:00:00+09:00,20544.0,21229.0,20180.0,20842.0,1692448.0
2020-02-19 00:00:00+09:00,20842.0,21229.0,20415.0,21079.0,1274980.0
2020-02-20 00:00:00+09:00,20950.0,22148.0,20865.0,21870.0,2258697.0
2020-02-21 00:00:00+09:00,21485.0,21807.0,21079.0,21079.0,1444952.0
2020-02-24 00:00:00+09:00,20115.0,20950.0,19794.0,19838.0,1694858.0
2020-02-25 00:00:00+09:00,19859.0,21827.0,19794.0,21721.0,2738167.0
2020-02-26 00:00:00+09:00,21186.0,21613.0,20458.0,20779.0,2204901.0
2020-02-27 00:00:00+09:00,20650.0,21272.0,19280.0,19816.0,2052719.0
2020-02-28 00:00:00+09:00,19559.0,20073.0,18360.0,18510.0,2434238.0
2020-03-02 00:00:00+09:00,18725.0,19367.0,18339.0,19046.0,2000091.0
2020-03-03 00:00:00+09:00,19838.0,20201.0,18874.0,18960.0,1595286.0
2020-03-04 00:00:00+09:00,18917.0,20586.0,18853.0,20501.0,1933008.0
2020-03-05 00:00:00+09:00,20865.0,21207.0,20073.0,20865.0,1759722.0
2020-03-06 00:00:00+09:00,20458.0,20758.0,19601.0,19966.0,1464511.0
2020-03-09 00:00:00+09:00,19238.0,19838.0,18917.0,19195.0,1549091.0
2020-03-10 00:00:00+09:00,19088.0,19624.0,18639.0,19473.0,1593880.0
2020-03-11 00:00:00+09:00,19473.0,19644.0,17098.0,17740.0,2342255.0
2020-03-12 00:00:00+09:00,17376.0,18103.0,16242.0,16884.0,2865173.0
2020-03-13 00:00:00+09:00,15600.0,16349.0,13289.0,14894.0,5147646.0
2020-03-16 00:00:00+09:00,15407.0,16627.0,14358.0,14358.0,3841708.0
2020-03-17 00:00:00+09:00,13481.0,15963.0,13460.0,15579.0,4271536.0
2020-03-18 00:00:00+09:00,15749.0,16114.0,14145.0,14145.0,2805220.0
2020-03-19 00:00:00+09:00,15086.0,15215.0,11791.0,12604.0,4437074.0
2020-03-20 00:00:00+09:00,13332.0,13909.0,12518.0,13417.0,3655015.0
2020-03-23 00:00:00+09:00,12454.0,13673.0,12198.0,13053.0,2523762.0
2020-03-24 00:00:00+09:00,13738.0,16413.0,13439.0,15793.0,6367763.0
2020-03-25 00:00:00+09:00,16777.0,17012.0,15472.0,16242.0,3552641.0
2020-03-26 00:00:00+09:00,16050.0,16499.0,15450.0,15621.0,2430703.0
2020-03-27 00:00:00+09:00,16156.0,16970.0,14915.0,15472.0,3213214.0
2020-03-30 00:00:00+09:00,15065.0,16756.0,14872.0,16456.0,2113255.0
2020-03-31 00:00:00+09:00,16970.0,17740.0,16648.0,17548.0,2351492.0
2020-04-01 00:00:00+09:00,17548.0,18254.0,16499.0,16499.0,1795676.0
2020-04-02 00:00:00+09:00,16841.0,17184.0,16178.0,17077.0,1405074.0
2020-04-03 00:00:00+09:00,17398.0,17762.0,16734.0,17205.0,1452519.0
2020-04-06 00:00:00+09:00,17205.0,17825.0,17184.0,17825.0,1197617.0
2020-04-07 00:00:00+09:00,18039.0,19794.0,17997.0,19516.0,3507889.0
2020-04-08 00:00:00+09:00,19516.0,19730.0,19046.0,19303.0,1053876.0
2020-04-09 00:00:00+09:00,19794.0,20501.0,19217.0,19324.0,1363136.0
2020-04-10 00:00:00+09:00,19452.0,19816.0,18639.0,19280.0,990774.0
2020-04-13 00:00:00+09:00,19152.0,19367.0,18360.0,18360.0,926054.0
2020-04-14 00:00:00+09:00,18489.0,19280.0,18446.0,18853.0,770015.0
2020-04-16 00:00:00+09:00,18553.0,19751.0,18533.0,19687.0,941695.0
2020-04-17 00:00:00+09:00,20030.0,20115.0,19537.0,19773.0,614409.0
2020-04-20 00:00:00+09:00,19709.0,19988.0,19495.0,19601.0,459005.0
2020-04-21 00:00:00+09:00,19473.0,20352.0,18853.0,20030.0,1863896.0
2020-04-22 00:00:00+09:00,19751.0,19988.0,19430.0,19923.0,758376.0
2020-04-23 00:00:00+09:00,19966.0,21121.0,19624.0,20950.0,1543864.0
2020-04-24 00:00:00+09:00,20758.0,21164.0,20051.0,20073.0,990189.0
2020-04-27 00:00:00+09:00,20372.0,20458.0,20095.0,20244.0,470416.0
2020-04-28 00:00:00+09:00,20394.0,20394.0,19751.0,19794.0,655761.0
2020-04-29 00:00:00+09:00,19838.0,20650.0,19794.0,20158.0,636893.0
2020-05-04 00:00:00+09:00,20544.0,26108.0,20415.0,25466.0,7581740.0
2020-05-06 00:00:00+09:00,26129.0,30281.0,25722.0,26793.0,8797176.0
2020-05-07 00:00:00+09:00,26921.0,30024.0,26814.0,29532.0,4604055.0
2020-05-08 00:00:00+09:00,29767.0,31886.0,29553.0,31030.0,3764305.0
2020-05-11 00:00:00+09:00,31458.0,38905.0,31158.0,36038.0,7517395.0
2020-05-12 00:00:00+09:00,36166.0,37300.0,33705.0,36958.0,2911725.0
2020-05-13 00:00:00+09:00,35824.0,42115.0,35374.0,39013.0,4595803.0
2020-05-14 00:00:00+09:00,39590.0,40340.0,37579.0,38499.0,1818645.0
2020-05-15 00:00:00+09:00,38028.0,40639.0,37728.0,39034.0,1738952.0
2020-05-18 00:00:00+09:00,39719.0,40190.0,38092.0,38092.0,916464.0
2020-05-19 00:00:00+09:00,38885.0,42565.0,36829.0,42266.0,4307495.0
2020-05-20 00:00:00+09:00,41303.0,42159.0,39911.0,39911.0,1526291.0
2020-05-21 00:00:00+09:00,39890.0,40810.0,39334.0,40467.0,950378.0
2020-05-22 00:00:00+09:00,40425.0,43871.0,40275.0,42159.0,2532211.0
2020-05-25 00:00:00+09:00,42309.0,43849.0,41945.0,43485.0,1169499.0
2020-05-26 00:00:00+09:00,43614.0,43999.0,42115.0,43100.0,775871.0
2020-05-27 00:00:00+09:00,43871.0,50526.0,43614.0,47145.0,2467242.0
2020-05-28 00:00:00+09:00,48793.0,49221.0,46546.0,48536.0,916438.0
2020-05-29 00:00:00+09:00,48835.0,52409.0,47529.0,51724.0,1252034.0
2020-06-01 00:00:00+09:00,52902.0,57353.0,52880.0,54913.0,1690355.0
2020-06-02 00:00:00+09:00,55213.0,55619.0,51747.0,55105.0,685509.0
2020-06-03 00:00:00+09:00,54571.0,54956.0,38735.0,41495.0,4205717.0
2020-06-04 00:00:00+09:00,47423.0,49456.0,42822.0,46503.0,5060649.0
2020-06-05 00:00:00+09:00,46503.0,53501.0,46503.0,52153.0,2931839.0
2020-06-08 00:00:00+09:00,54507.0,54507.0,52431.0,53800.0,914087.0
2020-06-09 00:00:00+09:00,53715.0,53715.0,48643.0,51104.0,2191957.0
2020-06-10 00:00:00+09:00,50719.0,50719.0,48365.0,49306.0,1120282.0
2020-06-11 00:00:00+09:00,49221.0,50612.0,47295.0,49007.0,1268347.0
2020-06-12 00:00:00+09:00,45369.0,52110.0,44940.0,50612.0,1777058.0
2020-06-15 00:00:00+09:00,50098.0,51040.0,46182.0,46438.0,1041012.0
2020-06-16 00:00:00+09:00,48578.0,50526.0,47894.0,49948.0,856349.0
2020-06-17 00:00:00+09:00,49884.0,51789.0,48043.0,50655.0,1087711.0
2020-06-18 00:00:00+09:00,51446.0,56583.0,51425.0,55641.0,2340231.0
2020-06-19 00:00:00+09:00,57995.0,59279.0,54143.0,57139.0,1480719.0
2020-06-22 00:00:00+09:00,57139.0,73446.0,56326.0,71778.0,4383900.0
2020-06-23 00:00:00+09:00,73875.0,75694.0,67839.0,70621.0,3053050.0
2020-06-24 00:00:00+09:00,70407.0,81322.0,57781.0,60820.0,9149959.0
2020-06-25 00:00:00+09:00,63752.0,64180.0,55856.0,60563.0,4990362.0
2020-06-26 00:00:00+09:00,61612.0,62489.0,59214.0,60777.0,1834074.0
2020-06-29 00:00:00+09:00,59237.0,60050.0,54378.0,55727.0,2604957.0
2020-06-30 00:00:00+09:00,56497.0,58423.0,54143.0,57032.0,1717961.0
2020-07-01 00:00:00+09:00,57374.0,57952.0,54357.0,54592.0,947681.0
2020-07-02 00:00:00+09:00,54335.0,55876.0,50334.0,52773.0,2095618.0
2020-07-03 00:00:00+09:00,53501.0,55641.0,51147.0,55619.0,1700957.0
2020-07-06 00:00:00+09:00,56710.0,58723.0,56005.0,58637.0,1477631.0
2020-07-07 00:00:00+09:00,59729.0,64672.0,57824.0,60135.0,4531302.0
2020-07-08 00:00:00+09:00,60777.0,63666.0,58659.0,62724.0,1752173.0
2020-07-09 00:00:00+09:00,63452.0,63945.0,61847.0,62896.0,940757.0
2020-07-10 00:00:00+09:00,62383.0,63131.0,61099.0,62896.0,887163.0
2020-07-13 00:00:00+09:00,62768.0,62768.0,60799.0,60799.0,669360.0
2020-07-14 00:00:00+09:00,59729.0,61826.0,59407.0,60862.0,670203.0
2020-07-15 00:00:00+09:00,61077.0,61868.0,60028.0,61590.0,546613.0
2020-07-16 00:00:00+09:00,61954.0,62061.0,60906.0,61526.0,410359.0
2020-07-17 00:00:00+09:00,61569.0,61868.0,61141.0,61248.0,341155.0
2020-07-20 00:00:00+09:00,61248.0,61783.0,60414.0,61099.0,468557.0
2020-07-21 00:00:00+09:00,61099.0,65036.0,60885.0,64116.0,1457328.0
2020-07-22 00:00:00+09:00,64629.0,70001.0,63345.0,66063.0,2313342.0
2020-07-23 00:00:00+09:00,68588.0,83136.0,67604.0,79156.0,3239475.0
2020-07-24 00:00:00+09:00,77958.0,81938.0,74877.0,75862.0,1088375.0
2020-07-27 00:00:00+09:00,75734.0,77488.0,72867.0,74450.0,547936.0
2020-07-28 00:00:00+09:00,74664.0,75391.0,73380.0,74920.0,389640.0
2020-07-29 00:00:00+09:00,74536.0,74835.0,73294.0,73294.0,279927.0
2020-07-30 00:00:00+09:00,73294.0,75948.0,72824.0,74621.0,318258.0
2020-07-31 00:00:00+09:00,74621.0,85061.0,73851.0,81381.0,1667692.0
2020-08-03 00:00:00+09:00,83436.0,85275.0,79969.0,81125.0,735712.0
2020-08-04 00:00:00+09:00,82579.0,87500.0,81552.0,82451.0,940658.0
2020-08-05 00:00:00+09:00,84505.0,84848.0,82879.0,83564.0,337992.0
2020-08-06 00:00:00+09:00,84291.0,84462.0,82237.0,83350.0,318670.0
2020-08-07 00:00:00+09:00,83606.0,88570.0,82964.0,85575.0,889717.0
2020-08-10 00:00:00+09:00,86088.0,86473.0,84762.0,84762.0,320301.0
2020-08-11 00:00:00+09:00,84719.0,85532.0,81681.0,81981.0,466716.0
2020-08-12 00:00:00+09:00,81767.0,81809.0,77744.0,81296.0,558680.0
2020-08-13 00:00:00+09:00,79585.0,83007.0,78386.0,80312.0,1267419.0
2020-08-14 00:00:00+09:00,81082.0,81082.0,73551.0,74065.0,1212090.0
2020-08-18 00:00:00+09:00,73124.0,76289.0,68887.0,71241.0,1086022.0
2020-08-19 00:00:00+09:00,72140.0,74065.0,70384.0,72738.0,702742.0
2020-08-20 00:00:00+09:00,72610.0,74450.0,70043.0,70985.0,725998.0
2020-08-21 00:00:00+09:00,71583.0,73038.0,69486.0,71498.0,589147.0
2020-08-24 00:00:00+09:00,72397.0,80740.0,72140.0,78600.0,1503357.0
2020-08-25 00:00:00+09:00,79499.0,80654.0,78215.0,79969.0,675011.0
2020-08-26 00:00:00+09:00,80355.0,81211.0,79156.0,80312.0,656472.0
2020-08-27 00:00:00+09:00,80483.0,81424.0,77573.0,78386.0,547781.0
2020-08-28 00:00:00+09:00,78429.0,82066.0,78386.0,78771.0,878665.0
2020-08-31 00:00:00+09:00,80226.0,89425.0,79969.0,89425.0,4320823.0
2020-09-01 00:00:00+09:00,86944.0,88912.0,85146.0,87543.0,947992.0
2020-09-02 00:00:00+09:00,88698.0,97555.0,87629.0,95373.0,1788422.0
2020-09-03 00:00:00+09:00,94774.0,96571.0,92892.0,95544.0,538892.0
2020-09-04 00:00:00+09:00,89854.0,93619.0,89854.0,91651.0,748403.0
2020-09-07 00:00:00+09:00,91651.0,92421.0,90152.0,91821.0,552906.0
2020-09-08 00:00:00+09:00,92892.0,95117.0,89298.0,89298.0,550579.0
2020-09-09 00:00:00+09:00,88142.0,88827.0,85361.0,85703.0,485566.0
2020-09-10 00:00:00+09:00,89854.0,89854.0,85960.0,86858.0,385095.0
2020-09-11 00:00:00+09:00,86858.0,88484.0,84976.0,86644.0,350918.0
2020-09-14 00:00:00+09:00,87286.0,87928.0,85403.0,86302.0,264343.0
2020-09-15 00:00:00+09:00,86944.0,91693.0,86003.0,90666.0,585019.0
2020-09-16 00:00:00+09:00,91094.0,92892.0,89982.0,92078.0,381905.0
2020-09-17 00:00:00+09:00,92121.0,93191.0,87629.0,87672.0,415392.0
2020-09-18 00:00:00+09:00,87457.0,89468.0,85788.0,87372.0,741800.0
2020-09-21 00:00:00+09:00,87415.0,87885.0,81724.0,82237.0,521694.0
2020-09-22 00:00:00+09:00,80868.0,83863.0,78301.0,79456.0,551176.0
2020-09-23 00:00:00+09:00,80782.0,80868.0,75349.0,77017.0,593162.0
2020-09-24 00:00:00+09:00,74877.0,76076.0,69700.0,70556.0,806097.0
2020-09-25 00:00:00+09:00,71027.0,74322.0,70384.0,71712.0,600138.0
2020-09-28 00:00:00+09:00,72567.0,78686.0,72310.0,76161.0,525205.0
2020-09-29 00:00:00+09:00,78215.0,78471.0,75519.0,77146.0,362698.0
2020-10-05 00:00:00+09:00,78728.0,78728.0,76247.0,77445.0,331418.0
2020-10-06 00:00:00+09:00,79242.0,81510.0,78686.0,79713.0,321034.0
2020-10-07 00:00:00+09:00,79199.0,79585.0,77830.0,78514.0,241801.0
2020-10-08 00:00:00+09:00,78728.0,79370.0,76289.0,77488.0,318678.0
2020-10-12 00:00:00+09:00,77573.0,78215.0,76461.0,77017.0,187626.0
2020-10-13 00:00:00+09:00,77146.0,79799.0,77017.0,78643.0,358661.0
2020-10-14 00:00:00+09:00,78643.0,78643.0,76076.0,76803.0,244213.0
2020-10-15 00:00:00+09:00,76247.0,76247.0,71839.0,72738.0,467840.0
2020-10-16 00:00:00+09:00,72695.0,74022.0,71883.0,72738.0,271487.0
2020-10-19 00:00:00+09:00,72738.0,72910.0,69059.0,69743.0,340995.0
2020-10-20 00:00:00+09:00,67946.0,70471.0,65722.0,70171.0,635858.0
2020-10-21 00:00:00+09:00,71369.0,71369.0,67861.0,70214.0,338594.0
2020-10-22 00:00:00+09:00,69486.0,69486.0,66449.0,66619.0,368715.0
2020-10-23 00:00:00+09:00,66320.0,69444.0,66320.0,68545.0,400475.0
2020-10-26 00:00:00+09:00,68545.0,68674.0,63154.0,63368.0,637748.0
2020-10-27 00:00:00+09:00,62084.0,67090.0,61100.0,64951.0,667342.0
2020-10-28 00:00:00+09:00,65037.0,73936.0,64994.0,71540.0,881354.0
2020-10-29 00:00:00+09:00,69700.0,71968.0,68459.0,71839.0,474243.0
2020-10-30 00:00:00+09:00,71027.0,71283.0,67518.0,67732.0,384235.0
2020-11-02 00:00:00+09:00,67818.0,69229.0,65892.0,67775.0,244532.0
2020-11-03 00:00:00+09:00,68459.0,71112.0,68245.0,69871.0,358990.0
2020-11-04 00:00:00+09:00,71112.0,75948.0,70171.0,75605.0,1040576.0
2020-11-05 00:00:00+09:00,74920.0,76718.0,72011.0,74150.0,675206.0
2020-11-06 00:00:00+09:00,74150.0,74877.0,71155.0,71455.0,477162.0
2020-11-09 00:00:00+09:00,71839.0,73465.0,71797.0,72268.0,330480.0
2020-11-10 00:00:00+09:00,72353.0,72524.0,68288.0,68374.0,486666.0
2020-11-11 00:00:00+09:00,67390.0,68032.0,64608.0,66320.0,527706.0
2020-11-12 00:00:00+09:00,67604.0,69572.0,66876.0,67775.0,340850.0
2020-11-13 00:00:00+09:00,67818.0,69358.0,65978.0,68759.0,256601.0
2020-11-16 00:00:00+09:00,69101.0,69530.0,67732.0,68459.0,226788.0
2020-11-17 00:00:00+09:00,67390.0,70856.0,66962.0,70342.0,353700.0
2020-11-18 00:00:00+09:00,70684.0,71155.0,69615.0,70813.0,231333.0
2020-11-19 00:00:00+09:00,71069.0,71540.0,69016.0,70599.0,310548.0
2020-11-20 00:00:00+09:00,69743.0,73765.0,69743.0,73038.0,437550.0
2020-11-23 00:00:00+09:00,73936.0,74835.0,72053.0,72310.0,348290.0
2020-11-24 00:00:00+09:00,73124.0,73124.0,69615.0,70257.0,385713.0
2020-11-25 00:00:00+09:00,70257.0,71369.0,68074.0,68288.0,398441.0
2020-11-26 00:00:00+09:00,68374.0,69957.0,67432.0,69914.0,430546.0
2020-11-27 00:00:00+09:00,69700.0,71198.0,69016.0,70342.0,293561.0
2020-11-30 00:00:00+09:00,70384.0,70427.0,68245.0,68759.0,561092.0
2020-12-01 00:00:00+09:00,70171.0,75862.0,69273.0,74664.0,1327368.0
2020-12-02 00:00:00+09:00,74022.0,74877.0,71112.0,73251.0,673740.0
2020-12-03 00:00:00+09:00,73081.0,74022.0,71326.0,72910.0,419438.0
2020-12-04 00:00:00+09:00,72910.0,73637.0,71498.0,71712.0,356826.0
2020-12-07 00:00:00+09:00,71069.0,75605.0,71027.0,74579.0,832779.0
2020-12-08 00:00:00+09:00,75647.0,77188.0,72867.0,73038.0,835459.0
2020-12-09 00:00:00+09:00,73551.0,74193.0,72310.0,73038.0,352007.0
2020-12-10 00:00:00+09:00,72653.0,74236.0,72310.0,73936.0,358005.0
2020-12-11 00:00:00+09:00,75306.0,76461.0,73808.0,74877.0,645150.0
2020-12-14 00:00:00+09:00,75391.0,77403.0,73465.0,75734.0,721073.0
2020-12-15 00:00:00+09:00,78044.0,78044.0,74150.0,75734.0,691975.0
2020-12-16 00:00:00+09:00,76076.0,77188.0,74963.0,76076.0,346456.0
2020-12-17 00:00:00+09:00,76033.0,76033.0,74792.0,74877.0,456755.0
2020-12-18 00:00:00+09:00,74536.0,74621.0,72695.0,72995.0,607851.0
2020-12-21 00:00:00+09:00,72910.0,72910.0,70599.0,71455.0,727284.0
2020-12-22 00:00:00+09:00,71455.0,71797.0,67904.0,68118.0,943194.0
2020-12-23 00:00:00+09:00,67904.0,68887.0,64053.0,64352.0,1345786.0
2020-12-24 00:00:00+09:00,65037.0,68032.0,64095.0,67005.0,1884321.0
2020-12-28 00:00:00+09:00,68459.0,69786.0,64566.0,65037.0,3150796.0
2020-12-29 00:00:00+09:00,70300.0,75991.0,68588.0,75819.0,3383413.0
2020-12-30 00:00:00+09:00,75562.0,77616.0,75519.0,76889.0,1110887.0
2021-01-04 00:00:00+09:00,77102.0,77359.0,72738.0,73808.0,1025041.0
2021-01-05 00:00:00+09:00,73808.0,74150.0,71069.0,72096.0,762938.0
2021-01-06 00:00:00+09:00,72182.0,72867.0,70641.0,71241.0,493972.0
2021-01-07 00:00:00+09:00,71198.0,80483.0,70384.0,71455.0,1563826.0
2021-01-08 00:00:00+09:00,74322.0,74322.0,68245.0,68631.0,1175546.0
2021-01-11 00:00:00+09:00,68588.0,69401.0,65722.0,66748.0,808352.0
2021-01-12 00:00:00+09:00,66363.0,67775.0,65507.0,65593.0,404381.0
2021-01-13 00:00:00+09:00,65593.0,66492.0,64480.0,65037.0,413065.0
2021-01-14 00:00:00+09:00,65722.0,66577.0,64737.0,65208.0,268526.0
2021-01-15 00:00:00+09:00,65850.0,65850.0,63838.0,64480.0,394993.0
2021-01-18 00:00:00+09:00,63411.0,63752.0,60501.0,61486.0,624623.0
2021-01-19 00:00:00+09:00,61100.0,64737.0,59260.0,63966.0,631899.0
2021-01-20 00:00:00+09:00,64395.0,66876.0,63881.0,66106.0,477095.0
2021-01-21 00:00:00+09:00,66449.0,66663.0,63924.0,64223.0,264178.0
2021-01-22 00:00:00+09:00,64310.0,64310.0,62683.0,62898.0,257840.0
2021-01-25 00:00:00+09:00,62855.0,66663.0,62127.0,65764.0,409209.0
2021-01-26 00:00:00+09:00,67133.0,67432.0,63838.0,64310.0,327102.0
2021-01-27 00:00:00+09:00,64523.0,64523.0,62940.0,62940.0,219630.0
2021-01-28 00:00:00+09:00,61613.0,62255.0,60330.0,60372.0,344494.0
2021-01-29 00:00:00+09:00,60544.0,62341.0,56479.0,56950.0,541872.0
2021-02-01 00:00:00+09:00,56821.0,61827.0,56693.0,61399.0,468091.0
2021-02-02 00:00:00+09:00,61443.0,62469.0,59902.0,61357.0,217718.0
2021-02-03 00:00:00+09:00,61399.0,61486.0,59688.0,60544.0,199397.0
2021-02-04 00:00:00+09:00,59859.0,59902.0,58105.0,59474.0,272071.0
2021-02-05 00:00:00+09:00,59902.0,63025.0,59859.0,61186.0,388880.0
2021-02-08 00:00:00+09:00,60972.0,62041.0,59988.0,60115.0,161815.0
2021-02-09 00:00:00+09:00,61956.0,62683.0,60201.0,61271.0,290878.0
2021-02-10 00:00:00+09:00,61486.0,61913.0,60287.0,61229.0,117568.0
2021-02-15 00:00:00+09:00,61314.0,62255.0,60629.0,61999.0,156326.0
2021-02-16 00:00:00+09:00,61870.0,61999.0,60415.0,60501.0,202647.0
2021-02-17 00:00:00+09:00,59988.0,60544.0,59175.0,60458.0,199892.0
2021-02-18 00:00:00+09:00,59988.0,60115.0,59132.0,59132.0,177203.0
2021-02-19 00:00:00+09:00,58703.0,58960.0,56907.0,58447.0,238381.0
2021-02-22 00:00:00+09:00,58875.0,61186.0,57548.0,57763.0,263618.0
2021-02-23 00:00:00+09:00,57720.0,59047.0,56136.0,56351.0,236160.0
2021-02-24 00:00:00+09:00,56821.0,57506.0,53399.0,53569.0,443593.0
2021-02-25 00:00:00+09:00,55923.0,60544.0,54768.0,58276.0,804238.0
2021-02-26 00:00:00+09:00,57078.0,57121.0,54554.0,55623.0,470194.0
2021-03-02 00:00:00+09:00,57164.0,58105.0,55495.0,56265.0,210122.0
2021-03-03 00:00:00+09:00,56907.0,58918.0,56351.0,57591.0,255064.0
2021-03-04 00:00:00+09:00,55966.0,56308.0,55238.0,55409.0,214669.0
2021-03-05 00:00:00+09:00,56051.0,56136.0,53783.0,54682.0,260661.0
2021-03-08 00:00:00+09:00,54768.0,55024.0,51772.0,52029.0,373353.0
2021-03-09 00:00:00+09:00,51473.0,51515.0,49034.0,50061.0,473414.0
2021-03-10 00:00:00+09:00,51644.0,62898.0,51301.0,59988.0,3057670.0
2021-03-11 00:00:00+09:00,59388.0,60929.0,58148.0,59988.0,552304.0
2021-03-12 00:00:00+09:00,61570.0,65037.0,60244.0,64181.0,986393.0
2021-03-15 00:00:00+09:00,64181.0,66149.0,63453.0,65080.0,423172.0
2021-03-16 00:00:00+09:00,65037.0,65892.0,63966.0,65764.0,286532.0
2021-03-17 00:00:00+09:00,65892.0,66492.0,64780.0,65892.0,322266.0
2021-03-18 00:00:00+09:00,66534.0,68716.0,64908.0,65892.0,407856.0
2021-03-19 00:00:00+09:00,65722.0,67347.0,64694.0,66919.0,498752.0
2021-03-22 00:00:00+09:00,67989.0,67989.0,66106.0,66449.0,452078.0
2021-03-23 00:00:00+09:00,66534.0,68202.0,65250.0,65722.0,505252.0
2021-03-24 00:00:00+09:00,66363.0,66876.0,63860.0,63989.0,343984.0
2021-03-25 00:00:00+09:00,63989.0,63989.0,60587.0,60843.0,278984.0
2021-03-26 00:00:00+09:00,60651.0,62191.0,59945.0,60587.0,185526.0
2021-03-29 00:00:00+09:00,60394.0,60394.0,58019.0,58405.0,192401.0
2021-03-30 00:00:00+09:00,57763.0,59688.0,57763.0,58148.0,139204.0
2021-03-31 00:00:00+09:00,58019.0,58661.0,57506.0,57506.0,109602.0
2021-04-01 00:00:00+09:00,57763.0,59303.0,57635.0,58148.0,112112.0
2021-04-02 00:00:00+09:00,58661.0,58790.0,57442.0,57763.0,114216.0
2021-04-05 00:00:00+09:00,57698.0,58019.0,55709.0,56029.0,148187.0
2021-04-06 00:00:00+09:00,56223.0,56800.0,54554.0,54811.0,133394.0
2021-04-07 00:00:00+09:00,54938.0,56158.0,54490.0,56094.0,94676.0
2021-04-08 00:00:00+09:00,56286.0,56864.0,54875.0,56286.0,102747.0
2021-04-09 00:00:00+09:00,56607.0,58340.0,56543.0,57121.0,147143.0
2021-04-12 00:00:00+09:00,55773.0,56543.0,54811.0,56543.0,287760.0
2021-04-13 00:00:00+09:00,56351.0,57121.0,55260.0,55902.0,238513.0
2021-04-14 00:00:00+09:00,56415.0,60972.0,56286.0,59367.0,483088.0
2021-04-15 00:00:00+09:00,59624.0,59688.0,58019.0,58148.0,210154.0
2021-04-16 00:00:00+09:00,58212.0,59817.0,57442.0,59688.0,253841.0
2021-04-19 00:00:00+09:00,59881.0,59945.0,58469.0,59175.0,180263.0
2021-04-20 00:00:00+09:00,58918.0,59110.0,58019.0,58084.0,166315.0
2021-04-21 00:00:00+09:00,57570.0,58019.0,56094.0,56094.0,293541.0
2021-04-22 00:00:00+09:00,56607.0,59752.0,54811.0,58533.0,506014.0
2021-04-23 00:00:00+09:00,57827.0,58790.0,56543.0,56543.0,262950.0
2021-04-26 00:00:00+09:00,56543.0,56543.0,55195.0,55645.0,232347.0
2021-04-27 00:00:00+09:00,55324.0,56029.0,54938.0,55067.0,156832.0
2021-04-28 00:00:00+09:00,54618.0,55645.0,54169.0,54169.0,198344.0
2021-04-29 00:00:00+09:00,54233.0,55645.0,52692.0,53206.0,261362.0
2021-04-30 00:00:00+09:00,53270.0,53783.0,50189.0,51794.0,276061.0
2021-05-03 00:00:00+09:00,51023.0,52372.0,49355.0,49548.0,301086.0
2021-05-04 00:00:00+09:00,48777.0,50446.0,48649.0,49740.0,256730.0
2021-05-06 00:00:00+09:00,49162.0,49355.0,47815.0,49227.0,252288.0
2021-05-07 00:00:00+09:00,48777.0,52308.0,48649.0,49419.0,301427.0
2021-05-10 00:00:00+09:00,49483.0,51665.0,48970.0,50895.0,200343.0
2021-05-11 00:00:00+09:00,50703.0,50703.0,48649.0,48777.0,254626.0
2021-05-12 00:00:00+09:00,48392.0,49034.0,47237.0,47494.0,211134.0
2021-05-13 00:00:00+09:00,45889.0,47108.0,45568.0,45633.0,254299.0
2021-05-14 00:00:00+09:00,45954.0,47173.0,45055.0,46724.0,205443.0
2021-05-17 00:00:00+09:00,46595.0,47494.0,45697.0,46724.0,213003.0
2021-05-18 00:00:00+09:00,46724.0,47558.0,46017.0,47108.0,154412.0
2021-05-20 00:00:00+09:00,46916.0,46980.0,44926.0,45055.0,271617.0
2021-05-21 00:00:00+09:00,45568.0,47237.0,44862.0,44991.0,369548.0
2021-05-24 00:00:00+09:00,44734.0,45440.0,42680.0,43065.0,380240.0
2021-05-25 00:00:00+09:00,43643.0,46210.0,43001.0,45825.0,583236.0
2021-05-26 00:00:00+09:00,46531.0,46851.0,45119.0,45247.0,828749.0
2021-05-27 00:00:00+09:00,45183.0,46338.0,44926.0,45247.0,289708.0
2021-05-28 00:00:00+09:00,45376.0,45825.0,45183.0,45312.0,134869.0
2021-05-31 00:00:00+09:00,45697.0,49291.0,45568.0,46851.0,458875.0
2021-06-01 00:00:00+09:00,46338.0,46403.0,44926.0,45119.0,316356.0
2021-06-02 00:00:00+09:00,45312.0,45568.0,44669.0,45055.0,151206.0
2021-06-03 00:00:00+09:00,44669.0,46467.0,44285.0,45889.0,192007.0
2021-06-04 00:00:00+09:00,45954.0,46017.0,44798.0,44862.0,222799.0
2021-06-07 00:00:00+09:00,45119.0,45697.0,44542.0,44862.0,177709.0
2021-06-08 00:00:00+09:00,45247.0,49098.0,45247.0,47879.0,803097.0
2021-06-09 00:00:00+09:00,47879.0,48200.0,45889.0,45954.0,343303.0
2021-06-10 00:00:00+09:00,46082.0,48649.0,45825.0,48071.0,530152.0
2021-06-11 00:00:00+09:00,48906.0,51217.0,48200.0,48264.0,526682.0
2021-06-14 00:00:00+09:00,48841.0,50446.0,48777.0,49868.0,308158.0
2021-06-15 00:00:00+09:00,49868.0,49932.0,48392.0,48713.0,179308.0
2021-06-16 00:00:00+09:00,48713.0,49355.0,47750.0,48970.0,174988.0
2021-06-17 00:00:00+09:00,48585.0,48841.0,47879.0,48457.0,123658.0
2021-06-18 00:00:00+09:00,48392.0,50703.0,48328.0,50446.0,313530.0
2021-06-21 00:00:00+09:00,49740.0,51665.0,49483.0,50574.0,203496.0
2021-06-22 00:00:00+09:00,50767.0,51794.0,50189.0,50189.0,252217.0
2021-06-23 00:00:00+09:00,50446.0,51601.0,50253.0,50253.0,232818.0
2021-06-24 00:00:00+09:00,51280.0,53077.0,50703.0,51922.0,430910.0
2021-06-25 00:00:00+09:00,52692.0,53976.0,51665.0,53399.0,329345.0
2021-06-28 00:00:00+09:00,53463.0,53463.0,52308.0,52756.0,172795.0
2021-06-29 00:00:00+09:00,52821.0,53270.0,52051.0,52629.0,160288.0
2021-06-30 00:00:00+09:00,52629.0,54297.0,52564.0,53720.0,217596.0
2021-07-01 00:00:00+09:00,53976.0,56286.0,53591.0,56286.0,356864.0
2021-07-02 00:00:00+09:00,56736.0,58854.0,56158.0,58854.0,624306.0
2021-07-05 00:00:00+09:00,58597.0,62577.0,58405.0,61807.0,682177.0
2021-07-06 00:00:00+09:00,61678.0,63539.0,60009.0,61164.0,499039.0
2021-07-07 00:00:00+09:00,61293.0,62833.0,60522.0,60522.0,406841.0
2021-07-08 00:00:00+09:00,60394.0,61036.0,58084.0,58405.0,520306.0
2021-07-09 00:00:00+09:00,57891.0,60908.0,57121.0,59881.0,574782.0
2021-07-12 00:00:00+09:00,59560.0,61613.0,59560.0,59752.0,260004.0
2021-07-13 00:00:00+09:00,59752.0,60201.0,57570.0,57891.0,377603.0
2021-07-14 00:00:00+09:00,57185.0,57763.0,56158.0,56672.0,286741.0
2021-07-15 00:00:00+09:00,56736.0,57763.0,56479.0,56800.0,200629.0
2021-07-16 00:00:00+09:00,56543.0,57891.0,56158.0,56864.0,195429.0
2021-07-19 00:00:00+09:00,56415.0,57121.0,55966.0,56543.0,121148.0
2021-07-20 00:00:00+09:00,56415.0,56415.0,54490.0,54618.0,230771.0
2021-07-21 00:00:00+09:00,55388.0,58148.0,54618.0,57570.0,313548.0
2021-07-22 00:00:00+09:00,58597.0,58982.0,56158.0,56286.0,259266.0
2021-07-23 00:00:00+09:00,55773.0,56864.0,55067.0,55324.0,158485.0
2021-07-26 00:00:00+09:00,55452.0,55837.0,52500.0,53655.0,314769.0
2021-07-27 00:00:00+09:00,52885.0,53976.0,52564.0,52692.0,188921.0
2021-07-28 00:00:00+09:00,52308.0,53463.0,51794.0,52372.0,176697.0
2021-07-29 00:00:00+09:00,52435.0,53142.0,52243.0,53077.0,99669.0
2021-07-30 00:00:00+09:00,52885.0,53206.0,50382.0,51344.0,194296.0
2021-08-02 00:00:00+09:00,51730.0,53847.0,51473.0,52500.0,162074.0
2021-08-03 00:00:00+09:00,52372.0,53591.0,51280.0,52435.0,269291.0
2021-08-04 00:00:00+09:00,52051.0,53334.0,51217.0,52949.0,224836.0
2021-08-05 00:00:00+09:00,54040.0,54233.0,52372.0,52372.0,215137.0
2021-08-06 00:00:00+09:00,53270.0,58533.0,53206.0,58405.0,1202291.0
2021-08-09 00:00:00+09:00,58084.0,58276.0,56351.0,56543.0,389452.0
2021-08-10 00:00:00+09:00,56800.0,57185.0,54554.0,54618.0,283470.0
2021-08-11 00:00:00+09:00,54682.0,55003.0,53591.0,54618.0,280676.0
2021-08-12 00:00:00+09:00,54169.0,54425.0,53142.0,53206.0,257801.0
2021-08-13 00:00:00+09:00,52500.0,53783.0,51730.0,52115.0,280846.0
2021-08-17 00:00:00+09:00,52051.0,52051.0,49804.0,49804.0,360327.0
2021-08-18 00:00:00+09:00,49804.0,50895.0,49740.0,49868.0,216828.0
2021-08-19 00:00:00+09:00,48520.0,50574.0,48200.0,48264.0,319677.0
2021-08-20 00:00:00+09:00,48520.0,48906.0,45825.0,46017.0,338126.0
2021-08-23 00:00:00+09:00,46146.0,48520.0,46017.0,47365.0,231411.0
2021-08-24 00:00:00+09:00,48457.0,52308.0,48328.0,51344.0,514346.0
2021-08-25 00:00:00+09:00,51601.0,54746.0,50061.0,54104.0,428868.0
2021-08-26 00:00:00+09:00,53720.0,55516.0,53334.0,53912.0,289881.0
2021-08-27 00:00:00+09:00,53334.0,53783.0,51986.0,52179.0,209821.0
2021-08-30 00:00:00+09:00,52179.0,53270.0,51537.0,51922.0,190744.0
2021-08-31 00:00:00+09:00,51922.0,54554.0,51601.0,54554.0,310921.0
2021-09-01 00:00:00+09:00,54169.0,55837.0,53206.0,55260.0,221770.0
2021-09-02 00:00:00+09:00,54618.0,55645.0,53976.0,54104.0,169464.0
2021-09-03 00:00:00+09:00,54233.0,55773.0,53783.0,54618.0,143335.0
2021-09-06 00:00:00+09:00,55260.0,55773.0,54811.0,55195.0,141151.0
2021-09-07 00:00:00+09:00,55260.0,56029.0,54040.0,54104.0,136365.0
2021-09-08 00:00:00+09:00,53399.0,53783.0,51794.0,51922.0,212418.0
2021-09-09 00:00:00+09:00,51922.0,52500.0,51152.0,52179.0,172551.0
2021-09-10 00:00:00+09:00,52243.0,52629.0,50895.0,51217.0,181009.0
2021-09-13 00:00:00+09:00,51217.0,51217.0,48328.0,49227.0,295387.0
2021-09-14 00:00:00+09:00,49611.0,50639.0,49034.0,50446.0,159487.0
2021-09-15 00:00:00+09:00,50189.0,51023.0,49676.0,50831.0,120163.0
2021-09-16 00:00:00+09:00,52821.0,54618.0,51858.0,51922.0,345779.0
2021-09-17 00:00:00+09:00,51665.0,52243.0,50446.0,51344.0,224327.0
2021-09-23 00:00:00+09:00,50703.0,52435.0,49804.0,51665.0,143253.0
2021-09-24 00:00:00+09:00,52115.0,53013.0,51152.0,51537.0,114127.0
2021-09-27 00:00:00+09:00,51794.0,51922.0,50318.0,50446.0,116004.0
2021-09-28 00:00:00+09:00,50061.0,50510.0,48071.0,48136.0,254703.0
2021-09-29 00:00:00+09:00,46017.0,47879.0,46017.0,46980.0,253950.0
2021-09-30 00:00:00+09:00,47045.0,47943.0,46595.0,46595.0,162529.0
2021-10-01 00:00:00+09:00,45889.0,46851.0,45119.0,45760.0,207968.0
2021-10-05 00:00:00+09:00,45633.0,46851.0,44669.0,44926.0,233994.0
2021-10-06 00:00:00+09:00,44991.0,46531.0,43322.0,43322.0,312940.0
2021-10-07 00:00:00+09:00,43964.0,46595.0,43964.0,46274.0,217711.0
2021-10-08 00:00:00+09:00,46467.0,46724.0,45183.0,45376.0,127815.0
2021-10-12 00:00:00+09:00,45119.0,45760.0,43514.0,44477.0,156121.0
2021-10-13 00:00:00+09:00,45183.0,46531.0,44926.0,45889.0,178727.0
2021-10-14 00:00:00+09:00,46595.0,47494.0,46210.0,47429.0,115752.0
2021-10-15 00:00:00+09:00,48136.0,49611.0,47237.0,48906.0,196812.0
2021-10-18 00:00:00+09:00,48906.0,49483.0,47365.0,48136.0,141069.0
2021-10-19 00:00:00+09:00,48457.0,49419.0,47879.0,48777.0,156506.0
2021-10-20 00:00:00+09:00,49098.0,49355.0,47943.0,48007.0,116836.0
2021-10-21 00:00:00+09:00,48007.0,48841.0,47173.0,47301.0,134360.0
2021-10-22 00:00:00+09:00,47301.0,47750.0,46788.0,46851.0,119650.0
2021-10-25 00:00:00+09:00,46788.0,47301.0,46403.0,47108.0,94693.0
2021-10-26 00:00:00+09:00,47686.0,48520.0,47108.0,47750.0,120396.0
2021-10-27 00:00:00+09:00,47558.0,48264.0,46531.0,46531.0,133741.0
2021-10-28 00:00:00+09:00,46851.0,46851.0,45055.0,45119.0,160441.0
2021-10-29 00:00:00+09:00,45183.0,45889.0,44348.0,44926.0,178255.0
2021-11-01 00:00:00+09:00,45055.0,48071.0,45055.0,47494.0,266956.0
2021-11-02 00:00:00+09:00,47494.0,52243.0,47494.0,51794.0,624403.0
2021-11-03 00:00:00+09:00,51986.0,53013.0,51152.0,51473.0,260672.0
2021-11-04 00:00:00+09:00,52051.0,53976.0,51473.0,52051.0,284893.0
2021-11-05 00:00:00+09:00,52308.0,52308.0,50510.0,51409.0,201562.0
2021-11-08 00:00:00+09:00,51344.0,51730.0,49740.0,50767.0,198560.0
2021-11-09 00:00:00+09:00,50895.0,53399.0,50125.0,50125.0,343917.0
2021-11-10 00:00:00+09:00,50189.0,51152.0,48520.0,48777.0,228255.0
2021-11-11 00:00:00+09:00,48392.0,48585.0,46017.0,46851.0,315933.0
2021-11-12 00:00:00+09:00,46916.0,46916.0,43386.0,46274.0,336623.0
2021-11-15 00:00:00+09:00,46210.0,47045.0,45568.0,46082.0,246333.0
2021-11-16 00:00:00+09:00,46659.0,46659.0,45376.0,45504.0,239359.0
2021-11-17 00:00:00+09:00,45889.0,46210.0,44669.0,44926.0,222096.0
2021-11-18 00:00:00+09:00,45055.0,45119.0,44092.0,44285.0,201435.0
2021-11-19 00:00:00+09:00,44285.0,45568.0,43643.0,44926.0,218235.0
2021-11-22 00:00:00+09:00,45247.0,48585.0,45055.0,47750.0,398402.0
2021-11-23 00:00:00+09:00,47301.0,47879.0,45633.0,45633.0,211653.0
2021-11-24 00:00:00+09:00,45825.0,46595.0,45376.0,45376.0,163780.0
2021-11-25 00:00:00+09:00,45504.0,45633.0,44156.0,44862.0,195546.0
2021-11-26 00:00:00+09:00,44798.0,46531.0,44669.0,45119.0,204242.0
2021-11-29 00:00:00+09:00,44156.0,45055.0,43643.0,43643.0,249690.0
2021-11-30 00:00:00+09:00,44477.0,46788.0,44092.0,44092.0,408248.0
2021-12-01 00:00:00+09:00,44477.0,45633.0,43514.0,44221.0,244651.0
2021-12-02 00:00:00+09:00,43386.0,45568.0,43386.0,45568.0,219410.0
2021-12-03 00:00:00+09:00,45568.0,48585.0,44542.0,47943.0,500606.0
2021-12-06 00:00:00+09:00,47365.0,52821.0,47108.0,52629.0,1249051.0
2021-12-07 00:00:00+09:00,52629.0,54104.0,51986.0,52692.0,583397.0
2021-12-08 00:00:00+09:00,52692.0,55516.0,52500.0,55067.0,675998.0
2021-12-09 00:00:00+09:00,55388.0,57057.0,54490.0,55902.0,636187.0
2021-12-10 00:00:00+09:00,55388.0,57121.0,55260.0,55902.0,366534.0
2021-12-13 00:00:00+09:00,55773.0,55773.0,52949.0,53399.0,453735.0
2021-12-14 00:00:00+09:00,52949.0,56223.0,52949.0,54233.0,481104.0
2021-12-15 00:00:00+09:00,53912.0,56286.0,53912.0,54746.0,363843.0
2021-12-16 00:00:00+09:00,54875.0,55452.0,53847.0,54490.0,286247.0
2021-12-17 00:00:00+09:00,53912.0,54104.0,47686.0,48264.0,1208699.0
2021-12-20 00:00:00+09:00,48649.0,49483.0,46788.0,47558.0,500770.0
2021-12-21 00:00:00+09:00,48200.0,48585.0,46146.0,46146.0,413466.0
2021-12-22 00:00:00+09:00,46338.0,47108.0,44926.0,46082.0,423902.0
2021-12-23 00:00:00+09:00,46338.0,46788.0,45376.0,45568.0,336800.0
2021-12-24 00:00:00+09:00,45760.0,46146.0,44734.0,44926.0,518407.0
2021-12-27 00:00:00+09:00,44926.0,46788.0,44798.0,46017.0,1072657.0
2021-12-28 00:00:00+09:00,46403.0,48328.0,45312.0,48328.0,1928966.0
2021-12-29 00:00:00+09:00,49291.0,51473.0,48328.0,48457.0,1844438.0
2021-12-30 00:00:00+09:00,48264.0,49291.0,47750.0,48585.0,375930.0
2022-01-03 00:00:00+09:00,48200.0,48841.0,47301.0,47879.0,348156.0
2022-01-04 00:00:00+09:00,47686.0,47879.0,45376.0,46274.0,689920.0
2022-01-05 00:00:00+09:00,45633.0,45825.0,44862.0,44991.0,419289.0
2022-01-06 00:00:00+09:00,45504.0,46082.0,44862.0,45055.0,483601.0
2022-01-07 00:00:00+09:00,45440.0,46595.0,45312.0,45633.0,290082.0
2022-01-10 00:00:00+09:00,45183.0,45504.0,44092.0,44348.0,324364.0
2022-01-11 00:00:00+09:00,44348.0,45247.0,43450.0,43835.0,289988.0
2022-01-12 00:00:00+09:00,44285.0,45247.0,43835.0,44156.0,1025893.0
2022-01-13 00:00:00+09:00,44285.0,44413.0,36198.0,40562.0,3112088.0
2022-01-14 00:00:00+09:00,40433.0,41204.0,39471.0,40947.0,405978.0
2022-01-17 00:00:00+09:00,40690.0,41011.0,38893.0,38893.0,292557.0
2022-01-18 00:00:00+09:00,38316.0,40049.0,37417.0,38059.0,336016.0
2022-01-19 00:00:00+09:00,37096.0,37802.0,35877.0,36647.0,538429.0
2022-01-20 00:00:00+09:00,36134.0,37995.0,36005.0,37289.0,313127.0
2022-01-21 00:00:00+09:00,36839.0,37610.0,35877.0,36261.0,318534.0
2022-01-24 00:00:00+09:00,35877.0,35941.0,32667.0,33053.0,951763.0
2022-01-25 00:00:00+09:00,33245.0,34144.0,32090.0,32347.0,652410.0
2022-01-26 00:00:00+09:00,32347.0,33245.0,31192.0,32283.0,597220.0
2022-01-27 00:00:00+09:00,32604.0,32667.0,29459.0,29780.0,647223.0
2022-01-28 00:00:00+09:00,29780.0,32283.0,29747.0,30806.0,748984.0
2022-02-03 00:00:00+09:00,31480.0,33181.0,31480.0,32861.0,388009.0
2022-02-04 00:00:00+09:00,32667.0,33117.0,31769.0,31962.0,314218.0
2022-02-07 00:00:00+09:00,31994.0,32411.0,30838.0,31159.0,264037.0
2022-02-08 00:00:00+09:00,31320.0,32667.0,30967.0,31288.0,260643.0
2022-02-09 00:00:00+09:00,31672.0,32667.0,31512.0,32540.0,206390.0
2022-02-10 00:00:00+09:00,32861.0,33887.0,32026.0,32411.0,268989.0
2022-02-11 00:00:00+09:00,31833.0,31962.0,30935.0,30999.0,306640.0
2022-02-14 00:00:00+09:00,30197.0,31255.0,29972.0,30806.0,216346.0
2022-02-15 00:00:00+09:00,30357.0,31095.0,29587.0,29683.0,282255.0
2022-02-16 00:00:00+09:00,30581.0,33374.0,30389.0,32988.0,583799.0
2022-02-17 00:00:00+09:00,32732.0,32988.0,31352.0,32283.0,363052.0
2022-02-18 00:00:00+09:00,31480.0,34079.0,31352.0,33823.0,351638.0
2022-02-21 00:00:00+09:00,33309.0,34722.0,32732.0,34079.0,315090.0
2022-02-22 00:00:00+09:00,32924.0,33566.0,32861.0,32924.0,226422.0
2022-02-23 00:00:00+09:00,33438.0,34015.0,32924.0,33117.0,220727.0
2022-02-24 00:00:00+09:00,32154.0,33117.0,31769.0,32411.0,348085.0
2022-02-25 00:00:00+09:00,33245.0,33631.0,32667.0,33631.0,228765.0
2022-02-28 00:00:00+09:00,33309.0,34529.0,32796.0,34272.0,212787.0
2022-03-02 00:00:00+09:00,34144.0,34978.0,33887.0,34465.0,166570.0
2022-03-03 00:00:00+09:00,34850.0,37160.0,34657.0,36968.0,446293.0
2022-03-04 00:00:00+09:00,36711.0,36904.0,35427.0,36261.0,271009.0
2022-03-07 00:00:00+09:00,35043.0,36198.0,34593.0,35299.0,182828.0
2022-03-08 00:00:00+09:00,34657.0,37289.0,34401.0,36198.0,383455.0
2022-03-10 00:00:00+09:00,36904.0,38829.0,36839.0,38251.0,425892.0
2022-03-11 00:00:00+09:00,38508.0,38701.0,36390.0,36583.0,318037.0
2022-03-14 00:00:00+09:00,36390.0,37096.0,35492.0,35556.0,249233.0
2022-03-15 00:00:00+09:00,35364.0,37738.0,35107.0,37417.0,284682.0
2022-03-16 00:00:00+09:00,38316.0,38508.0,37096.0,38316.0,275498.0
2022-03-17 00:00:00+09:00,38701.0,39792.0,38380.0,39086.0,335715.0
2022-03-18 00:00:00+09:00,39599.0,39599.0,37930.0,38637.0,253593.0
2022-03-21 00:00:00+09:00,38187.0,38701.0,37225.0,37930.0,268271.0
2022-03-22 00:00:00+09:00,37481.0,38123.0,37032.0,37867.0,217314.0
2022-03-23 00:00:00+09:00,37995.0,38251.0,34978.0,36069.0,618921.0
2022-03-24 00:00:00+09:00,35684.0,36904.0,34401.0,36647.0,375966.0
2022-03-25 00:00:00+09:00,36968.0,37160.0,35813.0,36518.0,210331.0
2022-03-28 00:00:00+09:00,37096.0,37995.0,35427.0,35556.0,323532.0
2022-03-29 00:00:00+09:00,35492.0,36390.0,34914.0,36005.0,186327.0
2022-03-30 00:00:00+09:00,36005.0,36968.0,36005.0,36390.0,172961.0
2022-03-31 00:00:00+09:00,36198.0,37353.0,36069.0,36326.0,186523.0
2022-04-01 00:00:00+09:00,36261.0,36261.0,35235.0,36069.0,191506.0
2022-04-04 00:00:00+09:00,35620.0,36005.0,35107.0,35813.0,234338.0
2022-04-05 00:00:00+09:00,35877.0,36455.0,35492.0,36198.0,134091.0
2022-04-06 00:00:00+09:00,35620.0,35620.0,32924.0,33758.0,554091.0
2022-04-07 00:00:00+09:00,33053.0,34144.0,32988.0,33631.0,223092.0
2022-04-08 00:00:00+09:00,33887.0,34786.0,33566.0,34015.0,171788.0
2022-04-11 00:00:00+09:00,33952.0,34465.0,33309.0,33438.0,130562.0
2022-04-12 00:00:00+09:00,33245.0,33823.0,32732.0,33374.0,154495.0
2022-04-13 00:00:00+09:00,33374.0,34657.0,33309.0,34657.0,132862.0
2022-04-14 00:00:00+09:00,35043.0,35043.0,34144.0,34465.0,80951.0
2022-04-15 00:00:00+09:00,34015.0,34593.0,33438.0,34465.0,126087.0
2022-04-18 00:00:00+09:00,34465.0,34786.0,33758.0,34015.0,109130.0
2022-04-19 00:00:00+09:00,34015.0,35620.0,34015.0,34914.0,166738.0
2022-04-20 00:00:00+09:00,34593.0,34786.0,33758.0,34208.0,126582.0
2022-04-21 00:00:00+09:00,34336.0,35235.0,34079.0,34465.0,120046.0
2022-04-22 00:00:00+09:00,34850.0,35684.0,33502.0,34786.0,254588.0
2022-04-25 00:00:00+09:00,34272.0,35299.0,34015.0,34401.0,132443.0
2022-04-26 00:00:00+09:00,35170.0,36839.0,34978.0,36198.0,388980.0
2022-04-27 00:00:00+09:00,35556.0,36775.0,35299.0,36005.0,260993.0
2022-04-28 00:00:00+09:00,35941.0,37160.0,35364.0,35941.0,213781.0
2022-04-29 00:00:00+09:00,35748.0,37546.0,35748.0,37160.0,268762.0
2022-05-02 00:00:00+09:00,36647.0,37353.0,36326.0,36904.0,147936.0
2022-05-03 00:00:00+09:00,36839.0,37096.0,36390.0,36390.0,113986.0
2022-05-04 00:00:00+09:00,36455.0,36647.0,35107.0,35107.0,157843.0
2022-05-06 00:00:00+09:00,34079.0,35364.0,33887.0,34465.0,206445.0
2022-05-09 00:00:00+09:00,34079.0,34401.0,32924.0,32924.0,202858.0
2022-05-10 00:00:00+09:00,32154.0,32667.0,31159.0,31192.0,334683.0
2022-05-11 00:00:00+09:00,30678.0,32218.0,30581.0,31994.0,198389.0
2022-05-12 00:00:00+09:00,31127.0,31833.0,30518.0,30550.0,239323.0
2022-05-13 00:00:00+09:00,30678.0,31769.0,30614.0,31705.0,231799.0
2022-05-16 00:00:00+09:00,32283.0,33053.0,31769.0,31897.0,156129.0
2022-05-17 00:00:00+09:00,31929.0,32667.0,31480.0,32058.0,102132.0
2022-05-18 00:00:00+09:00,32283.0,34079.0,32090.0,33758.0,252240.0
2022-05-19 00:00:00+09:00,32796.0,34079.0,32604.0,33438.0,196058.0
2022-05-20 00:00:00+09:00,33181.0,35107.0,33181.0,34914.0,206056.0
2022-05-23 00:00:00+09:00,34722.0,36198.0,34401.0,35299.0,235540.0
2022-05-24 00:00:00+09:00,34914.0,35556.0,34465.0,34465.0,123256.0
2022-05-25 00:00:00+09:00,34914.0,35813.0,34593.0,34914.0,193084.0
2022-05-26 00:00:00+09:00,35043.0,35748.0,34336.0,34657.0,97505.0
2022-05-27 00:00:00+09:00,34914.0,35748.0,34914.0,35556.0,142914.0
2022-05-30 00:00:00+09:00,36198.0,36839.0,35556.0,36775.0,202699.0
2022-05-31 00:00:00+09:00,36839.0,37160.0,36261.0,37032.0,188211.0
2022-06-02 00:00:00+09:00,36647.0,37032.0,36198.0,36904.0,89806.0
2022-06-03 00:00:00+09:00,37160.0,37546.0,36390.0,36455.0,109342.0
2022-06-07 00:00:00+09:00,36261.0,36261.0,34401.0,34401.0,201256.0
2022-06-08 00:00:00+09:00,34786.0,35556.0,34272.0,34465.0,147423.0
2022-06-09 00:00:00+09:00,34401.0,34593.0,33309.0,34529.0,199141.0
2022-06-10 00:00:00+09:00,33758.0,34015.0,33117.0,33309.0,130395.0
2022-06-13 00:00:00+09:00,32154.0,32604.0,31192.0,31192.0,254299.0
2022-06-14 00:00:00+09:00,30068.0,31512.0,30068.0,31255.0,199283.0
2022-06-15 00:00:00+09:00,30903.0,31576.0,29490.0,29683.0,216214.0
2022-06-16 00:00:00+09:00,31095.0,34786.0,30806.0,32861.0,596314.0
2022-06-17 00:00:00+09:00,31769.0,37225.0,31576.0,36390.0,1076742.0
2022-06-20 00:00:00+09:00,36839.0,37930.0,35941.0,37160.0,570933.0
2022-06-21 00:00:00+09:00,37867.0,39279.0,36198.0,38958.0,564092.0
2022-06-22 00:00:00+09:00,38829.0,39728.0,37995.0,38059.0,380534.0
2022-06-23 00:00:00+09:00,38444.0,42231.0,38380.0,39856.0,1148803.0
2022-06-24 00:00:00+09:00,40562.0,41075.0,39279.0,40883.0,450890.0
2022-06-27 00:00:00+09:00,40819.0,41268.0,38316.0,38893.0,583062.0
2022-06-28 00:00:00+09:00,38572.0,39599.0,38059.0,38958.0,304686.0
2022-06-29 00:00:00+09:00,38380.0,39279.0,37225.0,38508.0,307105.0
2022-06-30 00:00:00+09:00,39022.0,41011.0,38765.0,39214.0,693534.0
2022-07-01 00:00:00+09:00,40113.0,40498.0,36134.0,37032.0,552647.0
2022-07-04 00:00:00+09:00,37867.0,39214.0,36839.0,37610.0,325660.0
2022-07-05 00:00:00+09:00,38380.0,40562.0,37995.0,40241.0,568497.0
2022-07-06 00:00:00+09:00,40305.0,41718.0,39535.0,40241.0,738392.0
2022-07-07 00:00:00+09:00,40819.0,40947.0,39214.0,40627.0,399828.0
2022-07-08 00:00:00+09:00,41011.0,42552.0,40113.0,41011.0,448426.0
2022-07-11 00:00:00+09:00,40754.0,41845.0,39663.0,39663.0,314684.0
2022-07-12 00:00:00+09:00,39407.0,40627.0,39342.0,39599.0,290289.0
2022-07-13 00:00:00+09:00,39599.0,41525.0,39535.0,40947.0,430351.0
2022-07-14 00:00:00+09:00,40562.0,41845.0,40113.0,41589.0,352809.0
2022-07-15 00:00:00+09:00,41782.0,42680.0,40819.0,41718.0,359246.0
2022-07-18 00:00:00+09:00,42039.0,42102.0,40241.0,41011.0,337142.0
2022-07-19 00:00:00+09:00,40819.0,43514.0,40562.0,42744.0,558707.0
2022-07-20 00:00:00+09:00,42873.0,43257.0,42039.0,42231.0,292890.0
2022-07-21 00:00:00+09:00,42552.0,43001.0,40947.0,42552.0,388430.0
2022-07-22 00:00:00+09:00,42359.0,43643.0,42359.0,42359.0,329546.0
2022-07-25 00:00:00+09:00,42359.0,43001.0,41974.0,42295.0,222086.0
2022-07-26 00:00:00+09:00,42295.0,43578.0,41845.0,43322.0,328298.0
2022-07-27 00:00:00+09:00,43386.0,43900.0,42873.0,43130.0,186789.0
2022-07-28 00:00:00+09:00,43386.0,43643.0,42295.0,42680.0,209510.0
2022-07-29 00:00:00+09:00,43065.0,43130.0,41396.0,41845.0,347387.0
2022-08-01 00:00:00+09:00,41525.0,41718.0,40241.0,40370.0,275041.0
2022-08-02 00:00:00+09:00,40370.0,40947.0,39920.0,40433.0,189757.0
2022-08-03 00:00:00+09:00,40241.0,43386.0,40241.0,42936.0,463594.0
2022-08-04 00:00:00+09:00,44413.0,47686.0,44285.0,46082.0,1412608.0
2022-08-05 00:00:00+09:00,46082.0,48007.0,45633.0,47622.0,664543.0
2022-08-08 00:00:00+09:00,48007.0,48457.0,47108.0,47879.0,446711.0
2022-08-09 00:00:00+09:00,48071.0,49548.0,47494.0,49098.0,374997.0
2022-08-10 00:00:00+09:00,48777.0,50061.0,46788.0,47429.0,486790.0
2022-08-11 00:00:00+09:00,47750.0,48585.0,47045.0,47429.0,257731.0
2022-08-12 00:00:00+09:00,47815.0,47815.0,45760.0,46146.0,324242.0
2022-08-16 00:00:00+09:00,46467.0,46916.0,45055.0,46082.0,186478.0
2022-08-17 00:00:00+09:00,45633.0,46274.0,44734.0,44991.0,265643.0
2022-08-18 00:00:00+09:00,44477.0,45376.0,44028.0,44798.0,220564.0
2022-08-19 00:00:00+09:00,44926.0,45055.0,43643.0,43643.0,272897.0
2022-08-22 00:00:00+09:00,43001.0,43643.0,42295.0,42423.0,242606.0
2022-08-23 00:00:00+09:00,42039.0,42295.0,40754.0,41075.0,381596.0
2022-08-24 00:00:00+09:00,41140.0,42809.0,40947.0,42809.0,312281.0
2022-08-25 00:00:00+09:00,42809.0,43771.0,42231.0,43450.0,242126.0
2022-08-26 00:00:00+09:00,43643.0,43771.0,41782.0,41910.0,256659.0
2022-08-29 00:00:00+09:00,39920.0,40690.0,39792.0,40113.0,333860.0
2022-08-30 00:00:00+09:00,40627.0,41268.0,39984.0,41075.0,183358.0
2022-08-31 00:00:00+09:00,40562.0,40947.0,39984.0,40883.0,216291.0
2022-09-01 00:00:00+09:00,40177.0,40241.0,38829.0,38829.0,350012.0
2022-09-02 00:00:00+09:00,39150.0,40241.0,39086.0,39342.0,227884.0
2022-09-05 00:00:00+09:00,39407.0,39599.0,38508.0,38701.0,158450.0
2022-09-06 00:00:00+09:00,38893.0,39471.0,37867.0,38059.0,195583.0
2022-09-07 00:00:00+09:00,38059.0,38059.0,36968.0,37032.0,274109.0
2022-09-08 00:00:00+09:00,37417.0,38958.0,37417.0,37867.0,313782.0
2022-09-13 00:00:00+09:00,38829.0,39342.0,37225.0,38444.0,259558.0
2022-09-14 00:00:00+09:00,36583.0,37032.0,36390.0,36455.0,310960.0
2022-09-15 00:00:00+09:00,36711.0,37096.0,35877.0,36005.0,188517.0
2022-09-16 00:00:00+09:00,35299.0,36198.0,35107.0,35235.0,234005.0
2022-09-19 00:00:00+09:00,35107.0,35620.0,34015.0,34144.0,206934.0
2022-09-20 00:00:00+09:00,34529.0,34850.0,33374.0,34015.0,207373.0
2022-09-21 00:00:00+09:00,33952.0,33952.0,32667.0,32924.0,232509.0
2022-09-22 00:00:00+09:00,32283.0,32861.0,31897.0,32732.0,218300.0
2022-09-23 00:00:00+09:00,32347.0,32604.0,31159.0,31192.0,349582.0
2022-09-26 00:00:00+09:00,30806.0,31801.0,30100.0,30100.0,305200.0
2022-09-27 00:00:00+09:00,30164.0,31705.0,29908.0,31449.0,413737.0
2022-09-28 00:00:00+09:00,31449.0,31769.0,30421.0,31063.0,326690.0
2022-09-29 00:00:00+09:00,31833.0,33438.0,31416.0,31576.0,424896.0
2022-09-30 00:00:00+09:00,31449.0,32283.0,28335.0,29106.0,662963.0
2022-10-04 00:00:00+09:00,29555.0,29780.0,25223.0,27437.0,1437967.0
2022-10-05 00:00:00+09:00,27886.0,29073.0,27854.0,28047.0,511796.0
2022-10-06 00:00:00+09:00,28111.0,28111.0,25768.0,25929.0,1147852.0
2022-10-07 00:00:00+09:00,26057.0,26153.0,24035.0,24163.0,995277.0
2022-10-11 00:00:00+09:00,24517.0,25929.0,23072.0,23329.0,1363667.0
2022-10-12 00:00:00+09:00,23329.0,23522.0,22334.0,23008.0,819464.0
2022-10-13 00:00:00+09:00,23041.0,23586.0,21468.0,22077.0,871884.0
2022-10-14 00:00:00+09:00,22784.0,26153.0,22559.0,25575.0,1288553.0
2022-10-17 00:00:00+09:00,24870.0,25447.0,23682.0,25287.0,719328.0
2022-10-18 00:00:00+09:00,25865.0,27277.0,25608.0,27116.0,787908.0
2022-10-19 00:00:00+09:00,27277.0,27854.0,26538.0,26666.0,516825.0
2022-10-20 00:00:00+09:00,26378.0,26603.0,25511.0,25929.0,443486.0
2022-10-21 00:00:00+09:00,25800.0,26538.0,25447.0,26217.0,327999.0
2022-10-24 00:00:00+09:00,27052.0,28368.0,26891.0,27084.0,548340.0
2022-10-25 00:00:00+09:00,28008.0,28008.0,27046.0,27623.0,378951.0
2022-10-26 00:00:00+09:00,27623.0,27969.0,26661.0,26892.0,348567.0
2022-10-27 00:00:00+09:00,27084.0,28815.0,27084.0,28277.0,488348.0
2022-10-28 00:00:00+09:00,28277.0,28777.0,28008.0,28238.0,285879.0
2022-10-31 00:00:00+09:00,28931.0,29046.0,27623.0,28238.0,304642.0
2022-11-01 00:00:00+09:00,28238.0,28238.0,27277.0,27584.0,243237.0
2022-11-02 00:00:00+09:00,27315.0,28392.0,26700.0,28392.0,360396.0
2022-11-03 00:00:00+09:00,27700.0,27815.0,26700.0,26738.0,483077.0
2022-11-04 00:00:00+09:00,26776.0,26930.0,25930.0,26700.0,350275.0
2022-11-07 00:00:00+09:00,26738.0,27584.0,26661.0,27200.0,246424.0
2022-11-08 00:00:00+09:00,27546.0,29893.0,27430.0,29854.0,811270.0
2022-11-09 00:00:00+09:00,30047.0,30354.0,28623.0,29046.0,516586.0
2022-11-10 00:00:00+09:00,28469.0,29239.0,28123.0,28546.0,392846.0
2022-11-11 00:00:00+09:00,30778.0,30778.0,28931.0,29816.0,825533.0
2022-11-14 00:00:00+09:00,29277.0,29354.0,27507.0,29162.0,1047794.0
2022-11-15 00:00:00+09:00,28854.0,32201.0,28777.0,32201.0,1073764.0
2022-11-16 00:00:00+09:00,32663.0,34279.0,31932.0,32855.0,1170815.0
2022-11-17 00:00:00+09:00,32586.0,33663.0,31970.0,32547.0,673816.0
2022-11-18 00:00:00+09:00,32663.0,32971.0,31624.0,31624.0,410358.0
2022-11-21 00:00:00+09:00,31470.0,31701.0,29893.0,29970.0,618994.0
2022-11-22 00:00:00+09:00,29931.0,30085.0,28469.0,28777.0,574631.0
2022-11-23 00:00:00+09:00,29162.0,29470.0,28354.0,28662.0,451504.0
2022-11-24 00:00:00+09:00,28739.0,29008.0,28046.0,28315.0,517824.0
2022-11-25 00:00:00+09:00,28469.0,28700.0,28085.0,28392.0,375969.0
2022-11-28 00:00:00+09:00,28392.0,29277.0,28200.0,28662.0,471526.0
2022-11-29 00:00:00+09:00,28431.0,29931.0,28431.0,29123.0,722105.0
2022-11-30 00:00:00+09:00,29046.0,29662.0,28200.0,28200.0,4609488.0
2022-12-01 00:00:00+09:00,28969.0,30085.0,28815.0,29508.0,1113033.0
2022-12-02 00:00:00+09:00,29508.0,29931.0,28200.0,28315.0,699963.0
2022-12-05 00:00:00+09:00,28623.0,31239.0,28508.0,30778.0,1111482.0
2022-12-06 00:00:00+09:00,30470.0,31201.0,30239.0,30316.0,464136.0
2022-12-07 00:00:00+09:00,29893.0,30585.0,29546.0,29662.0,391348.0
2022-12-08 00:00:00+09:00,29854.0,31470.0,29393.0,31047.0,787921.0
2022-12-09 00:00:00+09:00,31701.0,33086.0,31047.0,31586.0,949108.0
2022-12-12 00:00:00+09:00,31586.0,32009.0,29623.0,29854.0,559756.0
2022-12-13 00:00:00+09:00,30124.0,30393.0,29123.0,29316.0,351321.0
2022-12-14 00:00:00+09:00,29700.0,30778.0,29700.0,30316.0,426945.0
2022-12-15 00:00:00+09:00,31278.0,31393.0,29893.0,29970.0,438406.0
2022-12-16 00:00:00+09:00,29123.0,29393.0,28892.0,29085.0,465850.0
2022-12-19 00:00:00+09:00,29085.0,29085.0,28277.0,28392.0,417577.0
2022-12-20 00:00:00+09:00,28008.0,28892.0,27969.0,28315.0,375321.0
2022-12-21 00:00:00+09:00,28777.0,29277.0,28469.0,28854.0,360863.0
2022-12-22 00:00:00+09:00,29123.0,29431.0,28815.0,29277.0,389166.0
2022-12-23 00:00:00+09:00,28546.0,28546.0,26853.0,27161.0,1325174.0
2022-12-26 00:00:00+09:00,27046.0,27392.0,25776.0,27238.0,1387434.0
2022-12-27 00:00:00+09:00,27238.0,28546.0,27238.0,28546.0,1683874.0
2022-12-28 00:00:00+09:00,28623.0,29931.0,28469.0,29470.0,2045166.0
2022-12-29 00:00:00+09:00,29200.0,29662.0,28931.0,29431.0,592248.0
2023-01-02 00:00:00+09:00,31547.0,32393.0,30277.0,30470.0,1781938.0
2023-01-03 00:00:00+09:00,30085.0,30470.0,27854.0,27931.0,1262193.0
2023-01-04 00:00:00+09:00,27815.0,28085.0,27123.0,27392.0,568479.0
2023-01-05 00:00:00+09:00,27661.0,28085.0,27084.0,27084.0,569876.0
2023-01-06 00:00:00+09:00,26853.0,27738.0,26507.0,27354.0,399222.0
2023-01-09 00:00:00+09:00,27738.0,28469.0,27584.0,27854.0,334138.0
2023-01-10 00:00:00+09:00,27546.0,27623.0,26546.0,26700.0,677791.0
2023-01-11 00:00:00+09:00,26969.0,27200.0,26776.0,26853.0,377069.0
2023-01-12 00:00:00+09:00,27161.0,27700.0,27046.0,27507.0,391685.0
2023-01-13 00:00:00+09:00,27700.0,27738.0,26969.0,27123.0,318946.0
2023-01-16 00:00:00+09:00,27161.0,27815.0,26930.0,27584.0,296451.0
2023-01-17 00:00:00+09:00,27469.0,27661.0,27046.0,27123.0,334206.0
2023-01-18 00:00:00+09:00,27200.0,27854.0,27161.0,27277.0,278754.0
2023-01-19 00:00:00+09:00,27007.0,27084.0,26700.0,26815.0,283228.0
2023-01-20 00:00:00+09:00,26738.0,26930.0,25969.0,26161.0,475458.0
2023-01-25 00:00:00+09:00,26353.0,26969.0,26315.0,26661.0,361097.0
2023-01-26 00:00:00+09:00,26661.0,26969.0,26546.0,26853.0,269292.0
2023-01-27 00:00:00+09:00,27007.0,27738.0,26892.0,27392.0,404874.0
2023-01-30 00:00:00+09:00,27392.0,28046.0,27007.0,27007.0,336305.0
2023-01-31 00:00:00+09:00,27430.0,28969.0,27315.0,28238.0,994147.0
2023-02-01 00:00:00+09:00,29239.0,29623.0,28315.0,29277.0,864258.0
2023-02-02 00:00:00+09:00,29700.0,32701.0,29623.0,31855.0,2277908.0
2023-02-03 00:00:00+09:00,32086.0,32855.0,31278.0,31701.0,1001392.0
2023-02-06 00:00:00+09:00,31701.0,31701.0,30585.0,30970.0,566527.0
2023-02-07 00:00:00+09:00,31085.0,32855.0,30855.0,32432.0,751109.0
2023-02-08 00:00:00+09:00,33586.0,33586.0,31778.0,32086.0,772623.0
2023-02-09 00:00:00+09:00,31816.0,32393.0,31008.0,32393.0,464882.0
2023-02-10 00:00:00+09:00,32047.0,32124.0,30970.0,31162.0,498445.0
2023-02-13 00:00:00+09:00,31008.0,31547.0,30778.0,30931.0,284468.0
2023-02-14 00:00:00+09:00,31509.0,32355.0,31278.0,31547.0,475718.0
2023-02-15 00:00:00+09:00,31509.0,31662.0,30085.0,30354.0,484220.0
2023-02-16 00:00:00+09:00,30470.0,32124.0,30393.0,31816.0,545524.0
2023-02-17 00:00:00+09:00,31316.0,31470.0,30470.0,30662.0,433588.0
2023-02-20 00:00:00+09:00,30739.0,32201.0,30162.0,31778.0,608042.0
2023-02-21 00:00:00+09:00,32047.0,32432.0,31393.0,31855.0,594555.0
2023-02-22 00:00:00+09:00,31162.0,31393.0,29931.0,30008.0,729355.0
2023-02-23 00:00:00+09:00,30393.0,30662.0,29854.0,30201.0,392868.0
2023-02-24 00:00:00+09:00,30008.0,30124.0,28969.0,29354.0,511688.0
2023-02-27 00:00:00+09:00,28739.0,29008.0,28469.0,28739.0,421065.0
2023-02-28 00:00:00+09:00,28739.0,29200.0,28277.0,28969.0,356294.0
2023-03-02 00:00:00+09:00,28931.0,28969.0,27777.0,28008.0,535112.0
2023-03-03 00:00:00+09:00,28085.0,29085.0,28085.0,28392.0,441338.0
2023-03-06 00:00:00+09:00,28623.0,28777.0,27892.0,28354.0,385524.0
2023-03-07 00:00:00+09:00,28085.0,29200.0,27931.0,28777.0,637966.0
2023-03-08 00:00:00+09:00,28238.0,28585.0,27546.0,27777.0,502699.0
2023-03-09 00:00:00+09:00,27584.0,28200.0,27200.0,28200.0,391773.0
2023-03-10 00:00:00+09:00,27661.0,27661.0,27123.0,27315.0,376725.0
2023-03-13 00:00:00+09:00,26776.0,27661.0,26738.0,27315.0,331786.0
2023-03-14 00:00:00+09:00,27507.0,27507.0,25661.0,25661.0,695894.0
2023-03-15 00:00:00+09:00,26315.0,26469.0,25545.0,25776.0,413370.0
2023-03-16 00:00:00+09:00,25622.0,25699.0,24584.0,24622.0,822987.0
2023-03-17 00:00:00+09:00,24891.0,28585.0,24891.0,28546.0,1500528.0
2023-03-20 00:00:00+09:00,28508.0,30624.0,28392.0,29354.0,1145037.0
2023-03-21 00:00:00+09:00,29585.0,30239.0,29046.0,29123.0,497590.0
2023-03-22 00:00:00+09:00,29546.0,29931.0,28700.0,29162.0,430558.0
2023-03-23 00:00:00+09:00,29200.0,29393.0,27892.0,28315.0,556766.0
2023-03-24 00:00:00+09:00,28700.0,30124.0,28238.0,28508.0,670118.0
2023-03-27 00:00:00+09:00,28585.0,29508.0,26661.0,29162.0,773975.0
2023-03-28 00:00:00+09:00,29239.0,29777.0,28123.0,28892.0,495337.0
2023-03-29 00:00:00+09:00,28892.0,30162.0,28469.0,28546.0,779085.0
2023-03-30 00:00:00+09:00,28585.0,30008.0,28085.0,29239.0,758425.0
2023-03-31 00:00:00+09:00,29239.0,32047.0,29239.0,30508.0,2118667.0
2023-04-03 00:00:00+09:00,30508.0,31124.0,29316.0,30124.0,1201251.0
2023-04-04 00:00:00+09:00,30431.0,35394.0,30431.0,35394.0,6055521.0
2023-04-05 00:00:00+09:00,34933.0,38049.0,34048.0,37549.0,5273030.0
2023-04-06 00:00:00+09:00,38472.0,40627.0,38049.0,38626.0,2739756.0
2023-04-07 00:00:00+09:00,38126.0,39242.0,37318.0,39011.0,1522025.0
2023-04-10 00:00:00+09:00,39165.0,39934.0,37972.0,39395.0,1562349.0
2023-04-11 00:00:00+09:00,40011.0,40242.0,38626.0,39165.0,1167324.0
2023-04-12 00:00:00+09:00,39165.0,41781.0,38780.0,40011.0,1721169.0
2023-04-13 00:00:00+09:00,40319.0,40857.0,38934.0,40088.0,936923.0
2023-04-14 00:00:00+09:00,40088.0,41935.0,39780.0,40473.0,1451810.0
2023-04-17 00:00:00+09:00,40857.0,40934.0,38280.0,38857.0,1206429.0
2023-04-18 00:00:00+09:00,38703.0,39857.0,38395.0,38934.0,736862.0
2023-04-19 00:00:00+09:00,38703.0,38703.0,36933.0,37087.0,958634.0
2023-04-20 00:00:00+09:00,37087.0,37433.0,35933.0,36010.0,755721.0
2023-04-21 00:00:00+09:00,36433.0,37126.0,34740.0,35548.0,659921.0
2023-04-24 00:00:00+09:00,35548.0,36010.0,34586.0,34625.0,468638.0
2023-04-25 00:00:00+09:00,34856.0,35510.0,33625.0,34163.0,582662.0
2023-04-26 00:00:00+09:00,34625.0,36087.0,34009.0,34856.0,784733.0
2023-04-27 00:00:00+09:00,35125.0,35240.0,33625.0,34086.0,627424.0
2023-04-28 00:00:00+09:00,34240.0,34548.0,33009.0,33471.0,654998.0
2023-05-02 00:00:00+09:00,33471.0,33855.0,32778.0,33509.0,354374.0
2023-05-03 00:00:00+09:00,33124.0,33317.0,32317.0,32393.0,545966.0
2023-05-04 00:00:00+09:00,32586.0,35317.0,32586.0,35279.0,1150706.0
2023-05-08 00:00:00+09:00,35818.0,35856.0,34125.0,34817.0,793518.0
2023-05-09 00:00:00+09:00,35048.0,36241.0,34125.0,34509.0,759544.0
2023-05-10 00:00:00+09:00,34548.0,35087.0,33855.0,34009.0,429744.0
2023-05-11 00:00:00+09:00,34394.0,34971.0,33894.0,34086.0,482239.0
2023-05-12 00:00:00+09:00,34048.0,34509.0,33355.0,33932.0,362838.0
2023-05-15 00:00:00+09:00,33932.0,34817.0,33124.0,34394.0,517280.0
2023-05-16 00:00:00+09:00,34779.0,34933.0,33586.0,33625.0,397409.0
2023-05-17 00:00:00+09:00,33625.0,35317.0,33548.0,34856.0,578597.0
2023-05-18 00:00:00+09:00,34894.0,35510.0,33702.0,33932.0,649509.0
2023-05-19 00:00:00+09:00,34163.0,36548.0,33894.0,36318.0,1044035.0
2023-05-22 00:00:00+09:00,36933.0,37972.0,36472.0,37203.0,898432.0
2023-05-23 00:00:00+09:00,37356.0,38010.0,37049.0,37857.0,604516.0
2023-05-24 00:00:00+09:00,37395.0,37472.0,35779.0,35779.0,828829.0
2023-05-25 00:00:00+09:00,35741.0,36472.0,35010.0,35279.0,474898.0
2023-05-26 00:00:00+09:00,35279.0,35894.0,35010.0,35125.0,391804.0
2023-05-30 00:00:00+09:00,35279.0,36356.0,35048.0,35433.0,404456.0
2023-05-31 00:00:00+09:00,35548.0,39626.0,35433.0,38857.0,2268527.0
2023-06-01 00:00:00+09:00,38472.0,41165.0,38203.0,40627.0,2371002.0
2023-06-02 00:00:00+09:00,41088.0,41242.0,39011.0,39857.0,1022237.0
2023-06-05 00:00:00+09:00,40165.0,40242.0,36856.0,36972.0,1700587.0
2023-06-07 00:00:00+09:00,36933.0,37164.0,36087.0,37049.0,925698.0
2023-06-08 00:00:00+09:00,36702.0,37279.0,35933.0,36010.0,806832.0
2023-06-09 00:00:00+09:00,35856.0,37203.0,35856.0,36241.0,676735.0
2023-06-12 00:00:00+09:00,36087.0,36202.0,34817.0,35087.0,866464.0
2023-06-13 00:00:00+09:00,35356.0,35548.0,34471.0,34471.0,664434.0
2023-06-14 00:00:00+09:00,34856.0,35587.0,33932.0,34009.0,784875.0
2023-06-15 00:00:00+09:00,34202.0,34240.0,33124.0,33548.0,566836.0
2023-06-16 00:00:00+09:00,33663.0,34509.0,33509.0,33548.0,502146.0
2023-06-19 00:00:00+09:00,33625.0,35433.0,33240.0,35394.0,757701.0
2023-06-20 00:00:00+09:00,34894.0,35356.0,33740.0,33855.0,676275.0
2023-06-21 00:00:00+09:00,33855.0,34125.0,32470.0,32470.0,739700.0
2023-06-22 00:00:00+09:00,32547.0,33163.0,32393.0,32817.0,381796.0
2023-06-23 00:00:00+09:00,32855.0,33124.0,32240.0,32509.0,463666.0
2023-06-26 00:00:00+09:00,32547.0,33509.0,31855.0,32624.0,421398.0
2023-06-27 00:00:00+09:00,32586.0,32932.0,31855.0,32317.0,556069.0
2023-06-28 00:00:00+09:00,32624.0,33894.0,32393.0,32586.0,524886.0
2023-06-29 00:00:00+09:00,32586.0,32971.0,32047.0,32201.0,417134.0
2023-06-30 00:00:00+09:00,32355.0,33163.0,32124.0,33047.0,381380.0
2023-07-03 00:00:00+09:00,33086.0,33625.0,32701.0,33124.0,472380.0
2023-07-04 00:00:00+09:00,33317.0,33317.0,32124.0,32201.0,456332.0
2023-07-05 00:00:00+09:00,32355.0,32778.0,31662.0,31662.0,527486.0
2023-07-06 00:00:00+09:00,31355.0,31355.0,29623.0,29970.0,1073793.0
2023-07-07 00:00:00+09:00,29931.0,30431.0,29470.0,29700.0,550388.0
2023-07-10 00:00:00+09:00,29354.0,30085.0,29239.0,29316.0,476081.0
2023-07-11 00:00:00+09:00,29431.0,30624.0,29431.0,30431.0,521244.0
2023-07-12 00:00:00+09:00,30547.0,31201.0,29931.0,31008.0,434904.0
2023-07-13 00:00:00+09:00,31355.0,32624.0,31162.0,32009.0,780506.0
2023-07-14 00:00:00+09:00,31970.0,32240.0,31355.0,31547.0,373487.0
2023-07-17 00:00:00+09:00,31586.0,31701.0,30893.0,31624.0,395216.0
2023-07-18 00:00:00+09:00,31586.0,32393.0,31124.0,31662.0,390773.0
2023-07-19 00:00:00+09:00,31662.0,32778.0,31278.0,32355.0,546374.0
2023-07-20 00:00:00+09:00,32470.0,33778.0,32201.0,33240.0,723839.0
2023-07-21 00:00:00+09:00,32932.0,34048.0,32932.0,33817.0,688730.0
2023-07-24 00:00:00+09:00,33702.0,33932.0,32163.0,32470.0,564463.0
2023-07-25 00:00:00+09:00,32470.0,34279.0,32470.0,32778.0,770243.0
2023-07-26 00:00:00+09:00,33702.0,33855.0,31162.0,31201.0,1200078.0
2023-07-27 00:00:00+09:00,31278.0,33740.0,31278.0,33278.0,932010.0
2023-07-28 00:00:00+09:00,33317.0,33394.0,31855.0,32624.0,524289.0
2023-07-31 00:00:00+09:00,32894.0,34548.0,32317.0,34317.0,708804.0
2023-08-01 00:00:00+09:00,34548.0,35010.0,33740.0,33894.0,628740.0
2023-08-02 00:00:00+09:00,34279.0,34740.0,32355.0,32432.0,747210.0
2023-08-03 00:00:00+09:00,32432.0,35894.0,32317.0,35471.0,1760973.0
2023-08-04 00:00:00+09:00,35471.0,35971.0,34702.0,35394.0,944901.0
2023-08-07 00:00:00+09:00,35894.0,37318.0,34586.0,34971.0,1123410.0
2023-08-08 00:00:00+09:00,35087.0,35317.0,33971.0,34586.0,591976.0
2023-08-09 00:00:00+09:00,34933.0,36779.0,34856.0,36510.0,1163922.0
2023-08-10 00:00:00+09:00,36472.0,36972.0,35625.0,36702.0,839486.0
2023-08-11 00:00:00+09:00,36395.0,37587.0,35548.0,36548.0,1005388.0
2023-08-14 00:00:00+09:00,36972.0,36972.0,35356.0,35625.0,664567.0
2023-08-16 00:00:00+09:00,35240.0,35971.0,34817.0,35317.0,574924.0
2023-08-17 00:00:00+09:00,34894.0,35587.0,34471.0,34702.0,517475.0
2023-08-18 00:00:00+09:00,34240.0,35240.0,33778.0,33971.0,529802.0
2023-08-21 00:00:00+09:00,34240.0,35202.0,33740.0,34586.0,435364.0
2023-08-22 00:00:00+09:00,34933.0,36048.0,34356.0,35741.0,617134.0
2023-08-23 00:00:00+09:00,35779.0,36164.0,35279.0,35702.0,338392.0
2023-08-24 00:00:00+09:00,36164.0,36548.0,35240.0,35894.0,488030.0
2023-08-25 00:00:00+09:00,35471.0,36510.0,35240.0,35856.0,417574.0
2023-08-28 00:00:00+09:00,36164.0,36356.0,33778.0,33855.0,722158.0
2023-08-29 00:00:00+09:00,33932.0,34432.0,33509.0,34356.0,349636.0
2023-08-30 00:00:00+09:00,34817.0,35625.0,34471.0,35202.0,462184.0
2023-08-31 00:00:00+09:00,35125.0,35779.0,34779.0,34817.0,389267.0
2023-09-01 00:00:00+09:00,34509.0,35433.0,33432.0,33663.0,551737.0
2023-09-04 00:00:00+09:00,33663.0,33663.0,32778.0,33124.0,375531.0
2023-09-05 00:00:00+09:00,33278.0,33394.0,32547.0,32817.0,336597.0
2023-09-06 00:00:00+09:00,32624.0,33240.0,32355.0,32624.0,381983.0
2023-09-07 00:00:00+09:00,32778.0,34279.0,32663.0,32701.0,640794.0
2023-09-08 00:00:00+09:00,32855.0,34009.0,32855.0,33817.0,393596.0
2023-09-11 00:00:00+09:00,34163.0,40627.0,33855.0,39934.0,4875004.0
2023-09-12 00:00:00+09:00,39934.0,50014.0,39780.0,45859.0,16295810.0
2023-09-13 00:00:00+09:00,47090.0,48937.0,44936.0,47859.0,6086511.0
2023-09-14 00:00:00+09:00,46628.0,48937.0,46474.0,48167.0,3493459.0
2023-09-15 00:00:00+09:00,50168.0,52091.0,47013.0,50399.0,6889413.0
2023-09-18 00:00:00+09:00,50014.0,56016.0,49475.0,54169.0,6759665.0
2023-09-19 00:00:00+09:00,53707.0,60248.0,52322.0,59324.0,8820300.0
2023-09-20 00:00:00+09:00,58632.0,60478.0,54169.0,56862.0,4980208.0
2023-09-21 00:00:00+09:00,57170.0,59786.0,55939.0,58863.0,4684620.0
2023-09-22 00:00:00+09:00,58016.0,60248.0,53092.0,54169.0,4681626.0
2023-09-25 00:00:00+09:00,54631.0,62402.0,54246.0,62325.0,6728110.0
2023-09-26 00:00:00+09:00,61787.0,62094.0,47167.0,48706.0,11896440.0
2023-09-27 00:00:00+09:00,49168.0,54092.0,47936.0,52399.0,6729660.0
2023-10-04 00:00:00+09:00,51014.0,52091.0,47706.0,50245.0,3022945.0
2023-10-05 00:00:00+09:00,51091.0,53015.0,48475.0,49706.0,2706880.0
2023-10-06 00:00:00+09:00,50476.0,54554.0,49398.0,52553.0,3614357.0
2023-10-10 00:00:00+09:00,52784.0,53707.0,50091.0,50168.0,1959685.0
2023-10-11 00:00:00+09:00,52014.0,53015.0,50706.0,50937.0,1920201.0
2023-10-12 00:00:00+09:00,50937.0,51630.0,45859.0,48629.0,4308856.0
2023-10-13 00:00:00+09:00,48013.0,49860.0,47013.0,47321.0,1578705.0
2023-10-16 00:00:00+09:00,46397.0,48321.0,46167.0,46859.0,1433354.0
2023-10-17 00:00:00+09:00,46474.0,47475.0,45705.0,46167.0,1128640.0
2023-10-18 00:00:00+09:00,47013.0,47090.0,43627.0,44705.0,1920921.0
2023-10-19 00:00:00+09:00,43704.0,44551.0,42704.0,43012.0,1530474.0
2023-10-20 00:00:00+09:00,42781.0,43320.0,41396.0,42242.0,1480211.0
2023-10-23 00:00:00+09:00,42242.0,43243.0,41319.0,42627.0,1130172.0
2023-10-24 00:00:00+09:00,43320.0,43397.0,38626.0,42781.0,2374433.0
2023-10-25 00:00:00+09:00,43166.0,44782.0,41473.0,42165.0,1263265.0
2023-10-26 00:00:00+09:00,41319.0,46474.0,40780.0,45243.0,3653252.0
2023-10-27 00:00:00+09:00,46090.0,47398.0,43474.0,46167.0,2267891.0
2023-10-30 00:00:00+09:00,46628.0,49475.0,45012.0,47859.0,2112663.0
2023-10-31 00:00:00+09:00,48090.0,49398.0,47321.0,48013.0,1337980.0
2023-11-01 00:00:00+09:00,47706.0,48475.0,46167.0,48321.0,1118751.0
2023-11-02 00:00:00+09:00,49860.0,53015.0,48783.0,52476.0,2279530.0
2023-11-03 00:00:00+09:00,52476.0,52938.0,50783.0,52938.0,1372547.0
2023-11-06 00:00:00+09:00,53476.0,55785.0,52168.0,55323.0,2176319.0
2023-11-07 00:00:00+09:00,54708.0,56246.0,53553.0,54323.0,1594136.0
2023-11-08 00:00:00+09:00,54938.0,57708.0,40319.0,50399.0,6539104.0
2023-11-09 00:00:00+09:00,51091.0,51091.0,46936.0,47859.0,1835275.0
2023-11-10 00:00:00+09:00,47090.0,51322.0,46859.0,49783.0,1686898.0
2023-11-13 00:00:00+09:00,49321.0,50168.0,47090.0,47321.0,827903.0
2023-11-14 00:00:00+09:00,48013.0,51014.0,47706.0,50399.0,1063235.0
2023-11-15 00:00:00+09:00,51553.0,56631.0,50399.0,55631.0,1943457.0
2023-11-16 00:00:00+09:00,55169.0,56170.0,53400.0,53938.0,981405.0
2023-11-17 00:00:00+09:00,53476.0,55554.0,52322.0,53246.0,951481.0
2023-11-20 00:00:00+09:00,52707.0,53630.0,51168.0,52245.0,660525.0
2023-11-21 00:00:00+09:00,52322.0,55785.0,52322.0,55169.0,1338801.0
2023-11-22 00:00:00+09:00,55169.0,58863.0,54631.0,56554.0,2240280.0
2023-11-23 00:00:00+09:00,56554.0,57016.0,55015.0,56246.0,881664.0
2023-11-24 00:00:00+09:00,56708.0,57708.0,52938.0,57016.0,1303192.0
2023-11-27 00:00:00+09:00,56477.0,56939.0,54785.0,56246.0,783064.0
2023-11-28 00:00:00+09:00,57093.0,61479.0,56708.0,60786.0,2473236.0
2023-11-29 00:00:00+09:00,61017.0,63710.0,57785.0,60478.0,2607334.0
2023-11-30 00:00:00+09:00,60171.0,61633.0,59247.0,61556.0,761341.0
2023-12-01 00:00:00+09:00,61633.0,64249.0,60325.0,63556.0,1421824.0
2023-12-04 00:00:00+09:00,62787.0,63095.0,60402.0,60402.0,1074900.0
2023-12-05 00:00:00+09:00,60402.0,62017.0,56631.0,57324.0,1447507.0
2023-12-06 00:00:00+09:00,57708.0,58324.0,56170.0,56631.0,709884.0
2023-12-07 00:00:00+09:00,56939.0,58940.0,56170.0,56477.0,772657.0
2023-12-08 00:00:00+09:00,56939.0,58016.0,54323.0,56862.0,936395.0
2023-12-11 00:00:00+09:00,56708.0,57785.0,55862.0,55939.0,511737.0
2023-12-12 00:00:00+09:00,56170.0,56554.0,54938.0,55477.0,598052.0
2023-12-13 00:00:00+09:00,54554.0,55246.0,53015.0,53553.0,881403.0
2023-12-14 00:00:00+09:00,54400.0,55631.0,52861.0,53400.0,1054581.0
2023-12-15 00:00:00+09:00,53784.0,53938.0,50860.0,52168.0,1044077.0
2023-12-18 00:00:00+09:00,53169.0,55939.0,52861.0,55708.0,1348491.0
2023-12-19 00:00:00+09:00,55708.0,56323.0,54785.0,55631.0,670006.0
2023-12-20 00:00:00+09:00,56323.0,56862.0,55092.0,56016.0,752639.0
2023-12-21 00:00:00+09:00,55554.0,70174.0,55554.0,67788.0,8433772.0
2023-12-22 00:00:00+09:00,66942.0,69789.0,64787.0,67634.0,2934680.0
2023-12-26 00:00:00+09:00,69250.0,70789.0,67480.0,70712.0,3087763.0
2023-12-27 00:00:00+09:00,73021.0,76175.0,70327.0,74329.0,3809586.0
2023-12-28 00:00:00+09:00,73328.0,77176.0,73174.0,75791.0,2032711.0
2024-01-02 00:00:00+09:00,74559.0,75791.0,68712.0,70404.0,2568918.0
2024-01-03 00:00:00+09:00,70789.0,72328.0,67711.0,69635.0,1793017.0
2024-01-04 00:00:00+09:00,69327.0,71405.0,67404.0,68096.0,1329266.0
2024-01-05 00:00:00+09:00,68327.0,72020.0,68019.0,68865.0,1380632.0
2024-01-08 00:00:00+09:00,70404.0,70558.0,66095.0,67173.0,1018546.0
2024-01-09 00:00:00+09:00,67865.0,72328.0,67788.0,71559.0,1639140.0
2024-01-10 00:00:00+09:00,70943.0,75483.0,68942.0,74867.0,1741175.0
2024-01-11 00:00:00+09:00,74098.0,75252.0,71482.0,72097.0,1117607.0
2024-01-12 00:00:00+09:00,71866.0,73328.0,71097.0,72944.0,867038.0
2024-01-15 00:00:00+09:00,71943.0,72020.0,66942.0,68712.0,1487608.0
2024-01-16 00:00:00+09:00,67788.0,71943.0,67711.0,69558.0,1158825.0
2024-01-17 00:00:00+09:00,70327.0,71405.0,67404.0,67557.0,931059.0
2024-01-18 00:00:00+09:00,68019.0,70789.0,62941.0,63864.0,1575520.0
2024-01-19 00:00:00+09:00,64326.0,64634.0,55862.0,58170.0,3155610.0
2024-01-22 00:00:00+09:00,57478.0,59940.0,57170.0,58863.0,1122430.0
2024-01-23 00:00:00+09:00,59401.0,61787.0,57862.0,58478.0,1151126.0
2024-01-24 00:00:00+09:00,58016.0,58478.0,55477.0,55785.0,1075399.0
2024-01-25 00:00:00+09:00,56093.0,57708.0,55246.0,56631.0,674921.0
2024-01-26 00:00:00+09:00,57324.0,60709.0,56477.0,58940.0,1073233.0
2024-01-29 00:00:00+09:00,60017.0,61556.0,56246.0,57324.0,1229242.0
2024-01-30 00:00:00+09:00,58401.0,63018.0,58016.0,62171.0,1736152.0
2024-01-31 00:00:00+09:00,63248.0,63325.0,59017.0,59478.0,1125224.0
2024-02-01 00:00:00+09:00,58863.0,61171.0,54246.0,54938.0,2133570.0
2024-02-02 00:00:00+09:00,57016.0,59093.0,56400.0,58786.0,1063629.0
2024-02-05 00:00:00+09:00,60786.0,60786.0,57555.0,58401.0,1037446.0
2024-02-06 00:00:00+09:00,57478.0,59863.0,56477.0,59478.0,663132.0
2024-02-07 00:00:00+09:00,59709.0,60786.0,58478.0,59017.0,660256.0
2024-02-08 00:00:00+09:00,58863.0,59940.0,57170.0,59093.0,781807.0
2024-02-13 00:00:00+09:00,59324.0,67942.0,57939.0,66634.0,2309021.0
2024-02-14 00:00:00+09:00,65018.0,69404.0,63172.0,66942.0,1847693.0
2024-02-15 00:00:00+09:00,67173.0,70097.0,64710.0,67327.0,1604585.0
2024-02-16 00:00:00+09:00,67788.0,71943.0,67250.0,69789.0,1665034.0
2024-02-19 00:00:00+09:00,70635.0,70635.0,68327.0,68789.0,916224.0
2024-02-20 00:00:00+09:00,69250.0,70020.0,66480.0,67019.0,854901.0
2024-02-21 00:00:00+09:00,66172.0,75406.0,64941.0,72251.0,2708697.0
2024-02-22 00:00:00+09:00,71251.0,80792.0,65403.0,80792.0,7770156.0
2024-02-23 00:00:00+09:00,92180.0,105030.0,91564.0,100952.0,12163289.0
2024-02-26 00:00:00+09:00,110031.0,124420.0,105184.0,120496.0,10771000.0
2024-02-27 00:00:00+09:00,123266.0,129268.0,117264.0,121188.0,5157844.0
2024-02-28 00:00:00+09:00,117957.0,126728.0,115648.0,126574.0,2809587.0
2024-02-29 00:00:00+09:00,130037.0,135038.0,122650.0,123574.0,3076226.0
2024-03-04 00:00:00+09:00,121958.0,130576.0,121804.0,128652.0,1956243.0
2024-03-05 00:00:00+09:00,134500.0,149273.0,129575.0,147888.0,4298535.0
2024-03-06 00:00:00+09:00,149196.0,152351.0,145426.0,149427.0,1964025.0
2024-03-07 00:00:00+09:00,150889.0,152043.0,139193.0,141887.0,2108110.0
2024-03-08 00:00:00+09:00,139886.0,146811.0,135808.0,146811.0,2042193.0
2024-03-11 00:00:00+09:00,143887.0,145195.0,137424.0,138501.0,1336658.0
2024-03-12 00:00:00+09:00,136808.0,149658.0,136346.0,148889.0,1969414.0
2024-03-13 00:00:00+09:00,146734.0,160046.0,143964.0,154659.0,2409578.0
2024-03-14 00:00:00+09:00,153197.0,159276.0,151428.0,158891.0,1378169.0
2024-03-15 00:00:00+09:00,156583.0,158507.0,152813.0,157353.0,1238825.0
2024-03-18 00:00:00+09:00,156198.0,173511.0,151889.0,155429.0,3463113.0
2024-03-19 00:00:00+09:00,153351.0,161585.0,150658.0,160815.0,1794183.0
2024-03-20 00:00:00+09:00,161200.0,161585.0,150889.0,150889.0,1246846.0
2024-03-21 00:00:00+09:00,148504.0,155429.0,146580.0,151428.0,1706867.0
2024-03-22 00:00:00+09:00,153505.0,163508.0,153044.0,156968.0,2094577.0
2024-03-25 00:00:00+09:00,156968.0,166201.0,152120.0,164278.0,1552715.0
2024-03-26 00:00:00+09:00,162354.0,173511.0,159661.0,168894.0,2163486.0
2024-03-27 00:00:00+09:00,157737.0,160815.0,142733.0,150504.0,9393852.0
2024-03-28 00:00:00+09:00,153274.0,162739.0,150427.0,159661.0,3049855.0
2024-03-29 00:00:00+09:00,162354.0,162354.0,151889.0,151889.0,1749837.0
2024-04-01 00:00:00+09:00,150043.0,152582.0,142194.0,143348.0,2573862.0
2024-04-02 00:00:00+09:00,141656.0,143272.0,130191.0,130806.0,4237267.0
2024-04-03 00:00:00+09:00,131345.0,135346.0,125420.0,131268.0,2950737.0
2024-04-04 00:00:00+09:00,131114.0,133346.0,126805.0,128113.0,1869825.0
2024-04-05 00:00:00+09:00,124651.0,128729.0,120188.0,123881.0,2352476.0
2024-04-08 00:00:00+09:00,123497.0,129037.0,122573.0,124882.0,1615639.0
2024-04-09 00:00:00+09:00,124574.0,136500.0,124266.0,133269.0,2919457.0
2024-04-11 00:00:00+09:00,131730.0,137501.0,129883.0,133500.0,1457769.0
2024-04-12 00:00:00+09:00,133961.0,141502.0,131268.0,137501.0,1950542.0
2024-04-15 00:00:00+09:00,135346.0,138424.0,131730.0,131807.0,1172377.0
2024-04-16 00:00:00+09:00,128498.0,134115.0,127498.0,129498.0,1282634.0
2024-04-17 00:00:00+09:00,129652.0,130268.0,122265.0,123727.0,1495377.0
2024-04-18 00:00:00+09:00,123804.0,135577.0,123804.0,135577.0,1667020.0
2024-04-19 00:00:00+09:00,135577.0,136193.0,126190.0,129575.0,1810574.0
2024-04-22 00:00:00+09:00,131884.0,137116.0,125882.0,127959.0,1648435.0
2024-04-23 00:00:00+09:00,128267.0,136193.0,127652.0,133807.0,1472826.0
2024-04-24 00:00:00+09:00,133192.0,141040.0,131653.0,137193.0,1557884.0
2024-04-25 00:00:00+09:00,136731.0,140732.0,133423.0,133653.0,882136.0
2024-04-26 00:00:00+09:00,138809.0,147427.0,133346.0,133653.0,3764371.0
2024-04-29 00:00:00+09:00,133884.0,139655.0,131961.0,135808.0,1310164.0
2024-04-30 00:00:00+09:00,135885.0,138501.0,132499.0,136116.0,1308286.0
2024-05-02 00:00:00+09:00,135731.0,140117.0,135038.0,139117.0,1106096.0
2024-05-03 00:00:00+09:00,139886.0,143041.0,136039.0,136346.0,1249376.0
2024-05-07 00:00:00+09:00,138347.0,141502.0,135269.0,136423.0,1107821.0
2024-05-08 00:00:00+09:00,138347.0,139040.0,130345.0,133961.0,1335929.0
2024-05-09 00:00:00+09:00,133653.0,134423.0,130653.0,130729.0,793375.0
2024-05-10 00:00:00+09:00,132499.0,133653.0,129960.0,130960.0,707470.0
2024-05-13 00:00:00+09:00,130729.0,130729.0,122650.0,126497.0,1688239.0
2024-05-14 00:00:00+09:00,127498.0,135346.0,126113.0,134269.0,1757640.0
2024-05-16 00:00:00+09:00,138424.0,144349.0,135808.0,136962.0,2488125.0
2024-05-17 00:00:00+09:00,134577.0,146195.0,132884.0,145888.0,4156217.0
2024-05-20 00:00:00+09:00,145734.0,149427.0,144349.0,146195.0,1585467.0
2024-05-21 00:00:00+09:00,148042.0,148042.0,144118.0,145734.0,864274.0
2024-05-22 00:00:00+09:00,152659.0,154659.0,146811.0,147965.0,2609948.0
2024-05-23 00:00:00+09:00,147965.0,150197.0,142271.0,143041.0,1227647.0
2024-05-24 00:00:00+09:00,141117.0,149966.0,139347.0,148581.0,1563037.0
2024-05-27 00:00:00+09:00,148889.0,149889.0,144657.0,146042.0,1019591.0
2024-05-28 00:00:00+09:00,145272.0,147965.0,142502.0,143118.0,1003876.0
2024-05-29 00:00:00+09:00,141579.0,144349.0,140117.0,140117.0,840218.0
2024-05-30 00:00:00+09:00,139193.0,145041.0,137578.0,138501.0,1152128.0
2024-05-31 00:00:00+09:00,139963.0,143041.0,131730.0,143041.0,6591392.0
2024-06-03 00:00:00+09:00,141579.0,153121.0,138886.0,153121.0,1909577.0
2024-06-04 00:00:00+09:00,153736.0,183514.0,153582.0,179667.0,6227583.0
2024-06-05 00:00:00+09:00,177358.0,186592.0,175435.0,183129.0,2711945.0
2024-06-07 00:00:00+09:00,188515.0,206982.0,185053.0,206982.0,3714255.0
2024-06-10 00:00:00+09:00,203904.0,207752.0,191593.0,194671.0,2257307.0
2024-06-11 00:00:00+09:00,192747.0,219678.0,192747.0,218139.0,3862788.0
2024-06-12 00:00:00+09:00,220448.0,221217.0,207752.0,212368.0,1798115.0
2024-06-13 00:00:00+09:00,219678.0,223910.0,202750.0,206597.0,2454914.0
2024-06-14 00:00:00+09:00,205828.0,211984.0,199672.0,203904.0,1314283.0
2024-06-17 00:00:00+09:00,207367.0,215061.0,203135.0,205828.0,1289613.0
2024-06-18 00:00:00+09:00,207367.0,215446.0,205443.0,210445.0,1078595.0
2024-06-19 00:00:00+09:00,211214.0,212753.0,194671.0,196210.0,1548644.0
2024-06-20 00:00:00+09:00,196210.0,200827.0,192363.0,199672.0,1058633.0
2024-06-21 00:00:00+09:00,201981.0,216216.0,195056.0,216216.0,2471596.0
2024-06-24 00:00:00+09:00,220448.0,226219.0,210829.0,220063.0,1619707.0
2024-06-25 00:00:00+09:00,220448.0,225064.0,213907.0,222756.0,1049444.0
2024-06-26 00:00:00+09:00,221602.0,223910.0,213523.0,220063.0,877444.0
2024-06-27 00:00:00+09:00,215061.0,229681.0,208521.0,218909.0,1799318.0
2024-06-28 00:00:00+09:00,216985.0,220448.0,210445.0,215831.0,858283.0
2024-07-01 00:00:00+09:00,213523.0,217755.0,211984.0,213523.0,761242.0
2024-07-02 00:00:00+09:00,213523.0,220448.0,196595.0,201981.0,1759000.0
2024-07-03 00:00:00+09:00,205059.0,206597.0,197749.0,198903.0,842140.0
2024-07-04 00:00:00+09:00,197364.0,201596.0,193132.0,197749.0,871582.0
2024-07-05 00:00:00+09:00,195825.0,216216.0,195440.0,214677.0,1595294.0
2024-07-08 00:00:00+09:00,219678.0,223910.0,206982.0,209675.0,1533802.0
2024-07-09 00:00:00+09:00,207752.0,210829.0,200057.0,201981.0,1101316.0
2024-07-10 00:00:00+09:00,200057.0,211599.0,199288.0,207752.0,1189756.0
2024-07-11 00:00:00+09:00,206213.0,207752.0,197364.0,207367.0,1072122.0
2024-07-12 00:00:00+09:00,203904.0,216216.0,203135.0,209675.0,1444061.0
2024-07-15 00:00:00+09:00,208521.0,218139.0,206213.0,214292.0,1062491.0
2024-07-16 00:00:00+09:00,215446.0,217755.0,205443.0,210060.0,966949.0
2024-07-17 00:00:00+09:00,209675.0,215446.0,208136.0,210829.0,602333.0
2024-07-18 00:00:00+09:00,208906.0,210829.0,200057.0,202365.0,825823.0
2024-07-19 00:00:00+09:00,202365.0,208906.0,200827.0,208906.0,546430.0
2024-07-22 00:00:00+09:00,208906.0,211599.0,200057.0,203135.0,595734.0
2024-07-23 00:00:00+09:00,204674.0,223141.0,204289.0,219293.0,1985945.0
2024-07-24 00:00:00+09:00,218909.0,235837.0,216600.0,234298.0,2030810.0
2024-07-25 00:00:00+09:00,231220.0,234298.0,211599.0,211984.0,1795692.0
2024-07-26 00:00:00+09:00,216216.0,224680.0,212368.0,218139.0,1024679.0
2024-07-29 00:00:00+09:00,221987.0,230835.0,216600.0,229681.0,879461.0
2024-07-30 00:00:00+09:00,227757.0,247763.0,217370.0,246609.0,3053089.0
2024-07-31 00:00:00+09:00,247378.0,252765.0,237376.0,242377.0,1763403.0
2024-08-01 00:00:00+09:00,241223.0,250841.0,239684.0,245455.0,852957.0
2024-08-02 00:00:00+09:00,238530.0,243146.0,226219.0,226988.0,1309419.0
2024-08-05 00:00:00+09:00,221217.0,227373.0,191978.0,201211.0,2564463.0
2024-08-06 00:00:00+09:00,214292.0,226603.0,186207.0,214677.0,4074917.0
2024-08-07 00:00:00+09:00,214292.0,224680.0,213523.0,218524.0,1102452.0
2024-08-08 00:00:00+09:00,214292.0,230451.0,213138.0,228527.0,1442541.0
2024-08-09 00:00:00+09:00,231605.0,241608.0,229681.0,232374.0,1320409.0
2024-08-12 00:00:00+09:00,236606.0,239684.0,231220.0,233144.0,708945.0
2024-08-13 00:00:00+09:00,231220.0,232374.0,220063.0,225064.0,1007018.0
2024-08-14 00:00:00+09:00,227373.0,228912.0,223141.0,225064.0,559761.0
2024-08-16 00:00:00+09:00,226219.0,232759.0,223141.0,231605.0,750324.0
2024-08-19 00:00:00+09:00,229296.0,233913.0,226988.0,229681.0,505824.0
2024-08-20 00:00:00+09:00,235837.0,241992.0,229681.0,231220.0,1028375.0
2024-08-21 00:00:00+09:00,231220.0,235067.0,221987.0,221987.0,683392.0
2024-08-22 00:00:00+09:00,221602.0,224295.0,213907.0,222371.0,887732.0
2024-08-23 00:00:00+09:00,220063.0,244685.0,218909.0,242377.0,1617225.0
2024-08-26 00:00:00+09:00,240453.0,243531.0,233913.0,240453.0,684242.0
2024-08-27 00:00:00+09:00,240453.0,255073.0,235837.0,242377.0,1343034.0
2024-08-28 00:00:00+09:00,247378.0,250072.0,241608.0,245455.0,919824.0
2024-08-29 00:00:00+09:00,248533.0,251610.0,238530.0,242762.0,892090.0
2024-08-30 00:00:00+09:00,243146.0,248148.0,235067.0,245455.0,1024081.0
2024-09-02 00:00:00+09:00,246224.0,247763.0,238914.0,247763.0,732032.0
2024-09-03 00:00:00+09:00,246994.0,257766.0,244301.0,250456.0,1142967.0
2024-09-04 00:00:00+09:00,240069.0,245070.0,236221.0,236606.0,1167127.0
2024-09-05 00:00:00+09:00,236606.0,240069.0,224680.0,236221.0,1329791.0
2024-09-06 00:00:00+09:00,231220.0,235837.0,225064.0,231605.0,795782.0
2024-09-09 00:00:00+09:00,224680.0,237376.0,223525.0,234298.0,681606.0
2024-09-10 00:00:00+09:00,236221.0,238530.0,231989.0,234682.0,526263.0
2024-09-11 00:00:00+09:00,233144.0,243531.0,232374.0,235452.0,741945.0
2024-09-12 00:00:00+09:00,237760.0,245455.0,236221.0,243146.0,817573.0
2024-09-13 00:00:00+09:00,246224.0,250456.0,243531.0,245840.0,532079.0
2024-09-19 00:00:00+09:00,248148.0,269308.0,247763.0,269308.0,2116386.0
2024-09-20 00:00:00+09:00,267000.0,279695.0,266230.0,279311.0,1185362.0
2024-09-23 00:00:00+09:00,275848.0,277387.0,267769.0,269308.0,490117.0
2024-09-24 00:00:00+09:00,268538.0,273540.0,261229.0,271616.0,422831.0
2024-09-25 00:00:00+09:00,271231.0,271231.0,248533.0,254304.0,816181.0
2024-09-26 00:00:00+09:00,251995.0,263152.0,251610.0,262383.0,470707.0
2024-09-27 00:00:00+09:00,262383.0,262768.0,255073.0,255458.0,242680.0
2024-09-30 00:00:00+09:00,256612.0,259305.0,250072.0,251610.0,313157.0
2024-10-02 00:00:00+09:00,248917.0,260844.0,248917.0,258536.0,283129.0
2024-10-04 00:00:00+09:00,259690.0,274309.0,257381.0,273925.0,531383.0
2024-10-07 00:00:00+09:00,273925.0,278541.0,271616.0,276618.0,360137.0
2024-10-08 00:00:00+09:00,271616.0,285466.0,270847.0,283927.0,539937.0
2024-10-10 00:00:00+09:00,282004.0,292776.0,279695.0,283927.0,582937.0
2024-10-11 00:00:00+09:00,292391.0,298932.0,287005.0,297008.0,774379.0
2024-10-14 00:00:00+09:00,300086.0,300086.0,283543.0,291237.0,605431.0
2024-10-15 00:00:00+09:00,288544.0,299701.0,287390.0,297393.0,465371.0
2024-10-16 00:00:00+09:00,294315.0,300855.0,292776.0,297008.0,341937.0
2024-10-17 00:00:00+09:00,296623.0,298932.0,288159.0,295469.0,331605.0
2024-10-18 00:00:00+09:00,292776.0,301240.0,292007.0,297393.0,480570.0
2024-10-21 00:00:00+09:00,296623.0,307011.0,290468.0,305857.0,592370.0
2024-10-22 00:00:00+09:00,307396.0,309319.0,292776.0,295085.0,664702.0
2024-10-23 00:00:00+09:00,292391.0,298162.0,283158.0,292776.0,688193.0
2024-10-24 00:00:00+09:00,288544.0,303548.0,287390.0,293930.0,490902.0
2024-10-25 00:00:00+09:00,293546.0,296239.0,285466.0,287775.0,385327.0
2024-10-28 00:00:00+09:00,288159.0,301240.0,287005.0,291622.0,551446.0
2024-10-29 00:00:00+09:00,293930.0,301240.0,288544.0,297008.0,555324.0
2024-10-30 00:00:00+09:00,297008.0,298162.0,290083.0,291622.0,370757.0
2024-10-31 00:00:00+09:00,289698.0,294700.0,285466.0,289698.0,344264.0
2024-11-01 00:00:00+09:00,290083.0,294700.0,274309.0,274309.0,699665.0
2024-11-04 00:00:00+09:00,271616.0,305472.0,266230.0,299701.0,1607341.0
2024-11-05 00:00:00+09:00,300471.0,302010.0,291237.0,293161.0,488379.0
2024-11-06 00:00:00+09:00,296239.0,307011.0,292391.0,301240.0,676179.0
2024-11-07 00:00:00+09:00,301240.0,302010.0,284697.0,292391.0,742492.0
2024-11-08 00:00:00+09:00,298932.0,341636.0,295469.0,336250.0,3697391.0
2024-11-11 00:00:00+09:00,344714.0,350485.0,336635.0,342791.0,1202730.0
2024-11-12 00:00:00+09:00,342791.0,344329.0,331634.0,338174.0,739410.0
2024-11-13 00:00:00+09:00,345099.0,347792.0,315475.0,324324.0,1383681.0
2024-11-14 00:00:00+09:00,327017.0,348946.0,324708.0,339713.0,1232788.0
2024-11-15 00:00:00+09:00,338943.0,345484.0,332018.0,336635.0,572208.0
2024-11-18 00:00:00+09:00,324708.0,326632.0,310089.0,313551.0,1131875.0
2024-11-19 00:00:00+09:00,316244.0,318938.0,284697.0,289314.0,1695506.0
2024-11-20 00:00:00+09:00,309319.0,311243.0,269693.0,269693.0,2239233.0
2024-11-21 00:00:00+09:00,264691.0,280465.0,214677.0,266615.0,6622144.0
2024-11-22 00:00:00+09:00,261613.0,267769.0,217370.0,224680.0,6036964.0
2024-11-25 00:00:00+09:00,238145.0,257766.0,233913.0,254688.0,3074434.0
2024-11-26 00:00:00+09:00,257766.0,257766.0,226603.0,228527.0,2285425.0
2024-11-27 00:00:00+09:00,230835.0,239684.0,222371.0,235067.0,1532294.0
2024-11-28 00:00:00+09:00,240069.0,243531.0,228142.0,232759.0,1109548.0
2024-11-29 00:00:00+09:00,233913.0,235067.0,214677.0,215446.0,1683061.0
2024-12-02 00:00:00+09:00,218139.0,235452.0,218139.0,232374.0,1565240.0
2024-12-03 00:00:00+09:00,236606.0,252765.0,235067.0,250072.0,1491478.0
2024-12-04 00:00:00+09:00,248533.0,253919.0,238145.0,244685.0,1831577.0
2024-12-05 00:00:00+09:00,246994.0,249687.0,238145.0,239299.0,833022.0
2024-12-06 00:00:00+09:00,241608.0,241992.0,226988.0,235452.0,1411534.0
2024-12-09 00:00:00+09:00,226988.0,231605.0,215446.0,219293.0,1549336.0
2024-12-10 00:00:00+09:00,228142.0,247378.0,226219.0,244685.0,1625519.0
2024-12-11 00:00:00+09:00,244301.0,244301.0,235837.0,236991.0,838957.0
2024-12-12 00:00:00+09:00,238145.0,248917.0,235067.0,240453.0,1564227.0
2024-12-13 00:00:00+09:00,242377.0,246609.0,236991.0,243916.0,763027.0
2024-12-16 00:00:00+09:00,249687.0,250072.0,235837.0,238914.0,949069.0
2024-12-17 00:00:00+09:00,237760.0,237760.0,229681.0,231989.0,799517.0
2024-12-18 00:00:00+09:00,231605.0,234682.0,224680.0,228527.0,882574.0
2024-12-19 00:00:00+09:00,219678.0,225064.0,216985.0,220448.0,946768.0
2024-12-20 00:00:00+09:00,220832.0,223141.0,210829.0,213138.0,1014555.0
2024-12-23 00:00:00+09:00,218524.0,220832.0,211984.0,213138.0,1017975.0
2024-12-24 00:00:00+09:00,215446.0,230451.0,211984.0,227757.0,2300144.0
2024-12-26 00:00:00+09:00,231605.0,235067.0,226603.0,231989.0,1870501.0
2024-12-27 00:00:00+09:00,234682.0,239684.0,228527.0,231605.0,2249283.0
2024-12-30 00:00:00+09:00,228527.0,244685.0,228527.0,238145.0,1051552.0
2025-01-02 00:00:00+09:00,236991.0,239299.0,229681.0,230835.0,771134.0
2025-01-03 00:00:00+09:00,230835.0,245840.0,229296.0,245070.0,961262.0
2025-01-06 00:00:00+09:00,242762.0,245070.0,236221.0,242762.0,750379.0
2025-01-07 00:00:00+09:00,240453.0,255842.0,240453.0,250841.0,1032081.0
2025-01-08 00:00:00+09:00,247378.0,248533.0,237376.0,238530.0,851064.0
2025-01-09 00:00:00+09:00,240069.0,241992.0,230451.0,237760.0,833222.0
2025-01-10 00:00:00+09:00,237760.0,240069.0,233144.0,238145.0,435755.0
2025-01-13 00:00:00+09:00,233144.0,237376.0,229681.0,230066.0,441435.0
2025-01-14 00:00:00+09:00,233528.0,240069.0,232374.0,236606.0,317456.0
2025-01-15 00:00:00+09:00,241223.0,241223.0,232759.0,233528.0,258913.0
2025-01-16 00:00:00+09:00,239299.0,242377.0,237376.0,240069.0,376170.0
2025-01-17 00:00:00+09:00,240069.0,240453.0,234298.0,236606.0,255829.0
2025-01-20 00:00:00+09:00,238914.0,247763.0,236606.0,245070.0,592338.0
2025-01-21 00:00:00+09:00,243531.0,250841.0,243146.0,250072.0,527911.0
2025-01-22 00:00:00+09:00,253149.0,266230.0,251610.0,263152.0,987307.0
2025-01-23 00:00:00+09:00,265845.0,270462.0,261998.0,267000.0,585320.0
2025-01-24 00:00:00+09:00,268154.0,280080.0,264691.0,278541.0,754132.0
2025-01-31 00:00:00+09:00,280080.0,288159.0,275463.0,285851.0,659836.0
2025-02-03 00:00:00+09:00,281234.0,283543.0,267769.0,271231.0,809473.0
2025-02-04 00:00:00+09:00,277772.0,295854.0,275463.0,287775.0,1179094.0
2025-02-05 00:00:00+09:00,290853.0,293546.0,285466.0,289314.0,933650.0
2025-02-06 00:00:00+09:00,294315.0,303548.0,291237.0,301625.0,874096.0
2025-02-07 00:00:00+09:00,299701.0,304318.0,295854.0,301240.0,591429.0
2025-02-10 00:00:00+09:00,298547.0,302779.0,292776.0,301625.0,617426.0
2025-02-11 00:00:00+09:00,301625.0,307780.0,288544.0,290853.0,807488.0
2025-02-12 00:00:00+09:00,288929.0,292007.0,281619.0,290468.0,632640.0
2025-02-13 00:00:00+09:00,290468.0,291622.0,281619.0,285082.0,672427.0
2025-02-14 00:00:00+09:00,288544.0,304703.0,287775.0,303164.0,1025021.0
2025-02-17 00:00:00+09:00,306242.0,310474.0,297778.0,306626.0,672005.0
2025-02-18 00:00:00+09:00,304318.0,307011.0,298932.0,303933.0,574720.0
2025-02-19 00:00:00+09:00,300086.0,301625.0,290853.0,297778.0,567000.0
2025-02-20 00:00:00+09:00,293161.0,304318.0,288544.0,290853.0,784304.0
2025-02-21 00:00:00+09:00,289314.0,302779.0,289314.0,301625.0,574529.0
2025-02-24 00:00:00+09:00,298162.0,302010.0,293546.0,294700.0,394367.0
2025-02-25 00:00:00+09:00,292391.0,304703.0,288929.0,302779.0,541825.0
2025-02-26 00:00:00+09:00,305472.0,306242.0,296239.0,302779.0,449908.0
2025-02-27 00:00:00+09:00,304318.0,312397.0,300471.0,308935.0,662889.0
2025-02-28 00:00:00+09:00,305087.0,306242.0,295854.0,297778.0,761892.0
2025-03-04 00:00:00+09:00,297778.0,310089.0,296239.0,307780.0,597563.0
2025-03-05 00:00:00+09:00,312397.0,322015.0,309319.0,318553.0,651458.0
2025-03-06 00:00:00+09:00,312397.0,314706.0,295469.0,300471.0,1298718.0
2025-03-07 00:00:00+09:00,297393.0,303741.0,277772.0,283543.0,1379109.0
2025-03-10 00:00:00+09:00,279311.0,293546.0,275463.0,286236.0,645425.0
2025-03-11 00:00:00+09:00,277387.0,287005.0,277387.0,284697.0,515519.0
2025-03-12 00:00:00+09:00,285082.0,292391.0,272770.0,277772.0,652814.0
2025-03-13 00:00:00+09:00,280850.0,298162.0,280850.0,288544.0,1031377.0
2025-03-14 00:00:00+09:00,291622.0,310089.0,286621.0,301625.0,1338212.0
2025-03-17 00:00:00+09:00,306626.0,339136.0,300471.0,338174.0,2668550.0
2025-03-18 00:00:00+09:00,348946.0,353563.0,326247.0,341252.0,2624130.0
2025-03-19 00:00:00+09:00,338943.0,343175.0,319707.0,322400.0,1311294.0
2025-03-20 00:00:00+09:00,325478.0,327402.0,285466.0,287005.0,3131459.0
2025-03-21 00:00:00+09:00,286236.0,296239.0,278926.0,284697.0,1681411.0
2025-03-24 00:00:00+09:00,288929.0,295854.0,282389.0,286621.0,499260.0
2025-03-25 00:00:00+09:00,288929.0,290468.0,277387.0,278541.0,469154.0
2025-03-26 00:00:00+09:00,278541.0,282004.0,268923.0,278541.0,598941.0
2025-03-27 00:00:00+09:00,276233.0,280465.0,267769.0,270847.0,397664.0
2025-03-28 00:00:00+09:00,281234.0,281234.0,270077.0,271231.0,488912.0
2025-03-31 00:00:00+09:00,269308.0,287005.0,268538.0,273925.0,1021555.0
2025-04-01 00:00:00+09:00,279311.0,291622.0,277772.0,285851.0,585139.0
2025-04-02 00:00:00+09:00,286236.0,286236.0,277002.0,278926.0,399459.0
2025-04-03 00:00:00+09:00,271616.0,282389.0,271231.0,280850.0,342655.0
2025-04-04 00:00:00+09:00,277387.0,291622.0,273155.0,279311.0,722734.0
2025-04-07 00:00:00+09:00,267769.0,269308.0,255458.0,258151.0,851840.0
2025-04-08 00:00:00+09:00,266230.0,283158.0,263152.0,277387.0,804911.0
2025-04-09 00:00:00+09:00,274694.0,277387.0,263922.0,267384.0,549788.0
2025-04-10 00:00:00+09:00,284697.0,287390.0,280465.0,282389.0,541939.0
2025-04-11 00:00:00+09:00,279311.0,291622.0,277772.0,288159.0,500708.0
2025-04-14 00:00:00+09:00,289698.0,297778.0,287005.0,297778.0,455783.0
2025-04-15 00:00:00+09:00,296239.0,297008.0,290853.0,292391.0,300271.0
2025-04-16 00:00:00+09:00,289698.0,291622.0,281619.0,282004.0,392927.0
2025-04-17 00:00:00+09:00,282389.0,290083.0,282004.0,289314.0,235251.0
2025-04-18 00:00:00+09:00,293546.0,307396.0,289698.0,302394.0,740973.0
2025-04-21 00:00:00+09:00,301240.0,302394.0,296623.0,297393.0,250999.0
2025-04-22 00:00:00+09:00,295085.0,301240.0,293546.0,299317.0,325467.0
2025-04-23 00:00:00+09:00,303548.0,303933.0,297008.0,299317.0,278800.0
2025-04-24 00:00:00+09:00,297778.0,300086.0,295854.0,298932.0,213028.0
2025-04-25 00:00:00+09:00,290083.0,295469.0,283927.0,283927.0,671672.0
2025-04-28 00:00:00+09:00,280850.0,284312.0,272386.0,274694.0,559280.0
2025-04-29 00:00:00+09:00,278157.0,282004.0,277002.0,279311.0,210493.0
2025-04-30 00:00:00+09:00,278926.0,282389.0,268154.0,270077.0,390051.0
2025-05-02 00:00:00+09:00,268154.0,276233.0,267000.0,274309.0,204574.0
2025-05-07 00:00:00+09:00,269693.0,275079.0,261229.0,274309.0,429467.0
2025-05-08 00:00:00+09:00,275079.0,280850.0,270847.0,271231.0,456457.0
2025-05-09 00:00:00+09:00,271616.0,275079.0,265076.0,265461.0,262797.0
2025-05-12 00:00:00+09:00,261998.0,262768.0,251995.0,258536.0,567070.0
2025-05-13 00:00:00+09:00,267000.0,272770.0,265461.0,267769.0,365158.0
2025-05-14 00:00:00+09:00,251610.0,263152.0,245840.0,257766.0,1420845.0
2025-05-15 00:00:00+09:00,252380.0,258536.0,247378.0,254688.0,526360.0
2025-05-16 00:00:00+09:00,256997.0,257766.0,242762.0,244301.0,731097.0
2025-05-19 00:00:00+09:00,246224.0,250841.0,243531.0,245840.0,316382.0
2025-05-20 00:00:00+09:00,250072.0,253534.0,244301.0,244301.0,289965.0
2025-05-21 00:00:00+09:00,247763.0,254688.0,246994.0,250841.0,354459.0
2025-05-22 00:00:00+09:00,248533.0,253919.0,246994.0,248917.0,226657.0
2025-05-23 00:00:00+09:00,251995.0,254688.0,245070.0,248533.0,294097.0
2025-05-26 00:00:00+09:00,250456.0,257766.0,247378.0,255073.0,333038.0
2025-05-27 00:00:00+09:00,263922.0,264691.0,257766.0,264691.0,359494.0
2025-05-28 00:00:00+09:00,265845.0,265845.0,253919.0,256612.0,447223.0
2025-05-29 00:00:00+09:00,259690.0,262768.0,255842.0,257381.0,251055.0
2025-05-30 00:00:00+09:00,258151.0,261998.0,253919.0,253919.0,390642.0
2025-06-02 00:00:00+09:00,255842.0,273155.0,254304.0,269308.0,554116.0
2025-06-04 00:00:00+09:00,287775.0,298547.0,285082.0,293161.0,1018291.0
2025-06-05 00:00:00+09:00,289314.0,293161.0,280850.0,283543.0,498585.0
2025-06-09 00:00:00+09:00,283927.0,300471.0,279311.0,298162.0,722518.0
2025-06-10 00:00:00+09:00,298932.0,306242.0,293546.0,302394.0,501122.0
2025-06-11 00:00:00+09:00,306626.0,319322.0,304318.0,313936.0,818626.0
2025-06-12 00:00:00+09:00,316629.0,320476.0,310474.0,315860.0,621862.0
2025-06-13 00:00:00+09:00,312782.0,314706.0,292007.0,296623.0,956088.0
2025-06-16 00:00:00+09:00,302779.0,317014.0,302394.0,312012.0,528808.0
2025-06-17 00:00:00+09:00,312012.0,315860.0,304703.0,305857.0,366051.0
2025-06-18 00:00:00+09:00,301625.0,316629.0,299701.0,303933.0,431457.0
2025-06-19 00:00:00+09:00,305857.0,305857.0,296239.0,297778.0,355680.0
2025-06-20 00:00:00+09:00,300086.0,308165.0,295854.0,300086.0,587042.0
2025-06-23 00:00:00+09:00,293930.0,294700.0,288544.0,292391.0,353382.0
2025-06-24 00:00:00+09:00,300855.0,306242.0,295854.0,300086.0,420674.0
2025-06-25 00:00:00+09:00,300471.0,308550.0,297393.0,300086.0,422439.0
2025-06-26 00:00:00+09:00,299317.0,301240.0,293161.0,296239.0,290571.0
2025-06-27 00:00:00+09:00,296623.0,301625.0,292776.0,292776.0,231772.0
2025-06-30 00:00:00+09:00,290853.0,292776.0,286236.0,286236.0,266770.0
2025-07-01 00:00:00+09:00,287775.0,292391.0,285466.0,286621.0,216186.0
2025-07-02 00:00:00+09:00,294700.0,303548.0,290083.0,302010.0,738821.0
2025-07-03 00:00:00+09:00,301240.0,311628.0,297008.0,306242.0,441417.0
2025-07-04 00:00:00+09:00,305087.0,307780.0,288929.0,288929.0,567598.0
2025-07-07 00:00:00+09:00,285851.0,320861.0,285851.0,320861.0,1308125.0
2025-07-08 00:00:00+09:00,316244.0,322785.0,313167.0,322400.0,519850.0
2025-07-09 00:00:00+09:00,321246.0,328556.0,317783.0,325863.0,485603.0
2025-07-10 00:00:00+09:00,334711.0,348561.0,326632.0,345484.0,1193410.0
2025-07-11 00:00:00+09:00,344329.0,347023.0,336250.0,337789.0,458675.0
2025-07-14 00:00:00+09:00,342021.0,343945.0,334711.0,342406.0,347233.0
2025-07-15 00:00:00+09:00,342791.0,360873.0,339713.0,360873.0,973848.0
2025-07-16 00:00:00+09:00,353948.0,383187.0,351639.0,373953.0,1172956.0
2025-07-17 00:00:00+09:00,370876.0,379340.0,369337.0,375877.0,520282.0
2025-07-18 00:00:00+09:00,378570.0,390881.0,372414.0,377031.0,601665.0
2025-07-21 00:00:00+09:00,370876.0,375492.0,365489.0,371645.0,348810.0
2025-07-22 00:00:00+09:00,372030.0,386265.0,363951.0,366259.0,616504.0
2025-07-23 00:00:00+09:00,372030.0,372414.0,363566.0,368567.0,284091.0
2025-07-24 00:00:00+09:00,370491.0,375877.0,367028.0,367028.0,289278.0
2025-07-25 00:00:00+09:00,363951.0,365874.0,354717.0,355487.0,416158.0
2025-07-28 00:00:00+09:00,361257.0,362027.0,350485.0,351639.0,284718.0
2025-07-29 00:00:00+09:00,352024.0,353178.0,342406.0,351255.0,377870.0
2025-07-30 00:00:00+09:00,357410.0,359719.0,347023.0,347407.0,286709.0
2025-07-31 00:00:00+09:00,348177.0,350485.0,338943.0,349331.0,411092.0
2025-08-01 00:00:00+09:00,337789.0,338943.0,323939.0,324708.0,596342.0
2025-08-04 00:00:00+09:00,328940.0,338943.0,325093.0,332403.0,409461.0
2025-08-05 00:00:00+09:00,342021.0,347407.0,335096.0,341636.0,429969.0
2025-08-06 00:00:00+09:00,335481.0,341636.0,333942.0,338174.0,322208.0
2025-08-07 00:00:00+09:00,338559.0,339328.0,330479.0,332403.0,285085.0
2025-08-08 00:00:00+09:00,332403.0,339328.0,330095.0,330864.0,256718.0
2025-08-11 00:00:00+09:00,330095.0,337020.0,322785.0,330864.0,319207.0
2025-08-12 00:00:00+09:00,334327.0,345099.0,331249.0,334327.0,352411.0
2025-08-13 00:00:00+09:00,341636.0,349716.0,335865.0,345484.0,468533.0
2025-08-14 00:00:00+09:00,336635.0,342021.0,327786.0,336250.0,704526.0
2025-08-18 00:00:00+09:00,340867.0,347792.0,336250.0,338174.0,395745.0
2025-08-19 00:00:00+09:00,338559.0,340482.0,324708.0,328556.0,443530.0
2025-08-20 00:00:00+09:00,322400.0,325093.0,318553.0,323939.0,329939.0
2025-08-21 00:00:00+09:00,323170.0,326247.0,310474.0,312012.0,399412.0
2025-08-22 00:00:00+09:00,313167.0,335096.0,313167.0,324708.0,503066.0
2025-08-25 00:00:00+09:00,335096.0,341252.0,331634.0,337020.0,336150.0
2025-08-26 00:00:00+09:00,332788.0,347023.0,331249.0,340482.0,412047.0
2025-08-27 00:00:00+09:00,337404.0,341636.0,324708.0,325478.0,545426.0
2025-08-28 00:00:00+09:00,328171.0,328171.0,320861.0,321631.0,263658.0
2025-08-29 00:00:00+09:00,336635.0,343560.0,330864.0,337404.0,588025.0
2025-09-01 00:00:00+09:00,347792.0,361642.0,347407.0,350100.0,881459.0
2025-09-02 00:00:00+09:00,355102.0,358180.0,347407.0,355871.0,384335.0
2025-09-03 00:00:00+09:00,354332.0,357410.0,350100.0,356641.0,260769.0
2025-09-04 00:00:00+09:00,356641.0,363566.0,354332.0,359719.0,299587.0
2025-09-05 00:00:00+09:00,358564.0,367028.0,354717.0,365874.0,349659.0
2025-09-08 00:00:00+09:00,376262.0,376646.0,362796.0,367798.0,364606.0
2025-09-09 00:00:00+09:00,365489.0,370491.0,355487.0,366644.0,489649.0
2025-09-10 00:00:00+09:00,370491.0,378185.0,369337.0,373953.0,450732.0
2025-09-11 00:00:00+09:00,371645.0,373569.0,363951.0,363951.0,572529.0
2025-09-12 00:00:00+09:00,367798.0,382033.0,365874.0,378185.0,566307.0
2025-09-15 00:00:00+09:00,380878.0,382417.0,375492.0,378185.0,290635.0
2025-09-16 00:00:00+09:00,378570.0,380494.0,373569.0,379340.0,271213.0
2025-09-17 00:00:00+09:00,387034.0,387034.0,363951.0,363951.0,553233.0
2025-09-18 00:00:00+09:00,369337.0,373953.0,360103.0,364335.0,353939.0
2025-09-19 00:00:00+09:00,361257.0,370876.0,359719.0,363566.0,475607.0
2025-09-22 00:00:00+09:00,390112.0,407040.0,381263.0,390112.0,1306829.0
2025-09-23 00:00:00+09:00,385495.0,387034.0,367028.0,370876.0,999604.0
2025-09-24 00:00:00+09:00,375877.0,375877.0,351255.0,357410.0,739392.0
2025-09-25 00:00:00+09:00,359719.0,360488.0,349331.0,350100.0,462573.0
2025-09-26 00:00:00+09:00,349331.0,352793.0,342406.0,343945.0,462371.0
2025-09-29 00:00:00+09:00,351255.0,358949.0,349331.0,358564.0,409409.0
2025-09-30 00:00:00+09:00,356641.0,357025.0,348561.0,352409.0,281658.0
2025-10-01 00:00:00+09:00,360103.0,360488.0,351639.0,352409.0,217453.0
2025-10-02 00:00:00+09:00,359334.0,365105.0,352409.0,362796.0,481403.0
2025-10-10 00:00:00+09:00,360103.0,360488.0,350100.0,354717.0,354120.0
2025-10-13 00:00:00+09:00,348561.0,350485.0,340482.0,341636.0,411825.0
2025-10-14 00:00:00+09:00,345484.0,358180.0,340867.0,343175.0,548931.0
2025-10-15 00:00:00+09:00,346253.0,348177.0,341252.0,342406.0,342511.0
2025-10-16 00:00:00+09:00,344329.0,344329.0,331634.0,332403.0,569685.0
2025-10-17 00:00:00+09:00,332018.0,344714.0,327786.0,333172.0,557215.0
2025-10-20 00:00:00+09:00,337020.0,344329.0,334711.0,340482.0,315369.0
2025-10-21 00:00:00+09:00,343175.0,344714.0,338559.0,340867.0,291860.0
2025-10-22 00:00:00+09:00,341252.0,353563.0,338174.0,347407.0,392956.0
2025-10-23 00:00:00+09:00,348177.0,354717.0,345484.0,348561.0,275476.0
2025-10-24 00:00:00+09:00,350870.0,350870.0,341252.0,343175.0,369136.0
2025-10-27 00:00:00+09:00,344714.0,374338.0,340867.0,372030.0,990370.0
2025-10-28 00:00:00+09:00,372414.0,373569.0,363181.0,366259.0,421400.0
2025-10-29 00:00:00+09:00,363951.0,365489.0,356256.0,358949.0,378400.0
2025-10-30 00:00:00+09:00,362412.0,369337.0,357795.0,363181.0,445787.0
2025-10-31 00:00:00+09:00,367413.0,378185.0,365105.0,375877.0,690704.0
2025-11-03 00:00:00+09:00,378955.0,405501.0,373953.0,402423.0,1045348.0
2025-11-04 00:00:00+09:00,394729.0,433201.0,389342.0,422429.0,1390091.0
2025-11-05 00:00:00+09:00,423968.0,423968.0,393190.0,407040.0,1030847.0
2025-11-06 00:00:00+09:00,414734.0,433201.0,403193.0,420890.0,992280.0
2025-11-07 00:00:00+09:00,413195.0,423198.0,400884.0,406270.0,576927.0
2025-11-10 00:00:00+09:00,412426.0,421659.0,397806.0,401654.0,426605.0
2025-11-11 00:00:00+09:00,403193.0,405501.0,386265.0,392420.0,556742.0
2025-11-12 00:00:00+09:00,403962.0,424737.0,401654.0,420890.0,847606.0
2025-11-13 00:00:00+09:00,422429.0,429354.0,409348.0,422429.0,735828.0
2025-11-14 00:00:00+09:00,415504.0,437818.0,413195.0,426276.0,868860.0
2025-11-17 00:00:00+09:00,423968.0,428585.0,416273.0,421659.0,368764.0
2025-11-18 00:00:00+09:00,423198.0,437818.0,413965.0,430123.0,724116.0
2025-11-19 00:00:00+09:00,430893.0,431662.0,409348.0,418582.0,488540.0
2025-11-20 00:00:00+09:00,423198.0,436279.0,422429.0,428585.0,437569.0
2025-11-21 00:00:00+09:00,415504.0,423968.0,411657.0,416273.0,315252.0
2025-11-24 00:00:00+09:00,420890.0,422429.0,405501.0,405501.0,440956.0
2025-11-25 00:00:00+09:00,406270.0,413195.0,392420.0,398576.0,393366.0
2025-11-26 00:00:00+09:00,400884.0,412426.0,396268.0,398576.0,369293.0
2025-11-27 00:00:00+09:00,400115.0,411657.0,397037.0,400884.0,300591.0
2025-11-28 00:00:00+09:00,407809.0,421659.0,403193.0,410118.0,613142.0
2025-12-01 00:00:00+09:00,413195.0,424737.0,410118.0,417043.0,462939.0
2025-12-02 00:00:00+09:00,413195.0,417043.0,400884.0,400884.0,466904.0
2025-12-03 00:00:00+09:00,404731.0,405501.0,396268.0,401654.0,292251.0
2025-12-04 00:00:00+09:00,399345.0,406270.0,393190.0,399345.0,367738.0
2025-12-05 00:00:00+09:00,393959.0,395498.0,333172.0,351255.0,3659556.0
2025-12-08 00:00:00+09:00,363951.0,364335.0,351255.0,352409.0,745397.0
2025-12-09 00:00:00+09:00,360103.0,360103.0,350485.0,351639.0,505659.0
2025-12-10 00:00:00+09:00,347792.0,354332.0,344329.0,351255.0,439508.0
2025-12-11 00:00:00+09:00,353948.0,355102.0,345868.0,348946.0,651870.0
2025-12-12 00:00:00+09:00,329325.0,340675.0,327786.0,333172.0,908686.0
2025-12-15 00:00:00+09:00,339328.0,339713.0,333172.0,335481.0,515476.0
2025-12-16 00:00:00+09:00,334327.0,337020.0,325863.0,325863.0,497633.0
2025-12-17 00:00:00+09:00,323554.0,335865.0,320476.0,323939.0,708752.0
2025-12-18 00:00:00+09:00,319707.0,335865.0,318168.0,331634.0,627104.0
2025-12-19 00:00:00+09:00,333942.0,350485.0,329710.0,344714.0,997258.0
2025-12-22 00:00:00+09:00,348177.0,348177.0,338174.0,338174.0,437754.0
2025-12-23 00:00:00+09:00,341252.0,346253.0,336250.0,338174.0,559626.0
2025-12-24 00:00:00+09:00,338559.0,339713.0,328171.0,330864.0,616768.0
2025-12-26 00:00:00+09:00,342021.0,345099.0,334327.0,337789.0,1330936.0
2025-12-29 00:00:00+09:00,350485.0,352793.0,342791.0,350100.0,925677.0
2025-12-30 00:00:00+09:00,352024.0,352793.0,344329.0,345868.0,413513.0
2026-01-02 00:00:00+09:00,348561.0,354332.0,348561.0,351639.0,487251.0
2026-01-05 00:00:00+09:00,349716.0,362027.0,345099.0,360488.0,606714.0
2026-01-06 00:00:00+09:00,358180.0,365489.0,355871.0,364720.0,469944.0
2026-01-07 00:00:00+09:00,361642.0,364720.0,357410.0,362412.0,513149.0
2026-01-08 00:00:00+09:00,364335.0,371645.0,361257.0,368182.0,578322.0
2026-01-09 00:00:00+09:00,369337.0,394729.0,367413.0,393190.0,1015293.0
2026-01-12 00:00:00+09:00,382417.0,382802.0,362796.0,365874.0,962887.0
2026-01-13 00:00:00+09:00,369721.0,372799.0,357795.0,367413.0,661435.0
2026-01-14 00:00:00+09:00,365489.0,369337.0,355102.0,359334.0,463659.0
2026-01-15 00:00:00+09:00,360488.0,368567.0,357025.0,362027.0,373447.0
2026-01-16 00:00:00+09:00,348561.0,407040.0,342791.0,398576.0,3074479.0
2026-01-19 00:00:00+09:00,390881.0,390881.0,380494.0,381648.0,937275.0
2026-01-20 00:00:00+09:00,388573.0,398576.0,358180.0,370106.0,2006469.0
2026-01-21 00:00:00+09:00,355487.0,356641.0,280080.0,287390.0,9334323.0
2026-01-22 00:00:00+09:00,293161.0,297008.0,278541.0,284697.0,2670157.0
2026-01-23 00:00:00+09:00,285466.0,301240.0,285082.0,298162.0,2272445.0
2026-01-26 00:00:00+09:00,301240.0,315090.0,299701.0,312397.0,2245442.0
2026-01-27 00:00:00+09:00,307780.0,321246.0,307780.0,313936.0,1281339.0
2026-01-28 00:00:00+09:00,313167.0,340867.0,312397.0,334711.0,2265162.0
2026-01-29 00:00:00+09:00,337789.0,341636.0,321631.0,330864.0,1536360.0
2026-01-30 00:00:00+09:00,328556.0,329710.0,317399.0,317783.0,1104824.0
2026-02-02 00:00:00+09:00,306242.0,312782.0,295469.0,303164.0,1137165.0
2026-02-03 00:00:00+09:00,313167.0,313551.0,303933.0,310089.0,687691.0
2026-02-04 00:00:00+09:00,306626.0,310474.0,300855.0,303933.0,597932.0
2026-02-05 00:00:00+09:00,303548.0,307780.0,288929.0,289698.0,765956.0
2026-02-06 00:00:00+09:00,279695.0,283543.0,270847.0,277772.0,708451.0
2026-02-09 00:00:00+09:00,287005.0,298547.0,286236.0,297008.0,535683.0
2026-02-10 00:00:00+09:00,295085.0,301240.0,290853.0,290853.0,369222.0
2026-02-11 00:00:00+09:00,295854.0,302010.0,293930.0,296239.0,455643.0
2026-02-12 00:00:00+09:00,296239.0,300086.0,291622.0,300086.0,546385.0
2026-02-13 00:00:00+09:00,295469.0,297393.0,293546.0,293930.0,285326.0
2026-02-19 00:00:00+09:00,302394.0,318938.0,300855.0,316629.0,1047782.0
2026-02-20 00:00:00+09:00,313551.0,315090.0,308165.0,309319.0,388912.0
2026-02-23 00:00:00+09:00,314321.0,322400.0,309704.0,312397.0,502398.0
2026-02-24 00:00:00+09:00,317014.0,318168.0,311243.0,313936.0,340147.0
2026-02-25 00:00:00+09:00,314321.0,314706.0,308550.0,309319.0,315871.0
2026-02-26 00:00:00+09:00,307780.0,312397.0,302394.0,310089.0,530166.0
2026-02-27 00:00:00+09:00,307011.0,315090.0,305472.0,313551.0,569196.0
2026-03-03 00:00:00+09:00,310089.0,315090.0,293930.0,294700.0,659289.0
2026-03-04 00:00:00+09:00,283927.0,292391.0,251610.0,255458.0,987600.0
2026-03-05 00:00:00+09:00,275848.0,299317.0,273540.0,286236.0,833465.0
2026-03-06 00:00:00+09:00,280080.0,293930.0,277002.0,287005.0,406083.0
2026-03-09 00:00:00+09:00,271231.0,283158.0,269308.0,282004.0,404097.0
2026-03-10 00:00:00+09:00,297393.0,297393.0,286236.0,288929.0,408496.0
2026-03-11 00:00:00+09:00,290083.0,292391.0,273925.0,277002.0,708155.0
2026-03-12 00:00:00+09:00,274694.0,290468.0,269308.0,286621.0,862569.0
2026-03-13 00:00:00+09:00,277002.0,282389.0,275463.0,278157.0,280043.0
2026-03-16 00:00:00+09:00,277002.0,279695.0,269693.0,273155.0,245581.0
2026-03-17 00:00:00+09:00,277002.0,279695.0,272386.0,272770.0,267500.0
2026-03-18 00:00:00+09:00,277387.0,277772.0,272770.0,273155.0,310919.0
2026-03-19 00:00:00+09:00,267769.0,280080.0,267000.0,277002.0,379335.0
2026-03-20 00:00:00+09:00,277002.0,277002.0,271616.0,272001.0,303510.0
2026-03-23 00:00:00+09:00,262383.0,263537.0,253149.0,254304.0,362283.0
2026-03-24 00:00:00+09:00,261229.0,276618.0,259305.0,273540.0,476256.0
2026-03-25 00:00:00+09:00,270847.0,280850.0,269693.0,275848.0,278613.0
2026-03-26 00:00:00+09:00,307011.0,307396.0,288159.0,293161.0,1207313.0
2026-03-27 00:00:00+09:00,296239.0,298547.0,286236.0,293161.0,528024.0
2026-03-30 00:00:00+09:00,283158.0,284312.0,271231.0,272770.0,363140.0
2026-03-31 00:00:00+09:00,268154.0,278157.0,261998.0,262768.0,525923.0
2026-04-01 00:00:00+09:00,272386.0,281619.0,270462.0,277002.0,340677.0
2026-04-02 00:00:00+09:00,278541.0,284312.0,263152.0,270847.0,441176.0
2026-04-03 00:00:00+09:00,272386.0,294700.0,270077.0,281234.0,565177.0
2026-04-06 00:00:00+09:00,280850.0,288544.0,278541.0,278541.0,298825.0
2026-04-07 00:00:00+09:00,282389.0,287582.0,271616.0,272386.0,248866.0
2026-04-08 00:00:00+09:00,286236.0,293161.0,285466.0,288159.0,470664.0
2026-04-09 00:00:00+09:00,287005.0,288544.0,279311.0,284697.0,414193.0
2026-04-10 00:00:00+09:00,285466.0,286621.0,277772.0,278157.0,256919.0
2026-04-13 00:00:00+09:00,271616.0,272386.0,266230.0,272001.0,272397.0
2026-04-14 00:00:00+09:00,277002.0,279695.0,270847.0,271616.0,221687.0
2026-04-15 00:00:00+09:00,277002.0,289698.0,275463.0,287005.0,445059.0
2026-04-16 00:00:00+09:00,290468.0,291622.0,283158.0,284312.0,267937.0
2026-04-17 00:00:00+09:00,285082.0,285851.0,281234.0,281619.0,184857.0
2026-04-20 00:00:00+09:00,283158.0,293930.0,280850.0,285851.0,369323.0
2026-04-21 00:00:00+09:00,288544.0,288929.0,283158.0,283927.0,301372.0
2026-04-22 00:00:00+09:00,282389.0,282773.0,273925.0,276618.0,347761.0
2026-04-23 00:00:00+09:00,280080.0,284697.0,273155.0,275079.0,376773.0
2026-04-24 00:00:00+09:00,277002.0,287775.0,274309.0,283927.0,433878.0
2026-04-27 00:00:00+09:00,286621.0,297008.0,285466.0,291622.0,488245.0
2026-04-28 00:00:00+09:00,287775.0,296816.0,283927.0,289698.0,397200.0
2026-04-29 00:00:00+09:00,291622.0,299701.0,290468.0,292391.0,393088.0
2026-04-30 00:00:00+09:00,292007.0,292007.0,281619.0,283543.0,341934.0
2026-05-04 00:00:00+09:00,290853.0,296239.0,287005.0,287005.0,451677.0
2026-05-06 00:00:00+09:00,287005.0,287005.0,277772.0,279695.0,366108.0
2026-05-07 00:00:00+09:00,277387.0,283927.0,274309.0,274309.0,359651.0
2026-05-08 00:00:00+09:00,277387.0,278926.0,258536.0,261998.0,661170.0
2026-05-11 00:00:00+09:00,259305.0,259305.0,248533.0,250072.0,529927.0
2026-05-12 00:00:00+09:00,248917.0,268154.0,247378.0,263152.0,820569.0
2026-05-13 00:00:00+09:00,270847.0,291622.0,251610.0,272386.0,1808764.0
2026-05-14 00:00:00+09:00,283543.0,298547.0,280850.0,296239.0,1451565.0
2026-05-15 00:00:00+09:00,305087.0,311628.0,277772.0,283927.0,918016.0
2026-05-18 00:00:00+09:00,290083.0,292007.0,265076.0,275079.0,637385.0
2026-05-19 00:00:00+09:00,277002.0,298547.0,273540.0,282004.0,980545.0
2026-05-20 00:00:00+09:00,282389.0,288159.0,267384.0,276618.0,567640.0
2026-05-21 00:00:00+09:00,280080.0,288929.0,269693.0,270462.0,578217.0
2026-05-22 00:00:00+09:00,274309.0,295854.0,273925.0,280465.0,972611.0
2026-05-26 00:00:00+09:00,288544.0,297008.0,269308.0,281234.0,603284.0
2026-05-27 00:00:00+09:00,277387.0,303548.0,277002.0,297393.0,1232888.0
2026-05-28 00:00:00+09:00,296623.0,300855.0,278541.0,284312.0,617006.0
2026-05-29 00:00:00+09:00,287005.0,287775.0,277772.0,283927.0,682012.0
2026-06-01 00:00:00+09:00,282004.0,294315.0,273925.0,281619.0,829020.0
2026-06-02 00:00:00+09:00,283158.0,293161.0,272001.0,274694.0,675789.0
2026-06-04 00:00:00+09:00,277387.0,285466.0,266230.0,266615.0,511105.0
2026-06-05 00:00:00+09:00,270847.0,270847.0,253919.0,255842.0,412388.0
2026-06-08 00:00:00+09:00,240453.0,242377.0,220063.0,222756.0,743160.0
2026-06-09 00:00:00+09:00,224680.0,261613.0,221217.0,251226.0,964448.0
2026-06-10 00:00:00+09:00,245070.0,255073.0,238530.0,242377.0,365116.0
2026-06-11 00:00:00+09:00,239299.0,267769.0,230451.0,267000.0,1210494.0
2026-06-12 00:00:00+09:00,273540.0,275463.0,256227.0,259305.0,605537.0
2026-06-15 00:00:00+09:00,264691.0,280080.0,262768.0,268538.0,611403.0
2026-06-16 00:00:00+09:00,267769.0,274309.0,259305.0,271231.0,421040.0
2026-06-17 00:00:00+09:00,280850.0,290853.0,268154.0,287005.0,866165.0
2026-06-18 00:00:00+09:00,284697.0,292776.0,282389.0,284312.0,545276.0
2026-06-19 00:00:00+09:00,282389.0,291237.0,265461.0,272001.0,751473.0
2026-06-22 00:00:00+09:00,268923.0,271231.0,260074.0,269693.0,352558.0
2026-06-23 00:00:00+09:00,268923.0,279311.0,255458.0,256227.0,574262.0
2026-06-24 00:00:00+09:00,257766.0,288929.0,255073.0,285851.0,1062416.0
2026-06-25 00:00:00+09:00,283158.0,305857.0,280850.0,288544.0,1124053.0
2026-06-26 00:00:00+09:00,290083.0,290468.0,263152.0,264306.0,733252.0
2026-06-29 00:00:00+09:00,270847.0,296623.0,270847.0,287005.0,891942.0
2026-06-30 00:00:00+09:00,284312.0,286236.0,272386.0,277772.0,561830.0
2026-07-01 00:00:00+09:00,282389.0,293546.0,273540.0,275463.0,571664.0
2026-07-02 00:00:00+09:00,277772.0,283543.0,268538.0,270462.0,510698.0
2026-07-03 00:00:00+09:00,273925.0,276233.0,254688.0,262768.0,571181.0
2026-07-06 00:00:00+09:00,262383.0,262768.0,250072.0,254688.0,345752.0
2026-07-07 00:00:00+09:00,253919.0,266230.0,250841.0,259690.0,462133.0
2026-07-08 00:00:00+09:00,254304.0,258920.0,236606.0,241223.0,588508.0
2026-07-09 00:00:00+09:00,239299.0,246224.0,230835.0,230835.0,628736.0
2026-07-10 00:00:00+09:00,230835.0,255458.0,229681.0,249302.0,690641.0
2026-07-13 00:00:00+09:00,252765.0,264691.0,241608.0,243531.0,555133.0
2026-07-14 00:00:00+09:00,233913.0,239299.0,194671.0,215061.0,1719578.0
2026-07-15 00:00:00+09:00,222756.0,227373.0,209291.0,221987.0,902207.0
2026-07-16 00:00:00+09:00,214677.0,221987.0,210829.0,212753.0,406023.0
2026-07-20 00:00:00+09:00,216216.0,218139.0,205828.0,207367.0,511163.0
2026-07-21 00:00:00+09:00,201596.0,212368.0,198134.0,210060.0,405448.0
2026-07-22 00:00:00+09:00,213523.0,218139.0,205828.0,206213.0,379819.0
2026-07-23 00:00:00+09:00,207367.0,236221.0,206982.0,235837.0,723666.0
2026-07-24 00:00:00+09:00,228912.0,243916.0,227757.0,231220.0,491480.0
2026-07-27 00:00:00+09:00,237760.0,247763.0,229296.0,240069.0,429576.0
2026-07-28 00:00:00+09:00,235067.0,245070.0,221217.0,228142.0,400274.0
2026-07-29 00:00:00+09:00,230451.0,232374.0,205059.0,217370.0,628756.0
2026-07-30 00:00:00+09:00,210445.0,227757.0,210445.0,215061.0,426191.0
2026-07-31 00:00:00+09:00,223141.0,241223.0,217755.0,237376.0,455284.0
2026-08-03 00:00:00+09:00,233144.0,248533.0,231989.0,244301.0,392061.0
2026-08-04 00:00:00+09:00,243146.0,269308.0,243146.0,267000.0,743349.0
2026-08-05 00:00:00+09:00,289500.0,290000.0,271000.0,277000.0,637092.0
2026-08-06 00:00:00+09:00,284000.0,308000.0,272000.0,293500.0,764630.0
2026-08-07 00:00:00+09:00,290000.0,305000.0,283000.0,305000.0,495569.0
2026-08-10 00:00:00+09:00,316000.0,356000.0,313000.0,348000.0,1033262.0
2026-08-11 00:00:00+09:00,343000.0,350000.0,320000.0,327500.0,745854.0
2026-08-12 00:00:00+09:00,322500.0,325000.0,310500.0,317500.0,454346.0
2026-08-13 00:00:00+09:00,317500.0,322500.0,310000.0,317500.0,664330.0
2026-08-14 00:00:00+09:00,317000.0,326500.0,310000.0,314000.0,375775.0
2026-08-18 00:00:00+09:00,310500.0,315000.0,295500.0,298000.0,456936.0
2026-08-19 00:00:00+09:00,295500.0,309500.0,288000.0,303500.0,360184.0
2026-08-20 00:00:00+09:00,333000.0,344000.0,322000.0,339500.0,1019594.0
2026-08-21 00:00:00+09:00,325000.0,328000.0,310000.0,320000.0,491494.0
2026-08-24 00:00:00+09:00,319000.0,324500.0,314000.0,320500.0,376465.0
2026-08-25 00:00:00+09:00,310500.0,313500.0,298500.0,305500.0,318030.0
2026-08-26 00:00:00+09:00,305000.0,320000.0,296500.0,311500.0,770565.0
2026-08-27 00:00:00+09:00,306000.0,317500.0,303500.0,311500.0,368961.0
2026-08-28 00:00:00+09:00,308500.0,324500.0,305000.0,320000.0,615333.0
