dt,open,high,low,close,volume
2019-03-05 00:00:00+09:00,15096.0,16208.0,14800.0,15616.0,15995367.0
2019-03-06 00:00:00+09:00,15911.0,17196.0,15738.0,16975.0,6007950.0
2019-03-07 00:00:00+09:00,17369.0,17888.0,17097.0,17296.0,4126721.0
2019-03-08 00:00:00+09:00,17295.0,17493.0,16702.0,17271.0,1910858.0
2019-03-11 00:00:00+09:00,17196.0,17369.0,16332.0,17098.0,1597077.0
2019-03-12 00:00:00+09:00,17147.0,17419.0,16480.0,16604.0,1356933.0
2019-03-13 00:00:00+09:00,16579.0,16603.0,15788.0,16308.0,1823200.0
2019-03-14 00:00:00+09:00,16554.0,17468.0,16332.0,17296.0,2820362.0
2019-03-15 00:00:00+09:00,17320.0,17592.0,16406.0,16900.0,1937523.0
2019-03-18 00:00:00+09:00,16801.0,17073.0,16257.0,16703.0,1610308.0
2019-03-19 00:00:00+09:00,16875.0,17963.0,16875.0,17963.0,3981717.0
2019-03-20 00:00:00+09:00,18086.0,18284.0,17394.0,17642.0,2422673.0
2019-03-21 00:00:00+09:00,17839.0,18407.0,17666.0,18037.0,2560413.0
2019-03-22 00:00:00+09:00,18061.0,18160.0,16900.0,17271.0,4400307.0
2019-03-25 00:00:00+09:00,16925.0,16999.0,16307.0,16653.0,2532137.0
2019-03-26 00:00:00+09:00,16776.0,17073.0,16455.0,16876.0,776323.0
2019-03-27 00:00:00+09:00,17122.0,17542.0,16826.0,17419.0,1186907.0
2019-03-28 00:00:00+09:00,17122.0,17122.0,15368.0,15467.0,3409025.0
2019-03-29 00:00:00+09:00,15467.0,15615.0,14157.0,15097.0,3075627.0
2019-04-01 00:00:00+09:00,14849.0,15244.0,14750.0,15047.0,831587.0
2019-04-02 00:00:00+09:00,15195.0,15244.0,14454.0,14627.0,975754.0
2019-04-03 00:00:00+09:00,15022.0,15318.0,14849.0,15097.0,1161355.0
2019-04-04 00:00:00+09:00,15170.0,15220.0,14899.0,15047.0,540148.0
2019-04-05 00:00:00+09:00,14602.0,14923.0,14602.0,14726.0,937330.0
2019-04-08 00:00:00+09:00,14824.0,15738.0,14775.0,15690.0,1451219.0
2019-04-09 00:00:00+09:00,15763.0,16307.0,15738.0,16011.0,1298896.0
2019-04-10 00:00:00+09:00,16010.0,16455.0,15887.0,16357.0,733244.0
2019-04-11 00:00:00+09:00,16505.0,16554.0,16010.0,16554.0,632623.0
2019-04-12 00:00:00+09:00,16529.0,16727.0,16257.0,16308.0,507755.0
2019-04-15 00:00:00+09:00,16208.0,16307.0,15491.0,15789.0,746770.0
2019-04-16 00:00:00+09:00,15763.0,15763.0,15294.0,15467.0,537124.0
2019-04-17 00:00:00+09:00,15566.0,15862.0,15368.0,15566.0,367685.0
2019-04-18 00:00:00+09:00,15615.0,15887.0,15442.0,15566.0,355380.0
2019-04-19 00:00:00+09:00,15491.0,15813.0,15467.0,15640.0,325795.0
2019-04-22 00:00:00+09:00,15640.0,15937.0,15640.0,15937.0,451677.0
2019-04-23 00:00:00+09:00,16060.0,16060.0,15689.0,15789.0,425343.0
2019-04-24 00:00:00+09:00,15936.0,15986.0,15244.0,15492.0,549342.0
2019-04-25 00:00:00+09:00,15590.0,15590.0,15170.0,15492.0,367522.0
2019-04-26 00:00:00+09:00,15393.0,15491.0,15121.0,15220.0,273008.0
2019-04-29 00:00:00+09:00,15220.0,15442.0,15146.0,15393.0,282469.0
2019-04-30 00:00:00+09:00,15516.0,15516.0,15121.0,15319.0,318707.0
2019-05-02 00:00:00+09:00,15269.0,15911.0,15195.0,15838.0,594016.0
2019-05-03 00:00:00+09:00,15837.0,16282.0,15837.0,16135.0,751273.0
2019-05-07 00:00:00+09:00,15813.0,15961.0,15566.0,15912.0,333418.0
2019-05-08 00:00:00+09:00,15664.0,15689.0,15368.0,15640.0,439331.0
2019-05-09 00:00:00+09:00,15467.0,15615.0,14182.0,14479.0,1360706.0
2019-05-10 00:00:00+09:00,14503.0,14750.0,13811.0,14578.0,542728.0
2019-05-13 00:00:00+09:00,14404.0,14454.0,13663.0,13985.0,633481.0
2019-05-14 00:00:00+09:00,13589.0,14034.0,13194.0,13590.0,768952.0
2019-05-15 00:00:00+09:00,13762.0,14602.0,13663.0,14578.0,538273.0
2019-05-16 00:00:00+09:00,14577.0,14750.0,14157.0,14405.0,395451.0
2019-05-17 00:00:00+09:00,14404.0,14627.0,13762.0,13861.0,514608.0
2019-05-20 00:00:00+09:00,13935.0,14108.0,13243.0,13318.0,558360.0
2019-05-21 00:00:00+09:00,13342.0,13465.0,12947.0,13194.0,479650.0
2019-05-22 00:00:00+09:00,13540.0,14132.0,13416.0,13565.0,961566.0
2019-05-23 00:00:00+09:00,13737.0,13959.0,13589.0,13812.0,549824.0
2019-05-24 00:00:00+09:00,13688.0,14083.0,13589.0,13960.0,354562.0
2019-05-27 00:00:00+09:00,14132.0,14997.0,13836.0,14578.0,702670.0
2019-05-28 00:00:00+09:00,14824.0,14824.0,14429.0,14627.0,428685.0
2019-05-29 00:00:00+09:00,14627.0,14948.0,14305.0,14602.0,459762.0
2019-05-30 00:00:00+09:00,14874.0,15862.0,14874.0,15418.0,1932573.0
2019-05-31 00:00:00+09:00,15244.0,15467.0,14651.0,14775.0,1026379.0
2019-06-03 00:00:00+09:00,14750.0,15467.0,14429.0,15319.0,1017089.0
2019-06-04 00:00:00+09:00,15318.0,16060.0,15244.0,15937.0,1690861.0
2019-06-05 00:00:00+09:00,15516.0,16183.0,15442.0,16085.0,2636487.0
2019-06-07 00:00:00+09:00,15911.0,16653.0,15911.0,16554.0,1188311.0
2019-06-10 00:00:00+09:00,16752.0,16925.0,15714.0,16258.0,1552466.0
2019-06-11 00:00:00+09:00,16159.0,16603.0,15837.0,16431.0,1394196.0
2019-06-12 00:00:00+09:00,16381.0,16603.0,15986.0,16258.0,853450.0
2019-06-13 00:00:00+09:00,16084.0,16850.0,16060.0,16332.0,2815320.0
2019-06-14 00:00:00+09:00,16332.0,16455.0,15738.0,15937.0,820638.0
2019-06-17 00:00:00+09:00,15887.0,15961.0,15467.0,15665.0,461653.0
2019-06-18 00:00:00+09:00,15689.0,15837.0,14577.0,14825.0,1737996.0
2019-06-19 00:00:00+09:00,15022.0,15022.0,14256.0,14306.0,1674854.0
2019-06-20 00:00:00+09:00,14132.0,14627.0,14009.0,14479.0,736487.0
2019-06-21 00:00:00+09:00,14454.0,14824.0,14256.0,14479.0,615775.0
2019-06-24 00:00:00+09:00,14503.0,14627.0,14330.0,14356.0,400261.0
2019-06-25 00:00:00+09:00,14577.0,14997.0,14503.0,14677.0,750579.0
2019-06-26 00:00:00+09:00,14750.0,14750.0,14478.0,14504.0,261033.0
2019-06-27 00:00:00+09:00,14503.0,14874.0,14429.0,14652.0,312209.0
2019-06-28 00:00:00+09:00,14651.0,14849.0,14528.0,14751.0,420508.0
2019-07-01 00:00:00+09:00,14824.0,14948.0,14528.0,14800.0,361989.0
2019-07-02 00:00:00+09:00,14726.0,14899.0,14429.0,14430.0,333629.0
2019-07-03 00:00:00+09:00,14701.0,15047.0,14503.0,14775.0,775844.0
2019-07-04 00:00:00+09:00,14899.0,14997.0,14602.0,14874.0,470496.0
2019-07-05 00:00:00+09:00,14899.0,14923.0,14330.0,14825.0,491744.0
2019-07-08 00:00:00+09:00,14750.0,14775.0,13836.0,13935.0,716854.0
2019-07-09 00:00:00+09:00,13861.0,14207.0,13663.0,13861.0,666416.0
2019-07-10 00:00:00+09:00,13910.0,14182.0,13861.0,14034.0,301320.0
2019-07-11 00:00:00+09:00,14083.0,14750.0,14058.0,14677.0,543335.0
2019-07-12 00:00:00+09:00,14602.0,15813.0,14553.0,15665.0,1726433.0
2019-07-15 00:00:00+09:00,15689.0,15887.0,15343.0,15690.0,639480.0
2019-07-16 00:00:00+09:00,15837.0,16307.0,15615.0,15640.0,1183605.0
2019-07-17 00:00:00+09:00,16257.0,16430.0,15813.0,16135.0,1817217.0
2019-07-18 00:00:00+09:00,15961.0,16035.0,15664.0,15789.0,739275.0
2019-07-19 00:00:00+09:00,15887.0,16109.0,15467.0,15640.0,676815.0
2019-07-22 00:00:00+09:00,15714.0,15738.0,15096.0,15270.0,715729.0
2019-07-23 00:00:00+09:00,15047.0,15047.0,14182.0,14331.0,2496517.0
2019-07-24 00:00:00+09:00,14429.0,14651.0,14182.0,14405.0,646293.0
2019-07-25 00:00:00+09:00,14330.0,14528.0,13959.0,14108.0,620593.0
2019-07-26 00:00:00+09:00,14034.0,14182.0,13959.0,14059.0,433105.0
2019-07-29 00:00:00+09:00,13984.0,13984.0,13391.0,13417.0,792609.0
2019-07-30 00:00:00+09:00,13465.0,13837.0,13465.0,13837.0,465968.0
2019-07-31 00:00:00+09:00,13737.0,14380.0,13490.0,14257.0,607694.0
2019-08-01 00:00:00+09:00,14108.0,14281.0,13787.0,13935.0,383170.0
2019-08-02 00:00:00+09:00,13540.0,14108.0,13367.0,13861.0,531995.0
2019-08-05 00:00:00+09:00,13638.0,13787.0,12502.0,12577.0,993934.0
2019-08-06 00:00:00+09:00,12106.0,12872.0,11971.0,12193.0,847303.0
2019-08-07 00:00:00+09:00,12218.0,12601.0,12218.0,12601.0,551069.0
2019-08-08 00:00:00+09:00,12749.0,13317.0,12675.0,13244.0,484357.0
2019-08-09 00:00:00+09:00,13441.0,13465.0,12947.0,13169.0,312971.0
2019-08-12 00:00:00+09:00,13169.0,13367.0,12971.0,13096.0,269222.0
2019-08-13 00:00:00+09:00,13070.0,13070.0,12601.0,12675.0,414581.0
2019-08-14 00:00:00+09:00,12996.0,13317.0,12798.0,13219.0,357582.0
2019-08-16 00:00:00+09:00,12922.0,13045.0,12774.0,12923.0,297399.0
2019-08-19 00:00:00+09:00,13095.0,13120.0,12872.0,13021.0,179232.0
2019-08-20 00:00:00+09:00,13243.0,14281.0,13243.0,14281.0,1033060.0
2019-08-21 00:00:00+09:00,14281.0,14478.0,14058.0,14331.0,479443.0
2019-08-22 00:00:00+09:00,14355.0,14726.0,14231.0,14479.0,682966.0
2019-08-23 00:00:00+09:00,14157.0,14701.0,13910.0,14578.0,791508.0
2019-08-26 00:00:00+09:00,14207.0,14330.0,13762.0,13861.0,886860.0
2019-08-27 00:00:00+09:00,14305.0,14404.0,13811.0,13911.0,653493.0
2019-08-28 00:00:00+09:00,13910.0,14627.0,13910.0,14627.0,528664.0
2019-08-29 00:00:00+09:00,14750.0,14750.0,14454.0,14652.0,506474.0
2019-08-30 00:00:00+09:00,14800.0,14973.0,14602.0,14677.0,458358.0
2019-09-02 00:00:00+09:00,14454.0,14454.0,13910.0,14232.0,808273.0
2019-09-03 00:00:00+09:00,14182.0,14429.0,14083.0,14207.0,327446.0
2019-09-04 00:00:00+09:00,14182.0,14231.0,13885.0,13985.0,727464.0
2019-09-05 00:00:00+09:00,14009.0,14256.0,13935.0,14034.0,740851.0
2019-09-06 00:00:00+09:00,14182.0,14182.0,13540.0,13738.0,872799.0
2019-09-09 00:00:00+09:00,13910.0,13935.0,13095.0,13120.0,1073419.0
2019-09-10 00:00:00+09:00,13194.0,13318.0,13194.0,13318.0,522190.0
2019-09-11 00:00:00+09:00,13342.0,13441.0,13144.0,13244.0,445638.0
2019-09-16 00:00:00+09:00,13342.0,13540.0,13144.0,13491.0,515992.0
2019-09-17 00:00:00+09:00,13218.0,13292.0,12872.0,13021.0,1191319.0
2019-09-18 00:00:00+09:00,13045.0,13095.0,12823.0,12947.0,459116.0
2019-09-19 00:00:00+09:00,12947.0,13194.0,12897.0,12996.0,505521.0
2019-09-20 00:00:00+09:00,12996.0,13169.0,12922.0,13169.0,1023731.0
2019-09-23 00:00:00+09:00,13194.0,13268.0,12971.0,12972.0,443779.0
2019-09-24 00:00:00+09:00,12996.0,13169.0,12872.0,12972.0,373138.0
2019-09-25 00:00:00+09:00,12872.0,12872.0,11921.0,12218.0,1952835.0
2019-09-26 00:00:00+09:00,12230.0,12403.0,11847.0,11959.0,1169532.0
2019-09-27 00:00:00+09:00,11909.0,12267.0,11909.0,12231.0,455087.0
2019-09-30 00:00:00+09:00,12044.0,12242.0,11872.0,12206.0,319417.0
2019-10-01 00:00:00+09:00,12279.0,12428.0,12205.0,12342.0,471202.0
2019-10-02 00:00:00+09:00,12230.0,12230.0,11933.0,11959.0,524181.0
2019-10-04 00:00:00+09:00,11859.0,11983.0,11674.0,11687.0,510523.0
2019-10-07 00:00:00+09:00,11699.0,11785.0,11106.0,11156.0,974972.0
2019-10-08 00:00:00+09:00,11032.0,11612.0,11007.0,11563.0,700724.0
2019-10-10 00:00:00+09:00,11427.0,12218.0,11402.0,12107.0,877075.0
2019-10-11 00:00:00+09:00,12144.0,12378.0,11995.0,12058.0,379982.0
2019-10-14 00:00:00+09:00,12218.0,12551.0,12218.0,12478.0,663848.0
2019-10-15 00:00:00+09:00,12526.0,12601.0,12193.0,12329.0,289086.0
2019-10-16 00:00:00+09:00,12428.0,12551.0,12144.0,12502.0,415323.0
2019-10-17 00:00:00+09:00,12576.0,12601.0,12144.0,12218.0,362312.0
2019-10-18 00:00:00+09:00,12242.0,12798.0,12156.0,12292.0,924111.0
2019-10-21 00:00:00+09:00,12403.0,12403.0,11773.0,11835.0,679547.0
2019-10-22 00:00:00+09:00,11822.0,11884.0,11402.0,11860.0,870131.0
2019-10-23 00:00:00+09:00,11859.0,12020.0,11662.0,11699.0,491098.0
2019-10-24 00:00:00+09:00,11908.0,12427.0,11908.0,12206.0,953540.0
2019-10-25 00:00:00+09:00,12353.0,12477.0,11810.0,11922.0,685961.0
2019-10-28 00:00:00+09:00,11971.0,12923.0,11971.0,12923.0,1497042.0
2019-10-29 00:00:00+09:00,13045.0,13070.0,12526.0,12651.0,692930.0
2019-10-30 00:00:00+09:00,12650.0,12971.0,12403.0,12774.0,737460.0
2019-10-31 00:00:00+09:00,12823.0,12947.0,12625.0,12725.0,443105.0
2019-11-01 00:00:00+09:00,12823.0,12823.0,12551.0,12651.0,388435.0
2019-11-04 00:00:00+09:00,12650.0,12922.0,12601.0,12651.0,458330.0
2019-11-05 00:00:00+09:00,12774.0,12774.0,12576.0,12651.0,323992.0
2019-11-06 00:00:00+09:00,12724.0,12872.0,12601.0,12725.0,321443.0
2019-11-07 00:00:00+09:00,12724.0,12774.0,12329.0,12453.0,453484.0
2019-11-08 00:00:00+09:00,12601.0,12699.0,12477.0,12502.0,337303.0
2019-11-11 00:00:00+09:00,12601.0,12774.0,12502.0,12577.0,363744.0
2019-11-12 00:00:00+09:00,12699.0,12699.0,12193.0,12255.0,466519.0
2019-11-13 00:00:00+09:00,12428.0,12428.0,11933.0,12033.0,330466.0
2019-11-14 00:00:00+09:00,12045.0,12180.0,11983.0,12095.0,212685.0
2019-11-15 00:00:00+09:00,12057.0,12577.0,12057.0,12577.0,558269.0
2019-11-18 00:00:00+09:00,12601.0,12725.0,12601.0,12725.0,368610.0
2019-11-19 00:00:00+09:00,12724.0,12947.0,12551.0,12823.0,512039.0
2019-11-20 00:00:00+09:00,12823.0,13367.0,12823.0,12947.0,1222511.0
2019-11-21 00:00:00+09:00,13021.0,13169.0,12502.0,12552.0,443787.0
2019-11-22 00:00:00+09:00,12551.0,13268.0,12551.0,13169.0,1241553.0
2019-11-25 00:00:00+09:00,13194.0,13243.0,13021.0,13219.0,485071.0
2019-11-26 00:00:00+09:00,13292.0,13342.0,13070.0,13120.0,868360.0
2019-11-27 00:00:00+09:00,13120.0,13243.0,12774.0,13145.0,369747.0
2019-11-28 00:00:00+09:00,13144.0,13268.0,12551.0,12577.0,952814.0
2019-11-29 00:00:00+09:00,12526.0,12601.0,12205.0,12317.0,703368.0
2019-12-02 00:00:00+09:00,12317.0,12502.0,12317.0,12478.0,333286.0
2019-12-03 00:00:00+09:00,12255.0,12478.0,12255.0,12478.0,231664.0
2019-12-04 00:00:00+09:00,12304.0,12502.0,11736.0,11872.0,809422.0
2019-12-05 00:00:00+09:00,11909.0,12008.0,11686.0,11909.0,372121.0
2019-12-06 00:00:00+09:00,11946.0,12131.0,11822.0,12107.0,342759.0
2019-12-09 00:00:00+09:00,12428.0,12625.0,12279.0,12428.0,584499.0
2019-12-10 00:00:00+09:00,12502.0,12526.0,12057.0,12132.0,414382.0
2019-12-11 00:00:00+09:00,12106.0,12218.0,12094.0,12156.0,290794.0
2019-12-12 00:00:00+09:00,12205.0,12403.0,12131.0,12218.0,478154.0
2019-12-13 00:00:00+09:00,12477.0,12576.0,12255.0,12342.0,375906.0
2019-12-16 00:00:00+09:00,12403.0,12403.0,12131.0,12181.0,326397.0
2019-12-17 00:00:00+09:00,12180.0,12341.0,12156.0,12255.0,381103.0
2019-12-18 00:00:00+09:00,12218.0,12230.0,11995.0,11996.0,552864.0
2019-12-19 00:00:00+09:00,11983.0,12156.0,11946.0,12045.0,296434.0
2019-12-20 00:00:00+09:00,12082.0,12193.0,11995.0,12033.0,253351.0
2019-12-23 00:00:00+09:00,12119.0,12156.0,11983.0,12058.0,258572.0
2019-12-24 00:00:00+09:00,12082.0,12180.0,12008.0,12033.0,371131.0
2019-12-26 00:00:00+09:00,12032.0,12527.0,12032.0,12527.0,769115.0
2019-12-27 00:00:00+09:00,12502.0,12774.0,12353.0,12774.0,442782.0
2019-12-30 00:00:00+09:00,12922.0,13218.0,12798.0,13096.0,755924.0
2020-01-02 00:00:00+09:00,13218.0,13391.0,12947.0,13096.0,549453.0
2020-01-03 00:00:00+09:00,13120.0,13194.0,12650.0,12675.0,680959.0
2020-01-06 00:00:00+09:00,12526.0,12872.0,12452.0,12675.0,553933.0
2020-01-07 00:00:00+09:00,12798.0,13070.0,12798.0,12923.0,428685.0
2020-01-08 00:00:00+09:00,12922.0,12922.0,12353.0,12354.0,734660.0
2020-01-09 00:00:00+09:00,12601.0,13811.0,12526.0,13713.0,1963765.0
2020-01-10 00:00:00+09:00,13589.0,14305.0,13465.0,14010.0,2270761.0
2020-01-13 00:00:00+09:00,14157.0,14305.0,13861.0,13886.0,1041636.0
2020-01-14 00:00:00+09:00,14132.0,14330.0,13787.0,14059.0,1110343.0
2020-01-15 00:00:00+09:00,14256.0,14256.0,13564.0,13688.0,988131.0
2020-01-16 00:00:00+09:00,13811.0,13959.0,13490.0,13738.0,821919.0
2020-01-17 00:00:00+09:00,13811.0,13910.0,13441.0,13466.0,674099.0
2020-01-20 00:00:00+09:00,13515.0,14182.0,13515.0,13911.0,1465368.0
2020-01-21 00:00:00+09:00,13959.0,13959.0,13540.0,13639.0,657222.0
2020-01-22 00:00:00+09:00,13787.0,13861.0,13540.0,13861.0,649468.0
2020-01-23 00:00:00+09:00,13935.0,14429.0,13737.0,14158.0,1227441.0
2020-01-28 00:00:00+09:00,13441.0,13688.0,13317.0,13639.0,1189999.0
2020-01-29 00:00:00+09:00,13836.0,13861.0,13540.0,13614.0,513778.0
2020-01-30 00:00:00+09:00,13737.0,14207.0,13441.0,13590.0,1270568.0
2020-01-31 00:00:00+09:00,13589.0,13787.0,12922.0,13071.0,1147454.0
2020-02-03 00:00:00+09:00,12724.0,16356.0,12724.0,15813.0,11949423.0
2020-02-04 00:00:00+09:00,16035.0,16406.0,15590.0,16085.0,5661453.0
2020-02-05 00:00:00+09:00,16628.0,16900.0,15837.0,16406.0,5161385.0
2020-02-06 00:00:00+09:00,15936.0,17296.0,15936.0,17296.0,4259092.0
2020-02-07 00:00:00+09:00,18036.0,18876.0,17616.0,18679.0,9711067.0
2020-02-10 00:00:00+09:00,18333.0,19741.0,18111.0,19272.0,5147412.0
2020-02-11 00:00:00+09:00,19667.0,22756.0,19420.0,21645.0,16890160.0
2020-02-12 00:00:00+09:00,21767.0,22113.0,21248.0,21743.0,4632725.0
2020-02-13 00:00:00+09:00,21372.0,22780.0,21347.0,22114.0,6196651.0
2020-02-14 00:00:00+09:00,22410.0,23027.0,21471.0,21867.0,3844204.0
2020-02-17 00:00:00+09:00,21075.0,21594.0,20606.0,21323.0,4911651.0
2020-02-18 00:00:00+09:00,20903.0,21693.0,20779.0,21076.0,3071371.0
2020-02-19 00:00:00+09:00,21693.0,21940.0,20878.0,21200.0,3995897.0
2020-02-20 00:00:00+09:00,21224.0,22854.0,20977.0,22633.0,6200851.0
2020-02-21 00:00:00+09:00,22212.0,22484.0,21199.0,21200.0,4267816.0
2020-02-24 00:00:00+09:00,20433.0,21718.0,20384.0,21051.0,3932188.0
2020-02-25 00:00:00+09:00,21100.0,22163.0,20631.0,22089.0,3474313.0
2020-02-26 00:00:00+09:00,21570.0,21916.0,21323.0,21620.0,2662295.0
2020-02-27 00:00:00+09:00,21644.0,22113.0,20458.0,20928.0,3262892.0
2020-02-28 00:00:00+09:00,20408.0,20804.0,19791.0,20088.0,3577487.0
2020-03-02 00:00:00+09:00,20482.0,21125.0,20186.0,20953.0,2929447.0
2020-03-03 00:00:00+09:00,21940.0,22385.0,20828.0,20953.0,4463999.0
2020-03-04 00:00:00+09:00,20828.0,21669.0,20730.0,21472.0,2269879.0
2020-03-05 00:00:00+09:00,21792.0,21792.0,20804.0,21101.0,2905745.0
2020-03-06 00:00:00+09:00,20631.0,20828.0,20137.0,20656.0,2445780.0
2020-03-09 00:00:00+09:00,19939.0,20161.0,19148.0,19149.0,3539378.0
2020-03-10 00:00:00+09:00,19025.0,20384.0,18901.0,20310.0,4198020.0
2020-03-11 00:00:00+09:00,20063.0,20161.0,19247.0,19371.0,2320664.0
2020-03-12 00:00:00+09:00,19247.0,19865.0,18580.0,19297.0,3957625.0
2020-03-13 00:00:00+09:00,18308.0,19840.0,17320.0,19297.0,5178117.0
2020-03-16 00:00:00+09:00,19544.0,19766.0,17419.0,17419.0,3979168.0
2020-03-17 00:00:00+09:00,16678.0,18209.0,16455.0,17493.0,6086269.0
2020-03-18 00:00:00+09:00,17666.0,18036.0,15615.0,15616.0,3668858.0
2020-03-19 00:00:00+09:00,16208.0,16455.0,12798.0,13417.0,7776572.0
2020-03-20 00:00:00+09:00,14256.0,14973.0,13589.0,14652.0,6164992.0
2020-03-23 00:00:00+09:00,13367.0,15170.0,13169.0,14010.0,4811824.0
2020-03-24 00:00:00+09:00,14874.0,15294.0,14355.0,15196.0,4721722.0
2020-03-25 00:00:00+09:00,15961.0,16430.0,15022.0,15739.0,5012077.0
2020-03-26 00:00:00+09:00,15738.0,16084.0,15170.0,15344.0,3315672.0
2020-03-27 00:00:00+09:00,15911.0,16010.0,14528.0,15196.0,3089827.0
2020-03-30 00:00:00+09:00,14503.0,15318.0,14478.0,15220.0,1748215.0
2020-03-31 00:00:00+09:00,15566.0,15590.0,14874.0,15146.0,2365666.0
2020-04-01 00:00:00+09:00,15170.0,16603.0,14973.0,15294.0,5160575.0
2020-04-02 00:00:00+09:00,15738.0,16135.0,15738.0,16135.0,4634930.0
2020-04-03 00:00:00+09:00,16999.0,17048.0,15837.0,16135.0,4442293.0
2020-04-06 00:00:00+09:00,16257.0,16752.0,15986.0,16678.0,2832623.0
2020-04-07 00:00:00+09:00,17048.0,17369.0,16332.0,16777.0,4006356.0
2020-04-08 00:00:00+09:00,16727.0,17938.0,16505.0,17172.0,5540338.0
2020-04-09 00:00:00+09:00,17567.0,17715.0,17073.0,17345.0,2097999.0
2020-04-10 00:00:00+09:00,17493.0,17567.0,16208.0,17172.0,2256812.0
2020-04-13 00:00:00+09:00,16900.0,16925.0,16406.0,16406.0,1858625.0
2020-04-14 00:00:00+09:00,17221.0,17419.0,16925.0,17049.0,2608438.0
2020-04-16 00:00:00+09:00,17196.0,18235.0,17196.0,18235.0,3498732.0
2020-04-17 00:00:00+09:00,18778.0,19445.0,18481.0,18778.0,4913107.0
2020-04-20 00:00:00+09:00,18827.0,19124.0,18308.0,18482.0,1969955.0
2020-04-21 00:00:00+09:00,18209.0,18654.0,17295.0,18235.0,3143329.0
2020-04-22 00:00:00+09:00,17641.0,18481.0,17641.0,18309.0,1365544.0
2020-04-23 00:00:00+09:00,18728.0,18951.0,18333.0,18408.0,2016209.0
2020-04-24 00:00:00+09:00,18284.0,18407.0,17765.0,17914.0,1236711.0
2020-04-27 00:00:00+09:00,17962.0,18036.0,17715.0,17938.0,934641.0
2020-04-28 00:00:00+09:00,18382.0,18580.0,17814.0,18037.0,1418300.0
2020-04-29 00:00:00+09:00,18036.0,18160.0,17888.0,18037.0,827000.0
2020-05-04 00:00:00+09:00,17542.0,17839.0,17468.0,17568.0,971051.0
2020-05-06 00:00:00+09:00,17888.0,17987.0,17567.0,17765.0,719399.0
2020-05-07 00:00:00+09:00,17666.0,18111.0,17592.0,17963.0,849170.0
2020-05-08 00:00:00+09:00,18086.0,18407.0,18036.0,18235.0,1195878.0
2020-05-11 00:00:00+09:00,18407.0,18432.0,17913.0,18185.0,857730.0
2020-05-12 00:00:00+09:00,18185.0,18185.0,17715.0,17988.0,864331.0
2020-05-13 00:00:00+09:00,17666.0,22088.0,17666.0,20681.0,20381880.0
2020-05-14 00:00:00+09:00,20680.0,21570.0,20260.0,20903.0,7387483.0
2020-05-15 00:00:00+09:00,21273.0,21347.0,20655.0,21150.0,2458795.0
2020-05-18 00:00:00+09:00,21125.0,23200.0,20878.0,22979.0,12411702.0
2020-05-19 00:00:00+09:00,23621.0,24634.0,22756.0,23003.0,8203203.0
2020-05-20 00:00:00+09:00,22682.0,24559.0,22583.0,24313.0,6907330.0
2020-05-21 00:00:00+09:00,24461.0,24930.0,23966.0,24091.0,4777689.0
2020-05-22 00:00:00+09:00,23991.0,24930.0,23991.0,24708.0,3916840.0
2020-05-25 00:00:00+09:00,25251.0,28290.0,24955.0,28044.0,12360047.0
2020-05-26 00:00:00+09:00,29031.0,30786.0,28661.0,29032.0,8229206.0
2020-05-27 00:00:00+09:00,28290.0,30316.0,27598.0,29403.0,5872535.0
2020-05-28 00:00:00+09:00,29798.0,29896.0,27352.0,28340.0,5273677.0
2020-05-29 00:00:00+09:00,27920.0,29625.0,27796.0,29625.0,4473688.0
2020-06-01 00:00:00+09:00,29649.0,29946.0,28785.0,29452.0,3614455.0
2020-06-02 00:00:00+09:00,29674.0,30761.0,29180.0,29230.0,3893074.0
2020-06-03 00:00:00+09:00,29649.0,29674.0,28043.0,28143.0,3829457.0
2020-06-04 00:00:00+09:00,28340.0,29600.0,28167.0,29082.0,4036036.0
2020-06-05 00:00:00+09:00,29131.0,29377.0,28735.0,29279.0,1890639.0
2020-06-08 00:00:00+09:00,29526.0,29822.0,29007.0,29329.0,1738467.0
2020-06-09 00:00:00+09:00,29896.0,30712.0,29056.0,29304.0,4599853.0
2020-06-10 00:00:00+09:00,29254.0,30119.0,28883.0,29848.0,2181679.0
2020-06-11 00:00:00+09:00,31329.0,31799.0,30218.0,30638.0,4975572.0
2020-06-12 00:00:00+09:00,29155.0,31008.0,29131.0,30688.0,3953652.0
2020-06-15 00:00:00+09:00,30292.0,30662.0,27722.0,27723.0,4444076.0
2020-06-16 00:00:00+09:00,29031.0,29872.0,28760.0,29551.0,2742940.0
2020-06-17 00:00:00+09:00,29402.0,33578.0,29328.0,32936.0,13834573.0
2020-06-18 00:00:00+09:00,32614.0,32614.0,31404.0,31701.0,4002243.0
2020-06-19 00:00:00+09:00,32194.0,32219.0,30885.0,31997.0,2498053.0
2020-06-22 00:00:00+09:00,31799.0,32120.0,31404.0,31923.0,1975715.0
2020-06-23 00:00:00+09:00,32268.0,33281.0,31552.0,31898.0,3004711.0
2020-06-24 00:00:00+09:00,32392.0,32417.0,31478.0,31824.0,1500293.0
2020-06-25 00:00:00+09:00,31206.0,31651.0,30934.0,31182.0,1608158.0
2020-06-26 00:00:00+09:00,31700.0,31799.0,29773.0,30688.0,1834042.0
2020-06-29 00:00:00+09:00,29872.0,30613.0,29773.0,29971.0,1452564.0
2020-06-30 00:00:00+09:00,30786.0,30810.0,29180.0,29774.0,1622382.0
2020-07-01 00:00:00+09:00,30465.0,31305.0,29748.0,29774.0,2426040.0
2020-07-02 00:00:00+09:00,30489.0,30514.0,29674.0,30342.0,933493.0
2020-07-03 00:00:00+09:00,31255.0,31725.0,30687.0,30861.0,1994139.0
2020-07-06 00:00:00+09:00,31428.0,34418.0,31354.0,33924.0,7737984.0
2020-07-07 00:00:00+09:00,34937.0,35826.0,33108.0,33233.0,4487589.0
2020-07-08 00:00:00+09:00,33380.0,33726.0,32762.0,33332.0,1542670.0
2020-07-09 00:00:00+09:00,33331.0,34072.0,32738.0,34048.0,2059041.0
2020-07-10 00:00:00+09:00,34467.0,34492.0,33553.0,33826.0,1490273.0
2020-07-13 00:00:00+09:00,34319.0,34319.0,33553.0,33924.0,1003444.0
2020-07-14 00:00:00+09:00,33232.0,33356.0,32738.0,32936.0,1609969.0
2020-07-15 00:00:00+09:00,33232.0,33257.0,32194.0,32664.0,1286898.0
2020-07-16 00:00:00+09:00,32985.0,33331.0,32046.0,32442.0,1251019.0
2020-07-17 00:00:00+09:00,32170.0,32688.0,31725.0,32664.0,1014158.0
2020-07-20 00:00:00+09:00,32614.0,33701.0,31922.0,33381.0,2162577.0
2020-07-21 00:00:00+09:00,34220.0,34591.0,33158.0,33653.0,2664971.0
2020-07-22 00:00:00+09:00,33652.0,34196.0,33158.0,34122.0,1753449.0
2020-07-23 00:00:00+09:00,34739.0,36246.0,34714.0,35580.0,4884727.0
2020-07-24 00:00:00+09:00,34937.0,35085.0,33529.0,34048.0,3183316.0
2020-07-27 00:00:00+09:00,33356.0,34047.0,33010.0,33850.0,1028629.0
2020-07-28 00:00:00+09:00,34443.0,34813.0,33949.0,34122.0,1572147.0
2020-07-29 00:00:00+09:00,33973.0,33998.0,33504.0,33850.0,851440.0
2020-07-30 00:00:00+09:00,34196.0,34246.0,34196.0,34246.0,856445.0
2020-07-31 00:00:00+09:00,34368.0,36543.0,34368.0,34641.0,4191395.0
2020-08-03 00:00:00+09:00,35357.0,36320.0,35085.0,36296.0,2589208.0
2020-08-04 00:00:00+09:00,36963.0,37185.0,35382.0,35926.0,2110751.0
2020-08-05 00:00:00+09:00,35925.0,38124.0,35357.0,37804.0,3614363.0
2020-08-06 00:00:00+09:00,38297.0,39631.0,37457.0,37754.0,2424723.0
2020-08-07 00:00:00+09:00,38297.0,40645.0,38050.0,39978.0,3211844.0
2020-08-10 00:00:00+09:00,40323.0,40867.0,38470.0,40126.0,1964618.0
2020-08-11 00:00:00+09:00,39755.0,40299.0,39286.0,39879.0,1136210.0
2020-08-12 00:00:00+09:00,39878.0,40076.0,38989.0,39039.0,1641380.0
2020-08-13 00:00:00+09:00,39804.0,40817.0,38964.0,39286.0,1783899.0
2020-08-14 00:00:00+09:00,38668.0,38767.0,37012.0,38125.0,1452252.0
2020-08-18 00:00:00+09:00,37803.0,39434.0,36617.0,37112.0,1906789.0
2020-08-19 00:00:00+09:00,37680.0,38298.0,37680.0,38298.0,1167717.0
2020-08-20 00:00:00+09:00,38272.0,38890.0,36617.0,36963.0,1775977.0
2020-08-21 00:00:00+09:00,37729.0,38964.0,36617.0,38298.0,1855218.0
2020-08-24 00:00:00+09:00,38050.0,38915.0,37185.0,38496.0,1235582.0
2020-08-25 00:00:00+09:00,38693.0,38866.0,38099.0,38594.0,928259.0
2020-08-26 00:00:00+09:00,38643.0,39236.0,37976.0,38915.0,1550013.0
2020-08-27 00:00:00+09:00,38915.0,40570.0,38643.0,39014.0,2984727.0
2020-08-28 00:00:00+09:00,38964.0,39310.0,38322.0,38619.0,1314939.0
2020-08-31 00:00:00+09:00,38866.0,38940.0,37309.0,38298.0,1261406.0
2020-09-01 00:00:00+09:00,38396.0,38470.0,37655.0,38001.0,856904.0
2020-09-02 00:00:00+09:00,38050.0,38174.0,37358.0,37705.0,960604.0
2020-09-03 00:00:00+09:00,37803.0,38297.0,37704.0,37853.0,754979.0
2020-09-04 00:00:00+09:00,35826.0,38347.0,35826.0,37902.0,1490593.0
2020-09-07 00:00:00+09:00,37902.0,37926.0,36839.0,37112.0,997712.0
2020-09-08 00:00:00+09:00,37309.0,37383.0,36024.0,36445.0,1212431.0
2020-09-09 00:00:00+09:00,35579.0,36296.0,35579.0,35876.0,716408.0
2020-09-10 00:00:00+09:00,36790.0,36790.0,35975.0,36568.0,544097.0
2020-09-11 00:00:00+09:00,36419.0,36419.0,35629.0,36074.0,624941.0
2020-09-14 00:00:00+09:00,36098.0,37063.0,36098.0,37063.0,1081356.0
2020-09-15 00:00:00+09:00,37630.0,37655.0,36839.0,37063.0,672340.0
2020-09-16 00:00:00+09:00,37259.0,37383.0,36395.0,36568.0,604475.0
2020-09-17 00:00:00+09:00,36296.0,36740.0,35950.0,35950.0,592417.0
2020-09-18 00:00:00+09:00,35975.0,37383.0,35975.0,37112.0,908483.0
2020-09-21 00:00:00+09:00,37383.0,40101.0,37087.0,38125.0,4305761.0
2020-09-22 00:00:00+09:00,38099.0,38791.0,36098.0,36717.0,1817979.0
2020-09-23 00:00:00+09:00,38174.0,38470.0,34368.0,34888.0,2371752.0
2020-09-24 00:00:00+09:00,33529.0,34196.0,30613.0,31577.0,2840852.0
2020-09-25 00:00:00+09:00,31922.0,32145.0,30045.0,31305.0,1416932.0
2020-09-28 00:00:00+09:00,31873.0,33010.0,31280.0,32986.0,967589.0
2020-09-29 00:00:00+09:00,33924.0,34220.0,33232.0,33751.0,824252.0
2020-10-05 00:00:00+09:00,33603.0,33924.0,32861.0,33628.0,578532.0
2020-10-06 00:00:00+09:00,33726.0,33924.0,33010.0,33332.0,524603.0
2020-10-07 00:00:00+09:00,32861.0,33232.0,32738.0,33010.0,479494.0
2020-10-08 00:00:00+09:00,33158.0,33726.0,32861.0,33282.0,541839.0
2020-10-12 00:00:00+09:00,33281.0,33825.0,33059.0,33084.0,488493.0
2020-10-13 00:00:00+09:00,33553.0,33553.0,32318.0,32442.0,558181.0
2020-10-14 00:00:00+09:00,32441.0,32713.0,32095.0,32269.0,564730.0
2020-10-15 00:00:00+09:00,32293.0,32318.0,31255.0,32121.0,818221.0
2020-10-16 00:00:00+09:00,32244.0,33306.0,31848.0,32615.0,1097288.0
2020-10-19 00:00:00+09:00,32664.0,32738.0,31502.0,31577.0,716623.0
2020-10-20 00:00:00+09:00,30885.0,31922.0,30514.0,31676.0,857610.0
2020-10-21 00:00:00+09:00,31898.0,31922.0,31058.0,31305.0,438278.0
2020-10-22 00:00:00+09:00,31255.0,31799.0,30514.0,30811.0,594311.0
2020-10-23 00:00:00+09:00,30860.0,31008.0,29773.0,30070.0,659420.0
2020-10-26 00:00:00+09:00,29377.0,29649.0,28093.0,28167.0,1378851.0
2020-10-27 00:00:00+09:00,27821.0,30193.0,27623.0,29526.0,1310460.0
2020-10-28 00:00:00+09:00,29526.0,30539.0,29501.0,30539.0,637713.0
2020-10-29 00:00:00+09:00,29971.0,31305.0,29699.0,31231.0,719535.0
2020-10-30 00:00:00+09:00,31255.0,31848.0,30267.0,30737.0,911195.0
2020-11-02 00:00:00+09:00,31255.0,31601.0,30687.0,31256.0,591088.0
2020-11-03 00:00:00+09:00,31972.0,33356.0,31626.0,33134.0,1486604.0
2020-11-04 00:00:00+09:00,34122.0,34171.0,32911.0,33406.0,1332418.0
2020-11-05 00:00:00+09:00,34319.0,35332.0,33924.0,35308.0,1620080.0
2020-11-06 00:00:00+09:00,35875.0,36814.0,35357.0,35506.0,1850252.0
2020-11-09 00:00:00+09:00,36815.0,37383.0,36246.0,37309.0,1951994.0
2020-11-10 00:00:00+09:00,36914.0,37457.0,36197.0,37161.0,1227980.0
2020-11-11 00:00:00+09:00,37012.0,37012.0,35925.0,36148.0,974577.0
2020-11-12 00:00:00+09:00,36493.0,37062.0,35876.0,36198.0,662775.0
2020-11-13 00:00:00+09:00,36074.0,36222.0,34319.0,36074.0,1093199.0
2020-11-16 00:00:00+09:00,35135.0,35777.0,34616.0,35382.0,963616.0
2020-11-17 00:00:00+09:00,35975.0,36568.0,35332.0,35778.0,662172.0
2020-11-18 00:00:00+09:00,35579.0,36716.0,35456.0,36321.0,720141.0
2020-11-19 00:00:00+09:00,36691.0,38643.0,36345.0,37705.0,2726697.0
2020-11-20 00:00:00+09:00,37926.0,38223.0,37309.0,37384.0,765749.0
2020-11-23 00:00:00+09:00,37655.0,37852.0,36938.0,37235.0,882305.0
2020-11-24 00:00:00+09:00,37655.0,38050.0,37309.0,37730.0,1011170.0
2020-11-25 00:00:00+09:00,38396.0,38470.0,36222.0,36890.0,1573021.0
2020-11-26 00:00:00+09:00,36765.0,37630.0,36419.0,37532.0,763156.0
2020-11-27 00:00:00+09:00,37507.0,38174.0,37136.0,38100.0,1195882.0
2020-11-30 00:00:00+09:00,38421.0,38544.0,37334.0,37408.0,929041.0
2020-12-01 00:00:00+09:00,37408.0,37680.0,36938.0,37285.0,663592.0
2020-12-02 00:00:00+09:00,37457.0,37556.0,37062.0,37507.0,638774.0
2020-12-03 00:00:00+09:00,37951.0,37951.0,37136.0,37235.0,585787.0
2020-12-04 00:00:00+09:00,37408.0,37408.0,36790.0,36914.0,776012.0
2020-12-07 00:00:00+09:00,36691.0,36691.0,36098.0,36568.0,945287.0
2020-12-08 00:00:00+09:00,36914.0,38198.0,36765.0,36791.0,1769456.0
2020-12-09 00:00:00+09:00,37309.0,37803.0,36815.0,37705.0,1146282.0
2020-12-10 00:00:00+09:00,37185.0,37730.0,37185.0,37730.0,816131.0
2020-12-11 00:00:00+09:00,37729.0,38767.0,36963.0,38767.0,1316662.0
2020-12-14 00:00:00+09:00,38248.0,38272.0,37432.0,37705.0,923991.0
2020-12-15 00:00:00+09:00,37803.0,37926.0,37383.0,37730.0,642428.0
2020-12-16 00:00:00+09:00,37852.0,39162.0,37655.0,38891.0,2136838.0
2020-12-17 00:00:00+09:00,39508.0,41188.0,39088.0,40521.0,3054678.0
2020-12-18 00:00:00+09:00,41262.0,41410.0,39780.0,40250.0,1318521.0
2020-12-21 00:00:00+09:00,40274.0,40892.0,39310.0,40769.0,1138069.0
2020-12-22 00:00:00+09:00,40694.0,40694.0,39557.0,39558.0,1129365.0
2020-12-23 00:00:00+09:00,39878.0,40126.0,38569.0,39533.0,951769.0
2020-12-24 00:00:00+09:00,39557.0,40768.0,39384.0,40670.0,1177414.0
2020-12-28 00:00:00+09:00,41065.0,41065.0,40323.0,40917.0,956464.0
2020-12-29 00:00:00+09:00,41213.0,43239.0,40793.0,41757.0,2382757.0
2020-12-30 00:00:00+09:00,41732.0,42053.0,40817.0,42029.0,1337934.0
2021-01-04 00:00:00+09:00,43832.0,46624.0,42893.0,46254.0,3366528.0
2021-01-05 00:00:00+09:00,45907.0,46945.0,45092.0,45908.0,1729093.0
2021-01-06 00:00:00+09:00,46229.0,46278.0,44622.0,45191.0,1431794.0
2021-01-07 00:00:00+09:00,45784.0,46204.0,45191.0,45858.0,1032777.0
2021-01-08 00:00:00+09:00,46920.0,48922.0,46229.0,47934.0,2154284.0
2021-01-11 00:00:00+09:00,48601.0,50651.0,45710.0,47810.0,2967723.0
2021-01-12 00:00:00+09:00,48551.0,48551.0,45141.0,46328.0,1831461.0
2021-01-13 00:00:00+09:00,46920.0,47044.0,46056.0,46452.0,814344.0
2021-01-14 00:00:00+09:00,47439.0,49292.0,47069.0,48799.0,1752715.0
2021-01-15 00:00:00+09:00,48946.0,49169.0,47093.0,47786.0,1289722.0
2021-01-18 00:00:00+09:00,46871.0,47439.0,45784.0,46501.0,957992.0
2021-01-19 00:00:00+09:00,46599.0,47439.0,46204.0,46946.0,753395.0
2021-01-20 00:00:00+09:00,47810.0,47810.0,46574.0,47613.0,778967.0
2021-01-21 00:00:00+09:00,47711.0,47859.0,46945.0,47391.0,722163.0
2021-01-22 00:00:00+09:00,47785.0,48946.0,47637.0,47959.0,1274230.0
2021-01-25 00:00:00+09:00,48180.0,48353.0,47167.0,47934.0,685582.0
2021-01-26 00:00:00+09:00,48008.0,48922.0,47563.0,47736.0,693672.0
2021-01-27 00:00:00+09:00,48106.0,49786.0,47439.0,48700.0,1441953.0
2021-01-28 00:00:00+09:00,47217.0,48131.0,46377.0,46723.0,1522559.0
2021-01-29 00:00:00+09:00,47093.0,47093.0,44227.0,45340.0,1154534.0
2021-02-01 00:00:00+09:00,44968.0,46402.0,44968.0,46402.0,764516.0
2021-02-02 00:00:00+09:00,47563.0,47563.0,44474.0,46031.0,806761.0
2021-02-03 00:00:00+09:00,46698.0,47340.0,46377.0,46822.0,819741.0
2021-02-04 00:00:00+09:00,47563.0,47563.0,46303.0,46501.0,776606.0
2021-02-05 00:00:00+09:00,46500.0,46920.0,45883.0,46575.0,465450.0
2021-02-08 00:00:00+09:00,46574.0,46574.0,45932.0,46229.0,436543.0
2021-02-09 00:00:00+09:00,46426.0,46574.0,45982.0,45982.0,405969.0
2021-02-10 00:00:00+09:00,45982.0,46377.0,45586.0,46155.0,442602.0
2021-02-15 00:00:00+09:00,45537.0,46451.0,45166.0,46081.0,726898.0
2021-02-16 00:00:00+09:00,46229.0,46797.0,45833.0,46155.0,579692.0
2021-02-17 00:00:00+09:00,46327.0,46327.0,45092.0,45216.0,682918.0
2021-02-18 00:00:00+09:00,45215.0,45215.0,44351.0,44475.0,632444.0
2021-02-19 00:00:00+09:00,44104.0,44968.0,43486.0,44895.0,682722.0
2021-02-22 00:00:00+09:00,44870.0,44968.0,43387.0,43585.0,664769.0
2021-02-23 00:00:00+09:00,42522.0,42720.0,41435.0,41979.0,1102162.0
2021-02-24 00:00:00+09:00,42127.0,42473.0,40076.0,40077.0,1031014.0
2021-02-25 00:00:00+09:00,40941.0,41188.0,40348.0,41016.0,647442.0
2021-02-26 00:00:00+09:00,39409.0,40422.0,39310.0,40102.0,699659.0
2021-03-02 00:00:00+09:00,41139.0,41484.0,39434.0,40102.0,741740.0
2021-03-03 00:00:00+09:00,40299.0,40768.0,40027.0,40472.0,502753.0
2021-03-04 00:00:00+09:00,40323.0,40323.0,39705.0,40077.0,410752.0
2021-03-05 00:00:00+09:00,39187.0,39878.0,38544.0,39558.0,579609.0
2021-03-08 00:00:00+09:00,39829.0,39977.0,38075.0,38075.0,498728.0
2021-03-09 00:00:00+09:00,37408.0,38470.0,35876.0,37828.0,1182659.0
2021-03-10 00:00:00+09:00,39607.0,39681.0,38099.0,38496.0,605089.0
2021-03-11 00:00:00+09:00,38495.0,41509.0,38495.0,41263.0,1057535.0
2021-03-12 00:00:00+09:00,42621.0,43115.0,41880.0,42400.0,666137.0
2021-03-15 00:00:00+09:00,42201.0,42745.0,41386.0,42029.0,306210.0
2021-03-16 00:00:00+09:00,41559.0,41583.0,39804.0,40448.0,1146569.0
2021-03-17 00:00:00+09:00,39656.0,39755.0,38297.0,38767.0,1143234.0
2021-03-18 00:00:00+09:00,39310.0,39730.0,38866.0,38965.0,633641.0
2021-03-19 00:00:00+09:00,38149.0,39533.0,37877.0,39484.0,469889.0
2021-03-22 00:00:00+09:00,39434.0,39434.0,38544.0,39237.0,458693.0
2021-03-23 00:00:00+09:00,39508.0,39656.0,38569.0,38619.0,371861.0
2021-03-24 00:00:00+09:00,38248.0,39459.0,38223.0,38742.0,426009.0
2021-03-25 00:00:00+09:00,38742.0,39434.0,38544.0,39336.0,395076.0
2021-03-26 00:00:00+09:00,39508.0,39508.0,38791.0,39261.0,327000.0
2021-03-29 00:00:00+09:00,39360.0,40150.0,38767.0,39830.0,559892.0
2021-03-30 00:00:00+09:00,40027.0,40793.0,39607.0,40793.0,618854.0
2021-03-31 00:00:00+09:00,40867.0,40892.0,40076.0,40275.0,347271.0
2021-04-01 00:00:00+09:00,40768.0,41163.0,40274.0,40769.0,462614.0
2021-04-02 00:00:00+09:00,41559.0,41682.0,40990.0,41485.0,485717.0
2021-04-05 00:00:00+09:00,41509.0,41509.0,40966.0,41238.0,282557.0
2021-04-06 00:00:00+09:00,41435.0,41534.0,40521.0,40843.0,322381.0
2021-04-07 00:00:00+09:00,41015.0,41534.0,40645.0,41115.0,364319.0
2021-04-08 00:00:00+09:00,41460.0,41509.0,40916.0,40942.0,348296.0
2021-04-09 00:00:00+09:00,41262.0,41633.0,41040.0,41090.0,433308.0
2021-04-12 00:00:00+09:00,44771.0,45611.0,43955.0,44598.0,3839944.0
2021-04-13 00:00:00+09:00,44894.0,46451.0,44499.0,44623.0,1873930.0
2021-04-14 00:00:00+09:00,45215.0,46476.0,44771.0,45933.0,1078317.0
2021-04-15 00:00:00+09:00,46080.0,46204.0,45240.0,45785.0,582660.0
2021-04-16 00:00:00+09:00,45982.0,46006.0,45265.0,45636.0,480863.0
2021-04-19 00:00:00+09:00,45932.0,46451.0,45537.0,46303.0,839122.0
2021-04-20 00:00:00+09:00,46031.0,46253.0,45339.0,45513.0,632927.0
2021-04-21 00:00:00+09:00,45314.0,45487.0,44672.0,44697.0,619696.0
2021-04-22 00:00:00+09:00,44845.0,45932.0,44845.0,45414.0,635942.0
2021-04-23 00:00:00+09:00,45463.0,46427.0,45463.0,46427.0,969527.0
2021-04-26 00:00:00+09:00,46822.0,48180.0,46500.0,48082.0,1679664.0
2021-04-27 00:00:00+09:00,48205.0,48724.0,46994.0,47712.0,795425.0
2021-04-28 00:00:00+09:00,47612.0,47637.0,45339.0,45834.0,1069514.0
2021-04-29 00:00:00+09:00,45463.0,46451.0,44474.0,44747.0,780742.0
2021-04-30 00:00:00+09:00,44845.0,45092.0,43511.0,44722.0,746686.0
2021-05-03 00:00:00+09:00,43832.0,44474.0,42745.0,42943.0,831053.0
2021-05-04 00:00:00+09:00,42498.0,44375.0,41954.0,44129.0,789239.0
2021-05-06 00:00:00+09:00,44030.0,44870.0,43338.0,44747.0,484285.0
2021-05-07 00:00:00+09:00,45166.0,45833.0,43931.0,44327.0,452494.0
2021-05-10 00:00:00+09:00,44721.0,44771.0,44252.0,44475.0,399914.0
2021-05-11 00:00:00+09:00,44153.0,44227.0,42992.0,43363.0,572860.0
2021-05-12 00:00:00+09:00,42992.0,43486.0,42003.0,42671.0,520623.0
2021-05-13 00:00:00+09:00,41040.0,41979.0,40200.0,40299.0,1005657.0
2021-05-14 00:00:00+09:00,40669.0,42102.0,40595.0,42029.0,514775.0
2021-05-17 00:00:00+09:00,42498.0,42498.0,41262.0,41683.0,333098.0
2021-05-18 00:00:00+09:00,41855.0,42498.0,41139.0,41806.0,251536.0
2021-05-20 00:00:00+09:00,42127.0,43561.0,42127.0,43561.0,695909.0
2021-05-21 00:00:00+09:00,44351.0,44771.0,42819.0,42869.0,610418.0
2021-05-24 00:00:00+09:00,43362.0,43980.0,42621.0,42622.0,336250.0
2021-05-25 00:00:00+09:00,42992.0,43609.0,42967.0,43067.0,272365.0
2021-05-26 00:00:00+09:00,43609.0,44104.0,43214.0,43388.0,522497.0
2021-05-27 00:00:00+09:00,43436.0,43931.0,42893.0,43931.0,345204.0
2021-05-28 00:00:00+09:00,44672.0,44697.0,43535.0,44376.0,464345.0
2021-05-31 00:00:00+09:00,44647.0,44647.0,43263.0,43412.0,430811.0
2021-06-01 00:00:00+09:00,43511.0,44301.0,43140.0,43635.0,297435.0
2021-06-02 00:00:00+09:00,43634.0,43955.0,43263.0,43437.0,220799.0
2021-06-03 00:00:00+09:00,43461.0,43955.0,43288.0,43882.0,274814.0
2021-06-04 00:00:00+09:00,43857.0,44153.0,43412.0,44055.0,289258.0
2021-06-07 00:00:00+09:00,44277.0,44326.0,43782.0,44203.0,316042.0
2021-06-08 00:00:00+09:00,44104.0,44425.0,43832.0,44327.0,320689.0
2021-06-09 00:00:00+09:00,44474.0,44474.0,43560.0,43758.0,325296.0
2021-06-10 00:00:00+09:00,43758.0,45636.0,43609.0,45612.0,1301333.0
2021-06-11 00:00:00+09:00,45611.0,46821.0,45561.0,46748.0,1089944.0
2021-06-14 00:00:00+09:00,46747.0,47192.0,46303.0,46773.0,518050.0
2021-06-15 00:00:00+09:00,46920.0,47637.0,46574.0,47193.0,540622.0
2021-06-16 00:00:00+09:00,47563.0,48650.0,47118.0,48082.0,1103127.0
2021-06-17 00:00:00+09:00,47909.0,51887.0,47464.0,50281.0,2671405.0
2021-06-18 00:00:00+09:00,50083.0,51689.0,50058.0,51245.0,1318637.0
2021-06-21 00:00:00+09:00,50849.0,52875.0,50330.0,52752.0,1457526.0
2021-06-22 00:00:00+09:00,52752.0,53122.0,50676.0,51640.0,1180461.0
2021-06-23 00:00:00+09:00,51640.0,53246.0,51269.0,52826.0,1084256.0
2021-06-24 00:00:00+09:00,53147.0,54012.0,52282.0,53147.0,949021.0
2021-06-25 00:00:00+09:00,53394.0,53987.0,51961.0,52456.0,812784.0
2021-06-28 00:00:00+09:00,52134.0,52159.0,50305.0,50726.0,1288553.0
2021-06-29 00:00:00+09:00,51022.0,52109.0,50800.0,51714.0,725542.0
2021-06-30 00:00:00+09:00,51887.0,53048.0,51714.0,52406.0,693185.0
2021-07-01 00:00:00+09:00,52406.0,53641.0,51887.0,53493.0,824563.0
2021-07-02 00:00:00+09:00,53616.0,53616.0,52183.0,52406.0,635743.0
2021-07-05 00:00:00+09:00,52406.0,53863.0,52406.0,53172.0,633601.0
2021-07-06 00:00:00+09:00,53171.0,54086.0,52776.0,53345.0,653233.0
2021-07-07 00:00:00+09:00,53344.0,54086.0,52628.0,53889.0,765641.0
2021-07-08 00:00:00+09:00,53122.0,53962.0,51763.0,53617.0,1643630.0
2021-07-09 00:00:00+09:00,53616.0,57446.0,52999.0,56434.0,2126981.0
2021-07-12 00:00:00+09:00,57520.0,58113.0,54728.0,56705.0,1515562.0
2021-07-13 00:00:00+09:00,57298.0,57520.0,56384.0,57101.0,1240592.0
2021-07-14 00:00:00+09:00,57100.0,60658.0,56977.0,60436.0,2554945.0
2021-07-15 00:00:00+09:00,64241.0,66638.0,62536.0,66613.0,5042200.0
2021-07-16 00:00:00+09:00,66736.0,69825.0,65674.0,66712.0,2998169.0
2021-07-19 00:00:00+09:00,65723.0,71580.0,65723.0,71580.0,2943124.0
2021-07-20 00:00:00+09:00,70171.0,71011.0,64241.0,66342.0,4756596.0
2021-07-21 00:00:00+09:00,67626.0,67922.0,64488.0,66613.0,2214663.0
2021-07-22 00:00:00+09:00,66712.0,66885.0,64587.0,65699.0,1599642.0
2021-07-23 00:00:00+09:00,65748.0,67527.0,65056.0,67305.0,1610922.0
2021-07-26 00:00:00+09:00,67305.0,72617.0,66712.0,70419.0,2894601.0
2021-07-27 00:00:00+09:00,71332.0,71876.0,68491.0,70048.0,1377563.0
2021-07-28 00:00:00+09:00,69034.0,70146.0,67206.0,68689.0,1324021.0
2021-07-29 00:00:00+09:00,69677.0,71159.0,67972.0,70270.0,1376490.0
2021-07-30 00:00:00+09:00,71011.0,73926.0,70492.0,71531.0,2163179.0
2021-08-02 00:00:00+09:00,71085.0,71530.0,68688.0,70789.0,1154163.0
2021-08-03 00:00:00+09:00,71901.0,74692.0,70912.0,72346.0,2081382.0
2021-08-04 00:00:00+09:00,72815.0,72839.0,69677.0,70764.0,1469436.0
2021-08-05 00:00:00+09:00,70270.0,73235.0,69701.0,72766.0,1319602.0
2021-08-06 00:00:00+09:00,73383.0,74124.0,71901.0,72371.0,1087950.0
2021-08-09 00:00:00+09:00,72889.0,83143.0,72518.0,77485.0,7423829.0
2021-08-10 00:00:00+09:00,77410.0,78868.0,75557.0,77362.0,2029755.0
2021-08-11 00:00:00+09:00,77386.0,78671.0,75854.0,76892.0,1697913.0
2021-08-12 00:00:00+09:00,78325.0,82105.0,78176.0,78622.0,3273131.0
2021-08-13 00:00:00+09:00,78374.0,79535.0,75113.0,77411.0,1915979.0
2021-08-17 00:00:00+09:00,77583.0,77806.0,73383.0,74051.0,1921627.0
2021-08-18 00:00:00+09:00,72716.0,77361.0,72419.0,76843.0,1406449.0
2021-08-19 00:00:00+09:00,76842.0,79313.0,75631.0,76966.0,1606415.0
2021-08-20 00:00:00+09:00,77707.0,79708.0,75977.0,77213.0,1662102.0
2021-08-23 00:00:00+09:00,78572.0,81957.0,77954.0,81537.0,2163650.0
2021-08-24 00:00:00+09:00,83266.0,83513.0,75459.0,78325.0,2263122.0
2021-08-25 00:00:00+09:00,78399.0,78967.0,76298.0,78424.0,1043966.0
2021-08-26 00:00:00+09:00,78028.0,80796.0,76694.0,79808.0,1334608.0
2021-08-27 00:00:00+09:00,78621.0,80746.0,78349.0,79956.0,799135.0
2021-08-30 00:00:00+09:00,80696.0,81413.0,78399.0,78893.0,996830.0
2021-08-31 00:00:00+09:00,79807.0,81314.0,78794.0,79165.0,5007266.0
2021-09-01 00:00:00+09:00,79189.0,79189.0,75384.0,75953.0,2253158.0
2021-09-02 00:00:00+09:00,75953.0,75977.0,73309.0,73408.0,1595051.0
2021-09-03 00:00:00+09:00,72815.0,77830.0,72148.0,77782.0,2082566.0
2021-09-06 00:00:00+09:00,78819.0,80029.0,76471.0,76941.0,1388041.0
2021-09-07 00:00:00+09:00,77608.0,82426.0,77114.0,80994.0,2286696.0
2021-09-08 00:00:00+09:00,81858.0,83933.0,80598.0,83193.0,1940387.0
2021-09-09 00:00:00+09:00,95472.0,98832.0,84675.0,88357.0,6914111.0
2021-09-10 00:00:00+09:00,90778.0,100068.0,88924.0,98956.0,8697635.0
2021-09-13 00:00:00+09:00,99796.0,103774.0,99104.0,99624.0,5352016.0
2021-09-14 00:00:00+09:00,100834.0,109210.0,100142.0,107926.0,5474232.0
2021-09-15 00:00:00+09:00,109383.0,111014.0,103774.0,109927.0,3538716.0
2021-09-16 00:00:00+09:00,110001.0,116054.0,110001.0,112472.0,3265724.0
2021-09-17 00:00:00+09:00,113929.0,114497.0,108716.0,113016.0,3054363.0
2021-09-23 00:00:00+09:00,111187.0,116870.0,111187.0,116129.0,2142964.0
2021-09-24 00:00:00+09:00,118574.0,120452.0,114918.0,116277.0,1924487.0
2021-09-27 00:00:00+09:00,116375.0,117932.0,115115.0,116648.0,1287073.0
2021-09-28 00:00:00+09:00,116276.0,117116.0,112422.0,115684.0,1809431.0
2021-09-29 00:00:00+09:00,111434.0,113312.0,107085.0,110372.0,2751388.0
2021-09-30 00:00:00+09:00,108691.0,116128.0,108469.0,115388.0,1913115.0
2021-10-01 00:00:00+09:00,113633.0,115115.0,110470.0,111434.0,1253835.0
2021-10-05 00:00:00+09:00,107975.0,112175.0,106640.0,108469.0,1251462.0
2021-10-06 00:00:00+09:00,109951.0,110890.0,99203.0,101798.0,2100436.0
2021-10-07 00:00:00+09:00,102860.0,104491.0,96979.0,101600.0,2080887.0
2021-10-08 00:00:00+09:00,102292.0,108493.0,102292.0,104565.0,1874021.0
2021-10-12 00:00:00+09:00,104565.0,107110.0,103058.0,104244.0,977445.0
2021-10-13 00:00:00+09:00,104268.0,111112.0,104268.0,108988.0,1488331.0
2021-10-14 00:00:00+09:00,112570.0,113040.0,107975.0,107975.0,1327053.0
2021-10-15 00:00:00+09:00,109581.0,110223.0,105998.0,107728.0,968095.0
2021-10-18 00:00:00+09:00,108271.0,112570.0,108123.0,111681.0,1164774.0
2021-10-19 00:00:00+09:00,112447.0,113534.0,110692.0,112003.0,1269997.0
2021-10-20 00:00:00+09:00,112051.0,113658.0,110100.0,111434.0,790040.0
2021-10-21 00:00:00+09:00,111730.0,111730.0,100784.0,101625.0,3135933.0
2021-10-22 00:00:00+09:00,98808.0,103675.0,98289.0,102045.0,1462260.0
2021-10-25 00:00:00+09:00,99697.0,102909.0,97770.0,102045.0,1041700.0
2021-10-26 00:00:00+09:00,103725.0,106196.0,101303.0,102292.0,1030811.0
2021-10-27 00:00:00+09:00,102761.0,103552.0,100760.0,102045.0,670888.0
2021-10-28 00:00:00+09:00,102613.0,103033.0,99574.0,99574.0,780778.0
2021-10-29 00:00:00+09:00,99697.0,102687.0,98067.0,101279.0,1039004.0
2021-11-01 00:00:00+09:00,101797.0,101872.0,98684.0,99302.0,749865.0
2021-11-02 00:00:00+09:00,99574.0,101402.0,99351.0,99821.0,468884.0
2021-11-03 00:00:00+09:00,101402.0,106566.0,101303.0,105010.0,1525422.0
2021-11-04 00:00:00+09:00,108321.0,112645.0,108321.0,112645.0,1627403.0
2021-11-05 00:00:00+09:00,119909.0,124603.0,117537.0,123319.0,3880071.0
2021-11-08 00:00:00+09:00,124158.0,127049.0,121564.0,125221.0,1521350.0
2021-11-09 00:00:00+09:00,124010.0,138267.0,123195.0,137749.0,2624266.0
2021-11-10 00:00:00+09:00,134585.0,140614.0,132213.0,133202.0,1914384.0
2021-11-11 00:00:00+09:00,133202.0,140589.0,133152.0,139305.0,1781725.0
2021-11-12 00:00:00+09:00,141034.0,141553.0,136463.0,139107.0,1137690.0
2021-11-15 00:00:00+09:00,139107.0,142023.0,137550.0,139478.0,950094.0
2021-11-16 00:00:00+09:00,138712.0,140713.0,137130.0,138490.0,812302.0
2021-11-17 00:00:00+09:00,139453.0,140145.0,137130.0,138317.0,762474.0
2021-11-18 00:00:00+09:00,138316.0,142097.0,136389.0,140219.0,944573.0
2021-11-19 00:00:00+09:00,140837.0,141331.0,132040.0,135031.0,1339949.0
2021-11-22 00:00:00+09:00,134585.0,134585.0,128285.0,133178.0,1143848.0
2021-11-23 00:00:00+09:00,133177.0,134857.0,130237.0,132189.0,593565.0
2021-11-24 00:00:00+09:00,131447.0,135105.0,131447.0,135105.0,613996.0
2021-11-25 00:00:00+09:00,135104.0,137007.0,132312.0,132436.0,511237.0
2021-11-26 00:00:00+09:00,132559.0,134808.0,132312.0,133276.0,527364.0
2021-11-29 00:00:00+09:00,128482.0,132930.0,127420.0,129447.0,747229.0
2021-11-30 00:00:00+09:00,131694.0,136759.0,129816.0,134265.0,1410338.0
2021-12-01 00:00:00+09:00,134388.0,134659.0,123813.0,127939.0,1785128.0
2021-12-02 00:00:00+09:00,126110.0,127000.0,121070.0,123196.0,1124228.0
2021-12-03 00:00:00+09:00,123541.0,130904.0,123294.0,130460.0,978398.0
2021-12-06 00:00:00+09:00,128557.0,128557.0,123541.0,124554.0,865340.0
2021-12-07 00:00:00+09:00,125270.0,127840.0,123837.0,124110.0,694541.0
2021-12-08 00:00:00+09:00,127123.0,134017.0,126654.0,132189.0,1586670.0
2021-12-09 00:00:00+09:00,132806.0,134685.0,132806.0,134685.0,1282227.0
2021-12-10 00:00:00+09:00,130953.0,132189.0,128235.0,128310.0,1032227.0
2021-12-13 00:00:00+09:00,128606.0,130039.0,126110.0,126877.0,507081.0
2021-12-14 00:00:00+09:00,124109.0,126728.0,123541.0,125790.0,481640.0
2021-12-15 00:00:00+09:00,123565.0,129471.0,123565.0,126654.0,560171.0
2021-12-16 00:00:00+09:00,129693.0,130039.0,126135.0,126556.0,511911.0
2021-12-17 00:00:00+09:00,123788.0,125740.0,123590.0,125740.0,538803.0
2021-12-20 00:00:00+09:00,124331.0,125567.0,123541.0,123838.0,436575.0
2021-12-21 00:00:00+09:00,123837.0,125690.0,119316.0,125469.0,824978.0
2021-12-22 00:00:00+09:00,126975.0,128359.0,124603.0,125394.0,483595.0
2021-12-23 00:00:00+09:00,125764.0,128680.0,124208.0,125642.0,755430.0
2021-12-24 00:00:00+09:00,126061.0,126580.0,123738.0,124035.0,657390.0
2021-12-27 00:00:00+09:00,123961.0,124529.0,122799.0,122800.0,624474.0
2021-12-28 00:00:00+09:00,123269.0,129817.0,123269.0,129422.0,1758104.0
2021-12-29 00:00:00+09:00,128482.0,129619.0,123541.0,124332.0,1531114.0
2021-12-30 00:00:00+09:00,124356.0,124529.0,122330.0,123739.0,625874.0
2022-01-03 00:00:00+09:00,124801.0,125517.0,118599.0,118600.0,1243265.0
2022-01-04 00:00:00+09:00,120625.0,120823.0,115634.0,117364.0,897825.0
2022-01-05 00:00:00+09:00,116919.0,117018.0,113658.0,115017.0,697517.0
2022-01-06 00:00:00+09:00,111137.0,116079.0,111137.0,111805.0,838923.0
2022-01-07 00:00:00+09:00,111804.0,115634.0,111088.0,111385.0,684880.0
2022-01-10 00:00:00+09:00,110100.0,111360.0,106319.0,107950.0,751102.0
2022-01-11 00:00:00+09:00,107505.0,109754.0,104268.0,104887.0,855468.0
2022-01-12 00:00:00+09:00,106294.0,110346.0,106294.0,109952.0,953325.0
2022-01-13 00:00:00+09:00,112298.0,113658.0,107011.0,109482.0,839385.0
2022-01-14 00:00:00+09:00,106615.0,108444.0,106023.0,106987.0,450743.0
2022-01-17 00:00:00+09:00,107060.0,110100.0,106739.0,107506.0,478374.0
2022-01-18 00:00:00+09:00,107974.0,111088.0,107060.0,108296.0,532298.0
2022-01-19 00:00:00+09:00,108345.0,108518.0,105059.0,106715.0,557419.0
2022-01-20 00:00:00+09:00,106097.0,112423.0,106097.0,112423.0,837818.0
2022-01-21 00:00:00+09:00,111804.0,111804.0,106986.0,107184.0,1164036.0
2022-01-24 00:00:00+09:00,100562.0,104244.0,96856.0,98932.0,2955856.0
2022-01-25 00:00:00+09:00,98981.0,102835.0,98486.0,100390.0,1617424.0
2022-01-26 00:00:00+09:00,100686.0,101921.0,81166.0,81167.0,4616438.0
2022-01-27 00:00:00+09:00,77781.0,85638.0,77238.0,80574.0,7610719.0
2022-01-28 00:00:00+09:00,79066.0,83390.0,72543.0,81117.0,3358702.0
2022-02-03 00:00:00+09:00,84452.0,86972.0,81561.0,83761.0,2179278.0
2022-02-04 00:00:00+09:00,83760.0,85787.0,82772.0,83860.0,910258.0
2022-02-07 00:00:00+09:00,80869.0,81710.0,74865.0,80450.0,3022545.0
2022-02-08 00:00:00+09:00,79931.0,84625.0,78819.0,79635.0,2171811.0
2022-02-09 00:00:00+09:00,80894.0,83093.0,79980.0,82105.0,1384332.0
2022-02-10 00:00:00+09:00,82772.0,83019.0,78596.0,78819.0,1064340.0
2022-02-11 00:00:00+09:00,77139.0,85193.0,76373.0,82278.0,2489712.0
2022-02-14 00:00:00+09:00,80697.0,83884.0,79115.0,81636.0,1420418.0
2022-02-15 00:00:00+09:00,82179.0,84699.0,79980.0,81784.0,1255040.0
2022-02-16 00:00:00+09:00,84749.0,86009.0,83143.0,84651.0,1220389.0
2022-02-17 00:00:00+09:00,85391.0,89764.0,83760.0,86578.0,2064932.0
2022-02-18 00:00:00+09:00,85193.0,87121.0,84279.0,85935.0,866924.0
2022-02-21 00:00:00+09:00,83958.0,85366.0,82229.0,84898.0,617007.0
2022-02-22 00:00:00+09:00,83266.0,86552.0,83167.0,85935.0,833626.0
2022-02-23 00:00:00+09:00,86182.0,87714.0,84329.0,85367.0,682878.0
2022-02-24 00:00:00+09:00,84329.0,84502.0,80450.0,80450.0,1106402.0
2022-02-25 00:00:00+09:00,83217.0,88950.0,83217.0,88950.0,1905644.0
2022-02-28 00:00:00+09:00,87714.0,93891.0,87516.0,92705.0,1502790.0
2022-03-02 00:00:00+09:00,91939.0,98758.0,91865.0,97227.0,1445930.0
2022-03-03 00:00:00+09:00,99697.0,99895.0,96609.0,96980.0,909133.0
2022-03-04 00:00:00+09:00,96362.0,98017.0,95349.0,95571.0,695335.0
2022-03-07 00:00:00+09:00,92655.0,95793.0,92655.0,94237.0,655104.0
2022-03-08 00:00:00+09:00,91519.0,91939.0,86058.0,86059.0,1748858.0
2022-03-10 00:00:00+09:00,88628.0,91420.0,87294.0,88777.0,1354428.0
2022-03-11 00:00:00+09:00,88801.0,88875.0,84008.0,84478.0,1079857.0
2022-03-14 00:00:00+09:00,82673.0,82747.0,77682.0,79659.0,1788538.0
2022-03-15 00:00:00+09:00,77633.0,81191.0,77633.0,80672.0,903341.0
2022-03-16 00:00:00+09:00,82970.0,85095.0,82327.0,83860.0,931941.0
2022-03-17 00:00:00+09:00,88653.0,90530.0,86478.0,88530.0,1274640.0
2022-03-18 00:00:00+09:00,89418.0,90407.0,88504.0,89567.0,678754.0
2022-03-21 00:00:00+09:00,91469.0,92557.0,89591.0,89617.0,658359.0
2022-03-22 00:00:00+09:00,90012.0,90135.0,88060.0,89543.0,410955.0
2022-03-23 00:00:00+09:00,92507.0,97474.0,91914.0,96659.0,1522941.0
2022-03-24 00:00:00+09:00,95398.0,95398.0,92532.0,94509.0,1048074.0
2022-03-25 00:00:00+09:00,95497.0,96658.0,94755.0,95152.0,825213.0
2022-03-28 00:00:00+09:00,95101.0,95126.0,91988.0,92532.0,706803.0
2022-03-29 00:00:00+09:00,95843.0,96633.0,94410.0,94756.0,967860.0
2022-03-30 00:00:00+09:00,96164.0,97325.0,95373.0,95992.0,619161.0
2022-03-31 00:00:00+09:00,95126.0,98832.0,94657.0,98265.0,1015410.0
2022-04-01 00:00:00+09:00,97597.0,98338.0,96386.0,96436.0,651387.0
2022-04-04 00:00:00+09:00,96337.0,96905.0,94879.0,96041.0,506407.0
2022-04-05 00:00:00+09:00,97572.0,102514.0,97078.0,102514.0,1572011.0
2022-04-06 00:00:00+09:00,100093.0,104714.0,100093.0,104714.0,1312957.0
2022-04-07 00:00:00+09:00,109630.0,111236.0,103626.0,106270.0,3558181.0
2022-04-08 00:00:00+09:00,106319.0,121589.0,106294.0,115758.0,4111508.0
2022-04-11 00:00:00+09:00,116573.0,118377.0,112916.0,112917.0,1641588.0
2022-04-12 00:00:00+09:00,110272.0,111656.0,108049.0,109557.0,1395995.0
2022-04-13 00:00:00+09:00,111038.0,115758.0,110816.0,114745.0,1268932.0
2022-04-14 00:00:00+09:00,116227.0,116746.0,113163.0,113361.0,1175408.0
2022-04-15 00:00:00+09:00,111607.0,114077.0,109778.0,113287.0,598926.0
2022-04-18 00:00:00+09:00,114250.0,116054.0,112669.0,115388.0,865113.0
2022-04-19 00:00:00+09:00,117067.0,119316.0,116622.0,118600.0,865065.0
2022-04-20 00:00:00+09:00,119340.0,119834.0,116993.0,117389.0,646460.0
2022-04-21 00:00:00+09:00,118303.0,120304.0,117141.0,117241.0,721880.0
2022-04-22 00:00:00+09:00,116548.0,118055.0,115634.0,117043.0,524488.0
2022-04-25 00:00:00+09:00,115634.0,117043.0,112447.0,112472.0,954394.0
2022-04-26 00:00:00+09:00,112669.0,115387.0,110989.0,111360.0,644646.0
2022-04-27 00:00:00+09:00,106492.0,111360.0,105627.0,111138.0,887546.0
2022-04-28 00:00:00+09:00,112051.0,112916.0,109803.0,111558.0,505505.0
2022-04-29 00:00:00+09:00,112175.0,118550.0,110569.0,117710.0,1147949.0
2022-05-02 00:00:00+09:00,116820.0,121391.0,116351.0,121071.0,1073303.0
2022-05-03 00:00:00+09:00,122577.0,126605.0,122552.0,126259.0,1364444.0
2022-05-04 00:00:00+09:00,128977.0,131472.0,127099.0,128508.0,1419552.0
2022-05-06 00:00:00+09:00,127914.0,131620.0,122651.0,123171.0,2009145.0
2022-05-09 00:00:00+09:00,120036.0,122543.0,119309.0,120588.0,752554.0
2022-05-10 00:00:00+09:00,117329.0,120237.0,115674.0,119561.0,1215958.0
2022-05-11 00:00:00+09:00,119485.0,120187.0,117479.0,119435.0,635663.0
2022-05-12 00:00:00+09:00,117329.0,117354.0,111838.0,111839.0,1241992.0
2022-05-13 00:00:00+09:00,112064.0,113869.0,107301.0,112691.0,1399014.0
2022-05-16 00:00:00+09:00,115574.0,116025.0,112691.0,112691.0,623118.0
2022-05-17 00:00:00+09:00,113092.0,117830.0,112841.0,117705.0,609289.0
2022-05-18 00:00:00+09:00,120864.0,123195.0,119309.0,119310.0,799099.0
2022-05-19 00:00:00+09:00,115749.0,123220.0,115624.0,119034.0,1225467.0
2022-05-20 00:00:00+09:00,119510.0,124023.0,119510.0,123697.0,1100614.0
2022-05-23 00:00:00+09:00,125301.0,126480.0,122468.0,124449.0,796558.0
2022-05-24 00:00:00+09:00,124098.0,124725.0,119961.0,119962.0,697748.0
2022-05-25 00:00:00+09:00,120588.0,121541.0,116827.0,119084.0,725466.0
2022-05-26 00:00:00+09:00,119736.0,120387.0,116100.0,116778.0,541990.0
2022-05-27 00:00:00+09:00,119034.0,119234.0,117078.0,117104.0,377541.0
2022-05-30 00:00:00+09:00,119911.0,122769.0,117605.0,122644.0,648032.0
2022-05-31 00:00:00+09:00,124173.0,126605.0,122920.0,126605.0,973983.0
2022-06-02 00:00:00+09:00,125527.0,126630.0,124374.0,126154.0,400158.0
2022-06-03 00:00:00+09:00,127683.0,127708.0,123872.0,124299.0,528441.0
2022-06-07 00:00:00+09:00,123621.0,124323.0,120011.0,120614.0,619353.0
2022-06-08 00:00:00+09:00,121340.0,122844.0,120438.0,121717.0,436787.0
2022-06-09 00:00:00+09:00,121841.0,126078.0,121064.0,126054.0,808748.0
2022-06-10 00:00:00+09:00,124850.0,128360.0,123020.0,128335.0,852840.0
2022-06-13 00:00:00+09:00,125828.0,130240.0,125602.0,128235.0,1006555.0
2022-06-14 00:00:00+09:00,126254.0,135029.0,126204.0,134352.0,1299522.0
2022-06-15 00:00:00+09:00,135379.0,139616.0,127909.0,128410.0,2132809.0
2022-06-16 00:00:00+09:00,131168.0,133399.0,129363.0,130867.0,986551.0
2022-06-17 00:00:00+09:00,129112.0,132321.0,129087.0,130291.0,860107.0
2022-06-20 00:00:00+09:00,132145.0,134678.0,128059.0,130090.0,1156469.0
2022-06-21 00:00:00+09:00,130691.0,131694.0,125351.0,131118.0,934219.0
2022-06-22 00:00:00+09:00,132973.0,135254.0,130741.0,130867.0,1026279.0
2022-06-23 00:00:00+09:00,128886.0,130817.0,118081.0,118132.0,2126100.0
2022-06-24 00:00:00+09:00,120588.0,125101.0,118131.0,124700.0,1683908.0
2022-06-27 00:00:00+09:00,135000.0,156600.0,131700.0,135900.0,3082174.0
2022-06-28 00:00:00+09:00,133900.0,136600.0,126100.0,127900.0,1339086.0
2022-06-29 00:00:00+09:00,125400.0,125600.0,120800.0,121400.0,787677.0
2022-06-30 00:00:00+09:00,120600.0,122600.0,112000.0,113500.0,924611.0
2022-07-01 00:00:00+09:00,112900.0,114600.0,108000.0,108600.0,695589.0
2022-07-04 00:00:00+09:00,110400.0,112900.0,106900.0,111800.0,648837.0
2022-07-05 00:00:00+09:00,111900.0,121700.0,110400.0,120400.0,820535.0
2022-07-06 00:00:00+09:00,120700.0,122500.0,115000.0,115000.0,499510.0
2022-07-07 00:00:00+09:00,116400.0,119200.0,115700.0,116400.0,343429.0
2022-07-08 00:00:00+09:00,120000.0,121400.0,118400.0,118900.0,371124.0
2022-07-11 00:00:00+09:00,119600.0,120200.0,114200.0,114600.0,293996.0
2022-07-12 00:00:00+09:00,113000.0,114100.0,110500.0,110900.0,292517.0
2022-07-13 00:00:00+09:00,108000.0,120000.0,108000.0,120000.0,1074732.0
2022-07-14 00:00:00+09:00,127200.0,127300.0,114200.0,117000.0,1906215.0
2022-07-15 00:00:00+09:00,115700.0,117700.0,110100.0,111500.0,1792794.0
2022-07-18 00:00:00+09:00,112300.0,113600.0,107700.0,109800.0,1395732.0
2022-07-19 00:00:00+09:00,110000.0,112000.0,108500.0,110600.0,1214631.0
2022-07-20 00:00:00+09:00,113800.0,114200.0,109700.0,109900.0,1383052.0
2022-07-21 00:00:00+09:00,111100.0,115400.0,110200.0,115000.0,1686917.0
2022-07-22 00:00:00+09:00,117100.0,119900.0,116100.0,117600.0,1634500.0
2022-07-25 00:00:00+09:00,117700.0,120500.0,116800.0,118100.0,644565.0
2022-07-26 00:00:00+09:00,117500.0,118400.0,113200.0,117300.0,783952.0
2022-07-27 00:00:00+09:00,115900.0,117500.0,115100.0,117200.0,505338.0
2022-07-28 00:00:00+09:00,119100.0,119900.0,116500.0,118900.0,818259.0
2022-07-29 00:00:00+09:00,120000.0,120700.0,118500.0,119400.0,610438.0
2022-08-01 00:00:00+09:00,119400.0,127900.0,118700.0,127700.0,1734729.0
2022-08-02 00:00:00+09:00,128000.0,128000.0,124200.0,125500.0,823652.0
2022-08-03 00:00:00+09:00,124800.0,128500.0,124800.0,127500.0,1000161.0
2022-08-04 00:00:00+09:00,129500.0,133500.0,127300.0,128000.0,1554544.0
2022-08-05 00:00:00+09:00,129500.0,131500.0,121400.0,124000.0,2022989.0
2022-08-08 00:00:00+09:00,121800.0,124300.0,121000.0,121600.0,1181132.0
2022-08-09 00:00:00+09:00,122600.0,123900.0,121200.0,123300.0,926430.0
2022-08-10 00:00:00+09:00,122000.0,124700.0,121500.0,122400.0,716593.0
2022-08-11 00:00:00+09:00,125200.0,125200.0,119100.0,121400.0,1394924.0
2022-08-12 00:00:00+09:00,120700.0,121000.0,116500.0,118500.0,998978.0
2022-08-16 00:00:00+09:00,119400.0,119600.0,117400.0,118100.0,784273.0
2022-08-17 00:00:00+09:00,117800.0,119600.0,116800.0,119200.0,729290.0
2022-08-18 00:00:00+09:00,118100.0,119800.0,117400.0,117700.0,717126.0
2022-08-19 00:00:00+09:00,118200.0,118500.0,113500.0,114000.0,994546.0
2022-08-22 00:00:00+09:00,112000.0,115600.0,111900.0,113000.0,694416.0
2022-08-23 00:00:00+09:00,112200.0,112600.0,110600.0,111500.0,609277.0
2022-08-24 00:00:00+09:00,114400.0,116400.0,111600.0,115300.0,899069.0
2022-08-25 00:00:00+09:00,115500.0,116900.0,113700.0,116400.0,575412.0
2022-08-26 00:00:00+09:00,117300.0,117800.0,113800.0,114200.0,538908.0
2022-08-29 00:00:00+09:00,109500.0,113600.0,109500.0,111900.0,643984.0
2022-08-30 00:00:00+09:00,111700.0,114200.0,111700.0,112100.0,502527.0
2022-08-31 00:00:00+09:00,110900.0,112200.0,108800.0,112200.0,925974.0
2022-09-01 00:00:00+09:00,110200.0,110700.0,106600.0,106600.0,961890.0
2022-09-02 00:00:00+09:00,107400.0,108400.0,106000.0,106100.0,456087.0
2022-09-05 00:00:00+09:00,103200.0,105700.0,102500.0,102900.0,989839.0
2022-09-06 00:00:00+09:00,102900.0,106400.0,102900.0,103800.0,590916.0
2022-09-07 00:00:00+09:00,103800.0,106300.0,101200.0,104300.0,829732.0
2022-09-08 00:00:00+09:00,106500.0,108500.0,105200.0,108000.0,924757.0
2022-09-13 00:00:00+09:00,110400.0,111300.0,107200.0,108400.0,1038789.0
2022-09-14 00:00:00+09:00,104900.0,109100.0,102500.0,107000.0,2213602.0
2022-09-15 00:00:00+09:00,107100.0,107400.0,103200.0,103600.0,1396055.0
2022-09-16 00:00:00+09:00,102200.0,103500.0,99500.0,99700.0,1512218.0
2022-09-19 00:00:00+09:00,99800.0,102300.0,99500.0,100000.0,1062995.0
2022-09-20 00:00:00+09:00,101600.0,105000.0,101200.0,102000.0,971771.0
2022-09-21 00:00:00+09:00,101400.0,105000.0,101000.0,104000.0,918979.0
2022-09-22 00:00:00+09:00,102900.0,108600.0,102600.0,107900.0,1131140.0
2022-09-23 00:00:00+09:00,107900.0,107900.0,100100.0,101100.0,1600551.0
2022-09-26 00:00:00+09:00,98000.0,99700.0,92300.0,92300.0,1585907.0
2022-09-27 00:00:00+09:00,92300.0,95600.0,90100.0,95100.0,1161641.0
2022-09-28 00:00:00+09:00,94500.0,97600.0,91900.0,92100.0,1060251.0
2022-09-29 00:00:00+09:00,95200.0,95400.0,90800.0,90800.0,864850.0
2022-09-30 00:00:00+09:00,89000.0,91600.0,86900.0,88100.0,998231.0
2022-10-04 00:00:00+09:00,89600.0,92600.0,88700.0,92400.0,778671.0
2022-10-05 00:00:00+09:00,95500.0,95600.0,91300.0,91400.0,721098.0
2022-10-06 00:00:00+09:00,92500.0,96800.0,92500.0,96700.0,935919.0
2022-10-07 00:00:00+09:00,95100.0,99100.0,94100.0,97000.0,732747.0
2022-10-11 00:00:00+09:00,95000.0,99100.0,95000.0,98400.0,821592.0
2022-10-12 00:00:00+09:00,99600.0,101200.0,98400.0,99500.0,866789.0
2022-10-13 00:00:00+09:00,99800.0,104800.0,99600.0,104700.0,1234173.0
2022-10-14 00:00:00+09:00,106300.0,106900.0,104200.0,104800.0,971419.0
2022-10-17 00:00:00+09:00,103800.0,109200.0,103600.0,109100.0,1346295.0
2022-10-18 00:00:00+09:00,110600.0,112400.0,102500.0,104800.0,2818643.0
2022-10-19 00:00:00+09:00,105300.0,109300.0,104900.0,106200.0,1947701.0
2022-10-20 00:00:00+09:00,105200.0,105200.0,100800.0,102000.0,1381990.0
2022-10-21 00:00:00+09:00,103700.0,109200.0,103100.0,106400.0,2228353.0
2022-10-24 00:00:00+09:00,107900.0,108300.0,105800.0,107000.0,1019201.0
2022-10-25 00:00:00+09:00,107300.0,108900.0,102300.0,103500.0,1193901.0
2022-10-26 00:00:00+09:00,104300.0,105400.0,103200.0,103300.0,615216.0
2022-10-27 00:00:00+09:00,104600.0,110900.0,103500.0,110900.0,2173083.0
2022-10-28 00:00:00+09:00,109900.0,115300.0,108900.0,114400.0,1843591.0
2022-10-31 00:00:00+09:00,116700.0,117000.0,113200.0,115100.0,961283.0
2022-11-01 00:00:00+09:00,116400.0,117900.0,114500.0,115500.0,933663.0
2022-11-02 00:00:00+09:00,115200.0,115900.0,108100.0,109700.0,1796121.0
2022-11-03 00:00:00+09:00,106800.0,111900.0,106700.0,111600.0,1001247.0
2022-11-04 00:00:00+09:00,111000.0,112700.0,108700.0,110000.0,816114.0
2022-11-07 00:00:00+09:00,110100.0,110200.0,107300.0,108700.0,827471.0
2022-11-08 00:00:00+09:00,108900.0,109500.0,104600.0,108800.0,971591.0
2022-11-09 00:00:00+09:00,109400.0,109800.0,107500.0,109100.0,737451.0
2022-11-10 00:00:00+09:00,107100.0,109700.0,106800.0,106900.0,899600.0
2022-11-11 00:00:00+09:00,111700.0,112900.0,109000.0,110600.0,1752384.0
2022-11-14 00:00:00+09:00,112000.0,117000.0,111800.0,115700.0,2325025.0
2022-11-15 00:00:00+09:00,117400.0,118800.0,115000.0,116600.0,1164795.0
2022-11-16 00:00:00+09:00,116800.0,116800.0,111100.0,112500.0,1381227.0
2022-11-17 00:00:00+09:00,112500.0,112500.0,109700.0,110800.0,575393.0
2022-11-18 00:00:00+09:00,110800.0,111600.0,109000.0,109300.0,622197.0
2022-11-21 00:00:00+09:00,109300.0,109300.0,104800.0,105400.0,1107684.0
2022-11-22 00:00:00+09:00,105100.0,106100.0,102300.0,102500.0,735515.0
2022-11-23 00:00:00+09:00,103600.0,105400.0,103100.0,105300.0,588936.0
2022-11-24 00:00:00+09:00,107200.0,108800.0,106700.0,108800.0,633634.0
2022-11-25 00:00:00+09:00,109500.0,114900.0,108500.0,113400.0,1504283.0
2022-11-28 00:00:00+09:00,113300.0,113300.0,108900.0,109500.0,790658.0
2022-11-29 00:00:00+09:00,109000.0,111000.0,108300.0,110500.0,469756.0
2022-11-30 00:00:00+09:00,109700.0,113800.0,107500.0,113800.0,1085218.0
2022-12-01 00:00:00+09:00,116100.0,117000.0,114600.0,115100.0,1069289.0
2022-12-02 00:00:00+09:00,115300.0,115400.0,109500.0,109900.0,1426106.0
2022-12-05 00:00:00+09:00,110000.0,110900.0,106000.0,106700.0,878090.0
2022-12-06 00:00:00+09:00,105000.0,105900.0,103700.0,104400.0,787926.0
2022-12-07 00:00:00+09:00,103100.0,106000.0,103100.0,105000.0,596945.0
2022-12-08 00:00:00+09:00,104700.0,105600.0,103300.0,103500.0,604990.0
2022-12-09 00:00:00+09:00,104500.0,105000.0,99100.0,101000.0,1493777.0
2022-12-12 00:00:00+09:00,99500.0,101700.0,98900.0,101400.0,617474.0
2022-12-13 00:00:00+09:00,100900.0,102300.0,100000.0,102300.0,529918.0
2022-12-14 00:00:00+09:00,102200.0,105000.0,101400.0,104500.0,596056.0
2022-12-15 00:00:00+09:00,103000.0,105500.0,101700.0,102000.0,474988.0
2022-12-16 00:00:00+09:00,100100.0,102100.0,99800.0,101000.0,451806.0
2022-12-19 00:00:00+09:00,100100.0,101800.0,99500.0,100200.0,378458.0
2022-12-20 00:00:00+09:00,100200.0,101500.0,99300.0,99700.0,427319.0
2022-12-21 00:00:00+09:00,100200.0,101300.0,99300.0,99800.0,452332.0
2022-12-22 00:00:00+09:00,100700.0,101800.0,99900.0,101200.0,396889.0
2022-12-23 00:00:00+09:00,98900.0,99700.0,96400.0,97000.0,800150.0
2022-12-26 00:00:00+09:00,96600.0,98000.0,95900.0,97300.0,570527.0
2022-12-27 00:00:00+09:00,97600.0,99200.0,96900.0,97900.0,887137.0
2022-12-28 00:00:00+09:00,97000.0,97800.0,91500.0,92200.0,1388923.0
2022-12-29 00:00:00+09:00,92000.0,93300.0,90900.0,92100.0,543767.0
2023-01-02 00:00:00+09:00,93100.0,96200.0,93100.0,93400.0,710596.0
2023-01-03 00:00:00+09:00,93400.0,94300.0,91600.0,93200.0,470258.0
2023-01-04 00:00:00+09:00,91000.0,94400.0,90100.0,94300.0,463744.0
2023-01-05 00:00:00+09:00,95100.0,96200.0,92500.0,92700.0,441784.0
2023-01-06 00:00:00+09:00,92000.0,94700.0,91100.0,94700.0,447567.0
2023-01-09 00:00:00+09:00,96000.0,97500.0,95000.0,97500.0,475897.0
2023-01-10 00:00:00+09:00,98700.0,99800.0,96500.0,96500.0,534966.0
2023-01-11 00:00:00+09:00,97800.0,99900.0,97300.0,99900.0,485214.0
2023-01-12 00:00:00+09:00,101000.0,101200.0,99100.0,100200.0,449188.0
2023-01-13 00:00:00+09:00,100900.0,100900.0,99500.0,99800.0,361081.0
2023-01-16 00:00:00+09:00,100000.0,101000.0,99900.0,100300.0,365996.0
2023-01-17 00:00:00+09:00,100100.0,101000.0,98800.0,99400.0,424922.0
2023-01-18 00:00:00+09:00,99800.0,100500.0,98100.0,98900.0,352302.0
2023-01-19 00:00:00+09:00,98800.0,99000.0,97000.0,97500.0,399268.0
2023-01-20 00:00:00+09:00,97500.0,99500.0,97100.0,99400.0,381727.0
2023-01-25 00:00:00+09:00,100600.0,101800.0,100400.0,101700.0,572531.0
2023-01-26 00:00:00+09:00,102700.0,105500.0,101400.0,105400.0,1161366.0
2023-01-27 00:00:00+09:00,107200.0,107300.0,103900.0,104300.0,748283.0
2023-01-30 00:00:00+09:00,105000.0,106200.0,102400.0,103400.0,663096.0
2023-01-31 00:00:00+09:00,100500.0,101300.0,99000.0,99800.0,1324971.0
2023-02-01 00:00:00+09:00,101000.0,109600.0,100800.0,109200.0,2337574.0
2023-02-02 00:00:00+09:00,110400.0,114400.0,110400.0,114000.0,1879935.0
2023-02-03 00:00:00+09:00,113600.0,116200.0,112000.0,114100.0,1513973.0
2023-02-06 00:00:00+09:00,113600.0,120400.0,113100.0,118700.0,2397142.0
2023-02-07 00:00:00+09:00,119500.0,126300.0,118800.0,121800.0,2357801.0
2023-02-08 00:00:00+09:00,123600.0,124600.0,119700.0,122000.0,1571643.0
2023-02-09 00:00:00+09:00,121600.0,131400.0,120700.0,130700.0,3910409.0
2023-02-10 00:00:00+09:00,135400.0,139700.0,128700.0,132700.0,2873415.0
2023-02-13 00:00:00+09:00,132600.0,142500.0,130400.0,139000.0,3447025.0
2023-02-14 00:00:00+09:00,141900.0,142300.0,134300.0,140500.0,2241781.0
2023-02-15 00:00:00+09:00,142500.0,149000.0,139500.0,141100.0,3489156.0
2023-02-16 00:00:00+09:00,145500.0,149000.0,140800.0,147500.0,2350333.0
2023-02-17 00:00:00+09:00,144000.0,149100.0,140500.0,146800.0,2554317.0
2023-02-20 00:00:00+09:00,147100.0,149300.0,142600.0,147300.0,2058218.0
2023-02-21 00:00:00+09:00,147300.0,161700.0,144900.0,160800.0,4616237.0
2023-02-22 00:00:00+09:00,159100.0,168000.0,153000.0,160500.0,4546902.0
2023-02-23 00:00:00+09:00,163000.0,164200.0,150600.0,155200.0,3029756.0
2023-02-24 00:00:00+09:00,155200.0,161100.0,155200.0,159300.0,2302622.0
2023-02-27 00:00:00+09:00,158000.0,169500.0,156700.0,166800.0,3737868.0
2023-02-28 00:00:00+09:00,168200.0,169300.0,163000.0,166300.0,2648559.0
2023-03-02 00:00:00+09:00,166600.0,171200.0,158100.0,159700.0,3110187.0
2023-03-03 00:00:00+09:00,161600.0,182600.0,161400.0,182100.0,5116799.0
2023-03-06 00:00:00+09:00,199800.0,217000.0,192500.0,217000.0,8059503.0
2023-03-07 00:00:00+09:00,208000.0,216500.0,201500.0,205500.0,4372985.0
2023-03-08 00:00:00+09:00,199400.0,215500.0,199400.0,209000.0,3677052.0
2023-03-09 00:00:00+09:00,215000.0,215500.0,197100.0,205000.0,2913212.0
2023-03-10 00:00:00+09:00,196100.0,203000.0,193100.0,193600.0,2456200.0
2023-03-13 00:00:00+09:00,190400.0,205500.0,190300.0,203000.0,3398373.0
2023-03-14 00:00:00+09:00,210000.0,211500.0,193300.0,196500.0,3476619.0
2023-03-15 00:00:00+09:00,206500.0,214000.0,200500.0,214000.0,4072893.0
2023-03-16 00:00:00+09:00,223500.0,229500.0,211000.0,216000.0,4006835.0
2023-03-17 00:00:00+09:00,217000.0,218000.0,199200.0,200000.0,3388296.0
2023-03-20 00:00:00+09:00,184600.0,204500.0,181400.0,204000.0,3452514.0
2023-03-21 00:00:00+09:00,204000.0,208500.0,197300.0,204500.0,2193086.0
2023-03-22 00:00:00+09:00,209500.0,215500.0,204000.0,213500.0,2700971.0
2023-03-23 00:00:00+09:00,212500.0,262500.0,210000.0,235000.0,9261725.0
2023-03-24 00:00:00+09:00,245000.0,245500.0,225000.0,233000.0,4120060.0
2023-03-27 00:00:00+09:00,233000.0,238500.0,223500.0,226000.0,2796705.0
2023-03-28 00:00:00+09:00,227500.0,229500.0,213000.0,224000.0,2762048.0
2023-03-29 00:00:00+09:00,222500.0,235500.0,219000.0,233000.0,3256078.0
2023-03-30 00:00:00+09:00,235500.0,239000.0,223000.0,226500.0,2578123.0
2023-03-31 00:00:00+09:00,218500.0,225000.0,216000.0,224500.0,1796010.0
2023-04-03 00:00:00+09:00,231000.0,236500.0,222000.0,232000.0,2608823.0
2023-04-04 00:00:00+09:00,232000.0,238500.0,221500.0,224500.0,1915939.0
2023-04-05 00:00:00+09:00,224500.0,237000.0,220000.0,235000.0,2132786.0
2023-04-06 00:00:00+09:00,233000.0,247500.0,230000.0,247500.0,2352283.0
2023-04-07 00:00:00+09:00,251500.0,261500.0,245000.0,257500.0,3446298.0
2023-04-10 00:00:00+09:00,258000.0,315500.0,257500.0,292500.0,9194122.0
2023-04-11 00:00:00+09:00,302000.0,308500.0,282000.0,294500.0,4639599.0
2023-04-12 00:00:00+09:00,290000.0,304000.0,276000.0,276000.0,4427300.0
2023-04-13 00:00:00+09:00,261500.0,278000.0,250000.0,268500.0,4702433.0
2023-04-14 00:00:00+09:00,276500.0,282000.0,266000.0,277500.0,2308384.0
2023-04-17 00:00:00+09:00,278500.0,295000.0,274500.0,294000.0,2601181.0
2023-04-18 00:00:00+09:00,297000.0,300000.0,286500.0,296000.0,2416820.0
2023-04-19 00:00:00+09:00,294000.0,304500.0,290000.0,294000.0,1774759.0
2023-04-20 00:00:00+09:00,289000.0,300500.0,289000.0,294000.0,1359064.0
2023-04-21 00:00:00+09:00,294000.0,297500.0,272500.0,272500.0,2095094.0
2023-04-24 00:00:00+09:00,264000.0,280000.0,264000.0,271000.0,1686722.0
2023-04-25 00:00:00+09:00,274500.0,275500.0,248500.0,253500.0,2949117.0
2023-04-26 00:00:00+09:00,252500.0,255500.0,242500.0,242500.0,2117088.0
2023-04-27 00:00:00+09:00,241500.0,271000.0,238500.0,269500.0,2973374.0
2023-04-28 00:00:00+09:00,281000.0,282500.0,261000.0,267000.0,2651234.0
2023-05-02 00:00:00+09:00,268500.0,276500.0,259500.0,267000.0,1515819.0
2023-05-03 00:00:00+09:00,262500.0,263000.0,247500.0,249500.0,1559531.0
2023-05-04 00:00:00+09:00,246000.0,254000.0,244000.0,250000.0,1110726.0
2023-05-08 00:00:00+09:00,252000.0,253000.0,241500.0,242000.0,1072455.0
2023-05-09 00:00:00+09:00,239000.0,243500.0,227500.0,237000.0,1983567.0
2023-05-10 00:00:00+09:00,238000.0,241000.0,229000.0,231500.0,1108230.0
2023-05-11 00:00:00+09:00,235000.0,239000.0,216000.0,222000.0,1939354.0
2023-05-12 00:00:00+09:00,218500.0,233000.0,217500.0,227500.0,1566785.0
2023-05-15 00:00:00+09:00,226000.0,227000.0,212500.0,223500.0,1751134.0
2023-05-16 00:00:00+09:00,225000.0,231500.0,221500.0,229000.0,1141807.0
2023-05-17 00:00:00+09:00,225000.0,233000.0,223000.0,232000.0,686613.0
2023-05-18 00:00:00+09:00,236500.0,236500.0,229000.0,231500.0,762522.0
2023-05-19 00:00:00+09:00,232000.0,232500.0,223000.0,226500.0,662072.0
2023-05-22 00:00:00+09:00,225500.0,236500.0,221000.0,236500.0,762129.0
2023-05-23 00:00:00+09:00,239500.0,246500.0,236500.0,243500.0,935974.0
2023-05-24 00:00:00+09:00,248500.0,250500.0,243500.0,246000.0,903966.0
2023-05-25 00:00:00+09:00,242500.0,249500.0,240500.0,243500.0,565982.0
2023-05-26 00:00:00+09:00,245500.0,246500.0,235000.0,238000.0,667433.0
2023-05-30 00:00:00+09:00,240000.0,241500.0,230000.0,239000.0,793334.0
2023-05-31 00:00:00+09:00,239500.0,250000.0,239000.0,249000.0,1082099.0
2023-06-01 00:00:00+09:00,249500.0,252000.0,244500.0,249500.0,667845.0
2023-06-02 00:00:00+09:00,249500.0,257000.0,248000.0,255000.0,746706.0
2023-06-05 00:00:00+09:00,258000.0,259000.0,252500.0,257500.0,626160.0
2023-06-07 00:00:00+09:00,258000.0,271000.0,257000.0,270000.0,1226036.0
2023-06-08 00:00:00+09:00,270000.0,274000.0,263500.0,267500.0,1150058.0
2023-06-09 00:00:00+09:00,274500.0,275500.0,265500.0,267000.0,898687.0
2023-06-12 00:00:00+09:00,268000.0,270500.0,265500.0,268500.0,729029.0
2023-06-13 00:00:00+09:00,271500.0,285000.0,266000.0,283000.0,1659227.0
2023-06-14 00:00:00+09:00,284000.0,287500.0,254000.0,254000.0,2308685.0
2023-06-15 00:00:00+09:00,258000.0,266000.0,254000.0,258500.0,1416683.0
2023-06-16 00:00:00+09:00,259000.0,266000.0,253000.0,266000.0,1144214.0
2023-06-19 00:00:00+09:00,266500.0,270000.0,263000.0,267000.0,837631.0
2023-06-20 00:00:00+09:00,263000.0,272500.0,260500.0,262000.0,680495.0
2023-06-21 00:00:00+09:00,263500.0,271500.0,260000.0,261500.0,701772.0
2023-06-22 00:00:00+09:00,258000.0,266500.0,256000.0,265000.0,531586.0
2023-06-23 00:00:00+09:00,267000.0,269000.0,262500.0,263000.0,436861.0
2023-06-26 00:00:00+09:00,263500.0,266000.0,261000.0,261500.0,362609.0
2023-06-27 00:00:00+09:00,261000.0,261000.0,248000.0,254500.0,772954.0
2023-06-28 00:00:00+09:00,255500.0,258000.0,242000.0,243000.0,909749.0
2023-06-29 00:00:00+09:00,243000.0,247500.0,238500.0,241000.0,686811.0
2023-06-30 00:00:00+09:00,242000.0,252000.0,238000.0,249000.0,644888.0
2023-07-03 00:00:00+09:00,254000.0,270000.0,250500.0,263500.0,1749721.0
2023-07-04 00:00:00+09:00,271000.0,297500.0,266000.0,274500.0,4655997.0
2023-07-05 00:00:00+09:00,277000.0,283500.0,275500.0,281500.0,1595113.0
2023-07-06 00:00:00+09:00,283000.0,284000.0,273500.0,275000.0,1370915.0
2023-07-07 00:00:00+09:00,272500.0,280000.0,271500.0,280000.0,1036721.0
2023-07-10 00:00:00+09:00,283500.0,295500.0,277500.0,285000.0,2544029.0
2023-07-11 00:00:00+09:00,291500.0,298000.0,285500.0,295000.0,1752416.0
2023-07-12 00:00:00+09:00,295000.0,296000.0,276000.0,279000.0,2197894.0
2023-07-13 00:00:00+09:00,276000.0,284500.0,270500.0,281500.0,1406043.0
2023-07-14 00:00:00+09:00,281500.0,284500.0,277000.0,281500.0,935951.0
2023-07-17 00:00:00+09:00,281500.0,283000.0,275500.0,279000.0,996912.0
2023-07-18 00:00:00+09:00,282500.0,326500.0,279500.0,326000.0,5966121.0
2023-07-19 00:00:00+09:00,330000.0,361000.0,328000.0,361000.0,5892304.0
2023-07-20 00:00:00+09:00,347000.0,366000.0,338000.0,362500.0,3226383.0
2023-07-21 00:00:00+09:00,348500.0,389500.0,347500.0,381500.0,4012520.0
2023-07-24 00:00:00+09:00,385000.0,414000.0,384500.0,404500.0,4135995.0
2023-07-25 00:00:00+09:00,408500.0,485000.0,391500.0,462000.0,5442923.0
2023-07-26 00:00:00+09:00,483000.0,584000.0,428500.0,455000.0,11089701.0
2023-07-27 00:00:00+09:00,445000.0,451000.0,368000.0,376500.0,6651740.0
2023-07-28 00:00:00+09:00,367000.0,409000.0,360000.0,407500.0,4579184.0
2023-07-31 00:00:00+09:00,414000.0,439000.0,409000.0,419000.0,2250798.0
2023-08-01 00:00:00+09:00,425500.0,448500.0,394000.0,408500.0,3357955.0
2023-08-02 00:00:00+09:00,396000.0,412500.0,380500.0,380500.0,1838944.0
2023-08-03 00:00:00+09:00,387500.0,395000.0,372000.0,390000.0,1530821.0
2023-08-04 00:00:00+09:00,393500.0,396000.0,379000.0,380500.0,973480.0
2023-08-07 00:00:00+09:00,369500.0,372500.0,338500.0,340000.0,2047494.0
2023-08-08 00:00:00+09:00,340000.0,344500.0,327000.0,339000.0,1550330.0
2023-08-09 00:00:00+09:00,337000.0,353500.0,335500.0,343500.0,1073489.0
2023-08-10 00:00:00+09:00,340000.0,346500.0,333000.0,337500.0,912235.0
2023-08-11 00:00:00+09:00,341000.0,341500.0,320000.0,323500.0,1043452.0
2023-08-14 00:00:00+09:00,316500.0,325500.0,307000.0,318000.0,932824.0
2023-08-16 00:00:00+09:00,312000.0,318000.0,301500.0,303500.0,1057135.0
2023-08-17 00:00:00+09:00,303000.0,320000.0,298500.0,318000.0,1546048.0
2023-08-18 00:00:00+09:00,319500.0,327500.0,305500.0,312000.0,1023213.0
2023-08-21 00:00:00+09:00,313500.0,336500.0,313500.0,328000.0,1067372.0
2023-08-22 00:00:00+09:00,335500.0,341500.0,327000.0,337500.0,1300180.0
2023-08-23 00:00:00+09:00,335500.0,336500.0,318000.0,321000.0,1012929.0
2023-08-24 00:00:00+09:00,326000.0,337000.0,318500.0,333500.0,881759.0
2023-08-25 00:00:00+09:00,324500.0,348500.0,324000.0,342500.0,1136688.0
2023-08-28 00:00:00+09:00,349000.0,349000.0,340000.0,344500.0,656141.0
2023-08-29 00:00:00+09:00,342000.0,342500.0,325000.0,330500.0,979750.0
2023-08-30 00:00:00+09:00,334500.0,338000.0,322500.0,324500.0,850021.0
2023-08-31 00:00:00+09:00,326000.0,328000.0,318500.0,324500.0,795872.0
2023-09-01 00:00:00+09:00,320500.0,320500.0,308000.0,308500.0,817093.0
2023-09-04 00:00:00+09:00,303000.0,312500.0,302500.0,307500.0,719380.0
2023-09-05 00:00:00+09:00,307500.0,310000.0,299500.0,306500.0,801440.0
2023-09-06 00:00:00+09:00,312000.0,314500.0,300500.0,301000.0,648114.0
2023-09-07 00:00:00+09:00,299000.0,302000.0,285500.0,289000.0,1245717.0
2023-09-08 00:00:00+09:00,290000.0,299000.0,288000.0,299000.0,790609.0
2023-09-11 00:00:00+09:00,301000.0,303000.0,286500.0,290000.0,721585.0
2023-09-12 00:00:00+09:00,294500.0,297000.0,275000.0,277500.0,1208260.0
2023-09-13 00:00:00+09:00,275000.0,280500.0,270500.0,275000.0,801850.0
2023-09-14 00:00:00+09:00,276000.0,288000.0,274500.0,285000.0,716570.0
2023-09-15 00:00:00+09:00,286000.0,287500.0,280000.0,280000.0,697568.0
2023-09-18 00:00:00+09:00,280000.0,287500.0,276000.0,280000.0,582615.0
2023-09-19 00:00:00+09:00,280000.0,287500.0,278000.0,278000.0,486652.0
2023-09-20 00:00:00+09:00,279500.0,290500.0,279000.0,290500.0,688258.0
2023-09-21 00:00:00+09:00,289500.0,292500.0,279000.0,282500.0,636305.0
2023-09-22 00:00:00+09:00,276000.0,289000.0,271000.0,287000.0,566136.0
2023-09-25 00:00:00+09:00,287500.0,288000.0,260500.0,261500.0,1259365.0
2023-09-26 00:00:00+09:00,260500.0,267000.0,254000.0,254500.0,850834.0
2023-09-27 00:00:00+09:00,251000.0,256000.0,243500.0,253000.0,1144937.0
2023-10-04 00:00:00+09:00,249500.0,249500.0,234000.0,235000.0,1012455.0
2023-10-05 00:00:00+09:00,239000.0,243000.0,232500.0,233500.0,674090.0
2023-10-06 00:00:00+09:00,232500.0,239000.0,232500.0,235500.0,351511.0
2023-10-10 00:00:00+09:00,235500.0,237500.0,221000.0,223000.0,856672.0
2023-10-11 00:00:00+09:00,228500.0,247500.0,225500.0,243500.0,991492.0
2023-10-12 00:00:00+09:00,249000.0,261000.0,245000.0,254000.0,1136493.0
2023-10-13 00:00:00+09:00,253500.0,257500.0,243000.0,246000.0,869053.0
2023-10-16 00:00:00+09:00,234000.0,247000.0,233000.0,242500.0,911320.0
2023-10-17 00:00:00+09:00,247500.0,261500.0,245500.0,249000.0,970967.0
2023-10-18 00:00:00+09:00,246500.0,257500.0,244000.0,249500.0,611962.0
2023-10-19 00:00:00+09:00,242000.0,245500.0,238000.0,239500.0,679263.0
2023-10-20 00:00:00+09:00,234500.0,237500.0,224500.0,233500.0,1083331.0
2023-10-23 00:00:00+09:00,232500.0,240000.0,227500.0,231000.0,707846.0
2023-10-24 00:00:00+09:00,233500.0,236500.0,220500.0,233500.0,1094510.0
2023-10-25 00:00:00+09:00,234000.0,234000.0,213000.0,213000.0,1279210.0
2023-10-26 00:00:00+09:00,199900.0,209000.0,198400.0,199600.0,1598617.0
2023-10-27 00:00:00+09:00,200500.0,211000.0,196400.0,203500.0,1219202.0
2023-10-30 00:00:00+09:00,201000.0,214000.0,199600.0,212000.0,744013.0
2023-10-31 00:00:00+09:00,211500.0,211500.0,195000.0,196200.0,1012456.0
2023-11-01 00:00:00+09:00,198900.0,202000.0,187600.0,188600.0,1012178.0
2023-11-02 00:00:00+09:00,193700.0,217000.0,192300.0,217000.0,1416982.0
2023-11-03 00:00:00+09:00,226500.0,235000.0,216500.0,230000.0,1917715.0
2023-11-06 00:00:00+09:00,270500.0,299000.0,260500.0,299000.0,3967285.0
2023-11-07 00:00:00+09:00,306500.0,320000.0,263000.0,284500.0,4786379.0
2023-11-08 00:00:00+09:00,272000.0,283500.0,253500.0,255500.0,1790087.0
2023-11-09 00:00:00+09:00,259000.0,261000.0,237500.0,248500.0,1773521.0
2023-11-10 00:00:00+09:00,240000.0,241500.0,233000.0,233000.0,853321.0
2023-11-13 00:00:00+09:00,239000.0,240000.0,225000.0,227000.0,928068.0
2023-11-14 00:00:00+09:00,233000.0,254500.0,230000.0,249000.0,1460540.0
2023-11-15 00:00:00+09:00,268000.0,272000.0,244500.0,250000.0,1618135.0
2023-11-16 00:00:00+09:00,248000.0,257000.0,239500.0,242500.0,1023370.0
2023-11-17 00:00:00+09:00,237500.0,241000.0,230000.0,238000.0,901372.0
2023-11-20 00:00:00+09:00,236000.0,254000.0,235000.0,251000.0,1068545.0
2023-11-21 00:00:00+09:00,252000.0,252500.0,241000.0,245500.0,913147.0
2023-11-22 00:00:00+09:00,243000.0,248000.0,237500.0,239500.0,651438.0
2023-11-23 00:00:00+09:00,239500.0,245000.0,236500.0,243500.0,419964.0
2023-11-24 00:00:00+09:00,245000.0,249500.0,242000.0,243000.0,444715.0
2023-11-27 00:00:00+09:00,245000.0,245500.0,238000.0,241000.0,464771.0
2023-11-28 00:00:00+09:00,241500.0,252000.0,239000.0,244500.0,704248.0
2023-11-29 00:00:00+09:00,248500.0,271000.0,244500.0,269500.0,1594422.0
2023-11-30 00:00:00+09:00,261000.0,277000.0,258000.0,274000.0,1518780.0
2023-12-01 00:00:00+09:00,269500.0,287500.0,259000.0,280000.0,2131345.0
2023-12-04 00:00:00+09:00,320000.0,354000.0,307500.0,323000.0,6062155.0
2023-12-05 00:00:00+09:00,312000.0,331000.0,303000.0,308500.0,2233869.0
2023-12-06 00:00:00+09:00,308500.0,321000.0,297500.0,301000.0,1430188.0
2023-12-07 00:00:00+09:00,312000.0,312500.0,291500.0,301500.0,1395977.0
2023-12-08 00:00:00+09:00,304500.0,315000.0,299000.0,313000.0,1149679.0
2023-12-11 00:00:00+09:00,315000.0,328000.0,310500.0,319000.0,1208426.0
2023-12-12 00:00:00+09:00,316000.0,332000.0,314500.0,329000.0,1171359.0
2023-12-13 00:00:00+09:00,321000.0,325000.0,310000.0,312000.0,1264683.0
2023-12-14 00:00:00+09:00,324000.0,325000.0,314500.0,320000.0,1418618.0
2023-12-15 00:00:00+09:00,324000.0,328500.0,318000.0,318000.0,1328029.0
2023-12-18 00:00:00+09:00,327000.0,335500.0,321000.0,322000.0,1881631.0
2023-12-19 00:00:00+09:00,322500.0,323000.0,314000.0,318000.0,1019914.0
2023-12-20 00:00:00+09:00,321500.0,322000.0,316000.0,318500.0,582685.0
2023-12-21 00:00:00+09:00,314000.0,325000.0,303000.0,306000.0,1344971.0
2023-12-22 00:00:00+09:00,308500.0,311000.0,293500.0,294500.0,834654.0
2023-12-26 00:00:00+09:00,290500.0,295500.0,281000.0,284000.0,978199.0
2023-12-27 00:00:00+09:00,288000.0,299500.0,284500.0,290500.0,879540.0
2023-12-28 00:00:00+09:00,289000.0,290500.0,281500.0,288000.0,557312.0
2024-01-02 00:00:00+09:00,288000.0,293000.0,282000.0,283500.0,441580.0
2024-01-03 00:00:00+09:00,278000.0,280000.0,271000.0,271500.0,639495.0
2024-01-04 00:00:00+09:00,265500.0,279000.0,265000.0,279000.0,611803.0
2024-01-05 00:00:00+09:00,282000.0,319500.0,274000.0,315000.0,3123118.0
2024-01-08 00:00:00+09:00,318000.0,323000.0,307000.0,315500.0,1321504.0
2024-01-09 00:00:00+09:00,317000.0,318500.0,303000.0,304000.0,791727.0
2024-01-10 00:00:00+09:00,300500.0,305500.0,291000.0,293500.0,791460.0
2024-01-11 00:00:00+09:00,293500.0,313500.0,293500.0,306000.0,1242703.0
2024-01-12 00:00:00+09:00,301500.0,309000.0,295000.0,304000.0,648041.0
2024-01-15 00:00:00+09:00,298000.0,306000.0,288500.0,292500.0,802958.0
2024-01-16 00:00:00+09:00,286000.0,300000.0,284500.0,296500.0,633626.0
2024-01-17 00:00:00+09:00,294000.0,296500.0,282000.0,282000.0,775134.0
2024-01-18 00:00:00+09:00,281000.0,302000.0,280500.0,289000.0,1149526.0
2024-01-19 00:00:00+09:00,293000.0,296000.0,274500.0,278500.0,1064874.0
2024-01-22 00:00:00+09:00,273500.0,276000.0,248000.0,248000.0,1825800.0
2024-01-23 00:00:00+09:00,245500.0,257500.0,238000.0,239500.0,1233895.0
2024-01-24 00:00:00+09:00,241500.0,244500.0,232000.0,239000.0,808713.0
2024-01-25 00:00:00+09:00,234000.0,234500.0,224000.0,227000.0,1094625.0
2024-01-26 00:00:00+09:00,222000.0,246500.0,221500.0,244000.0,1373958.0
2024-01-29 00:00:00+09:00,247500.0,248000.0,225000.0,227000.0,1552920.0
2024-01-30 00:00:00+09:00,233000.0,236000.0,219000.0,220000.0,1455093.0
2024-01-31 00:00:00+09:00,217000.0,222500.0,213500.0,213500.0,810765.0
2024-02-01 00:00:00+09:00,213500.0,228500.0,211000.0,228000.0,1010740.0
2024-02-02 00:00:00+09:00,230500.0,232000.0,222500.0,229000.0,905402.0
2024-02-05 00:00:00+09:00,226500.0,228500.0,221500.0,224500.0,434759.0
2024-02-06 00:00:00+09:00,220000.0,221000.0,216000.0,216000.0,771192.0
2024-02-07 00:00:00+09:00,226000.0,250000.0,225500.0,230500.0,2845259.0
2024-02-08 00:00:00+09:00,238000.0,249000.0,231500.0,243500.0,1499991.0
2024-02-13 00:00:00+09:00,243500.0,248000.0,235500.0,240000.0,1101830.0
2024-02-14 00:00:00+09:00,234000.0,248000.0,227500.0,243500.0,930391.0
2024-02-15 00:00:00+09:00,249500.0,256500.0,241500.0,253000.0,951210.0
2024-02-16 00:00:00+09:00,262000.0,262500.0,253000.0,254000.0,823032.0
2024-02-19 00:00:00+09:00,247000.0,252500.0,243000.0,244000.0,610835.0
2024-02-20 00:00:00+09:00,240000.0,254000.0,235000.0,253500.0,994910.0
2024-02-21 00:00:00+09:00,249000.0,255500.0,246000.0,249000.0,657216.0
2024-02-22 00:00:00+09:00,249500.0,253000.0,246000.0,249500.0,447068.0
2024-02-23 00:00:00+09:00,249500.0,252500.0,243500.0,247500.0,441153.0
2024-02-26 00:00:00+09:00,245000.0,249500.0,242000.0,242000.0,449148.0
2024-02-27 00:00:00+09:00,244500.0,248500.0,235500.0,236500.0,701468.0
2024-02-28 00:00:00+09:00,256000.0,273000.0,254000.0,256000.0,3637396.0
2024-02-29 00:00:00+09:00,259000.0,266500.0,250500.0,266500.0,1114075.0
2024-03-04 00:00:00+09:00,265500.0,271500.0,264000.0,270000.0,1016547.0
2024-03-05 00:00:00+09:00,262500.0,264500.0,253000.0,255500.0,1035646.0
2024-03-06 00:00:00+09:00,251500.0,257000.0,249000.0,249500.0,577892.0
2024-03-07 00:00:00+09:00,251000.0,257000.0,246500.0,250500.0,552040.0
2024-03-08 00:00:00+09:00,250500.0,252500.0,243500.0,247000.0,576953.0
2024-03-11 00:00:00+09:00,245000.0,249000.0,244000.0,245000.0,354673.0
2024-03-12 00:00:00+09:00,247500.0,262000.0,247000.0,262000.0,1070068.0
2024-03-13 00:00:00+09:00,263000.0,265500.0,258000.0,264500.0,682265.0
2024-03-14 00:00:00+09:00,261000.0,266500.0,255500.0,266500.0,998393.0
2024-03-15 00:00:00+09:00,262000.0,262500.0,256500.0,256500.0,493068.0
2024-03-18 00:00:00+09:00,257000.0,268000.0,257000.0,268000.0,678264.0
2024-03-19 00:00:00+09:00,271500.0,278000.0,264000.0,271500.0,1016973.0
2024-03-20 00:00:00+09:00,271000.0,274500.0,264500.0,265000.0,603154.0
2024-03-21 00:00:00+09:00,270000.0,280500.0,268000.0,276000.0,1131930.0
2024-03-22 00:00:00+09:00,277500.0,280000.0,273000.0,277000.0,528708.0
2024-03-25 00:00:00+09:00,280000.0,296500.0,278000.0,291000.0,1527123.0
2024-03-26 00:00:00+09:00,294500.0,296000.0,287000.0,292500.0,844487.0
2024-03-27 00:00:00+09:00,291500.0,298500.0,285000.0,287500.0,861359.0
2024-03-28 00:00:00+09:00,287500.0,289500.0,276000.0,277500.0,680977.0
2024-03-29 00:00:00+09:00,275500.0,280000.0,269500.0,274000.0,617611.0
2024-04-01 00:00:00+09:00,272000.0,280000.0,270500.0,270500.0,460008.0
2024-04-02 00:00:00+09:00,270000.0,272500.0,260500.0,261500.0,679991.0
2024-04-03 00:00:00+09:00,253500.0,257500.0,245000.0,245500.0,1079181.0
2024-04-04 00:00:00+09:00,248500.0,251000.0,236000.0,246500.0,859930.0
2024-04-05 00:00:00+09:00,243000.0,248500.0,239000.0,239500.0,442108.0
2024-04-08 00:00:00+09:00,232000.0,245000.0,225500.0,240500.0,1097858.0
2024-04-09 00:00:00+09:00,244500.0,248000.0,235000.0,236500.0,611609.0
2024-04-11 00:00:00+09:00,230000.0,239000.0,229500.0,239000.0,569787.0
2024-04-12 00:00:00+09:00,240500.0,240500.0,228000.0,228500.0,553362.0
2024-04-15 00:00:00+09:00,222500.0,233500.0,222000.0,228000.0,538285.0
2024-04-16 00:00:00+09:00,224500.0,226500.0,220000.0,220500.0,491631.0
2024-04-17 00:00:00+09:00,221500.0,224000.0,215000.0,215000.0,477126.0
2024-04-18 00:00:00+09:00,217500.0,230500.0,217000.0,229000.0,642403.0
2024-04-19 00:00:00+09:00,225500.0,231000.0,222000.0,227500.0,468724.0
2024-04-22 00:00:00+09:00,233500.0,242000.0,232500.0,240000.0,694496.0
2024-04-23 00:00:00+09:00,236000.0,241500.0,233000.0,233500.0,445260.0
2024-04-24 00:00:00+09:00,243000.0,249500.0,239000.0,245500.0,810487.0
2024-04-25 00:00:00+09:00,241000.0,242500.0,233500.0,234000.0,590430.0
2024-04-26 00:00:00+09:00,237000.0,239000.0,230500.0,236000.0,371441.0
2024-04-29 00:00:00+09:00,234500.0,239000.0,232000.0,239000.0,344677.0
2024-04-30 00:00:00+09:00,246000.0,246000.0,237000.0,238500.0,408521.0
2024-05-02 00:00:00+09:00,236500.0,237500.0,233000.0,233000.0,247321.0
2024-05-03 00:00:00+09:00,236500.0,239000.0,223500.0,226000.0,641296.0
2024-05-07 00:00:00+09:00,226500.0,228500.0,222000.0,223000.0,525423.0
2024-05-08 00:00:00+09:00,222000.0,224000.0,219000.0,223000.0,391153.0
2024-05-09 00:00:00+09:00,221000.0,222000.0,216500.0,220500.0,465377.0
2024-05-10 00:00:00+09:00,220000.0,222500.0,217500.0,217500.0,316039.0
2024-05-13 00:00:00+09:00,218000.0,219000.0,210000.0,210500.0,459634.0
2024-05-14 00:00:00+09:00,210500.0,215500.0,210000.0,210500.0,451281.0
2024-05-16 00:00:00+09:00,211000.0,216500.0,208000.0,216000.0,551906.0
2024-05-17 00:00:00+09:00,216500.0,220000.0,212500.0,212500.0,433809.0
2024-05-20 00:00:00+09:00,214000.0,215000.0,210500.0,213000.0,267962.0
2024-05-21 00:00:00+09:00,211500.0,212000.0,202500.0,203500.0,560921.0
2024-05-22 00:00:00+09:00,206500.0,209000.0,203000.0,204000.0,308921.0
2024-05-23 00:00:00+09:00,202000.0,205000.0,199800.0,202500.0,366376.0
2024-05-24 00:00:00+09:00,199900.0,201500.0,195800.0,196200.0,595244.0
2024-05-27 00:00:00+09:00,196800.0,209500.0,193600.0,208500.0,929113.0
2024-05-28 00:00:00+09:00,207000.0,207000.0,198500.0,198600.0,682776.0
2024-05-29 00:00:00+09:00,196300.0,197300.0,187500.0,187500.0,1007809.0
2024-05-30 00:00:00+09:00,185300.0,190400.0,184000.0,185800.0,751107.0
2024-05-31 00:00:00+09:00,186300.0,191300.0,181500.0,191300.0,1058322.0
2024-06-03 00:00:00+09:00,189400.0,192000.0,187500.0,188000.0,582389.0
2024-06-04 00:00:00+09:00,187100.0,194600.0,187000.0,191200.0,706551.0
2024-06-05 00:00:00+09:00,191500.0,208000.0,190400.0,203000.0,1100996.0
2024-06-07 00:00:00+09:00,208000.0,224000.0,202000.0,222000.0,1568844.0
2024-06-10 00:00:00+09:00,219000.0,221500.0,209000.0,215500.0,949785.0
2024-06-11 00:00:00+09:00,216500.0,221500.0,211500.0,213500.0,625302.0
2024-06-12 00:00:00+09:00,211500.0,215500.0,205500.0,209500.0,543357.0
2024-06-13 00:00:00+09:00,213500.0,214500.0,206000.0,209000.0,777900.0
2024-06-14 00:00:00+09:00,209000.0,209000.0,199600.0,200500.0,699689.0
2024-06-17 00:00:00+09:00,195300.0,201000.0,193800.0,198900.0,547470.0
2024-06-18 00:00:00+09:00,201000.0,203000.0,191300.0,191600.0,710704.0
2024-06-19 00:00:00+09:00,189500.0,196600.0,188500.0,194100.0,724891.0
2024-06-20 00:00:00+09:00,194200.0,199000.0,187500.0,188100.0,823551.0
2024-06-21 00:00:00+09:00,187900.0,193600.0,186600.0,186600.0,646780.0
2024-06-24 00:00:00+09:00,185400.0,186600.0,182100.0,182100.0,518734.0
2024-06-25 00:00:00+09:00,182500.0,184700.0,179200.0,179300.0,463562.0
2024-06-26 00:00:00+09:00,180300.0,181500.0,176800.0,178400.0,437439.0
2024-06-27 00:00:00+09:00,181000.0,184700.0,178000.0,178000.0,420147.0
2024-06-28 00:00:00+09:00,178000.0,186000.0,175200.0,183000.0,558335.0
2024-07-01 00:00:00+09:00,187500.0,188600.0,182100.0,188500.0,509498.0
2024-07-02 00:00:00+09:00,190900.0,190900.0,182500.0,182500.0,384792.0
2024-07-03 00:00:00+09:00,185500.0,194600.0,185500.0,191000.0,954589.0
2024-07-04 00:00:00+09:00,195000.0,196600.0,188700.0,189000.0,527747.0
2024-07-05 00:00:00+09:00,189100.0,191800.0,185700.0,190100.0,357510.0
2024-07-08 00:00:00+09:00,188800.0,202000.0,187000.0,198600.0,964629.0
2024-07-09 00:00:00+09:00,199000.0,201000.0,192600.0,193800.0,508406.0
2024-07-10 00:00:00+09:00,193500.0,196200.0,189500.0,189500.0,402279.0
2024-07-11 00:00:00+09:00,191000.0,195500.0,189000.0,189000.0,547890.0
2024-07-12 00:00:00+09:00,187500.0,195700.0,187100.0,195700.0,575362.0
2024-07-15 00:00:00+09:00,195700.0,195700.0,188800.0,194400.0,535544.0
2024-07-16 00:00:00+09:00,192800.0,193200.0,183000.0,183200.0,551866.0
2024-07-17 00:00:00+09:00,181500.0,184900.0,178400.0,179000.0,415403.0
2024-07-18 00:00:00+09:00,178000.0,186500.0,177000.0,182200.0,547368.0
2024-07-19 00:00:00+09:00,181900.0,194000.0,181700.0,194000.0,623889.0
2024-07-22 00:00:00+09:00,192700.0,192700.0,181100.0,181100.0,569845.0
2024-07-23 00:00:00+09:00,182500.0,184300.0,178200.0,179000.0,393683.0
2024-07-24 00:00:00+09:00,177500.0,184100.0,175600.0,178600.0,360681.0
2024-07-25 00:00:00+09:00,174600.0,184500.0,170600.0,180900.0,972513.0
2024-07-26 00:00:00+09:00,181300.0,182200.0,173600.0,174000.0,403715.0
2024-07-29 00:00:00+09:00,174200.0,178700.0,171700.0,178200.0,353401.0
2024-07-30 00:00:00+09:00,177100.0,190000.0,176100.0,187500.0,927485.0
2024-07-31 00:00:00+09:00,185300.0,187300.0,179200.0,179900.0,626382.0
2024-08-01 00:00:00+09:00,180000.0,186600.0,170800.0,185100.0,1167499.0
2024-08-02 00:00:00+09:00,180400.0,191200.0,179600.0,185900.0,724626.0
2024-08-05 00:00:00+09:00,184400.0,188900.0,164000.0,164900.0,1150660.0
2024-08-06 00:00:00+09:00,171000.0,183000.0,170000.0,181000.0,897262.0
2024-08-07 00:00:00+09:00,177700.0,182600.0,174200.0,174200.0,581172.0
2024-08-08 00:00:00+09:00,171200.0,176800.0,165000.0,166400.0,842757.0
2024-08-09 00:00:00+09:00,170500.0,182600.0,169000.0,179200.0,1093221.0
2024-08-12 00:00:00+09:00,179700.0,183600.0,177800.0,180000.0,374793.0
2024-08-13 00:00:00+09:00,178300.0,185600.0,175500.0,180400.0,560693.0
2024-08-14 00:00:00+09:00,185100.0,189400.0,181600.0,186000.0,562104.0
2024-08-16 00:00:00+09:00,189700.0,191900.0,182100.0,182100.0,508852.0
2024-08-19 00:00:00+09:00,181300.0,182700.0,172000.0,172400.0,621823.0
2024-08-20 00:00:00+09:00,174700.0,176300.0,170200.0,171600.0,486336.0
2024-08-21 00:00:00+09:00,171300.0,181400.0,171300.0,176300.0,779994.0
2024-08-22 00:00:00+09:00,177600.0,181800.0,175900.0,180900.0,583764.0
2024-08-23 00:00:00+09:00,178000.0,178900.0,172600.0,174000.0,622358.0
2024-08-26 00:00:00+09:00,175500.0,179100.0,171700.0,173800.0,543665.0
2024-08-27 00:00:00+09:00,173800.0,175200.0,170000.0,170100.0,614348.0
2024-08-28 00:00:00+09:00,171000.0,171500.0,165000.0,165100.0,644737.0
2024-08-29 00:00:00+09:00,163100.0,170200.0,163100.0,168500.0,525714.0
2024-08-30 00:00:00+09:00,168800.0,170600.0,167200.0,168300.0,381398.0
2024-09-02 00:00:00+09:00,169000.0,183700.0,168900.0,181800.0,1625882.0
2024-09-03 00:00:00+09:00,182500.0,182700.0,174400.0,174500.0,686180.0
2024-09-04 00:00:00+09:00,169700.0,175500.0,168000.0,170300.0,585304.0
2024-09-05 00:00:00+09:00,172700.0,173100.0,166000.0,167100.0,515241.0
2024-09-06 00:00:00+09:00,168500.0,169700.0,157500.0,158100.0,733467.0
2024-09-09 00:00:00+09:00,155900.0,157200.0,151100.0,151600.0,703185.0
2024-09-10 00:00:00+09:00,152500.0,154500.0,148700.0,148700.0,482397.0
2024-09-11 00:00:00+09:00,149500.0,160700.0,149500.0,153700.0,864741.0
2024-09-12 00:00:00+09:00,157000.0,165000.0,155000.0,157300.0,1238778.0
2024-09-13 00:00:00+09:00,158500.0,160400.0,153600.0,159100.0,521286.0
2024-09-19 00:00:00+09:00,161100.0,162000.0,155700.0,158100.0,366905.0
2024-09-20 00:00:00+09:00,161300.0,164000.0,159800.0,160800.0,506516.0
2024-09-23 00:00:00+09:00,159800.0,169400.0,158900.0,169400.0,585588.0
2024-09-24 00:00:00+09:00,171500.0,182500.0,170700.0,180200.0,1112942.0
2024-09-25 00:00:00+09:00,181900.0,184300.0,177600.0,178800.0,655475.0
2024-09-26 00:00:00+09:00,179100.0,189600.0,177000.0,189600.0,832170.0
2024-09-27 00:00:00+09:00,188200.0,192000.0,185600.0,190400.0,640252.0
2024-09-30 00:00:00+09:00,193000.0,193900.0,184500.0,184500.0,695961.0
2024-10-02 00:00:00+09:00,183400.0,192800.0,182500.0,190100.0,626291.0
2024-10-04 00:00:00+09:00,190100.0,192900.0,183400.0,183400.0,602272.0
2024-10-07 00:00:00+09:00,185800.0,194000.0,184500.0,192700.0,761883.0
2024-10-08 00:00:00+09:00,190700.0,193700.0,188400.0,193000.0,482782.0
2024-10-10 00:00:00+09:00,194400.0,194500.0,186000.0,186300.0,867580.0
2024-10-11 00:00:00+09:00,186500.0,190200.0,180600.0,180900.0,503426.0
2024-10-14 00:00:00+09:00,178600.0,180000.0,175100.0,175900.0,437477.0
2024-10-15 00:00:00+09:00,176600.0,180000.0,170000.0,171100.0,551830.0
2024-10-16 00:00:00+09:00,172300.0,172900.0,168100.0,169000.0,366010.0
2024-10-17 00:00:00+09:00,168900.0,170900.0,166400.0,166400.0,332780.0
2024-10-18 00:00:00+09:00,165200.0,167400.0,162000.0,163100.0,391228.0
2024-10-21 00:00:00+09:00,163100.0,165700.0,162500.0,164900.0,298968.0
2024-10-22 00:00:00+09:00,163700.0,164800.0,156600.0,156700.0,478346.0
2024-10-23 00:00:00+09:00,156200.0,163200.0,155000.0,162200.0,449063.0
2024-10-24 00:00:00+09:00,165000.0,165400.0,156500.0,156600.0,456927.0
2024-10-25 00:00:00+09:00,160400.0,163400.0,155500.0,157600.0,349054.0
2024-10-28 00:00:00+09:00,159200.0,172000.0,159100.0,172000.0,810783.0
2024-10-29 00:00:00+09:00,169300.0,174300.0,167500.0,173800.0,485945.0
2024-10-30 00:00:00+09:00,172800.0,176200.0,169400.0,170200.0,381830.0
2024-10-31 00:00:00+09:00,168300.0,174900.0,166000.0,170500.0,924023.0
2024-11-01 00:00:00+09:00,166200.0,174000.0,163000.0,169700.0,521486.0
2024-11-04 00:00:00+09:00,172000.0,189100.0,168500.0,182000.0,1677902.0
2024-11-05 00:00:00+09:00,180300.0,183100.0,178200.0,178500.0,428026.0
2024-11-06 00:00:00+09:00,182100.0,182800.0,162000.0,163100.0,1401358.0
2024-11-07 00:00:00+09:00,162800.0,164500.0,156100.0,159100.0,818298.0
2024-11-08 00:00:00+09:00,162100.0,167200.0,160400.0,160600.0,559098.0
2024-11-11 00:00:00+09:00,161000.0,164700.0,152100.0,152700.0,661237.0
2024-11-12 00:00:00+09:00,154400.0,157600.0,151000.0,152900.0,640626.0
2024-11-13 00:00:00+09:00,152800.0,154000.0,143200.0,144300.0,796596.0
2024-11-14 00:00:00+09:00,145000.0,147000.0,133200.0,135100.0,1117417.0
2024-11-15 00:00:00+09:00,129900.0,130800.0,120400.0,124500.0,1502075.0
2024-11-18 00:00:00+09:00,124700.0,129100.0,122100.0,127500.0,813884.0
2024-11-19 00:00:00+09:00,127000.0,128500.0,122900.0,128000.0,510489.0
2024-11-20 00:00:00+09:00,127700.0,132100.0,125700.0,129800.0,448887.0
2024-11-21 00:00:00+09:00,129400.0,134300.0,128300.0,132300.0,484977.0
2024-11-22 00:00:00+09:00,133200.0,137900.0,132000.0,135400.0,440799.0
2024-11-25 00:00:00+09:00,136200.0,143700.0,135300.0,141900.0,672828.0
2024-11-26 00:00:00+09:00,143500.0,148700.0,139300.0,140200.0,837516.0
2024-11-27 00:00:00+09:00,140800.0,142200.0,134600.0,135200.0,462950.0
2024-11-28 00:00:00+09:00,140400.0,146600.0,138200.0,144400.0,1015040.0
2024-11-29 00:00:00+09:00,144400.0,144400.0,135200.0,135200.0,603689.0
2024-12-02 00:00:00+09:00,137300.0,142100.0,135600.0,137500.0,490295.0
2024-12-03 00:00:00+09:00,137700.0,139800.0,135000.0,138000.0,400960.0
2024-12-04 00:00:00+09:00,134000.0,137500.0,131200.0,134100.0,590011.0
2024-12-05 00:00:00+09:00,135000.0,135900.0,128800.0,128900.0,368463.0
2024-12-06 00:00:00+09:00,128800.0,132000.0,125000.0,129400.0,504716.0
2024-12-09 00:00:00+09:00,127700.0,131700.0,126000.0,128800.0,605939.0
2024-12-10 00:00:00+09:00,131400.0,133700.0,129300.0,131000.0,474551.0
2024-12-11 00:00:00+09:00,131000.0,137200.0,129800.0,131200.0,566257.0
2024-12-12 00:00:00+09:00,133400.0,136900.0,128800.0,134900.0,823795.0
2024-12-13 00:00:00+09:00,134200.0,135000.0,131000.0,131000.0,488351.0
2024-12-16 00:00:00+09:00,132000.0,133100.0,128200.0,128200.0,469683.0
2024-12-17 00:00:00+09:00,129000.0,129200.0,118200.0,118200.0,1088032.0
2024-12-18 00:00:00+09:00,119100.0,121100.0,118500.0,120000.0,598089.0
2024-12-19 00:00:00+09:00,117300.0,122000.0,116500.0,118600.0,586245.0
2024-12-20 00:00:00+09:00,119600.0,120400.0,113200.0,114100.0,634148.0
2024-12-23 00:00:00+09:00,115000.0,115900.0,108900.0,114800.0,672328.0
2024-12-24 00:00:00+09:00,115300.0,121000.0,114800.0,115300.0,753672.0
2024-12-26 00:00:00+09:00,116100.0,116300.0,109400.0,109900.0,647305.0
2024-12-27 00:00:00+09:00,109900.0,112300.0,106600.0,108000.0,652732.0
2024-12-30 00:00:00+09:00,107900.0,111500.0,107500.0,109900.0,399730.0
2025-01-02 00:00:00+09:00,110400.0,110900.0,105000.0,105500.0,459369.0
2025-01-03 00:00:00+09:00,105600.0,115200.0,105600.0,113000.0,910881.0
2025-01-06 00:00:00+09:00,114100.0,118100.0,113000.0,117000.0,553990.0
2025-01-07 00:00:00+09:00,116900.0,119400.0,115300.0,116000.0,482373.0
2025-01-08 00:00:00+09:00,115300.0,121000.0,114700.0,120500.0,629605.0
2025-01-09 00:00:00+09:00,120300.0,131600.0,116600.0,131600.0,1001082.0
2025-01-10 00:00:00+09:00,125900.0,125900.0,120200.0,120200.0,808144.0
2025-01-13 00:00:00+09:00,119500.0,121800.0,118100.0,118100.0,382089.0
2025-01-14 00:00:00+09:00,119700.0,131000.0,119200.0,127300.0,1058155.0
2025-01-15 00:00:00+09:00,127600.0,136000.0,126700.0,129300.0,965131.0
2025-01-16 00:00:00+09:00,134700.0,136600.0,130900.0,131300.0,676789.0
2025-01-17 00:00:00+09:00,130000.0,134600.0,128100.0,130100.0,570430.0
2025-01-20 00:00:00+09:00,132500.0,139600.0,132300.0,138000.0,1315555.0
2025-01-21 00:00:00+09:00,135200.0,138500.0,123300.0,126100.0,1852672.0
2025-01-22 00:00:00+09:00,126800.0,132400.0,126800.0,130600.0,860437.0
2025-01-23 00:00:00+09:00,129300.0,133000.0,125800.0,131200.0,698157.0
2025-01-24 00:00:00+09:00,131200.0,133000.0,128600.0,129600.0,457720.0
2025-01-31 00:00:00+09:00,128000.0,133700.0,125900.0,131000.0,485819.0
2025-02-03 00:00:00+09:00,128200.0,128500.0,119000.0,119000.0,751464.0
2025-02-04 00:00:00+09:00,122100.0,126200.0,120200.0,120300.0,596140.0
2025-02-05 00:00:00+09:00,121100.0,125400.0,121100.0,123600.0,422903.0
2025-02-06 00:00:00+09:00,124200.0,126000.0,121400.0,122700.0,406803.0
2025-02-07 00:00:00+09:00,123400.0,130500.0,120800.0,121100.0,871007.0
2025-02-10 00:00:00+09:00,118600.0,121800.0,116800.0,120700.0,520316.0
2025-02-11 00:00:00+09:00,120900.0,124000.0,118600.0,120700.0,674615.0
2025-02-12 00:00:00+09:00,120600.0,123500.0,118500.0,121200.0,572381.0
2025-02-13 00:00:00+09:00,122800.0,134300.0,122700.0,131100.0,1977098.0
2025-02-14 00:00:00+09:00,129800.0,131400.0,125400.0,128000.0,948904.0
2025-02-17 00:00:00+09:00,128500.0,133700.0,127000.0,130600.0,936794.0
2025-02-18 00:00:00+09:00,131700.0,131700.0,128100.0,128400.0,506687.0
2025-02-19 00:00:00+09:00,128900.0,137400.0,128500.0,135200.0,1362738.0
2025-02-20 00:00:00+09:00,136600.0,140300.0,134100.0,135600.0,961534.0
2025-02-21 00:00:00+09:00,136700.0,139500.0,135300.0,137400.0,722478.0
2025-02-24 00:00:00+09:00,135800.0,141700.0,134400.0,140800.0,890021.0
2025-02-25 00:00:00+09:00,139500.0,139900.0,133100.0,133100.0,715115.0
2025-02-26 00:00:00+09:00,133000.0,141000.0,132700.0,138600.0,889786.0
2025-02-27 00:00:00+09:00,138600.0,139000.0,132800.0,134000.0,907540.0
2025-02-28 00:00:00+09:00,131200.0,131900.0,117000.0,119000.0,2490297.0
2025-03-04 00:00:00+09:00,117900.0,117900.0,111500.0,111900.0,1048865.0
2025-03-05 00:00:00+09:00,113100.0,115100.0,110700.0,112700.0,675537.0
2025-03-06 00:00:00+09:00,114600.0,118600.0,112700.0,112900.0,818758.0
2025-03-07 00:00:00+09:00,111300.0,117500.0,111300.0,116700.0,726487.0
2025-03-10 00:00:00+09:00,116800.0,123900.0,115500.0,123000.0,1004048.0
2025-03-11 00:00:00+09:00,117700.0,120400.0,117600.0,119000.0,609352.0
2025-03-12 00:00:00+09:00,120800.0,122100.0,119100.0,119400.0,542178.0
2025-03-13 00:00:00+09:00,121500.0,122200.0,115000.0,115600.0,866306.0
2025-03-14 00:00:00+09:00,115300.0,116300.0,111200.0,112500.0,685802.0
2025-03-17 00:00:00+09:00,113100.0,113700.0,110700.0,110800.0,526173.0
2025-03-18 00:00:00+09:00,111500.0,114100.0,110800.0,111300.0,542930.0
2025-03-19 00:00:00+09:00,111100.0,113400.0,110200.0,111900.0,466804.0
2025-03-20 00:00:00+09:00,114000.0,114400.0,112000.0,112900.0,546358.0
2025-03-21 00:00:00+09:00,112900.0,114300.0,108300.0,112000.0,740288.0
2025-03-24 00:00:00+09:00,113300.0,113300.0,107600.0,108300.0,407220.0
2025-03-25 00:00:00+09:00,109200.0,111100.0,107400.0,107500.0,313753.0
2025-03-26 00:00:00+09:00,108300.0,113100.0,107900.0,111400.0,482240.0
2025-03-27 00:00:00+09:00,109600.0,111000.0,108100.0,108200.0,220391.0
2025-03-28 00:00:00+09:00,108500.0,109300.0,103400.0,103500.0,427159.0
2025-03-31 00:00:00+09:00,100100.0,100900.0,95600.0,96200.0,730715.0
2025-04-01 00:00:00+09:00,97100.0,97800.0,94900.0,95700.0,553383.0
2025-04-02 00:00:00+09:00,96400.0,96800.0,90100.0,91300.0,634388.0
2025-04-03 00:00:00+09:00,87000.0,91900.0,87000.0,91100.0,484086.0
2025-04-04 00:00:00+09:00,89700.0,99800.0,89700.0,98100.0,878322.0
2025-04-07 00:00:00+09:00,94300.0,98700.0,92400.0,92600.0,472746.0
2025-04-08 00:00:00+09:00,95400.0,97100.0,93700.0,94800.0,370051.0
2025-04-09 00:00:00+09:00,93400.0,97400.0,92900.0,94700.0,504185.0
2025-04-10 00:00:00+09:00,102700.0,103700.0,99700.0,103500.0,832285.0
2025-04-11 00:00:00+09:00,100500.0,102500.0,98200.0,100300.0,378827.0
2025-04-14 00:00:00+09:00,100500.0,103600.0,100300.0,101800.0,306365.0
2025-04-15 00:00:00+09:00,101900.0,102200.0,99100.0,100000.0,257991.0
2025-04-16 00:00:00+09:00,100200.0,101700.0,96800.0,97400.0,242341.0
2025-04-17 00:00:00+09:00,97100.0,98900.0,96600.0,97500.0,323489.0
2025-04-18 00:00:00+09:00,97300.0,97300.0,95100.0,96500.0,184626.0
2025-04-21 00:00:00+09:00,95600.0,97700.0,94800.0,94900.0,161467.0
2025-04-22 00:00:00+09:00,94500.0,98000.0,93900.0,94600.0,198847.0
2025-04-23 00:00:00+09:00,96500.0,101400.0,96300.0,101200.0,432217.0
2025-04-24 00:00:00+09:00,102200.0,102700.0,99800.0,100800.0,233628.0
2025-04-25 00:00:00+09:00,102600.0,106300.0,100700.0,103500.0,364213.0
2025-04-28 00:00:00+09:00,105800.0,108900.0,104000.0,104500.0,378850.0
2025-04-29 00:00:00+09:00,105900.0,106500.0,99700.0,102400.0,613414.0
2025-04-30 00:00:00+09:00,102400.0,103100.0,100100.0,101500.0,465607.0
2025-05-02 00:00:00+09:00,101600.0,104800.0,99900.0,104500.0,371027.0
2025-05-07 00:00:00+09:00,104800.0,105300.0,99600.0,100600.0,400563.0
2025-05-08 00:00:00+09:00,100600.0,105500.0,99600.0,103800.0,686506.0
2025-05-09 00:00:00+09:00,102600.0,103900.0,97500.0,97800.0,505947.0
2025-05-12 00:00:00+09:00,98800.0,102500.0,98400.0,102300.0,467791.0
2025-05-13 00:00:00+09:00,104100.0,104100.0,98500.0,98800.0,341844.0
2025-05-14 00:00:00+09:00,98900.0,100300.0,95300.0,99400.0,462864.0
2025-05-15 00:00:00+09:00,98800.0,100000.0,97100.0,97200.0,171364.0
2025-05-16 00:00:00+09:00,97400.0,97800.0,94000.0,94300.0,257519.0
2025-05-19 00:00:00+09:00,93000.0,96100.0,92700.0,93700.0,250284.0
2025-05-20 00:00:00+09:00,94900.0,94900.0,87900.0,88300.0,497104.0
2025-05-21 00:00:00+09:00,88200.0,91000.0,87700.0,87900.0,292327.0
2025-05-22 00:00:00+09:00,88000.0,89200.0,84100.0,87600.0,425680.0
2025-05-23 00:00:00+09:00,88700.0,88800.0,83300.0,83600.0,335504.0
2025-05-26 00:00:00+09:00,83000.0,88200.0,82900.0,85500.0,423735.0
2025-05-27 00:00:00+09:00,84700.0,85100.0,81100.0,81200.0,386979.0
2025-05-28 00:00:00+09:00,82200.0,89800.0,81300.0,88800.0,759138.0
2025-05-29 00:00:00+09:00,89300.0,91300.0,86400.0,90000.0,416161.0
2025-05-30 00:00:00+09:00,89200.0,91200.0,86700.0,89700.0,440240.0
2025-06-02 00:00:00+09:00,90300.0,91500.0,87600.0,89000.0,294820.0
2025-06-04 00:00:00+09:00,90700.0,94200.0,90100.0,91700.0,445175.0
2025-06-05 00:00:00+09:00,91900.0,97900.0,90600.0,96200.0,434236.0
2025-06-09 00:00:00+09:00,95300.0,95800.0,91100.0,92400.0,400955.0
2025-06-10 00:00:00+09:00,93300.0,94000.0,91200.0,92200.0,349959.0
2025-06-11 00:00:00+09:00,93000.0,96700.0,93000.0,94900.0,447597.0
2025-06-12 00:00:00+09:00,94400.0,101100.0,94000.0,97500.0,1006498.0
2025-06-13 00:00:00+09:00,96800.0,96800.0,91800.0,92000.0,417317.0
2025-06-16 00:00:00+09:00,91700.0,92400.0,89400.0,90000.0,242857.0
2025-06-17 00:00:00+09:00,91000.0,93200.0,89200.0,89500.0,346708.0
2025-06-18 00:00:00+09:00,89400.0,93000.0,89300.0,90400.0,352682.0
2025-06-19 00:00:00+09:00,91600.0,93600.0,88900.0,90900.0,431652.0
2025-06-20 00:00:00+09:00,91300.0,102300.0,89800.0,102000.0,1793484.0
2025-06-23 00:00:00+09:00,99000.0,101100.0,96400.0,99200.0,608577.0
2025-06-24 00:00:00+09:00,104400.0,108100.0,103600.0,105200.0,1049993.0
2025-06-25 00:00:00+09:00,105500.0,106700.0,103100.0,105400.0,434792.0
2025-06-26 00:00:00+09:00,106800.0,107600.0,104200.0,105600.0,444257.0
2025-06-27 00:00:00+09:00,105300.0,106000.0,99600.0,100200.0,449791.0
2025-06-30 00:00:00+09:00,101000.0,104200.0,100100.0,100600.0,357579.0
2025-07-01 00:00:00+09:00,100700.0,104000.0,99700.0,102000.0,339853.0
2025-07-02 00:00:00+09:00,101000.0,103500.0,99900.0,103200.0,257953.0
2025-07-03 00:00:00+09:00,104400.0,108300.0,103600.0,106200.0,645885.0
2025-07-04 00:00:00+09:00,104200.0,105400.0,102400.0,104100.0,321107.0
2025-07-07 00:00:00+09:00,105100.0,106900.0,100300.0,100300.0,391749.0
2025-07-08 00:00:00+09:00,101100.0,103700.0,99900.0,100300.0,332805.0
2025-07-09 00:00:00+09:00,101600.0,103000.0,100000.0,100800.0,304380.0
2025-07-10 00:00:00+09:00,101600.0,103300.0,100600.0,101500.0,674476.0
2025-07-11 00:00:00+09:00,103100.0,106900.0,102300.0,105200.0,659029.0
2025-07-14 00:00:00+09:00,106900.0,106900.0,103200.0,105200.0,376451.0
2025-07-15 00:00:00+09:00,104700.0,106500.0,103600.0,105000.0,315129.0
2025-07-16 00:00:00+09:00,104600.0,105700.0,102600.0,102700.0,204020.0
2025-07-17 00:00:00+09:00,104100.0,105300.0,101300.0,102900.0,283178.0
2025-07-18 00:00:00+09:00,105200.0,116600.0,105000.0,112200.0,2128747.0
2025-07-21 00:00:00+09:00,111500.0,114000.0,110700.0,113400.0,490204.0
2025-07-22 00:00:00+09:00,114400.0,114400.0,108700.0,109100.0,410295.0
2025-07-23 00:00:00+09:00,111300.0,112000.0,107200.0,109300.0,292522.0
2025-07-24 00:00:00+09:00,109600.0,113800.0,108800.0,112000.0,496446.0
2025-07-25 00:00:00+09:00,112500.0,116900.0,111200.0,114600.0,614152.0
2025-07-28 00:00:00+09:00,114700.0,117300.0,112700.0,114700.0,405846.0
2025-07-29 00:00:00+09:00,112400.0,112500.0,108600.0,110000.0,494643.0
2025-07-30 00:00:00+09:00,110000.0,116500.0,109700.0,114400.0,541331.0
2025-07-31 00:00:00+09:00,118200.0,118300.0,109900.0,111100.0,524364.0
2025-08-01 00:00:00+09:00,109500.0,112300.0,107200.0,107300.0,331420.0
2025-08-04 00:00:00+09:00,108800.0,109800.0,106200.0,108000.0,217537.0
2025-08-05 00:00:00+09:00,109500.0,127900.0,109100.0,124500.0,3163401.0
2025-08-06 00:00:00+09:00,124700.0,133000.0,123100.0,125900.0,2110564.0
2025-08-07 00:00:00+09:00,127600.0,127600.0,122600.0,124800.0,548978.0
2025-08-08 00:00:00+09:00,124200.0,126000.0,123000.0,124100.0,321435.0
2025-08-11 00:00:00+09:00,126700.0,134500.0,125600.0,134000.0,1192273.0
2025-08-12 00:00:00+09:00,132900.0,142000.0,132100.0,134800.0,1510267.0
2025-08-13 00:00:00+09:00,138000.0,138200.0,134100.0,136500.0,595557.0
2025-08-14 00:00:00+09:00,137400.0,141000.0,136000.0,138800.0,759639.0
2025-08-18 00:00:00+09:00,137500.0,137600.0,131300.0,131300.0,485229.0
2025-08-19 00:00:00+09:00,132900.0,134100.0,129500.0,131900.0,528073.0
2025-08-20 00:00:00+09:00,128900.0,132900.0,128500.0,130200.0,368863.0
2025-08-21 00:00:00+09:00,130300.0,130900.0,128500.0,129800.0,248196.0
2025-08-22 00:00:00+09:00,129400.0,130100.0,127200.0,128200.0,253136.0
2025-08-25 00:00:00+09:00,131900.0,133400.0,129300.0,131800.0,321228.0
2025-08-26 00:00:00+09:00,131600.0,132400.0,130600.0,130800.0,218519.0
2025-08-27 00:00:00+09:00,131500.0,132400.0,130000.0,130400.0,229117.0
2025-08-28 00:00:00+09:00,131100.0,133000.0,126100.0,126700.0,379462.0
2025-08-29 00:00:00+09:00,126800.0,126900.0,121000.0,121200.0,506765.0
2025-09-01 00:00:00+09:00,119900.0,122800.0,119300.0,119900.0,228363.0
2025-09-02 00:00:00+09:00,120000.0,120450.0,117300.0,119700.0,327687.0
2025-09-03 00:00:00+09:00,119900.0,120500.0,117700.0,118300.0,213903.0
2025-09-04 00:00:00+09:00,121300.0,121700.0,117400.0,117900.0,288275.0
2025-09-05 00:00:00+09:00,118400.0,118700.0,116500.0,116600.0,208701.0
2025-09-08 00:00:00+09:00,115100.0,119400.0,115000.0,116400.0,289078.0
2025-09-09 00:00:00+09:00,116800.0,117900.0,116000.0,117900.0,236821.0
2025-09-10 00:00:00+09:00,116900.0,116900.0,113900.0,115800.0,559560.0
2025-09-11 00:00:00+09:00,116100.0,117000.0,115000.0,116900.0,434865.0
2025-09-12 00:00:00+09:00,119000.0,119500.0,117600.0,119000.0,352031.0
2025-09-15 00:00:00+09:00,120000.0,122000.0,119300.0,121000.0,379217.0
2025-09-16 00:00:00+09:00,121700.0,122500.0,120700.0,122300.0,335758.0
2025-09-17 00:00:00+09:00,122600.0,124700.0,121400.0,121700.0,355734.0
2025-09-18 00:00:00+09:00,122000.0,123600.0,120000.0,122900.0,309243.0
2025-09-19 00:00:00+09:00,121800.0,122400.0,118800.0,118800.0,468717.0
2025-09-22 00:00:00+09:00,119000.0,120600.0,117800.0,118100.0,281523.0
2025-09-23 00:00:00+09:00,118200.0,120700.0,117700.0,118700.0,289084.0
2025-09-24 00:00:00+09:00,120600.0,120700.0,115100.0,115200.0,348084.0
2025-09-25 00:00:00+09:00,115700.0,121500.0,115700.0,120400.0,603613.0
2025-09-26 00:00:00+09:00,118800.0,118900.0,115100.0,115100.0,326714.0
2025-09-29 00:00:00+09:00,116100.0,116700.0,114400.0,115400.0,253388.0
2025-09-30 00:00:00+09:00,114800.0,116000.0,112900.0,113000.0,277604.0
2025-10-01 00:00:00+09:00,113500.0,114300.0,112000.0,112600.0,205555.0
2025-10-02 00:00:00+09:00,113800.0,116500.0,113700.0,116300.0,442617.0
2025-10-10 00:00:00+09:00,116200.0,116500.0,112200.0,112300.0,438108.0
2025-10-13 00:00:00+09:00,111200.0,119700.0,109500.0,117800.0,658396.0
2025-10-14 00:00:00+09:00,118300.0,123800.0,117100.0,123700.0,890874.0
2025-10-15 00:00:00+09:00,125400.0,125500.0,121400.0,125200.0,443808.0
2025-10-16 00:00:00+09:00,125500.0,143000.0,124700.0,143000.0,1962739.0
2025-10-17 00:00:00+09:00,145500.0,167400.0,140400.0,161000.0,4990047.0
2025-10-20 00:00:00+09:00,158800.0,162800.0,153500.0,160300.0,1505696.0
2025-10-21 00:00:00+09:00,159000.0,166600.0,156600.0,159800.0,1310912.0
2025-10-22 00:00:00+09:00,161900.0,172000.0,160800.0,165200.0,1381288.0
2025-10-23 00:00:00+09:00,165600.0,166300.0,158900.0,159400.0,650815.0
2025-10-24 00:00:00+09:00,161500.0,174400.0,160800.0,172600.0,1653548.0
2025-10-27 00:00:00+09:00,179900.0,180000.0,169400.0,172900.0,5785264.0
2025-10-28 00:00:00+09:00,171700.0,174400.0,167000.0,174100.0,838564.0
2025-10-29 00:00:00+09:00,173200.0,174900.0,169000.0,171700.0,527687.0
2025-10-30 00:00:00+09:00,171800.0,176700.0,162400.0,162600.0,893321.0
2025-10-31 00:00:00+09:00,158000.0,164500.0,158000.0,160000.0,695197.0
2025-11-03 00:00:00+09:00,163600.0,165700.0,158600.0,164900.0,531734.0
2025-11-04 00:00:00+09:00,170800.0,170900.0,161000.0,161800.0,725702.0
2025-11-05 00:00:00+09:00,159000.0,161900.0,150500.0,157900.0,688684.0
2025-11-06 00:00:00+09:00,162100.0,164800.0,158000.0,158000.0,429277.0
2025-11-07 00:00:00+09:00,154100.0,158500.0,148600.0,151100.0,488367.0
2025-11-10 00:00:00+09:00,151400.0,154600.0,148600.0,153800.0,328529.0
2025-11-11 00:00:00+09:00,155400.0,162200.0,151300.0,153600.0,561388.0
2025-11-12 00:00:00+09:00,155600.0,157000.0,152300.0,155300.0,316121.0
2025-11-13 00:00:00+09:00,155200.0,160200.0,153200.0,160000.0,578111.0
2025-11-14 00:00:00+09:00,155100.0,156400.0,150300.0,150600.0,370728.0
2025-11-17 00:00:00+09:00,153400.0,157500.0,151000.0,154400.0,337973.0
2025-11-18 00:00:00+09:00,155000.0,155900.0,145000.0,145000.0,390511.0
2025-11-19 00:00:00+09:00,145000.0,146200.0,139300.0,143500.0,412954.0
2025-11-20 00:00:00+09:00,146200.0,148800.0,144700.0,145200.0,245476.0
2025-11-21 00:00:00+09:00,138400.0,141600.0,137600.0,138200.0,288050.0
2025-11-24 00:00:00+09:00,139900.0,140100.0,134200.0,138500.0,483265.0
2025-11-25 00:00:00+09:00,141600.0,143500.0,136500.0,137400.0,218794.0
2025-11-26 00:00:00+09:00,139200.0,150000.0,139200.0,150000.0,509226.0
2025-11-27 00:00:00+09:00,150700.0,150800.0,146800.0,147000.0,237991.0
2025-11-28 00:00:00+09:00,151900.0,154700.0,148000.0,149900.0,379604.0
2025-12-01 00:00:00+09:00,154100.0,163000.0,153800.0,158900.0,937384.0
2025-12-02 00:00:00+09:00,158800.0,159600.0,156000.0,159200.0,351622.0
2025-12-03 00:00:00+09:00,160000.0,160900.0,156600.0,156900.0,230829.0
2025-12-04 00:00:00+09:00,158200.0,164000.0,155700.0,157900.0,387314.0
2025-12-05 00:00:00+09:00,156900.0,162400.0,156900.0,159700.0,442403.0
2025-12-08 00:00:00+09:00,160900.0,174600.0,160100.0,173300.0,1641004.0
2025-12-09 00:00:00+09:00,170300.0,189000.0,169100.0,182100.0,2222927.0
2025-12-10 00:00:00+09:00,185300.0,185600.0,177900.0,179500.0,674670.0
2025-12-11 00:00:00+09:00,181500.0,181900.0,172500.0,173800.0,854760.0
2025-12-12 00:00:00+09:00,175000.0,176200.0,172500.0,176000.0,392230.0
2025-12-15 00:00:00+09:00,172400.0,179700.0,170300.0,179700.0,536214.0
2025-12-16 00:00:00+09:00,178900.0,179300.0,163500.0,165500.0,853073.0
2025-12-17 00:00:00+09:00,167500.0,169200.0,163200.0,165800.0,410948.0
2025-12-18 00:00:00+09:00,158200.0,160000.0,154000.0,154200.0,539839.0
2025-12-19 00:00:00+09:00,155800.0,157500.0,147700.0,155000.0,762795.0
2025-12-22 00:00:00+09:00,156800.0,159900.0,153500.0,158900.0,333968.0
2025-12-23 00:00:00+09:00,160000.0,160100.0,157000.0,158000.0,245633.0
2025-12-24 00:00:00+09:00,158800.0,161200.0,157000.0,157700.0,249357.0
2025-12-26 00:00:00+09:00,157900.0,160300.0,155200.0,156300.0,269772.0
2025-12-29 00:00:00+09:00,151500.0,158100.0,150300.0,156300.0,286734.0
2025-12-30 00:00:00+09:00,153900.0,154000.0,145500.0,146600.0,560716.0
2026-01-02 00:00:00+09:00,145000.0,145500.0,141400.0,141700.0,462810.0
2026-01-05 00:00:00+09:00,139300.0,148400.0,139200.0,145800.0,551111.0
2026-01-06 00:00:00+09:00,150400.0,150600.0,146500.0,148400.0,383139.0
2026-01-07 00:00:00+09:00,148300.0,153400.0,145300.0,146800.0,351759.0
2026-01-08 00:00:00+09:00,146800.0,150400.0,144200.0,146300.0,634042.0
2026-01-09 00:00:00+09:00,146200.0,146500.0,140800.0,141900.0,340906.0
2026-01-12 00:00:00+09:00,141100.0,151300.0,140300.0,151300.0,621211.0
2026-01-13 00:00:00+09:00,153500.0,155700.0,150300.0,155700.0,384550.0
2026-01-14 00:00:00+09:00,154700.0,155700.0,149700.0,149900.0,348414.0
2026-01-15 00:00:00+09:00,149900.0,151600.0,147300.0,150600.0,345964.0
2026-01-16 00:00:00+09:00,150000.0,151600.0,145500.0,145800.0,365913.0
2026-01-19 00:00:00+09:00,145000.0,154800.0,143800.0,154200.0,568539.0
2026-01-20 00:00:00+09:00,155200.0,162400.0,153300.0,160100.0,863013.0
2026-01-21 00:00:00+09:00,156600.0,163000.0,156000.0,160100.0,701320.0
2026-01-22 00:00:00+09:00,163000.0,173900.0,161600.0,172400.0,1614324.0
2026-01-23 00:00:00+09:00,176700.0,177000.0,167200.0,174300.0,1003581.0
2026-01-26 00:00:00+09:00,179000.0,209000.0,178200.0,209000.0,4265569.0
2026-01-27 00:00:00+09:00,201500.0,215500.0,200500.0,213500.0,1805235.0
2026-01-28 00:00:00+09:00,215000.0,230500.0,213500.0,229000.0,2870049.0
2026-01-29 00:00:00+09:00,245000.0,260000.0,228500.0,246000.0,3368789.0
2026-01-30 00:00:00+09:00,250000.0,256000.0,232000.0,232000.0,2288279.0
2026-02-02 00:00:00+09:00,227000.0,235500.0,212000.0,214500.0,1896374.0
2026-02-03 00:00:00+09:00,225000.0,225000.0,212000.0,219000.0,1076313.0
2026-02-04 00:00:00+09:00,217500.0,231000.0,216000.0,222500.0,1082553.0
2026-02-05 00:00:00+09:00,218500.0,221500.0,206000.0,211500.0,974505.0
2026-02-06 00:00:00+09:00,200000.0,204000.0,193300.0,198200.0,1121283.0
2026-02-09 00:00:00+09:00,204000.0,207000.0,197500.0,206500.0,899864.0
2026-02-10 00:00:00+09:00,207000.0,213000.0,201000.0,202000.0,447491.0
2026-02-11 00:00:00+09:00,203500.0,207500.0,199900.0,200000.0,369839.0
2026-02-12 00:00:00+09:00,201500.0,207500.0,198500.0,207000.0,575581.0
2026-02-13 00:00:00+09:00,203000.0,205000.0,195000.0,196100.0,817275.0
2026-02-19 00:00:00+09:00,199300.0,215500.0,197050.0,214000.0,1095763.0
2026-02-20 00:00:00+09:00,217500.0,217500.0,209000.0,214000.0,416915.0
2026-02-23 00:00:00+09:00,218500.0,222500.0,207500.0,209500.0,557503.0
2026-02-24 00:00:00+09:00,211500.0,214500.0,207000.0,213500.0,472468.0
2026-02-25 00:00:00+09:00,216000.0,220000.0,210750.0,216000.0,556738.0
2026-02-26 00:00:00+09:00,221500.0,224500.0,214000.0,219500.0,855441.0
2026-02-27 00:00:00+09:00,214000.0,225000.0,212500.0,221500.0,786277.0
2026-03-03 00:00:00+09:00,215500.0,224000.0,199500.0,199500.0,884982.0
2026-03-04 00:00:00+09:00,188200.0,198000.0,165600.0,165600.0,1517050.0
2026-03-05 00:00:00+09:00,183000.0,206000.0,183000.0,195400.0,1237046.0
2026-03-06 00:00:00+09:00,194600.0,205500.0,191300.0,202500.0,655517.0
2026-03-09 00:00:00+09:00,194800.0,206000.0,191000.0,202500.0,907354.0
2026-03-10 00:00:00+09:00,215500.0,215500.0,200000.0,203000.0,653625.0
2026-03-11 00:00:00+09:00,205500.0,207000.0,195500.0,197500.0,507330.0
2026-03-12 00:00:00+09:00,195000.0,200500.0,191600.0,197700.0,683785.0
2026-03-13 00:00:00+09:00,189000.0,191800.0,185300.0,191300.0,747253.0
2026-03-16 00:00:00+09:00,189700.0,192300.0,181300.0,187400.0,605477.0
2026-03-17 00:00:00+09:00,191300.0,196900.0,188400.0,193500.0,476351.0
2026-03-18 00:00:00+09:00,196900.0,197000.0,193500.0,196500.0,324967.0
2026-03-19 00:00:00+09:00,190200.0,196000.0,189500.0,189700.0,439588.0
2026-03-20 00:00:00+09:00,190800.0,193000.0,188800.0,191900.0,410787.0
2026-03-23 00:00:00+09:00,183800.0,184300.0,178300.0,179100.0,461538.0
2026-03-24 00:00:00+09:00,186800.0,196900.0,185700.0,193000.0,615748.0
2026-03-25 00:00:00+09:00,193400.0,204000.0,193200.0,203000.0,505161.0
2026-03-26 00:00:00+09:00,202000.0,207000.0,197400.0,198900.0,374921.0
2026-03-27 00:00:00+09:00,193900.0,206000.0,188700.0,202500.0,499114.0
2026-03-30 00:00:00+09:00,196500.0,206000.0,196300.0,203500.0,404454.0
2026-03-31 00:00:00+09:00,205000.0,205500.0,192200.0,192200.0,603090.0
2026-04-01 00:00:00+09:00,202000.0,204000.0,197500.0,202000.0,410700.0
2026-04-02 00:00:00+09:00,202500.0,211000.0,193700.0,196900.0,728719.0
2026-04-03 00:00:00+09:00,199500.0,200500.0,190000.0,192600.0,470485.0
2026-04-06 00:00:00+09:00,192600.0,204000.0,192600.0,199900.0,579226.0
2026-04-07 00:00:00+09:00,199700.0,211000.0,198700.0,201500.0,542160.0
2026-04-08 00:00:00+09:00,212500.0,214500.0,205000.0,208500.0,585119.0
2026-04-09 00:00:00+09:00,207500.0,209750.0,200000.0,206000.0,574238.0
2026-04-10 00:00:00+09:00,207000.0,207000.0,201500.0,201500.0,267837.0
2026-04-13 00:00:00+09:00,201500.0,204500.0,199000.0,199000.0,286581.0
2026-04-14 00:00:00+09:00,203500.0,204500.0,197700.0,197800.0,306781.0
2026-04-15 00:00:00+09:00,202000.0,206000.0,200000.0,202500.0,370153.0
2026-04-16 00:00:00+09:00,207000.0,209500.0,203000.0,205000.0,351483.0
2026-04-17 00:00:00+09:00,205500.0,211500.0,204000.0,208000.0,575204.0
2026-04-20 00:00:00+09:00,208000.0,213000.0,204500.0,210000.0,468514.0
2026-04-21 00:00:00+09:00,214000.0,220500.0,211000.0,220500.0,962694.0
2026-04-22 00:00:00+09:00,222500.0,222500.0,212500.0,218000.0,744134.0
2026-04-23 00:00:00+09:00,219000.0,219500.0,203500.0,205500.0,704169.0
2026-04-24 00:00:00+09:00,207500.0,209500.0,204000.0,208000.0,388962.0
2026-04-27 00:00:00+09:00,208500.0,210500.0,205000.0,207500.0,345978.0
2026-04-28 00:00:00+09:00,211000.0,216000.0,209000.0,213500.0,500672.0
2026-04-29 00:00:00+09:00,211000.0,219000.0,207500.0,212500.0,589037.0
2026-04-30 00:00:00+09:00,214000.0,214000.0,206000.0,206000.0,496622.0
2026-05-04 00:00:00+09:00,211500.0,218000.0,210000.0,215500.0,597043.0
2026-05-06 00:00:00+09:00,218000.0,229500.0,214000.0,228500.0,974039.0
2026-05-07 00:00:00+09:00,229500.0,243500.0,225500.0,235500.0,1140239.0
2026-05-08 00:00:00+09:00,235500.0,243500.0,228000.0,237500.0,629179.0
2026-05-11 00:00:00+09:00,236500.0,236500.0,218500.0,222000.0,829855.0
2026-05-12 00:00:00+09:00,223500.0,227000.0,203000.0,205500.0,992424.0
2026-05-13 00:00:00+09:00,203000.0,205000.0,194700.0,197100.0,666130.0
2026-05-14 00:00:00+09:00,205500.0,209000.0,195100.0,209000.0,807776.0
2026-05-15 00:00:00+09:00,208000.0,215500.0,188200.0,190500.0,825029.0
2026-05-18 00:00:00+09:00,191000.0,194500.0,184100.0,190400.0,577686.0
2026-05-19 00:00:00+09:00,192000.0,196600.0,181500.0,182400.0,580567.0
2026-05-20 00:00:00+09:00,181000.0,182800.0,174900.0,176700.0,557955.0
2026-05-21 00:00:00+09:00,183700.0,199400.0,182100.0,195000.0,560937.0
2026-05-22 00:00:00+09:00,200000.0,219750.0,200000.0,216000.0,1141061.0
2026-05-26 00:00:00+09:00,225000.0,235500.0,218000.0,220000.0,920419.0
2026-05-27 00:00:00+09:00,218000.0,227500.0,213000.0,213500.0,659252.0
2026-05-28 00:00:00+09:00,222500.0,223000.0,206500.0,218500.0,771344.0
2026-05-29 00:00:00+09:00,217500.0,217500.0,210000.0,217000.0,1318811.0
2026-06-01 00:00:00+09:00,215000.0,215000.0,205000.0,207000.0,662016.0
2026-06-02 00:00:00+09:00,203500.0,218000.0,197900.0,198000.0,867237.0
2026-06-04 00:00:00+09:00,201500.0,209000.0,196200.0,197400.0,656199.0
2026-06-05 00:00:00+09:00,197500.0,198000.0,180100.0,180100.0,772457.0
2026-06-08 00:00:00+09:00,170000.0,171400.0,158500.0,159700.0,651414.0
2026-06-09 00:00:00+09:00,161900.0,171800.0,160500.0,167600.0,663769.0
2026-06-10 00:00:00+09:00,166000.0,172700.0,161000.0,164500.0,536210.0
2026-06-11 00:00:00+09:00,159900.0,164300.0,155500.0,164300.0,898577.0
2026-06-12 00:00:00+09:00,172200.0,178600.0,168100.0,170000.0,642248.0
2026-06-15 00:00:00+09:00,178400.0,186500.0,176900.0,186500.0,510682.0
2026-06-16 00:00:00+09:00,185900.0,186400.0,179100.0,179500.0,472518.0
2026-06-17 00:00:00+09:00,182600.0,183100.0,177000.0,180000.0,361009.0
2026-06-18 00:00:00+09:00,178300.0,179400.0,170200.0,172300.0,516097.0
2026-06-19 00:00:00+09:00,171400.0,175600.0,164700.0,169400.0,905391.0
2026-06-22 00:00:00+09:00,169400.0,171500.0,162600.0,166700.0,480379.0
2026-06-23 00:00:00+09:00,165400.0,170800.0,150400.0,150900.0,683987.0
2026-06-24 00:00:00+09:00,150200.0,156500.0,146000.0,152500.0,521863.0
2026-06-25 00:00:00+09:00,152200.0,156200.0,142900.0,144000.0,536834.0
2026-06-26 00:00:00+09:00,142300.0,143900.0,129600.0,133700.0,797620.0
2026-06-29 00:00:00+09:00,133000.0,156500.0,132400.0,154500.0,952726.0
2026-06-30 00:00:00+09:00,154600.0,154600.0,142500.0,142500.0,984155.0
2026-07-01 00:00:00+09:00,134300.0,142500.0,129500.0,132700.0,1507199.0
2026-07-02 00:00:00+09:00,129800.0,130800.0,122600.0,125500.0,661857.0
2026-07-03 00:00:00+09:00,123000.0,125300.0,115300.0,124400.0,581378.0
2026-07-06 00:00:00+09:00,124500.0,125200.0,117300.0,121700.0,388813.0
2026-07-07 00:00:00+09:00,120600.0,125700.0,117500.0,120200.0,486586.0
2026-07-08 00:00:00+09:00,117500.0,119800.0,111900.0,112600.0,516352.0
2026-07-09 00:00:00+09:00,113300.0,117900.0,109400.0,111500.0,780559.0
2026-07-10 00:00:00+09:00,113800.0,123400.0,113800.0,121600.0,565475.0
2026-07-13 00:00:00+09:00,123000.0,126900.0,117800.0,119800.0,571074.0
2026-07-14 00:00:00+09:00,118700.0,120700.0,108100.0,112600.0,494046.0
2026-07-15 00:00:00+09:00,116100.0,124000.0,116100.0,120900.0,426284.0
2026-07-16 00:00:00+09:00,120000.0,121500.0,111700.0,112400.0,290976.0
2026-07-20 00:00:00+09:00,109900.0,110600.0,103100.0,104100.0,314459.0
2026-07-21 00:00:00+09:00,103000.0,107300.0,101600.0,105900.0,288501.0
2026-07-22 00:00:00+09:00,109500.0,113000.0,107500.0,107500.0,300529.0
2026-07-23 00:00:00+09:00,108100.0,118400.0,107000.0,118200.0,353716.0
2026-07-24 00:00:00+09:00,114700.0,115200.0,108100.0,108300.0,308723.0
2026-07-27 00:00:00+09:00,113400.0,113400.0,108000.0,110500.0,280334.0
2026-07-28 00:00:00+09:00,106400.0,107800.0,99600.0,101800.0,319884.0
2026-07-29 00:00:00+09:00,102300.0,104800.0,88300.0,92600.0,583750.0
2026-07-30 00:00:00+09:00,90300.0,102700.0,90300.0,96500.0,534615.0
2026-07-31 00:00:00+09:00,101600.0,105200.0,98000.0,103500.0,497654.0
2026-08-03 00:00:00+09:00,98700.0,100700.0,90400.0,96800.0,649492.0
2026-08-04 00:00:00+09:00,97100.0,103800.0,97100.0,102500.0,556835.0
2026-08-05 00:00:00+09:00,105000.0,106200.0,100500.0,101700.0,454007.0
2026-08-06 00:00:00+09:00,100400.0,104400.0,98300.0,102500.0,397836.0
2026-08-07 00:00:00+09:00,106700.0,111700.0,100600.0,107000.0,505842.0
2026-08-10 00:00:00+09:00,107900.0,115400.0,105600.0,114800.0,477817.0
2026-08-11 00:00:00+09:00,114000.0,116600.0,108100.0,109800.0,442475.0
2026-08-12 00:00:00+09:00,110100.0,114400.0,107500.0,114400.0,297511.0
2026-08-13 00:00:00+09:00,114800.0,116800.0,111700.0,114500.0,384619.0
2026-08-14 00:00:00+09:00,115800.0,120200.0,112900.0,116700.0,345739.0
2026-08-18 00:00:00+09:00,115200.0,115700.0,108100.0,109100.0,448406.0
2026-08-19 00:00:00+09:00,104900.0,111600.0,103800.0,109800.0,276389.0
2026-08-20 00:00:00+09:00,112700.0,116000.0,111500.0,114100.0,286385.0
2026-08-21 00:00:00+09:00,110600.0,111000.0,105000.0,105600.0,317914.0
2026-08-24 00:00:00+09:00,106600.0,117700.0,106600.0,117000.0,653003.0
2026-08-25 00:00:00+09:00,114200.0,116500.0,108400.0,112500.0,394619.0
2026-08-26 00:00:00+09:00,111400.0,112200.0,108500.0,111500.0,255397.0
2026-08-27 00:00:00+09:00,111000.0,118300.0,110900.0,118000.0,533166.0
2026-08-28 00:00:00+09:00,117200.0,119100.0,114600.0,118200.0,283225.0
