dt,open,high,low,close,volume
2017-05-10 00:00:00+09:00,82300.0,90500.0,73400.0,78000.0,756348.0
2017-05-11 00:00:00+09:00,76500.0,79000.0,75600.0,77500.0,239477.0
2017-05-12 00:00:00+09:00,77900.0,79100.0,74600.0,75900.0,141833.0
2017-05-15 00:00:00+09:00,75500.0,75700.0,72100.0,72100.0,159155.0
2017-05-16 00:00:00+09:00,72100.0,72500.0,65800.0,69500.0,339657.0
2017-05-17 00:00:00+09:00,69800.0,72900.0,69600.0,70300.0,154380.0
2017-05-18 00:00:00+09:00,69200.0,71600.0,68800.0,70000.0,125683.0
2017-05-19 00:00:00+09:00,70500.0,74800.0,70300.0,72900.0,156722.0
2017-05-22 00:00:00+09:00,72900.0,76600.0,72900.0,74900.0,110111.0
2017-05-23 00:00:00+09:00,75100.0,79600.0,75100.0,79400.0,156818.0
2017-05-24 00:00:00+09:00,81000.0,83500.0,79300.0,83000.0,203838.0
2017-05-25 00:00:00+09:00,84300.0,84600.0,81500.0,83200.0,119043.0
2017-05-26 00:00:00+09:00,84000.0,86900.0,82400.0,86400.0,139977.0
2017-05-29 00:00:00+09:00,87200.0,88400.0,83200.0,84000.0,93206.0
2017-05-30 00:00:00+09:00,84800.0,84800.0,80300.0,80800.0,113967.0
2017-05-31 00:00:00+09:00,80100.0,83700.0,79700.0,81600.0,98697.0
2017-06-01 00:00:00+09:00,80800.0,83600.0,78900.0,82700.0,85698.0
2017-06-02 00:00:00+09:00,83400.0,83500.0,82000.0,82400.0,52411.0
2017-06-05 00:00:00+09:00,81600.0,81700.0,79500.0,79500.0,92105.0
2017-06-07 00:00:00+09:00,78700.0,80700.0,78700.0,80200.0,49310.0
2017-06-08 00:00:00+09:00,79700.0,84000.0,78600.0,84000.0,93344.0
2017-06-09 00:00:00+09:00,83900.0,85899.0,82600.0,84000.0,95372.0
2017-06-12 00:00:00+09:00,83600.0,85299.0,81700.0,82400.0,48519.0
2017-06-13 00:00:00+09:00,80000.0,82700.0,77600.0,78100.0,169733.0
2017-06-14 00:00:00+09:00,78800.0,85300.0,78700.0,84700.0,209336.0
2017-06-15 00:00:00+09:00,84700.0,84700.0,82600.0,84100.0,55646.0
2017-06-16 00:00:00+09:00,83600.0,84500.0,80200.0,81000.0,76537.0
2017-06-19 00:00:00+09:00,81200.0,82000.0,79800.0,80200.0,43177.0
2017-06-20 00:00:00+09:00,79600.0,80000.0,78000.0,78800.0,59037.0
2017-06-21 00:00:00+09:00,78400.0,78600.0,77800.0,78200.0,52507.0
2017-06-22 00:00:00+09:00,74600.0,74700.0,73700.0,74100.0,1359752.0
2017-06-23 00:00:00+09:00,74600.0,77000.0,74100.0,75100.0,195209.0
2017-06-26 00:00:00+09:00,75200.0,76700.0,74800.0,76400.0,74771.0
2017-06-27 00:00:00+09:00,77300.0,77400.0,75900.0,76600.0,77312.0
2017-06-28 00:00:00+09:00,76000.0,76600.0,75100.0,76200.0,53669.0
2017-06-29 00:00:00+09:00,75800.0,76800.0,75800.0,76100.0,49753.0
2017-06-30 00:00:00+09:00,75500.0,78900.0,75500.0,77300.0,80888.0
2017-07-03 00:00:00+09:00,78000.0,80300.0,77500.0,79600.0,121095.0
2017-07-04 00:00:00+09:00,80200.0,81500.0,78800.0,80000.0,98576.0
2017-07-05 00:00:00+09:00,80100.0,80700.0,78300.0,80000.0,83053.0
2017-07-06 00:00:00+09:00,79900.0,81500.0,79100.0,80600.0,90389.0
2017-07-07 00:00:00+09:00,80700.0,83100.0,80600.0,82800.0,217344.0
2017-07-10 00:00:00+09:00,82000.0,83000.0,80900.0,81500.0,60182.0
2017-07-11 00:00:00+09:00,81200.0,81200.0,78800.0,79300.0,90630.0
2017-07-12 00:00:00+09:00,78800.0,79400.0,77000.0,77600.0,83297.0
2017-07-13 00:00:00+09:00,77700.0,79400.0,77700.0,78600.0,55015.0
2017-07-14 00:00:00+09:00,78000.0,79900.0,77200.0,79800.0,69914.0
2017-07-17 00:00:00+09:00,80200.0,81400.0,80000.0,80600.0,86256.0
2017-07-18 00:00:00+09:00,80100.0,80500.0,79600.0,79900.0,37778.0
2017-07-19 00:00:00+09:00,79900.0,80600.0,79500.0,80400.0,42657.0
2017-07-20 00:00:00+09:00,80300.0,83199.0,80200.0,82600.0,130006.0
2017-07-21 00:00:00+09:00,82200.0,84600.0,81900.0,84200.0,102181.0
2017-07-24 00:00:00+09:00,84000.0,84000.0,82100.0,82200.0,50263.0
2017-07-25 00:00:00+09:00,82600.0,84000.0,82400.0,82400.0,74225.0
2017-07-26 00:00:00+09:00,82700.0,85500.0,82700.0,85100.0,138352.0
2017-07-27 00:00:00+09:00,85300.0,86800.0,84600.0,85700.0,120955.0
2017-07-28 00:00:00+09:00,85800.0,86000.0,84100.0,85300.0,100106.0
2017-07-31 00:00:00+09:00,85300.0,88800.0,84900.0,88100.0,141689.0
2017-08-01 00:00:00+09:00,88100.0,93100.0,85300.0,92700.0,301709.0
2017-08-02 00:00:00+09:00,92000.0,97000.0,92000.0,95800.0,202143.0
2017-08-03 00:00:00+09:00,97000.0,97600.0,92100.0,94800.0,162288.0
2017-08-04 00:00:00+09:00,94300.0,97800.0,93300.0,97200.0,91247.0
2017-08-07 00:00:00+09:00,97300.0,97300.0,91500.0,92100.0,146894.0
2017-08-08 00:00:00+09:00,92100.0,95000.0,91900.0,94400.0,159001.0
2017-08-09 00:00:00+09:00,92800.0,96400.0,92800.0,95000.0,303156.0
2017-08-10 00:00:00+09:00,94600.0,96600.0,89900.0,95200.0,120863.0
2017-08-11 00:00:00+09:00,93000.0,96600.0,92800.0,95500.0,176629.0
2017-08-14 00:00:00+09:00,95200.0,96300.0,94600.0,96000.0,83880.0
2017-08-16 00:00:00+09:00,96000.0,96000.0,91000.0,92900.0,171448.0
2017-08-17 00:00:00+09:00,91400.0,93399.0,89100.0,90000.0,144556.0
2017-08-18 00:00:00+09:00,88700.0,88700.0,85300.0,87800.0,160543.0
2017-08-21 00:00:00+09:00,88800.0,90399.0,88600.0,89900.0,89812.0
2017-08-22 00:00:00+09:00,90000.0,90400.0,89100.0,90100.0,55365.0
2017-08-23 00:00:00+09:00,90300.0,90900.0,86700.0,87200.0,56836.0
2017-08-24 00:00:00+09:00,87900.0,89200.0,86500.0,86800.0,102525.0
2017-08-25 00:00:00+09:00,86900.0,89300.0,86400.0,88300.0,54916.0
2017-08-28 00:00:00+09:00,88300.0,88600.0,87400.0,87900.0,47311.0
2017-08-29 00:00:00+09:00,87700.0,89000.0,85700.0,88500.0,61056.0
2017-08-30 00:00:00+09:00,88000.0,88200.0,87000.0,88200.0,61158.0
2017-08-31 00:00:00+09:00,88000.0,89900.0,87900.0,88600.0,111619.0
2017-09-01 00:00:00+09:00,89100.0,89500.0,86700.0,88100.0,52345.0
2017-09-04 00:00:00+09:00,85900.0,87900.0,85500.0,87000.0,57094.0
2017-09-05 00:00:00+09:00,88000.0,88300.0,83300.0,85800.0,111626.0
2017-09-06 00:00:00+09:00,85700.0,87200.0,81800.0,82500.0,95379.0
2017-09-07 00:00:00+09:00,82200.0,84800.0,80900.0,82700.0,72697.0
2017-09-08 00:00:00+09:00,81800.0,82700.0,79600.0,80900.0,102921.0
2017-09-11 00:00:00+09:00,80900.0,81900.0,80400.0,81500.0,46586.0
2017-09-12 00:00:00+09:00,82000.0,85000.0,81600.0,85000.0,66607.0
2017-09-13 00:00:00+09:00,84900.0,86000.0,84000.0,85400.0,53467.0
2017-09-14 00:00:00+09:00,85300.0,87900.0,84800.0,87000.0,94556.0
2017-09-15 00:00:00+09:00,86900.0,87200.0,86000.0,87100.0,136603.0
2017-09-18 00:00:00+09:00,87000.0,87400.0,86100.0,86400.0,40021.0
2017-09-19 00:00:00+09:00,86200.0,89900.0,86000.0,88100.0,75654.0
2017-09-20 00:00:00+09:00,89100.0,89100.0,87200.0,88100.0,45269.0
2017-09-21 00:00:00+09:00,86299.0,87200.0,84400.0,85700.0,362635.0
2017-09-22 00:00:00+09:00,85700.0,86600.0,83100.0,83100.0,69324.0
2017-09-25 00:00:00+09:00,82900.0,84900.0,82100.0,83400.0,46698.0
2017-09-26 00:00:00+09:00,83999.0,84900.0,83500.0,84900.0,58461.0
2017-09-27 00:00:00+09:00,85000.0,85400.0,84100.0,84900.0,37146.0
2017-09-28 00:00:00+09:00,83600.0,84400.0,82600.0,84300.0,36415.0
2017-09-29 00:00:00+09:00,84900.0,85700.0,84200.0,85200.0,37773.0
2017-10-10 00:00:00+09:00,85199.0,87800.0,84200.0,86900.0,90887.0
2017-10-11 00:00:00+09:00,86800.0,88200.0,86000.0,87500.0,72209.0
2017-10-12 00:00:00+09:00,87000.0,88300.0,86900.0,88100.0,48790.0
2017-10-13 00:00:00+09:00,87600.0,89000.0,87000.0,88000.0,42434.0
2017-10-16 00:00:00+09:00,89000.0,91900.0,88500.0,91700.0,102533.0
2017-10-17 00:00:00+09:00,91200.0,93600.0,91100.0,92700.0,60809.0
2017-10-18 00:00:00+09:00,92700.0,93100.0,90700.0,92200.0,41682.0
2017-10-19 00:00:00+09:00,92200.0,94000.0,91700.0,92100.0,38297.0
2017-10-20 00:00:00+09:00,91199.0,91799.0,89100.0,90400.0,43514.0
2017-10-23 00:00:00+09:00,89600.0,90600.0,88500.0,88900.0,34841.0
2017-10-24 00:00:00+09:00,88700.0,89900.0,87000.0,87600.0,38328.0
2017-10-25 00:00:00+09:00,87500.0,89300.0,86800.0,89200.0,32442.0
2017-10-26 00:00:00+09:00,88800.0,89100.0,85700.0,86000.0,49797.0
2017-10-27 00:00:00+09:00,86000.0,87100.0,84600.0,86100.0,55059.0
2017-10-30 00:00:00+09:00,86400.0,88500.0,85800.0,87200.0,50872.0
2017-10-31 00:00:00+09:00,87699.0,91800.0,87400.0,90300.0,116274.0
2017-11-01 00:00:00+09:00,89400.0,89800.0,86799.0,88100.0,105166.0
2017-11-02 00:00:00+09:00,88100.0,88600.0,85200.0,85700.0,80144.0
2017-11-03 00:00:00+09:00,85999.0,86400.0,84800.0,86400.0,42150.0
2017-11-06 00:00:00+09:00,86100.0,86300.0,85100.0,85900.0,35390.0
2017-11-07 00:00:00+09:00,84800.0,88200.0,84800.0,86800.0,55499.0
2017-11-08 00:00:00+09:00,86000.0,86700.0,83399.0,83800.0,87941.0
2017-11-09 00:00:00+09:00,84200.0,84200.0,81200.0,82300.0,105061.0
2017-11-10 00:00:00+09:00,82100.0,82200.0,80600.0,81200.0,73094.0
2017-11-13 00:00:00+09:00,80800.0,80900.0,77800.0,78200.0,113099.0
2017-11-14 00:00:00+09:00,78200.0,80300.0,77400.0,79200.0,62231.0
2017-11-15 00:00:00+09:00,78800.0,78800.0,75500.0,75600.0,124684.0
2017-11-16 00:00:00+09:00,75400.0,77100.0,75400.0,76200.0,58783.0
2017-11-17 00:00:00+09:00,76500.0,78800.0,76300.0,78000.0,65617.0
2017-11-20 00:00:00+09:00,77900.0,78600.0,76400.0,76900.0,55573.0
2017-11-21 00:00:00+09:00,77200.0,77600.0,76200.0,77100.0,38810.0
2017-11-22 00:00:00+09:00,77200.0,77800.0,76000.0,76700.0,45938.0
2017-11-23 00:00:00+09:00,76800.0,77000.0,75600.0,76100.0,33908.0
2017-11-24 00:00:00+09:00,76600.0,76600.0,75100.0,75800.0,48555.0
2017-11-27 00:00:00+09:00,76400.0,77000.0,75600.0,76000.0,36653.0
2017-11-28 00:00:00+09:00,76300.0,79300.0,76000.0,78900.0,73904.0
2017-11-29 00:00:00+09:00,78800.0,80700.0,78200.0,80300.0,71400.0
2017-11-30 00:00:00+09:00,80800.0,80900.0,79800.0,79800.0,69167.0
2017-12-01 00:00:00+09:00,79800.0,80700.0,78400.0,80100.0,50280.0
2017-12-04 00:00:00+09:00,80900.0,82200.0,79100.0,82200.0,48639.0
2017-12-05 00:00:00+09:00,81900.0,83800.0,81300.0,83000.0,67940.0
2017-12-06 00:00:00+09:00,82200.0,83000.0,78600.0,79000.0,86022.0
2017-12-07 00:00:00+09:00,79800.0,80000.0,76500.0,76800.0,63249.0
2017-12-08 00:00:00+09:00,76500.0,77600.0,75500.0,76500.0,55155.0
2017-12-11 00:00:00+09:00,76200.0,77600.0,75900.0,77400.0,47217.0
2017-12-12 00:00:00+09:00,76600.0,77600.0,76500.0,77600.0,30823.0
2017-12-13 00:00:00+09:00,77000.0,79800.0,77000.0,79700.0,66330.0
2017-12-14 00:00:00+09:00,79900.0,80200.0,78200.0,79800.0,101287.0
2017-12-15 00:00:00+09:00,79200.0,79800.0,78300.0,78300.0,64894.0
2017-12-18 00:00:00+09:00,78200.0,78900.0,76300.0,76700.0,43292.0
2017-12-19 00:00:00+09:00,76400.0,77700.0,76300.0,76600.0,34217.0
2017-12-20 00:00:00+09:00,76200.0,77000.0,76100.0,76500.0,38660.0
2017-12-21 00:00:00+09:00,76000.0,76400.0,75100.0,75100.0,44511.0
2017-12-22 00:00:00+09:00,75600.0,75600.0,73200.0,73800.0,62616.0
2017-12-26 00:00:00+09:00,73900.0,77100.0,73900.0,74900.0,79395.0
2017-12-27 00:00:00+09:00,68800.0,72700.0,66700.0,72100.0,154501.0
2017-12-28 00:00:00+09:00,72200.0,77000.0,72200.0,76200.0,84750.0
2018-01-02 00:00:00+09:00,77500.0,82900.0,77400.0,82900.0,145399.0
2018-01-03 00:00:00+09:00,82200.0,84300.0,81800.0,83400.0,107997.0
2018-01-04 00:00:00+09:00,84700.0,88700.0,84700.0,86900.0,217691.0
2018-01-05 00:00:00+09:00,88900.0,88900.0,85500.0,88600.0,121510.0
2018-01-08 00:00:00+09:00,88600.0,88800.0,86000.0,87500.0,58029.0
2018-01-09 00:00:00+09:00,87500.0,88800.0,86299.0,88700.0,61388.0
2018-01-10 00:00:00+09:00,88400.0,91400.0,88100.0,91000.0,98849.0
2018-01-11 00:00:00+09:00,89900.0,91500.0,88900.0,90500.0,55837.0
2018-01-12 00:00:00+09:00,89900.0,91300.0,88200.0,90000.0,48570.0
2018-01-15 00:00:00+09:00,89300.0,89600.0,87200.0,88200.0,46531.0
2018-01-16 00:00:00+09:00,87700.0,88400.0,86400.0,88300.0,47720.0
2018-01-17 00:00:00+09:00,87600.0,89000.0,86700.0,87800.0,38759.0
2018-01-18 00:00:00+09:00,87300.0,88300.0,85500.0,86600.0,47152.0
2018-01-19 00:00:00+09:00,85600.0,86500.0,85300.0,85500.0,36163.0
2018-01-22 00:00:00+09:00,85500.0,86400.0,82200.0,86400.0,64226.0
2018-01-23 00:00:00+09:00,86699.0,90400.0,86300.0,90200.0,73811.0
2018-01-24 00:00:00+09:00,89900.0,90200.0,88900.0,90100.0,37328.0
2018-01-25 00:00:00+09:00,89400.0,92700.0,89400.0,92400.0,67291.0
2018-01-26 00:00:00+09:00,91100.0,93600.0,90700.0,93400.0,53723.0
2018-01-29 00:00:00+09:00,93900.0,97700.0,93500.0,97600.0,110533.0
2018-01-30 00:00:00+09:00,96800.0,97399.0,92700.0,94300.0,100308.0
2018-01-31 00:00:00+09:00,94200.0,94200.0,90500.0,91400.0,76013.0
2018-02-01 00:00:00+09:00,91100.0,93200.0,91000.0,92600.0,41913.0
2018-02-02 00:00:00+09:00,92600.0,93700.0,90000.0,91100.0,43063.0
2018-02-05 00:00:00+09:00,88600.0,89900.0,87200.0,89100.0,45450.0
2018-02-06 00:00:00+09:00,87000.0,89000.0,86200.0,88800.0,58257.0
2018-02-07 00:00:00+09:00,89400.0,90900.0,86900.0,86900.0,46275.0
2018-02-08 00:00:00+09:00,87200.0,90300.0,87000.0,90100.0,56292.0
2018-02-09 00:00:00+09:00,86800.0,87300.0,84300.0,85300.0,87509.0
2018-02-12 00:00:00+09:00,84300.0,85800.0,83299.0,85000.0,48623.0
2018-02-13 00:00:00+09:00,85300.0,85300.0,77000.0,78500.0,224453.0
2018-02-14 00:00:00+09:00,79000.0,80100.0,78700.0,79700.0,79187.0
2018-02-19 00:00:00+09:00,80400.0,82400.0,80000.0,82400.0,59406.0
2018-02-20 00:00:00+09:00,81600.0,83600.0,80100.0,81200.0,54553.0
2018-02-21 00:00:00+09:00,81600.0,82400.0,80200.0,82100.0,39326.0
2018-02-22 00:00:00+09:00,82000.0,83400.0,81100.0,82300.0,54146.0
2018-02-23 00:00:00+09:00,83100.0,83800.0,82300.0,83700.0,64131.0
2018-02-26 00:00:00+09:00,84099.0,87600.0,84099.0,86900.0,70641.0
2018-02-27 00:00:00+09:00,87000.0,89400.0,87000.0,87900.0,61113.0
2018-02-28 00:00:00+09:00,86600.0,89500.0,86400.0,88500.0,59480.0
2018-03-02 00:00:00+09:00,86200.0,87400.0,84700.0,85200.0,36061.0
2018-03-05 00:00:00+09:00,84500.0,86300.0,83600.0,84300.0,25694.0
2018-03-06 00:00:00+09:00,85499.0,89500.0,85000.0,89000.0,57857.0
2018-03-07 00:00:00+09:00,87600.0,89100.0,85800.0,86500.0,50898.0
2018-03-08 00:00:00+09:00,86300.0,88600.0,85100.0,88600.0,68714.0
2018-03-09 00:00:00+09:00,88600.0,90200.0,87800.0,89000.0,47705.0
2018-03-12 00:00:00+09:00,89700.0,90200.0,87900.0,89300.0,37349.0
2018-03-13 00:00:00+09:00,88000.0,89000.0,84400.0,85400.0,68734.0
2018-03-14 00:00:00+09:00,84400.0,86900.0,84300.0,85100.0,50789.0
2018-03-15 00:00:00+09:00,85400.0,85900.0,84100.0,85000.0,37924.0
2018-03-16 00:00:00+09:00,85700.0,85700.0,84500.0,85000.0,43399.0
2018-03-19 00:00:00+09:00,85000.0,85300.0,83600.0,84100.0,37267.0
2018-03-20 00:00:00+09:00,83700.0,84900.0,82600.0,82900.0,34668.0
2018-03-21 00:00:00+09:00,82600.0,83700.0,82500.0,83300.0,37367.0
2018-03-22 00:00:00+09:00,83100.0,86700.0,83100.0,86300.0,78108.0
2018-03-23 00:00:00+09:00,84500.0,85500.0,83100.0,83400.0,45896.0
2018-03-26 00:00:00+09:00,82600.0,85700.0,80300.0,85400.0,67207.0
2018-03-27 00:00:00+09:00,85200.0,86100.0,84600.0,85000.0,39764.0
2018-03-28 00:00:00+09:00,84200.0,85500.0,83900.0,85500.0,25462.0
2018-03-29 00:00:00+09:00,85500.0,85500.0,83800.0,85200.0,860596.0
2018-03-30 00:00:00+09:00,89999.0,91800.0,85000.0,87300.0,97795.0
2018-04-02 00:00:00+09:00,86800.0,87300.0,84500.0,85200.0,40680.0
2018-04-03 00:00:00+09:00,84000.0,84500.0,82500.0,83400.0,66910.0
2018-04-04 00:00:00+09:00,83600.0,84300.0,81700.0,81800.0,35700.0
2018-04-05 00:00:00+09:00,81800.0,83700.0,81400.0,83400.0,40413.0
2018-04-06 00:00:00+09:00,83199.0,83700.0,82400.0,83400.0,21204.0
2018-04-09 00:00:00+09:00,82600.0,83000.0,80000.0,80800.0,53191.0
2018-04-10 00:00:00+09:00,80800.0,81800.0,80300.0,81600.0,47236.0
2018-04-11 00:00:00+09:00,80900.0,84900.0,80800.0,84300.0,45463.0
2018-04-12 00:00:00+09:00,84300.0,85400.0,84300.0,85300.0,30093.0
2018-04-13 00:00:00+09:00,84600.0,85300.0,84099.0,84300.0,32284.0
2018-04-16 00:00:00+09:00,85400.0,85500.0,84400.0,85200.0,31754.0
2018-04-17 00:00:00+09:00,85900.0,86200.0,85200.0,85500.0,27747.0
2018-04-18 00:00:00+09:00,84700.0,85800.0,84600.0,85000.0,32793.0
2018-04-19 00:00:00+09:00,83900.0,84999.0,82200.0,83400.0,50514.0
2018-04-20 00:00:00+09:00,82500.0,83300.0,81600.0,82200.0,35070.0
2018-04-23 00:00:00+09:00,82200.0,83000.0,82000.0,82600.0,21383.0
2018-04-24 00:00:00+09:00,82100.0,83499.0,81800.0,82700.0,27502.0
2018-04-25 00:00:00+09:00,83200.0,83200.0,80400.0,80500.0,31735.0
2018-04-26 00:00:00+09:00,80400.0,84200.0,80300.0,84200.0,43114.0
2018-04-27 00:00:00+09:00,82500.0,85300.0,82500.0,84200.0,30420.0
2018-04-30 00:00:00+09:00,84300.0,85100.0,83800.0,84500.0,29819.0
2018-05-02 00:00:00+09:00,84100.0,85200.0,82699.0,84000.0,33894.0
2018-05-03 00:00:00+09:00,83100.0,83900.0,82200.0,82200.0,17749.0
2018-05-04 00:00:00+09:00,80800.0,85800.0,80800.0,82800.0,57306.0
2018-05-08 00:00:00+09:00,82000.0,83800.0,82000.0,82000.0,36385.0
2018-05-09 00:00:00+09:00,81600.0,82700.0,81200.0,81700.0,34650.0
2018-05-10 00:00:00+09:00,82000.0,86600.0,81500.0,86600.0,74068.0
2018-05-11 00:00:00+09:00,85600.0,88300.0,85500.0,87400.0,61379.0
2018-05-14 00:00:00+09:00,87400.0,88700.0,87200.0,88100.0,35222.0
2018-05-15 00:00:00+09:00,86900.0,88000.0,85000.0,86200.0,46604.0
2018-05-16 00:00:00+09:00,85500.0,86599.0,84600.0,86300.0,30478.0
2018-05-17 00:00:00+09:00,85700.0,86100.0,84200.0,84200.0,36025.0
2018-05-18 00:00:00+09:00,84300.0,85900.0,84300.0,85900.0,13358.0
2018-05-21 00:00:00+09:00,86499.0,87000.0,84400.0,84700.0,18514.0
2018-05-23 00:00:00+09:00,83000.0,84700.0,81800.0,81900.0,58888.0
2018-05-24 00:00:00+09:00,81900.0,82400.0,81500.0,81700.0,26078.0
2018-05-25 00:00:00+09:00,81700.0,82600.0,81000.0,81200.0,33733.0
2018-05-28 00:00:00+09:00,81400.0,82200.0,80300.0,80700.0,46514.0
2018-05-29 00:00:00+09:00,80500.0,81100.0,79200.0,79400.0,49819.0
2018-05-30 00:00:00+09:00,78600.0,79300.0,75700.0,76000.0,74150.0
2018-05-31 00:00:00+09:00,76400.0,78500.0,76300.0,77600.0,63174.0
2018-06-01 00:00:00+09:00,77800.0,78000.0,76200.0,77100.0,30489.0
2018-06-04 00:00:00+09:00,78000.0,78800.0,76500.0,78800.0,26098.0
2018-06-05 00:00:00+09:00,77600.0,78400.0,76400.0,77300.0,59549.0
2018-06-07 00:00:00+09:00,77400.0,79400.0,77300.0,78200.0,38840.0
2018-06-08 00:00:00+09:00,77700.0,78200.0,74900.0,75400.0,78457.0
2018-06-11 00:00:00+09:00,74300.0,76900.0,74300.0,76300.0,43794.0
2018-06-12 00:00:00+09:00,76900.0,77400.0,76300.0,77100.0,46729.0
2018-06-14 00:00:00+09:00,76500.0,77300.0,73100.0,73100.0,170418.0
2018-06-15 00:00:00+09:00,74900.0,75800.0,73400.0,74800.0,131914.0
2018-06-18 00:00:00+09:00,74300.0,75400.0,73000.0,73800.0,50829.0
2018-06-19 00:00:00+09:00,73800.0,74100.0,70300.0,70600.0,61749.0
2018-06-20 00:00:00+09:00,70600.0,73800.0,70500.0,73200.0,46714.0
2018-06-21 00:00:00+09:00,72300.0,75300.0,72200.0,73500.0,41478.0
2018-06-22 00:00:00+09:00,73400.0,74700.0,72900.0,73500.0,34760.0
2018-06-25 00:00:00+09:00,73700.0,75800.0,73500.0,73800.0,43944.0
2018-06-26 00:00:00+09:00,73800.0,73800.0,70100.0,70900.0,82650.0
2018-06-27 00:00:00+09:00,70300.0,71500.0,67900.0,68400.0,110970.0
2018-06-28 00:00:00+09:00,68400.0,69400.0,67900.0,68200.0,83402.0
2018-06-29 00:00:00+09:00,68300.0,71100.0,67300.0,70700.0,86065.0
2018-07-02 00:00:00+09:00,69600.0,70300.0,67200.0,67800.0,51785.0
2018-07-03 00:00:00+09:00,67800.0,68900.0,67100.0,68100.0,25966.0
2018-07-04 00:00:00+09:00,67300.0,68700.0,66200.0,66600.0,37491.0
2018-07-05 00:00:00+09:00,66400.0,68400.0,66200.0,68200.0,34258.0
2018-07-06 00:00:00+09:00,67500.0,70200.0,67500.0,69300.0,56884.0
2018-07-09 00:00:00+09:00,69200.0,69300.0,67200.0,68100.0,36625.0
2018-07-10 00:00:00+09:00,68100.0,68900.0,67700.0,68000.0,33154.0
2018-07-11 00:00:00+09:00,67300.0,69400.0,67000.0,68800.0,50391.0
2018-07-12 00:00:00+09:00,70000.0,70800.0,69700.0,70000.0,69512.0
2018-07-13 00:00:00+09:00,71100.0,71600.0,68500.0,69500.0,35511.0
2018-07-16 00:00:00+09:00,69400.0,71700.0,68800.0,70700.0,45423.0
2018-07-17 00:00:00+09:00,70100.0,71500.0,68100.0,68400.0,53295.0
2018-07-18 00:00:00+09:00,69300.0,69600.0,68000.0,68300.0,22312.0
2018-07-19 00:00:00+09:00,68100.0,68900.0,67000.0,67200.0,33872.0
2018-07-20 00:00:00+09:00,67900.0,67900.0,66900.0,67500.0,25504.0
2018-07-23 00:00:00+09:00,68000.0,69900.0,67700.0,69500.0,44356.0
2018-07-24 00:00:00+09:00,69500.0,70300.0,67900.0,69700.0,36743.0
2018-07-25 00:00:00+09:00,68700.0,70900.0,68700.0,69700.0,56358.0
2018-07-26 00:00:00+09:00,70100.0,70100.0,65700.0,66100.0,138093.0
2018-07-27 00:00:00+09:00,66700.0,67100.0,65400.0,65600.0,57221.0
2018-07-30 00:00:00+09:00,65200.0,65800.0,64200.0,65200.0,62936.0
2018-07-31 00:00:00+09:00,65200.0,68800.0,65200.0,67100.0,90125.0
2018-08-01 00:00:00+09:00,67300.0,69800.0,67300.0,69800.0,48443.0
2018-08-02 00:00:00+09:00,69800.0,70600.0,63300.0,68000.0,197813.0
2018-08-03 00:00:00+09:00,67700.0,72700.0,67600.0,72100.0,100101.0
2018-08-06 00:00:00+09:00,72500.0,74300.0,71700.0,73200.0,81656.0
2018-08-07 00:00:00+09:00,73300.0,75100.0,72500.0,75000.0,56311.0
2018-08-08 00:00:00+09:00,74200.0,74900.0,73300.0,73700.0,40858.0
2018-08-09 00:00:00+09:00,73700.0,75700.0,73400.0,74500.0,58149.0
2018-08-10 00:00:00+09:00,75000.0,75400.0,72500.0,73300.0,42362.0
2018-08-13 00:00:00+09:00,73000.0,73800.0,71600.0,72700.0,25850.0
2018-08-14 00:00:00+09:00,73600.0,76000.0,72100.0,75300.0,73135.0
2018-08-16 00:00:00+09:00,74700.0,75400.0,73900.0,74400.0,36149.0
2018-08-17 00:00:00+09:00,74500.0,75900.0,74000.0,75800.0,34016.0
2018-08-20 00:00:00+09:00,76500.0,78000.0,75900.0,77200.0,58684.0
2018-08-21 00:00:00+09:00,76800.0,78000.0,76000.0,77000.0,29765.0
2018-08-22 00:00:00+09:00,77600.0,78900.0,76400.0,77200.0,45189.0
2018-08-23 00:00:00+09:00,80000.0,82000.0,77400.0,78300.0,113407.0
2018-08-24 00:00:00+09:00,78300.0,78300.0,74900.0,75700.0,52577.0
2018-08-27 00:00:00+09:00,75700.0,76200.0,73700.0,74600.0,38306.0
2018-08-28 00:00:00+09:00,74800.0,76100.0,74700.0,75500.0,25670.0
2018-08-29 00:00:00+09:00,75500.0,78000.0,75400.0,77300.0,37218.0
2018-08-30 00:00:00+09:00,77400.0,79500.0,77300.0,77400.0,38510.0
2018-08-31 00:00:00+09:00,77400.0,77600.0,74900.0,75500.0,50358.0
2018-09-03 00:00:00+09:00,75000.0,77100.0,74700.0,76800.0,25619.0
2018-09-04 00:00:00+09:00,76100.0,76100.0,74000.0,74100.0,58053.0
2018-09-05 00:00:00+09:00,73800.0,74200.0,71200.0,71500.0,85381.0
2018-09-06 00:00:00+09:00,71400.0,73600.0,70600.0,72900.0,41848.0
2018-09-07 00:00:00+09:00,73700.0,74000.0,72600.0,73300.0,21735.0
2018-09-10 00:00:00+09:00,72300.0,74400.0,72300.0,74000.0,21760.0
2018-09-11 00:00:00+09:00,73500.0,74600.0,73000.0,74300.0,22017.0
2018-09-12 00:00:00+09:00,74700.0,74800.0,73300.0,74600.0,27413.0
2018-09-13 00:00:00+09:00,75000.0,76800.0,73900.0,76600.0,51320.0
2018-09-14 00:00:00+09:00,76300.0,78100.0,76300.0,78000.0,42500.0
2018-09-17 00:00:00+09:00,77400.0,78000.0,76000.0,77700.0,32584.0
2018-09-18 00:00:00+09:00,76700.0,78200.0,76500.0,77900.0,25024.0
2018-09-19 00:00:00+09:00,77400.0,79000.0,76200.0,76900.0,26828.0
2018-09-20 00:00:00+09:00,76100.0,77700.0,75600.0,77400.0,31353.0
2018-09-21 00:00:00+09:00,78600.0,78600.0,76600.0,76900.0,38871.0
2018-09-27 00:00:00+09:00,76100.0,80000.0,76100.0,79900.0,69334.0
2018-09-28 00:00:00+09:00,80000.0,81400.0,79600.0,81000.0,54200.0
2018-10-01 00:00:00+09:00,80600.0,83499.0,80600.0,82700.0,61377.0
2018-10-02 00:00:00+09:00,82700.0,85200.0,82300.0,84300.0,68335.0
2018-10-04 00:00:00+09:00,85000.0,85200.0,81000.0,81800.0,59960.0
2018-10-05 00:00:00+09:00,81200.0,83000.0,80600.0,82600.0,32114.0
2018-10-08 00:00:00+09:00,82600.0,83000.0,78800.0,78800.0,44915.0
2018-10-10 00:00:00+09:00,78600.0,80100.0,78500.0,79000.0,48993.0
2018-10-11 00:00:00+09:00,78000.0,78000.0,74800.0,75000.0,54965.0
2018-10-12 00:00:00+09:00,74200.0,76700.0,74100.0,76200.0,38173.0
2018-10-15 00:00:00+09:00,75300.0,79000.0,74400.0,76400.0,31997.0
2018-10-16 00:00:00+09:00,76500.0,77200.0,75300.0,75700.0,25230.0
2018-10-17 00:00:00+09:00,77000.0,77800.0,75500.0,77200.0,29389.0
2018-10-18 00:00:00+09:00,76700.0,78200.0,76200.0,77300.0,24731.0
2018-10-19 00:00:00+09:00,76700.0,76700.0,72300.0,74800.0,70002.0
2018-10-22 00:00:00+09:00,74300.0,75500.0,73000.0,73500.0,28167.0
2018-10-23 00:00:00+09:00,73200.0,74200.0,70600.0,71600.0,56516.0
2018-10-24 00:00:00+09:00,72600.0,72800.0,71300.0,71800.0,25380.0
2018-10-25 00:00:00+09:00,70400.0,72200.0,69000.0,72200.0,37022.0
2018-10-26 00:00:00+09:00,71600.0,72300.0,67800.0,68800.0,38872.0
2018-10-29 00:00:00+09:00,68800.0,70500.0,67600.0,68100.0,41364.0
2018-10-30 00:00:00+09:00,67300.0,70000.0,67100.0,69300.0,34176.0
2018-10-31 00:00:00+09:00,68400.0,71500.0,68000.0,71300.0,33701.0
2018-11-01 00:00:00+09:00,69900.0,71400.0,69200.0,69300.0,28250.0
2018-11-02 00:00:00+09:00,70500.0,75500.0,69400.0,73600.0,44295.0
2018-11-05 00:00:00+09:00,72500.0,75200.0,72500.0,74400.0,29391.0
2018-11-06 00:00:00+09:00,75200.0,77700.0,74200.0,77600.0,39876.0
2018-11-07 00:00:00+09:00,77000.0,79000.0,74600.0,76000.0,52283.0
2018-11-08 00:00:00+09:00,76700.0,77900.0,75700.0,76200.0,36412.0
2018-11-09 00:00:00+09:00,75400.0,76000.0,72600.0,75300.0,46122.0
2018-11-12 00:00:00+09:00,75300.0,76400.0,73500.0,75400.0,26408.0
2018-11-13 00:00:00+09:00,73800.0,74900.0,72300.0,73700.0,55500.0
2018-11-14 00:00:00+09:00,72800.0,73400.0,70200.0,71500.0,48220.0
2018-11-15 00:00:00+09:00,71000.0,73900.0,71000.0,73900.0,20197.0
2018-11-16 00:00:00+09:00,73800.0,75800.0,73100.0,75300.0,25858.0
2018-11-19 00:00:00+09:00,75100.0,76300.0,74700.0,75200.0,19467.0
2018-11-20 00:00:00+09:00,75000.0,78000.0,74200.0,77800.0,43384.0
2018-11-21 00:00:00+09:00,76900.0,78500.0,75700.0,77300.0,25516.0
2018-11-22 00:00:00+09:00,76800.0,78300.0,76700.0,77300.0,13113.0
2018-11-23 00:00:00+09:00,77200.0,78000.0,76700.0,78000.0,19034.0
2018-11-26 00:00:00+09:00,78000.0,78800.0,76200.0,78000.0,20669.0
2018-11-27 00:00:00+09:00,77500.0,78800.0,77200.0,78400.0,24158.0
2018-11-28 00:00:00+09:00,78500.0,80000.0,77800.0,79500.0,26381.0
2018-11-29 00:00:00+09:00,80200.0,80800.0,77300.0,79100.0,35115.0
2018-11-30 00:00:00+09:00,79100.0,79600.0,78600.0,79000.0,47629.0
2018-12-03 00:00:00+09:00,80000.0,80400.0,78900.0,79000.0,22372.0
2018-12-04 00:00:00+09:00,78600.0,79700.0,77700.0,78600.0,24572.0
2018-12-05 00:00:00+09:00,77000.0,80500.0,77000.0,80200.0,33409.0
2018-12-06 00:00:00+09:00,80800.0,80800.0,79100.0,79500.0,28250.0
2018-12-07 00:00:00+09:00,80000.0,80600.0,79500.0,80100.0,28766.0
2018-12-10 00:00:00+09:00,78700.0,79900.0,77700.0,78700.0,23410.0
2018-12-11 00:00:00+09:00,78100.0,78800.0,77000.0,77900.0,25558.0
2018-12-12 00:00:00+09:00,77300.0,79900.0,77300.0,79500.0,22550.0
2018-12-13 00:00:00+09:00,79000.0,80200.0,79000.0,79500.0,49656.0
2018-12-14 00:00:00+09:00,79200.0,80300.0,77200.0,77800.0,46799.0
2018-12-17 00:00:00+09:00,78100.0,80500.0,77100.0,77300.0,44225.0
2018-12-18 00:00:00+09:00,77400.0,77900.0,76300.0,77200.0,25594.0
2018-12-19 00:00:00+09:00,77400.0,78100.0,74900.0,75100.0,41857.0
2018-12-20 00:00:00+09:00,75100.0,75500.0,73900.0,75100.0,33591.0
2018-12-21 00:00:00+09:00,75400.0,75400.0,73000.0,73700.0,55347.0
2018-12-24 00:00:00+09:00,73400.0,73500.0,71800.0,72200.0,45109.0
2018-12-26 00:00:00+09:00,71100.0,72200.0,70600.0,71300.0,45872.0
2018-12-27 00:00:00+09:00,70000.0,71400.0,69100.0,70200.0,63748.0
2018-12-28 00:00:00+09:00,70400.0,71700.0,69200.0,69200.0,46619.0
2019-01-02 00:00:00+09:00,69600.0,70000.0,67500.0,67500.0,39972.0
2019-01-03 00:00:00+09:00,67800.0,69700.0,67600.0,68200.0,36395.0
2019-01-04 00:00:00+09:00,68500.0,70300.0,67700.0,70200.0,43729.0
2019-01-07 00:00:00+09:00,70600.0,72700.0,70600.0,72400.0,42203.0
2019-01-08 00:00:00+09:00,72600.0,72700.0,70800.0,71900.0,20938.0
2019-01-09 00:00:00+09:00,71600.0,72800.0,71200.0,71600.0,31317.0
2019-01-10 00:00:00+09:00,71600.0,72500.0,70900.0,71200.0,30009.0
2019-01-11 00:00:00+09:00,71200.0,71500.0,69700.0,70900.0,35672.0
2019-01-14 00:00:00+09:00,70800.0,71300.0,69800.0,71100.0,31651.0
2019-01-15 00:00:00+09:00,71600.0,71800.0,70700.0,71400.0,37994.0
2019-01-16 00:00:00+09:00,71300.0,71300.0,70300.0,71100.0,20553.0
2019-01-17 00:00:00+09:00,71000.0,72800.0,70800.0,72800.0,29329.0
2019-01-18 00:00:00+09:00,72800.0,73400.0,72100.0,73100.0,34901.0
2019-01-21 00:00:00+09:00,73400.0,73800.0,72600.0,73500.0,24955.0
2019-01-22 00:00:00+09:00,72800.0,73400.0,72000.0,72500.0,25502.0
2019-01-23 00:00:00+09:00,71700.0,72600.0,71100.0,71800.0,38725.0
2019-01-24 00:00:00+09:00,71300.0,72600.0,71300.0,72500.0,26537.0
2019-01-25 00:00:00+09:00,71800.0,73200.0,71800.0,73100.0,39242.0
2019-01-28 00:00:00+09:00,75400.0,77900.0,75300.0,75900.0,104090.0
2019-01-29 00:00:00+09:00,76000.0,76400.0,74400.0,75600.0,54064.0
2019-01-30 00:00:00+09:00,76400.0,76700.0,74600.0,75100.0,36367.0
2019-01-31 00:00:00+09:00,71700.0,73400.0,69200.0,71800.0,224522.0
2019-02-01 00:00:00+09:00,70700.0,72400.0,67700.0,69800.0,154259.0
2019-02-07 00:00:00+09:00,69800.0,70200.0,68600.0,69400.0,40839.0
2019-02-08 00:00:00+09:00,69000.0,70500.0,69000.0,70000.0,35252.0
2019-02-11 00:00:00+09:00,70400.0,71500.0,69500.0,71300.0,39470.0
2019-02-12 00:00:00+09:00,71500.0,71800.0,70800.0,71300.0,43794.0
2019-02-13 00:00:00+09:00,71300.0,71500.0,70700.0,70800.0,28039.0
2019-02-14 00:00:00+09:00,70400.0,70800.0,69100.0,70100.0,41836.0
2019-02-15 00:00:00+09:00,69700.0,70300.0,68900.0,69000.0,39384.0
2019-02-18 00:00:00+09:00,69000.0,70200.0,68900.0,70100.0,32956.0
2019-02-19 00:00:00+09:00,70100.0,70300.0,69600.0,70100.0,27293.0
2019-02-20 00:00:00+09:00,69800.0,71100.0,69700.0,70900.0,30836.0
2019-02-21 00:00:00+09:00,70100.0,71700.0,70000.0,71700.0,41823.0
2019-02-22 00:00:00+09:00,71800.0,72400.0,71400.0,72200.0,26899.0
2019-02-25 00:00:00+09:00,72000.0,72300.0,70700.0,71800.0,23465.0
2019-02-26 00:00:00+09:00,71000.0,72200.0,70500.0,71800.0,28006.0
2019-02-27 00:00:00+09:00,72400.0,73000.0,71300.0,72800.0,22769.0
2019-02-28 00:00:00+09:00,72900.0,73000.0,71900.0,72200.0,29161.0
2019-03-04 00:00:00+09:00,71400.0,72600.0,70800.0,70800.0,34212.0
2019-03-05 00:00:00+09:00,70400.0,71700.0,70000.0,71700.0,28738.0
2019-03-06 00:00:00+09:00,71800.0,71800.0,70600.0,70700.0,19525.0
2019-03-07 00:00:00+09:00,71000.0,71400.0,70600.0,71000.0,17123.0
2019-03-08 00:00:00+09:00,70600.0,71000.0,69300.0,69400.0,21559.0
2019-03-11 00:00:00+09:00,68900.0,69600.0,68400.0,69200.0,21421.0
2019-03-12 00:00:00+09:00,69800.0,70300.0,69300.0,69800.0,26133.0
2019-03-13 00:00:00+09:00,69800.0,70000.0,69000.0,69500.0,15148.0
2019-03-14 00:00:00+09:00,70000.0,70000.0,69000.0,69700.0,33677.0
2019-03-15 00:00:00+09:00,69300.0,71000.0,69300.0,70200.0,32416.0
2019-03-18 00:00:00+09:00,70900.0,70900.0,69600.0,70500.0,12742.0
2019-03-19 00:00:00+09:00,70500.0,70800.0,69800.0,70200.0,17087.0
2019-03-20 00:00:00+09:00,69600.0,70500.0,69400.0,70400.0,21167.0
2019-03-21 00:00:00+09:00,70000.0,70300.0,68800.0,69000.0,33082.0
2019-03-22 00:00:00+09:00,69000.0,69500.0,67800.0,68000.0,32312.0
2019-03-25 00:00:00+09:00,67700.0,67800.0,66000.0,66400.0,30924.0
2019-03-26 00:00:00+09:00,66800.0,67300.0,66500.0,67300.0,21623.0
2019-03-27 00:00:00+09:00,67300.0,67300.0,65800.0,66200.0,28137.0
2019-03-28 00:00:00+09:00,65800.0,66500.0,65500.0,66400.0,22932.0
2019-03-29 00:00:00+09:00,67100.0,67100.0,66300.0,66600.0,27148.0
2019-04-01 00:00:00+09:00,66600.0,68000.0,66000.0,67900.0,24436.0
2019-04-02 00:00:00+09:00,68100.0,68500.0,67600.0,68400.0,21286.0
2019-04-03 00:00:00+09:00,67900.0,68700.0,67600.0,68700.0,17608.0
2019-04-04 00:00:00+09:00,68900.0,68900.0,67800.0,68300.0,18370.0
2019-04-05 00:00:00+09:00,68200.0,68600.0,67600.0,68400.0,16124.0
2019-04-08 00:00:00+09:00,68500.0,68600.0,67700.0,68100.0,25758.0
2019-04-09 00:00:00+09:00,68000.0,68500.0,67500.0,67600.0,26026.0
2019-04-10 00:00:00+09:00,67500.0,68400.0,67500.0,68200.0,34642.0
2019-04-11 00:00:00+09:00,68200.0,68800.0,67700.0,68400.0,21062.0
2019-04-12 00:00:00+09:00,68600.0,68600.0,67600.0,67900.0,21447.0
2019-04-15 00:00:00+09:00,68100.0,69600.0,67900.0,69200.0,29263.0
2019-04-16 00:00:00+09:00,68800.0,69700.0,68400.0,69500.0,24654.0
2019-04-17 00:00:00+09:00,69000.0,69700.0,68800.0,69300.0,16403.0
2019-04-18 00:00:00+09:00,69000.0,69400.0,68500.0,68700.0,17350.0
2019-04-19 00:00:00+09:00,68500.0,69400.0,68500.0,68600.0,13123.0
2019-04-22 00:00:00+09:00,68500.0,69000.0,67800.0,68100.0,17888.0
2019-04-23 00:00:00+09:00,68100.0,69400.0,68100.0,69000.0,18505.0
2019-04-24 00:00:00+09:00,69600.0,69600.0,68100.0,68200.0,23659.0
2019-04-25 00:00:00+09:00,68200.0,68600.0,67700.0,67800.0,11526.0
2019-04-26 00:00:00+09:00,67800.0,68300.0,66900.0,67500.0,15864.0
2019-04-29 00:00:00+09:00,67700.0,68300.0,67300.0,68300.0,12451.0
2019-04-30 00:00:00+09:00,68400.0,68700.0,67500.0,68400.0,15208.0
2019-05-02 00:00:00+09:00,67800.0,68500.0,67300.0,68100.0,23914.0
2019-05-03 00:00:00+09:00,67800.0,67900.0,66200.0,66200.0,40723.0
2019-05-07 00:00:00+09:00,66000.0,66100.0,63500.0,63600.0,56121.0
2019-05-08 00:00:00+09:00,63500.0,63500.0,62100.0,62600.0,58812.0
2019-05-09 00:00:00+09:00,62700.0,63000.0,60400.0,60400.0,50705.0
2019-05-10 00:00:00+09:00,60400.0,62399.0,60299.0,62000.0,50777.0
2019-05-13 00:00:00+09:00,61400.0,62300.0,60900.0,61500.0,22634.0
2019-05-14 00:00:00+09:00,60299.0,61900.0,60200.0,61400.0,25877.0
2019-05-15 00:00:00+09:00,61100.0,62800.0,61000.0,62400.0,32970.0
2019-05-16 00:00:00+09:00,61800.0,62500.0,61599.0,61600.0,26908.0
2019-05-17 00:00:00+09:00,62700.0,62899.0,61500.0,62300.0,27593.0
2019-05-20 00:00:00+09:00,62699.0,62900.0,61600.0,61800.0,15769.0
2019-05-21 00:00:00+09:00,61500.0,62100.0,60900.0,61100.0,31719.0
2019-05-22 00:00:00+09:00,60800.0,61800.0,60300.0,61200.0,28182.0
2019-05-23 00:00:00+09:00,61200.0,62700.0,60599.0,62300.0,29873.0
2019-05-24 00:00:00+09:00,62100.0,62200.0,61399.0,61600.0,15774.0
2019-05-27 00:00:00+09:00,61499.0,62099.0,60999.0,61300.0,9941.0
2019-05-28 00:00:00+09:00,61399.0,63600.0,61100.0,62900.0,56879.0
2019-05-29 00:00:00+09:00,63400.0,63500.0,60900.0,61400.0,36152.0
2019-05-30 00:00:00+09:00,61499.0,61700.0,60700.0,61600.0,30386.0
2019-05-31 00:00:00+09:00,61100.0,63300.0,61100.0,63200.0,29782.0
2019-06-03 00:00:00+09:00,62000.0,63699.0,62000.0,63400.0,32765.0
2019-06-04 00:00:00+09:00,62799.0,62900.0,61900.0,62000.0,25957.0
2019-06-05 00:00:00+09:00,62300.0,62400.0,61700.0,61800.0,18992.0
2019-06-07 00:00:00+09:00,61900.0,62200.0,61199.0,61900.0,18407.0
2019-06-10 00:00:00+09:00,62300.0,62600.0,61800.0,62400.0,22685.0
2019-06-11 00:00:00+09:00,61900.0,62800.0,61900.0,62400.0,21169.0
2019-06-12 00:00:00+09:00,62099.0,63800.0,62099.0,62800.0,20281.0
2019-06-13 00:00:00+09:00,62700.0,63700.0,62199.0,63700.0,38583.0
2019-06-14 00:00:00+09:00,63599.0,64000.0,62700.0,63800.0,37463.0
2019-06-17 00:00:00+09:00,64000.0,64500.0,62900.0,64200.0,45842.0
2019-06-18 00:00:00+09:00,64200.0,67500.0,64100.0,66300.0,101968.0
2019-06-19 00:00:00+09:00,66200.0,67100.0,65400.0,65900.0,27925.0
2019-06-20 00:00:00+09:00,65900.0,66300.0,65000.0,65100.0,17878.0
2019-06-21 00:00:00+09:00,65099.0,66200.0,63700.0,63700.0,71828.0
2019-06-24 00:00:00+09:00,64200.0,66500.0,63799.0,66000.0,35243.0
2019-06-25 00:00:00+09:00,65900.0,66500.0,65200.0,65200.0,19944.0
2019-06-26 00:00:00+09:00,64800.0,65600.0,64499.0,64600.0,18499.0
2019-06-27 00:00:00+09:00,64700.0,65100.0,64000.0,64400.0,19075.0
2019-06-28 00:00:00+09:00,63900.0,65399.0,63900.0,64800.0,20816.0
2019-07-01 00:00:00+09:00,65200.0,65600.0,64900.0,65000.0,16841.0
2019-07-02 00:00:00+09:00,64700.0,65700.0,64400.0,65100.0,19847.0
2019-07-03 00:00:00+09:00,65300.0,65800.0,64400.0,64400.0,12912.0
2019-07-04 00:00:00+09:00,65000.0,67700.0,64300.0,67400.0,42022.0
2019-07-05 00:00:00+09:00,67600.0,67600.0,66400.0,66800.0,17358.0
2019-07-08 00:00:00+09:00,66800.0,66800.0,64900.0,64900.0,16018.0
2019-07-09 00:00:00+09:00,64100.0,65900.0,64100.0,65100.0,23211.0
2019-07-10 00:00:00+09:00,64899.0,65900.0,64400.0,65700.0,18036.0
2019-07-11 00:00:00+09:00,64999.0,67300.0,64999.0,67200.0,26905.0
2019-07-12 00:00:00+09:00,66400.0,67900.0,66200.0,67400.0,19459.0
2019-07-15 00:00:00+09:00,66900.0,67400.0,66700.0,66800.0,12743.0
2019-07-16 00:00:00+09:00,67000.0,67200.0,66200.0,66700.0,11632.0
2019-07-17 00:00:00+09:00,66800.0,66900.0,65700.0,66200.0,8874.0
2019-07-18 00:00:00+09:00,65600.0,66300.0,65399.0,65800.0,14441.0
2019-07-19 00:00:00+09:00,65600.0,67200.0,65600.0,66200.0,15401.0
2019-07-22 00:00:00+09:00,65900.0,67200.0,65600.0,66600.0,16046.0
2019-07-23 00:00:00+09:00,67000.0,67700.0,66300.0,67300.0,22048.0
2019-07-24 00:00:00+09:00,66700.0,67800.0,66600.0,67400.0,14959.0
2019-07-25 00:00:00+09:00,67600.0,67600.0,63800.0,64500.0,52695.0
2019-07-26 00:00:00+09:00,64200.0,65300.0,63600.0,64600.0,18539.0
2019-07-29 00:00:00+09:00,64700.0,65400.0,63100.0,64700.0,21322.0
2019-07-30 00:00:00+09:00,65200.0,65200.0,63899.0,63900.0,16086.0
2019-07-31 00:00:00+09:00,64000.0,65500.0,63600.0,65200.0,24209.0
2019-08-01 00:00:00+09:00,64500.0,65200.0,63600.0,63700.0,19645.0
2019-08-02 00:00:00+09:00,63000.0,63600.0,62499.0,62900.0,21263.0
2019-08-05 00:00:00+09:00,62400.0,63299.0,61999.0,62400.0,32504.0
2019-08-06 00:00:00+09:00,60400.0,62499.0,60299.0,61400.0,36738.0
2019-08-07 00:00:00+09:00,61000.0,61600.0,60400.0,60400.0,32637.0
2019-08-08 00:00:00+09:00,61300.0,61800.0,60400.0,61100.0,27115.0
2019-08-09 00:00:00+09:00,61200.0,62400.0,60700.0,61800.0,17029.0
2019-08-12 00:00:00+09:00,61200.0,61700.0,61100.0,61100.0,10119.0
2019-08-13 00:00:00+09:00,60700.0,61099.0,60200.0,60300.0,18658.0
2019-08-14 00:00:00+09:00,60400.0,61000.0,60000.0,60300.0,29965.0
2019-08-16 00:00:00+09:00,59400.0,60000.0,58800.0,59900.0,21525.0
2019-08-19 00:00:00+09:00,59999.0,62800.0,59900.0,62500.0,27872.0
2019-08-20 00:00:00+09:00,61700.0,64399.0,61499.0,63300.0,29431.0
2019-08-21 00:00:00+09:00,62800.0,64500.0,62800.0,63900.0,26824.0
2019-08-22 00:00:00+09:00,63499.0,64500.0,63200.0,63500.0,28737.0
2019-08-23 00:00:00+09:00,63500.0,65100.0,63099.0,64500.0,25508.0
2019-08-26 00:00:00+09:00,63400.0,64900.0,62800.0,64500.0,23559.0
2019-08-27 00:00:00+09:00,64600.0,65400.0,64100.0,65400.0,33847.0
2019-08-28 00:00:00+09:00,65500.0,65500.0,63599.0,64100.0,20614.0
2019-08-29 00:00:00+09:00,64100.0,64800.0,63600.0,63900.0,14909.0
2019-08-30 00:00:00+09:00,64900.0,66700.0,64000.0,66300.0,34847.0
2019-09-02 00:00:00+09:00,66500.0,66500.0,65499.0,65600.0,12684.0
2019-09-03 00:00:00+09:00,65200.0,66300.0,65100.0,65600.0,13745.0
2019-09-04 00:00:00+09:00,65000.0,66600.0,65000.0,66300.0,17925.0
2019-09-05 00:00:00+09:00,66000.0,66800.0,65700.0,66000.0,23038.0
2019-09-06 00:00:00+09:00,65800.0,67300.0,65800.0,67000.0,23511.0
2019-09-09 00:00:00+09:00,67000.0,67900.0,66700.0,67600.0,23960.0
2019-09-10 00:00:00+09:00,67600.0,69200.0,67300.0,68700.0,31238.0
2019-09-11 00:00:00+09:00,70000.0,70000.0,68900.0,69800.0,39397.0
2019-09-16 00:00:00+09:00,71200.0,72000.0,70500.0,71100.0,58689.0
2019-09-17 00:00:00+09:00,70300.0,71900.0,70300.0,71600.0,30113.0
2019-09-18 00:00:00+09:00,71200.0,71800.0,70500.0,70900.0,27147.0
2019-09-19 00:00:00+09:00,70200.0,71400.0,70200.0,71200.0,22613.0
2019-09-20 00:00:00+09:00,70700.0,72200.0,70300.0,72200.0,39397.0
2019-09-23 00:00:00+09:00,72200.0,72400.0,70800.0,71200.0,20149.0
2019-09-24 00:00:00+09:00,71000.0,71600.0,70400.0,71000.0,24635.0
2019-09-25 00:00:00+09:00,71500.0,71800.0,70200.0,70200.0,21268.0
2019-09-26 00:00:00+09:00,70000.0,71100.0,69400.0,70400.0,22800.0
2019-09-27 00:00:00+09:00,71200.0,71200.0,69200.0,69200.0,12489.0
2019-09-30 00:00:00+09:00,69100.0,69900.0,68700.0,69900.0,13594.0
2019-10-01 00:00:00+09:00,69600.0,70600.0,69200.0,69600.0,17842.0
2019-10-02 00:00:00+09:00,69200.0,69700.0,68500.0,68600.0,13907.0
2019-10-04 00:00:00+09:00,68600.0,69000.0,68200.0,68300.0,17162.0
2019-10-07 00:00:00+09:00,67600.0,68500.0,67600.0,67900.0,18380.0
2019-10-08 00:00:00+09:00,69300.0,70200.0,68000.0,69000.0,34310.0
2019-10-10 00:00:00+09:00,68400.0,69900.0,68400.0,69600.0,31308.0
2019-10-11 00:00:00+09:00,70000.0,70100.0,69400.0,69500.0,19521.0
2019-10-14 00:00:00+09:00,69700.0,71500.0,69700.0,71100.0,32006.0
2019-10-15 00:00:00+09:00,71100.0,71400.0,70500.0,70900.0,20019.0
2019-10-16 00:00:00+09:00,70400.0,71600.0,70300.0,70800.0,20493.0
2019-10-17 00:00:00+09:00,71100.0,71400.0,70200.0,70600.0,20973.0
2019-10-18 00:00:00+09:00,71100.0,71200.0,69500.0,69700.0,36779.0
2019-10-21 00:00:00+09:00,69700.0,70400.0,69000.0,69300.0,12403.0
2019-10-22 00:00:00+09:00,69100.0,71300.0,69100.0,71000.0,25736.0
2019-10-23 00:00:00+09:00,70400.0,70600.0,70000.0,70400.0,16250.0
2019-10-24 00:00:00+09:00,70000.0,71000.0,70000.0,70700.0,17196.0
2019-10-25 00:00:00+09:00,69700.0,70900.0,69600.0,70600.0,15815.0
2019-10-28 00:00:00+09:00,71100.0,71200.0,70100.0,70700.0,12559.0
2019-10-29 00:00:00+09:00,70600.0,71000.0,69600.0,70400.0,21138.0
2019-10-30 00:00:00+09:00,70300.0,70300.0,68800.0,68900.0,22311.0
2019-10-31 00:00:00+09:00,68600.0,69600.0,68300.0,68300.0,18488.0
2019-11-01 00:00:00+09:00,67900.0,68100.0,67400.0,67700.0,20793.0
2019-11-04 00:00:00+09:00,68300.0,68900.0,67900.0,68800.0,24530.0
2019-11-05 00:00:00+09:00,68300.0,70200.0,68100.0,70200.0,22614.0
2019-11-06 00:00:00+09:00,69900.0,70000.0,68400.0,68700.0,24352.0
2019-11-07 00:00:00+09:00,68400.0,69600.0,68200.0,68900.0,19021.0
2019-11-08 00:00:00+09:00,69700.0,69800.0,68800.0,69700.0,16276.0
2019-11-11 00:00:00+09:00,70000.0,70000.0,68400.0,69100.0,18430.0
2019-11-12 00:00:00+09:00,69600.0,69600.0,68400.0,69200.0,16956.0
2019-11-13 00:00:00+09:00,68800.0,69200.0,67800.0,68000.0,17446.0
2019-11-14 00:00:00+09:00,68100.0,68500.0,67600.0,68500.0,22296.0
2019-11-15 00:00:00+09:00,67700.0,68700.0,67700.0,68500.0,18855.0
2019-11-18 00:00:00+09:00,68300.0,68700.0,67800.0,68400.0,15107.0
2019-11-19 00:00:00+09:00,67800.0,68200.0,67400.0,68000.0,22734.0
2019-11-20 00:00:00+09:00,67600.0,67700.0,66500.0,67000.0,27236.0
2019-11-21 00:00:00+09:00,66400.0,67200.0,66300.0,66600.0,21838.0
2019-11-22 00:00:00+09:00,66500.0,66800.0,65800.0,66100.0,21964.0
2019-11-25 00:00:00+09:00,66000.0,67500.0,66000.0,66800.0,31742.0
2019-11-26 00:00:00+09:00,66800.0,69000.0,66600.0,68800.0,61823.0
2019-11-27 00:00:00+09:00,68800.0,69400.0,68000.0,68900.0,24733.0
2019-11-28 00:00:00+09:00,67900.0,69100.0,67900.0,69000.0,18506.0
2019-11-29 00:00:00+09:00,69400.0,69500.0,68600.0,69200.0,31682.0
2019-12-02 00:00:00+09:00,69400.0,69400.0,68400.0,69000.0,16925.0
2019-12-03 00:00:00+09:00,68900.0,69300.0,68000.0,68700.0,11896.0
2019-12-04 00:00:00+09:00,68600.0,68800.0,67800.0,68300.0,20455.0
2019-12-05 00:00:00+09:00,67700.0,68500.0,67700.0,68200.0,14801.0
2019-12-06 00:00:00+09:00,68100.0,69200.0,68100.0,68800.0,10811.0
2019-12-09 00:00:00+09:00,68400.0,68600.0,67800.0,67800.0,11409.0
2019-12-10 00:00:00+09:00,67800.0,68200.0,67700.0,68200.0,9200.0
2019-12-11 00:00:00+09:00,68400.0,68600.0,67700.0,68200.0,19032.0
2019-12-12 00:00:00+09:00,68600.0,68900.0,68000.0,68400.0,51359.0
2019-12-13 00:00:00+09:00,68500.0,69500.0,68200.0,68500.0,33441.0
2019-12-16 00:00:00+09:00,68600.0,69000.0,68200.0,68600.0,27707.0
2019-12-17 00:00:00+09:00,68600.0,69000.0,68100.0,68700.0,39770.0
2019-12-18 00:00:00+09:00,68700.0,70400.0,68500.0,70000.0,48675.0
2019-12-19 00:00:00+09:00,69900.0,71300.0,69800.0,70700.0,30921.0
2019-12-20 00:00:00+09:00,71200.0,71200.0,70400.0,71100.0,34462.0
2019-12-23 00:00:00+09:00,71100.0,72000.0,70900.0,71900.0,30157.0
2019-12-24 00:00:00+09:00,71500.0,72300.0,71200.0,71600.0,31257.0
2019-12-26 00:00:00+09:00,71700.0,72000.0,71100.0,72000.0,53088.0
2019-12-27 00:00:00+09:00,69100.0,70000.0,68300.0,68600.0,67719.0
2019-12-30 00:00:00+09:00,69100.0,69100.0,66900.0,67600.0,52560.0
2020-01-02 00:00:00+09:00,67900.0,67900.0,66000.0,66000.0,57660.0
2020-01-03 00:00:00+09:00,66000.0,66900.0,65600.0,66200.0,29675.0
2020-01-06 00:00:00+09:00,66300.0,66500.0,64300.0,64700.0,33387.0
2020-01-07 00:00:00+09:00,65400.0,65400.0,64000.0,65100.0,36825.0
2020-01-08 00:00:00+09:00,63500.0,64700.0,62899.0,64300.0,35346.0
2020-01-09 00:00:00+09:00,64299.0,65000.0,64299.0,65000.0,34441.0
2020-01-10 00:00:00+09:00,64499.0,65000.0,63600.0,64600.0,36478.0
2020-01-13 00:00:00+09:00,64599.0,64599.0,63800.0,64500.0,24955.0
2020-01-14 00:00:00+09:00,64600.0,64700.0,63600.0,64200.0,48224.0
2020-01-15 00:00:00+09:00,64200.0,64600.0,63900.0,64200.0,24433.0
2020-01-16 00:00:00+09:00,64300.0,64500.0,63700.0,64000.0,26289.0
2020-01-17 00:00:00+09:00,63799.0,64099.0,63400.0,63600.0,30628.0
2020-01-20 00:00:00+09:00,63300.0,63600.0,62800.0,62900.0,35127.0
2020-01-21 00:00:00+09:00,63000.0,63299.0,62400.0,62400.0,21000.0
2020-01-22 00:00:00+09:00,62200.0,62700.0,61900.0,62100.0,24900.0
2020-01-23 00:00:00+09:00,61900.0,61900.0,60200.0,60600.0,53960.0
2020-01-28 00:00:00+09:00,59700.0,59700.0,57700.0,57700.0,53520.0
2020-01-29 00:00:00+09:00,57700.0,58200.0,57100.0,57700.0,39561.0
2020-01-30 00:00:00+09:00,57700.0,58000.0,56200.0,56500.0,53430.0
2020-01-31 00:00:00+09:00,56500.0,56800.0,54600.0,54700.0,87362.0
2020-02-03 00:00:00+09:00,53600.0,54600.0,52500.0,53500.0,55111.0
2020-02-04 00:00:00+09:00,53500.0,54300.0,53100.0,54000.0,46586.0
2020-02-05 00:00:00+09:00,54000.0,54100.0,52700.0,53000.0,62916.0
2020-02-06 00:00:00+09:00,54700.0,62300.0,54200.0,61400.0,172533.0
2020-02-07 00:00:00+09:00,61699.0,62299.0,59600.0,60300.0,73926.0
2020-02-10 00:00:00+09:00,59100.0,61399.0,58100.0,60800.0,65929.0
2020-02-11 00:00:00+09:00,59700.0,61600.0,59700.0,60500.0,36391.0
2020-02-12 00:00:00+09:00,60200.0,61399.0,60100.0,60800.0,34650.0
2020-02-13 00:00:00+09:00,60900.0,61200.0,60100.0,60100.0,57970.0
2020-02-14 00:00:00+09:00,59600.0,60000.0,58700.0,58700.0,47879.0
2020-02-17 00:00:00+09:00,59100.0,60100.0,58500.0,59500.0,35763.0
2020-02-18 00:00:00+09:00,58900.0,59500.0,58800.0,58900.0,16596.0
2020-02-19 00:00:00+09:00,59300.0,59300.0,58900.0,58900.0,30397.0
2020-02-20 00:00:00+09:00,58400.0,59500.0,58300.0,58900.0,30241.0
2020-02-21 00:00:00+09:00,58200.0,58200.0,56000.0,56200.0,60200.0
2020-02-24 00:00:00+09:00,54600.0,54900.0,53300.0,53300.0,49783.0
2020-02-25 00:00:00+09:00,53600.0,55000.0,53300.0,55000.0,50328.0
2020-02-26 00:00:00+09:00,54100.0,55800.0,53600.0,55400.0,51176.0
2020-02-27 00:00:00+09:00,54400.0,55700.0,54400.0,55600.0,39618.0
2020-02-28 00:00:00+09:00,55000.0,55100.0,53400.0,54100.0,58627.0
2020-03-02 00:00:00+09:00,54200.0,54900.0,53600.0,54600.0,42797.0
2020-03-03 00:00:00+09:00,55100.0,55800.0,54600.0,55000.0,38726.0
2020-03-04 00:00:00+09:00,55100.0,55700.0,54700.0,55200.0,46291.0
2020-03-05 00:00:00+09:00,55500.0,56100.0,54900.0,56000.0,41641.0
2020-03-06 00:00:00+09:00,55100.0,55300.0,53000.0,53100.0,99221.0
2020-03-09 00:00:00+09:00,51500.0,51500.0,49800.0,50100.0,66760.0
2020-03-10 00:00:00+09:00,49300.0,50200.0,48300.0,49300.0,120640.0
2020-03-11 00:00:00+09:00,48900.0,50000.0,48800.0,49200.0,63010.0
2020-03-12 00:00:00+09:00,49500.0,49500.0,45300.0,46000.0,96272.0
2020-03-13 00:00:00+09:00,40500.0,43700.0,39100.0,43000.0,160753.0
2020-03-16 00:00:00+09:00,43200.0,44699.0,41400.0,43300.0,60687.0
2020-03-17 00:00:00+09:00,39900.0,43200.0,39900.0,42900.0,70456.0
2020-03-18 00:00:00+09:00,42100.0,42400.0,40600.0,40600.0,75783.0
2020-03-19 00:00:00+09:00,41000.0,41200.0,33000.0,34900.0,133794.0
2020-03-20 00:00:00+09:00,35500.0,36600.0,33200.0,36600.0,118677.0
2020-03-23 00:00:00+09:00,33000.0,34200.0,32100.0,32100.0,75290.0
2020-03-24 00:00:00+09:00,32800.0,35200.0,32099.0,35100.0,82377.0
2020-03-25 00:00:00+09:00,36800.0,40800.0,36000.0,40400.0,94644.0
2020-03-26 00:00:00+09:00,41800.0,44400.0,39500.0,39500.0,125084.0
2020-03-27 00:00:00+09:00,41600.0,41700.0,38700.0,39900.0,83446.0
2020-03-30 00:00:00+09:00,38400.0,39300.0,37200.0,38800.0,89780.0
2020-03-31 00:00:00+09:00,38800.0,39900.0,38800.0,39500.0,89567.0
2020-04-01 00:00:00+09:00,38700.0,40600.0,38600.0,38900.0,54676.0
2020-04-02 00:00:00+09:00,39000.0,41800.0,38400.0,41500.0,67324.0
2020-04-03 00:00:00+09:00,42700.0,43500.0,41800.0,42400.0,76368.0
2020-04-06 00:00:00+09:00,43600.0,46400.0,43200.0,45900.0,85548.0
2020-04-07 00:00:00+09:00,46200.0,47500.0,44100.0,45600.0,60860.0
2020-04-08 00:00:00+09:00,44400.0,46000.0,44300.0,45000.0,50272.0
2020-04-09 00:00:00+09:00,46200.0,46400.0,44800.0,46400.0,53382.0
2020-04-10 00:00:00+09:00,45700.0,46500.0,44900.0,46100.0,57707.0
2020-04-13 00:00:00+09:00,46100.0,46100.0,44200.0,45400.0,38963.0
2020-04-14 00:00:00+09:00,45500.0,46500.0,45200.0,46300.0,36492.0
2020-04-16 00:00:00+09:00,45200.0,46500.0,45100.0,45700.0,46027.0
2020-04-17 00:00:00+09:00,45700.0,47000.0,45700.0,46700.0,40252.0
2020-04-20 00:00:00+09:00,46200.0,47000.0,46000.0,46400.0,38739.0
2020-04-21 00:00:00+09:00,45900.0,46300.0,44300.0,44900.0,78261.0
2020-04-22 00:00:00+09:00,44200.0,44500.0,43200.0,44200.0,63201.0
2020-04-23 00:00:00+09:00,44400.0,46000.0,44400.0,45900.0,42211.0
2020-04-24 00:00:00+09:00,45400.0,47200.0,45400.0,45800.0,40858.0
2020-04-27 00:00:00+09:00,45600.0,47700.0,45300.0,46500.0,36273.0
2020-04-28 00:00:00+09:00,46000.0,46800.0,45600.0,46200.0,53999.0
2020-04-29 00:00:00+09:00,46500.0,50700.0,46200.0,48600.0,94372.0
2020-05-04 00:00:00+09:00,46900.0,47900.0,46200.0,47000.0,50060.0
2020-05-06 00:00:00+09:00,49200.0,50700.0,48100.0,49500.0,76150.0
2020-05-07 00:00:00+09:00,49000.0,50600.0,48900.0,49400.0,34932.0
2020-05-08 00:00:00+09:00,50800.0,50900.0,49800.0,50000.0,34062.0
2020-05-11 00:00:00+09:00,49900.0,50700.0,49100.0,49100.0,27315.0
2020-05-12 00:00:00+09:00,49100.0,49100.0,47500.0,47700.0,50515.0
2020-05-13 00:00:00+09:00,47300.0,48000.0,46800.0,48000.0,36107.0
2020-05-14 00:00:00+09:00,48300.0,48400.0,46800.0,47300.0,38344.0
2020-05-15 00:00:00+09:00,48300.0,48300.0,47199.0,47600.0,31213.0
2020-05-18 00:00:00+09:00,48200.0,48300.0,47300.0,47400.0,21112.0
2020-05-19 00:00:00+09:00,48400.0,50500.0,48400.0,49000.0,66188.0
2020-05-20 00:00:00+09:00,48999.0,49400.0,48600.0,48700.0,35027.0
2020-05-21 00:00:00+09:00,49000.0,49700.0,48500.0,49300.0,31819.0
2020-05-22 00:00:00+09:00,50000.0,50000.0,48700.0,48900.0,32236.0
2020-05-25 00:00:00+09:00,49800.0,50700.0,49500.0,50300.0,47241.0
2020-05-26 00:00:00+09:00,50900.0,51900.0,50400.0,51900.0,31132.0
2020-05-27 00:00:00+09:00,51600.0,54200.0,51600.0,53900.0,69312.0
2020-05-28 00:00:00+09:00,54000.0,54700.0,52500.0,52700.0,58459.0
2020-05-29 00:00:00+09:00,52800.0,54200.0,52300.0,54100.0,55720.0
2020-06-01 00:00:00+09:00,54200.0,56400.0,53400.0,56200.0,40406.0
2020-06-02 00:00:00+09:00,62300.0,65500.0,56500.0,56800.0,286789.0
2020-06-03 00:00:00+09:00,58000.0,58700.0,57400.0,58700.0,86264.0
2020-06-04 00:00:00+09:00,59400.0,59400.0,56900.0,57200.0,59575.0
2020-06-05 00:00:00+09:00,57100.0,57100.0,55600.0,56200.0,46530.0
2020-06-08 00:00:00+09:00,57800.0,58200.0,56700.0,57200.0,41385.0
2020-06-09 00:00:00+09:00,57200.0,58100.0,56600.0,57400.0,45049.0
2020-06-10 00:00:00+09:00,57400.0,57700.0,57100.0,57700.0,30163.0
2020-06-11 00:00:00+09:00,57100.0,57100.0,55700.0,56800.0,55936.0
2020-06-12 00:00:00+09:00,54800.0,54800.0,53100.0,53600.0,59806.0
2020-06-15 00:00:00+09:00,52400.0,52700.0,49500.0,49500.0,69515.0
2020-06-16 00:00:00+09:00,50200.0,52900.0,50100.0,52400.0,48173.0
2020-06-17 00:00:00+09:00,51600.0,53100.0,51000.0,51600.0,50826.0
2020-06-18 00:00:00+09:00,50900.0,52400.0,50800.0,51200.0,39465.0
2020-06-19 00:00:00+09:00,52400.0,52500.0,50700.0,52400.0,47621.0
2020-06-22 00:00:00+09:00,52000.0,52400.0,51200.0,51400.0,19349.0
2020-06-23 00:00:00+09:00,52000.0,52100.0,50400.0,50500.0,39553.0
2020-06-24 00:00:00+09:00,50500.0,51900.0,50200.0,50800.0,34635.0
2020-06-25 00:00:00+09:00,50200.0,50200.0,49100.0,49100.0,36186.0
2020-06-26 00:00:00+09:00,49300.0,49800.0,48900.0,49300.0,23635.0
2020-06-29 00:00:00+09:00,48199.0,49200.0,47999.0,48300.0,21797.0
2020-06-30 00:00:00+09:00,48500.0,50300.0,48500.0,49200.0,35250.0
2020-07-01 00:00:00+09:00,49400.0,50100.0,49000.0,49000.0,19662.0
2020-07-02 00:00:00+09:00,48800.0,50000.0,48800.0,49800.0,25124.0
2020-07-03 00:00:00+09:00,49500.0,50000.0,49200.0,49400.0,19425.0
2020-07-06 00:00:00+09:00,50400.0,50400.0,48800.0,49700.0,26744.0
2020-07-07 00:00:00+09:00,49800.0,50199.0,48800.0,48900.0,29756.0
2020-07-08 00:00:00+09:00,49500.0,49500.0,48500.0,48900.0,24797.0
2020-07-09 00:00:00+09:00,49300.0,49300.0,48200.0,48200.0,31461.0
2020-07-10 00:00:00+09:00,48600.0,48600.0,46200.0,46400.0,43976.0
2020-07-13 00:00:00+09:00,46500.0,47800.0,45999.0,47200.0,34481.0
2020-07-14 00:00:00+09:00,46600.0,47100.0,46200.0,46800.0,29007.0
2020-07-15 00:00:00+09:00,47100.0,48500.0,47100.0,47800.0,40355.0
2020-07-16 00:00:00+09:00,47200.0,48400.0,47200.0,48000.0,21252.0
2020-07-17 00:00:00+09:00,48200.0,48800.0,48000.0,48200.0,16803.0
2020-07-20 00:00:00+09:00,48400.0,48800.0,47200.0,47900.0,23036.0
2020-07-21 00:00:00+09:00,47800.0,48400.0,47600.0,48000.0,33734.0
2020-07-22 00:00:00+09:00,48100.0,48800.0,47400.0,47400.0,32416.0
2020-07-23 00:00:00+09:00,47100.0,47400.0,46600.0,47200.0,25509.0
2020-07-24 00:00:00+09:00,47000.0,47100.0,46300.0,46600.0,24091.0
2020-07-27 00:00:00+09:00,46300.0,47700.0,46300.0,46600.0,29728.0
2020-07-28 00:00:00+09:00,46400.0,48400.0,46300.0,47900.0,62185.0
2020-07-29 00:00:00+09:00,47800.0,48500.0,46900.0,47100.0,40454.0
2020-07-30 00:00:00+09:00,47100.0,47900.0,47000.0,47200.0,27539.0
2020-07-31 00:00:00+09:00,47400.0,47700.0,46800.0,47300.0,34379.0
2020-08-03 00:00:00+09:00,47300.0,47800.0,46300.0,46300.0,38722.0
2020-08-04 00:00:00+09:00,46600.0,47700.0,46400.0,46800.0,43710.0
2020-08-05 00:00:00+09:00,46800.0,47200.0,46400.0,47000.0,33620.0
2020-08-06 00:00:00+09:00,47100.0,47700.0,46700.0,47100.0,44849.0
2020-08-07 00:00:00+09:00,47600.0,47600.0,46300.0,46400.0,51163.0
2020-08-10 00:00:00+09:00,46400.0,46700.0,45799.0,46400.0,55887.0
2020-08-11 00:00:00+09:00,46400.0,49700.0,46300.0,49400.0,125277.0
2020-08-12 00:00:00+09:00,49400.0,51700.0,48700.0,51700.0,99252.0
2020-08-13 00:00:00+09:00,52400.0,52700.0,50300.0,50600.0,71314.0
2020-08-14 00:00:00+09:00,51000.0,52500.0,50800.0,52400.0,84719.0
2020-08-18 00:00:00+09:00,52300.0,52400.0,49600.0,49800.0,64495.0
2020-08-19 00:00:00+09:00,49600.0,51500.0,49600.0,50100.0,34536.0
2020-08-20 00:00:00+09:00,50100.0,50600.0,47100.0,47200.0,54402.0
2020-08-21 00:00:00+09:00,47300.0,48100.0,47000.0,47100.0,40059.0
2020-08-24 00:00:00+09:00,47200.0,47500.0,46200.0,46700.0,35240.0
2020-08-25 00:00:00+09:00,46900.0,48600.0,46800.0,48400.0,54858.0
2020-08-26 00:00:00+09:00,48400.0,48400.0,46800.0,47300.0,42609.0
2020-08-27 00:00:00+09:00,47300.0,47400.0,46300.0,46500.0,50952.0
2020-08-28 00:00:00+09:00,46600.0,46900.0,46100.0,46600.0,44727.0
2020-08-31 00:00:00+09:00,46900.0,46900.0,45200.0,45200.0,98748.0
2020-09-01 00:00:00+09:00,45200.0,45800.0,45200.0,45200.0,47471.0
2020-09-02 00:00:00+09:00,45600.0,45800.0,45200.0,45700.0,26176.0
2020-09-03 00:00:00+09:00,45700.0,46700.0,45700.0,45900.0,36373.0
2020-09-04 00:00:00+09:00,44500.0,45600.0,44500.0,44800.0,55401.0
2020-09-07 00:00:00+09:00,44900.0,46100.0,44500.0,45600.0,40777.0
2020-09-08 00:00:00+09:00,46000.0,46400.0,45400.0,45400.0,32186.0
2020-09-09 00:00:00+09:00,45000.0,45600.0,44600.0,44700.0,39443.0
2020-09-10 00:00:00+09:00,44700.0,45100.0,44700.0,44700.0,43319.0
2020-09-11 00:00:00+09:00,45800.0,48000.0,45500.0,46900.0,143819.0
2020-09-14 00:00:00+09:00,47300.0,47400.0,46400.0,46900.0,47502.0
2020-09-15 00:00:00+09:00,46600.0,46800.0,45800.0,46200.0,37579.0
2020-09-16 00:00:00+09:00,46000.0,46000.0,45400.0,45800.0,38890.0
2020-09-17 00:00:00+09:00,46000.0,46400.0,45199.0,45600.0,45131.0
2020-09-18 00:00:00+09:00,45700.0,45700.0,44600.0,44600.0,64258.0
2020-09-21 00:00:00+09:00,44800.0,45400.0,44499.0,44500.0,39282.0
2020-09-22 00:00:00+09:00,44500.0,44600.0,43800.0,43800.0,39991.0
2020-09-23 00:00:00+09:00,43800.0,43900.0,42300.0,42300.0,67293.0
2020-09-24 00:00:00+09:00,42000.0,42100.0,40600.0,40600.0,64132.0
2020-09-25 00:00:00+09:00,41600.0,41900.0,40800.0,41000.0,38655.0
2020-09-28 00:00:00+09:00,41800.0,43000.0,41500.0,42200.0,42328.0
2020-09-29 00:00:00+09:00,43300.0,43600.0,42600.0,43600.0,37337.0
2020-10-05 00:00:00+09:00,44300.0,44300.0,42600.0,43500.0,35866.0
2020-10-06 00:00:00+09:00,43600.0,44300.0,43400.0,43500.0,26079.0
2020-10-07 00:00:00+09:00,43999.0,44600.0,43300.0,44400.0,28858.0
2020-10-08 00:00:00+09:00,44800.0,44900.0,44100.0,44400.0,31248.0
2020-10-12 00:00:00+09:00,45000.0,45200.0,44600.0,44800.0,26075.0
2020-10-13 00:00:00+09:00,45000.0,45100.0,44400.0,44800.0,25758.0
2020-10-14 00:00:00+09:00,44800.0,44900.0,43600.0,43700.0,38817.0
2020-10-15 00:00:00+09:00,43700.0,44000.0,43300.0,43400.0,26591.0
2020-10-16 00:00:00+09:00,43600.0,44000.0,43000.0,43100.0,20967.0
2020-10-19 00:00:00+09:00,43700.0,45100.0,43400.0,44700.0,40577.0
2020-10-20 00:00:00+09:00,44600.0,44900.0,44000.0,44800.0,22955.0
2020-10-21 00:00:00+09:00,44800.0,45200.0,44500.0,45100.0,24595.0
2020-10-22 00:00:00+09:00,45000.0,45300.0,44600.0,45300.0,36212.0
2020-10-23 00:00:00+09:00,45600.0,45700.0,44800.0,45600.0,24089.0
2020-10-26 00:00:00+09:00,45800.0,45800.0,44800.0,45000.0,35062.0
2020-10-27 00:00:00+09:00,44200.0,45000.0,44200.0,44500.0,23691.0
2020-10-28 00:00:00+09:00,43900.0,44600.0,43800.0,44600.0,18102.0
2020-10-29 00:00:00+09:00,43800.0,44300.0,43600.0,43700.0,22624.0
2020-10-30 00:00:00+09:00,43700.0,43900.0,42900.0,42900.0,31681.0
2020-11-02 00:00:00+09:00,43200.0,44200.0,43200.0,43900.0,22667.0
2020-11-03 00:00:00+09:00,44000.0,44699.0,43900.0,44500.0,21664.0
2020-11-04 00:00:00+09:00,44700.0,45199.0,44200.0,44300.0,26979.0
2020-11-05 00:00:00+09:00,44300.0,44600.0,44000.0,44600.0,36666.0
2020-11-06 00:00:00+09:00,44100.0,44700.0,43999.0,44400.0,24957.0
2020-11-09 00:00:00+09:00,44600.0,46600.0,44400.0,46600.0,100959.0
2020-11-10 00:00:00+09:00,48700.0,50000.0,48200.0,49700.0,184771.0
2020-11-11 00:00:00+09:00,49700.0,52000.0,49600.0,51400.0,137803.0
2020-11-12 00:00:00+09:00,51400.0,51800.0,49400.0,51100.0,72188.0
2020-11-13 00:00:00+09:00,50400.0,51200.0,49900.0,50200.0,50753.0
2020-11-16 00:00:00+09:00,50600.0,51900.0,50400.0,51500.0,57469.0
2020-11-17 00:00:00+09:00,51800.0,52400.0,50700.0,51300.0,45904.0
2020-11-18 00:00:00+09:00,51500.0,51800.0,51000.0,51300.0,53550.0
2020-11-19 00:00:00+09:00,51100.0,51300.0,50400.0,50900.0,60315.0
2020-11-20 00:00:00+09:00,50700.0,51600.0,50700.0,51600.0,29511.0
2020-11-23 00:00:00+09:00,51700.0,54400.0,51300.0,53300.0,98975.0
2020-11-24 00:00:00+09:00,53900.0,56900.0,53800.0,55600.0,111471.0
2020-11-25 00:00:00+09:00,57000.0,58800.0,55400.0,56600.0,153049.0
2020-11-26 00:00:00+09:00,56600.0,57700.0,55000.0,56800.0,59324.0
2020-11-27 00:00:00+09:00,56800.0,57600.0,56100.0,57600.0,37460.0
2020-11-30 00:00:00+09:00,57700.0,58200.0,55900.0,55900.0,107811.0
2020-12-01 00:00:00+09:00,56000.0,57100.0,55800.0,56200.0,54489.0
2020-12-02 00:00:00+09:00,56300.0,56600.0,55100.0,56200.0,52775.0
2020-12-03 00:00:00+09:00,56000.0,56200.0,54900.0,55800.0,65066.0
2020-12-04 00:00:00+09:00,55100.0,56100.0,55000.0,55400.0,52249.0
2020-12-07 00:00:00+09:00,55000.0,55600.0,53600.0,54300.0,55651.0
2020-12-08 00:00:00+09:00,54600.0,54600.0,53800.0,54000.0,32602.0
2020-12-09 00:00:00+09:00,54100.0,55500.0,54100.0,55200.0,38573.0
2020-12-10 00:00:00+09:00,55500.0,57200.0,54500.0,55900.0,69854.0
2020-12-11 00:00:00+09:00,58300.0,59300.0,57500.0,59300.0,129829.0
2020-12-14 00:00:00+09:00,59600.0,61000.0,58499.0,59800.0,92479.0
2020-12-15 00:00:00+09:00,59599.0,59599.0,58300.0,59200.0,62430.0
2020-12-16 00:00:00+09:00,60200.0,60399.0,59400.0,60100.0,34503.0
2020-12-17 00:00:00+09:00,60100.0,60500.0,59000.0,60500.0,48578.0
2020-12-18 00:00:00+09:00,60600.0,61700.0,59899.0,61700.0,54032.0
2020-12-21 00:00:00+09:00,61600.0,63000.0,60600.0,62700.0,61994.0
2020-12-22 00:00:00+09:00,62799.0,64100.0,62000.0,62000.0,67261.0
2020-12-23 00:00:00+09:00,61999.0,62300.0,59600.0,61000.0,75074.0
2020-12-24 00:00:00+09:00,61400.0,62700.0,60800.0,62700.0,61431.0
2020-12-28 00:00:00+09:00,63700.0,63799.0,62800.0,63700.0,148954.0
2020-12-29 00:00:00+09:00,60100.0,60899.0,57800.0,58100.0,211631.0
2020-12-30 00:00:00+09:00,58000.0,58000.0,56100.0,56700.0,139319.0
2021-01-04 00:00:00+09:00,57000.0,57000.0,55000.0,55300.0,134210.0
2021-01-05 00:00:00+09:00,55000.0,56800.0,54900.0,56500.0,96024.0
2021-01-06 00:00:00+09:00,57300.0,58000.0,56800.0,57100.0,127579.0
2021-01-07 00:00:00+09:00,57700.0,58200.0,57400.0,57700.0,81820.0
2021-01-08 00:00:00+09:00,58100.0,58300.0,56900.0,57100.0,99655.0
2021-01-11 00:00:00+09:00,57000.0,57000.0,55000.0,55300.0,134160.0
2021-01-12 00:00:00+09:00,55800.0,55800.0,53500.0,54200.0,99977.0
2021-01-13 00:00:00+09:00,54800.0,55100.0,53800.0,54500.0,77382.0
2021-01-14 00:00:00+09:00,54400.0,55900.0,54100.0,55800.0,88466.0
2021-01-15 00:00:00+09:00,56100.0,57000.0,54600.0,54700.0,73325.0
2021-01-18 00:00:00+09:00,54500.0,54600.0,53100.0,53200.0,60930.0
2021-01-19 00:00:00+09:00,53600.0,54000.0,53100.0,53600.0,54715.0
2021-01-20 00:00:00+09:00,54200.0,54200.0,52400.0,53400.0,62757.0
2021-01-21 00:00:00+09:00,53700.0,54700.0,53600.0,54100.0,58243.0
2021-01-22 00:00:00+09:00,54100.0,54200.0,53100.0,53200.0,59436.0
2021-01-25 00:00:00+09:00,53200.0,54300.0,52900.0,54200.0,52573.0
2021-01-26 00:00:00+09:00,53700.0,53700.0,52200.0,52200.0,92136.0
2021-01-27 00:00:00+09:00,52600.0,52600.0,50600.0,50800.0,99067.0
2021-01-28 00:00:00+09:00,49800.0,50300.0,48700.0,48900.0,92992.0
2021-01-29 00:00:00+09:00,49300.0,49300.0,46900.0,47000.0,104467.0
2021-02-01 00:00:00+09:00,46800.0,48700.0,46500.0,48100.0,55036.0
2021-02-02 00:00:00+09:00,48199.0,49600.0,48099.0,48300.0,51891.0
2021-02-03 00:00:00+09:00,48699.0,49400.0,48200.0,49000.0,53022.0
2021-02-04 00:00:00+09:00,49200.0,50600.0,48200.0,49500.0,61476.0
2021-02-05 00:00:00+09:00,50900.0,51700.0,50200.0,51000.0,80983.0
2021-02-08 00:00:00+09:00,52000.0,53800.0,51900.0,52900.0,121122.0
2021-02-09 00:00:00+09:00,53000.0,53800.0,52800.0,52900.0,52226.0
2021-02-10 00:00:00+09:00,52400.0,53400.0,52100.0,53200.0,43318.0
2021-02-15 00:00:00+09:00,53900.0,55300.0,53800.0,54900.0,88024.0
2021-02-16 00:00:00+09:00,55100.0,56000.0,54200.0,54800.0,60211.0
2021-02-17 00:00:00+09:00,54800.0,54900.0,53400.0,54000.0,53020.0
2021-02-18 00:00:00+09:00,54000.0,54600.0,52700.0,52700.0,50221.0
2021-02-19 00:00:00+09:00,52500.0,53100.0,51500.0,52400.0,51875.0
2021-02-22 00:00:00+09:00,53000.0,53100.0,52000.0,52100.0,33773.0
2021-02-23 00:00:00+09:00,52500.0,56300.0,51900.0,55900.0,174483.0
2021-02-24 00:00:00+09:00,56300.0,57000.0,54300.0,54300.0,91442.0
2021-02-25 00:00:00+09:00,55300.0,55900.0,54700.0,55500.0,58070.0
2021-02-26 00:00:00+09:00,54200.0,55100.0,53500.0,54100.0,59598.0
2021-03-02 00:00:00+09:00,54600.0,55200.0,53800.0,54100.0,51361.0
2021-03-03 00:00:00+09:00,54300.0,54700.0,53700.0,54700.0,39527.0
2021-03-04 00:00:00+09:00,54300.0,54500.0,53600.0,54300.0,43912.0
2021-03-05 00:00:00+09:00,54300.0,54300.0,52900.0,53400.0,39183.0
2021-03-08 00:00:00+09:00,53900.0,56000.0,53800.0,54800.0,66797.0
2021-03-09 00:00:00+09:00,55400.0,56100.0,54100.0,55900.0,70224.0
2021-03-10 00:00:00+09:00,55800.0,56100.0,54800.0,55500.0,40046.0
2021-03-11 00:00:00+09:00,56100.0,56100.0,55200.0,55200.0,48043.0
2021-03-12 00:00:00+09:00,55400.0,55900.0,55200.0,55600.0,35310.0
2021-03-15 00:00:00+09:00,55900.0,56700.0,55300.0,56300.0,49375.0
2021-03-16 00:00:00+09:00,56600.0,56900.0,56300.0,56400.0,40569.0
2021-03-17 00:00:00+09:00,56400.0,56700.0,55300.0,55700.0,30357.0
2021-03-18 00:00:00+09:00,55700.0,56400.0,55400.0,55900.0,37407.0
2021-03-19 00:00:00+09:00,55000.0,55300.0,54500.0,54600.0,62986.0
2021-03-22 00:00:00+09:00,54700.0,55000.0,53800.0,53900.0,48904.0
2021-03-23 00:00:00+09:00,54000.0,54100.0,52900.0,52900.0,48036.0
2021-03-24 00:00:00+09:00,52600.0,53700.0,52200.0,53600.0,40969.0
2021-03-25 00:00:00+09:00,53700.0,54500.0,53300.0,54200.0,31543.0
2021-03-26 00:00:00+09:00,54300.0,58200.0,54100.0,58200.0,189015.0
2021-03-29 00:00:00+09:00,58600.0,60000.0,58200.0,58800.0,140320.0
2021-03-30 00:00:00+09:00,58800.0,58900.0,56200.0,56500.0,102702.0
2021-03-31 00:00:00+09:00,56500.0,59000.0,55700.0,58300.0,89045.0
2021-04-01 00:00:00+09:00,58300.0,58900.0,56400.0,56600.0,58462.0
2021-04-02 00:00:00+09:00,57000.0,57200.0,55800.0,56400.0,48644.0
2021-04-05 00:00:00+09:00,56600.0,57400.0,56400.0,56900.0,35316.0
2021-04-06 00:00:00+09:00,56800.0,56900.0,56100.0,56500.0,37822.0
2021-04-07 00:00:00+09:00,57000.0,57500.0,56500.0,56600.0,58949.0
2021-04-13 00:00:00+09:00,57800.0,59800.0,57500.0,58700.0,736003.0
2021-04-14 00:00:00+09:00,59800.0,60200.0,58700.0,59400.0,345364.0
2021-04-15 00:00:00+09:00,59300.0,59700.0,58700.0,59500.0,255720.0
2021-04-16 00:00:00+09:00,59600.0,59600.0,58600.0,59100.0,242469.0
2021-04-19 00:00:00+09:00,58800.0,59000.0,58000.0,58700.0,293311.0
2021-04-20 00:00:00+09:00,58400.0,59600.0,58200.0,59000.0,210930.0
2021-04-21 00:00:00+09:00,58800.0,58900.0,57600.0,57800.0,288826.0
2021-04-22 00:00:00+09:00,58000.0,58600.0,57800.0,58500.0,213028.0
2021-04-23 00:00:00+09:00,58400.0,58800.0,57700.0,58700.0,159607.0
2021-04-26 00:00:00+09:00,59300.0,63900.0,58900.0,63700.0,1146567.0
2021-04-27 00:00:00+09:00,63900.0,65700.0,62600.0,65400.0,769703.0
2021-04-28 00:00:00+09:00,65100.0,69900.0,64300.0,67900.0,1173545.0
2021-04-29 00:00:00+09:00,68000.0,70100.0,66600.0,68900.0,692623.0
2021-04-30 00:00:00+09:00,69400.0,72700.0,69400.0,70400.0,908804.0
2021-05-03 00:00:00+09:00,71300.0,73300.0,67800.0,68900.0,693299.0
2021-05-04 00:00:00+09:00,69900.0,71100.0,67800.0,69500.0,461374.0
2021-05-06 00:00:00+09:00,70400.0,76400.0,69500.0,76300.0,877025.0
2021-05-07 00:00:00+09:00,76700.0,79300.0,74500.0,75500.0,650303.0
2021-05-10 00:00:00+09:00,75600.0,76300.0,74400.0,75900.0,404086.0
2021-05-11 00:00:00+09:00,75200.0,78200.0,75100.0,77600.0,428220.0
2021-05-12 00:00:00+09:00,78000.0,79000.0,75100.0,76000.0,418393.0
2021-05-13 00:00:00+09:00,74700.0,76500.0,72200.0,75000.0,458935.0
2021-05-14 00:00:00+09:00,75300.0,75500.0,71700.0,73400.0,432497.0
2021-05-17 00:00:00+09:00,73000.0,74800.0,73000.0,74600.0,231426.0
2021-05-18 00:00:00+09:00,75000.0,76000.0,74400.0,75700.0,156583.0
2021-05-20 00:00:00+09:00,74500.0,74900.0,71800.0,72800.0,403058.0
2021-05-21 00:00:00+09:00,73000.0,73500.0,70000.0,71400.0,398344.0
2021-05-24 00:00:00+09:00,70600.0,72000.0,70000.0,71600.0,213994.0
2021-05-25 00:00:00+09:00,71600.0,72000.0,70700.0,71900.0,197122.0
2021-05-26 00:00:00+09:00,72000.0,72000.0,70300.0,70800.0,227193.0
2021-05-27 00:00:00+09:00,70600.0,71900.0,69000.0,69400.0,468075.0
2021-05-28 00:00:00+09:00,69600.0,70400.0,69300.0,69700.0,174645.0
2021-05-31 00:00:00+09:00,69700.0,70700.0,68500.0,70500.0,262484.0
2021-06-01 00:00:00+09:00,70600.0,75200.0,70200.0,75000.0,615920.0
2021-06-02 00:00:00+09:00,76600.0,77300.0,75300.0,76700.0,475799.0
2021-06-03 00:00:00+09:00,77000.0,77600.0,75500.0,76400.0,352298.0
2021-06-04 00:00:00+09:00,76200.0,78300.0,75500.0,76300.0,365234.0
2021-06-07 00:00:00+09:00,77000.0,77000.0,75000.0,75100.0,268646.0
2021-06-08 00:00:00+09:00,74500.0,75000.0,72800.0,73700.0,371345.0
2021-06-09 00:00:00+09:00,74200.0,75600.0,72600.0,73000.0,275483.0
2021-06-10 00:00:00+09:00,73100.0,73300.0,72000.0,72900.0,214153.0
2021-06-11 00:00:00+09:00,73000.0,73200.0,72100.0,72500.0,215632.0
2021-06-14 00:00:00+09:00,72900.0,72900.0,72100.0,72700.0,128556.0
2021-06-15 00:00:00+09:00,73100.0,73300.0,71800.0,72200.0,274472.0
2021-06-16 00:00:00+09:00,72300.0,72700.0,71800.0,72400.0,191921.0
2021-06-17 00:00:00+09:00,71900.0,72000.0,71000.0,71000.0,296559.0
2021-06-18 00:00:00+09:00,70700.0,71000.0,69800.0,69900.0,471752.0
2021-06-21 00:00:00+09:00,69500.0,70900.0,69000.0,70500.0,222464.0
2021-06-22 00:00:00+09:00,71500.0,72200.0,70700.0,71000.0,199635.0
2021-06-23 00:00:00+09:00,71100.0,71500.0,70100.0,70700.0,258477.0
2021-06-24 00:00:00+09:00,70900.0,71500.0,70400.0,71100.0,140663.0
2021-06-25 00:00:00+09:00,71100.0,73000.0,71000.0,72500.0,274131.0
2021-06-28 00:00:00+09:00,73000.0,73200.0,71700.0,72900.0,304724.0
2021-06-29 00:00:00+09:00,71800.0,71800.0,70800.0,70900.0,249872.0
2021-06-30 00:00:00+09:00,71100.0,71200.0,70500.0,70800.0,126671.0
2021-07-01 00:00:00+09:00,71000.0,71000.0,69700.0,69900.0,242859.0
2021-07-02 00:00:00+09:00,70000.0,72200.0,69900.0,71600.0,250971.0
2021-07-05 00:00:00+09:00,71600.0,71700.0,70400.0,71000.0,95195.0
2021-07-06 00:00:00+09:00,71700.0,71700.0,70700.0,70800.0,150636.0
2021-07-07 00:00:00+09:00,70000.0,70500.0,68600.0,68900.0,516359.0
2021-07-08 00:00:00+09:00,68900.0,69000.0,66900.0,67100.0,476814.0
2021-07-09 00:00:00+09:00,66500.0,66800.0,65700.0,66600.0,244779.0
2021-07-12 00:00:00+09:00,67100.0,68900.0,67100.0,68300.0,160837.0
2021-07-13 00:00:00+09:00,68800.0,69600.0,68500.0,69500.0,169669.0
2021-07-14 00:00:00+09:00,68900.0,70000.0,68400.0,69500.0,163073.0
2021-07-15 00:00:00+09:00,69800.0,71500.0,69800.0,70300.0,196332.0
2021-07-16 00:00:00+09:00,70500.0,70500.0,68800.0,69200.0,178430.0
2021-07-19 00:00:00+09:00,68800.0,68900.0,67600.0,67800.0,193004.0
2021-07-20 00:00:00+09:00,66700.0,67500.0,66700.0,67100.0,202704.0
2021-07-21 00:00:00+09:00,67400.0,68800.0,67400.0,68000.0,162517.0
2021-07-22 00:00:00+09:00,68800.0,70700.0,68400.0,69800.0,227994.0
2021-07-23 00:00:00+09:00,69500.0,70100.0,69100.0,69700.0,136323.0
2021-07-26 00:00:00+09:00,70300.0,70400.0,68000.0,68000.0,173480.0
2021-07-27 00:00:00+09:00,68700.0,69200.0,68200.0,68200.0,106547.0
2021-07-28 00:00:00+09:00,68900.0,69200.0,67700.0,68900.0,119875.0
2021-07-29 00:00:00+09:00,69100.0,69500.0,68900.0,69200.0,94743.0
2021-07-30 00:00:00+09:00,70000.0,70000.0,68500.0,68500.0,163831.0
2021-08-02 00:00:00+09:00,69500.0,69500.0,68300.0,68700.0,108610.0
2021-08-03 00:00:00+09:00,68500.0,69100.0,68200.0,68700.0,126624.0
2021-08-04 00:00:00+09:00,69200.0,69800.0,68700.0,69500.0,172901.0
2021-08-05 00:00:00+09:00,69300.0,69900.0,68900.0,68900.0,115106.0
2021-08-06 00:00:00+09:00,69400.0,69600.0,68600.0,69000.0,114639.0
2021-08-09 00:00:00+09:00,68500.0,68600.0,67600.0,67800.0,209084.0
2021-08-10 00:00:00+09:00,67800.0,67800.0,66800.0,67100.0,169621.0
2021-08-11 00:00:00+09:00,67900.0,69300.0,67500.0,69200.0,297931.0
2021-08-12 00:00:00+09:00,69200.0,70000.0,68200.0,68600.0,145943.0
2021-08-13 00:00:00+09:00,69200.0,69200.0,67100.0,67800.0,164451.0
2021-08-17 00:00:00+09:00,68000.0,68300.0,66000.0,66300.0,213441.0
2021-08-18 00:00:00+09:00,66300.0,67100.0,66000.0,66600.0,100577.0
2021-08-19 00:00:00+09:00,66700.0,66700.0,63700.0,63900.0,283865.0
2021-08-20 00:00:00+09:00,63800.0,64600.0,62000.0,63100.0,234833.0
2021-08-23 00:00:00+09:00,63200.0,64900.0,63000.0,63800.0,142239.0
2021-08-24 00:00:00+09:00,65000.0,66200.0,64900.0,65800.0,158514.0
2021-08-25 00:00:00+09:00,66000.0,66600.0,64800.0,65700.0,207366.0
2021-08-26 00:00:00+09:00,65000.0,65800.0,64200.0,64500.0,142805.0
2021-08-27 00:00:00+09:00,64500.0,65200.0,63900.0,64600.0,121040.0
2021-08-30 00:00:00+09:00,65400.0,66100.0,65100.0,65800.0,156676.0
2021-08-31 00:00:00+09:00,65100.0,65800.0,64600.0,65300.0,333726.0
2021-09-01 00:00:00+09:00,65300.0,66300.0,65100.0,65900.0,129363.0
2021-09-02 00:00:00+09:00,65900.0,66500.0,64800.0,64800.0,168586.0
2021-09-03 00:00:00+09:00,65200.0,65800.0,65000.0,65300.0,139510.0
2021-09-06 00:00:00+09:00,65500.0,66400.0,65200.0,65800.0,167723.0
2021-09-07 00:00:00+09:00,66500.0,67000.0,65600.0,66800.0,175435.0
2021-09-08 00:00:00+09:00,66800.0,68000.0,66100.0,67200.0,207488.0
2021-09-09 00:00:00+09:00,67200.0,67200.0,65200.0,65300.0,197807.0
2021-09-10 00:00:00+09:00,65900.0,66200.0,64700.0,65400.0,131794.0
2021-09-13 00:00:00+09:00,65500.0,66100.0,64700.0,66000.0,127948.0
2021-09-14 00:00:00+09:00,66700.0,69200.0,66500.0,68400.0,359558.0
2021-09-15 00:00:00+09:00,69000.0,69000.0,68000.0,68600.0,189692.0
2021-09-16 00:00:00+09:00,69900.0,70800.0,68700.0,69800.0,357375.0
2021-09-17 00:00:00+09:00,70500.0,70600.0,65200.0,65300.0,919473.0
2021-09-23 00:00:00+09:00,65300.0,65300.0,63600.0,64400.0,220574.0
2021-09-24 00:00:00+09:00,64600.0,64800.0,63900.0,64100.0,132488.0
2021-09-27 00:00:00+09:00,63400.0,65600.0,63400.0,64500.0,125577.0
2021-09-28 00:00:00+09:00,64100.0,66200.0,63800.0,65900.0,205008.0
2021-09-29 00:00:00+09:00,64900.0,65800.0,64000.0,64400.0,181476.0
2021-09-30 00:00:00+09:00,64000.0,65200.0,63800.0,64700.0,121317.0
2021-10-01 00:00:00+09:00,64100.0,65200.0,63500.0,64000.0,145533.0
2021-10-05 00:00:00+09:00,63400.0,64700.0,63300.0,64400.0,199684.0
2021-10-06 00:00:00+09:00,64600.0,65100.0,63500.0,63600.0,173170.0
2021-10-07 00:00:00+09:00,64000.0,64800.0,62700.0,63400.0,269296.0
2021-10-08 00:00:00+09:00,63500.0,63800.0,62100.0,62300.0,216349.0
2021-10-12 00:00:00+09:00,62600.0,64700.0,62000.0,64700.0,267069.0
2021-10-13 00:00:00+09:00,64700.0,65200.0,63700.0,64300.0,128827.0
2021-10-14 00:00:00+09:00,64900.0,64900.0,63600.0,64300.0,127811.0
2021-10-15 00:00:00+09:00,64300.0,65000.0,64100.0,64700.0,125433.0
2021-10-18 00:00:00+09:00,64700.0,65100.0,63700.0,64100.0,122605.0
2021-10-19 00:00:00+09:00,64300.0,64500.0,63900.0,63900.0,88600.0
2021-10-20 00:00:00+09:00,63900.0,64400.0,62500.0,62800.0,214973.0
2021-10-21 00:00:00+09:00,62900.0,63900.0,62700.0,63400.0,193974.0
2021-10-22 00:00:00+09:00,62900.0,63700.0,62400.0,62700.0,135290.0
2021-10-25 00:00:00+09:00,62700.0,65500.0,62400.0,65000.0,312194.0
2021-10-26 00:00:00+09:00,65200.0,65300.0,64300.0,65100.0,95476.0
2021-10-27 00:00:00+09:00,64900.0,66500.0,64400.0,65100.0,264863.0
2021-10-28 00:00:00+09:00,64900.0,65100.0,63200.0,63200.0,209223.0
2021-10-29 00:00:00+09:00,63700.0,64500.0,62800.0,63200.0,184777.0
2021-11-01 00:00:00+09:00,63200.0,63700.0,62600.0,62800.0,158498.0
2021-11-02 00:00:00+09:00,63200.0,64000.0,63000.0,63600.0,125274.0
2021-11-03 00:00:00+09:00,63700.0,63800.0,62700.0,62800.0,144884.0
2021-11-04 00:00:00+09:00,63000.0,63400.0,62200.0,62200.0,171048.0
2021-11-05 00:00:00+09:00,62400.0,62600.0,61100.0,61800.0,206359.0
2021-11-08 00:00:00+09:00,61900.0,62000.0,61200.0,61400.0,125572.0
2021-11-09 00:00:00+09:00,61500.0,62200.0,61400.0,61400.0,95378.0
2021-11-10 00:00:00+09:00,61100.0,61800.0,60300.0,60300.0,181167.0
2021-11-11 00:00:00+09:00,60100.0,60600.0,59400.0,59900.0,200324.0
2021-11-12 00:00:00+09:00,59500.0,61000.0,59500.0,60900.0,120561.0
2021-11-15 00:00:00+09:00,60900.0,61200.0,60400.0,60900.0,97270.0
2021-11-16 00:00:00+09:00,60500.0,60900.0,59800.0,60300.0,165813.0
2021-11-17 00:00:00+09:00,59800.0,60400.0,59000.0,59000.0,187137.0
2021-11-18 00:00:00+09:00,59000.0,59100.0,58200.0,58200.0,134734.0
2021-11-19 00:00:00+09:00,58300.0,58800.0,58000.0,58100.0,122894.0
2021-11-22 00:00:00+09:00,58000.0,58600.0,57200.0,58200.0,150277.0
2021-11-23 00:00:00+09:00,57500.0,58600.0,57500.0,57800.0,128270.0
2021-11-24 00:00:00+09:00,57800.0,58300.0,57100.0,57300.0,144146.0
2021-11-25 00:00:00+09:00,57100.0,57200.0,56500.0,57100.0,138427.0
2021-11-26 00:00:00+09:00,57000.0,57100.0,54900.0,55100.0,263013.0
2021-11-29 00:00:00+09:00,53800.0,55100.0,53300.0,54100.0,172689.0
2021-11-30 00:00:00+09:00,53600.0,54500.0,52200.0,52900.0,347296.0
2021-12-01 00:00:00+09:00,52800.0,53700.0,51800.0,53300.0,198391.0
2021-12-02 00:00:00+09:00,52600.0,54800.0,52300.0,54800.0,171065.0
2021-12-03 00:00:00+09:00,55000.0,55500.0,53600.0,55200.0,161551.0
2021-12-06 00:00:00+09:00,54900.0,57200.0,54600.0,56500.0,151303.0
2021-12-07 00:00:00+09:00,56700.0,57600.0,56600.0,57500.0,128726.0
2021-12-08 00:00:00+09:00,57800.0,58400.0,57000.0,57400.0,157249.0
2021-12-09 00:00:00+09:00,57700.0,58000.0,57400.0,57600.0,165552.0
2021-12-10 00:00:00+09:00,57600.0,57700.0,57000.0,57300.0,102692.0
2021-12-13 00:00:00+09:00,57500.0,58900.0,57500.0,58000.0,123369.0
2021-12-14 00:00:00+09:00,57600.0,58700.0,57500.0,58600.0,185494.0
2021-12-15 00:00:00+09:00,58700.0,59200.0,58300.0,58600.0,92557.0
2021-12-16 00:00:00+09:00,58900.0,59000.0,57200.0,57800.0,197189.0
2021-12-17 00:00:00+09:00,57400.0,58300.0,56600.0,58100.0,154161.0
2021-12-20 00:00:00+09:00,57900.0,58100.0,57100.0,57300.0,151657.0
2021-12-21 00:00:00+09:00,57000.0,58300.0,57000.0,57600.0,165219.0
2021-12-22 00:00:00+09:00,57700.0,58100.0,57000.0,57300.0,161912.0
2021-12-23 00:00:00+09:00,57600.0,57600.0,57000.0,57400.0,145495.0
2021-12-24 00:00:00+09:00,57400.0,58300.0,57400.0,58100.0,143859.0
2021-12-27 00:00:00+09:00,58500.0,58800.0,57600.0,58000.0,221704.0
2021-12-28 00:00:00+09:00,58100.0,58100.0,57300.0,57900.0,414085.0
2021-12-29 00:00:00+09:00,55600.0,55900.0,54600.0,54700.0,491052.0
2021-12-30 00:00:00+09:00,54700.0,54900.0,53500.0,53700.0,267483.0
2022-01-03 00:00:00+09:00,53700.0,54400.0,53300.0,53600.0,189628.0
2022-01-04 00:00:00+09:00,53500.0,55000.0,53000.0,54900.0,193389.0
2022-01-05 00:00:00+09:00,54400.0,56000.0,54400.0,55500.0,280125.0
2022-01-06 00:00:00+09:00,54800.0,55900.0,54600.0,54800.0,205008.0
2022-01-07 00:00:00+09:00,55000.0,55700.0,54600.0,55500.0,162147.0
2022-01-10 00:00:00+09:00,55200.0,55900.0,55000.0,55100.0,97975.0
2022-01-11 00:00:00+09:00,54800.0,55200.0,53500.0,53700.0,190266.0
2022-01-12 00:00:00+09:00,53800.0,54600.0,53700.0,54600.0,143392.0
2022-01-13 00:00:00+09:00,54600.0,55000.0,54100.0,54600.0,134946.0
2022-01-14 00:00:00+09:00,54100.0,54700.0,53400.0,53600.0,141089.0
2022-01-17 00:00:00+09:00,53600.0,53700.0,51700.0,52300.0,207185.0
2022-01-18 00:00:00+09:00,52000.0,52300.0,50500.0,51000.0,227783.0
2022-01-19 00:00:00+09:00,50300.0,51500.0,50200.0,51000.0,192087.0
2022-01-20 00:00:00+09:00,51000.0,51400.0,50200.0,50600.0,177837.0
2022-01-21 00:00:00+09:00,50100.0,50600.0,49950.0,50500.0,141435.0
2022-01-24 00:00:00+09:00,50500.0,50800.0,48500.0,48600.0,277899.0
2022-01-25 00:00:00+09:00,48550.0,48550.0,46900.0,47200.0,256807.0
2022-01-26 00:00:00+09:00,47050.0,47850.0,47000.0,47400.0,127495.0
2022-01-27 00:00:00+09:00,47300.0,47500.0,45500.0,46000.0,400339.0
2022-01-28 00:00:00+09:00,46150.0,47950.0,46050.0,47850.0,240661.0
2022-02-03 00:00:00+09:00,48200.0,49400.0,47800.0,49050.0,307751.0
2022-02-04 00:00:00+09:00,48950.0,49750.0,48900.0,49650.0,159729.0
2022-02-07 00:00:00+09:00,49250.0,49650.0,48750.0,49450.0,247023.0
2022-02-08 00:00:00+09:00,50900.0,51400.0,49600.0,49850.0,313561.0
2022-02-09 00:00:00+09:00,50500.0,50700.0,50000.0,50100.0,164085.0
2022-02-10 00:00:00+09:00,50100.0,51600.0,49850.0,51500.0,229245.0
2022-02-11 00:00:00+09:00,51100.0,51100.0,50100.0,50100.0,173252.0
2022-02-14 00:00:00+09:00,50200.0,50500.0,48800.0,49250.0,174727.0
2022-02-15 00:00:00+09:00,49100.0,49450.0,48200.0,48500.0,160830.0
2022-02-16 00:00:00+09:00,49050.0,49600.0,48900.0,49350.0,122788.0
2022-02-17 00:00:00+09:00,49650.0,50200.0,48900.0,49500.0,156144.0
2022-02-18 00:00:00+09:00,48700.0,49650.0,48650.0,49600.0,94383.0
2022-02-21 00:00:00+09:00,48900.0,49550.0,48550.0,49550.0,88424.0
2022-02-22 00:00:00+09:00,49300.0,49300.0,48350.0,48800.0,202002.0
2022-02-23 00:00:00+09:00,48950.0,51400.0,48950.0,50900.0,279534.0
2022-02-24 00:00:00+09:00,50300.0,51000.0,50000.0,50400.0,165642.0
2022-02-25 00:00:00+09:00,50900.0,51300.0,50400.0,51000.0,173534.0
2022-02-28 00:00:00+09:00,50700.0,51700.0,49900.0,51400.0,270956.0
2022-03-02 00:00:00+09:00,51400.0,53900.0,51200.0,53000.0,270910.0
2022-03-03 00:00:00+09:00,53500.0,54000.0,52800.0,52900.0,180689.0
2022-03-04 00:00:00+09:00,53200.0,54000.0,52500.0,53700.0,157927.0
2022-03-07 00:00:00+09:00,53800.0,54400.0,52300.0,52900.0,186859.0
2022-03-08 00:00:00+09:00,52500.0,52700.0,51500.0,51800.0,181480.0
2022-03-10 00:00:00+09:00,52900.0,52900.0,51700.0,52400.0,157704.0
2022-03-11 00:00:00+09:00,52100.0,52900.0,51900.0,52900.0,99466.0
2022-03-14 00:00:00+09:00,52500.0,52900.0,52300.0,52700.0,100164.0
2022-03-15 00:00:00+09:00,52200.0,52600.0,50700.0,51400.0,191751.0
2022-03-16 00:00:00+09:00,51600.0,52800.0,51400.0,52400.0,105042.0
2022-03-17 00:00:00+09:00,53300.0,53700.0,51800.0,51900.0,210522.0
2022-03-18 00:00:00+09:00,52000.0,52500.0,51300.0,52200.0,237878.0
2022-03-21 00:00:00+09:00,52300.0,52400.0,51700.0,52100.0,116197.0
2022-03-22 00:00:00+09:00,52200.0,52800.0,52100.0,52400.0,93254.0
2022-03-23 00:00:00+09:00,52500.0,53400.0,52500.0,53200.0,108156.0
2022-03-24 00:00:00+09:00,52600.0,53700.0,52600.0,53400.0,136739.0
2022-03-25 00:00:00+09:00,53400.0,53900.0,53000.0,53800.0,112301.0
2022-03-28 00:00:00+09:00,53500.0,54300.0,53100.0,54100.0,167474.0
2022-03-29 00:00:00+09:00,54300.0,54500.0,53300.0,53900.0,164365.0
2022-03-30 00:00:00+09:00,53900.0,54100.0,53300.0,53300.0,145518.0
2022-03-31 00:00:00+09:00,53300.0,54000.0,53300.0,53800.0,118201.0
2022-04-01 00:00:00+09:00,53500.0,54300.0,53500.0,54000.0,124294.0
2022-04-04 00:00:00+09:00,53800.0,54700.0,53800.0,54700.0,122513.0
2022-04-05 00:00:00+09:00,54800.0,55200.0,54400.0,55200.0,142816.0
2022-04-06 00:00:00+09:00,54700.0,55200.0,54500.0,54900.0,147196.0
2022-04-07 00:00:00+09:00,54400.0,54800.0,54000.0,54500.0,181069.0
2022-04-08 00:00:00+09:00,54500.0,55000.0,54200.0,54800.0,99637.0
2022-04-11 00:00:00+09:00,54700.0,55700.0,54400.0,55500.0,125478.0
2022-04-12 00:00:00+09:00,55400.0,56000.0,54900.0,55400.0,155376.0
2022-04-13 00:00:00+09:00,55900.0,57300.0,55400.0,57300.0,250593.0
2022-04-14 00:00:00+09:00,56900.0,58000.0,56800.0,57900.0,209273.0
2022-04-15 00:00:00+09:00,57300.0,58800.0,57100.0,58700.0,239642.0
2022-04-18 00:00:00+09:00,58300.0,59000.0,57500.0,58300.0,168912.0
2022-04-19 00:00:00+09:00,58400.0,59200.0,58000.0,59100.0,254477.0
2022-04-20 00:00:00+09:00,58900.0,59100.0,58400.0,59100.0,168624.0
2022-04-21 00:00:00+09:00,59200.0,59300.0,58200.0,58800.0,158908.0
2022-04-22 00:00:00+09:00,58400.0,59200.0,57900.0,58700.0,195037.0
2022-04-25 00:00:00+09:00,58500.0,58900.0,58100.0,58400.0,129475.0
2022-04-26 00:00:00+09:00,58500.0,59300.0,58400.0,58600.0,156223.0
2022-04-27 00:00:00+09:00,58000.0,58400.0,57100.0,58200.0,185475.0
2022-04-28 00:00:00+09:00,58200.0,59100.0,57800.0,59000.0,179335.0
2022-04-29 00:00:00+09:00,58800.0,59100.0,58000.0,58300.0,185194.0
2022-05-02 00:00:00+09:00,57700.0,58400.0,57500.0,58100.0,108855.0
2022-05-03 00:00:00+09:00,58100.0,58800.0,58000.0,58300.0,117457.0
2022-05-04 00:00:00+09:00,58300.0,58600.0,58100.0,58500.0,121736.0
2022-05-06 00:00:00+09:00,58100.0,59300.0,58100.0,58700.0,200230.0
2022-05-09 00:00:00+09:00,58600.0,59300.0,58300.0,59200.0,189109.0
2022-05-10 00:00:00+09:00,58600.0,59400.0,57800.0,59100.0,227143.0
2022-05-11 00:00:00+09:00,58800.0,58900.0,57800.0,58000.0,191703.0
2022-05-12 00:00:00+09:00,57900.0,58300.0,57000.0,57700.0,250389.0
2022-05-13 00:00:00+09:00,58100.0,59000.0,57400.0,59000.0,192985.0
2022-05-16 00:00:00+09:00,59300.0,59800.0,58700.0,59800.0,176861.0
2022-05-17 00:00:00+09:00,59800.0,60900.0,59500.0,60900.0,248000.0
2022-05-18 00:00:00+09:00,60900.0,61600.0,60600.0,61400.0,231310.0
2022-05-19 00:00:00+09:00,60000.0,61500.0,60000.0,60400.0,263657.0
2022-05-20 00:00:00+09:00,60800.0,61200.0,59600.0,60000.0,176111.0
2022-05-23 00:00:00+09:00,60000.0,60000.0,58300.0,58600.0,284260.0
2022-05-24 00:00:00+09:00,58400.0,58700.0,57600.0,57900.0,197152.0
2022-05-25 00:00:00+09:00,58300.0,58400.0,57800.0,58200.0,186049.0
2022-05-26 00:00:00+09:00,57900.0,58800.0,57900.0,58500.0,120884.0
2022-05-27 00:00:00+09:00,58500.0,59500.0,58500.0,59300.0,119372.0
2022-05-30 00:00:00+09:00,59100.0,60000.0,59100.0,59900.0,113808.0
2022-05-31 00:00:00+09:00,59900.0,62700.0,59800.0,62500.0,868866.0
2022-06-02 00:00:00+09:00,61900.0,63000.0,61600.0,62500.0,203534.0
2022-06-03 00:00:00+09:00,62700.0,63700.0,62500.0,62900.0,253843.0
2022-06-07 00:00:00+09:00,63000.0,63700.0,62700.0,63700.0,220688.0
2022-06-08 00:00:00+09:00,63900.0,65300.0,63700.0,65100.0,334833.0
2022-06-09 00:00:00+09:00,64700.0,66000.0,64400.0,64800.0,433240.0
2022-06-10 00:00:00+09:00,64200.0,65600.0,64000.0,65200.0,209446.0
2022-06-13 00:00:00+09:00,64300.0,64700.0,62200.0,62800.0,318866.0
2022-06-14 00:00:00+09:00,61400.0,62900.0,60800.0,62600.0,294178.0
2022-06-15 00:00:00+09:00,63000.0,63000.0,60500.0,60700.0,207162.0
2022-06-16 00:00:00+09:00,61500.0,61900.0,60500.0,60800.0,157410.0
2022-06-17 00:00:00+09:00,59300.0,61200.0,59000.0,59800.0,326873.0
2022-06-20 00:00:00+09:00,59500.0,59900.0,58700.0,59200.0,202344.0
2022-06-21 00:00:00+09:00,59600.0,62100.0,59500.0,61200.0,233312.0
2022-06-22 00:00:00+09:00,61800.0,61800.0,59300.0,59300.0,194773.0
2022-06-23 00:00:00+09:00,59400.0,60200.0,56500.0,58200.0,374352.0
2022-06-24 00:00:00+09:00,58200.0,59600.0,57700.0,59000.0,216419.0
2022-06-27 00:00:00+09:00,59600.0,61600.0,59200.0,61300.0,219598.0
2022-06-28 00:00:00+09:00,61600.0,62100.0,61200.0,61700.0,217892.0
2022-06-29 00:00:00+09:00,59900.0,60800.0,58800.0,59300.0,236908.0
2022-06-30 00:00:00+09:00,59500.0,60400.0,58500.0,59400.0,195769.0
2022-07-01 00:00:00+09:00,59600.0,59900.0,57100.0,58000.0,307308.0
2022-07-04 00:00:00+09:00,58000.0,58000.0,54700.0,55500.0,346028.0
2022-07-05 00:00:00+09:00,55200.0,55800.0,53000.0,54800.0,387843.0
2022-07-06 00:00:00+09:00,53700.0,54500.0,51100.0,51700.0,601763.0
2022-07-07 00:00:00+09:00,51900.0,52700.0,51500.0,52500.0,221606.0
2022-07-08 00:00:00+09:00,52800.0,53800.0,52700.0,52900.0,197543.0
2022-07-11 00:00:00+09:00,53100.0,53400.0,51700.0,52300.0,168264.0
2022-07-12 00:00:00+09:00,52000.0,52300.0,50500.0,51400.0,192029.0
2022-07-13 00:00:00+09:00,51200.0,52000.0,49850.0,51700.0,295225.0
2022-07-14 00:00:00+09:00,51300.0,51900.0,50500.0,51500.0,190616.0
2022-07-15 00:00:00+09:00,50900.0,51500.0,50200.0,51100.0,155409.0
2022-07-18 00:00:00+09:00,51300.0,53100.0,51300.0,52600.0,171419.0
2022-07-19 00:00:00+09:00,52600.0,53000.0,52000.0,52600.0,79393.0
2022-07-20 00:00:00+09:00,53200.0,53500.0,52500.0,52900.0,82889.0
2022-07-21 00:00:00+09:00,53600.0,54300.0,52800.0,53000.0,182271.0
2022-07-22 00:00:00+09:00,53000.0,53800.0,52800.0,53200.0,112299.0
2022-07-25 00:00:00+09:00,53200.0,53700.0,53100.0,53300.0,69516.0
2022-07-26 00:00:00+09:00,53300.0,55100.0,53300.0,54600.0,104808.0
2022-07-27 00:00:00+09:00,55000.0,55600.0,54500.0,55200.0,116527.0
2022-07-28 00:00:00+09:00,55200.0,55800.0,54500.0,55400.0,74140.0
2022-07-29 00:00:00+09:00,55900.0,57200.0,55500.0,56900.0,186450.0
2022-08-01 00:00:00+09:00,57000.0,58100.0,56300.0,57500.0,138575.0
2022-08-02 00:00:00+09:00,57000.0,57300.0,56500.0,57200.0,78331.0
2022-08-03 00:00:00+09:00,56600.0,57600.0,56600.0,57200.0,73032.0
2022-08-04 00:00:00+09:00,57000.0,57100.0,55900.0,56600.0,146327.0
2022-08-05 00:00:00+09:00,56600.0,57200.0,56200.0,56500.0,78018.0
2022-08-08 00:00:00+09:00,56000.0,56800.0,55900.0,56800.0,236898.0
2022-08-09 00:00:00+09:00,56900.0,57500.0,56600.0,57200.0,88690.0
2022-08-10 00:00:00+09:00,57500.0,58500.0,57200.0,58400.0,134217.0
2022-08-11 00:00:00+09:00,58300.0,58900.0,57900.0,58600.0,109835.0
2022-08-12 00:00:00+09:00,58700.0,59800.0,58700.0,59700.0,115216.0
2022-08-16 00:00:00+09:00,59500.0,60000.0,58800.0,59100.0,110278.0
2022-08-17 00:00:00+09:00,59400.0,60000.0,58600.0,59000.0,75923.0
2022-08-18 00:00:00+09:00,58900.0,59700.0,58300.0,59400.0,96149.0
2022-08-19 00:00:00+09:00,59800.0,60000.0,59200.0,59200.0,70755.0
2022-08-22 00:00:00+09:00,58500.0,59900.0,58400.0,59900.0,130486.0
2022-08-23 00:00:00+09:00,59100.0,60600.0,59100.0,60400.0,158692.0
2022-08-24 00:00:00+09:00,60700.0,62400.0,60600.0,62200.0,226857.0
2022-08-25 00:00:00+09:00,62500.0,62700.0,61500.0,61900.0,188687.0
2022-08-26 00:00:00+09:00,62000.0,62500.0,61600.0,62500.0,167619.0
2022-08-29 00:00:00+09:00,60700.0,62100.0,60700.0,61900.0,144286.0
2022-08-30 00:00:00+09:00,62200.0,63000.0,62000.0,62900.0,200295.0
2022-08-31 00:00:00+09:00,62600.0,63200.0,61300.0,63200.0,280474.0
2022-09-01 00:00:00+09:00,62500.0,63300.0,61200.0,61600.0,178872.0
2022-09-02 00:00:00+09:00,61300.0,62000.0,60300.0,61700.0,138579.0
2022-09-05 00:00:00+09:00,61900.0,62100.0,61200.0,61600.0,78429.0
2022-09-06 00:00:00+09:00,62100.0,62500.0,61700.0,62300.0,70354.0
2022-09-07 00:00:00+09:00,61800.0,62300.0,60300.0,60700.0,129082.0
2022-09-08 00:00:00+09:00,60900.0,61300.0,59000.0,60000.0,220387.0
2022-09-13 00:00:00+09:00,60900.0,61400.0,60100.0,60900.0,115133.0
2022-09-14 00:00:00+09:00,59900.0,60100.0,58800.0,58800.0,151708.0
2022-09-15 00:00:00+09:00,59000.0,59900.0,58900.0,59500.0,100101.0
2022-09-16 00:00:00+09:00,58600.0,59300.0,57900.0,58500.0,196489.0
2022-09-19 00:00:00+09:00,58500.0,58900.0,57600.0,58300.0,85459.0
2022-09-20 00:00:00+09:00,58900.0,59400.0,57700.0,58700.0,132359.0
2022-09-21 00:00:00+09:00,58000.0,60100.0,58000.0,59000.0,96520.0
2022-09-22 00:00:00+09:00,58600.0,60200.0,58300.0,60000.0,131841.0
2022-09-23 00:00:00+09:00,60300.0,60300.0,59100.0,59200.0,83591.0
2022-09-26 00:00:00+09:00,58600.0,58600.0,55800.0,56100.0,188719.0
2022-09-27 00:00:00+09:00,56900.0,56900.0,54800.0,55900.0,164666.0
2022-09-28 00:00:00+09:00,55000.0,55800.0,53300.0,54200.0,161962.0
2022-09-29 00:00:00+09:00,54700.0,55700.0,54200.0,55000.0,150024.0
2022-09-30 00:00:00+09:00,55500.0,55500.0,53500.0,54100.0,173857.0
2022-10-04 00:00:00+09:00,54600.0,57200.0,54300.0,56900.0,166091.0
2022-10-05 00:00:00+09:00,57400.0,57700.0,56200.0,57300.0,126865.0
2022-10-06 00:00:00+09:00,57800.0,58800.0,57400.0,57900.0,96448.0
2022-10-07 00:00:00+09:00,57300.0,59100.0,57200.0,59100.0,180180.0
2022-10-11 00:00:00+09:00,58300.0,58700.0,57100.0,57600.0,121631.0
2022-10-12 00:00:00+09:00,56700.0,58200.0,56600.0,58000.0,88187.0
2022-10-13 00:00:00+09:00,57500.0,58100.0,57000.0,57400.0,112121.0
2022-10-14 00:00:00+09:00,57700.0,59500.0,57300.0,58500.0,123716.0
2022-10-17 00:00:00+09:00,58400.0,58400.0,57300.0,57800.0,69734.0
2022-10-18 00:00:00+09:00,58700.0,58900.0,57300.0,58200.0,63200.0
2022-10-19 00:00:00+09:00,58600.0,58800.0,57700.0,58800.0,68983.0
2022-10-20 00:00:00+09:00,58300.0,59000.0,57700.0,58400.0,157486.0
2022-10-21 00:00:00+09:00,58000.0,58300.0,57200.0,57500.0,90801.0
2022-10-24 00:00:00+09:00,58200.0,58400.0,56900.0,57200.0,101093.0
2022-10-25 00:00:00+09:00,57300.0,57600.0,55700.0,56500.0,119728.0
2022-10-26 00:00:00+09:00,56200.0,56600.0,55400.0,56200.0,72841.0
2022-10-27 00:00:00+09:00,56900.0,59000.0,56300.0,58900.0,159190.0
2022-10-28 00:00:00+09:00,59200.0,61300.0,58800.0,60300.0,215383.0
2022-10-31 00:00:00+09:00,60500.0,60900.0,59600.0,60900.0,133762.0
2022-11-01 00:00:00+09:00,61500.0,61600.0,60800.0,61100.0,87502.0
2022-11-02 00:00:00+09:00,60700.0,61500.0,60500.0,61400.0,117294.0
2022-11-03 00:00:00+09:00,60700.0,61800.0,60300.0,61400.0,120731.0
2022-11-04 00:00:00+09:00,61100.0,62700.0,61100.0,62300.0,116915.0
2022-11-07 00:00:00+09:00,62400.0,63900.0,61800.0,63800.0,207657.0
2022-11-08 00:00:00+09:00,64300.0,64400.0,62800.0,64100.0,121839.0
2022-11-09 00:00:00+09:00,64200.0,64300.0,62700.0,63100.0,144639.0
2022-11-10 00:00:00+09:00,62800.0,63100.0,61500.0,61500.0,159921.0
2022-11-11 00:00:00+09:00,62500.0,62800.0,61200.0,61800.0,161308.0
2022-11-14 00:00:00+09:00,62000.0,62600.0,61100.0,62400.0,153895.0
2022-11-15 00:00:00+09:00,62800.0,62800.0,61400.0,61600.0,95032.0
2022-11-16 00:00:00+09:00,61800.0,62800.0,61300.0,62200.0,103335.0
2022-11-17 00:00:00+09:00,62700.0,62800.0,61600.0,62000.0,65500.0
2022-11-18 00:00:00+09:00,61500.0,63000.0,61500.0,62900.0,113400.0
2022-11-21 00:00:00+09:00,62900.0,64200.0,62100.0,64200.0,232488.0
2022-11-22 00:00:00+09:00,64000.0,64500.0,63300.0,63600.0,99768.0
2022-11-23 00:00:00+09:00,63300.0,64900.0,63200.0,64800.0,179225.0
2022-11-24 00:00:00+09:00,64700.0,64900.0,63700.0,64100.0,82804.0
2022-11-25 00:00:00+09:00,64300.0,64800.0,64000.0,64700.0,86888.0
2022-11-28 00:00:00+09:00,64500.0,64700.0,63400.0,64500.0,92647.0
2022-11-29 00:00:00+09:00,64800.0,64900.0,64100.0,64800.0,104564.0
2022-11-30 00:00:00+09:00,64400.0,65000.0,64000.0,64500.0,205028.0
2022-12-01 00:00:00+09:00,64600.0,65000.0,64400.0,65000.0,108867.0
2022-12-02 00:00:00+09:00,65000.0,65100.0,63500.0,63600.0,131462.0
2022-12-05 00:00:00+09:00,63100.0,64700.0,62900.0,64200.0,109804.0
2022-12-06 00:00:00+09:00,64200.0,64800.0,63800.0,64700.0,108083.0
2022-12-07 00:00:00+09:00,64700.0,64800.0,63700.0,63900.0,139183.0
2022-12-08 00:00:00+09:00,64400.0,64400.0,62700.0,63300.0,190241.0
2022-12-09 00:00:00+09:00,63800.0,64200.0,63300.0,63800.0,121915.0
2022-12-12 00:00:00+09:00,64200.0,65000.0,63800.0,64900.0,193983.0
2022-12-13 00:00:00+09:00,65000.0,65000.0,64200.0,64500.0,128254.0
2022-12-14 00:00:00+09:00,65000.0,65500.0,64600.0,65400.0,179827.0
2022-12-15 00:00:00+09:00,65400.0,65500.0,64900.0,65100.0,113323.0
2022-12-16 00:00:00+09:00,64400.0,65100.0,64100.0,64900.0,227984.0
2022-12-19 00:00:00+09:00,64500.0,65300.0,64100.0,65000.0,132843.0
2022-12-20 00:00:00+09:00,65100.0,65200.0,64200.0,64200.0,94165.0
2022-12-21 00:00:00+09:00,64900.0,65200.0,64600.0,65000.0,108593.0
2022-12-22 00:00:00+09:00,65000.0,65200.0,64600.0,65100.0,102762.0
2022-12-23 00:00:00+09:00,65000.0,65000.0,64100.0,64700.0,106745.0
2022-12-26 00:00:00+09:00,64500.0,64700.0,63700.0,63800.0,151106.0
2022-12-27 00:00:00+09:00,64000.0,64100.0,62700.0,63700.0,395672.0
2022-12-28 00:00:00+09:00,60000.0,60200.0,59000.0,60100.0,292956.0
2022-12-29 00:00:00+09:00,59400.0,59800.0,57100.0,57100.0,180151.0
2023-01-02 00:00:00+09:00,57500.0,58300.0,56200.0,56400.0,80622.0
2023-01-03 00:00:00+09:00,56400.0,56700.0,54700.0,55400.0,137867.0
2023-01-04 00:00:00+09:00,54400.0,55700.0,54400.0,54600.0,153600.0
2023-01-05 00:00:00+09:00,54700.0,55800.0,54200.0,55500.0,201476.0
2023-01-06 00:00:00+09:00,55000.0,56300.0,54700.0,56000.0,137446.0
2023-01-09 00:00:00+09:00,56600.0,57100.0,55800.0,56300.0,143861.0
2023-01-10 00:00:00+09:00,56700.0,57100.0,55600.0,56500.0,163811.0
2023-01-11 00:00:00+09:00,56900.0,57300.0,56100.0,56500.0,152425.0
2023-01-12 00:00:00+09:00,56400.0,57800.0,56300.0,57300.0,168434.0
2023-01-13 00:00:00+09:00,58300.0,59800.0,57500.0,59800.0,244289.0
2023-01-16 00:00:00+09:00,59800.0,60000.0,58600.0,58900.0,142501.0
2023-01-17 00:00:00+09:00,59400.0,60900.0,58500.0,60800.0,218619.0
2023-01-18 00:00:00+09:00,60900.0,61000.0,59700.0,60300.0,118206.0
2023-01-19 00:00:00+09:00,59800.0,62700.0,59700.0,62500.0,232483.0
2023-01-20 00:00:00+09:00,62100.0,63200.0,62100.0,63200.0,139840.0
2023-01-25 00:00:00+09:00,63000.0,63600.0,62500.0,63000.0,143923.0
2023-01-26 00:00:00+09:00,62400.0,63300.0,62400.0,63200.0,120276.0
2023-01-27 00:00:00+09:00,63000.0,64200.0,62700.0,63900.0,197779.0
2023-01-30 00:00:00+09:00,63400.0,63500.0,62200.0,62500.0,180020.0
2023-01-31 00:00:00+09:00,62500.0,63000.0,61000.0,61100.0,205247.0
2023-02-01 00:00:00+09:00,60900.0,61300.0,60300.0,61300.0,148652.0
2023-02-02 00:00:00+09:00,61900.0,62200.0,60500.0,60500.0,167436.0
2023-02-03 00:00:00+09:00,60400.0,60700.0,59300.0,60200.0,167464.0
2023-02-06 00:00:00+09:00,60300.0,61100.0,59400.0,60100.0,134167.0
2023-02-07 00:00:00+09:00,59900.0,60900.0,59300.0,59600.0,149959.0
2023-02-08 00:00:00+09:00,60100.0,60400.0,59400.0,59800.0,125712.0
2023-02-09 00:00:00+09:00,59800.0,60600.0,59600.0,59900.0,139765.0
2023-02-10 00:00:00+09:00,59400.0,60100.0,58800.0,60100.0,100834.0
2023-02-13 00:00:00+09:00,59700.0,63000.0,59700.0,62800.0,264775.0
2023-02-14 00:00:00+09:00,62400.0,63200.0,61400.0,61500.0,143636.0
2023-02-15 00:00:00+09:00,61700.0,62300.0,60500.0,61100.0,131352.0
2023-02-16 00:00:00+09:00,61400.0,62200.0,61100.0,61900.0,159454.0
2023-02-17 00:00:00+09:00,61400.0,62800.0,61100.0,62300.0,109913.0
2023-02-20 00:00:00+09:00,62100.0,62100.0,61000.0,61300.0,86580.0
2023-02-21 00:00:00+09:00,61100.0,61900.0,60300.0,61700.0,137540.0
2023-02-22 00:00:00+09:00,61000.0,61400.0,60400.0,60700.0,99098.0
2023-02-23 00:00:00+09:00,60400.0,60600.0,59900.0,60100.0,166093.0
2023-02-24 00:00:00+09:00,59900.0,60600.0,59900.0,60100.0,95228.0
2023-02-27 00:00:00+09:00,59900.0,60400.0,59200.0,60300.0,91011.0
2023-02-28 00:00:00+09:00,60500.0,60600.0,59100.0,59400.0,246539.0
2023-03-02 00:00:00+09:00,59000.0,60100.0,58800.0,59500.0,176399.0
2023-03-03 00:00:00+09:00,59500.0,60000.0,58300.0,58500.0,241054.0
2023-03-06 00:00:00+09:00,58500.0,59200.0,58000.0,58800.0,202758.0
2023-03-07 00:00:00+09:00,58800.0,59500.0,58500.0,58700.0,106942.0
2023-03-08 00:00:00+09:00,58000.0,58800.0,57200.0,57700.0,204991.0
2023-03-09 00:00:00+09:00,57900.0,58400.0,57200.0,57400.0,190831.0
2023-03-10 00:00:00+09:00,57000.0,57400.0,56100.0,56500.0,214685.0
2023-03-13 00:00:00+09:00,55900.0,57800.0,55900.0,57500.0,128569.0
2023-03-14 00:00:00+09:00,57000.0,57500.0,55800.0,56000.0,205060.0
2023-03-15 00:00:00+09:00,56400.0,57600.0,56100.0,57000.0,125755.0
2023-03-16 00:00:00+09:00,56100.0,56700.0,55900.0,56100.0,149458.0
2023-03-17 00:00:00+09:00,56300.0,56900.0,56000.0,56400.0,148516.0
2023-03-20 00:00:00+09:00,56500.0,56800.0,55900.0,56000.0,100624.0
2023-03-21 00:00:00+09:00,56200.0,56800.0,56100.0,56500.0,89861.0
2023-03-22 00:00:00+09:00,56900.0,57100.0,56500.0,56900.0,90501.0
2023-03-23 00:00:00+09:00,56900.0,57300.0,56400.0,57000.0,87740.0
2023-03-24 00:00:00+09:00,56500.0,57200.0,56400.0,56900.0,85332.0
2023-03-27 00:00:00+09:00,57400.0,57400.0,56600.0,56700.0,70578.0
2023-03-28 00:00:00+09:00,56900.0,58100.0,56800.0,57700.0,109617.0
2023-03-29 00:00:00+09:00,58000.0,58200.0,57400.0,57800.0,78322.0
2023-03-30 00:00:00+09:00,57900.0,58300.0,57000.0,57800.0,160760.0
2023-03-31 00:00:00+09:00,57800.0,58500.0,57600.0,58100.0,101379.0
2023-04-03 00:00:00+09:00,58800.0,59400.0,58500.0,58800.0,137323.0
2023-04-04 00:00:00+09:00,59500.0,59600.0,58600.0,59300.0,87689.0
2023-04-05 00:00:00+09:00,59500.0,59700.0,58500.0,58800.0,107794.0
2023-04-06 00:00:00+09:00,58800.0,59000.0,57700.0,57900.0,104781.0
2023-04-07 00:00:00+09:00,57600.0,58100.0,56500.0,56900.0,196695.0
2023-04-10 00:00:00+09:00,56600.0,57700.0,56300.0,57000.0,116584.0
2023-04-11 00:00:00+09:00,57200.0,58500.0,57100.0,58300.0,148034.0
2023-04-12 00:00:00+09:00,58200.0,59300.0,58200.0,58800.0,104431.0
2023-04-13 00:00:00+09:00,58800.0,59000.0,58100.0,59000.0,165769.0
2023-04-14 00:00:00+09:00,59000.0,60700.0,59000.0,60000.0,182379.0
2023-04-17 00:00:00+09:00,60100.0,61000.0,59900.0,60400.0,137360.0
2023-04-18 00:00:00+09:00,60000.0,60900.0,59600.0,59900.0,111814.0
2023-04-19 00:00:00+09:00,59700.0,60300.0,59300.0,59800.0,110626.0
2023-04-20 00:00:00+09:00,59600.0,60500.0,59300.0,60000.0,84676.0
2023-04-21 00:00:00+09:00,59400.0,60100.0,58700.0,60000.0,145409.0
2023-04-24 00:00:00+09:00,60000.0,60200.0,59200.0,60100.0,88569.0
2023-04-25 00:00:00+09:00,60100.0,60100.0,59100.0,59400.0,102046.0
2023-04-26 00:00:00+09:00,59100.0,59700.0,58700.0,58700.0,109741.0
2023-04-27 00:00:00+09:00,58700.0,59000.0,57700.0,58900.0,93836.0
2023-04-28 00:00:00+09:00,58900.0,59300.0,58100.0,59200.0,166714.0
2023-05-02 00:00:00+09:00,58900.0,59800.0,58900.0,59800.0,137933.0
2023-05-03 00:00:00+09:00,59400.0,59700.0,59100.0,59300.0,107440.0
2023-05-04 00:00:00+09:00,58600.0,58700.0,57400.0,57900.0,259399.0
2023-05-08 00:00:00+09:00,58000.0,59400.0,57900.0,58900.0,145536.0
2023-05-09 00:00:00+09:00,58900.0,59500.0,58500.0,59200.0,126217.0
2023-05-10 00:00:00+09:00,58900.0,59200.0,58500.0,59200.0,122918.0
2023-05-11 00:00:00+09:00,59100.0,59300.0,58600.0,58900.0,159298.0
2023-05-12 00:00:00+09:00,58500.0,58600.0,57600.0,57900.0,223457.0
2023-05-15 00:00:00+09:00,57600.0,58200.0,57200.0,58100.0,129207.0
2023-05-16 00:00:00+09:00,57500.0,57700.0,57100.0,57400.0,124236.0
2023-05-17 00:00:00+09:00,57100.0,57500.0,57000.0,57300.0,102113.0
2023-05-18 00:00:00+09:00,57300.0,57700.0,57100.0,57700.0,137064.0
2023-05-19 00:00:00+09:00,57500.0,58300.0,57500.0,58000.0,90238.0
2023-05-22 00:00:00+09:00,57900.0,59400.0,57900.0,59400.0,167819.0
2023-05-23 00:00:00+09:00,59400.0,59600.0,59200.0,59500.0,99305.0
2023-05-24 00:00:00+09:00,59200.0,60500.0,59000.0,59700.0,233526.0
2023-05-25 00:00:00+09:00,59400.0,59900.0,59100.0,59600.0,94068.0
2023-05-26 00:00:00+09:00,59100.0,59400.0,58600.0,58800.0,103663.0
2023-05-30 00:00:00+09:00,58900.0,59000.0,57600.0,57700.0,226026.0
2023-05-31 00:00:00+09:00,57700.0,58200.0,57100.0,57100.0,733227.0
2023-06-01 00:00:00+09:00,57500.0,58000.0,57200.0,57400.0,137821.0
2023-06-02 00:00:00+09:00,57400.0,58600.0,57400.0,58500.0,144842.0
2023-06-05 00:00:00+09:00,58600.0,59800.0,58600.0,59500.0,191996.0
2023-06-07 00:00:00+09:00,59400.0,60200.0,59300.0,60100.0,209140.0
2023-06-08 00:00:00+09:00,60100.0,60500.0,59800.0,60200.0,238156.0
2023-06-09 00:00:00+09:00,60500.0,60500.0,59600.0,60100.0,138114.0
2023-06-12 00:00:00+09:00,60600.0,60600.0,59600.0,60100.0,100420.0
2023-06-13 00:00:00+09:00,59900.0,60000.0,59200.0,59400.0,149874.0
2023-06-14 00:00:00+09:00,59400.0,59900.0,59200.0,59700.0,117396.0
2023-06-15 00:00:00+09:00,59700.0,59800.0,58900.0,59100.0,170754.0
2023-06-16 00:00:00+09:00,59500.0,61300.0,59300.0,61300.0,700901.0
2023-06-19 00:00:00+09:00,61600.0,63500.0,61300.0,63400.0,367957.0
2023-06-20 00:00:00+09:00,63000.0,63900.0,62500.0,62900.0,243226.0
2023-06-21 00:00:00+09:00,63100.0,63900.0,62500.0,63500.0,248102.0
2023-06-22 00:00:00+09:00,63500.0,63500.0,62300.0,63300.0,161650.0
2023-06-23 00:00:00+09:00,62900.0,63000.0,62100.0,62300.0,159753.0
2023-06-26 00:00:00+09:00,62600.0,63400.0,62300.0,62500.0,107557.0
2023-06-27 00:00:00+09:00,62500.0,62900.0,61800.0,62600.0,135568.0
2023-06-28 00:00:00+09:00,62700.0,62800.0,61000.0,61100.0,153472.0
2023-06-29 00:00:00+09:00,60400.0,60900.0,59600.0,59600.0,114104.0
2023-06-30 00:00:00+09:00,60000.0,60700.0,59400.0,59900.0,117442.0
2023-07-03 00:00:00+09:00,60000.0,60500.0,59400.0,60000.0,134151.0
2023-07-04 00:00:00+09:00,60000.0,60000.0,58900.0,59200.0,158924.0
2023-07-05 00:00:00+09:00,59100.0,59700.0,58300.0,58600.0,151826.0
2023-07-06 00:00:00+09:00,58900.0,59200.0,58200.0,58500.0,196417.0
2023-07-07 00:00:00+09:00,58100.0,58200.0,56900.0,57800.0,308792.0
2023-07-10 00:00:00+09:00,58000.0,60200.0,57500.0,59700.0,186219.0
2023-07-11 00:00:00+09:00,60200.0,60300.0,58500.0,59300.0,195744.0
2023-07-12 00:00:00+09:00,59300.0,59700.0,58800.0,59700.0,156100.0
2023-07-13 00:00:00+09:00,60000.0,60400.0,59500.0,59500.0,148238.0
2023-07-14 00:00:00+09:00,59800.0,61100.0,59700.0,61100.0,149428.0
2023-07-17 00:00:00+09:00,60900.0,61000.0,59600.0,59900.0,134836.0
2023-07-18 00:00:00+09:00,60200.0,60200.0,58900.0,59100.0,88552.0
2023-07-19 00:00:00+09:00,59500.0,59800.0,58900.0,59400.0,93886.0
2023-07-20 00:00:00+09:00,59000.0,59500.0,58700.0,59000.0,76301.0
2023-07-21 00:00:00+09:00,58900.0,60100.0,58400.0,60000.0,120689.0
2023-07-24 00:00:00+09:00,59300.0,59800.0,58600.0,59500.0,120750.0
2023-07-25 00:00:00+09:00,59500.0,62200.0,59300.0,62000.0,278017.0
2023-07-26 00:00:00+09:00,62100.0,62100.0,59900.0,61100.0,262678.0
2023-07-27 00:00:00+09:00,61300.0,61900.0,59900.0,60900.0,226240.0
2023-07-28 00:00:00+09:00,60300.0,62400.0,60000.0,61800.0,184473.0
2023-07-31 00:00:00+09:00,62100.0,62200.0,61100.0,61600.0,167584.0
2023-08-01 00:00:00+09:00,61300.0,62500.0,61100.0,62400.0,133881.0
2023-08-02 00:00:00+09:00,62000.0,62900.0,61100.0,61800.0,112059.0
2023-08-03 00:00:00+09:00,61700.0,62200.0,60600.0,61400.0,120894.0
2023-08-04 00:00:00+09:00,61800.0,63000.0,60800.0,62500.0,176544.0
2023-08-07 00:00:00+09:00,62300.0,63700.0,61800.0,63000.0,236382.0
2023-08-08 00:00:00+09:00,63600.0,64500.0,63100.0,63800.0,191204.0
2023-08-09 00:00:00+09:00,63800.0,63800.0,61900.0,62500.0,123682.0
2023-08-10 00:00:00+09:00,62500.0,63400.0,61300.0,61800.0,140779.0
2023-08-11 00:00:00+09:00,61400.0,62100.0,61400.0,61800.0,109137.0
2023-08-14 00:00:00+09:00,61500.0,62400.0,60600.0,60900.0,143174.0
2023-08-16 00:00:00+09:00,60300.0,60400.0,59200.0,59200.0,158061.0
2023-08-17 00:00:00+09:00,59000.0,59400.0,58100.0,59200.0,132519.0
2023-08-18 00:00:00+09:00,58600.0,58900.0,58500.0,58600.0,89895.0
2023-08-21 00:00:00+09:00,59100.0,59500.0,58600.0,59100.0,69713.0
2023-08-22 00:00:00+09:00,59600.0,59600.0,58400.0,58800.0,129177.0
2023-08-23 00:00:00+09:00,58300.0,59200.0,58300.0,59000.0,82845.0
2023-08-24 00:00:00+09:00,59000.0,59100.0,58200.0,58400.0,131354.0
2023-08-25 00:00:00+09:00,58200.0,58400.0,57700.0,58400.0,84690.0
2023-08-28 00:00:00+09:00,59000.0,59900.0,58600.0,59600.0,113246.0
2023-08-29 00:00:00+09:00,59800.0,60000.0,59200.0,59500.0,69172.0
2023-08-30 00:00:00+09:00,59800.0,59800.0,59000.0,59100.0,79409.0
2023-08-31 00:00:00+09:00,59200.0,59400.0,58600.0,59100.0,260240.0
2023-09-01 00:00:00+09:00,58800.0,59400.0,58500.0,58500.0,148212.0
2023-09-04 00:00:00+09:00,58600.0,60300.0,58600.0,60100.0,165070.0
2023-09-05 00:00:00+09:00,59900.0,60600.0,59700.0,60000.0,122093.0
2023-09-06 00:00:00+09:00,60200.0,61000.0,60100.0,60400.0,176046.0
2023-09-07 00:00:00+09:00,60800.0,63900.0,60400.0,63700.0,689787.0
2023-09-08 00:00:00+09:00,63500.0,67600.0,62800.0,67500.0,897433.0
2023-09-11 00:00:00+09:00,68700.0,75500.0,68700.0,70800.0,2044375.0
2023-09-12 00:00:00+09:00,70900.0,71600.0,69900.0,70700.0,556262.0
2023-09-13 00:00:00+09:00,70800.0,71500.0,69400.0,71100.0,388330.0
2023-09-14 00:00:00+09:00,71600.0,72000.0,68400.0,69800.0,610687.0
2023-09-15 00:00:00+09:00,70400.0,71800.0,70000.0,70500.0,506040.0
2023-09-18 00:00:00+09:00,71400.0,73400.0,70700.0,71500.0,313486.0
2023-09-19 00:00:00+09:00,72400.0,72400.0,69600.0,70100.0,257939.0
2023-09-20 00:00:00+09:00,70500.0,70600.0,67000.0,67600.0,529139.0
2023-09-21 00:00:00+09:00,67000.0,67400.0,65500.0,65600.0,336074.0
2023-09-22 00:00:00+09:00,65000.0,67700.0,63400.0,67200.0,342166.0
2023-09-25 00:00:00+09:00,67400.0,67500.0,65900.0,66300.0,173709.0
2023-09-26 00:00:00+09:00,66000.0,66000.0,64400.0,64500.0,160691.0
2023-09-27 00:00:00+09:00,64200.0,67000.0,64000.0,66300.0,221199.0
2023-10-04 00:00:00+09:00,65600.0,66000.0,63700.0,63700.0,223846.0
2023-10-05 00:00:00+09:00,64300.0,64300.0,61000.0,61200.0,417034.0
2023-10-06 00:00:00+09:00,61200.0,61700.0,60000.0,60100.0,229379.0
2023-10-10 00:00:00+09:00,61400.0,61600.0,60700.0,61100.0,217373.0
2023-10-11 00:00:00+09:00,61500.0,61700.0,60900.0,61400.0,181339.0
2023-10-12 00:00:00+09:00,61400.0,61600.0,60900.0,61200.0,256563.0
2023-10-13 00:00:00+09:00,60600.0,61200.0,60400.0,60800.0,133155.0
2023-10-16 00:00:00+09:00,61200.0,61700.0,60700.0,60900.0,168804.0
2023-10-17 00:00:00+09:00,61400.0,61800.0,60700.0,60800.0,122609.0
2023-10-18 00:00:00+09:00,61200.0,62800.0,61200.0,62600.0,236620.0
2023-10-19 00:00:00+09:00,62000.0,62400.0,60700.0,61100.0,206646.0
2023-10-20 00:00:00+09:00,61200.0,61300.0,60300.0,60500.0,155904.0
2023-10-23 00:00:00+09:00,60100.0,60500.0,59600.0,59700.0,158373.0
2023-10-24 00:00:00+09:00,60200.0,60300.0,58700.0,59400.0,183855.0
2023-10-25 00:00:00+09:00,59500.0,61100.0,59400.0,60800.0,152887.0
2023-10-26 00:00:00+09:00,60800.0,60900.0,58700.0,59000.0,266550.0
2023-10-27 00:00:00+09:00,59000.0,59800.0,58700.0,58700.0,156659.0
2023-10-30 00:00:00+09:00,58900.0,59100.0,58200.0,58800.0,151922.0
2023-10-31 00:00:00+09:00,59300.0,60000.0,56900.0,57400.0,250319.0
2023-11-01 00:00:00+09:00,57900.0,58000.0,57300.0,57500.0,108316.0
2023-11-02 00:00:00+09:00,58400.0,59100.0,58100.0,58300.0,124024.0
2023-11-03 00:00:00+09:00,59000.0,59200.0,58400.0,59000.0,107051.0
2023-11-06 00:00:00+09:00,59700.0,60500.0,59100.0,60500.0,201265.0
2023-11-07 00:00:00+09:00,60000.0,60400.0,59200.0,59600.0,112881.0
2023-11-08 00:00:00+09:00,59500.0,59800.0,58500.0,59100.0,188029.0
2023-11-09 00:00:00+09:00,58700.0,59800.0,58700.0,59200.0,126628.0
2023-11-10 00:00:00+09:00,58800.0,59400.0,58700.0,59100.0,65615.0
2023-11-13 00:00:00+09:00,59600.0,59600.0,58000.0,58100.0,213645.0
2023-11-14 00:00:00+09:00,58600.0,59200.0,58300.0,58700.0,140023.0
2023-11-15 00:00:00+09:00,59600.0,60200.0,59100.0,60200.0,164081.0
2023-11-16 00:00:00+09:00,60200.0,60200.0,59200.0,59700.0,122733.0
2023-11-17 00:00:00+09:00,59500.0,59600.0,59100.0,59300.0,145056.0
2023-11-20 00:00:00+09:00,59400.0,60500.0,59300.0,60200.0,112164.0
2023-11-21 00:00:00+09:00,60500.0,60800.0,59800.0,60200.0,149623.0
2023-11-22 00:00:00+09:00,59900.0,61300.0,59700.0,61000.0,163218.0
2023-11-23 00:00:00+09:00,61300.0,61900.0,60800.0,60900.0,141224.0
2023-11-24 00:00:00+09:00,60800.0,61300.0,60700.0,60900.0,90527.0
2023-11-27 00:00:00+09:00,61200.0,62500.0,60800.0,62200.0,240402.0
2023-11-28 00:00:00+09:00,62600.0,62600.0,61000.0,61500.0,182939.0
2023-11-29 00:00:00+09:00,61500.0,61800.0,60800.0,61000.0,189907.0
2023-11-30 00:00:00+09:00,61000.0,61100.0,60100.0,60300.0,554867.0
2023-12-01 00:00:00+09:00,60400.0,61000.0,60100.0,60800.0,257594.0
2023-12-04 00:00:00+09:00,60900.0,61100.0,60500.0,60500.0,105812.0
2023-12-05 00:00:00+09:00,60300.0,61700.0,60300.0,61200.0,194132.0
2023-12-06 00:00:00+09:00,61500.0,61700.0,60800.0,60800.0,178229.0
2023-12-07 00:00:00+09:00,60600.0,61600.0,60300.0,61200.0,166749.0
2023-12-08 00:00:00+09:00,61500.0,61500.0,60700.0,61300.0,111081.0
2023-12-11 00:00:00+09:00,61500.0,61600.0,60600.0,60800.0,122476.0
2023-12-12 00:00:00+09:00,61000.0,61700.0,60700.0,61400.0,166882.0
2023-12-13 00:00:00+09:00,61400.0,61700.0,61000.0,61500.0,125227.0
2023-12-14 00:00:00+09:00,61800.0,62000.0,61000.0,61300.0,195202.0
2023-12-15 00:00:00+09:00,61400.0,61900.0,61100.0,61100.0,264937.0
2023-12-18 00:00:00+09:00,61100.0,61400.0,60900.0,61300.0,107625.0
2023-12-19 00:00:00+09:00,61300.0,62000.0,61300.0,61900.0,155772.0
2023-12-20 00:00:00+09:00,62000.0,64500.0,62000.0,64200.0,447228.0
2023-12-21 00:00:00+09:00,63700.0,64600.0,62900.0,64100.0,277092.0
2023-12-22 00:00:00+09:00,64600.0,64700.0,63300.0,64300.0,251820.0
2023-12-26 00:00:00+09:00,64500.0,64700.0,63600.0,64300.0,371639.0
2023-12-27 00:00:00+09:00,61900.0,62300.0,60000.0,61000.0,502726.0
2023-12-28 00:00:00+09:00,61100.0,63500.0,60700.0,63300.0,245220.0
2024-01-02 00:00:00+09:00,62600.0,63100.0,61800.0,62600.0,141887.0
2024-01-03 00:00:00+09:00,62100.0,62500.0,61600.0,61900.0,136125.0
2024-01-04 00:00:00+09:00,61500.0,63500.0,61400.0,63500.0,223990.0
2024-01-05 00:00:00+09:00,63000.0,63400.0,62100.0,62700.0,129383.0
2024-01-08 00:00:00+09:00,63300.0,64100.0,62700.0,63000.0,137250.0
2024-01-09 00:00:00+09:00,63700.0,63700.0,62800.0,63200.0,97965.0
2024-01-10 00:00:00+09:00,63300.0,63600.0,62600.0,62800.0,138130.0
2024-01-11 00:00:00+09:00,63200.0,64500.0,62900.0,63600.0,321584.0
2024-01-12 00:00:00+09:00,63200.0,65900.0,63200.0,64300.0,382354.0
2024-01-15 00:00:00+09:00,65200.0,68300.0,64900.0,67700.0,602411.0
2024-01-16 00:00:00+09:00,67200.0,68100.0,66500.0,67100.0,176874.0
2024-01-17 00:00:00+09:00,67600.0,68300.0,65300.0,65700.0,275243.0
2024-01-18 00:00:00+09:00,66000.0,67500.0,65900.0,66600.0,229705.0
2024-01-19 00:00:00+09:00,67200.0,67500.0,64900.0,66500.0,236988.0
2024-01-22 00:00:00+09:00,66600.0,67200.0,65400.0,65600.0,130977.0
2024-01-23 00:00:00+09:00,65900.0,66500.0,64700.0,66100.0,201177.0
2024-01-24 00:00:00+09:00,66100.0,67500.0,65600.0,67200.0,184551.0
2024-01-25 00:00:00+09:00,67500.0,67700.0,66500.0,67400.0,155977.0
2024-01-26 00:00:00+09:00,67000.0,67800.0,66700.0,67100.0,128307.0
2024-01-29 00:00:00+09:00,66900.0,68600.0,65300.0,68100.0,304376.0
2024-01-30 00:00:00+09:00,68700.0,71000.0,68000.0,68300.0,463350.0
2024-01-31 00:00:00+09:00,68400.0,71800.0,67200.0,71400.0,485301.0
2024-02-01 00:00:00+09:00,71300.0,73000.0,70500.0,72000.0,587237.0
2024-02-02 00:00:00+09:00,71500.0,71700.0,68300.0,70400.0,583504.0
2024-02-05 00:00:00+09:00,69900.0,75300.0,68400.0,73600.0,724338.0
2024-02-06 00:00:00+09:00,72500.0,74300.0,70000.0,71000.0,291293.0
2024-02-07 00:00:00+09:00,70600.0,73000.0,69600.0,71600.0,275524.0
2024-02-08 00:00:00+09:00,72500.0,73600.0,70700.0,71600.0,258414.0
2024-02-13 00:00:00+09:00,72800.0,73600.0,70000.0,71100.0,358833.0
2024-02-14 00:00:00+09:00,70300.0,71900.0,69500.0,69800.0,204118.0
2024-02-15 00:00:00+09:00,70600.0,70700.0,66500.0,68000.0,341293.0
2024-02-16 00:00:00+09:00,68700.0,72000.0,68000.0,71100.0,307780.0
2024-02-19 00:00:00+09:00,71400.0,73500.0,71300.0,72200.0,226880.0
2024-02-20 00:00:00+09:00,72300.0,73400.0,71200.0,71700.0,229530.0
2024-02-21 00:00:00+09:00,72100.0,72200.0,68100.0,69500.0,342904.0
2024-02-22 00:00:00+09:00,70300.0,70400.0,68400.0,68900.0,209959.0
2024-02-23 00:00:00+09:00,69300.0,70500.0,68500.0,69300.0,249778.0
2024-02-26 00:00:00+09:00,69500.0,69700.0,67300.0,69400.0,222609.0
2024-02-27 00:00:00+09:00,69400.0,69400.0,67800.0,68200.0,193068.0
2024-02-28 00:00:00+09:00,68200.0,71600.0,68200.0,70800.0,194769.0
2024-02-29 00:00:00+09:00,70100.0,71400.0,70000.0,70700.0,182233.0
2024-03-04 00:00:00+09:00,71200.0,71200.0,69500.0,69500.0,161526.0
2024-03-05 00:00:00+09:00,68900.0,70400.0,68700.0,69000.0,122874.0
2024-03-06 00:00:00+09:00,68800.0,69500.0,68100.0,68400.0,168750.0
2024-03-07 00:00:00+09:00,68900.0,70800.0,67800.0,69800.0,212147.0
2024-03-08 00:00:00+09:00,70600.0,70600.0,68300.0,69000.0,176133.0
2024-03-11 00:00:00+09:00,68400.0,68900.0,67800.0,68400.0,160753.0
2024-03-12 00:00:00+09:00,69000.0,69000.0,66600.0,67200.0,220143.0
2024-03-13 00:00:00+09:00,67600.0,67600.0,65000.0,65900.0,459938.0
2024-03-14 00:00:00+09:00,66500.0,70700.0,66100.0,69300.0,560948.0
2024-03-15 00:00:00+09:00,70000.0,71900.0,69600.0,70500.0,419476.0
2024-03-18 00:00:00+09:00,71200.0,71700.0,70000.0,70700.0,203897.0
2024-03-19 00:00:00+09:00,70300.0,71000.0,68700.0,68900.0,193219.0
2024-03-20 00:00:00+09:00,69600.0,71100.0,69200.0,70300.0,156298.0
2024-03-21 00:00:00+09:00,70600.0,70900.0,69400.0,70100.0,202085.0
2024-03-22 00:00:00+09:00,69500.0,70400.0,68600.0,68900.0,196894.0
2024-03-25 00:00:00+09:00,68900.0,68900.0,67200.0,68100.0,211380.0
2024-03-26 00:00:00+09:00,68800.0,68800.0,67600.0,68700.0,183571.0
2024-03-27 00:00:00+09:00,69100.0,69700.0,68200.0,69200.0,263525.0
2024-03-28 00:00:00+09:00,68800.0,69700.0,68400.0,68900.0,160140.0
2024-03-29 00:00:00+09:00,69400.0,72800.0,69400.0,71900.0,454704.0
2024-04-01 00:00:00+09:00,72700.0,72900.0,69000.0,70500.0,187133.0
2024-04-02 00:00:00+09:00,69900.0,71300.0,69800.0,70300.0,144956.0
2024-04-03 00:00:00+09:00,70300.0,71900.0,70000.0,70400.0,204957.0
2024-04-04 00:00:00+09:00,70200.0,70700.0,69200.0,70200.0,217649.0
2024-04-05 00:00:00+09:00,69700.0,72000.0,69700.0,71200.0,227575.0
2024-04-08 00:00:00+09:00,71000.0,72100.0,70700.0,71200.0,154552.0
2024-04-09 00:00:00+09:00,71700.0,71700.0,69700.0,70100.0,163178.0
2024-04-11 00:00:00+09:00,68300.0,69200.0,66600.0,68400.0,395803.0
2024-04-12 00:00:00+09:00,68200.0,68800.0,66700.0,67400.0,280766.0
2024-04-15 00:00:00+09:00,67600.0,69000.0,66800.0,68000.0,187002.0
2024-04-16 00:00:00+09:00,67300.0,67800.0,64500.0,64900.0,361938.0
2024-04-17 00:00:00+09:00,65200.0,65400.0,61100.0,61100.0,526248.0
2024-04-18 00:00:00+09:00,61300.0,61700.0,61000.0,61100.0,355205.0
2024-04-19 00:00:00+09:00,61000.0,61200.0,59400.0,60500.0,333626.0
2024-04-22 00:00:00+09:00,61400.0,63900.0,61000.0,62400.0,282102.0
2024-04-23 00:00:00+09:00,62800.0,66100.0,62600.0,64700.0,347430.0
2024-04-24 00:00:00+09:00,65100.0,65300.0,63900.0,64900.0,186143.0
2024-04-25 00:00:00+09:00,64200.0,66000.0,64100.0,65200.0,237255.0
2024-04-26 00:00:00+09:00,65600.0,65700.0,64400.0,65200.0,177731.0
2024-04-29 00:00:00+09:00,65700.0,69200.0,65300.0,68500.0,387279.0
2024-04-30 00:00:00+09:00,68500.0,68700.0,66900.0,67400.0,209825.0
2024-05-02 00:00:00+09:00,66800.0,67200.0,64300.0,64300.0,291758.0
2024-05-03 00:00:00+09:00,64700.0,64800.0,63300.0,64200.0,181042.0
2024-05-07 00:00:00+09:00,64800.0,65100.0,64000.0,64400.0,220869.0
2024-05-08 00:00:00+09:00,64700.0,67400.0,63600.0,66500.0,378157.0
2024-05-09 00:00:00+09:00,66800.0,66900.0,64400.0,64700.0,322890.0
2024-05-10 00:00:00+09:00,65400.0,66200.0,64900.0,66000.0,146516.0
2024-05-13 00:00:00+09:00,66500.0,68500.0,66100.0,68100.0,272383.0
2024-05-14 00:00:00+09:00,67900.0,68000.0,67200.0,67700.0,154309.0
2024-05-16 00:00:00+09:00,68400.0,68900.0,67800.0,68500.0,221338.0
2024-05-17 00:00:00+09:00,67900.0,68700.0,67500.0,68100.0,138485.0
2024-05-20 00:00:00+09:00,68600.0,68900.0,67300.0,67700.0,124735.0
2024-05-21 00:00:00+09:00,67000.0,68200.0,67000.0,68200.0,179834.0
2024-05-22 00:00:00+09:00,68200.0,68200.0,66300.0,67100.0,217510.0
2024-05-23 00:00:00+09:00,66400.0,69400.0,66100.0,68800.0,277101.0
2024-05-24 00:00:00+09:00,68100.0,68800.0,66500.0,68500.0,270779.0
2024-05-27 00:00:00+09:00,68600.0,68600.0,67200.0,67500.0,205870.0
2024-05-28 00:00:00+09:00,67400.0,68600.0,66700.0,68500.0,282573.0
2024-05-29 00:00:00+09:00,67900.0,70800.0,67800.0,69600.0,423450.0
2024-05-30 00:00:00+09:00,69700.0,70500.0,68000.0,68500.0,312401.0
2024-05-31 00:00:00+09:00,69300.0,70300.0,67800.0,68700.0,490272.0
2024-06-03 00:00:00+09:00,69300.0,70700.0,68300.0,69900.0,232875.0
2024-06-04 00:00:00+09:00,70300.0,70800.0,68200.0,69000.0,325665.0
2024-06-05 00:00:00+09:00,69200.0,69400.0,67000.0,67000.0,267362.0
2024-06-07 00:00:00+09:00,66700.0,68800.0,66700.0,68100.0,244900.0
2024-06-10 00:00:00+09:00,67600.0,68100.0,67100.0,67500.0,150707.0
2024-06-11 00:00:00+09:00,67600.0,69600.0,67600.0,69100.0,260696.0
2024-06-12 00:00:00+09:00,69200.0,70100.0,69000.0,69400.0,218637.0
2024-06-13 00:00:00+09:00,69500.0,70000.0,68700.0,69300.0,257998.0
2024-06-14 00:00:00+09:00,68900.0,70000.0,68600.0,68700.0,144989.0
2024-06-17 00:00:00+09:00,69100.0,69400.0,68500.0,69100.0,142671.0
2024-06-18 00:00:00+09:00,69400.0,69500.0,68300.0,68300.0,201985.0
2024-06-19 00:00:00+09:00,68900.0,70800.0,68700.0,70000.0,285962.0
2024-06-20 00:00:00+09:00,70000.0,71200.0,69600.0,71200.0,228911.0
2024-06-21 00:00:00+09:00,71100.0,72900.0,71100.0,72400.0,345022.0
2024-06-24 00:00:00+09:00,72500.0,73600.0,71500.0,72400.0,211309.0
2024-06-25 00:00:00+09:00,73100.0,74000.0,72400.0,74000.0,246058.0
2024-06-26 00:00:00+09:00,73700.0,73800.0,72500.0,73300.0,156347.0
2024-06-27 00:00:00+09:00,72400.0,74000.0,71500.0,73300.0,249931.0
2024-06-28 00:00:00+09:00,73400.0,74500.0,72600.0,74500.0,225242.0
2024-07-01 00:00:00+09:00,74200.0,74400.0,73000.0,73900.0,180289.0
2024-07-02 00:00:00+09:00,73200.0,74100.0,72300.0,74000.0,160278.0
2024-07-03 00:00:00+09:00,74300.0,75400.0,73900.0,75000.0,230794.0
2024-07-04 00:00:00+09:00,75500.0,75500.0,73600.0,74600.0,186904.0
2024-07-05 00:00:00+09:00,74700.0,74700.0,72100.0,72500.0,230982.0
2024-07-08 00:00:00+09:00,72100.0,73200.0,71800.0,72700.0,104317.0
2024-07-09 00:00:00+09:00,73300.0,73700.0,72000.0,73200.0,114740.0
2024-07-10 00:00:00+09:00,72400.0,74000.0,72400.0,73300.0,142726.0
2024-07-11 00:00:00+09:00,73900.0,77300.0,73600.0,77000.0,478670.0
2024-07-12 00:00:00+09:00,77000.0,77500.0,75900.0,76400.0,153793.0
2024-07-15 00:00:00+09:00,77100.0,77700.0,76000.0,76100.0,160770.0
2024-07-16 00:00:00+09:00,77000.0,81000.0,76700.0,79900.0,490016.0
2024-07-17 00:00:00+09:00,81200.0,82500.0,78900.0,79400.0,268545.0
2024-07-18 00:00:00+09:00,80500.0,81500.0,79400.0,80700.0,253308.0
2024-07-19 00:00:00+09:00,80500.0,80500.0,78300.0,79300.0,163465.0
2024-07-22 00:00:00+09:00,80000.0,80100.0,78200.0,79300.0,140662.0
2024-07-23 00:00:00+09:00,78800.0,81400.0,78500.0,80500.0,184128.0
2024-07-24 00:00:00+09:00,80500.0,82800.0,79800.0,80500.0,156985.0
2024-07-25 00:00:00+09:00,79500.0,80000.0,78400.0,78900.0,175129.0
2024-07-26 00:00:00+09:00,80000.0,84300.0,79500.0,80900.0,423228.0
2024-07-29 00:00:00+09:00,81300.0,83400.0,80500.0,82000.0,185041.0
2024-07-30 00:00:00+09:00,81300.0,82500.0,80300.0,81600.0,180530.0
2024-07-31 00:00:00+09:00,81900.0,84900.0,81400.0,83900.0,253257.0
2024-08-01 00:00:00+09:00,83100.0,85000.0,82800.0,83500.0,182599.0
2024-08-02 00:00:00+09:00,82500.0,83300.0,81500.0,82800.0,196586.0
2024-08-05 00:00:00+09:00,81700.0,81700.0,75000.0,76800.0,397727.0
2024-08-06 00:00:00+09:00,79100.0,81600.0,77000.0,78800.0,294292.0
2024-08-07 00:00:00+09:00,78900.0,81100.0,78400.0,79700.0,203166.0
2024-08-08 00:00:00+09:00,79000.0,81000.0,77700.0,80200.0,224097.0
2024-08-09 00:00:00+09:00,80800.0,81600.0,79700.0,81200.0,133614.0
2024-08-12 00:00:00+09:00,82000.0,82300.0,80400.0,81100.0,91017.0
2024-08-13 00:00:00+09:00,80300.0,81400.0,80000.0,81000.0,86316.0
2024-08-14 00:00:00+09:00,81000.0,81800.0,79700.0,81800.0,130384.0
2024-08-16 00:00:00+09:00,82600.0,83000.0,80900.0,81400.0,140199.0
2024-08-19 00:00:00+09:00,81400.0,83200.0,80800.0,81500.0,117975.0
2024-08-20 00:00:00+09:00,82800.0,84000.0,82200.0,83100.0,191607.0
2024-08-21 00:00:00+09:00,83900.0,83900.0,81800.0,82900.0,91607.0
2024-08-22 00:00:00+09:00,82900.0,82900.0,81000.0,81600.0,137863.0
2024-08-23 00:00:00+09:00,81600.0,82400.0,80500.0,81900.0,70456.0
2024-08-26 00:00:00+09:00,81900.0,82300.0,81000.0,82000.0,86007.0
2024-08-27 00:00:00+09:00,82400.0,83400.0,81400.0,83000.0,108049.0
2024-08-28 00:00:00+09:00,83000.0,83100.0,80200.0,81500.0,128190.0
2024-08-29 00:00:00+09:00,82100.0,82100.0,79800.0,80900.0,118986.0
2024-08-30 00:00:00+09:00,80900.0,80900.0,79600.0,80900.0,185885.0
2024-09-02 00:00:00+09:00,80300.0,80800.0,77600.0,78600.0,180360.0
2024-09-03 00:00:00+09:00,78400.0,80200.0,78000.0,79900.0,159039.0
2024-09-04 00:00:00+09:00,78900.0,79000.0,77300.0,77900.0,160945.0
2024-09-05 00:00:00+09:00,77800.0,78300.0,75900.0,76600.0,146612.0
2024-09-06 00:00:00+09:00,77200.0,77600.0,75800.0,77400.0,87988.0
2024-09-09 00:00:00+09:00,76200.0,77300.0,75900.0,76700.0,73400.0
2024-09-10 00:00:00+09:00,77600.0,79700.0,76700.0,79200.0,106624.0
2024-09-11 00:00:00+09:00,79200.0,79400.0,76300.0,77300.0,94435.0
2024-09-12 00:00:00+09:00,77400.0,77400.0,75100.0,77100.0,256769.0
2024-09-13 00:00:00+09:00,77100.0,79100.0,76500.0,78700.0,97842.0
2024-09-19 00:00:00+09:00,80700.0,81800.0,78500.0,81400.0,195080.0
2024-09-20 00:00:00+09:00,81100.0,82700.0,80600.0,82700.0,296703.0
2024-09-23 00:00:00+09:00,82500.0,83000.0,80200.0,80200.0,124758.0
2024-09-24 00:00:00+09:00,81100.0,82200.0,80600.0,82000.0,131141.0
2024-09-25 00:00:00+09:00,82800.0,83200.0,80600.0,81900.0,227822.0
2024-09-26 00:00:00+09:00,82000.0,82800.0,81600.0,82800.0,171597.0
2024-09-27 00:00:00+09:00,82700.0,82800.0,77100.0,77100.0,305634.0
2024-09-30 00:00:00+09:00,77900.0,78700.0,76400.0,76500.0,164855.0
2024-10-02 00:00:00+09:00,76000.0,77700.0,75600.0,77700.0,135397.0
2024-10-04 00:00:00+09:00,77600.0,78000.0,77100.0,77900.0,73700.0
2024-10-07 00:00:00+09:00,77200.0,77700.0,75800.0,76800.0,145131.0
2024-10-08 00:00:00+09:00,76900.0,77600.0,76100.0,77300.0,114021.0
2024-10-10 00:00:00+09:00,79000.0,79100.0,77400.0,78600.0,209461.0
2024-10-11 00:00:00+09:00,79500.0,79800.0,77700.0,78100.0,127574.0
2024-10-14 00:00:00+09:00,78100.0,79800.0,77500.0,79500.0,120996.0
2024-10-15 00:00:00+09:00,79900.0,81800.0,79300.0,81100.0,188904.0
2024-10-16 00:00:00+09:00,80000.0,81500.0,79900.0,81000.0,140762.0
2024-10-17 00:00:00+09:00,81200.0,81800.0,80600.0,81500.0,93181.0
2024-10-18 00:00:00+09:00,81900.0,82100.0,79300.0,81100.0,95973.0
2024-10-21 00:00:00+09:00,80700.0,81100.0,78300.0,78500.0,167282.0
2024-10-22 00:00:00+09:00,78600.0,80800.0,78500.0,80700.0,145057.0
2024-10-23 00:00:00+09:00,80900.0,82400.0,79800.0,81100.0,115633.0
2024-10-24 00:00:00+09:00,81700.0,82800.0,80800.0,82000.0,157901.0
2024-10-25 00:00:00+09:00,81700.0,82300.0,80300.0,80800.0,111614.0
2024-10-28 00:00:00+09:00,81800.0,81800.0,79600.0,81000.0,129423.0
2024-10-29 00:00:00+09:00,80200.0,81300.0,79800.0,81300.0,88952.0
2024-10-30 00:00:00+09:00,81000.0,81000.0,78900.0,79300.0,188722.0
2024-10-31 00:00:00+09:00,79000.0,80000.0,78300.0,79800.0,175852.0
2024-11-01 00:00:00+09:00,79800.0,80300.0,75500.0,76000.0,240982.0
2024-11-04 00:00:00+09:00,75600.0,75900.0,71100.0,72200.0,463339.0
2024-11-05 00:00:00+09:00,72200.0,73000.0,71500.0,71800.0,179554.0
2024-11-06 00:00:00+09:00,72500.0,72500.0,71400.0,72000.0,134343.0
2024-11-07 00:00:00+09:00,71500.0,76300.0,71400.0,75200.0,300120.0
2024-11-08 00:00:00+09:00,76100.0,76200.0,73400.0,73700.0,149329.0
2024-11-11 00:00:00+09:00,73900.0,76100.0,73800.0,75400.0,129609.0
2024-11-12 00:00:00+09:00,75200.0,76800.0,75100.0,75300.0,150575.0
2024-11-13 00:00:00+09:00,74600.0,75900.0,73800.0,75200.0,128541.0
2024-11-14 00:00:00+09:00,75800.0,76000.0,74500.0,75700.0,177543.0
2024-11-15 00:00:00+09:00,76000.0,76400.0,74600.0,75700.0,133574.0
2024-11-18 00:00:00+09:00,75000.0,77400.0,74900.0,77100.0,121314.0
2024-11-19 00:00:00+09:00,76500.0,78400.0,76500.0,76900.0,152056.0
2024-11-20 00:00:00+09:00,76600.0,77800.0,76000.0,77200.0,91624.0
2024-11-21 00:00:00+09:00,77500.0,81500.0,77400.0,79600.0,230663.0
2024-11-22 00:00:00+09:00,80400.0,80400.0,79300.0,79700.0,99330.0
2024-11-25 00:00:00+09:00,80900.0,81100.0,79800.0,80600.0,268402.0
2024-11-26 00:00:00+09:00,79800.0,80800.0,79500.0,80100.0,94490.0
2024-11-27 00:00:00+09:00,79500.0,80600.0,78900.0,79500.0,105999.0
2024-11-28 00:00:00+09:00,79700.0,79700.0,78200.0,78700.0,101587.0
2024-11-29 00:00:00+09:00,79200.0,79300.0,77100.0,77800.0,106810.0
2024-12-02 00:00:00+09:00,78900.0,78900.0,76700.0,77000.0,89452.0
2024-12-03 00:00:00+09:00,78000.0,80300.0,77800.0,79700.0,131829.0
2024-12-04 00:00:00+09:00,79200.0,79300.0,77400.0,78000.0,144059.0
2024-12-05 00:00:00+09:00,78100.0,79700.0,77800.0,78200.0,88912.0
2024-12-06 00:00:00+09:00,78300.0,78800.0,75600.0,77200.0,159281.0
2024-12-09 00:00:00+09:00,76400.0,76800.0,74600.0,76600.0,223749.0
2024-12-10 00:00:00+09:00,77300.0,78300.0,76600.0,77500.0,127890.0
2024-12-11 00:00:00+09:00,77500.0,80000.0,77000.0,79200.0,146524.0
2024-12-12 00:00:00+09:00,79700.0,79700.0,77400.0,77800.0,256616.0
2024-12-13 00:00:00+09:00,77800.0,79000.0,77300.0,78500.0,119963.0
2024-12-16 00:00:00+09:00,79300.0,79700.0,78500.0,78800.0,126141.0
2024-12-17 00:00:00+09:00,78200.0,81500.0,78200.0,79800.0,251787.0
2024-12-18 00:00:00+09:00,80500.0,82000.0,79500.0,79700.0,126526.0
2024-12-19 00:00:00+09:00,79000.0,80800.0,78700.0,79100.0,146533.0
2024-12-20 00:00:00+09:00,78700.0,81400.0,78700.0,79000.0,161623.0
2024-12-23 00:00:00+09:00,79300.0,81700.0,79200.0,81400.0,166583.0
2024-12-24 00:00:00+09:00,81400.0,81800.0,80200.0,80500.0,96059.0
2024-12-26 00:00:00+09:00,80800.0,83900.0,80200.0,82600.0,246990.0
2024-12-27 00:00:00+09:00,82000.0,82300.0,79700.0,80200.0,118264.0
2024-12-30 00:00:00+09:00,80200.0,80500.0,79000.0,79200.0,120315.0
2025-01-02 00:00:00+09:00,80000.0,86600.0,79400.0,85600.0,401852.0
2025-01-03 00:00:00+09:00,85200.0,86900.0,83500.0,84200.0,254032.0
2025-01-06 00:00:00+09:00,84200.0,84200.0,81600.0,81900.0,170211.0
2025-01-07 00:00:00+09:00,82100.0,83500.0,81700.0,82400.0,116149.0
2025-01-08 00:00:00+09:00,81700.0,82900.0,80400.0,82000.0,129541.0
2025-01-09 00:00:00+09:00,81300.0,84000.0,81000.0,82800.0,233549.0
2025-01-10 00:00:00+09:00,82300.0,84200.0,81800.0,82600.0,177525.0
2025-01-13 00:00:00+09:00,82300.0,84200.0,82200.0,83800.0,172518.0
2025-01-14 00:00:00+09:00,84100.0,85300.0,83000.0,83100.0,124809.0
2025-01-15 00:00:00+09:00,83600.0,85600.0,83300.0,84100.0,143085.0
2025-01-16 00:00:00+09:00,85300.0,85300.0,83500.0,84200.0,118710.0
2025-01-17 00:00:00+09:00,83800.0,85500.0,83100.0,85000.0,185441.0
2025-01-20 00:00:00+09:00,85800.0,86000.0,84000.0,84400.0,119714.0
2025-01-21 00:00:00+09:00,85100.0,85600.0,83500.0,84900.0,136872.0
2025-01-22 00:00:00+09:00,85600.0,85700.0,84300.0,84400.0,107270.0
2025-01-23 00:00:00+09:00,85100.0,85600.0,83100.0,83300.0,120309.0
2025-01-24 00:00:00+09:00,83700.0,84600.0,83200.0,84400.0,100327.0
2025-01-31 00:00:00+09:00,85200.0,85300.0,82300.0,83100.0,116412.0
2025-02-03 00:00:00+09:00,82100.0,83100.0,81400.0,82400.0,148398.0
2025-02-04 00:00:00+09:00,82500.0,82800.0,81000.0,81800.0,141533.0
2025-02-05 00:00:00+09:00,81800.0,82200.0,80500.0,81500.0,130523.0
2025-02-06 00:00:00+09:00,81200.0,88200.0,80500.0,86700.0,617063.0
2025-02-07 00:00:00+09:00,85900.0,86600.0,78100.0,78600.0,828489.0
2025-02-10 00:00:00+09:00,78900.0,79500.0,77500.0,77700.0,249877.0
2025-02-11 00:00:00+09:00,77800.0,78200.0,76400.0,76700.0,202164.0
2025-02-12 00:00:00+09:00,77400.0,79300.0,76800.0,78200.0,213967.0
2025-02-13 00:00:00+09:00,78700.0,79300.0,77100.0,78200.0,253965.0
2025-02-14 00:00:00+09:00,79200.0,79200.0,77500.0,77900.0,186848.0
2025-02-17 00:00:00+09:00,78500.0,78600.0,76800.0,77300.0,166722.0
2025-02-18 00:00:00+09:00,77300.0,77700.0,76500.0,76700.0,216884.0
2025-02-19 00:00:00+09:00,76900.0,78200.0,76200.0,77600.0,302642.0
2025-02-20 00:00:00+09:00,77600.0,78000.0,76000.0,76500.0,229277.0
2025-02-21 00:00:00+09:00,76600.0,77300.0,76500.0,76600.0,134171.0
2025-02-24 00:00:00+09:00,76500.0,76600.0,75200.0,76000.0,151585.0
2025-02-25 00:00:00+09:00,75400.0,76000.0,75000.0,75200.0,126758.0
2025-02-26 00:00:00+09:00,75500.0,76100.0,75000.0,75500.0,104780.0
2025-02-27 00:00:00+09:00,75100.0,75400.0,74000.0,74900.0,157290.0
2025-02-28 00:00:00+09:00,74200.0,74300.0,72500.0,72900.0,243751.0
2025-03-04 00:00:00+09:00,72900.0,75900.0,72400.0,75900.0,245879.0
2025-03-05 00:00:00+09:00,76000.0,76000.0,74700.0,75000.0,112257.0
2025-03-06 00:00:00+09:00,75300.0,76000.0,74800.0,75700.0,100157.0
2025-03-07 00:00:00+09:00,75700.0,75700.0,73700.0,73900.0,129111.0
2025-03-10 00:00:00+09:00,74000.0,76800.0,73900.0,76400.0,158784.0
2025-03-11 00:00:00+09:00,74600.0,75800.0,72900.0,73800.0,181722.0
2025-03-12 00:00:00+09:00,73900.0,75700.0,73500.0,75000.0,121758.0
2025-03-13 00:00:00+09:00,76200.0,76300.0,74000.0,75100.0,236221.0
2025-03-14 00:00:00+09:00,74800.0,75400.0,74200.0,74700.0,75026.0
2025-03-17 00:00:00+09:00,75300.0,76000.0,74800.0,75900.0,96795.0
2025-03-18 00:00:00+09:00,76200.0,76400.0,75400.0,75900.0,97171.0
2025-03-19 00:00:00+09:00,76300.0,77100.0,75800.0,76300.0,110012.0
2025-03-20 00:00:00+09:00,76400.0,76900.0,75400.0,75400.0,75121.0
2025-03-21 00:00:00+09:00,75100.0,76500.0,74700.0,76200.0,232135.0
2025-03-24 00:00:00+09:00,75500.0,75500.0,74600.0,75300.0,91567.0
2025-03-25 00:00:00+09:00,75100.0,75800.0,74300.0,74800.0,139417.0
2025-03-26 00:00:00+09:00,75400.0,75400.0,73700.0,74100.0,92191.0
2025-03-27 00:00:00+09:00,73600.0,74500.0,73300.0,74100.0,113523.0
2025-03-28 00:00:00+09:00,74100.0,74200.0,72500.0,74200.0,110700.0
2025-03-31 00:00:00+09:00,73100.0,73200.0,71300.0,72500.0,163609.0
2025-04-01 00:00:00+09:00,72300.0,74200.0,71900.0,74000.0,182394.0
2025-04-02 00:00:00+09:00,74100.0,74600.0,72800.0,74000.0,94410.0
2025-04-03 00:00:00+09:00,72000.0,73800.0,71700.0,73700.0,163444.0
2025-04-04 00:00:00+09:00,72500.0,73200.0,70500.0,71600.0,213125.0
2025-04-07 00:00:00+09:00,69000.0,69300.0,67000.0,67600.0,181020.0
2025-04-08 00:00:00+09:00,68600.0,69500.0,67600.0,68800.0,134640.0
2025-04-09 00:00:00+09:00,69000.0,69000.0,66300.0,66900.0,152531.0
2025-04-10 00:00:00+09:00,69100.0,70900.0,68600.0,70800.0,203671.0
2025-04-11 00:00:00+09:00,70200.0,71700.0,69600.0,71500.0,122213.0
2025-04-14 00:00:00+09:00,71700.0,71800.0,70700.0,71000.0,104640.0
2025-04-15 00:00:00+09:00,71000.0,71800.0,70800.0,71300.0,99154.0
2025-04-16 00:00:00+09:00,71600.0,71900.0,70700.0,71000.0,52438.0
2025-04-17 00:00:00+09:00,71100.0,71300.0,70500.0,71100.0,92529.0
2025-04-18 00:00:00+09:00,71300.0,72000.0,70900.0,71600.0,58122.0
2025-04-21 00:00:00+09:00,71500.0,71500.0,70400.0,71000.0,66105.0
2025-04-22 00:00:00+09:00,70900.0,71600.0,70400.0,71500.0,91430.0
2025-04-23 00:00:00+09:00,72400.0,73000.0,71500.0,73000.0,119922.0
2025-04-24 00:00:00+09:00,72700.0,73700.0,72100.0,73200.0,81393.0
2025-04-25 00:00:00+09:00,73500.0,76400.0,73500.0,76400.0,265174.0
2025-04-28 00:00:00+09:00,77300.0,78000.0,76600.0,77400.0,166774.0
2025-04-29 00:00:00+09:00,77200.0,78200.0,76600.0,77900.0,151986.0
2025-04-30 00:00:00+09:00,77900.0,78800.0,77200.0,78700.0,161220.0
2025-05-02 00:00:00+09:00,78500.0,78800.0,77200.0,77900.0,111324.0
2025-05-07 00:00:00+09:00,78900.0,80000.0,78500.0,79800.0,211828.0
2025-05-08 00:00:00+09:00,79300.0,80000.0,79000.0,79300.0,178373.0
2025-05-09 00:00:00+09:00,79800.0,80200.0,79000.0,79400.0,131277.0
2025-05-12 00:00:00+09:00,80300.0,82200.0,79900.0,80800.0,208363.0
2025-05-13 00:00:00+09:00,79600.0,80900.0,78300.0,80700.0,139491.0
2025-05-14 00:00:00+09:00,80800.0,82300.0,80100.0,82100.0,159634.0
2025-05-15 00:00:00+09:00,81300.0,82900.0,81200.0,82400.0,155644.0
2025-05-16 00:00:00+09:00,82800.0,83600.0,81800.0,82200.0,101655.0
2025-05-19 00:00:00+09:00,81900.0,84000.0,81800.0,82900.0,139263.0
2025-05-20 00:00:00+09:00,83500.0,84200.0,82200.0,82400.0,156283.0
2025-05-21 00:00:00+09:00,82800.0,85300.0,82700.0,84200.0,166201.0
2025-05-22 00:00:00+09:00,83600.0,84700.0,83500.0,83800.0,133002.0
2025-05-23 00:00:00+09:00,84100.0,85200.0,83800.0,84000.0,99642.0
2025-05-26 00:00:00+09:00,84400.0,87200.0,84300.0,87200.0,192353.0
2025-05-27 00:00:00+09:00,86900.0,88000.0,86200.0,86900.0,166598.0
2025-05-28 00:00:00+09:00,88500.0,99700.0,88500.0,97700.0,1164124.0
2025-05-29 00:00:00+09:00,101900.0,109400.0,101300.0,108700.0,1392616.0
2025-05-30 00:00:00+09:00,113200.0,116200.0,108700.0,111700.0,1018844.0
2025-06-02 00:00:00+09:00,107500.0,113300.0,106700.0,112900.0,741062.0
2025-06-04 00:00:00+09:00,118200.0,121500.0,116600.0,120300.0,907474.0
2025-06-05 00:00:00+09:00,123400.0,123400.0,117000.0,118000.0,602846.0
2025-06-09 00:00:00+09:00,121000.0,127000.0,119000.0,119700.0,500732.0
2025-06-10 00:00:00+09:00,119700.0,124400.0,118800.0,121900.0,580409.0
2025-06-11 00:00:00+09:00,122000.0,126900.0,119700.0,126200.0,416910.0
2025-06-12 00:00:00+09:00,123700.0,125900.0,123000.0,123500.0,550165.0
2025-06-13 00:00:00+09:00,124000.0,126300.0,121100.0,121900.0,390970.0
2025-06-16 00:00:00+09:00,121100.0,137400.0,121100.0,136600.0,572626.0
2025-06-17 00:00:00+09:00,139500.0,140800.0,128500.0,132400.0,946815.0
2025-06-18 00:00:00+09:00,134000.0,134600.0,127300.0,127700.0,358412.0
2025-06-19 00:00:00+09:00,132000.0,133400.0,127400.0,131800.0,291019.0
2025-06-20 00:00:00+09:00,130900.0,130900.0,127500.0,128800.0,290679.0
2025-06-23 00:00:00+09:00,129700.0,130600.0,126700.0,129300.0,269411.0
2025-06-24 00:00:00+09:00,131900.0,133600.0,128100.0,131900.0,440762.0
2025-06-25 00:00:00+09:00,131900.0,133800.0,128400.0,129600.0,303935.0
2025-06-26 00:00:00+09:00,128100.0,129500.0,124100.0,126700.0,293758.0
2025-06-27 00:00:00+09:00,127900.0,133400.0,125100.0,126800.0,338764.0
2025-06-30 00:00:00+09:00,128500.0,131000.0,127300.0,129500.0,277399.0
2025-07-01 00:00:00+09:00,133500.0,137400.0,129200.0,130500.0,647695.0
2025-07-02 00:00:00+09:00,130800.0,130800.0,121100.0,125400.0,515717.0
2025-07-03 00:00:00+09:00,126700.0,130700.0,125400.0,126900.0,386578.0
2025-07-04 00:00:00+09:00,126000.0,127900.0,121200.0,121800.0,384951.0
2025-07-07 00:00:00+09:00,117900.0,124200.0,117600.0,123200.0,194708.0
2025-07-08 00:00:00+09:00,126000.0,137200.0,125000.0,134300.0,734654.0
2025-07-09 00:00:00+09:00,133300.0,136600.0,130100.0,136200.0,252673.0
2025-07-10 00:00:00+09:00,135700.0,138400.0,133000.0,137500.0,350175.0
2025-07-11 00:00:00+09:00,137200.0,137500.0,134500.0,136200.0,183786.0
2025-07-14 00:00:00+09:00,134700.0,140200.0,134200.0,138300.0,231025.0
2025-07-15 00:00:00+09:00,137000.0,141500.0,136000.0,139000.0,201039.0
2025-07-16 00:00:00+09:00,137700.0,140300.0,136200.0,138000.0,192241.0
2025-07-17 00:00:00+09:00,138400.0,138700.0,133900.0,137800.0,168424.0
2025-07-18 00:00:00+09:00,137600.0,139700.0,133700.0,134800.0,178891.0
2025-07-21 00:00:00+09:00,133500.0,137200.0,133200.0,137200.0,223707.0
2025-07-22 00:00:00+09:00,137200.0,137900.0,135100.0,136100.0,123350.0
2025-07-23 00:00:00+09:00,137300.0,138500.0,133400.0,136300.0,163979.0
2025-07-24 00:00:00+09:00,136400.0,140500.0,136200.0,138600.0,209165.0
2025-07-25 00:00:00+09:00,137300.0,151800.0,137300.0,149800.0,532856.0
2025-07-28 00:00:00+09:00,152400.0,152700.0,141400.0,142200.0,344540.0
2025-07-29 00:00:00+09:00,142100.0,143200.0,139500.0,141800.0,201506.0
2025-07-30 00:00:00+09:00,142100.0,144800.0,140300.0,141100.0,152394.0
2025-07-31 00:00:00+09:00,144500.0,146400.0,141100.0,142600.0,240579.0
2025-08-01 00:00:00+09:00,140600.0,140700.0,128300.0,128300.0,495980.0
2025-08-04 00:00:00+09:00,127100.0,131500.0,127000.0,129500.0,258301.0
2025-08-05 00:00:00+09:00,132100.0,133200.0,130700.0,132500.0,199712.0
2025-08-06 00:00:00+09:00,131100.0,133900.0,129200.0,133700.0,176633.0
2025-08-07 00:00:00+09:00,136800.0,138000.0,135000.0,136700.0,173023.0
2025-08-08 00:00:00+09:00,136200.0,137000.0,133200.0,135400.0,129310.0
2025-08-11 00:00:00+09:00,136200.0,137000.0,133500.0,133900.0,105861.0
2025-08-12 00:00:00+09:00,133000.0,136500.0,132200.0,132400.0,107911.0
2025-08-13 00:00:00+09:00,132900.0,135700.0,132000.0,133600.0,106444.0
2025-08-14 00:00:00+09:00,133800.0,135100.0,132300.0,134500.0,179763.0
2025-08-18 00:00:00+09:00,133100.0,133800.0,130300.0,131100.0,97251.0
2025-08-19 00:00:00+09:00,130200.0,130500.0,127200.0,128700.0,159521.0
2025-08-20 00:00:00+09:00,126000.0,129500.0,123200.0,128500.0,212308.0
2025-08-21 00:00:00+09:00,128000.0,129100.0,126700.0,127900.0,173827.0
2025-08-22 00:00:00+09:00,128100.0,130500.0,127200.0,128400.0,126326.0
2025-08-25 00:00:00+09:00,129500.0,131500.0,128300.0,131000.0,140488.0
2025-08-26 00:00:00+09:00,136400.0,136400.0,130000.0,132600.0,312960.0
2025-08-27 00:00:00+09:00,133600.0,138000.0,132000.0,135100.0,214357.0
2025-08-28 00:00:00+09:00,137200.0,137900.0,130300.0,136700.0,304704.0
2025-08-29 00:00:00+09:00,136600.0,138900.0,135200.0,137100.0,168286.0
2025-09-01 00:00:00+09:00,136600.0,141200.0,136400.0,137300.0,159153.0
2025-09-02 00:00:00+09:00,137500.0,137900.0,135100.0,136200.0,123846.0
2025-09-03 00:00:00+09:00,136100.0,138500.0,134700.0,136400.0,156417.0
2025-09-04 00:00:00+09:00,135100.0,138800.0,135100.0,138000.0,127012.0
2025-09-05 00:00:00+09:00,137500.0,145400.0,137300.0,144700.0,350045.0
2025-09-08 00:00:00+09:00,143500.0,144000.0,141500.0,143300.0,117801.0
2025-09-09 00:00:00+09:00,144500.0,148400.0,144000.0,147000.0,195918.0
2025-09-10 00:00:00+09:00,145200.0,149000.0,145200.0,148600.0,171959.0
2025-09-11 00:00:00+09:00,149700.0,151700.0,146700.0,149800.0,242606.0
2025-09-12 00:00:00+09:00,150200.0,151400.0,147200.0,148500.0,138853.0
2025-09-15 00:00:00+09:00,147100.0,164700.0,147100.0,164300.0,424366.0
2025-09-16 00:00:00+09:00,162700.0,164300.0,160200.0,160400.0,180172.0
2025-09-17 00:00:00+09:00,162100.0,163200.0,160500.0,161800.0,134127.0
2025-09-18 00:00:00+09:00,161900.0,164200.0,159200.0,161800.0,127240.0
2025-09-19 00:00:00+09:00,161200.0,162200.0,159400.0,161300.0,210092.0
2025-09-22 00:00:00+09:00,161500.0,161800.0,156300.0,159100.0,128498.0
2025-09-23 00:00:00+09:00,157500.0,159400.0,157200.0,158500.0,109432.0
2025-09-24 00:00:00+09:00,159000.0,159200.0,153000.0,154600.0,132772.0
2025-09-25 00:00:00+09:00,152600.0,154400.0,151000.0,152000.0,133068.0
2025-09-26 00:00:00+09:00,151200.0,153900.0,148100.0,150600.0,162813.0
2025-09-29 00:00:00+09:00,152600.0,154500.0,151600.0,153700.0,121920.0
2025-09-30 00:00:00+09:00,155200.0,156500.0,153000.0,155400.0,154789.0
2025-10-01 00:00:00+09:00,155400.0,157200.0,153900.0,156700.0,120527.0
2025-10-02 00:00:00+09:00,159500.0,167100.0,157000.0,164400.0,424300.0
2025-10-10 00:00:00+09:00,163700.0,164000.0,154500.0,158000.0,422151.0
2025-10-13 00:00:00+09:00,158400.0,158400.0,152700.0,156600.0,196106.0
2025-10-14 00:00:00+09:00,154200.0,156600.0,149100.0,153300.0,209644.0
2025-10-15 00:00:00+09:00,151900.0,156900.0,151900.0,156900.0,301979.0
2025-10-16 00:00:00+09:00,157000.0,161600.0,156900.0,160000.0,222255.0
2025-10-17 00:00:00+09:00,158500.0,167500.0,157700.0,163000.0,195280.0
2025-10-20 00:00:00+09:00,165100.0,174900.0,164500.0,171600.0,217997.0
2025-10-21 00:00:00+09:00,171500.0,176700.0,166500.0,173000.0,205342.0
2025-10-22 00:00:00+09:00,174700.0,180800.0,170000.0,180700.0,153921.0
2025-10-23 00:00:00+09:00,177800.0,179300.0,175200.0,175500.0,139320.0
2025-10-24 00:00:00+09:00,178800.0,184600.0,177400.0,181600.0,170641.0
2025-10-27 00:00:00+09:00,215000.0,219500.0,200000.0,212500.0,595868.0
2025-10-28 00:00:00+09:00,210000.0,212000.0,204000.0,207000.0,251822.0
2025-10-29 00:00:00+09:00,212000.0,212500.0,201000.0,209500.0,204257.0
2025-10-30 00:00:00+09:00,231000.0,237000.0,207500.0,210000.0,385974.0
2025-10-31 00:00:00+09:00,207500.0,212000.0,205000.0,205000.0,201062.0
2025-11-03 00:00:00+09:00,211000.0,221500.0,211000.0,219000.0,258295.0
2025-11-04 00:00:00+09:00,230000.0,230000.0,209500.0,210500.0,287693.0
2025-11-05 00:00:00+09:00,212500.0,213500.0,199100.0,203000.0,326651.0
2025-11-06 00:00:00+09:00,210000.0,225000.0,204500.0,216500.0,365028.0
2025-11-07 00:00:00+09:00,217000.0,217500.0,203000.0,207500.0,190170.0
2025-11-10 00:00:00+09:00,213500.0,225000.0,211500.0,221000.0,245193.0
2025-11-11 00:00:00+09:00,226500.0,226500.0,217000.0,219500.0,191394.0
2025-11-12 00:00:00+09:00,223500.0,225500.0,217000.0,224500.0,185820.0
2025-11-13 00:00:00+09:00,222500.0,229000.0,219000.0,226000.0,221699.0
2025-11-14 00:00:00+09:00,216000.0,220000.0,214000.0,215000.0,161030.0
2025-11-17 00:00:00+09:00,217000.0,229500.0,216500.0,226500.0,211406.0
2025-11-18 00:00:00+09:00,221000.0,229500.0,217500.0,217500.0,148375.0
2025-11-19 00:00:00+09:00,221000.0,221000.0,205500.0,209500.0,190453.0
2025-11-20 00:00:00+09:00,213500.0,219000.0,213000.0,213500.0,149763.0
2025-11-21 00:00:00+09:00,208000.0,208000.0,201000.0,203500.0,152161.0
2025-11-24 00:00:00+09:00,208000.0,209000.0,200500.0,200500.0,297744.0
2025-11-25 00:00:00+09:00,205000.0,208000.0,201500.0,202500.0,143048.0
2025-11-26 00:00:00+09:00,207500.0,208000.0,199550.0,204000.0,155125.0
2025-11-27 00:00:00+09:00,204500.0,205500.0,200000.0,201500.0,73071.0
2025-11-28 00:00:00+09:00,204000.0,204000.0,194000.0,196500.0,217091.0
2025-12-01 00:00:00+09:00,199100.0,199900.0,186100.0,188300.0,265176.0
2025-12-02 00:00:00+09:00,188800.0,190500.0,184000.0,190400.0,220891.0
2025-12-03 00:00:00+09:00,191200.0,204000.0,189400.0,200500.0,274467.0
2025-12-04 00:00:00+09:00,206500.0,209000.0,201000.0,207500.0,215266.0
2025-12-05 00:00:00+09:00,206000.0,209500.0,203500.0,208500.0,140708.0
2025-12-08 00:00:00+09:00,206000.0,210000.0,204500.0,207500.0,114888.0
2025-12-09 00:00:00+09:00,209500.0,214500.0,206000.0,214500.0,160673.0
2025-12-10 00:00:00+09:00,213000.0,213000.0,206500.0,207000.0,115168.0
2025-12-11 00:00:00+09:00,209000.0,210500.0,203000.0,203000.0,155426.0
2025-12-12 00:00:00+09:00,202000.0,211000.0,202000.0,209500.0,186367.0
2025-12-15 00:00:00+09:00,205500.0,208500.0,203000.0,203500.0,104937.0
2025-12-16 00:00:00+09:00,203000.0,205000.0,199700.0,200500.0,124658.0
2025-12-17 00:00:00+09:00,202500.0,202500.0,198200.0,200500.0,136606.0
2025-12-18 00:00:00+09:00,198500.0,198500.0,190000.0,191100.0,164073.0
2025-12-19 00:00:00+09:00,191200.0,198800.0,189400.0,198800.0,380303.0
2025-12-22 00:00:00+09:00,198900.0,199500.0,192500.0,195200.0,167054.0
2025-12-23 00:00:00+09:00,195700.0,195900.0,192700.0,193300.0,154212.0
2025-12-24 00:00:00+09:00,196100.0,196200.0,191100.0,192800.0,131149.0
2025-12-26 00:00:00+09:00,192600.0,193000.0,186200.0,188500.0,162775.0
2025-12-29 00:00:00+09:00,185000.0,189000.0,184300.0,189000.0,167310.0
2025-12-30 00:00:00+09:00,187500.0,188500.0,185700.0,188500.0,126671.0
2026-01-02 00:00:00+09:00,188600.0,188700.0,182100.0,184200.0,147347.0
2026-01-05 00:00:00+09:00,182000.0,191000.0,181000.0,191000.0,188888.0
2026-01-06 00:00:00+09:00,188200.0,196700.0,188200.0,195400.0,156396.0
2026-01-07 00:00:00+09:00,192900.0,196300.0,192400.0,193600.0,114094.0
2026-01-08 00:00:00+09:00,193000.0,199200.0,193000.0,196500.0,161179.0
2026-01-09 00:00:00+09:00,199300.0,206000.0,197100.0,205000.0,200441.0
2026-01-12 00:00:00+09:00,210000.0,233500.0,204000.0,228000.0,426434.0
2026-01-13 00:00:00+09:00,227000.0,230500.0,217000.0,229500.0,279975.0
2026-01-14 00:00:00+09:00,229500.0,245500.0,223000.0,238500.0,390000.0
2026-01-15 00:00:00+09:00,242000.0,250000.0,233000.0,235000.0,310649.0
2026-01-16 00:00:00+09:00,239500.0,240000.0,230000.0,236000.0,189523.0
2026-01-19 00:00:00+09:00,233500.0,248500.0,231000.0,245500.0,250107.0
2026-01-20 00:00:00+09:00,254000.0,267500.0,247000.0,259500.0,483281.0
2026-01-21 00:00:00+09:00,264000.0,269000.0,246500.0,254500.0,322853.0
2026-01-22 00:00:00+09:00,252000.0,255000.0,241500.0,243000.0,307689.0
2026-01-23 00:00:00+09:00,243000.0,253500.0,242500.0,249500.0,176298.0
2026-01-26 00:00:00+09:00,246500.0,252000.0,241000.0,243000.0,158990.0
2026-01-27 00:00:00+09:00,241500.0,241500.0,235500.0,237500.0,137091.0
2026-01-28 00:00:00+09:00,235500.0,241000.0,232500.0,237500.0,177109.0
2026-01-29 00:00:00+09:00,235500.0,239000.0,232000.0,236500.0,185354.0
2026-01-30 00:00:00+09:00,234500.0,240500.0,231500.0,234000.0,188896.0
2026-02-02 00:00:00+09:00,232500.0,238000.0,221000.0,223000.0,154238.0
2026-02-03 00:00:00+09:00,227000.0,234500.0,223500.0,233500.0,189833.0
2026-02-04 00:00:00+09:00,236500.0,240000.0,233000.0,238500.0,135608.0
2026-02-05 00:00:00+09:00,239000.0,245500.0,236000.0,241500.0,263489.0
2026-02-06 00:00:00+09:00,234500.0,239000.0,224500.0,238500.0,154424.0
2026-02-09 00:00:00+09:00,245000.0,246500.0,241000.0,245000.0,162501.0
2026-02-10 00:00:00+09:00,248500.0,252000.0,242500.0,245000.0,173765.0
2026-02-11 00:00:00+09:00,244000.0,251000.0,242000.0,250000.0,194814.0
2026-02-12 00:00:00+09:00,254500.0,275000.0,254000.0,261000.0,422596.0
2026-02-13 00:00:00+09:00,257000.0,264500.0,255000.0,256000.0,218703.0
2026-02-19 00:00:00+09:00,265000.0,272500.0,260000.0,270500.0,220884.0
2026-02-20 00:00:00+09:00,274500.0,292000.0,273500.0,292000.0,242613.0
2026-02-23 00:00:00+09:00,294000.0,294000.0,283000.0,293000.0,300247.0
2026-02-24 00:00:00+09:00,287500.0,302000.0,286000.0,295500.0,274733.0
2026-02-25 00:00:00+09:00,297500.0,300500.0,288000.0,298000.0,214720.0
2026-02-26 00:00:00+09:00,295500.0,299500.0,287000.0,295500.0,219995.0
2026-02-27 00:00:00+09:00,291500.0,297500.0,287500.0,292500.0,285668.0
2026-03-03 00:00:00+09:00,295000.0,317000.0,290000.0,291000.0,339221.0
2026-03-04 00:00:00+09:00,280000.0,287000.0,255000.0,261500.0,506567.0
2026-03-05 00:00:00+09:00,287500.0,287500.0,262500.0,275000.0,290630.0
2026-03-06 00:00:00+09:00,268000.0,279000.0,263500.0,279000.0,169735.0
2026-03-09 00:00:00+09:00,261500.0,273500.0,257000.0,263000.0,168670.0
2026-03-10 00:00:00+09:00,270500.0,285000.0,265500.0,269000.0,177434.0
2026-03-11 00:00:00+09:00,283000.0,291000.0,275500.0,278000.0,159661.0
2026-03-12 00:00:00+09:00,279000.0,290000.0,273500.0,276500.0,125798.0
2026-03-13 00:00:00+09:00,270000.0,274000.0,261500.0,262500.0,137934.0
2026-03-16 00:00:00+09:00,260500.0,270000.0,256000.0,263000.0,129224.0
2026-03-17 00:00:00+09:00,265000.0,271500.0,261000.0,268500.0,112960.0
2026-03-18 00:00:00+09:00,274000.0,281500.0,271000.0,275500.0,141328.0
2026-03-19 00:00:00+09:00,268500.0,270500.0,260000.0,261000.0,136346.0
2026-03-20 00:00:00+09:00,264000.0,269500.0,261500.0,265500.0,212777.0
2026-03-23 00:00:00+09:00,252000.0,256000.0,238500.0,240500.0,187480.0
2026-03-24 00:00:00+09:00,254000.0,256500.0,246000.0,255000.0,138232.0
2026-03-25 00:00:00+09:00,262000.0,267500.0,260000.0,265000.0,127363.0
2026-03-26 00:00:00+09:00,266500.0,274500.0,263500.0,266500.0,118149.0
2026-03-27 00:00:00+09:00,256500.0,257500.0,247000.0,257500.0,118999.0
2026-03-30 00:00:00+09:00,236000.0,247500.0,236000.0,246000.0,113462.0
2026-03-31 00:00:00+09:00,236500.0,248000.0,233500.0,239000.0,164015.0
2026-04-01 00:00:00+09:00,255500.0,257000.0,242500.0,247000.0,157046.0
2026-04-02 00:00:00+09:00,251500.0,258500.0,236500.0,242000.0,173486.0
2026-04-03 00:00:00+09:00,247000.0,252500.0,239500.0,245000.0,101111.0
2026-04-06 00:00:00+09:00,243500.0,251500.0,242000.0,243000.0,79691.0
2026-04-07 00:00:00+09:00,243000.0,246500.0,235000.0,236500.0,114291.0
2026-04-08 00:00:00+09:00,252500.0,259500.0,247500.0,251000.0,150429.0
2026-04-09 00:00:00+09:00,250000.0,254500.0,247500.0,254500.0,139566.0
2026-04-10 00:00:00+09:00,258000.0,261500.0,250500.0,252000.0,84217.0
2026-04-13 00:00:00+09:00,246500.0,247500.0,241500.0,244000.0,115938.0
2026-04-14 00:00:00+09:00,246000.0,252500.0,246000.0,250000.0,137118.0
2026-04-15 00:00:00+09:00,254000.0,259500.0,252000.0,255000.0,141640.0
2026-04-16 00:00:00+09:00,259500.0,268000.0,255000.0,259000.0,225709.0
2026-04-17 00:00:00+09:00,261000.0,262000.0,253000.0,259500.0,98450.0
2026-04-20 00:00:00+09:00,265000.0,265000.0,255000.0,255000.0,125012.0
2026-04-21 00:00:00+09:00,256500.0,258500.0,249000.0,257000.0,164721.0
2026-04-22 00:00:00+09:00,254500.0,265500.0,249500.0,264500.0,189818.0
2026-04-23 00:00:00+09:00,273500.0,281500.0,268500.0,280000.0,216935.0
2026-04-24 00:00:00+09:00,284000.0,293500.0,280500.0,288000.0,138822.0
2026-04-27 00:00:00+09:00,294500.0,298000.0,281500.0,284500.0,133041.0
2026-04-28 00:00:00+09:00,282000.0,289500.0,276000.0,280500.0,160450.0
2026-04-29 00:00:00+09:00,276500.0,304000.0,269000.0,301000.0,344524.0
2026-04-30 00:00:00+09:00,304500.0,326000.0,303000.0,310500.0,302406.0
2026-05-04 00:00:00+09:00,321000.0,333000.0,297000.0,302500.0,254623.0
2026-05-06 00:00:00+09:00,299500.0,300500.0,285500.0,285500.0,296402.0
2026-05-07 00:00:00+09:00,291500.0,295500.0,283000.0,290000.0,173611.0
2026-05-08 00:00:00+09:00,295500.0,295500.0,280500.0,289000.0,205588.0
2026-05-11 00:00:00+09:00,292000.0,313500.0,289000.0,293500.0,244071.0
2026-05-12 00:00:00+09:00,297500.0,297500.0,280500.0,287000.0,255201.0
2026-05-13 00:00:00+09:00,295000.0,305500.0,282000.0,298500.0,330349.0
2026-05-14 00:00:00+09:00,305000.0,306500.0,273500.0,279000.0,325174.0
2026-05-15 00:00:00+09:00,282500.0,295000.0,265000.0,269500.0,224943.0
2026-05-18 00:00:00+09:00,270500.0,272500.0,258000.0,269000.0,150978.0
2026-05-19 00:00:00+09:00,268000.0,273000.0,255000.0,265000.0,233504.0
2026-05-20 00:00:00+09:00,263000.0,269000.0,251500.0,259000.0,187293.0
2026-05-21 00:00:00+09:00,270000.0,278000.0,266500.0,277500.0,165060.0
2026-05-22 00:00:00+09:00,282500.0,284000.0,274500.0,282000.0,140319.0
2026-05-26 00:00:00+09:00,288000.0,295000.0,285000.0,289500.0,165135.0
2026-05-27 00:00:00+09:00,285500.0,302000.0,282000.0,285500.0,229641.0
2026-05-28 00:00:00+09:00,286500.0,288000.0,267000.0,275500.0,208284.0
2026-05-29 00:00:00+09:00,281000.0,282000.0,266500.0,277500.0,358725.0
2026-06-01 00:00:00+09:00,272000.0,292000.0,267000.0,281000.0,190536.0
2026-06-02 00:00:00+09:00,275000.0,278500.0,258000.0,276500.0,215747.0
2026-06-04 00:00:00+09:00,276000.0,287000.0,270000.0,280000.0,218001.0
2026-06-05 00:00:00+09:00,278000.0,279000.0,262000.0,271500.0,143210.0
2026-06-08 00:00:00+09:00,251000.0,257000.0,243000.0,248000.0,150604.0
2026-06-09 00:00:00+09:00,250000.0,257500.0,237000.0,241000.0,182603.0
2026-06-10 00:00:00+09:00,238500.0,246000.0,235000.0,242500.0,142573.0
2026-06-11 00:00:00+09:00,241500.0,248000.0,231500.0,245500.0,238719.0
2026-06-12 00:00:00+09:00,252500.0,255000.0,243000.0,244000.0,191541.0
2026-06-15 00:00:00+09:00,255500.0,270000.0,255000.0,268000.0,154322.0
2026-06-16 00:00:00+09:00,268500.0,282500.0,268500.0,272000.0,139735.0
2026-06-17 00:00:00+09:00,272500.0,279000.0,262000.0,262500.0,142344.0
2026-06-18 00:00:00+09:00,258500.0,260500.0,237000.0,238500.0,264920.0
2026-06-19 00:00:00+09:00,240500.0,242000.0,228000.0,230500.0,405986.0
2026-06-22 00:00:00+09:00,231000.0,233000.0,222500.0,224000.0,160433.0
2026-06-23 00:00:00+09:00,224500.0,226000.0,210000.0,211000.0,207024.0
2026-06-24 00:00:00+09:00,209000.0,214000.0,204500.0,208500.0,216976.0
2026-06-25 00:00:00+09:00,212500.0,217500.0,202000.0,202500.0,186552.0
2026-06-26 00:00:00+09:00,199900.0,202000.0,184500.0,192700.0,217057.0
2026-06-29 00:00:00+09:00,195200.0,204000.0,191400.0,203000.0,217324.0
2026-06-30 00:00:00+09:00,205000.0,205500.0,196300.0,199500.0,318200.0
2026-07-01 00:00:00+09:00,205500.0,210000.0,198800.0,210000.0,166890.0
2026-07-02 00:00:00+09:00,209000.0,217500.0,195300.0,207500.0,172677.0
2026-07-03 00:00:00+09:00,209500.0,210000.0,199000.0,206500.0,109960.0
2026-07-06 00:00:00+09:00,207000.0,215500.0,203000.0,209000.0,84051.0
2026-07-07 00:00:00+09:00,204000.0,212000.0,197850.0,210500.0,172808.0
2026-07-08 00:00:00+09:00,210500.0,214500.0,189500.0,193700.0,177864.0
2026-07-09 00:00:00+09:00,197500.0,200500.0,185000.0,189400.0,200513.0
2026-07-10 00:00:00+09:00,198500.0,206500.0,191700.0,199500.0,117035.0
2026-07-13 00:00:00+09:00,204500.0,209000.0,195000.0,198000.0,126643.0
2026-07-14 00:00:00+09:00,200500.0,202000.0,186000.0,190100.0,162511.0
2026-07-15 00:00:00+09:00,195900.0,206000.0,195900.0,200500.0,198067.0
2026-07-16 00:00:00+09:00,201000.0,209500.0,195500.0,204500.0,119194.0
2026-07-20 00:00:00+09:00,206500.0,208500.0,193000.0,197600.0,138658.0
2026-07-21 00:00:00+09:00,197700.0,202000.0,191600.0,198000.0,155840.0
2026-07-22 00:00:00+09:00,200500.0,221000.0,200500.0,212000.0,175709.0
2026-07-23 00:00:00+09:00,212000.0,233000.0,212000.0,231500.0,202434.0
2026-07-24 00:00:00+09:00,225000.0,231500.0,221000.0,222500.0,207530.0
2026-07-27 00:00:00+09:00,222500.0,227500.0,206000.0,210500.0,122439.0
2026-07-28 00:00:00+09:00,203000.0,207500.0,193100.0,194600.0,165010.0
2026-07-29 00:00:00+09:00,197100.0,204000.0,178000.0,187700.0,233039.0
2026-07-30 00:00:00+09:00,189600.0,215500.0,189600.0,193900.0,261592.0
2026-07-31 00:00:00+09:00,201500.0,204500.0,190900.0,199600.0,201677.0
2026-08-03 00:00:00+09:00,202500.0,204000.0,194100.0,198600.0,134752.0
2026-08-04 00:00:00+09:00,196400.0,210500.0,195600.0,208500.0,159803.0
2026-08-05 00:00:00+09:00,212000.0,220500.0,209500.0,219000.0,137389.0
2026-08-06 00:00:00+09:00,217500.0,227000.0,214500.0,219000.0,97510.0
2026-08-07 00:00:00+09:00,216000.0,226000.0,214000.0,225000.0,122859.0
2026-08-10 00:00:00+09:00,227000.0,229500.0,220500.0,226000.0,93671.0
2026-08-11 00:00:00+09:00,226500.0,233500.0,224000.0,224500.0,107635.0
2026-08-12 00:00:00+09:00,224000.0,232500.0,220000.0,230500.0,132902.0
2026-08-13 00:00:00+09:00,231500.0,234500.0,225000.0,229000.0,202449.0
2026-08-14 00:00:00+09:00,234000.0,239500.0,232500.0,235500.0,132163.0
2026-08-18 00:00:00+09:00,233000.0,241000.0,229000.0,234500.0,142799.0
2026-08-19 00:00:00+09:00,226500.0,232750.0,218000.0,228000.0,86472.0
2026-08-20 00:00:00+09:00,226000.0,228000.0,220500.0,221500.0,129422.0
2026-08-21 00:00:00+09:00,219500.0,223000.0,212000.0,213000.0,132702.0
2026-08-24 00:00:00+09:00,213000.0,219000.0,208500.0,212000.0,131739.0
2026-08-25 00:00:00+09:00,210000.0,217500.0,204000.0,215500.0,90694.0
2026-08-26 00:00:00+09:00,217500.0,218000.0,204000.0,217000.0,150476.0
2026-08-27 00:00:00+09:00,220500.0,223500.0,213000.0,216000.0,79236.0
2026-08-28 00:00:00+09:00,214000.0,223000.0,213500.0,218000.0,87891.0
